<?xml version="1.0" encoding="UTF-8"?>
<COLLADA xmlns="http://www.collada.org/2005/11/COLLADASchema" version="1.4.1">
    <asset>
        <contributor>
            <author>VCGLab</author>
            <authoring_tool>VCGLib | MeshLab</authoring_tool>
        </contributor>
        <created>Do. Aug. 4 07:59:23 2022 GMT</created>
        <modified>Do. Aug. 4 07:59:23 2022 GMT</modified>
        <up_axis>Y_UP</up_axis>
    </asset>
    <library_geometries>
        <geometry id="shape0-lib" name="shape0">
            <mesh>
                <source id="shape0-lib-positions" name="position">
                    <float_array id="shape0-lib-positions-array" count="3036">0.390381 -0.0200385 0.0346872 0.439865 -0.0200223 -0.0226268 0.447717 -0.0244211 -0.00471144 0.370696 -0.0245086 -0.0347789 0.3707 -0.0199993 0.035009 0.445301 -0.0136216 9.40468e-05 0.437386 -0.0206978 0.00729321 0.436958 -0.0235182 -0.0138394 0.432585 -0.0200455 -0.00925129 0.442088 -0.0200115 0.0175657 0.435132 -0.0235146 0.0217218 0.389354 -0.0245017 0.00499005 0.395895 -0.0244087 -0.0152545 0.395515 -0.0244822 -0.0219502 0.399636 -0.0244981 0.0173638 0.424965 -0.0244645 -0.0217218 0.429774 -0.0244766 -0.0104294 0.423984 -0.0245122 0.0167448 0.370794 -0.024493 0.0345718 0.39255 -0.0205633 0.0104375 0.43302 -0.0206564 0.00314001 0.398083 -0.0210166 0.0190602 0.370737 -0.0244826 -0.025649 0.37516 -0.0244955 -0.0112208 0.370825 -0.0200085 -0.0184068 0.377057 -0.0245123 0.0128684 0.37847 -0.0217278 0.0211117 0.428621 -0.0201005 -0.0210267 0.429071 -0.0202018 0.0207749 0.413732 -0.0205109 -0.0175212 0.41142 -0.0199988 0.0169539 0.380286 -0.0200192 0.00580334 0.378867 -0.0207732 -0.0226516 0.411669 -0.0234841 0.0326144 0.409214 -0.0210608 0.0236291 0.404661 -0.0226592 -0.0317636 0.39649 -0.0220208 -0.0265968 0.387185 -0.0212589 0.0284836 0.391579 -0.0200354 -0.0194731 0.390822 -0.0229524 -0.0260469 0.419099 -0.0227041 0.0220559 0.388579 -0.0200852 -0.0116334 0.42638 -0.0222657 -0.0295184 0.40813 -0.023167 -0.0324277 0.411769 -0.0234999 -0.0204235 0.405294 -0.0232044 0.0299443 0.39301 -0.0226268 0.0296183 0.348249 -0.00843443 -0.0352095 0.344153 0.0040116 -0.0365661 0.3442 -0.0163812 -0.0326176 0.344077 0.00050917 0.0368734 0.344204 0.0200299 0.030517 0.347214 0.012607 0.034029 0.3447 0.0341276 0.0165992 0.3442 0.0349666 0.0104683 0.3442 0.0364383 0.00212229 0.34238 0.0295492 0.0225161 0.3447 0.0297627 -0.0235458 0.3442 0.0234618 -0.0279606 0.3442 0.0163812 -0.0326176 0.344034 -0.0369245 0.00208416 0.344441 0.0349382 -0.0116249 0.344197 -0.0289996 0.0225312 0.3442 -0.0200571 0.0304953 0.3447 -0.0165992 0.0341276 0.3442 -0.0124837 0.0342988 0.344297 -0.000165953 0.0378761 0.342582 0.0337067 -0.0169131 0.364162 -0.00814442 0.0370328 0.344239 -0.0297661 0.0234663 0.3447 -0.034256 0.0163326 0.340648 -0.0320381 -0.019405 0.341095 -0.0230461 -0.0293339 0.344356 -0.0163083 -0.0341844 0.34436 0.00476472 -0.0378553 0.344215 0.0167849 -0.0339901 0.364143 0.0211923 -0.0315733 0.344216 0.0379067 0.000374945 0.364172 0.0376987 0.00514379 0.3447 0.00830046 0.0370314 0.3542 -0.0236303 0.0296314 0.365567 -0.0297962 0.0235141 0.365259 -0.0362522 0.0115222 0.344354 -0.00829264 -0.0369563 0.344362 0.0369563 -0.00829273 0.365454 0.031908 0.0208692 0.364204 -0.0156904 0.034642 0.365423 -0.0361945 -0.0121392 0.365378 -0.0285093 -0.0250061 0.364192 -0.0176022 -0.0343057 0.365511 0.0303365 -0.0228032 0.365557 0.0402075 0.00657727 0.36421 -0.00123169 -0.0380971 0.364192 0.0124526 0.0361562 0.364204 -0.0254791 -0.0244358 0.364202 -0.0234519 0.0262209 0.364128 -0.000715562 0.0352893 0.3642 0.0254581 0.0240185 0.364003 0.0329124 0.0129148 0.364214 0.0269432 -0.0228143 0.364212 0.00332613 -0.0349231 0.35736 0.0356383 -0.000788579 0.357375 -0.0353833 0.00291977 0.363956 -0.033977 -0.0100168 0.364019 -0.0327845 0.0128942 0.36418 -0.0243425 0.011122 0.364103 -0.0168703 0.0069749 0.357233 -0.0293567 -0.0105537 0.36418 0.0329497 -0.0110016 0.357401 0.0276622 0.0108627 0.357342 0.0257557 -0.0109468 0.357183 0.0141339 -0.000990753 0.364176 0.0192934 0.00959505 0.364175 0.0148517 -0.0318662 0.364111 0.0176024 -0.00773015 0.364198 0.0149711 0.0321147 0.364087 -0.0292218 0.00988547 0.364145 -0.0148484 0.0319632 0.364219 -0.0149989 -0.00542139 0.364157 -0.0149216 -0.031944 0.370257 0.00822755 -0.0324915 0.370213 -0.0142268 -0.0332314 0.374191 0.0150201 -0.0257202 0.370148 0.0150742 -0.035011 0.368259 0.0150834 0.0351676 0.37027 -0.0137557 0.0337508 0.364187 -0.0242628 -0.0113073 0.364043 -0.0138942 -0.00146714 0.365859 -0.0276908 0.00991483 0.365701 -0.0339937 0.00469053 0.36556 -0.0378242 0.000565845 0.370608 -0.0242781 0.00771064 0.366077 -0.0263519 -0.0104696 0.367732 -0.0250183 0.0345488 0.367652 -0.00097554 -0.0409587 0.370785 -0.0199908 -0.0116336 0.370838 -0.0200166 -0.0349105 0.367703 -0.000559847 0.0408654 0.366469 0.0254002 0.0283502 0.365539 0.0338316 -0.00524914 0.365926 0.0263871 -0.0327616 0.365701 0.0339994 0.00468315 0.36698 0.0257303 -0.0101353 0.3642 0.0148136 -0.00403657 0.366118 0.0264061 0.0104075 0.370704 0.0244303 -0.0348542 0.3642 0.0245309 -0.00974594 0.379689 -0.0200001 -0.0349808 0.379692 -0.015 -0.0349539 0.379675 -0.0199959 0.033119 0.379648 0.0150482 0.0347895 0.379689 0.0199997 0.034975 0.37968 0.0150045 -0.0280001 0.375148 0.0176538 0.0250597 0.374958 0.0149972 -0.0113726 0.375452 0.0198326 -0.0107816 0.375002 0.0150026 0.0168222 0.379666 0.0199971 -0.0340683 0.370764 0.0200171 0.0349428 0.370699 0.0199928 -0.00985983 0.364442 0.0149072 -0.0019406 0.379684 -0.0149998 0.0349754 0.374798 -0.0149995 -0.0102559 0.372808 -0.0150154 0.0108693 0.375107 -0.0165441 -0.0240203 0.374724 -0.0150616 0.0246148 0.375196 -0.0158381 0.000179284 0.441205 0.0229996 -0.0227931 0.422074 0.0200611 -0.034397 0.408114 -0.0198639 -0.0349699 0.420132 0.00422818 -0.0342934 0.428463 0.0184636 -0.0311487 0.435067 -0.0183463 -0.0269676 0.438425 0.0183359 -0.0241187 0.445133 0.0190308 -0.0131281 0.42858 -0.0229636 -0.0328611 0.441563 -0.0244509 0.0223553 0.43114 0.0183994 0.0301179 0.439852 -0.0183328 0.0221944 0.443573 -0.0178145 0.0168822 0.417142 0.0244375 0.0348945 0.42345 0.020008 -0.0297264 0.392744 0.0186306 -0.0312061 0.41012 0.0198283 -0.0349643 0.446073 0.0197219 0.0111031 0.415655 0.0187871 0.0305681 0.41629 0.0177002 0.0349276 0.427904 -0.0185863 -0.0315653 0.442714 -0.0183277 -0.0180681 0.421267 -0.0200064 -0.0342104 0.447469 -0.0188524 0.00445974 0.428782 -0.0183072 0.0313437 0.415584 -0.0183304 0.0349475 0.426153 -0.0193793 0.0294567 0.393779 -0.0185861 0.0305724 0.372856 -0.018207 0.0349339 0.396151 -0.0200077 0.0350514 0.389426 0.0188767 0.0349296 0.392757 -0.0187225 -0.0314098 0.448285 -0.0226076 0.00812232 0.445585 -0.0226076 0.0158371 0.42119 -0.0244528 0.0354901 0.368116 -0.0237539 -0.0350261 0.4127 -0.0225 0.0365 0.367943 -0.0222973 0.036501 0.36809 -0.0237481 0.0350273 0.368058 0.0222684 0.0365006 0.428537 -0.0225 0.0328854 0.435457 -0.0225 0.0285369 0.449249 -0.0226209 -0.00337584 0.445594 -0.0244035 -0.0158012 0.441237 -0.0225659 -0.0227571 0.435457 -0.0225 -0.0285369 0.421711 -0.0244171 -0.0352971 0.4127 -0.0225 -0.0365 0.367926 -0.0222472 -0.0365016 0.367941 0.0237469 -0.0350264 0.36808 0.022309 -0.0365004 0.4127 0.0225 -0.0365 0.412726 0.0225349 0.0364998 0.449154 0.0243785 -0.000658573 0.420821 0.0231179 -0.0355842 0.445414 0.024434 -0.0161462 0.420822 0.0225 0.0355849 0.428538 0.0226145 0.0328849 0.435457 0.0225 0.0285369 0.441237 0.0225 0.0227574 0.448285 0.0225 0.00812201 0.435457 0.0225 -0.0285369 0.428537 0.0225 -0.0328854 0.371461 -0.0014634 -0.0349706 0.368049 0.0213647 0.0349928 0.370493 0.0114262 0.0324957 0.428372 -0.0200048 0.0314503 0.429505 0.0201182 0.0314285 0.446984 -0.019313 -0.0075857 0.0321184 -0.0190207 0.0349318 -0.00139938 -0.019006 0.0349142 0.0359657 -0.016 0.0349545 0.0359852 -0.016 -0.0349508 -0.0166189 -0.0190259 0.0288449 -0.0261065 -0.019257 0.0219563 -0.0320167 -0.0244187 0.00614684 -0.0278134 -0.0190112 -0.0190479 -0.0125633 -0.0244793 -0.0329971 0.0449518 -0.0245016 0.00612292 0.0449797 -0.0200188 -0.03442 -0.0254808 -0.0244236 -0.0227697 0.027785 -0.0159971 -0.0320947 0.0134982 -0.0235009 -0.0189141 0.0143899 -0.0155648 -0.0166902 0.0236986 -0.0230257 -0.0314887 0.00892021 -0.020323 -0.0316627 0.0087574 -0.0231919 -0.0260415 0.0224115 -0.0232274 0.0297026 0.0119337 -0.019 0.0313546 0.00824029 -0.0232871 0.0253974 -0.0127299 -0.0196144 -0.0214199 0.0147554 -0.016105 0.0170208 -0.0162203 -0.0151682 -0.0105936 -0.0183237 -0.011223 0.00559655 -0.00549172 -0.0140292 -0.0187604 -0.0199363 -0.0238777 0.00235834 0.000941325 -0.0198796 -0.019307 0.000390726 -0.0198174 0.0202328 -0.000858331 -0.0135424 0.0207705 0.0196345 -0.0239538 -0.0110507 -0.0124224 -0.0244656 0.0202274 0.00363207 -0.024502 -0.0223928 -0.0165882 -0.0244793 -0.0147663 0.0171794 -0.0244978 0.0147109 -0.0262077 -0.0229277 -0.00212094 -0.0249159 -0.0223674 -0.0169044 -0.00140428 -0.0235059 -0.0227559 -0.00838977 -0.0227986 -0.0302921 0.000557541 -0.0228085 0.032673 -0.0168852 -0.0222068 0.0204326 -0.024436 -0.0229385 0.0175842 0.0448079 -0.0200111 0.0123292 0.040476 -0.0228693 -0.000260511 0.0360218 -0.020008 0.0341673 0.0399854 -0.0245056 0.022631 0.044757 -0.0240948 -0.0167764 0.0390197 -0.0244987 -0.028718 0.031496 -0.0160031 -0.00239011 0.0332565 -0.0159985 -0.0285629 0.0311069 -0.0160127 -0.0124039 0.0274656 -0.0160053 0.00218152 0.0333243 -0.016 0.0190533 0.02319 -0.0174757 0.0136234 0.0336931 -0.022187 0.00311586 0.0191035 -0.0165165 0.00562705 0.0329837 -0.0160729 0.0287711 0.0282184 -0.0160487 0.0324816 0.021515 -0.023503 0.00717505 0.0334387 -0.0234998 0.0274063 0.0176043 -0.0235024 0.0192141 0.0195091 -0.0234998 -0.0215644 0.0329315 -0.0234999 -0.0283453 0.033395 -0.0235 -0.0191384 0.0167822 -0.0162468 -0.0108709 0.0271483 -0.0234098 -0.0106674 0.0328046 -0.0226979 -0.00250582 0.423475 -0.029 0.00596003 0.412178 -0.0260357 0.0120231 0.422752 -0.029003 -0.00521788 0.423151 -0.0249984 0.00518088 0.423417 -0.0249999 -0.00628377 0.412266 -0.0274249 -0.0121328 0.401874 -0.0265925 -0.00606068 0.402278 -0.0277784 0.00600532 0.411163 0.0276635 0.00507288 0.409553 -0.0278324 0.00411838 0.407629 0.0299607 0.00120014 0.408357 0.0289292 -0.00292383 0.409787 -0.0285132 -0.00460915 0.416238 -0.0264384 -0.0039263 0.417438 0.028849 -0.00197712 0.417833 -0.0281463 0.000913806 0.415774 -0.0276934 0.00423748 0.415651 0.0299285 0.00426538 0.412708 0.0299828 -0.00538105 0.414402 -0.0284782 0.00821436 0.40754 -0.0284413 0.000800756 0.404383 -0.0246467 0.00466817 0.404153 -0.020698 -0.00528155 0.41136 -0.0154526 0.00991213 0.412697 0.0299684 -0.0224271 0.421208 0.025596 0.0219609 0.433647 0.0299765 0.00543497 0.427499 0.0298366 -0.00934387 0.405758 0.0300083 0.0216813 0.395886 0.0249202 -0.0131726 0.406461 0.0249064 0.0135581 0.435469 0.0250665 0.00216496 0.426239 0.0251111 -0.0184745 0.394454 0.0299463 -0.0133044 0.391661 0.0282027 0.00702047 0.399148 0.0248883 0.000876931 0.409018 0.0248763 -0.0151404 0.425479 0.0242321 0.00454128 0.424355 0.0134699 -0.00660645 0.419898 0.024823 -0.0114555 0.400364 0.0146309 -0.00403024 0.411618 0.0137728 0.011684 0.419577 0.0144892 0.0109594 0.408613 0.0141435 -0.0124045 0.403943 0.0129445 0.00499244 0.421201 0.0128704 0.00472437 0.412367 0.0128197 -0.00975502 0.403542 0.0128301 -0.00422611 0.421707 -0.0220213 -0.00385549 0.420832 0.0120042 -0.00609382 0.414956 0.0128755 0.00971194 0.410737 0.0110679 0.0064397 0.415462 -0.0114879 0.00781352 0.420993 -0.0189281 0.00489817 0.412724 -0.0246654 -0.00954666 0.3635 -0.033611 0.00508439 0.0515 -0.033611 0.00508439 0.0515 -0.0349345 0.00114243 0.3635 -0.0349345 0.00114243 0.0515 -0.0345403 -0.00299708 0.3635 -0.0345403 -0.00299708 0.0515 -0.0324965 -0.00661836 0.3635 -0.0324965 -0.00661836 0.0515 -0.0291565 -0.00909527 0.3635 -0.0291565 -0.00909527 0.0515 -0.0250977 -0.00999952 0.3635 -0.0250977 -0.00999952 0.0515 -0.0210221 -0.00917477 0.3635 -0.0210221 -0.00917477 0.0515 -0.0176343 -0.00676361 0.0515 -0.0157265 -0.00387722 0.3635 -0.0169869 -0.00610618 0.3635 -0.0155201 -0.00318297 0.0515 -0.015045 0.000948045 0.3635 -0.015045 0.000948045 0.0515 -0.0162913 0.00491513 0.3635 -0.0162913 0.00491513 0.0515 -0.0190434 0.00803234 0.3635 -0.0190434 0.00803234 0.0515 -0.0228254 0.00976069 0.3635 -0.0228254 0.00976069 0.0515 -0.0269834 0.00980133 0.3635 -0.0269834 0.00980133 0.0515 -0.0307985 0.00814723 0.3635 -0.0307985 0.00814723 0.0515 -0.0161902 -0.00368336 0.0515 -0.0180026 -0.00642543 0.0515 -0.021221 -0.00871603 0.0515 -0.0167267 0.00466937 0.0515 -0.0193412 0.00763072 0.0515 -0.0155428 0.000900643 0.0515 -0.0250928 -0.00949955 0.0515 -0.0289486 -0.00864051 0.0515 -0.0321217 -0.00628744 0.0515 -0.0229341 0.00927266 0.0515 -0.0268843 0.00931126 0.0515 -0.0340633 -0.00284723 0.0515 -0.0344378 0.0010853 0.0515 -0.0331804 0.00483018 0.0515 -0.0305086 0.00773986 0.3635 -0.0305086 0.00773986 0.3635 -0.0331804 0.00483018 0.3635 -0.0268843 0.00931126 0.3635 -0.0229341 0.00927266 0.3635 -0.0193412 0.00763072 0.3635 -0.0167267 0.00466937 0.3635 -0.0155428 0.000900643 0.3635 -0.0159941 -0.00302382 0.3635 -0.0173875 -0.00580088 0.3635 -0.021221 -0.00871603 0.3635 -0.0250928 -0.00949955 0.3635 -0.0289486 -0.00864051 0.3635 -0.0321217 -0.00628744 0.3635 -0.0340633 -0.00284723 0.3635 -0.0344378 0.0010853 0.400184 0.0198061 0.00577683 0.407955 0.0195673 0.0125916 0.421351 0.0196275 0.0103311 0.409049 0.0132156 0.0140717 0.408971 0.0134497 -0.0144504 0.426161 0.0133961 -0.0055637 0.399357 0.013322 -0.00461727 0.417351 0.0199032 -0.0142764 0.445069 0.0196796 0.000306275 0.426795 0.0200141 -0.0214788 0.427986 0.0144962 -0.0227872 0.40125 0.0199953 -0.0228263 0.42952 0.0197716 0.0135365 0.421279 0.0199984 0.0228255 0.397778 0.0145035 0.0227545 0.388231 0.0144342 -3.94222e-05 0.444993 0.0145568 -9.76867e-05 0.427888 0.014664 0.0222666 0.407236 0.0199973 0.0196684 0.416768 0.013 -0.019267 0.401307 0.0138641 -0.0150681 0.427131 0.0143736 -0.016546 0.430946 0.0143185 0.00619462 0.393538 0.0200047 0.00393672 0.400088 0.0140964 0.0143038 0.393364 0.0138674 -0.00208432 0.400961 0.0199991 -0.0151052 0.420767 0.0200056 -0.0178168 0.432174 0.0199954 0.00530844 0.411742 0.013 0.0191721 0.397274 0.0145456 -0.0220657 0.389297 0.02 0.0004564 0.396195 0.0198157 0.0215659 0.394824 0.0197585 -0.0184928 0.0515 0.02921 0.0273272 0.3642 0.02921 0.0273272 0.3642 0.0344016 0.020409 0.0515 0.0344016 0.020409 0.3642 0.0379847 0.0125365 0.0515 0.0379847 0.0125365 0.3642 0.0397916 0.00407782 0.0515 0.0397916 0.00407782 0.3642 0.0397379 -0.00457153 0.0515 0.0397379 -0.00457153 0.3642 0.0378261 -0.0130071 0.0515 0.0378261 -0.0130071 0.3642 0.0341456 -0.0208345 0.0515 0.0341456 -0.0208345 0.3642 0.0288685 -0.0276877 0.0515 0.0288685 -0.0276877 0.3642 0.0222415 -0.0332463 0.0515 0.0222415 -0.0332463 0.3642 0.0145746 -0.0372503 0.0515 0.0145746 -0.0372503 0.3642 0.00622612 -0.0395125 0.0515 0.00622612 -0.0395125 0.3642 -0.00241346 -0.0399271 0.0515 -0.00241346 -0.0399271 0.3642 -0.0109402 -0.0384748 0.0515 -0.0109402 -0.0384748 0.3642 -0.0189554 -0.0352235 0.0515 -0.0189554 -0.0352235 0.3642 -0.0260842 -0.0303251 0.0515 -0.0319934 -0.0240088 0.0515 -0.0272339 -0.0293742 0.3642 -0.031121 -0.0252192 0.3642 -0.0364066 -0.0165699 0.0515 -0.0364066 -0.0165699 0.3642 -0.0391175 -0.00835615 0.0515 -0.0391175 -0.00835615 0.3642 -0.0399992 0.000248312 0.0515 -0.0399992 0.000248312 0.3642 -0.0390107 0.00884116 0.0515 -0.0390107 0.00884116 0.3642 -0.0361981 0.0170206 0.0515 -0.0361981 0.0170206 0.3642 -0.0316928 0.0244042 0.0515 -0.0316928 0.0244042 0.3642 -0.0257057 0.0306467 0.0515 -0.0257057 0.0306467 0.3642 -0.0185166 0.0354561 0.0515 -0.0185166 0.0354561 0.3642 -0.0104617 0.0386077 0.0515 -0.0104617 0.0386077 0.3642 -0.00191757 0.039954 0.0515 -0.00191757 0.039954 0.3642 0.00671619 0.0394321 0.0515 0.00671619 0.0394321 0.3642 0.0150359 0.0370664 0.0515 0.0150359 0.0370664 0.3642 0.0226526 0.0329676 0.0515 0.0226526 0.0329676 0.3642 0.0137375 0.03543 0.3642 0.021277 0.0314848 0.3642 0.00550914 0.0375985 0.3642 -0.0362654 -0.0113498 0.3642 -0.0378818 -0.00299544 0.3642 -0.0328306 -0.0191351 0.3642 -0.0277495 -0.0259608 0.3642 -0.021277 -0.0314848 0.3642 0.0277495 0.0259608 0.3642 -0.00299544 0.0378818 0.3642 -0.0113498 0.0362654 0.3642 -0.03543 0.0137375 0.3642 -0.0314848 0.021277 0.3642 -0.0375985 0.00550914 0.3642 0.0113498 -0.0362654 0.3642 0.0191351 -0.0328306 0.3642 0.0314848 -0.021277 0.3642 0.03543 -0.0137375 0.3642 -0.0191351 0.0328306 0.3642 -0.0259608 0.0277495 0.3642 -0.0137375 -0.03543 0.3642 -0.00550914 -0.0375985 0.3642 0.00299544 -0.0378818 0.3642 0.0259608 -0.0277495 0.3642 0.0375985 -0.00550914 0.3642 0.0378818 0.00299544 0.3642 0.0362654 0.0113498 0.3642 0.0328306 0.0191351 0.0515 0.021277 0.0314848 0.0515 0.0277495 0.0259608 0.0515 0.0137375 0.03543 0.0515 0.00550914 0.0375985 0.0515 -0.00299544 0.0378818 0.0515 -0.0113498 0.0362654 0.0515 -0.0191351 0.0328306 0.0515 -0.0259608 0.0277495 0.0515 -0.0314848 0.021277 0.0515 -0.03543 0.0137375 0.0515 -0.0375985 0.00550914 0.0515 -0.0378818 -0.00299544 0.0515 -0.0362654 -0.0113498 0.0515 -0.0328306 -0.0191351 0.0515 -0.0277495 -0.0259608 0.0515 -0.021277 -0.0314848 0.0515 -0.0137375 -0.03543 0.0515 -0.00550914 -0.0375985 0.0515 0.00299544 -0.0378818 0.0515 0.0113498 -0.0362654 0.0515 0.0191351 -0.0328306 0.0515 0.0259608 -0.0277495 0.0515 0.0314848 -0.021277 0.0515 0.03543 -0.0137375 0.0515 0.0375985 -0.00550914 0.0515 0.0378818 0.00299544 0.0515 0.0362654 0.0113498 0.0515 0.0328306 0.0191351 0.438991 -0.0172615 -0.000483914 0.445414 -0.0144997 8.67962e-05 0.445311 -0.0198183 7.96332e-05 0.427262 -0.0196022 0.0218059 0.425731 -0.019996 -0.015621 0.428511 -0.0196198 -0.022793 0.416364 -0.0142689 -0.0225799 0.396519 -0.0198552 -0.0220278 0.397195 -0.0145509 -0.0226722 0.388429 -0.0182381 3.33115e-05 0.426762 -0.0143835 -0.0179091 0.431279 -0.014314 0.0048779 0.428217 -0.0143743 0.0150267 0.413061 -0.0140123 0.0206304 0.395443 -0.0139623 0.00975414 0.411549 -0.0189998 -0.0188786 0.400525 -0.0199993 -0.0143525 0.395576 -0.0159979 -0.00886615 0.417848 -0.02 0.0183499 0.431862 -0.0199976 0.00393674 0.396569 -0.0184591 0.0219536 0.398605 -0.0198813 0.0228193 0.398668 -0.0199966 0.0137451 0.0734347 0.00284869 0.0373904 0.0747812 -0.0291941 -0.0231519 0.0746053 0.0230461 -0.0293339 0.0715236 -0.00946185 0.0353267 0.0717933 0.0311445 -0.0191437 0.0716477 -0.0201524 -0.0305941 0.0714748 0.0264083 0.0260698 0.071346 -0.0337337 0.0146968 0.071698 0.0369206 0.00211805 0.0715 -0.0200571 0.0304953 0.0711097 0.0132728 -0.03426 0.0715 -1.59547e-09 -0.0365 0.0515705 0.00826535 0.0369634 0.0604058 0.0206795 0.0320571 0.0714566 0.0325486 -0.019824 0.0714579 -0.0120842 -0.0361438 0.0729907 -0.0374539 -0.000281127 0.0515483 -0.037662 0.0053126 0.0737586 -0.0291705 0.0231478 0.0713384 0.0368945 -0.00856322 0.0713457 0.00829263 -0.0369563 0.0565867 -0.00379891 -0.03796 0.0713421 -0.0237232 -0.0295253 0.0728806 -0.0365216 -0.0090415 0.0711825 -0.0202137 0.0323052 0.0515202 0.0320892 -0.0206057 0.0581853 0.0191706 -0.0328318 0.0514968 0.0137692 0.0357341 0.0481425 -0.000561457 0.0408156 0.0544035 -0.0087841 0.036863 0.0503942 -0.0325709 0.0199279 0.0545257 -0.0342158 -0.0162803 0.0515263 -0.0122983 -0.0365256 0.0481982 0.0009472 -0.0407987 0.0514884 0.0116072 -0.0333638 0.0515 0.0224976 -0.0268116 0.0514963 0.0280007 0.0211716 0.0515726 0.000715557 0.0352893 0.0513959 -0.0131009 0.0324654 0.0514948 -0.0274776 0.0219518 0.0514859 -0.0269432 -0.0228143 0.0671722 -0.00843173 -0.0351889 0.0515 -1.5299e-09 -0.035 0.0506675 -0.0351718 0.000193071 0.0516583 0.0335255 0.00994191 0.0514865 0.0296721 -0.0185524 0.0583081 0.0304981 0.0096753 0.0513675 0.0149755 -0.00487851 0.0516836 -0.0335417 -0.00963722 0.0525964 -0.0337002 0.00972353 0.0499636 -0.026882 0.0108636 0.0584966 -0.0142256 -0.00337095 0.0583578 -0.0257557 -0.0109468 0.0514938 -0.0150772 -0.00777152 0.0515071 -0.020504 0.0105588 0.0512633 -0.0149942 0.00483052 0.051481 -0.0150013 0.0320275 0.0515429 0.0150516 0.00616633 0.0515 0.0218107 -0.0105275 0.0515004 0.0149476 -0.0323086 0.051502 -0.0140955 -0.0321817 0.0455 -0.0114265 -0.0323572 0.0445326 0.0148119 -0.0320454 0.0455 0.015 -0.035 0.0515006 0.015027 0.0319916 0.0454999 -0.012134 0.0322984 0.0455 -0.015 0.035 0.0454787 0.0147678 0.0328076 0.0506313 0.0269795 -0.0106449 0.0502777 0.0352161 -0.00167509 0.0501725 0.0378506 0.0046468 0.0504761 0.0321791 0.0204269 0.0501833 0.0412239 -0.00481387 0.0514982 0.0243729 0.0104199 0.049841 0.0276909 0.00991477 0.045054 0.0243712 0.00575 0.0492955 0.0257686 -0.0344194 0.0455588 -0.0150687 -0.0350117 0.0449907 0.0243487 0.034928 0.0479803 0.0250396 0.034739 0.0480541 -0.0250754 0.0344525 0.0503386 -0.031071 -0.00853806 0.0501206 -0.02825 -0.0256355 0.05 -0.0404538 0.00331225 0.0450018 -0.0244757 0.0349928 0.047251 -0.0250061 -0.0107036 0.0515 -0.0148136 -0.00403657 0.0450007 -0.0242978 -0.0348776 0.0515003 -0.0245513 -0.00974402 0.0361692 -0.0149417 -0.0330633 0.0359984 -0.0198858 -0.0348446 0.0360135 0.02001 -0.0324891 0.0360241 0.015 0.0349754 0.0360284 0.0200048 0.0334645 0.036042 -0.0150086 0.0347859 0.0360645 -0.0150038 0.0106999 0.0405504 -0.015219 -0.0117224 0.0386504 -0.0199815 0.0189653 0.0415968 -0.0149983 0.0218714 0.0409445 -0.019906 -0.0201158 0.0449999 -0.0199995 0.0350007 0.0360376 -0.0199897 0.000247563 0.0359986 0.0149888 -0.0349534 0.0394787 0.0156104 -0.0220857 0.0413337 0.0151028 0.0277354 0.040574 0.0150989 0.0109411 0.0404923 0.0151288 -0.0109355 0.0449958 0.0199998 -0.0349352 0.0449999 0.0200003 0.0350026 0.0397164 0.0199621 0.018393 0.0414546 0.0199787 -0.0177096 0.0360001 0.0199974 -0.00109727 0.0409047 0.0197935 0.00185474 0.00365054 0.0192389 0.00546786 -0.00424767 0.0192201 -0.00397809 0.00591802 0.0267027 -0.00268563 0.00427486 0.0268495 0.00403928 -0.00667724 0.026763 -0.00177318 0.0471575 0.0110573 0.0349413 0.000895956 0.0244566 0.0350032 -0.00291925 -0.0173399 0.0348376 -0.00165611 0.0173402 0.0349448 0.0276939 -0.0190852 0.0349862 0.0474611 -0.0109142 0.0349917 0.0477569 0.0222964 0.0365004 0.0476422 -0.0222666 0.0365015 0.00301336 0.0225711 0.0364999 0.00300904 -0.0225633 0.0364999 -0.025488 0.0230106 0.0228111 -0.0161742 0.0190013 0.0295442 -0.0291862 0.0190277 0.014881 -0.0334934 0.0243878 -3.26461e-05 -0.0156915 0.0190009 -0.0298113 0.003 -0.0225 -0.0365 -0.0197574 -0.0225 -0.0285369 -0.0198502 0.0244095 -0.028398 -0.0298876 -0.0228246 -0.015832 -0.0325849 -0.0225 -0.00812201 -0.0197574 -0.0225 0.0285369 -0.0197574 0.0225 0.0285369 -0.0127944 -0.0246878 0.0329071 -0.00512201 -0.0225 0.0355849 -0.00512114 0.0231179 0.0355842 -0.0127893 0.0243894 0.0328704 -0.0325847 0.0226076 0.00812232 -0.0325848 0.0226379 -0.00812157 -0.0284651 0.0226569 -0.0188999 -0.0128376 0.0226145 -0.0328848 -0.00627478 0.024277 -0.0351982 0.00300861 0.0225633 -0.0364999 0.0476161 0.0227255 -0.03501 0.0477738 0.0222562 -0.0365007 0.0477594 -0.0237475 -0.0350254 0.0476203 -0.0223099 -0.0365009 -0.0298761 -0.0244472 0.0158238 -0.0325848 -0.0226379 0.00812157 -0.0334999 -0.022575 -2.31808e-07 -0.00512115 -0.0231178 -0.0355842 -0.00223664 -0.0244767 0.0349476 0.0221012 -0.0180858 0.0311704 -0.0175414 -0.0171492 0.028662 -0.0291182 -0.0173406 0.0144699 -0.0321639 -0.0163006 1.25873e-05 -0.030204 -0.017405 -0.0111596 -0.0297697 0.0173777 -0.0129887 -0.0245674 -0.0173292 -0.0218026 -0.000395414 0.0187785 -0.0349441 -0.0166521 -0.0174507 -0.0289544 -0.00278197 -0.0166786 -0.0349204 0.0259546 0.019002 0.0349955 -0.00422208 0.0181345 0.0303238 -0.0320983 0.0172837 0.00386953 -0.0212979 0.0165582 -0.0253191 -0.0119216 0.0174483 -0.0317586 0.0223243 -0.0179872 -0.0307643 0.0122756 -0.0189409 -0.0349383 -0.0253804 -0.0180704 -0.0132902 -0.0184 -0.0183503 0.0228976 -0.00950034 -0.0190117 -0.0324976 -0.0223595 0.0175801 0.0245339 -0.0295423 0.0180573 0.0127677 -0.0124397 0.0182045 -0.0282098 0.019646 0.0178926 -0.0310103 0.0446401 0.00346953 -0.0349753 -0.0309775 -0.0190031 0.00115613 -0.0265766 0.0190193 -0.0192917 0.383768 0.0223739 -0.0349286 0.417889 0.0244829 -0.0349567 0.445578 0.0244242 0.0157919 0.370726 0.019999 0.0123293 0.370698 0.0245004 0.0347092 0.3707 0.0199999 -0.0349924 0.447556 0.0151596 -0.00381227 0.436131 0.0199715 0.0066717 0.440517 0.0234904 0.00761222 0.448307 0.0202117 -0.00786769 0.434928 0.0200904 -0.00641587 0.436242 0.0234986 -0.0230365 0.432127 0.0234577 -0.011462 0.375965 0.0245009 -0.0206167 0.37072 0.0245065 0.0102688 0.405906 0.0244988 -0.0165395 0.375883 0.0244997 -0.030546 0.392398 0.0200586 -0.0122422 0.388228 0.0206749 0.00733417 0.397979 0.0202827 0.0148858 0.392982 0.0244401 -0.0142224 0.432295 0.0244284 0.00142933 0.417352 0.0244803 0.0159961 0.422357 0.0236378 -0.0160646 0.436706 0.0244181 0.0239822 0.423457 0.0236092 -0.022744 0.394926 0.024321 -0.0203174 0.400019 0.024478 0.0177484 0.373852 0.0245033 0.0250803 0.375258 0.0244849 0.000124877 0.371123 0.0200518 -0.01524 0.387851 0.0244999 0.00470651 0.375644 0.0244942 -0.00874875 0.426651 0.0244627 0.0154821 0.432361 0.0212361 0.0207584 0.437533 0.0199975 -0.024594 0.395609 0.0201597 0.0201601 0.413349 0.02 0.0168614 0.385242 0.0215014 -0.0126606 0.420533 0.0228987 -0.0313812 0.426784 0.0218326 0.0285128 0.408243 0.0226224 0.0321159 0.406477 0.0200007 -0.0332862 0.405469 0.0199928 0.0345819 0.383143 0.0200023 0.0132801 0.410541 0.0219746 -0.0180362 0.412241 0.0235007 0.0205347 0.397394 0.0227284 -0.0278803 0.399648 0.023461 0.02895 0.382648 0.0211541 -0.0284643 0.380411 0.0214707 0.0222673 0.392208 0.0211303 0.0287914 0.3642 0.0172239 0.00628744 0.0522 0.0172239 0.00628744 0.0522 0.0153388 0.00258103 0.3642 0.0153388 0.00258103 0.0522 0.0151243 -0.00157167 0.3642 0.0151243 -0.00157167 0.0522 0.0166173 -0.00545261 0.3642 0.0166173 -0.00545261 0.0522 0.0195598 -0.00839074 0.3642 0.0195598 -0.00839074 0.0522 0.023443 -0.00987804 0.3642 0.023443 -0.00987804 0.0522 0.0275954 -0.00965734 0.3642 0.0275954 -0.00965734 0.0522 0.031299 -0.00776679 0.0522 0.0336078 -0.00518996 0.3642 0.0320355 -0.00721096 0.3642 0.0339134 -0.0045333 0.0522 0.0349867 -0.000515955 0.3642 0.0349867 -0.000515955 0.0522 0.0343331 0.0035906 0.3642 0.0343331 0.0035906 0.0522 0.0320658 0.00707631 0.3642 0.0320658 0.00707631 0.0522 0.0285768 0.00933846 0.3642 0.0285768 0.00933846 0.0522 0.0244692 0.00998591 0.3642 0.0244692 0.00998591 0.0522 0.0204535 0.0089067 0.3642 0.0204535 0.0089067 0.0522 0.0331774 -0.00493046 0.0522 0.030984 -0.00737845 0.0522 0.0283979 0.00887154 0.0522 0.0244958 0.00948661 0.0522 0.0317125 0.0067225 0.0522 0.0338665 0.00341107 0.0522 0.0344874 -0.000490158 0.0522 0.0274656 -0.00917447 0.0522 0.0170365 -0.00517998 0.0522 0.0156181 -0.00149309 0.0522 0.0176127 0.00597307 0.0522 0.0158219 0.00245198 0.0522 0.0206808 0.00846136 0.0522 0.0235208 -0.00938414 0.0522 0.0198318 -0.00797121 0.3642 0.0206808 0.00846136 0.3642 0.0176127 0.00597307 0.3642 0.0244958 0.00948661 0.3642 0.0283979 0.00887154 0.3642 0.0317125 0.0067225 0.3642 0.0338665 0.00341107 0.3642 0.0344874 -0.000490158 0.3642 0.0334678 -0.00430663 0.3642 0.0316837 -0.00685042 0.3642 0.0274656 -0.00917447 0.3642 0.0235208 -0.00938414 0.3642 0.0198318 -0.00797121 0.3642 0.0170365 -0.00517998 0.3642 0.0156181 -0.00149309 0.3642 0.0158219 0.00245198 0.40959 -0.0197491 0.0145169 0.423498 -0.0197016 -0.0119811 0.400957 -0.0198001 -0.00794447 0.420958 -0.0133349 -0.0117584 0.407427 -0.0132968 0.013413 0.425523 -0.0133482 0.00480205 0.398627 -0.0132729 -0.00404642 0.00570992 0.0245054 -0.00164299 -0.00214025 0.0174067 0.00518538 -0.00569919 0.0233259 -0.00755788 -0.00967108 0.0171151 0.00327439 -0.00185604 0.0164117 0.00937648 0.00739549 0.0169991 0.00626062 0.00931211 0.017 -0.00360993 0.00164015 0.017 -0.00953427 -0.00772157 -0.0123009 -0.00703876 0.000761995 -0.00988786 0.00995684 4.92307e-05 0.0103799 0.00646425 0.00938638 -0.0132211 0.0091006 0.00908396 -0.0125482 0.00466931 -0.000199588 -0.012329 -0.0105092 -0.0131517 -0.0218299 0.00167209 -0.0101692 -0.0129112 0.00182216 0.00784996 -0.0122028 -0.00726838 -0.00258225 -0.0129289 0.0104922 -0.01172 -0.0230127 -0.0083261 0.00315069 -0.0230316 0.0133668 0.0113843 -0.0266652 -0.0087425 -0.00669892 -0.0270538 0.0107005 0.0197958 -0.0230793 9.4012e-05 -0.0175675 -0.0247318 0.0116662 0.00470997 -0.0248718 0.0203856 0.0148536 -0.0232296 0.0150897 0.00743432 -0.023044 -0.0183959 -0.00381679 -0.0251234 -0.0205867 -0.0128251 -0.0250673 -0.0167609 -0.0207453 -0.0263623 -0.00360109 0.0202822 -0.0260478 -0.00646545 0.00939571 -0.0279976 -0.018145 0.00488534 -0.0283412 0.011338 -0.0068222 -0.0265361 0.0197039 -0.00933624 -0.0280399 -0.00867794 0.0190365 -0.0279957 0.00936473 0.012041 -0.0279952 0.000507485 -6.07509e-05 -0.0227705 0.00528061 -0.00572219 -0.0230039 -0.000486962 0.00164092 -0.0228986 -0.00523981 0.00509099 -0.02294 0.00154891 0.00419428 0.011044 -0.00394229 0.00225593 0.00895822 0.00492272 -0.00595026 0.0092145 -0.000562168 0.0358897 0.0165012 -0.0349136 0.0313253 0.0155044 -0.027536 0.022889 0.0166708 -0.0303876 0.035998 0.0155552 -0.00218766 0.0448803 0.0245042 0.00595251 -0.0298878 0.0242493 0.0158066 0.035976 0.0155008 0.0351749 0.0317088 0.0190247 0.0349302 0.0337981 0.0152356 0.0195499 0.0248177 0.0161957 0.0297005 0.00965658 0.0235012 0.0147204 0.0116345 0.0232539 0.0319816 0.0125836 0.0234981 -0.0177334 0.00667984 0.0190068 -0.0178067 0.0113036 0.0235012 -0.0318085 0.0232606 0.0229418 -0.0258742 0.0352192 0.0234992 -0.0206414 0.0327323 0.0153608 -0.0189082 0.028653 0.0234975 0.030312 0.0228205 0.0235018 0.0136434 0.0131399 0.019296 0.014171 0.0449298 0.0199869 0.0159495 0.0401105 0.0201091 0.000996949 0.0401389 0.0244995 0.021148 0.0448744 0.02003 -0.0135521 0.0449773 0.0244817 -0.0347313 0.0274364 0.0244809 -0.00701233 -0.0124773 0.0258303 -0.0194658 -0.0249381 0.0245026 -0.00507492 -0.0204037 0.0248095 0.0147972 -0.00672111 0.0245085 0.0251208 0.0198801 0.0245899 0.0164451 -0.0193535 0.029069 -0.0064779 0.0170153 0.0196371 0.00642088 0.031513 0.0162379 0.0117803 0.0316647 0.0166513 -0.000290625 0.0175813 0.0224191 0.00130456 0.0299988 0.0165215 -0.0118035 0.027964 0.0235024 -0.0113678 0.0333372 0.0235046 -0.00312422 0.0131758 0.0204265 -0.00413358 0.0333534 0.0235021 0.0119555 -0.0130969 0.0278894 0.00444941 0.00410963 0.0288589 0.0204295 0.0194826 0.0289774 -0.00613957 0.0116673 0.0246392 -0.0225101 -0.0205641 0.0233854 -0.00235212 0.00258461 0.0288363 -0.0192515 -0.00318596 0.0193263 -0.0200667 0.0134275 0.0193248 -0.014177 0.0122811 0.0266781 0.00598636 0.00738156 0.027904 0.0139948 -0.00496169 0.0283641 0.0205592 -0.0208898 0.0231537 0.00328137 0.00951722 0.026165 -0.0101571 -0.000271795 0.0194869 0.0141818 -0.00567475 0.0278774 0.0124641 -0.0118216 0.0190075 0.00685066 -0.00844844 0.0232818 -0.0114323 0.000673629 0.0189965 0.0347099 -0.01652 0.0216417 0.0255507 -0.0278643 0.0230332 0.00996827 -0.00404144 0.023281 -0.0315029 -0.0125126 0.0233444 -0.0184582 0.00296277 0.0234103 0.0213011 -0.0160648 0.0218207 -0.0256672 -0.031929 0.0190342 -0.00253004 -0.0132517 0.0231818 0.0185335 0.00731027 0.0190089 0.0229035 0.000953973 0.0233437 0.0323045 0.0097224 0.019003 -0.0314031 0.00506066 0.0234992 -0.0212591 -0.0183865 0.0234997 -0.0240197 -0.0298109 0.0233172 -0.00349298</float_array>
                    <technique_common>
                        <accessor count="1012" source="#shape0-lib-positions-array" stride="3">
                            <param name="X" type="float"/>
                            <param name="Y" type="float"/>
                            <param name="Z" type="float"/>
                        </accessor>
                    </technique_common>
                </source>
                <source id="shape0-lib-normals" name="normal">
                    <float_array id="shape0-lib-normals-array" count="6984">0.0160803 -0.0964888 0.995204 -0.0623339 0.249053 0.966482 0.59132 -0.35492 -0.724136 0.696739 0.705025 -0.132263 -0.0182154 -0.00393077 0.999826 -0.999912 0.0124612 0.00445247 -0.999722 0.0234579 -0.00234335 -0.999501 0.0315677 -0.000802427 -0.999779 -0.0210045 0.000942878 -0.0101011 -0.0289634 -0.999529 0.0134256 0.240477 -0.970562 0.511533 0.253754 -0.82094 0.900564 -0.107749 -0.421159 0.979737 0.184478 0.0779916 0.928486 -0.305764 0.210768 0.868909 0.3119 0.384338 0.538526 -0.110914 0.835277 0.590093 0.558838 0.582658 0.0899415 0.586105 0.805227 0.950722 0.275756 -0.141728 -0.551271 0.811937 0.191984 0.0889669 0.6597 0.746245 0.0273968 0.805983 -0.591304 0.0267337 0.809167 -0.586971 -0.475864 0.859912 0.184677 0.496378 0.851083 -0.171073 0.0480754 0.922531 0.382916 -0.389829 0.913372 0.117413 0.437027 0.867491 0.237626 -0.188338 -0.572636 -0.797883 0.000427331 -0.999999 0.00101265 0.000333009 -1 -0.000825674 0.199331 -0.38918 0.899336 0.000768793 -0.999998 0.00158497 0.00177949 -0.999997 -0.00138482 0.00785028 -0.999914 0.0105308 0.0409562 -0.999124 0.00864318 0.000684199 -1 -0.000277516 0.00425148 -0.999981 -0.00451051 0.00361084 -0.999991 -0.00227825 -0.288651 -0.949642 0.121908 0.00397397 -0.999988 -0.00276396 0.00328743 -0.999994 -0.000609523 0.00357877 -0.999994 -0.000287266 0.0023633 -0.999991 0.00352105 -0.000500446 -0.999995 0.00309422 -0.00575486 -0.999979 0.00287347 -0.000898886 0.999999 0.00116951 0.000898886 -0.999999 -0.00116951 -0.00255973 -0.999993 -0.00287791 0.00128582 -0.999999 -0.000429726 -0.00366806 -0.999993 -0.000169166 0.20186 -0.405219 0.891656 0.248504 -0.710799 -0.658036 0.482473 0.873276 -0.0678894 0.744348 0.251577 -0.618592 0.612639 -0.766076 0.194424 -0.309482 -0.840943 -0.443887 -0.401916 0.0115345 0.915604 -0.849738 0.524257 0.0556761 -0.0254214 -0.0244658 -0.999377 -0.526931 0.842606 -0.111169 -0.224725 0.334066 -0.915368 -0.270029 0.808118 -0.523478 0.73417 0.677188 -0.0491009 0.230021 -0.757081 -0.611489 -0.230021 0.757081 0.611489 0.393173 0.683866 0.614608 -0.393173 -0.683866 -0.614608 0.150725 -0.981777 -0.115738 -0.150725 0.981777 0.115738 0.224725 -0.334066 0.915368 0.337923 0.941125 -0.009583 -0.183065 -0.547432 0.816582 -0.73417 -0.677188 0.0491009 0.0533997 -0.988759 -0.139661 -0.0533997 0.988759 0.139661 -0.00119185 0.981309 -0.192434 -0.000367932 1 -0.0008022 0.000598478 0.999994 -0.00350055 0.00487889 0.999987 -0.00146474 -0.175987 0.984281 0.0147945 -0.108915 0.196866 -0.974362 0.242958 0.951216 0.190157 -0.127088 0.832447 0.539333 -0.0118932 0.528291 0.84898 -0.625053 -0.700862 0.343658 0.0961531 0.973065 -0.20952 0.0266522 0.868107 -0.495662 -0.53205 -0.644571 -0.549045 -0.0426199 0.988772 0.143225 0.49411 -0.643344 0.584777 -0.0121728 0.989856 -0.141555 0.0420649 0.969558 -0.24122 0.0778928 0.996962 3.2731e-07 0.134199 0.974632 -0.179118 -0.0953787 -0.973554 0.207596 -0.115084 0.984231 -0.134333 0.0721707 -0.984026 0.162741 -0.0525733 0.998616 -0.0013667 -0.30982 -0.85534 0.415218 -0.00865163 0.981133 -0.193142 0.165942 0.984972 -0.0478935 -0.019476 0.999616 -0.0197219 0.193498 0.956983 0.216199 -0.0265491 0.999638 0.00426822 -0.0386292 0.997974 0.0505568 0.0280167 0.999417 -0.0194896 0.00165493 0.999974 0.00698556 0.0015623 0.999999 -0.000168649 0.0944445 0.99553 -0.000414217 0.0346883 0.993948 -0.10423 0.0202167 0.999696 0.0140868 0.039825 -0.998792 -0.0288011 0.0162853 0.999623 -0.0221219 -0.00550204 0.999933 0.0102062 0.192314 0.959424 0.206208 -0.208337 0.975211 -0.0745638 -0.24736 0.968325 -0.0340661 -0.0563926 0.997405 0.0447552 0.904449 -0.319165 -0.28303 -0.200658 0.960664 -0.191994 -0.172898 0.742228 -0.64746 0.0537949 0.900346 -0.431837 0.0351342 0.939511 0.340711 0.0496194 0.910797 -0.409863 -0.410026 -0.0356007 0.911379 -0.897821 0.434895 -0.0691663 -0.963046 0.0717438 0.259606 -0.193455 -0.482599 -0.854209 -0.872403 0.469653 0.135422 -0.38091 0.302098 0.873868 -0.81596 0.0768663 -0.572975 -0.999902 0.0137918 0.00243198 -0.999787 -0.0138394 -0.0153233 -0.879234 0.31819 -0.354545 -0.986279 -0.0108891 -0.164728 -0.999824 -0.00881666 -0.0165665 -0.651394 -0.655738 0.381697 -0.99994 0.00603075 -0.00916928 -0.989652 0.0329682 -0.139649 -0.91734 0.391329 -0.0731369 -0.978534 -0.18941 0.0812136 -0.999397 -0.0229105 0.0260991 -0.959093 -0.127051 0.25298 -0.981757 -0.0458589 0.184529 -0.999937 0.00666649 -0.00898226 -0.997011 -0.0753598 -0.0170005 -0.870873 -0.290521 0.396457 -0.793894 0.590381 0.145541 -0.775056 0.402696 -0.486954 -0.880168 -0.125976 0.45764 -0.0483394 -0.223259 0.97356 -0.103147 -0.973298 -0.205065 -0.0444606 0.627352 -0.777466 -0.0443196 0.972678 0.227887 -0.0776273 0.632713 0.770486 -0.0635552 0.482495 0.87359 -0.0428084 0.521353 0.852267 -0.0503315 -0.990685 -0.126534 -0.0314039 -0.989496 0.141108 -0.0517061 -0.981156 0.186171 -0.0952103 -0.624409 0.775273 0.00271803 -0.536128 0.844133 -0.00238806 -0.84639 0.532558 -0.0466302 -0.739361 -0.671693 -0.0422104 -0.570191 -0.820427 -0.00539482 0.858752 -0.512362 -0.0385635 0.797554 0.602014 -0.0298994 0.752127 0.65834 0.0237678 0.0981293 0.99489 0.0297753 0.938767 0.343263 0.0362397 0.993455 -0.108321 0.00670013 0.691652 -0.7222 0.0475613 0.306295 -0.950748 -0.0328797 -0.0686355 -0.9971 -0.0105993 -0.649435 -0.760343 0.00635987 -0.858493 -0.512787 0.0252683 -0.880497 0.473378 -0.002583 -0.706697 0.707512 -0.0110651 -0.302072 0.953221 -0.0270882 -0.326707 -0.944737 0.0444824 0.186824 -0.981386 -0.540124 0.359452 0.76096 0.0443705 0.931742 -0.360399 0.0593516 0.0423599 0.997338 0.131312 0.960167 -0.24665 0.0242649 -0.225586 -0.973921 0.0914523 -0.611304 0.786094 -0.901759 0.376575 0.212183 -0.94484 0.289062 -0.154014 -0.621523 -0.176107 -0.763345 -0.0562702 0.335389 0.940398 -0.131771 0.486824 0.863504 -0.0636287 0.741134 0.668335 -0.0466533 0.664358 -0.745957 -0.0513682 0.448206 -0.892453 -0.0655289 0.193361 -0.978937 -0.0397777 -0.440473 -0.896884 -0.0696774 -0.64964 -0.757042 -0.212032 -0.9327 0.291742 -0.0457411 -0.735804 0.675648 -0.0733071 -0.548032 0.833239 -0.0875969 -0.255641 0.962795 -0.059004 -0.30336 0.951048 -0.103555 -0.886712 0.450576 -0.0365576 -0.993503 0.107771 -0.0978067 -0.980085 -0.172824 -0.0429814 -0.908751 -0.415121 0.00233225 0.932407 -0.361403 -0.00874692 0.974772 0.223031 -0.117595 0.991901 0.0480049 -0.101153 0.9771 -0.187201 -0.08288 -0.984333 -0.155627 -0.104314 -0.976717 0.187465 -0.101154 -0.596008 0.796582 -0.116765 -0.825535 -0.552139 -0.090983 -0.608553 -0.78828 -0.0895624 -0.20589 -0.974468 -0.0865158 0.228129 -0.969779 -0.0833527 0.55283 -0.829115 -0.120888 0.813891 -0.568303 -0.130945 0.855078 0.501692 -0.069713 0.577941 0.813096 -0.0785585 0.0824361 0.993495 -0.810864 0.386553 0.439405 -0.512443 -0.785878 -0.346117 -0.639274 0.633488 0.435916 -0.605271 0.571094 -0.554526 -0.999936 0.00868819 -0.00729621 -0.994673 -0.102679 0.009065 -0.999988 0.00383705 -0.0030883 0.0409713 -0.904919 -0.423608 0.144803 -0.923747 0.354575 -0.111775 -0.23668 0.965137 0.207818 -0.20482 -0.956484 -0.999999 0.00110869 0.00118946 -0.999862 -0.014631 0.0079165 -0.999094 -0.041968 -0.00707933 -0.99982 0.0189739 0.000337243 -0.999814 0.0192728 0.000231611 -0.999967 -0.00790637 0.00192298 -0.999948 -0.00977109 0.00277247 -0.997735 0.0384979 -0.0551666 0.999959 0.0079093 -0.00431777 -0.0111549 -0.131421 -0.991264 0.428984 0.874767 -0.225289 -0.999995 0.00196577 0.00234405 -0.999987 -0.00503973 -0.000827001 -0.999722 0.023314 -0.00345351 -0.999894 0.000642491 -0.0145296 -0.135449 0.160038 0.977774 0.0994049 -0.00266015 0.995044 0.211403 -0.0326027 0.976855 -0.451393 -0.485145 0.748918 0.999007 -0.000489281 -0.0445441 0.908721 -0.131334 -0.396204 -0.999915 0.00184259 -0.0129451 -0.0826364 -0.197322 -0.97685 0.0631946 0.00495802 -0.997989 0.288056 -0.0502138 -0.956296 0.423434 0.688669 -0.588591 -0.116506 0.973663 -0.195975 0.78291 0.0240524 0.62167 -0.106171 0.285838 0.952378 -0.195439 0.24442 -0.94977 -0.652869 0.756414 -0.039995 0.0225766 0.732183 -0.680733 -0.237295 0.678984 0.694746 0.362634 0.852127 0.377329 0.0574337 0.636248 -0.769344 0.994182 -0.103408 0.030136 0.996189 -0.0782237 0.0385916 0.997829 -0.0631046 -0.0188543 0.997453 -0.0596432 -0.0391125 0.999158 -0.03796 0.015577 -0.999879 -0.0154584 0.0016559 -0.999945 -0.0104995 -0.00034954 -0.46782 0.0826621 -0.87995 0.690959 0.699008 0.184293 -0.0505681 -0.998714 -0.00356451 0.0129104 -0.999902 0.00545108 0.169143 -0.98555 -0.00905592 0.595753 -0.802084 0.0417201 0.937237 -0.347068 -0.0336078 0.683682 -0.72593 0.0748611 -0.621154 -0.546476 -0.561722 0.981836 -0.177515 0.0669854 0.29555 0.291212 -0.90986 0.999451 -0.0330707 0.00181526 0.999745 0.0215688 -0.00675003 0.999512 -0.0311601 0.00223927 0.9995 -0.0315235 0.00231025 0.998166 -0.0140269 0.0588957 0.98991 0.141236 -0.0114459 0.131036 0.989963 0.0529358 0.996999 0.0733717 0.0246947 0.999687 0.0178316 0.0175594 0.975877 0.213815 -0.044129 0.999999 0.000224494 -0.00164058 0.999459 0.0283025 -0.0167773 -0.76182 0.0286527 0.647154 -0.355289 -0.284125 0.890529 -0.636425 0.184239 -0.749012 -0.13877 0.529105 0.837133 -0.885095 -0.337958 0.319986 -0.811895 0.553787 -0.184786 0.00718273 0.342005 0.939671 -0.537517 -0.211456 0.81631 0.324101 0.946022 -0.000925461 0.382353 0.923972 0.00901015 0.979343 0.198239 -0.0398657 -0.0341267 0.122614 -0.991868 -0.222004 0.926192 -0.304768 -0.0603907 0.505655 0.86062 -0.0733968 0.457756 0.886043 -0.0728038 -0.52456 0.848255 -0.205303 -0.978496 0.019879 -0.127854 -0.601503 -0.788573 0.204418 -0.80741 -0.553447 0.216547 -0.699948 0.680573 -0.567658 -0.663538 -0.487321 0.179845 0.787132 0.589983 -0.999999 -0.000866699 -0.00147511 -0.964402 0.255547 0.0680052 0.871281 0.47406 -0.12703 -0.388695 0.919574 0.0574465 0.999892 0.0146398 -0.00145857 1 -0.00063963 8.67569e-05 1 -0.000902638 4.00624e-05 0.0143414 0.279932 -0.959913 -0.178361 0.00539988 -0.98395 0.102518 -0.0077326 -0.994701 -0.00814757 0.277713 -0.96063 -0.239354 0.0304878 -0.970454 0.207228 -0.0588495 -0.976521 -0.387619 0.03847 -0.921017 -0.0999543 -0.0259806 -0.994653 1 -0.000596649 0.000114217 0.999998 -0.00187793 0.0002058 -0.831467 0.0166977 0.555324 0.0330407 -0.0376901 0.998743 -0.10195 0.189766 0.976522 0.37659 -0.0192409 0.92618 0.00910343 -0.0966419 0.995278 -0.00351172 0.0472965 0.998875 -0.401017 0.154349 0.902974 -0.627754 0.350399 0.695087 0.193763 -0.342008 0.919503 0.419501 -0.700517 -0.577317 0.999997 0.00240043 -0.000333321 0.999965 -0.00830096 0.000515521 0.00758197 -0.999971 0.000699871 -0.00298077 -0.99999 0.00330875 0.011413 0.967206 0.253735 -0.011413 -0.967206 -0.253735 -0.00445535 -0.999983 -0.00388399 0.00680056 -0.999975 -0.00195958 0.0157595 -0.999874 0.00171381 -0.00342893 -0.999993 -0.00141274 -0.0109543 0.999936 -0.00267195 0.00562847 -0.999982 0.00191669 -0.0083701 0.999965 -0.000373569 0.0190675 -0.999753 0.0114117 0.855454 -0.409683 0.316794 -0.855454 0.409683 -0.316794 0.0027317 0.97285 -0.231421 -0.0323969 -0.999453 0.00664988 0.0323969 0.999453 -0.00664988 0.00028333 1 0.000282486 -0.000580575 1 -3.75114e-05 -0.0027317 -0.97285 0.231421 0.00195163 0.999998 -0.000545255 -0.0120128 -0.999859 0.0117151 0.103174 0.993229 -0.0533909 0.139982 0.987466 -0.0729046 0.113306 0.976115 0.185367 -0.0529088 0.961411 0.26998 0.00524398 0.999986 0.00101882 8.78582e-05 1 -2.88374e-06 0.0013871 0.999995 0.00291118 0.769415 -0.513901 -0.37935 0.148239 0.98802 -0.042923 0.0104457 0.999939 -0.00362664 0.087748 0.995745 0.0281537 -0.769415 0.513901 0.37935 5.69238e-05 1 4.57872e-07 -0.0945066 -0.994867 0.0361576 -0.0348323 -0.987447 -0.154059 0.00417796 -0.953202 0.302305 -0.416433 0.895124 -0.159173 0.000340513 -1 -0.000181557 -0.000883244 -1 6.15401e-05 0.627497 -0.778616 0.00229149 -0.928888 -0.108176 -0.35421 0.416433 -0.895124 0.159173 -0.687081 0.665564 0.291451 -0.761758 0.429335 0.485177 -0.062201 0.00300286 0.998059 -0.345135 -0.00534585 0.938538 -0.540137 -0.00131342 0.841576 -0.576632 -0.0106599 0.816934 -0.758347 0.018817 0.65158 -0.853108 -0.0137267 0.521553 -0.925738 0.00995413 0.378034 -0.968847 -0.0110068 0.247417 -0.0899415 -0.586105 -0.805227 -0.590093 -0.558838 -0.582658 -0.868909 -0.3119 -0.384338 -0.307592 -0.0120134 -0.951442 -0.636974 0.0151806 -0.770736 -0.813965 -0.0686212 -0.576847 -0.95362 0.0172449 -0.30052 -0.992094 -0.117364 0.044434 -0.999134 0.012226 0.0397621 -0.986283 0.163687 0.0212666 -0.961085 0.222573 -0.163638 -0.971337 0.108595 -0.21145 -0.995479 -0.0200356 -0.0928492 -0.928486 0.305764 -0.210768 -0.122035 0.384842 -0.914879 -0.263418 0.00462859 -0.964671 -0.389167 -0.677719 0.623895 -0.686285 0.194468 0.700853 -0.900564 0.107748 0.421159 -0.529353 0.146144 0.83572 -0.810859 0.434901 0.391623 -0.00437356 -0.685069 0.728465 -0.224004 -0.94534 0.23697 -0.209374 -0.0925095 0.97345 -0.0996167 -0.987366 0.123228 -0.00391516 -0.9474 -0.320029 -0.0275663 -0.99548 -0.0908854 -0.784277 -0.0430537 -0.618915 -0.0312134 -0.970883 -0.237512 0.00392706 0.12005 0.99276 -0.214327 0.134082 -0.967516 0.00548149 -0.886706 0.462301 -0.0714106 0.995684 0.0592794 -0.159851 0.974621 0.156725 -0.148957 -0.977761 -0.147632 0.0189635 0.988158 -0.152264 0.00290353 0.997345 -0.0727598 -0.104592 0.920241 -0.377117 -0.205428 0.945885 -0.2512 -0.117816 0.98984 -0.0796028 -0.415087 0.886557 -0.204254 -0.0729486 -0.961095 -0.266412 -0.0425359 -0.970857 -0.235856 -0.0716877 0.890447 -0.449405 0.461819 -0.880852 0.104031 0.38838 -0.80135 -0.454971 0.704585 -0.665397 0.246589 -0.538526 0.110914 -0.835277 -0.274535 -0.255997 0.926874 0.806203 -0.570909 -0.155244 0.0079925 -0.0535265 -0.998534 0.73669 -0.673332 0.0625417 -0.696739 -0.705025 0.132263 -0.00321241 -0.712779 0.701381 -0.0142438 -0.507479 0.861546 -0.995155 -0.000979794 -0.098311 -0.999987 0.00258063 0.00442239 -0.0546432 0.856601 -0.513078 1.79043e-05 4.50025e-06 1 2.24305e-05 9.01365e-06 1 0.399238 -0.676214 0.619148 0.192857 -0.959827 -0.203808 0.372937 -0.713237 0.593473 -0.011196 -0.568693 -0.822474 -0.00392628 -0.699919 -0.714212 -0.995258 0.00344228 -0.0972107 -0.992271 -0.00365487 0.124035 3.59282e-05 2.67542e-05 -1 9.01684e-06 -4.37114e-08 -1 -0.202899 0.433622 -0.877955 -0.672942 0.485569 -0.558008 -0.00475686 0.409227 -0.91242 0.301145 0.101073 0.948207 0.387659 0.467462 0.794481 -0.00305721 0.715671 -0.698431 0.00355664 0.814049 -0.580786 0.118105 -6.3752e-05 0.993001 0.333978 0.000714503 0.94258 0.532066 -2.19309e-06 0.846703 0.711443 3.07179e-08 0.702744 0.850849 0.00140823 0.525408 0.943865 0.000458025 0.330332 0.996504 5.78054e-07 0.0835452 0.959647 -0.00837234 -0.281084 0.847399 -0.000627462 -0.530956 0.707094 -6.19949e-05 -0.70712 0.532305 -3.7004e-08 -0.846553 0.334277 -0.000187811 -0.942475 0.131581 -0.0035237 -0.991299 0.112059 -4.34361e-08 -0.993702 0.330189 0.000480972 -0.943915 0.532066 5.03455e-05 -0.846703 0.706848 -3.09199e-08 -0.707365 0.844842 0.000170747 -0.535016 0.9442 0.00115338 -0.329371 0.992509 0.00905045 -0.121839 0.995208 -0.00363746 0.0977132 0.942991 2.30279e-06 0.332818 0.848599 0.000634808 0.529036 0.707075 -0.00114645 0.707138 0.532076 3.70103e-08 0.846696 0.330285 3.28517e-06 0.943881 0.112287 -0.0011262 0.993675 -0.405738 0.783587 0.470498 -0.507644 0.278938 -0.815163 0.0133999 0.99666 0.0805592 -0.52336 0.672414 -0.523406 0.00206573 0.963564 0.267469 0.862215 0.471111 0.186118 0.141934 0.963763 -0.225866 -0.30425 0.233928 0.923423 -0.00386494 0.650086 0.759851 -0.0585382 -0.244366 0.967915 -0.00128332 0.00203428 0.999997 0.00431957 -0.0588369 0.998258 -0.00140597 0.00071405 0.999999 -0.00118014 -0.00231267 0.999997 -0.0162333 -5.34102e-05 0.999868 -8.76991e-05 -0.000136587 1 -0.0488037 0.0798327 0.995613 0.000317572 -0.00025787 -1 -0.0321012 0.153765 -0.987586 0.00350722 -0.0198692 -0.999796 -0.00282309 0.00114546 -0.999995 -0.00233594 0.0053308 -0.999983 -0.0186852 -0.000781643 -0.999825 -9.85711e-05 -0.000550434 -1 -0.146381 -0.978672 -0.144132 -0.0333274 -0.957568 -0.286275 -0.0299476 -0.962749 -0.268733 -0.0895724 0.99169 -0.0923497 -0.0604318 0.903313 -0.424705 -0.00380613 0.999915 0.0124894 -0.828978 -0.15962 0.536019 -0.03926 0.993183 0.109759 -0.0202907 0.999644 0.0173428 -0.048982 0.994689 0.0905295 -0.395173 0.663424 0.635379 -0.0229436 -0.976539 0.214116 -0.230831 -0.960641 0.154554 -0.00548291 -0.00176744 0.999983 -0.000956976 0.00892146 0.99996 -0.286012 0.357598 0.889 -0.000522431 0.00618531 0.999981 -0.494926 0.0649087 0.866508 0.142532 -0.188836 0.97161 0.999903 0.0139407 0.000278948 0.999994 0.00338753 -0.000333051 -0.369768 0.062251 0.927036 -0.508663 -0.477248 0.716587 -0.889391 0.412067 0.197952 -0.902682 0.372208 0.215934 -0.986867 0.046927 -0.15457 -0.567107 0.286577 -0.772181 -0.110583 0.151682 -0.982224 0.99963 0.0269626 0.00366911 0.995076 -0.0985902 -0.0102163 0.999404 0.0344615 -0.00176182 0.999964 0.000439379 -0.00846877 0.999904 0.00347164 0.0134228 -0.031336 -0.202521 -0.978776 -0.941967 -0.259587 -0.212865 -0.492118 -0.503033 0.710477 -0.571529 0.38631 -0.723961 0.00462267 0.0169102 -0.999846 -0.328806 -0.0269172 -0.944014 0.0485278 0.106445 -0.993134 -0.281611 0.0812958 -0.956079 -0.755808 0.25404 -0.603504 -0.70079 0.35404 -0.619313 0.155254 0.878073 0.45264 0.00376516 0.99916 0.0408129 0.832303 0.060878 -0.550968 -0.710938 0.335902 0.617849 -0.173479 0.810268 0.559796 0.194212 0.735165 -0.649472 0.126318 0.730098 -0.671566 -0.399989 0.717642 0.570086 -0.867752 0.35549 0.347322 -0.717774 0.64928 -0.251468 -0.43132 0.777167 -0.458229 0.278246 0.611496 0.74071 0.168613 0.985263 0.0287625 -0.753355 0.486356 -0.442621 -0.173996 0.285087 0.942577 -0.0944733 0.525152 -0.845748 0.660141 0.106158 -0.743602 -0.608555 -0.0532929 -0.79172 -0.117825 -0.220032 0.968351 -0.339167 0.908033 0.245849 0.971819 -0.166532 0.166838 -0.394902 -0.647077 -0.652184 0.662254 -0.68614 -0.301051 -0.929511 -0.346924 0.125113 -0.429961 -0.179766 0.88477 -0.0284961 0.0797093 -0.996411 0.212687 0.143567 0.966516 0.9728 -0.12565 0.19461 0.325044 -0.386871 0.862947 -0.419179 -0.660122 0.62332 0.590744 -0.349291 0.727335 -0.16308 0.450562 -0.877724 -0.986765 0.134077 -0.0912082 -0.213857 0.976693 0.0183299 0.146108 0.618992 0.771688 -0.259446 -0.464364 -0.846791 0.299018 0.935265 -0.189389 -0.122661 0.97108 0.204837 0.119535 0.882909 0.454074 0.274892 0.896419 -0.34766 0.0462718 0.998787 -0.0168407 0.0432365 0.934036 -0.354551 0.35717 0.777241 -0.518002 0.0933733 0.521378 0.848202 -0.332059 0.851111 -0.406629 0.497904 0.540843 0.677924 0.297389 0.593737 -0.747687 0.0345002 0.907648 0.418312 0.797776 0.575522 -0.179799 0.0893888 0.542552 0.835253 -0.11352 0.9517 0.285273 0.135617 0.63374 -0.761565 -0.236562 0.400116 -0.885407 0.000436826 0.999994 0.00332214 -0.0167227 0.938458 -0.344989 0.715754 0.689343 0.111816 0.667712 0.739392 0.086369 -0.100011 0.994941 0.00953729 0.6118 0.789128 -0.0545748 -0.546374 0.837539 -0.00214583 0.546374 -0.837539 0.00214583 0.901079 0.0145433 -0.433412 -0.00378463 -0.97432 -0.225134 0.00378463 0.97432 0.225134 -0.000899874 1 -0.000504103 0.0604798 0.749545 -0.659185 -5.68391e-05 1 -0.000164925 0.0147233 0.99989 0.00176546 0.952371 0.104316 0.286543 -0.952371 -0.104316 -0.286543 0.0457228 -0.998884 0.0118178 -0.000827847 -1 -0.000491375 0.0343493 -0.99926 0.0172949 0.00193942 0.999998 -0.000821368 -0.00561441 -0.999827 -0.0177138 1.88672e-05 -0.999997 0.00241121 0.00376592 -0.999993 0.000890646 -0.00108798 -0.999999 -1.15238e-06 -0.00104666 -0.999999 -2.97461e-05 -0.000329487 -0.999996 -0.00287223 0.0304042 -0.998495 -0.0456357 0.048198 -0.998777 0.0110633 -0.0321831 -0.999067 0.0288056 -0.00264084 -0.999988 -0.00402524 -0.00271902 -0.999994 0.00201202 0.000263894 -0.999999 0.0012959 -0.0460544 0.998799 0.0167023 -0.000362671 -1 -0.000161627 0.0021549 -0.999532 -0.0305079 -0.901079 -0.0145434 0.433412 0.00378675 0.999992 0.00138251 0.852085 0.489756 0.184635 -0.972988 -0.187867 -0.134166 0.89529 0.42803 0.123476 -0.996539 0.0670812 -0.0491017 0.517146 0.735987 -0.436901 0.101929 0.175328 0.979219 0.0573762 0.931131 -0.360142 -0.0513341 0.998404 0.0235442 0 1 -4.37114e-08 -0.0372643 0.999286 0.00619005 -0.0164807 0.999863 -0.00131374 0.172146 0.98461 0.0301342 -0.00298164 0.999942 -0.0103508 0.000319318 1 -9.86628e-05 -0.284284 0.736141 -0.61423 0.253211 0.388968 0.88577 0.880607 0.209819 -0.424862 0.345048 0.315 0.884148 0.569849 0.650052 0.502698 -0.243959 0.915719 -0.319283 0.451297 0.187956 -0.872355 -0.287173 0.780839 0.554818 0.750556 0.0951714 -0.653918 0.397666 0.398234 0.826602 -0.997879 -0.0546314 -0.0353845 -0.423681 0.67111 0.608363 0.450909 0.00635513 0.892548 -0.26577 0.871526 0.412079 0.0947298 0.834929 -0.542144 1.25903e-05 1 1.00449e-05 0.753054 0.0850569 0.652437 0.745531 0.624295 -0.233321 -0.997738 0.0446845 0.0502293 -0.545359 -0.659704 -0.517082 0.532442 0.727648 -0.432473 -0.74332 -0.133966 -0.655384 -0.731501 0.500235 0.463326 0.0529787 0.932521 -0.357207 -0.245654 -0.969223 0.0161495 -0.493451 0.299411 0.816615 0.139157 -0.988608 0.0573614 0.0738818 -0.963187 0.258482 -0.98719 0.157891 -0.0229265 -0.292851 0.895995 -0.333814 -0.232749 0.967084 0.102842 -0.0738818 0.963187 -0.258482 0.0464692 0.997282 -0.0571842 -0.133105 -0.986773 -0.0925277 -0.0529787 -0.932521 0.357207 0.503992 0.204213 0.839219 0.9961 0.0851527 0.0231015 0.981625 -0.179964 -0.0634447 0.493451 -0.299411 -0.816615 0.854748 0.00224659 -0.519038 0.735769 -0.00969882 -0.677164 0.984655 -0.00269411 0.17449 0.494125 -0.0132033 0.86929 -0.111179 0.0186635 0.993625 -0.948721 0.00945185 0.315973 -0.850188 -0.00155984 -0.526478 -0.177129 9.84102e-05 -0.984188 0.9235 0.0117409 0.38342 -0.586539 -0.015818 0.809766 -0.288072 -0.954047 0.0825161 -0.962113 -0.0204582 -0.271881 0.00473656 0.999987 -0.0018914 0.24567 -0.718689 -0.650487 0.37536 -0.881416 0.286723 0.315663 -0.830306 -0.459291 0.515812 -0.705117 -0.486568 -0.718974 -0.591614 -0.364787 -0.938268 -0.0730512 -0.338108 -0.444741 -0.793462 0.415479 -0.448103 -0.797076 0.404813 -0.759087 -0.573699 -0.307662 -0.557117 -0.461053 -0.690689 -0.83952 -0.511388 -0.183544 0.644854 -0.0055628 -0.764286 -0.116862 0.923841 0.364501 0.820543 -0.439327 0.365652 0.89217 -0.398091 0.213441 -0.396375 -0.20909 0.893962 -0.00258968 0.999996 0.00135947 -0.114006 0.993399 -0.0127236 -0.00228508 0.99998 -0.00587996 0.010531 0.999942 0.00241578 0.00965587 0.999953 -0.000851027 -0.00163335 0.999998 -0.000843763 -0.00210899 0.999961 -0.00858854 -0.0824719 0.993848 0.0739255 0.274731 0.961489 -0.00792207 -0.274731 -0.961489 0.00792207 0.415865 0.782974 -0.462611 0.802489 0.477452 -0.357842 0.789669 0.515056 -0.333378 0.242864 0.876717 0.415193 0.807003 -0.0893132 0.583754 -0.442113 -0.149157 -0.884471 -0.0927696 -0.793552 -0.601389 -0.949186 -0.274473 -0.153982 -0.383751 -0.796589 0.467099 -0.246152 -0.830226 0.500134 -0.106393 -0.789012 -0.605095 0.00688916 -0.999371 -0.034796 0.00187954 -0.996911 0.0785158 0.802489 0.477452 -0.357842 -0.802489 -0.477452 0.357842 -0.348728 -0.933901 0.0788463 0.10726 -0.988806 0.103719 0.0747706 -0.996565 -0.0355909 -0.283165 -0.944833 0.164645 -0.00355942 -0.999993 -0.00144417 0.00327713 -0.99927 -0.038055 0.100689 -0.11962 0.987701 0.921878 0.228139 -0.3132 -0.841865 0.148428 -0.518876 0.309863 -0.245817 -0.918455 0.416165 0.310811 0.854519 -0.708783 -0.149016 -0.689507 0.323747 -0.261297 -0.909347 -0.581049 -0.389433 0.714649 -0.853124 -0.172891 0.492229 -0.913529 -0.258539 0.314043 0.125222 -0.805906 0.578649 -0.491242 -0.870429 0.03217 0.910765 -0.339133 0.235575 0.889203 -0.329699 0.317203 0.21261 -0.719759 -0.660866 -0.158901 -0.954636 -0.251835 0.240552 -0.922413 0.302141 -0.467713 -0.780235 -0.415305 0.39088 -0.91847 0.0602089 0.210017 -0.731631 -0.648543 0.397645 -0.063068 0.915369 0.996496 -0.006062 0.0834226 0.999081 0.0233277 -0.0359441 -0.448916 -0.00924209 -0.893526 -0.999702 -0.0187112 0.015685 -0.589025 -0.0138644 0.807996 -0.654182 -0.0400157 0.755278 -0.998976 -0.0120691 0.0436034 -0.530826 0.0169995 -0.84731 0.396863 -0.00132238 -0.917877 0.624053 0.000188956 0.781382 -0.590922 -0.0748622 0.803248 0.029081 -0.890353 0.45434 0.986064 0.00138119 -0.166361 0.349383 0.129708 0.927958 0.459263 -0.00851975 0.888259 0.54335 -0.0411868 -0.838495 0.460003 -0.00594707 0.887897 0 -0.947995 0.318286 0 -0.995496 -0.0947995 0 -0.870873 -0.491508 0 -0.595668 -0.803231 0 -0.217456 -0.97607 0 0.198343 -0.980133 0 0.579852 -0.814722 -0.000569164 0.834239 -0.551403 0.000406672 0.893791 -0.448484 -0.000343853 0.990173 -0.139848 0 0.954028 0.299717 0 0.749644 0.661841 0 0.415648 0.909526 0 0.00977353 0.999952 0 -0.397788 0.917478 0 -0.736567 0.676364 0 -0.736567 0.676364 0 -0.397788 0.917478 0 0.00977353 0.999952 0 0.415648 0.909526 0 0.749644 0.661841 0 0.954028 0.299717 0 0.993452 -0.114255 0.000421236 0.605313 -0.795988 0 0.198343 -0.980133 0 -0.217456 -0.97607 0 -0.595668 -0.803231 0 -0.870873 -0.491508 0 -0.995496 -0.0947995 0 -0.947995 0.318286 -1 0 0 -1 0 0 -1 0 0 -1 0 0 -1 0 0 -1 0 0 -1 0 0 -1 0 0 -1 0 0 -1 0 0 -1 0 0 -1 0 0 -1 0 0 -1 0 0 -1 0 0 -1 0 0 -1 0 0 -1 0 0 -1 0 0 -1 0 0 -1 0 0 -1 0 0 -1 0 0 -1 0 0 -1 0 0 -1 0 0 -1 0 0 -1 0 0 -1 0 0 -1 0 0 0 0.736575 -0.676356 0 0.397793 -0.917475 0 -0.00977113 -0.999952 0 -0.415649 -0.909525 0 -0.749644 -0.661841 0 -0.954034 -0.299698 0 -0.993453 0.114244 0.00054091 -0.834241 0.5514 -0.000400046 -0.605306 0.795993 0 -0.198345 0.980132 0 0.21746 0.976069 0 0.595657 0.803239 0 0.870874 0.491507 0 0.995496 0.0948032 0 0.947989 -0.318302 0 0.947989 -0.318302 0 0.995496 0.0948032 0 0.870874 0.491507 0 0.595657 0.803239 0 0.21746 0.976069 0 -0.198345 0.980132 0 -0.579853 0.814721 -0.000386246 -0.893799 0.448467 0.000326733 -0.990174 0.139842 0 -0.954034 -0.299698 0 -0.749644 -0.661841 0 -0.415649 -0.909525 0 -0.00977113 -0.999952 0 0.397793 -0.917475 0 0.736575 -0.676356 1 0 0 1 0 0 1 0 0 1 0 0 1 0 0 1 0 0 1 0 0 1 0 0 1 0 0 1 0 0 1 0 0 1 0 0 1 0 0 1 0 0 1 0 0 1 0 0 1 0 0 1 0 0 1 0 0 1 0 0 1 0 0 1 0 0 1 0 0 1 0 0 1 0 0 1 0 0 1 0 0 1 0 0 1 0 0 1 0 0 -0.504076 0.75021 -0.427893 -0.521522 0.690712 -0.500931 -0.656993 0.0619224 0.751349 0.6519 0.752006 -0.0975417 0.160012 0.250078 0.954912 -0.755667 -0.527007 0.388885 0.39766 -0.495549 -0.772203 0.516596 -0.732434 0.443473 0.886908 0.0456424 -0.459686 -0.516596 0.732434 -0.443473 0.521522 -0.690712 0.500931 -0.160012 -0.250078 -0.954912 0.458022 0.737397 -0.496449 -0.39766 0.495549 0.772203 -0.6519 -0.752006 0.0975417 0.504076 -0.75021 0.427893 0.676032 -0.461858 -0.574167 0.676353 0.0479267 -0.735017 0.974476 0.177849 0.13699 -0.0235075 -0.121346 -0.992332 0.0509497 0.24082 -0.969231 0.646229 -0.0695147 0.759971 0.627742 0.615019 0.477171 0.0165915 -0.0838336 0.996342 -0.161006 0.679353 0.715931 0.159362 0.260547 0.952218 -0.0896454 -0.994684 0.0506806 -0.0650356 -0.997424 0.030272 0.571837 0.656998 0.49128 -0.53829 0.821812 -0.186732 0.915963 0.325466 0.2347 0.124713 -0.745892 0.654287 -0.159362 -0.260547 -0.952218 0.0290489 -0.999213 0.0270073 0.0117176 -0.904904 0.425454 -0.101944 -0.994588 0.0200464 -0.0376187 0.94237 -0.33245 0.718969 -0.301657 -0.626168 0.870091 -0.357527 0.339288 0.130619 -0.271923 0.953413 -0.662155 -0.674584 0.326324 -0.264876 -0.102564 -0.958813 -0.941172 0.156867 -0.299311 -0.959062 0.232664 0.161457 -0.246086 -0.0597852 0.967403 0.263106 0.0206705 0.964545 0.851922 0.0511946 0.52116 0.871495 0.330625 -0.362192 0.391002 0.313176 -0.86547 -0.982383 -0.00539037 -0.1868 0.179364 -0.86338 -0.471596 0.0147675 -0.999879 -0.00490004 -0.00382707 -0.995494 -0.094746 0.0187465 -0.999679 -0.0170692 -0.0818077 -0.995404 -0.0497938 -0.132988 -0.989324 -0.0596025 -0.939011 0.204477 -0.276491 -0.906242 -0.185001 0.380132 -0.911104 -0.171235 -0.374924 -0.939041 0.152397 0.308183 -0.542987 0.285959 -0.789552 -0.809497 0.586327 -0.0305872 0.809497 -0.586327 0.0305872 -0.0381171 0.999271 -0.0019185 0.0075437 0.999916 -0.0105432 -0.00039763 1 -0.000507058 -0.0321096 0.999402 -0.0128111 0.00524468 0.999926 0.010954 -0.000789793 0.999999 0.00102081 0.0206949 0.999738 -0.00976726 0.0399887 0.998397 0.0400545 0.00451011 0.999782 -0.0204093 -0.0113031 0.999859 0.0124229 -0.0142339 0.999816 0.0128642 0.974476 0.177849 0.13699 -0.974476 -0.177849 -0.13699 0 0.799836 0.600218 0 0.910162 0.414252 0 0.977937 0.208902 0 0.999981 -0.00620849 0 0.975267 -0.22103 0 0.904952 -0.425514 0 0.792322 -0.610104 0 0.642644 -0.766165 0 0.462918 -0.886401 0 0.26154 -0.965193 0 0.0479331 -0.998851 0 -0.167905 -0.985803 0 -0.375893 -0.926663 0 -0.566321 -0.824185 -0.00048161 -0.748084 -0.663604 0.000481899 -0.711908 -0.702273 0.000362168 -0.853286 -0.521444 0 -0.949616 -0.313415 0 -0.994791 -0.101936 0 -0.993448 0.114284 0 -0.945654 0.325175 0 -0.853637 0.520869 0 -0.721717 0.692189 0 -0.556033 0.83116 0 -0.364368 0.931255 0 -0.155649 0.987812 0 0.0603385 0.998178 0 0.273507 0.96187 0 0.473876 0.880592 0 0.652108 0.758126 0 0.652108 0.758126 0 0.473876 0.880592 0 0.273507 0.96187 0 0.0603385 0.998178 0 -0.155649 0.987812 0 -0.364368 0.931255 0 -0.556033 0.83116 0 -0.721717 0.692189 0 -0.853637 0.520869 0 -0.945654 0.325175 0 -0.993448 0.114284 0 -0.994791 -0.101936 0 -0.949616 -0.313415 0 -0.86004 -0.510227 -0.00036189 -0.577055 -0.816705 0 -0.375893 -0.926663 0 -0.167905 -0.985803 0 0.0479331 -0.998851 0 0.26154 -0.965193 0 0.462918 -0.886401 0 0.642644 -0.766165 0 0.792322 -0.610104 0 0.904952 -0.425514 0 0.975267 -0.22103 0 0.999981 -0.00620849 0 0.977937 0.208902 0 0.910162 0.414252 0 0.799836 0.600218 1 0 0 1 0 0 1 0 0 1 0 0 1 0 0 1 0 0 1 0 0 1 0 0 1 0 0 1 0 0 1 0 0 1 0 0 1 0 0 1 0 0 1 0 0 1 0 0 1 0 0 1 0 0 1 0 0 1 0 0 1 0 0 1 0 0 1 0 0 1 0 0 1 0 0 1 0 0 1 0 0 1 0 0 1 0 0 1 0 0 1 0 0 1 0 0 1 0 0 1 0 0 1 0 0 1 0 0 1 0 0 1 0 0 1 0 0 1 0 0 1 0 0 1 0 0 1 0 0 1 0 0 1 0 0 1 0 0 1 0 0 1 0 0 1 0 0 1 0 0 1 0 0 1 0 0 1 0 0 1 0 0 1 0 0 1 0 0 1 0 0 0 -0.649174 -0.76064 0 -0.463632 -0.886028 0 -0.254839 -0.966984 0 -0.0332931 -0.999446 0 0.189957 -0.981792 0 0.403651 -0.914913 0 0.597125 -0.802148 0 0.76064 -0.649174 0 0.886028 -0.463632 0 0.966984 -0.254839 0 0.999446 -0.0332931 0 0.981792 0.189957 0 0.914913 0.403651 0 0.802148 0.597125 0 0.649174 0.76064 0 0.463632 0.886028 0 0.254839 0.966984 0 0.0332931 0.999446 0 -0.189957 0.981792 0 -0.403651 0.914913 0 -0.597125 0.802148 0 -0.76064 0.649174 0 -0.886028 0.463632 0 -0.966984 0.254839 0 -0.999446 0.0332931 0 -0.981792 -0.189957 0 -0.914913 -0.403651 0 -0.802148 -0.597125 0 -0.802148 -0.597125 0 -0.914913 -0.403651 0 -0.981792 -0.189957 0 -0.999446 0.0332931 0 -0.966984 0.254839 0 -0.886028 0.463632 0 -0.76064 0.649174 0 -0.597125 0.802148 0 -0.403651 0.914913 0 -0.189957 0.981792 0 0.0332931 0.999446 0 0.254839 0.966984 0 0.463632 0.886028 0 0.649174 0.76064 0 0.802148 0.597125 0 0.914913 0.403651 0 0.981792 0.189957 0 0.999446 -0.0332931 0 0.966984 -0.254839 0 0.886028 -0.463632 0 0.76064 -0.649174 0 0.597125 -0.802148 0 0.403651 -0.914913 0 0.189957 -0.981792 0 -0.0332931 -0.999446 0 -0.254839 -0.966984 0 -0.463632 -0.886028 0 -0.649174 -0.76064 -1 0 0 -1 0 0 -1 0 0 -1 0 0 -1 0 0 -1 0 0 -1 0 0 -1 0 0 -1 0 0 -1 0 0 -1 0 0 -1 0 0 -1 0 0 -1 0 0 -1 0 0 -1 0 0 -1 0 0 -1 0 0 -1 0 0 -1 0 0 -1 0 0 -1 0 0 -1 0 0 -1 0 0 -1 0 0 -1 0 0 -1 0 0 -1 0 0 -1 0 0 -1 0 0 -1 0 0 -1 0 0 -1 0 0 -1 0 0 -1 0 0 -1 0 0 -1 0 0 -1 0 0 -1 0 0 -1 0 0 -1 0 0 -1 0 0 -1 0 0 -1 0 0 -1 0 0 -1 0 0 -1 0 0 -1 0 0 -1 0 0 -1 0 0 -1 0 0 -1 0 0 -1 0 0 -1 0 0 -1 0 0 -1 0 0 -1 0 0 -0.0886658 0.000375558 0.996061 0.0886658 -0.000375558 -0.996061 0.638141 0.563602 0.524527 0.65571 -0.0137148 0.754889 -0.0535811 0.462119 0.885198 0.0311848 0.280938 0.959219 0.694242 -0.0124751 -0.719633 0.576347 -0.397063 -0.714259 0.932557 -0.0244672 0.360192 -0.0238046 -0.0142288 -0.999615 0.00656558 -0.121422 -0.992579 -0.410941 0.905941 -0.101974 -0.208833 0.974861 0.0776848 0.298082 0.702411 -0.646348 -0.0151255 0.994621 0.102472 0.397844 0.895127 0.201164 -0.397844 -0.895127 -0.201164 0.014923 -0.833732 -0.551967 -0.014923 0.833732 0.551967 0.872782 -0.166954 -0.458669 -0.872782 0.166954 0.458669 0.892605 0.448814 -0.0426891 0.204024 0.486636 -0.849447 -0.530363 0.672986 -0.515563 -0.914654 0.284924 0.286751 -0.117513 0.683352 0.720569 -0.370319 0.408198 0.834409 -0.972291 -0.131714 0.193136 -0.956082 -0.0502534 -0.28876 -0.343932 0.0813215 -0.935466 0.504948 -0.271932 -0.819195 0.355149 -0.57322 0.738436 0.541969 0.101119 0.834293 0.24476 0.750818 0.613486 0.0168741 0.999797 0.0110315 -0.21669 0.909334 0.355187 0.0113409 0.999922 -0.00529789 -0.756023 0.588426 0.286679 -0.934261 0.0767617 -0.348229 0.473539 0.839705 0.265813 -0.841835 -0.527 -0.116554 -0.574475 -0.818497 0.00641154 0.881909 0.471419 0.000133066 -0.574475 -0.818497 0.00641153 -0.00322216 -0.999914 0.0126829 0.0780643 -0.97983 -0.183954 -0.298714 -0.948945 0.101359 0.0212336 -0.999394 0.0275803 0.0125545 -0.996674 0.0805233 0.0311563 -0.99906 0.0301272 -0.0532195 -0.995921 -0.0728688 0.0122096 -0.999918 -0.00390924 -0.102998 -0.994062 0.0350953 0.0680586 -0.996207 -0.0542253 0.767743 0.0774532 0.636059 0.0121634 -0.978131 0.207633 0.0810125 -0.177006 0.98087 0.963805 0.259903 0.0594117 0.0753212 -0.271987 0.959349 0.0668489 -0.889141 -0.452725 0.747168 -0.248458 -0.616449 0.989548 0.140219 -0.0336574 0.95017 -0.161184 -0.266828 0.977138 0.20159 -0.0675431 0.978813 0.0973521 0.180134 0.998613 0.0212329 0.0481897 0.9831 -0.0777638 0.165735 0.55892 0.478825 0.677004 0.104873 -0.0296664 -0.994043 0.121493 0.477026 -0.870452 0.239882 0.0277685 0.970405 0.092674 0.421528 -0.902067 0.11055 -0.052554 -0.99248 0.242715 0.436483 0.866356 0.141766 0.905953 0.398939 0.0427091 0.99908 -0.00387914 0.0740827 -0.965911 0.248047 0.0655774 -0.885733 0.459539 0.0302807 -0.943168 0.330935 0.0799954 0.938538 0.335779 0.0084476 0.714659 0.699422 0.0628113 0.327846 0.942641 0.011297 0.709205 -0.704912 0.0219561 -0.494362 -0.868979 0.0228203 -0.838026 -0.545154 0.00738342 -0.713835 0.700275 -0.0178952 -0.994249 -0.105586 0.038098 -0.747983 -0.662623 0.0207603 -0.178382 -0.983742 -0.0067134 0.685527 -0.728016 -0.00737693 0.932882 -0.360107 0.225226 0.215253 0.950231 0.0304263 0.386341 -0.921854 0.218327 -0.186986 -0.957794 -0.0317403 -0.561636 -0.826775 -0.0218834 -0.00952327 0.999715 -0.15632 -0.555229 0.816875 -0.0585276 -0.984522 -0.165199 -0.0974706 0.969164 -0.226318 -0.169726 0.62448 0.762377 0.589235 0.694598 -0.412717 0.32836 0.221474 -0.918221 0.995497 0.0889194 0.0328415 0.459112 0.199502 0.865688 0.620533 0.0985287 0.777966 0.859293 -0.384766 0.337004 0.172492 -0.262904 -0.949278 0.0589314 -0.164438 0.984625 0.106538 -0.477657 0.872063 0.0743065 -0.770626 0.632941 -0.0194987 -0.434339 -0.900539 -0.0180802 0.223734 -0.974483 0.0542765 0.414185 -0.908573 0.0896125 0.638489 -0.764396 0.0922698 0.864917 -0.493361 0.0916885 0.878629 0.46862 0.0736728 0.648878 0.757317 0.0408079 0.378146 0.924846 0.074286 0.115887 0.990481 0.112532 0.889152 0.44356 0.103334 0.989197 0.103974 0.0941263 0.968572 -0.230237 0.118774 0.889218 -0.441797 -0.0017772 -0.91568 -0.401904 0.0365673 -0.896895 -0.440729 0.0303272 -0.964545 0.26217 0.0777631 -0.945514 0.31616 0.10569 -0.982167 -0.155493 0.0445317 0.985909 -0.161247 0.132216 0.975572 0.17544 0.112695 0.585298 0.802949 0.0986666 0.625288 -0.774132 0.102793 0.197924 -0.974813 0.0797655 0.152746 -0.985041 0.114757 -0.222508 -0.968153 0.135969 -0.63451 -0.760861 0.0891624 -0.751862 0.653264 0.08262 -0.513837 0.8539 0.0740625 -0.139128 0.987501 0.415669 0.905774 0.0824162 0.994544 -0.0543024 0.0890698 0.756374 -0.653443 -0.0301743 0.933024 -0.238663 -0.269271 0.891507 0.384343 -0.239782 0.999893 0.0112259 -0.00938038 0.999999 -0.00103875 0.000294124 0.418256 0.495263 -0.761431 -0.115355 0.993287 -0.00865197 -0.323654 0.033136 -0.945595 -0.295133 0.093049 -0.950914 0.999999 0.000156614 0.00117555 0.999323 0.0359121 -0.00798986 0.995642 0.0790559 0.0494647 0.999912 -0.00835404 0.0103146 0.999997 0.00169875 0.00163957 0.960275 0.166477 0.223958 -0.0516653 -0.199657 0.978503 0.99987 -0.015366 0.00486004 -0.999991 0.00399558 -0.00127729 0.999998 0.00179458 7.56994e-05 0.999999 -0.00103884 -4.38208e-05 0.97252 0.167129 0.162088 1 5.32165e-05 -0.00044366 0.116512 0.194743 0.97391 0.999645 0.00469787 -0.0262393 -0.0272878 0.00436631 0.999618 0.0379484 -0.0104749 0.999225 -0.0542115 -0.0563554 0.996938 -0.0573591 0.997548 0.0400989 -0.999808 -0.00194757 -0.0194746 -0.9493 -0.031283 -0.312812 -0.157996 0.579923 -0.799204 0.999152 -0.00440885 -0.0409481 -0.133576 -0.0161941 -0.990906 0.0314108 0.01894 -0.999327 0.0647214 0.22682 -0.971784 0.0305533 -0.995408 -0.090711 -0.999999 -0.000773116 -0.000782932 -0.340209 -0.645019 -0.684258 0.0188443 -0.141273 -0.989791 0.255585 -0.815229 -0.519691 -0.426316 0.373838 -0.823711 -0.997911 0.0522537 0.0379797 -0.99955 -3.58491e-05 0.0299929 -0.999765 -0.0200381 -0.00828604 -0.999497 0.019726 -0.0248523 0.9998 0.0120779 -0.0159609 0.998391 0.0441157 -0.0356288 0.578483 0.167389 -0.798335 -0.0915688 0.987795 0.126 -0.415721 0.909487 0.00327024 -0.992109 -0.109363 0.061313 -0.283266 0.958477 -0.0329022 -0.225151 0.974324 0.000262797 -0.593429 0.803822 0.04137 -0.96827 0.245571 -0.046349 -0.977328 0.0921922 -0.190603 -0.087611 -0.325716 -0.9414 -0.999989 -0.0042133 0.00188318 -0.999995 -0.00215329 -0.0021711 -0.999919 0.0127678 5.85492e-05 -0.999799 -0.00158663 0.0200025 -0.981638 -0.179061 -0.0657491 -0.182129 -0.981417 0.0604205 -0.996747 -0.0805283 -0.00319046 -0.993648 0.108963 -0.0281211 -0.997557 0.0657686 0.0235708 -0.971139 0.199722 0.130387 0.269359 -0.242868 0.931912 0.746425 -0.607921 0.270705 0.86202 -0.505433 0.0381957 0.899301 0.308005 0.31047 0.39772 0.8084 -0.433945 -0.386397 -0.849317 -0.359665 0.428423 0.211242 0.878539 -0.276266 -0.961078 -0.00244263 -0.879374 -0.471455 -0.0665755 0.0854332 -0.996181 -0.0180091 0.0623877 -0.504677 0.861051 0.195524 0.14458 0.969983 -0.420482 0.815034 0.398641 -0.0333818 -0.548537 0.83546 -0.653403 -0.756021 0.0386724 0.0542367 -0.566255 -0.822444 0.862203 -0.0594488 -0.503062 0.999533 -0.0154237 0.0263678 0.994985 -0.0754589 0.0656613 -0.845138 -0.520467 -0.121886 0.1027 -0.994574 0.0165991 -0.237086 0.217386 0.946855 -1 -0.000424471 1.47011e-05 -0.999988 -0.00493877 0.000292382 0.0899603 0.021977 -0.995703 -0.00491876 0.0124636 -0.99991 0.0494397 0.337033 -0.940194 0.149335 0.000676768 -0.988786 -0.203505 -0.0926989 -0.974676 -0.879612 0.0463125 -0.473433 0.0584378 0.0456101 -0.997249 -0.236945 0.428599 -0.871871 -0.999995 0.00317576 -0.000425582 -0.999999 0.0011061 0.000818616 -0.999998 -0.00216824 0.000364998 -0.730122 0.0496708 0.681509 0.199713 -0.363446 0.909957 0.152289 -0.0150949 0.988221 0.109829 -0.209443 0.971633 0.189434 -0.0053342 0.981879 -0.0223487 -0.122679 0.992195 0.173986 -0.00166437 0.984747 0.979667 0.00551363 0.200554 -0.161814 0.285326 0.944672 -0.0924332 0.00938556 0.995675 -0.999943 0.0103792 -0.00237754 -0.999973 0.00735041 -0.000932694 -0.999991 0.00409827 -0.00046367 -0.999418 0.0340877 0.00121737 -0.00319755 0.999973 -0.00664454 0.00024545 1 5.64453e-05 -0.000918476 1 0.000402486 0.0556453 0.998449 0.0015499 -0.00885224 0.999896 -0.0113676 3.55661e-05 1 0.000260711 -0.00139403 0.999999 0.000197941 -0.000689844 1 -0.000150781 -0.0190554 0.999676 0.0169016 0.864957 -0.261696 -0.428211 -0.864957 0.261696 0.428211 -0.89995 -0.397285 0.179594 0.978946 0.0384095 -0.200474 -0.944846 -0.0816345 0.317178 0.00109096 -0.999998 -0.00155449 -0.922006 0.317997 -0.220866 -0.00608701 -0.999981 0.00128777 -0.0148201 -0.99989 0.000282325 0.00697976 -0.999976 -0.000536215 0.881548 -0.317455 -0.349421 -0.881548 0.317455 0.349421 -0.00123959 0.999998 0.00178759 0.722884 -0.690964 -0.00285325 0.00767396 -0.999968 -0.00226097 -0.164429 0.890452 -0.424334 0.164429 -0.890452 0.424334 0.011411 0.998617 -0.0513264 -0.011411 -0.998617 0.0513264 -0.00130391 -0.999975 0.00691061 -0.0333939 -0.998694 -0.0386704 0.000866202 -0.997997 -0.0632521 -0.0193557 -0.999768 0.00944909 -0.00282893 -0.999996 0.00100348 0.0225336 -0.999746 0.00015195 -0.00412974 -0.999991 0.000419098 -0.00705182 -0.999975 -0.000964036 0.0185315 -0.999828 -0.000606036 0.0193557 0.999768 -0.00944909 -0.0153749 0.994289 0.105605 -0.00690717 -0.999971 0.00308756 -0.767628 -0.613281 -0.186101 0.767628 0.613281 0.186101 0.823613 -0.541496 0.168653 0.00465672 0.999989 0.000403343 -0.892882 -0.417172 0.169495 0.892882 0.417172 -0.169495 -0.101677 -0.80044 0.590726 0.101677 0.80044 -0.590726 -0.0191433 -0.999803 -0.00516007 0.000947567 0.999996 -0.00260128 -0.000293683 1 -7.1641e-06 0.0456826 0.998932 -0.00690139 -0.0456826 -0.998932 0.00690139 -0.823613 0.541496 -0.168653 0.00155625 0.999998 0.00154481 -0.0322439 0.999448 0.00795816 0.0106666 0.999943 -0.000222884 0.225343 0.92344 -0.310611 -0.225343 -0.92344 0.310611 -0.460539 0.200108 0.86479 0.970652 -0.0349635 0.237932 -0.703189 -0.398602 0.588763 0.561631 -0.682139 -0.468249 -0.0685431 0.259512 -0.963305 -0.561631 0.682139 0.468249 0.703189 0.398602 -0.588763 0.460539 -0.200108 -0.86479 0.0685432 -0.259512 0.963305 -0.970652 0.0349635 -0.237932 -0.00280995 -0.0143205 0.999894 0.0050199 0.00290815 -0.999983 -0.000243182 -0.00133264 -0.999999 0.00121939 -0.00227704 -0.999997 0.00245718 -0.00648138 -0.999976 0.00122831 0.0100998 -0.999948 0.0112687 0.0531786 -0.998521 0.902802 0.0114887 -0.429903 0.99043 -0.00255261 -0.137996 0.00279581 -0.415669 -0.909512 0.0543375 -0.130787 -0.98992 0.0378711 0.135325 -0.990077 0.00382438 0.624353 0.781133 -3.60543e-05 2.47973e-05 1 -1.12399e-05 4.47872e-08 1 0.369768 -0.062251 -0.927036 0.902681 -0.372208 -0.215934 0.986867 -0.0469271 0.15457 0.5486 -0.375569 0.746985 0.110583 -0.151682 0.982224 0.598237 -0.262737 0.757022 0.889391 -0.412067 -0.197952 0.153595 0.0467658 -0.987027 0.61102 0.100847 -0.785165 0.479484 0.864942 -0.148223 0.929092 0.339711 -0.146235 0.445977 0.110833 0.888156 0.301191 0.362806 0.881848 0.656866 0.327611 0.679116 0.73097 0.213132 -0.648273 0.271709 0.376148 -0.885825 -0.112059 2.35852e-05 -0.993702 -0.328305 -0.000298341 -0.944572 -0.527135 -0.00104392 -0.849781 -0.70991 0.000680999 -0.704292 -0.845071 -0.00962777 -0.534567 -0.943785 0.00722594 -0.330482 -0.993714 3.22001e-06 -0.111952 -0.993712 0.00021483 0.111965 -0.943364 -3.39241e-06 0.331759 -0.851914 -1.96834e-05 0.523682 -0.720504 -0.00348072 0.693442 -0.531601 3.70233e-08 0.846995 -0.329712 0.000740247 0.944081 -0.111825 1.74332e-05 0.993728 -0.111863 1.07507e-05 0.993724 -0.333625 2.08793e-05 0.942706 -0.528243 0.000689846 0.849093 -0.70681 3.09216e-08 0.707403 -0.846671 0.00162806 0.532115 -0.943567 -0.000109703 0.331181 -0.993849 3.7692e-07 0.110744 -0.993749 6.05024e-05 -0.111637 -0.934093 5.47315e-06 -0.35703 -0.741429 0.00815443 -0.670981 -0.538686 0.00142898 -0.842506 -0.332521 0.000312136 -0.943096 -0.138006 0.0047071 -0.99042 -0.530365 0.613124 0.585485 -0.396178 0.451151 -0.799691 0.913837 0.186711 -0.360613 0.800833 0.541773 0.255244 0.964876 0.257365 0.0527045 0.619383 0.778572 0.100942 0.68397 0.282654 0.672526 -0.104891 0.753258 0.649307 -0.0518593 0.584516 0.809723 0.852763 0.407537 0.326662 0.0220808 0.677826 -0.734891 0.00653948 0.954026 -0.299654 0.995262 -0.00342758 -0.097165 0.994546 0.00303208 0.104257 -0.856053 -0.481507 0.187946 -0.910713 -0.400875 0.0995072 -0.176704 -0.280869 0.943339 0.895809 -0.441048 0.0547887 -0.554428 -0.824455 -0.113504 -0.0117564 -0.104809 0.994423 0.843485 -0.00582872 0.537122 0.226031 -0.963548 0.143127 0.493096 0.521131 -0.69662 0.150232 -0.83776 0.524965 -1.78766e-05 2.19174e-06 -1 -2.02238e-05 4.53982e-06 -1 0.00303679 -0.7161 -0.697991 -0.00355743 -0.814088 -0.580731 -0.557139 -0.44478 -0.701261 -0.211425 -0.976842 -0.0328397 0.0893557 -0.856522 -0.508317 -0.0920572 -0.625483 0.774788 0.132523 -0.785568 -0.604418 0.055171 0.982748 0.17653 0.774273 0.0322913 -0.632027 0.961172 -0.00175377 -0.275944 0.978606 0.0215865 -0.204608 0.9849 -0.00319516 0.173094 0.883595 0.0135807 0.468054 0.670468 0.0122928 0.741836 0.566782 -0.0106325 0.823799 0.394089 0.0204128 0.918845 0.26821 -0.0174089 0.963203 0.823395 -0.0205946 0.567095 0.990454 -0.0176351 0.136712 0.853167 -0.0148525 -0.521427 0.388918 -0.011318 -0.921203 0.404461 0.914349 -0.0194326 0.0592201 -0.977808 -0.200959 0.251195 -0.938978 0.234994 0.251651 -0.938426 0.236705 0.448417 -0.0439061 -0.892745 0.021808 0.983785 0.178019 0.127824 0.854763 -0.503033 0.180179 0.97829 0.102391 0.101891 0.990158 0.0959474 0.0990032 0.995065 -0.00669463 0.272678 0.932961 -0.235011 0.104632 0.970374 -0.217777 0.240297 -0.96444 -0.110055 0.195012 0.971009 0.138247 0.305399 0.929466 0.206943 0.00672089 -0.910029 0.41449 0.0145493 0.994572 -0.103028 0.0209142 -0.947231 -0.319869 0.070142 -0.997206 0.0256927 0.21246 -0.976878 0.0238998 0.100699 -0.969696 -0.222597 0.00879211 -0.977742 0.209627 0.00127629 0.00058256 0.999999 0.0022401 -0.00158389 0.999996 0.000841183 0.000436395 1 0.013532 -0.000289583 0.999908 -0.00222834 0.0437859 0.999038 0.00124022 0.00161027 0.999998 0.27066 -0.961724 0.0427729 0.0904855 -0.988243 0.123242 0.133711 -0.979402 -0.151302 0.0524195 -0.990362 -0.128201 0.121641 -0.991744 -0.0405917 0.0223867 -0.984989 0.171161 -0.00201519 -0.968089 -0.250599 0.0247535 -0.995693 -0.0893516 0.158557 0.973909 0.162363 0.0764602 0.994882 -0.0660589 0.10339 0.958248 0.26659 0.987542 -0.0235779 -0.155579 0.0984313 -0.971571 -0.215314 0.0201819 0.992485 0.12069 0.68806 0.608496 -0.395355 0.134847 0.989968 0.04218 0.087838 0.954316 -0.285595 0.00198927 0.980806 -0.194978 0.0809867 0.996014 0.037379 0.0427256 -0.442606 -0.895698 -0.00376164 0.04755 -0.998862 -0.00219656 0.022217 -0.999751 -0.0690249 -0.18931 -0.979488 -0.000784462 0.0311793 -0.999514 0.400396 0.570822 0.71683 0.56607 -0.551428 0.612774 0.518808 0.39506 -0.758133 -0.999865 -0.00791743 -0.0144132 -0.999892 -0.0146276 0.00169185 -0.999998 -0.00174052 -0.000900341 -0.977163 -0.211402 0.0214808 -1 0.000890372 0.000353168 -0.00391393 0.0519757 0.998641 0.0102815 -0.0969977 0.995232 0.122035 -0.384842 0.914879 0.75868 -0.193081 0.622194 0.961085 -0.222573 0.163638 -0.146846 -0.949888 0.27595 0.971337 -0.108595 0.21145 0.951992 0.202969 -0.229162 0.761758 -0.429335 -0.485177 0.450393 0.545618 -0.706716 -0.368144 -0.929422 0.0253958 0.292495 0.263741 -0.919178 0.0614743 -0.86726 0.494045 -0.389197 0.247988 0.887146 -0.353296 -0.860619 -0.366766 0.579806 -0.782939 0.225459 -0.181687 -0.980998 -0.0680604 -0.0503929 -0.843438 -0.534857 -0.733199 -0.483207 0.478468 0.924054 0.194278 0.32921 -0.0119982 0.999927 -0.0016844 -3.79897e-05 0.999995 -0.00316953 -0.00126052 -0.999998 0.00156541 0.00362963 0.999993 -0.000151009 0.00186882 0.9999 0.0139896 -0.0129868 0.999872 -0.00931298 0.0169682 0.999756 -0.0141241 0.00135027 0.999999 0.00101353 0.0521411 0.99863 0.00431106 0.00226885 0.999995 0.00228989 0.00198665 0.999994 0.00289676 0.00207217 0.999995 -0.00232762 -0.0345902 0.999076 -0.025501 0.00330468 0.999991 0.00278537 -0.0345448 0.999353 -0.00996799 -0.0679213 0.992466 0.101968 0.0652351 0.997003 0.0415839 0.00130173 0.999999 0.000727538 -0.000157957 1 0.000249408 0.0033269 0.999994 0.000654635 0.0031756 0.999995 0.000175362 0.00279655 0.999995 -0.0013177 9.6348e-05 0.999997 0.00226576 0.00112707 0.999999 0.000627683 -0.000358152 0.999997 -0.00228954 -0.00114666 0.999891 -0.0147287 0.00033856 1 -0.000123835 0.118311 0.519775 -0.846071 -0.100048 -0.101768 -0.989764 0.304711 -0.00521548 0.952431 0.977205 -0.035668 0.209279 0.726901 0.109168 -0.67801 0.538589 -0.440381 -0.718322 0.930993 0.264551 0.251526 0.160894 0.388585 0.907257 -0.235316 -0.818677 -0.523826 -0.206599 0.800008 0.563297 -0.627426 0.435975 -0.645184 -0.794079 -0.604055 0.0675034 -0.0538385 -0.580578 0.812423 0.00179767 0.999997 -0.00171888 -0.466849 -0.830896 0.30276 -0.641634 0.106603 0.759566 0.026006 -0.941375 -0.336358 -0.181279 0.831632 0.524906 0.181279 -0.831632 -0.524906 0.529566 0.697327 0.483007 -0.529566 -0.697327 -0.483007 0.974133 -0.0928775 -0.206009 -0.344129 0.908622 -0.236605 0.172469 0.83015 0.530194 0.0346402 -0.892716 -0.449286 -0.0695851 0.414664 0.90731 -0.687359 0.72609 -0.0181815 0.00522488 0.999986 0.000705967 0.687359 -0.72609 0.0181815 -0.464756 -0.88026 0.0956288 0.464756 0.88026 -0.0956288 0.2097 -0.362725 -0.907996 0.353519 0.38225 -0.853762 0.0549002 0.141836 0.988367 -0.18095 0.739689 0.648164 -0.252984 -0.966742 -0.0375236 -0.00853084 0.999716 -0.0222562 -0.061187 -0.874671 -0.48084 0.061187 0.874671 0.48084 -0.197007 -0.980339 -0.0111021 0.0687929 0.927838 0.366585 -0.150202 -0.959821 -0.237028 0.14969 -0.988733 0.000539956 -0.011816 -0.98741 0.157739 0.0525045 -0.713763 0.698417 -0.226256 -0.961545 0.155693 -0.347127 -0.765021 0.542445 -0.11958 -0.900573 -0.417934 -0.0985057 -0.623457 -0.775627 -0.0201613 -0.90582 0.423182 0.0561492 -0.987004 -0.150567 0.133811 -0.983081 -0.125086 -0.378815 -0.909944 -0.168822 -0.00263195 -0.982366 -0.186951 -0.191762 0.964718 0.180404 -0.200406 -0.978202 0.0543911 -0.00931688 -0.996914 0.0779417 0.0242077 -0.995116 -0.0956939 -0.115968 -0.971195 0.208164 0.135002 -0.990492 0.026474 -0.0127602 0.993085 -0.116701 0.0140398 0.999331 0.033772 0.0120436 -0.994689 -0.102219 0.112405 -0.991981 -0.0577908 0.038201 -0.999269 -0.00136365 0.0925281 -0.995688 0.00669369 0.102056 -0.994779 0.00042834 -0.218524 -0.962732 -0.159356 0.0439226 -0.993918 0.100982 -0.366252 -0.910197 -0.193394 0.206599 -0.800008 -0.563297 0.052829 -0.942592 0.329742 0.286796 -0.715712 -0.636792 0.137929 -0.989833 0.0347306 0.191508 -0.978573 0.0756275 -0.0610567 -0.993466 -0.0964205 0.945435 -0.0400486 0.323342 0.789402 -0.503749 0.350829 -0.0901396 -0.734401 0.672704 -0.111804 -0.993722 -0.0039686 -0.186313 -0.966817 0.174792 0.233988 -0.701093 -0.673586 0.287503 -0.932604 0.218157 -0.10066 -0.986318 0.130553 0 -0.891338 0.453339 0 -0.998669 0.0515845 0 -0.933319 -0.359048 0 -0.706581 -0.707632 0 -0.357672 -0.933847 0 0.0530751 -0.998591 0 0.454653 -0.890669 -0.000569292 0.744779 -0.667311 0.000406551 0.818723 -0.574188 -0.000343923 0.959132 -0.282958 0 0.98757 0.157182 0 0.838269 0.545256 0 0.544024 0.839069 0 0.1557 0.987804 0 -0.259538 0.965733 0 -0.629898 0.776677 0 -0.629898 0.776677 0 -0.259538 0.965733 0 0.1557 0.987804 0 0.544024 0.839069 0 0.838269 0.545256 0 0.98757 0.157182 0 0.966115 -0.258114 0.000421188 0.482574 -0.875855 0 0.0530751 -0.998591 0 -0.357672 -0.933847 0 -0.706581 -0.707632 0 -0.933319 -0.359048 0 -0.998669 0.0515845 0 -0.891338 0.453339 -1 0 0 -1 0 0 -1 0 0 -1 0 0 -1 0 0 -1 0 0 -1 0 0 -1 0 0 -1 0 0 -1 0 0 -1 0 0 -1 0 0 -1 0 0 -1 0 0 -1 0 0 -1 0 0 -1 0 0 -1 0 0 -1 0 0 -1 0 0 -1 0 0 -1 0 0 -1 0 0 -1 0 0 -1 0 0 -1 0 0 -1 0 0 -1 0 0 -1 0 0 -1 0 0 0 0.6299 -0.776676 0 0.259533 -0.965734 0 -0.155703 -0.987804 0 -0.544018 -0.839073 0 -0.838262 -0.545268 0 -0.98757 -0.157177 0 -0.966117 0.258106 0.000540878 -0.744774 0.667317 -0.000400076 -0.482572 0.875857 0 -0.0530761 0.99859 0 0.357674 0.933846 0 0.706591 0.707622 0 0.933315 0.35906 0 0.998668 -0.0515908 0 0.891343 -0.45333 0 0.891343 -0.45333 0 0.998668 -0.0515908 0 0.933315 0.35906 0 0.706591 0.707622 0 0.357674 0.933846 0 -0.0530761 0.99859 0 -0.454655 0.890668 -0.000386067 -0.81871 0.574207 0.000326952 -0.959129 0.282968 0 -0.98757 -0.157177 0 -0.838262 -0.545268 0 -0.544018 -0.839073 0 -0.155703 -0.987804 0 0.259533 -0.965734 0 0.6299 -0.776676 1 0 0 1 0 0 1 0 0 1 0 0 1 0 0 1 0 0 1 0 0 1 0 0 1 0 0 1 0 0 1 0 0 1 0 0 1 0 0 1 0 0 1 0 0 1 0 0 1 0 0 1 0 0 1 0 0 1 0 0 1 0 0 1 0 0 1 0 0 1 0 0 1 0 0 1 0 0 1 0 0 1 0 0 1 0 0 1 0 0 -0.871801 -0.217126 0.439113 0.41237 0.286209 0.864891 0.897035 0.366511 -0.246979 0.490718 -0.832841 0.25607 -0.17601 -0.0358094 -0.983737 -0.818226 -0.480539 0.315576 -0.296821 0.409294 -0.862772 -0.490718 0.832841 -0.25607 -0.41237 -0.286209 -0.864891 0.770291 0.506413 -0.387553 0.905078 0.243798 -0.34842 0.325138 0.0968091 0.940698 0.158109 -0.464066 0.871576 -0.897035 -0.366511 0.246979 -0.329185 0.817918 0.471855 -0.148379 0.880416 0.45039 -0.0973573 0.966831 0.236135 -0.0474188 0.719212 0.69317 0.90469 0.388156 0.175704 0.546498 0.447759 -0.707709 0.318762 0.599262 -0.734354 0.0156643 0.973076 0.229954 -0.418095 0.0563643 -0.906653 -0.963548 0.0508693 -0.262655 -0.752427 -0.0193609 0.658391 0.993918 -0.0367599 -0.103805 0.370397 0.0971828 -0.923776 0.532768 -0.0151244 0.846126 0.315754 0.0523388 0.947396 0.127273 0.0345443 0.991266 -0.612273 0.0451708 0.789355 0.430747 -0.325513 0.841723 0.611145 -0.0120277 -0.791427 0.980635 0.0457827 0.19042 -0.944116 0.0315311 -0.328102 -0.259495 0.000658452 -0.965744 -0.914601 -0.0996932 -0.391876 0.914601 0.0996932 0.391876 -0.9211 0.311945 -0.232948 0.0412476 0.988239 0.147251 0.116925 0.332617 0.935785 -0.723394 0.230962 0.65066 -0.733337 0.2232 0.642182 -0.442749 0.30514 -0.843127 -0.915534 0.362656 -0.174004 -0.298142 0.10089 0.949175 0.384562 0.667966 -0.637129 0.924717 0.254808 -0.282792 0.262369 0.686253 -0.678395 0.965015 0.245276 -0.0926571 0.712305 0.699502 0.0576084 0.622374 -0.0560909 0.780707 -0.404142 0.256377 -0.878032 -0.4194 -0.136051 -0.897549 0.204089 0.977494 -0.0534119 0.87548 0.430495 -0.219565 -0.0216479 0.96589 0.258048 0.0415245 0.911417 -0.409385 -0.521319 0.853185 0.017392 -0.153356 0.946975 0.282348 -0.129048 0.960009 -0.248453 0.0147255 0.999781 0.0148738 -0.41815 0.893167 -0.16554 0.225409 0.904432 0.362207 -0.166073 0.89902 0.405196 -0.41721 0.894052 -0.163117 -0.812894 -0.353033 -0.463218 0.46547 -0.482635 0.74189 0.996963 -0.00786174 0.0774851 0.690172 0.238673 -0.683153 0.186761 0.0242046 -0.982107 0.864389 0.41147 0.289005 -0.996963 0.00786173 -0.0774851 0.508498 -0.769683 0.386028 0.480767 -0.790347 -0.379757 -0.0346859 0.990505 -0.133026 0.0346859 -0.990505 0.133026 0.140431 0.393097 -0.90871 -0.140431 -0.393097 0.90871 -0.906511 -0.346736 0.240858 0.906511 0.346736 -0.240858 0.930343 0.34805 -0.115431 -0.930343 -0.34805 0.115431 -0.36381 0.929639 -0.0584362 -0.204089 -0.977494 0.0534119 -0.204089 -0.977494 0.0534119 0.204089 0.977494 -0.0534119 -0.87548 -0.430495 0.219565 0.87548 0.430495 -0.219565 0.4194 0.136051 0.897549 0.449072 0.820103 -0.354634 -0.449072 -0.820103 0.354634 0.206472 -0.968179 -0.141415 -0.206472 0.968179 0.141415 -0.113299 -0.99201 0.0554897 0.112874 -0.721513 0.683138 0.0346859 -0.990505 0.133026 0.106322 -0.983119 -0.148905 0.066061 -0.989791 0.126289 0.0219771 -0.999607 -0.0174139 -0.149505 -0.942143 -0.300026 0.322525 -0.881703 0.34435 -0.46547 0.482635 -0.74189 0.112645 -0.927032 0.357664 -0.244846 -0.939438 -0.239806 -0.0900035 -0.988159 0.124266 -0.201746 -0.976395 0.0771421 -0.0478048 -0.754361 -0.654717 0.336763 -0.894392 -0.294371 0.875531 -0.473721 -0.0950498 0.0434331 -0.617784 0.785148 -0.390859 -0.914584 -0.103754 -0.576925 -0.709972 -0.403852 -0.357739 -0.814423 -0.456879 -0.539738 -0.797551 0.269434 0.277835 -0.868177 0.411188 -0.890259 0.0496637 0.452738 -0.585569 0.0336197 -0.809925 0.553922 -0.0498191 -0.831076 0.713569 0.00341594 -0.700576 0.542257 0.00579981 0.840193 0.325342 -0.0605471 0.943656 -0.971858 -0.06235 -0.227168 0.106968 -0.972795 -0.205493 -0.0197953 0.0453566 -0.998775 0.0090588 0.012525 -0.999881 -0.00220542 -0.0485167 -0.99882 -0.335818 -0.537045 0.773828 -0.075119 -0.980974 -0.179016 0.206469 -0.978025 -0.0289547 0.149704 -0.987886 -0.0408556 1 0.000531958 0.000589641 0.999468 -0.0323323 -0.00424221 0.999931 -0.0117194 -0.000226842 -0.318087 0.00315456 -0.948056 -0.656866 -0.327611 -0.679116 -0.94389 -0.135271 -0.301287 -0.929092 -0.339711 0.146235 -0.746566 0.0599651 0.662604 -0.271709 -0.376148 0.885825 -0.153595 -0.0467658 0.987027 -0.688945 -0.215256 0.692113 -0.400248 -0.464479 -0.789975 0.999478 -0.0322561 -0.00192397 0.999866 0.0162118 0.00237493 0.999976 0.00386954 0.00567177 0.999989 0.0028105 -0.00368126 0.999991 0.00205086 -0.00379904 -0.961557 -0.16774 0.217419 -0.838882 0.365652 -0.403207 -0.0186039 0.0468238 0.99873 -0.00703959 -0.0533524 0.998551 0.00169603 -0.00381825 0.999991 0.310056 -0.340669 -0.887586 -0.168947 0.016549 0.985486 -0.41598 -0.448802 0.790909 0.130532 -0.991443 -0.00136665 -0.0755409 -0.996765 0.0274472 -0.68322 -0.616966 0.390594 0.703039 0.518807 0.486391 0.795775 -0.597322 -0.0997437 -0.46612 -0.883782 0.0407498 -0.788023 -0.483801 -0.380731 0.988296 0.12328 -0.0898493 0.177784 -0.952554 -0.247049 0.928515 -0.307656 0.207866 -0.511539 -0.85801 0.0463307 -0.0571369 0.10952 0.992341 -0.320785 -0.524116 0.788923 -0.934492 0.319144 0.157707 0.129381 -0.972819 -0.192052 -0.260209 -0.124402 -0.957505 -0.661581 -0.713307 0.231309 -0.66636 0.402569 -0.627617 0.722261 -0.328396 -0.608683 -0.143712 0.441867 0.885494 0.38851 -0.911326 -0.136178 -0.000622572 -1 0.000705625 -0.00216511 -0.999998 -7.83179e-05 0.217084 -0.560086 0.799486 -0.000752111 -0.999999 0.00140806 0.00540082 -0.999984 -0.001471 -0.78585 0.562085 0.257878 0.78585 -0.562085 -0.257878 -0.311161 -0.929729 -0.196933 0.311161 0.929729 0.196933 0.820583 0.391229 0.416633 -0.820583 -0.391229 -0.416633 -0.953075 0.0567533 -0.297367 0.953075 -0.0567533 0.297367 0.0160101 0.999858 0.00530477 -0.000923044 0.999999 -0.000555262 -0.00127084 0.999999 -8.73132e-05 0.00515533 0.999982 -0.002986 -0.00374694 0.99963 -0.0269578 0.00617168 0.999973 0.00393436 -0.00323307 0.999759 -0.0216964 0.0260837 0.983685 -0.178 -0.0180946 0.999805 -0.00793828 -0.146888 0.988498 -0.0359894 -0.056657 0.998159 0.0216251 -0.0540282 0.997482 0.0459484 0.00160111 0.999861 0.0166202 0.00133427 0.999908 0.0134727 -0.00374132 0.999965 -0.0075006 0.00653793 0.999769 0.0204845 -0.0198461 0.999744 -0.0109114 0.00246404 0.999946 0.0100752 0.41358 0.811647 -0.41253 0.499025 0.852286 0.15679 0.299746 0.247349 0.921396 -0.0328561 0.769534 0.63776 -0.369646 0.775042 0.512515 -0.608615 0.783272 0.126776 -0.62371 0.614267 -0.483387 -0.085299 0.489278 -0.867947 0.756435 -0.411016 0.508794 -0.175791 -0.979026 0.102988 -0.160383 -0.979323 -0.123301 -0.20466 -0.976619 -0.0657944 -0.259975 -0.964932 -0.0363138 -0.226923 -0.972927 0.0438047 -0.187046 -0.978413 0.087879 -0.252622 -0.965668 0.060567 -0.277515 -0.959794 -0.0421968 -0.807056 -0.268078 0.526114 -0.948541 0.286896 0.134018 0.155086 -0.982743 -0.100823 0.42693 0.0681632 0.901712 -0.235614 -0.321675 -0.917067 0.134498 -0.960648 0.243035 -0.279811 -0.820903 0.497819 -0.969345 0.245676 -0.00376811 0.333308 -0.0617539 -0.940794 0.341139 -0.841148 -0.419636 0.0050543 0.998158 -0.0604573 -0.17609 0.970528 0.164525 -0.209855 0.976904 -0.040249 0.258466 0.965947 -0.0119196 0.254847 0.966949 0.00789786 -0.277932 0.960449 0.0170572 -0.172839 0.901584 0.396577 0.40667 0.912612 -0.0419404 -0.186184 0.905757 0.38071 0.481325 0.875784 0.0364405 0.413843 0.899543 -0.139847 -0.209645 0.965298 -0.15572 0.00746561 0.981645 0.190572 -0.14414 0.971647 0.187419 0.427195 -0.588975 -0.686013 -0.427195 0.588975 0.686013 -0.54889 -0.411324 -0.72769 0.54889 0.411324 0.72769 -0.481325 -0.875784 -0.0364405 0.481325 0.875784 0.0364405 -0.17196 -0.960569 -0.218486 0.17196 0.960569 0.218486 -0.003264 0.0873727 -0.99617 0.003264 -0.0873727 0.99617 -0.572093 -0.819749 0.0268565 0.572093 0.819749 -0.0268565 0.686704 -0.362681 -0.630001 -0.221435 0.0508861 0.973846 -0.803579 -0.255798 0.537428 -0.88785 -0.44935 -0.099031 0.812129 -0.544894 0.208657 -0.334897 0.760782 0.555926 0.71125 -0.607538 -0.353583 -0.71125 0.607538 0.353583 0.758812 0.533283 0.373917 -0.758812 -0.533283 -0.373917 -0.753063 -0.478471 0.451621 0.753063 0.478471 -0.451621 -0.749683 -0.528639 -0.398141 0.425712 -0.368726 0.826324 -0.0427303 0.567929 -0.821968 -0.67232 0.601737 -0.43116 -0.926723 0.241157 0.288145 0.926723 -0.241157 -0.288145 0.5293 -0.848424 0.00438603 0.165461 0.118045 -0.979126 0.393781 0.420866 0.817195 -0.534099 -0.839777 0.0975361 -0.750826 -0.371713 0.545977 -0.671181 0.668227 -0.320918 0.671181 -0.668227 0.320918 0.521203 -0.763733 -0.380867 -0.521203 0.763733 0.380867 -0.27113 0.214738 0.938284 0.27113 -0.214738 -0.938284 -0.418567 -0.143449 0.896785 0.0146912 0.989685 -0.142509 -0.901438 -0.399389 0.167027 -0.335303 -0.391354 -0.85698 0.731407 -0.0781323 -0.67745 0.954837 0.19719 0.222265 0.523539 0.166049 -0.835664 -0.158602 -0.933021 0.322981 0.248325 0.826709 -0.504863 -0.244808 -0.680465 0.690678 0.00664975 -0.484466 -0.874785 0.553312 -0.67199 -0.492214 -0.222269 -0.699266 0.679429 0.281921 -0.42799 0.858688 -0.858752 -0.511225 0.0345569 -0.233924 -0.836266 0.495923 -0.758812 -0.533283 -0.373917 -0.0142538 -0.999001 -0.0423599 -0.0111162 -0.743109 -0.669078 -0.16084 -0.935508 0.31457 0.288726 -0.728733 -0.620955 -0.48069 -0.842757 0.242277 -0.0106225 -0.99994 -0.00276467 0.290246 -0.95514 0.058862 0.499182 -0.694811 0.517741 0.357501 -0.756829 0.547178 -0.201496 -0.944879 -0.258075 -0.358539 -0.911998 0.199273 0.107622 -0.877397 0.467538 -0.13621 -0.924266 -0.356622 -0.0610666 -0.969838 0.235976 0.877428 -0.459311 -0.138395 0.526337 -0.722845 -0.447733 0.169541 -0.815265 -0.553713 -0.680255 -0.465924 0.565833 0.0128649 -0.999907 -0.00460038 0.233577 -0.945569 0.226584 0.10691 -0.980418 -0.165383 -0.681678 -0.720225 -0.128807 0.0927602 -0.995629 0.0109084 0.357707 -0.46967 -0.807128 0.0468033 -0.980024 -0.193292 0.167333 -0.562129 -0.809945 -0.157582 0.0293651 -0.987069 -0.287203 -0.917624 0.274739 0.176643 -0.976999 0.119459 0.0106886 -0.999873 0.0118007 -0.866024 -0.460971 -0.193667 -0.0117996 -0.999811 -0.0154564 0.00665103 -0.999961 0.00587048 0.832433 -0.308121 0.460561 -0.294965 0.894293 0.336506 0.548675 -0.817315 0.175932 0.119761 -0.273781 -0.954307</float_array>
                    <technique_common>
                        <accessor count="2328" source="#shape0-lib-normals-array" stride="3">
                            <param name="X" type="float"/>
                            <param name="Y" type="float"/>
                            <param name="Z" type="float"/>
                        </accessor>
                    </technique_common>
                </source>
                <vertices id="shape0-lib-vertices">
                    <input semantic="POSITION" source="#shape0-lib-positions"/>
                </vertices>
                <triangles count="2328">
                    <input offset="0" semantic="VERTEX" source="#shape0-lib-vertices"/>
                    <input offset="1" semantic="NORMAL" source="#shape0-lib-normals"/>
                    <p>4 0 18 0 0 0 18 1 196 1 0 1 1 2 210 2 213 2 1 3 2 3 210 3 196 4 18 4 201 4 3 5 22 5 24 5 4 6 24 6 22 6 24 7 136 7 3 7 22 8 18 8 4 8 213 9 3 9 136 9 136 10 189 10 213 10 213 11 189 11 1 11 2 12 1 12 235 12 5 13 2 13 235 13 190 14 176 14 2 14 190 15 9 15 176 15 233 16 201 16 176 16 176 17 9 17 233 17 201 18 233 18 196 18 5 19 190 19 2 19 5 20 8 20 6 20 5 21 6 21 190 21 235 22 8 22 5 22 8 23 235 23 7 23 235 24 1 24 7 24 7 25 27 25 8 25 1 26 27 26 7 26 6 27 10 27 9 27 6 28 28 28 10 28 28 29 9 29 10 29 25 30 14 30 18 30 22 31 11 31 25 31 12 32 15 32 29 32 201 33 18 33 14 33 13 34 3 34 213 34 12 35 13 35 213 35 13 36 12 36 11 36 25 37 11 37 14 37 15 38 213 38 210 38 210 39 2 39 15 39 16 40 29 40 15 40 2 41 16 41 15 41 2 42 17 42 16 42 17 43 2 43 176 43 17 44 176 44 201 44 201 45 14 45 17 45 22 46 3 46 11 46 11 47 22 47 23 47 23 48 22 48 11 48 213 49 15 49 12 49 13 50 11 50 3 50 25 51 18 51 22 51 12 52 29 52 41 52 19 53 30 53 14 53 19 54 12 54 41 54 14 55 11 55 19 55 12 56 19 56 11 56 17 57 30 57 20 57 29 58 16 58 8 58 16 59 20 59 8 59 17 60 14 60 30 60 16 61 17 61 20 61 29 62 27 62 15 62 40 63 28 63 17 63 38 64 12 64 13 64 24 65 41 65 23 65 41 66 24 66 23 66 25 67 11 67 31 67 25 68 31 68 11 68 26 69 37 69 18 69 37 70 26 70 18 70 29 71 15 71 27 71 30 72 40 72 17 72 28 73 30 73 17 73 13 74 12 74 38 74 30 75 34 75 21 75 34 76 30 76 21 76 4 77 0 77 37 77 4 78 30 78 31 78 30 79 41 79 31 79 24 80 31 80 41 80 6 81 9 81 190 81 196 82 233 82 33 82 33 83 34 83 196 83 189 84 43 84 42 84 43 85 189 85 136 85 189 86 42 86 27 86 43 87 136 87 29 87 196 88 45 88 0 88 196 89 34 89 45 89 34 90 30 90 46 90 30 91 0 91 46 91 35 92 36 92 29 92 38 93 29 93 36 93 36 94 35 94 136 94 36 95 136 95 38 95 29 96 136 96 35 96 0 97 30 97 37 97 26 98 30 98 4 98 26 99 37 99 30 99 38 100 136 100 39 100 24 101 38 101 32 101 32 102 39 102 136 102 9 103 28 103 233 103 34 104 40 104 30 104 27 105 29 105 8 105 8 106 20 106 6 106 20 107 28 107 6 107 41 108 38 108 24 108 31 109 24 109 4 109 136 110 24 110 32 110 37 111 26 111 4 111 41 112 29 112 38 112 19 113 41 113 30 113 20 114 30 114 28 114 1 115 189 115 27 115 34 116 33 116 40 116 40 117 33 117 233 117 233 118 28 118 40 118 43 119 44 119 42 119 43 120 29 120 44 120 27 121 42 121 44 121 44 122 29 122 27 122 46 123 0 123 45 123 45 124 34 124 46 124 32 125 38 125 39 125 83 126 47 126 48 126 73 127 49 127 47 127 66 128 79 128 50 128 79 129 51 129 52 129 53 130 77 130 54 130 47 131 83 131 73 131 52 132 50 132 79 132 55 133 54 133 77 133 77 134 84 134 61 134 57 135 75 135 58 135 48 136 74 136 83 136 61 137 55 137 77 137 84 138 67 138 61 138 59 139 58 139 75 139 75 140 74 140 48 140 49 141 73 141 72 141 70 142 62 142 60 142 69 143 63 143 62 143 64 144 65 144 63 144 66 145 50 145 65 145 48 146 59 146 75 146 62 147 70 147 69 147 63 148 69 148 64 148 54 149 56 149 53 149 58 150 67 150 57 150 65 151 64 151 66 151 68 152 66 152 64 152 87 153 60 153 71 153 76 154 75 154 57 154 78 155 77 155 53 155 138 156 56 156 51 156 93 157 51 157 79 157 51 158 93 158 138 158 60 159 87 159 130 159 60 160 130 160 82 160 60 161 82 161 70 161 69 162 80 162 64 162 86 163 64 163 80 163 81 164 69 164 70 164 88 165 71 165 72 165 89 166 72 166 73 166 90 167 57 167 67 167 85 168 53 168 56 168 85 169 56 169 138 169 93 170 79 170 66 170 53 171 85 171 78 171 77 172 78 172 84 172 57 173 90 173 76 173 75 174 76 174 74 174 74 175 92 175 83 175 72 176 89 176 88 176 71 177 88 177 87 177 70 178 82 178 81 178 69 179 81 179 80 179 64 180 86 180 68 180 89 181 73 181 83 181 140 182 92 182 74 182 140 183 74 183 76 183 90 184 67 184 84 184 66 185 68 185 93 185 84 186 78 186 90 186 83 187 92 187 89 187 80 188 81 188 86 188 91 189 78 189 85 189 140 190 76 190 90 190 89 191 92 191 134 191 47 192 49 192 119 192 49 193 72 193 94 193 72 194 71 194 94 194 62 195 63 195 95 195 63 196 65 196 117 196 65 197 50 197 96 197 51 198 115 198 52 198 51 199 56 199 97 199 61 200 67 200 99 200 67 201 58 201 99 201 58 202 59 202 113 202 48 203 100 203 113 203 113 204 59 204 48 204 108 205 61 205 99 205 55 206 61 206 101 206 54 207 55 207 101 207 98 208 56 208 54 208 60 209 62 209 104 209 103 210 71 210 60 210 102 211 103 211 60 211 104 212 102 212 60 212 101 213 98 213 54 213 108 214 101 214 61 214 113 215 99 215 58 215 98 216 97 216 56 216 97 217 115 217 51 217 52 218 96 218 50 218 96 219 117 219 65 219 117 220 95 220 63 220 95 221 104 221 62 221 103 222 94 222 71 222 94 223 119 223 49 223 47 224 100 224 48 224 102 225 104 225 116 225 102 226 107 226 103 226 101 227 109 227 98 227 101 228 108 228 110 228 99 229 113 229 108 229 114 230 113 230 160 230 113 231 114 231 108 231 160 232 111 232 114 232 112 233 111 233 160 233 98 234 109 234 112 234 110 235 108 235 114 235 112 236 115 236 97 236 112 237 97 237 98 237 160 238 115 238 112 238 105 239 116 239 95 239 104 240 95 240 116 240 95 241 117 241 105 241 105 242 117 242 127 242 118 243 126 243 127 243 106 244 105 244 127 244 107 245 126 245 103 245 163 246 118 246 127 246 126 247 118 247 119 247 126 248 119 248 94 248 94 249 103 249 126 249 100 250 119 250 113 250 100 251 47 251 119 251 120 252 113 252 119 252 119 253 121 253 120 253 120 254 122 254 113 254 121 255 123 255 120 255 123 256 122 256 120 256 96 257 115 257 117 257 115 258 96 258 52 258 117 259 115 259 232 259 232 260 125 260 117 260 124 261 232 261 115 261 125 262 165 262 117 262 125 263 232 263 124 263 132 264 126 264 107 264 128 265 116 265 105 265 102 266 116 266 128 266 129 267 130 267 102 267 130 268 132 268 107 268 107 269 102 269 130 269 128 270 129 270 102 270 81 271 82 271 129 271 82 272 130 272 129 272 87 273 132 273 130 273 87 274 88 274 132 274 129 275 128 275 81 275 126 276 106 276 127 276 126 277 105 277 106 277 105 278 131 278 128 278 132 279 3 279 126 279 105 280 126 280 3 280 3 281 131 281 105 281 131 282 18 282 133 282 133 283 128 283 131 283 128 284 133 284 81 284 132 285 88 285 3 285 88 286 89 286 3 286 134 287 123 287 89 287 134 288 140 288 123 288 131 289 135 289 4 289 4 290 18 290 131 290 131 291 3 291 135 291 3 292 136 292 135 292 124 293 137 293 133 293 85 294 138 294 144 294 138 295 779 295 144 295 85 296 144 296 141 296 141 297 91 297 85 297 139 298 140 298 90 298 90 299 91 299 139 299 141 300 139 300 91 300 137 301 93 301 68 301 137 302 68 302 86 302 134 303 92 303 140 303 124 304 138 304 93 304 86 305 81 305 133 305 78 306 91 306 90 306 93 307 137 307 124 307 86 308 133 308 137 308 145 309 142 309 779 309 142 310 145 310 140 310 140 311 139 311 142 311 144 312 112 312 109 312 112 313 143 313 111 313 143 314 146 314 110 314 146 315 142 315 110 315 139 316 110 316 142 316 101 317 139 317 141 317 109 318 141 318 144 318 109 319 101 319 141 319 101 320 110 320 139 320 110 321 114 321 143 321 114 322 111 322 143 322 143 323 112 323 146 323 146 324 112 324 144 324 144 325 779 325 146 325 779 326 142 326 146 326 779 327 158 327 159 327 159 328 145 328 779 328 145 329 159 329 780 329 89 330 121 330 136 330 147 331 121 331 148 331 123 332 780 332 157 332 147 333 136 333 121 333 123 334 145 334 780 334 123 335 121 335 89 335 140 336 145 336 123 336 3 337 89 337 136 337 148 338 161 338 147 338 149 339 147 339 161 339 158 340 779 340 138 340 124 341 150 341 151 341 161 342 125 342 4 342 124 343 133 343 125 343 133 344 18 344 4 344 151 345 158 345 124 345 4 346 125 346 133 346 138 347 124 347 158 347 4 348 149 348 161 348 157 349 152 349 123 349 152 350 157 350 151 350 151 351 150 351 152 351 160 352 152 352 150 352 150 353 124 353 156 353 124 354 150 354 153 354 150 355 124 355 153 355 123 356 152 356 122 356 160 357 122 357 154 357 113 358 122 358 160 358 122 359 152 359 154 359 152 360 160 360 154 360 160 361 156 361 115 361 160 362 150 362 156 362 156 363 124 363 115 363 157 364 159 364 122 364 122 365 159 365 157 365 158 366 151 366 153 366 155 367 151 367 159 367 155 368 159 368 151 368 780 369 159 369 157 369 151 370 157 370 159 370 151 371 158 371 153 371 159 372 158 372 151 372 165 373 161 373 117 373 118 374 163 374 166 374 125 375 161 375 165 375 148 376 121 376 164 376 119 377 164 377 121 377 148 378 119 378 162 378 162 379 161 379 148 379 119 380 118 380 162 380 119 381 162 381 135 381 161 382 166 382 163 382 117 383 161 383 163 383 163 384 127 384 117 384 135 385 162 385 119 385 162 386 118 386 161 386 118 387 166 387 161 387 164 388 119 388 148 388 136 389 147 389 164 389 147 390 135 390 166 390 4 391 135 391 149 391 149 392 135 392 147 392 164 393 135 393 136 393 135 394 164 394 147 394 147 395 166 395 135 395 222 396 167 396 810 396 784 397 222 397 810 397 183 398 169 398 170 398 171 399 170 399 187 399 171 400 187 400 172 400 172 401 173 401 171 401 172 402 188 402 173 402 188 403 174 403 173 403 174 404 188 404 235 404 235 405 781 405 174 405 196 406 233 406 201 406 233 407 9 407 176 407 9 408 190 408 176 408 186 409 177 409 191 409 178 410 191 410 177 410 178 411 177 411 179 411 190 412 179 412 184 412 2 413 190 413 235 413 781 414 235 414 190 414 784 415 781 415 220 415 220 416 781 416 184 416 184 417 777 417 220 417 184 418 781 418 190 418 2 419 176 419 190 419 234 420 818 420 180 420 191 421 192 421 186 421 189 422 175 422 1 422 175 423 210 423 1 423 1 424 2 424 235 424 168 425 810 425 167 425 174 426 781 426 784 426 182 427 171 427 181 427 174 428 181 428 171 428 183 429 170 429 171 429 174 430 171 430 173 430 183 431 171 431 182 431 185 432 184 432 177 432 184 433 179 433 177 433 177 434 186 434 185 434 198 435 187 435 170 435 170 436 169 436 198 436 189 437 187 437 198 437 187 438 188 438 172 438 187 439 235 439 188 439 190 440 9 440 193 440 192 441 193 441 194 441 194 442 195 442 192 442 193 443 192 443 191 443 193 444 191 444 178 444 190 445 193 445 178 445 178 446 179 446 190 446 195 447 194 447 196 447 197 448 185 448 186 448 185 449 197 449 818 449 199 450 176 450 2 450 175 451 211 451 210 451 176 452 199 452 200 452 201 453 233 453 176 453 213 454 175 454 189 454 210 455 209 455 2 455 205 456 196 456 201 456 2 457 209 457 199 457 2 458 1 458 210 458 203 459 204 459 205 459 205 460 201 460 203 460 231 461 205 461 204 461 204 462 206 462 231 462 231 463 206 463 180 463 203 464 219 464 206 464 206 465 204 465 203 465 207 466 201 466 176 466 175 467 212 467 211 467 176 468 208 468 207 468 214 469 213 469 202 469 202 470 215 470 214 470 216 471 217 471 215 471 215 472 202 472 216 472 214 473 215 473 217 473 217 474 218 474 214 474 219 475 224 475 234 475 777 476 184 476 234 476 216 477 776 477 221 477 234 478 180 478 219 478 776 479 168 479 221 479 218 480 217 480 216 480 216 481 221 481 218 481 219 482 203 482 201 482 223 483 201 483 207 483 224 484 207 484 208 484 225 485 208 485 176 485 226 486 176 486 200 486 777 487 200 487 199 487 227 488 199 488 209 488 784 489 209 489 210 489 222 490 210 490 211 490 167 491 211 491 212 491 228 492 212 492 175 492 229 493 175 493 213 493 221 494 213 494 214 494 214 495 218 495 221 495 213 496 221 496 229 496 175 497 229 497 228 497 212 498 228 498 167 498 211 499 167 499 222 499 210 500 222 500 784 500 209 501 784 501 220 501 209 502 220 502 227 502 199 503 227 503 777 503 200 504 777 504 226 504 176 505 226 505 225 505 208 506 225 506 224 506 207 507 224 507 223 507 201 508 223 508 219 508 229 509 168 509 167 509 225 510 234 510 224 510 219 511 223 511 224 511 234 512 225 512 226 512 234 513 226 513 777 513 777 514 227 514 220 514 167 515 228 515 229 515 168 516 229 516 221 516 180 517 206 517 219 517 213 518 189 518 169 518 230 519 183 519 216 519 169 520 202 520 213 520 776 521 216 521 183 521 202 522 169 522 230 522 216 523 202 523 230 523 183 524 230 524 169 524 183 525 168 525 776 525 197 526 192 526 195 526 180 527 818 527 197 527 195 528 196 528 205 528 195 529 231 529 197 529 197 530 231 530 180 530 205 531 231 531 195 531 197 532 186 532 192 532 9 533 233 533 193 533 196 534 194 534 193 534 233 535 196 535 193 535 234 536 184 536 185 536 234 537 185 537 818 537 810 538 168 538 181 538 784 539 810 539 174 539 181 540 174 540 810 540 168 541 183 541 181 541 183 542 182 542 181 542 1 543 187 543 189 543 169 544 189 544 198 544 187 545 1 545 235 545 689 546 236 546 673 546 747 547 673 547 236 547 293 548 236 548 238 548 236 549 237 549 747 549 293 550 254 550 236 550 238 551 236 551 280 551 280 552 239 552 238 552 280 553 679 553 239 553 747 554 237 554 240 554 240 555 241 555 743 555 241 556 242 556 743 556 241 557 773 557 242 557 242 558 773 558 243 558 243 559 767 559 247 559 244 560 767 560 764 560 245 561 246 561 278 561 246 562 245 562 282 562 673 563 245 563 278 563 278 564 689 564 673 564 246 565 282 565 676 565 676 566 244 566 764 566 243 567 247 567 242 567 743 568 747 568 240 568 244 569 247 569 767 569 676 570 764 570 679 570 679 571 248 571 239 571 679 572 246 572 676 572 248 573 679 573 251 573 249 574 250 574 251 574 251 575 250 575 248 575 252 576 253 576 251 576 253 577 249 577 251 577 253 578 250 578 249 578 293 579 258 579 254 579 256 580 254 580 258 580 254 581 256 581 255 581 253 582 261 582 250 582 265 583 260 583 276 583 260 584 271 584 276 584 260 585 259 585 271 585 257 586 259 586 261 586 258 587 265 587 256 587 258 588 291 588 265 588 257 589 271 589 259 589 276 590 256 590 265 590 253 591 257 591 261 591 265 592 262 592 260 592 291 593 264 593 265 593 250 594 261 594 263 594 300 595 250 595 263 595 259 596 260 596 262 596 264 597 291 597 270 597 265 598 267 598 262 598 291 599 300 599 266 599 263 600 266 600 300 600 267 601 265 601 264 601 263 602 261 602 269 602 262 603 269 603 259 603 269 604 268 604 263 604 263 605 268 605 266 605 259 606 269 606 261 606 270 607 267 607 264 607 266 608 270 608 291 608 271 609 257 609 272 609 257 610 243 610 272 610 257 611 253 611 273 611 273 612 274 612 257 612 273 613 252 613 274 613 273 614 253 614 252 614 275 615 276 615 240 615 275 616 256 616 276 616 276 617 277 617 240 617 241 618 240 618 277 618 764 619 767 619 274 619 275 620 255 620 256 620 767 621 243 621 274 621 275 622 240 622 237 622 679 623 764 623 252 623 277 624 773 624 241 624 252 625 251 625 679 625 274 626 252 626 764 626 236 627 254 627 255 627 275 628 237 628 255 628 255 629 237 629 236 629 243 630 257 630 274 630 272 631 243 631 773 631 271 632 272 632 773 632 276 633 271 633 277 633 277 634 271 634 773 634 278 635 246 635 279 635 279 636 246 636 278 636 679 637 282 637 283 637 282 638 679 638 246 638 282 639 246 639 679 639 689 640 278 640 280 640 689 641 280 641 236 641 280 642 278 642 246 642 280 643 246 643 679 643 280 644 281 644 245 644 245 645 281 645 280 645 676 646 282 646 283 646 747 647 245 647 281 647 283 648 282 648 270 648 244 649 270 649 268 649 270 650 282 650 245 650 281 651 673 651 747 651 281 652 245 652 673 652 747 653 267 653 270 653 747 654 743 654 267 654 743 655 242 655 267 655 242 656 262 656 267 656 262 657 242 657 247 657 247 658 269 658 262 658 247 659 268 659 269 659 268 660 247 660 244 660 270 661 245 661 747 661 266 662 268 662 270 662 270 663 244 663 283 663 283 664 244 664 676 664 282 665 679 665 283 665 286 666 239 666 285 666 286 667 302 667 239 667 302 668 284 668 239 668 239 669 284 669 290 669 290 670 288 670 239 670 287 671 301 671 300 671 301 672 286 672 300 672 288 673 290 673 289 673 300 674 291 674 287 674 288 675 238 675 239 675 288 676 292 676 238 676 285 677 300 677 286 677 291 678 258 678 289 678 293 679 238 679 292 679 285 680 239 680 248 680 290 681 294 681 289 681 287 682 294 682 290 682 291 683 289 683 294 683 287 684 291 684 294 684 287 685 290 685 284 685 292 686 296 686 293 686 296 687 292 687 295 687 296 688 295 688 289 688 258 689 293 689 296 689 289 690 258 690 296 690 292 691 288 691 295 691 289 692 295 692 288 692 297 693 298 693 285 693 285 694 248 694 297 694 297 695 300 695 299 695 297 696 299 696 298 696 297 697 248 697 250 697 250 698 300 698 297 698 285 699 298 699 299 699 300 700 285 700 299 700 302 701 301 701 287 701 287 702 284 702 302 702 302 703 286 703 301 703 303 704 310 704 304 704 305 705 303 705 304 705 308 706 305 706 307 706 308 707 304 707 310 707 307 708 309 708 308 708 306 709 307 709 305 709 304 710 306 710 305 710 309 711 310 711 304 711 308 712 309 712 307 712 304 713 308 713 309 713 309 714 308 714 310 714 304 715 310 715 303 715 303 716 306 716 304 716 307 717 306 717 303 717 303 718 305 718 307 718 307 719 305 719 308 719 312 720 323 720 313 720 313 721 311 721 312 721 314 722 313 722 323 722 321 723 314 723 315 723 321 724 315 724 316 724 317 725 316 725 318 725 319 726 320 726 318 726 320 727 319 727 311 727 323 728 315 728 314 728 321 729 316 729 317 729 321 730 317 730 320 730 317 731 318 731 320 731 320 732 313 732 331 732 311 733 313 733 320 733 314 734 321 734 313 734 357 735 316 735 315 735 351 736 318 736 357 736 318 737 322 737 319 737 322 738 311 738 319 738 324 739 323 739 312 739 324 740 312 740 322 740 315 741 323 741 325 741 325 742 357 742 315 742 324 743 325 743 323 743 312 744 311 744 322 744 316 745 357 745 318 745 356 746 322 746 318 746 318 747 351 747 356 747 324 748 322 748 326 748 321 749 336 749 313 749 337 750 331 750 313 750 320 751 331 751 329 751 321 752 320 752 330 752 327 753 321 753 330 753 327 754 336 754 321 754 330 755 320 755 329 755 336 756 337 756 313 756 328 757 340 757 331 757 340 758 328 758 331 758 330 759 335 759 327 759 330 760 334 760 335 760 334 761 330 761 329 761 329 762 331 762 328 762 328 763 334 763 329 763 332 764 336 764 327 764 327 765 339 765 332 765 336 766 332 766 337 766 337 767 333 767 331 767 331 768 333 768 328 768 339 769 327 769 335 769 342 770 339 770 335 770 340 771 328 771 333 771 334 772 335 772 330 772 330 773 335 773 334 773 338 774 337 774 332 774 340 775 334 775 328 775 335 776 334 776 340 776 337 777 338 777 333 777 339 778 338 778 332 778 340 779 342 779 335 779 333 780 344 780 345 780 340 781 341 781 342 781 343 782 338 782 339 782 346 783 339 783 342 783 345 784 340 784 333 784 343 785 339 785 346 785 342 786 341 786 346 786 333 787 347 787 344 787 347 788 333 788 338 788 347 789 338 789 343 789 344 790 353 790 345 790 343 791 350 791 347 791 341 792 340 792 348 792 340 793 345 793 348 793 346 794 341 794 349 794 346 795 349 795 350 795 353 796 348 796 345 796 350 797 343 797 346 797 348 798 352 798 341 798 352 799 349 799 341 799 353 800 355 800 356 800 348 801 356 801 351 801 351 802 352 802 348 802 349 803 357 803 325 803 350 804 325 804 324 804 347 805 324 805 326 805 326 806 344 806 347 806 324 807 347 807 350 807 325 808 350 808 349 808 357 809 349 809 352 809 356 810 348 810 353 810 354 811 355 811 353 811 353 812 344 812 354 812 354 813 344 813 326 813 354 814 326 814 355 814 356 815 326 815 322 815 352 816 351 816 357 816 356 817 355 817 326 817 358 818 359 818 360 818 361 819 360 819 362 819 363 820 362 820 364 820 365 821 364 821 366 821 367 822 366 822 368 822 369 823 368 823 370 823 371 824 370 824 372 824 372 825 373 825 374 825 373 826 375 826 374 826 375 827 373 827 376 827 377 828 376 828 378 828 379 829 378 829 380 829 381 830 380 830 382 830 383 831 382 831 384 831 385 832 384 832 386 832 387 833 386 833 359 833 359 834 358 834 387 834 386 835 387 835 385 835 384 836 385 836 383 836 382 837 383 837 381 837 380 838 381 838 379 838 378 839 379 839 377 839 376 840 377 840 375 840 372 841 374 841 371 841 370 842 371 842 369 842 368 843 369 843 367 843 366 844 367 844 365 844 364 845 365 845 363 845 362 846 363 846 361 846 360 847 361 847 358 847 372 848 389 848 388 848 388 849 373 849 372 849 372 850 370 850 390 850 378 851 391 851 392 851 376 852 393 852 391 852 373 853 388 853 393 853 390 854 389 854 372 854 391 855 378 855 376 855 393 856 376 856 373 856 370 857 368 857 394 857 368 858 366 858 395 858 366 859 364 859 396 859 382 860 397 860 398 860 380 861 392 861 397 861 394 862 390 862 370 862 396 863 395 863 366 863 397 864 382 864 380 864 395 865 394 865 368 865 364 866 362 866 399 866 362 867 360 867 400 867 359 868 401 868 400 868 386 869 402 869 401 869 392 870 380 870 378 870 400 871 399 871 362 871 401 872 359 872 386 872 384 873 398 873 402 873 399 874 396 874 364 874 402 875 386 875 384 875 400 876 360 876 359 876 398 877 384 877 382 877 403 878 404 878 401 878 405 879 403 879 402 879 406 880 405 880 398 880 407 881 406 881 397 881 408 882 407 882 392 882 409 883 408 883 391 883 410 884 409 884 393 884 411 885 388 885 389 885 412 886 411 886 389 886 413 887 412 887 390 887 414 888 413 888 394 888 415 889 414 889 395 889 416 890 415 890 396 890 417 891 416 891 399 891 404 892 417 892 400 892 400 893 401 893 404 893 399 894 400 894 417 894 396 895 399 895 416 895 395 896 396 896 415 896 394 897 395 897 414 897 390 898 394 898 413 898 389 899 390 899 412 899 411 900 410 900 388 900 393 901 388 901 410 901 391 902 393 902 409 902 392 903 391 903 408 903 397 904 392 904 407 904 398 905 397 905 406 905 402 906 398 906 405 906 401 907 402 907 403 907 374 908 375 908 410 908 374 909 411 909 412 909 410 910 411 910 374 910 375 911 377 911 409 911 371 912 412 912 413 912 409 913 410 913 375 913 412 914 371 914 374 914 377 915 379 915 408 915 383 916 406 916 407 916 383 917 385 917 405 917 358 918 404 918 403 918 361 919 417 919 404 919 365 920 415 920 416 920 367 921 414 921 415 921 408 922 409 922 377 922 381 923 407 923 408 923 405 924 406 924 383 924 385 925 387 925 403 925 404 926 358 926 361 926 363 927 416 927 417 927 415 928 365 928 367 928 369 929 413 929 414 929 408 930 379 930 381 930 403 931 405 931 385 931 417 932 361 932 363 932 414 933 367 933 369 933 407 934 381 934 383 934 416 935 363 935 365 935 403 936 387 936 358 936 413 937 369 937 371 937 418 938 425 938 424 938 425 939 422 939 424 939 419 940 418 940 421 940 425 941 420 941 423 941 419 942 421 942 420 942 424 943 421 943 418 943 422 944 425 944 423 944 420 945 421 945 423 945 419 946 421 946 424 946 423 947 421 947 420 947 425 948 424 948 422 948 419 949 420 949 421 949 424 950 418 950 419 950 422 951 423 951 425 951 420 952 425 952 423 952 425 953 418 953 424 953 439 954 427 954 426 954 426 955 434 955 439 955 439 956 428 956 427 956 429 957 428 957 448 957 428 958 429 958 427 958 434 959 426 959 430 959 435 960 434 960 430 960 431 961 432 961 435 961 432 962 431 962 436 962 436 963 450 963 432 963 443 964 442 964 433 964 432 965 433 965 442 965 430 966 431 966 435 966 442 967 432 967 436 967 450 968 432 968 442 968 436 969 450 969 442 969 436 970 432 970 450 970 434 971 435 971 440 971 447 972 435 972 432 972 447 973 432 973 442 973 437 974 438 974 439 974 441 975 436 975 442 975 444 976 441 976 443 976 445 977 444 977 437 977 446 978 445 978 439 978 436 979 430 979 447 979 440 980 430 980 446 980 439 981 440 981 446 981 437 982 439 982 445 982 438 983 437 983 444 983 443 984 438 984 444 984 442 985 443 985 441 985 447 986 442 986 436 986 435 987 430 987 440 987 430 988 435 988 447 988 434 989 440 989 439 989 448 990 428 990 438 990 439 991 438 991 428 991 438 992 443 992 448 992 443 993 433 993 448 993 449 994 451 994 433 994 450 995 433 995 432 995 448 996 433 996 451 996 433 997 450 997 449 997 448 998 451 998 429 998 444 999 429 999 448 999 429 1000 444 1000 448 1000 451 1001 444 1001 429 1001 441 1002 451 1002 449 1002 444 1003 445 1003 429 1003 444 1004 451 1004 441 1004 426 1005 427 1005 445 1005 427 1006 429 1006 445 1006 445 1007 446 1007 426 1007 446 1008 430 1008 426 1008 430 1009 436 1009 431 1009 441 1010 449 1010 450 1010 436 1011 441 1011 450 1011 439 1012 428 1012 427 1012 428 1013 439 1013 427 1013 452 1014 453 1014 454 1014 455 1015 454 1015 456 1015 457 1016 456 1016 458 1016 459 1017 458 1017 460 1017 461 1018 460 1018 462 1018 463 1019 462 1019 464 1019 465 1020 464 1020 466 1020 467 1021 466 1021 468 1021 469 1022 468 1022 470 1022 471 1023 470 1023 472 1023 473 1024 472 1024 474 1024 475 1025 474 1025 476 1025 477 1026 476 1026 478 1026 479 1027 478 1027 480 1027 481 1028 482 1028 483 1028 480 1029 483 1029 482 1029 481 1030 483 1030 484 1030 485 1031 484 1031 486 1031 487 1032 486 1032 488 1032 489 1033 488 1033 490 1033 491 1034 490 1034 492 1034 493 1035 492 1035 494 1035 495 1036 494 1036 496 1036 497 1037 496 1037 498 1037 499 1038 498 1038 500 1038 501 1039 500 1039 502 1039 503 1040 502 1040 504 1040 505 1041 504 1041 506 1041 507 1042 506 1042 508 1042 509 1043 508 1043 453 1043 453 1044 452 1044 509 1044 508 1045 509 1045 507 1045 506 1046 507 1046 505 1046 504 1047 505 1047 503 1047 502 1048 503 1048 501 1048 500 1049 501 1049 499 1049 498 1050 499 1050 497 1050 496 1051 497 1051 495 1051 494 1052 495 1052 493 1052 492 1053 493 1053 491 1053 490 1054 491 1054 489 1054 488 1055 489 1055 487 1055 486 1056 487 1056 485 1056 484 1057 485 1057 481 1057 480 1058 482 1058 479 1058 478 1059 479 1059 477 1059 476 1060 477 1060 475 1060 474 1061 475 1061 473 1061 472 1062 473 1062 471 1062 470 1063 471 1063 469 1063 468 1064 469 1064 467 1064 466 1065 467 1065 465 1065 464 1066 465 1066 463 1066 462 1067 463 1067 461 1067 460 1068 461 1068 459 1068 458 1069 459 1069 457 1069 456 1070 457 1070 455 1070 454 1071 455 1071 452 1071 506 1072 510 1072 511 1072 504 1073 512 1073 510 1073 486 1074 513 1074 514 1074 484 1075 515 1075 513 1075 483 1076 516 1076 515 1076 480 1077 478 1077 517 1077 508 1078 511 1078 518 1078 510 1079 506 1079 504 1079 502 1080 519 1080 512 1080 500 1081 520 1081 519 1081 492 1082 521 1082 522 1082 490 1083 523 1083 521 1083 488 1084 514 1084 523 1084 513 1085 486 1085 484 1085 515 1086 484 1086 483 1086 516 1087 483 1087 480 1087 472 1088 470 1088 524 1088 470 1089 468 1089 525 1089 466 1090 464 1090 526 1090 464 1091 462 1091 527 1091 511 1092 508 1092 506 1092 519 1093 502 1093 500 1093 498 1094 528 1094 520 1094 496 1095 529 1095 528 1095 521 1096 492 1096 490 1096 514 1097 488 1097 486 1097 517 1098 516 1098 480 1098 478 1099 476 1099 530 1099 476 1100 474 1100 531 1100 474 1101 472 1101 532 1101 525 1102 524 1102 470 1102 468 1103 466 1103 533 1103 527 1104 526 1104 464 1104 462 1105 460 1105 534 1105 460 1106 458 1106 535 1106 458 1107 456 1107 536 1107 512 1108 504 1108 502 1108 528 1109 498 1109 496 1109 494 1110 522 1110 529 1110 523 1111 490 1111 488 1111 530 1112 517 1112 478 1112 532 1113 531 1113 474 1113 533 1114 525 1114 468 1114 534 1115 527 1115 462 1115 536 1116 535 1116 458 1116 456 1117 454 1117 537 1117 454 1118 453 1118 518 1118 520 1119 500 1119 498 1119 522 1120 494 1120 492 1120 531 1121 530 1121 476 1121 526 1122 533 1122 466 1122 537 1123 536 1123 456 1123 518 1124 453 1124 508 1124 535 1125 534 1125 460 1125 529 1126 496 1126 494 1126 518 1127 537 1127 454 1127 524 1128 532 1128 472 1128 538 1129 539 1129 518 1129 540 1130 538 1130 511 1130 541 1131 540 1131 510 1131 542 1132 541 1132 512 1132 543 1133 542 1133 519 1133 544 1134 543 1134 520 1134 545 1135 544 1135 528 1135 546 1136 545 1136 529 1136 547 1137 546 1137 522 1137 548 1138 547 1138 521 1138 549 1139 548 1139 523 1139 550 1140 549 1140 514 1140 551 1141 550 1141 513 1141 552 1142 551 1142 515 1142 553 1143 552 1143 516 1143 554 1144 553 1144 517 1144 555 1145 554 1145 530 1145 556 1146 555 1146 531 1146 557 1147 556 1147 532 1147 558 1148 557 1148 524 1148 559 1149 558 1149 525 1149 560 1150 559 1150 533 1150 561 1151 560 1151 526 1151 562 1152 561 1152 527 1152 563 1153 562 1153 534 1153 564 1154 563 1154 535 1154 565 1155 564 1155 536 1155 539 1156 565 1156 537 1156 537 1157 518 1157 539 1157 536 1158 537 1158 565 1158 535 1159 536 1159 564 1159 534 1160 535 1160 563 1160 527 1161 534 1161 562 1161 526 1162 527 1162 561 1162 533 1163 526 1163 560 1163 525 1164 533 1164 559 1164 524 1165 525 1165 558 1165 532 1166 524 1166 557 1166 531 1167 532 1167 556 1167 530 1168 531 1168 555 1168 517 1169 530 1169 554 1169 516 1170 517 1170 553 1170 515 1171 516 1171 552 1171 513 1172 515 1172 551 1172 514 1173 513 1173 550 1173 523 1174 514 1174 549 1174 521 1175 523 1175 548 1175 522 1176 521 1176 547 1176 529 1177 522 1177 546 1177 528 1178 529 1178 545 1178 520 1179 528 1179 544 1179 519 1180 520 1180 543 1180 512 1181 519 1181 542 1181 510 1182 512 1182 541 1182 511 1183 510 1183 540 1183 518 1184 511 1184 538 1184 482 1185 552 1185 553 1185 481 1186 485 1186 551 1186 457 1187 564 1187 565 1187 459 1188 563 1188 564 1188 461 1189 562 1189 563 1189 463 1190 561 1190 562 1190 467 1191 559 1191 560 1191 469 1192 558 1192 559 1192 471 1193 557 1193 558 1193 473 1194 556 1194 557 1194 475 1195 555 1195 556 1195 477 1196 554 1196 555 1196 553 1197 479 1197 482 1197 552 1198 482 1198 481 1198 505 1199 507 1199 540 1199 507 1200 509 1200 538 1200 564 1201 457 1201 459 1201 562 1202 461 1202 463 1202 465 1203 560 1203 561 1203 559 1204 467 1204 469 1204 557 1205 471 1205 473 1205 555 1206 475 1206 477 1206 479 1207 553 1207 554 1207 551 1208 552 1208 481 1208 485 1209 487 1209 550 1209 487 1210 489 1210 549 1210 489 1211 491 1211 548 1211 491 1212 493 1212 547 1212 503 1213 505 1213 541 1213 538 1214 540 1214 507 1214 509 1215 452 1215 539 1215 455 1216 565 1216 539 1216 563 1217 459 1217 461 1217 560 1218 465 1218 467 1218 556 1219 473 1219 475 1219 549 1220 550 1220 487 1220 547 1221 548 1221 491 1221 493 1222 495 1222 546 1222 495 1223 497 1223 545 1223 540 1224 541 1224 505 1224 539 1225 452 1225 455 1225 561 1226 463 1226 465 1226 554 1227 477 1227 479 1227 548 1228 549 1228 489 1228 545 1229 546 1229 495 1229 497 1230 499 1230 544 1230 499 1231 501 1231 543 1231 539 1232 538 1232 509 1232 558 1233 469 1233 471 1233 546 1234 547 1234 493 1234 543 1235 544 1235 499 1235 565 1236 455 1236 457 1236 544 1237 545 1237 497 1237 550 1238 551 1238 485 1238 501 1239 503 1239 542 1239 542 1240 543 1240 501 1240 541 1241 542 1241 503 1241 566 1242 568 1242 567 1242 567 1243 568 1243 566 1243 578 1244 569 1244 568 1244 568 1245 567 1245 578 1245 587 1246 579 1246 586 1246 579 1247 587 1247 569 1247 576 1248 567 1248 568 1248 576 1249 568 1249 570 1249 571 1250 576 1250 570 1250 572 1251 571 1251 573 1251 574 1252 572 1252 573 1252 580 1253 583 1253 575 1253 574 1254 575 1254 583 1254 572 1255 576 1255 571 1255 574 1256 583 1256 572 1256 571 1257 572 1257 570 1257 571 1258 570 1258 572 1258 574 1259 572 1259 582 1259 574 1260 582 1260 572 1260 582 1261 573 1261 574 1261 573 1262 582 1262 574 1262 588 1263 583 1263 580 1263 584 1264 588 1264 579 1264 585 1265 584 1265 578 1265 570 1266 585 1266 576 1266 572 1267 581 1267 570 1267 576 1268 572 1268 570 1268 577 1269 576 1269 585 1269 578 1270 577 1270 585 1270 579 1271 578 1271 584 1271 580 1272 579 1272 588 1272 581 1273 583 1273 582 1273 572 1274 583 1274 581 1274 578 1275 579 1275 569 1275 567 1276 577 1276 578 1276 579 1277 580 1277 586 1277 577 1278 567 1278 576 1278 575 1279 586 1279 580 1279 573 1280 575 1280 574 1280 587 1281 580 1281 586 1281 580 1282 588 1282 586 1282 588 1283 587 1283 586 1283 587 1284 588 1284 580 1284 586 1285 588 1285 587 1285 584 1286 587 1286 588 1286 575 1287 583 1287 588 1287 588 1288 586 1288 575 1288 568 1289 569 1289 585 1289 569 1290 587 1290 584 1290 569 1291 584 1291 585 1291 570 1292 581 1292 571 1292 585 1293 570 1293 568 1293 582 1294 575 1294 573 1294 573 1295 581 1295 582 1295 582 1296 583 1296 575 1296 573 1297 571 1297 581 1297 589 1298 618 1298 592 1298 603 1299 593 1299 591 1299 618 1300 613 1300 592 1300 590 1301 612 1301 620 1301 590 1302 611 1302 594 1302 608 1303 597 1303 593 1303 611 1304 604 1304 594 1304 593 1305 603 1305 608 1305 613 1306 607 1306 598 1306 609 1307 599 1307 600 1307 598 1308 592 1308 613 1308 630 1309 594 1309 604 1309 604 1310 610 1310 600 1310 599 1311 609 1311 615 1311 600 1312 630 1312 604 1312 599 1313 615 1313 591 1313 600 1314 610 1314 609 1314 602 1315 589 1315 595 1315 660 1316 595 1316 597 1316 659 1317 597 1317 608 1317 606 1318 605 1318 596 1318 619 1319 596 1319 607 1319 596 1320 619 1320 606 1320 597 1321 659 1321 660 1321 595 1322 660 1322 602 1322 589 1323 602 1323 601 1323 614 1324 603 1324 591 1324 621 1325 604 1325 611 1325 671 1326 590 1326 620 1326 619 1327 607 1327 613 1327 605 1328 606 1328 612 1328 590 1329 671 1329 611 1329 604 1330 621 1330 610 1330 591 1331 615 1331 614 1331 603 1332 614 1332 608 1332 602 1333 616 1333 601 1333 622 1334 615 1334 609 1334 622 1335 609 1335 610 1335 621 1336 611 1336 671 1336 589 1337 601 1337 618 1337 613 1338 618 1338 619 1338 612 1339 606 1339 620 1339 608 1340 614 1340 659 1340 602 1341 660 1341 616 1341 614 1342 615 1342 665 1342 615 1343 622 1343 665 1343 659 1344 614 1344 661 1344 616 1345 617 1345 601 1345 617 1346 618 1346 601 1346 669 1347 619 1347 618 1347 621 1348 622 1348 610 1348 600 1349 599 1349 623 1349 599 1350 591 1350 624 1350 591 1351 593 1351 634 1351 595 1352 589 1352 653 1352 598 1353 645 1353 627 1353 627 1354 592 1354 598 1354 598 1355 607 1355 628 1355 607 1356 596 1356 628 1356 612 1357 590 1357 629 1357 590 1358 594 1358 629 1358 649 1359 594 1359 630 1359 630 1360 600 1360 631 1360 637 1361 612 1361 629 1361 605 1362 612 1362 632 1362 596 1363 605 1363 632 1363 628 1364 596 1364 638 1364 597 1365 595 1365 633 1365 633 1366 595 1366 625 1366 658 1367 593 1367 597 1367 658 1368 634 1368 593 1368 633 1369 658 1369 597 1369 632 1370 638 1370 596 1370 637 1371 632 1371 612 1371 649 1372 629 1372 594 1372 628 1373 645 1373 598 1373 627 1374 626 1374 592 1374 589 1375 592 1375 626 1375 626 1376 653 1376 589 1376 653 1377 625 1377 595 1377 634 1378 624 1378 591 1378 624 1379 623 1379 599 1379 623 1380 631 1380 600 1380 635 1381 658 1381 633 1381 657 1382 634 1382 658 1382 632 1383 637 1383 641 1383 639 1384 644 1384 643 1384 632 1385 639 1385 638 1385 642 1386 637 1386 629 1386 629 1387 649 1387 642 1387 642 1388 640 1388 641 1388 644 1389 640 1389 642 1389 638 1390 639 1390 643 1390 641 1391 637 1391 642 1391 643 1392 645 1392 628 1392 644 1393 645 1393 643 1393 628 1394 638 1394 643 1394 646 1395 633 1395 625 1395 625 1396 653 1396 646 1396 647 1397 657 1397 636 1397 635 1398 633 1398 646 1398 647 1399 636 1399 648 1399 648 1400 623 1400 647 1400 647 1401 624 1401 634 1401 647 1402 623 1402 624 1402 634 1403 657 1403 647 1403 648 1404 649 1404 631 1404 649 1405 630 1405 631 1405 631 1406 623 1406 648 1406 650 1407 649 1407 648 1407 648 1408 651 1408 650 1408 650 1409 678 1409 649 1409 642 1410 649 1410 678 1410 652 1411 666 1411 650 1411 650 1412 651 1412 652 1412 666 1413 678 1413 650 1413 626 1414 627 1414 653 1414 656 1415 653 1415 627 1415 627 1416 654 1416 656 1416 645 1417 654 1417 627 1417 656 1418 693 1418 653 1418 656 1419 654 1419 655 1419 654 1420 645 1420 655 1420 635 1421 662 1421 663 1421 663 1422 658 1422 635 1422 635 1423 646 1423 662 1423 663 1424 660 1424 659 1424 661 1425 665 1425 658 1425 658 1426 659 1426 661 1426 658 1427 663 1427 659 1427 646 1428 636 1428 662 1428 636 1429 657 1429 662 1429 662 1430 664 1430 663 1430 657 1431 664 1431 662 1431 664 1432 657 1432 963 1432 657 1433 658 1433 665 1433 665 1434 963 1434 657 1434 664 1435 667 1435 668 1435 668 1436 663 1436 664 1436 663 1437 668 1437 660 1437 622 1438 666 1438 665 1438 622 1439 621 1439 666 1439 664 1440 963 1440 696 1440 697 1441 667 1441 664 1441 696 1442 697 1442 664 1442 669 1443 617 1443 668 1443 619 1444 669 1444 639 1444 669 1445 673 1445 639 1445 619 1446 639 1446 632 1446 632 1447 672 1447 619 1447 671 1448 672 1448 670 1448 632 1449 670 1449 672 1449 669 1450 618 1450 617 1450 672 1451 606 1451 619 1451 672 1452 620 1452 606 1452 616 1453 660 1453 668 1453 665 1454 661 1454 614 1454 620 1455 672 1455 671 1455 616 1456 668 1456 617 1456 676 1457 674 1457 673 1457 671 1458 670 1458 674 1458 644 1459 675 1459 640 1459 675 1460 677 1460 641 1460 677 1461 670 1461 641 1461 632 1462 641 1462 670 1462 641 1463 640 1463 675 1463 676 1464 671 1464 674 1464 666 1465 621 1465 671 1465 676 1466 666 1466 671 1466 675 1467 644 1467 677 1467 677 1468 644 1468 639 1468 639 1469 673 1469 677 1469 673 1470 674 1470 677 1470 677 1471 674 1471 670 1471 689 1472 676 1472 673 1472 676 1473 689 1473 246 1473 665 1474 652 1474 696 1474 696 1475 652 1475 691 1475 678 1476 246 1476 679 1476 652 1477 665 1477 666 1477 246 1478 678 1478 666 1478 246 1479 666 1479 676 1479 963 1480 665 1480 696 1480 691 1481 680 1481 696 1481 700 1482 680 1482 691 1482 681 1483 682 1483 700 1483 700 1484 691 1484 681 1484 668 1485 656 1485 655 1485 681 1486 656 1486 697 1486 669 1487 655 1487 689 1487 668 1488 667 1488 656 1488 655 1489 669 1489 668 1489 655 1490 683 1490 280 1490 689 1491 673 1491 669 1491 697 1492 656 1492 667 1492 697 1493 682 1493 681 1493 280 1494 689 1494 655 1494 690 1495 684 1495 678 1495 690 1496 683 1496 684 1496 683 1497 690 1497 280 1497 678 1498 679 1498 690 1498 642 1499 684 1499 644 1499 655 1500 645 1500 687 1500 683 1501 655 1501 687 1501 678 1502 684 1502 685 1502 684 1503 642 1503 685 1503 644 1504 687 1504 645 1504 683 1505 687 1505 684 1505 684 1506 687 1506 644 1506 678 1507 685 1507 642 1507 687 1508 686 1508 684 1508 686 1509 687 1509 684 1509 688 1510 685 1510 678 1510 685 1511 679 1511 678 1511 679 1512 688 1512 678 1512 689 1513 280 1513 686 1513 685 1514 688 1514 690 1514 689 1515 686 1515 690 1515 689 1516 679 1516 246 1516 686 1517 280 1517 690 1517 687 1518 689 1518 686 1518 687 1519 686 1519 689 1519 688 1520 679 1520 689 1520 679 1521 685 1521 690 1521 690 1522 688 1522 689 1522 690 1523 684 1523 644 1523 644 1524 684 1524 690 1524 692 1525 648 1525 691 1525 691 1526 648 1526 692 1526 636 1527 646 1527 694 1527 656 1528 681 1528 693 1528 691 1529 652 1529 651 1529 691 1530 636 1530 695 1530 636 1531 691 1531 648 1531 694 1532 681 1532 691 1532 646 1533 693 1533 694 1533 653 1534 693 1534 646 1534 694 1535 693 1535 681 1535 695 1536 636 1536 691 1536 651 1537 648 1537 691 1537 636 1538 694 1538 691 1538 698 1539 693 1539 682 1539 682 1540 693 1540 698 1540 696 1541 699 1541 692 1541 699 1542 680 1542 700 1542 698 1543 700 1543 694 1543 694 1544 700 1544 698 1544 693 1545 697 1545 682 1545 682 1546 697 1546 693 1546 696 1547 699 1547 700 1547 697 1548 698 1548 682 1548 697 1549 696 1549 700 1549 700 1550 698 1550 701 1550 698 1551 700 1551 701 1551 692 1552 699 1552 696 1552 699 1553 696 1553 680 1553 700 1554 698 1554 697 1554 682 1555 698 1555 700 1555 700 1556 701 1556 636 1556 636 1557 701 1557 700 1557 702 1558 705 1558 706 1558 702 1559 704 1559 705 1559 703 1560 702 1560 706 1560 702 1561 703 1561 704 1561 706 1562 704 1562 703 1562 703 1563 702 1563 704 1563 702 1564 703 1564 706 1564 706 1565 705 1565 702 1565 704 1566 706 1566 703 1566 705 1567 704 1567 702 1567 707 1568 758 1568 708 1568 711 1569 709 1569 710 1569 710 1570 707 1570 711 1570 711 1571 707 1571 712 1571 747 1572 237 1572 711 1572 710 1573 758 1573 707 1573 758 1574 997 1574 708 1574 712 1575 707 1575 713 1575 713 1576 714 1576 712 1576 711 1577 714 1577 716 1577 714 1578 711 1578 712 1578 707 1579 708 1579 713 1579 715 1580 713 1580 708 1580 716 1581 714 1581 713 1581 713 1582 715 1582 716 1582 240 1583 237 1583 747 1583 773 1584 241 1584 242 1584 243 1585 773 1585 242 1585 767 1586 243 1586 244 1586 764 1587 767 1587 244 1587 247 1588 244 1588 243 1588 743 1589 242 1589 241 1589 732 1590 708 1590 997 1590 717 1591 732 1591 718 1591 943 1592 717 1592 718 1592 1004 1593 720 1593 719 1593 737 1594 724 1594 721 1594 721 1595 755 1595 737 1595 774 1596 721 1596 724 1596 718 1597 719 1597 943 1597 997 1598 718 1598 732 1598 738 1599 722 1599 746 1599 737 1600 746 1600 244 1600 736 1601 244 1601 723 1601 724 1602 723 1602 247 1602 735 1603 247 1603 725 1603 735 1604 725 1604 726 1604 734 1605 726 1605 745 1605 720 1606 745 1606 744 1606 733 1607 744 1607 743 1607 943 1608 743 1608 241 1608 717 1609 241 1609 727 1609 728 1610 727 1610 729 1610 732 1611 729 1611 730 1611 731 1612 730 1612 716 1612 716 1613 715 1613 731 1613 730 1614 731 1614 732 1614 729 1615 732 1615 728 1615 727 1616 728 1616 717 1616 241 1617 717 1617 943 1617 743 1618 943 1618 733 1618 744 1619 733 1619 720 1619 745 1620 720 1620 734 1620 726 1621 734 1621 735 1621 247 1622 735 1622 724 1622 723 1623 724 1623 736 1623 244 1624 736 1624 737 1624 746 1625 737 1625 738 1625 717 1626 728 1626 732 1626 737 1627 736 1627 724 1627 733 1628 943 1628 719 1628 734 1629 1004 1629 774 1629 734 1630 720 1630 1004 1630 719 1631 720 1631 733 1631 735 1632 774 1632 724 1632 732 1633 731 1633 708 1633 731 1634 715 1634 708 1634 774 1635 735 1635 734 1635 737 1636 739 1636 738 1636 739 1637 740 1637 738 1637 741 1638 742 1638 740 1638 740 1639 739 1639 741 1639 242 1640 743 1640 744 1640 744 1641 745 1641 242 1641 716 1642 729 1642 747 1642 725 1643 243 1643 242 1643 242 1644 745 1644 725 1644 741 1645 764 1645 746 1645 247 1646 243 1646 725 1646 764 1647 244 1647 746 1647 240 1648 747 1648 241 1648 747 1649 711 1649 716 1649 722 1650 738 1650 740 1650 740 1651 742 1651 722 1651 722 1652 742 1652 741 1652 741 1653 746 1653 722 1653 723 1654 244 1654 247 1654 726 1655 725 1655 745 1655 727 1656 241 1656 747 1656 729 1657 716 1657 730 1657 747 1658 729 1658 727 1658 709 1659 711 1659 748 1659 768 1660 749 1660 750 1660 760 1661 769 1661 750 1661 760 1662 750 1662 751 1662 751 1663 752 1663 753 1663 753 1664 752 1664 754 1664 754 1665 756 1665 761 1665 762 1666 761 1666 756 1666 762 1667 756 1667 757 1667 755 1668 762 1668 757 1668 761 1669 753 1669 754 1669 753 1670 760 1670 751 1670 769 1671 768 1671 750 1671 749 1672 710 1672 709 1672 750 1673 752 1673 751 1673 710 1674 759 1674 758 1674 753 1675 761 1675 770 1675 761 1676 762 1676 770 1676 768 1677 710 1677 749 1677 757 1678 756 1678 763 1678 763 1679 764 1679 757 1679 765 1680 754 1680 752 1680 756 1681 754 1681 765 1681 750 1682 766 1682 752 1682 766 1683 750 1683 749 1683 749 1684 709 1684 766 1684 752 1685 766 1685 773 1685 765 1686 752 1686 773 1686 756 1687 765 1687 767 1687 763 1688 756 1688 767 1688 748 1689 766 1689 709 1689 771 1690 762 1690 755 1690 770 1691 769 1691 753 1691 769 1692 760 1692 753 1692 710 1693 768 1693 759 1693 770 1694 762 1694 771 1694 757 1695 764 1695 755 1695 772 1696 764 1696 741 1696 764 1697 772 1697 755 1697 741 1698 739 1698 772 1698 755 1699 739 1699 737 1699 739 1700 755 1700 772 1700 773 1701 243 1701 765 1701 767 1702 765 1702 243 1702 766 1703 240 1703 241 1703 766 1704 237 1704 240 1704 241 1705 773 1705 766 1705 767 1706 764 1706 763 1706 748 1707 711 1707 237 1707 766 1708 748 1708 237 1708 770 1709 721 1709 774 1709 719 1710 718 1710 759 1710 770 1711 755 1711 721 1711 719 1712 769 1712 1004 1712 759 1713 768 1713 719 1713 755 1714 770 1714 771 1714 769 1715 719 1715 768 1715 774 1716 1004 1716 769 1716 718 1717 997 1717 759 1717 759 1718 997 1718 758 1718 770 1719 774 1719 769 1719 776 1720 817 1720 780 1720 780 1721 775 1721 776 1721 145 1722 776 1722 775 1722 776 1723 168 1723 817 1723 780 1724 145 1724 775 1724 234 1725 799 1725 180 1725 777 1726 799 1726 184 1726 222 1727 168 1727 776 1727 805 1728 778 1728 789 1728 778 1729 158 1729 779 1729 778 1730 779 1730 789 1730 780 1731 805 1731 789 1731 780 1732 789 1732 145 1732 180 1733 779 1733 158 1733 158 1734 818 1734 180 1734 818 1735 234 1735 180 1735 184 1736 799 1736 234 1736 781 1737 220 1737 184 1737 782 1738 781 1738 184 1738 184 1739 220 1739 777 1739 222 1740 220 1740 784 1740 784 1741 810 1741 222 1741 168 1742 222 1742 810 1742 781 1743 782 1743 785 1743 220 1744 781 1744 785 1744 784 1745 220 1745 785 1745 783 1746 782 1746 184 1746 809 1747 783 1747 184 1747 782 1748 783 1748 809 1748 787 1749 786 1749 784 1749 787 1750 784 1750 785 1750 810 1751 784 1751 786 1751 787 1752 810 1752 786 1752 145 1753 789 1753 791 1753 806 1754 795 1754 804 1754 804 1755 795 1755 789 1755 791 1756 788 1756 795 1756 776 1757 791 1757 801 1757 776 1758 801 1758 790 1758 795 1759 801 1759 791 1759 802 1760 779 1760 180 1760 790 1761 798 1761 800 1761 180 1762 799 1762 797 1762 777 1763 808 1763 799 1763 777 1764 220 1764 808 1764 222 1765 798 1765 796 1765 796 1766 220 1766 222 1766 222 1767 800 1767 798 1767 222 1768 776 1768 800 1768 776 1769 790 1769 800 1769 803 1770 779 1770 806 1770 779 1771 803 1771 789 1771 807 1772 795 1772 788 1772 789 1773 795 1773 807 1773 796 1774 808 1774 220 1774 180 1775 797 1775 802 1775 802 1776 806 1776 779 1776 804 1777 789 1777 806 1777 791 1778 776 1778 145 1778 788 1779 791 1779 789 1779 802 1780 812 1780 794 1780 802 1781 797 1781 812 1781 792 1782 820 1782 790 1782 795 1783 793 1783 792 1783 806 1784 802 1784 794 1784 794 1785 793 1785 806 1785 793 1786 795 1786 806 1786 792 1787 790 1787 795 1787 782 1788 812 1788 796 1788 798 1789 820 1789 785 1789 797 1790 796 1790 812 1790 796 1791 785 1791 782 1791 798 1792 790 1792 820 1792 796 1793 797 1793 808 1793 796 1794 798 1794 785 1794 799 1795 808 1795 809 1795 819 1796 778 1796 804 1796 813 1797 788 1797 805 1797 813 1798 805 1798 788 1798 158 1799 825 1799 803 1799 158 1800 803 1800 825 1800 803 1801 778 1801 789 1801 803 1802 806 1802 778 1802 806 1803 789 1803 819 1803 819 1804 778 1804 806 1804 778 1805 819 1805 789 1805 805 1806 807 1806 788 1806 807 1807 788 1807 789 1807 788 1808 807 1808 805 1808 824 1809 813 1809 791 1809 824 1810 791 1810 813 1810 809 1811 812 1811 797 1811 797 1812 799 1812 809 1812 808 1813 797 1813 812 1813 808 1814 812 1814 809 1814 798 1815 800 1815 810 1815 801 1816 795 1816 790 1816 801 1817 820 1817 792 1817 792 1818 820 1818 801 1818 793 1819 813 1819 792 1819 804 1820 778 1820 793 1820 804 1821 793 1821 819 1821 158 1822 778 1822 825 1822 825 1823 778 1823 819 1823 814 1824 817 1824 168 1824 810 1825 800 1825 814 1825 814 1826 168 1826 810 1826 234 1827 816 1827 815 1827 816 1828 234 1828 818 1828 780 1829 817 1829 822 1829 820 1830 792 1830 822 1830 792 1831 780 1831 822 1831 818 1832 823 1832 812 1832 826 1833 818 1833 158 1833 780 1834 792 1834 824 1834 813 1835 824 1835 792 1835 826 1836 819 1836 812 1836 825 1837 826 1837 158 1837 787 1838 798 1838 810 1838 800 1839 798 1839 820 1839 826 1840 812 1840 811 1840 812 1841 793 1841 794 1841 793 1842 812 1842 819 1842 805 1843 813 1843 793 1843 805 1844 793 1844 778 1844 813 1845 780 1845 824 1845 805 1846 780 1846 813 1846 809 1847 184 1847 234 1847 782 1848 809 1848 812 1848 234 1849 815 1849 809 1849 785 1850 820 1850 798 1850 823 1851 811 1851 812 1851 787 1852 785 1852 798 1852 814 1853 800 1853 820 1853 814 1854 820 1854 817 1854 821 1855 815 1855 816 1855 812 1856 821 1856 816 1856 816 1857 818 1857 812 1857 812 1858 809 1858 821 1858 821 1859 809 1859 815 1859 817 1860 820 1860 822 1860 818 1861 826 1861 823 1861 826 1862 811 1862 823 1862 825 1863 819 1863 826 1863 827 1864 828 1864 829 1864 830 1865 829 1865 831 1865 832 1866 831 1866 833 1866 834 1867 833 1867 835 1867 836 1868 835 1868 837 1868 838 1869 837 1869 839 1869 840 1870 839 1870 841 1870 841 1871 842 1871 843 1871 842 1872 844 1872 843 1872 844 1873 842 1873 845 1873 846 1874 845 1874 847 1874 848 1875 847 1875 849 1875 850 1876 849 1876 851 1876 852 1877 851 1877 853 1877 854 1878 853 1878 855 1878 856 1879 855 1879 828 1879 828 1880 827 1880 856 1880 855 1881 856 1881 854 1881 853 1882 854 1882 852 1882 851 1883 852 1883 850 1883 849 1884 850 1884 848 1884 847 1885 848 1885 846 1885 845 1886 846 1886 844 1886 841 1887 843 1887 840 1887 839 1888 840 1888 838 1888 837 1889 838 1889 836 1889 835 1890 836 1890 834 1890 833 1891 834 1891 832 1891 831 1892 832 1892 830 1892 829 1893 830 1893 827 1893 841 1894 858 1894 857 1894 851 1895 859 1895 860 1895 849 1896 861 1896 859 1896 847 1897 862 1897 861 1897 847 1898 845 1898 863 1898 857 1899 842 1899 841 1899 839 1900 864 1900 858 1900 859 1901 851 1901 849 1901 863 1902 862 1902 847 1902 842 1903 857 1903 863 1903 858 1904 841 1904 839 1904 835 1905 833 1905 865 1905 833 1906 831 1906 866 1906 828 1907 867 1907 868 1907 828 1908 855 1908 869 1908 861 1909 849 1909 847 1909 837 1910 870 1910 864 1910 837 1911 835 1911 871 1911 866 1912 865 1912 833 1912 829 1913 868 1913 866 1913 869 1914 867 1914 828 1914 855 1915 853 1915 860 1915 863 1916 845 1916 842 1916 871 1917 870 1917 837 1917 866 1918 831 1918 829 1918 860 1919 869 1919 855 1919 864 1920 839 1920 837 1920 868 1921 829 1921 828 1921 865 1922 871 1922 835 1922 860 1923 853 1923 851 1923 872 1924 873 1924 867 1924 874 1925 872 1925 869 1925 875 1926 874 1926 860 1926 876 1927 875 1927 859 1927 877 1928 876 1928 861 1928 878 1929 877 1929 862 1929 879 1930 878 1930 863 1930 880 1931 857 1931 858 1931 881 1932 880 1932 858 1932 882 1933 881 1933 864 1933 883 1934 882 1934 870 1934 884 1935 883 1935 871 1935 885 1936 884 1936 865 1936 886 1937 885 1937 866 1937 873 1938 886 1938 868 1938 868 1939 867 1939 873 1939 866 1940 868 1940 886 1940 865 1941 866 1941 885 1941 871 1942 865 1942 884 1942 870 1943 871 1943 883 1943 864 1944 870 1944 882 1944 858 1945 864 1945 881 1945 880 1946 879 1946 857 1946 863 1947 857 1947 879 1947 862 1948 863 1948 878 1948 861 1949 862 1949 877 1949 859 1950 861 1950 876 1950 860 1951 859 1951 875 1951 869 1952 860 1952 874 1952 867 1953 869 1953 872 1953 843 1954 844 1954 879 1954 850 1955 852 1955 875 1955 852 1956 854 1956 874 1956 854 1957 856 1957 872 1957 856 1958 827 1958 873 1958 843 1959 880 1959 881 1959 879 1960 880 1960 843 1960 874 1961 875 1961 852 1961 873 1962 872 1962 856 1962 827 1963 830 1963 886 1963 830 1964 832 1964 885 1964 844 1965 846 1965 878 1965 872 1966 874 1966 854 1966 885 1967 886 1967 830 1967 832 1968 834 1968 884 1968 834 1969 836 1969 883 1969 838 1970 840 1970 881 1970 878 1971 879 1971 844 1971 848 1972 877 1972 878 1972 848 1973 850 1973 876 1973 886 1974 873 1974 827 1974 883 1975 884 1975 834 1975 881 1976 840 1976 843 1976 876 1977 877 1977 848 1977 884 1978 885 1978 832 1978 838 1979 882 1979 883 1979 878 1980 846 1980 848 1980 883 1981 836 1981 838 1981 875 1982 876 1982 850 1982 881 1983 882 1983 838 1983 893 1984 887 1984 891 1984 892 1985 891 1985 887 1985 890 1986 892 1986 888 1986 887 1987 888 1987 892 1987 890 1988 888 1988 889 1988 893 1989 889 1989 887 1989 893 1990 890 1990 889 1990 888 1991 887 1991 892 1991 891 1992 892 1992 887 1992 889 1993 893 1993 891 1993 891 1994 887 1994 889 1994 888 1995 890 1995 893 1995 893 1996 889 1996 888 1996 892 1997 890 1997 888 1997 894 1998 896 1998 895 1998 896 1999 897 1999 895 1999 897 2000 898 2000 895 2000 899 2001 894 2001 895 2001 899 2002 900 2002 894 2002 894 2003 900 2003 901 2003 901 2004 896 2004 894 2004 895 2005 898 2005 899 2005 901 2006 907 2006 902 2006 896 2007 902 2007 909 2007 897 2008 909 2008 911 2008 900 2009 906 2009 910 2009 900 2010 910 2010 907 2010 906 2011 899 2011 903 2011 899 2012 898 2012 903 2012 911 2013 903 2013 898 2013 898 2014 897 2014 911 2014 903 2015 911 2015 906 2015 907 2016 901 2016 900 2016 906 2017 900 2017 899 2017 909 2018 897 2018 896 2018 902 2019 896 2019 901 2019 903 2020 898 2020 904 2020 898 2021 903 2021 904 2021 909 2022 902 2022 908 2022 906 2023 911 2023 905 2023 911 2024 913 2024 905 2024 915 2025 909 2025 908 2025 909 2026 915 2026 911 2026 907 2027 920 2027 912 2027 902 2028 912 2028 908 2028 911 2029 915 2029 913 2029 906 2030 916 2030 914 2030 910 2031 914 2031 920 2031 920 2032 907 2032 910 2032 914 2033 910 2033 906 2033 916 2034 906 2034 905 2034 913 2035 916 2035 905 2035 912 2036 902 2036 907 2036 923 2037 912 2037 928 2037 917 2038 927 2038 915 2038 928 2039 922 2039 912 2039 913 2040 918 2040 919 2040 914 2041 916 2041 924 2041 917 2042 908 2042 923 2042 918 2043 913 2043 927 2043 920 2044 921 2044 912 2044 913 2045 919 2045 916 2045 923 2046 908 2046 912 2046 908 2047 917 2047 915 2047 920 2048 914 2048 924 2048 922 2049 923 2049 912 2049 921 2050 928 2050 912 2050 918 2051 929 2051 919 2051 916 2052 929 2052 924 2052 924 2053 925 2053 920 2053 921 2054 920 2054 925 2054 929 2055 916 2055 919 2055 924 2056 929 2056 916 2056 930 2057 924 2057 916 2057 930 2058 916 2058 929 2058 925 2059 914 2059 924 2059 924 2060 914 2060 925 2060 919 2061 926 2061 913 2061 919 2062 913 2062 926 2062 914 2063 920 2063 925 2063 920 2064 914 2064 925 2064 913 2065 918 2065 926 2065 918 2066 913 2066 926 2066 913 2067 915 2067 927 2067 927 2068 917 2068 915 2068 917 2069 915 2069 927 2069 927 2070 915 2070 917 2070 922 2071 928 2071 912 2071 928 2072 922 2072 912 2072 928 2073 912 2073 923 2073 919 2074 929 2074 930 2074 929 2075 919 2075 930 2075 920 2076 928 2076 921 2076 928 2077 920 2077 921 2077 915 2078 926 2078 927 2078 926 2079 929 2079 919 2079 914 2080 925 2080 924 2080 930 2081 914 2081 924 2081 925 2082 914 2082 928 2082 929 2083 926 2083 930 2083 925 2084 928 2084 921 2084 918 2085 926 2085 919 2085 919 2086 929 2086 918 2086 926 2087 918 2087 927 2087 922 2088 928 2088 923 2088 917 2089 923 2089 928 2089 915 2090 917 2090 928 2090 926 2091 915 2091 931 2091 915 2092 932 2092 931 2092 915 2093 928 2093 932 2093 928 2094 914 2094 933 2094 914 2095 930 2095 933 2095 930 2096 926 2096 934 2096 931 2097 934 2097 926 2097 934 2098 933 2098 930 2098 933 2099 932 2099 928 2099 933 2100 934 2100 935 2100 934 2101 931 2101 936 2101 931 2102 937 2102 936 2102 937 2103 931 2103 932 2103 932 2104 933 2104 937 2104 933 2105 935 2105 937 2105 936 2106 935 2106 934 2106 936 2107 937 2107 935 2107 963 2108 696 2108 938 2108 737 2109 963 2109 938 2109 938 2110 755 2110 737 2110 939 2111 953 2111 940 2111 940 2112 938 2112 939 2112 955 2113 938 2113 941 2113 955 2114 939 2114 938 2114 680 2115 944 2115 941 2115 941 2116 938 2116 680 2116 680 2117 682 2117 944 2117 724 2118 755 2118 721 2118 721 2119 774 2119 724 2119 720 2120 774 2120 1004 2120 720 2121 1004 2121 719 2121 732 2122 719 2122 718 2122 718 2123 997 2123 732 2123 997 2124 708 2124 732 2124 732 2125 943 2125 719 2125 755 2126 724 2126 737 2126 963 2127 959 2127 962 2127 959 2128 963 2128 942 2128 963 2129 962 2129 696 2129 697 2130 959 2130 942 2130 697 2131 942 2131 667 2131 943 2132 720 2132 719 2132 774 2133 720 2133 724 2133 667 2134 945 2134 944 2134 708 2135 997 2135 945 2135 667 2136 708 2136 945 2136 667 2137 944 2137 682 2137 682 2138 697 2138 667 2138 944 2139 945 2139 947 2139 941 2140 944 2140 946 2140 947 2141 946 2141 944 2141 947 2142 948 2142 958 2142 1006 2143 958 2143 948 2143 1006 2144 948 2144 949 2144 949 2145 948 2145 947 2145 940 2146 987 2146 950 2146 952 2147 950 2147 987 2147 987 2148 951 2148 952 2148 952 2149 951 2149 1008 2149 940 2150 950 2150 952 2150 1008 2151 940 2151 952 2151 954 2152 953 2152 939 2152 939 2153 955 2153 954 2153 954 2154 987 2154 953 2154 954 2155 955 2155 987 2155 956 2156 957 2156 946 2156 946 2157 947 2157 956 2157 956 2158 947 2158 958 2158 958 2159 946 2159 957 2159 958 2160 957 2160 956 2160 959 2161 697 2161 682 2161 680 2162 959 2162 682 2162 680 2163 938 2163 696 2163 680 2164 696 2164 962 2164 962 2165 959 2165 680 2165 959 2166 942 2166 960 2166 959 2167 960 2167 942 2167 964 2168 963 2168 962 2168 963 2169 964 2169 962 2169 959 2170 961 2170 682 2170 682 2171 961 2171 959 2171 961 2172 942 2172 682 2172 961 2173 682 2173 942 2173 667 2174 942 2174 961 2174 963 2175 964 2175 942 2175 961 2176 942 2176 964 2176 961 2177 964 2177 969 2177 737 2178 724 2178 963 2178 963 2179 983 2179 964 2179 963 2180 724 2180 983 2180 724 2181 965 2181 983 2181 966 2182 724 2182 720 2182 966 2183 965 2183 724 2183 720 2184 943 2184 967 2184 967 2185 943 2185 732 2185 732 2186 961 2186 968 2186 969 2187 968 2187 961 2187 732 2188 708 2188 961 2188 732 2189 968 2189 967 2189 720 2190 967 2190 966 2190 961 2191 708 2191 667 2191 964 2192 983 2192 982 2192 964 2193 982 2193 969 2193 981 2194 968 2194 969 2194 968 2195 981 2195 990 2195 968 2196 990 2196 967 2196 970 2197 966 2197 967 2197 965 2198 966 2198 970 2198 985 2199 983 2199 965 2199 940 2200 953 2200 987 2200 978 2201 987 2201 955 2201 946 2202 958 2202 971 2202 972 2203 946 2203 971 2203 972 2204 973 2204 941 2204 941 2205 973 2205 975 2205 975 2206 978 2206 955 2206 955 2207 941 2207 975 2207 972 2208 941 2208 946 2208 977 2209 976 2209 975 2209 975 2210 973 2210 977 2210 978 2211 976 2211 977 2211 978 2212 975 2212 976 2212 977 2213 973 2213 974 2213 974 2214 978 2214 977 2214 979 2215 974 2215 973 2215 973 2216 972 2216 979 2216 979 2217 972 2217 971 2217 971 2218 974 2218 979 2218 994 2219 990 2219 989 2219 967 2220 994 2220 980 2220 967 2221 990 2221 994 2221 981 2222 969 2222 989 2222 989 2223 969 2223 988 2223 988 2224 982 2224 992 2224 996 2225 992 2225 985 2225 992 2226 983 2226 985 2226 965 2227 996 2227 985 2227 996 2228 965 2228 970 2228 980 2229 996 2229 970 2229 992 2230 982 2230 983 2230 988 2231 969 2231 982 2231 967 2232 980 2232 970 2232 984 2233 970 2233 995 2233 970 2234 984 2234 995 2234 970 2235 996 2235 984 2235 984 2236 996 2236 970 2236 996 2237 970 2237 965 2237 965 2238 970 2238 996 2238 965 2239 996 2239 984 2239 984 2240 996 2240 965 2240 965 2241 985 2241 986 2241 965 2242 986 2242 985 2242 986 2243 996 2243 965 2243 986 2244 965 2244 996 2244 986 2245 985 2245 992 2245 986 2246 951 2246 985 2246 992 2247 985 2247 951 2247 992 2248 983 2248 987 2248 992 2249 951 2249 983 2249 987 2250 983 2250 951 2250 974 2251 978 2251 982 2251 978 2252 974 2252 982 2252 971 2253 974 2253 988 2253 974 2254 971 2254 988 2254 988 2255 971 2255 969 2255 969 2256 971 2256 988 2256 958 2257 988 2257 971 2257 989 2258 990 2258 993 2258 981 2259 993 2259 990 2259 981 2260 989 2260 993 2260 981 2261 993 2261 1002 2261 1002 2262 993 2262 981 2262 994 2263 990 2263 1005 2263 1005 2264 990 2264 1002 2264 994 2265 1005 2265 993 2265 990 2266 994 2266 1002 2266 994 2267 993 2267 1002 2267 1005 2268 994 2268 995 2268 1005 2269 995 2269 994 2269 980 2270 991 2270 970 2270 991 2271 980 2271 970 2271 980 2272 991 2272 995 2272 980 2273 995 2273 991 2273 1004 2274 995 2274 991 2274 988 2275 994 2275 989 2275 978 2276 988 2276 992 2276 993 2277 994 2277 988 2277 980 2278 994 2278 995 2278 980 2279 995 2279 996 2279 993 2280 995 2280 994 2280 945 2281 1007 2281 1006 2281 945 2282 1006 2282 949 2282 945 2283 949 2283 947 2283 1007 2284 945 2284 997 2284 998 2285 718 2285 719 2285 755 2286 1008 2286 1000 2286 1000 2287 721 2287 755 2287 978 2288 992 2288 987 2288 988 2289 978 2289 974 2289 988 2290 974 2290 971 2290 1006 2291 993 2291 958 2291 958 2292 993 2292 988 2292 993 2293 1005 2293 995 2293 984 2294 995 2294 1004 2294 995 2295 1005 2295 991 2295 1001 2296 996 2296 984 2296 1003 2297 1001 2297 774 2297 774 2298 721 2298 1003 2298 721 2299 1000 2299 1003 2299 984 2300 996 2300 995 2300 1001 2301 986 2301 996 2301 996 2302 986 2302 992 2302 940 2303 1008 2303 938 2303 755 2304 938 2304 1008 2304 719 2305 1004 2305 999 2305 999 2306 998 2306 719 2306 998 2307 997 2307 718 2307 1006 2308 1002 2308 993 2308 991 2309 1005 2309 999 2309 991 2310 999 2310 1004 2310 999 2311 1005 2311 998 2311 1006 2312 1007 2312 1002 2312 1007 2313 998 2313 1002 2313 998 2314 1007 2314 997 2314 1002 2315 998 2315 1005 2315 1009 2316 951 2316 986 2316 986 2317 1001 2317 1009 2317 1000 2318 1008 2318 1009 2318 1001 2319 1003 2319 1000 2319 1009 2320 1001 2320 1000 2320 1008 2321 951 2321 1009 2321 1011 2322 1010 2322 1001 2322 1001 2323 984 2323 1011 2323 1004 2324 1010 2324 1011 2324 1001 2325 1010 2325 774 2325 1004 2326 774 2326 1010 2326 984 2327 1004 2327 1011 2327</p>
                </triangles>
            </mesh>
        </geometry>
    </library_geometries>
    <library_visual_scenes>
        <visual_scene id="VisualSceneNode" name="VisualScene">
            <node id="node" name="node">
                <instance_geometry url="#shape0-lib"/>
            </node>
        </visual_scene>
    </library_visual_scenes>
    <scene>
        <instance_visual_scene url="#VisualSceneNode"/>
    </scene>
</COLLADA>
