<?xml version="1.0" encoding="UTF-8"?>
<COLLADA xmlns="http://www.collada.org/2005/11/COLLADASchema" version="1.4.1">
    <asset>
        <contributor>
            <author>VCGLab</author>
            <authoring_tool>VCGLib | MeshLab</authoring_tool>
        </contributor>
        <created>Do. Aug. 4 07:56:58 2022 GMT</created>
        <modified>Do. Aug. 4 07:56:58 2022 GMT</modified>
        <up_axis>Y_UP</up_axis>
    </asset>
    <library_geometries>
        <geometry id="shape0-lib" name="shape0">
            <mesh>
                <source id="shape0-lib-positions" name="position">
                    <float_array id="shape0-lib-positions-array" count="11610">0.0160732 -0.0166425 0.103224 0.0160668 -0.0123004 0.10786 0.0160668 0.00546152 0.111314 0.0160732 0.0112243 0.108643 0.0160668 0.01586 0.1043 0.0160699 0.0192917 0.0865004 0.0160732 0.0166426 0.0807757 0.0160668 0.0123004 0.07614 0.0160489 -0.000620043 0.0703012 0.0158919 -0.0113631 0.0751629 0.0160634 -0.0174205 0.0812641 0.0159723 -0.021463 0.0930151 0.0229168 0.0112137 0.108627 0.0229374 0.00330824 0.112171 0.0160638 -0.0035402 0.1123 0.0229183 -0.00643176 0.111115 0.0229335 -0.0123757 0.107795 0.0229156 -0.0168995 0.102835 0.022936 -0.0201482 0.0876789 0.0160843 -0.0201325 0.0908041 0.0229129 -0.011101 0.0752475 0.0229183 0.001199 0.0718679 0.0160638 0.00432444 0.0718521 0.0229168 0.0166268 0.0807863 0.0229374 0.010625 0.0745381 0.0160625 0.0202991 0.0955443 0.0229395 0.0201832 0.088674 0.0229183 0.0191147 0.0984319 0.0230343 0.0192751 0.101338 0.023 -0.0183449 0.0798565 0.023 -0.0123013 0.0737606 0.023 -0.004385 0.0704414 0.023 0.0041989 0.0704044 0.023 0.0121435 0.0736551 0.023 0.0182395 0.0796987 0.023 0.0123013 0.11024 0.023 0.0215586 0.087615 0.023 0.0215956 0.0961989 0.023 0.00438501 0.113559 0.023 -0.00419889 0.113596 0.023 -0.0182394 0.104301 0.023 -0.0215586 0.096385 0.023 -0.0121435 0.110345 0.023 -0.0215956 0.0878011 0.0198975 0.0192148 0.101966 0.0192329 0.0215594 0.0950594 0.0201654 0.0209523 0.0861076 0.0194418 0.0135838 0.075132 0.0202053 -0.00298247 0.113579 0.0193684 -0.0118426 0.110466 0.0201317 -0.0139443 0.0754352 0.0210894 -0.0212596 0.0965148 0.0197305 -0.0179821 0.104129 0.0202977 -0.0210278 0.0866563 0.0189607 -0.0199301 0.0836733 0.0197174 0.0178732 0.0799484 0.0197284 0.00374538 0.113379 0.0194353 0.00944997 0.111505 0.019041 0.0137413 0.108904 0.0184725 -0.0207495 0.0979939 0.0197849 -0.000436287 0.070729 0.0187138 -0.0216695 0.0924659 0.0187952 0.00946472 0.0724859 0.0187944 -0.0101467 0.0728061 0.016898 -0.0175135 0.0788999 0.016 0.0183449 0.104144 0.016 0.0123013 0.11024 0.016 0.0215956 0.0961989 0.016 0.0215586 0.087615 0.016 0.0182395 0.0796987 0.016 0.0121435 0.0736551 0.0168961 0.00373307 0.070296 0.016 -0.0215956 0.0878011 0.016 -0.0182394 0.104301 0.016 -0.0121435 0.110345 0.016 -0.00419889 0.113596 0.016 0.00438501 0.113559 0.0229262 -0.014593 0.0705996 0.0229481 0.0177241 0.073182 0.0229349 0.0242666 0.0830742 0.0229331 0.0234129 0.103038 0.0229534 0.0258392 0.0912272 0.0220398 -0.0205239 0.0784056 0.022881 0.0185673 0.10877 0.0217066 0.0241157 0.0966889 0.0228367 0.00932445 0.115949 0.02258 -0.00469511 0.116148 0.02258 -0.0135787 0.112513 0.02258 -0.020395 0.105755 0.0217647 -0.00566384 0.0681954 0.0227435 0.00460314 0.0666035 0.0217066 0.020368 0.0782631 0.0222424 -0.024029 0.0972985 0.0194729 0.0017513 0.0666489 0.0197174 -0.0206395 0.105917 0.0195001 -0.0140951 0.113293 0.0193236 0.00506423 0.117003 0.0194381 0.0213634 0.10605 0.0201522 0.0138493 0.112535 0.0216299 0.0148956 0.0724671 0.0190077 -0.00817463 0.0683157 0.0195555 -0.0161405 0.0723751 0.0190077 -0.0225276 0.081033 0.0192467 0.0137457 0.0705282 0.019404 -0.0253615 0.0902708 0.0164911 -0.0240277 0.0981671 0.0188823 -0.00473451 0.116354 0.0199295 0.0245082 0.0889011 0.0190201 0.022518 0.0803004 0.0162469 -0.0213567 0.106404 0.01642 -0.0205129 0.0784213 0.0229358 0.019542 0.109029 0.0229167 0.0145073 0.11351 0.0229358 -0.0170293 0.111542 0.0229235 -0.0220242 0.0773818 0.0229133 -0.00550194 0.066143 0.0229215 0.0254696 0.0968973 0.0229294 0.00185688 0.117869 0.0229167 -0.0215103 0.106507 0.0228947 -0.0257587 0.0972446 0.0229167 -0.00495187 0.117468 0.0227349 -0.0253804 0.0870652 0.0229215 0.0214727 0.0774532 0.0229294 -0.0114147 0.115289 0.016074 -0.0195692 0.0749691 0.0160785 -0.0144576 0.0704672 0.0160733 -0.0254497 0.0870518 0.0160681 -0.0233446 0.0807154 0.0195 -0.0216803 0.0776485 0.0160875 -0.0259973 0.0972603 0.0161818 -0.0176314 0.110815 0.0160733 -0.00494824 0.11745 0.0195 -0.0143515 0.11368 0.0195 0.00518229 0.117478 0.0160733 0.0144967 0.113495 0.0160818 0.0219753 0.106769 0.0195 0.0216803 0.106352 0.0195 0.0254783 0.0868177 0.0160492 0.025641 0.0961732 0.016074 0.02155 0.0776296 0.0161792 0.0240891 0.0829025 0.0228935 0.0125762 0.0691541 0.0160785 0.00500293 0.0665509 0.0160819 0.0148192 0.070061 0.016074 -0.00179484 0.0661198 0.0160642 -0.00846623 0.0675008 0.0195 -0.00518227 0.0665217 0.01642 -0.0137551 0.071605 0.01642 -0.0241478 0.0873049 0.01642 0.0135787 0.0714871 0.01642 -0.00490323 0.0678936 0.01642 0.0205129 0.105579 0.01642 0.00469513 0.0678522 0.0160604 0.00126244 0.117825 0.0160562 0.00935262 0.116099 0.0160494 -0.00994773 0.115803 0.0164371 0.0242578 0.0964163 0.0169225 0.0218549 0.0813903 0.0221525 0.0221322 0.0824299 0.0198791 0.0186634 0.0797529 0.0170837 0.0178953 0.0756066 0.02216 0.0208815 0.100017 0.0211835 0.015344 0.108765 0.01684 0.0163578 0.107255 0.02216 0.0223641 0.0916108 0.01684 0.0208815 0.100017 0.02216 0.0205898 0.0832614 0.01684 0.0223641 0.0916108 0.02216 0.015817 0.0761846 0.01684 0.0205898 0.0832614 0.01684 0.015817 0.0761846 0.02216 0.00874073 0.0714111 0.02216 0.000391507 0.0696359 0.01684 0.00874073 0.0714111 0.01684 0.000391507 0.0696359 0.0168491 0.0174901 0.108593 0.0219943 0.0107922 0.112111 0.0221314 -0.00851631 0.071214 0.0197077 -0.0120545 0.0732235 0.01684 -0.00801473 0.0711177 0.01684 -0.00862925 0.0695166 0.01684 0.000421525 0.0679212 0.02216 0.000421525 0.0679212 0.01684 0.00941091 0.0698324 0.02216 0.00941091 0.0698324 0.02216 0.0170298 0.074972 0.01684 0.0240789 0.0915809 0.02216 0.0240789 0.0915809 0.01684 0.0224825 0.100632 0.02216 0.0224825 0.100632 0.0221201 0.01707 0.109185 0.0220625 -0.00998152 0.0698139 0.01684 0.00801475 0.112882 0.016868 -0.0171525 0.0748711 0.0168383 -0.016198 0.0764943 0.01684 -0.0240788 0.0924191 0.01684 -0.0223641 0.0923892 0.01684 -0.0208815 0.0839832 0.0168686 -0.0220831 0.101698 0.01684 -0.0205898 0.100739 0.0169302 -0.0179887 0.108343 0.01684 -0.015817 0.107815 0.01684 -0.0094109 0.114168 0.01684 -0.00874072 0.112589 0.01684 -0.000421509 0.116079 0.01684 0.00862926 0.114483 0.01684 -0.0224825 0.0833685 0.01684 -0.000391491 0.114364 0.02216 -0.0163578 0.0767446 0.02216 0.00862926 0.114483 0.02216 0.00801475 0.112882 0.02216 -0.017612 0.0755749 0.02216 -0.0208815 0.0839832 0.02216 -0.000421509 0.116079 0.02216 -0.000391491 0.114364 0.02216 -0.0094109 0.114168 0.02216 -0.00874072 0.112589 0.02216 -0.0170298 0.109028 0.02216 -0.015817 0.107815 0.02216 -0.0205898 0.100739 0.02216 -0.0240788 0.0924191 0.02216 -0.0223641 0.0923892 0.02216 -0.0224825 0.0833685 0.0206117 0.012083 0.112826 0.0194948 -0.014721 0.0729497 0.0205685 -0.0179858 0.105268 0.0196861 -0.020049 0.103717 0.0221525 -0.0221322 0.10157 0.0183092 0.00557193 0.0573491 0.0225272 0.00328912 0.0587862 0.0239966 0.00466585 0.0586067 0.024 0.00917155 0.121088 0.0239112 -0.00379339 0.124384 0.0239989 0.0313066 0.0917336 0.024 0.00133039 0.061529 0.0239941 -0.0253069 0.0644053 0.0239999 -0.00411749 0.0596563 0.0239995 -0.00407454 0.0551407 0.0240001 -0.00478773 0.0579472 0.023978 0.0272154 0.0662083 0.0239848 -0.0178887 0.124956 0.0239942 -0.0338581 0.108113 0.0240002 -0.0345784 0.0976898 0.0240004 -0.036877 0.0851829 0.0240001 -0.0340867 0.0952558 0.0214998 -0.0351754 0.0964086 0.023994 -0.0161522 0.0581565 0.0238682 -0.0143695 0.0591978 0.023948 -0.0327902 0.0800264 0.0240001 -0.0317895 0.0778067 0.024 -0.0293238 0.0837816 0.0240037 -0.0322698 0.0973099 0.0240001 -0.0137608 0.12504 0.0239999 -0.0116552 0.124148 0.024 0.0049132 0.126464 0.023999 -0.00673668 0.128897 0.0240001 0.00405109 0.124835 0.0225292 -0.00582813 0.125923 0.0239075 0.0114062 0.123415 0.0239999 0.0336652 0.0861603 0.024 0.0358758 0.0875727 0.0239112 0.0357419 0.0970574 0.024 0.0330951 0.105128 0.024 0.0270538 0.0779167 0.0239973 0.0306895 0.0792105 0.0240032 0.0202866 0.0691525 0.0240001 0.0279337 0.0719614 0.0239147 0.0256386 0.0701999 0.0240025 0.0118101 0.0625419 0.024 0.013372 0.0597236 0.024 -0.00917152 0.0629116 0.024 -0.0215439 0.0708893 0.0240001 -0.0194479 0.0649656 0.0238868 -0.0271645 0.071043 0.0238986 -0.0298508 0.0799451 0.0239999 -0.0280358 0.111782 0.024 -0.0270538 0.106083 0.0240038 -0.0202867 0.114848 0.0240001 -0.0261041 0.112875 0.0239673 -0.0111926 0.12164 0.024 -0.00133038 0.122471 0.024 0.0185672 0.116197 0.0239651 0.0195345 0.118948 0.0240001 0.0313217 0.103695 0.0236464 -0.0298323 0.0920536 0.0231461 -0.0271462 0.0809768 0.0231463 -0.00583001 0.0632939 0.0232197 0.0038357 0.062747 0.0232929 0.0137045 0.065674 0.0232929 0.021882 0.0719488 0.0231463 0.028997 0.094399 0.0236464 0.0278249 0.102961 0.0231461 0.0217389 0.111643 0.0232195 -0.0145685 0.117506 0.0231464 -0.0233558 0.109922 0.023183 -0.026908 0.101535 0.0231461 0.0149091 0.117397 0.0232195 0.00587382 0.12097 0.0231463 -0.00433963 0.120969 0.0229993 0.0171395 0.0689293 0.0231463 0.0272576 0.0812738 0.02285 0.0195402 0.109284 0.022925 0.00632029 0.117085 0.0229934 -0.0162026 0.11246 0.0229907 -0.0226024 0.104997 0.023 0.025631 0.0886256 0.0229998 -0.0255861 0.0879777 0.022997 -0.0180099 0.0687904 0.0188873 -0.00440023 0.0585769 0.0239088 0.0205616 0.0650084 0.0207437 0.0210151 0.0639312 0.0206176 0.0204315 0.065758 0.0188873 0.0130023 0.0605206 0.0184309 0.0303891 0.0800975 0.0239633 0.0330181 0.0774019 0.0187747 0.0277219 0.0717857 0.0237796 0.0341869 0.0976703 0.0213207 0.0325545 0.0962258 0.0193327 0.0344747 0.0962974 0.0188873 0.0337986 0.0870795 0.02275 0.0328374 0.0883379 0.0238899 0.0254294 0.110871 0.0200991 0.0274697 0.112593 0.0239758 0.0265867 0.114753 0.0239128 0.0298972 0.106131 0.0188873 0.0322779 0.104786 0.0239081 0.0121396 0.121626 0.0236931 0.0139493 0.124254 0.0193321 0.0130899 0.123851 0.0220373 0.0221072 0.119186 0.0219921 -0.00304434 0.126323 0.0206167 -0.00427341 0.125601 0.0189437 0.00474984 0.125343 0.0236757 -0.0216799 0.120765 0.0202043 -0.0206159 0.118169 0.0239857 -0.0190932 0.11966 0.0236387 -0.0144299 0.123361 0.0215338 -0.0326028 0.104667 0.0210327 -0.0305479 0.105007 0.0215 -0.0280868 0.113498 0.0188873 -0.0267447 0.112252 0.0238228 -0.0332742 0.0859698 0.0238184 -0.0351597 0.0881045 0.0213238 -0.0328059 0.088325 0.019333 -0.0342184 0.08694 0.0188873 -0.0333804 0.0965058 0.0207429 -0.0260398 0.0705265 0.0199129 -0.0273681 0.072066 0.0187747 -0.031516 0.0781981 0.0193331 -0.0130353 0.0599165 0.0238234 -0.0116426 0.061271 0.0213215 -0.0132327 0.0618196 0.019 -0.0202719 0.0656631 0.0220123 -0.0211822 0.0641614 0.0212729 -0.025364 0.0855345 0.0214525 -0.0208407 0.0764057 0.0212814 -0.0138978 0.0697949 0.02285 0.00909094 0.0678434 0.022775 0.018037 0.0734112 0.0227 0.0236159 0.0814638 0.0227 0.0257776 0.0886063 0.0227 0.0255382 0.096065 0.02285 0.0238398 0.102746 0.0209915 -0.00732961 0.117188 0.0202 0.0251141 0.0987293 0.0202 0.0257776 0.0886063 0.0202 0.0206272 0.107828 0.0202 0.0033937 0.117778 0.019675 -0.0161649 0.112561 0.0196749 -0.0223861 0.105455 0.02145 -0.0257776 0.0953937 0.0212482 -0.00353586 0.0660961 0.0198543 0.00769461 0.0668468 0.0202 0.0158278 0.0713728 0.0202 0.0225167 0.079 0.0196552 -0.00940262 0.06717 0.0195 -0.0202733 0.0749004 0.0195 -0.0242779 0.0810561 0.0195043 -0.0265015 0.0930212 0.0195 0.0242779 0.102944 0.0195 0.0262383 0.0958667 0.0209997 0.0134842 0.114583 0.0191457 0.00464645 0.117878 0.0196552 -0.00265573 0.118418 0.0194922 -0.0131368 0.115164 0.0194922 0.00388202 0.0656549 0.0191481 0.0154922 0.0708046 0.0195078 0.0206174 0.075146 0.0194961 0.0243431 0.0814742 0.01915 0.0260949 0.0885645 0.0191539 0.0117842 0.11548 0.0188 -0.00672928 0.117114 0.01915 -0.025546 0.097831 0.0188 -0.0206272 0.0761722 0.0188 -0.0251141 0.0852707 0.0188 -0.013 0.0694833 0.0188 0.0251141 0.0987293 0.01915 0.0204502 0.108464 0.01915 -0.00220953 0.065801 0.0188 0.0067293 0.0668859 0.0159882 0.0232712 0.0982223 0.0160869 0.0209184 0.108051 0.0160746 0.0129623 0.114451 0.0160735 0.00586095 0.117133 0.0160869 -0.00682413 0.117469 0.0160746 -0.0157819 0.112567 0.0160735 -0.0209769 0.107033 0.0160869 -0.0261413 0.0954417 0.0160869 -0.0209183 0.0759488 0.0159882 -0.0120554 0.071145 0.0160735 -0.00586094 0.066867 0.0160869 0.00682426 0.0665315 0.0160735 0.0176422 0.0731647 0.0174373 0.022484 0.0790188 0.0160869 0.0261413 0.0885584 0.0159992 0.0238471 0.0888475 0.0159992 0.0208254 0.0799616 0.0159992 0.0190916 0.106633 0.0159992 0.0120384 0.112825 0.0159992 0.00315257 0.115847 0.0159992 -0.00621335 0.115238 0.0159992 -0.0208254 0.104038 0.0159992 0.00621335 0.0687618 0.0159992 0.0146333 0.0729084 0.0159992 -0.0190916 0.0773667 0.0159992 -0.00315251 0.0681529 0.0159992 -0.0238471 0.0951525 0.0159882 -0.0232712 0.0857777 0.0159992 -0.0146333 0.111092 0.0087 0.0231822 0.0982117 0.0087 0.0237947 0.0888674 0.0087 0.0190405 0.10661 0.0087 0.012 0.112785 0.0087 0.00313264 0.115795 0.0087 -0.00621164 0.115182 0.0087 -0.0146103 0.111041 0.0087 -0.0207846 0.104 0.0087 -0.0237947 0.0951326 0.0087 -0.0231822 0.0857884 0.0087 -0.0190405 0.0773897 0.0087 -0.012 0.0712154 0.0087 -0.00313263 0.0682053 0.0087 0.00621166 0.0688178 0.0087 0.0146103 0.0729595 0.0087 0.0207846 0.08 0.0087 -0.00608223 0.114699 0.0087 -0.0143059 0.110644 0.0087 -0.0203516 0.10375 0.0087 -0.0232989 0.0950674 0.0087 0.023299 0.0889326 0.0087 0.0226993 0.0980823 0.0087 -0.0226993 0.0859178 0.0087 -0.0186438 0.0776941 0.0087 -0.01175 0.0716484 0.0087 0.0186438 0.106306 0.0087 0.01175 0.112352 0.0087 0.00306738 0.115299 0.0087 -0.00306736 0.068701 0.0087 0.00608225 0.0693008 0.0087 0.0143059 0.0733562 0.0087 0.0203516 0.08025 0.0016 0.0226993 0.0980823 0.0016 0.023299 0.0889326 0.0016 0.0186438 0.106306 0.0016 0.01175 0.112352 0.0016 0.00306738 0.115299 0.0016 -0.00608223 0.114699 0.0016 -0.0143059 0.110644 0.0016 -0.0203516 0.10375 0.0016 -0.0232989 0.0950674 0.0016 -0.0226993 0.0859178 0.0016 -0.0186438 0.0776941 0.0016 -0.01175 0.0716484 0.0016 -0.00306736 0.068701 0.0016 0.00608225 0.0693008 0.0016 0.0203516 0.08025 0.0016 0.00311405 0.115653 0.0016 0.0119288 0.112661 0.0016 0.0230446 0.0981748 0.00282988 -0.0066657 0.116684 0.00280326 0.0248568 0.0855958 0.0016 0.0144147 0.0732144 0.00291956 -0.00450627 0.0666678 0.00284531 -0.0128357 0.0698821 0.00299491 -0.0253676 0.0953397 0.00298083 -0.0223299 0.104533 0.00295681 -0.0159104 0.112115 0.00298085 -0.024813 0.0856733 0.00295874 -0.0205714 0.0766819 0.00292303 0.00513652 0.0669802 0.00306211 0.0126289 0.0697319 0.00306211 0.0177023 0.0737439 0.00276516 0.0221127 0.0791806 0.00306211 0.0254719 0.0910189 0.00276357 0.0202373 0.107612 0.00306211 0.0240331 0.100573 0.00306211 0.0128 0.11417 0.00306211 0.017962 0.110241 0.00306211 0.0101598 0.115498 0.00306211 0.00216343 0.117481 0.010982 -0.0258009 0.0861216 0.011035 -0.0264408 0.0908458 0.0110282 -0.0233174 0.0797045 0.0108061 -0.0189719 0.0734904 0.0110186 -0.00748003 0.0665865 0.0112285 -0.0123296 0.0684973 0.0110131 -0.00106058 0.065488 0.0110003 0.0139094 0.0694707 0.011072 0.0243436 0.0818509 0.0110074 0.0263323 0.0908498 0.0111368 0.0244234 0.102304 0.0110223 0.0258303 0.0977405 0.0111003 0.0208435 0.108165 0.0109988 0.0118076 0.115703 0.0111411 0.0162498 0.112938 0.0111917 -0.000602619 0.118533 0.011123 0.00574133 0.117757 0.0111421 -0.00780765 0.117255 0.0111491 -0.0143358 0.114292 0.0112063 -0.0177417 0.11174 0.0110129 -0.021015 0.108085 0.0111039 -0.024518 0.102264 0.0110068 -0.0262352 0.0954539 0.017471 -0.0294925 0.0985195 0.0111348 0.00782646 0.0665967 0.0110817 0.0193961 0.074097 0.017471 0.0301743 0.0907349 0.0174666 0.0300536 0.0956357 0.0174701 0.023018 0.111358 0.0174673 0.0138674 0.118789 0.017471 0.00128124 0.122171 0.0174662 -0.00700939 0.121357 0.0174689 -0.0239004 0.110413 0.017468 -0.0299519 0.0876412 0.0174703 -0.0254395 0.0749655 0.0174688 -0.0162003 0.0665159 0.0174683 -0.00908625 0.0632383 0.0174664 -0.00207665 0.0618688 0.0174727 0.0162186 0.066566 0.0174669 0.027014 0.0778535 0.0175004 0.0319409 0.0615921 0.0174995 0.0191416 0.0512655 0.0174998 -0.0290334 0.0576085 0.0175005 -0.0440521 0.094064 0.0174994 0.0450073 0.0925678 0.0174997 -0.00694921 0.136471 0.0174999 0.00586854 0.136626 0.0165 0.044615 0.0861263 0.017117 0.0430267 0.105203 0.0165 0.0444626 0.0989337 0.0165 0.0407081 0.11118 0.0174991 0.0375662 0.116796 0.0165 0.0336557 0.121871 0.0175 0.0290317 0.126393 0.0171248 0.0182202 0.133154 0.0165 0.0238766 0.130143 0.0165 0.0121633 0.135325 0.0165 -0.000535474 0.136997 0.0165 -0.0131909 0.135023 0.0174971 -0.0191504 0.132731 0.0165 -0.0247776 0.129564 0.0174993 -0.0298927 0.125653 0.0165 -0.034357 0.121062 0.0171139 -0.0381583 0.115867 0.0165 -0.041153 0.110205 0.0175002 -0.0433437 0.104127 0.0172071 -0.0443246 0.0978355 0.0165 -0.044615 0.0978737 0.0170986 -0.0450033 0.0914444 0.0165 -0.0444626 0.0850663 0.0174992 -0.0430319 0.0788006 0.0165 -0.0407081 0.0728206 0.0174993 -0.0375653 0.0672028 0.0165 -0.0336556 0.0621287 0.0174988 -0.0182023 0.0508341 0.0165 -0.0238766 0.0538568 0.0165 -0.0121633 0.048675 0.017499 -0.00586956 0.0473736 0.0165 0.00053549 0.0470032 0.0174996 0.00693745 0.047527 0.0165 0.0131909 0.0489767 0.0170538 0.0298641 0.058329 0.0165 0.0247776 0.0544358 0.0172071 0.0341334 0.0631272 0.0165 0.034357 0.062938 0.0170971 0.0381624 0.0681404 0.0165 0.041153 0.0737948 0.0174996 0.043344 0.0798748 -0.0105 0.0444626 0.0989337 -0.0105 0.044615 0.0861263 -0.0105003 0.0332676 0.122371 -0.0105 0.0238766 0.130143 -0.0105 0.0121633 0.135325 -0.0105 -0.000535474 0.136997 -0.0105 -0.0131909 0.135023 -0.0105003 -0.0242734 0.129947 -0.0104931 -0.0343722 0.121045 -0.0105002 -0.0414312 0.109674 -0.0105 -0.044615 0.0978737 -0.0105 -0.0444626 0.0850663 -0.0105 -0.0407081 0.0728206 -0.0105003 -0.0332676 0.061629 -0.0105 -0.0238766 0.0538568 -0.0105 -0.0121633 0.048675 -0.0105 0.00053549 0.0470032 -0.0105 0.0131909 0.0489767 -0.0105003 0.0242734 0.0540535 -0.0105 0.0343599 0.0629415 -0.0105003 0.0414312 0.074326 0.0237 0.0371792 0.0871053 0.0237 0.00683383 0.0551279 0.0240122 0.0178539 0.059018 0.0237 -0.00489473 0.0548208 0.024014 -0.0329929 0.0741625 0.0195011 -0.0371778 0.0968958 0.0237 -0.0272015 0.117813 0.0239942 0.00492426 0.129176 0.0237 0.0258133 0.119202 0.0240129 0.0162746 0.125798 0.0237 0.0368721 0.0988338 0.0237 0.0329556 0.109894 0.0195 0.0371792 0.0871053 0.0195024 0.0338595 0.0758696 0.0195 0.0272015 0.0661867 0.0195 0.0178935 0.0590444 0.0195 0.00683383 0.0551279 0.0195 -0.00489473 0.0548208 0.0195 -0.0161442 0.0581531 0.0195 -0.0258133 0.0647985 0.0195 -0.0329556 0.0741066 0.0195 -0.0368721 0.0851662 0.0195 -0.0338469 0.108144 0.0195 -0.0272015 0.117813 0.0195 -0.0178934 0.124956 0.0195 -0.00683382 0.128872 0.0195 0.00489475 0.129179 0.0195 0.0161442 0.125847 0.0195 0.0258133 0.119202 0.0195 0.0329556 0.109894 0.0195 0.0368721 0.0988338 0.019496 -0.0256015 0.13081 0.0194963 -0.0355028 0.122019 0.0194963 -0.0425133 0.110819 0.0194945 -0.0460952 0.0980686 0.019496 0.0256015 0.0531905 0.0194963 0.0355028 0.0619806 0.0194963 0.0425132 0.0731809 0.0195 0.0454507 0.0990878 0.0194945 0.0460952 0.0859315 0.0194962 0.0136275 0.0475511 0.019496 0.000560091 0.0455111 0.019496 -0.0125729 0.04724 0.0194962 -0.0246674 0.0525927 0.019496 -0.0347738 0.0611391 0.0194963 -0.0420625 0.0721929 0.0194963 -0.0459354 0.0848256 0.019496 -0.000560082 0.138489 0.019496 0.0125729 0.13676 0.0194955 0.0246679 0.131408 0.019496 0.0347738 0.122861 0.0194963 0.0420627 0.111807 0.019 0.0459447 0.0991649 -0.00615275 0.0441499 0.077199 -0.006 0.0425248 0.0731879 -0.00610324 0.0255001 0.0530747 -0.0061417 0.0175536 0.04887 -0.006 0.0136306 0.0475426 -0.00583028 0.000592884 0.0454925 -0.00613998 0.00983033 0.0464817 -0.00613999 -0.0212763 0.050577 -0.006 -0.0246725 0.0525853 -0.00610324 -0.0347058 0.0610009 -0.0061417 -0.0281183 0.0548829 -0.00610136 -0.0461334 0.0980736 -0.00613826 -0.046473 0.089051 -0.00641644 -0.0439301 0.107621 -0.00609458 -0.0254616 0.130956 -0.00736335 -0.0172678 0.135293 0.0194955 -0.0136278 0.13645 -0.00613996 -0.0098303 0.137518 -0.00613998 0.0212764 0.133423 -0.00615462 0.0398378 0.115991 -0.00726673 0.0461501 0.0859242 -0.0104927 -0.0433473 0.0749214 -0.006 -0.0451285 0.0807899 -0.006 -0.0459447 0.0848351 -0.006 -0.012856 0.0473125 -0.006 0.0406894 0.0694918 -0.00607222 0.0366825 0.0633028 -0.006 0.0451285 0.10321 -0.006 0.0459447 0.0991649 -0.00576014 -0.000677783 0.138509 -0.006 0.012856 0.136688 -0.00587637 0.00703804 0.137988 -0.006 -0.0406894 0.114508 -0.0104299 -0.037323 0.119915 -0.005165 -0.0369149 0.120287 -0.0104919 -0.0428539 0.0736261 -0.00987505 -0.00629157 0.0460439 -0.0105001 -0.00495887 0.044689 -0.00635109 -0.00629089 0.0458951 -0.0104565 0.0364733 0.0637673 -0.010302 0.042979 0.110016 -0.0105 0.0407102 0.111175 -0.00844299 0.00747856 0.138056 -0.0105 0.00598229 0.13821 -0.00617954 -0.040027 0.0682937 -0.00675227 -0.0437507 0.0722832 -0.00686603 -0.0258883 0.0529087 -0.00686603 -0.033506 0.0590402 -0.00686603 -0.0363455 0.0622006 -0.0104955 -0.0413802 0.0696581 -0.0104459 -0.021748 0.0501121 -0.00663253 -0.0117717 0.046641 -0.0105 -0.0159774 0.0477991 -0.0105 -0.033506 0.0590402 -0.00645985 -0.0442997 0.0750854 -0.00700011 -0.0452957 0.0754178 -0.00664172 -0.0451797 0.0795334 -0.0105 -0.0450848 0.0787201 -0.00686603 -0.0469984 0.0916138 -0.00717431 -0.0456897 0.104534 -0.00686603 -0.0467715 0.0873712 -0.0105 -0.0469984 0.0916138 -0.0105 -0.045297 0.104537 -0.0103309 -0.039499 0.117935 -0.00815796 -0.0384332 0.121182 -0.0104402 -0.0350316 0.123608 -0.00618432 -0.0325266 0.125259 -0.00686603 -0.0076343 0.138376 -0.0104629 -0.0242999 0.132286 -0.0104579 -0.011712 0.137555 -0.0115 0.00250777 0.139055 -0.0105 -0.00399288 0.13883 -0.00965567 0.00553214 0.140236 -0.00665473 0.0116175 0.137423 -0.00736349 0.0278843 0.129348 -0.00609463 0.0346766 0.123039 -0.00686603 0.0363455 0.121799 -0.00686603 0.0193771 0.13482 -0.010455 0.0231026 0.132972 -0.0105 0.0159774 0.136201 -0.0105 0.033506 0.12496 -0.00864293 0.0453393 0.111023 -0.00615325 0.0464763 0.0948698 -0.00675463 0.0459749 0.100553 -0.00676888 0.0421572 0.0717495 -0.0105 0.0469984 0.0923862 -0.0105 0.045297 0.0794628 -0.00871818 0.038857 0.0634568 -0.00921805 -0.00516918 0.043696 -0.0105 0.0039929 0.0451699 -0.0104073 0.0127321 0.046748 -0.00631857 0.0324465 0.0586705 -0.00663644 -0.000348558 0.0451365 -0.00686603 0.0273944 0.0538091 -0.0104657 0.0237919 0.0514375 -0.00686603 0.00763432 0.0456242 -0.04485 0.0180615 0.0879959 -0.04485 0.0148714 0.0809958 -0.04485 0.0132636 0.0821854 -0.04485 0.00910984 0.0758984 -0.04485 0.00812499 0.0776391 -0.0447949 -0.0109682 0.104352 -0.0448185 -0.0150776 0.0987853 -0.0448282 -0.00502792 0.107743 -0.04485 0.0181286 0.0956883 -0.04485 0.0161089 0.0884288 -0.04485 -0.00523552 0.0763527 -0.0448525 -0.0119047 0.0777126 -0.04485 0.00178822 0.108433 -0.04485 -0.00204849 0.0740206 -0.04485 0.00158146 0.075576 -0.04485 -0.0111472 0.0798349 -0.0448385 -0.015122 0.0853168 -0.04485 -0.01653 0.0920607 -0.04485 0.00831759 0.106285 -0.04485 0.0134087 0.101667 -0.04485 0.0161688 0.0952896 -0.0341589 0.0133079 0.0822146 -0.0341295 0.0161454 0.0884496 -0.0341177 0.0161939 0.095323 -0.0347 0.0134329 0.101582 -0.0347 0.00837439 0.106217 -0.0334406 0.00191844 0.108419 -0.0338187 -0.00482537 0.10783 -0.0347 -0.0109332 0.104358 -0.0347 -0.0150144 0.0988424 -0.0347 -0.0164994 0.092144 -0.0347 -0.0151315 0.0854206 -0.0344818 -0.0111605 0.0798372 -0.0347 -0.00523552 0.0763527 -0.0334254 0.00143191 0.0755087 -0.0347 0.00812499 0.0776391 -0.0333375 -0.0157457 0.0846497 -0.0337761 -0.0108062 0.105609 -0.0328192 0.00926221 0.107829 -0.0338625 -0.0154687 0.100065 -0.0333385 0.00895591 0.077109 -0.0321019 0.0100421 0.0765057 -0.0319 -0.00830868 0.106686 -0.0331554 -0.0173439 0.0930755 -0.0327563 -0.00580613 0.0746151 -0.0320583 0.0179658 0.0956741 -0.0326749 0.0148985 0.102676 -0.0319 0.00207728 0.110232 -0.0319 -0.00551795 0.109501 -0.0319 -0.0121591 0.105743 -0.0320528 -0.0183934 0.0926446 -0.0319 -0.016828 0.084683 -0.0319 0.00175877 0.0737345 -0.0319 0.0147508 0.081085 -0.0320573 0.0179082 0.0880585 -0.0319 -0.0166978 0.0996096 -0.0321022 -0.0123754 0.0784672 -0.04585 0.0180951 0.0918421 -0.04585 0.0122253 0.105342 -0.04585 0.00209426 0.110381 -0.04585 -0.00556305 0.109644 -0.04585 -0.0112024 0.106723 -0.0458547 -0.0167614 0.0998923 -0.04585 -0.0184993 0.0921614 -0.04585 -0.014732 0.0814918 -0.04585 -0.00204849 0.0740206 -0.0458157 0.0115147 0.0774743 -0.0455486 -0.0329306 0.0773013 -0.0455851 -0.013528 0.10595 -0.044934 -0.013791 0.106127 -0.0448643 -0.0336009 0.0767181 -0.0458462 -0.0334381 0.0758263 -0.0452289 0.0145641 0.0787594 -0.0453004 -0.0154974 0.0569218 -0.0458308 -0.0138189 0.0589576 -0.0460527 -0.0133055 0.105331 -0.0461247 -0.0046919 0.118081 -0.0488401 -0.00594124 0.120897 -0.0464613 -0.00514673 0.126771 -0.0458706 -0.00295759 0.122113 -0.0497081 -0.0138919 0.124288 -0.0498179 -0.0220899 0.111725 -0.047828 -0.0243206 0.113257 -0.0505855 -0.00929029 0.124548 -0.0505334 -0.0197458 0.110144 -0.0502356 -0.00908936 0.121049 -0.0501877 -0.0173448 0.108524 -0.0488268 -0.0152061 0.107082 -0.0482917 -0.0138136 0.127741 -0.0461321 -0.0254492 0.114 -0.0452236 -0.0248889 0.113613 -0.0416964 -0.0250782 0.11374 -0.0389744 -0.0243072 0.11322 -0.0362781 -0.0170569 0.108279 -0.0411981 -0.0153513 0.108386 -0.0356993 -0.0205105 0.110659 -0.0368561 -0.0226939 0.112132 -0.0388016 -0.0143917 0.106517 -0.0458535 -0.0284875 0.111978 -0.0416964 -0.0135583 0.10597 -0.0456622 -0.0383952 0.0947905 -0.0450242 -0.0156497 0.128596 -0.0440522 -0.00872042 0.131355 -0.0430888 -0.0407694 0.0930308 -0.0418692 -0.040445 0.0909987 -0.0448491 -0.0215365 0.112558 -0.0495442 -0.0185131 0.111851 -0.0382718 -0.0183862 0.110433 -0.0399053 -0.0217768 0.11272 -0.0443097 -0.0369336 0.105974 -0.0444038 -0.0323028 0.115807 -0.0402722 -0.0381742 0.109428 -0.0440496 -0.0286173 0.120373 -0.0454285 -0.0286213 0.116693 -0.0442249 -0.0258334 0.122095 -0.0431736 -0.0384388 0.105318 -0.0429811 -0.0179567 0.128663 -0.0389744 -0.0409294 0.0885769 -0.0458702 0.0141034 0.07951 -0.0489408 0.0295177 0.0872231 -0.0502092 0.023229 0.079593 -0.0504567 0.033298 0.0830589 -0.0505334 0.0188216 0.0728994 -0.0498179 0.0204836 0.0706119 -0.0478675 0.0358804 0.0785857 -0.0481364 0.0218844 0.0686839 -0.0488268 0.015603 0.0773295 -0.0461757 0.0253385 0.0689953 -0.0357031 0.0177569 0.074365 -0.0368561 0.0161251 0.0766109 -0.0405032 0.021613 0.0711842 -0.0362781 0.0201077 0.071065 -0.0389744 0.0149813 0.0781853 -0.0416964 0.0144347 0.0789376 -0.0389744 0.0220557 0.0684482 -0.0433079 0.0166836 0.0766928 -0.0457372 0.0229021 0.0672832 -0.0449293 0.0224207 0.0679289 -0.0416964 0.0226023 0.0676958 -0.0455073 0.0215772 0.0603302 -0.0457474 0.00994636 0.0579958 -0.0495691 0.0351391 0.0807839 -0.0439572 0.0394561 0.0836657 -0.0420657 0.038945 0.0788123 -0.046578 0.0341974 0.088112 -0.0349662 0.0410282 0.0763444 -0.0405351 0.0380592 0.0746613 -0.0448436 0.0368597 0.0768218 -0.0446836 0.0325151 0.0687247 -0.033892 0.0319539 0.0603174 -0.0424125 0.0243387 0.058936 -0.0445 0.0157827 0.055347 -0.0455198 0.00535536 0.0541386 -0.0418099 0.000321787 0.0514674 -0.0371974 -0.00594764 0.0498735 -0.0389744 -0.00199259 0.050976 -0.0311187 0.0388133 0.0762717 -0.0400754 0.0245981 0.0683301 -0.0389902 0.0189285 0.076155 -0.0417377 -0.0359371 0.0727734 -0.0394864 -0.036906 0.0725905 -0.0417415 -0.0187763 0.0548235 -0.0457725 -0.0218662 0.0609685 -0.0410138 -0.0214603 0.0563774 -0.0403444 -0.0186655 0.0545997 -0.0367536 -0.0179994 0.0522927 -0.0343932 -0.0168546 0.0524591 -0.0372546 0.010736 0.0619153 -0.0356993 0.0071559 0.0668391 -0.0356993 0.00884663 0.0645119 -0.037268 0.00548558 0.069138 -0.0368561 0.00560791 0.0689697 -0.03786 0.00494682 0.0698796 -0.0385465 -0.0173598 0.0543406 -0.0372349 -0.0145246 0.0547942 -0.033718 -0.0138237 0.0490977 -0.0356441 -0.0138737 0.0528957 -0.0271549 -0.0162421 0.0531633 -0.0314262 -0.0147258 0.0523678 -0.0376862 -0.0417588 0.0854795 -0.0342653 -0.0434863 0.0824016 -0.037207 -0.042139 0.0850727 -0.0372495 -0.0301443 0.101477 -0.03786 -0.0308958 0.101984 -0.0372752 -0.0230007 0.0966582 -0.0356993 -0.0277801 0.0998819 -0.0356993 -0.0253954 0.0982734 -0.0368561 -0.0299634 0.101355 -0.0375324 -0.0365529 0.0757898 -0.037129 -0.0369661 0.0765151 -0.0371925 -0.0405225 0.0773418 -0.0332084 -0.0395604 0.0752708 -0.0348636 -0.0372881 0.0742567 -0.0369844 -0.0409798 0.106881 -0.0334678 -0.0399888 0.108583 -0.0265708 -0.0382891 0.107406 -0.0409991 0.018561 0.0546028 -0.0408958 0.0146127 0.0529015 -0.0333 0.0162101 0.0551879 -0.0272872 0.0151339 0.0525507 -0.0314362 0.0171984 0.0530875 -0.033175 -0.0158603 0.128956 -0.0407366 -0.014722 0.131225 -0.0300168 -0.0165266 0.131252 -0.0458709 -0.0184955 0.0679429 -0.0452132 -0.0317663 0.0679796 -0.0459695 -0.0246788 0.07265 -0.0490149 -0.0236468 0.0671002 -0.0475554 -0.0328183 0.0641874 -0.0433945 -0.0248365 0.0583186 -0.0480109 -0.0260478 0.0604354 -0.033417 -0.0359392 0.0648722 -0.0338138 0.0195817 0.0513435 -0.0344817 0.0393774 0.0709461 -0.0384581 0.0426353 0.0964298 -0.0336413 0.0439035 0.0828995 -0.0338626 0.0343631 0.121248 -0.0444654 0.0264628 0.122065 -0.0338628 0.0252148 0.129345 -0.0443073 -0.00117554 0.132105 -0.0336532 -0.00306709 0.136733 -0.0336616 0.00294926 0.136725 -0.0336011 0.0119205 0.135561 -0.033793 -0.0183423 0.133277 -0.0336616 -0.00977066 0.135744 -0.0337536 -0.0407241 0.072468 -0.0335444 -0.0289821 0.0577783 -0.0336616 -0.0212621 0.052542 -0.0337397 -0.00563843 0.0472278 -0.0384334 0.00819919 0.0499249 -0.0384327 0.00307894 0.0492543 -0.0400215 0.0394518 0.107079 -0.03383 0.0427837 0.106265 -0.0414667 0.0372269 0.110228 -0.0424125 0.0329716 0.116271 -0.0336616 -0.039458 0.113262 -0.0336616 0.0360305 0.0653389 -0.0336616 0.0270597 0.0562679 -0.0325813 0.0162475 0.0495613 -0.0279472 0.00347356 0.0470978 -0.0335579 -0.0451925 0.093364 -0.0336805 -0.0433966 0.104361 -0.03364 -0.0348091 0.120788 -0.0342899 -0.0270791 0.127705 -0.0333421 0.0451786 0.0910557 -0.0328368 0.0422494 0.0765085 -0.0328368 0.0396147 0.0706535 -0.0277 0.0361736 0.065233 -0.0277 0.0271671 0.056126 -0.0277 0.0159598 0.0499252 -0.0277 -0.0093211 0.0479759 -0.0276769 -0.0213489 0.0524141 -0.0277 -0.0316426 0.060004 -0.0276849 -0.0394083 0.07031 -0.0277 -0.0439178 0.0821905 -0.0277 -0.0449025 0.094961 -0.0276962 -0.0421485 0.107753 -0.0277 -0.0361736 0.118767 -0.0277 -0.0271671 0.127874 -0.0277 -0.0159598 0.134075 -0.0277 -0.00345946 0.136867 -0.0277 0.00932112 0.136024 -0.0277 0.0213465 0.131615 -0.0277 0.0316426 0.123996 -0.0277 0.0393752 0.113785 -0.0277 0.0439178 0.10181 -0.0277 0.0449025 0.0890391 -0.0277 0.0422494 0.0765085 -0.0271071 0.0415739 0.0774295 -0.0272 -0.0439779 0.0871004 -0.027187 -0.0340061 0.0639625 -0.0272 0.0355707 0.0656791 -0.0271125 -0.0322099 0.121987 -0.0272 0.0262321 0.0563638 -0.0272 0.0145628 0.050215 -0.0272 0.00159944 0.0477789 -0.0267 -0.0405799 0.0743554 -0.0272 -0.0434089 0.099442 -0.0272 -0.0206278 0.131148 -0.0272 -0.00817237 0.135489 -0.0272 0.00500926 0.135966 -0.0272 0.0177458 0.132536 -0.0272 0.0289055 0.125504 -0.0272 0.0374969 0.115496 -0.0272 0.0427565 0.1034 -0.0258631 0.00345652 0.0485229 -0.027175 -0.0106641 0.049264 -0.0272 0.0439902 0.0917603 -0.0259658 0.04004 0.10941 -0.02635 0.0221541 0.12961 -0.0259875 -0.00965622 0.134371 -0.0263113 -0.0221806 0.129177 -0.0263241 0.0318349 0.0625471 -0.025138 -0.0300213 0.124253 -0.0266 0.0138504 0.133394 -0.02635 0.0204904 0.0538051 -0.02565 -0.00494132 0.0486306 -0.0254875 -0.0324521 0.0628057 -0.0255294 -0.0402785 0.0744576 -0.0263241 -0.0431356 0.0867409 -0.0263447 -0.0391739 0.111887 -0.0258631 0.035924 0.116732 -0.0252257 0.0436194 0.0881669 -0.0250799 0.0405598 0.076077 -0.0253985 -0.0133955 0.0504272 -0.0261699 -0.0220396 0.0543467 -0.0254742 -0.0432109 0.0995818 -0.02505 -0.0381144 0.11405 -0.0250625 0.0268755 0.0570772 -0.025525 0.00499546 0.135648 -0.025051 -0.019989 0.131513 -0.0252009 -0.00638376 0.135449 -0.0258243 0.0283327 0.12532 -0.024925 0.0366608 0.116656 -0.02505 0.0355707 0.0656791 -0.0251372 0.015827 0.0509173 -0.024925 0.00560425 0.0482924 -0.02505 -0.011506 0.0492721 -0.02505 -0.0235891 0.0545618 -0.0248 -0.0355221 0.0658182 -0.0250637 -0.0437586 0.0865523 -0.0248 -0.0434683 0.100281 -0.0250807 0.0141174 0.133667 -0.0252312 0.042765 0.10252 -0.034004 0.0401739 0.11201 -0.0440753 0.0364144 0.1082 -0.0331487 0.0386165 0.107884 -0.0290675 0.0382501 0.109611 -0.0248874 0.039826 0.107711 -0.0337038 0.0185564 0.132927 -0.0444263 0.0153302 0.128827 -0.0405229 0.0133488 0.131657 -0.0331604 0.0153366 0.131346 -0.0250752 0.0138263 0.131612 -0.0264697 0.0175176 0.131005 -0.0488194 -0.0307959 0.0633364 -0.038719 -0.0296478 0.0615301 -0.0467302 -0.0261311 0.0621481 -0.0396565 -0.0239696 0.0635261 -0.0402063 -0.0277439 0.0681066 -0.0405599 -0.0289351 0.0648296 -0.0475758 -0.0282972 0.068054 -0.0455338 -0.022669 0.063408 -0.0419661 -0.023984 0.0663601 -0.0403448 -0.0280431 0.0706221 -0.0451134 -0.0243586 0.0704404 -0.0451125 -0.0199938 0.063573 -0.0397479 -0.0329728 0.0667435 -0.0376321 -0.0221538 0.0646021 -0.0349257 -0.0207258 0.0535607 -0.0451101 -0.0321402 0.0745465 -0.0358647 -0.0289273 0.0596336 -0.0438178 -0.0189032 0.0583608 -0.0447403 -0.0163196 0.0591237 -0.0417201 -0.0181497 0.0565618 -0.0384781 -0.018673 0.0549531 -0.0397228 0.0025206 0.0710492 -0.0419336 -0.034733 0.0725939 -0.0394384 -0.0358186 0.0721566 -0.0364524 -0.0374663 0.0702805 -0.0299729 -0.0380776 0.0711783 -0.0375931 -0.0357184 0.074116 -0.0439686 0.00102425 0.0705987 -0.0450673 -0.00228691 0.0700423 -0.0385843 0.00181965 0.0736054 -0.0375462 0.00500441 0.0712008 -0.0359849 0.00642079 0.0745056 -0.0363702 0.011464 0.0755234 -0.0371305 0.0148717 0.0804163 -0.0438196 -0.0168406 0.0847078 -0.0450058 -0.0164018 0.079446 -0.0436385 -0.0220299 0.0914729 -0.04385 -0.0123971 0.078471 -0.0438093 -0.00580406 0.0745894 -0.0407564 -0.0187937 0.0928462 -0.0407651 -0.0219384 0.0920249 -0.0392043 -0.0218559 0.0930976 -0.0375167 -0.0209706 0.0963048 -0.0359293 -0.0174465 0.0979437 -0.0372441 -0.0193336 0.0972953 -0.0350091 -0.0127553 0.105195 -0.0368499 -0.0118069 0.106567 -0.04205 0.00988024 0.107478 -0.0421001 0.00661327 0.109126 -0.0420989 0.0179115 0.0880207 -0.0421001 0.0179837 0.0955944 -0.0421001 0.0168557 0.0992797 -0.041975 0.0150583 0.10249 -0.0421 0.00207728 0.110232 -0.0361964 -0.0133611 0.0563529 -0.0319651 -0.0134462 0.0537232 -0.0340469 -0.0162915 0.0556349 -0.0279273 -0.0148128 0.0544939 -0.0346232 -0.0107401 0.050797 -0.0296388 -0.00427148 0.0486743 -0.0362451 0.00905224 0.0608239 -0.0350676 0.00471936 0.06679 -0.0353271 0.00840484 0.0617174 -0.0345568 0.00657768 0.0642323 -0.0371769 0.0236288 0.069677 -0.0345568 0.020331 0.0742246 -0.0350676 0.0184727 0.0767824 -0.0353271 0.0221581 0.0717098 -0.0396279 0.00454756 0.0538862 -0.042658 0.0117408 0.0584874 -0.0435984 0.024881 0.0679636 -0.0371121 -0.00141183 0.0513851 -0.0356375 -0.00346977 0.0486568 -0.0363244 0.0032089 0.048787 -0.034527 0.0126988 0.0501402 -0.0433215 0.00975213 0.0554615 -0.0449741 0.0168832 0.0597099 -0.0445219 0.0150221 0.0600248 -0.0444848 0.0255354 0.0676661 -0.045239 0.0248156 0.069544 -0.0474532 0.0208388 0.0729088 -0.0452275 0.0161657 0.0799251 -0.0493939 0.0209918 0.0756778 -0.0480034 0.0260824 0.0735736 -0.0484043 0.0236783 0.0815873 -0.0437435 0.0184848 0.0871751 -0.0421001 0.0193577 0.0914265 -0.0451492 0.0280003 0.0888447 -0.049434 0.0337016 0.0822832 -0.0436522 0.0374967 0.0801921 -0.0451577 0.0366926 0.0866303 -0.0448344 0.0377511 0.0966268 -0.0420938 0.023179 0.0953386 -0.0450891 0.0242668 0.094665 -0.0458472 0.031147 0.10095 -0.0446063 0.0360107 0.0769146 -0.04385 0.0219341 0.0964849 -0.0438501 0.0272123 0.100068 -0.04385 0.0024074 0.114745 -0.0421 0.00309916 0.113572 -0.043859 0.0126984 0.12442 -0.0448904 0.0283242 0.067916 -0.0430301 0.0283631 0.0641592 -0.0410522 0.0191185 0.0556536 -0.0443215 0.0169685 0.0566353 -0.0430301 0.0328714 0.0696605 -0.042839 0.0144606 0.0554534 -0.0351559 0.034226 0.0652077 -0.0351737 0.0277363 0.058526 -0.032277 0.0172529 0.0563541 -0.0323 0.0150884 0.0559195 -0.0289523 0.0279263 0.0587625 -0.0279273 0.0160466 0.0550049 -0.0315976 0.0199088 0.0545403 -0.0325029 0.0358326 0.07741 -0.0430014 0.0396303 0.0886163 -0.0441636 0.0360444 0.103833 -0.0352689 0.0432573 0.0873731 -0.0354199 0.0430459 0.0980623 -0.0321346 0.0420321 0.0804816 -0.0439238 0.035435 0.108824 -0.0442086 0.0304778 0.116887 -0.0443452 0.0308539 0.11155 -0.0439599 0.0192091 0.12233 -0.0443879 0.0244591 0.122743 -0.0350773 0.0337105 0.119558 -0.034414 0.0418613 0.104791 -0.0350408 0.0259799 0.126979 -0.0426752 0.0147611 0.127985 -0.0449784 -0.000522273 0.128324 -0.0309278 0.0135755 0.129032 -0.0431048 0.00786546 0.12239 -0.0421005 0.00637423 0.119374 -0.0337334 0.0111143 0.13416 -0.0354184 0.00475372 0.135213 -0.0339401 -0.0126705 0.134186 -0.0438377 -0.00451885 0.131292 -0.0434112 0.00349143 0.131595 -0.044473 0.00319301 0.11661 -0.042646 -0.00130393 0.111392 -0.0426034 -0.0138812 0.129119 -0.0450847 -0.00474167 0.111236 -0.0451132 -0.0124736 0.107733 -0.0420979 -0.00567318 0.109481 -0.0450913 0.00396541 0.125387 -0.0437886 -0.0102034 0.129995 -0.0476094 -0.0134893 0.12708 -0.049217 -0.0123356 0.123239 -0.0492655 -0.00774083 0.123543 -0.0479687 -0.00590628 0.121918 -0.0485592 -0.020363 0.11453 -0.0452529 -0.0218924 0.118467 -0.0483086 -0.0149276 0.109384 -0.0466293 -0.01676 0.109373 -0.0440753 -0.0171968 0.127415 -0.0353271 -0.0210512 0.113437 -0.0345568 -0.0184741 0.111698 -0.0371672 -0.0231311 0.114827 -0.0401465 -0.0245684 0.115695 -0.0350676 -0.015853 0.10993 -0.0444764 -0.0252061 0.116665 -0.0433382 -0.0338777 0.10313 -0.0406827 -0.0394313 0.0958037 -0.0446868 -0.0372734 0.104258 -0.0362515 -0.0433058 0.0934097 -0.0318012 -0.0153521 0.127296 -0.0296687 -0.0162143 0.128903 -0.0291662 -0.027904 0.125354 -0.0321169 -0.0203906 0.129733 -0.03523 -0.0275479 0.125646 -0.0351487 -0.0342979 0.118711 -0.0440318 -0.0274635 0.12055 -0.0353487 -0.0385528 0.11238 -0.0429798 -0.0363367 0.10955 -0.0392868 -0.0384611 0.0945225 -0.0360366 -0.0431265 0.0865402 -0.0362176 -0.0419367 0.0869948 -0.0367579 -0.040959 0.102856 -0.0321838 -0.0363495 0.105584 -0.0362453 -0.0315572 0.100012 -0.0345568 -0.0279804 0.0976046 -0.0350676 -0.0253593 0.0958367 -0.0368322 -0.0290287 0.0854516 -0.035775 -0.0241791 0.0950406 -0.0353271 -0.0305574 0.0993429 -0.036238 -0.0238791 0.0948383 -0.0361572 -0.0354821 0.0768424 -0.0297196 -0.0372269 0.0751864 -0.0280529 -0.0265588 0.0580459 -0.0318846 -0.0187117 0.0538686 -0.0288605 -0.0331677 0.0639893 -0.0280559 -0.018931 0.0532656 -0.0248263 -0.0186573 0.0534776 -0.024859 -0.0328083 0.0644839 -0.0248656 -0.0262472 0.0581845 -0.0290957 -0.0432553 0.0959589 -0.0361586 -0.0407153 0.079387 -0.0294466 -0.0383918 0.106655 -0.0267285 -0.040371 0.0776593 -0.02852 -0.0427845 0.0863733 -0.0260183 -0.0425826 0.095812 -0.0248671 -0.0394932 0.0756101 -0.0248999 -0.0425591 0.0889782 -0.024924 -0.0403979 0.106083 -0.0290702 0.00537113 0.0488677 -0.0279364 -0.0129212 0.0510266 -0.0270397 0.00529534 0.0495756 -0.0270412 -0.00380615 0.0494154 -0.0251215 -0.0139196 0.0518793 -0.0248884 -0.00384699 0.0493768 -0.0248448 0.00962639 0.0505285 -0.0290712 -0.0342974 0.118701 -0.0308835 -0.0379807 0.109962 -0.0268464 -0.0192725 0.130252 -0.0259417 -0.0384903 0.110663 -0.0270423 -0.0337424 0.118257 -0.0270387 -0.027418 0.124804 -0.0248475 -0.023766 0.127317 -0.0249 -0.0346568 0.117075 -0.0280781 0.00374386 0.134951 -0.0284741 -0.00451366 0.135133 -0.0349921 -0.00613496 0.135127 -0.0287749 0.0133629 0.133194 -0.0260212 -0.00531651 0.13442 -0.0248994 0.00397583 0.134442 -0.0248255 -0.0140582 0.132427 -0.0280794 0.0330179 0.119725 -0.0280552 0.0264776 0.12602 -0.0348904 0.0206357 0.130513 -0.0269471 0.0380323 0.111843 -0.0319106 0.0353953 0.10735 -0.0248286 0.037826 0.112023 -0.024864 0.0328658 0.119425 -0.0248419 0.0257752 0.126544 -0.0286665 0.0432884 0.0888934 -0.0282357 0.042965 0.0969258 -0.0270412 0.0425846 0.0881938 -0.0248884 0.0426233 0.088153 -0.0248606 0.0424977 0.0972499 -0.0274535 0.0382409 0.107693 -0.0275019 0.0382328 0.0771505 -0.0248146 0.0188533 0.0539903 -0.024888 0.0337368 0.0656534 -0.0248998 0.0274602 0.059103 -0.0274642 0.0385639 0.073869 -0.028054 0.0340196 0.0655223 -0.0345143 0.0386615 0.0714834 -0.0448047 0.00587702 0.13147 -0.0448267 0.0335728 0.11137 -0.0442249 0.0389795 0.099325 -0.0444698 0.0400422 0.0907928 -0.0458176 0.0371488 0.0943884 -0.0458516 0.026453 0.115767 -0.0450751 0.0318249 0.10625 -0.0458487 0.0179426 0.123739 -0.0458507 0.00478286 0.126529 -0.0438262 0.0171618 0.117759 -0.0438505 0.0277536 0.10687 -0.0458333 0.0282519 0.110433 -0.04385 0.0257983 0.113935 -0.0458315 0.0109646 0.125387 -0.0442157 0.00985281 0.127152 -0.04385 0.0229854 0.112203 -0.0125454 -0.00899834 0.127525 -0.0195826 -0.00887501 0.128247 -0.019698 -0.00755272 0.127164 -0.019702 0.0147991 0.0753367 -0.0197021 -0.00865166 0.0715648 -0.0197075 -0.0149968 0.0759255 -0.019701 -0.0219409 0.0859349 -0.0197305 0.0352317 0.0961639 -0.0197003 -0.0222113 0.09886 -0.0196987 -0.0341818 0.102835 -0.0197556 0.0303364 0.103456 -0.0197519 0.0213509 0.101548 -0.0197052 0.0154978 0.120549 -0.0200795 0.0341988 0.106643 -0.0196954 0.0231397 0.113914 -0.0197016 -0.0030163 0.114952 -0.0197766 0.00960135 0.12209 -0.0197146 -0.0187669 0.122832 -0.0197408 0.0165997 0.128374 -0.0197193 0.00137001 0.124168 -0.0197761 0.00332497 0.129053 -0.0197172 -0.01802 0.129668 -0.0196951 0.0315141 0.0816167 -0.019796 0.0102459 0.129072 -0.0197885 -0.0212668 0.11538 -0.0199208 -0.0247751 0.118537 -0.0197913 0.00965772 0.113812 -0.0197113 -0.0155376 0.11021 -0.0197018 0.00298581 0.0689537 -0.019703 -0.0388951 0.070512 -0.0196973 -0.0434772 0.0834683 -0.0197364 -0.0372033 0.106915 -0.0197886 -0.0315697 0.118455 -0.0196989 0.00498807 0.0607243 -0.0196999 -0.008231 0.0502017 -0.0196455 -0.010881 0.0567191 -0.0204571 0.0365195 0.10339 -0.0207 -0.00487448 0.0480853 -0.0203291 -0.0124933 0.0497621 -0.0199882 0.00356861 0.0478567 -0.0197025 0.0133111 0.0496378 -0.0197007 -0.031652 0.0610159 -0.0207 -0.0269377 0.0568941 -0.0205034 -0.0196671 0.0526965 -0.0200484 -0.0328234 0.121725 -0.0207 -0.0282315 0.126074 -0.0205214 -0.021167 0.13064 -0.0199929 -0.034776 0.118685 -0.0207 -0.0370208 0.116239 -0.0205214 -0.0393632 0.111767 -0.0207 0.00903817 0.135317 -0.0203319 0.0127512 0.133912 -0.0199929 0.00246471 0.135888 -0.0207 0.00248113 0.13618 -0.019715 -0.00334096 0.136093 -0.0207 -0.0111444 0.134757 -0.0197016 0.0357584 0.118112 -0.0199111 0.0275274 0.126704 -0.0207 0.0318691 0.122699 -0.0232082 0.0182357 0.131867 -0.0197065 0.0212266 0.130768 -0.0197054 0.0438034 0.0984118 -0.0197228 0.0443446 0.0893615 -0.0198355 0.0416234 0.10699 -0.0196984 0.0324132 0.0619218 -0.0197028 0.0275685 0.0573502 -0.0205214 0.037873 0.0694797 -0.0198814 -0.0212846 0.10464 -0.02051 -0.0204106 0.110651 -0.0200333 -0.0266569 0.10933 -0.0199984 -0.0195967 0.121397 -0.0207681 -0.0209213 0.12077 -0.0200333 -0.0206523 0.115873 -0.019924 -0.0263206 0.113282 -0.0200502 -0.0304447 0.113611 -0.0200333 -0.0320554 0.115147 -0.0207694 -0.0284991 0.117371 -0.0202638 0.000577161 0.116951 -0.0204961 0.00773216 0.11579 -0.0204928 0.00886377 0.122385 -0.0202643 0.00173352 0.123675 -0.0201313 0.0160085 0.126271 -0.0200333 0.0151804 0.120992 -0.0201132 0.010417 0.121865 -0.0203913 0.0113301 0.12706 -0.02078 0.0141406 0.122616 -0.0207483 0.00610823 0.128484 -0.0203799 0.023205 0.100526 -0.0202647 0.0308291 0.0994771 -0.0202274 0.0283091 0.106361 -0.0208035 0.0338953 0.0968084 -0.014852 0.0302456 0.082475 -0.0117023 0.0310836 0.0799712 -0.0120042 0.0227182 0.114222 -0.0117039 0.0246285 0.114409 -0.0117085 0.0250058 0.111637 -0.0196782 -0.00607617 0.123162 -0.0117026 -0.00701165 0.12454 -0.0190952 -0.0247822 0.0713249 -0.0196941 -0.0238651 0.0688114 -0.0117021 -0.0259987 0.0711439 -0.0120027 -0.0246105 0.0723954 -0.0120013 -0.0228698 0.0695262 -0.0196976 0.0082699 0.0597783 -0.014 0.00506942 0.0592338 -0.0117017 0.00834957 0.0597849 -0.0117027 0.005171 0.0607455 -0.019094 -0.0305649 0.104077 -0.0117045 -0.0294654 0.103808 -0.0117036 -0.0317159 0.102143 -0.0196886 -0.0307413 0.100558 -0.0246999 0.0210255 0.0531309 -0.0219837 0.0153457 0.0538853 -0.0246999 0.0145506 0.0507474 -0.0197007 0.040428 0.0782399 -0.0227006 0.0425021 0.0797403 -0.021828 0.0386076 0.0754753 -0.0247833 0.0402408 0.0732795 -0.024701 0.0419674 0.105948 -0.0246999 0.0125983 0.134366 -0.0226997 0.0139754 0.131511 -0.0220242 -0.0175852 0.129299 -0.0238762 -0.0149204 0.133776 -0.0203428 -0.014264 0.133467 -0.0246864 -0.019932 0.131596 -0.0241557 -0.0420665 0.105741 -0.0243055 -0.0418407 0.0772063 -0.0245735 -0.0392396 0.0717453 -0.0197032 -0.0144719 0.0553246 -0.0247968 -0.0133919 0.0497679 -0.0243459 -0.0149114 0.0538018 -0.0247 -0.0203004 0.0526814 -0.0274 0.0436248 0.0994122 -0.0274 0.0438714 0.0862242 -0.0274 0.0214046 0.130729 -0.0274 0.0318691 0.122699 -0.0274 0.00903817 0.135317 -0.0274 -0.00413132 0.136057 -0.0275984 -0.02823 0.126064 -0.0274 -0.0360886 0.0663938 -0.0274 -0.0269377 0.0568941 -0.0274 0.0106515 0.0490511 -0.0274 -0.00248112 0.0478196 -0.0274 0.0329947 0.0625142 -0.0274 0.0228377 0.0540988 -0.0274 -0.0153933 0.0505137 -0.0274 0.0402199 0.0735495 -0.0274 0.0395019 0.111942 -0.02755 -0.0169911 0.13302 -0.0274 -0.0425206 0.10425 -0.0274 -0.0442423 0.0911726 -0.0197057 -0.0442087 0.0953816 -0.0274 -0.0420328 0.0781687 -0.0196087 0.026326 0.118089 -0.0151992 0.0269943 0.117276 -0.0196563 0.0355108 0.0818895 -0.0236014 0.0177566 0.0536128 -0.0237419 0.0392832 0.0778544 -0.0230411 0.0372969 0.108529 -0.0248514 0.0398067 0.11179 -0.024622 -0.0401069 0.110451 -0.0196393 -0.0389109 0.107345 -0.0224023 -0.0383483 0.0756297 -0.0241317 -0.01689 0.0521295 -0.0277 0.0441689 0.0861851 -0.0277 0.0404926 0.0734244 -0.0277 0.0332184 0.0623143 -0.0277 0.0229925 0.0538418 -0.0277 0.0107237 0.0487599 -0.0277 -0.00249794 0.0475201 -0.0277 -0.0154976 0.0502325 -0.0277 -0.0271203 0.0566561 -0.0277 -0.0363332 0.0662202 -0.0277 -0.0440616 0.0958273 -0.0274042 -0.0370267 0.116231 -0.0276082 -0.013165 0.135034 -0.0275762 -0.000478318 0.137003 -0.0277 0.0215497 0.130991 -0.0277 0.0320851 0.122907 -0.0277 0.0397697 0.112077 -0.0277 0.0439206 0.0994624 -0.0277 0.0407081 0.11118 -0.0276884 0.0444633 0.098933 -0.0277 0.0336557 0.121871 -0.0277 0.044615 0.0861263 -0.0277 -0.044615 0.0978737 -0.0277 0.041153 0.0737948 -0.0277 -0.0449968 0.0914645 -0.0277 -0.043325 0.104163 -0.0277 -0.041153 0.110205 -0.0277 -0.034357 0.121062 -0.0277 0.0247776 0.0544358 -0.0277 0.0131909 0.0489767 -0.0277 0.00053549 0.0470032 -0.0277159 -0.0444521 0.0850285 -0.0277 -0.0336556 0.0621287 -0.0277 -0.0407081 0.0728206 -0.0277 -0.0247776 0.129564 -0.0277 -0.0121633 0.048675 -0.0277 -0.0238766 0.0538568 -0.0277 0.0121633 0.135325 -0.0197391 0.0204854 0.0866234 -0.0204547 0.00852688 0.073745 -0.0207685 0.000236639 0.0721158 -0.0201408 -0.0158997 0.105449 -0.0201408 -0.0087855 0.110647 -0.0204547 0.00256359 0.111985 -0.0204547 0.0130632 0.10734 -0.0201408 0.0197076 0.0980424 -0.0209612 -0.0178405 0.0853083 -0.0223356 0.012103 0.0784983 -0.0232048 -0.0128914 0.103578 -0.0223356 -0.00772807 0.108403 -0.0243832 0.00883807 0.107045 -0.0231977 0.0130784 0.103338 -0.0231914 0.0157585 0.099191 -0.0234176 0.0174607 0.0921981 -0.0231113 0.00440805 0.0751713 -0.0232012 -0.00439361 0.0752522 -0.0231908 -0.00979656 0.0776816 -0.023142 -0.0130794 0.0806261 -0.0299728 -0.0159919 0.0856704 -0.0222896 -0.0162361 0.0983149 -0.0299575 -0.00443061 0.108642 -0.0232135 0.000184945 0.109314 -0.0243552 -0.0169667 0.0890355 -0.0344 0.014708 0.0829869 -0.0239723 0.0151169 0.0830338 -0.03455 0.0165401 0.0880452 -0.0316981 0.00972538 0.0776018 -0.0344 0.00314357 0.0750389 -0.0242914 0.00013938 0.0747343 -0.0344 -0.00572662 0.0758285 -0.0344 -0.0105011 0.0783147 -0.0344 -0.0141383 0.082283 -0.0344 -0.0171968 0.0906466 -0.0340947 -0.0163606 0.0981732 -0.0344 -0.0125127 0.103874 -0.0321728 -0.00811779 0.107122 -0.0344 0.000451562 0.109244 -0.024282 0.00469365 0.10862 -0.0344 0.00742632 0.10757 -0.0344 0.013117 0.103203 -0.0344 0.0105011 0.105685 -0.0344 0.0165396 0.0968993 -0.0352087 -0.010037 0.0789195 -0.0347 0.00936825 0.0783691 -0.0347998 0.0171896 0.0935591 -0.0347 0.0103185 0.105447 -0.0350772 -0.00625747 0.107257 -0.0347 0.0163588 0.0898463 -0.0347 0.0158205 0.0966863 -0.0347 0.00300689 0.0757763 -0.0347 0.0140686 0.0833788 -0.0347 0.00710344 0.106893 -0.0347 0.0125467 0.102716 -0.0347 -0.0145005 0.0841269 -0.0347 -0.0164491 0.0907054 -0.0347 -0.0155911 0.0975211 -0.0347 -0.0119687 0.103358 -0.0347 0.000431929 0.108494 -0.0249079 0.0132845 0.101669 -0.0260617 0.000427813 0.108786 -0.0244867 -0.0161888 0.0896361 -0.0254913 -0.0151605 0.0857203 -0.0232615 -0.0120006 0.0804465 -0.0332081 -0.00416696 0.0760043 -0.0238178 0.000213345 0.0751756 -0.0141658 -0.012245 0.0864813 -0.00652941 -0.00901984 0.0912026 -0.0113691 -0.0107609 0.0948075 -0.0207801 -0.0183327 0.0955241 -0.0240846 -0.0171526 0.0938275 -0.00815986 -0.00800456 0.0876275 -0.00798068 -0.00310737 0.0837233 -0.00800362 -0.00772691 0.0961055 -0.0139999 -0.00203924 0.0839202 -0.012298 0.00313482 0.0840889 -0.0122867 0.00869385 0.0919935 -0.00647451 0.00699324 0.0972215 -0.0137284 0.0036176 0.0998995 -0.0146881 -0.00342548 0.0999798 -0.014012 0.00747129 0.08779 -0.017625 -0.000234918 0.0830286 -0.0152203 -0.00630549 0.0859586 -0.0195221 0.00593771 0.0993668 -0.0187544 0.00904348 0.0932467 -0.0199201 -0.00128877 0.1013 -0.0177 -0.00512476 0.0994566 -0.0166992 -0.00817226 0.0954388 -0.0159834 -0.00928082 0.0914157 -0.0180869 0.00579072 0.0852045 -0.0215186 -0.0033644 0.0834254 -0.0232601 0.00641279 0.099164 -0.0216917 0.000336626 0.101165 -0.0221466 -0.00700088 0.0853908 -0.0229209 0.00873451 0.0899565 -0.0225435 0.0041674 0.08419 -0.0217382 -0.00885069 0.0930427 -0.0213239 -0.00703766 0.0989635 -0.0210597 0.00930768 0.0953999 -0.00756625 0.00258906 0.0833239 -0.0085 0.0087762 0.0926907 -0.00421203 0.00722494 0.0868813 -0.00532721 -0.00576399 0.0990336 -0.00325 -0.000684335 0.100826 -0.003706 0.00354117 0.100247 0.0002 -0.00848377 0.0950043 -0.0076204 -5.53381e-05 0.0987378 0.000358092 0.00924041 0.09277 0.000125 -0.00869084 0.0889995 -0.00418881 -0.00949091 0.0955333 0.000125 0.00533838 0.0842326 0.000125 0.00171757 0.0827328 -5.36146e-05 -0.00367646 0.0833322 5e-05 0.00424054 0.100891 -0.001875 0.00846246 0.0868142 -0.00195 -0.00743789 0.0856474 -0.0041888 -0.00723324 0.0990882 -0.0008375 -0.00362114 0.100742 -0.001875 0.000259815 0.101922 -0.00455 -0.00450122 0.0826596 -0.0043 0.00189525 0.0817742 -0.00455 0.00634486 0.1002 -0.0043 0.010311 0.0906425 -0.00455 0.00754957 0.0848931 -0.00455 -0.00992958 0.0890154 -0.0048 -0.00192513 0.102387 -0.00458217 0.00923315 0.0965313 -0.00976776 0.0125292 0.0905245 -0.0077 0.00886904 0.0835836 -0.0077 0.00227795 0.0797093 -0.0077 -0.00291806 0.0798454 -0.0079366 -0.00993081 0.0838827 -0.0079366 -0.0126773 0.0939485 -0.0077 -0.00692536 0.102076 -0.0077 0.0107452 0.0978342 -0.0120405 0.0113102 0.0858907 -0.0134419 0.00754559 0.0818676 -0.0119171 -0.00914448 0.100722 -0.00778793 -0.00197954 0.104446 -0.0118986 -0.000852294 0.104607 -0.0097 0.00538139 0.103282 -0.0119699 -0.0127391 0.091354 -0.0118504 -0.008552 0.0827556 -0.0124995 0.0130372 0.0944974 -0.0119245 0.00825989 0.101487 -0.0129707 -0.000768735 0.106121 -0.0124906 -0.0118956 0.101806 -0.0126956 -0.0148905 0.0924988 -0.0134865 -0.00332104 0.0797399 -0.0121787 0.00401898 0.0797639 -0.0124084 0.00533173 0.0763024 -0.0124084 0.0150622 0.0852379 -0.0125013 -0.0124054 0.0824641 -0.0115257 -0.00723199 0.111264 -0.0120566 0.00700231 0.107756 -0.0124944 0.0142125 0.098451 -0.0116879 0.0178911 0.0810128 -0.0116095 -0.00481199 0.0720325 -0.0116647 -0.0127809 0.0753545 -0.0116647 -0.0197803 0.0990116 -0.0116698 0.0159865 0.105595 -0.0116613 0.0199899 0.0981357 -0.0117 0.00904074 0.110954 -0.0117 0.000549726 0.112993 -0.0117 -0.0152329 0.106455 -0.0104016 -0.018904 0.0817024 -0.01095 0.0208203 0.089259 -0.0115705 -0.0206103 0.0909308 -0.01095 0.00382695 0.0713516 -0.0117 0.0118945 0.0746934 -0.0102 0.0201352 0.0979643 -0.0102 0.0159685 0.105638 -0.0102 0.00904074 0.110954 -0.0102 0.0123193 0.0740753 -0.0102 0.0185449 0.0806357 -0.0102 -0.0205024 0.0992603 -0.0102 -0.021683 0.0902935 -0.0102 0.0223075 0.0890632 -0.0102 0.0215735 0.0983904 -0.0102 0.0171091 0.106613 -0.0102 -0.00832336 0.112094 -0.0102 -0.0157769 0.106972 -0.0102 -0.0132406 0.0747446 -0.0102 -0.00507743 0.070851 -0.0102 0.0041003 0.0698768 -0.0102 0.0096865 0.112308 -0.0102 0.000569359 0.113743 -0.0116641 0.0132827 0.0727912 -0.0116623 -0.00293214 0.0697213 -0.0116481 -0.0154624 0.0757061 -0.0116827 -0.0231497 0.0909607 -0.0116336 -0.0145837 0.109074 -0.0116615 0.00404357 0.113886 -0.0116391 -0.00637947 0.113533 -0.0116992 0.0197805 0.105768 -0.011615 0.0202474 0.101316 -0.0116626 0.0224639 0.0914102 -0.0117 0.027434 0.0588885 -0.0117001 -0.0395579 0.0753049 -0.0117 -0.0426321 0.0976126 -0.011685 -0.0205776 0.102638 -0.0117 -0.0221926 0.128831 -0.011702 -0.00207688 0.117034 -0.0117 0.0149585 0.132314 -0.0117019 -0.0161879 0.131879 -0.0117009 0.0362259 0.115523 -0.0117 0.0426321 0.0863874 -0.0117 0.041919 0.0991223 -0.0117018 0.0249485 0.127313 -0.0117 0.00241105 0.134932 -0.0117 -0.0103506 0.133736 -0.0116998 -0.032205 0.120527 -0.0117005 -0.0355542 0.116224 -0.0117 -0.0390837 0.109929 -0.0117 -0.0426907 0.0888841 -0.0117 -0.0309688 0.0621683 -0.0117 -0.0207999 0.0543654 -0.0117 -0.00838391 0.0497703 -0.0117014 0.00372219 0.0682199 -0.0117001 0.0146197 0.0512984 -0.0117 0.035975 0.0684458 -0.0117 0.0413195 0.0800961 -0.0117001 0.0233398 0.0811398 -0.0118046 0.0220158 0.0838616 -0.0086 -0.0428854 0.0847135 -0.0086 -0.0431278 0.0976779 -0.0086 -0.0313289 0.0618214 -0.0086 -0.0210418 0.0539278 -0.0086 -0.00888496 0.0494171 -0.0086 0.00406132 0.04869 -0.0086 0.0166467 0.0518112 -0.0086 0.027753 0.0585034 -0.0086 0.0363933 0.0681719 -0.0086 0.0417999 0.0799577 -0.0086 0.0431279 0.0863221 -0.0086 0.0434924 0.0928134 -0.0086 0.0413204 0.105597 -0.0086 0.0354769 0.117172 -0.0086 0.0264811 0.126511 -0.0086 0.0151324 0.132783 -0.0086 0.00243908 0.135432 -0.0086 -0.010471 0.134221 -0.0086 -0.0224506 0.129259 -0.0086 -0.0324354 0.120986 -0.0086 -0.0395382 0.110138 -0.00911486 0.0405761 0.110572 -0.00893707 0.0342291 0.0630776 -0.00885 -0.0121633 0.048675 -0.00885 -0.0345454 0.120532 -0.00894712 0.0246523 0.0545497 -0.00885 0.0117195 0.135311 -0.0085932 -0.0388935 0.0724343 -0.00888195 0.0122918 0.0489109 -0.00887098 0.0444595 0.0861707 -0.00903117 0.0406996 0.0735499 -0.00885 0.00053549 0.0470032 -0.00885 -0.0238766 0.0538568 -0.00885 -0.0336556 0.0621287 -0.00915 -0.0398638 0.0718174 -0.00885 -0.0444626 0.0850663 -0.00885 -0.044615 0.0978737 -0.0090028 -0.0415769 0.108305 -0.00900792 -0.025141 0.128953 -0.0090036 -0.0128518 0.134668 -0.00909443 0.0237859 0.129721 -0.00971546 0.0169764 0.0510154 -0.0094861 -0.0350371 0.0648903 -0.00916502 -0.0270978 0.0568662 -0.00916443 -0.00108359 0.136623 -0.009325 -0.0438715 0.0868915 -0.0091679 0.033169 0.121914 -0.0097555 -0.0016267 0.0476544 -0.00932468 -0.0159325 0.0507588 -0.0104999 0.038764 0.0645515 -0.010435 0.0439756 0.0860995 -0.0103899 0.0108542 0.0490831 -0.0104485 -0.0187406 0.0517467 -0.0104149 -0.0301728 0.0597326 -0.0101463 -0.0415789 0.0769262 -0.0104688 -0.0442068 0.0933295 -0.009625 -0.0432944 0.10103 -0.0103577 -0.0361126 0.118223 -0.0104374 -0.0122664 0.134387 -0.00979654 0.00974839 0.135248 -0.01045 0.0057753 0.135828 -0.0104458 0.0232371 0.129572 -0.00909394 0.0442977 0.0981827 -0.010517 0.0356242 0.060894 -0.0104767 -0.00583137 0.0481792 -0.0105157 -0.0363361 0.121213 -0.0105173 0.0450619 0.105227 -0.0119255 -0.00323116 0.115991 -0.0175993 -0.0034097 0.116881 -0.0122271 -0.0234443 0.101771 -0.016685 0.0233339 0.0825565 -0.0136394 0.00242199 0.0669654 -0.0171033 0.00328364 0.0671752 -0.0153517 -0.0200408 0.0773629 -0.0116933 -0.0191285 0.0759901 -0.0105048 0.0440865 0.110605 -0.0105 -0.00568214 0.138655 -0.0105 0.0175638 0.135595 -0.0115001 0.0071285 0.137675 -0.01125 -0.037728 0.122155 -0.011 -0.0443124 0.0745229 -0.0105 -0.0429568 0.0743119 -0.0105 -0.0175638 0.0484051 -0.0105 -0.00656175 0.0462241 -0.0105 0.00568216 0.0453447 -0.0124032 0.045298 0.109621 -0.0124999 0.0247228 0.132081 -0.0125 0.0166649 0.135946 -0.0124999 -0.0135068 0.137114 -0.0125 -0.00472287 0.138762 -0.0124862 -0.0419301 0.112432 -0.0124992 -0.0461564 0.100688 -0.0124932 -0.0470516 0.0912921 -0.0124941 -0.0402864 0.0684019 -0.0125 -0.0166649 0.0480537 -0.0124883 -0.0245245 0.0518204 -0.0115 -0.0102747 0.0460018 -0.0125001 -0.00467251 0.0453878 -0.0125 0.0354602 0.0606551 -0.0125301 0.00210166 0.0449951 -0.0125 0.0238337 0.0514913 -0.0125 0.0388809 0.064253 -0.0124938 0.0470517 0.0929754 -0.0124903 0.0433479 0.0744887 -0.0125 0.045297 0.0794628 -0.0125476 0.0378307 0.111874 -0.0129235 0.0421416 0.107185 -0.0115 0.0381773 0.0620752 -0.0125 -0.00709422 0.0463867 -0.00918755 -0.00796504 0.0444293 -0.0120217 -0.0457403 0.0732456 -0.011 0.00897017 0.138464 -0.0115 0.00602625 0.1373 -0.0115 0.00501267 0.137989 -0.012504 -0.0348247 0.0605877 -0.012826 -0.0430124 0.0795102 -0.0126709 -0.0411798 0.105534 -0.0125015 -0.0336327 0.124754 -0.0158354 -0.0352039 0.119033 -0.0126676 0.00650158 0.131875 -0.0126346 0.0374319 0.11652 -0.0125804 0.0440855 0.100995 -0.0129192 0.0358695 0.0694229 -0.0128713 -0.0442475 0.096153 -0.0129516 0.0354815 0.0651783 -0.0157254 -0.00456452 0.0475216 -0.0151761 -0.0406273 0.0734749 -0.0141734 0.0378035 0.0671318 -0.0125366 0.0363315 0.0641593 -0.0174221 -0.0400735 0.0716219 -0.0134206 -0.0298899 0.118195 -0.0157317 -0.00783179 0.0538271 -0.0157338 -0.00822386 0.0475474 -0.0127022 -0.00867499 0.0576461 -0.0171454 -0.00333505 0.0480049 -0.0185665 -0.00897245 0.0586652 -0.0159362 -0.00835051 0.0697472 -0.015925 -0.00884822 0.0617775 -0.0191015 -0.00867537 0.067459 -0.0173218 -0.00855397 0.072403 -0.0129361 -0.00923244 0.0650008 -0.015725 -0.00998175 0.0640637 -0.012925 -0.0095941 0.0679296 -0.0135411 -0.00608544 0.0766941 -0.0128514 -0.00989481 0.0705324 -0.0129953 -0.0116009 0.0607677 -0.0167024 -0.010875 0.0608383 -0.0177969 -0.0115945 0.0605807 -0.0157709 -0.0114236 0.0675909 -0.018739 -0.00987613 0.0699285 -0.0132016 -0.0120049 0.0681443 -0.0159277 -0.010778 0.0523288 -0.0178864 -0.0100317 0.073401 -0.0162026 -0.0111387 0.0736818 -0.01845 -0.0127871 0.0552514 -0.012685 -0.0141566 0.0617229 -0.018712 -0.0135253 0.0621873 -0.0157179 -0.0128963 0.0685054 -0.0145634 -0.0126245 0.0595521 -0.0181276 -0.0104685 0.0485083 -0.0129526 -0.0110624 0.0509613 -0.0171606 -0.0127283 0.0739866 -0.0132 -0.014789 0.0628023 -0.0132016 -0.0135394 0.0689806 -0.0184448 -0.0142519 0.066826 -0.0188236 -0.0149237 0.0627969 -0.0129136 -0.0117325 0.0495001 -0.0188962 -0.0121033 0.0728163 -0.0129835 -0.014575 0.0539603 -0.0126752 -0.0161914 0.062259 -0.01845 -0.0151632 0.0561664 -0.0171375 -0.0154691 0.0650809 -0.0129858 -0.01366 0.0714927 -0.0159225 -0.0142127 0.0561524 -0.0189629 -0.0111614 0.0481407 -0.0191241 -0.0129001 0.0741151 -0.0135307 -0.0107098 0.0794544 -0.0158224 -0.0162674 0.065822 -0.0132016 -0.0150159 0.0699154 -0.0130055 -0.0170985 0.0559202 -0.0188236 -0.0168017 0.0638355 -0.0129646 -0.0155228 0.0516791 -0.0161614 -0.0131898 0.0494822 -0.0189233 -0.0134709 0.0753135 -0.01845 -0.0174743 0.0572349 -0.01845 -0.0176599 0.0639511 -0.015825 -0.0167333 0.0683493 -0.0129858 -0.014972 0.07243 -0.0186139 -0.0156878 0.0521377 -0.0129827 -0.0173292 0.0649846 -0.018732 -0.018756 0.0621842 -0.0158259 -0.0187281 0.0582156 -0.018567 -0.0178061 0.0519623 -0.013979 -0.016927 0.049909 -0.0145128 -0.0169241 0.0699126 -0.0187525 -0.0148791 0.0740911 -0.0129325 -0.0189031 0.0537846 -0.01845 -0.0194565 0.0651662 -0.0130909 -0.0196176 0.0629085 -0.015825 -0.0182443 0.0694944 -0.01845 -0.0197107 0.0584522 -0.0129842 -0.0179393 0.0676275 -0.0152581 -0.0147536 0.0758213 -0.0129567 -0.014589 0.0784248 -0.0191113 -0.0154703 0.0776892 -0.0158197 -0.0188988 0.0700597 -0.0158176 -0.0203844 0.0548845 -0.0132 -0.0166397 0.0740801 -0.0188648 -0.0160491 0.0747876 -0.0157202 -0.0168859 0.0753457 -0.0127305 -0.0215432 0.0660093 -0.012992 -0.0213218 0.0553104 -0.0185406 -0.0213709 0.0551767 -0.0185429 -0.0211656 0.0676356 -0.0159246 -0.0202459 0.0662553 -0.0159211 -0.0209786 0.0610186 -0.0160434 -0.020636 0.0521003 -0.0186368 -0.0223831 0.0677949 -0.0171863 -0.0236044 0.0590943 -0.0186596 -0.0228489 0.0567603 -0.0138652 -0.0226394 0.0564714 -0.0159243 -0.0196644 0.0723994 -0.0157202 -0.0179391 0.0764857 -0.0143625 -0.02377 0.0566746 -0.015825 -0.0232995 0.0657459 -0.0129817 -0.0237013 0.0635007 -0.01845 -0.0210258 0.0720683 -0.0130913 -0.0216126 0.0692879 -0.0163604 -0.0170378 0.0786634 -0.0163301 -0.0184291 0.0799636 -0.0127929 -0.0164066 0.080293 -0.0158673 -0.0276758 0.0690401 -0.0145176 -0.0291484 0.0615866 -0.0130076 -0.0252532 0.0747843 -0.0187025 -0.0216372 0.0780859 -0.0185406 -0.0301732 0.0619626 -0.0130917 -0.0293973 0.0665377 -0.0186073 -0.028147 0.0706603 -0.0157159 -0.0244808 0.0765012 -0.0183518 -0.0325634 0.0605626 -0.0133097 -0.0306991 0.0598955 -0.0144127 -0.0196076 0.0810357 -0.0132016 -0.02618 0.0756986 -0.0184448 -0.0249295 0.0773247 -0.015827 -0.0285171 0.0719999 -0.0159294 -0.0310041 0.0650636 -0.0132 -0.0215168 0.0803798 -0.0189248 -0.0200565 0.0814194 -0.0187895 -0.0201152 0.0829626 -0.0128988 -0.0319808 0.0639024 -0.01845 -0.0310485 0.0685488 -0.0129817 -0.0302699 0.0706061 -0.01845 -0.0282444 0.0746545 -0.0132 -0.0282444 0.0746545 -0.01845 -0.025468 0.0781893 -0.0129827 -0.0261025 0.0772026 -0.0129858 -0.0220836 0.0810701 -0.0187448 -0.0286008 0.0721401 -0.0130253 -0.0171155 0.0843647 -0.0130169 -0.0192301 0.0854486 -0.0185418 -0.0301132 0.0734222 -0.0132016 -0.0271901 0.0774458 -0.013204 -0.0310103 0.0718764 -0.0140666 -0.0213036 0.0832373 -0.0129834 -0.0332528 0.0684671 -0.01845 -0.0333457 0.0685412 -0.01845 -0.0305021 0.0746286 -0.0130909 -0.0304613 0.0745853 -0.0157163 -0.0266656 0.079413 -0.018647 -0.0257959 0.0791388 -0.0185484 -0.032647 0.0672074 -0.0185844 -0.0342352 0.0641084 -0.0190465 -0.0334459 0.0619309 -0.0131327 -0.032868 0.0656627 -0.0173929 -0.0351432 0.0641375 -0.0184365 -0.0268983 0.0814501 -0.0158232 -0.0273578 0.0799797 -0.0158231 -0.0315867 0.0748956 -0.0151823 -0.0355193 0.0685014 -0.018534 -0.0330194 0.0744769 -0.015825 -0.0302668 0.0784895 -0.0184175 -0.0239035 0.0838922 -0.0129822 -0.02603 0.0811107 -0.0130046 -0.0349091 0.0681792 -0.0125097 -0.0371941 0.0661929 -0.0158293 -0.00777411 0.0696148 -0.0158168 -0.00429101 0.0514731 -0.015925 -0.00824299 0.0642257 -0.0130909 -0.00699147 0.0576156 -0.0159334 0.030646 0.0670457 -0.0185051 0.0335406 0.0660057 -0.0171375 0.0246741 0.0670333 -0.0129817 0.0268882 0.0664855 -0.0184664 0.0180529 0.0700231 -0.018438 0.019236 0.0704289 -0.0185191 0.0142084 0.0744837 -0.0186453 0.0250455 0.0678719 -0.0132007 0.0211151 0.0694899 -0.0132 0.0155946 0.0731636 -0.0188363 0.0406109 0.111591 -0.0171375 0.0304384 0.0981187 -0.0157202 0.0235349 0.0949332 -0.0186806 0.0288868 0.0984422 -0.0145608 0.0334399 0.10175 -0.0178606 0.0356433 0.102774 -0.0132007 0.0262553 0.0970085 -0.020888 0.0187896 0.0947379 -0.0191254 -0.0375283 0.116905 -0.0157191 -0.0155395 0.111911 -0.0157707 -0.0217932 0.115917 -0.0186088 -0.0166421 0.111457 -0.018715 -0.0298456 0.117808 -0.015827 -0.0251792 0.116067 -0.0132007 -0.0211151 0.11451 -0.013136 -0.0339759 0.11692 -0.0148846 -0.0146663 0.109656 -0.0157281 -0.0387438 0.0769213 -0.0185471 -0.0359514 0.0803542 -0.0130909 -0.0339306 0.0830627 -0.0185496 -0.0320435 0.0842934 -0.01845 -0.0285558 0.0871087 -0.0129827 -0.0294737 0.0863782 -0.0186579 -0.0270242 0.0867557 -0.0188209 -0.021568 0.088553 -0.0132 -0.0317031 0.0838676 -0.0132273 -0.0366435 0.078977 -0.0132016 -0.0262341 0.0870017 -0.0188083 -0.0209276 0.0859323 -0.0132016 -0.0253572 0.0836202 -0.0173247 -0.0208334 0.0869461 -0.01845 -0.035027 0.0750567 -0.0129084 -0.036842 0.070702 -0.0126858 -0.0314195 0.080601 -0.0185539 -0.0268908 0.0833482 -0.0129858 -0.0237916 0.0855885 -0.0172371 -0.0307634 0.0801769 -0.0145613 -0.0318629 0.0779962 -0.0158988 -0.036044 0.0703258 -0.0180506 -0.0382562 0.0689134 -0.0129876 -0.0197073 0.0888859 -0.0129208 -0.0331198 0.0807737 -0.0158224 -0.0258347 0.0853108 -0.0144531 -0.035761 0.0769083 -0.01845 -0.0348387 0.0792703 -0.01845 -0.029973 0.0839036 -0.0126622 -0.0282474 0.0854506 -0.0186492 -0.0311704 0.0818727 -0.0185044 -0.0381468 0.0734169 -0.0166349 -0.0374539 0.0728544 -0.0127644 -0.0417383 0.0750083 -0.0186474 -0.0286531 0.0880675 -0.0159667 -0.0332573 0.0851406 -0.0159565 -0.0398195 0.0772399 -0.0137051 -0.0230813 0.0896747 -0.0188066 -0.02188 0.0897575 -0.01845 -0.0346727 0.0851795 -0.0185666 -0.0405304 0.0781282 -0.0173471 -0.0283599 0.0893949 -0.0127488 -0.0338906 0.0861854 -0.014641 -0.0389936 0.0797222 -0.0131895 -0.0177925 0.0916212 -0.0187975 -0.0253913 0.0908043 -0.0158709 -0.0334933 0.0873747 -0.0132016 -0.026662 0.0904687 -0.0130927 -0.038703 0.0834255 -0.01845 -0.034828 0.0876235 -0.0130909 -0.0348069 0.087568 -0.0157163 -0.0294526 0.0905756 -0.0129858 -0.0246403 0.0919646 -0.0186385 -0.0425593 0.077332 -0.0184674 -0.0429506 0.0787302 -0.0167363 -0.0207592 0.0926098 -0.015979 -0.0235311 0.0928622 -0.0186481 -0.0307767 0.0910798 -0.0132016 -0.0308233 0.0909726 -0.0158764 -0.0408939 0.083337 -0.0147786 -0.0229739 0.0937224 -0.0130937 -0.0384717 0.0866348 -0.0185452 -0.0371897 0.0879129 -0.0157159 -0.0350223 0.0898539 -0.01845 -0.0289613 0.0927736 -0.0130913 -0.0315686 0.0916684 -0.0185038 -0.0416591 0.0839234 -0.0144217 -0.0434113 0.0820604 -0.0188962 -0.0225585 0.0943704 -0.018062 -0.021522 0.0956602 -0.0158232 -0.0298528 0.0933194 -0.0185485 -0.0413857 0.0860446 -0.0135626 -0.043714 0.0833863 -0.0131995 -0.0384597 0.0888302 -0.0184365 -0.0397931 0.089216 -0.01845 -0.033121 0.0932695 -0.0130896 -0.0230651 0.0956164 -0.01845 -0.0288487 0.0946661 -0.0186421 -0.0347802 0.0913437 -0.0175751 -0.0159067 0.092645 -0.0198091 -0.0198652 0.0878273 -0.0129066 -0.0312509 0.093898 -0.0129817 -0.0370543 0.0910287 -0.0129216 -0.0421638 0.0865131 -0.0159063 -0.0125085 0.095743 -0.0191617 -0.0149732 0.0864201 -0.0236308 -0.0165171 0.0933504 -0.0168257 -0.00812783 0.0834743 -0.0183729 -0.010622 0.0888508 -0.0147002 -0.0138712 0.0890509 -0.0188494 -0.0370098 0.0927842 -0.012983 -0.0307689 0.0953779 -0.0186545 -0.0272625 0.0957214 -0.0131207 -0.0395047 0.0907136 -0.0163263 -0.0439935 0.0861765 -0.0157159 -0.0370483 0.0935129 -0.0157168 -0.0407403 0.0909645 -0.015825 -0.0318784 0.0957115 -0.01845 -0.0286126 0.0965472 -0.0164752 -0.0444867 0.0878497 -0.0135928 -0.0218209 0.0967395 -0.013202 -0.0346273 0.0957658 -0.0132016 -0.0261499 0.0974215 -0.0186531 -0.0389535 0.0935807 -0.0145125 -0.0417807 0.0914634 -0.018734 -0.0242637 0.0974629 -0.0165577 -0.0205821 0.098009 -0.0129835 -0.0407059 0.093574 -0.0135945 -0.0444996 0.0906243 -0.012681 -0.0325913 0.0979273 -0.01845 -0.0388059 0.0948401 -0.0185496 -0.0325535 0.0971426 -0.0159081 -0.0282644 0.0985825 -0.0186316 -0.044416 0.0905393 -0.0195717 -0.0197251 0.0971766 -0.016005 -0.0222918 0.0989126 -0.01845 -0.0343865 0.0990509 -0.0130913 -0.0349283 0.098828 -0.01845 -0.0277743 0.100243 -0.0117872 -0.0230317 0.100279 -0.0159279 -0.027319 0.0992455 -0.0159257 -0.0342942 0.0980733 -0.0163076 -0.04193 0.0940775 -0.0157168 -0.0405269 0.096291 -0.0173126 -0.020148 0.0993531 -0.0164781 -0.0205843 0.101298 -0.0188233 -0.0196047 0.102641 -0.0173251 -0.0325178 0.104659 -0.0130909 -0.0323539 0.105065 -0.0130918 -0.0397037 0.103176 -0.0158232 -0.0249539 0.10429 -0.0135288 -0.0200199 0.104119 -0.0184524 -0.0225949 0.104607 -0.015825 -0.030114 0.105848 -0.0129827 -0.0268054 0.105482 -0.0185409 -0.0356939 0.105084 -0.020672 -0.0154069 0.102494 -0.0186491 -0.030278 0.106843 -0.0137475 -0.0347748 0.106842 -0.0171375 -0.0313899 0.107711 -0.0130917 -0.0265482 0.106867 -0.0185468 -0.0248535 0.106725 -0.0150819 -0.0192021 0.10522 -0.0176286 -0.040077 0.104819 -0.019655 -0.0439001 0.101866 -0.0185408 -0.0402798 0.105793 -0.0187407 -0.0254909 0.108101 -0.0132016 -0.0261994 0.10827 -0.0186442 -0.0347457 0.108575 -0.0148812 -0.0414054 0.106606 -0.0132 -0.0199385 0.106158 -0.0173416 -0.0165603 0.105536 -0.0130922 -0.0359709 0.108755 -0.01845 -0.0302952 0.10973 -0.0130909 -0.0303122 0.109673 -0.01845 -0.0236507 0.108733 -0.0129827 -0.0248163 0.108866 -0.0129858 -0.01957 0.106972 -0.0157131 -0.0403029 0.108022 -0.0128075 -0.0138819 0.105059 -0.0191013 -0.0153806 0.106373 -0.0187154 -0.0207818 0.108383 -0.0186368 -0.0269196 0.111032 -0.0132 -0.0270176 0.110474 -0.0159243 -0.0337945 0.110771 -0.0131771 -0.0381662 0.109814 -0.0130947 -0.0205239 0.108252 -0.0158274 -0.0176774 0.107796 -0.0150145 -0.0393015 0.110635 -0.015825 -0.0290707 0.111673 -0.0129817 -0.0313492 0.111779 -0.01845 -0.0225056 0.110244 -0.0129827 -0.02366 0.110453 -0.0185457 -0.0336604 0.111262 -0.0188666 -0.0417276 0.108863 -0.0162849 -0.0153275 0.108038 -0.0189388 -0.0250572 0.112387 -0.013202 -0.0323952 0.112892 -0.0172703 -0.0375802 0.112195 -0.0132008 -0.0228436 0.110986 -0.0157704 -0.0277339 0.113505 -0.0157167 -0.0344502 0.113773 -0.0157163 -0.0218334 0.111819 -0.0130935 -0.0147306 0.1086 -0.0158192 -0.029081 0.114904 -0.0144457 -0.0363891 0.11509 -0.0196362 -0.0391117 0.113631 -0.013119 -0.031262 0.115816 -0.018549 -0.0312486 0.115495 -0.0157179 -0.0181024 0.111764 -0.015825 -0.0230314 0.114351 -0.0186776 -0.0204627 0.112046 -0.0142948 -0.0244097 0.114065 -0.0127281 -0.0352775 0.119989 -0.0145077 -0.0237465 0.117731 -0.0172371 -0.0218065 0.117615 -0.0132005 -0.0161377 0.113361 -0.0171984 -0.0281562 0.119358 -0.0185757 -0.0162421 0.114123 -0.0157158 -0.0254268 0.119348 -0.0157189 -0.0130719 0.111844 -0.0129826 -0.0182246 0.116039 -0.0129838 -0.0299482 0.120055 -0.01327 -0.00692749 0.107845 -0.015945 -0.0300786 0.12126 -0.013944 -0.0118403 0.11086 -0.0189681 -0.0118076 0.111356 -0.0185399 -0.0254552 0.121231 -0.0127316 -0.0312855 0.122179 -0.0171375 -0.0173012 0.11778 -0.0130917 -0.0172346 0.117076 -0.0148685 -0.0111003 0.111804 -0.0185436 -0.0179325 0.117079 -0.0144543 -0.0236295 0.120471 -0.0172459 -0.0323741 0.122547 -0.0132007 -0.0163179 0.118197 -0.0132029 -0.0240016 0.122211 -0.016005 -0.0108748 0.112651 -0.0164672 -0.0108028 0.114219 -0.0185894 -0.0225644 0.122305 -0.0129817 -0.0213939 0.12227 -0.015825 -0.0173455 0.120244 -0.0129827 -0.0147975 0.118103 -0.0186518 -0.0157469 0.117691 -0.0158335 -0.0308253 0.123398 -0.0157436 -0.0267407 0.123841 -0.0189275 -0.00592976 0.112382 -0.0159244 -0.0220074 0.123782 -0.0132007 -0.0145696 0.119208 -0.0157921 -0.0298916 0.125696 -0.0132 -0.010188 0.114231 -0.01881 -0.00881371 0.112405 -0.0184548 -0.00838738 0.113197 -0.01845 -0.0173714 0.122502 -0.0132 -0.0154611 0.121318 -0.01845 -0.0121154 0.118317 -0.0129827 -0.0130586 0.119014 -0.0129858 -0.00946212 0.114751 -0.0186545 -0.012052 0.116735 -0.0186453 -0.0179472 0.121788 -0.0185408 -0.0258282 0.125847 -0.0173788 -0.0268406 0.127642 -0.0129817 -0.0193683 0.123604 -0.012908 -0.0259048 0.125721 -0.0161579 -0.00716768 0.110786 -0.0148007 -0.0210164 0.125792 -0.0129834 -0.014141 0.121764 -0.0129821 -0.0078871 0.113393 -0.0186497 -0.0100118 0.117539 -0.015825 -0.0153393 0.123573 -0.015825 -0.0212277 0.126809 -0.0129818 -0.0104818 0.119015 -0.0145172 -0.00711046 0.113902 -0.0187357 -0.0159589 0.122924 -0.0128841 -0.0235157 0.127307 -0.0124651 -0.0235364 0.132654 -0.0126202 -0.00558828 0.112336 -0.0148354 -0.00529236 0.11325 -0.0158709 -0.0133446 0.123325 -0.0147321 -0.018182 0.126871 -0.0159251 -0.00947226 0.119299 -0.01845 -0.0132415 0.124509 -0.0129817 -0.0150774 0.125862 -0.0129471 -0.0211637 0.128924 -0.01845 -0.00857674 0.119673 -0.0129827 -0.00942077 0.120488 -0.0132 -0.011502 0.123086 -0.0190282 -0.0252838 0.129195 -0.0186049 -0.0237802 0.130218 -0.0131991 -0.0137581 0.126402 -0.0132016 -0.00897 0.121507 -0.0185987 -0.00643665 0.117292 -0.0161648 -0.0192098 0.129305 -0.0157159 -0.0127801 0.126807 -0.0171375 -0.00809638 0.121973 -0.0187183 -0.0152962 0.128246 -0.0167918 -0.0205597 0.131474 -0.0142994 -0.00468297 0.115726 -0.0128376 -0.00842893 0.122384 -0.0130376 -0.0176016 0.129673 -0.0173391 -0.00354661 0.112257 -0.0171634 -0.00221869 0.114335 -0.0145349 -0.000967349 0.113417 -0.0160041 -0.000674835 0.115111 -0.0133531 0.000818121 0.108716 -0.0189387 -0.0150321 0.134703 -0.0125159 -0.0147926 0.13439 -0.0130918 -0.0092791 0.131368 -0.0150179 -0.012833 0.134436 -0.0186765 -0.00713566 0.129891 -0.014453 -0.00698453 0.129198 -0.0128865 -0.000826725 0.119639 -0.0184764 -0.00220627 0.123077 -0.0129825 0.00183419 0.114234 -0.0145134 -0.00567539 0.130162 -0.0132007 -0.00103322 0.122846 -0.0129389 -0.0111066 0.134948 -0.0159218 0.000285929 0.118628 -0.0188806 0.000680047 0.113703 -0.0186129 0.00130403 0.117178 -0.0157168 -0.00634434 0.132257 -0.012677 -0.000848437 0.125852 -0.0171873 -0.00184055 0.126214 -0.0187056 -0.00882555 0.133058 -0.0145134 -0.000807407 0.126855 -0.0160048 -0.00430956 0.131949 -0.0187174 0.00216245 0.117713 -0.0132007 0.00195753 0.118657 -0.021687 0.00247182 0.109562 -0.0165714 0.00326111 0.11319 -0.0184322 -0.00239603 0.131407 -0.0172372 0.000892688 0.124664 -0.012677 0.00136748 0.125835 -0.0157179 0.00292364 0.118641 -0.012928 -0.00554419 0.134276 -0.0166151 -0.00806484 0.135258 -0.0166911 -0.0101766 0.135448 -0.0137214 0.0044689 0.111526 -0.0132007 0.00300184 0.122717 -0.0158267 0.000458101 0.129032 -0.0132 0.00387971 0.116144 -0.0188962 0.00384075 0.114355 -0.0189299 0.00478515 0.112893 -0.01845 0.000296041 0.130909 -0.0129817 0.00145426 0.129038 -0.0137773 -0.00326695 0.134573 -0.015825 0.00343297 0.124967 -0.01845 0.00454722 0.120613 -0.0129827 0.00415059 0.121717 -0.0129858 0.00477241 0.116174 -0.0185436 0.00305344 0.122679 -0.0186518 -0.00289049 0.133273 -0.0125634 -0.00555961 0.136835 -0.015819 0.00542697 0.118116 -0.0132007 0.00500441 0.122455 -0.0159211 0.00267736 0.12932 -0.0158646 -0.000701594 0.133962 -0.0157203 0.00629654 0.114866 -0.01845 0.00284015 0.130806 -0.0126763 0.00577218 0.125367 -0.0144009 5.5621e-05 0.134498 -0.0186013 0.0059163 0.117448 -0.0172371 0.00514258 0.124554 -0.0129561 0.00554915 0.109879 -0.0181127 0.000303796 0.136366 -0.0147441 0.00400569 0.13153 -0.0132016 0.00698529 0.122039 -0.0132 0.00699799 0.115431 -0.0188083 0.00658166 0.112772 -0.0158343 0.00739704 0.112123 -0.013049 0.0056459 0.130531 -0.018689 0.00471009 0.131562 -0.0184469 0.00740079 0.125796 -0.015825 0.00824301 0.119774 -0.0129911 0.00762794 0.11422 -0.0147243 0.0014945 0.136408 -0.0160318 0.0080316 0.113442 -0.0130913 0.00983341 0.122 -0.0129817 0.00865217 0.128043 -0.017706 0.0075505 0.131281 -0.01845 0.00992022 0.12142 -0.0157203 0.0092273 0.113849 -0.0188312 0.00235274 0.136962 -0.0159647 0.00736772 0.12901 -0.0187154 0.00883359 0.116945 -0.0159254 0.00891588 0.122531 -0.0186521 0.00870927 0.13071 -0.0160115 0.0108992 0.123116 -0.0132019 0.00925936 0.129655 -0.0140046 0.00626709 0.136139 -0.0158234 0.0106353 0.117756 -0.0158414 0.00886479 0.111389 -0.018496 0.0118648 0.120437 -0.0157158 0.0109703 0.127694 -0.0164349 0.00724272 0.136354 -0.0130913 0.011768 0.121495 -0.0143031 0.0098984 0.111171 -0.013204 0.0123516 0.126843 -0.0132007 0.0127162 0.120122 -0.0186518 0.0126126 0.119366 -0.0158484 0.00877079 0.135313 -0.0158596 0.0110902 0.112723 -0.0192114 0.0106605 0.110095 -0.0186397 0.010765 0.132913 -0.0171375 0.0136239 0.12435 -0.0157179 0.0128963 0.115495 -0.0129827 0.0134824 0.118805 -0.0159207 0.011853 0.128618 -0.0166412 0.0107603 0.135611 -0.0129817 0.0132827 0.126605 -0.0128991 0.0111098 0.133053 -0.0132007 0.0145283 0.11923 -0.0152586 0.0133628 0.130736 -0.0148836 0.0120178 0.111557 -0.0146132 0.0126698 0.110419 -0.01845 0.0151632 0.127834 -0.0129835 0.014575 0.13004 -0.0130909 0.0156526 0.123403 -0.0185496 0.0153336 0.121173 -0.0184524 0.0140578 0.113722 -0.0129827 0.0152067 0.117866 -0.0166181 0.0127343 0.13522 -0.0187323 0.0129701 0.113214 -0.0159227 0.0146559 0.125877 -0.0158258 0.0164686 0.119184 -0.0129657 0.0167618 0.129623 -0.0184448 0.0158679 0.116188 -0.0132 0.015493 0.130806 -0.0190229 0.0133267 0.110326 -0.0175893 0.0153734 0.111665 -0.01845 0.0174743 0.126765 -0.01845 0.0176599 0.120049 -0.0127877 0.0177601 0.119477 -0.0120307 0.0142696 0.109907 -0.0190081 0.0161824 0.128943 -0.0173433 0.0161557 0.13369 -0.0188233 0.014261 0.109152 -0.0125963 0.0156488 0.106748 -0.0199805 0.0132388 0.105941 -0.0158104 0.018913 0.123841 -0.0184448 0.0174159 0.115098 -0.015825 0.0184736 0.119018 -0.0130921 0.0167375 0.113474 -0.012799 0.0181049 0.129656 -0.01845 0.0197107 0.125548 -0.01845 0.0188504 0.11667 -0.0132 0.0188504 0.11667 -0.0157203 0.0157608 0.109723 -0.0190155 0.0185316 0.127989 -0.0129817 0.0197787 0.123349 -0.0148755 0.0183138 0.133215 -0.0125181 0.0182081 0.132669 -0.0132029 0.020575 0.120149 -0.0132016 0.0177701 0.111936 -0.0185894 0.0214273 0.124232 -0.0187211 0.0164544 0.109656 -0.0126759 0.0216825 0.118011 -0.0172296 0.0203908 0.116662 -0.0157179 0.0185378 0.111356 -0.0129327 0.0213426 0.128909 -0.0160835 0.0205786 0.129335 -0.0190509 0.0159849 0.106235 -0.0186464 0.021108 0.114408 -0.01316 0.0207529 0.112946 -0.0161568 0.0226969 0.127294 -0.015493 0.0177015 0.107153 -0.01845 0.0232995 0.118254 -0.013083 0.0227386 0.117028 -0.0129242 0.0235329 0.127397 -0.017185 0.0235768 0.127565 -0.0157163 0.0212045 0.11249 -0.0276923 0.0238844 0.130139 -0.0145113 0.0119031 0.100176 -0.0189472 0.0171688 0.10434 -0.0138079 0.0174676 0.105773 -0.0123106 0.0190353 0.104239 -0.013094 0.0245488 0.109246 -0.0158224 0.0223136 0.106639 -0.0132017 0.0281765 0.116174 -0.0155527 0.0295567 0.123319 -0.0188962 0.0193399 0.103852 -0.0178482 0.0210633 0.103223 -0.0152755 0.0192103 0.102523 -0.0129826 0.0274288 0.112264 -0.0186593 0.0252706 0.108502 -0.0183545 0.0292801 0.116652 -0.0128841 0.0300405 0.121952 -0.0129943 0.0255064 0.106713 -0.0173736 0.0304375 0.115967 -0.0141016 0.0317022 0.123873 -0.0162137 0.018305 0.10029 -0.0170851 0.0234058 0.104077 -0.01845 0.0310485 0.115451 -0.0185496 0.0278658 0.109598 -0.0172178 0.0327394 0.122392 -0.0127075 0.0304023 0.112778 -0.0124997 0.032842 0.125718 -0.0132016 0.0271901 0.106554 -0.015917 0.031023 0.112054 -0.0186637 0.0329736 0.118135 -0.016005 0.0213177 0.101501 -0.018821 0.0204814 0.0995867 -0.0129817 0.0316043 0.111368 -0.0131883 0.033128 0.11698 -0.01845 0.0333457 0.115459 -0.0175676 0.0346387 0.120698 -0.015825 0.0299102 0.108416 -0.0129827 0.0270144 0.105059 -0.0129858 0.0227512 0.101462 -0.0185518 0.0264938 0.105076 -0.0132007 0.0281027 0.104759 -0.018648 0.0311412 0.108467 -0.0132059 0.0322986 0.11013 -0.015825 0.0344412 0.115658 -0.0186545 0.0254707 0.102408 -0.0131225 0.0208022 0.0998341 -0.0129835 0.0347207 0.113308 -0.01845 0.0338438 0.111198 -0.0128079 0.0359258 0.118179 -0.01845 0.0302668 0.105511 -0.0132 0.0302668 0.105511 -0.0129817 0.0328034 0.10926 -0.01845 0.0270528 0.102368 -0.0129827 0.0278106 0.103264 -0.0131015 0.0212378 0.0989538 -0.0186186 0.0360424 0.117805 -0.0131596 0.027885 0.101612 -0.0188854 0.0297499 0.103179 -0.0132009 0.0343414 0.109686 -0.0158715 0.0368369 0.11641 -0.0180407 0.0211258 0.0983272 -0.0158808 0.02232 0.0977757 -0.0129834 0.03604 0.110991 -0.0129817 0.033862 0.107077 -0.0171375 0.0325086 0.105242 -0.0157163 0.0280804 0.100999 -0.0186518 0.0353854 0.111826 -0.0164209 0.0369421 0.113134 -0.0132 0.0237912 0.0976553 -0.0185953 0.0252805 0.0984309 -0.0174999 0.0385967 0.115057 -0.0186053 0.0352562 0.10557 -0.015825 0.0317713 0.101444 -0.0157163 0.0286088 0.099143 -0.0137276 0.0223202 0.0961089 -0.0172337 0.0327855 0.103946 -0.0126766 0.0330363 0.0994363 -0.0129838 0.0390421 0.108355 -0.0129612 0.0332921 0.103484 -0.0130918 0.0368008 0.108781 -0.016134 0.0393168 0.112867 -0.0172455 0.0407449 0.107326 -0.0131402 0.037857 0.103933 -0.0132005 0.0305447 0.0971195 -0.013944 0.0221883 0.0942867 -0.0206012 0.0192995 0.0932872 -0.0185137 0.0330126 0.0975238 -0.0186828 0.0374119 0.101673 -0.0174448 0.022337 0.0928009 -0.0157163 0.0294434 0.0954204 -0.0129826 0.0378214 0.102155 -0.0185413 0.0373397 0.0997184 -0.0132007 0.0307125 0.0950485 -0.0186518 0.0300059 0.0947602 -0.0132009 0.0377487 0.100195 -0.0189582 0.0425004 0.106832 -0.0132 0.0244373 0.0929052 -0.0152268 0.0204022 0.0914251 -0.014377 0.041011 0.10285 -0.0129817 0.0366105 0.0977996 -0.01845 0.0397847 0.100912 -0.0171375 0.034828 0.0963765 -0.0129827 0.0299554 0.0937266 -0.0157179 0.0267951 0.0925788 -0.0131991 0.0367906 0.0963854 -0.0158253 0.0317633 0.0934122 -0.015819 0.0266727 0.0917723 -0.0130918 0.0398901 0.0986845 -0.0172765 0.0406469 0.100479 -0.0186013 0.0261136 0.0911621 -0.01845 0.0386144 0.0967851 -0.0129817 0.0369115 0.0953927 -0.0157807 0.0432945 0.10213 -0.0125969 0.0292431 0.0909748 -0.018372 0.0313719 0.0920879 -0.0126573 0.0433732 0.104806 -0.0154526 0.0209187 0.0900808 -0.0186647 0.0267202 0.0894848 -0.0160118 0.0327599 0.0915908 -0.018653 0.0409965 0.0975812 -0.0132016 0.0266338 0.0900381 -0.0137829 0.0203177 0.0886598 -0.018478 0.042098 0.0973275 -0.0129752 0.040214 0.0959794 -0.0130909 0.0350876 0.0918509 -0.01845 0.0351013 0.0917931 -0.0129827 0.0299245 0.0898019 -0.0131414 0.0295045 0.0883244 -0.0187353 0.0306425 0.0888751 -0.0174398 0.0222631 0.0884887 -0.0157168 0.0407403 0.0930355 -0.015825 0.0350126 0.0894978 -0.0151649 0.0258628 0.0870352 -0.018185 0.0398973 0.0932561 -0.0130418 0.0413009 0.0945311 -0.0172783 0.0445187 0.0958908 -0.0187146 0.0248334 0.0866472 -0.0130921 0.0299065 0.0864545 -0.0158673 0.0360566 0.0887604 -0.013953 0.0237984 0.0859552 -0.018536 0.0322481 0.0859169 -0.0127098 0.0365597 0.087577 -0.0167599 0.0405962 0.0910207 -0.0148114 0.0436776 0.0934398 -0.0166003 0.0198215 0.0859578 -0.018712 0.0254562 0.0848178 -0.0130917 0.0294916 0.0845103 -0.0155537 0.0212354 0.084143 -0.01845 0.0405381 0.0876509 -0.01845 0.0343865 0.0849491 -0.015825 0.0300056 0.0840252 -0.0186453 0.0342294 0.0858527 -0.0145626 0.0383926 0.0876083 -0.0158819 0.0441059 0.0917209 -0.0186322 0.0444142 0.0905534 -0.0129804 0.0222583 0.0849253 -0.0129826 0.0385238 0.0867454 -0.0129111 0.0444154 0.0906295 -0.0169976 0.0206106 0.0825687 -0.0131239 0.0189551 0.0834961 -0.0188385 0.0191225 0.0817681 -0.0129829 0.0276127 0.0790345 -0.0157544 0.037963 0.0802099 -0.0130688 0.0192365 0.0815449 -0.0187174 0.0229285 0.0801621 -0.0171387 0.0230258 0.0792266 -0.0130932 0.0378261 0.0800798 -0.01845 0.0367486 0.0792129 -0.0174136 0.0300897 0.0780085 -0.0159247 0.0298303 0.0791752 -0.0186231 0.0431407 0.0819572 -0.0132007 0.0230422 0.0784543 -0.0186518 0.0264825 0.0776246 -0.0185452 0.0364229 0.0774116 -0.0158259 0.0359399 0.0778419 -0.0132 0.0291977 0.077211 -0.015825 0.0407356 0.079486 -0.0157202 0.0196287 0.0786875 -0.0127473 0.0404441 0.0783803 -0.01845 0.0313899 0.0762895 -0.0130909 0.0314032 0.0763474 -0.01845 0.0246944 0.0768494 -0.0129827 0.0258662 0.0767933 -0.0169151 0.0427551 0.0796812 -0.013204 0.0329328 0.0752061 -0.0132007 0.0262216 0.0757219 -0.0141901 0.0390426 0.076623 -0.0139399 0.0181139 0.0790193 -0.0187525 0.0188437 0.0783241 -0.0187947 0.0170223 0.0779853 -0.0129835 0.037005 0.0749683 -0.0129817 0.0325756 0.074314 -0.0129827 0.0248163 0.0751342 -0.015825 0.0280489 0.0743401 -0.01845 0.0236507 0.0752667 -0.0185436 0.0261649 0.0756924 -0.0187049 0.0362738 0.0749512 -0.0130451 0.0173809 0.0779543 -0.0172342 0.0299517 0.0732095 -0.0130917 0.0243805 0.0737945 -0.0165797 0.0371973 0.0738222 -0.0167575 0.0419166 0.0762161 -0.0130929 0.0187594 0.076174 -0.0129835 0.0358129 0.0725847 -0.01845 0.0290707 0.0723267 -0.0130909 0.0290915 0.0723824 -0.01845 0.0225056 0.0737557 -0.0171088 0.0404414 0.0734393 -0.0186436 0.0229323 0.0745587 -0.0186135 0.0410449 0.0735207 -0.0169848 0.0158041 0.0774766 -0.0159822 0.0320655 0.0711004 -0.0132007 0.0238726 0.0724386 -0.015819 0.0199035 0.0742422 -0.0159006 0.0369299 0.071717 -0.0130024 0.0394194 0.0716605 -0.0187795 0.0161917 0.07664 -0.0129817 0.0299885 0.0702134 -0.0129827 0.0224025 0.0720393 -0.015825 0.0255038 0.0708301 -0.0131511 0.0161917 0.0751052 -0.01845 0.0212642 0.0723228 -0.0185522 0.0325138 0.0699605 -0.0276843 0.0343595 0.0629404 -0.0130381 0.0355656 0.0704553 -0.012758 0.0132299 0.0772792 -0.0132009 0.0267908 0.0696195 -0.015824 0.0206479 0.0717113 -0.0188236 0.0243455 0.0700265 -0.0167567 0.0374782 0.0691305 -0.0172469 0.039274 0.0702987 -0.0187525 0.0158136 0.0749106 -0.0173063 0.0137908 0.0755695 -0.0126844 0.0241197 0.0688625 -0.0171375 0.0262541 0.0687005 -0.0157179 0.0181024 0.072236 -0.0184957 0.0316776 0.0684901 -0.0129858 0.0150281 0.0724731 -0.0129827 0.0196055 0.0692859 -0.0130409 0.0324445 0.0659966 -0.0130381 0.0340804 0.0681753 -0.0173248 0.0345094 0.0634322 -0.0186682 0.0325528 0.0647666 -0.0145101 0.027983 0.0651514 -0.0186048 0.0272123 0.0642122 -0.0131575 0.0181111 0.0686554 -0.0187136 0.0151831 0.0715734 -0.0176371 0.0116172 0.0751767 -0.015825 0.0221685 0.0657723 -0.0184523 0.0123715 0.0728339 -0.0157178 0.0154577 0.0699699 -0.0126525 0.0212788 0.0655664 -0.0129836 0.0299488 0.0639451 -0.0129892 0.0104158 0.0749186 -0.0190669 0.0112518 0.0734463 -0.0132016 0.0179787 0.0669422 -0.0158224 0.0146385 0.0696865 -0.0188236 0.0195909 0.0656992 -0.0159216 0.0239642 0.0638514 -0.0144796 0.0301639 0.0628446 -0.0139657 0.0105789 0.0724108 -0.0157202 0.0117164 0.071379 -0.01845 0.0254316 0.0625518 -0.015825 0.0191556 0.0649506 -0.01845 0.0154468 0.0674897 -0.0187275 0.0332313 0.0617684 -0.0126532 0.0192965 0.0643605 -0.0129249 0.0300829 0.0619697 -0.0173887 0.00906941 0.0719312 -0.0132016 0.0163014 0.06582 -0.0186481 0.0161853 0.0658067 -0.0131991 0.0221931 0.0623311 -0.0165571 0.0287417 0.0608387 -0.0201984 0.00840379 0.0750178 -0.018542 0.0242605 0.0611512 -0.01845 0.0138107 0.066532 -0.0171375 0.0193292 0.0626994 -0.0144083 0.0296106 0.0590192 -0.019147 0.0300768 0.0586077 -0.0129827 0.0147975 0.0658975 -0.0129817 0.0213939 0.0617301 -0.0129352 0.0279607 0.060067 -0.0158197 0.013038 0.0661436 -0.0132 0.0160607 0.063482 -0.0132029 0.0219743 0.0602844 -0.0187287 0.0217863 0.0602542 -0.0129825 0.01001 0.0708132 -0.0161621 0.00819377 0.0710271 -0.01845 0.0213703 0.0594842 -0.0129817 0.0193683 0.0603957 -0.0129827 0.0130586 0.0649856 -0.015825 0.0154611 0.0626817 -0.01845 0.0121154 0.0656832 -0.0186492 0.0160138 0.0634043 -0.0186151 0.0286881 0.0586231 -0.0186316 0.0281976 0.0576517 -0.0129834 0.0235329 0.0587472 -0.0125157 0.0289571 0.0575688 -0.0193239 0.00643062 0.0728979 -0.0129823 0.00775439 0.0705984 -0.0132007 0.0127589 0.0638973 -0.0186644 0.0136568 0.0618329 -0.0131346 0.0241343 0.0574815 -0.0186706 0.0259345 0.0566795 -0.0171387 0.00888971 0.0672143 -0.0130909 0.0119962 0.063359 -0.012852 0.026102 0.0556388 -0.0184751 0.0181504 0.0587912 -0.018641 0.0196923 0.0589097 -0.0185038 0.0234041 0.0566029 -0.018839 0.0270551 0.0561331 -0.0129822 0.0168341 0.0601224 -0.0129835 0.0213077 0.0572793 -0.0173585 0.0061528 0.0715854 -0.0131514 0.00638583 0.0706638 -0.0158238 0.0140787 0.0601073 -0.0132013 0.0095862 0.0646164 -0.0160062 0.0184342 0.0571904 -0.0187174 0.00784225 0.0674165 -0.0138369 0.00552761 0.0703344 -0.0184524 0.00706287 0.0671081 -0.0171375 0.0132415 0.0594914 -0.018632 0.0239582 0.0538634 -0.0129827 0.00942078 0.0635122 -0.0186494 0.0118485 0.0620471 -0.0190314 0.0252732 0.0547954 -0.0127798 0.0169735 0.0567728 -0.0132016 0.0067034 0.066149 -0.01319 0.0132778 0.05764 -0.0189566 0.00495004 0.0698669 -0.0148323 0.00371151 0.0698758 -0.0157168 0.0165473 0.0547571 -0.0129583 0.0110127 0.0584078 -0.0187322 0.007946 0.0625629 -0.0186808 0.0110129 0.0589413 -0.0189482 0.0229536 0.0530904 -0.0136514 0.0217318 0.0532655 -0.0127465 0.00355531 0.0726926 -0.0166842 0.0022182 0.0709854 -0.0175977 0.00315588 0.0706445 -0.0158541 0.00162966 0.0687572 -0.0161204 0.000719356 0.0718286 -0.0190199 -0.000614311 0.0707829 -0.0130115 0.0018269 0.0629329 -0.0159266 0.00528819 0.057551 -0.0145125 0.011332 0.0517819 -0.0186442 0.00801878 0.0543247 -0.01845 0.00891228 0.0522153 -0.01845 0.00437649 0.057172 -0.0122669 0.0132187 0.0493642 -0.0127083 0.00519004 0.0555413 -0.0151632 -0.00037622 0.0690261 -0.0185996 0.00153649 0.063508 -0.0188046 0.0140404 0.0491387 -0.0185937 0.0128099 0.0494457 -0.0158257 0.00103324 0.0611539 -0.0145095 0.00375562 0.0562198 -0.0145011 0.00803638 0.0516634 -0.0130923 -0.000637403 0.0697622 -0.0129826 0.00489512 0.0534289 -0.01845 0.00629115 0.0517176 -0.0124949 0.0128875 0.0466692 -0.01845 0.00327904 0.0550537 -0.015825 0.000899477 0.0588669 -0.0129827 -0.000236269 0.0619959 -0.0157179 -0.00117493 0.0652244 -0.0186776 0.000295008 0.0633563 -0.0186518 0.00910589 0.0507958 -0.0191074 0.0101786 0.0484352 -0.018795 0.0123705 0.0487711 -0.0159616 -0.0019351 0.0713498 -0.0127858 -0.00454912 0.072645 -0.0187025 -0.00213308 0.0663637 -0.0130921 -0.00159445 0.0616256 -0.0159165 0.00219656 0.0546763 -0.0149743 0.0079198 0.048716 -0.0130929 -0.0027367 0.0676097 -0.0165714 -0.0032611 0.0708099 -0.0130909 -0.000149076 0.0569124 -0.01845 0.00224935 0.0531554 -0.0185496 -0.000849482 0.0590538 -0.01845 -0.00266611 0.0631513 -0.0188378 0.00671254 0.0477812 -0.0129503 0.00553585 0.0498035 -0.013093 -0.0018764 0.0584 -0.0158232 -0.00361651 0.0644199 -0.0188962 -0.00384075 0.0696449 -0.0174758 -0.00495468 0.066375 -0.0157159 -0.000875134 0.0540265 -0.0129459 0.00268018 0.049478 -0.015825 -0.00343296 0.059033 -0.0186824 -0.00116334 0.0565904 -0.0145521 0.00344457 0.0501734 -0.0188327 0.00384998 0.0474381 -0.0188525 -0.00624511 0.0715123 -0.0134377 0.0167107 0.0922445 -0.0132655 0.0145121 0.0824779 -0.0166648 0.00863635 0.0838044 -0.0136079 0.00531012 0.0770047 -0.0129419 -0.015397 0.100491 -0.0147271 -0.00868801 0.103322 -0.0136079 0.00901026 0.10511 -0.0160485 0.00171636 0.104872 -0.0132938 0.0171266 0.0955564 -0.0173097 0.0114395 0.0903684 -0.0173485 0.001823 0.0806221 -0.0191202 -0.00346101 0.101774 -0.0191202 0.00587268 0.100545 -0.0187154 -0.00550202 0.0661153 -0.0159246 -0.0033984 0.0562831 -0.0130921 -0.00554547 0.0620935 -0.0159545 0.000669892 0.0500277 -0.0152662 -0.0052196 0.0697007 -0.01845 -0.00478679 0.057226 -0.015825 -0.00599529 0.0615371 -0.01441 -0.00620414 0.0698131 -0.0185439 -4.79819e-05 0.0494231 -0.0245725 0.0157523 0.0865418 -0.0214221 0.014774 0.0819043 -0.0195433 0.0134996 0.0773621 -0.0239468 0.0095247 0.0780979 -0.0221444 -0.00911844 0.0771201 -0.0240126 -0.014289 0.100615 -0.0173125 -0.0123366 0.109143 -0.0238178 -0.00639325 0.107577 -0.0249079 0.00862033 0.106089 -0.020198 0.00805628 0.10936 -0.0249079 0.0163186 0.094586 -0.0187233 -0.00738153 0.0654236 -0.01845 -0.00572133 0.0568141 -0.0132 -0.00350227 0.0519938 -0.0178062 -0.000359003 0.0472644 -0.0132007 -0.0071217 0.0662598 -0.0187972 -0.00696081 0.0565939 -0.0129826 -0.00272379 0.053215 -0.0125139 0.00169348 0.047416 -0.013092 -0.00626089 0.0581437 -0.0161286 -0.0386421 0.0997792 -0.0154357 -0.0336746 0.100991 -0.0158028 -0.0391929 0.0983621 -0.0175448 -0.0445989 0.0965347 -0.016173 -0.044635 0.0938661 -0.0151191 -0.00881011 0.124827 -0.015825 -0.0141041 0.129146 -0.0173158 -0.00998729 0.126876 -0.0188242 -0.0204851 0.13215 -0.0172885 -0.0180372 0.132805 -0.0143 -0.0129826 0.129189 -0.0187811 0.025784 0.128106 -0.0143715 0.0260565 0.125679 -0.017388 0.0256189 0.120924 -0.0143382 0.024773 0.116795 -0.0188115 0.0249767 0.121484 -0.0128059 0.0250698 0.122339 -0.0157949 0.0245663 0.129478 -0.0128938 0.0440534 0.0875679 -0.0171402 0.0444274 0.0855701 -0.015825 0.0401772 0.0850145 -0.0158253 0.035059 0.0830553 -0.0189783 0.0449208 0.088142 -0.0151191 0.0324354 0.083119 -0.0128193 0.0400914 0.0860797 -0.0127885 0.0447323 0.0894434 -0.01865 0.0392216 0.0856414 -0.0188049 0.0447487 0.0894867 -0.012822 -0.00695223 0.0478387 -0.0186801 -0.00689388 0.0480201 -0.0186855 -0.00805416 0.0516224 -0.015011 -0.0103261 0.0546155 -0.0137313 -0.00800165 0.0516428 -0.012899 0.0191585 0.0519831 -0.0186034 0.0187175 0.0519817 -0.0159239 0.0135132 0.0551703 -0.01845 0.0127073 0.0545902 -0.0126965 0.0126836 0.0546054 -0.0165422 0.00861616 0.0592319 -0.0168232 0.0153387 0.050232 -0.0158962 0.0174352 0.0506646 -0.0132094 0.0112158 0.0543058 -0.0132 0.0158022 0.0515194 -0.015825 0.010332 0.05376 -0.015759 0.00672036 0.0585083 -0.0131025 0.00887084 0.0550865 -0.0186454 0.0134147 0.0528786 -0.0130407 -0.0254058 0.0589291 -0.0175743 -0.0261295 0.0559674 -0.0185739 -0.0246231 0.055295 -0.0186642 -0.024624 0.0634973 -0.0157151 -0.0259887 0.0622704 -0.0143733 -0.0244154 0.0683184 -0.0129418 -0.0283235 0.0575487 -0.018331 -0.0280764 0.0629754 -0.0132052 -0.0270513 0.063379 -0.0186002 -0.0263473 0.0665381 -0.0144471 -0.0271075 0.0575948 -0.0128192 -0.0270139 0.0667486 -0.0143914 -0.0258563 0.0696669 -0.0123314 -0.0443204 0.09994 -0.018666 -0.041248 0.10003 -0.013354 -0.037037 0.10226 -0.0171633 -0.0154842 0.133717 -0.0128445 -0.01014 0.129382 -0.0186141 -0.0127751 0.130966 -0.0129955 0.0270902 0.126243 -0.0128013 0.0290928 0.12603 -0.0190348 0.0284218 0.126552 -0.0144494 0.0274745 0.120098 -0.0188872 0.0272051 0.127756 -0.0185677 0.0270456 0.119412 -0.0186096 0.0419383 0.0842729 -0.0130159 0.0370426 0.0817427 -0.045475 -0.010743 0.107061 -0.04585 -0.0171606 0.0977419 -0.0451 -0.0171606 0.0977419 -0.04585 -0.0176438 0.086437 -0.0452875 -0.01669 0.0867377 -0.0455687 -0.0129658 0.0796006 -0.045475 -0.0163939 0.0938679 -0.045475 -0.0118992 0.102904 -0.0453812 -0.00358862 0.109639 -0.0399956 -0.00830871 0.121232 -0.0456928 -0.0122956 0.121402 -0.0444821 -0.0129983 0.124189 -0.0451305 -0.00951106 0.117372 -0.0386251 -0.0138103 0.121805 -0.0413629 -0.0175218 0.119764 -0.0402765 -0.010819 0.116634 -0.0452377 -0.017026 0.119198 -0.0446157 -0.0231549 0.111149 -0.0470281 -0.020293 0.110883 -0.038179 -0.0176215 0.109213 -0.0388375 -0.021304 0.111195 -0.0406953 -0.0227173 0.112148 -0.0406299 -0.0236789 0.11202 -0.0449603 -0.0159474 0.107084 -0.0476195 -0.0188753 0.108893 -0.0371709 -0.0188717 0.108701 -0.0393778 -0.0189861 0.107822 -0.0393778 -0.0213279 0.109401 -0.041844 -0.0228629 0.110437 -0.0442862 -0.0176639 0.10693 -0.0410629 -0.0165866 0.106855 -0.0459465 -0.0195585 0.108208 -0.0451164 -0.0158313 0.118359 -0.0411175 -0.0167793 0.118999 -0.0391264 -0.0127108 0.116259 -0.0430064 -0.0114098 0.115377 -0.0453593 -0.0125934 0.116175 -0.0407384 0.0322716 0.081608 -0.0436396 0.0307947 0.0836408 -0.0386152 0.0290307 0.081547 -0.0467004 0.0267499 0.0816947 -0.0393111 0.0248835 0.0809313 -0.0456927 0.0296346 0.0809843 -0.0435178 0.0242309 0.0824355 -0.0441502 0.0306028 0.078482 -0.0456794 0.0279652 0.0755812 -0.0402799 0.0162335 0.076712 -0.0398213 0.0298902 0.07674 -0.0422904 0.0201388 0.0695021 -0.0380997 0.019572 0.0722131 -0.0382122 0.0180255 0.0739952 -0.0469805 0.0168163 0.0748726 -0.0465811 0.0183845 0.0718387 -0.0454438 0.0206531 0.0698362 -0.0451813 0.0157602 0.0766452 -0.0408044 0.0155092 0.075606 -0.045448 0.0163297 0.0737774 -0.0387624 0.018416 0.0713204 -0.0408215 0.0278476 0.0757875 -0.0446347 0.0244103 0.080519 -0.0393032 0.0245031 0.0803945 -0.0454154 0.0267841 0.0772628 0.0102212 0.0311449 0.00859475 0.0132879 0.0310065 0.000273964 -0.00187501 0.031 -0.00873746 -0.00953926 0.0309956 -0.000858808 0.0111381 0.0355488 -0.000886906 0.00787953 0.0349198 0.0077451 0.00161759 0.0309989 0.00937434 -0.00548524 0.031012 0.00767039 -0.00761837 0.0358005 -0.0111221 -0.00610716 0.0332766 -0.00736906 0.00336956 0.0335369 -0.0090906 0.00719667 0.035877 -0.0116321 -0.00993856 0.035262 0.005005 -0.00248241 0.0355671 0.0119952 0.0130058 0.0351062 -0.00494087 -0.00486946 0.0350269 0.0127378 -0.0101767 0.0355938 0.00945785 -0.0138326 0.0354905 0.00142885 -0.00122593 0.0358204 -0.0134258 -0.0132096 0.035 0.00278515 -0.0109347 0.035 0.00791718 0.0137216 0.0349973 0.00230109 0.00999313 0.0352145 0.00949406 -0.0112754 0.0356461 -0.00738047 0.00462284 0.0342723 0.0130304 -0.00143315 0.03315 0.0134237 -0.0070242 0.031149 0.0113409 -0.0136631 0.0309048 0.00288076 -0.0127621 0.03315 -0.00416981 -0.00991266 0.031225 -0.00894431 -0.00544075 0.0313 -0.0122742 0.00973625 0.031225 -0.00870656 0.00464334 0.0309897 -0.0128723 0.0289169 -0.035 0.0431581 0.0266224 -0.03 0.0417725 0.0273399 -0.03 0.0395052 0.0269941 -0.035 0.0402568 0.0306163 -0.03 0.0397014 0.0306109 -0.035 0.0400162 0.0291491 -0.03 0.0432615 -0.0116913 -0.035 -0.00675 0.0153432 -0.035 0.0399944 3.32285e-10 -0.035 0.0135 0.0108312 -0.035 0.0129736 0.0116913 -0.035 -0.00675 0.0220955 -0.035 0.0497846 0.0194639 -0.035 0.044376 0.0349575 -0.035 0.0380762 0.0305364 -0.035 0.0496194 0.0281428 -0.0325 0.0509254 0.0273103 -0.035 0.0486404 0.0290836 -0.035 0.0468631 -0.0134261 -0.035 -0.00141113 -0.0184429 -0.035 0.00517067 -0.0219286 -0.035 0.00177079 0.0113352 -0.035 0.0164539 0.00914984 -0.035 0.0157523 0.0182447 -0.035 0.014428 0.0150609 -0.035 0.00614318 0.0176947 -0.035 0.00694913 0.0135207 -0.035 -0.000833861 0.0153102 -0.035 0.0044215 0.0179832 -0.035 0.00406644 -0.00997172 -0.035 0.0162185 -0.00549095 -0.035 0.0123329 0.00213393 -0.035 0.0178597 -0.00190007 -0.0348348 0.0165122 0.000724281 -0.035 0.0198144 -0.00164393 -0.035 0.0193678 -0.0198224 -0.0350003 0.00937109 -0.015734 -0.03125 -0.00688181 -0.018147 -0.035 -0.00634993 -0.0162859 -0.035 -0.0042229 -0.0195008 -0.035 -0.0101908 -0.0144732 -0.0349996 -0.016803 -0.0115744 -0.0350004 -0.0183244 -0.00538256 -0.035 -0.0213314 -0.00280681 -0.035 -0.013205 0.000441964 -0.0350001 -0.0219578 0.00397091 -0.0349993 -0.0215992 -0.00135931 -0.035 -0.0185123 0.00185146 -0.0349999 -0.0135909 0.0121019 -0.0349981 -0.0181235 0.0179608 -0.035 -0.00457815 0.0194904 -0.035 -0.0102092 0.0153284 -0.035 -0.00505692 0.0168036 -0.035 -0.00739599 0.0207818 -0.035 -0.00721927 0.0219314 -0.035 0.00170936 0.0188644 -0.035 0.0186041 0.0211523 -0.035 0.0221523 0.0299205 -0.0349833 0.0620631 0.0242352 -0.035 0.0594117 0.0345801 -0.0349998 0.059131 0.026211 -0.0349649 0.0557672 0.00748938 -0.0349993 -0.0113534 0.0148985 -0.035 -0.0161127 0.00971639 -0.035 -0.01281 -0.0079351 -0.035 -0.0109217 -0.00915103 -0.035 -0.0137252 -0.0128393 -0.035 0.00417173 -0.0100325 -0.035 0.00903327 -0.0108956 -0.035 0.0127286 -0.013458 -0.0349994 0.0173926 0.00764 -0.035 0.0114294 0.0124623 -0.035 0.0149955 0.0128393 -0.035 0.00417173 0.0320711 -0.035 0.0330711 0.035 -0.03 0.049 0.0306898 -0.03 0.0486423 0.0211523 -0.03 0.0221523 0.0271198 -0.03 0.0484693 0.0289165 -0.03 0.0468631 0.0230182 -0.03 0.0566289 0.029526 -0.03 0.0510728 0.0188644 -0.03 0.0186041 0.0125403 -0.03 0.0151155 0.0142678 -0.0300014 -0.0170424 0.00211646 -0.03 0.0176935 0.00854782 -0.03 0.0144287 -0.0155534 -0.03 -0.00425966 -0.0147846 -0.0343893 0.00593674 -0.0150609 -0.03 0.00614318 -0.0219286 -0.03 0.00177079 -0.0198653 -0.0300012 0.00888185 -0.0179832 -0.03 0.00406644 0.0114806 -0.03 0.0163891 0.00933657 -0.03 0.0160081 0.0203654 -0.0300003 0.00690097 0.0154986 -0.03 0.00678168 0.0219328 -0.03 0.00171873 0.0135 -0.03 5.02907e-09 0.0152266 -0.03 0.00456622 0.0179005 -0.03 0.0039854 0.000114092 -0.0301996 0.0154396 0.0319651 -0.03 0.0614729 0.0182447 -0.03 0.014428 0.0207818 -0.03 -0.00721927 0.0194994 -0.03 -0.0101931 0.018153 -0.03 -0.00710916 0.0185248 -0.03 -0.00462333 0.0153733 -0.03 -0.00491864 0.0158584 -0.03 -0.007162 0.00871048 -0.03 -0.0202102 0.0103991 -0.03 -0.0162803 0.00844621 -0.03 -0.0147026 0.00267749 -0.03 -0.0216659 0.00216107 -0.0301223 -0.0172245 -0.000507717 -0.03 -0.0194777 -0.00846367 -0.03 -0.0148688 -0.000731841 -0.03 -0.0164018 -0.00711362 -0.03 -0.0207376 -0.0133989 -0.0300021 -0.0175003 -0.0213063 -0.0299997 -0.00722237 -0.0179179 -0.03 -0.00428195 -0.0207989 -0.0325 -0.00716991 -0.0161096 -0.03 0.0149827 -0.0145433 -0.03 0.0165463 -0.0121515 -0.03 0.0139791 -0.00904236 -0.0325 0.0149011 0.000863744 -0.03 0.0197523 0.0153432 -0.03 0.0399944 -0.00153212 -0.03 0.019492 0.0194639 -0.03 0.044376 0.0220955 -0.03 0.0497846 0.0249654 -0.03 0.0600676 0.0348719 -0.0300003 0.0557722 0.0303403 -0.03 0.0553243 0.00549095 -0.03 0.0123329 0.0115657 -0.03 0.0134159 0 -0.03 0.0135 -0.00549094 -0.03 0.0123329 -0.0100325 -0.03 0.00903327 -0.00979325 -0.03 0.013066 -0.0128393 -0.03 0.00417173 -0.0134261 -0.03 -0.00141113 -0.0116913 -0.03 -0.00675 -0.00818082 -0.0299998 -0.0107616 -0.00971639 -0.03 -0.01281 0.0079351 -0.03 -0.0109217 0.00280681 -0.03 -0.013205 0.01104 -0.03 -0.0129712 0.0116913 -0.03 -0.00675 0.0134261 -0.03 -0.00141113 0.0128393 -0.03 0.00417173 0.0346194 -0.03 0.0382287 0.0320711 -0.03 0.0330711 0.00549095 -0.025 0.0123329 0.0121653 -0.025 0.00640346 0.0134261 -0.025 -0.00141113 0.00984932 -0.025 -0.00959117 0.00280681 -0.025 -0.013205 -0.00607813 -0.025 -0.0123311 -0.0116913 -0.025 -0.00675 -0.0134261 -0.025 -0.00141113 -0.0128393 -0.025 0.00417173 -0.0100325 -0.025 0.00903327 -0.00233072 -0.025 0.0135487 -0.00776258 -0.0249322 -0.00252222 -0.00235114 -0.0249736 -0.0073171 0.0084909 -0.025 -0.0021774 0.00366589 -0.0249815 0.00770997 0.00839736 -0.0230048 -0.00484257 -0.00842003 -0.0248606 0.00277316 0.0100325 -0.0300006 0.00903326 0.0109891 -0.0297803 -0.0143323 0.0147322 -0.03 -0.0162368 0.00845298 -0.0299022 0.0135219 -0.0028366 -0.0300005 -0.0131992 -0.0190526 -0.03 -0.011 -0.0163035 -0.0299987 0.0147799 -0.00809426 -0.0299996 0.02075 -0.0209232 -0.03 0.00679838 -0.0155045 -0.029993 0.00520495 -0.0219391 -0.0299991 -0.00102973 -0.0152059 -0.0299839 -0.00455618 -0.00457406 -0.03 -0.0215192 -0.0129954 -0.0300042 -0.0176747 -0.0014267 -0.0299865 -0.0197211 0.00460895 -0.0300014 -0.0215081 0.0218795 -0.03 -0.00229963 0.0198122 -0.0300035 -0.00889657 0.0171666 -0.0299542 0.00577487 0.0163442 -0.03 0.0147281 0.0209232 -0.03 0.00679838 0.0132518 -0.0299516 0.0171415 -0.00904212 -0.0249999 0.0200676 -0.0151243 -0.0249949 0.0158854 -0.0209232 -0.025 0.00679838 -0.0219393 -0.025 -0.00125269 -0.0190526 -0.025 -0.011 -0.014131 -0.0250085 -0.0170207 -0.0093648 -0.025 -0.0199073 -0.00478696 -0.0250001 -0.0214995 0.00481591 -0.0249991 -0.0214875 0.0190102 -0.025 -0.0111044 0.0159984 -0.025 -0.0149592 0.0218795 -0.025 -0.00229963 0.0209232 -0.025 0.00679838 0.0164855 -0.025004 0.0153401 0.00894821 -0.025 0.020098 -0.0090435 -0.0250027 -0.0147942 -0.0113442 -0.025014 -0.0121514 -0.0174946 -0.0250034 0.00744969 -0.0181236 -0.0250065 0.00394597 -0.00117453 -0.0250056 0.0181612 0.00173622 -0.029997 0.0220461 -0.000249658 -0.0249924 0.02197 0.0181242 -0.0250138 0.00395784 0.0174572 -0.0250045 0.00691574 0.0116767 -0.0250023 -0.0148981 0.00795464 -0.0250026 -0.0144274 0.0185574 -0.0255 -0.0058734 0.0157457 -0.0299754 -0.00355602 0.0149439 -0.0249964 -0.00768485 -0.000567862 -0.0275471 -0.016519 0.00217903 -0.0249953 -0.0187829 -0.017273 -0.0275498 -0.00706935 -0.0114636 -0.0260106 0.0139299 -0.00992208 -0.0286003 0.0132281 -0.0095576 -0.0275496 0.0159557 0.010407 -0.0299958 0.0193091 0.0112131 -0.0256366 0.0121557 0.0159123 -0.0245496 -0.00167325 0.00249061 -0.0250009 0.0162543 -0.00332659 -0.025 -0.0156504 -0.0161981 -0.024996 -0.00275549 0.0152671 -0.0250007 0.00539384 0.000127935 -0.02375 0.016126 -0.00651399 -0.0244786 0.0146152 -0.0120428 -0.024508 0.0105765 -0.0156544 -0.02375 0.00492681 -0.0145205 -0.0221425 -0.00155172 -0.0138564 -0.0225 -0.008 -0.00636558 -0.0225 -0.0142973 0.00332659 -0.0225 -0.0156504 0.0102882 -0.02375 -0.0122709 0.0138564 -0.0225 -0.008 0.0152169 -0.0225 0.00494427 0.0118903 -0.0225 0.0107061 0.00650779 -0.0225 0.0146167 -0.00822899 -0.02125 -0.0113262 -0.00291076 -0.02125 -0.0136941 0.0139233 -0.0225 -0.0014634 0.00291076 -0.02125 -0.0136941 0 -0.02125 0.014 -0.00569431 -0.02125 0.0127896 -0.010404 -0.02125 0.00936783 -0.0133148 -0.02125 0.00432624 -0.0121244 -0.02125 -0.007 0.00822899 -0.02125 -0.0113262 0.0121244 -0.02125 -0.007 0.0133148 -0.02125 0.00432624 0.010404 -0.02125 0.00936783 0.00569431 -0.02125 0.0127896 -0.00734732 -0.02 -0.0101127 -0.0108253 -0.02 -0.00625 0.00508421 -0.02 0.0114193 0 -0.02 0.0125 0.00928931 -0.02 0.00836413 0.0118882 -0.02 0.00386271 0.0126055 -0.02 -0.00192219 -0.0124315 -0.02 -0.00130661 -0.00928931 -0.02 0.00836413 -0.0118882 -0.02 0.00386271 -0.00508421 -0.02 0.0114193 0.0108253 -0.02 -0.00625 0.00734732 -0.02 -0.0101127 0.0025989 -0.02 -0.0122268 -0.0025989 -0.02 -0.0122268 0 -0.013 0.0125 -0.00508421 -0.013 0.0114193 -0.00928931 -0.013 0.00836413 -0.012598 -0.013 0.00182421 -0.0108253 -0.013 -0.00625 -0.00734732 -0.013 -0.0101127 -0.000497349 -0.013 -0.0127196 0.00734732 -0.013 -0.0101127 0.0108253 -0.013 -0.00625 0.0124315 -0.013 -0.00130661 0.0118882 -0.013 0.00386271 0.00787878 -0.013 0.00999808 -0.00844764 -0.0230019 -0.00483826 -0.0079169 -0.023 0.00519221 0.0084418 -0.0230014 0.00485062 3.81554e-06 -0.0229993 -0.00976029 -0.00293726 -0.0249376 0.0080619 0.0014985 -0.0229997 0.00889145 -0.00843878 -0.013 -0.00427178 -0.00845504 -0.013 0.00426013 -0.00791886 -0.013 0.00517231 -1.68024e-05 -0.013 -0.00945131 -0.00053814 -0.013 0.00945234 0.00843878 -0.013 0.00427178 -0.0079169 -0.013 -0.00519221 0.00421841 -0.013 0.00731815 0.00845075 -0.013 -0.00488345 0.0101717 -0.0310048 0.00932034 -0.00698534 -0.031 -0.00799892 -0.0077304 -0.031 0.00448327 -0.00852236 -0.0332787 -0.00477678 -0.00870265 -0.0335369 0.00427281 0.00610716 -0.0332766 0.00736906 0.00948996 -0.0309989 0.000659974 0.00707549 -0.031012 -0.0062338 -0.000244451 -0.0327546 -0.00948907 -0.0118364 -0.0358005 -0.00645292 0.000245564 -0.0355488 0.0111706 0.0116388 -0.0359786 -0.00653604 -0.00870859 -0.0360092 0.0100464 -0.00359842 -0.0351062 0.0134393 -0.00321386 -0.0356893 -0.0110943 -0.00087983 -0.0350274 -0.0134443 0.00678165 -0.0360192 -0.0114845 -2.20159e-05 -0.03315 0.013426 0.00521024 -0.0350147 0.0127558 0.0109656 -0.035913 0.00762353 0.00196589 -0.0309956 0.013523 0.0134316 -0.0342723 0.00327953 0.0132096 -0.03315 -0.00278515 0.0105712 -0.031149 -0.00813654 0.00148234 -0.0309048 -0.0138845 -0.00844531 -0.03315 -0.010461 -0.0136559 -0.035803 0.00217952 -0.0143199 -0.0310206 -0.00293277 -0.00935934 -0.0309887 0.0103604 0.0282164 0.035 0.0431266 0.0276105 0.035 0.0398754 0.0269828 0.03 0.0416223 0.0292057 0.03 0.0391086 0.0311004 0.035 0.0407694 0.0305673 0.03 0.0427533 -0.0142121 0.03 0.0168071 -0.0116913 0.03 -0.00675 -0.0111581 0.03 -0.0133898 0.0188644 0.03 0.0186041 0.00213393 0.03 0.0178597 0.000107364 0.0300007 0.013745 0.0116913 0.03 -0.00675 0.0230092 0.03 0.0565786 0.035 0.03 0.057 0.0308844 0.03 0.0484608 0.0287999 0.03 0.0503588 0.0290836 0.03 0.0468631 -0.0134261 0.03 -0.00141114 -0.0160499 0.03 0.00405775 -0.0154986 0.03 0.00678167 -0.0219286 0.03 0.00177079 -0.0189565 0.03 0.00538872 -0.0172026 0.03 0.00769921 -0.0193497 0.03 0.0104908 0.0113352 0.03 0.0164539 0.00891417 0.03 0.0151231 0.0124623 0.03 0.0149955 0.0148304 0.029999 0.00599651 0.0186511 0.03 0.00705427 0.0219314 0.03 0.00170936 0.0137573 0.0300005 0.000900204 0.0191095 0.03 0.00517402 0.0220955 0.03 0.0497846 0.0211523 0.03 0.0221523 0.0194639 0.03 0.044376 0.0153432 0.03 0.0399944 0.000724281 0.03 0.0198144 -0.0018802 0.03 0.0185307 -0.0105616 0.03 0.01632 -0.0161096 0.03 0.0149827 -0.0166614 0.03 -0.00736576 -0.0166575 0.03 -0.00440603 -0.0195008 0.03 -0.0101908 -0.0189749 0.03 -0.00600102 -0.0149584 0.03 -0.0160519 -0.00885135 0.03 -0.0154723 -0.00270434 0.03 -0.0216657 -0.012331 0.0299983 -0.0179776 0.00607814 0.03 -0.0123311 -0.00274319 0.0300004 -0.0132821 0.000701059 0.03 -0.0168654 0.000507717 0.03 -0.0194777 0.00704742 0.03 -0.020769 0.0105905 0.03 -0.0162185 0.013411 0.0300007 -0.017431 0.00911658 0.0299993 -0.0126225 0.0162348 0.03 -0.0148556 0.0161839 0.03 -0.00429204 0.0188822 0.03 -0.00562914 0.0194904 0.03 -0.0102093 0.0168036 0.03 -0.00739599 0.0182447 0.03 0.014428 0.0247001 0.0300001 0.0615789 0.0329954 0.03 0.0606719 0.0252498 0.0349934 0.0618046 0.0268031 0.03 0.0575571 0.0289131 0.03 0.0548626 0.0303331 0.03 0.0581327 -0.0079351 0.03 -0.0109217 -0.0128393 0.03 0.00417173 -0.0100325 0.03 0.00903326 -0.0128147 0.0301073 0.0134187 -0.0075539 0.0299999 0.0114098 0.0100325 0.03 0.00903326 0.00549095 0.03 0.0123329 0.0100142 0.03 0.0127157 0.0128393 0.03 0.00417173 0.0347409 0.0300002 0.0399064 0.0331549 0.03 0.0346932 0.0308331 0.035 0.048328 0.0194639 0.035 0.044376 0.0289165 0.035 0.0468631 0.0294805 0.035 0.0508936 0.0266229 0.0347795 0.0485835 0.0018802 0.035 0.0185307 0.0182447 0.035 0.014428 0.011712 0.035 0.0128691 -0.0141654 0.035 0.016845 -0.0134186 0.0349996 -0.0174605 -0.0219286 0.035 0.00177079 -0.0161732 0.035 0.00456426 -0.0193272 0.035 0.0105364 -0.0188803 0.035 0.00611414 -0.0170355 0.035 0.00769921 -0.0116913 0.035 -0.00675 0.0114806 0.035 0.0163891 0.00926151 0.035 0.0157247 0.0219351 0.035 0.00173818 0.0172026 0.035 0.00769921 0.0189852 0.035 0.00635595 0.0153626 0.035 0.00567395 0.0135499 0.035 -0.00082327 0.0179005 0.035 0.00398539 0.0211523 0.035 0.0221523 0.0188644 0.035 0.0186041 0.0207818 0.0325 -0.00721928 0.0194994 0.035 -0.0101931 0.018153 0.035 -0.00710916 0.0185248 0.035 -0.00462333 0.0156158 0.035 -0.00604032 0.0162601 0.035 -0.014827 0.0133525 0.035 -0.0174846 0.00704579 0.035 -0.020771 0.0103991 0.035 -0.0162803 0.00280681 0.035 -0.013205 -0.000124184 0.0350012 -0.0218071 -0.00607813 0.035 -0.0123311 0.00156971 0.035 -0.017845 -0.00122947 0.035 -0.0167344 -0.00911658 0.0350005 -0.0126225 -0.00711362 0.035 -0.0207376 -0.0105905 0.035 -0.0162185 -0.0162705 0.035 -0.0148131 -0.0134566 0.0349996 -0.00220943 -0.0168036 0.035 -0.00739599 -0.0194913 0.035 -0.010208 -0.0179345 0.0350015 -0.00370363 -0.0207989 0.0325 -0.00716991 -0.0161096 0.035 0.0149827 8.35536e-05 0.035 0.0201369 -0.00183302 0.035 0.0186758 0.0153474 0.035 0.039999 0.022082 0.035 0.0497609 0.0269732 0.035 0.057746 0.0342205 0.035 0.058991 0.0310642 0.035 0.0564436 0.034997 0.035 0.0552726 0.0278315 0.035 0.0549592 0.0100325 0.035 0.00903326 0.00549095 0.035 0.0123329 0.00958651 0.035 0.0129061 0.012176 0.0325 0.0137463 -0.000107365 0.0349995 0.013745 -0.00764 0.035 0.0114294 -0.00934207 0.035 0.0147808 -0.0114034 0.035 0.013129 -0.0128393 0.035 0.00417173 0.00818169 0.0350004 -0.010851 0.0111581 0.035 -0.0133898 0.0116913 0.035 -0.00675 0.0128393 0.035 0.00417173 0.0345412 0.035 0.0356248 0.027897 0.0249991 0.0390534 0.0276825 0.0240918 0.0433207 0.0311603 0.0272988 0.0405461 0.0267745 0.0296983 0.0401503 0.0250511 0.029982 0.0372422 0.034 0.03 0.04 0.024 0.03 0.062 0.0340003 0.0299928 0.0617133 0.0291399 0.0299066 0.0485613 0.0277603 0.0297971 0.0547722 0.0321738 0.0299876 0.0361097 0.0239977 0.0299992 0.0449428 0.0241568 0.0218832 0.0394142 0.0336334 0.0221931 0.0391014 0.0275763 0.0253401 0.0356809 0.024 0.0194109 0.0457667 0.024 0.0178187 0.046942 0.034 0.0194124 0.0457647 0.034 0.017697 0.0469651 0.024 0.00183977 0.047 0.0339991 -0.0191246 0.0469627 0.0240004 -0.019215 0.0468957 0.0269178 0.0272997 0.0566132 0.0291052 0.0297982 0.0592073 0.0303024 0.0267239 0.0552224 0.0297517 0.0240795 0.0597026 0.0307452 0.0214251 0.0499787 0.0274405 0.0205246 0.0480058 0.024 0.0312596 0.0665829 0.0334 0.032 0.068 0.0336838 0.0305132 0.0651623 0.032866 -0.0353807 0.0733398 0.024 -0.0361752 0.074931 0.0319945 -0.0388923 0.0819958 0.024 -0.0385534 0.0814595 0.0310434 -0.0399976 0.0915662 0.024001 -0.0400304 0.0911735 0.0239997 -0.0388531 0.101706 0.0304129 -0.0395667 0.0978715 0.0295041 -0.0369626 0.106959 0.0239999 -0.0346747 0.11164 0.0284285 -0.0304751 0.117715 0.0277742 -0.0236516 0.124258 0.0240001 -0.0243814 0.123738 0.0240002 -0.0183873 0.12759 0.0271511 -0.0120841 0.130465 0.027 1.15398e-08 0.132 0.0239994 -0.000813239 0.132062 0.0239997 -0.0105729 0.130634 0.024 0.014301 0.129315 0.0271471 0.0125682 0.130426 0.0279806 0.0260444 0.122194 0.0285986 0.0324329 0.115418 0.0239998 0.0241998 0.123753 0.0292112 0.0357771 0.109889 0.0239999 0.0380041 0.104632 0.0301049 0.0388574 0.100951 0.0239996 0.0400445 0.0908872 0.0310434 0.0399977 0.0915662 0.0320054 0.0388739 0.0818633 0.024 0.0385546 0.0814694 0.032866 0.0353807 0.0733398 0.0240001 0.0355269 0.0734912 0.0240004 -0.0301585 0.064746 0.0339836 -0.0301525 0.0646137 0.0321588 0.0356646 0.0804119 0.031 0.0375 0.092 0.0298412 -0.0356646 0.103588 0.031 -0.0375 0.092 0.0321588 -0.0356646 0.0804119 0.0298412 0.0356646 0.103588 0.0332042 -0.0303381 0.0699581 0.0287958 0.0303381 0.114042 0.0287958 -0.0303381 0.114042 0.0279662 0.022042 0.122338 0.0279662 -0.0220419 0.122338 0.0274335 0.0115881 0.127665 0.0274335 -0.0115881 0.127665 0.02725 1.13213e-08 0.1295 0.0332042 0.0303381 0.0699581 0.0260001 0.0361521 0.102081 0.0259979 0.0343639 0.107257 0.0260003 0.0253941 0.119388 0.0259976 0.0161793 0.12586 0.026002 -0.00126041 0.129559 0.0260076 -0.0149024 0.126602 0.026001 -0.029301 0.115477 0.0260004 -0.0362121 0.101969 0.0289856 -0.0215174 0.0612567 0.0260004 -0.0154001 0.0577495 0.029 -0.0115881 0.0563354 0.0260002 -0.0100822 0.0558482 0.029 4.76454e-09 0.0545 0.0259997 -0.00414405 0.0547009 0.0259997 -0.00261954 0.054157 0.0289958 0.0121751 0.0564963 0.0260019 0.00526958 0.0553643 0.026 0.0134401 0.0583802 0.0260015 0.0162097 0.0581835 0.0259995 0.0281308 0.0673395 0.0260028 0.0233668 0.0624959 0.0340719 -0.020746 0.0598458 0.029 0.0209579 0.0586892 0.0340088 0.0205549 0.0595861 0.034 -0.0199143 0.0516441 0.029 -0.0199418 0.0533995 0.029 -0.0183456 0.049586 0.0289999 0.0193618 0.0496224 0.034 0.0183508 0.0495861 0.034 -0.018244 0.0496172 0.0340236 -0.0211023 0.0404885 0.0239886 -0.0212868 0.040158 0.0243346 -0.0226551 0.0383471 0.0332435 -0.0232493 0.0377523 0.0275714 -0.0253403 0.0356809 0.0329375 -0.03 0.0376036 0.0253858 -0.0299882 0.0362114 0.0240031 -0.0299999 0.0404842 0.0309551 -0.029699 0.0398411 0.0340004 -0.0299995 0.040514 0.0306003 -0.029951 0.0480727 0.0288597 -0.0299937 0.0521137 0.0285444 -0.0297977 0.0592739 0.0281459 -0.0297984 0.0432208 0.031314 -0.0242196 0.0425743 0.0264319 -0.0241326 0.0398161 0.0315568 -0.024847 0.0554366 0.0268145 -0.0239907 0.0587821 0.0281293 -0.0242437 0.0478439 0.0291106 -0.0206329 0.0509441 0.024 0.0295277 0.0974704 0.024003 0.0211355 0.0653588 0.0239996 -0.00909483 0.120567 0.0240002 -0.0290002 0.119636 0.024 -0.013557 0.121823 0.0240001 -0.0193583 0.0685676 0.024 -0.0340749 0.097078 0.024 -0.0283141 0.0829464 0.024 -0.0124673 0.124083 0.024 -0.031345 0.104724 0.024 -0.0292419 0.10861 0.024 -0.0259452 0.113554 0.025 -0.0278935 0.11381 0.02425 -0.0308046 0.0781883 0.024 -0.0126828 0.0617246 0.0240895 0.0134522 0.0646086 0.0240002 0.00976761 0.0632436 0.024 0.0315469 0.0789223 0.024 0.0339323 0.0929896 0.024 0.033236 0.0873665 0.0240009 0.0358638 0.109797 0.024 0.0323021 0.104465 0.024 0.00925054 0.125192 0.024 -0.00476907 0.125996 0.024 0.00270798 0.126077 0.024 0.014138 0.0590711 0.024 0.00436519 0.0585796 0.0240006 0.000334163 0.0619177 0.0245 -0.00355901 0.0599886 0.024 -0.00546283 0.0573176 0.024 -0.0138071 0.0598849 0.024 -0.0116193 0.0602591 0.024 -0.03 0.092 0.024 -0.0337827 0.0873405 0.024 -0.0197706 0.0643038 0.0239999 0.0235011 0.073284 0.024 0.0268857 0.0716314 0.0239982 0.0293647 0.0835612 0.024 0.02732 0.103934 0.0239999 0.0312771 0.117003 0.024 0.0266131 0.111425 0.024 0.0189105 0.114938 0.024 0.0218086 0.117684 0.0240001 0.00567672 0.121703 0.0240012 -0.0185552 0.116172 0.024 -0.0250691 0.108425 0.024 -0.029079 0.0991971 0.024 -0.00963198 0.0637129 0.026 0.0279542 0.102413 0.026 0.0309996 0.103167 0.0255 0.0272255 0.112926 0.0260001 0.00766454 0.0630679 0.026 0.000249247 0.12191 0.0259999 -0.00267188 0.0622745 0.026 -0.0187604 0.0640062 0.0260001 -0.0299049 0.0693191 0.0240085 -0.0226605 0.0720539 0.0245 -0.0277876 0.0719166 0.0260005 -0.0340655 0.0762352 0.0260001 -0.0295251 0.0974338 0.0260036 -0.0255795 0.109178 0.0259954 -0.0296012 0.0872206 0.0260021 -0.0375315 0.0927927 0.026 -0.0128323 0.122541 0.0260053 -0.034331 0.107018 0.026 -0.00605928 0.0583465 0.026 0.0114893 0.0615526 0.0260015 0.0346975 0.0778699 0.0260032 0.0372896 0.0950858 0.026002 0.0373492 0.0882955 0.026 0.0320173 0.0864951 0.0255 0.0297397 0.106219 0.026 0.0124539 0.123027 0.026 0.0202259 0.120486 0.0259977 0.0199589 0.114761 0.0260002 0.0123931 0.119166 0.0259984 0.0295484 0.0848056 0.026 0.023782 0.0736493 0.0260005 0.031392 0.0716862 0.026 0.0205839 0.0653645 0.026 0.0179706 0.0680378 0.026001 -0.0106863 0.0639346 0.0260001 -0.0184759 0.0684007 0.02575 -0.0251142 0.0728446 0.0260001 -0.0274756 0.079085 0.026 -0.0168516 0.11719 0.026 0.00533347 0.127149 0.0259992 0.00897114 0.128416 0.026 0.00286705 0.125071 0.026 -0.0040511 0.126114 0.0260012 -0.0235504 0.120445 0.02575 -0.0328158 0.0978565 0.026 -0.03528 0.0957994 0.0259949 -0.0366841 0.0845269 0.026 -0.0317135 0.0807652 0.0240735 -0.0337411 0.0801976 0.026 -0.0202139 0.0663028 0.0260064 -0.0233518 0.0623986 0.026 -0.0128817 0.0601596 0.026 -0.00418624 0.0562299</float_array>
                    <technique_common>
                        <accessor count="3870" source="#shape0-lib-positions-array" stride="3">
                            <param name="X" type="float"/>
                            <param name="Y" type="float"/>
                            <param name="Z" type="float"/>
                        </accessor>
                    </technique_common>
                </source>
                <source id="shape0-lib-normals" name="normal">
                    <float_array id="shape0-lib-normals-array" count="25362">-0.137182 -0.29608 0.945261 0.036489 0.451795 -0.891375 0.0363581 -0.891321 -0.451913 0.0894983 -0.108476 -0.990062 -0.0143947 -0.409062 -0.912393 -0.00277297 -0.420514 -0.907282 -0.125299 0.107181 -0.986313 -0.0114499 0.729807 -0.683557 -0.00291668 0.487633 -0.873044 -0.779247 0.553643 0.293689 0.00968323 0.904182 -0.427038 0.125802 0.954319 0.271015 -0.0349471 0.708725 0.704619 -0.222916 0.788003 0.573899 0.00172341 0.738844 -0.673874 -0.278614 0.254568 0.92605 -0.0263692 0.412468 0.910591 -0.125388 -0.270169 0.954613 -0.00274414 -0.729828 0.683625 0.0895214 -0.471638 0.877236 0.0935121 -0.98949 0.110296 -0.0117584 -0.911546 0.411031 -0.00274597 -0.907538 0.419961 -0.124784 -0.986259 -0.108268 -0.00276547 -0.683692 -0.729765 0.45059 -0.892184 0.0312582 0.0134947 -0.670725 -0.741583 -0.0143557 -0.721133 0.692647 -0.0930071 0.973526 -0.2088 0.999714 0.0201853 0.0128327 0.998876 0.0183293 0.0437156 0.998418 0.000242388 0.0562333 0.99895 0.0325331 0.0322539 0.999569 0.00736712 0.0284096 0.998991 -0.0170097 0.0415713 0.999038 -0.0299306 0.0320442 0.998942 -0.0379893 -0.0259117 0.99932 -0.0259665 0.0261916 0.999351 -0.0332312 0.013933 0.99904 -0.0438001 0.000188795 0.99932 -0.0142586 -0.0340087 0.998991 -0.000193559 -0.0449051 0.999403 -0.0112798 0.0326699 0.997201 -0.0654163 -0.0361937 0.999098 0.0295252 -0.0305343 0.998906 0.0431331 -0.0180858 0.999037 -0.0410101 0.0156155 0.999038 -0.0157403 -0.0409185 0.999453 0.018031 -0.0277061 0.999025 0.0441584 -0.00019034 0.999409 -0.0343424 -0.00158934 0.998418 0.0212974 -0.0520453 0.999727 0.023103 -0.00360651 0.999403 0.00178224 -0.0345144 0.999186 0.0283994 -0.0286433 0.998778 0.0457438 0.018717 0.110045 0.773676 0.623951 0.0778663 0.784668 0.615007 0.0646591 0.909651 0.41031 -0.00830497 0.999956 -0.0043102 -0.165566 0.982624 -0.0838874 -0.132485 0.890392 -0.435488 0.0083656 0.922189 -0.38665 -0.0097751 0.704014 -0.710119 -0.294844 0.1383 -0.945484 0.0160923 0.378647 -0.925401 -0.0943234 -0.00429113 -0.995532 0.0112062 -0.386649 -0.922159 -0.123875 -0.593944 -0.794912 -0.294268 -0.171113 -0.94028 -0.120484 0.549867 -0.826517 -0.132834 0.743927 -0.654926 -0.108503 0.93811 0.328903 -0.259379 -0.763402 -0.591557 -0.00426636 -0.71014 -0.704047 -0.034018 -0.924985 -0.378477 0.02934 -0.933738 -0.356752 -0.154329 -0.98801 0.00425871 -0.0924144 -0.920474 0.379721 -0.117238 -0.915852 0.384019 -0.0346549 -0.703654 0.709697 -0.143245 -0.315994 0.937885 -0.000541799 -0.378726 0.925509 -0.0598718 0.0254197 0.997882 -0.00420754 0.00431031 0.999982 0.0179901 0.386592 0.922076 -0.103467 0.508579 0.854776 -0.11166 0.304964 0.945796 -0.0927882 -0.717756 0.690084 -0.202891 -0.979178 -0.00672973 -0.101554 -0.982041 0.159004 0.0491783 -0.914192 0.402287 0.238975 -0.970117 -0.0420013 0.420066 0.199098 -0.885384 0.12164 -0.219468 -0.968007 -0.172682 -0.601042 -0.780339 0.303433 -0.790847 -0.531498 -0.33017 -0.924168 -0.192095 0.114877 -0.0235437 -0.993101 -0.0269585 0.709894 0.703792 -0.030053 0.945613 0.323902 0.14237 0.916102 0.374819 0.00967715 0.999944 -0.00431015 -0.00569299 0.922206 -0.386657 0.117364 0.738276 -0.66421 0.0101056 0.704012 -0.710116 -0.0367713 0.367276 -0.929385 -0.496791 -0.351779 -0.793379 0.144561 0.518645 -0.84268 0.117474 0.884819 -0.450883 0.124588 0.990726 -0.0542118 0.178091 0.761735 0.622931 -0.39404 -0.523473 -0.755453 -0.0807388 -0.902894 -0.422213 0.281352 -0.942835 -0.178616 -0.070109 -0.997226 0.0249885 -0.264086 -0.927238 0.265496 0.0812976 -0.713507 0.695915 0.0373592 -0.703586 0.709628 0.000584112 -0.378726 0.925509 0.0027962 0.00431033 0.999987 0.0539256 0.0334892 0.997983 0.0996322 0.315162 0.943794 -0.0186675 0.386587 0.922064 0.123142 0.522636 0.843616 0.101638 -0.338299 0.935534 0.0813409 -0.914679 0.395912 -0.041756 -0.985866 0.16225 -0.858873 0.108421 -0.500581 -0.999186 -0.0284079 0.0286542 -0.999186 -0.0286433 -0.0283971 -0.99907 -0.0399156 -0.0163313 -0.999478 -0.0321791 0.00276658 -0.999256 -0.0352058 0.0157154 -0.999508 -0.0145632 0.0277887 -0.999253 -0.0153279 -0.0354649 -0.999524 -0.0277211 -0.0135635 -0.999114 -0.0388078 0.0162711 -0.842773 0.163407 -0.512866 -0.999168 0.0397898 -0.00891272 -0.999186 0.0284092 -0.0286531 -0.999032 0.01666 -0.0407128 -0.999508 -0.00308654 -0.0312204 -0.999253 -0.0271414 -0.027498 -0.999253 -0.0275009 0.0271394 -0.894098 -0.330146 -0.302644 -0.855187 -0.433024 -0.284861 -0.999253 0.027502 -0.027138 -0.999186 -0.0156016 -0.037212 -0.999369 0.0335256 0.01172 -0.998785 -0.000212399 -0.0492761 -0.999521 0.0137144 -0.0277344 -0.997371 0.0721054 -0.00713265 -0.998835 -0.048255 0.000207998 0.942466 -0.259477 -0.210785 0.838792 0.240612 0.488399 0.879956 -0.159683 0.447413 0.770702 -0.468373 0.432025 0.657039 -0.658931 0.366209 0.908017 -0.41173 0.0773566 -0.0499822 0.797974 0.600615 0.87287 -0.00756663 0.487893 0.673241 -0.460066 0.578866 -0.122515 -0.992222 -0.0220506 -0.0293171 -0.613063 -0.78949 0.340754 0.285509 0.895752 0.435604 -0.75052 0.49696 0.429963 -0.884524 -0.180969 -0.129397 0.163967 0.977942 -0.398219 -0.486214 0.777829 0.0732477 -0.647609 -0.758444 0.26733 -0.291964 0.918309 0.299909 -0.454783 -0.838586 -0.0562214 0.0685041 -0.996065 -0.277831 -0.00854831 -0.960592 -0.285491 0.362944 -0.886999 -0.100898 0.742721 -0.661956 -0.285496 0.67476 -0.680581 -0.125125 0.982802 -0.13581 0.409724 0.809267 0.420967 -0.100241 0.915577 -0.389448 -0.0561992 0.30697 -0.950059 -0.0111306 -0.9586 -0.284539 -0.485381 -0.839129 0.245496 -0.410359 -0.843181 -0.347351 -0.024618 -0.998696 -0.0447161 -0.178593 -0.734244 0.654974 -0.111786 0.16966 0.979142 -0.0263491 0.984048 -0.17594 -0.0571593 0.923278 -0.379855 -0.340714 0.894627 0.289063 -0.335698 0.409266 0.848415 -0.0605335 -0.725379 0.685682 -0.0183776 0.805138 0.592803 0.331224 0.312947 -0.890144 -0.311404 0.723733 -0.615823 -0.233677 0.922848 -0.306182 0.387563 0.921755 -0.0127284 0.101288 0.952319 0.2878 0.320522 0.876692 0.358716 0.344812 0.666596 0.660874 0.0256906 0.803676 0.594513 -0.240282 0.722576 -0.648189 0.13186 0.457261 0.879503 0.320543 0.366264 0.873558 0.370033 0.00400736 0.92901 0.0795198 -0.305399 0.948898 0.318788 -0.358938 0.877233 0.262075 -0.715113 0.64802 0.094247 -0.995492 0.0106287 0.304667 -0.881862 -0.359858 0.287161 -0.610059 -0.73849 -0.287912 -0.925869 0.244689 0.0457508 0.163346 0.985508 0.998365 -0.0478042 -0.0313373 0.998002 -0.0440805 -0.0452736 0.998892 -0.0317614 -0.0347285 0.979725 0.141058 -0.142275 0.894423 0.301302 0.330491 0.999585 0.0278473 0.00743881 0.991899 -0.0199426 -0.125454 0.969461 0.181363 -0.165085 0.969377 0.222335 -0.104281 0.935659 0.352901 -0.00157332 0.969482 0.0126114 -0.244839 0.917092 0.351701 -0.187748 0.999651 0.0226179 -0.0136252 0.969483 0.0800333 -0.231725 0.980639 0.0741592 -0.181238 0.894609 0.416532 0.161791 0.952903 0.169101 -0.251757 0.0847293 -0.553041 0.828835 0.131431 0.248382 0.959704 0.0994399 0.835787 0.539973 0.138271 0.972411 -0.187878 -0.125222 -0.850849 -0.51027 0.0185536 -0.674005 -0.738494 0.00144163 -0.660934 -0.750443 0.010506 -0.948944 -0.31527 -0.12602 -0.805969 -0.578389 0.0349179 -0.99868 -0.0376625 0.0104954 -0.998509 -0.0535761 -0.0275159 -0.891198 0.452779 -0.0250415 -0.643169 0.765315 -0.00496867 -0.746989 0.664817 -0.027549 -0.763902 0.644744 -0.00266424 -0.312879 0.949789 -0.0300396 -0.453065 0.890971 -0.0151416 0.101345 0.994736 -0.00130621 -0.0587901 0.99827 -0.00265754 -0.0602758 0.998178 -0.00265493 0.451648 0.892193 0.0222467 0.330385 0.943584 0.0217819 0.425422 0.904733 0.00267293 -0.319483 0.947588 0.0328042 -0.908489 0.41662 0.0229557 -0.944747 -0.326996 0.135285 0.851534 0.506545 -0.0102636 0.664824 0.74693 -0.00266534 0.668704 0.743524 -0.0202149 0.944831 0.326934 0.139316 0.810946 0.568294 -0.0558219 0.99772 -0.0379413 0.0180206 0.997714 0.0651366 -0.0126527 0.901008 -0.433617 -0.0166961 0.94668 -0.321742 0.0973166 0.612659 -0.784333 -0.0180897 0.751412 -0.659586 -0.00868355 0.747222 -0.664518 -0.0144908 0.33667 -0.941511 -0.129548 -0.24502 -0.960824 0.02831 0.0459801 -0.998541 0.0116704 0.0632795 -0.997928 0.0143577 -0.443632 -0.896094 -0.123814 -0.162329 -0.978938 0.0086581 -0.440147 -0.897884 0.0257584 0.304151 -0.952276 -0.00135726 0.895483 -0.445094 -0.00981462 0.948177 0.317591 -0.085119 -0.201851 -0.975711 -0.0851674 -0.832678 -0.547168 -0.179592 -0.537821 0.823709 -0.137713 0.206593 0.968687 -0.265419 0.957304 -0.114549 -0.968014 0.166305 0.18786 -0.966935 0.254581 0.0150012 -0.982619 -0.0702993 0.171809 -0.979726 0.0774659 0.18476 -0.953739 0.251708 0.164396 -0.98042 0.182252 0.0745722 -0.9628 0.247364 -0.108757 -0.968542 -0.0834906 0.234426 -0.968014 -0.0152412 0.250431 -0.968594 0.108467 0.223744 -0.966947 0.241734 0.0811029 -0.953247 0.0625982 0.295637 -0.980015 0.198878 0.00421596 -0.999669 -0.00361458 0.0254783 -0.999966 0.00614011 0.00556328 -0.981227 0.0008319 0.192856 -0.982968 -0.169469 -0.0710984 -0.981226 0.136959 0.135783 -0.983206 -0.107184 -0.147709 -0.963614 -0.266416 0.0217156 -0.984105 -0.133211 0.117438 -0.953975 -0.2843 -0.0954207 -0.0985042 -0.89583 0.433342 -0.327089 0.0771117 -0.941842 -0.299624 -0.409898 -0.861516 -0.633745 0.41348 -0.65376 -0.00326668 -0.20865 -0.977985 -0.449625 -0.557366 0.697983 0.123026 -0.682834 -0.72014 -0.134259 0.176028 -0.975186 0.134961 0.548418 -0.825241 0.509638 0.716507 -0.476326 -0.833085 0.131311 0.537333 -0.0108471 -0.844348 -0.535685 0 -0.984801 -0.173689 0 -0.978158 0.207865 -0.157868 -0.818672 0.552136 0 -0.876561 0.48129 0.992983 -0.0980466 0.0661255 -0.217937 -0.922747 0.31787 -0.825061 0.239126 0.511951 0 -0.559233 0.829011 0 -0.20797 0.978135 0 0.174443 0.984667 -0.373776 -0.706763 0.600648 0.0293709 0.478354 0.877676 0.157784 0.542207 0.825297 -0.0014672 0.173598 0.984816 0 -0.20797 0.978135 0 -0.559233 0.829011 0 -0.781748 0.623594 0 -0.978158 0.207865 0 -0.984801 -0.173689 0 -0.848001 -0.529995 0.0111124 -0.173585 -0.984756 0 0.207958 -0.978138 0 0.562631 -0.826708 0.069968 0.823337 -0.563224 -0.00940245 0.976945 -0.213285 0 0.984799 0.173695 0 0.847195 0.531282 -0.772734 0.2808 0.569239 -0.0892419 -0.530048 -0.843259 0.00728565 0.844978 0.534752 0 0.984799 0.173695 0 0.978113 -0.208075 -0.0082861 0.559218 -0.828979 0 0.207958 -0.978138 0 -0.178999 -0.983849 -0.999875 -0.008521 -0.0132853 -1 -0.000353884 0.000921259 -1 0 0 -1 0 0 -0.999852 -0.0168505 0.00358066 -0.998958 -0.0341273 0.0302884 -0.999961 -0.00816253 -0.00346444 -1 0 0 -0.999985 0.00462308 0.0028894 -0.999996 -0.00264701 0.00101595 -0.999996 0.00101963 -0.00265568 -0.999995 5.35461e-05 0.00307083 -0.998513 -0.0304862 0.0451883 -1 0 0 -1 0.000818305 -0.000314095 -1 0 0 -0.99984 -0.0152645 -0.00931927 -0.99987 -0.0133622 0.00901291 -1 0 0 -0.998716 0.0495539 -0.0105305 -0.991745 0.0912336 -0.0901012 -1 0 0 -1 0 0 -1 0 0 -0.999226 0.0326219 -0.0220012 -1 0 0 -1 0 0 -0.999968 -0.000140617 -0.00806477 -1 0 0 -0.991648 0.0908106 -0.091581 -1 0 0 0.999375 -0.01786 -0.0304903 0.999956 -0.00940181 -0.000164596 0.998337 0.0538243 -0.0206597 1 0 0 0.999202 -0.0100551 -0.0386496 0.882451 -0.435711 -0.177302 0.999946 0.00706094 -0.00757101 1 0 0 0.772734 -0.2808 -0.569239 1 0 0 1 0 0 1 0 0 0.999991 0.00356551 -0.00240469 1 -1.42359e-05 -0.000816446 1 0 0 1 0 0 1 0 0 0.999991 -0.00356598 0.00240527 1 0 0 0.99999 0.00436214 -0.000926982 1 0 0 1 -0.000597094 -0.000596996 1 1.42368e-05 0.000816455 1 0 0 1 0.000596981 0.000597081 1 0 0 1 0 0 1 0 0 1 0 0 0.99999 -0.00436243 0.000926999 0.999992 -0.00144154 0.00375273 1 0 0 -0.12341 -0.170904 0.977528 -0.909559 0.308665 -0.278259 0.852701 -0.381308 0.357078 0.856082 -0.35566 0.375007 -0.660317 0.128694 -0.739878 -0.736397 0.12703 -0.664517 0.000537944 0.84802 0.529963 0 0.9848 0.173693 0 0.97816 -0.207855 -0.228628 0.807081 -0.544381 -0.527667 0.642977 -0.555111 0 0.983908 -0.178676 0.99987 0.0133622 -0.00901291 -0.703344 0.374534 0.604178 -0.0824471 0.695971 -0.713321 0 0.559273 -0.828984 0 0.207947 -0.97814 0 -0.17362 -0.984813 0 -0.267478 -0.963564 0.0856626 -0.410922 -0.907637 -0.16092 0.568462 0.806818 -0.017799 0.627066 0.778763 0 -0.17362 -0.984813 0 0.207947 -0.97814 0 0.559273 -0.828984 0 0.76137 -0.648317 0 0.97816 -0.207855 0 0.9848 0.173693 0 0.847849 0.530238 0 0.17366 0.984806 0 -0.207937 0.978142 0 -0.561789 0.827281 0.0771519 -0.822906 0.562915 -0.00399042 -0.977633 0.210281 0 -0.9848 -0.173694 0 -0.84714 -0.531369 0.149333 0.547265 0.823529 -0.430847 0.0379376 -0.901627 0.72419 0.533997 0.436344 0 0.432563 0.901604 0.133305 -0.596087 -0.791777 0.0447173 -0.648674 -0.759752 -0.00315269 -0.848019 -0.529957 0 -0.9848 -0.173694 0 -0.978115 0.208067 0.010404 -0.711651 0.702456 -0.00603715 -0.559257 0.828972 0 -0.207937 0.978142 0 0.17366 0.984806 -0.592256 0.398382 -0.700375 0.403911 -0.780492 0.477166 0.132258 -0.631135 0.764314 -0.161269 0.29492 0.941815 0.161269 -0.29492 -0.941815 0.999304 0.00261563 0.0372116 0.97667 0.212337 0.0320773 0.969575 0.0294048 0.24302 1 0.000372192 -2.82559e-05 1 0.000378466 -0.000118196 0.999535 -0.029505 -0.00771211 0.99973 -0.0216053 0.00859039 0.999999 -0.00140533 0.000672714 -0.140791 0.973731 -0.178961 0.999995 -0.00293275 0.000842175 0.476995 -0.847005 0.234643 0.999988 -0.00487882 0.000912745 0.693118 -0.648576 -0.314541 0.993904 -0.0279776 -0.106642 0.9995 0.0288023 0.0130453 0.999677 -0.00279022 0.0252723 0.999984 0.00523593 0.00208494 0.99961 -0.0251584 0.0121204 0.998628 -0.0511114 -0.0114034 0.999727 0.0164394 0.0165807 0.951853 0.286484 -0.109098 0.997609 0.0647865 0.0240648 0.509071 -0.459241 0.727973 0.999761 0.0109377 -0.0189101 0.190356 0.71246 -0.6754 0.999641 0.0105383 0.0246505 0.999917 0.0114328 -0.00598882 0.999912 -0.0116911 0.00624901 0.995456 -0.00581694 -0.0950458 0.997928 0.00934801 0.0636565 0.6634 -0.180261 0.726228 0.660295 -0.153585 -0.735134 0.898825 0.227271 -0.374783 -0.519304 0.711153 0.473904 0.997315 0.0180153 0.0709741 0.999841 -0.0123645 -0.0128614 0.999513 0.0287511 0.0121216 0.7837 0.562971 0.262447 -0.997488 -0.0565475 -0.0426656 0.999405 0.034432 0.00199704 0.999811 -0.00704415 -0.0181338 0.994669 0.0551006 0.0871636 0.791255 -0.562234 0.240436 0.805341 0.592088 -0.0292791 0.764096 -0.434447 -0.476877 0.993847 -0.101545 -0.0442376 0.99992 0.00839209 0.00948015 0.994405 0.104693 -0.014061 1 0.000700047 0.000120322 0.999845 0.0165578 -0.00590817 0.99993 0.010738 -0.00497181 1 0.000802402 -0.000167305 0.999966 -0.00143732 0.00816038 0.999975 -0.0016376 0.00688839 0.999999 -0.000210411 -0.00140339 0.417016 -0.334923 0.84494 -0.417016 0.334923 -0.84494 0.999991 -0.00131212 0.00414505 0.999705 0.0193895 -0.0146064 0.999706 0.0124647 0.0207776 0.99943 -0.0334126 -0.00491987 0.999282 -0.0378655 0.000888971 0.999624 0.0168062 -0.0216558 0.999712 -0.00621611 -0.0231855 1 -0.00014503 -0.000967317 0.998975 -0.0178865 0.0415729 0.999946 0.00947605 0.00436473 0.999999 -0.000180224 -0.00136894 1 1.41848e-05 2.19988e-05 0.999999 -0.000992357 -0.000334148 -0.999747 0.0198451 -0.0106073 0.999747 -0.0198451 0.0106073 1 -0.000434407 -0.000657956 0.99937 0.0198725 0.0294193 0.999462 0.016006 -0.028615 0.999133 -0.0356465 -0.021511 0.962552 0.264945 0.0574328 0.997621 -0.0679392 -0.0116891 1 -0.000103987 -2.68908e-07 1 -0.000662272 7.77939e-05 0.999989 -0.00208709 0.0042789 0.999997 0.0024224 -0.000380715 0.622646 -0.646698 0.44056 0.993787 -0.108487 0.0248429 -0.993787 0.108487 -0.0248429 0.999993 0.00147832 0.00339461 0.995711 0.0902474 -0.020356 0.990839 -0.0306541 0.131524 0.999908 -0.0021863 -0.0134005 0.977555 0.000663436 -0.210682 -0.903264 -0.417624 -0.0985099 0.999927 0.00558187 0.0107228 0.774936 0.599266 -0.200881 0.999729 -0.0152335 -0.0175808 0.997326 -0.0555235 -0.0475164 0.994923 -0.100642 2.7146e-05 0.999642 -0.0217217 -0.0156446 0.999232 -0.033581 -0.020195 1 0.000138019 -0.000100615 0.995136 -0.0963208 -0.0206623 0.999826 0.0184113 0.00305293 1 4.1742e-05 0.000316971 0.999998 -0.000414065 -0.00212058 0.999987 0.00275437 -0.00438219 0.999998 0.000360495 0.00213726 0.999222 -0.0363382 0.0153151 -0.999526 0.0282384 -0.0122259 0.73115 0.384615 0.563463 0.999867 0.00798022 -0.0142477 0.999928 0.0111358 -0.00445958 0.437353 0.769959 0.464634 0.889266 0.179039 0.420894 0.148991 0.535864 0.831055 0.86187 0.0221215 0.506646 0.690602 0.094401 0.717048 0.779357 -0.0604645 0.623656 0.95891 -0.0871866 0.269982 0.878432 -0.29392 0.376788 0.868965 -0.30126 0.39261 0.532435 -0.669896 0.517448 0.879189 -0.406684 0.248264 0.680594 -0.700226 0.215582 0.951596 -0.304688 0.0403784 0.881972 -0.457279 -0.114115 0.902874 -0.254455 -0.346513 0.854645 -0.184916 -0.485167 0.590435 -0.372666 -0.715896 0.874671 -0.00622108 -0.484678 0.574303 -0.106884 -0.811635 0.827716 0.0443902 -0.559389 0.964241 0.0911516 -0.248858 0.860648 0.306912 -0.406313 0.916351 0.370092 -0.152749 0.561885 0.654657 -0.505677 0.823263 0.552532 -0.130178 0.902522 0.277043 -0.329698 0.86002 -0.328764 -0.390231 0.971783 -0.215785 -0.0952644 0.851497 0.424492 0.307829 0.897622 0.435921 0.0651676 0.97599 -0.200761 -0.0844901 0.990016 0.140551 -0.0106321 0.990387 -0.112528 0.080439 0.8585 -0.31218 0.406843 0.988778 -0.049173 0.141067 0.988394 0.151907 0.00145555 0.99871 -0.0505964 0.00419103 0.995564 -0.0786088 -0.0516957 0.998289 0.0250322 -0.0528374 0.999438 0.0167449 -0.029035 0.992625 -0.0992856 0.0695586 0.981423 -0.176836 -0.0744201 0.99846 -0.0238841 -0.0500745 0.996679 -0.0228174 -0.0781746 0.994011 0.0827803 -0.0713469 0.997816 0.0622703 -0.0220195 0.993846 -0.0327141 0.105829 0.998141 -0.0259563 0.0551504 0.9988 -0.0480949 0.00923485 0.9958 -0.0589862 -0.0700146 0.999472 0.00942012 -0.0310928 0.999076 0.00690189 0.0424318 0.997052 -0.00713838 -0.076401 0.998394 -0.0561595 0.00744247 0.999332 0.0340445 0.0132967 0.997123 -0.00328765 0.0757232 0.0255855 0.930669 -0.364968 -0.0255855 -0.930669 0.364968 0.0321222 0.951435 0.306168 -0.0321222 -0.951435 -0.306168 0.0123142 0.874599 0.484691 -0.0123142 -0.874599 -0.484691 -0.0922009 -0.611631 -0.785752 0.092201 0.611631 0.785752 -0.00199824 -0.608803 0.793319 0.00199824 0.608803 -0.793319 0.251535 -0.373253 -0.892979 -0.314929 0.849299 -0.423687 0.589753 -0.615668 0.522632 0.297385 0.341136 -0.891733 -0.118591 -0.159323 0.980078 0.219768 -0.322302 -0.920773 0.0959236 0.910897 0.40133 0.136177 -0.533397 0.834831 -0.356228 -0.893267 0.274183 0.356228 0.893267 -0.274183 0.048373 -0.627769 0.776895 0.260576 0.829318 0.494298 0.111349 -0.300172 -0.947364 0.0255659 0.315144 -0.9487 0.352459 0.86585 0.355072 0.107884 -0.814659 0.569817 0.314297 0.194166 -0.929256 0.329295 -0.724331 0.605731 0.243344 0.474544 0.845927 -0.0749363 -0.881372 0.466442 0.0749363 0.881372 -0.466442 -0.470038 0.393781 0.789937 0.470038 -0.393782 -0.789937 0.992248 -0.119269 -0.0348969 0.980581 -0.0764203 -0.180614 0.826415 0.282149 -0.487269 -0.826415 -0.282149 0.487269 0.258737 0.877855 0.403022 -0.0443076 -0.491969 0.869484 0.165073 -0.479047 -0.862128 -0.101441 -0.990819 0.0893758 0.655302 0.716818 -0.238225 -0.0145721 0.749435 0.661917 0.308663 0.407633 -0.859397 0.276961 -0.842824 0.461454 0.303682 0.486353 -0.819292 0.0583848 -0.747804 0.661348 0.267414 0.340389 0.901457 0.187017 -0.159785 -0.969275 -0.141015 -0.710694 -0.689223 0.141015 0.710694 0.689223 0.0115697 -0.740531 0.671922 0.0783373 0.908148 0.411254 0.328631 -0.0205934 -0.944234 -0.471659 0.488949 -0.733803 0.574502 -0.382225 0.723776 -0.0520524 -0.604945 0.794564 0.389474 -0.781158 -0.487956 0.253923 0.95279 -0.166476 -0.152761 0.0942338 -0.98376 0.206487 -0.596364 0.775701 0.495399 0.286517 0.820054 -0.448056 0.804536 0.389831 0.904889 0.305 0.296902 0.105406 0.924942 0.365202 0.806833 0.200902 0.555571 -0.794821 0.0168858 0.606609 -0.989468 -0.123137 0.0760943 -0.437374 -0.860723 0.260501 -0.437371 -0.898818 -0.0288491 -0.967036 -0.25113 -0.0421291 -0.61828 -0.40203 -0.675353 -0.821849 0.1122 -0.558547 0.305456 0.948102 0.0883167 0.947917 0.224231 -0.226217 0.0708295 0.996664 0.0405384 0.099085 -0.992948 -0.0650816 0 -0.999485 -0.0320802 0.232549 -0.872288 -0.430157 -0.0954767 -0.965256 -0.243238 0.12323 -0.674544 -0.727877 -0.27872 0.0322379 -0.959831 -0.0115002 0.752346 -0.658668 0.0181518 0.948421 -0.316495 -0.0652865 -0.483106 0.873125 0.122166 -0.746207 0.654408 0.0990719 -0.942271 0.319858 0 -0.957125 0.289677 -0.194431 -0.80716 0.557395 -0.212039 -0.51766 0.828895 -0.272797 -0.0978356 0.957084 -0.0403623 0.758497 -0.650425 -0.0216179 0.466345 -0.884339 0.0888064 -0.307061 -0.947537 -0.0407921 -0.834822 -0.549006 -0.739545 -0.135859 0.659253 -0.120242 0.0305533 0.992274 -0.17412 0.825428 0.536983 -0.849205 -0.397019 0.348177 -0.307659 -0.45266 0.836926 -0.0209052 0.185508 0.982421 -0.480618 0.789485 0.381732 -0.423701 -0.288031 -0.858787 -0.414743 -0.784468 0.461085 -0.512319 0.287257 0.809328 -0.39669 0.91682 0.0455869 -0.11585 0.972564 -0.20174 -0.800381 -0.598208 -0.0392088 -0.290307 -0.932203 0.216149 -0.341002 0.643821 0.68499 -0.281761 0.893076 -0.350752 -0.196873 -0.281741 -0.939076 -0.208528 -0.797457 -0.566197 -0.798655 -0.569853 0.193439 -0.296584 -0.673503 -0.677076 -0.846741 -0.477143 -0.235296 -0.78701 0.374157 -0.490532 -0.414947 -0.876828 -0.24288 -0.208037 -0.623665 0.7535 -0.700371 -0.0124286 -0.713671 -0.290309 -0.956374 0.0326959 -0.194672 -0.0858408 -0.977105 0.484786 -0.843297 0.232018 0.114295 0.300519 -0.946903 0.846738 0.477145 0.235303 0.718367 0.458685 0.523027 0.815359 -0.578292 -0.0277244 0.883359 -0.409523 -0.227963 0.109466 0.282124 -0.953113 0.916712 0.399375 -0.0118118 0.0765762 0.975496 0.206262 0.117923 0.600431 0.790934 0.387299 -0.389149 0.835801 0.414947 -0.876829 -0.24288 0.197773 -0.616752 -0.761908 0.987554 0.132482 -0.0847649 0.0813014 0.98235 0.16846 0.81579 0.162911 0.554929 0.317328 -0.310284 0.896118 0.60811 -0.537523 0.584185 0.493211 0.729187 0.474373 0.83572 -0.0338016 0.548114 0.170148 -0.849039 0.500182 0.0835293 0.524859 0.847081 0.815373 0.0140914 -0.578764 0.562143 -0.794363 -0.230178 -0.0148834 -0.995218 -0.0965409 -0.079822 -0.900077 -0.428357 0.0086139 -0.629208 -0.777189 0.0205601 -0.626677 -0.779008 0.103367 -0.316869 -0.94282 -0.131838 0.0704123 -0.988767 -0.132142 0.420807 -0.897474 0.0495391 0.479414 -0.87619 0.00578446 0.752383 -0.658701 0.124488 0.91355 -0.387207 0.562143 0.794364 0.230176 -0.220343 0.974616 0.0396531 -0.131497 0.889084 0.438449 0.562152 0.398926 0.72446 -0.131501 0.653622 0.74531 -0.0574795 0.324103 0.944274 -0.132802 -0.124541 0.983287 -0.132459 -0.400245 0.906785 0.277784 -0.501903 0.819103 -0.0418003 -0.765109 0.642543 -0.0148628 -0.93433 0.3561 0.300789 0.024897 0.953366 0.560961 0.465193 0.684776 0.56204 0.803088 0.197892 0.176397 0.899192 -0.400423 0.076195 0.726958 -0.682441 0.226037 -0.0255546 -0.973783 0.174699 -0.347907 -0.921109 0.56204 -0.803089 -0.197888 0.999251 -0.0366289 0.0124559 0.999264 -0.0383481 -0.00118337 0.798452 -0.515676 0.310727 0.999261 -0.0338868 -0.0181464 0.999169 -0.0145344 -0.0380744 0.998389 -0.000448258 -0.0567396 0.999368 0.0267048 -0.0234418 0.999255 -0.0254605 -0.0290016 0.999368 -0.0114418 -0.0336432 0.999252 0.00250946 -0.0385938 0.999255 0.0170444 -0.0346147 0.999169 0.0296239 -0.0280076 0.999264 0.0262784 0.0279521 0.999319 0.0106398 0.0353319 0.999255 -0.0170507 0.0346227 0.99937 -0.0266728 0.0234164 0.998389 0.0522499 -0.0221253 0.999261 0.0338892 0.0181469 0.998388 0.000446254 0.0567484 0.797919 -0.54247 0.262778 0.999158 -0.0266392 -0.0311959 0.999158 0.0186365 -0.036563 0.999251 0.0366283 -0.0124562 0.999264 0.0383482 0.00118337 0.999251 -0.00250987 0.0386055 0.998381 -0.0288307 0.0490361 0.00698499 -0.997834 -0.0654059 0.0115946 -0.896808 -0.442269 0.00698499 -0.659369 -0.751787 0.00688036 -0.321426 -0.94691 0.00692955 0.0654597 -0.997831 0.00698528 0.442213 -0.896883 0.00697558 0.751848 -0.6593 0.00696611 0.946907 -0.321434 0.00698498 0.997834 0.0654066 0.0116006 0.896816 0.442252 0.0069848 0.659327 0.751824 0.0115895 0.321421 0.946865 0.00698517 -0.0654066 0.997834 0.00698298 -0.442273 0.896853 0.00698443 -0.751824 0.659327 0.00698383 -0.946906 0.321434 0.00767416 -0.946729 0.32194 0.00767109 -0.751468 0.659725 0.00767188 -0.44179 0.897086 0.00767052 -0.0648745 0.997864 0.00767226 0.318554 0.947874 0.0122705 0.662378 0.749069 0.00767136 0.895497 0.445001 0.0122775 0.998044 0.0612961 0.00767418 0.946724 -0.321953 0.00763476 0.751506 -0.659682 0.00766 0.44174 -0.897111 0.0076717 0.0648835 -0.997863 0.00762332 -0.321971 -0.946719 0.007589 -0.659719 -0.751474 0.00767137 -0.895491 -0.445014 0.0122767 -0.998044 -0.0612961 1 0 0 1 0 0 1 0 0 1 0 0 1 0 0 1 0 0 1 0 0 1 0 0 1 0 0 1 0 0 1 0 0 1 0 0 1 0 0 1 0 0 1 0 0 1 0 0 1 0 0 1 0 0 1 0 0 1 0 0 1 0 0 1 0 0 1 0 0 1 0 0 1 0 0 1 0 0 1 0 0 1 0 0 1 0 0 1 0 0 1 0 0 1 0 0 0 -0.997859 -0.0654027 0 -0.896872 -0.44229 0 -0.659364 -0.751824 0 -0.321405 -0.946942 0 0.0654363 -0.997857 0 0.442248 -0.896893 0 0.751849 -0.659335 0 0.946932 -0.321435 0 0.99786 0.0653927 0 0.896872 0.442291 0 0.659346 0.75184 0 0.321443 0.946929 0 -0.0654144 0.997858 0 -0.425125 0.905135 -0.024584 -0.764028 0.644715 0 -0.946928 0.321445 0 -0.946928 0.321445 0 -0.75184 0.659346 -0.0246822 -0.442149 0.896602 0 -0.0654144 0.997858 0 0.321443 0.946929 0 0.659346 0.75184 0 0.896872 0.442291 0 0.99786 0.0653927 0 0.946932 -0.321435 0 0.751849 -0.659335 0 0.442248 -0.896893 0 0.0654363 -0.997857 0 -0.321405 -0.946942 0 -0.659364 -0.751824 0 -0.896872 -0.44229 0 -0.997859 -0.0654027 -1 0 0 -0.869041 0.340069 0.359334 -1 0 0 -0.993084 -0.0303817 0.113406 -0.831277 -0.366503 -0.417917 -0.823428 -0.508904 -0.250965 -0.992265 -0.123075 0.0162254 -0.865101 0.449869 0.221852 -0.772845 0.634355 0.0174612 -0.868019 0.458363 -0.190909 -0.788891 0.261253 -0.556235 -0.826141 0.0368587 -0.562257 -0.851417 -0.168593 -0.496654 -0.848095 -0.480002 -0.22435 -0.826304 -0.562019 -0.0368308 -1 0 0 -0.904226 0.404391 -0.137275 -0.876737 -0.166337 -0.451292 -0.838393 -0.544239 -0.0300057 -0.838519 -0.515956 0.175141 -0.848582 -0.397777 0.348831 -0.856219 -0.228471 0.463346 -1 0 0 -0.865701 0.0165192 -0.500289 -0.826821 -0.534441 0.175327 -0.833136 -0.254199 0.49119 -0.867883 0.379659 -0.32037 -0.825311 -0.432243 0.363355 -0.853167 -0.351392 -0.385525 -0.854016 -0.034043 0.519131 -0.868701 0.184897 -0.459534 -0.743158 0.41504 -0.524841 -0.816363 0.425893 -0.390085 -0.67417 0.730341 0.109986 -0.87359 0.486476 -0.0134799 -0.796372 0.545806 0.260551 -0.76347 0.39116 0.513914 -0.833424 0.367521 0.412715 -0.726421 0.165419 0.667045 -0.822938 0.182608 0.537984 -0.789161 -0.0345974 0.613212 -0.765512 0.289122 0.574804 -0.114173 -0.984641 -0.13209 -0.162939 -0.98503 -0.0562781 -0.146519 -0.894796 -0.42175 -0.139772 -0.355401 -0.924204 -0.167694 -0.652248 -0.739224 -0.0960426 -0.594189 -0.798571 -0.157512 0.0320322 -0.986997 -0.0869413 0.124498 -0.988403 -0.0716624 -0.168295 -0.983128 -0.155647 0.343094 -0.926316 -0.0979271 0.423365 -0.900651 -0.12488 0.615425 -0.778239 -0.102171 0.64213 -0.759757 -0.1341 0.765987 -0.628714 -0.0533896 0.841778 -0.537177 -0.109664 0.970385 -0.215236 0.0104021 0.99352 -0.113184 -0.109192 0.949129 0.295351 -0.167851 0.97482 0.146803 -0.105853 0.991737 0.0724786 -0.0949694 0.877879 0.469371 -0.15111 0.844019 0.514585 -0.0968975 0.528184 0.843583 -0.136002 0.60003 0.788332 -0.0787354 0.717937 0.691641 -0.0871348 0.120025 0.98894 -0.138714 0.23837 0.961217 -0.0903476 0.317737 0.943865 -0.0911745 -0.173314 0.980637 -0.156172 -0.0847257 0.984089 -0.0965482 -0.597872 0.795756 -0.160392 -0.408093 0.898741 -0.158611 -0.753776 0.637702 -0.0868841 -0.854176 0.512674 -0.132888 -0.734822 0.665114 -0.165886 -0.936429 0.309166 -0.107836 -0.963629 0.244521 -0.121682 -0.44112 0.889161 -0.115588 0.446339 0.887368 -0.0979367 0.746975 0.657599 -0.119891 0.913044 -0.389842 -0.129832 -0.368341 -0.920581 -0.0650343 -0.818858 -0.5703 -0.0944394 -0.928197 -0.359904 -0.108172 -0.993173 0.0436503 -0.463506 -0.885335 0.0366644 -0.464289 -0.88489 0.0374978 -0.454855 -0.829429 -0.324275 -0.486673 -0.822964 -0.293054 -0.524875 -0.489875 -0.696081 -0.484446 -0.147958 -0.862218 -0.50212 -0.165956 -0.848725 -0.497142 0.563614 -0.659689 -0.486402 0.364435 -0.794104 -0.567077 0.694036 -0.44355 -0.484878 0.849428 -0.208243 -0.532664 0.844006 0.0626391 -0.510574 0.859585 0.0207117 -0.463902 0.843225 0.271601 -0.510711 0.617275 0.598453 -0.483519 0.271829 0.832057 -0.497504 0.469828 0.729213 -0.520759 0.0980951 0.848049 -0.525467 -0.145086 0.838352 -0.494058 -0.748332 0.442613 -0.496963 -0.633199 0.593369 -0.519116 -0.826979 0.215929 -0.504158 0.842495 -0.189805 -0.498526 -0.336375 -0.798951 -0.441225 -0.605665 -0.662186 -0.56406 -0.686023 -0.459574 -0.517563 -0.848656 -0.109145 -0.356431 0.852797 0.381699 -0.433069 0.568293 0.699638 -0.439515 0.232974 0.867496 -0.480159 -0.0854367 0.873011 -0.294265 -0.519718 0.802061 -0.415545 -0.823156 0.386959 -0.480537 -0.366995 -0.796492 -0.316895 0.235964 -0.918639 -0.414419 0.657599 -0.629142 -0.471984 0.1155 -0.874008 -0.391401 -0.555998 0.733261 -0.473968 -0.36435 0.801625 -0.483186 0.748502 0.454176 -0.999997 0.00217576 -0.00140085 -0.999998 0.00128543 -0.00150611 -0.999998 0.000756929 -0.00160708 -0.999998 0.00122788 -0.00168805 -0.999998 0.000587851 -0.00194542 -0.999998 -0.000675889 -0.00207216 -0.999998 -0.000898932 -0.00179827 -0.999998 -0.00150266 -0.00138849 -0.999998 -0.00182379 -0.000830724 -0.999997 7.40015e-05 -0.00226838 -0.999998 -0.000558604 -0.00204838 -0.999998 -0.00183292 -0.000872616 -0.999998 -0.00119356 -0.00176065 -0.999997 -0.00233725 -7.10415e-05 -0.999998 0.00194811 -0.000270984 -0.999998 0.00202445 -0.000178412 -0.999998 -0.00113499 0.00150514 -0.999998 -8.66039e-06 0.00200198 -0.999998 0.000224044 0.00192813 -0.999998 -0.00213811 0.000366139 -0.999998 -0.00183102 0.000684254 -0.999997 -0.00200041 0.00120821 -0.999998 -0.00120653 0.00152036 -0.999997 0.000361493 0.00221502 -0.999997 0.00101231 0.00228162 -0.999998 0.00163637 0.000954988 -0.999997 0.00233831 0.000705776 -0.999998 -0.00144335 -0.00140078 -0.999998 0.00145007 0.00140864 -0.999998 0.00146974 0.00140077 -0.999998 -0.00206135 0.000115311 -0.999997 -0.000466862 0.00221832 -0.999998 0.00201946 -0.000848366 -0.408994 -0.904802 0.11856 -0.48609 -0.796666 -0.359222 -0.410767 -0.681327 -0.605858 -0.409221 0.0110394 -0.912369 -0.412125 0.501241 -0.760862 -0.488788 0.791969 -0.365885 -0.88264 0.468759 -0.0347954 -0.382531 0.919436 -0.091145 -0.489534 0.863803 0.119172 -0.408819 0.825511 0.3891 -0.41071 0.681345 0.605876 -0.408699 0.246574 0.87873 -0.408391 -0.0109135 0.912742 -0.866495 -0.358864 0.346991 -0.948469 -0.256828 0.185595 -0.382529 -0.724265 0.573682 -0.492857 -0.78959 0.365568 -0.976189 -0.184076 0.114767 -0.382503 -0.684167 0.620973 -0.940496 -0.21333 0.264494 -0.50426 -0.489575 0.711364 -0.407087 -0.267531 0.873331 -0.407745 0.484168 0.774161 -0.941654 0.335828 0.0225268 -0.382694 0.915395 -0.12489 -0.877511 0.478371 -0.0337019 -0.978345 0.175511 -0.109713 -0.485371 0.677265 -0.552926 -0.406964 0.267781 -0.873312 -0.485259 -0.250238 -0.837798 -0.979309 -0.0817739 -0.185111 -0.481119 -0.452752 -0.750694 -0.978563 -0.196869 -0.0604757 -0.484226 -0.862027 -0.14978 0.016745 -0.999789 -0.0118969 0 -0.998151 0.0607892 0 -0.97476 -0.223255 0.0168182 -0.955954 -0.293034 2.2492e-05 -0.872707 -0.488244 0.0176227 -0.832655 -0.553511 0.0142058 -0.63751 -0.770311 -0.00317829 -0.699525 -0.714601 0 -0.588257 -0.808674 0.0168344 -0.404521 -0.914374 0 -0.46989 -0.882725 0.0167176 -0.130521 -0.991305 0 -0.202403 -0.979302 0 0.0817364 -0.996654 0.0167391 0.154096 -0.987914 0 0.358962 -0.933352 0.0142081 0.416376 -0.909082 7.40489e-05 0.607406 -0.794392 0.017665 0.661162 -0.750035 0.0175876 0.849466 -0.527351 -8.24589e-05 0.80702 -0.590524 0.0143385 0.965377 -0.260465 -0.00301445 0.940596 -0.339516 0 0.998181 -0.0602853 0.016838 0.999787 0.0118969 0.0167414 0.955939 0.293088 0 0.974908 0.222608 0.0176067 0.832627 0.553554 0 0.872716 0.488229 0.0142007 0.63752 0.770303 -0.00317303 0.699522 0.714604 0 0.470153 0.882585 0.0167361 0.404509 0.914381 0 0.202493 0.979284 0.0167404 0.130506 0.991306 0.016743 -0.154058 0.98792 0 -0.0815464 0.99667 0 -0.358989 0.933342 0.0141933 -0.416431 0.909057 0.0177208 -0.661022 0.750157 0.00010652 -0.607804 0.794087 0.0176435 -0.849339 0.527554 -1.0069e-05 -0.807121 0.590386 0.0143324 -0.965377 0.260465 -0.00301327 -0.940617 0.339458 0 -0.979952 0.199236 9.02789e-05 -0.883972 0.467541 1.36698e-05 -0.716067 0.698032 -0.00317408 -0.490692 0.871327 0 -0.225835 0.974166 0 0.0577333 0.998332 0 0.336656 0.941628 0 0.588305 0.808639 8.74967e-05 0.792138 0.610342 0 0.932097 0.362209 0 0.996426 0.0844714 0 0.979954 -0.199225 8.70425e-05 0.883967 -0.46755 3.54257e-05 0.716926 -0.697149 -0.00319156 0.490889 -0.871217 0 0.225988 -0.97413 0 -0.0578346 -0.998326 0 -0.337414 -0.941357 8.3301e-05 -0.79213 -0.610353 -5.58519e-06 -0.932309 -0.361663 0 -0.996359 -0.0852539 0.97726 0.203195 -0.0606181 0.30948 0.84438 -0.437316 0.987463 0.0269291 -0.155535 0.705716 0.0185449 -0.708252 0.862137 -0.123118 -0.49149 0.996178 0.0207344 0.0848531 0.376472 -0.918489 0.121027 0.987893 -0.112306 0.107032 0.999966 -0.00385543 0.00730665 0.993407 0.0854421 0.0764357 0.979518 0.189807 0.067212 0.990512 0.133441 0.0328644 0.993543 0.0928099 0.0652558 0.986047 0.166067 0.0115763 0.974036 0.226316 0.00592589 0.991444 0.103558 0.0794633 0.293369 0.881478 -0.370043 0 0.959016 -0.283351 0.00193567 0.609136 -0.793063 -0.00259456 0.332935 -0.942946 0 0.0261751 -0.999657 0 -0.284101 -0.958794 -0.000378503 -0.563765 -0.825935 0.0343491 -0.785052 -0.618476 -0.00367619 -0.943129 -0.332407 -0.000991486 -0.99966 -0.0260534 0.00184836 -0.824496 0.565865 0 -0.608602 0.793475 0.000349144 -0.333196 0.942858 -0.00503624 -0.0239217 0.999701 -0.00123425 0.285249 0.958453 -0.00749839 0.568578 0.822595 0 0.793353 0.608763 0 0.942645 0.333797 0 0.999657 0.0261752 0 0.999657 0.0261752 0 0.942645 0.333797 0 0.793353 0.608763 0 0.566383 0.824142 0.00220356 0.283996 0.958823 0.000838027 -0.0261659 0.999657 0.00197085 -0.333777 0.94265 0.000637934 -0.608796 0.793327 0 -0.824123 0.566411 -0.000431277 -0.958842 0.283939 0.00021239 -0.942639 -0.333813 0.000983689 -0.793355 -0.608758 -0.00828054 -0.566387 -0.824098 0.00022006 -0.28402 -0.958818 0 0.0261751 -0.999657 0 0.333812 -0.94264 0.000701308 0.608762 -0.793352 0.000175899 0.824002 -0.566587 1 -0.000404441 -0.000104232 1 -0.000378256 -0.00013395 1 -0.0001148 0.000490922 1 -0.000272853 0.000341427 1 -0.000357911 0.00022403 1 -0.000731583 6.44015e-05 1 -0.000403707 -0.000123768 1 -0.000339974 -0.000260869 1 -0.000228716 -0.000332783 1 -0.000120257 -0.000405974 1 0.000270841 0.000394099 1 0.000120247 0.000405974 1 6.13068e-05 0.000465669 1 -0.000172964 0.000455712 1 -0.000330688 0.000227279 1 -0.000723332 0.000127141 1 -0.000307581 -0.000340187 1 -0.000170286 -0.000422346 1 0.00023796 0.000444496 1 -0.000159604 0.000450753 1 -0.000363664 0.000205392 1 -6.13052e-05 -0.000465683 1 -1.10787e-05 0.000423258 1 -0.000351938 -0.000259192 1 5.51739e-05 -0.000452033 1 0.000209052 -0.000408204 1 0.000272839 -0.000341446 1 0.000590152 -0.000369383 1 0.000612826 -3.10438e-05 1 0 0 1 0.000378259 0.000133944 1 0.000339982 0.000260878 1 -0.000260879 0.000339953 1 0.000134794 -0.000380642 1 0.000237546 -0.000411103 1 0.000565519 -0.000390377 1 0.000351948 0.0002592 1 1.10829e-05 -0.000423269 1 0.000706413 4.80658e-06 1 0.000285038 0.000395431 1 -8.54809e-06 0.000288706 1 0.000260871 -0.000339973 0.705088 0.708285 0.0344027 0.705108 0.685156 0.182709 0.0190611 0.962557 -0.270407 0.000318552 0.926825 -0.375493 0.00103767 0.627355 -0.778733 0.0172861 0.663798 -0.747712 0.0187051 0.426006 -0.904527 0.000354661 0.320524 -0.94724 0.000868158 0.106506 -0.994312 0.0183658 0.154219 -0.987866 0.0183631 -0.40464 -0.914292 0.000351589 -0.508992 -0.860771 0.00214811 -0.680505 -0.732741 0.0187014 -0.645602 -0.763445 0.0174115 -0.834719 -0.550401 0.00149868 -0.999292 0.0376062 0.0189783 -0.999747 -0.0120611 0.0192569 -0.962555 0.270403 0.00100952 -0.627721 0.778438 0.0173972 -0.663834 0.747677 0.0187768 -0.42605 0.904505 0.00128968 -0.1077 0.994183 0.0183226 -0.154143 0.987879 0.0183419 0.404583 0.914317 0.00251405 0.680305 0.732925 0.0187658 0.645646 0.763407 0.0173767 0.834717 0.550405 -0.00078322 0.88491 0.465762 0.00206009 0.999324 -0.0366968 0.019066 0.999745 0.0120824 0.0112221 -0.956018 -0.293094 0.0368804 -0.933871 -0.355703 0.000969072 -0.883847 -0.467775 0.223387 0.967003 0.122487 0.000283798 -0.980246 -0.197784 0.0177764 -0.95288 -0.302826 0.000657512 -0.0584352 -0.998291 -0.000436054 -0.211059 -0.977473 0.0198618 -0.130494 -0.99125 0.0186149 0.839186 -0.543525 0.0116728 0.847593 -0.530519 0.0117809 0.95601 0.293099 0 0.980245 0.197789 0.0195237 0.949781 0.312305 0.000476571 0.0673779 0.997727 -0.000334807 0.218062 0.975935 0.0195077 0.130502 0.991256 0.0633676 0.218913 0.973685 0.0177209 -0.842201 0.538873 0.0112723 -0.847587 0.530537 -0.00349516 -0.750096 0.66132 0.0250661 -0.830545 0.556388 -0.00309662 -0.904755 0.425922 0.00028534 0.89565 -0.444759 0 0.992427 0.122832 0.00104505 0.806809 0.590811 0.00138142 0.361542 0.932355 0.00248753 -0.467511 0.883984 0.00149809 -0.974378 0.224912 0.00031554 -0.992241 -0.124329 0.00103617 -0.807826 -0.58942 0.000352398 -0.554777 -0.831999 0.00136262 -0.361498 -0.932372 0.000353695 0.268872 -0.963176 0.00214585 0.467681 -0.883895 -0.000845676 0.737991 -0.67481 0.0020606 0.974771 -0.223197 -0.0421126 -0.0551582 -0.997589 -0.0381609 -0.358073 0.932913 -0.271148 -0.74856 0.605093 0.0421126 0.0551582 0.997589 -0.0291684 -0.719314 -0.694072 0.0291684 0.719314 0.694072 -0.562995 0.310815 -0.765788 -0.102626 -0.0545346 -0.993224 0.102626 0.0545346 0.993224 -0.788123 0.333168 0.517553 0.0356528 0.053697 0.997921 -0.0356528 -0.053697 -0.997921 0.115307 0.326726 -0.938059 -0.026889 0.980456 0.194894 0.391919 0.378939 0.838335 0.519062 -0.141375 -0.842963 0.599941 -0.138054 -0.788043 -0.612837 -0.420782 -0.668859 0.390613 0.644324 0.657471 0.337996 -0.345084 -0.8756 0.554526 -0.443339 -0.704238 0.63559 -0.523378 -0.567538 0.480487 -0.652369 -0.586129 0.637383 -0.625624 -0.449819 0.100158 -0.846561 -0.522783 0.139869 -0.372649 -0.917371 0.189313 -0.615682 -0.764916 0.145205 -0.464516 -0.873579 0.12444 -0.368153 -0.9214 0.034712 -0.294868 -0.954907 -0.0766277 -0.602739 -0.794251 -0.10897 -0.798467 -0.592094 0 -0.743862 -0.668333 0 -0.627021 -0.779003 0.01416 -0.73198 -0.681179 0.110379 -0.654245 -0.748185 0.83558 -0.516088 -0.188306 0.255322 -0.875089 -0.411132 0.0143151 -0.98308 -0.182619 -0.248748 -0.967332 0.0489264 -0.304765 -0.504541 0.80781 0.868547 -0.491742 -0.0617737 0.391673 -0.905527 -0.163136 -0.121463 -0.984394 -0.127339 0.421999 -0.888687 -0.17931 0.595242 0.555443 -0.580664 0.379672 -0.613108 0.692783 0.0840598 -0.903577 0.420098 0.222298 -0.969469 0.103503 0.644022 -0.76456 0.0261434 0.761712 -0.625363 0.169456 0.195823 -0.871866 0.448891 0.630122 -0.764281 -0.137187 0.470248 -0.881275 -0.0471317 0.0177421 -0.979938 -0.198511 -0.108978 -0.983274 -0.145931 0 -0.994909 0.100776 -0.11616 -0.984733 0.129645 -0.107326 -0.911955 0.396004 0 -0.998573 -0.053405 0.15259 -0.503944 0.850151 0.591241 0.314925 -0.742467 0.0187215 -0.572191 0.819907 -0.00248276 -0.286233 0.958157 0.490527 0.0660623 0.868918 0.140967 -0.304959 0.941875 0.146439 -0.317615 0.936844 0.0682092 -0.627227 0.775844 0.600843 -0.110654 0.791671 0.0696328 -0.626726 0.776123 -0.0189221 -0.386041 0.922288 0.15079 -0.444124 0.883185 0.0826967 -0.0217627 0.996337 -0.0402224 -0.163048 0.985798 0.0908127 -0.0334667 0.995306 -0.0858244 -0.316558 0.944683 0.145784 0.145511 0.978557 0.272199 0.522799 0.80783 -0.0486219 -0.130441 -0.990263 0.910259 -0.362758 0.199589 -0.00247983 0.524567 0.851366 0.732215 -0.243275 -0.636143 0.331191 0.3459 0.877876 0.141049 0.538443 0.830773 0.629465 0.629455 0.455587 0.67651 0.250706 0.692446 0.146435 0.549194 0.822766 -0.0402235 0.412648 0.910002 0.0610521 0.318938 0.945807 0.0425957 0.304291 0.951626 -0.0149016 0.610052 0.792221 -0.112148 0.799876 0.589594 0.160522 0.635399 0.755315 0.168464 0.835507 0.523018 0.147012 0.658282 0.738277 -0.477563 0.459977 0.748569 -0.210635 0.977332 0.0213417 0.00779125 0.998703 -0.0503182 0.791594 -0.601741 0.106237 0.00284048 0.953052 0.302792 0.242135 0.963911 0.110663 0.373829 0.909175 0.183449 0.236085 0.903718 -0.357152 0.00645347 0.839379 -0.543508 0.56265 0.714134 -0.416458 0.374455 0.830487 -0.412401 -0.0547035 0.987349 0.148827 0.149798 0.987206 -0.0546442 -0.00074769 0.991445 -0.130526 -0.0587137 0.914367 -0.400607 0.0648436 0.934816 -0.349163 0.149784 0.967714 -0.202719 0.065294 0.993377 0.0945501 -0.238592 0.920262 -0.310148 -0.0506425 -0.526921 -0.848404 0.105917 -0.736617 0.667965 0.542972 -0.207497 -0.813711 -0.915715 -0.0215454 0.401251 -0.605841 -0.103847 -0.788779 -0.915269 -0.401946 0.0268777 -0.620127 -0.20535 -0.757148 -0.479015 0.186351 0.857798 -0.723549 0.30174 -0.62083 -0.120727 0.0640115 -0.99062 -0.921206 -0.183331 0.343175 -0.531721 -0.052539 -0.845288 -0.0697695 0.196577 0.978003 -0.836986 0.344329 0.425315 -0.304812 -0.272934 -0.912467 -1 0 0 -0.343722 -0.153642 0.926417 -0.999998 -0.00155925 -0.000814885 -0.692764 -0.672193 -0.261215 -0.999981 -0.00569703 -0.00220642 0.316022 -0.1575 -0.935588 -1 0 0 -0.995959 -0.0896204 0.00579655 -0.994195 0.102873 0.0315344 -1 0.000188437 9.84793e-05 -0.999719 -0.00907333 0.0219218 -1 0 0 -1 0 0 -1 0 0 -1 0 0 -0.999776 0.010038 0.0186493 -0.999678 0.0154333 0.0201239 -0.999742 -0.0154077 0.0166705 -0.99943 -0.0283948 0.0182513 -0.999764 -0.014905 0.0158172 -0.995923 -0.081155 0.0393921 -0.338886 -0.225678 -0.91336 -0.998776 -0.0395409 0.0297172 -0.965877 0.245325 0.0830522 -0.595242 -0.555443 0.580664 -0.999982 -0.00501652 -0.00330833 -0.880206 0.444637 0.165935 -1 -0.000915653 -3.15181e-05 -0.999998 0.00130556 0.00139203 -1 0 0 -0.999993 -0.00365879 -0.00112178 -0.87467 0.43553 0.212759 -0.89936 0.398244 0.180426 -1 0 0 -0.999986 -0.00467495 -0.00239838 -1 0 0 -0.998791 0.0187951 -0.0454127 -1 0 0 -0.999721 -0.0112021 -0.0208105 -1 0 0 -0.99948 -0.0196305 -0.025598 -1 0 0 -0.999704 -0.0222803 0.00975487 -0.999778 0.0139431 -0.0157896 -0.514348 0.269022 -0.814293 -0.915899 0.338099 0.216376 -0.2882 -0.491246 0.82196 -0.999488 0.0271793 -0.0169083 -0.999828 0.0148611 -0.0111256 -0.999966 -0.00734587 0.00376674 -1 6.82871e-05 6.98909e-06 -0.999874 0.00658629 -0.0144367 -0.998925 0.013523 -0.044333 -1 -5.94102e-05 -0.000110369 -0.999994 0.00345966 -0.000339196 -1 0 0 -1 -4.55951e-05 -4.66673e-06 -0.999847 -0.0072578 0.0159052 -0.999727 -0.00868374 0.0216944 -1 5.94017e-05 0.000110361 -1 0 0 -0.487042 0.479049 -0.730275 0.213819 0.634566 -0.742703 -0.231407 0.333693 -0.913838 0.484651 0.632519 -0.60418 -0.612699 0.23336 -0.755078 0.28958 0.111508 -0.950636 0.486272 -0.0876375 -0.869402 -0.105917 0.736617 -0.667965 0.132472 0.679774 -0.721358 -0.109049 0.620307 -0.776741 0.0515774 0.053572 -0.997231 -0.0555422 0.177999 -0.982462 0.0617686 0.0626329 -0.996123 0.588409 -0.0745268 -0.805122 0.0166509 0.390391 -0.920498 0.147294 0.462032 -0.874546 0.139904 0.292554 -0.945959 0.155309 0.314343 -0.936519 0.674272 0.064337 -0.735675 0.652348 0.487631 -0.580223 0.172399 0.415643 -0.89304 -1 0 0 -1 0 0 -1 0 0 -1 0 0 -1 0.000519601 0.000710083 -1 0 0 -1 0 0 -1 0 0 -0.999999 0.000573254 0.000973204 -1 0 0 -1 0 0 -0.999999 -0.00085027 0.00148129 -1 0 0 0.00263796 -0.909957 0.414694 0.00338765 -0.999956 0.00873027 0.00338226 -0.917731 -0.397188 -0.00460111 -0.671845 -0.740677 -0.00461501 -0.312497 -0.949908 -0.0023702 0.100708 -0.994913 -0.0022578 0.495749 -0.868463 -0.0024361 0.804532 -0.593905 -0.00491413 0.977454 -0.21109 -0.00462822 0.978884 0.204365 -0.00525145 0.809564 0.587008 0.00045973 0.507533 0.861632 0 0.113204 0.993572 0.00168207 -0.300697 0.953718 0 -0.662623 0.748953 0.000695143 -0.661853 0.749634 0 -0.303305 0.952893 0.0074706 0.124174 0.992232 0 0.506936 0.861984 0.00091664 0.814898 0.579604 -0.00112306 0.979924 0.199369 -0.00116702 0.976295 -0.21644 -0.00166473 0.803865 -0.594809 -0.00119673 0.494316 -0.869281 0.00627813 0.0866568 -0.996218 0.00251792 -0.322379 -0.946607 -0.00115848 -0.675568 -0.737297 -0.00119947 -0.914894 -0.403694 0.00231682 -0.999972 0.007052 0.00229548 -0.910181 0.414206 0.674339 0.392627 0.625389 0.772517 0.225885 -0.593458 0.793613 0.48909 -0.361896 0.547772 0.820266 -0.164652 0.660997 -0.0314567 0.749729 0.653327 -0.713249 -0.25385 0.68753 -0.499487 -0.527081 0.645676 0.745511 -0.165276 0.477092 0.865288 0.153816 0.454868 -0.190294 0.869991 0.663668 -0.505344 -0.551518 0.383724 0.904909 0.184107 0.61341 0.599694 -0.513902 0.576618 -0.573716 0.581688 0.677314 -0.115683 -0.726542 0.573221 0.656996 0.489667 0.606619 0.446214 0.657957 0.690661 -0.491811 0.530198 0.600999 0.645154 0.471779 0.239928 -0.802874 0.545737 -0.800477 0.464796 -0.378418 0.649022 -0.693586 0.312585 0.655527 0.743347 -0.133114 0.651791 -0.758387 0.00423217 0.655348 -0.711369 -0.253916 0.648582 -0.761123 0.00584161 0.073805 0.347637 -0.93472 -0.602371 0.65142 -0.461303 -0.36728 0.101343 -0.924573 0.761895 -0.115669 -0.637288 1 0 0 1 0 0 0.593731 0.79282 0.13755 0.759159 -0.010172 0.650826 0.998493 0.0441148 -0.0326448 0.711652 0.686623 0.148661 0.589506 -0.243318 0.770246 0.990616 -0.114722 0.074288 0.733879 0.219481 -0.642844 0.763354 -0.142812 0.629996 0.999908 0.00323369 -0.0132036 0.518156 0.703191 0.486865 0.753451 -0.625911 0.201363 0.0808047 -0.906987 0.413334 0.842562 -0.493929 -0.214762 -0.667287 -0.331688 -0.666867 -0.885894 0.0444426 -0.461754 -0.900501 0.211765 -0.379808 -0.876478 0.321606 -0.358268 -0.88913 0.370927 -0.268067 -0.890802 0.367368 -0.267419 -0.87647 0.469619 -0.106103 -0.8768 0.453422 0.160097 0.87707 0.243803 0.413894 0.767163 -0.106451 0.632558 -0.50939 -0.570208 0.644503 -0.260518 -0.600183 0.756248 0 -0.246763 0.969076 0 0.350784 0.936457 -0.747503 0.611261 0.259998 -0.365716 0.911206 0.189619 -0.889715 0.447069 -0.0923915 -0.884193 0.214844 -0.414782 -0.885087 0.0440726 -0.463335 -0.889443 -0.142827 -0.434156 -0.887596 -0.309471 -0.341177 -0.803201 -0.467566 -0.369121 -5.02876e-05 -0.999962 0.0087226 -0.933348 -0.297773 0.20048 -0.734474 -0.58457 0.344712 -0.437761 -0.744689 0.50379 -0.319447 -0.78628 0.528883 -0.817456 -0.473567 0.327873 -0.791727 0.360259 -0.493337 -0.775541 0.372825 -0.509448 -0.976282 0.176802 -0.124956 0.822752 0.501489 -0.267559 -0.622794 0.732202 -0.275696 -0.734443 0.645316 0.210144 -0.805608 -0.492908 0.328689 -0.969426 -0.200236 0.14184 -0.992951 0.0971847 -0.0678534 -0.88445 0.387158 -0.260494 -0.694214 0.594596 -0.405615 -0.677328 0.6107 -0.41021 -0.520941 -0.698779 0.490232 -0.888511 0.381552 -0.254885 -0.988319 0.12161 -0.0918489 -0.971968 -0.192922 0.134386 -0.796532 -0.501225 0.338098 0.0164773 -0.303301 -0.952752 0.0181107 -0.301978 -0.953143 0.401905 -0.315426 -0.859639 0.276869 -0.459531 -0.843904 -0.256575 -0.69819 -0.668356 -0.294482 -0.432826 -0.852022 -0.118041 -0.234111 -0.965017 -0.280089 -0.430472 -0.858047 -0.0963871 -0.708872 -0.69872 0.0124159 -0.558532 -0.82939 -0.253617 -0.688993 -0.678946 -0.262056 -0.278958 -0.923856 0.268735 -0.739935 -0.616667 -0.0142784 -0.5647 -0.825173 -0.562847 0.421551 -0.710984 -0.402587 -0.564216 -0.720822 -0.000213223 -0.558947 -0.829203 -0.00585369 -0.561861 -0.827211 0.0284204 -0.799883 -0.599483 0.257774 -0.830759 -0.493347 -0.000470431 -0.559265 -0.828989 -0.124286 -0.808891 -0.574673 0.0777611 -0.755549 -0.650461 -0.690865 0.347502 0.633994 -0.747687 0.627266 0.217949 -0.721422 0.116077 0.682698 -0.392412 -0.292211 0.872138 -0.906058 -0.194009 0.376059 -0.91329 0.401547 -0.0682706 -0.139364 0.806079 -0.575164 -0.961105 0.234512 -0.145881 -0.744408 -0.425397 -0.514678 0.274946 0.602231 0.749482 -0.960823 -0.254178 0.110509 -0.955431 -0.284714 0.0780411 -0.902539 -0.266196 0.338471 -0.475451 -0.484251 0.734471 -0.468273 -0.521077 0.713582 -0.947763 -0.2808 0.151318 -0.538399 -0.764351 0.354815 -0.560264 -0.476495 0.677537 -0.985064 -0.0987391 0.141062 -0.622478 -0.627093 0.468268 -0.747978 -0.640466 0.174162 -0.61673 -0.774154 0.142583 -0.88997 -0.292949 0.349478 -0.985548 -0.14672 0.0846717 -0.885068 -0.326246 0.33199 -0.472176 -0.78134 -0.408115 -0.656799 -0.750605 -0.0721689 -0.411899 -0.898842 -0.149741 -0.514013 0.697078 -0.499873 0.377428 -0.353169 0.856049 -0.979818 -0.106837 0.168946 -0.995122 -0.053082 0.08315 -0.956927 0.176332 -0.230648 -0.792169 0.36255 -0.490944 -0.66685 -0.43544 0.604734 -0.550491 0.511732 -0.659613 -0.672851 0.43583 -0.597765 -0.817084 0.338022 -0.467027 -0.969443 0.144342 -0.198356 -0.888118 -0.271145 0.371114 -0.0759495 -0.787726 -0.611327 -0.0737717 -0.75701 -0.649225 0.0101397 -0.702776 -0.711339 -0.29996 -0.800893 -0.518262 0.677578 -0.358541 -0.642135 -0.0458309 -0.721978 -0.690396 -0.0245749 -0.686398 -0.72681 -0.32547 -0.887758 -0.325507 0.290393 -0.944615 -0.152887 -0.00617139 -0.805382 -0.592723 -0.952325 -0.231583 0.198611 7.77805e-06 -0.809015 -0.587788 0.0259144 -0.806925 -0.590086 -0.80717 0.354309 -0.472167 0.0334156 -0.958465 -0.283247 -0.582339 0.394636 -0.710734 -0.0655845 -0.824479 -0.562079 -0.130422 -0.964659 -0.228963 3.15182e-05 -0.809016 -0.587786 -0.984014 -0.178084 0.00139789 -0.99886 0.0283321 -0.0384257 -0.672517 0.681325 0.288994 -0.552664 0.81953 -0.151439 -0.653331 0.651564 0.385517 -0.961881 -0.109847 0.250435 -0.783225 0.291099 0.549382 -0.439775 0.853285 -0.280183 -0.705947 -0.412282 0.575901 -0.45822 0.626981 -0.630023 -0.631158 0.360631 -0.68672 -0.50644 0.195346 -0.839856 -0.586434 0.105108 -0.803149 -0.967729 0.195193 -0.159376 -0.972295 0.197433 -0.125147 -0.436391 0.789217 -0.432087 -0.537452 0.494206 -0.683306 -0.993131 0.0423898 -0.109055 -0.931333 0.130485 -0.339988 -0.678323 0.478814 -0.557328 -0.322676 -0.618184 0.716749 -0.192314 -0.603543 0.77379 -0.528381 0.148547 -0.835911 0.322642 -0.116868 0.939278 -0.594373 -0.135715 -0.792655 -0.59137 -0.135461 -0.794941 0.416816 0.64637 -0.639117 -0.134804 0.77223 -0.620878 -0.12422 0.95173 0.280677 -0.2161 -0.345411 -0.913232 -0.140582 -0.27542 0.950989 0.122537 -0.518061 -0.846521 -0.122537 0.518061 0.846521 0.413428 -0.907136 -0.0786254 -0.355197 0.672099 0.649707 -0.319378 0.409551 -0.854556 -0.46366 -0.830902 -0.307604 0.446172 0.803677 0.393743 -0.61771 -0.757508 -0.211224 -0.367549 -0.898317 0.240695 -0.469375 -0.801519 0.37048 -0.543273 -0.80845 -0.226414 -0.386147 -0.816058 -0.430048 -0.568666 -0.522154 -0.635589 -0.693341 -0.349144 -0.630379 -0.69562 0.0800196 -0.71394 -0.97676 -0.0585952 -0.20617 -0.0951006 -0.517953 -0.850106 -0.513326 0.581607 -0.631055 -0.337249 0.773378 -0.536796 -0.440026 -0.404546 -0.801698 -0.587257 -0.18174 -0.788733 0.00151553 0.809029 0.587767 -0.000127783 0.809046 0.587745 0.000427289 0.808866 0.587993 -0.899988 -0.25288 0.355067 -0.000181801 0.809109 0.587658 -0.173843 0.569995 -0.803047 -0.47791 0.51717 -0.710026 0.0640169 0.586282 -0.807573 0.0909766 -0.586611 0.804742 -0.323308 -0.556054 0.765687 -0.770508 -0.402381 0.494376 -0.626763 -0.457445 0.630803 -0.622618 -0.459959 0.633076 -0.989598 -0.106893 0.0962829 -0.923506 0.221829 -0.312935 -0.599161 0.469967 -0.64818 -0.746037 0.391409 -0.538727 -0.676482 0.42355 -0.602476 -0.915568 0.236386 -0.325357 -1 -0.000236473 -0.0001718 -0.321526 -0.556576 0.766057 0.062221 0.586491 -0.807563 -0.323281 0.556282 -0.765532 -0.999995 -0.00137048 -0.00285148 -0.840031 0.315166 -0.441608 -0.707584 0.418437 -0.569417 -0.999988 0.00169299 -0.00466958 -0.640735 -0.379952 -0.667154 -0.840497 -0.328893 -0.430575 -0.210974 -0.970127 -0.119764 -0.483237 0.69627 0.530745 -0.759259 0.429471 -0.488958 -0.408526 -0.0378619 -0.911961 -0.103319 0.101564 -0.989449 -0.11144 0.197092 0.974031 0.11144 -0.197092 -0.974031 0.00670699 0.479319 0.877615 -0.00670699 -0.479319 -0.877615 -0.490048 -0.865578 -0.103097 0.138396 0.799631 -0.584326 -0.829448 0.462538 -0.31317 2.88918e-05 0.559194 0.829037 -0.000166346 0.55937 0.828918 0.00015791 0.559224 0.829017 -0.877811 -0.391726 0.275679 -0.784714 -0.521977 0.334311 -0.000167565 0.559371 0.828917 -0.312608 0.787485 -0.531172 0.0863787 -0.826191 0.556729 0.0852304 -0.826215 0.55687 -0.325579 -0.783817 0.528799 -0.297897 -0.792609 0.532004 -0.611957 -0.653239 0.445855 -0.327694 -0.51739 0.790522 -0.990115 -0.130474 0.051459 -0.915581 0.333379 -0.224878 -0.593121 0.667466 -0.450218 -0.746044 0.552046 -0.372376 -0.676456 0.604073 -0.42131 -0.625045 0.648991 -0.433738 -0.915579 0.333382 -0.224879 -1 0 0 0.0644921 0.826619 -0.559055 -0.3233 0.785212 -0.528128 -0.99976 0.0139209 -0.0169078 -0.999992 -0.00402329 -0.000631679 -0.999998 -0.000760891 -0.00203453 -0.74431 -0.555865 0.370159 -0.880368 -0.392743 0.265903 -0.5361 -0.826083 -0.173736 -0.825122 -0.446648 0.345946 -0.366472 0.882398 -0.295078 -0.708718 -0.147706 -0.689856 -0.151974 -0.968009 0.199657 -0.399366 -0.874275 -0.275952 -0.275737 -0.55204 -0.786906 0.265075 -0.427571 -0.864245 -0.0412344 0.0976147 0.99437 -0.0227618 0.926294 0.376114 0.127149 0.768691 -0.626856 -0.597874 -0.653548 0.464136 -0.086256 -0.773118 0.628369 -0.430517 -0.828859 0.357279 0.112782 -0.592172 0.79788 -0.146145 -0.0892266 -0.985231 -0.244354 0.371194 -0.895827 0.0809992 -0.483541 0.871566 -0.0700957 0.918223 -0.389811 -0.0904896 -0.953771 0.286587 -0.256518 0.950908 -0.173127 -0.0402677 0.876944 -0.478903 -0.00404758 -0.253975 -0.967202 -0.261589 0.941826 0.211034 -0.203102 -0.804178 -0.558613 -0.0447118 -0.334607 0.941296 0.0447117 0.334607 -0.941296 -0.0303301 0.00217255 0.999538 -0.0278081 -0.927552 0.372657 -0.198208 0.861902 0.466732 -0.275327 -0.816082 -0.508139 -0.405716 0.911953 0.061121 0.405716 -0.911953 -0.061121 0.676529 0.710218 0.194679 -0.999992 0.0024488 -0.00318817 -0.999762 -0.00651541 0.0208418 -0.999897 0.0141308 -0.00238281 -0.994827 -0.0467143 -0.0902065 -0.999909 -0.00960889 -0.00946349 -1 -0.000183507 -6.47941e-05 -1 0.00054373 -0.000729868 -0.999999 0.000780832 0.00132558 -0.999985 0.00356247 -0.0040584 -0.78804 0.531722 -0.310265 -0.774226 0.391135 0.497581 -0.703168 -0.442028 0.556926 -0.841519 0.481653 -0.244654 -0.86406 -0.272022 0.423561 -0.464897 0.352404 -0.812208 -0.98328 0.0630525 -0.170838 -0.80916 -0.290904 0.510525 -0.216766 -0.897961 0.382987 -0.206951 -0.373891 -0.904089 -0.338913 -0.727525 -0.596528 -0.0722365 -0.514705 -0.854319 -0.418343 0.477251 -0.772801 -0.392159 0.511479 -0.764592 -0.399784 0.760148 -0.512199 -0.403189 0.719433 -0.565557 -0.41949 0.907263 0.0300201 -0.414785 0.903937 -0.104168 -0.400632 0.907373 -0.127158 -0.399775 0.607509 0.686377 -0.452473 0.668314 0.590444 -0.398322 0.000663801 0.917246 -0.397299 0.120712 0.909716 -0.39158 -0.248948 0.885827 -0.411728 -0.103918 0.905363 -0.397048 -0.133467 0.908041 -0.431124 -0.685476 0.586733 -0.400908 -0.629385 0.665693 -0.423397 -0.866964 -0.262884 -0.381407 -0.663402 -0.64376 -0.402911 -0.76624 -0.500539 -0.404816 -0.444687 -0.798985 -0.38326 -0.52245 -0.761681 -0.390217 0.721411 0.572098 -0.429122 0.297279 -0.852924 -0.403095 0.253371 -0.879385 -0.398985 0.882658 -0.248446 -0.365524 0.877328 -0.310948 -0.375942 0.876163 -0.301672 -0.436825 0.789168 -0.431738 -0.44458 0.874029 0.196016 -0.418918 0.765711 0.488052 -0.407064 0.775596 0.482442 -0.441322 0.231204 0.867052 -0.410882 0.33085 0.849538 -0.43157 0.419357 0.798678 -0.411069 -0.473449 0.779018 -0.381442 -0.845033 0.374728 -0.399768 -0.788714 0.467029 -0.425709 -0.769284 0.476418 -0.41136 -0.894606 0.174535 -0.517502 -0.845394 0.13229 -0.419872 -0.892211 0.166334 -0.398234 -0.239188 0.88555 -0.414621 0.052555 0.908475 -0.396861 0.573973 -0.71628 -0.204402 0.127092 -0.970602 -0.212065 0.11033 -0.971008 -0.204275 0.11599 -0.972017 -0.349281 -0.395899 -0.849274 -0.321618 0.936876 0.137206 -0.200404 0.893425 -0.402033 -0.212171 0.825149 -0.523558 -0.457647 0.83795 -0.297319 -0.462016 0.842742 -0.276275 0.073481 0.709097 -0.701272 -0.0298114 0.63637 -0.770808 0.0835222 0.48243 -0.871943 0.0853455 0.218437 -0.972112 0.0825265 -0.0666488 -0.994358 0.0837157 -0.344823 -0.934927 -0.0254797 -0.420206 -0.907071 0.0362972 -0.593118 -0.804297 0.0873282 -0.795539 -0.599576 -0.00617687 -0.845975 -0.533187 -0.0717978 -0.959999 -0.270642 0.0763306 -0.932221 -0.353748 0.0701449 -0.994585 -0.0766896 0.084307 -0.974125 0.209695 -0.0166105 -0.850635 0.525495 0.0438858 -0.878138 0.47639 -0.0279933 -0.667876 0.743746 0.0756958 -0.708979 0.701155 0.0745015 -0.482789 0.872562 -0.0318698 -0.145839 0.988795 0.0468727 -0.217743 0.97488 -0.0210618 0.128779 0.99145 0.0469324 0.0657442 0.996732 0.0314149 0.369169 0.928831 0.0777324 0.343192 0.936043 -0.0412941 0.662205 0.748184 0.0770533 0.593069 0.801456 -0.0428022 0.845398 0.53242 0.082444 0.794491 0.601653 0.0844804 0.931646 0.353411 0.0760472 0.994153 0.076654 0 0.968101 -0.250561 0.0494921 0.977113 -0.206884 0.0888091 0.87685 -0.47249 -0.0298148 0.830847 -0.555702 0 0.911924 -0.410358 -0.0067696 0.988014 -0.154213 -0.0712207 0.985669 0.152921 -0.00109338 0.910472 0.41357 -0.027414 0.473076 0.880595 -0.0224187 0.00129844 0.999748 -0.0178162 -0.276287 0.96091 -0.0287955 -0.536327 0.843519 -0.0386515 -0.91376 0.404411 0.00490381 -0.986906 0.161224 -0.0696211 -0.986379 -0.149028 -0.0587027 -0.713253 -0.698444 -0.0258193 -0.561416 -0.827131 -0.0150649 -0.222722 -0.974766 0.0935906 0.496022 -0.863251 -0.0297751 0.550159 -0.834529 -0.0298201 0.776693 -0.629174 0.820694 0.558976 -0.118352 0.89211 0.449301 0.0476216 0.901291 0.397282 0.172747 0.909591 0.315271 0.270646 0.915837 0.214071 0.339729 0.920425 0.101655 0.377471 0.813893 0.579296 0.0446665 0.680577 0.584094 0.442323 0.599767 0.275447 0.751271 0.92383 -0.0138433 0.382552 0.719799 -0.678678 0.145899 0.536112 -0.841648 -0.0648972 0.69784 -0.571545 -0.431689 0.818479 -0.197509 -0.539521 0.613037 -0.0422998 -0.788921 0.74759 0.132566 -0.650796 0.875886 0.224934 -0.426883 0.856218 0.364845 -0.365758 0.829417 0.491777 -0.264994 0.722071 0.646843 0.245374 0.564186 0.0543415 0.823858 0.926135 -0.124137 0.356179 0.939575 -0.207983 0.271924 0.957238 -0.254156 0.138205 0.931998 -0.362079 0.0166934 0.959924 -0.167713 -0.224538 0.906001 -0.0490656 -0.420423 0.797414 0.292135 -0.528004 0.865984 0.442514 -0.232924 0.639513 0.457299 0.617981 0.515974 -0.414711 0.749524 0.829416 0.397198 -0.392815 0.53609 -0.184013 0.823861 0.957884 -0.268867 -0.100837 0.805462 0.109455 -0.582452 0.686095 -0.517275 0.511567 0.934213 0.352694 -0.0534112 0.551455 -0.550513 -0.626764 -0.0783039 -0.962512 -0.259691 0.0610993 -0.819556 0.569733 0.819216 -0.557732 0.133493 0.817478 -0.468683 -0.334761 0.72767 -0.225197 -0.647906 0.850554 0.177788 -0.494924 0.278867 0.177362 -0.943809 0.583002 -0.0965042 -0.806719 0.372017 0.696304 0.613812 0.554534 -0.513661 0.654709 0.43695 0.419309 -0.795773 0.0764725 0.914372 0.397588 0.278971 0.728642 0.625505 0.145948 0.527404 0.836985 0.182036 0.263256 0.947396 0.659443 -0.0271858 0.751263 0.835292 -0.180946 0.519179 0.254881 -0.811774 -0.525413 0.86405 0.306034 -0.3997 0.85869 0.50964 0.054017 0.322669 0.52115 0.790118 0.29387 0.248558 0.922962 0.346847 -0.366932 0.863167 0.699756 -0.713624 0.0329012 0.9025 0.380603 -0.201583 0.503255 0.756273 0.418074 0.185022 -0.0911238 0.978501 0.260724 -0.943898 -0.202682 0.43311 0.636548 -0.63814 0.762906 0.248931 0.596664 0.64482 -0.744456 -0.173186 0.045562 -0.628085 -0.776809 0.115045 -0.993269 -0.0134393 -0.304233 -0.538853 0.785544 -0.230554 0.409242 0.882817 -0.682404 0.701708 0.204769 0.283684 0.957217 0.0570893 -0.117971 0.97907 -0.165845 0.0828431 -0.945155 0.31594 -0.317832 -0.020222 -0.947931 -0.790044 0.160863 -0.591569 -0.7155 0.42745 -0.552582 -0.0339695 -0.410207 -0.91136 0.355827 -0.776385 -0.520206 -0.458667 -0.858498 -0.229361 -0.757064 -0.032973 0.652508 -0.209491 0.217245 0.953372 0.0551991 0.836811 -0.544703 0.319294 -0.18789 -0.928843 -0.197889 0.478352 -0.855581 -0.440115 -0.897624 0.023866 -0.239103 -0.80779 0.538799 0.551092 0.443767 0.70666 0.151793 -0.773742 0.615047 -0.336529 -0.3638 -0.86856 -0.611949 0.184758 -0.769015 0.378713 -0.0556642 -0.923839 -0.609878 -0.523396 -0.595068 -0.87399 -0.12575 -0.469391 -0.200296 -0.0176452 -0.979577 -0.440531 -0.523795 0.72909 -0.151459 -0.276239 0.94908 0.308389 0.923066 -0.229882 0.222714 -0.921532 0.318085 -0.742012 -0.24035 0.625819 -0.470885 0.659925 0.585463 -0.652892 -0.303762 -0.693874 -0.842814 0.484289 -0.234794 0.252092 0.890387 0.379026 -0.301112 0.670861 -0.6777 -0.539868 0.730503 0.418219 -0.778649 -0.519569 -0.351786 -0.58511 -0.759358 0.284643 0.643772 0.5172 0.56397 0.269719 0.498034 0.824144 -0.380735 -0.924294 0.0268578 0.135086 -0.678395 -0.722172 -0.0665968 0.351856 0.933682 -0.392536 0.908899 0.140773 0.212842 0.927894 -0.306121 -0.0565742 0.411266 0.909758 -0.193223 0.904037 -0.381291 -0.212842 -0.927894 0.306121 -0.97064 -0.20657 -0.123237 -0.0674544 -0.996367 -0.0519831 0.478176 -0.778725 0.406122 0.0674545 0.996367 0.0519831 -0.478176 0.778725 -0.406122 -0.150015 0.415254 -0.897251 -0.157567 0.693581 0.702936 -0.193665 -0.458553 0.867308 0.246261 -0.641927 0.726144 0.176119 0.857781 -0.482902 0.00231747 -0.161408 -0.986885 -0.263024 -0.470004 -0.842564 -0.0681876 0.939986 -0.334331 -0.981385 0.188372 0.0374215 -0.367035 -0.736202 -0.568587 0.249193 0.89715 0.364726 -0.0779081 -0.342044 0.936449 -0.870204 0.0292108 -0.491825 0.240864 -0.339494 -0.909246 -0.108872 -0.442584 -0.890093 -0.159505 0.942824 -0.292644 0.771232 -0.190701 0.607317 -0.0883784 -0.313523 0.945459 0.94352 -0.331032 0.0136798 -0.646666 -0.548762 -0.529796 -0.209348 -0.961963 -0.175499 -0.0751905 0.990667 0.113692 0.31121 -0.6696 -0.674377 0.276759 -0.641077 -0.715839 -0.881569 -0.460609 -0.103325 0.463017 0.723118 0.512558 0.534019 0.713513 0.453567 -0.0224258 0.719677 0.693947 0.0658302 0.605755 0.792923 0.924288 -0.0374571 0.379854 0.903154 -0.192545 0.383717 0.755582 -0.346091 0.556163 0.310781 0.443677 0.840575 0.235748 0.93782 0.254789 0.296199 0.935306 0.193567 0.343312 0.723347 0.599087 0.966573 0.0716258 0.246184 0.0799628 0.775444 0.626333 0.92688 0.247665 0.282057 0.500005 0.319209 0.805047 0.446975 0.510112 0.734847 0.148986 -0.36542 0.918842 0.137624 -0.500735 0.85459 0.644505 0.591474 -0.484533 0.193943 -0.586088 0.786694 0.338697 0.794513 -0.504017 0.71462 0.549852 0.432414 0.42361 0.811545 0.402428 0.609377 0.715626 0.34138 0.138563 0.916091 -0.376268 0.674193 0.615358 -0.408408 0.676899 -0.381475 0.629511 -0.61257 -0.416999 0.671468 0.810188 -0.348086 0.471627 0.258936 -0.482862 -0.836539 0.702879 -0.54129 -0.461483 0.863492 0.162342 -0.477521 0.991665 0.0519688 0.1179 0.808387 -0.366587 -0.460569 0.752237 -0.654631 -0.0748191 0.16789 0.948287 -0.269378 0.974807 0.0603844 -0.214721 0.881642 -0.222621 -0.416111 0.999957 -0.00401054 -0.00840428 0.999997 -0.0021105 -0.00121067 0.999948 -0.00226792 -0.00994385 0.997722 -0.0253826 0.0625025 0.997203 -0.0439785 -0.060429 0.769372 -0.351856 -0.533165 0.917551 -0.321707 -0.233678 0.856424 -0.265845 -0.442567 0.760986 -0.504769 -0.407564 0.175114 0.248336 -0.952714 0.546168 0.210261 -0.810858 0.777807 0.225457 -0.586673 0.783307 0.35514 -0.510201 -0.0252785 -0.837879 0.54527 0.642674 -0.60796 0.466213 0.15734 -0.310714 0.937391 0.00191102 -0.505689 -0.862714 0.00131322 -0.812924 -0.582369 -0.00248217 0.693782 0.720181 0.0170872 0.674419 0.738151 0.0404248 0.32157 0.946022 -0.00379052 0.450428 0.892805 -0.000493622 -0.0958027 0.9954 -0.0588584 -0.491631 0.868812 0.276322 -0.5763 0.769107 0.00470749 -0.425821 0.904795 0.0492404 -0.802868 0.59412 -0.0718151 -0.833265 0.548191 0.0832489 -0.968668 0.233992 0.000541917 -0.972344 -0.233553 0.00495924 -0.98122 -0.192831 0.0626862 -0.983646 -0.168853 0.00228103 -0.129546 -0.991571 0.1848 0.315851 -0.930638 0.0206372 0.180723 -0.983318 -0.100071 0.561119 -0.821664 0.107382 0.690786 -0.715041 0.00169898 0.92894 -0.370227 0.0734276 0.909137 -0.409974 0.00184252 0.99997 -0.00756281 0.00769798 0.91569 0.401811 -0.000618402 0.956211 0.292678 0.0777418 0.871196 0.48474 0.00036438 0.999955 -0.00953252 0.0181047 -0.117628 -0.992893 0.592129 -0.598111 0.540043 0 -0.0964462 0.995338 0 0.236888 0.971537 -0.000346212 -0.814435 -0.580255 0.000658412 -0.507347 -0.861742 0.521961 0.178504 0.834082 0.261335 -0.405716 0.875841 0.0245352 0.545094 0.838016 0.3125 0.821919 0.476228 0.00220584 -0.808697 -0.588221 0.000628406 -0.80907 -0.587711 0.985061 0.0357442 -0.168458 0.768694 0.367211 -0.523704 0.850513 0.311677 -0.423656 0.992417 0.026116 -0.120111 0.917608 0.210496 0.337175 0.901226 0.233245 0.365224 0.987199 -0.0937492 0.129036 0.970641 0.141382 -0.194594 0.804895 0.348803 -0.480083 0.512988 0.507206 -0.692521 0.16167 0.579189 -0.799001 0.767006 -0.447407 0.459924 0.926208 -0.226306 0.301535 0.921966 -0.227633 0.313309 0.117838 -0.577557 0.807801 0.532643 -0.508077 0.676867 0.290499 -0.567859 0.77016 0.814576 -0.327301 0.478894 0.130258 0.586057 -0.799731 0.496825 0.514536 -0.698869 0.970643 0.141376 -0.194589 0.987198 -0.0937517 0.129038 0.611856 0.592744 -0.523724 0.71793 0.0603189 0.693497 0.917762 0.262294 0.298187 0.679558 0.606984 -0.412033 0.493589 -0.213697 0.843032 0.869329 -0.0882486 0.486291 0.97218 0.2338 -0.0142687 0.611694 0.59287 -0.523772 0.959057 0.160399 -0.233412 0.576058 0.479251 -0.662175 0.375857 0.559582 -0.738647 0.947339 0.186081 -0.26062 0.655771 -0.0659069 0.752078 0.910327 0.0963267 0.402525 0.995963 -0.0813161 0.038015 0.132381 0.906609 0.400669 0.071286 -0.331178 -0.940872 -0.470424 0.871301 -0.13977 0.0774473 0.738758 0.669506 -3.8687e-06 0.809025 0.587775 -0.0278378 0.717896 0.695593 -0.140889 0.852546 0.503305 1.28106e-06 0.809019 0.587782 -0.0985099 0.695047 0.712183 -0.144674 0.734476 0.663034 0.211902 0.559808 0.80107 0.543908 0.767715 0.338788 0.838764 0.4289 -0.33544 0.826771 0.0154585 0.562326 0.81917 0.0132572 0.573397 0.969984 0.11454 -0.214503 0.674467 -0.432206 0.598575 0.704949 0.42391 -0.568636 0.94898 -0.143055 0.28102 0.949541 0.184745 -0.253457 0.756171 -0.425912 0.496795 0.585459 -0.788792 0.187203 0.555099 -0.831379 0.0259685 0.876321 0.122373 -0.465926 0.756655 -0.160712 -0.633754 0.988296 0.132838 0.0750054 0.202383 -0.0484047 -0.978109 0.652527 0.652018 -0.38611 0.884821 0.442506 0.145878 0.383044 0.645662 -0.660604 0.999931 -0.00197525 -0.0115923 0.999422 -0.0143968 -0.0307981 -0.030541 -0.906963 0.420103 -0.987353 -0.151598 -0.0464012 0.465101 0.81111 -0.354656 0.462588 0.816109 -0.34638 1 0.000468386 0.000154409 0.999816 -0.00215107 -0.0190516 0.883542 0.463509 -0.0671763 0.684202 -0.409605 0.6034 0.0291315 0.693253 0.720106 0.229025 0.64972 0.724853 0.16322 0.673862 0.720604 0.0211354 0.660925 0.750155 -0.55876 0.722194 -0.407706 0.350154 0.641763 -0.682299 0.98527 -0.0427015 0.165589 0.535972 -0.506651 0.675307 0.79751 -0.470936 0.377089 0.967776 -0.151402 0.201215 0.835662 -0.365447 0.410021 0.791761 -0.472453 0.387174 0.88184 0.427485 0.199035 0.441096 -0.694148 0.568852 0.458773 -0.546475 0.700638 0.412507 -0.763254 0.497274 0.440552 -0.78504 0.435461 0.404159 -0.656679 0.636733 0.140019 -0.397741 0.906751 0.0275331 -0.197065 0.980004 0.0390014 -0.928635 0.368939 -0.0140626 -0.433051 0.90126 0.0119427 0.400242 0.916331 -0.0196574 -0.460784 0.887295 0.0515023 0.554199 0.830789 0.376486 0.454865 0.807067 0.241307 -0.193505 0.950961 0.261166 -0.923434 0.281179 0.00441003 -0.901872 -0.431981 0.503391 -0.82912 -0.243226 0.792861 -0.608168 0.0387551 0.768341 -0.632065 0.100726 0.498477 -0.8624 -0.088248 0.958804 -0.243169 -0.146844 0.153463 -0.446002 0.881778 0.341197 -0.88643 0.312772 0.441707 -0.877229 0.188053 0.423059 -0.906024 -0.0119419 0.354077 -0.791589 -0.498012 0.256421 -0.4413 0.859943 -0.018044 -0.99257 -0.120326 0.252402 -0.270016 -0.929185 0.515543 -0.827408 -0.222737 0.989666 -0.128681 -0.063262 0.993247 -0.111154 -0.0332549 0.991821 0.0725981 0.104983 0.981484 0.0658646 0.179866 0.812298 -0.159746 -0.560939 0.413294 -0.782159 -0.466279 0.402662 -0.632901 -0.661286 0.424609 -0.491048 -0.760644 0.415647 -0.640591 -0.645663 0.245823 -0.272924 -0.930099 0.431929 -0.25752 -0.864361 0.457026 -0.298267 -0.837952 0.511128 -0.337094 -0.790642 0.873993 -0.199076 -0.443288 0.941039 -0.105488 -0.321431 0.979612 -0.0921781 -0.178504 -0.049326 -0.889647 -0.453976 0.951443 0.0194373 0.307211 0.112014 0.263834 -0.958042 0.401194 0.0229401 -0.915706 0.419925 0.195207 -0.886317 0.426249 0.204724 -0.881136 0.41069 0.012619 -0.911688 0.439047 0.339613 -0.831806 0.916834 -0.0337673 -0.397839 0.959272 0.0706869 -0.273496 0.915369 -0.390298 0.0988311 0.988039 -0.131126 0.0811426 0.414994 -0.753079 0.510541 0.511289 -0.74839 0.422488 0.724632 -0.375843 0.577624 0.623664 -0.470741 0.624056 0.402086 -0.324095 0.856323 0.376015 -0.383543 0.843509 0.988523 -0.144463 0.0441988 0.999471 -0.0255103 -0.0201859 1 2.0635e-05 -6.31333e-06 0.938064 -0.033163 0.344871 0.999978 -0.00540333 0.00379113 0.861168 -0.372543 0.345835 0.939971 -0.170003 -0.295895 0.894701 0.0330729 -0.44544 0.338777 -0.746612 -0.572539 0.70251 -0.215033 -0.678411 0.380703 0.283362 -0.880211 0.378258 0.328076 -0.865614 0.925577 0.0347105 -0.376964 0.961752 -0.212497 0.172856 0.71806 0.586092 -0.375349 0.282989 0.253794 0.924936 0.450411 0.89226 -0.0316408 0.441884 0.400146 0.802884 0.351738 0.825772 0.440886 -0.216243 0.615427 0.75795 -0.561506 -0.646819 0.516077 0.0853976 0.329548 0.940269 -0.247279 0.591683 0.76731 -0.298769 0.318657 0.899553 0.0129779 0.72864 0.684774 -0.217334 0.66795 0.711764 0.541271 0.840847 0.00127036 0.00727923 0.560163 0.828351 -0.155569 0.726611 0.669204 0.0540621 0.652244 0.756079 0.256649 -0.414628 0.873049 0.999279 0.0129107 -0.0357148 0.950357 0.261252 -0.169023 0.893815 0.36135 -0.265559 0.678597 0.609871 -0.409346 0.881911 -0.393631 0.259399 0.679259 -0.604265 0.416498 0.970052 0.137843 -0.199999 0.975409 0.219814 0.0160974 0.239548 -0.808221 0.537955 0.995028 0.0624312 -0.0775958 0.924267 -0.281371 0.257994 0.69548 0.702708 0.15003 0.867168 -0.191711 0.459638 0.0696776 0.936763 -0.342959 -0.0811685 0.48386 -0.871373 -0.0123447 0.499881 -0.866006 0.0570683 -0.437604 -0.897355 0.273582 0.384461 -0.881671 0.37879 0.665416 -0.643225 0.457793 0.731133 -0.505837 0.437171 0.5012 -0.74678 0.41415 0.727397 -0.547151 0.782101 0.519452 -0.344221 0.669953 0.741309 0.0403069 0.425543 -0.74302 0.516561 0.754559 -0.422047 0.502512 0.754301 -0.361926 0.547758 -0.0562808 0.986091 -0.156387 0.382916 0.901125 -0.203344 0.0594393 0.46407 -0.883802 0.108683 0.903546 0.414478 0.117196 0.941498 0.315985 0.886408 -0.0413134 0.461057 0.556375 0.819065 0.139928 0.947476 -0.249078 0.200623 0.0795121 0.830352 -0.551538 0.253352 0.800882 -0.542587 0.293766 0.899769 -0.322672 0.480931 0.726983 -0.490102 0.545421 0.689055 -0.477199 0.611282 0.662935 -0.432263 0.490378 -0.719386 0.491949 0.97065 -0.19938 0.134486 0.987199 0.132225 -0.0891893 0.886957 0.382889 -0.258269 0.752279 0.550807 -0.361509 0.870208 0.490528 -0.0460518 0.525449 0.374699 -0.763874 0.946771 0.229047 -0.226192 0.987199 0.132228 -0.0891904 0.970641 -0.199412 0.1345 0.805545 -0.49124 0.331332 0.232586 -0.808792 0.540147 0.321212 0.786261 -0.527841 0.00177902 -0.558943 -0.829204 -0.000192312 -0.559294 -0.828969 0.000709792 -0.558804 -0.8293 0.00709524 -0.560655 -0.828019 0.79492 -0.504798 0.336572 -0.615321 -0.674032 0.40873 0.767034 0.540802 -0.345242 -0.963712 -0.209713 0.165168 0.999599 0.0272055 -0.00787797 0.999993 0.00144829 0.00356064 0.999993 0.00145835 0.00354968 -0.0359792 0.946813 0.319766 0.209936 0.95835 -0.193627 0.330223 0.412686 0.848907 0.211946 0.95318 -0.215702 -0.0176769 0.596296 0.80257 0.127768 -0.335592 0.933302 -0.101798 0.528244 0.842969 -0.0532933 0.67132 0.739249 -0.000233811 0.8258 0.563963 0.154763 -0.014275 0.987849 -0.0705681 0.0615244 0.995608 -0.204822 0.839074 0.503987 -0.0976215 0.672053 0.73404 -0.0884129 0.528927 0.84405 -0.0999636 0.524768 0.845356 -0.149664 0.684696 0.713297 -0.14148 0.827536 0.543293 0.428648 0.877903 -0.21342 -0.0240056 0.998578 0.0476035 0.0142409 0.962864 0.26961 0.0774064 0.96855 -0.236473 -0.044892 0.998687 0.0246619 0.643063 0.70486 -0.299402 -0.344142 0.707087 -0.617733 0.108764 0.676411 0.728449 -0.211812 0.976675 0.0352483 -0.21826 0.959009 -0.180733 -0.21677 0.951357 0.21893 -0.209409 0.953196 0.218096 -0.0578204 0.998309 -0.00602936 -0.621597 0.777049 -0.0990563 0.334196 0.862057 -0.381012 -0.00559879 -0.0200669 0.999783 0.032875 -0.147189 0.988562 0.0355335 0.286774 0.957339 -0.00523698 -0.0197436 0.999791 -0.203683 -0.312786 0.927728 0.0558101 0.272224 0.960614 0.247053 0.812928 0.527364 0.17922 0.880357 0.439149 -0.329185 0.000472478 0.944265 -0.301187 0.194588 0.9335 -0.32526 -0.281196 0.902848 -0.271515 -0.0168931 0.962286 0.381623 -0.510879 0.770303 0.19211 0.847075 0.495537 -0.257265 -0.0814758 0.9629 0.146783 -0.282927 0.947843 0.0175897 -0.0175992 0.99969 0.0209214 0.172034 0.984869 -0.20226 0.240539 0.949332 0.00850216 0.716624 -0.697408 -0.000985833 0.829987 -0.557781 -0.289033 0.902148 -0.320296 -0.0201474 0.497522 -0.867217 -0.00119922 0.721025 -0.692908 0.435138 -0.413984 -0.799545 0.15095 0.899344 -0.410358 -0.329301 0.678465 -0.656693 -0.32376 0.531273 -0.782897 -0.329826 0.778242 -0.534372 -0.325215 0.68022 -0.656914 0.0964734 0.994415 0.0427952 -0.0761059 0.717163 -0.692738 0.0756732 0.850378 -0.520703 -0.294792 0.655385 -0.695391 0.0278022 0.55528 -0.831199 -0.00289458 0.992203 -0.1246 -0.0347732 0.0065326 -0.999374 -0.0332136 0.137193 -0.989987 -0.105908 -0.186094 -0.976807 -0.0556987 -0.148696 -0.987313 0.00647936 -0.0223457 -0.999729 0.363353 -0.901782 -0.234018 0.483844 0.855831 -0.182889 -0.281426 -0.00765323 -0.959552 -0.53092 0.439869 -0.72432 -0.351 -0.264339 -0.898289 -0.216646 0.18874 -0.957832 -0.159612 0.0216064 -0.986943 -0.141921 -0.187806 -0.971899 0.152335 -0.277801 -0.948483 -0.656834 0.0810706 -0.749664 0.420401 0.392619 -0.817993 -0.051272 -0.691729 -0.720335 -0.0747629 -0.551504 -0.830815 -0.0699004 -0.837088 -0.542584 0.469274 -0.883052 -0.000140414 -0.049423 -0.692714 -0.719517 -0.0206872 -0.989658 -0.141947 -0.490032 -0.093229 -0.866705 0.598358 -0.306083 -0.74046 -0.0335597 -0.830183 -0.55648 -0.0397896 -0.708019 -0.705071 0.0377793 -0.480721 -0.876059 -0.0995205 -0.690215 -0.716728 -0.0902028 -0.834371 -0.543772 0.0840041 -0.99201 -0.0941262 0.00923192 -0.999764 -0.0196418 -0.0376387 -0.985102 -0.167802 -0.0323495 -0.986478 0.160667 -0.0174658 -0.999075 -0.0392879 -0.305945 -0.879805 -0.363788 -0.402841 -0.915143 -0.0152399 0.725918 -0.602649 0.331448 -0.457549 -0.832295 0.312945 -0.138676 -0.975821 0.168944 -0.135885 -0.990636 -0.0132625 -0.109687 -0.962987 -0.246222 0.0188269 -0.99876 0.046085 -0.0261071 0.67378 -0.738471 0.540866 -0.834156 -0.107927 0.487999 -0.785699 -0.380176 -0.0525923 -0.906188 -0.419592 0.974745 0.215763 0.0576017 0.942881 0.312783 0.114642 0.985276 0.159835 0.0606994 0.52309 -0.845618 -0.106334 0.997617 0.0504119 0.047114 0.936964 0.346312 -0.0465487 0.99984 0.0178848 0.000142698 0.902879 0.0487799 0.427118 0.893543 0.0176044 0.448633 0.438769 -0.896962 -0.0542297 0.598243 0.0997847 -0.795078 0.0318165 0.374251 -0.926782 0.936418 -0.0879535 0.339684 0.604695 0.606321 -0.516449 0.979709 -0.123007 0.158238 0.991637 -0.0909167 0.091593 0.177718 0.618824 -0.765163 0.750872 0.652087 -0.104751 0.518603 0.824058 -0.22799 0.999695 0.0229008 0.00924642 0.862212 -0.477008 -0.170452 0.999317 0.0313421 0.0195587 0.99808 0.0434197 0.0441779 0.992769 -0.066937 -0.0996472 0.998735 0.0201615 0.0460543 0.701571 -0.244117 0.669481 -0.0865352 -0.210161 -0.97383 0.287723 0.257993 0.92231 0.98964 -0.0870001 -0.114209 0.99937 -0.000201071 -0.0354817 -0.0167936 -0.351178 0.936158 0.985652 0.0564542 -0.159069 0.681626 -0.609708 0.404527 0.992242 0.0888695 -0.0869422 0.988005 0.107883 -0.110488 0.992627 0.0690153 -0.0996415 0.970957 0.111466 -0.211702 0.989369 0.0550943 -0.134584 0.981449 -0.0180987 -0.190866 0.999745 -0.0212004 0.00779145 0.866987 -0.46384 -0.182169 0.995168 -0.0962093 -0.0196234 0.994688 -0.101533 -0.0169588 0.998763 0.0494934 -0.00484625 0.942888 0.195229 -0.269902 0.977078 -0.162599 0.137402 0.987519 -0.0134866 0.156921 0.322462 -0.498336 -0.804785 0.998806 0.0382345 0.0303983 0.843984 0.535401 0.0321943 0.947176 0.320712 0.00153354 0.944564 0.320823 -0.0697999 0.995291 0.0884752 -0.0395898 0.675862 -0.73404 -0.066299 -0.12993 -0.507334 0.851898 -0.140075 -0.726124 0.673144 -0.0977405 -0.871147 0.481196 0.186293 -0.820469 0.540486 -0.0927393 -0.718841 0.688961 0.0201139 -0.99477 -0.10014 -0.000726287 -0.465772 0.884905 0.177251 -0.906443 0.383331 0.113368 0.224172 0.967933 -0.174428 -0.859577 0.480316 -0.00457848 -0.717324 0.696724 -0.0493202 -0.813248 0.579824 -0.0512464 -0.738404 0.672409 -0.919048 -0.0294293 0.393045 -0.465849 0.458175 0.757008 -0.915281 0.382599 0.126009 -0.454265 0.869646 0.193284 -0.487137 0.864805 0.121695 -0.856688 0.508291 0.087898 -0.442602 0.857351 -0.26278 -0.921152 0.376859 -0.0972429 -0.998355 -0.0177903 0.054509 -0.98189 0.188708 -0.0167857 -0.942208 0.263451 0.206971 -0.982785 0.176059 0.0560047 -0.935197 -0.343795 0.0849246 -0.459508 -0.272171 0.845444 -0.479898 0.253994 0.839753 -0.615186 0.686706 0.387274 -0.573087 0.673066 0.467497 -0.537917 0.807389 0.242423 -0.904983 -0.0722749 0.419264 -0.961066 0.109411 0.253734 -0.705906 0.56442 -0.427933 -0.904867 0.21867 0.365239 -0.957585 0.196819 0.21046 -0.930417 0.361966 -0.0574875 -0.901544 0.409787 0.1389 -0.69472 0.587953 0.414338 -1 -0.000212497 0.000136709 -1 -1.99222e-05 -4.0054e-05 -1 4.24233e-06 -4.40773e-05 -0.944299 0.31436 0.0973561 -0.999997 -0.00228075 0.000779467 -0.999994 0.00331493 0.00113139 -0.999981 0.00480147 -0.00391059 -0.999994 0.0019255 -0.00278116 -1 3.14729e-05 -6.07622e-05 -0.97907 0.064907 0.192894 -0.999999 0.000525497 0.00162611 -0.999994 0.0032662 -0.0015237 -0.993415 0.0586896 -0.0983964 -1 0.000164673 7.16002e-05 -0.999997 -0.00119917 0.00202603 0.857988 0.0907365 0.505592 -0.979292 0.0397155 0.19852 0.77805 0.0822827 0.622791 0.928045 -0.314651 -0.199319 -0.957259 0.215556 0.192847 0.884488 -0.443009 -0.146371 0.264657 0.22227 0.938378 0.89305 0.371751 0.2535 0.846297 0.319473 0.426284 0.885079 -0.420764 -0.198978 0.858654 0.47755 -0.18617 0.516963 0.810583 0.275144 0.679698 -0.661794 0.316291 0.269317 -0.684325 -0.677619 0.687461 -0.133991 -0.713753 0.999992 -0.00230371 0.00338065 0.999988 -0.000607881 -0.00492093 0.933399 -0.307542 -0.184889 1 -2.19088e-05 6.03448e-05 0.810747 0.436439 0.390142 -0.269317 0.684325 0.677619 0.795622 0.364683 0.483727 -0.342209 -0.423044 -0.839003 0.929442 -0.365626 -0.0495545 0.997762 0.0456283 0.0488753 -0.533247 0.421749 -0.733332 0.586161 -0.234296 0.775578 0.269317 -0.684325 -0.677619 -0.680232 0.301468 -0.668132 0.999565 0.0224049 0.0192021 0.906887 0.220931 -0.35881 0.999946 -0.00543402 0.00882526 0.958318 0.284808 -0.0226088 1 9.74047e-05 -6.51489e-06 1 0 0 -0.089798 -0.635747 -0.766657 0.089798 0.635747 0.766657 -1 0.000304141 -0.000795741 -0.999973 -0.00669372 0.00314672 -0.999953 0.00966572 0.000608832 -0.999937 0.0100485 -0.00500134 -0.9999 -0.0130761 -0.00545329 -0.999847 -0.0047266 -0.0168554 0.999952 0.00322407 0.00930661 -0.999198 0.0283165 -0.0283236 -0.999511 -0.0151631 -0.0273443 -0.991051 -0.123963 0.0495117 -0.999982 0.0046638 0.00389438 -0.999988 -0.00142567 0.00477527 -0.999919 0.0125943 0.00186143 -0.999942 -0.00417434 -0.0099561 -0.999957 -0.00593988 -0.00713882 -0.99694 -0.026882 0.0734092 -0.999894 0.0144131 -0.00195511 -0.990578 -0.00667455 -0.136784 -0.999988 0.00296836 -0.00385226 -0.996539 -0.0211178 0.0804043 -1 0.000344004 0.000183291 -0.999989 0.00203257 -0.00431105 -0.999989 0.00276726 0.00388156 -0.999869 -0.0110221 0.0118566 -0.999999 0.00140979 -0.00056144 -0.999999 -0.00130535 -0.000256334 -0.999708 -0.00979221 -0.0221004 -0.99955 -0.0099136 0.0283227 -0.999862 0.0116141 0.0118996 -0.999955 0.00763378 -0.00562415 -0.999992 0.00258502 -0.00309415 -0.999927 -0.00898763 -0.00802968 -0.866372 -0.370976 -0.334332 -0.999954 0.00495486 0.00825421 -0.999981 0.00613932 -0.00105115 -0.996879 -0.0203164 0.0762799 -0.999941 0.00452876 -0.00991267 -0.999508 0.0302374 -0.00828418 -0.999042 -0.035498 -0.0256107 -1 0.000153242 -0.000315127 -1 0.000451642 -9.40779e-05 -0.981704 0.0597497 0.180795 -1 -0.000109985 0.000107201 -1 0.000199756 -8.98806e-05 -1 -0.000213602 0.000364518 -1 0.000388014 0.000417158 -1 -9.04558e-05 -0.000710693 -0.999972 0.00488006 -0.00562593 -0.999453 -0.0214885 -0.0251487 -0.999977 -0.00257972 0.00623618 -0.999978 -0.00289165 0.00594083 -0.999273 0.0126339 0.0359774 -0.999976 0.00477578 0.00509641 -0.999995 0.0023867 0.00206539 -0.999998 -0.000505472 -0.00180914 0.771699 -0.302584 0.559396 -1 -3.25611e-05 2.13099e-05 -1 -0.000835706 6.7813e-05 -1 0.000310956 -0.000295583 -1 -0.00010948 0.000428846 -1 0.000280661 -0.000400679 -1 0.000155201 -9.99152e-05 -0.999761 -0.0218334 -0.000532866 0.999761 0.0218334 0.000532866 -1 0.000518705 0.000412678 -0.999418 0.0113618 -0.0321649 -0.999427 0.0331594 -0.00673081 -0.997908 -0.0520295 -0.038363 -0.999995 0.000279361 -0.00325441 -0.996106 -0.0809247 0.035 -1 -5.63795e-05 -0.000366129 -0.996585 0.0707548 -0.0425691 -0.999948 0.00878511 0.00516383 -0.973507 0.227424 -0.0237003 -0.999999 0.00118243 -0.000926221 -0.999984 -0.00562167 0.000754988 -0.999988 -0.00195813 0.00440886 -1 -0.000116479 5.17488e-05 -0.493347 0.0567798 -0.867977 -0.866219 0.0769521 0.493704 -0.990214 0.0035325 0.139514 -0.820515 0.0844811 0.565348 -0.727493 0.357701 0.585495 -0.996834 0.0537418 -0.0585937 -0.951265 0.162057 -0.262361 -0.996637 0.0594589 -0.0563862 -0.599199 0.668599 -0.440382 -0.997298 0.0658776 0.0325065 -0.720664 0.601892 -0.344049 -0.828504 0.318594 -0.460521 -0.651538 -0.0989911 -0.75213 -0.382207 -0.0508767 -0.922675 -0.694237 0.205717 -0.689721 -0.953186 0.121368 -0.27696 0.382207 0.0508767 0.922675 -0.865924 -0.0996272 -0.490154 -0.378134 -0.663875 -0.645201 -0.981997 -0.12387 -0.142609 -0.558888 0.384336 -0.734799 -0.885795 -0.416594 0.20449 -0.980911 0.149523 -0.124319 -0.968108 0.174909 0.179371 -0.993843 -0.0555762 -0.0958502 0.998537 -0.0487229 -0.0234703 -0.999528 0.0158841 0.0262921 -0.985906 -0.103105 0.131751 -0.775924 0.600351 -0.193703 0.899287 0.428504 -0.087566 -0.840003 0.533892 -0.0967161 0.115255 -0.478914 0.870263 -0.942685 -0.172037 0.285917 -0.952243 -0.183622 -0.24396 -0.979976 -0.126238 -0.153981 -0.999789 -0.0195291 0.00635235 0.830712 0.401487 0.38565 0.996438 -0.0524865 -0.0660022 -0.957404 -0.266971 0.110019 -0.980685 0.0144489 -0.195059 -0.984294 -0.127134 -0.122487 -0.903973 -0.0969257 -0.41646 -0.973952 -0.0271423 -0.225123 -0.953503 0.297123 -0.0505049 -0.71621 0.697859 0.00602484 -0.973863 -0.205813 0.096085 -0.629708 -0.765601 0.131617 -0.999503 -0.0309785 0.0058157 -0.999487 -0.0315809 0.0053569 -0.583238 0.195009 0.788546 0.209842 0.180573 0.960916 -0.5896 0.79943 -0.115256 -0.871218 0.482232 -0.0918196 -0.765716 0.633081 -0.113524 -0.733055 -0.163658 -0.660186 0.207303 -0.179717 -0.961627 -0.889223 -0.0679953 -0.452392 -0.951744 0.0416705 0.304052 -0.983781 0.0816119 0.159732 -0.98487 -0.171823 -0.022522 -0.987713 0.0777548 0.135566 -0.926986 -0.373735 0.0319263 -0.897988 -0.439056 0.0290993 -0.513263 -0.00383175 0.858223 0.990852 -0.0329753 -0.130863 0.91089 0.0860705 -0.403574 0.989682 -0.0293707 0.140237 -0.955552 -0.209077 0.207861 -0.999794 0.0166927 0.011528 -0.879709 0.444975 0.167659 0.574388 -0.680555 -0.45489 -0.574388 0.680555 0.45489 0.993053 0.112291 -0.0351626 -0.993053 -0.112291 0.0351626 0.144066 0.869597 0.472278 -0.239877 -0.288691 0.926885 -0.207022 -0.146043 -0.967374 0.598076 0.119756 0.792442 0.189466 -0.972874 -0.132734 0.0447931 0.090351 -0.994902 0.0144179 0.747974 0.663572 0.0984995 -0.850824 -0.516135 0.0936677 0.677759 -0.729294 0.161921 0.938822 0.303966 -0.1397 0.444189 0.884974 0.152966 -0.916071 -0.370695 0.240126 0.268785 0.932788 0.00915574 -0.28928 -0.957201 0.00355302 -0.276976 -0.96087 0.000842533 -0.166263 0.986081 -0.0227728 0.999211 -0.0325354 -0.54064 0.243521 0.805236 0.148002 -0.988682 0.0245529 0.134974 0.988205 -0.072343 -0.116948 0.590647 -0.798411 -0.226149 -0.579408 0.783034 -0.413094 -0.176195 0.893481 -0.5828 -0.0765853 0.808999 -0.148076 -0.920565 0.361434 -0.821309 -0.197075 0.535363 -0.655952 -0.365494 0.66041 -0.437577 -0.848398 0.297904 0.0661557 -0.52025 0.851448 0.210093 -0.882987 0.419756 -0.484582 -0.874744 0.00157354 0.466702 -0.859835 0.207057 -0.954376 0.161633 0.25108 -0.67981 -0.723377 0.120767 -0.710533 -0.690239 0.136794 0.00793504 -0.937943 -0.346699 -0.713812 0.304546 -0.630654 -0.987692 -0.0575743 -0.145432 -0.715765 -0.0271204 -0.697815 0.138863 -0.820113 -0.555096 -0.0146305 -0.896551 -0.442698 -0.807252 -0.0471899 -0.588318 0.0916822 -0.315182 -0.944592 0.232807 0.874985 -0.424504 -0.324082 -0.44794 -0.833259 -0.147947 0.363411 -0.919807 -0.188556 0.682664 -0.705986 -0.77017 0.355014 -0.529908 -0.625253 0.666279 -0.406363 -0.648942 0.682554 -0.336145 -0.127562 -0.638977 0.758575 -0.651481 0.675423 -0.345509 -0.117522 0.936229 0.331156 -0.110647 0.980384 -0.163109 0.845802 -0.24759 0.472566 -0.772315 0.55796 0.30366 -0.184443 0.91927 0.347741 -0.979378 0.128496 0.155907 -0.20568 0.907997 0.365017 -0.407668 -0.361412 0.838563 -0.0283396 0.164287 0.986005 -0.181944 -0.646156 0.741201 0.0691008 -0.997435 -0.0186508 0.0711536 -0.607233 -0.791331 0 -0.678032 -0.735032 0 -0.130489 -0.99145 0.0734985 -0.0559508 -0.995725 0.00120171 0.687732 -0.725963 0.0709468 0.744106 -0.664284 -0.0345432 0.794639 0.606099 0.0694121 0.718468 0.692088 0.0710432 -0.0931285 0.993116 -0.0290832 0.0295039 0.999142 0.0667007 -0.636579 0.768322 0.173777 0.476361 0.861906 -0.0785627 0.50004 0.862432 0 0.535876 0.844297 -0.0415392 0.212828 0.976206 0.0259307 0.181719 0.983009 -0.168703 0.529281 0.831505 0.122493 0.202711 0.971547 -0.041967 -0.518634 0.853966 -0.0277852 -0.382536 0.923523 0.0867034 -0.447308 0.890167 0.10398 -0.343579 0.93335 0.0630772 -0.834963 0.54668 0.0304818 -0.832611 0.553019 -0.016313 -0.811347 0.584338 -0.0186645 -0.980899 0.193623 0.040423 -0.947077 0.31845 0.101441 -0.955961 0.275406 0.171017 -0.935904 -0.307957 -0.0157213 -0.969016 -0.246497 -0.00898504 -0.970157 -0.24231 0.0677865 -0.81421 -0.576599 0.0628978 -0.813935 -0.577541 0 -0.258073 -0.966125 -0.0486687 -0.393985 -0.917827 -0.00314106 -0.341659 -0.939819 0.127371 -0.345003 -0.929919 0.0710256 0.228476 -0.970955 0.0403874 0.219287 -0.974824 -0.0129007 0.17032 -0.985304 0.0013268 0.554377 -0.832265 0.11636 0.52234 -0.844761 0.139152 0.900165 -0.412723 -0.0115964 0.885587 -0.464328 -0.00021582 0.882466 -0.470376 -0.0366024 0.975391 -0.217422 -0.00910497 0.98583 0.167503 0.0912837 0.977846 0.188373 -0.0378424 0.997407 0.0612162 0.0603953 0.873767 0.482581 0.0764222 0.901631 0.4257 0.140544 0.883839 0.446179 0.0452794 0.923914 -0.379913 -0.0315495 0.543112 -0.839067 -0.0396158 0.403951 -0.913922 -0.0850627 -0.345236 -0.934653 0 -0.762731 -0.646716 0.0913126 -0.93475 -0.343372 -0.355871 0.206788 0.91137 0.00412459 -0.686306 0.727301 -0.0129717 -0.179454 0.983681 0 0.658214 0.752831 2.55741e-05 0.794201 -0.607655 0.0030937 0.0154634 -0.999876 -0.00828578 -0.542201 -0.840208 0.0154034 -0.998097 -0.0597148 -0.986985 -0.151774 0.0531524 -0.226115 0.776611 -0.588003 0.226115 -0.776611 0.588003 -0.429463 -0.898556 -0.0903216 0.434128 -0.815686 0.382347 -0.434128 0.815686 -0.382347 -0.703159 -0.683244 0.196839 -0.703129 -0.594894 0.3895 -0.703139 -0.453652 0.547536 -0.703141 -0.272107 0.656925 -0.70309 -0.066389 0.707995 -0.703036 0.145255 0.696162 -0.703103 0.343965 0.622362 -0.703062 0.512159 0.493352 0.848498 0.485603 0.210336 0.0402807 0.998534 -0.0361678 0.0162811 0.999155 -0.0377387 0.00804995 0.983589 -0.180242 0.989869 0.129191 -0.0588936 -0.995185 0.0333726 -0.0921586 -0.998795 0.00997836 -0.04806 -0.696655 -0.192531 -0.691089 -0.702955 -0.432969 -0.564262 -0.702976 -0.58003 -0.41157 -0.703147 -0.675418 -0.22225 -0.703208 -0.71086 -0.0132939 -0.703169 -0.710898 -0.0132929 -0.703039 -0.675521 -0.222278 -0.702975 -0.580031 -0.41157 -0.702566 -0.433217 -0.564557 0.99485 -0.0352558 -0.0950283 0.990847 -0.00757336 -0.134779 -0.968858 0.244119 0.0414783 -0.703049 0.634836 0.320478 -0.703096 0.512134 0.49333 -0.703023 0.344006 0.622429 -0.70309 0.145242 0.69611 -0.703147 -0.0663863 0.707939 -0.703158 -0.272101 0.65691 -0.703126 -0.453659 0.547546 -0.70316 -0.59487 0.389482 -0.703185 -0.683219 0.196831 -0.999543 0.0291614 0.00799489 -0.999763 0.0217642 0.000407016 -1 0 0 -1 0.000119563 0.00090709 -0.999987 0.00278663 0.00422461 -1 0 0 -1 0 0 -1 0 0 -1 0 0 -1 0 0 -1 0 0 -0.999201 0.0338851 -0.0212105 -1 0 0 -0.999671 0.0214656 -0.0140543 0.919601 0.301641 -0.251689 -0.999997 0.00125009 -0.00222884 -1 0 0 -1 0 0 -1 0 0 -0.994655 0.101202 -0.0204731 -0.998805 0.0333421 -0.0357217 -1 0 0 -1 0 0 -0.954712 0.1975 -0.222528 -1 0 0 -1 0 0 -1 0 0 -1 0 0 -1 0 0 -1 0 0 -0.999964 -0.00826315 0.00177127 -0.99999 -0.0036574 -0.00242421 -0.906717 0.185561 -0.378722 -1 0 0 -0.994757 0.0568837 -0.0849864 -0.999297 0.0157207 0.0340472 -0.999947 0.00628894 0.008196 -0.999463 -0.0137366 -0.0297502 -0.902902 0.204324 -0.378179 -0.92267 -0.317095 -0.219388 -0.962081 -0.272705 -0.00565299 -0.979409 -0.174443 0.101622 -0.993075 -0.0693086 0.0948587 -0.976851 -0.0751011 0.200303 -0.985565 -0.0464525 0.1628 -0.989496 0.0584851 0.1322 -0.960402 0.0182102 0.278021 -0.946873 0.234277 0.220331 -0.824486 0.504275 -0.256767 -0.752444 -0.0495614 -0.656789 -0.783341 -0.35161 -0.512589 -0.752248 -0.607442 0.255221 -0.742893 -0.394922 0.540506 -0.6423 -0.107237 0.758914 -0.651634 0.627377 0.426346 -0.378771 0.701959 -0.603146 -0.583279 0.240672 -0.775798 -0.673976 -0.0462335 0.737305 -0.449922 0.361312 0.816715 -0.146911 0.798581 -0.583682 -0.176291 -0.73006 -0.660253 -0.0689297 -0.67492 0.734664 -0.198849 -0.978834 0.0484043 -0.955992 -0.293381 0.00281229 -0.0192453 -0.116458 0.993009 -0.109717 -0.321767 0.94044 -0.0132217 0.397944 -0.917314 -0.666402 0.58757 0.458989 -0.536764 0.288244 0.792969 -0.576717 -0.22832 -0.78439 -0.778305 0.313638 -0.543942 -0.73656 0.664646 -0.125402 -0.604518 0.79591 0.0329471 -0.752857 0.633501 0.178558 -0.617976 0.660731 0.426075 -0.742042 -0.157345 0.651626 -0.729772 -0.397177 0.556492 -0.734067 -0.616421 -0.284906 -0.81052 -0.397712 -0.429979 -0.825372 -0.232855 -0.514333 -0.656892 0.169256 -0.734742 -0.834776 0.227424 -0.501426 -0.964779 0.262571 -0.0160543 -0.991205 0.121198 0.0531479 -0.888799 -0.359186 0.284645 -0.896341 -0.4049 -0.180634 -0.918843 -0.086371 -0.385054 -0.964255 0.0857688 -0.250713 0.012597 0.968557 -0.248474 -0.0254379 0.727372 -0.685772 -0.0309865 0.373698 -0.927033 0.000268056 0.101768 -0.994808 -0.0365078 -0.1221 -0.991846 0.00187902 -0.410091 -0.912043 -0.021061 -0.461758 -0.886756 -7.76707e-05 -0.667705 -0.744426 0.00988619 -0.871709 -0.489924 -0.0179849 -0.967981 -0.25038 0.0165201 -0.999075 -0.0396907 -0.0301504 -0.993298 0.111578 -0.0132688 -0.829114 0.558922 0.00245706 -0.843795 0.53666 0.00113834 -0.594715 0.803936 -0.00931969 -0.130723 0.991375 -0.0010703 0.355219 0.934783 -0.00637066 0.688283 0.725414 0.00674997 0.657089 0.753783 -0.0289663 0.522434 0.852187 0.0194814 0.971589 0.235872 -0.0378128 0.992223 -0.11859 -0.000531521 0.981575 0.191077 -0.00364731 0.839868 0.542779 -0.00257408 0.151536 0.988448 0.00797398 -0.980363 0.197038 -0.0300917 -0.736858 -0.675378 -0.470203 -0.808772 0.353267 -0.991144 -0.132213 -0.0123714 -0.314959 -0.819567 -0.478655 -0.680376 -0.33848 -0.650015 -0.262624 0.594354 0.760113 -0.991144 0.0222693 -0.130911 -0.271118 0.443872 -0.854092 -0.990392 0.118002 -0.0721089 -0.035298 0.939306 -0.34126 -0.0300926 -0.981812 -0.187458 -0.97024 0.206028 0.127227 -0.70514 0.488049 0.514378 -0.979176 0.0439248 0.198205 -0.107854 -0.0173992 0.994015 -0.162524 -0.265082 0.95043 -0.975378 -0.176853 0.131757 -0.853629 -0.451792 0.259233 -0.269001 -0.480548 0.834693 -0.148073 -0.299576 0.942512 -0.181961 0.296075 -0.937673 -0.705149 0.370592 0.604505 -0.0763955 0.917393 0.39058 -0.260893 0.639813 -0.722893 -0.110354 -0.27447 -0.955243 -0.680379 -0.540259 -0.495182 -0.348168 0.552453 0.757347 -0.820238 -0.563923 0.0959229 -0.98316 0.170923 -0.0646742 -0.99605 -0.0885191 -0.00696635 0.997898 -0.0244575 0.0600057 -0.981647 0.179769 -0.0636578 0.997327 -0.0299717 -0.0666395 0.945212 -0.286898 -0.15577 0.994232 0.0782134 -0.0733837 0.638355 0.156706 0.753622 0.983903 0.171347 0.0507543 0.990815 -0.0315546 -0.131491 0.998964 -0.035252 -0.0287618 0.997898 0.0642914 -0.00809338 0.991027 0.11357 -0.0704819 -1 0 0 -0.0373109 -0.996944 0.0686278 0.0338634 -0.996346 -0.0784113 -0.037672 -0.918562 -0.393479 0.0151957 -0.878719 -0.477097 0.0291556 -0.608525 -0.792999 -0.0257743 -0.687624 -0.725609 0.0327413 -0.233225 -0.971872 -0.0302355 -0.308707 -0.950677 0.0333183 0.179918 -0.983117 0.030248 0.564932 -0.824583 0.0490722 0.84865 -0.526674 -0.0310902 0.955122 -0.294576 0.0359171 0.991529 -0.12482 0.001891 0.967324 0.253537 0.0195734 0.958638 0.283955 -0.0257153 0.86228 0.505779 0.0422108 0.760612 0.647832 -0.0389103 0.455063 0.889609 0.0667136 0.0455516 0.996732 -0.0242783 -0.29966 0.953737 0.0288345 -0.377282 0.92565 0.0278561 -0.728981 0.683967 0.0523914 -0.94135 0.333341 -0.0504619 -0.80555 0.590375 -0.0157812 0.995667 0.0916417 -0.0485671 0.661257 -0.748586 0.0301418 0.184051 -0.982455 0.458154 -0.677306 0.575632 0.685017 -0.725456 -0.0668254 -0.542807 0.757387 -0.36294 -0.366199 0.929557 -0.0426854 0.350307 -0.584703 -0.731715 0.458124 -0.677093 0.575905 -0.639872 0.766962 0.0482957 0.284018 -0.433925 -0.85501 -0.622088 0.779815 0.0699564 -0.570034 0.68455 0.454371 0.0829822 0.619367 0.780704 0.395476 -0.715723 0.575622 0.0939685 0.868515 0.486673 0.526078 -0.233733 -0.817686 -0.0285668 0.962363 -0.270261 0.101604 0.405071 0.908622 0.055441 -0.635418 0.770176 -0.0937063 -0.972715 -0.212236 0.0944459 -0.735344 -0.671081 0.0205603 0.686562 -0.72678 0.0263691 -0.337734 0.940872 -0.00642395 0.432601 0.901563 -0.17348 -0.678115 0.714188 -0.292862 -0.837322 -0.461653 -0.219607 0.0404543 0.974749 0.0825538 -0.0226087 -0.99633 -0.0671112 0.40034 -0.913906 -0.324639 -0.227706 -0.91802 -0.299571 0.72274 -0.622819 -0.12599 0.878284 0.461241 0.135352 -0.914557 0.381137 0.00204305 -0.960435 0.278497 -0.0873985 -0.344261 0.934797 0.162703 -0.0777125 0.98361 0.135973 0.964607 0.225932 0.482806 0.590289 -0.646883 0.162734 0.805213 -0.570218 -0.00320772 0.963919 -0.266178 -0.197681 0.361482 0.911182 -0.119869 0.48798 0.864585 -0.154099 -0.247413 -0.956577 -0.970942 0.239254 -0.00532275 0.330146 0.285103 -0.899844 -0.0874056 -0.883866 -0.4595 0.139883 -0.771732 0.620373 0.0121866 -0.309931 -0.950681 0.249892 -0.941028 -0.228079 -0.209972 -0.912311 0.351567 -0.310209 0.735258 -0.602633 -0.563944 0.00709094 -0.825783 -0.605472 -0.780361 -0.156333 -0.677935 0.718345 0.156159 -0.0344614 0.623775 0.780844 0.0444356 0.0666553 0.996786 0.14991 -0.081436 0.98534 0.052244 -0.631464 0.773643 -0.12509 -0.10139 -0.986951 0.127647 0.765925 -0.630131 -0.179163 0.0131969 -0.983731 0.0935652 -0.911498 -0.400521 -0.0328876 -0.955993 0.291542 -0.000392079 -0.96622 0.257717 0.0214115 -0.649196 -0.76032 0.0517282 -0.9212 -0.385635 0.153199 -0.66897 0.72733 0.0276317 -0.38254 0.923526 0.0538913 0.065938 0.996367 -0.0478463 0.747324 0.662734 0.0374007 0.965642 0.257172 0.0574435 0.969471 -0.238384 0.0016799 0.829915 -0.557888 0.088249 0.107126 0.990321 0.247966 0.230612 -0.94092 0.0474885 -0.955767 0.290266 0.0351042 0.353977 -0.934595 0.442746 0.131897 -0.886893 0.420576 -0.0784641 -0.903858 0.237888 -0.525268 -0.817008 0.638104 -0.0365218 -0.769083 0.274729 0.177752 -0.944949 0.220436 -0.343082 -0.913073 -0.0604618 0.997603 -0.0336462 0.285731 -0.495107 0.820504 0.414513 0.364364 -0.833917 0.233446 -0.626844 0.74335 0.465812 -0.882893 -0.0593293 -0.0628591 -0.848799 -0.524966 0.227077 -0.973392 0.0307303 0.74451 0.563563 -0.357913 0.376493 0.782447 0.496014 0.540611 -0.621527 -0.56696 0.320154 0.916525 -0.239757 0.0504105 0.3822 -0.922704 0.205916 -0.11481 -0.971811 0.224269 -0.590325 -0.775384 0.255963 -0.965352 0.0507862 0.258191 0.760179 0.596209 0.139223 0.972876 0.18474 -0.025072 0.26199 0.964745 0.225873 -0.858358 -0.460656 0.171815 -0.14166 -0.974891 0.204125 0.479727 -0.853344 0.23905 0.704893 -0.667818 -0.11185 -0.755635 -0.645372 -0.0381062 0.256553 0.965779 0.133125 -0.512037 0.848585 0.00341345 0.901355 -0.433068 0.299964 -0.203201 0.932057 0.349246 0.83864 -0.417984 0.495104 0.436321 -0.751329 0.502765 -0.137775 -0.853373 0.701589 -0.541851 -0.462784 0.643768 -0.765057 0.0158157 0.44074 -0.757739 0.481228 0.579592 -0.380954 0.72038 0.553849 0.19718 0.808932 0.538704 0.664255 0.518231 0.489031 0.853563 0.179663 0.371001 0.920873 0.119799 0.316983 0.615065 0.721954 0.461182 0.254226 0.850106 0.534325 -0.357534 0.765942 0.381462 -0.759741 0.526574 0.370831 -0.895948 -0.244463 0.45453 -0.455883 -0.765227 0.660599 -0.0196575 -0.750482 0.502112 0.438236 -0.745542 0.471408 0.830262 -0.297387 0.139466 0.501795 -0.853669 -0.0223595 -0.0261776 -0.999407 0.0505581 -0.499575 -0.864794 0.0871032 0.177633 0.980234 0.355025 0.926373 0.125661 0.00206847 0.825663 0.56416 0.247898 0.643289 0.72438 -0.0614254 -0.432211 0.899678 0.24014 -0.795661 0.556109 0.181067 -0.948787 -0.25888 0.0834066 -0.478006 -0.874387 0.0182276 2.12457e-05 -0.999834 0.205783 0.554648 -0.806237 0.039658 0.722672 -0.690053 0.294547 0.878718 -0.375628 -0.326659 0.305334 0.894464 -0.0805688 -0.422732 0.902666 -0.21191 -0.912024 0.351149 -0.186353 -0.882296 -0.432235 0.996279 0.0822564 -0.0257377 0.779409 -0.26723 0.566666 0.955958 -0.284884 0.0706149 0.981683 -0.17966 0.0634047 0.982384 0.17607 0.0626254 0.898211 -0.399982 -0.182293 0.97614 -0.173496 -0.130572 0.994145 0.103105 0.0323295 -0.111684 0.973157 -0.201228 0.934833 0.0301058 -0.353809 0.949826 0.308114 0.0538211 0.801073 -0.0905545 -0.591677 0.986068 -0.164917 -0.0217488 0.949056 -0.0774956 0.305428 0.805624 0.193956 0.559777 0.993208 -0.116324 -0.00240595 0.992053 0.117681 0.0445118 0.929357 -0.249707 0.271923 0.970171 -0.0250889 0.241121 0.965083 0.16554 0.203006 0.946117 -0.0437852 -0.320851 0.989261 -0.140442 0.0404737 0.989878 -0.0959916 0.104532 0.992565 0.0409131 0.114636 0.990101 0.125784 -0.0622831 0.992958 -0.0663552 -0.0981355 0.986182 -0.146435 -0.0774679 0.980711 0.195273 -0.00862464 0.970908 0.216252 0.102827 0.993591 -0.112074 -0.0147345 0.983565 0.100586 -0.14994 0.995538 -0.0603155 -0.0725642 0.995091 -0.0231084 -0.0962304 0.999062 0.0294347 -0.0317617 0.990155 0.0556335 -0.128447 0.988683 0.130061 -0.0747692 0.906843 0.378749 0.184893 0.953893 -0.0494878 0.296038 0.959118 -0.278407 0.0508108 0.956101 -0.0317834 0.291308 0.969286 -0.245936 0.000625592 0.992884 -0.0873245 0.0809627 0.0321317 -0.880679 -0.472623 0.0156767 -0.610831 -0.791605 0 -0.233498 -0.972357 0.435616 0.204525 -0.876589 0.690172 0.36169 -0.626772 0.439263 0.76754 -0.46683 0.452247 0.887745 -0.0859107 0.662182 0.717382 0.216516 0.450557 0.340847 0.825119 0.643597 0.0111848 0.765283 0.439292 -0.652071 0.617921 0.443365 -0.856415 0.26454 0.442327 -0.650554 0.617354 0.435896 -0.309537 0.845093 0.642139 0.330023 0.691913 0.452674 0.68508 0.570746 0.581789 0.806381 -0.106171 0.453671 0.759857 -0.465618 0.439625 0.50869 -0.740246 0.607943 0.144762 -0.780673 0.432009 -0.282027 -0.856638 0 -0.608772 -0.793345 0.00319684 -0.878802 -0.477176 0.0886169 -0.992369 -0.0857333 0.886628 -0.422305 0.188545 1 0 0 1 0 0 0.886613 0.0488206 0.459928 1 0 0 1 0 0 0.886614 -0.210401 0.411883 0.881252 -0.459171 -0.11206 1 0 0 1 0 0 0.756173 0.597523 -0.266774 0.422902 0.714053 -0.557927 0.734085 0.492571 -0.467433 0.733883 0.30901 -0.60492 0.522857 -0.0899776 -0.847658 0.484771 0.0616106 0.872469 0.686694 -0.312957 -0.656133 0.623373 -0.615174 -0.482667 0.619733 -0.742343 -0.254672 0.720662 -0.687355 0.0904996 0.360503 -0.684021 0.634155 0.776318 -0.537462 0.329341 0.22762 -0.464876 0.855617 0.593298 -0.455907 0.663436 0.0174125 -0.0338054 0.999277 0.593225 -0.146778 0.791543 0.42258 0.140917 0.895303 0.537556 0.513293 0.669002 0.860464 0.504789 0.069213 0.160807 0.867385 0.47094 0.226453 0.97102 0.0764139 -0.416639 0.886706 0.200409 -0.626513 0.356136 0.693288 0.474439 -0.859662 0.189447 0.187004 -0.3549 -0.916011 -0.619762 0.145922 -0.771104 0.0113127 0.998166 -0.0594658 -0.285115 -0.855692 -0.431858 1 -0.000863329 -0.000206582 0.999996 -0.00239076 -0.0014946 1 0.000468229 -9.25479e-05 0.999999 -0.000627414 0.00138838 1 0.000378401 -0.000117034 0.999998 -0.002107 0.000661013 0.999999 -0.000338288 0.00160986 -0.979131 0.198433 -0.0439008 0.988725 -0.0736134 -0.130401 -0.988725 0.0736134 0.130401 1 -5.86422e-05 -0.000168752 1 0.00023812 0.000236456 1 -0.000118955 1.69938e-06 1 0.000223189 0.000183633 0.99998 -0.00424832 0.00460546 0.999993 -0.00177279 0.00316297 0.997611 0.0679621 0.0123752 0.985893 -0.147181 -0.0797031 0.99631 -0.0633087 0.0579439 1 -0.000226011 -0.0003399 0.995955 0.00268072 -0.0898112 0.982897 0.0541584 0.17601 0.999998 0.00188063 0.000105307 1 0.000419069 0.000477156 1 -4.8855e-05 -0.000869531 1 0 0 1 -0.000545992 0.000539003 1 0.000291464 -8.39718e-05 1 0.000187423 0.0001302 0.998886 -0.0405602 -0.02412 1 0.000126003 0.00016421 0.99555 -0.0939743 0.00695495 0.992956 0.11314 0.0351807 0.999981 0.00513304 -0.00329224 -0.613468 0.170381 0.771121 0.613468 -0.170381 -0.771121 1 -0.000138003 -0.000200569 1 -0.000331411 -5.63218e-05 1 -4.76521e-05 0.000882619 1 -1.30387e-05 0.000262104 1 -8.31386e-05 0.00012711 1 0.000293809 -0.000116868 1 0.00033569 0.000342058 1 -0.000225309 4.70078e-05 1 -0.000226 0.000103676 0.999389 -0.0201414 0.0285727 0.999996 0.00195644 0.0019553 1 0.000180845 -0.000684027 0.999993 0.000965561 -0.00356896 0.994474 -0.10423 -0.0125203 0.9999 0.00274106 -0.0138916 0.999912 -0.012646 -0.00410476 1 -0.000306372 -0.000790307 0.999963 -0.00861926 4.12035e-05 0.999927 0.00618064 0.0103694 0.999871 0.00160733 0.0159888 0.999996 0.00266047 0.000513402 0.999963 0.00804717 -0.00300446 0.999995 -0.000956143 0.00299256 0.999998 -0.00197485 -0.000157189 0.999989 -0.00179379 -0.00440804 0.999998 0.00135085 -0.0012072 0.999998 -0.000635111 -0.00171607 1 0.000436471 -0.000502266 0.999998 0.00167071 0.000634859 0.999999 -9.79852e-05 -0.00167272 0.999787 -0.010462 0.0178116 0.979131 -0.198433 0.0439008 1 -0.000885915 5.94795e-06 0.0876072 0.995981 0.0186222 0.0820467 0.947788 0.308166 0.157549 0.804193 0.573107 0.157503 0.601165 0.78345 0.16092 0.343335 0.925325 0.121903 0.0556565 0.99098 0.52312 -0.0564876 0.850385 -0.00316238 -0.240709 0.970592 0.157519 -0.509663 0.845832 0.157497 -0.736336 0.65803 0.157479 -0.897584 0.411756 0.158826 -0.966495 0.201647 0.365747 -0.929259 -0.0520344 0.158824 -0.985754 0.0553518 0.157493 -0.973568 -0.165414 0.0240248 -0.892435 -0.450535 0.173795 -0.709256 -0.683192 0.0126966 -0.483668 -0.875159 0.158373 -0.44197 -0.882938 0.157739 -0.201734 -0.966655 0.157409 0.0922286 -0.983217 -0.0077324 0.382664 -0.923855 0.158746 0.446929 -0.880371 0.159379 0.629857 -0.760183 0.147958 0.78044 -0.607472 0.158813 0.861187 -0.482841 -0.000229079 0.83662 -0.547783 0.157496 0.948927 -0.273374 0.157554 0.948914 -0.273385 0.157415 0.630426 -0.760121 0.158823 0.299261 -0.94086 0.157746 0.092141 -0.983172 0.157565 -0.201698 -0.966691 0.189526 -0.709551 -0.678687 0.448961 -0.844147 -0.293 0.158779 -0.966498 0.201671 0.157496 -0.89758 0.411759 0.157515 -0.736331 0.658032 0.187512 -0.500587 0.845134 0.157479 0.342757 0.926131 0.157503 0.601165 0.78345 0.310493 0.795608 0.520194 0.341739 0.915741 0.211264 0.158031 0.987412 -0.00662946 0.979999 0.194808 -0.0406488 0.911945 0.409697 0.0224456 0.980101 0.198185 -0.0111284 0.817135 0.551695 0.167102 0.968311 0.227003 -0.104135 0.959991 0.276075 0.0469065 0.982555 0.138669 -0.123922 0.910147 0.393739 -0.128852 0.990303 -0.0845737 -0.110218 0.990858 -0.0469299 -0.126481 0.910909 0.354621 -0.210924 0.769966 0.532594 0.351421 0.968752 -0.156231 0.192643 0.915652 -0.353299 0.191732 0.989488 -0.11746 -0.0843566 0.979375 -0.0817427 -0.184777 0.981635 0.098458 -0.1634 0.950656 0.276955 0.139817 0.81993 0.369923 0.436888 0.93466 0.164867 0.315008 0.886236 -0.0641029 0.458777 0.903267 -0.181193 0.388944 0.986684 -0.136076 0.0890967 0.96359 -0.256934 0.0740197 0.986119 -0.166028 -0.00197564 0.981113 -0.124924 -0.147685 0.991291 -0.0073845 -0.131483 0.933106 0.238598 -0.269044 0.950095 0.150898 0.273039 0.86622 0.0298383 0.498771 0.956547 -0.11158 0.269385 0.985634 -0.157737 0.0603784 0.98428 -0.168121 -0.05411 0.977691 -0.0274163 -0.20825 0.987504 0.037934 -0.152958 0.944175 0.237272 0.228553 0.937062 -0.0326094 0.347638 0.987563 -0.157195 -0.00293913 0.973182 0.0394208 -0.226634 0.990253 0.0284536 0.136342 0.964092 -0.169435 0.204494 0.938152 0.147781 -0.3131 0.896918 -0.411063 -0.162992 0.899807 -0.37947 -0.215291 0.0366351 0.414928 -0.909117 -0.735577 0.106561 -0.669008 -0.900555 -0.117924 -0.418444 -0.866468 -0.337114 -0.368222 -0.372463 -0.121133 -0.920108 -0.56784 -0.531601 -0.628457 -0.915521 -0.385999 -0.113253 -0.625716 -0.315582 -0.713363 -0.506557 -0.718749 -0.476236 -0.947625 -0.163595 -0.274305 -0.85972 -0.510759 0.00260588 -0.790353 -0.612609 -0.00728971 -0.468202 -0.85019 0.240758 0.345732 -0.90782 -0.237345 0.139055 -0.859204 0.492373 -0.400953 -0.614841 0.679123 -0.28142 0.104659 0.95386 -0.670871 0.300491 0.677966 -0.278632 0.933675 -0.224979 0.465664 0.846491 -0.258091 -0.399236 0.315666 -0.860793 -0.207266 0.100853 -0.973072 0.408877 -0.181754 -0.894307 -0.423454 -0.51962 -0.742079 0.148559 -0.705931 -0.692526 -0.782649 -0.527884 -0.329848 -0.559031 -0.81692 -0.141866 -0.800316 -0.564619 0.201744 -0.693603 -0.344119 0.632849 0.986211 -0.160558 0.0401124 -0.253031 -0.161911 0.953813 0.0844268 0.130325 0.98787 -0.247423 0.365655 0.897262 -0.325289 0.603301 0.728159 0.503551 0.722291 0.47406 -0.29587 0.9552 0.00737463 -0.33021 -0.397927 0.855929 0.382759 -0.439132 -0.812809 0.950234 0.234174 -0.205471 0.826745 0.481884 -0.290312 0.850896 0.348862 -0.392774 -0.784616 0.263554 -0.561174 -0.731943 0.0406531 -0.680153 -0.177832 -0.262484 -0.948408 -0.820375 -0.482328 -0.307156 -0.881293 -0.44824 0.14968 -0.722507 -0.0555457 0.689128 -0.868232 0.368167 0.332604 0.890051 0.436173 0.132524 0.252533 0.966093 -0.0537805 -0.772562 0.214314 0.597677 0.510042 -0.858925 0.0458817 -0.396334 0.416422 -0.818237 -0.134623 0.678559 -0.722104 0.134623 -0.678559 0.722104 0.123401 0.890505 0.437919 -0.123401 -0.890505 -0.437919 -0.103179 -0.606705 0.788202 0.103179 0.606705 -0.788202 -0.141996 0.955956 0.256877 0.141996 -0.955956 -0.256877 0.999893 0.0142345 0.00349383 0.343887 -0.205353 -0.916282 0.999989 -0.00358098 -0.00297378 0.472546 0.867351 0.156212 0.999974 0.00661072 0.00296748 0.18158 0.128341 0.974965 0.963035 0.105482 0.247864 0.952883 -0.144486 -0.266718 0.776255 -0.24686 -0.580076 0.983648 0.10125 0.148948 0.982823 -0.0593614 0.174743 0.99927 0.00498716 0.0378859 0.999902 0.00450268 0.0132393 0.99988 -0.000539527 0.0154978 0.999967 0.00599248 0.00542215 0.999994 -0.00158785 -0.00304239 0.995356 -0.084398 0.0462886 0.543331 0.619238 -0.566864 0.355983 0.387659 0.850292 0.91448 -0.366753 0.170933 0.989403 0.128287 -0.0680039 0.997091 0.049193 -0.0582267 0.914354 -0.36465 -0.17603 1 0 0 0.983725 -0.17497 -0.0408718 0.881967 -0.370624 -0.291155 0.999957 -0.00905032 -0.0020991 0.991665 -0.0996884 -0.0816244 0.999644 -0.0211673 0.0162625 0.890497 -0.431193 -0.145217 0.999545 -0.0210255 -0.0216331 0.684928 -0.14168 -0.714703 0.692675 -0.227534 0.68442 1 -5.08756e-06 -7.08343e-05 0.865413 0.346596 0.361843 0.620127 0.20535 0.757148 1 0 0 0.999841 -0.00232576 -0.0176658 0.999829 -0.0100544 -0.015536 0.999997 0.00177218 -0.00167035 0.999703 -0.00389773 -0.0240499 0.999866 -0.00229795 -0.0162191 0.999977 0.00630784 -0.00246787 0.154263 -0.973579 0.168364 0.999977 0.00629366 -0.0023899 0.99989 0.00775554 -0.0126789 0.999617 -0.0220381 -0.0167671 0.999925 -0.0121595 0.00160086 0.999852 -0.0171527 0.00111494 0.999969 -0.00335117 0.0070573 0.999973 -0.0069734 0.00243011 0.999974 0.00662726 0.00300432 0.999554 0.0295976 -0.0038966 0.999859 0.015378 -0.00673078 0.342111 0.93468 0.0966114 -0.343887 0.205353 0.916282 -0.0361096 0.432196 0.901057 0.0247978 0.315275 0.948676 0.0931242 0.614158 0.783669 0.137338 0.604751 0.784484 -0.0423475 0.804243 0.59279 0.183614 0.776892 0.602267 -0.0542436 0.427729 0.902278 0.00559064 -0.628762 0.777578 0.138845 -0.382423 0.913496 -0.0543017 -0.179567 0.982246 -0.0358428 -0.184279 0.98222 0.0318921 -0.0448714 0.998484 0.0130151 -0.406249 0.91367 -0.0897686 -0.613549 0.784537 0.135087 -0.501163 0.854744 0.0333381 -0.918967 0.392922 -0.0953562 -0.92513 0.367479 0.0500336 -0.987926 -0.146622 0.00539558 -0.99143 0.130526 0.0218525 -0.917632 0.39683 -0.240657 -0.913188 0.328894 0.237984 -0.966876 0.0922719 -0.0974371 -0.980807 -0.168888 0.111853 -0.65444 -0.747795 0.0278665 -0.309559 -0.950472 -0.0357997 -0.431946 -0.901188 -0.248106 -0.368676 -0.895836 -0.159629 -0.639716 -0.751852 0.154977 -0.597887 -0.786456 0.0683865 -0.801334 -0.594296 -0.0882266 -0.816494 -0.570573 0.124897 0.990977 -0.0486289 0.0424209 0.623869 -0.780377 0.0636984 0.389863 -0.918667 0.0514414 0.194313 -0.97959 -0.336463 -0.0559841 -0.940031 0.0632824 0.0613794 -0.996106 -0.100406 0.152921 -0.983125 -0.015917 0.403086 -0.915024 -0.00805114 0.618999 -0.785351 0.0712723 0.441297 -0.894526 -0.0642452 0.940599 -0.333387 0.0364185 0.989009 0.143297 0.0703549 0.986355 0.148845 -0.0120668 0.991373 -0.130517 0.105335 0.910852 -0.399066 0.112554 0.91066 -0.397531 0 0.93107 -0.36484 0 0.991674 -0.128775 -0.399774 0.305826 0.86409 -0.343887 0.205353 0.916282 -0.846302 0.356627 0.395715 -0.613558 -0.416582 0.670825 0.338278 -0.277815 -0.899104 -0.0957526 -0.959223 0.265936 -0.61667 0.598739 -0.511107 0.855687 0.0940235 0.50888 0.149475 0.0341755 -0.988175 -0.865413 -0.346596 -0.361843 -0.620127 -0.20535 -0.757148 -0.124897 -0.990977 0.0486289 -0.331504 -0.652571 -0.681363 0.0263511 -0.381179 -0.924126 -0.236354 0.674051 -0.699851 0.881967 -0.370624 -0.291155 0.310202 0.0334662 0.950082 -0.0719034 0.390839 -0.917646 -0.143399 0.605465 0.782847 0.143399 -0.605465 -0.782847 -0.776255 0.24686 0.580076 0.666312 -0.118874 -0.736136 0.979489 0.113277 0.166641 1 -3.00769e-05 -0.000172679 -0.985588 0.0678117 -0.154975 -0.983538 -0.149451 0.101575 -0.847556 0.0165343 -0.530449 -0.519496 -0.0601878 -0.85235 -0.67902 -0.125971 -0.723231 -0.999621 -0.00598561 -0.0268885 -0.569444 -0.0537573 -0.82027 -0.992503 -0.0506016 -0.11125 -0.999839 -0.00443633 -0.0173805 -0.999973 0.00216807 0.00705685 -0.99244 -0.0542404 -0.110095 -0.986675 -0.0362221 -0.158619 0.999435 0.0329919 -0.0064131 -0.9819 -0.184781 0.0415856 -0.828367 -0.539067 -0.152364 -0.999956 -0.00826727 -0.00451151 -0.994483 -0.0642487 -0.0829165 -0.59355 0.766035 -0.246758 -0.980787 0.0980826 -0.168631 -0.492773 -0.866845 -0.0758616 -0.291442 -0.931723 -0.216691 0.619097 -0.746684 0.243274 -0.876905 0.274482 0.394584 0.821454 -0.569926 -0.0199501 -0.998288 -0.0546794 0.0207825 -0.994388 -0.062946 0.0850274 -0.904145 -0.388749 0.177187 -0.997712 -0.0331885 0.0589025 -0.911023 -0.323538 0.255656 -0.999925 -0.00769679 0.00950638 -0.850904 0.00601898 0.525287 -0.4504 0.116547 0.885188 -0.978216 -0.0669406 0.196499 -0.951737 0.120182 0.282405 -0.666312 0.118874 0.736136 -0.99749 0.0419664 0.057024 -0.999969 0.00343838 0.00714244 -0.999926 -0.00765662 0.00948743 -0.94742 -0.280954 0.153166 -0.999336 -0.00672812 0.0358004 0.502682 0.457539 0.733464 -0.981638 0.170429 0.08568 -0.981303 0.139537 -0.132563 -0.999512 0.00407754 0.0309694 0.947917 -0.131784 0.289976 -0.998436 0.00778562 0.0553548 -0.989527 0.0890551 0.113603 0.996424 0.0805289 0.0255711 -0.991657 0.0999374 0.0814187 -0.998248 -0.0511755 -0.0297079 -0.948931 0.276508 0.151898 -0.99967 0.0228603 0.0116965 0.98704 0.142817 -0.0731852 -0.988929 0.146915 0.0208609 -0.99721 -0.00603181 0.0743972 0.896993 -0.425474 -0.119897 -0.793751 0.573212 0.203442 -0.998611 0.0523011 -0.00633347 -0.768671 0.467965 -0.436066 -0.998543 0.0535193 -0.00688618 -0.998131 0.0562113 -0.0239728 -0.999997 -0.00213046 -0.000787331 -0.92241 0.300489 -0.242625 -0.996196 0.0802044 -0.0340583 -0.939338 0.261042 -0.222488 -0.373305 0.781519 0.499871 -0.913625 0.392207 -0.107063 -0.138881 0.659689 -0.738595 -0.999863 0.0102374 -0.0129887 -0.997332 0.016928 -0.071008 -0.98583 -0.157391 -0.0580333 -0.315491 0.842667 0.436323 -0.464602 -0.88066 0.0926482 0.696472 0.660477 0.280529 0.112723 0.958753 -0.260934 0.892831 0.0925152 0.440787 0.53444 -0.602576 0.592686 -0.130711 -0.982172 -0.135106 -0.989047 -0.125045 0.0784209 -0.258658 -0.490624 0.832096 0.432808 -0.689152 -0.58116 0.48291 0.745855 0.4588 0.960157 0.278896 -0.017734 -0.999997 0.00229698 0.000191168 -0.0105823 0.974627 0.223584 -0.0371498 -0.881338 -0.471023 -0.191606 -0.97958 0.0609058 -0.163082 -0.920062 0.356217 0.0501855 -0.998736 -0.00272853 0.0572221 -0.996415 0.0623068 0.00673867 -0.999393 0.0341724 -0.817276 0.502611 0.281855 -0.0450773 -0.996017 -0.0769267 0.137068 -0.954724 0.264035 0.351869 0.935994 -0.0102135 0.255293 0.959944 -0.11547 -0.30091 0.916864 -0.262323 -0.278871 0.95821 0.0637585 -0.337176 -0.9345 -0.114118 -0.29451 0.948308 0.118217 0.0763091 0.985112 -0.15405 -0.0163925 0.981242 0.192081 -0.0368585 -0.851837 0.522508 0.451274 0.374593 0.809958 0.980427 0.066488 -0.185315 0.00145783 -0.998981 -0.0451128 -0.193274 0.935879 -0.294577 -0.328572 0.931194 -0.157856 -0.186157 -0.967389 0.171766 -0.0376753 -0.285543 0.957625 0.00230758 0.999684 -0.0250381 -0.0140381 -0.994256 0.106108 0.567042 -0.810985 -0.144108 0.466892 0.884283 0.00743525 0.421884 0.904454 -0.0630648 0.232222 -0.972093 0.0332941 -0.0629407 -0.95152 0.301078 -0.044579 0.945372 0.322932 -0.083892 0.95712 0.277279 0.0923035 0.985574 -0.141861 0.111881 0.987687 0.109347 0.447076 0.844135 -0.295904 0.150693 -0.983612 -0.0989951 0.362901 -0.884054 -0.294535 0.372176 -0.883051 -0.285841 0.561259 0.798279 -0.218494 0.548779 -0.746404 -0.376461 -0.573572 0.757815 -0.311017 -0.35686 0.876729 -0.322486 -0.432607 -0.869278 -0.239179 0.355368 -0.725711 0.589116 -0.34312 0.728285 -0.593186 -0.81662 -0.532588 0.222447 -0.291559 -0.838756 -0.459872 -0.188128 -0.959487 -0.209742 -0.730144 -0.663428 0.163564 0.286575 0.873725 -0.393038 -0.255059 -0.145475 0.955919 0.0516546 -0.978842 0.19799 0.0239273 -0.99509 -0.0960335 -0.00902324 -0.935614 -0.352909 0.135963 -0.844485 0.518034 -0.0105043 -0.941482 0.336899 0.0234726 -0.986467 0.162274 0.550581 -0.032951 -0.834131 0.0441831 0.223351 0.973736 -0.0280232 0.980973 0.192113 0.0376201 0.955112 -0.293846 -0.0113305 0.964256 -0.26473 0.165605 0.986147 0.00945707 0.0128314 0.957795 0.287166 0.558162 0.799737 -0.221077 -0.737855 -0.651084 0.17793 0.35175 -0.934559 0.0535768 0.413117 0.825252 0.385089 0.314017 -0.841486 -0.439653 0.326932 0.944917 -0.0157101 0.476367 0.840696 -0.257496 0.825521 -0.443197 -0.349416 0.233635 0.220725 -0.94694 -0.534453 -0.190917 -0.823353 -0.935631 -0.347183 0.063707 -0.248863 -0.952366 -0.176254 -0.453325 -0.748437 -0.484086 -0.357295 0.790165 0.497975 0.708421 -0.333026 0.622281 -0.994412 0.0579933 0.088208 -0.845522 -0.435879 0.308386 -0.92392 -0.375039 0.0756148 0.223633 -0.488036 -0.843688 -0.527983 0.848435 0.0373019 0.101878 -0.988478 0.11195 -0.000894183 -0.937391 -0.348278 -0.0362443 -0.710976 -0.702281 -0.145535 -0.916224 0.373301 0.000894183 0.937391 0.348278 0.0146179 0.943761 0.330306 -0.0651691 0.997547 0.0255526 -0.0228457 0.980928 -0.193024 -0.0371041 0.853061 -0.520491 0.0293913 0.910131 -0.413278 -0.0622062 0.997683 0.0275708 0.106097 -0.905869 0.410056 0.916167 0.382868 -0.118535 -0.0670278 -0.93347 0.352337 0.98066 0.1924 0.0359007 -0.181135 -0.978718 -0.0964436 0.916284 0.400376 0.0110643 0.334753 0.8617 -0.381332 0.833281 0.540183 0.117668 0.481144 0.371645 0.793965 -0.957231 -0.275947 0.0869657 -0.356051 -0.934186 -0.0228805 -0.106903 -0.907591 0.406017 -0.959991 -0.266164 0.0870318 -0.212032 -0.88832 0.407345 -0.155588 0.941732 -0.298215 -0.0716439 0.800998 -0.594365 -0.711225 -0.27675 0.646196 -0.159896 -0.937366 0.309481 0.0873562 -0.994546 0.0569767 0.102564 -0.976615 -0.188953 0.121288 -0.837433 0.532912 -0.220238 -0.654532 0.723245 0.321283 0.6427 -0.695496 -0.0808121 0.993795 0.0764218 0.0959062 0.955576 0.278705 -0.0679795 0.970665 -0.230626 0.0140993 0.999185 -0.0378302 0.984159 0.169068 -0.0533541 -0.151998 -0.939895 0.305769 -0.118568 -0.988508 -0.0937739 0.985303 0.167883 0.0315056 0.944756 0.32754 -0.012401 0.309167 0.850417 -0.425683 0.210505 0.847859 -0.486645 0.172406 0.74688 0.642221 -0.367417 0.82787 -0.423834 -0.302541 0.900172 -0.313304 -0.181651 -0.980111 -0.0799069 0.910942 -0.21184 -0.353988 0.221883 -0.827355 0.515995 -0.489884 -0.823058 -0.287383 -0.673231 -0.691747 0.261241 -0.626759 0.651618 -0.42728 0.276468 -0.937679 0.210532 0.0241633 -0.663759 0.747557 -0.0272217 -0.863793 0.503111 0.280846 0.945507 -0.164748 -0.00935097 0.999738 0.0209168 -0.0723668 0.883049 -0.463667 -0.0497204 0.821431 -0.568136 0.0602391 0.998049 -0.016435 0.51271 -0.687187 0.514686 -0.32854 -0.887437 0.323292 0.388055 -0.91271 0.127962 0.34544 -0.93673 0.0566343 0.331258 -0.939664 -0.0854345 0.112237 -0.993546 0.0163927 0.304595 0.781094 -0.545081 -0.728384 -0.674573 0.120032 -0.331014 0.797783 -0.503957 -0.148644 -0.988748 -0.0168276 -0.404005 -0.818298 0.408862 -0.284242 0.873071 -0.396173 -0.300193 -0.948935 -0.0969869 -0.364637 -0.922201 0.128787 -0.334726 -0.885332 0.322717 -0.0549756 -0.854753 0.516116 -0.0139676 0.975041 0.221583 0.728384 0.674573 -0.120032 -0.328001 -0.938089 0.111374 -0.0203614 -0.855626 0.517194 0.0952062 -0.983485 0.153924 0.0220704 -0.947002 -0.32047 0.0349116 -0.772765 0.633732 0.535008 0.824569 -0.183989 0.114183 0.992908 -0.0330902 0.0164541 0.998656 -0.0491445 -0.0908388 0.924504 -0.370191 0.0868197 0.948381 -0.305016 -0.163496 0.853262 -0.49519 0.269692 -0.668827 0.692774 0.245577 0.964762 -0.0944826 0.209623 0.961288 0.178842 0.432517 -0.864606 0.255706 0.275474 0.699721 -0.659169 0.88904 -0.265249 0.373162 0.121032 0.63558 -0.762489 0.0141475 -0.906287 -0.422427 -0.734838 -0.675893 0.0564026 -0.541498 0.708568 -0.45245 -0.191249 -0.900788 0.389879 -0.135809 0.931073 -0.338613 -0.0425849 -0.998918 0.0186676 -0.86863 0.313049 -0.384035 -0.664365 0.699865 -0.262311 -0.63886 0.145223 -0.755492 -0.34782 -0.883966 0.312452 -0.411086 0.635107 0.653947 0.393817 0.125179 -0.910625 -0.301964 0.386157 0.871608 0.679936 0.724759 0.111405 0.298984 -0.924416 0.236779 0.115774 -0.56412 0.817536 -0.254299 -0.83928 0.480564 -0.253954 -0.341788 0.904814 0.389933 0.388937 -0.834673 0.0683003 0.155777 0.985428 0.0223582 0.980946 -0.192989 0.051422 0.972721 -0.226209 -0.131001 0.886359 -0.444079 -0.0738403 0.860717 -0.5037 0.461894 -0.663991 0.588023 0.260093 -0.93996 0.220966 0.346865 0.707469 -0.61577 0.210473 0.635191 -0.743124 0.202645 -0.482957 0.851873 0.647158 -0.756017 0.0981087 -0.885351 -0.244477 -0.395455 -0.232901 0.695128 -0.680114 -0.146315 -0.883308 0.445374 -0.685291 -0.710099 0.161664 0.220133 -0.519466 0.825649 -0.828027 0.310717 -0.466718 -0.465277 -0.880605 0.0897289 -0.283731 0.467855 -0.837024 0.880544 0.24049 0.408421 -0.889193 0.456628 0.0287487 0.0498405 -0.707596 0.704858 -0.025666 -0.644588 0.764099 0.107563 -0.261232 0.959264 0.0431588 -0.940647 0.336631 -0.0291271 -0.835553 0.548637 0.00910691 0.98246 -0.18625 -0.0446669 0.967842 -0.247563 0 0.894312 -0.447443 0 0.78642 -0.617692 -0.0269046 0.766336 -0.641876 -0.0842731 0.550238 -0.830744 -0.0180425 0.664806 -0.746799 -0.0495118 0.692534 -0.719684 0.0276149 0.908399 -0.417191 0.975455 0.171092 -0.138619 0.0510574 -0.816435 0.575176 -0.901205 -0.327393 0.283979 0.651095 -0.601242 0.463232 0.269244 -0.945588 0.182679 0.35875 -0.924716 0.127277 0.926438 0.342094 -0.15711 0.978645 0.161654 -0.126971 0.98746 0.135245 -0.0814314 -0.972254 -0.162596 0.168182 -0.958632 -0.240713 0.151927 -0.90012 0.368238 -0.232774 -0.432259 -0.875009 0.217972 -0.531429 -0.556861 0.638349 -0.972281 -0.134542 0.191226 -0.38141 -0.891094 -0.245924 -0.170392 -0.926755 0.334802 -0.175408 -0.771276 0.611854 -0.977213 -0.150212 0.149969 -0.0170401 -0.79803 0.602376 0.0252031 -0.82439 0.565461 -0.0781122 -0.955416 0.284743 0.00228926 -0.988761 0.149489 0.0438598 -0.697374 0.715364 -0.114463 -0.231594 0.966055 -0.18614 -0.551852 0.812903 0.0697056 -0.92377 0.376551 0.208472 0.662119 -0.719818 -0.0188602 0.980281 -0.196708 -0.0211285 0.90582 -0.423135 -0.0102799 0.909661 -0.415224 -0.0109851 0.783161 -0.621722 -0.0193189 0.980385 -0.196142 0.237326 0.546538 -0.803102 0.995048 0.0872593 -0.0475886 0.996432 0.077777 -0.0327681 0.947716 0.306112 -0.0901602 0.995534 -0.0304086 -0.0893741 0.994389 0.0958434 -0.0447712 0.264355 0.673043 -0.690745 0.18221 0.533171 -0.826153 0.595969 0.787139 0.158849 -0.993479 -0.0769006 0.0841784 0.329057 -0.86085 -0.388149 0.330371 -0.859767 -0.38943 -0.417472 0.590116 -0.691 -0.970066 -0.226919 0.0864898 -0.947096 -0.320885 0.00639144 -0.940497 0.152034 0.303893 -0.98865 -0.146677 0.0325073 -0.994643 -0.0850447 0.058763 -0.40526 0.610206 -0.680744 -0.991885 0.0100279 -0.126743 -0.442885 -0.602448 -0.664009 -0.356984 -0.220956 0.907602 0.992491 0.0734593 -0.0978069 -0.120219 -0.974976 0.187001 0.164627 -0.819634 0.548724 0.136722 -0.532272 0.83546 0.33225 -0.782546 0.526529 -0.0627834 0.63096 -0.773271 0.212625 0.732871 -0.64629 0.293953 -0.734836 0.611234 0.231252 -0.732761 0.639987 0.42328 0.895545 -0.137238 0.433838 0.889554 -0.143102 -0.312913 0.605344 -0.731877 -0.51093 -0.624322 0.590908 -0.16751 0.597532 -0.784153 -0.866145 0.381155 0.323287 0.351681 -0.772001 0.529467 -0.352748 0.776192 -0.522585 -0.300237 0.786588 -0.539571 0.104169 -0.764621 0.636005 -0.216346 0.524296 -0.823594 -0.278296 0.595098 -0.75393 0.764569 0.420419 -0.488551 -0.451826 -0.336162 0.826346 -0.0717818 0.90095 0.427944 -0.0260744 0.984194 0.175162 -0.146055 0.971896 -0.184624 0.310444 -0.0649287 -0.948372 0.890413 0.0938233 0.445378 -0.0415958 -0.215458 0.975627 0.0255178 0.118972 0.99257 0.0838289 0.0882293 0.992567 0.00636841 0.410468 0.911853 -0.004263 0.624728 0.780831 -0.0514015 0.570686 0.819558 0.999742 -0.0216495 -0.00684782 0.517646 0.26365 0.81396 0.997106 0.00213113 -0.0759947 0.148922 -0.214515 -0.965301 0.511258 0.176344 0.841141 0.136809 -0.209089 -0.968279 0.0494484 -0.553326 -0.831496 -0.0296987 -0.627212 -0.778282 0.113562 -0.878207 -0.464603 -0.305706 0.723001 0.619527 -0.0193053 -0.403349 -0.914842 0.832557 0.407636 0.375074 0.0402187 -0.868621 0.493842 -0.0587763 -0.828969 0.556198 -0.0215612 -0.422528 0.906093 0.15583 -0.646399 0.746917 0.0918829 0.529519 -0.843307 0.612568 -0.477959 0.629536 0.466587 -0.289805 0.835649 0.350259 0.917451 0.188689 -0.0402187 0.868621 -0.493842 -0.0720164 0.357362 -0.931185 0.0821137 0.211645 -0.973891 0.0504255 0.556747 -0.82915 0.323096 -0.387399 0.863441 0.174538 -0.229486 0.957535 0.485242 -0.219466 -0.846389 0.40282 -0.68174 0.610711 0.0684581 -0.251736 -0.965372 0.526338 -0.372003 -0.76458 -0.15714 0.429111 0.889478 0.0733748 0.112552 -0.990933 0.320769 -0.512772 -0.796349 -0.143575 0.433595 0.889596 0.0687391 -0.120079 0.990382 0.058484 0.610053 0.790199 0.28155 0.177568 0.942974 0.3231 -0.521656 -0.789609 0.490091 0.795537 -0.356274 0.0185927 0.783048 -0.621683 0.0412939 0.626859 -0.778038 -0.00696656 0.596959 -0.802242 0.0723784 0.371177 -0.925737 -0.0426661 0.454104 -0.889926 0.0863308 0.707299 -0.701623 0.978584 0.0901868 -0.185038 0.415238 0.842148 -0.344042 0.982985 0.0975602 -0.155638 0.998612 0.0526373 0.00177775 0.0989535 -0.436541 0.894226 0.100812 -0.700213 0.706781 0.0896134 -0.707038 0.701475 -0.00738778 -0.90465 0.426091 0.0339666 -0.278228 0.959914 0.00247153 -0.3128 0.949816 0.0328615 -0.496934 0.867166 0.273825 -0.769998 0.576301 -0.304584 0.94308 0.133524 0.425828 -0.482178 0.765621 0.162867 -0.286639 0.944094 0.0664146 -0.394349 0.916558 0.153194 -0.664392 0.731515 0.210413 0.895942 -0.39117 -0.0793495 0.880238 -0.467852 -0.088448 0.874435 -0.477012 0.163335 0.657717 -0.735343 0.0698657 0.498911 -0.863833 0.0314252 0.547847 -0.835988 0.167296 0.737781 -0.653982 0.174272 -0.776608 0.605401 0.386885 -0.836332 0.388419 0.494914 -0.75549 0.429296 0.510646 0.360113 -0.780743 0.405889 -0.738528 0.538358 -0.317801 -0.0312306 -0.947643 -0.936698 -0.216677 0.275043 -0.427048 -0.788961 0.441782 -0.993746 -0.00335193 0.111618 -0.28157 -0.82102 0.496632 -0.729506 -0.353642 0.585456 -0.263575 -0.963241 0.0519105 -0.0196384 -0.534173 0.845147 -0.152947 -0.786656 0.598147 0.242294 -0.235004 0.941311 -0.094642 0.869677 -0.484464 -0.0890627 0.867479 -0.489436 -0.117916 0.841054 -0.527942 -0.0138433 0.692801 -0.720996 -0.0652219 0.37026 -0.926636 0.0878981 0.485141 -0.870007 -0.0174702 0.689495 -0.724079 0.952181 0.213045 -0.219004 -0.161158 -0.472824 0.866294 0.336054 -0.532754 0.776685 0.387064 -0.906223 0.170121 0.0890627 -0.867479 0.489436 0.955475 0.203482 -0.213689 0.839127 0.291176 -0.459437 0.412084 -0.486343 0.770492 0.940806 -0.136813 -0.310108 -0.989467 -0.040087 -0.139099 -0.975606 -0.11529 0.186819 -0.245301 0.811375 -0.530564 -0.616891 -0.517373 0.593102 -0.938239 0.124009 -0.323001 -0.283599 0.821635 -0.494457 -0.993088 -0.0797564 0.0861122 -0.979843 -0.0995429 0.173202 -0.304077 -0.906237 0.293721 -0.132101 -0.887398 0.441673 -0.295258 -0.375894 0.878366 -0.316889 -0.364329 0.875697 -0.481604 -0.593449 0.644885 -0.477809 0.43997 -0.760345 0.336001 -0.904208 0.263648 0.779502 -0.252573 0.573223 -0.386497 0.348756 -0.853809 -0.34843 -0.63888 0.685878 0.0335249 -0.304336 0.951975 0.679372 0.19264 -0.708056 -0.0414437 -0.242803 0.96919 0.248739 -0.412322 0.876424 -0.0240792 -0.689412 0.723969 0.307016 -0.939811 0.149986 0.410701 -0.704666 0.578593 0.628119 0.35323 -0.693321 -0.440212 0.34761 -0.827877 -0.315677 0.266081 -0.910796 -0.236 -0.87769 0.41709 -0.343346 -0.685649 0.641872 -0.0637327 0.79225 -0.60686 0.00724271 0.769128 -0.639054 0.0725972 0.545058 -0.83525 -0.11195 0.838726 -0.532922 0.241183 0.10829 -0.964419 -0.464885 0.251842 0.848798 0.995127 0.0305295 0.0937559 -0.285388 -0.67097 0.684363 0.0301896 -0.128838 0.991206 -0.0360537 -0.400579 0.915553 0.00561438 0.738359 -0.674384 -0.0099626 0.728405 -0.685074 -0.0109643 0.485621 -0.874101 0.0773062 0.235748 -0.968735 0.244952 -0.301568 0.921442 0.42781 -0.726413 0.537869 0.990612 0.0999693 -0.0932442 0.344483 0.311227 -0.885703 0.258596 0.248753 -0.933408 -0.22476 -0.0554718 -0.972834 -0.599216 0.516542 -0.611658 -0.325722 -0.579391 0.747135 0.108627 0.672148 -0.732405 -0.985191 -0.0207712 0.170196 -0.310665 -0.649641 0.693869 -0.364802 -0.67816 0.63798 -0.595339 0.512784 -0.618566 -0.675089 0.508673 -0.534328 0.843838 0.272627 0.462182 0.105971 -0.438918 0.892256 0.0129011 -0.493153 0.869847 -0.0414348 -0.788266 0.613937 -0.0705726 -0.895477 0.439477 0.0169867 -0.244738 0.969441 0.0820874 0.780299 -0.619996 -0.0384289 0.684504 -0.727995 -0.0183433 0.665713 -0.745982 -0.0134326 0.676741 -0.736099 0.032254 0.445536 -0.894683 -0.0966991 0.213352 -0.972178 0.859039 -0.396193 0.324166 0.289125 -0.29479 0.910772 0.544784 0.607794 -0.577752 0.338945 -0.624752 0.703421 0.262506 0.430634 -0.863508 0.524033 0.549753 -0.650509 0.641697 -0.280355 -0.713881 -0.464313 -0.291059 0.836479 -0.79688 0.345039 0.495913 -0.361476 -0.579349 0.730541 0.161242 0.133098 0.977899 -0.648751 0.448333 0.614915 -0.816912 -0.197204 -0.542001 -0.393532 0.449318 -0.802026 -0.933639 -0.30836 -0.182296 0.578529 0.147863 0.802148 0.0420873 -0.697981 0.714879 -0.0632596 -0.625045 0.778021 0.0331178 -0.720234 0.692941 -0.306736 -0.261103 0.915281 0.160841 0.0572806 0.985317 0.123077 -0.429188 0.894791 0.16571 0.713621 -0.68065 -0.0827648 0.659397 -0.747225 -0.0480247 0.443193 -0.895139 0.0232822 0.519113 -0.854388 0.0324521 0.132692 -0.990626 -0.0469906 0.204213 -0.977798 0.00294415 0.310715 -0.950498 0.987384 0.0571044 -0.147692 -0.243165 -0.237933 0.94035 0.994981 0.0708165 -0.0707004 0.171683 0.877935 -0.44694 0.970087 0.127476 -0.206596 0.980657 0.0608178 -0.186046 0.827204 0.0323074 -0.560972 0.891732 0.135535 0.431792 -0.513841 -0.846435 0.139695 0.851658 0.207238 -0.481384 -0.45058 0.388524 0.803758 0.905836 0.422613 -0.0293343 0.878567 -0.477379 -0.0151553 0.832641 0.538439 0.129585 -0.179601 -0.717598 0.672902 0.892589 -0.450669 0.0135289 0.963899 0.143767 -0.224119 -0.362327 -0.409318 0.837363 -0.948245 -0.21647 0.23232 -0.909064 -0.267849 0.319154 -0.821857 -0.439558 0.362409 -0.19144 0.510454 -0.838324 -0.530612 0.484654 -0.695386 -0.642676 0.735893 0.213139 0.357601 -0.905868 -0.226991 -0.737168 0.155592 -0.657552 0.752476 -0.605586 0.258931 -0.949257 -0.295947 0.106426 -0.710259 -0.703774 0.0152999 -0.351777 0.124082 0.927823 -0.953482 0.259008 -0.15423 0.530395 -0.481314 -0.697867 -0.118164 -0.284332 0.951416 -0.0431224 -0.694819 0.71789 0.0417278 -0.0303401 0.998668 0.01174 0.00944803 0.999886 0.112137 -0.469402 0.875835 -0.368707 0.637269 -0.676715 -0.0503488 0.0642272 -0.996664 -0.146862 0.132784 -0.980204 0.916242 -0.0987084 -0.388275 0.413188 0.255155 -0.874169 0.975972 -0.216679 0.0229833 0.505789 0.682247 -0.527937 0.194578 0.557174 -0.807277 0.213436 0.386143 -0.897406 0.718118 0.439041 0.539954 0.733906 0.0446278 0.677783 -0.912575 3.17491e-05 -0.40891 -0.250927 0.374341 -0.892695 -0.330291 0.536238 -0.77676 -0.847411 0.524977 0.0793334 -0.444647 0.427319 -0.787202 -0.168106 0.137089 -0.97619 0.418326 0.903253 0.0955868 -0.0579095 -0.191361 0.97981 0.0361176 -0.486433 0.872971 0.237461 -0.0322299 0.970862 0.0759104 -0.524096 0.848269 0.0621952 0.160803 0.985025 0.100947 0.0811825 0.991574 0.262934 -0.0123271 -0.964735 0.0234949 0.611286 -0.791061 -0.0392165 0.473515 -0.879912 0.126596 0.344566 -0.930187 0.130108 0.24261 -0.96136 0.0273501 0.607622 -0.793756 0.982821 0.0773635 -0.167565 0.980586 0.0983229 -0.16966 -0.173834 -0.740644 0.649021 0.421641 0.0443725 -0.905677 0.313078 -0.0443488 -0.948691 0.0596653 0.997985 0.0216026 -0.0156564 -0.99841 -0.0541544 0.732545 -0.328939 0.595968 -0.427638 -0.103201 -0.89804 -0.325158 -0.100119 -0.940345 -0.90988 -0.16928 0.378765 -0.623245 -0.414992 0.662833 -0.726929 -0.298587 0.618402 -0.270549 -0.173628 -0.94692 0.921351 0.357903 -0.151714 -0.714244 -0.259983 0.649819 -0.957591 -0.0551871 0.282797 -0.12385 0.432079 0.893291 0.653441 0.670878 -0.350625 -0.810202 -0.540686 0.226341 -0.239562 0.513112 -0.824212 0.00367287 0.411317 -0.911485 -0.0287074 0.124121 -0.991852 -0.1201 0.176143 -0.97701 0.0976562 -0.129705 -0.986732 0.356442 0.0671781 0.931899 0.361712 -0.154396 0.919416 0.93582 0.12555 -0.329361 0.951682 0.0707092 -0.298832 0.357872 -0.245623 0.900887 0.388218 -0.163511 0.906946 0.390211 0.0490889 0.919416 0.782785 -0.00967485 0.622217 -0.834609 -0.445092 -0.324532 -0.137008 -0.105117 0.984977 -0.30387 -0.27134 0.913257 -0.492878 -0.66939 0.555868 -0.21823 0.399928 0.890187 -0.93582 -0.12555 0.329361 -0.287062 -0.158841 0.944651 -0.298361 0.0585103 0.952658 -0.21496 -0.00539312 -0.976608 0.462627 0.886553 0.000381304 -0.250805 0.0204095 -0.967822 0.248091 0.142811 0.958152 -0.992938 0.118215 -0.00999475 -0.0978317 0.0678627 0.992887 0.330369 -0.000164469 0.943852 -0.150365 -0.583937 0.797752 0.0967197 0.342349 0.934581 0.825278 0.378138 0.419438 0.0452487 -0.268854 -0.962118 -0.0664622 0.353643 -0.933016 -0.0364894 0.369123 -0.928664 0.0444972 -0.147526 -0.988057 0.00558744 -0.1965 -0.980488 -0.121284 0.192365 -0.9738 -0.154077 0.24597 -0.956953 0.659877 -0.0406888 -0.750271 -0.321388 0.1097 0.940572 0.865201 -0.375641 -0.332146 0.848158 0.360445 0.38821 0.214532 -0.381682 0.899052 -0.287406 0.16634 0.943254 -0.215403 0.07736 -0.973456 -0.0829471 -0.248057 0.965188 -0.974324 -0.00267362 -0.225134 -0.835041 0.401352 0.376329 -0.419209 -0.0599083 0.905911 -0.00240715 -0.00284747 0.999993 0.0978599 0.391663 0.91489 0.0653918 0.420101 0.905118 -0.0191523 0.0221055 0.999572 -0.0128893 0.197988 -0.98012 -0.0220566 -0.153772 -0.98786 -0.0462944 -0.230461 -0.97198 -0.0344908 0.215972 -0.97579 0.482122 -0.0281409 -0.875652 0.73494 -0.0629261 0.675206 -0.199914 -0.218123 0.955226 0.546513 0.0932872 -0.832238 0.197272 -0.36342 -0.9105 0.611705 -0.66051 0.435366 -0.0543693 -0.592178 0.803971 -0.655373 -0.329888 -0.679456 -0.228378 0.021164 -0.973342 -0.500102 0.188216 -0.845265 -0.250619 -0.679803 0.689244 -0.18826 -0.226787 0.955576 -0.152967 -0.855118 -0.495354 0.348722 0.637694 -0.686833 -0.0214893 0.049322 0.998552 -0.0239523 0.0508857 0.998417 -0.104452 -0.335794 0.936126 0.011974 0.319609 0.947474 -0.216733 0.508001 0.833644 -0.111098 0.466614 0.877456 -0.00998985 0.160129 -0.987046 -0.00164067 0.1678 -0.98582 -0.00687551 -0.145143 -0.989387 -0.0109878 -0.148379 -0.98887 0.0148975 -0.412929 -0.910641 -0.0494576 -0.339175 -0.939422 0.931866 -0.0228564 -0.362082 0.985199 0.00149379 -0.171407 0.878688 0.446697 0.168431 0.262459 0.231647 -0.936726 0.951397 -0.0456983 -0.304556 0.530559 -0.415955 -0.738572 0.440991 -0.563967 0.698189 0.226135 -0.937211 0.265515 0.0898163 -0.320011 -0.943147 -0.972274 0.0788966 0.220132 -0.971035 0.0533174 0.232912 -0.377836 0.188955 0.906386 -0.972433 0.101143 0.210103 0.399103 -0.594933 0.69769 -0.563918 0.457508 -0.687519 -0.998513 -0.00850638 0.0538488 -0.977226 0.0680513 0.200994 -0.435466 0.537695 -0.721979 -0.162638 0.4332 0.886503 0.478407 0.855173 -0.199517 0.10083 0.395327 0.91299 0.182521 -0.0303038 0.982735 0.102664 0.0353063 0.994089 -0.0210525 -0.226403 0.973806 -0.00642002 0.560558 0.828091 0.00720263 0.323636 0.946154 0.57376 0.321345 0.753351 0.169495 -0.333066 -0.927544 0.124859 0.109936 -0.986065 -0.0176335 0.0995416 -0.994877 -0.00824504 -0.215825 -0.976397 0.0867618 -0.17864 -0.980082 -0.0557199 -0.427272 -0.902404 -0.0377014 -0.564578 -0.824519 0.199763 -0.0307166 -0.979363 0.259696 0.265755 -0.928403 0.162134 -0.287189 0.944053 0.974025 -0.0790992 -0.212175 0.511023 -0.593053 -0.622209 0.287846 -0.819262 0.495938 0.36837 -0.739084 0.563966 -0.699093 -0.71261 -0.0587925 -0.605636 0.615155 -0.504767 -0.278072 -0.406384 -0.870361 -0.429003 -0.529132 -0.732103 -0.929775 0.0624426 0.362794 -0.098967 -0.169119 -0.980614 -0.271803 -0.0686101 0.959904 -0.386344 -0.0410709 -0.92144 -0.481276 0.230536 0.845711 -0.987656 0.0648116 0.142604 0.161796 0.193092 0.967749 -0.128606 -0.0323313 0.991169 0.00371288 0.527901 0.849298 0.043236 0.549802 0.834176 -0.1152 0.126874 -0.985207 0.349762 -0.490275 -0.798309 0.610586 0.0934087 -0.786422 0.663207 -0.572331 0.48228 0.305721 -0.0355223 -0.951458 0.105726 -0.274099 -0.955872 0.4693 -0.412684 -0.780673 0.541809 -0.0503223 0.838994 -0.443272 -0.479054 -0.757639 -0.393181 -0.24928 -0.885024 -0.300781 -0.0404266 -0.952836 -0.344661 0.0194037 -0.938527 -0.447309 -0.479634 -0.754894 -0.0995944 -0.055406 0.993484 -0.50756 -0.168548 -0.84497 -0.215496 0.953413 0.211107 -0.163059 -0.206174 0.964834 0.0375082 0.487782 0.872159 -0.248412 0.665267 0.704067 0.168091 0.0566385 0.984143 0.576012 0.450023 -0.682414 0.705194 -0.610276 -0.360921 0.0579015 -0.156463 -0.985985 -0.481576 -0.370474 -0.794251 0.0588576 0.125012 -0.990408 -0.218451 0.241123 0.945589 0.163059 0.206174 -0.964834 0.350859 -0.863302 0.362778 -0.0352857 0.304005 0.952017 0.448399 -0.267385 -0.852903 0.27891 -0.451034 -0.847807 0.366676 -0.549491 -0.750738 0.209312 0.413282 0.88622 -0.466653 -0.699688 -0.540991 -0.866905 -0.263786 -0.422958 -0.376867 -0.350602 -0.857351 0.28802 0.852296 0.436619 -0.991137 -0.0972683 0.0904793 -0.846331 -0.211496 0.48887 -0.0545742 0.38778 0.920135 -0.242689 -0.623057 -0.743574 -0.0223325 -0.438809 0.898303 -0.455921 -0.394011 -0.798055 -0.423158 -0.291803 -0.857781 -0.147011 0.221135 0.964099 -0.349964 -0.0419555 0.935823 -0.499238 -0.394144 -0.77163 -0.181963 -0.0987753 -0.978332 0.27796 0.442058 0.852833 0.107091 0.546857 0.830349 0.0738139 0.775559 0.626945 0.146184 0.262695 0.953741 0.294742 0.100822 -0.950243 0.429675 -0.236592 -0.871438 -0.341998 0.835888 0.429335 -0.538874 -0.685155 -0.490078 -0.827456 0.0573744 -0.558592 0.0217879 -0.424204 -0.905305 -0.474754 -0.408745 -0.779446 -0.171575 -0.0204297 0.984959 -0.80225 -0.490928 0.339683 -0.294742 -0.100822 0.950243 -0.00632202 0.349537 0.936901 -0.874272 0.345845 0.340645 0.171575 0.0204297 -0.984959 0.131546 -0.0750789 -0.988463 0.052401 -0.613607 -0.787871 0.112096 -0.508721 -0.853603 -0.448881 0.511326 0.732838 0.456734 -0.752585 -0.474352 0.341998 -0.835888 -0.429335 -0.0178877 0.969334 -0.245094 -0.0607213 0.478106 0.876201 -0.0950508 0.745355 0.659858 0.0761144 0.683559 0.725916 0.144379 0.0872169 0.985671 0.0778481 0.170911 -0.982206 -0.0334539 -0.192784 -0.980671 -0.0760398 -0.233378 -0.969408 -0.117123 -0.6666 -0.736157 0.00309785 -0.390208 -0.920722 0.557092 -0.546031 -0.625699 -0.0529857 0.482517 0.874283 0.427601 0.245451 0.870007 0.546978 -0.404316 -0.733037 0.196767 -0.71674 -0.669004 0.55599 0.143891 0.81864 -0.396148 -0.441891 0.80486 -0.776403 -0.524802 -0.348972 -0.146989 -0.4392 -0.886283 -0.781678 -0.244798 -0.573632 -0.212641 0.166939 0.962764 -0.0181794 0.560283 0.828102 0.137679 0.458589 0.877918 0.0571591 0.14967 0.987083 0.0102557 0.716247 0.697771 0.598518 0.391735 0.698799 0.833935 0.504964 0.222632 0.0586095 -0.309169 -0.949199 0.0489563 -0.673987 -0.737119 0.0781581 -0.401724 -0.912419 0.93457 -0.212634 0.285247 0.999735 -0.0209746 -0.00948912 0.558958 0.0772387 -0.825591 0.398265 -0.511617 -0.761336 0.290638 -0.63257 -0.717903 0.625666 -0.72658 0.283944 -0.439617 -0.090123 0.893653 -0.660802 -0.733063 -0.161123 -0.958396 0.152343 0.24139 -0.156105 -0.527541 -0.835064 -0.5898 0.0682363 -0.804661 -0.303028 -0.263857 -0.915726 -0.594082 -0.422098 -0.684763 -0.914508 0.289259 -0.282852 -0.187322 0.237996 0.953031 -0.985008 0.0800973 0.152784 -0.814306 0.151403 0.560342 -0.631489 -0.386136 -0.6724 -0.0438544 0.650124 0.758561 0.103224 0.49334 0.86369 0.0467989 0.74975 0.660064 0.0702707 0.888739 0.452995 -0.213483 -0.783566 -0.583481 0.00125314 0.800838 0.59888 -0.6222 -0.0191085 0.782625 0.90507 0.0334939 -0.423942 -0.580776 -0.354695 -0.732728 0.0527895 -0.367789 -0.92841 -0.0106846 -0.505408 -0.862815 -0.0270107 -0.69063 -0.722704 0.0501594 -0.622112 -0.78132 -0.0364296 -0.877314 -0.478533 0.00839523 -0.808375 -0.588608 -0.049598 -0.763406 -0.644012 -0.0254649 -0.308276 -0.950956 0.982709 -0.129613 -0.132226 0.978063 -0.134685 -0.158914 0.0323592 0.457974 0.888376 0.380682 0.224177 0.897121 0.976618 -0.0880591 -0.19612 0.985744 -0.104803 -0.131624 0.916087 -0.323745 -0.236586 0.806199 0.553156 -0.209909 0.427721 -0.590832 -0.684085 -0.972236 0.178506 0.151303 -0.958338 0.16793 0.231056 -0.90012 -0.256367 -0.352222 -0.211834 0.298961 0.930456 -0.990144 0.120044 0.0721444 -0.97096 0.15753 0.180058 -0.311118 0.219271 0.92473 -0.480672 0.58031 0.657416 -0.977338 0.158955 0.139802 0.150401 -0.114957 0.981919 -0.022663 -0.876996 -0.479962 0.574902 0.656348 0.488564 -0.062763 0.670382 0.739357 0.0155747 0.502365 0.864515 0.13623 0.793638 0.592942 -0.085001 0.929097 0.359937 0.0040694 -0.783977 -0.620777 0.0437238 -0.158493 -0.986391 0.119819 -0.715731 -0.68802 0.0790912 -0.821158 -0.565194 0.294516 -0.643773 -0.706269 0.443047 0.677593 0.587007 0.711133 -0.0934464 0.696819 0.285526 -0.46157 -0.839898 -0.764071 0.476398 0.435017 -0.513424 -0.779166 -0.359578 -0.0169562 0.508755 0.860745 -0.334392 -0.453895 -0.825931 0.809612 0.583768 -0.0611825 -0.244308 -0.495455 -0.83357 -0.247782 -0.581843 -0.774637 -1 0.000730672 0.000390566 0.591593 -0.804718 -0.0494737 -0.439215 -0.317309 -0.840479 0.0350095 -0.737495 -0.674444 -0.04428 0.88126 0.470552 0.233604 -0.205549 -0.950357 0.0572389 -0.476187 -0.877479 -0.0269017 -0.779073 -0.626355 0.0502343 -0.718827 -0.693372 -0.0630011 -0.873764 -0.482252 -0.0106752 -0.613643 -0.789512 0.0035196 -0.449406 -0.893321 0.357987 0.884952 0.297835 0.327007 0.683299 0.652816 -0.118656 0.568712 0.813933 0.859735 -0.429779 0.275946 0.390121 0.434136 0.811992 0.337141 0.677598 0.653603 0.215577 -0.913256 -0.345674 0.618277 -0.119823 0.776773 -0.771745 0.286458 0.567761 -0.287563 -0.861767 -0.417929 -0.218168 0.672152 0.707541 -0.90019 -0.300038 -0.31565 -0.269238 0.431608 0.860945 -0.399124 0.479105 0.781766 -0.281647 0.689654 0.667122 -0.181995 0.892956 0.411712 0.703108 0.637631 0.314747 0.0343773 0.714457 0.698834 -0.124229 0.772161 0.623165 -0.669179 -0.475462 0.571082 0.0497103 0.94791 0.314636 0.332988 0.77942 0.530682 0.198271 0.374471 0.905793 0.190585 -0.871217 -0.452391 0.0110977 -0.506371 -0.862244 0.00231859 -0.522178 -0.852833 0.0112587 -0.716481 -0.697516 0.740359 -0.526589 -0.41782 -0.277328 -0.574011 -0.770455 0.499229 0.514405 0.69725 0.21872 -0.667864 -0.711421 0.223876 -0.894473 -0.387037 0.760539 -0.289998 0.580931 -0.397307 -0.916433 0.0479347 -0.832365 0.554217 0.00354694 -0.352499 -0.615056 -0.705301 -0.308635 0.402996 0.861591 0.235778 0.933807 0.269096 -0.742721 -0.639968 -0.196994 -0.507665 -0.75515 -0.414759 -0.386176 0.58837 0.710415 -0.363617 -0.66603 -0.651296 -0.0210174 -0.873301 -0.486727 -0.0693427 -0.453103 -0.888757 0.345134 0.77735 -0.525937 -0.358204 0.0693846 -0.931062 0.0693736 0.345473 -0.935861 0.5063 -0.745445 0.433558 0.359084 0.920772 0.152437 -0.895302 -0.292344 -0.336108 0.160903 0.797411 0.581589 0.0599678 0.834653 0.547502 -0.173941 0.620201 0.764915 0.0246769 0.48248 0.875559 -0.155373 0.977916 0.139781 -0.088868 -0.711714 -0.696826 -0.105061 -0.98403 -0.143693 0.0533464 -0.953711 -0.295955 -0.0672741 -0.807443 -0.586097 -0.0424805 -0.639584 -0.767547 0.230771 -0.51191 -0.827462 0.120997 0.513623 0.849442 0.299526 0.915399 0.268942 0.198007 -0.237569 0.950975 -0.136651 -0.822437 -0.552199 -0.608794 -0.678677 -0.410813 -0.176204 0.972243 0.153933 -0.385864 -0.474091 -0.791421 0.0383601 0.960495 0.275642 0.30591 0.778102 0.548613 0.017581 0.663899 0.747615 0.0305494 0.997641 0.0614819 0.175569 -0.971234 0.160872 0.122714 -0.78121 -0.612089 0.174663 -0.921048 -0.348086 -0.0255348 -0.974192 -0.224272 0.43587 0.879404 -0.191485 0.404463 -0.683405 -0.607756 -0.0385524 0.703603 0.709546 0.359508 -0.649384 -0.670115 0.195075 0.935446 0.294764 0.266673 0.91783 0.294064 -0.167641 0.959598 0.225982 -0.834568 -0.154623 -0.528761 -0.569008 -0.630335 -0.528118 -0.247479 -0.582049 -0.774579 -0.585516 0.803353 -0.108603 -0.884358 0.449357 0.126448 -0.614672 -0.773477 0.154635 0.0454729 -0.324483 0.944798 0.209336 -0.837739 -0.504353 -0.0903509 -0.726018 -0.681715 0.279854 0.895236 0.346747 0.085604 0.996051 -0.0235506 0.0326598 0.999128 0.0260242 0.00601141 0.983929 0.178457 0.235574 -0.964115 -0.122419 -0.109697 -0.767444 -0.631661 0.169436 -0.94603 -0.276259 0.196246 -0.894575 -0.401527 0.306498 -0.922706 -0.233821 0.488292 0.747146 0.450937 0.0470214 0.816648 0.575218 0.308354 0.600203 0.73802 0.274262 -0.956215 -0.102144 0.522579 -0.358115 -0.773735 -0.757282 0.643452 0.111773 0.204848 0.0803904 0.975487 -0.369545 -0.929213 0.000333238 -0.35758 -0.932513 -0.0505661 -0.501808 0.676502 0.539012 -0.358352 -0.933549 0.00835225 -0.265258 0.661345 0.701614 -0.0808756 0.832236 0.54849 -0.733831 0.670585 0.108663 -0.52226 -0.849967 0.0692888 0.0777571 0.945769 -0.315397 0.808684 -0.485448 -0.33222 0.00627613 0.92665 0.375872 -0.0917546 0.810353 0.578714 -0.147369 0.654027 0.741978 0.00863086 0.991162 0.132377 0.087297 0.950363 -0.298646 -0.0368416 0.994733 0.0956467 0.0326769 -0.889747 -0.455283 -0.023092 -0.971777 -0.234769 -0.0416965 -0.996556 0.071671 0.0153873 -0.999377 -0.0317572 -0.0495273 -0.99255 -0.111318 -0.0635369 -0.754756 -0.652921 0.220522 -0.970128 -0.1011 0.994544 -0.0949842 -0.0431347 0.164044 -0.594424 -0.787242 0.147369 -0.654027 -0.741978 -0.291107 0.835605 0.465856 0.373798 -0.878173 -0.298476 0.565017 0.814416 -0.132225 0.995947 -0.063325 -0.0638631 -0.972257 0.232395 0.0266141 -0.958378 0.267868 0.0987869 -0.156291 -0.926855 -0.34134 -0.264633 0.752148 0.603525 -0.307657 0.938866 0.154524 -0.964165 0.226717 0.137786 -0.321605 0.917077 0.235671 -0.977352 0.209772 0.0279123 0.0643592 0.996229 0.058185 0.235508 0.888241 0.394415 0.191525 0.97812 -0.0812388 -0.00424836 0.970585 -0.24072 0.309031 -0.927993 0.208156 0.260767 -0.923031 0.282869 0.183779 -0.933433 -0.308103 0.159392 -0.977656 -0.13705 0.0689083 -0.995187 -0.0696689 -0.0834765 -0.837469 -0.540072 0.154596 0.984928 0.0775624 0.279542 0.882125 0.379093 0.47988 -0.361878 -0.799225 0.434244 -0.22131 -0.873186 0.368302 0.753788 0.544204 0.42302 0.462676 0.779093 -0.799664 -0.210934 0.562178 -0.876587 -0.0974944 -0.471265 -0.550688 0.810373 0.200097 -0.209974 0.846046 0.490017 -0.175485 0.771816 -0.611151 -0.807596 -0.563114 -0.175191 -0.535272 0.679804 0.501349 -0.721709 0.69024 -0.0520195 -0.618479 -0.725208 0.302584 0.256251 -0.750701 0.60892 -0.447194 -0.0299385 -0.893936 -0.237103 -0.876944 0.418034 -0.274566 0.0831053 0.95797 0.358166 0.840218 0.407126 0.169045 0.932173 0.32012 0.0803436 0.996765 0.00193511 0.0468818 0.967034 -0.250294 -0.0448771 0.9971 -0.0614662 -0.326074 0.831889 -0.44904 0.0735183 -0.904916 -0.419192 0.0318561 -0.820619 -0.570588 -0.000336845 -0.993943 0.109899 0.400601 -0.915075 0.0464365 0.253434 -0.697558 -0.670212 0.137158 0.738131 0.660569 0.284204 -0.952994 0.105026 0.0771093 -0.25345 0.96427 -0.302992 0.846807 0.437165 -0.91984 0.389808 0.0441027 -0.142079 -0.969949 -0.197514 -0.507194 0.765417 0.396095 -0.983118 0.161814 -0.0854148 -0.64888 0.749719 0.129909 -0.414102 -0.903407 -0.111248 0.993237 0.116101 0.000463627 -0.715796 -0.684905 0.136166 -0.944633 0.14608 0.293817 -0.270128 0.944007 0.189427 -0.204984 0.846268 0.491744 0.266998 0.883436 -0.385036 -0.542028 0.393889 -0.742332 -0.325547 0.920081 0.217879 -0.321691 0.942751 -0.0879545 -0.266517 0.197688 -0.943339 -0.189708 -0.975303 -0.113118 0.228794 0.600015 0.766574 0.471277 -0.69522 -0.542741 -0.124703 -0.869573 -0.477799 0.0631164 -0.969287 -0.237694 -0.0250322 -0.996305 0.0821581 0.117692 -0.98326 0.139101 0.00487457 -0.981398 -0.191925 -0.186826 0.859937 0.474979 0.166098 0.981286 -0.0974139 0.447098 0.862786 -0.236018 0.377921 0.899966 0.217339 0.736029 0.420498 0.530511 0.283117 0.937171 0.203853 0.331893 -0.921005 0.203955 0.129357 0.98355 -0.126079 0.193361 -0.979132 0.0625461 0.114606 0.0670723 0.991144 0.37792 0.921361 0.0909457 -0.0466227 0.964 0.261784 -0.0107964 0.908433 0.417892 -0.0259512 0.946566 -0.321463 0.171379 0.949065 -0.264397 0.391439 0.919663 -0.0315429 0.593126 -0.804696 -0.0258134 0.315744 -0.880776 -0.352901 0.399148 0.916013 -0.0400081 -0.19257 0.969293 -0.152929 -0.283419 0.95899 0.00341255 -0.282514 -0.872364 -0.398957 -0.369183 -0.825605 -0.426708 -0.565353 0.795107 -0.219502 -0.588576 -0.80686 0.0505484 -0.313965 0.947681 -0.0576774 -0.0536023 -0.981459 0.184027 0.00666997 -0.992153 -0.124849 0.203033 -0.935141 0.290326 0.23718 0.1796 -0.95472 -0.0264789 0.998182 0.0541362 0.280739 0.872978 0.398867 0.0117814 0.97573 -0.21866 -0.107557 0.987774 0.112847 0.0378475 0.977379 -0.208081 0.230706 0.869651 -0.436442 0.085878 -0.949455 -0.301926 0.0645751 -0.945411 -0.319419 0.0952938 -0.990743 0.0966847 0.322592 -0.929967 0.176342 0.958032 -0.0290506 -0.285187 0.16314 0.926873 0.338071 0.249966 -0.96091 0.11903 0.209871 -0.943883 0.255028 0.801023 -0.0783795 -0.593481 -0.223554 0.605917 0.763471 0.691112 -0.660366 0.293735 -0.451107 -0.737033 0.503275 -0.958365 0.285449 0.00743108 -0.068034 -0.997356 -0.0255261 -0.962004 0.254774 0.0981794 -0.652085 0.122649 -0.748159 -0.736386 0.583457 -0.34251 -0.368146 0.843048 0.392095 -0.0501537 0.978876 0.198206 -0.971876 0.235174 0.0122805 -0.823317 0.539151 0.177383 0.06103 -0.997031 -0.0469439 0.302211 0.0610523 -0.951284 0.0405348 0.957583 -0.285294 0.0915629 0.94032 -0.327742 0.166122 0.984881 0.0491217 0.275718 0.956976 0.0904202 0.973484 -0.193595 -0.12186 -0.148108 -0.961409 0.231856 0.0264389 -0.947656 -0.318196 -0.0417769 -0.986319 -0.159465 -0.0112846 -0.985617 0.168615 0.0691227 -0.997255 -0.0265451 -0.0542319 -0.941505 0.332607 0.14481 -0.986036 0.0822364 0.212959 0.976818 0.0218043 0.338376 0.919828 0.198542 0.954039 0.0474462 0.295904 0.315568 0.921868 0.22489 0.959663 -0.274772 0.0595669 0.547377 0.156436 0.822135 -0.893674 0.446601 0.0435278 -0.971077 0.235728 -0.0379596 -0.200262 0.966561 0.160174 -0.475061 0.879709 -0.020729 -0.954039 -0.0474462 -0.295904 0.436179 -0.821586 -0.367075 -0.380957 0.879231 0.286052 -0.486232 0.846873 -0.215373 -0.906775 0.416963 0.0624563 0.580902 0.348835 0.735437 -0.0567124 0.865787 0.497189 -0.399343 0.901203 0.1684 -0.0802366 0.917404 -0.389785 0.137505 0.8514 -0.506171 -0.145961 0.688927 0.709983 -0.0328994 -0.982772 -0.181873 -0.0773115 -0.992083 -0.0989707 0.0440137 -0.962674 0.267061 -0.0801051 -0.938466 0.335954 0.0148967 -0.999507 -0.0276221 0.980375 -0.194977 0.0291286 -0.187966 0.981638 -0.0325054 -0.942915 0.329293 -0.0497614 -0.0952432 0.995452 -0.00186444 0.675076 -0.697386 -0.240676 0.942461 0.0520875 -0.330233 0.910799 -0.412693 -0.011405 0.706981 -0.660538 0.252722 0.887273 -0.42239 -0.185296 -0.717417 -0.185508 -0.671491 -0.54375 0.773681 -0.325199 -0.990246 0.124445 -0.0626539 -0.396638 0.914216 0.0829942 0.684635 -0.102707 0.721614 0.860722 -0.459426 -0.219285 0.322412 -0.844999 -0.426647 0.0357657 0.958586 -0.282549 -0.0429431 0.917663 0.395033 -0.0296873 0.883748 -0.46702 0.145036 -0.929147 0.340074 0.0361504 0.992216 0.119166 0.410062 -0.901378 0.139167 -0.050533 -0.986437 -0.156166 0 -0.990479 0.137665 0 -0.913712 0.406363 0.051097 -0.994038 0.0963246 0.987052 -0.153964 0.0449771 -0.247973 0.964154 -0.0944245 -0.969759 0.235705 -0.0633324 -0.228789 0.969523 -0.0876364 0.373421 -0.866247 -0.331923 0.535476 -0.71222 -0.453882 0.928048 -0.370725 0.0359241 0.306691 -0.819095 0.484792 -0.285872 -0.616831 0.733346 0.00981799 0.955628 -0.294414 -0.990763 -0.126086 0.049907 -0.277331 0.956661 0.0888103 -0.0360761 -0.998643 0.0375684 -0.018314 0.819664 -0.572551 -0.352452 -0.815385 0.459265 -0.176477 -0.983264 -0.0452511 -0.305138 0.948463 -0.0854866 -0.417158 -0.764551 0.491366 0.230201 0.920929 -0.314479 0.062409 0.99027 -0.124379 -0.00600524 0.872343 -0.488857 0.101837 0.734826 -0.670567 0.202466 0.977254 0.0631072 0.186112 -0.773233 0.606196 0.19544 -0.947377 -0.253535 0.0106018 -0.999466 -0.0309227 0.152664 -0.918675 0.364321 0.22158 -0.959988 0.171246 0.360467 -0.84388 0.397404 0.188473 -0.769545 0.610146 -0.0970705 0.759186 0.643595 -0.35681 -0.771036 0.527437 -0.909172 0.416336 -0.00843848 -0.246602 0.88661 -0.391294 -0.343274 -0.882722 0.320882 -0.244785 0.966504 -0.0771401 -0.95706 0.274286 -0.0938255 0.13149 -0.83777 -0.529955 0.0830343 0.0782532 -0.99347 -0.534684 -0.64736 -0.543174 -0.0580035 0.898163 -0.43582 -0.0854396 0.846099 -0.526133 0.0901699 0.772803 -0.628208 -0.0861237 -0.993273 0.0774069 -0.0227193 -0.943014 0.331976 -0.00907576 -0.999478 0.0309995 0.344736 -0.802944 0.486249 0.978511 0.153643 -0.137517 0.666982 0.716994 0.202617 0.660708 0.664583 0.34899 -0.208506 0.965183 -0.157949 0.325468 -0.828594 0.455524 0.249307 -0.80479 0.538664 0.17674 0.755195 0.631223 -0.198764 0.68184 0.703979 -0.23807 -0.816508 0.525964 -0.230822 -0.873244 0.429147 -0.430212 -0.715661 0.550224 -0.247662 0.966298 -0.0702287 -0.0352068 -0.704493 -0.708837 -0.840133 -0.328163 0.43184 -0.156757 -0.690476 0.706166 0.479662 -0.755718 -0.445887 0.00798882 -0.984254 0.176579 -0.160508 0.525496 -0.835518 -0.226172 0.831631 0.507185 -0.0267755 -0.505243 -0.862562 -0.0379304 0.362878 0.931064 -0.41129 -0.644127 0.644935 0.174071 0.873482 -0.454674 0.148659 0.885109 -0.441001 0.196901 0.972665 -0.123101 0.074543 0.639823 -0.764898 0.182829 0.643629 -0.743179 -0.345764 -0.128953 -0.929418 0.049809 -0.896916 0.439387 0.164334 -0.986003 -0.0281542 0.120764 0.609507 -0.783529 0.255834 -0.602789 0.755774 0.651149 -0.569841 0.501285 -0.0829826 0.964858 0.249323 -0.182513 -0.740279 0.647052 -0.183012 -0.707852 0.682241 -0.75351 0.63666 -0.16397 -0.0598853 0.972027 0.227109 0.137091 0.676542 -0.723531 -0.11827 -0.958451 0.259583 -0.306916 0.910571 -0.276883 -0.989599 0.120544 -0.0785041 0.0598853 -0.972027 -0.227109 0.176758 0.900899 -0.396406 0.139187 0.513185 -0.846917 -0.0927688 0.675749 -0.731271 0.544331 -0.438121 0.715369 -0.16313 -0.951521 0.26076 -0.00376927 -0.778374 0.627789 -0.00535105 -0.777979 0.628267 0.121744 -0.872849 0.47256 -0.0241505 -0.982329 0.185596 0.589227 0.705562 -0.393693 0.573528 0.766671 -0.288585 0.430718 0.846238 -0.313628 0.721764 -0.432209 0.540604 -0.655142 0.259928 0.709384 -0.53472 -0.560714 0.632199 -0.44412 0.881727 -0.159108 0.483657 0.356679 -0.799285 -0.364014 -0.365914 0.856505 -0.0784664 0.988957 -0.125727 -0.383436 0.727419 -0.569068 -0.783937 0.113852 0.610311 0.540575 -0.741663 -0.397134 0.0455553 0.829987 -0.55592 0.137011 0.6077 -0.782259 -0.0989314 0.933677 -0.344181 0.473761 0.3 -0.82798 -0.113834 -0.959841 0.256413 -0.11374 -0.959942 0.256074 0.069894 -0.725323 0.684852 0.00277852 -0.641164 0.767399 0.0253493 -0.674652 0.7377 0.0624952 -0.643629 0.762782 0.057275 -0.888722 0.454856 0.629211 -0.738648 0.241851 0.769033 0.621867 0.147885 0.840914 -0.541108 -0.00808749 0.44901 0.857561 -0.250958 0.294958 0.637017 -0.712186 0.938367 -0.117197 -0.325166 -0.0154549 0.998069 0.0601578 -0.301412 0.615001 -0.728646 -0.958596 0.230348 -0.16743 -0.127944 -0.801987 0.583479 -0.246102 0.933051 -0.26239 -0.416713 0.363742 -0.833092 -0.305102 0.623001 -0.720266 -0.290422 0.711853 -0.639468 -0.816129 0.547833 -0.183882 0.510891 -0.396367 0.762813 -0.998888 0.0471382 -0.000502938 0.0205172 0.787882 -0.615485 0.0866503 0.557778 -0.825455 0.010101 0.491943 -0.870569 -0.0754995 0.917178 -0.39126 -0.0577323 0.72894 -0.682139 -0.0833529 -0.632478 0.770081 -0.0349859 -0.969844 0.241204 0.0300171 -0.948187 0.316293 0 -0.828231 0.560387 0 -0.699166 0.714959 -0.0269757 -0.67604 0.736371 -0.0911931 -0.565249 0.819864 -0.0611133 -0.546574 0.835178 0.0276304 -0.846158 0.532215 -0.0202419 -0.903571 0.42796 0.979635 -0.122606 0.159008 0.989665 -0.105225 0.0974168 0.585812 0.792092 0.171507 0.148283 0.875466 -0.459969 0.986325 -0.14719 0.0741499 0.972935 -0.195604 0.123031 0.984146 -0.124003 0.126804 0.8756 -0.229359 0.425112 0.635389 -0.772191 -0.00143473 -0.999613 0.0254472 -0.0112536 -0.958358 0.219529 -0.18264 -0.900047 -0.334818 0.278949 -0.965358 0.235649 -0.112043 -0.275228 0.935508 -0.221526 -0.331826 0.931141 -0.151219 -0.489004 0.70992 -0.506842 -0.972411 0.183372 -0.144194 -0.981714 0.0991193 -0.162519 0.0102673 -0.89817 -0.439527 0.0833047 0.778494 -0.622099 0.0511798 0.942747 -0.329558 -0.081464 0.482616 -0.872035 -0.0533013 0.837248 -0.544219 0.351286 -0.21447 0.911373 0.0736396 -0.871434 0.484954 0.0705377 -0.872397 0.483682 0.343652 -0.434665 0.832448 0.577493 -0.69101 0.43475 0.617041 -0.776383 -0.128411 0.325575 -0.836663 0.440451 0.162638 -0.654924 0.737986 0.44521 -0.446896 0.775933 0.373212 0.757339 0.535865 0.769965 0.628718 -0.108937 -0.239665 -0.468859 0.850136 -0.223266 -0.654129 0.722681 -0.0827987 -0.703197 0.706157 -0.968562 0.217202 -0.121286 -0.994448 0.0981129 0.038036 -0.0978018 -0.963616 0.248755 -0.093953 0.489227 -0.867081 -0.225676 -0.475714 0.850157 -0.152902 0.905143 -0.396657 -0.986297 0.126352 -0.106082 -0.198048 0.97691 0.0801466 -0.22859 -0.723007 0.651926 -0.0628913 0.943641 -0.324941 -0.0912225 0.949529 -0.300121 0.254147 0.625798 -0.737419 0.0216629 0.522407 -0.852421 -0.0538982 0.300641 -0.952213 0.18995 0.433967 -0.880677 -0.156099 0.603136 -0.782215 0.0918017 -0.516725 0.851215 -0.0865852 -0.831541 0.548673 -0.0473932 -0.865928 0.497919 -0.0370043 -0.775594 0.630146 0.627388 -0.531822 0.568815 0.666279 -0.724294 0.177401 0.885285 0.223343 0.407908 0.422476 -0.523716 0.739754 0.205787 -0.371689 0.905262 -0.56966 -0.812097 0.126435 -0.413446 -0.278427 0.866915 -0.464993 0.726835 -0.505463 -0.555463 -0.11393 0.8237 0.264869 0.703272 -0.659738 -0.718984 0.282869 -0.63486 0.416168 -0.880448 -0.227188 -0.987629 -0.0957067 0.124216 -0.559206 -0.496987 0.663545 -0.249361 -0.575343 0.778973 -0.156687 0.82161 -0.548093 -0.899192 -0.119872 0.420814 -0.275421 -0.89652 0.34698 -0.430783 -0.464025 0.77402 0.651714 0.710512 0.265407 -0.0430897 0.231454 0.971891 0.237109 0.661225 -0.711731 0.257273 0.668245 -0.69804 0.149103 0.834741 -0.530072 0.0739526 0.314265 -0.946451 0.0164559 0.292852 -0.956016 0.271709 -0.321593 0.907057 0.506162 -0.403985 0.761969 -0.388238 -0.23412 0.891324 -0.297819 -0.537172 0.789145 -0.153448 -0.588201 0.794023 -0.988884 0.118341 -0.0900227 0.257826 -0.73445 0.62778 -0.804654 -0.583789 0.108272 -0.377892 0.179305 0.908321 -0.991725 0.0917995 -0.0897431 -0.465947 -0.246607 0.849752 -0.0121851 -0.686322 0.727195 0.0193986 -0.863409 0.504132 0.0268087 0.590153 -0.806846 -0.0288237 0.56015 -0.82789 -0.00953192 0.809127 -0.587556 0.0812446 0.842426 -0.532652 0.00815202 0.323208 -0.946293 -0.0914769 0.232958 -0.968175 -0.0179434 0.0857334 -0.996157 0.360377 -0.229743 0.904072 -0.0764545 -0.76211 0.642917 0.0333264 -0.669873 0.741727 0.095291 -0.411652 0.906346 0.483779 -0.144394 0.863196 0.683774 -0.415733 0.599683 0.0719374 -0.904218 0.42097 0.299126 -0.728287 0.616541 0.986271 -0.100716 0.130868 0.779057 -0.298295 0.551444 0.249981 -0.377381 0.89168 0.440854 -0.126499 0.88862 -0.248909 -0.133002 0.959351 -0.958371 0.149153 -0.243473 -0.0680251 -0.520793 0.850969 -0.900041 -0.419777 0.1171 -0.0100928 -0.633374 0.77378 -0.511474 -0.0575786 0.857367 -0.300623 -0.191699 0.934279 -0.99045 0.130989 -0.0430145 -0.985243 0.101029 -0.138163 -0.977351 0.068303 -0.200298 -0.227901 0.585158 -0.778236 0.199643 0.0729605 -0.977149 -0.0977003 0.674 -0.732242 0.40327 0.300511 -0.86433 -0.281482 -0.20943 -0.936433 0.496701 0.122202 0.859276 -0.0645437 -0.73458 0.675446 -0.0173151 -0.499776 0.865982 0.0442993 -0.543269 0.838389 0.104491 -0.141566 0.984399 0.122857 -0.177278 0.976462 -0.0605552 -0.741148 0.668606 0.408596 0.280319 -0.868603 0.180009 0.162946 -0.970075 0.855349 0.288345 -0.430389 0.873033 -0.487576 -0.00907081 0.645325 0.107074 -0.756367 -0.0971586 -0.8169 -0.568537 -0.645325 -0.107074 0.756367 -0.2671 0.470964 -0.840744 -0.966073 0.174605 -0.190304 -0.986794 -0.10024 0.127236 -0.405372 0.233969 -0.883703 -0.219969 0.60263 -0.767106 -0.847945 0.51564 -0.1229 -0.432591 0.275965 -0.858318 -0.0619758 0.792437 -0.606798 0.0999204 -0.0467813 -0.993895 0.101005 0.287719 -0.952374 0.716541 0.333804 -0.61249 -0.0237603 -0.626726 0.778877 -0.0100443 -0.620376 0.78424 -0.0110766 -0.26525 0.964116 0.152696 -0.361777 0.919675 0.0594378 -0.202136 0.977552 0.168545 0.257716 -0.951407 0.529949 0.603347 -0.595925 0.572389 -0.26932 -0.774492 0.980415 -0.119751 0.156352 -0.156413 0.547647 -0.82196 -0.99354 0.0723652 0.0874115 -0.104162 -0.108851 0.988586 -0.203689 0.357445 -0.911452 -0.583615 0.224036 -0.780514 -0.399403 0.580479 -0.709593 -0.526272 -0.0259971 -0.849919 -0.117533 -0.781622 0.612579 -0.00191571 0.427951 -0.9038 0.0921652 0.463041 -0.881532 -0.0915256 0.031746 -0.995297 0.026358 -0.0383103 -0.998918 0.118762 0.306316 0.944493 -0.263379 -0.648535 0.714167 0.496158 0.0367074 0.867456 0.437718 -0.405824 0.802315 0.249504 -0.516091 0.819389 0.248479 -0.512405 0.822009 0.163951 -0.245331 0.955475 0.726034 0.227516 -0.648931 -0.370218 -0.430097 0.82338 -0.565002 -0.425827 0.706714 -0.62489 0.0720168 0.777384 -0.154118 0.911382 -0.381615 -0.129125 -0.266394 0.955176 -0.481111 -0.792129 0.375585 -0.313934 -0.650915 -0.691199 -0.241536 -0.602737 -0.760505 -0.660679 0.440191 0.608059 0.460881 -0.824138 -0.329219 0.914507 0.396708 -0.0793682 -0.248486 0.239748 -0.938496 0.362845 -0.706481 0.607642 -0.12224 0.0979638 -0.987654 0.125634 -0.0829841 0.9886 0.164148 -0.539724 0.825684 -0.162909 -0.155033 0.974385 -0.125014 -0.0633174 0.990133 0.0323018 -0.629741 0.776133 0.778115 -0.0801034 -0.622993 0.235767 0.469903 -0.850649 0.162927 0.0928219 0.982262 -0.0323018 0.629741 -0.776133 -0.362845 0.706481 -0.607642 -0.377152 0.352313 -0.856523 -0.369877 0.175192 -0.912414 -0.122622 -0.389607 0.912781 -0.137863 0.117064 -0.983509 0.0603832 0.336996 -0.939568 -0.0133465 -0.0574796 -0.998257 -0.114777 -0.238136 -0.964426 0.599294 -0.761304 -0.247512 0.644988 0.376289 0.665129 -0.0641177 -0.548737 0.833533 -0.0105179 -0.599679 0.800172 -0.173307 0.00786721 0.984836 -0.111234 -0.268444 0.956851 0.00348519 -0.402125 0.915578 0.978063 -0.0317219 0.205879 0.137236 0.267593 -0.953709 0.374927 0.5669 -0.733522 0.323613 0.600863 -0.730916 0.976784 -0.0861458 0.196141 0.297886 -0.0227709 0.95433 0.234792 0.0203168 0.971833 -0.0377062 0.993111 -0.110941 0.170898 0.968889 0.17902 0.0780654 0.993849 0.0785454 -0.00996702 0.968809 0.247606 -0.308555 0.0497522 0.949904 -0.212155 -0.23233 0.949217 -0.447566 0.495986 -0.744098 -0.344633 0.494703 -0.797807 -0.481754 0.21598 -0.849274 -0.00294532 0.978548 0.206 0.796087 -0.430573 0.425267 -0.425927 -0.636316 0.643185 -0.359767 -0.921999 -0.143128 0.0432964 -0.514349 0.856487 -0.999051 0.03708 -0.0228645 -0.117886 -0.0936616 -0.9886 -0.0419181 0.126963 -0.991021 0.046484 -0.287217 -0.956737 -0.0279772 -0.387864 -0.921292 0.465784 0.331402 0.820499 0.259154 0.445217 0.857101 -0.030899 0.304185 -0.952112 -0.118446 -0.194551 0.973715 -0.0687638 -0.395144 0.916042 0.511819 -0.0848564 0.854892 0.298929 0.114277 -0.947408 0.690589 0.543608 -0.477051 0.157901 0.393164 -0.905809 0.624679 0.232082 -0.745596 0.600545 -0.113123 -0.791549 0.152663 -0.94914 0.275367 -0.341391 0.195764 0.919309 -0.386748 0.142072 0.911176 -0.277579 -0.100779 0.955402 -0.686603 0.371173 -0.625146 0.0293976 0.102084 -0.994341 -0.0608453 0.28713 0.955957 0.793864 0.253276 0.552839 0.388491 0.193492 0.900908 -0.0676899 0.0713855 0.995149 0.182196 0.161716 -0.969872 -0.0653883 -0.0206758 -0.997646 -0.0643285 -0.329133 -0.94209 0.0498222 -0.426395 -0.903164 0.0242351 -0.197928 -0.979917 -0.0099988 -0.219006 0.975672 -0.0119923 -0.217807 0.975918 -0.0109737 0.083328 0.996462 -0.0069466 0.0801334 0.99676 -0.0573711 0.313066 0.947997 0.170209 0.397542 0.901659 0.0922374 -0.356923 0.929569 0.913952 -0.0701421 0.399715 0.992693 -0.00806582 0.120399 0.20297 0.317515 -0.926276 0.301905 0.25184 -0.919473 0.976851 0.0178267 0.213177 0.15714 0.410585 0.89818 -0.450388 -0.660834 -0.600374 -0.550751 0.454341 0.700177 -0.97561 -0.0364959 -0.216456 -0.157007 0.222334 -0.962246 -0.344568 -0.0957257 -0.933868 -0.44622 0.384559 0.808086 -0.295329 0.309883 -0.903744 -0.723288 -0.220465 -0.654408 -0.979896 -0.0393926 -0.195582 0.531835 0.661515 0.528725 0.273905 -0.901965 -0.333818 0.00181839 -0.0730962 -0.997323 0.00631756 -0.0766255 -0.99704 0.0091175 -0.377433 -0.925992 0.083911 -0.339199 -0.936965 0.196669 0.25151 -0.947662 0.166901 0.17657 -0.970035 0.0261317 -0.227237 0.973489 0.0157166 -0.146108 0.989144 0.081487 -0.0454429 0.995638 -0.0187291 0.380235 0.9247 -0.0529584 0.35452 0.933547 -0.0231133 0.219286 0.975387 0.232395 0.323132 0.917376 0.281306 0.116438 -0.952528 0.402976 0.0733189 0.912269 0.549043 -0.472878 -0.689158 0.998317 -0.0321118 0.0482862 -0.813635 -0.200191 -0.545822 -0.958357 -0.0298974 -0.284004 -0.156316 0.103848 0.982233 -0.966036 0.0373773 -0.255689 -0.741278 -0.629056 0.234084 -0.805404 -0.482023 -0.344933 0.248359 0.349755 0.903321 -0.802858 0.00866251 -0.596108 -0.971876 -0.0185208 -0.234763 -0.957797 -0.0289837 -0.285981 -0.994975 -0.0552353 -0.083507 -0.0538291 -0.163919 0.985004 -0.0906093 -0.170403 -0.9812 -0.0250652 -0.389699 -0.920601 -0.122236 -0.495485 -0.859973 0.0459233 -0.789249 -0.612354 0.137461 -0.200804 0.969939 -0.0626103 -0.240652 0.96859 -0.0102723 -0.0299195 0.9995 0.073968 -0.0979504 0.992439 -0.0109807 0.212673 0.977062 -0.362896 0.732038 0.576565 -0.0654799 0.473406 0.878407 -0.141638 0.385922 0.911594 -0.106795 0.285499 0.95241 0.0533715 0.263 -0.963318 0.977983 0.0853961 0.190411 0.685583 -0.267774 -0.676959 0.254126 0.0586793 -0.965389 0.722253 0.334331 -0.605453 0.54124 0.0907473 -0.835957 0.976406 0.0459283 0.211003 0.52826 0.497525 0.688048 -0.189153 0.0325615 -0.981408 -0.226495 0.252529 -0.940707 -0.454814 0.389199 -0.801042 -0.286668 0.106406 -0.952103 -0.243287 -0.278459 -0.929124 0.338619 -0.332201 -0.880329 0.403609 -0.0124021 -0.914847 -0.122086 -0.342731 -0.931467 0.205891 -0.64156 -0.738925 -0.0651606 -0.0438983 0.996909 0.0130475 0.128095 0.991676 0.0713077 0.535934 0.841243 -0.0458478 0.443179 0.89526 -0.0231088 0.344713 0.938424 0.549222 0.309945 0.776073 -0.269655 -0.361495 -0.892529 0.554367 -0.560015 -0.615679 0.880923 -0.338617 -0.330624 0.438039 0.512842 -0.738319 -0.5732 -0.00943976 0.819361 0.400643 -0.0315479 -0.915691 0.58168 0.0926784 -0.808121 -0.303694 0.333292 -0.892573 -0.30055 -0.415615 -0.858448 -0.958364 -0.066702 -0.277649 -0.156315 0.231153 0.960278 -0.258184 0.0392573 -0.965298 -0.266934 0.289896 -0.919079 -0.351002 -0.516446 -0.781077 -0.546645 -0.541425 -0.638778 -0.350335 0.123564 -0.928438 -0.450827 -0.290893 -0.843882 -0.664873 0.102375 -0.739908 -0.305834 0.0114242 0.952016 0.0796866 -0.298198 0.951172 0.0187036 -0.205855 -0.978404 0.107842 0.0770972 -0.991174 0.0672967 -0.578662 -0.812786 0.073089 -0.736922 -0.672015 0.184634 -0.0270036 -0.982436 0.0865769 -0.354067 -0.931204 0.472643 0.559655 0.680731 0.120267 -0.144489 0.98217 0.0365035 0.0478648 0.998187 -0.00336028 0.0687081 0.997631 0.167203 0.416663 0.893552 0.118131 0.494071 0.861359 -0.125197 -0.493685 -0.860582 0.494549 0.157012 0.85485 0.398755 0.422464 0.813952 0.331058 0.497806 0.801617 0.605768 -0.311035 0.732327 -0.325026 -0.7815 -0.532556 -0.422716 0.842039 0.335084 -0.972251 -0.133234 -0.192294 -0.958362 -0.102373 -0.266574 -0.0680306 0.358084 0.931208 -0.291464 -0.086927 -0.952624 0.0830576 -0.860193 -0.50316 -0.956165 -0.286239 -0.0617756 -0.891063 -0.0942558 -0.443985 -0.398047 0.108835 -0.910886 -0.58974 -0.355102 -0.725334 -0.977348 -0.117336 -0.176136 0.244495 0.521146 -0.817697 -0.198247 0.644184 0.738732 -0.366861 0.588752 0.720267 -0.910948 -0.0604998 -0.408061 0.299547 0.576364 -0.760313 -0.469437 0.481133 0.740365 -0.998275 0.0320404 0.0491917 -0.707731 0.0625821 -0.703705 -0.0308083 -0.617238 -0.786173 0.377321 0.919745 0.108155 -0.285038 -0.535448 0.795015 -0.120887 -0.632113 0.765388 -0.226429 0.554538 -0.80076 0.779837 -0.615012 -0.11668 -0.171297 -0.513125 -0.841047 0.26548 -0.289989 -0.919471 0.078296 -0.0126976 -0.996849 0.0044513 -0.710114 -0.704073 0.419264 0.471113 0.776061 0.203819 0.103481 -0.973524 0.746075 -0.0599849 0.663154 0.373948 0.496116 0.783602 0.402222 0.405406 0.820892 -0.376703 0.676813 0.632471 -0.456301 -0.18037 -0.871353 -0.726725 0.153445 -0.66957 -0.323544 -0.204069 0.923945 -0.202528 -0.620825 -0.757337 -0.243627 0.609015 0.754816 -0.869568 -0.266667 -0.415621 0.163825 0.372794 0.913338 -0.0419713 0.182104 0.982383 0.200171 0.521867 0.829209 -0.0270208 0.692738 0.720683 0.25558 0.942675 0.214577 -0.00491327 0.107137 0.994232 0.935117 -0.0689185 -0.347573 -0.320698 -0.837782 0.441899 -0.21355 -0.905139 0.367587 0.0755246 -0.4302 -0.899569 0.113733 -0.184974 -0.97614 0.0509329 -0.763507 -0.643788 -0.00919373 -0.630474 -0.776156 0.232612 0.397394 0.887677 0.216185 0.817566 0.533713 -0.0774679 0.213887 0.973782 0.0200886 0.100624 0.994722 0.149568 0.406979 0.901109 0.138208 0.491025 0.860112 -0.0735972 0.69343 0.716755 0.271489 0.650797 0.709054 -0.141847 -0.671517 -0.727286 0.167539 -0.47596 -0.863362 0.420667 -0.0758343 -0.90404 0.500494 0.429352 -0.751773 0.277146 0.442 0.853127 0.568514 -0.699178 -0.433524 0.246855 0.78007 0.574938 -0.832839 -0.519443 -0.191203 -0.609543 -0.770322 0.187248 -0.559065 -0.430115 -0.708836 -0.160571 -0.217443 -0.962775 -0.673772 0.352573 0.649403 -0.491314 -0.0270998 -0.870561 -0.715944 -0.548436 -0.432022 -0.672818 0.706975 0.217949 0.0932883 -0.962462 0.254882 0.474139 0.862564 -0.176568 -0.384967 -0.918516 0.0901629 -0.00193509 -0.49944 -0.866347 0.0129614 -0.509496 -0.860375 0.161666 -0.139733 -0.976903 0.0177127 -0.755992 -0.654341 -0.00359512 -0.763594 -0.645687 0.0255433 0.245258 0.969121 -0.125625 0.449496 0.884405 -0.00797048 0.571687 0.820433 0.00669388 0.752039 0.659085 -0.0482741 0.71555 0.696891 0.0640796 0.315491 0.946763 0.937987 0.170454 0.30187 0.608727 0.390243 0.690769 0.682812 -0.254692 0.684763 0.0454006 0.879546 0.473644 0.746499 0.250553 0.616411 0.430105 0.718587 0.546481 0.704276 0.453563 -0.546147 -0.840006 -0.388712 -0.378541 -0.958627 -0.151938 -0.240727 -0.0680196 0.532878 0.843454 -0.961768 -0.0608171 -0.267029 -0.273356 -0.876795 -0.395609 -0.61843 -0.138794 -0.773486 -0.26575 -0.341709 -0.90145 -0.973406 -0.116421 -0.197298 -0.958043 -0.151972 -0.24302 0.551808 0.73861 0.387252 0.120236 -0.0941021 0.988275 0.0209844 -0.475527 -0.879451 0.0166374 -0.478781 -0.877777 0.0131487 -0.230179 -0.973059 0.123843 -0.143138 -0.981924 0.0351345 -0.82864 -0.558678 0.0163552 -0.668714 -0.74334 0.5457 -0.0951958 0.832556 0.0273537 0.259814 0.965271 -0.0202393 0.367969 0.929618 0.0327478 0.48686 0.872866 -0.0592762 0.792514 0.606966 -0.023102 0.677585 0.735082 -0.0132559 0.213369 0.976882 0.296496 0.761515 0.576355 -0.236625 -0.770203 -0.592281 0.952775 0.155474 0.260858 0.999453 0.0193991 -0.0267711 0.948348 0.058094 0.311866 0.306477 0.554712 0.773542 0.459456 -0.765143 -0.451062 0.671807 0.704352 0.229267 0.78598 0.437699 -0.436641 0.917199 0.349177 -0.191892 0.0887296 0.022942 -0.995792 -0.429021 0.800384 0.41872 -0.929817 -0.216395 -0.297679 -0.15629 0.581046 0.798724 -0.968427 -0.0920954 -0.231661 -0.99501 0.070445 -0.0706537 -0.640292 -0.222862 -0.735091 -0.981903 -0.0904514 -0.166389 -0.336414 -0.441074 -0.832033 -0.17979 -0.871642 -0.455977 -0.107504 0.80147 -0.588294 0.212862 0.0203817 0.97687 0.257228 0.101531 -0.961002 0.0147458 -0.679911 -0.733146 0.213111 -0.553815 -0.804906 0.0300097 -0.339475 -0.940136 0.0270509 -0.336212 -0.941398 -0.0129218 -0.439804 -0.898001 0.0949818 -0.796113 -0.597648 -0.182402 -0.866273 -0.465081 0.147687 -0.832094 -0.53461 0.486931 0.717735 0.49775 0.435829 0.752813 0.49328 0.0329586 0.384449 0.922558 0.045285 0.75411 0.655186 -0.058812 0.561279 0.825535 0.0069446 0.32357 0.946179 0.985973 0.0602822 0.155641 0.975316 0.0894228 0.201896 0.984587 0.0697575 -0.160385 0.224598 -0.0111847 -0.974387 -0.991705 0.127551 -0.0158862 -0.190139 0.836375 0.514125 -0.175121 0.84832 0.499686 -0.991081 -0.0579994 -0.11998 -0.0676017 0.555824 0.828547 -0.0757906 0.534815 0.841563 -0.980684 -0.0387081 -0.191733 -0.996041 -0.0478871 -0.0748945 -0.992896 -0.108559 -0.0487135 0.103038 0.136246 0.985302 -0.9209 0.131326 0.367011 -0.715483 0.336491 0.612256 -0.0504101 -0.800162 -0.597661 0.0520859 -0.692138 -0.719883 -0.30551 -0.432256 -0.848421 0.0417784 -0.882946 -0.467612 -0.0289668 -0.929652 -0.3673 -0.308667 -0.91231 -0.269101 0.0603108 -0.893992 0.444005 0.951462 0.255788 0.171149 0.223711 0.96469 0.139018 0.135206 0.475391 0.869323 -0.0530233 0.870151 0.489923 0.0883246 0.76606 0.636672 0.949506 0.245583 0.195261 -0.126738 -0.555287 -0.821945 -0.125638 -0.555664 -0.821859 0.922786 0.365888 -0.120796 0.663353 0.418342 0.620446 0.423362 0.666438 0.613698 0.15012 -0.120712 -0.981271 0.0290914 0.598101 -0.800892 -0.801645 0.556865 0.217408 -0.186336 -0.651338 -0.735552 -0.106359 0.663603 0.740485 -0.341449 -0.532834 -0.774274 -0.824261 -0.560646 -0.0791901 -0.946821 -0.287555 -0.144365 -0.961118 0.0265428 0.274858 0.353055 0.596164 0.721069 0.213461 -0.77322 -0.597131 0.160312 -0.75438 -0.636561 -0.0772417 -0.461516 -0.883763 -0.0310089 -0.440361 -0.897285 0.0374433 -0.924948 -0.378245 0.131032 -0.959432 -0.249641 0.0759575 0.575131 0.814527 0.0293945 0.265536 0.963653 0.392199 0.411827 0.822544 0.266141 0.888927 0.372797 0.158213 0.570383 -0.805997 -0.0700116 0.846623 0.527568 0.0602124 0.761323 0.645571 -0.617059 0.195277 0.762302 -0.414531 0.400275 0.817279 -0.640637 -0.708394 -0.296248 0.551102 -0.736325 -0.39257 -0.984734 -0.137088 -0.107263 -0.493735 0.767862 0.408183 -0.438565 0.818926 0.370163 0.143134 0.482841 0.863932 -0.325934 0.157171 0.932236 -0.233279 0.123406 0.964548 0.149687 0.46337 0.873431 -0.462785 0.295996 0.835594 -0.871502 -0.444431 -0.207283 -0.470644 0.856236 0.212966 0.687644 -0.596613 0.413762 -0.0113642 -0.843807 -0.536527 0.129621 -0.700353 -0.701929 0.0403393 -0.993162 -0.109554 0.472892 -0.85202 -0.224576 0.0868717 0.734947 0.672537 -0.0268684 0.578373 0.81533 -0.0613591 0.610753 0.78944 -0.00470221 0.910275 0.413977 -0.0132193 0.912561 0.408727 0.0715673 0.955377 0.286589 -0.0144259 0.941936 0.335482 0.364317 -0.852991 -0.373737 0.320274 -0.572781 -0.754551 0.934643 0.228224 0.272682 0.504098 -0.0429503 -0.862578 0.0557458 -0.650707 -0.75728 0.973917 0.162411 0.158457 0.969246 0.181552 0.166135 0.505382 -0.0456591 -0.861687 0.940154 0.0784026 -0.331607 -0.340205 -0.561593 -0.754238 -0.386378 -0.518026 -0.763126 -0.548886 -0.784179 -0.28946 -0.0020059 0.94064 0.3394 -0.45154 -0.558534 -0.69581 -0.280671 -0.869234 -0.40701 -0.0614254 0.844629 -0.531817 0.0851328 -0.972717 -0.215811 -0.107027 -0.992936 -0.0512101 0.0423086 -0.525248 -0.849897 0.00604296 -0.992603 -0.121257 0.37277 0.918817 0.129682 -0.0725583 0.646646 0.759332 -0.0565868 0.638505 0.767535 0.0390932 0.95014 0.309365 -0.0751475 0.821914 0.564633 -0.0202334 0.742077 0.670009 0.995817 0.0738251 0.0538319 -0.17713 -0.840976 -0.511257 -0.0446048 -0.728042 -0.68408 0.982652 0.00979923 -0.1852 0.967087 -0.102119 -0.233054 0.990726 0.100849 0.0910551 -0.291303 -0.782878 -0.549768 0.327626 0.886231 0.327501 0.269395 0.916855 0.294624 0.374675 0.918159 0.128851 0.1387 -0.450971 -0.881696 -0.913476 0.405969 0.0273898 -0.275568 0.960194 0.0457057 -0.286472 -0.821925 -0.492313 -0.21754 0.837338 0.501539 -0.374736 -0.585277 -0.719043 -0.363304 0.926235 0.100493 -0.578598 -0.593893 -0.559031 -0.217505 -0.828907 -0.515369 -0.394046 -0.917564 -0.0529536 -0.115806 -0.328431 -0.937402 -0.0523458 -0.983393 -0.173776 0.12651 -0.848298 -0.514184 -0.0639172 -0.980255 -0.187121 -0.130654 -0.985201 0.110941 0.860865 -0.206554 -0.465023 -0.0868712 0.778871 0.621139 -0.0670086 0.765187 0.640311 0.0412855 0.913775 0.404118 -0.107126 0.950561 0.291476 -0.0642695 0.993594 0.0929562 -0.14164 0.972366 0.185587 0.0691181 0.882665 0.464892 0.250419 -0.858792 -0.446953 0.367042 -0.702415 -0.60983 0.35599 -0.701531 -0.617354 0.98481 0.166338 0.0498074 0.598922 0.796278 -0.0850492 0.172474 0.195575 -0.965403 -0.75487 -0.405867 0.515211 0.159185 0.931961 0.325744 -0.149712 -0.770738 -0.619314 -0.551431 -0.795074 -0.252549 -0.386726 -0.633882 -0.669804 -0.489599 -0.833595 -0.255759 -0.404747 -0.178985 0.896741 -0.306907 -0.327018 0.893794 -0.0283562 -0.95678 -0.289427 0.204128 -0.975818 0.078176 0.0721962 -0.83159 -0.550678 -0.895733 0.116948 -0.428935 -0.0477073 0.800866 0.59694 0.512461 0.839511 0.180572 -0.267492 -0.943041 -0.197794 0.351303 -0.674158 -0.64969 0.542476 0.100926 -0.833987 0.551593 0.467539 0.690762 0.297507 0.847546 0.439495 0.898485 0.343609 0.273236 0.95981 0.0639332 0.273271 0.242237 -0.345875 -0.906472 -0.627442 0.358303 -0.691329 -0.480904 0.873732 0.0729634 -0.375866 0.828506 0.415094 -0.378142 0.826961 0.416105 -0.328197 -0.944504 0.0141047 0.205203 -0.961123 -0.184756 -0.263188 -0.890554 0.371006 -0.528327 -0.752578 -0.393062 -0.322659 0.928997 0.181261 -0.870801 0.476121 -0.122535 -0.78573 0.337546 -0.518354 -0.702412 0.0152782 -0.711607 -0.823089 -0.292441 -0.486829 -0.916656 -0.170287 0.361586 -0.824476 -0.0719647 0.561303 -0.768323 0.237696 0.594289 -0.88167 0.41081 0.232148 -0.798285 0.600898 -0.0407739 -0.272885 -0.278298 -0.920915 -0.486023 -0.747672 0.452513 -0.51968 -0.190091 0.832946 -0.494458 0.42432 0.758593 -0.414444 0.906948 0.0753821 -0.577915 0.728479 -0.367875 -0.375563 0.422877 -0.824698 -0.383919 -0.386841 -0.838427 -0.569985 -0.261017 0.779094 -0.279985 0.234315 0.93097 -0.0858197 0.813372 0.575379 -0.436855 0.897859 0.0548278 -0.779882 -0.560038 -0.279537 -0.598628 -0.753237 0.27254 -0.918439 -0.39139 -0.0572975 -0.956829 -0.220579 -0.189272 -0.995498 -0.0502193 -0.0803821 -0.989894 -0.134721 -0.0442796 -0.999963 0.000427572 0.00858327 -0.986906 -0.139687 -0.0806496 -0.969087 0.162727 -0.185446 -0.997518 -0.0643591 -0.0285763 -0.986163 -0.151048 0.0683228 -0.521373 0.690036 0.502016 -0.957004 -0.186488 -0.222185 -0.99976 -0.0216111 -0.00352186 -0.943402 -0.3055 0.129084 -0.952686 0.00785086 0.303855 -0.905434 -0.390386 -0.166697 -0.97768 0.192557 0.08404 -0.988118 -0.027604 0.151201 -0.985361 0.0420736 0.165208 -0.958574 -0.276242 -0.0694704 -0.93107 0.158867 -0.328436 -0.979836 -0.174188 0.0978825 -0.971887 0.0949363 0.215459 -0.893879 0.417358 -0.163685 -0.968812 0.0907354 0.230586 -0.984251 -0.112666 0.136222 -0.962015 0.268391 0.0499361 -0.641583 -0.570723 -0.51249 -0.898172 -0.439279 -0.0179128 -0.998943 0.0378244 -0.0261278 -0.998348 0.0529838 -0.0222173 -0.765064 -0.489288 -0.418658 -0.993696 0.107714 -0.0310839 -0.986225 0.110114 -0.123434 -0.981337 -0.127083 -0.144319 -0.995548 0.00884824 -0.0938431 -0.993274 0.115055 -0.0129936 -0.486331 -0.783 -0.387806 -0.0141998 0.786601 0.617299 -0.507237 0.365706 0.780365 -0.61684 -0.59894 -0.510665 -0.980658 -0.000413668 -0.195731 -0.342682 -0.810698 -0.474698 -0.628762 0.516135 0.581604 -0.572626 0.349061 0.741793 -0.50185 -0.205066 0.840294 -0.576619 -0.254726 0.776289 -0.897127 0.289292 0.333876 -0.872712 -0.367739 0.321157 -0.862684 -0.180715 -0.472355 -0.79568 0.320041 -0.514264 -0.696827 0.632337 -0.338501 0.270764 -0.962605 -0.00889734 -0.293141 0.942876 0.158283 -0.191072 -0.947355 -0.256923 0.028747 -0.998286 0.0509794 0.212368 -0.968771 -0.127991 0.0434093 0.989571 0.137352 0.0577152 0.853606 0.517712 -0.111221 0.937246 0.330453 -0.17294 0.98343 0.054386 -0.0288508 0.79629 0.604226 0.46448 -0.883732 -0.0572372 0.338529 -0.788067 -0.514149 0.313986 -0.412264 -0.855249 0.264606 -0.822842 -0.502907 0.29753 0.950886 0.0853911 0.163512 0.986537 -0.00306087 0.933089 0.215688 0.287792 0.561587 -0.645475 0.517669 0.241051 0.691961 0.680503 0.541799 0.548321 -0.637022 0.626643 0.537117 -0.564645 0.314663 -0.336501 -0.887555 0.388581 -0.633797 -0.668809 0.370641 -0.819932 -0.436276 0.501662 -0.795179 -0.340626 0.583687 -0.807907 0.0812122 0.681457 0.111323 0.723342 0.737862 -0.31456 0.59717 0.734134 -0.318753 0.599536 0.818422 -0.47095 0.329227 0.939304 -0.235523 0.249475 0.864404 -0.259843 0.430449 0.597607 -0.79506 0.103665 0.853343 -0.50267 0.138306 0.868791 -0.179614 0.461455 -0.232265 -0.952975 -0.194657 -0.544222 -0.740926 0.39351 0.634551 0.604603 -0.481456 0.942641 -0.304442 -0.136907 0.912881 -0.33152 -0.238206 0.53557 0.0352377 -0.843756 0.962336 -0.176694 -0.206613 0.82295 -0.238083 -0.515819 0.624018 -0.448897 -0.639604 0.4005 0.42397 -0.812311 0.8126 -0.0656455 -0.579113 0.643755 -0.461103 -0.610707 0.782595 -0.112289 0.61232 0.592393 0.477412 -0.64896 0.908569 -0.200369 -0.366543 0.450446 0.441465 -0.77602 0.67599 0.634249 -0.375187 -0.058032 0.961819 0.267464 0.706023 0.446461 0.54973 0.764366 0.337685 0.549285 0.728458 0.494676 0.473968 0.668573 0.197164 0.717033 0.675646 0.264547 0.688126 0.665384 0.27322 0.694705 -0.0796132 0.869566 0.487356 0.706095 0.686543 -0.173458 0.519318 -0.833153 -0.190172 0.576942 -0.466519 -0.670446 0.5473 -0.175528 -0.818323 0.0800543 0.199439 -0.976635 0.508272 0.716978 -0.477076 -0.00808772 0.202596 0.979229 0.573101 -0.23815 0.784117 0.500774 -0.414064 0.760116 0.640794 -0.628198 0.441306 0.226157 -0.910667 0.345744 -0.999381 -0.0316917 -0.0152915 -0.051404 -0.980308 -0.190668 0.710759 -0.311174 0.630867 0.138423 -0.815312 -0.562233 -0.0339403 -0.778561 -0.62665 0.118069 -0.951001 0.285757 0.0184054 -0.982787 0.183822 0.00972224 -0.912305 -0.409397 0.0625119 -0.992565 -0.104436 0.963679 -0.266257 -0.0207522 0.310588 0.949588 0.0426467 0.29897 0.763699 0.572172 0.25836 0.962006 -0.0882876 0.188763 -0.511696 -0.838174 -0.55132 0.701706 -0.451282 -0.731788 -0.657059 -0.180995 -0.213144 0.931884 0.293534 -0.228892 -0.765374 -0.601508 -0.620562 -0.467822 0.629321 -0.350996 -0.785735 -0.509336 -0.0980886 -0.948082 -0.30252 -0.344098 0.905573 -0.248063 -0.360993 0.91919 0.157397 -0.767764 0.633335 0.0970865 -0.113429 0.988163 0.103287 -0.906838 0.246016 -0.34223 -0.923364 -0.225826 0.310487 -0.339064 0.749926 0.568019 -0.0386745 0.720987 0.691868 0.316533 -0.886805 0.336724 -0.552597 0.784892 -0.280324 -0.336032 0.857138 0.390381 -0.648393 0.759349 -0.0545533 -0.105582 0.857788 -0.503043 -0.107642 0.495158 -0.862109 -0.934456 0.201896 -0.293309 -0.427033 -0.558476 0.711159 -0.86592 -0.500161 -0.00467698 -0.22787 -0.850984 0.473182 0.934456 -0.201896 0.293309 0.851507 -0.392074 0.348157 0.811238 -0.404224 0.422488 -0.0209729 0.341938 0.939489 -0.223979 0.268639 0.936839 -0.458162 0.597777 0.657838 0.312189 0.280561 0.907648 0.39352 0.54907 0.737336 -0.0857742 0.457081 0.885279 -0.219918 -0.725238 -0.652431 -0.423175 -0.348201 -0.836468 -0.189077 -0.192284 0.962952 0.850429 -0.525161 -0.031241 0.202412 -0.462697 -0.863099 -0.855122 -0.442503 -0.270108 -0.604989 0.445119 0.660195 -0.0810742 -0.986509 0.14222 -0.305932 -0.942432 0.13501 0.347993 -0.761546 0.546762 0.245448 0.249064 0.936869 0.0829963 -0.995787 0.0389903 0.512712 -0.684051 0.518845 -0.00819201 0.998655 -0.0511991 0.747809 0.562439 0.352766 -0.0240552 0.99789 0.0603076 -0.781799 -0.0935195 0.616477 0.418829 0.901158 -0.111785 0.44339 -0.889984 0.106464 0.0141168 0.557994 0.829725 0.34017 -0.200858 -0.918662 0.0750136 -0.906911 0.414592 0.425873 0.325156 -0.844337 -0.322904 -0.338327 0.883893 -0.322925 -0.338107 0.88397 0.131683 0.986712 -0.0951811 0.000335643 -0.550285 0.834977 0.36209 -0.333254 0.870536 -0.579677 -0.13653 0.803327 0.961165 0.260902 0.0899576 -0.0233922 0.570503 -0.820962 -0.00422757 0.586872 -0.809669 0.0170998 0.356161 -0.934268 0.994097 -0.0679203 0.084607 -0.131181 -0.404645 0.905016 0.987759 0.106789 -0.113704 -0.0243288 0.96645 0.255699 -0.00361476 -0.991962 -0.126487 0.161307 0.00658807 0.986882 -0.0269009 0.281335 -0.959233 0.0107623 -0.765353 -0.643521 0.0228647 0.891994 0.45147 0.57295 -0.780372 -0.250494 0.320482 0.901498 0.290848 0.0108978 -0.789988 -0.613026 -0.927974 0.351067 -0.124968 -0.365357 0.916059 0.165377 0.911943 0.39472 -0.112055 -0.525029 0.305321 0.794433 -0.0336317 0.437884 -0.898402 0.0915516 0.259103 -0.961501 0.344867 -0.211295 0.914561 0.0394213 -0.507186 -0.860934 0.547921 0.720908 0.424351 0.00134535 0.75047 0.660903 -0.000783493 0.398115 0.917335 -0.284022 -0.590605 -0.755326 -0.251649 -0.370049 -0.89428 0.358358 -0.622387 -0.695855 0.31857 -0.370535 -0.872477 0.431076 0.687023 0.584955 -0.0703618 -0.659626 -0.748293 -0.0102469 -0.476964 -0.878863 0.0143392 -0.519191 -0.854538 -0.100456 0.559639 0.822625 -0.964761 -0.121658 -0.233316 -0.556089 -0.641587 0.528329 -0.959467 -0.144888 -0.241722 -0.676641 -0.260172 -0.688816 0.56662 0.659602 0.493829 0.41205 0.578308 0.704112 0.857502 -0.435635 0.273702 0.132084 0.789836 0.598927 -0.222031 0.969589 0.102951 -0.130688 0.970763 -0.201347 0.831304 0.555741 0.00921277 -0.0565601 -0.990268 -0.127163 -0.139005 -0.99029 -0.00163888 -0.0598985 -0.993548 0.0963001 -0.176745 0.983795 0.0301581 -0.386759 0.909758 -0.150855 0.37132 0.91935 -0.130065 0.294376 0.90697 -0.301245 0.360656 0.414792 0.835389 -0.385128 0.247793 0.888974 0.994254 -0.0542358 0.0922891 -0.021223 -0.982921 0.182798 -0.110127 -0.99336 0.0332966 -0.653484 0.360835 -0.665399 0.0539737 0.937812 -0.342923 -0.788112 -0.607837 0.0970278 -0.0948256 0.985734 -0.139055 -0.619551 -0.772276 0.140525 -0.50711 -0.859224 0.0676282 0.667786 -0.648585 0.365238 -0.150963 -0.948143 -0.279705 0.204924 0.886544 -0.414785 -0.996134 0.0873898 -0.0089623 -0.145876 -0.942586 0.300419 0.345823 0.730267 -0.589167 0.228739 -0.665027 0.710927 0.141114 0.318403 -0.937393 -0.504821 -0.32554 0.799487 0.20329 -0.710639 -0.673547 -0.582227 0.57624 0.573549 0.0960442 0.349865 0.931864 0.110441 -0.678418 -0.726327 0.832581 -0.106172 -0.543633 -0.568792 0.139964 0.810485 -0.96459 0.118597 0.235588 -0.964577 0.118601 0.235635 -0.0997938 0.994746 -0.0228364 0.0334567 0.997953 0.054495 0.123131 -0.965559 0.229203 0.987412 0.15428 0.0348598 0.0697425 -0.978678 0.193198 0.879073 0.298203 0.371895 -0.879073 -0.298203 -0.371895 0.0446017 0.807532 0.588135 -0.0911676 0.312374 0.945574 -0.00994587 0.406451 0.913619 0.14668 0.873498 0.464204 -0.00200765 -0.768211 -0.640194 -0.0121833 0.404592 0.914416 0.0508272 0.865143 0.498944 -0.0187 0.649145 0.760435 0.0438962 0.705394 0.707455 -0.0473706 0.998214 0.0364054 -0.0369689 0.645482 0.76288 -0.0163764 0.834629 0.550569 0.219478 0.877913 0.425556 -0.0651439 0.851654 0.520039 -0.0129414 0.818602 0.574216 0.0213763 0.66766 0.74416 0.428416 0.869399 0.246182 -0.179199 0.902451 0.391752 0.160609 0.722383 0.672582 0.368907 -0.592109 0.71646 -0.000493073 0.98298 0.183714 0.176387 -0.968202 -0.177403 -0.0414304 0.957974 0.283846 -0.176387 0.968202 0.177403 -0.00692616 0.92934 0.36916 -0.0501724 0.954875 0.292738 0.705503 0.707632 0.0390131 -0.0377776 0.999216 0.0118703 0.00782602 0.983081 -0.183003 0.0153114 0.99739 0.0705577 0.341602 0.939601 0.0213778 0.215392 0.969619 -0.115953 -0.00737599 0.962752 -0.270287 0.748679 0.651316 -0.123557 0.027816 0.97186 -0.23391 0.00270698 0.961988 -0.273077 -0.759687 -0.022248 -0.649908 -0.0745435 0.874875 -0.478579 0.248403 0.708444 -0.660609 0.22951 -0.515146 0.825802 -0.167646 0.559467 -0.811721 -0.00591942 0.847646 -0.530529 0.0213689 0.737571 -0.674931 -0.00692675 0.663803 -0.747876 -0.108462 0.604288 -0.789349 -0.078985 0.62678 -0.775183 -0.0032241 0.708011 -0.706194 0.0180005 0.785508 -0.618589 -0.0243283 0.427116 -0.90387 -0.0115325 0.397041 -0.917729 -0.396692 0.634952 -0.662926 0.15761 0.412386 -0.897272 0.000771839 0.578397 -0.815755 -0.018586 0.426141 -0.904466 0.0307599 0.0487019 -0.99834 0.00421123 0.119012 -0.992884 -0.0407501 0.1822 -0.982417 -0.00626536 0.152346 -0.988307 0.00327954 0.154078 -0.988053 -0.0907735 0.2136 -0.972695 0.0641124 -0.449737 -0.890857 0.232922 -0.323241 -0.917204 -0.0503915 -0.130359 -0.990186 0.141776 0.132735 -0.980959 0.00386784 -0.240647 -0.970605 -0.262174 -0.287431 -0.921221 0.0137568 -0.514281 -0.857512 0.32997 0.337251 0.881692 -0.170794 -0.209685 -0.962737 0.342747 0.261651 -0.902254 0.296921 0.335807 -0.893908 -0.996008 -0.0538189 -0.0712193 -0.00953216 -0.404548 -0.914467 0.0904892 -0.459403 -0.883607 -0.255851 -0.748039 -0.612354 0.0391134 -0.583882 -0.810896 0.119544 -0.337452 -0.933721 0.0663057 -0.649209 -0.757715 -0.384668 -0.597956 -0.703193 -0.0126751 -0.834691 -0.550572 -0.217512 -0.898955 -0.380222 -0.00497275 -0.830924 -0.556364 -0.0723815 -0.870292 -0.487188 0.0591007 -0.632927 -0.771952 0.00517058 -0.790752 -0.612115 0.129884 0.561394 -0.817293 0.0366516 -0.982892 -0.1805 -0.0251118 -0.963489 -0.266568 0.0516681 -0.991859 -0.116385 0.0268979 -0.961956 -0.271879 -0.0553411 -0.980606 -0.188013 0.0281567 -0.903645 -0.427355 -0.0492437 -0.954871 -0.29291 0.00942298 -0.998186 0.0594628 0.025787 -0.999309 0.026775 0.048812 -0.99524 -0.0843511 0.00314706 -0.999687 -0.0247996 0.0664866 -0.958664 -0.276665 0.478882 -0.852703 -0.208732 -0.00981899 -0.940997 0.338273 0.0700679 -0.977198 0.200434 -0.0656833 -0.950843 0.302628 -0.00660883 -0.981926 0.189151 0.0102686 -0.997775 0.0658811 -0.00640205 -0.801366 0.598141 -0.111723 -0.887665 0.446732 -0.661669 -0.735621 -0.145107 -0.0108499 -0.847584 0.53055 -0.00692284 -0.66378 0.747896 0.0364796 -0.686136 0.726559 -0.102126 -0.572151 0.813765 0.0663713 -0.798252 0.598656 0.0147362 -0.647987 0.761509 0.120622 -0.728254 -0.674608 0.313502 -0.904549 0.288978 -0.0470816 -0.041685 -0.998021 0.0499071 -0.313693 0.948212 -0.0291434 -0.589611 0.807161 -0.144145 -0.507634 0.849429 0.17722 0.100947 0.97898 0.00230641 -0.562958 0.826482 -0.018334 -0.425941 0.904565 0.0557181 0.131897 0.989696 -0.0674213 -0.231288 0.970546 0.412196 -0.0963443 -0.905987 0.0433617 -0.331704 0.942386 -0.0362742 0.324047 -0.945345 -0.180406 -0.252655 0.950589 0.00469575 -0.153377 0.988157 0.00430394 -0.153604 0.988123 0.000922573 0.206716 0.978401 0.263844 0.47185 0.841276 0.267326 0.473706 0.83913 -0.037804 0.131125 0.990645 0.0856125 -0.250485 0.964328 -0.0301994 0.137889 0.989987 -0.000717851 0.194304 0.980941 0.0164259 -0.875481 0.482973 0.0223823 -0.950117 -0.311089 -0.00180159 -0.645821 -0.763487 -0.115134 0.57029 -0.813335 0.00199497 0.951075 -0.308955 0.00221764 0.461126 -0.887332 -0.00221764 -0.461126 0.887332 0 -0.999088 0.0427036 0.865599 -0.429137 -0.258032 0.865741 -0.499188 -0.0360994 0 -0.823599 0.567172 -0.865599 0.429137 0.258032 -0.994864 0.0975199 -0.0271235 -0.958623 0.282272 -0.0369303 -0.999886 0.0145694 -0.00405224 -0.988127 0.137562 -0.0684256 -0.858118 0.512985 -0.0219263 0.999886 -0.0145694 0.00405224 0.994864 0.0975189 -0.0271233 0.988127 0.137561 -0.068425 0.889345 0.457215 0.00439935 0.392683 0.191507 0.899514 -0.513907 0.75197 0.412845 -0.50553 0.741226 0.441614 0.159309 0.862378 -0.480547 0.958911 0.22025 -0.178827 0.231196 -0.594186 0.770384 -0.983481 0.180584 -0.01245 0.924661 0.372307 -0.0799275 -0.910552 -0.243316 0.334205 -0.18857 -0.750098 0.633873 -0.930937 -0.223956 0.288444 -0.723892 -0.574719 0.381679 -0.958936 -0.00192011 0.283615 -0.791232 0.51245 -0.333686 0.600325 0.666811 -0.441558 0.987825 -0.135701 0.0760682 0.56957 -0.676703 0.466544 0.675127 -0.580516 0.455198 -0.18414 -0.819401 0.54284 -0.0643618 -0.796348 0.601404 0.107457 0.843653 -0.526025 0.150298 0.846226 -0.511186 -0.731689 -0.638858 -0.237682 0.78202 -0.618072 -0.0802006 0.670341 0.255164 0.696803 0.600783 0.665705 -0.442603 -0.22927 -0.143739 0.962691 0.502683 -0.0803862 0.860725 0.338068 -0.52614 -0.780312 0.238394 -0.776595 -0.583155 -0.0202352 -0.894911 -0.445786 -0.0469049 0.0709694 -0.996375 -0.499751 -0.6516 -0.570672 -0.511869 -0.124767 -0.849955 0.372694 -0.109618 -0.921457 -0.429153 -0.159521 -0.889034 0.667553 -0.683775 -0.29466 0.961192 0.224108 -0.160889 -0.250064 0.670534 -0.698464 -0.600317 0.675119 -0.428758 -0.999714 0.013377 0.0198393 -0.826899 -0.439145 0.351268 0.277297 -0.791788 0.544222 0.808703 -0.471089 0.352242 0.996058 0.0158545 -0.0872745 0.518529 -0.722899 0.456668 -0.372808 -0.828343 0.418166 -0.922279 0.256811 -0.288875 0.27476 0.772642 -0.572303 0.000118365 -0.559188 -0.829041 0.00106846 -0.558958 -0.829195 0.000118472 -0.559188 -0.829041 0.451334 0.279732 0.847377 -0.44749 0.894221 0.0110271 -0.509872 0.860052 0.0184724 0.528135 0.360466 -0.768855 -0.802935 0.391231 0.449704 0.163479 -0.525445 0.834975 0.208528 0.970477 0.121202 -0.0463912 0.227441 0.972686 0.35695 -0.195506 0.913435 -0.127256 0.766332 -0.629715 0.94778 -0.196348 0.251319 -0.946798 0.306821 -0.0971292 -0.734407 0.647951 -0.202006 0.362063 -0.441106 0.82118 0.950031 0.243955 -0.194748 0.533415 0.412887 -0.738237 0.99296 0.0509733 0.106918 0.843952 -0.308556 0.438791 -0.751219 -0.265542 0.604283 -0.992521 0.0868795 -0.0857537 -0.980202 0.144944 -0.134887 -0.932405 0.204232 -0.298179 -0.534388 -0.468216 0.703706 -0.0469645 0.616189 -0.786197 0.0116689 0.594058 -0.804337 0.0438214 -0.569631 0.820731 0.724883 -0.681225 0.102358 0.910466 -0.339092 -0.236786 0.597952 -0.766345 -0.234878 0.0749909 -0.850144 0.521184 0.547004 0.292212 -0.784473 -0.0999555 -0.97767 -0.184854 -0.542262 -0.715147 -0.441041 -0.391525 -0.90882 -0.144066 -0.180317 -0.598566 -0.780516 -0.572802 -0.449657 0.685351 0.562846 -0.502103 0.65658 0.909583 0.128865 -0.395036 0.386548 0.567575 -0.726938 -0.0287988 0.473504 -0.880321 -0.925801 0.28608 -0.247085 0.979766 0.0605453 -0.190769 0.365893 -0.628991 0.685925 -0.956147 -0.266395 0.121719 -0.00119617 -0.809428 -0.587218 0.000307408 -0.808033 -0.589137 0.0191063 -0.999537 0.0236672 -0.0272754 -0.999261 -0.0270911 -0.0269321 -0.998838 -0.0399692 0.0194493 -0.999299 -0.0320051 0.0192762 -0.999274 0.0328768 -0.331103 0.761969 0.556574 0.179904 -0.239095 0.954184 0.52923 0.674152 0.515204 -0.0395335 -0.999004 0.0207117 -0.514646 0.547875 -0.659524 -0.698768 -0.152074 0.698997 -0.8129 -0.471948 -0.341259 -0.422164 0.888066 0.181978 0.18605 0.609235 -0.770855 0.74784 0.560017 -0.356533 0.366176 0.800966 0.473676 0.0517787 0.905165 0.421894 0.027473 0.996967 -0.0728189 0.033491 0.999064 0.0273682 0.120007 0.990483 -0.0673871 -0.150438 0.988502 0.0152403 -0.125424 0.816765 0.563172 0.177218 0.848241 0.49908 0.380152 0.831124 0.405854 0.96946 0.224964 -0.0976632 0.658185 0.242732 -0.712653 -0.3613 0.198438 -0.91109 0.150984 0.987348 0.0484486 0.14588 0.96711 0.208368 -0.107406 0.93588 0.335548 0.0386768 0.744822 0.666141 -0.157451 0.987237 0.0239281 0.216709 0.976213 -0.00673984 0.166407 0.985572 -0.0309362 -0.913455 -0.0405721 0.404912 -0.762273 -0.636009 0.12013 -0.00195198 0.340086 0.940392 -0.386899 -0.780439 0.491146 -0.906897 0.0892341 0.411796 -0.939203 0.213567 -0.268863 0.755124 -5.03373e-05 -0.655582 0.902196 -0.26922 0.33699 0.885962 -0.0521802 0.460813 0.561908 -0.148343 0.81379 -0.286168 -0.180003 0.94112 -0.621115 0.0637435 0.781123 -0.761185 -0.235846 0.60413 -0.908657 0.110028 0.402785 -0.989917 0.107468 -0.09228 -0.871519 -0.0987342 -0.480318 -0.715441 0.026435 -0.698173 -0.594294 -0.0827669 -0.799978 -0.338254 0.0764402 -0.937945 0.205392 0.138543 -0.968824 0.631013 -0.13585 -0.763785 0.802329 -0.590332 -0.0881799 -0.0994018 -0.907837 0.407372 0.185591 -0.802976 0.566379 0.0704122 -0.771239 0.632639 -0.0639529 -0.189957 -0.979707 -0.0347812 -0.996999 -0.0691657 -0.557287 -0.830317 0.00217888 0.0281451 -0.999581 0.00676653 -0.273329 -0.905922 -0.323413 0.927296 0.0844627 -0.364675 0.281786 -0.947119 0.153497 0.507697 -0.00576154 -0.861517 0.953198 -0.0205799 0.301645 -0.0590776 0.152385 0.986554 -0.924317 -0.0229855 -0.380933 -0.879084 0.0506264 -0.473971 0.0662453 0.0626267 0.995836 0.81245 0.223621 -0.538441 -0.30522 0.891302 -0.335292 0 -1 4.37114e-08 0 -1 4.37114e-08 0.76243 0.577432 0.292014 0 -1 4.37114e-08 0.154286 -0.694077 0.703173 0.141656 -0.98401 0.107974 0 -1 4.37114e-08 -0.198129 0.973107 -0.117508 0 -1 4.37114e-08 0 -1 4.37114e-08 0 -1 4.37114e-08 0 -1 4.37114e-08 0 -1 4.37114e-08 0 -1 4.37114e-08 0 -1 4.37114e-08 0 -1 4.37114e-08 0.0196339 -0.999551 0.0226413 -0.0102664 -0.99878 0.0483014 0 -1 4.37114e-08 -0.887407 -0.154411 0.434357 0.816754 -0.232736 0.527966 0 -1 4.37114e-08 0.0225996 -0.997957 -0.0597607 0 -1 4.37114e-08 -0.000126631 -1 0.000134871 0.000100649 -1 3.21109e-05 5.2414e-05 -1 -5.36933e-05 0.0615352 0.10124 0.992957 0 -1 4.37114e-08 -0.422213 -0.48215 -0.767638 0 -1 4.37114e-08 0 -1 4.37114e-08 0 -1 4.37114e-08 1.98953e-05 -1 -4.51123e-05 0 -1 4.37114e-08 8.47732e-05 -1 4.20444e-05 -1.49711e-05 -1 2.14095e-05 0 -1 4.37114e-08 -0.958741 -0.128173 -0.253747 2.20915e-05 -1 6.06888e-06 0.000161294 -1 -3.21624e-05 0 -1 4.37114e-08 0 -1 4.37114e-08 0 -1 4.37114e-08 0 -1 4.37114e-08 0 -1 4.37114e-08 0 -1 4.37114e-08 0 -1 4.37114e-08 0 -1 4.37114e-08 0 -1 4.37114e-08 0 -1 4.37114e-08 0.0125984 -0.999917 -0.00280005 0.00328413 -0.999988 0.00360775 -0.00414387 -0.999991 -6.46791e-05 0.00592951 -0.999962 -0.00641588 -0.000259227 -1 8.45239e-05 0 -1 4.37114e-08 -6.18659e-05 -1 -2.2487e-05 0 -1 4.37114e-08 0 -1 4.37114e-08 0 -1 4.37114e-08 0.0537154 -0.677379 0.733671 0 -1 4.37114e-08 -0.000176555 -1 3.16406e-05 0 -1 4.37114e-08 0 -1 4.37114e-08 0 -1 4.37114e-08 0 -1 4.37114e-08 0 -1 4.37114e-08 0 -1 4.37114e-08 0 1 -4.37114e-08 0 -1 4.37114e-08 0 -1 4.37114e-08 0 -1 4.37114e-08 0 -1 4.37114e-08 0 -1 4.37114e-08 0 -1 4.37114e-08 0 1 -4.37114e-08 0 -1 4.37114e-08 0 -1 4.37114e-08 0 -1 4.37114e-08 0.000139091 -1 -8.23751e-05 0 -1 4.37114e-08 -0.946492 -0.259324 -0.192106 -0.64746 -0.152757 -0.746633 0 -1 4.37114e-08 0 -1 4.37114e-08 0 -1 4.37114e-08 0 -1 4.37114e-08 0 1 -4.37114e-08 0 1 -4.37114e-08 0 1 -4.37114e-08 0 1 -4.37114e-08 0 1 -4.37114e-08 -0.602014 0.374657 -0.705132 0.695356 0.627937 0.349536 0 1 -4.37114e-08 -0.996771 -0.0649648 0.04719 0 1 -4.37114e-08 0 1 -4.37114e-08 -0.000206383 1 7.65843e-05 0.742699 0.633579 0.216741 -0.000118271 1 0.000203222 0 1 -4.37114e-08 0 1 -4.37114e-08 0 1 -4.37114e-08 0 1 -4.37114e-08 6.07362e-05 1 3.59619e-05 0 1 -4.37114e-08 0 1 -4.37114e-08 0 1 -4.37114e-08 -0.0130755 0.996071 0.0875867 -0.0309103 0.997666 -0.0608906 -0.438248 0.379035 0.815029 -0.19313 0.193171 0.96197 0 1 -4.37114e-08 0 1 -4.37114e-08 0 1 -4.37114e-08 0 1 -4.37114e-08 0 1 -4.37114e-08 0 -1 4.37114e-08 0 1 -4.37114e-08 0 1 -4.37114e-08 0 -1 4.37114e-08 0.000333807 1 -0.000143476 0 1 -4.37114e-08 0 1 -4.37114e-08 0.0205461 0.999342 0.0299075 0 1 -4.37114e-08 -0.0291271 0.999284 0.0241302 0 1 -4.37114e-08 0 1 -4.37114e-08 -0.000379214 1 -8.72775e-05 -0.339996 0.857785 -0.385496 0.149673 0.818242 0.555048 5.61921e-05 1 3.71906e-05 0 1 -4.37114e-08 -0.977501 -0.19979 -0.0676467 -4.31899e-05 1 -0.00017038 -0.400496 -0.314995 -0.860454 0.132831 0.612109 0.779538 0 -1 4.37114e-08 0 1 -4.37114e-08 0 1 -4.37114e-08 0 1 -4.37114e-08 0 1 -4.37114e-08 0.175115 -0.0579679 0.98284 6.16845e-05 1 4.5405e-05 0 1 -4.37114e-08 0.731222 0.542094 -0.414062 0 1 -4.37114e-08 2.60206e-05 1 -0.000145998 0 1 -4.37114e-08 0 -1 4.37114e-08 0 1 -4.37114e-08 0 1 -4.37114e-08 0 1 -4.37114e-08 -1.62985e-05 1 1.21281e-05 9.03066e-05 -1 2.93877e-05 6.45862e-05 1 -0.000145757 7.54258e-05 1 4.58507e-05 -3.05062e-06 1 0.000310341 0 1 -4.37114e-08 0 1 -4.37114e-08 8.96469e-05 1 -0.000273021 0 1 -4.37114e-08 0 1 -4.37114e-08 0 1 -4.37114e-08 0 1 -4.37114e-08 0 1 -4.37114e-08 0 1 -4.37114e-08 0 1 -4.37114e-08 0 1 -4.37114e-08 0 1 -4.37114e-08 0 -1 4.37114e-08 0 -1 4.37114e-08 0 1 -4.37114e-08 0 1 -4.37114e-08 0 1 -4.37114e-08 -8.91302e-05 1 -0.000335675 0 1 -4.37114e-08 0 1 -4.37114e-08 -0.000280659 1 -3.8711e-05 0 1 -4.37114e-08 0 1 -4.37114e-08 0.852538 0.225674 -0.471434 0 1 -4.37114e-08 0 1 -4.37114e-08 -6.98089e-05 1 -0.000287354 0.0166005 0.995834 -0.0896658 0 1 -4.37114e-08 0 1 -4.37114e-08 5.79012e-06 1 -3.82536e-05 3.91928e-05 1 6.96784e-05 0 1 -4.37114e-08 0.957177 -0.000810301 0.289504 0.991813 -3.81761e-05 -0.1277 0.789249 -0.0145966 -0.613899 0.794699 0.00052397 -0.607003 0.918029 -0.000375778 -0.396512 0.918259 -1.73088e-08 -0.395979 0.495037 -0.0266789 -0.868462 0.582005 -0.0771296 -0.809519 0.390402 -0.116381 -0.913259 0.234292 0.0476611 -0.970997 -0.106578 0.0807946 -0.991016 -0.0939158 0.0998174 -0.990564 -0.464596 -0.0236396 -0.885207 -0.45779 -0.0205592 -0.888822 -0.949327 -0.197778 -0.244258 -0.793981 0.0716976 -0.6037 -0.789699 0.084984 -0.60758 -0.963681 1.16734e-08 0.267056 -0.706098 -0.0335489 0.707319 -0.778165 -0.115105 0.617422 -0.850756 0.0439532 0.523719 -0.960215 0.0190264 0.278613 -0.992112 -5.47957e-09 -0.125358 -0.436417 -0.0443691 -0.89865 0.101085 0.0128804 -0.994794 0.99181 -5.58288e-09 -0.127721 0.707107 -3.09086e-08 -0.707107 0.707107 -3.09086e-08 -0.707107 0.998706 -0.0476005 0.0179018 0.997029 0.0684936 -0.0352299 0.998781 -0.0456031 0.0188907 -0.617353 -0.000848295 0.786686 -0.617266 3.43901e-08 0.786755 0.863922 0.0736142 -0.498217 0.896538 -1.93627e-08 -0.442967 -0.421831 -0.0570975 0.904875 -0.868482 0.0623204 0.491787 0.528614 -0.117314 0.840717 0.863627 0.245435 0.440352 0.840433 -2.36879e-08 -0.541916 0.989168 -6.41617e-09 -0.146785 0.962527 1.18539e-08 0.271187 0.960397 0.0117425 0.278386 0.989168 -6.41617e-09 -0.146785 0.840433 -2.36879e-08 -0.541916 -0.969583 -0.116059 0.215498 -0.89921 1.91245e-08 0.437518 -0.728462 2.99461e-08 0.685086 -0.728462 2.99461e-08 0.685086 -0.89921 1.91245e-08 0.437518 -0.991035 5.84003e-09 0.133604 0.207906 -2.65546e-08 -0.978149 0.587785 -1.16946e-06 -0.809018 0.866026 -2.18556e-08 -0.499998 0.994522 -4.56922e-09 -0.104532 0.951051 1.35082e-08 0.309032 0.752546 2.87857e-08 0.65854 0.414972 -0.00873774 0.909792 0.0010279 -0.001154 0.999999 -0.406732 0.00720897 0.913519 -0.74312 0.00847539 0.669105 -0.951051 1.35082e-08 0.309032 -0.98769 -6.83761e-09 -0.156426 -0.998549 -0.0128551 0.0522936 -0.866026 -2.18557e-08 -0.499999 -0.584493 -0.105854 -0.804464 -0.207116 0.0870599 -0.974435 -0.261584 -8.81489e-08 -0.965181 -0.808059 0.109252 -0.578883 -0.990694 0.0183898 -0.134861 -0.955245 0.0160297 0.295383 -0.73858 2.94687e-08 0.674166 -0.368461 -0.0473218 0.928438 0.0822087 -0.0922976 0.992332 0.406742 0.00136383 0.913542 0.743062 0.0150934 0.669053 0.951051 1.35082e-08 0.309032 0.994522 -4.56922e-09 -0.104532 0.866026 -2.18556e-08 -0.499998 0.587785 -3.53633e-08 -0.809017 0.207905 -4.47796e-07 -0.978149 0.14641 0.668388 -0.729261 -0.0815148 0.55908 0.825097 -0.850503 0.297589 -0.433689 -0.470439 -0.473017 -0.744945 -0.345922 0.364816 0.864435 0.7957 -0.382126 -0.469938 0.930977 0.0230022 -0.364352 0.665616 0.0508387 0.744561 -0.708082 -0.023664 0.705734 -0.900486 -0.0566344 -0.431181 -0.286511 0.213587 -0.933966 -0.878516 0.117442 0.463052 0.707705 0.0236515 0.706112 0.185277 0.0202618 -0.982477 -0.810993 0.0153567 -0.584854 -0.748303 0.019426 0.663073 -0.854109 -0.0202591 -0.519699 0.107997 -0.0153584 -0.994033 0.995698 -0.0200185 -0.0904697 0.872118 0.0992287 0.479129 -0.278118 -0.491004 -0.82557 -0.829474 0.146503 0.53899 -0.398187 -0.307408 -0.864261 0.620648 0.529558 0.578243 0.35746 -0.141107 0.923207 0.131654 0.0182418 0.991128 0.989602 0.0123987 0.143295 0.291257 0.0960496 -0.951811 -0.878978 0.468678 -0.0879681 -0.763658 -0.00216665 0.645617 0.0244959 -0.0227123 -0.999442 0.990032 -0.0711455 -0.12155 0.212203 -0.0247277 0.976913 0.831931 0.233426 0.503392 0.305466 0.0372692 -0.951473 -0.791154 0.0150826 -0.611431 -0.776971 0.0586908 0.626795 -0.867494 0.00159424 0.497446 -0.768418 0.027332 -0.639364 0.174934 -0.0178451 -0.984418 0.894592 -0.0105534 -0.446758 0.315482 -0.129501 0.940054 0.82417 0.0737063 0.561526 -0.498162 -0.414773 -0.761445 -0.533929 0.114333 -0.837763 -0.582005 0.0771296 0.809519 0.185228 -0.283846 0.940809 -0.766219 -0.209653 -0.607415 0.546991 -0.171219 -0.819441 0.583308 0.372067 0.722023 0.838237 0.13372 0.528657 0.178882 0.0255943 -0.983538 -0.901918 0.222162 0.37039 -0.982756 0.112183 0.146988 0.0932781 -0.0195167 -0.995449 0.977305 -0.0146208 0.211331 -0.0229918 -0.0510709 0.99843 0.464596 0.0236396 0.885207 0.462249 0.384036 -0.799276 -0.862529 0.222517 0.454457 -0.44838 -0.302355 0.841152 -0.854283 -0.00145005 -0.519807 -0.78455 -0.196366 0.588152 0.766117 -0.247453 -0.593154 0.830997 0.124558 -0.542153 -0.247147 -0.568738 -0.78451 -0.0738817 -0.680961 0.728583 0.884532 -0.0613667 0.462426 -0.589218 -0.446065 0.673683 0.985462 -0.153978 0.0718052 0.949363 0.0386608 0.311792 -0.554078 -0.0857908 -0.828032 -0.236121 0.230201 0.944063 -0.495204 0.00968589 -0.868723 0.931374 -0.00523703 0.364026 0.732158 0.23141 -0.64062 -0.0252735 0.156308 0.987385 -0.989439 0.144946 -0.000949415 0.00942628 -0.00873234 -0.999917 0.63077 0.271717 -0.726842 -0.207116 -0.087055 -0.974435 -0.587786 -3.53632e-08 -0.809016 -0.861168 0.10583 -0.497182 -0.990744 -0.0870723 -0.104135 -0.951052 1.35082e-08 0.309032 -0.738971 0.105852 0.66537 -0.405198 -0.0870487 0.910075 0.0010278 4.37114e-08 0.999999 0.412464 0.110395 0.90426 0.748056 -0.10911 0.654605 0.951052 1.35082e-08 0.309032 0.994522 -4.56922e-09 -0.104532 0.866026 -2.18556e-08 -0.499998 0.587785 -3.53633e-08 -0.809018 0.206738 0.105843 -0.972654 0.502742 -0.109244 -0.857506 0.866026 -2.18556e-08 -0.499998 0.994522 -4.56922e-09 -0.104532 0.951052 1.35082e-08 0.309032 0.705078 3.0997e-08 0.70913 0.0973054 -0.108668 0.989304 -0.456545 3.889e-08 0.8897 -0.910757 -0.109229 0.398235 -0.987234 -6.96233e-09 -0.15928 -0.660182 -0.109231 -0.74312 -0.153595 -4.31927e-08 -0.988134 0.00301043 -0.999991 0.00302777 0.00359704 -0.999913 0.0126929 0.000482609 -0.999988 0.00490673 0 -1 4.37114e-08 0.00712909 -0.999901 -0.0121597 0.026658 -0.999526 -0.0153909 -0.00322245 -0.999993 0.00166103 0 -1 4.37114e-08 0.00595475 -0.999767 -0.020729 0.0117287 -0.999931 -0.00123273 -0.00263199 -0.999992 -0.0029626 0.0372559 -0.999141 0.0181352 0.0127854 -0.99991 0.00415449 -0.00204217 -0.999998 0.000874519 0 -1 4.37114e-08 -0.000586062 -0.999993 -0.0037703 -0.0072115 -0.999918 -0.0105747 -0.274255 0.765192 0.582464 0.442716 0.748851 0.493178 -0.043652 0.475931 -0.878399 -0.999161 -0.0407047 0.00459508 -0.491454 0.836781 -0.241394 -0.0435277 -0.998612 0.0296484 0.0284621 -0.999531 0.0113109 0.0212067 -0.999344 0.0293701 -0.021195 -0.999671 0.0144564 0.00760609 -0.999968 0.002414 0.00429921 -0.999982 0.00413541 -0.000396887 -1 0.000129007 0.00925804 -0.998387 -0.0560225 -6.84913e-05 -1 0.000153875 0.0532791 -0.998442 -0.0166077 8.89785e-05 -1 0.000188053 0.000120843 -1 0.000552294 0.00086533 -1 0.000281222 0.000436577 -1 0.000332403 -0.000105185 -1 1.10995e-05 -0.000142349 -1 7.61171e-05 0.272919 -0.91471 0.298029 -2.80936e-05 -1 3.87114e-05 -0.912416 -0.380409 0.15095 -9.44478e-06 -1 4.44792e-05 0.00121175 -0.999999 -0.000272139 0.00114484 -0.999999 -0.000499694 -0.00141074 0.999999 0.000477505 0.00124235 -0.999998 0.00175674 0.0027165 -0.999996 0.000876733 -0.00336468 0.999992 -0.00211435 0.000430254 -1 -0.000150028 -0.000161946 -0.99997 0.00779042 0.00490886 -0.999987 -0.00108529 -0.00331632 -0.99999 -0.00286341 -0.0295571 -0.997935 0.0570281 0.003272 0.999991 -0.00277017 -0.00461994 -0.999985 0.00297542 0.00434982 -0.999979 -0.00471563 -0.0105334 -0.999926 -0.00608245 -0.0118513 -0.999929 -0.00124566 -0.00834735 -0.999921 0.00935689 -0.00440172 -0.999988 0.00190995 0.000224251 -1 0.000305389 -0.000135588 -1 7.83251e-05 -9.42215e-05 -1 0.000255811 -0.000348123 -1 0.000313493 -0.000261245 1 -2.75026e-05 7.14972e-05 -1 0.000336422 -0.210635 0.0928892 0.973142 -0.587686 -0.0400398 0.808098 -0.566583 0.00504977 0.823989 -0.840326 0.0795659 0.536211 -0.992115 0.0055449 0.125212 -0.991684 5.62552e-09 0.128697 -0.958758 -0.012702 -0.28394 -0.774236 -2.76648e-08 -0.632897 -0.738176 -0.0801094 -0.669835 -0.412994 -0.104029 -0.904773 -0.328487 -0.0102658 -0.944453 -0.518022 -0.00577894 -0.855348 0.00124911 0.00399343 -0.999991 0.82065 -0.0626907 -0.567982 0.779805 -0.143852 -0.609271 0.502009 0.0925906 -0.859892 0.950671 0.0156775 -0.309805 0.994521 4.56937e-09 0.104535 0.862823 -0.0854354 0.498235 0.887387 2.01521e-08 0.461026 0.603645 -0.10688 0.790057 0.610177 -0.11331 0.78412 0.198634 0.0936551 0.975589 0.300435 -0.062565 0.951748 0.533668 0.0223336 0.845399 0.994521 4.56937e-09 0.104535 0.954243 -1.30712e-08 -0.299033 0.461796 -0.015454 -0.886851 0.00120951 0.00406778 -0.999991 -0.960555 -1.21557e-08 -0.278091 -0.865482 2.18968e-08 0.50094 -0.130616 -0.0367643 0.990751 0.302503 0.660504 -0.687187 -0.394609 -0.204164 0.89588 -0.494758 -0.752939 -0.433933 0.83963 0.253732 -0.480251 -0.39209 -0.206485 0.896454 0.889955 0.427005 -0.160146 -0.796042 -0.0460006 -0.603491 -0.382976 0.0319354 0.923206 0.33235 0.692321 0.640496 -0.847407 -0.34243 -0.405762 0.907535 0.35675 -0.221608 0.332094 0.692896 0.640006 0.437411 0.234511 0.868145 0.564031 0.153881 -0.811289 -0.969789 0.10742 -0.219023 -0.737483 0.183111 0.650069 0.0700046 -0.830213 0.553033 0.673365 0.415502 -0.611505 -0.86862 0.066866 -0.490947 0.540301 0.327734 -0.775026 0.674809 0.532435 0.511024 -0.781797 0.182428 -0.59625 -0.427592 -0.582938 0.690904 0.298964 -0.580146 -0.757662 -0.7617 0.597413 -0.25082 0.7617 -0.597413 0.25082 0.859784 0.31588 -0.401236 -0.859784 -0.31588 0.401236 0.257056 -0.10726 0.960426 0.3707 -0.776294 -0.509852 -0.962399 -0.184267 0.199584 0.337338 -0.569199 -0.74981 0.396259 0.871408 0.289183 -0.4812 -0.0492514 -0.875226 -0.390426 -0.840396 0.375901 -0.00448815 -0.999883 -0.0146566 -0.502804 0.541217 0.673998 0.00255563 -0.999852 -0.0170344 0.502804 -0.541217 -0.673998 0.000694987 1 -0.000226526 0.0824822 0.994061 0.0709824 0.00815211 0.999942 0.00709758 0.00018579 1 -0.00054624 -0.00130548 0.999999 -0.0002101 -0.00445517 0.99999 -0.000468331 -0.00141563 0.999993 -0.00346343 -0.000526467 1 0.000411291 -1.6927e-05 1 0.000503212 0.00133894 0.999999 -9.95688e-05 -0.000755809 1 0.000171785 5.69943e-05 0.999999 0.00160035 -0.000102087 0.999999 -0.00150451 1.44406e-05 1 -2.0527e-05 -0.00140989 0.999999 0.000616405 -0.0490369 0.996162 0.0725052 -0.0506186 0.996789 0.0620385 -0.106974 0.993837 0.0290567 -0.000310091 0.999999 0.00147764 -0.245765 0.927539 0.281551 -0.413008 0.903148 -0.117253 0.00120044 0.999999 -0.00110017 0.00124955 0.999998 -0.00135868 0.00205683 0.999998 -0.00025963 0.00165792 0.999998 -0.00105935 -0.000755448 1 -0.000223772 0.000143024 1 -0.000882884 -0.111428 0.993689 -0.0129117 -0.0447604 0.996755 0.0669013 -0.0113286 0.984189 -0.176759 0.0267502 0.993853 0.107425 -0.19326 0.88547 0.422603 0.000580205 0.999999 -0.00120888 -0.000108827 0.999994 -0.00343892 0.427933 0.882623 -0.194552 0.000193532 0.99999 0.00444441 0.00182856 0.999998 8.30377e-05 -0.000389384 1 0.000552279 -0.000517794 0.999999 0.00102471 0.0661676 0.99422 -0.0845523 -0.857636 0.513759 -0.0226295 -0.834143 0.539254 -0.115804 -0.546668 0.527535 -0.650277 -0.129761 0.345329 -0.929468 0.45274 0.465656 -0.760389 0.713599 0.227205 -0.662687 0.910593 0.374646 -0.174531 0.854113 0.0546275 0.517211 0.861085 0.106662 0.497148 0.570635 0.239784 0.785417 0.145101 0.368254 0.918333 0.419045 -0.0809374 0.904351 0.994972 0.0367255 0.0931816 0.103543 -0.275557 -0.955692 -0.399979 0.00981893 -0.916472 -0.8811 -0.129244 -0.454926 -0.219007 0.842667 -0.491883 -0.400137 0.842663 -0.360292 -0.487858 0.65209 -0.580322 0.58294 0.812494 -0.00596629 0.493489 0.632196 -0.597324 -0.542719 0.833683 -0.102115 -0.724134 0.688252 0.0440329 -0.735669 0.527621 0.424744 -0.502532 0.518691 0.69168 0.316481 0.842669 0.435601 0.466299 0.842666 0.269219 0.400137 0.842663 -0.360292 0.363236 0.818227 -0.445606 -0.508304 0.512446 0.692117 -0.160684 0.634623 0.755933 0.111949 0.842669 0.526664 0.466293 0.84267 0.269218 0.703068 0.696813 -0.141938 0.336312 0.562446 -0.755347 -0.104828 0.652071 -0.750876 -0.58806 0.661972 0.464735 0.0525966 0.648489 0.759405 0.571433 0.8125 -0.115363 0 0.842669 -0.538433 -0.243171 0.523481 0.8166 0.717241 0.696787 -0.00734083 0.316481 0.842669 0.435601 0.885161 0.465226 -0.00741184 0.882509 0.430399 -0.189565 -0.263782 0.761201 -0.592446 -0.481929 0.761216 -0.433929 0.134836 0.761202 0.634343 0.381186 0.761203 0.524659 0.561623 0.761209 0.324253 -0.481936 0.761202 -0.433946 -0.691949 0.696434 -0.190228 -0.561631 0.761201 0.324257 -0.381186 0.761202 0.52466 0.381186 0.761202 0.52466 0.642167 0.762419 0.0796256 0.595153 0.765416 -0.24481 0.481936 0.761202 -0.433946 -0.616756 0.761219 -0.200395 -0.644954 0.761209 0.0677851 -0.381186 0.761203 0.524659 -0.134835 0.761206 0.634338 0.561629 0.761202 0.324261 0.481929 0.761216 -0.433929 0.263762 0.761221 -0.592429 0 0.761223 -0.64849 -0.717747 0.695055 0.0416898 -0.134838 0.761202 0.634342 0 0.761223 -0.64849 -0.561621 0.761209 0.324256 0.263782 0.761201 -0.592446 0.134837 0.761206 0.634338 -0.263762 0.761221 -0.592429 -0.207915 4.27562e-08 0.978147 -0.587784 3.53633e-08 0.809018 -0.892304 1.97329e-08 0.451436 -0.974167 0.0724884 -0.213879 -0.743146 -2.92486e-08 -0.669129 -0.355684 -4.08529e-08 -0.934606 0.314528 0.0724905 -0.946476 0.743146 -2.92486e-08 -0.669129 0.951057 -1.35075e-08 -0.309016 0.994402 0.0155273 0.104512 0.837105 2.3912e-08 0.547042 0.301862 0.0724894 0.950592 0.207915 4.27562e-08 0.978147 0.586332 -0.0702275 0.807021 0.864583 0.0577011 0.499166 0.9924 5.37881e-09 0.123053 0.923347 0.0563523 -0.379809 0.743146 -2.92486e-08 -0.669129 0.406731 -3.99324e-08 -0.913548 0 -0.0702263 -0.997531 -0.406054 0.0576995 -0.912026 -0.743146 -2.92486e-08 -0.669129 -0.951057 -1.35075e-08 -0.309016 -0.992067 -0.0702314 0.104267 -0.864583 0.0576957 0.499166 -0.587784 3.53633e-08 0.809018 -0.207915 4.27562e-08 0.978147 -0.502696 -0.0348282 -0.863761 -0.259248 0.857991 0.443443 0.56244 0.594733 -0.574416 0.891001 0.441776 0.104649 0.455493 0.424825 0.782336 0 1 -4.37114e-08 0 1 -4.37114e-08 0 1 -4.37114e-08 0 1 -4.37114e-08 0 1 -4.37114e-08 0 1 -4.37114e-08 0 1 -4.37114e-08 0 1 -4.37114e-08 0 1 -4.37114e-08 0 1 -4.37114e-08 0 1 -4.37114e-08 0 1 -4.37114e-08 0 1 -4.37114e-08 0 1 -4.37114e-08 0 1 -4.37114e-08 0 1 -4.37114e-08 0 1 -4.37114e-08 0 1 -4.37114e-08 0 1 -4.37114e-08 0 1 -4.37114e-08 0 1 -4.37114e-08 -0.999975 0.00535502 0.00458266 -0.999999 -0.000377657 -0.00130748 -0.502995 0.000831402 -0.864289 0.499462 0.000529304 -0.866336 0.501648 -0.00162323 -0.86507 0.999991 0.00330536 -0.00282024 0.999998 -0.000993735 0.00190578 0.474386 -0.0262117 0.879927 0.503257 0.00387529 0.864128 -0.505505 0.00622306 0.862801 -0.474589 -0.0281632 0.879757 0.869541 -0.0286938 0.493026 0.973502 0.0312737 -0.226529 0.862098 -0.000839511 -0.506742 0.147059 0.0852261 -0.985449 -0.409154 -0.0321836 -0.911897 -0.584631 -0.0470522 -0.809934 -0.00292951 0.999996 -0.000174906 -0.000733776 0.999997 -0.00212592 0.00106372 0.999998 -0.00162772 0.000562715 0.999999 -0.00109032 0.933509 -0.358455 0.00837049 0.860091 -0.507551 0.0513388 0.000497698 -0.646219 0.763152 -0.108541 0.957193 -0.268331 -0.502105 0.863876 0.0401139 0.18777 -0.693427 -0.69563 0.580737 -0.156283 -0.798949 -0.433147 0.891119 -0.135244 0.0530959 -0.520026 0.852499 0.78576 0.262164 0.560225 0.0962305 -0.915035 -0.391727 -0.401973 -0.78609 -0.469553 -0.705707 -0.663522 0.248427 -0.13605 -0.713146 0.687687 0.308218 -0.773312 0.554066 0.422053 -0.906403 -0.0174528 0.506101 -0.793031 -0.339062 0.562697 -0.818145 0.118366 -0.273829 -0.578763 -0.768147 0.0176578 -0.493503 0.869565 -0.583435 -0.571195 0.577356 -0.938432 -0.342773 -0.0430286 0.0371672 -0.976435 0.212585 0.591963 -0.805335 0.0318752 -0.0434649 -0.949541 -0.310618 0.0285341 -0.970905 0.23776 0.0216185 -0.973749 0.226597 0.0780469 -0.135974 0.987633 0.921311 -0.374908 -0.103104 -0.407248 -0.689684 -0.598737 -0.374929 -0.595157 -0.710785 -0.534035 -0.12155 0.836679 0.0833965 -0.121484 0.989084 0.44732 0.19445 0.87298 0.643948 -0.154858 0.749233 0.873625 -0.026661 0.485869 0.90397 0.0595014 -0.423436 0.712007 -0.0740081 -0.698262 0.530729 0.159285 -0.832439 0.214165 -0.224227 -0.950713 -0.779706 0.0542753 -0.623789 -0.910568 0.236201 0.339226 -0.839655 -0.141628 0.524329 -0.921683 -0.335741 -0.194365 -0.344076 0.0974327 -0.933873 -0.206622 0.383872 0.899972 0.39521 0.907838 -0.140143 0.582257 0.802979 0.127282 0.657992 0.751276 -0.0512852 0.00870801 0.99955 0.0286961 -0.349578 0.798541 -0.490028 -0.34341 0.798816 -0.493926 -0.263385 0.200545 0.943615 0.181245 0.94712 0.264789 0.96625 -0.184217 -0.180072 -0.24196 -0.222049 0.944537 -0.615407 -0.233138 -0.752941 0.29432 0.208026 -0.932792 -0.544331 -0.258601 -0.798016 -0.137553 -0.264894 0.954416 0.742135 0.136124 0.656281 0.0217915 -0.999506 -0.0226646 0 -1 4.37114e-08 0 -1 4.37114e-08 0.823418 0.238619 0.514824 -0.631337 -0.505892 -0.587782 0 1 -4.37114e-08 0 -1 4.37114e-08 0 -1 4.37114e-08 0 -1 4.37114e-08 0 -1 4.37114e-08 0 -1 4.37114e-08 0 -1 4.37114e-08 0 -1 4.37114e-08 0 -1 4.37114e-08 0 -1 4.37114e-08 0 -1 4.37114e-08 0.000247246 -1 0.000176257 -0.000223774 1 -0.000137379 -5.6724e-05 -1 -4.6157e-05 -4.4289e-06 -1 1.7436e-05 0.000132175 -1 -9.14055e-05 0 -1 4.37114e-08 0 -1 4.37114e-08 0 -1 4.37114e-08 0 -1 4.37114e-08 0 -1 4.37114e-08 0 -1 4.37114e-08 0 -1 4.37114e-08 -0.004469 -0.999429 -0.0334922 0 -1 4.37114e-08 0 -1 4.37114e-08 0 -1 4.37114e-08 0 -1 4.37114e-08 0 -1 4.37114e-08 0 -1 4.37114e-08 0 -1 4.37114e-08 0 -1 4.37114e-08 4.83544e-05 -1 4.80359e-05 -0.000315958 -1 0.000451092 0.000284727 -1 0.000282638 0 -1 4.37114e-08 -5.20524e-05 -1 6.1771e-05 0 -1 4.37114e-08 0 -1 4.37114e-08 -3.24364e-05 -1 4.76615e-05 0.000186038 -1 -0.000144808 0.000163435 -1 -0.000127209 0 -1 4.37114e-08 -6.77172e-05 -1 6.4896e-05 0 -1 4.37114e-08 0 -1 4.37114e-08 0 -1 4.37114e-08 -4.20456e-05 -1 7.68936e-05 0.946723 -0.257141 -0.193893 0 -1 4.37114e-08 -5.68374e-06 -1 2.20811e-05 0 1 -4.37114e-08 0 -1 4.37114e-08 0 -1 4.37114e-08 -1.08782e-05 -1 1.14493e-05 0 -1 4.37114e-08 -3.75764e-06 -1 2.30882e-05 -0.000209662 -1 0.00021091 0.000307808 -1 -1.59677e-05 4.69251e-05 -1 5.20219e-05 4.83993e-05 -1 -6.31591e-05 0 -1 4.37114e-08 0 -1 4.37114e-08 0.0629608 -0.995942 0.0643118 -0.0146085 -0.999778 0.0151944 -0.922915 0.0822458 0.376117 0.755646 -0.65497 0.00375533 0 -1 4.37114e-08 0 -1 4.37114e-08 -0.000486816 -1 -1.69124e-05 -0.000287945 -1 -0.00023391 0 -1 4.37114e-08 0 -1 4.37114e-08 3.97609e-05 -1 -1.23275e-05 0 -1 4.37114e-08 0 -1 4.37114e-08 0 -1 4.37114e-08 3.21929e-05 -1 2.88375e-05 0 -1 4.37114e-08 -9.8419e-05 -1 0.000120791 0 -1 4.37114e-08 0 -1 4.37114e-08 0 -1 4.37114e-08 0 -1 4.37114e-08 -0.000232446 -1 -2.66578e-05 0 -1 4.37114e-08 0 -1 4.37114e-08 -0.946492 -0.259324 -0.192106 0 -1 4.37114e-08 0 1 -4.37114e-08 0 -1 4.37114e-08 0 1 -4.37114e-08 -0.000164117 -1 -9.19502e-05 -5.73065e-05 -1 -0.00014194 0 -1 4.37114e-08 0 1 -4.37114e-08 0 -1 4.37114e-08 0.043073 0.998852 -0.0209418 -0.0248461 0.995221 0.0944311 0.0179009 0.99298 -0.116924 -3.4246e-05 1 -9.01293e-05 2.3908e-05 1 -4.93016e-05 -7.27187e-06 1 -6.18063e-05 0 1 -4.37114e-08 0 1 -4.37114e-08 0 1 -4.37114e-08 0 1 -4.37114e-08 0 -1 4.37114e-08 0 1 -4.37114e-08 -0.203112 0.684078 -0.700559 0 1 -4.37114e-08 0 -1 4.37114e-08 0 -1 4.37114e-08 0 1 -4.37114e-08 0 1 -4.37114e-08 8.79317e-05 1 -7.05088e-05 0 1 -4.37114e-08 0 1 -4.37114e-08 0 1 -4.37114e-08 0 1 -4.37114e-08 0 -1 4.37114e-08 0 1 -4.37114e-08 0 1 -4.37114e-08 0 1 -4.37114e-08 0 1 -4.37114e-08 0 1 -4.37114e-08 6.35573e-05 1 -4.75035e-05 -5.9549e-05 1 -3.3407e-05 0.000131687 1 0.000246411 0 1 -4.37114e-08 0 1 -4.37114e-08 -0.00014011 1 0.000205898 0 1 -4.37114e-08 -0.000117717 1 -9.0612e-05 0.000166255 1 -2.05225e-05 -0.000105349 1 -8.10967e-05 3.06512e-05 1 -2.93399e-05 0.000118635 1 2.51881e-07 0.000322163 1 -0.000307965 -0.00052124 1 -0.000106099 0.000267621 1 0.000469449 -0.945988 0.260883 -0.192478 0 1 -4.37114e-08 0 1 -4.37114e-08 0 1 -4.37114e-08 0.787571 -0.192514 0.58538 -0.34689 0.471864 -0.810563 0 1 -4.37114e-08 0 1 -4.37114e-08 0 1 -4.37114e-08 -0.00156818 0.999998 0.000960533 0 1 -4.37114e-08 0 1 -4.37114e-08 0 1 -4.37114e-08 -0.000260413 0.999999 0.00151585 0 1 -4.37114e-08 -0.222433 0.28578 0.932123 0 1 -4.37114e-08 0 1 -4.37114e-08 0 1 -4.37114e-08 0 1 -4.37114e-08 -0.000227257 1 -6.09949e-07 0.000149838 1 0.000150655 4.15171e-05 1 -0.000108376 3.11176e-05 1 7.05233e-05 0 1 -4.37114e-08 0 1 -4.37114e-08 0 1 -4.37114e-08 0 1 -4.37114e-08 0 1 -4.37114e-08 0 1 -4.37114e-08 0 1 -4.37114e-08 0 1 -4.37114e-08 0 1 -4.37114e-08 0 1 -4.37114e-08 -0.0002038 1 -4.39285e-06 -6.96403e-05 1 7.73733e-05 0 1 -4.37114e-08 0 1 -4.37114e-08 0 1 -4.37114e-08 0 1 -4.37114e-08 0 1 -4.37114e-08 0.000398482 1 0.000278654 0 1 -4.37114e-08 0 1 -4.37114e-08 0.947179 0.255857 -0.193361 0 1 -4.37114e-08 0 1 -4.37114e-08 0 1 -4.37114e-08 0 1 -4.37114e-08 0 1 -4.37114e-08 0.991813 2.26902e-06 -0.127699 0.818967 -0.000861689 -0.573839 0.8196 0.000380898 -0.572936 0.918146 -0.000368966 -0.396242 0.462114 -0.00410038 -0.886811 0.673862 -3.63045e-05 -0.738857 0.674661 0.000808251 -0.738127 0.142269 -0.101236 -0.984637 -0.151075 0.0500277 -0.987256 -0.680338 0.00304684 -0.732892 -0.590569 -0.0451209 -0.805725 -0.46117 -0.00855009 -0.887271 -0.918651 0.000386256 -0.395071 -0.790412 -0.000605633 -0.612576 -0.817286 -0.0728504 -0.571609 -0.958942 1.23966e-08 0.283602 -0.691732 0.000986762 0.722153 -0.693085 3.15096e-08 0.720856 -0.811025 -0.00168545 0.585009 -0.810127 2.5626e-08 0.586254 -0.958672 0.0017195 0.284508 -0.992112 -5.47957e-09 -0.125358 -0.354175 -0.14072 -0.924531 0.0915663 -0.000368612 -0.995799 0.46452 -0.000202899 -0.885563 0.720603 -0.0712949 -0.689672 0.709304 -3.08123e-08 -0.704903 0.999704 -0.00741266 -0.0231917 0.999522 0.0269481 -0.0151502 0.976412 0.0710291 0.2039 -0.61725 -0.00019869 0.786767 -0.617251 -0.000205498 0.786767 0.936092 -0.206481 -0.284777 -0.916572 0.25265 0.309943 -0.962762 0.0945396 0.253283 0.108515 -0.0568064 0.99247 0.876444 -0.0538923 0.478478 0.290342 0.240254 0.926272 0.840433 -2.36879e-08 -0.541916 0.989168 -6.41617e-09 -0.146785 0.960219 1.22063e-08 0.279247 0.960461 -0.00231538 0.278405 0.989168 -6.41617e-09 -0.146785 0.840433 -2.36879e-08 -0.541916 -0.991076 -0.0020442 0.133286 -0.89921 -0.000354051 0.437518 -0.728462 2.99461e-08 0.685086 -0.728451 -1.85576e-05 0.685097 -0.899339 1.91129e-08 0.437252 0.293816 0.0126211 -0.955779 0.80806 -0.109239 -0.578883 0.995354 -4.2089e-09 -0.0962884 0.93016 0.0634172 0.361637 0.705078 3.0997e-08 0.70913 0.097141 -0.123066 0.987633 -0.399083 -0.101839 0.911242 -0.753688 0.126137 0.645014 -0.954182 1.30797e-08 0.299228 -0.990032 -6.1565e-09 -0.140844 -0.866026 -2.18557e-08 -0.499999 -0.587787 -3.53632e-08 -0.809016 -0.244576 -4.23839e-08 -0.96963 -0.253701 -0.010898 -0.967221 -0.587787 -3.53632e-08 -0.809016 -0.866026 -2.18557e-08 -0.499999 -0.954393 -0.13192 -0.267826 -0.96422 0.0497649 0.260392 -0.705079 3.0997e-08 0.709129 -0.10661 0.103096 0.988942 0.411687 0.102361 0.905559 0.740325 -0.0870541 0.666589 0.951051 1.35083e-08 0.309033 0.994465 -0.010623 -0.104526 0.866026 -2.18557e-08 -0.499999 0.692015 0.0147454 -0.721733 0.291551 0.00876996 -0.956515 0.169189 0.0375216 -0.984869 0.954791 -0.0435916 0.294064 -0.0436777 -0.028742 0.998632 -0.262558 0.391783 -0.881799 -0.591915 0.334307 0.7334 -0.885837 0.259474 0.384664 0.777631 0.156452 0.608944 0.160853 0.0317969 -0.986466 0.628784 -0.00242008 -0.777576 -0.607132 -0.0202903 0.794342 -0.88439 -0.0214574 -0.466256 -0.663652 0.168296 -0.728864 -0.663608 0.0130574 0.747967 0.598693 0.0200083 0.800729 0.922792 0.0396395 0.383253 0.441992 0.0218531 -0.896753 -0.810524 0.0373113 -0.584516 -0.892215 -0.104246 0.439415 -0.922793 -0.0396396 0.383252 -0.666026 -0.0372959 -0.744996 0.601286 0.127925 -0.788727 0.943704 -0.0184893 0.330274 -0.85179 0.047139 -0.521758 0.309996 -0.452762 0.836008 -0.609867 0.22098 0.761072 0.731247 -0.357237 -0.581086 0.80778 -0.564361 -0.170256 0.261503 0.19762 -0.944755 -0.971052 0.0318218 -0.23674 -0.623606 0.0348668 0.780961 -0.902747 -0.120086 0.413071 -0.600283 -0.0711477 -0.796617 0.734689 -0.121237 -0.667484 0.553926 -0.00524936 0.832549 0.907804 0.0618557 0.414809 0.480463 0.0717914 -0.874072 -0.791154 0.0150826 -0.611431 -0.579018 0.172161 0.796931 0.0173933 -0.0365609 0.99918 -0.981075 -0.163882 -0.103124 0.286761 -0.0207517 -0.957778 0.990031 -0.0825108 0.114156 0.924546 0.0400756 0.378958 -0.731071 0.198285 -0.652854 0.34402 -0.491628 0.79997 -0.966656 -0.0338662 0.253829 -0.641939 0.14659 -0.752613 0.925059 0.0391006 0.377806 0.965157 0.177037 0.192692 -0.439193 0.146897 -0.886302 -0.642164 0.129969 0.755469 -0.984047 -0.0999471 0.147181 0.423348 -0.255788 -0.869108 0.38349 -0.155718 0.910323 0.93992 -0.242594 -0.240206 -0.62484 0.361302 -0.692124 -0.582311 -0.0818346 0.808837 -0.894355 -0.25637 0.366612 0.73235 -0.199072 -0.651179 -0.350348 0.491007 0.797602 0.841335 0.31191 0.441438 -0.697736 -0.251829 -0.670632 -0.980153 0.184495 0.0725432 -0.917434 0.0667777 0.392245 -0.366249 -0.117226 -0.923103 0.966435 -0.147224 0.210541 0.414952 -0.081565 0.90618 0.794241 0.0753685 -0.60291 -0.474041 0.0158426 -0.88036 -0.979168 -0.0442222 0.198176 -0.935906 -0.240438 -0.25743 0.65154 -0.0217747 -0.758302 0.492488 -0.132307 0.860204 0.507989 0.0196537 0.86114 0.548655 0.252035 -0.797155 -0.842404 0.538845 0.00111011 -0.840057 -0.0206136 0.542106 0.309595 0.209309 -0.927545 0.907019 -0.316341 0.277931 -0.611307 0.779782 0.135067 -0.551212 -0.116981 -0.826124 -0.452517 0.0648328 0.889396 0.831641 0.306712 -0.462926 0.973079 0.210572 0.093684 0.809579 0.38278 0.445041 -0.378944 -0.92408 -0.0497735 -0.00142249 0.997208 -0.0746582 0.15133 0.987166 0.0510186 -0.0186297 0.999826 0.000331708 0.0337665 0.999375 -0.0104874 -0.0408387 0.999129 0.00854376 0.135526 0.990639 0.0163266 0.00738101 0.999859 0.0150979 -0.00126944 0.999996 -0.00240724 -0.00120307 0.999996 -0.0026226 0.0180395 0.999837 -4.93156e-05 -0.152641 0.239465 -0.958831 -0.673555 -0.12117 -0.729138 -0.988121 0.0728176 -0.135332 0.360696 -0.274576 -0.891351 0.905198 0.00640529 -0.424942 0.00161894 -0.734485 -0.678623 0.0174262 -0.922383 -0.385884 6.71792e-05 -0.931912 -0.362685 -7.19003e-05 -0.593886 -0.804549 -0.0050848 -0.573333 -0.819306 0.00226586 -0.00362973 -0.999991 -0.00359328 6.51982e-05 -0.999994 0.00665579 0.00495351 -0.999966 0.843244 -0.47288 -0.255587 0.45635 -0.0254442 -0.889437 -0.826518 0.523347 0.207307 -0.65605 -0.454398 0.602595 0.403817 0.45066 0.796139 0.750873 0.0277351 -0.659864 0.343253 0.789781 0.508354 0.520893 -0.0438761 -0.852494 -0.520893 0.0438761 0.852494 0.0354207 0.963638 -0.264854 -0.00357466 0.988753 -0.149516 0.000193234 0.88579 -0.464086 -0.00630353 -0.857443 -0.51454 -0.0168672 -0.939465 -0.342229 0.0158643 -0.927088 -0.374507 0.0109644 -0.993461 -0.113647 -0.0318097 -0.988137 -0.150242 0.000840272 -0.997667 0.0682641 -0.0441226 -0.992844 0.110972 0.0902458 -0.848789 0.520973 -0.0533445 -0.920466 0.387164 0.0338167 -0.690028 0.722992 0.102642 -0.66053 0.743751 -0.0205531 -0.815338 0.57862 -0.123147 -0.360214 0.924706 0.127421 -0.463629 0.876819 -0.0113687 -0.540589 0.84121 0.0543919 -0.125158 0.990645 -0.0132165 0.124407 0.992143 -0.241503 0.173536 0.954757 -0.0380249 0.4895 0.871174 0.055031 0.723993 0.687609 -0.0363864 0.689719 0.723163 0.0681248 0.941116 0.331148 0.00508875 0.855397 0.517948 -0.0496569 0.98794 0.14666 -0.031691 0.98722 -0.15618 0.0175241 0.993404 -0.11332 0.00880058 0.925582 -0.378444 0.0122133 0.850712 -0.525491 0.00480738 0.84511 -0.53457 -0.0198286 0.934756 -0.354737 -0.00498365 0.992746 0.120125 0.00861314 0.92379 0.382803 0.0952472 0.514624 0.852109 -0.0163628 -0.144757 0.989332 0.0611938 -0.95787 0.280606 -0.0141275 -0.860904 -0.508572 0.995037 7.96594e-06 0.0995022 0.995077 0.00275927 0.0990698 0.995037 8.18586e-06 0.0995067 0.995097 0.000112727 0.0989051 0.995043 -0.00185936 0.0994284 0.995038 4.22482e-05 0.0994922 0.995037 -1.29323e-07 0.0995037 0.995037 1.64554e-05 0.0995012 0.995066 -0.00197616 0.0991928 0.995037 -7.0565e-06 0.0995022 0.995119 -0.000152288 0.0986794 0.995037 -7.5213e-06 0.0995048 0.995039 -3.03976e-05 0.0994884 0.995037 5.2297e-07 0.0995033 0.988899 0.0311153 0.145296 0.995039 -1.31341e-05 0.0994881 0.995037 -9.15119e-08 0.0995036 0.995037 1.98205e-07 0.0995037 0.995037 1.69414e-07 0.0995037 0.992757 0.0151749 0.119174 0.993662 0.0210041 0.110429 0.99472 0.00160126 0.102614 0.995037 3.94446e-07 0.0995033 0.995038 8.65511e-06 0.0994984 0.994905 4.7494e-05 0.100813 0.994683 0.000556312 0.102981 0.995037 -0.000197578 0.0995033 0.994959 -0.000398478 0.100278 0.994955 -0.000131306 0.100325 0.987126 0.064843 0.146209 0.995037 0.000815473 0.0995033 0.995025 0.000142406 0.0996218 0.995324 -0.020383 0.0944123 0.994861 -0.0227756 0.0986582 0.995044 0.0026091 0.0993984 0.995037 -3.02049e-06 0.0995073 -0.01593 -0.881794 0.471366 -0.0456454 -0.891916 0.449891 -0.0800458 -0.985725 0.148121 0.0366565 -0.999289 -0.00877756 -0.0621682 -0.985122 -0.16022 -0.0584869 -0.985077 -0.161873 -0.1433 -0.875943 -0.460639 -0.123677 -0.695463 -0.707839 0.240537 -0.557924 -0.794268 -0.275945 -0.425195 -0.862012 0.115464 -0.33195 -0.936204 0.0649935 -0.11077 -0.991719 -0.232294 -0.148536 -0.961237 0.229654 0.206266 -0.951164 -0.197556 0.150268 -0.968706 -0.332433 0.414701 -0.84706 0.321717 0.548989 -0.771434 -0.14442 0.646887 -0.748785 0.126329 0.707721 -0.695106 -0.104536 0.88186 -0.459777 0.0135904 0.936985 -0.349105 -0.0287996 0.989409 -0.142266 -0.0715573 0.984025 -0.163014 -0.0630762 0.986677 0.149969 -0.07173 0.891594 0.447118 0.00580314 0.85688 0.515483 -0.0170579 0.726147 0.687328 -0.0173201 0.726017 0.687458 0.0200927 0.50464 0.863096 -0.140793 0.439822 0.88698 0.01607 0.336615 0.941505 -0.148279 0.154707 0.97677 -0.0641033 0.189305 0.979824 -0.372235 0.311878 0.87417 8.8816e-05 -0.161805 0.986823 0.549123 0.0589112 0.833663 -0.208061 -0.504769 0.837806 -0.0364086 -0.712481 0.700746 0.0269319 -0.799609 0.599917 -0.00629312 -0.727683 0.685885 0.405631 -0.316432 0.857516 0.0190702 -0.15125 0.988312 0.043304 0.952674 0.300893 0.0099042 0.994738 0.101971 0.0564512 0.858163 -0.510264 0.274045 -0.77326 -0.571811 0.00815254 -0.945153 -0.326527 0.0503912 -0.967913 0.246182 -0.0937982 0.976191 0.195583 0.230334 0.216495 0.948724 -0.15023 -0.884598 0.441495 0.0298435 0.994481 0.100585 -0.10962 -0.978921 0.172329 1 0 0 0.999998 -0.000601626 0.00171184 1 0.000210891 0.000816901 0.719844 -0.168474 0.67338 1 2.62753e-06 -9.80945e-06 1 -0.000497159 7.66307e-05 1 0 0 -0.006257 0.000849941 0.99998 0.00706508 -0.000965236 0.999975 -0.192232 -0.958312 0.211391 0.129384 0.9147 0.382862 -0.0196459 0.771578 0.635831 1 0 0 1 -0.000724775 0.000692546 1 -2.44619e-05 -0.000331505 0.999841 -0.0145777 -0.0102431 1 0.00039954 -0.000472162 0.999986 -0.00259453 0.00457695 1 0 0 0.99673 -0.0386372 -0.0709621 1 2.06991e-05 1.70575e-05 1 0 0 1 -0.000612912 -0.000744821 1 0.000903768 -1.34258e-05 -0.00789397 0.955806 -0.293891 0.0110252 0.785142 -0.619217 0.00515619 0.798317 -0.602216 -0.0066889 0.956345 -0.292164 0.177577 -0.193631 -0.96487 0.938745 -0.0350003 -0.342831 0.962351 -0.00328848 -0.27179 0.341325 0.00523219 -0.939931 -0.988259 -0.11113 -0.104853 -0.951331 -0.0131099 -0.307892 -0.543968 0.161817 -0.823355 -0.000416166 0.704339 -0.709864 -0.106684 -0.993523 0.0391324 0.103328 -0.991141 -0.0834428 0.0443106 -0.99895 0.0116036 -0.0284096 -0.999576 -0.00636568 -0.0225089 -0.993263 0.113676 -0.0395903 -0.999151 -0.0113978 0.11777 -0.992514 0.0323547 0.0130827 -0.999902 -0.00493027 0.0169227 -0.999835 -0.00653397 -0.066508 -0.997785 0.0014488 -0.000275247 -0.997818 -0.0660191 0.534366 -0.310713 -0.786073 -0.461687 -0.371545 0.805481 0.0885628 0.0764258 0.993134 -0.235116 -0.421476 0.87583 -0.412441 0.129724 -0.901701 0.455385 -0.353305 -0.81719 0.957019 0.287996 0.0342588 0.742659 -0.591683 0.313637 -0.894834 0.412806 -0.16989 -0.588152 -0.240602 -0.772132 0.366913 -0.632622 0.682029 -0.918045 -0.0248343 -0.395697 0.847419 0.381688 0.369046 0.968827 -0.0561174 -0.241301 -0.750345 -0.301276 0.588401 -1 -0.000306582 8.42634e-05 -0.999813 -0.0126805 0.0145891 -1 2.47304e-07 -2.28278e-05 0.990059 0.0976218 -0.101258 0.493027 0.0704847 -0.867154 -0.990059 -0.0976218 0.101258 -0.999998 -0.000659243 0.00178461 -1 -2.28559e-05 9.19762e-05 -1 -9.94885e-06 4.00358e-05 -1 -2.61863e-05 1.26262e-05 -1 -3.86258e-05 0.00018162 -1 0 0 -1 0 0 -0.77698 0.629375 -0.0137825 -1 0 0 -0.851824 -0.468106 -0.235103 -0.99227 -0.123468 0.0124903 -1 0 0 -1 -5.85625e-06 8.98574e-06 1 3.73934e-05 -2.72058e-05 -1 -3.73934e-05 2.72058e-05 -1 0.000349522 -0.000223456 -1 1.9853e-05 -3.97121e-06 -1 1.34971e-05 -8.62891e-06 -1 -6.48244e-06 -6.3722e-06 -1 -4.01118e-05 -3.61769e-05 -1 0 0 -1 0 0 -1 -2.30321e-05 0.000184113 0.354813 0.93121 -0.0834004 -0.896112 -0.412559 0.163641 -0.978354 -0.174511 -0.111214 -1 -1.78473e-05 7.0791e-06 -1 0 0 -1 -3.15921e-05 -2.03921e-05 -1 -1.79752e-05 -8.7152e-05 -1 3.00911e-05 4.97886e-05 -1 3.24566e-05 -3.97577e-05 -1 -1.47275e-05 -0.000108877 -1 0 0 -1 -2.31173e-05 2.35522e-05 -1 -0.000126028 2.74857e-05 -1 4.54486e-05 -9.91199e-06 -1 -5.78816e-05 0.000109778 -0.939938 0.0469601 -0.3381 -1 0 0 -1 6.62522e-05 4.68921e-05 -0.988236 0.0659338 0.137997 -1 -4.01781e-05 -1.41032e-05 -1 -9.26393e-06 5.66148e-06 -1 0 0 -1 -1.89066e-05 -2.29594e-05 -0.999997 0.00190243 0.00116633 -1 -2.2817e-05 -1.39884e-05 -0.999839 0.0168837 0.00615039 -0.998548 0.0528427 -0.010487 -0.999283 0.00543966 -0.0374595 -0.997936 0.0177476 -0.0617231 -1 0 0 -1 -0.00010687 8.67595e-05 -1 -0.000106897 8.67155e-05 -1 -5.12494e-05 -0.000117711 -0.960849 -0.0228487 0.276129 0.642998 -0.597324 -0.479329 -1 4.66344e-05 -1.66502e-05 -1 3.83633e-05 3.92648e-06 -1 1.42214e-05 -7.69661e-06 -1 -1.12991e-05 -1.13437e-05 -1 -3.73105e-06 3.14342e-05 -1 -2.60135e-05 -9.72108e-05 -1 -1.2627e-05 -2.78645e-05 -0.0269446 0.843301 0.536767 -1 -6.11365e-05 1.27425e-05 -1 -9.83864e-06 -8.87348e-06 -1 9.81058e-06 8.49966e-06 -0.999672 -0.00220395 -0.0255327 -1 0 0 -1 0 0 -1 -0.000206761 0.000134872 -0.999999 0.0012223 -0.000145869 -1 -0.00026829 -0.00023244 -1 -0.000140828 -0.000349286 -1 -3.98794e-05 -0.000142538 -1 -1.19444e-05 -4.07971e-06 -0.945534 -0.0233622 -0.324685 -1 0 0 -1 0 0 -1 -1.46608e-05 -1.38114e-05 1 9.88549e-05 1.68857e-05 -1 0 0 -1 0 0 -1 0.000115036 5.81144e-05 -1 -1.45709e-05 -0.000332689 1 5.95365e-06 1.3054e-05 -1 -7.21297e-06 -5.51231e-06 -0.999999 0.00107281 0.000116789 -0.999929 -0.0115559 0.00305804 -1 5.45292e-05 -3.13761e-05 -1 2.82499e-05 1.74565e-05 -1 0 0 -0.999209 0.0342614 0.0202003 -0.999999 -0.0016686 -0.000122151 -1 -6.28429e-05 7.78171e-06 -1 -7.90228e-05 3.81023e-05 -1 1.07877e-06 -9.95777e-05 -1 -0.000110913 0.00060067 1 7.24288e-05 -3.6854e-05 0.888271 0.0730087 0.45348 -0.52304 0.48729 -0.699269 -0.779508 -0.397158 0.484389 0.999998 0.00148417 -0.0011148 0.864791 -0.487282 0.121213 0.908308 0.358464 0.215593 1 7.48274e-06 1.14357e-05 1 6.42735e-05 9.82281e-05 1 8.13151e-06 0.000298842 1 -0.000274809 -2.63242e-05 0.480152 0.664295 -0.572858 0.515312 -0.856985 -0.00553827 1 1.84899e-05 -1.84788e-05 -0.374599 0.655818 -0.655423 1 7.69215e-05 0.000455856 1 -0.000314168 -0.000179687 1 -0.000392372 5.1917e-05 -1 0.000590983 9.79943e-06 0.993462 -0.0917039 -0.0680035 0.988479 -0.0363761 0.146923 0.977793 0.207231 0.0312365 1 -5.23531e-05 2.6698e-05 1 -0.000343005 -0.000385814 1 -0.000410647 -7.95985e-05 1 2.20052e-05 -8.88792e-05 1 -0.000611065 -6.77578e-06 1 -9.43173e-05 -0.000111337 1 -0.000104695 -0.000151566 1 4.60383e-05 -4.76783e-05 -0.195595 -0.702574 -0.684202 0.192565 0.70422 0.683368 1 0.000131598 0.000128644 0.191888 0.701797 0.686046 1 -0.00048575 0.000504692 1 -1.19632e-05 -9.53452e-05 0.999999 -0.000135567 -0.00131758 0.997839 0.0637651 -0.0158618 1 0.000259798 0.000166143 0.951415 -0.303 0.0547705 -0.996675 -0.0525378 0.0622748 0.996675 0.0525378 -0.0622748 1 -0.000141984 -0.000395189 -1 -0.000356334 -0.000378913 1 0.000356334 0.000378913 1 0.000254789 -0.000211005 1 0.000260642 -0.000116173 1 0 0 1 -0.000316505 -0.000323759 0.999999 0.000630638 -0.00154989 1 -0.000193772 -0.000767307 0.90889 0.272613 -0.315595 0.3414 0.809175 0.478208 1 8.07347e-05 0.000460207 1 -0.000489698 -0.000788166 1 0.000847624 6.34506e-05 0.986322 -0.0924879 -0.136435 0.992358 -0.0616948 0.106858 0.995871 0.0897665 0.0134975 1 0.00025097 -0.000845224 1 -0.000390065 0.00084033 0.656594 -0.455584 -0.601105 0.615389 0.751513 0.237751 1 -3.2201e-05 -2.03798e-05 1 -3.54529e-06 -4.41195e-05 0.999999 0.000416273 0.0013047 1 7.03332e-05 9.18961e-05 1 4.64179e-05 -0.000194851 1 -7.06697e-05 -0.000198082 1 3.19717e-05 2.82927e-05 1 0.000189514 0.000116538 1 9.00613e-05 0.000592855 0.999999 0.00115451 0.000683764 0.999999 0.00065055 -0.00110714 1 0.000211397 -0.000250911 0.999999 0.000747179 0.00148114 1 7.59476e-05 0.000451235 1 0 0 1 0.00051883 -0.000464001 0.997948 0.00512877 0.0638251 1 -0.000124011 -1.4436e-05 1 -0.000240983 0.000267975 1 -0.000563485 -4.26047e-05 1 0.000501331 0.000293598 1 8.75361e-06 0.000111372 0.895472 -0.438154 0.0784316 1 0.000229495 0.000637601 1 0.000292095 -0.000396144 1 2.4324e-07 4.63849e-05 -0.28118 -0.0734392 0.956841 -0.0592642 -0.138943 0.988526 -0.507799 -0.374198 0.775961 -0.266531 -0.329138 0.905886 0.0314584 -0.868142 0.495319 0.180193 -0.641864 0.745346 -0.0338126 -0.694229 0.71896 0.0842503 -0.996376 0.0116655 0.054187 -0.944932 -0.32275 -0.489154 -0.868648 -0.0786041 0.365275 -0.78143 -0.505906 -0.205359 -0.777609 -0.594266 0.370617 -0.422752 -0.826997 0.184255 -0.494496 -0.849426 -0.445178 -0.19735 -0.873424 -0.511735 0.228585 -0.828177 0.297202 0.0732032 -0.952004 0.102243 0.41913 -0.902151 0.409696 0.616981 -0.671926 -0.308756 0.72802 -0.612092 -0.0691546 0.94567 -0.317688 0.358004 0.856363 -0.372124 -0.212495 0.977136 -0.00718307 0.23521 0.955519 0.17793 0.0822266 0.964234 0.251974 0.362635 0.508952 0.780681 -0.25414 0.701874 0.665421 0.767525 0.609109 0.19973 0.459939 0.787968 0.409343 0.13493 0.442508 0.886556 -0.145498 0.492109 0.858288 0.0905267 0.176544 0.980121 -0.00161916 0.202833 0.979212 0.108682 0.986036 -0.126181 -0.199942 -0.870425 0.449871 -0.78124 -0.436077 0.446655 0.577365 -0.109447 -0.809117 0.211757 0.80865 0.548857 0.907184 0.324041 -0.268356 -0.399599 0.590641 -0.701045 0.843247 0.176969 -0.50756 -0.8627 -0.302426 0.405324 0.65039 0.758763 -0.0356481 -0.65039 -0.758763 0.0356481 0.0816487 -0.828774 0.553595 0.664492 0.646066 0.375565 -0.695545 0.227845 -0.681398 -0.0903319 -0.769161 0.632639 -0.31224 -0.728808 0.609381 -0.682253 0.579953 0.44518 0.892795 -0.447049 0.0553572 -0.892795 0.447049 -0.0553572 0.212813 -0.312662 0.925717 -0.212813 0.312662 -0.925717 -0.872522 0.390906 -0.293085 0.872522 -0.390906 0.293085 0.693967 -0.713095 -0.0995305 0.440613 0.619908 0.649288 -0.278912 0.818028 0.503029 -0.74132 0.248877 -0.623302 0.34638 0.0662715 0.93575 0.635368 -0.480047 0.604866 -0.968457 -0.000759363 -0.249179 0.488916 0.664497 -0.565159 -0.116789 0.743755 0.658171 0.961906 0.218162 0.164748 -0.302032 -0.948871 0.0917611 0.302032 0.948871 -0.091761 0.623866 0.609664 -0.488979 0.328016 -0.798236 -0.505198 0.293641 -0.315529 0.902339 -0.0572837 -0.168315 0.984067 -0.475202 -0.712123 -0.516782 -0.307525 0.811924 -0.496193 0.215485 -0.675141 0.705514 -0.215485 0.675141 -0.705514 0.655039 -0.453111 -0.60466 0.882829 0.227943 0.410677 0.762194 -0.238602 -0.601771 0.325535 -0.683814 0.653013 -0.0297519 0.703745 -0.709829 -0.457265 0.711712 -0.533268 -0.111551 0.630152 -0.768417 0.625256 -0.277456 0.729433 -0.625256 0.277456 -0.729433 0.806385 -0.492035 0.328093 -0.879362 0.473906 0.0462204 -0.792424 -0.459445 -0.401216 -0.880142 -0.417491 0.225946 0.880142 0.417491 -0.225946 0.168045 -0.88795 0.428142 0.853446 0.46946 -0.226359 -0.437107 0.800975 0.409117 -0.455898 -0.793296 -0.403532 0.638904 -0.33612 -0.691972 -0.638904 0.33612 0.691972</float_array>
                    <technique_common>
                        <accessor count="8454" source="#shape0-lib-normals-array" stride="3">
                            <param name="X" type="float"/>
                            <param name="Y" type="float"/>
                            <param name="Z" type="float"/>
                        </accessor>
                    </technique_common>
                </source>
                <vertices id="shape0-lib-vertices">
                    <input semantic="POSITION" source="#shape0-lib-positions"/>
                </vertices>
                <triangles count="8454">
                    <input offset="0" semantic="VERTEX" source="#shape0-lib-vertices"/>
                    <input offset="1" semantic="NORMAL" source="#shape0-lib-normals"/>
                    <p>22 0 8 0 21 0 15 1 1 1 14 1 27 2 4 2 25 2 14 3 2 3 13 3 12 4 13 4 2 4 2 5 3 5 12 5 15 6 14 6 13 6 17 7 0 7 1 7 16 8 1 8 15 8 19 9 11 9 17 9 11 10 0 10 17 10 19 11 18 11 10 11 20 12 9 12 10 12 18 13 20 13 10 13 1 14 16 14 17 14 21 15 8 15 20 15 8 16 9 16 20 16 24 17 22 17 21 17 23 18 6 18 7 18 24 19 7 19 22 19 5 20 26 20 25 20 23 21 26 21 5 21 5 22 6 22 23 22 27 23 25 23 26 23 12 24 3 24 4 24 28 25 4 25 27 25 4 26 28 26 12 26 7 27 24 27 23 27 19 28 17 28 18 28 29 29 20 29 18 29 30 30 31 30 20 30 31 31 32 31 21 31 20 32 29 32 30 32 21 33 20 33 31 33 24 34 32 34 33 34 34 35 23 35 24 35 35 36 12 36 28 36 24 37 33 37 34 37 34 38 36 38 26 38 36 39 37 39 26 39 35 40 38 40 13 40 38 41 39 41 13 41 24 42 21 42 32 42 27 43 37 43 28 43 40 44 17 44 16 44 40 45 41 45 17 45 26 46 23 46 34 46 13 47 12 47 35 47 42 48 16 48 15 48 41 49 43 49 18 49 27 50 26 50 37 50 15 51 39 51 42 51 18 52 17 52 41 52 15 53 13 53 39 53 16 54 42 54 40 54 18 55 43 55 29 55 28 56 44 56 58 56 58 57 35 57 28 57 28 58 37 58 44 58 37 59 36 59 45 59 36 60 46 60 45 60 34 61 55 61 46 61 46 62 36 62 34 62 34 63 33 63 47 63 32 64 60 64 62 64 62 65 33 65 32 65 60 66 32 66 31 66 31 67 30 67 63 67 30 68 50 68 63 68 63 69 60 69 31 69 62 70 47 70 33 70 47 71 55 71 34 71 45 72 44 72 37 72 29 73 54 73 50 73 50 74 30 74 29 74 29 75 43 75 53 75 53 76 54 76 29 76 43 77 41 77 51 77 40 78 52 78 51 78 51 79 41 79 40 79 40 80 42 80 49 80 39 81 48 81 49 81 49 82 42 82 39 82 38 83 56 83 48 83 48 84 39 84 38 84 38 85 35 85 57 85 35 86 58 86 57 86 57 87 56 87 38 87 49 88 52 88 40 88 51 89 53 89 43 89 61 90 51 90 59 90 52 91 59 91 51 91 53 92 51 92 61 92 62 93 60 93 71 93 8 94 60 94 63 94 50 95 64 95 63 95 50 96 54 96 64 96 54 97 53 97 61 97 8 98 71 98 60 98 65 99 66 99 58 99 65 100 44 100 45 100 45 101 67 101 65 101 45 102 68 102 67 102 69 103 68 103 46 103 69 104 55 104 47 104 47 105 70 105 69 105 71 106 70 106 62 106 63 107 9 107 8 107 47 108 62 108 70 108 46 109 55 109 69 109 45 110 46 110 68 110 58 111 44 111 65 111 9 112 63 112 64 112 54 113 72 113 64 113 72 114 54 114 61 114 61 115 11 115 72 115 73 116 11 116 59 116 73 117 52 117 49 117 49 118 74 118 73 118 75 119 74 119 49 119 76 120 75 120 48 120 48 121 56 121 76 121 76 122 56 122 57 122 57 123 66 123 76 123 57 124 58 124 66 124 49 125 48 125 75 125 59 126 52 126 73 126 61 127 59 127 11 127 70 128 71 128 22 128 69 129 70 129 7 129 66 130 65 130 4 130 65 131 67 131 25 131 68 132 5 132 25 132 69 133 6 133 5 133 22 134 7 134 70 134 66 135 3 135 2 135 25 136 4 136 65 136 5 137 68 137 69 137 22 138 71 138 8 138 73 139 0 139 11 139 73 140 74 140 1 140 74 141 75 141 14 141 76 142 2 142 14 142 4 143 3 143 66 143 7 144 6 144 69 144 9 145 64 145 10 145 64 146 72 146 10 146 1 147 0 147 73 147 2 148 76 148 66 148 72 149 19 149 10 149 14 150 75 150 76 150 14 151 1 151 74 151 19 152 72 152 11 152 25 153 67 153 68 153 80 154 83 154 84 154 77 155 115 155 89 155 141 156 99 156 90 156 78 157 91 157 99 157 79 158 107 158 91 158 79 159 81 159 84 159 82 160 77 160 101 160 90 161 89 161 115 161 99 162 141 162 78 162 84 163 107 163 79 163 85 164 98 164 83 164 89 165 101 165 77 165 91 166 78 166 79 166 84 167 81 167 80 167 93 168 89 168 90 168 90 169 99 169 103 169 97 170 83 170 98 170 103 171 93 171 90 171 98 172 85 172 96 172 86 173 106 173 96 173 96 174 85 174 86 174 86 175 87 175 95 175 88 176 94 176 95 176 95 177 87 177 88 177 104 178 92 178 121 178 82 179 104 179 121 179 92 180 94 180 88 180 95 181 106 181 86 181 97 182 156 182 84 182 91 183 107 183 108 183 84 184 83 184 97 184 107 185 84 185 156 185 108 186 103 186 99 186 93 187 100 187 89 187 104 188 105 188 92 188 94 189 92 189 105 189 104 190 82 190 102 190 101 191 89 191 100 191 99 192 91 192 108 192 102 193 82 193 101 193 95 194 130 194 106 194 109 195 130 195 95 195 109 196 94 196 105 196 148 197 105 197 104 197 148 198 104 198 102 198 102 199 110 199 148 199 147 200 110 200 101 200 102 201 101 201 110 201 95 202 94 202 109 202 147 203 101 203 100 203 100 204 150 204 147 204 152 205 150 205 93 205 152 206 93 206 103 206 103 207 149 207 152 207 108 208 149 208 103 208 156 209 140 209 107 209 97 210 151 210 156 210 98 211 151 211 97 211 108 212 107 212 140 212 100 213 93 213 150 213 83 214 80 214 111 214 111 215 112 215 83 215 83 216 112 216 85 216 88 217 87 217 113 217 77 218 82 218 114 218 81 219 116 219 80 219 86 220 85 220 117 220 113 221 118 221 88 221 88 222 118 222 119 222 121 223 92 223 119 223 117 224 120 224 86 224 119 225 92 225 88 225 78 226 122 226 79 226 86 227 120 227 123 227 123 228 87 228 86 228 114 229 82 229 121 229 87 230 123 230 113 230 113 231 123 231 132 231 117 232 85 232 133 232 111 233 80 233 136 233 137 234 81 234 79 234 124 235 114 235 128 235 77 236 114 236 124 236 124 237 125 237 77 237 121 238 126 238 127 238 114 239 127 239 128 239 121 240 119 240 129 240 129 241 126 241 121 241 118 242 109 242 129 242 130 243 113 243 132 243 118 244 113 244 130 244 130 245 109 245 118 245 120 246 131 246 155 246 123 247 155 247 132 247 133 248 153 248 117 248 120 249 117 249 153 249 153 250 131 250 120 250 112 251 134 251 154 251 133 252 85 252 154 252 154 253 85 253 112 253 155 254 123 254 120 254 129 255 119 255 118 255 127 256 114 256 121 256 135 257 111 257 136 257 112 258 111 258 135 258 135 259 134 259 112 259 138 260 135 260 80 260 80 261 135 261 136 261 137 262 138 262 81 262 116 263 81 263 138 263 139 264 140 264 79 264 137 265 79 265 140 265 141 266 143 266 78 266 122 267 78 267 143 267 143 268 139 268 122 268 142 269 143 269 141 269 144 270 115 270 146 270 90 271 115 271 144 271 144 272 142 272 90 272 125 273 145 273 115 273 115 274 145 274 146 274 115 275 77 275 125 275 141 276 90 276 142 276 79 277 122 277 139 277 80 278 116 278 138 278 145 279 144 279 146 279 128 280 127 280 124 280 132 281 155 281 130 281 133 282 154 282 153 282 137 283 140 283 138 283 147 284 125 284 124 284 148 285 126 285 129 285 152 286 149 286 143 286 147 287 150 287 145 287 124 288 127 288 110 288 148 289 110 289 127 289 109 290 105 290 129 290 143 291 142 291 152 291 152 292 142 292 144 292 145 293 125 293 147 293 127 294 126 294 148 294 150 295 144 295 145 295 129 296 105 296 148 296 155 297 131 297 153 297 154 298 134 298 135 298 144 299 150 299 152 299 156 300 151 300 135 300 124 301 110 301 147 301 135 302 151 302 154 302 138 303 140 303 156 303 143 304 149 304 139 304 135 305 138 305 156 305 140 306 139 306 108 306 153 307 96 307 106 307 154 308 98 308 96 308 155 309 106 309 130 309 96 310 153 310 154 310 149 311 108 311 139 311 151 312 98 312 154 312 106 313 155 313 153 313 157 314 158 314 159 314 160 315 157 315 159 315 158 316 160 316 159 316 161 317 162 317 163 317 164 318 161 318 165 318 166 319 164 319 167 319 168 320 166 320 159 320 166 321 169 321 159 321 169 322 170 322 160 322 160 323 159 323 169 323 159 324 160 324 170 324 171 325 168 325 170 325 172 326 171 326 173 326 177 327 172 327 174 327 162 328 175 328 163 328 177 329 179 329 178 329 179 330 194 330 178 330 174 331 179 331 177 331 173 332 174 332 172 332 170 333 173 333 171 333 159 334 170 334 168 334 167 335 169 335 166 335 165 336 167 336 164 336 163 337 165 337 161 337 191 338 180 338 181 338 182 339 181 339 183 339 184 340 183 340 160 340 185 341 160 341 158 341 158 342 157 342 186 342 187 343 186 343 188 343 189 344 188 344 175 344 176 345 190 345 162 345 193 346 180 346 191 346 175 347 190 347 189 347 188 348 189 348 187 348 186 349 187 349 158 349 160 350 185 350 184 350 183 351 184 351 182 351 181 352 182 352 191 352 193 353 194 353 179 353 175 354 188 354 165 354 180 355 179 355 174 355 195 356 196 356 197 356 198 357 199 357 196 357 198 358 200 358 201 358 200 359 202 359 203 359 204 360 205 360 192 360 165 361 163 361 175 361 179 362 180 362 193 362 193 363 206 363 197 363 196 364 195 364 198 364 203 365 201 365 200 365 202 366 204 366 207 366 192 367 205 367 175 367 181 368 174 368 173 368 197 369 194 369 193 369 201 370 199 370 198 370 192 371 207 371 204 371 157 372 169 372 167 372 157 373 160 373 170 373 174 374 181 374 180 374 207 375 203 375 202 375 186 376 167 376 165 376 170 377 169 377 157 377 183 378 173 378 170 378 197 379 206 379 195 379 167 380 186 380 157 380 173 381 183 381 181 381 170 382 160 382 183 382 165 383 188 383 186 383 191 384 177 384 208 384 191 385 182 385 172 385 176 386 209 386 210 386 211 387 208 387 212 387 172 388 177 388 191 388 190 389 162 389 161 389 208 390 211 390 191 390 182 391 184 391 171 391 176 392 162 392 190 392 213 393 214 393 210 393 171 394 172 394 182 394 184 395 185 395 168 395 158 396 166 396 168 396 158 397 187 397 164 397 210 398 209 398 213 398 215 399 216 399 214 399 217 400 218 400 216 400 227 401 219 401 218 401 168 402 171 402 184 402 164 403 166 403 158 403 214 404 213 404 215 404 218 405 217 405 227 405 227 406 220 406 221 406 220 407 222 407 212 407 168 408 185 408 158 408 187 409 189 409 161 409 216 410 215 410 217 410 212 411 221 411 220 411 161 412 164 412 187 412 221 413 219 413 227 413 161 414 189 414 190 414 212 415 222 415 211 415 175 416 162 416 190 416 191 417 224 417 177 417 177 418 178 418 191 418 193 419 191 419 178 419 178 420 224 420 193 420 178 421 177 421 224 421 212 422 208 422 194 422 221 423 212 423 197 423 219 424 221 424 196 424 218 425 219 425 225 425 226 426 225 426 219 426 219 427 199 427 226 427 199 428 201 428 198 428 198 429 226 429 199 429 225 430 198 430 201 430 216 431 218 431 201 431 214 432 216 432 203 432 210 433 214 433 207 433 210 434 192 434 176 434 192 435 175 435 176 435 208 436 177 436 178 436 178 437 194 437 208 437 207 438 192 438 210 438 203 439 207 439 214 439 201 440 203 440 216 440 225 441 201 441 218 441 196 442 199 442 219 442 197 443 196 443 221 443 194 444 197 444 212 444 209 445 205 445 204 445 213 446 204 446 202 446 215 447 202 447 200 447 217 448 200 448 227 448 227 449 198 449 195 449 220 450 195 450 206 450 222 451 206 451 193 451 175 452 205 452 176 452 205 453 223 453 176 453 223 454 209 454 176 454 223 455 205 455 209 455 191 456 211 456 224 456 224 457 211 457 193 457 193 458 211 458 222 458 206 459 222 459 220 459 195 460 220 460 227 460 226 461 198 461 227 461 200 462 217 462 215 462 202 463 215 463 213 463 204 464 213 464 209 464 227 465 200 465 225 465 225 466 200 466 198 466 226 467 227 467 225 467 229 468 230 468 228 468 229 469 228 469 230 469 231 470 258 470 232 470 251 471 284 471 241 471 230 472 350 472 236 472 230 473 236 473 238 473 237 474 230 474 238 474 350 475 237 475 238 475 238 476 236 476 350 476 242 477 251 477 241 477 243 478 245 478 242 478 244 479 243 479 251 479 244 480 245 480 243 480 242 481 241 481 243 481 246 482 272 482 353 482 230 483 272 483 350 483 272 484 246 484 350 484 247 485 237 485 350 485 249 486 613 486 235 486 249 487 248 487 613 487 251 488 341 488 250 488 613 489 341 489 342 489 243 490 342 490 251 490 342 491 243 491 613 491 241 492 275 492 339 492 284 493 275 493 241 493 240 494 241 494 339 494 232 495 252 495 253 495 258 496 254 496 256 496 254 497 232 497 256 497 256 498 232 498 258 498 232 499 253 499 231 499 232 500 254 500 330 500 254 501 255 501 330 501 255 502 257 502 330 502 232 503 257 503 255 503 326 504 231 504 282 504 282 505 618 505 326 505 326 506 258 506 231 506 282 507 329 507 618 507 616 508 327 508 326 508 616 509 254 509 327 509 326 510 618 510 616 510 258 511 327 511 254 511 264 512 259 512 320 512 320 513 233 513 264 513 320 514 260 514 233 514 261 515 262 515 316 515 261 516 233 516 260 516 233 517 316 517 262 517 264 518 263 518 266 518 266 519 239 519 264 519 314 520 259 520 264 520 233 521 263 521 264 521 230 522 611 522 269 522 269 523 611 523 239 523 269 524 234 524 230 524 237 525 230 525 229 525 229 526 230 526 237 526 230 527 237 527 611 527 267 528 263 528 265 528 267 529 265 529 239 529 267 530 266 530 263 530 239 531 266 531 267 531 265 532 268 532 309 532 309 533 239 533 265 533 234 534 269 534 268 534 269 535 239 535 309 535 309 536 268 536 269 536 234 537 270 537 230 537 272 538 270 538 271 538 271 539 235 539 272 539 271 540 235 540 273 540 235 541 271 541 273 541 235 542 271 542 249 542 274 543 249 543 271 543 250 544 248 544 274 544 274 545 271 545 250 545 250 546 284 546 251 546 275 547 284 547 276 547 276 548 278 548 275 548 276 549 277 549 278 549 278 550 277 550 335 550 278 551 335 551 240 551 339 552 278 552 240 552 240 553 333 553 335 553 335 554 333 554 240 554 335 555 277 555 279 555 240 556 335 556 336 556 336 557 335 557 279 557 279 558 280 558 253 558 336 559 252 559 240 559 281 560 618 560 329 560 231 561 281 561 282 561 329 562 282 562 281 562 321 563 323 563 618 563 321 564 291 564 324 564 291 565 233 565 283 565 324 566 323 566 321 566 324 567 262 567 323 567 233 568 262 568 283 568 283 569 324 569 291 569 321 570 618 570 281 570 280 571 231 571 253 571 270 572 272 572 230 572 259 573 314 573 260 573 254 574 616 574 255 574 341 575 613 575 250 575 248 576 250 576 613 576 235 577 246 577 353 577 252 578 232 578 255 578 314 579 264 579 239 579 285 580 250 580 271 580 270 581 286 581 307 581 307 582 271 582 270 582 234 583 287 583 286 583 286 584 270 584 234 584 234 585 268 585 287 585 288 586 287 586 268 586 268 587 265 587 288 587 289 588 288 588 265 588 265 589 263 589 289 589 263 590 300 590 289 590 263 591 233 591 300 591 233 592 290 592 300 592 290 593 233 593 291 593 292 594 321 594 281 594 231 595 297 595 296 595 296 596 281 596 231 596 280 597 298 597 297 597 297 598 231 598 280 598 280 599 279 599 298 599 293 600 298 600 279 600 279 601 277 601 293 601 276 602 295 602 294 602 294 603 277 603 276 603 295 604 276 604 284 604 294 605 293 605 277 605 296 606 292 606 281 606 321 607 292 607 291 607 271 608 307 608 285 608 250 609 285 609 284 609 292 610 290 610 291 610 285 611 306 611 284 611 300 612 299 612 289 612 288 613 289 613 299 613 287 614 288 614 299 614 295 615 284 615 306 615 362 616 305 616 290 616 301 617 362 617 292 617 303 618 298 618 293 618 304 619 293 619 294 619 358 620 299 620 300 620 362 621 290 621 292 621 302 622 301 622 296 622 302 623 296 623 297 623 293 624 304 624 303 624 294 625 295 625 304 625 357 626 287 626 299 626 299 627 358 627 357 627 300 628 305 628 358 628 301 629 292 629 296 629 298 630 303 630 302 630 286 631 357 631 307 631 297 632 298 632 302 632 300 633 290 633 305 633 285 634 307 634 306 634 286 635 287 635 357 635 236 636 238 636 308 636 308 637 238 637 236 637 309 638 310 638 311 638 310 639 309 639 311 639 268 640 269 640 312 640 312 641 269 641 268 641 264 642 313 642 314 642 314 643 313 643 264 643 315 644 267 644 266 644 315 645 266 645 267 645 261 646 316 646 318 646 316 647 233 647 317 647 261 648 317 648 233 648 316 649 317 649 318 649 317 650 261 650 318 650 320 651 319 651 260 651 319 652 320 652 259 652 319 653 259 653 260 653 321 654 323 654 322 654 321 655 322 655 323 655 325 656 283 656 262 656 283 657 325 657 324 657 262 658 324 658 325 658 327 659 258 659 328 659 258 660 326 660 328 660 328 661 326 661 327 661 257 662 331 662 330 662 330 663 331 663 232 663 331 664 257 664 232 664 332 665 256 665 254 665 332 666 254 666 256 666 335 667 334 667 333 667 334 668 335 668 333 668 336 669 279 669 253 669 253 670 252 670 336 670 337 671 338 671 241 671 338 672 337 672 241 672 340 673 339 673 275 673 275 674 278 674 340 674 278 675 339 675 340 675 341 676 251 676 343 676 342 677 343 677 251 677 341 678 344 678 342 678 344 679 343 679 342 679 341 680 343 680 344 680 345 681 242 681 245 681 345 682 244 682 251 682 244 683 345 683 245 683 345 684 251 684 242 684 347 685 346 685 273 685 273 686 346 686 347 686 348 687 249 687 274 687 248 688 249 688 348 688 348 689 274 689 248 689 350 690 246 690 351 690 246 691 247 691 351 691 350 692 349 692 247 692 351 693 349 693 350 693 349 694 351 694 247 694 352 695 272 695 235 695 352 696 353 696 272 696 235 697 353 697 352 697 306 698 355 698 354 698 307 699 356 699 355 699 355 700 306 700 307 700 307 701 371 701 356 701 371 702 307 702 357 702 359 703 358 703 305 703 360 704 359 704 305 704 305 705 361 705 360 705 305 706 362 706 361 706 301 707 302 707 381 707 302 708 303 708 363 708 295 709 306 709 370 709 370 710 304 710 295 710 354 711 370 711 306 711 364 712 365 712 361 712 365 713 360 713 361 713 366 714 364 714 362 714 364 715 361 715 362 715 366 716 301 716 381 716 367 717 302 717 363 717 369 718 368 718 303 718 370 719 369 719 304 719 357 720 373 720 372 720 358 721 374 721 373 721 359 722 365 722 374 722 359 723 360 723 365 723 358 724 359 724 374 724 357 725 358 725 373 725 371 726 357 726 372 726 303 727 304 727 369 727 363 728 303 728 368 728 381 729 302 729 367 729 362 730 301 730 366 730 371 731 372 731 385 731 385 732 398 732 371 732 355 733 376 733 377 733 373 734 374 734 387 734 372 735 373 735 386 735 398 736 375 736 371 736 377 737 354 737 355 737 367 738 382 738 390 738 374 739 388 739 387 739 375 740 356 740 371 740 370 741 354 741 378 741 370 742 378 742 392 742 365 743 364 743 380 743 365 744 389 744 388 744 376 745 355 745 356 745 392 746 369 746 370 746 390 747 381 747 367 747 366 748 397 748 379 748 388 749 374 749 365 749 397 750 366 750 381 750 379 751 364 751 366 751 363 752 368 752 384 752 379 753 380 753 364 753 387 754 386 754 373 754 367 755 363 755 383 755 380 756 389 756 365 756 367 757 383 757 382 757 389 758 413 758 388 758 391 759 363 759 384 759 393 760 394 760 377 760 395 761 393 761 376 761 380 762 396 762 389 762 397 763 396 763 379 763 383 764 363 764 391 764 378 765 394 765 392 765 394 766 354 766 377 766 376 767 356 767 395 767 399 768 372 768 386 768 396 769 380 769 379 769 397 770 381 770 390 770 384 771 368 771 391 771 378 772 354 772 394 772 398 773 395 773 375 773 385 774 372 774 399 774 387 775 413 775 386 775 377 776 376 776 393 776 385 777 399 777 398 777 387 778 388 778 413 778 395 779 356 779 375 779 383 780 391 780 382 780 396 781 400 781 414 781 414 782 389 782 396 782 401 783 396 783 397 783 397 784 390 784 401 784 390 785 402 785 401 785 403 786 390 786 382 786 382 787 391 787 404 787 391 788 368 788 404 788 368 789 405 789 404 789 406 790 368 790 369 790 369 791 392 791 407 791 394 792 427 792 407 792 407 793 392 793 394 793 408 794 394 794 393 794 395 795 409 795 408 795 408 796 393 796 395 796 410 797 395 797 398 797 398 798 399 798 411 798 399 799 386 799 411 799 386 800 412 800 411 800 412 801 386 801 413 801 414 802 413 802 389 802 411 803 410 803 398 803 410 804 409 804 395 804 408 805 427 805 394 805 407 806 406 806 369 806 406 807 405 807 368 807 404 808 403 808 382 808 403 809 402 809 390 809 401 810 400 810 396 810 415 811 416 811 414 811 400 812 415 812 414 812 416 813 413 813 414 813 417 814 400 814 401 814 418 815 402 815 403 815 419 816 403 816 404 816 421 817 428 817 406 817 418 818 417 818 401 818 403 819 419 819 418 819 404 820 420 820 419 820 404 821 428 821 420 821 428 822 405 822 406 822 409 823 424 823 408 823 425 824 409 824 410 824 411 825 423 825 422 825 412 826 416 826 423 826 421 827 406 827 407 827 424 828 427 828 408 828 425 829 410 829 411 829 412 830 413 830 416 830 401 831 402 831 418 831 404 832 405 832 428 832 407 833 426 833 421 833 407 834 427 834 426 834 411 835 422 835 425 835 411 836 412 836 423 836 429 837 430 837 415 837 431 838 429 838 400 838 432 839 431 839 417 839 433 840 432 840 418 840 434 841 433 841 419 841 435 842 434 842 420 842 436 843 435 843 428 843 437 844 436 844 421 844 438 845 437 845 426 845 439 846 438 846 427 846 440 847 439 847 424 847 441 848 440 848 409 848 442 849 441 849 425 849 443 850 442 850 422 850 444 851 443 851 423 851 430 852 444 852 416 852 416 853 415 853 430 853 423 854 416 854 444 854 422 855 423 855 443 855 425 856 422 856 442 856 409 857 425 857 441 857 424 858 409 858 440 858 427 859 424 859 439 859 426 860 427 860 438 860 421 861 426 861 437 861 428 862 421 862 436 862 420 863 428 863 435 863 419 864 420 864 434 864 418 865 419 865 433 865 417 866 418 866 432 866 400 867 417 867 431 867 415 868 400 868 429 868 433 869 434 869 445 869 434 870 435 870 446 870 446 871 445 871 434 871 436 872 447 872 446 872 446 873 435 873 436 873 436 874 437 874 448 874 444 875 430 875 449 875 430 876 429 876 450 876 448 877 447 877 436 877 438 878 451 878 448 878 439 879 452 879 451 879 440 880 453 880 452 880 450 881 449 881 430 881 431 882 454 882 450 882 431 883 432 883 455 883 433 884 456 884 455 884 448 885 437 885 438 885 452 886 439 886 440 886 441 887 457 887 453 887 441 888 442 888 458 888 450 889 429 889 431 889 455 890 432 890 433 890 451 891 438 891 439 891 458 892 457 892 441 892 442 893 443 893 459 893 443 894 444 894 460 894 455 895 454 895 431 895 453 896 440 896 441 896 460 897 459 897 443 897 445 898 456 898 433 898 449 899 460 899 444 899 459 900 458 900 442 900 461 901 462 901 449 901 463 902 461 902 450 902 464 903 463 903 454 903 465 904 464 904 455 904 466 905 465 905 456 905 467 906 466 906 445 906 468 907 467 907 446 907 469 908 468 908 447 908 470 909 469 909 448 909 471 910 470 910 451 910 472 911 471 911 452 911 473 912 472 912 453 912 474 913 473 913 457 913 481 914 474 914 458 914 475 915 481 915 459 915 462 916 475 916 460 916 460 917 449 917 462 917 459 918 460 918 475 918 458 919 459 919 481 919 457 920 458 920 474 920 453 921 457 921 473 921 452 922 453 922 472 922 451 923 452 923 471 923 448 924 451 924 470 924 447 925 448 925 469 925 446 926 447 926 468 926 445 927 446 927 467 927 456 928 445 928 466 928 455 929 456 929 465 929 454 930 455 930 464 930 450 931 454 931 463 931 449 932 450 932 461 932 476 933 477 933 464 933 477 934 494 934 463 934 463 935 464 935 477 935 494 936 478 936 461 936 488 937 471 937 472 937 487 938 470 938 471 938 479 939 476 939 465 939 461 940 463 940 494 940 478 941 480 941 462 941 480 942 492 942 475 942 489 943 474 943 481 943 482 944 473 944 474 944 483 945 472 945 473 945 471 946 488 946 487 946 484 947 469 947 470 947 464 948 465 948 476 948 475 949 462 949 480 949 473 950 482 950 483 950 470 951 487 951 484 951 485 952 468 952 469 952 486 953 467 953 468 953 479 954 466 954 467 954 462 955 461 955 478 955 474 956 489 956 482 956 469 957 484 957 485 957 467 958 486 958 479 958 475 959 492 959 481 959 468 960 485 960 486 960 472 961 483 961 488 961 465 962 466 962 479 962 489 963 481 963 490 963 481 964 491 964 490 964 481 965 492 965 491 965 478 966 495 966 493 966 493 967 480 967 478 967 495 968 478 968 494 968 477 969 496 969 497 969 497 970 494 970 477 970 476 971 499 971 498 971 498 972 477 972 476 972 499 973 476 973 479 973 498 974 496 974 477 974 487 975 500 975 501 975 501 976 484 976 487 976 502 977 487 977 488 977 483 978 482 978 504 978 503 979 488 979 483 979 483 980 505 980 503 980 482 981 489 981 506 981 489 982 524 982 506 982 506 983 504 983 482 983 489 984 490 984 524 984 490 985 507 985 524 985 507 986 490 986 491 986 491 987 525 987 507 987 525 988 491 988 492 988 492 989 508 989 525 989 493 990 509 990 508 990 508 991 480 991 493 991 510 992 511 992 495 992 493 993 495 993 511 993 511 994 509 994 493 994 495 995 494 995 512 995 512 996 510 996 495 996 496 997 513 997 514 997 514 998 497 998 496 998 514 999 512 999 497 999 515 1000 516 1000 499 1000 516 1001 498 1001 499 1001 516 1002 513 1002 498 1002 479 1003 517 1003 515 1003 515 1004 499 1004 479 1004 486 1005 519 1005 518 1005 518 1006 517 1006 486 1006 486 1007 485 1007 520 1007 485 1008 521 1008 520 1008 520 1009 519 1009 486 1009 485 1010 484 1010 521 1010 484 1011 522 1011 521 1011 479 1012 486 1012 517 1012 513 1013 496 1013 498 1013 494 1014 497 1014 512 1014 508 1015 492 1015 480 1015 504 1016 505 1016 483 1016 503 1017 502 1017 488 1017 502 1018 500 1018 487 1018 501 1019 522 1019 484 1019 523 1020 522 1020 501 1020 501 1021 533 1021 523 1021 533 1022 500 1022 502 1022 502 1023 534 1023 533 1023 535 1024 503 1024 505 1024 536 1025 504 1025 506 1025 506 1026 537 1026 536 1026 538 1027 507 1027 525 1027 524 1028 507 1028 538 1028 539 1029 525 1029 508 1029 526 1030 539 1030 508 1030 527 1031 509 1031 511 1031 527 1032 526 1032 509 1032 510 1033 527 1033 511 1033 514 1034 528 1034 512 1034 529 1035 513 1035 516 1035 514 1036 513 1036 529 1036 530 1037 516 1037 515 1037 515 1038 517 1038 531 1038 532 1039 520 1039 521 1039 519 1040 520 1040 532 1040 521 1041 522 1041 523 1041 508 1042 509 1042 526 1042 505 1043 504 1043 536 1043 503 1044 535 1044 534 1044 502 1045 503 1045 534 1045 501 1046 500 1046 533 1046 528 1047 527 1047 510 1047 529 1048 528 1048 514 1048 530 1049 529 1049 516 1049 531 1050 530 1050 515 1050 532 1051 531 1051 518 1051 523 1052 532 1052 521 1052 536 1053 535 1053 505 1053 538 1054 537 1054 524 1054 538 1055 525 1055 539 1055 506 1056 524 1056 537 1056 518 1057 519 1057 532 1057 517 1058 518 1058 531 1058 510 1059 512 1059 528 1059 587 1060 540 1060 539 1060 540 1061 541 1061 538 1061 541 1062 537 1062 538 1062 538 1063 539 1063 540 1063 541 1064 579 1064 537 1064 577 1065 536 1065 537 1065 574 1066 535 1066 536 1066 534 1067 542 1067 572 1067 570 1068 533 1068 534 1068 579 1069 577 1069 537 1069 536 1070 577 1070 574 1070 534 1071 572 1071 570 1071 574 1072 542 1072 535 1072 570 1073 543 1073 533 1073 544 1074 587 1074 526 1074 587 1075 539 1075 526 1075 559 1076 531 1076 532 1076 545 1077 546 1077 530 1077 546 1078 529 1078 530 1078 523 1079 533 1079 543 1079 565 1080 532 1080 523 1080 532 1081 565 1081 561 1081 532 1082 561 1082 559 1082 530 1083 531 1083 545 1083 529 1084 546 1084 553 1084 551 1085 527 1085 528 1085 527 1086 551 1086 544 1086 534 1087 535 1087 542 1087 528 1088 529 1088 553 1088 528 1089 553 1089 551 1089 523 1090 543 1090 565 1090 531 1091 559 1091 545 1091 526 1092 527 1092 544 1092 544 1093 547 1093 587 1093 551 1094 550 1094 548 1094 553 1095 552 1095 551 1095 545 1096 557 1096 546 1096 561 1097 560 1097 559 1097 565 1098 564 1098 563 1098 568 1099 566 1099 543 1099 568 1100 567 1100 566 1100 570 1101 569 1101 568 1101 572 1102 571 1102 570 1102 542 1103 573 1103 572 1103 577 1104 576 1104 574 1104 579 1105 578 1105 577 1105 583 1106 581 1106 540 1106 585 1107 583 1107 540 1107 585 1108 584 1108 583 1108 587 1109 586 1109 585 1109 540 1110 587 1110 585 1110 581 1111 583 1111 584 1111 541 1112 540 1112 581 1112 541 1113 581 1113 582 1113 579 1114 541 1114 580 1114 542 1115 574 1115 575 1115 543 1116 570 1116 568 1116 565 1117 566 1117 567 1117 565 1118 543 1118 566 1118 561 1119 565 1119 563 1119 561 1120 563 1120 562 1120 545 1121 559 1121 558 1121 554 1122 546 1122 556 1122 553 1123 546 1123 554 1123 553 1124 554 1124 555 1124 544 1125 551 1125 548 1125 544 1126 548 1126 549 1126 588 1127 589 1127 544 1127 589 1128 547 1128 544 1128 588 1129 549 1129 548 1129 548 1130 703 1130 588 1130 703 1131 550 1131 551 1131 551 1132 590 1132 703 1132 591 1133 590 1133 553 1133 590 1134 552 1134 553 1134 553 1135 555 1135 591 1135 592 1136 591 1136 554 1136 591 1137 555 1137 554 1137 593 1138 592 1138 546 1138 592 1139 556 1139 546 1139 593 1140 557 1140 545 1140 545 1141 594 1141 593 1141 594 1142 558 1142 559 1142 559 1143 595 1143 594 1143 595 1144 560 1144 561 1144 561 1145 596 1145 595 1145 597 1146 596 1146 563 1146 596 1147 562 1147 563 1147 598 1148 597 1148 565 1148 564 1149 565 1149 597 1149 598 1150 567 1150 568 1150 568 1151 599 1151 598 1151 600 1152 599 1152 570 1152 599 1153 569 1153 570 1153 601 1154 600 1154 572 1154 600 1155 571 1155 572 1155 602 1156 601 1156 542 1156 573 1157 542 1157 601 1157 602 1158 575 1158 574 1158 574 1159 603 1159 602 1159 603 1160 576 1160 577 1160 577 1161 604 1161 603 1161 605 1162 604 1162 579 1162 604 1163 578 1163 579 1163 605 1164 580 1164 541 1164 541 1165 606 1165 605 1165 607 1166 606 1166 581 1166 606 1167 582 1167 581 1167 608 1168 607 1168 585 1168 607 1169 584 1169 585 1169 589 1170 608 1170 587 1170 608 1171 586 1171 587 1171 587 1172 547 1172 589 1172 585 1173 586 1173 608 1173 581 1174 584 1174 607 1174 606 1175 541 1175 582 1175 579 1176 580 1176 605 1176 577 1177 578 1177 604 1177 574 1178 576 1178 603 1178 542 1179 575 1179 602 1179 572 1180 573 1180 601 1180 570 1181 571 1181 600 1181 568 1182 569 1182 599 1182 565 1183 567 1183 598 1183 563 1184 564 1184 597 1184 561 1185 562 1185 596 1185 559 1186 560 1186 595 1186 545 1187 558 1187 594 1187 546 1188 557 1188 593 1188 554 1189 556 1189 592 1189 551 1190 552 1190 590 1190 548 1191 550 1191 703 1191 544 1192 549 1192 588 1192 609 1193 260 1193 314 1193 314 1194 239 1194 622 1194 610 1195 611 1195 237 1195 237 1196 612 1196 610 1196 246 1197 612 1197 237 1197 237 1198 247 1198 246 1198 614 1199 243 1199 241 1199 615 1200 241 1200 240 1200 240 1201 252 1201 255 1201 617 1202 618 1202 323 1202 619 1203 620 1203 262 1203 262 1204 261 1204 619 1204 323 1205 262 1205 620 1205 619 1206 261 1206 260 1206 260 1207 609 1207 619 1207 323 1208 620 1208 617 1208 314 1209 622 1209 609 1209 621 1210 609 1210 622 1210 623 1211 239 1211 611 1211 624 1212 611 1212 610 1212 625 1213 610 1213 612 1213 626 1214 612 1214 246 1214 627 1215 246 1215 235 1215 628 1216 235 1216 613 1216 629 1217 613 1217 243 1217 630 1218 243 1218 614 1218 631 1219 241 1219 615 1219 632 1220 615 1220 240 1220 633 1221 240 1221 255 1221 634 1222 255 1222 616 1222 635 1223 616 1223 618 1223 636 1224 618 1224 617 1224 637 1225 617 1225 620 1225 638 1226 620 1226 619 1226 639 1227 619 1227 609 1227 609 1228 621 1228 639 1228 619 1229 639 1229 638 1229 620 1230 638 1230 637 1230 617 1231 637 1231 636 1231 618 1232 636 1232 635 1232 616 1233 635 1233 634 1233 255 1234 634 1234 633 1234 240 1235 633 1235 632 1235 615 1236 632 1236 631 1236 241 1237 631 1237 614 1237 243 1238 630 1238 629 1238 613 1239 629 1239 628 1239 235 1240 628 1240 627 1240 246 1241 627 1241 626 1241 612 1242 626 1242 625 1242 610 1243 625 1243 624 1243 611 1244 624 1244 623 1244 239 1245 623 1245 622 1245 655 1246 630 1246 614 1246 654 1247 629 1247 630 1247 656 1248 678 1248 634 1248 640 1249 641 1249 632 1249 641 1250 642 1250 631 1250 642 1251 643 1251 614 1251 630 1252 655 1252 654 1252 653 1253 628 1253 629 1253 652 1254 627 1254 628 1254 651 1255 626 1255 627 1255 658 1256 636 1256 637 1256 657 1257 635 1257 636 1257 635 1258 657 1258 656 1258 678 1259 640 1259 633 1259 631 1260 632 1260 641 1260 614 1261 643 1261 655 1261 628 1262 653 1262 652 1262 627 1263 652 1263 651 1263 636 1264 658 1264 657 1264 633 1265 634 1265 678 1265 614 1266 631 1266 642 1266 651 1267 650 1267 626 1267 634 1268 635 1268 656 1268 629 1269 654 1269 653 1269 650 1270 649 1270 625 1270 649 1271 644 1271 624 1271 644 1272 645 1272 623 1272 645 1273 646 1273 622 1273 646 1274 648 1274 621 1274 647 1275 639 1275 621 1275 660 1276 638 1276 639 1276 659 1277 637 1277 638 1277 632 1278 633 1278 640 1278 624 1279 625 1279 649 1279 622 1280 623 1280 645 1280 621 1281 648 1281 647 1281 638 1282 660 1282 659 1282 625 1283 626 1283 650 1283 621 1284 622 1284 646 1284 637 1285 659 1285 658 1285 639 1286 647 1286 660 1286 623 1287 624 1287 644 1287 661 1288 647 1288 648 1288 647 1289 661 1289 660 1289 648 1290 646 1290 662 1290 646 1291 663 1291 662 1291 644 1292 664 1292 753 1292 753 1293 645 1293 644 1293 644 1294 649 1294 665 1294 649 1295 666 1295 665 1295 650 1296 667 1296 668 1296 668 1297 649 1297 650 1297 651 1298 652 1298 669 1298 652 1299 670 1299 669 1299 653 1300 671 1300 672 1300 672 1301 652 1301 653 1301 653 1302 654 1302 706 1302 643 1303 673 1303 674 1303 674 1304 655 1304 643 1304 643 1305 642 1305 675 1305 640 1306 676 1306 728 1306 728 1307 641 1307 640 1307 640 1308 678 1308 677 1308 656 1309 691 1309 679 1309 679 1310 678 1310 656 1310 657 1311 658 1311 680 1311 659 1312 737 1312 736 1312 736 1313 658 1313 659 1313 659 1314 660 1314 681 1314 660 1315 702 1315 681 1315 648 1316 682 1316 744 1316 744 1317 661 1317 648 1317 654 1318 655 1318 697 1318 655 1319 683 1319 697 1319 697 1320 706 1320 654 1320 684 1321 716 1321 683 1321 655 1322 685 1322 684 1322 683 1323 655 1323 684 1323 650 1324 700 1324 667 1324 651 1325 686 1325 700 1325 700 1326 650 1326 651 1326 687 1327 646 1327 688 1327 688 1328 646 1328 645 1328 660 1329 661 1329 702 1329 661 1330 690 1330 689 1330 702 1331 661 1331 689 1331 656 1332 693 1332 691 1332 657 1333 692 1333 693 1333 693 1334 656 1334 657 1334 692 1335 704 1335 693 1335 694 1336 642 1336 695 1336 696 1337 642 1337 641 1337 641 1338 728 1338 696 1338 696 1339 695 1339 642 1339 694 1340 675 1340 642 1340 687 1341 663 1341 646 1341 744 1342 690 1342 661 1342 681 1343 737 1343 659 1343 680 1344 692 1344 657 1344 677 1345 676 1345 640 1345 675 1346 673 1346 643 1346 674 1347 685 1347 655 1347 706 1348 671 1348 653 1348 672 1349 670 1349 652 1349 669 1350 686 1350 651 1350 668 1351 666 1351 649 1351 665 1352 664 1352 644 1352 753 1353 688 1353 645 1353 662 1354 682 1354 648 1354 700 1355 698 1355 667 1355 696 1356 596 1356 695 1356 728 1357 596 1357 696 1357 667 1358 698 1358 700 1358 700 1359 698 1359 699 1359 699 1360 698 1360 700 1360 749 1361 607 1361 701 1361 688 1362 701 1362 749 1362 701 1363 688 1363 749 1363 702 1364 703 1364 743 1364 704 1365 705 1365 693 1365 705 1366 704 1366 693 1366 1862 1367 683 1367 716 1367 716 1368 707 1368 1862 1368 707 1369 697 1369 1862 1369 700 1370 713 1370 1891 1370 700 1371 686 1371 713 1371 672 1372 669 1372 670 1372 706 1373 697 1373 707 1373 669 1374 713 1374 686 1374 708 1375 669 1375 672 1375 672 1376 671 1376 709 1376 671 1377 710 1377 709 1377 710 1378 671 1378 706 1378 706 1379 711 1379 710 1379 713 1380 669 1380 712 1380 709 1381 708 1381 672 1381 708 1382 712 1382 669 1382 713 1383 712 1383 714 1383 714 1384 1878 1384 713 1384 708 1385 715 1385 712 1385 711 1386 715 1386 710 1386 715 1387 709 1387 710 1387 708 1388 709 1388 715 1388 711 1389 706 1389 707 1389 711 1390 707 1390 1892 1390 716 1391 717 1391 707 1391 1892 1392 707 1392 717 1392 718 1393 719 1393 1862 1393 1862 1394 717 1394 718 1394 717 1395 1862 1395 1892 1395 718 1396 717 1396 716 1396 716 1397 684 1397 718 1397 674 1398 718 1398 685 1398 718 1399 684 1399 685 1399 726 1400 725 1400 695 1400 725 1401 694 1401 695 1401 675 1402 694 1402 725 1402 673 1403 721 1403 720 1403 720 1404 674 1404 673 1404 673 1405 675 1405 721 1405 721 1406 675 1406 725 1406 718 1407 674 1407 722 1407 720 1408 722 1408 674 1408 719 1409 718 1409 722 1409 722 1410 723 1410 719 1410 723 1411 720 1411 721 1411 721 1412 724 1412 723 1412 725 1413 724 1413 721 1413 722 1414 720 1414 723 1414 1861 1415 726 1415 727 1415 726 1416 596 1416 728 1416 728 1417 727 1417 726 1417 678 1418 679 1418 677 1418 693 1419 734 1419 691 1419 677 1420 679 1420 731 1420 679 1421 729 1421 731 1421 730 1422 727 1422 728 1422 729 1423 679 1423 691 1423 728 1424 676 1424 730 1424 731 1425 730 1425 677 1425 730 1426 676 1426 677 1426 691 1427 732 1427 733 1427 729 1428 733 1428 731 1428 733 1429 729 1429 691 1429 734 1430 732 1430 691 1430 1893 1431 693 1431 735 1431 693 1432 1893 1432 734 1432 735 1433 693 1433 704 1433 735 1434 704 1434 692 1434 736 1435 680 1435 658 1435 743 1436 681 1436 702 1436 680 1437 735 1437 692 1437 740 1438 680 1438 736 1438 738 1439 737 1439 681 1439 735 1440 680 1440 739 1440 740 1441 739 1441 680 1441 740 1442 741 1442 739 1442 735 1443 739 1443 741 1443 741 1444 1893 1444 735 1444 742 1445 740 1445 736 1445 1857 1446 742 1446 738 1446 742 1447 737 1447 738 1447 738 1448 681 1448 1857 1448 736 1449 737 1449 742 1449 743 1450 1857 1450 681 1450 1848 1451 743 1451 745 1451 743 1452 1848 1452 1867 1452 702 1453 745 1453 743 1453 702 1454 689 1454 745 1454 744 1455 745 1455 690 1455 745 1456 689 1456 690 1456 663 1457 746 1457 662 1457 687 1458 688 1458 746 1458 749 1459 746 1459 688 1459 663 1460 687 1460 746 1460 745 1461 747 1461 1848 1461 747 1462 744 1462 682 1462 682 1463 748 1463 747 1463 1831 1464 748 1464 746 1464 748 1465 662 1465 746 1465 682 1466 662 1466 748 1466 745 1467 744 1467 747 1467 749 1468 1831 1468 746 1468 713 1469 1878 1469 1891 1469 688 1470 701 1470 753 1470 1891 1471 750 1471 700 1471 698 1472 751 1472 699 1472 714 1473 751 1473 698 1473 698 1474 699 1474 1891 1474 699 1475 750 1475 1891 1475 1878 1476 714 1476 698 1476 1891 1477 1878 1477 698 1477 1893 1478 704 1478 705 1478 705 1479 734 1479 1893 1479 705 1480 733 1480 732 1480 741 1481 705 1481 704 1481 705 1482 732 1482 734 1482 1893 1483 741 1483 704 1483 705 1484 741 1484 733 1484 1867 1485 702 1485 743 1485 703 1486 742 1486 1857 1486 1867 1487 1848 1487 702 1487 1848 1488 747 1488 588 1488 1857 1489 743 1489 703 1489 747 1490 589 1490 588 1490 588 1491 702 1491 1848 1491 702 1492 588 1492 703 1492 590 1493 742 1493 703 1493 594 1494 731 1494 733 1494 733 1495 593 1495 594 1495 733 1496 741 1496 592 1496 591 1497 592 1497 741 1497 592 1498 593 1498 733 1498 740 1499 742 1499 591 1499 741 1500 740 1500 591 1500 727 1501 595 1501 596 1501 596 1502 597 1502 695 1502 727 1503 730 1503 595 1503 725 1504 695 1504 597 1504 1861 1505 596 1505 726 1505 597 1506 724 1506 725 1506 1861 1507 727 1507 596 1507 725 1508 726 1508 695 1508 697 1509 600 1509 601 1509 697 1510 711 1510 1892 1510 601 1511 715 1511 697 1511 697 1512 715 1512 711 1512 719 1513 723 1513 599 1513 599 1514 600 1514 683 1514 1892 1515 1862 1515 697 1515 1862 1516 719 1516 683 1516 723 1517 598 1517 599 1517 697 1518 683 1518 600 1518 602 1519 603 1519 714 1519 605 1520 752 1520 751 1520 714 1521 603 1521 604 1521 712 1522 715 1522 602 1522 751 1523 604 1523 605 1523 714 1524 712 1524 602 1524 604 1525 751 1525 714 1525 701 1526 748 1526 1831 1526 607 1527 756 1527 606 1527 1831 1528 749 1528 701 1528 1845 1529 607 1529 749 1529 749 1530 1889 1530 1845 1530 701 1531 607 1531 608 1531 608 1532 748 1532 701 1532 1845 1533 756 1533 607 1533 589 1534 748 1534 608 1534 606 1535 756 1535 605 1535 605 1536 756 1536 752 1536 602 1537 715 1537 601 1537 599 1538 683 1538 719 1538 598 1539 723 1539 724 1539 598 1540 724 1540 597 1540 595 1541 730 1541 594 1541 594 1542 730 1542 731 1542 591 1543 742 1543 590 1543 589 1544 747 1544 748 1544 754 1545 750 1545 699 1545 1889 1546 749 1546 753 1546 753 1547 1845 1547 1889 1547 753 1548 749 1548 688 1548 666 1549 668 1549 665 1549 668 1550 667 1550 754 1550 754 1551 667 1551 700 1551 688 1552 753 1552 701 1552 1845 1553 753 1553 755 1553 755 1554 756 1554 1845 1554 754 1555 699 1555 751 1555 757 1556 751 1556 752 1556 751 1557 757 1557 754 1557 700 1558 750 1558 754 1558 665 1559 752 1559 756 1559 756 1560 664 1560 665 1560 665 1561 668 1561 752 1561 668 1562 757 1562 752 1562 757 1563 668 1563 754 1563 753 1564 664 1564 755 1564 756 1565 755 1565 664 1565 758 1566 759 1566 760 1566 759 1567 761 1567 762 1567 766 1568 758 1568 767 1568 762 1569 760 1569 759 1569 768 1570 771 1570 769 1570 760 1571 767 1571 758 1571 761 1572 771 1572 772 1572 771 1573 768 1573 772 1573 769 1574 773 1574 768 1574 772 1575 762 1575 761 1575 777 1576 766 1576 778 1576 773 1577 769 1577 774 1577 767 1578 778 1578 766 1578 767 1579 760 1579 779 1579 778 1580 767 1580 780 1580 777 1581 778 1581 781 1581 776 1582 777 1582 782 1582 770 1583 776 1583 783 1583 765 1584 770 1584 784 1584 763 1585 765 1585 785 1585 764 1586 763 1586 786 1586 775 1587 764 1587 787 1587 774 1588 775 1588 788 1588 773 1589 774 1589 789 1589 768 1590 773 1590 790 1590 772 1591 768 1591 791 1591 762 1592 772 1592 792 1592 760 1593 762 1593 793 1593 793 1594 779 1594 760 1594 792 1595 793 1595 762 1595 791 1596 792 1596 772 1596 790 1597 791 1597 768 1597 789 1598 790 1598 773 1598 788 1599 789 1599 774 1599 787 1600 788 1600 775 1600 786 1601 787 1601 764 1601 785 1602 786 1602 763 1602 784 1603 785 1603 765 1603 783 1604 784 1604 770 1604 782 1605 783 1605 776 1605 781 1606 782 1606 777 1606 780 1607 781 1607 778 1607 779 1608 780 1608 767 1608 790 1609 802 1609 791 1609 785 1610 795 1610 786 1610 797 1611 787 1611 786 1611 797 1612 801 1612 788 1612 792 1613 791 1613 802 1613 781 1614 804 1614 782 1614 804 1615 796 1615 783 1615 788 1616 787 1616 797 1616 801 1617 794 1617 789 1617 798 1618 793 1618 792 1618 783 1619 782 1619 804 1619 789 1620 788 1620 801 1620 786 1621 795 1621 797 1621 779 1622 793 1622 798 1622 784 1623 783 1623 796 1623 790 1624 789 1624 794 1624 790 1625 814 1625 802 1625 798 1626 799 1626 779 1626 794 1627 814 1627 790 1627 799 1628 812 1628 779 1628 795 1629 808 1629 797 1629 812 1630 780 1630 779 1630 801 1631 797 1631 808 1631 803 1632 781 1632 780 1632 803 1633 804 1633 781 1633 780 1634 812 1634 803 1634 795 1635 785 1635 800 1635 808 1636 795 1636 800 1636 784 1637 800 1637 785 1637 805 1638 784 1638 796 1638 805 1639 806 1639 800 1639 806 1640 807 1640 800 1640 809 1641 794 1641 801 1641 810 1642 792 1642 802 1642 807 1643 813 1643 808 1643 801 1644 808 1644 809 1644 810 1645 799 1645 798 1645 812 1646 799 1646 811 1646 800 1647 784 1647 805 1647 798 1648 792 1648 810 1648 808 1649 800 1649 807 1649 814 1650 794 1650 809 1650 758 1651 815 1651 876 1651 876 1652 759 1652 758 1652 816 1653 815 1653 766 1653 817 1654 816 1654 776 1654 818 1655 817 1655 770 1655 765 1656 763 1656 819 1656 763 1657 833 1657 819 1657 764 1658 820 1658 833 1658 833 1659 763 1659 764 1659 821 1660 820 1660 764 1660 822 1661 821 1661 775 1661 823 1662 822 1662 769 1662 771 1663 761 1663 824 1663 761 1664 759 1664 876 1664 876 1665 824 1665 761 1665 824 1666 823 1666 771 1666 769 1667 771 1667 823 1667 774 1668 769 1668 822 1668 775 1669 774 1669 822 1669 764 1670 775 1670 821 1670 819 1671 818 1671 765 1671 770 1672 765 1672 818 1672 776 1673 770 1673 817 1673 777 1674 776 1674 816 1674 766 1675 777 1675 816 1675 758 1676 766 1676 815 1676 825 1677 826 1677 820 1677 826 1678 833 1678 820 1678 827 1679 826 1679 825 1679 825 1680 828 1680 827 1680 820 1681 829 1681 825 1681 824 1682 830 1682 831 1682 831 1683 832 1683 824 1683 819 1684 833 1684 834 1684 834 1685 837 1685 819 1685 834 1686 835 1686 837 1686 836 1687 837 1687 835 1687 838 1688 839 1688 840 1688 841 1689 842 1689 839 1689 843 1690 844 1690 842 1690 835 1691 845 1691 844 1691 835 1692 834 1692 833 1692 833 1693 845 1693 835 1693 840 1694 859 1694 846 1694 844 1695 843 1695 835 1695 842 1696 841 1696 843 1696 839 1697 838 1697 841 1697 840 1698 846 1698 838 1698 849 1699 863 1699 866 1699 863 1700 849 1700 848 1700 848 1701 844 1701 863 1701 844 1702 1246 1702 863 1702 851 1703 865 1703 852 1703 854 1704 866 1704 865 1704 866 1705 850 1705 849 1705 865 1706 853 1706 854 1706 826 1707 827 1707 1246 1707 844 1708 840 1708 839 1708 852 1709 855 1709 851 1709 866 1710 854 1710 850 1710 1246 1711 844 1711 826 1711 844 1712 847 1712 840 1712 848 1713 856 1713 847 1713 865 1714 851 1714 853 1714 826 1715 844 1715 845 1715 847 1716 844 1716 848 1716 852 1717 827 1717 857 1717 845 1718 833 1718 826 1718 839 1719 842 1719 844 1719 852 1720 857 1720 855 1720 827 1721 852 1721 1246 1721 841 1722 860 1722 836 1722 836 1723 835 1723 841 1723 860 1724 841 1724 846 1724 859 1725 860 1725 846 1725 841 1726 838 1726 846 1726 835 1727 843 1727 841 1727 848 1728 862 1728 858 1728 858 1729 856 1729 848 1729 858 1730 862 1730 861 1730 1246 1731 864 1731 863 1731 856 1732 867 1732 868 1732 856 1733 868 1733 871 1733 871 1734 870 1734 872 1734 872 1735 870 1735 1001 1735 872 1736 1001 1736 874 1736 867 1737 856 1737 858 1737 868 1738 867 1738 869 1738 859 1739 872 1739 874 1739 847 1740 871 1740 859 1740 859 1741 840 1741 847 1741 873 1742 867 1742 858 1742 858 1743 861 1743 873 1743 872 1744 859 1744 871 1744 871 1745 847 1745 856 1745 870 1746 871 1746 868 1746 861 1747 862 1747 875 1747 939 1748 875 1748 937 1748 939 1749 998 1749 861 1749 875 1750 939 1750 861 1750 902 1751 877 1751 876 1751 876 1752 1344 1752 902 1752 878 1753 879 1753 880 1753 879 1754 899 1754 881 1754 899 1755 882 1755 883 1755 877 1756 884 1756 876 1756 882 1757 905 1757 885 1757 885 1758 883 1758 882 1758 883 1759 881 1759 899 1759 881 1760 880 1760 879 1760 878 1761 884 1761 877 1761 887 1762 893 1762 886 1762 893 1763 887 1763 890 1763 893 1764 891 1764 830 1764 888 1765 889 1765 886 1765 830 1766 881 1766 1173 1766 893 1767 890 1767 891 1767 1173 1768 893 1768 830 1768 888 1769 892 1769 889 1769 895 1770 1173 1770 881 1770 895 1771 881 1771 894 1771 884 1772 878 1772 880 1772 894 1773 881 1773 883 1773 881 1774 876 1774 884 1774 830 1775 824 1775 876 1775 888 1776 895 1776 896 1776 883 1777 885 1777 894 1777 876 1778 881 1778 830 1778 888 1779 896 1779 892 1779 880 1780 881 1780 884 1780 894 1781 885 1781 897 1781 897 1782 898 1782 894 1782 899 1783 879 1783 900 1783 900 1784 882 1784 899 1784 902 1785 900 1785 879 1785 879 1786 878 1786 877 1786 879 1787 877 1787 902 1787 882 1788 901 1788 905 1788 894 1789 898 1789 895 1789 906 1790 907 1790 908 1790 897 1791 908 1791 954 1791 909 1792 955 1792 987 1792 987 1793 988 1793 909 1793 906 1794 897 1794 885 1794 906 1795 885 1795 905 1795 906 1796 905 1796 904 1796 954 1797 909 1797 897 1797 910 1798 898 1798 897 1798 909 1799 910 1799 897 1799 908 1800 897 1800 906 1800 898 1801 910 1801 911 1801 911 1802 895 1802 898 1802 909 1803 988 1803 910 1803 910 1804 912 1804 913 1804 988 1805 986 1805 912 1805 912 1806 910 1806 988 1806 913 1807 911 1807 910 1807 905 1808 901 1808 914 1808 914 1809 904 1809 905 1809 914 1810 901 1810 903 1810 903 1811 904 1811 914 1811 1061 1812 1333 1812 914 1812 914 1813 1333 1813 1061 1813 915 1814 1173 1814 895 1814 888 1815 915 1815 895 1815 886 1816 893 1816 916 1816 888 1817 886 1817 916 1817 893 1818 1173 1818 1174 1818 829 1819 963 1819 917 1819 917 1820 828 1820 829 1820 828 1821 825 1821 829 1821 963 1822 983 1822 918 1822 918 1823 917 1823 963 1823 920 1824 919 1824 921 1824 919 1825 920 1825 831 1825 967 1826 920 1826 921 1826 920 1827 832 1827 831 1827 921 1828 919 1828 922 1828 923 1829 922 1829 931 1829 923 1830 931 1830 924 1830 922 1831 923 1831 921 1831 986 1832 933 1832 912 1832 925 1833 926 1833 927 1833 928 1834 929 1834 926 1834 926 1835 925 1835 928 1835 927 1836 889 1836 925 1836 928 1837 930 1837 929 1837 890 1838 922 1838 919 1838 890 1839 931 1839 922 1839 891 1840 919 1840 831 1840 895 1841 911 1841 896 1841 892 1842 896 1842 911 1842 889 1843 892 1843 925 1843 913 1844 912 1844 925 1844 925 1845 892 1845 913 1845 886 1846 889 1846 927 1846 887 1847 886 1847 926 1847 931 1848 890 1848 930 1848 887 1849 929 1849 930 1849 930 1850 890 1850 887 1850 926 1851 929 1851 887 1851 927 1852 926 1852 886 1852 911 1853 913 1853 892 1853 831 1854 830 1854 891 1854 919 1855 891 1855 890 1855 928 1856 925 1856 912 1856 930 1857 928 1857 932 1857 932 1858 931 1858 930 1858 912 1859 932 1859 928 1859 912 1860 934 1860 932 1860 934 1861 912 1861 933 1861 934 1862 933 1862 936 1862 936 1863 933 1863 924 1863 934 1864 931 1864 932 1864 931 1865 934 1865 924 1865 934 1866 936 1866 924 1866 924 1867 935 1867 936 1867 924 1868 936 1868 935 1868 1301 1869 936 1869 935 1869 1301 1870 935 1870 936 1870 938 1871 998 1871 939 1871 940 1872 939 1872 937 1872 937 1873 941 1873 940 1873 942 1874 943 1874 944 1874 940 1875 945 1875 943 1875 943 1876 942 1876 940 1876 944 1877 851 1877 942 1877 851 1878 855 1878 942 1878 940 1879 941 1879 945 1879 850 1880 875 1880 862 1880 857 1881 827 1881 828 1881 828 1882 917 1882 857 1882 855 1883 857 1883 917 1883 917 1884 918 1884 855 1884 918 1885 946 1885 855 1885 918 1886 983 1886 950 1886 853 1887 851 1887 944 1887 854 1888 853 1888 943 1888 875 1889 850 1889 941 1889 854 1890 945 1890 941 1890 941 1891 850 1891 854 1891 941 1892 937 1892 875 1892 943 1893 945 1893 854 1893 944 1894 943 1894 853 1894 862 1895 848 1895 849 1895 862 1896 849 1896 850 1896 942 1897 947 1897 948 1897 948 1898 940 1898 942 1898 948 1899 939 1899 940 1899 946 1900 942 1900 855 1900 942 1901 946 1901 947 1901 938 1902 939 1902 948 1902 950 1903 983 1903 949 1903 948 1904 949 1904 983 1904 950 1905 948 1905 947 1905 946 1906 918 1906 950 1906 947 1907 946 1907 950 1907 949 1908 948 1908 950 1908 949 1909 1280 1909 1291 1909 1294 1910 1280 1910 949 1910 1294 1911 949 1911 1291 1911 869 1912 952 1912 999 1912 873 1913 869 1913 867 1913 999 1914 952 1914 951 1914 951 1915 869 1915 873 1915 953 1916 869 1916 951 1916 953 1917 952 1917 869 1917 953 1918 1296 1918 952 1918 951 1919 1296 1919 953 1919 1296 1920 951 1920 952 1920 954 1921 996 1921 958 1921 955 1922 958 1922 996 1922 955 1923 909 1923 956 1923 956 1924 909 1924 954 1924 958 1925 955 1925 956 1925 956 1926 954 1926 958 1926 1334 1927 958 1927 957 1927 957 1928 958 1928 1334 1928 959 1929 859 1929 874 1929 960 1930 859 1930 959 1930 959 1931 874 1931 981 1931 981 1932 960 1932 959 1932 981 1933 961 1933 1259 1933 981 1934 1259 1934 961 1934 1306 1935 1259 1935 961 1935 823 1936 832 1936 962 1936 829 1937 822 1937 964 1937 962 1938 964 1938 822 1938 829 1939 964 1939 963 1939 920 1940 962 1940 832 1940 829 1941 821 1941 822 1941 820 1942 821 1942 829 1942 822 1943 823 1943 962 1943 823 1944 824 1944 832 1944 965 1945 962 1945 968 1945 964 1946 962 1946 965 1946 966 1947 963 1947 964 1947 968 1948 962 1948 920 1948 965 1949 966 1949 964 1949 968 1950 920 1950 967 1950 965 1951 968 1951 1093 1951 966 1952 965 1952 1093 1952 966 1953 969 1953 963 1953 984 1954 967 1954 921 1954 1094 1955 967 1955 984 1955 969 1956 966 1956 1094 1956 970 1957 954 1957 908 1957 908 1958 995 1958 970 1958 971 1959 994 1959 906 1959 906 1960 994 1960 907 1960 972 1961 1002 1961 1343 1961 900 1962 1343 1962 1002 1962 1002 1963 973 1963 900 1963 976 1964 974 1964 975 1964 992 1965 975 1965 974 1965 977 1966 978 1966 979 1966 1340 1967 979 1967 980 1967 960 1968 981 1968 982 1968 978 1969 977 1969 860 1969 860 1970 982 1970 978 1970 1000 1971 870 1971 868 1971 870 1972 1000 1972 1001 1972 948 1973 983 1973 938 1973 984 1974 969 1974 1094 1974 983 1975 963 1975 969 1975 985 1976 921 1976 923 1976 984 1977 921 1977 985 1977 923 1978 924 1978 933 1978 970 1979 996 1979 954 1979 955 1980 996 1980 987 1980 900 1981 973 1981 901 1981 973 1982 903 1982 901 1982 971 1983 904 1983 903 1983 904 1984 971 1984 906 1984 990 1985 972 1985 989 1985 974 1986 1082 1986 991 1986 991 1987 992 1987 974 1987 1089 1988 1340 1988 980 1988 1089 1989 980 1989 1087 1989 976 1990 1088 1990 1087 1990 1001 1991 981 1991 874 1991 869 1992 999 1992 993 1992 1000 1993 868 1993 869 1993 993 1994 1000 1994 869 1994 998 1995 951 1995 873 1995 951 1996 998 1996 999 1996 873 1997 861 1997 998 1997 982 1998 860 1998 960 1998 979 1999 1340 1999 977 1999 995 2000 908 2000 907 2000 997 2001 988 2001 987 2001 987 2002 996 2002 997 2002 988 2003 997 2003 986 2003 923 2004 933 2004 985 2004 990 2005 1002 2005 972 2005 1003 2006 1004 2006 971 2006 971 2007 1004 2007 994 2007 971 2008 903 2008 1003 2008 1003 2009 903 2009 973 2009 1005 2010 1006 2010 907 2010 1006 2011 995 2011 907 2011 970 2012 1006 2012 1007 2012 996 2013 1007 2013 997 2013 997 2014 1008 2014 986 2014 1008 2015 1009 2015 933 2015 1009 2016 985 2016 933 2016 1009 2017 1010 2017 984 2017 1010 2018 1011 2018 969 2018 1011 2019 983 2019 969 2019 1012 2020 938 2020 983 2020 983 2021 1011 2021 1012 2021 998 2022 1012 2022 1013 2022 999 2023 1013 2023 1014 2023 1015 2024 1000 2024 993 2024 993 2025 1014 2025 1015 2025 1016 2026 1001 2026 1000 2026 1000 2027 1015 2027 1016 2027 981 2028 1016 2028 1017 2028 1018 2029 978 2029 982 2029 982 2030 1017 2030 1018 2030 1019 2031 980 2031 979 2031 979 2032 1018 2032 1019 2032 1020 2033 1087 2033 980 2033 980 2034 1019 2034 1020 2034 1021 2035 974 2035 976 2035 976 2036 1020 2036 1021 2036 1022 2037 1082 2037 974 2037 974 2038 1021 2038 1022 2038 1022 2039 1023 2039 990 2039 1023 2040 1024 2040 1002 2040 1025 2041 1003 2041 973 2041 973 2042 1024 2042 1025 2042 1025 2043 1005 2043 1004 2043 1005 2044 994 2044 1004 2044 1004 2045 1003 2045 1025 2045 973 2046 1002 2046 1024 2046 1002 2047 990 2047 1023 2047 990 2048 1082 2048 1022 2048 976 2049 1087 2049 1020 2049 979 2050 978 2050 1018 2050 982 2051 981 2051 1017 2051 981 2052 1001 2052 1016 2052 993 2053 999 2053 1014 2053 999 2054 998 2054 1013 2054 998 2055 938 2055 1012 2055 969 2056 984 2056 1010 2056 984 2057 985 2057 1009 2057 933 2058 986 2058 1008 2058 996 2059 970 2059 1007 2059 970 2060 995 2060 1006 2060 907 2061 994 2061 1005 2061 1026 2062 1025 2062 1024 2062 1023 2063 1042 2063 1045 2063 1022 2064 1041 2064 1042 2064 1021 2065 1040 2065 1041 2065 1020 2066 1039 2066 1040 2066 1019 2067 1038 2067 1039 2067 1045 2068 1024 2068 1023 2068 1041 2069 1022 2069 1021 2069 1039 2070 1020 2070 1019 2070 1018 2071 1037 2071 1038 2071 1014 2072 1013 2072 1035 2072 1013 2073 1012 2073 1027 2073 1011 2074 1010 2074 1028 2074 1009 2075 1008 2075 1044 2075 1008 2076 997 2076 1033 2076 997 2077 1007 2077 1032 2077 1031 2078 1032 2078 1007 2078 1029 2079 1031 2079 1006 2079 1029 2080 1005 2080 1025 2080 1042 2081 1023 2081 1022 2081 1038 2082 1019 2082 1018 2082 1017 2083 1036 2083 1037 2083 1016 2084 1030 2084 1036 2084 1014 2085 1030 2085 1015 2085 1027 2086 1035 2086 1013 2086 1009 2087 1028 2087 1010 2087 1033 2088 1044 2088 1008 2088 1007 2089 1006 2089 1031 2089 1025 2090 1026 2090 1029 2090 1040 2091 1021 2091 1020 2091 1036 2092 1017 2092 1016 2092 1006 2093 1005 2093 1029 2093 1037 2094 1018 2094 1017 2094 1011 2095 1027 2095 1012 2095 1032 2096 1033 2096 997 2096 1030 2097 1016 2097 1015 2097 1024 2098 1045 2098 1026 2098 1009 2099 1063 2099 1028 2099 1011 2100 1034 2100 1027 2100 1014 2101 1058 2101 1030 2101 1058 2102 1014 2102 1035 2102 1034 2103 1011 2103 1028 2103 1063 2104 1009 2104 1044 2104 1032 2105 1053 2105 1043 2105 1043 2106 1033 2106 1032 2106 1043 2107 1044 2107 1033 2107 1040 2108 1070 2108 1059 2108 1036 2109 1030 2109 1049 2109 1032 2110 1031 2110 1053 2110 1042 2111 1041 2111 1046 2111 1059 2112 1041 2112 1040 2112 1040 2113 1039 2113 1047 2113 1038 2114 1067 2114 1052 2114 1038 2115 1037 2115 1048 2115 1037 2116 1036 2116 1049 2116 1028 2117 1056 2117 1034 2117 1031 2118 1050 2118 1053 2118 1046 2119 1045 2119 1042 2119 1047 2120 1070 2120 1040 2120 1052 2121 1039 2121 1038 2121 1049 2122 1048 2122 1037 2122 1027 2123 1057 2123 1035 2123 1026 2124 1050 2124 1029 2124 1059 2125 1046 2125 1041 2125 1048 2126 1067 2126 1038 2126 1034 2127 1056 2127 1057 2127 1050 2128 1031 2128 1029 2128 1052 2129 1047 2129 1039 2129 1057 2130 1027 2130 1034 2130 1055 2131 1028 2131 1063 2131 1035 2132 1057 2132 1064 2132 1051 2133 1049 2133 1030 2133 1047 2134 1052 2134 1080 2134 1081 2135 1045 2135 1046 2135 1081 2136 1060 2136 1045 2136 1026 2137 1045 2137 1060 2137 1058 2138 1035 2138 1064 2138 1043 2139 1054 2139 1044 2139 1043 2140 1053 2140 1073 2140 1053 2141 1050 2141 1066 2141 1062 2142 1063 2142 1044 2142 1028 2143 1055 2143 1056 2143 1056 2144 1078 2144 1057 2144 1067 2145 1048 2145 1069 2145 1067 2146 1080 2146 1052 2146 1050 2147 1026 2147 1061 2147 1054 2148 1062 2148 1044 2148 1053 2149 1066 2149 1073 2149 1057 2150 1078 2150 1064 2150 1065 2151 1030 2151 1058 2151 1070 2152 1047 2152 1080 2152 1051 2153 1030 2153 1065 2153 1076 2154 1063 2154 1062 2154 1073 2155 1074 2155 1043 2155 1074 2156 1075 2156 1054 2156 1055 2157 1063 2157 1076 2157 1075 2158 1062 2158 1054 2158 1054 2159 1043 2159 1074 2159 1068 2160 1049 2160 1051 2160 1068 2161 1069 2161 1048 2161 1060 2162 1061 2162 1026 2162 1064 2163 1065 2163 1058 2163 1048 2164 1049 2164 1068 2164 1070 2165 1071 2165 1059 2165 1062 2166 1075 2166 1076 2166 1072 2167 1050 2167 1061 2167 1071 2168 1081 2168 1046 2168 1066 2169 1050 2169 1072 2169 1046 2170 1059 2170 1071 2170 1056 2171 1055 2171 1077 2171 1064 2172 1079 2172 1065 2172 1070 2173 1326 2173 1071 2173 1326 2174 1070 2174 1080 2174 1078 2175 1079 2175 1064 2175 1077 2176 1055 2176 1076 2176 1084 2177 990 2177 989 2177 991 2178 1082 2178 1083 2178 1082 2179 1085 2179 1084 2179 1084 2180 989 2180 1083 2180 1084 2181 1083 2181 1082 2181 1082 2182 1084 2182 1085 2182 1082 2183 990 2183 1084 2183 1084 2184 1332 2184 1085 2184 1086 2185 1085 2185 1332 2185 1332 2186 1084 2186 1085 2186 1332 2187 1085 2187 1086 2187 1089 2188 1087 2188 1090 2188 1090 2189 1088 2189 1089 2189 1087 2190 1088 2190 1090 2190 1090 2191 1223 2191 1092 2191 1090 2192 1091 2192 1223 2192 1092 2193 1091 2193 1090 2193 967 2194 1093 2194 968 2194 1099 2195 1097 2195 1098 2195 1097 2196 1096 2196 1098 2196 1094 2197 1095 2197 967 2197 1099 2198 1098 2198 1095 2198 1094 2199 1096 2199 1095 2199 1098 2200 1096 2200 1094 2200 1095 2201 1098 2201 1093 2201 1094 2202 966 2202 1093 2202 1094 2203 1093 2203 1098 2203 1095 2204 1093 2204 967 2204 1100 2205 1095 2205 1096 2205 1100 2206 1099 2206 1095 2206 1101 2207 1096 2207 1097 2207 1100 2208 1096 2208 1101 2208 1097 2209 1099 2209 1102 2209 1099 2210 1100 2210 1101 2210 1101 2211 1102 2211 1099 2211 1102 2212 1101 2212 1097 2212 1104 2213 1102 2213 1101 2213 1102 2214 1104 2214 1103 2214 1102 2215 1106 2215 1101 2215 1106 2216 1104 2216 1101 2216 1109 2217 1106 2217 1102 2217 1102 2218 1105 2218 1109 2218 1102 2219 1108 2219 1105 2219 1108 2220 1102 2220 1103 2220 1104 2221 1106 2221 1110 2221 1106 2222 1107 2222 1110 2222 1109 2223 1105 2223 1117 2223 1109 2224 1107 2224 1106 2224 1109 2225 1117 2225 1283 2225 1110 2226 1111 2226 1104 2226 1110 2227 1107 2227 1113 2227 1113 2228 1112 2228 1110 2228 1107 2229 1282 2229 1113 2229 1113 2230 1282 2230 1149 2230 1147 2231 1114 2231 1149 2231 1149 2232 1114 2232 1113 2232 1108 2233 1129 2233 1115 2233 1115 2234 1105 2234 1108 2234 1105 2235 1115 2235 1116 2235 1105 2236 1116 2236 1117 2236 1117 2237 1119 2237 1118 2237 1275 2238 1279 2238 1119 2238 1120 2239 1110 2239 1112 2239 1120 2240 1111 2240 1110 2240 1111 2241 1120 2241 1121 2241 1120 2242 1114 2242 1131 2242 1122 2243 1131 2243 1114 2243 1123 2244 1125 2244 1124 2244 1126 2245 1124 2245 1125 2245 1124 2246 1122 2246 1114 2246 1124 2247 1114 2247 1123 2247 1126 2248 1174 2248 1142 2248 1128 2249 1127 2249 1108 2249 1121 2250 1120 2250 1131 2250 1128 2251 1108 2251 1103 2251 1121 2252 1103 2252 1104 2252 1103 2253 1121 2253 1128 2253 1111 2254 1121 2254 1104 2254 1127 2255 1129 2255 1108 2255 1130 2256 1128 2256 1121 2256 1130 2257 1127 2257 1128 2257 1121 2258 1131 2258 1130 2258 1127 2259 1132 2259 1129 2259 1133 2260 1129 2260 1132 2260 1134 2261 1133 2261 1132 2261 1132 2262 1137 2262 1135 2262 1135 2263 1134 2263 1132 2263 1136 2264 1138 2264 1139 2264 1136 2265 1139 2265 1137 2265 1139 2266 1236 2266 1235 2266 1131 2267 802 2267 814 2267 1130 2268 814 2268 809 2268 804 2269 1145 2269 1140 2269 1140 2270 796 2270 804 2270 805 2271 796 2271 1141 2271 796 2272 1140 2272 1141 2272 1236 2273 806 2273 805 2273 807 2274 806 2274 1138 2274 806 2275 1139 2275 1138 2275 1139 2276 806 2276 1236 2276 813 2277 807 2277 1138 2277 1138 2278 1136 2278 813 2278 1136 2279 808 2279 813 2279 1127 2280 809 2280 1132 2280 809 2281 808 2281 1137 2281 1137 2282 1132 2282 809 2282 1122 2283 802 2283 1131 2283 799 2284 810 2284 1124 2284 810 2285 1122 2285 1124 2285 799 2286 1124 2286 1126 2286 1126 2287 811 2287 799 2287 1142 2288 812 2288 1126 2288 1126 2289 812 2289 811 2289 1143 2290 803 2290 812 2290 804 2291 803 2291 1145 2291 803 2292 1143 2292 1144 2292 1145 2293 803 2293 1144 2293 812 2294 1142 2294 1143 2294 1122 2295 810 2295 802 2295 1136 2296 1137 2296 808 2296 805 2297 1146 2297 1236 2297 1141 2298 1146 2298 805 2298 809 2299 1127 2299 1130 2299 814 2300 1130 2300 1131 2300 1149 2301 1148 2301 1147 2301 1149 2302 1282 2302 1150 2302 1148 2303 1149 2303 1150 2303 1151 2304 1147 2304 1148 2304 1153 2305 1155 2305 1156 2305 1156 2306 1154 2306 1153 2306 1154 2307 1147 2307 1153 2307 1153 2308 1157 2308 1155 2308 1157 2309 1153 2309 1164 2309 1164 2310 1153 2310 1147 2310 1165 2311 1164 2311 1147 2311 1147 2312 1151 2312 1165 2312 1156 2313 1158 2313 1159 2313 1155 2314 1160 2314 1158 2314 1160 2315 1155 2315 1157 2315 1157 2316 1164 2316 1161 2316 915 2317 1161 2317 1162 2317 1154 2318 1125 2318 1123 2318 1159 2319 1126 2319 1125 2319 1125 2320 1154 2320 1159 2320 1114 2321 1120 2321 1112 2321 1147 2322 1123 2322 1114 2322 1112 2323 1113 2323 1114 2323 1147 2324 1154 2324 1123 2324 1162 2325 1163 2325 915 2325 1161 2326 915 2326 1157 2326 1158 2327 1156 2327 1155 2327 1159 2328 1154 2328 1156 2328 1168 2329 1162 2329 1161 2329 1166 2330 1168 2330 1165 2330 1161 2331 1164 2331 1165 2331 1161 2332 1165 2332 1168 2332 1167 2333 1199 2333 1166 2333 1168 2334 1199 2334 1169 2334 1168 2335 1169 2335 1170 2335 1168 2336 1170 2336 1162 2336 1194 2337 1171 2337 1169 2337 1170 2338 1171 2338 1163 2338 1163 2339 1162 2339 1170 2339 1171 2340 1170 2340 1169 2340 1199 2341 1168 2341 1166 2341 1172 2342 1171 2342 1194 2342 1172 2343 1194 2343 1188 2343 1171 2344 1172 2344 915 2344 915 2345 1163 2345 1171 2345 916 2346 893 2346 1174 2346 1174 2347 1126 2347 916 2347 916 2348 1159 2348 1158 2348 916 2349 1126 2349 1159 2349 1160 2350 888 2350 916 2350 916 2351 1158 2351 1160 2351 888 2352 1157 2352 915 2352 888 2353 1160 2353 1157 2353 1173 2354 915 2354 1172 2354 1174 2355 1173 2355 1175 2355 1177 2356 1174 2356 1175 2356 1172 2357 1176 2357 1173 2357 1176 2358 1175 2358 1173 2358 1181 2359 1177 2359 1175 2359 1176 2360 1172 2360 1188 2360 1177 2361 1180 2361 1174 2361 1175 2362 1176 2362 1181 2362 1180 2363 1178 2363 1174 2363 1181 2364 1176 2364 1188 2364 1188 2365 1182 2365 1181 2365 1181 2366 1182 2366 1183 2366 1177 2367 1181 2367 1180 2367 1181 2368 1183 2368 1180 2368 1180 2369 1186 2369 1178 2369 1186 2370 1185 2370 1143 2370 1179 2371 1178 2371 1186 2371 1186 2372 1143 2372 1179 2372 1185 2373 1186 2373 1187 2373 1186 2374 1180 2374 1183 2374 1184 2375 1186 2375 1183 2375 1188 2376 1207 2376 1182 2376 1143 2377 1145 2377 1144 2377 1142 2378 1174 2378 1178 2378 1178 2379 1179 2379 1142 2379 1179 2380 1143 2380 1142 2380 1185 2381 1145 2381 1143 2381 1187 2382 1190 2382 1185 2382 1190 2383 1189 2383 1185 2383 1140 2384 1145 2384 1191 2384 1191 2385 1192 2385 1140 2385 1189 2386 1191 2386 1145 2386 1145 2387 1185 2387 1189 2387 1225 2388 1192 2388 1191 2388 1191 2389 1193 2389 1225 2389 1186 2390 1184 2390 1187 2390 1195 2391 1197 2391 1196 2391 1188 2392 1194 2392 1198 2392 1169 2393 1197 2393 1194 2393 1197 2394 1195 2394 1194 2394 1195 2395 1198 2395 1194 2395 1197 2396 1169 2396 1199 2396 1200 2397 1198 2397 1195 2397 1195 2398 1196 2398 1201 2398 1198 2399 1200 2399 1339 2399 1339 2400 1188 2400 1198 2400 1195 2401 1201 2401 1200 2401 1196 2402 1206 2402 1201 2402 1203 2403 1202 2403 1197 2403 1199 2404 1167 2404 1203 2404 1197 2405 1199 2405 1203 2405 1196 2406 1197 2406 1202 2406 1204 2407 1201 2407 1206 2407 1202 2408 1206 2408 1196 2408 1202 2409 1205 2409 1206 2409 1205 2410 1202 2410 1203 2410 1205 2411 1203 2411 1167 2411 1207 2412 1188 2412 1339 2412 1211 2413 1209 2413 1184 2413 1208 2414 1184 2414 1183 2414 1183 2415 1182 2415 1208 2415 1208 2416 1211 2416 1184 2416 1209 2417 1187 2417 1184 2417 1212 2418 1182 2418 1207 2418 1182 2419 1212 2419 1210 2419 1208 2420 1182 2420 1210 2420 1211 2421 1208 2421 1210 2421 1207 2422 1339 2422 1333 2422 1207 2423 1333 2423 1212 2423 1323 2424 1213 2424 1209 2424 1209 2425 1219 2425 1323 2425 1219 2426 1209 2426 1211 2426 1209 2427 1213 2427 1215 2427 1214 2428 1215 2428 1213 2428 1217 2429 1216 2429 1214 2429 1216 2430 1217 2430 1354 2430 1217 2431 1221 2431 1354 2431 1214 2432 1213 2432 1218 2432 1218 2433 1220 2433 1217 2433 1220 2434 1321 2434 1217 2434 1217 2435 1214 2435 1218 2435 1323 2436 1219 2436 1332 2436 1227 2437 1230 2437 1226 2437 1226 2438 1230 2438 1221 2438 1217 2439 1321 2439 1221 2439 1230 2440 1354 2440 1221 2440 1222 2441 1354 2441 1230 2441 1354 2442 1222 2442 1237 2442 1223 2443 1226 2443 1221 2443 1225 2444 1193 2444 1224 2444 1223 2445 1221 2445 1321 2445 1227 2446 1314 2446 1229 2446 1314 2447 1228 2447 1229 2447 1228 2448 1238 2448 1229 2448 1229 2449 1230 2449 1227 2449 1233 2450 1238 2450 1228 2450 1229 2451 1222 2451 1230 2451 1229 2452 1238 2452 1222 2452 1224 2453 1237 2453 1231 2453 1237 2454 1234 2454 1231 2454 1224 2455 1231 2455 1225 2455 1192 2456 1225 2456 1231 2456 1192 2457 1231 2457 1232 2457 1234 2458 1232 2458 1231 2458 1234 2459 1236 2459 1232 2459 1234 2460 1235 2460 1236 2460 1192 2461 1232 2461 1146 2461 1141 2462 1140 2462 1192 2462 1146 2463 1141 2463 1192 2463 1232 2464 1236 2464 1146 2464 1237 2465 1235 2465 1234 2465 1237 2466 1242 2466 1235 2466 1242 2467 1237 2467 1222 2467 1242 2468 1222 2468 1238 2468 1242 2469 1238 2469 1241 2469 1239 2470 1241 2470 1238 2470 1233 2471 1247 2471 1239 2471 1238 2472 1233 2472 1239 2472 1240 2473 1241 2473 1239 2473 1245 2474 1241 2474 864 2474 1244 2475 1243 2475 1239 2475 1235 2476 1245 2476 1246 2476 1243 2477 1244 2477 1251 2477 1246 2478 1245 2478 864 2478 1251 2479 864 2479 1243 2479 1248 2480 865 2480 866 2480 1249 2481 1235 2481 852 2481 1235 2482 1246 2482 852 2482 865 2483 1248 2483 1249 2483 852 2484 865 2484 1249 2484 1251 2485 866 2485 863 2485 866 2486 1250 2486 1248 2486 863 2487 864 2487 1251 2487 1235 2488 1249 2488 1252 2488 866 2489 1251 2489 1250 2489 1252 2490 1139 2490 1235 2490 1253 2491 1251 2491 1244 2491 1240 2492 864 2492 1241 2492 1240 2493 1243 2493 864 2493 1240 2494 1239 2494 1243 2494 1239 2495 1247 2495 1244 2495 1245 2496 1242 2496 1241 2496 1242 2497 1245 2497 1235 2497 1244 2498 1247 2498 1264 2498 1264 2499 1253 2499 1244 2499 1251 2500 1253 2500 1254 2500 1256 2501 1253 2501 1264 2501 1256 2502 1254 2502 1253 2502 1256 2503 1257 2503 1255 2503 1255 2504 1254 2504 1256 2504 1258 2505 1233 2505 1228 2505 1258 2506 1247 2506 1233 2506 1260 2507 1262 2507 1261 2507 1258 2508 1261 2508 1247 2508 1247 2509 1261 2509 1262 2509 1262 2510 1263 2510 1264 2510 1263 2511 1265 2511 1264 2511 1264 2512 1247 2512 1262 2512 1266 2513 1264 2513 1265 2513 1264 2514 1266 2514 1256 2514 1257 2515 1268 2515 1255 2515 1267 2516 1269 2516 1250 2516 1269 2517 1267 2517 1255 2517 1267 2518 1254 2518 1255 2518 1256 2519 1266 2519 1271 2519 1257 2520 1256 2520 1270 2520 1271 2521 1270 2521 1256 2521 1305 2522 1266 2522 1265 2522 1266 2523 1305 2523 1271 2523 1268 2524 1269 2524 1255 2524 1290 2525 1271 2525 1305 2525 1272 2526 1250 2526 1269 2526 1133 2527 1115 2527 1129 2527 1133 2528 1116 2528 1115 2528 1116 2529 1119 2529 1117 2529 1116 2530 1134 2530 1119 2530 1134 2531 1135 2531 1275 2531 1275 2532 1119 2532 1134 2532 1250 2533 1251 2533 1267 2533 1273 2534 1249 2534 1248 2534 1274 2535 1252 2535 1249 2535 1252 2536 1274 2536 1137 2536 1276 2537 1275 2537 1135 2537 1135 2538 1274 2538 1276 2538 1135 2539 1137 2539 1274 2539 1137 2540 1139 2540 1252 2540 1249 2541 1273 2541 1274 2541 1248 2542 1277 2542 1273 2542 1250 2543 1277 2543 1248 2543 1254 2544 1267 2544 1251 2544 1133 2545 1134 2545 1116 2545 1272 2546 1274 2546 1273 2546 1278 2547 1276 2547 1274 2547 1274 2548 1272 2548 1278 2548 1273 2549 1277 2549 1272 2549 1277 2550 1250 2550 1272 2550 1278 2551 1275 2551 1276 2551 1275 2552 1278 2552 1279 2552 1268 2553 1272 2553 1269 2553 1268 2554 1289 2554 1272 2554 1278 2555 1272 2555 1289 2555 1289 2556 1279 2556 1278 2556 1292 2557 1289 2557 1268 2557 1280 2558 1119 2558 1279 2558 1289 2559 1280 2559 1279 2559 1119 2560 1280 2560 1118 2560 1109 2561 1281 2561 1107 2561 1284 2562 1282 2562 1107 2562 1107 2563 1281 2563 1284 2563 1281 2564 1109 2564 1283 2564 1283 2565 1117 2565 1118 2565 935 2566 1282 2566 1284 2566 935 2567 1284 2567 1285 2567 1118 2568 1294 2568 1286 2568 1287 2569 1281 2569 1283 2569 1284 2570 1281 2570 1287 2570 1287 2571 1285 2571 1284 2571 1283 2572 1286 2572 1287 2572 1286 2573 1283 2573 1118 2573 1280 2574 1294 2574 1118 2574 1257 2575 1288 2575 1292 2575 1291 2576 1289 2576 1292 2576 1257 2577 1270 2577 1288 2577 1292 2578 1268 2578 1257 2578 1271 2579 1290 2579 1288 2579 1288 2580 1270 2580 1271 2580 1291 2581 1280 2581 1289 2581 1288 2582 1293 2582 1292 2582 1288 2583 1296 2583 1293 2583 1291 2584 1292 2584 1295 2584 1295 2585 1294 2585 1291 2585 1295 2586 1292 2586 1293 2586 1296 2587 1295 2587 1293 2587 1288 2588 1290 2588 1296 2588 1166 2589 1165 2589 1152 2589 1166 2590 1297 2590 1167 2590 1165 2591 1151 2591 1152 2591 1152 2592 1297 2592 1166 2592 1297 2593 957 2593 1167 2593 1151 2594 1298 2594 1152 2594 1148 2595 1298 2595 1151 2595 1148 2596 1301 2596 1298 2596 1299 2597 1297 2597 1152 2597 1300 2598 1152 2598 1298 2598 1299 2599 957 2599 1297 2599 1152 2600 1300 2600 1299 2600 935 2601 1150 2601 1282 2601 1148 2602 1150 2602 1301 2602 1302 2603 1303 2603 1299 2603 957 2604 1299 2604 1303 2604 1299 2605 1300 2605 1302 2605 1302 2606 1300 2606 1298 2606 1301 2607 1302 2607 1298 2607 1263 2608 1262 2608 1260 2608 1263 2609 1304 2609 1265 2609 1304 2610 1305 2610 1265 2610 1260 2611 1261 2611 1306 2611 1260 2612 1304 2612 1263 2612 1258 2613 1259 2613 1261 2613 1307 2614 1305 2614 1304 2614 1308 2615 1304 2615 1260 2615 1309 2616 1260 2616 1306 2616 1308 2617 1307 2617 1304 2617 1260 2618 1309 2618 1308 2618 953 2619 1305 2619 1307 2619 1311 2620 1308 2620 1309 2620 1307 2621 1308 2621 1311 2621 1309 2622 1310 2622 1311 2622 1310 2623 1309 2623 1306 2623 953 2624 1290 2624 1305 2624 1314 2625 1227 2625 1312 2625 1313 2626 1228 2626 1314 2626 1315 2627 1312 2627 1226 2627 1226 2628 1312 2628 1227 2628 1312 2629 1313 2629 1314 2629 1223 2630 1315 2630 1226 2630 1258 2631 1228 2631 1259 2631 1316 2632 1313 2632 1312 2632 1259 2633 1228 2633 1313 2633 1315 2634 1091 2634 1317 2634 1316 2635 1318 2635 1313 2635 1312 2636 1317 2636 1316 2636 1317 2637 1312 2637 1315 2637 1306 2638 1261 2638 1259 2638 1318 2639 1316 2639 1317 2639 1259 2640 1313 2640 1318 2640 1220 2641 1218 2641 1319 2641 1320 2642 1321 2642 1220 2642 1322 2643 1319 2643 1218 2643 1218 2644 1323 2644 1322 2644 1319 2645 1320 2645 1220 2645 1218 2646 1213 2646 1323 2646 1320 2647 1223 2647 1321 2647 1092 2648 1223 2648 1320 2648 1322 2649 1324 2649 1325 2649 1325 2650 1326 2650 1320 2650 1092 2651 1320 2651 1326 2651 1320 2652 1319 2652 1325 2652 1325 2653 1319 2653 1322 2653 1091 2654 1315 2654 1223 2654 1211 2655 1210 2655 1327 2655 1211 2656 1328 2656 1219 2656 1212 2657 1327 2657 1210 2657 1327 2658 1328 2658 1211 2658 1328 2659 1332 2659 1219 2659 1327 2660 1329 2660 1328 2660 1333 2661 1061 2661 1327 2661 1327 2662 1212 2662 1333 2662 1327 2663 1061 2663 1330 2663 1330 2664 1331 2664 1328 2664 1331 2665 1086 2665 1328 2665 1328 2666 1329 2666 1330 2666 1330 2667 1329 2667 1327 2667 1322 2668 1323 2668 1332 2668 1332 2669 1328 2669 1086 2669 1086 2670 1324 2670 1322 2670 1086 2671 1331 2671 1081 2671 1081 2672 1071 2672 1086 2672 1086 2673 1071 2673 1324 2673 1322 2674 1332 2674 1086 2674 1071 2675 1326 2675 1325 2675 1080 2676 1091 2676 1092 2676 1080 2677 1317 2677 1091 2677 1080 2678 1067 2678 1317 2678 1067 2679 1069 2679 1317 2679 961 2680 1259 2680 1318 2680 1318 2681 1068 2681 1306 2681 1306 2682 961 2682 1318 2682 1069 2683 1068 2683 1318 2683 1306 2684 1068 2684 1310 2684 1310 2685 1068 2685 1051 2685 1051 2686 1311 2686 1310 2686 953 2687 1296 2687 1290 2687 1307 2688 1296 2688 953 2688 1065 2689 1296 2689 1307 2689 1296 2690 1065 2690 1079 2690 1078 2691 1056 2691 1294 2691 1286 2692 1294 2692 1077 2692 1077 2693 1287 2693 1286 2693 1076 2694 1285 2694 1287 2694 1076 2695 1075 2695 1301 2695 1301 2696 1150 2696 935 2696 1285 2697 1076 2697 935 2697 1301 2698 935 2698 1076 2698 1287 2699 1077 2699 1076 2699 1074 2700 1303 2700 1302 2700 957 2701 1303 2701 1334 2701 1334 2702 1303 2702 1073 2702 1205 2703 957 2703 1334 2703 1072 2704 1335 2704 1336 2704 1336 2705 1066 2705 1072 2705 1336 2706 1334 2706 1066 2706 1066 2707 1334 2707 1073 2707 1074 2708 1073 2708 1303 2708 1302 2709 1075 2709 1074 2709 1075 2710 1302 2710 1301 2710 1077 2711 1294 2711 1056 2711 1294 2712 1295 2712 1078 2712 1295 2713 1079 2713 1078 2713 1079 2714 1295 2714 1296 2714 1307 2715 1311 2715 1065 2715 1311 2716 1051 2716 1065 2716 1318 2717 1317 2717 1069 2717 1092 2718 1326 2718 1080 2718 1071 2719 1325 2719 1324 2719 1081 2720 1331 2720 1060 2720 1060 2721 1331 2721 1330 2721 1330 2722 1061 2722 1060 2722 1061 2723 1335 2723 1072 2723 1061 2724 1333 2724 1337 2724 1204 2725 1334 2725 1336 2725 1338 2726 1204 2726 1336 2726 1337 2727 1338 2727 1335 2727 1335 2728 1061 2728 1337 2728 1336 2729 1335 2729 1338 2729 1333 2730 1339 2730 1337 2730 1204 2731 1206 2731 1334 2731 957 2732 1205 2732 1167 2732 1206 2733 1205 2733 1334 2733 1338 2734 1337 2734 1339 2734 1200 2735 1201 2735 1204 2735 1200 2736 1338 2736 1339 2736 1204 2737 1338 2737 1200 2737 836 2738 977 2738 1340 2738 1088 2739 976 2739 975 2739 1341 2740 1083 2740 1342 2740 1342 2741 989 2741 972 2741 1342 2742 972 2742 1343 2742 1344 2743 1342 2743 1343 2743 882 2744 900 2744 901 2744 1343 2745 900 2745 902 2745 1344 2746 1346 2746 1341 2746 1341 2747 1346 2747 1351 2747 1345 2748 975 2748 1341 2748 1351 2749 1345 2749 1341 2749 1347 2750 1193 2750 1088 2750 960 2751 860 2751 859 2751 1088 2752 1340 2752 1089 2752 1341 2753 992 2753 991 2753 991 2754 1083 2754 1341 2754 1342 2755 1083 2755 989 2755 836 2756 860 2756 977 2756 1340 2757 1088 2757 1353 2757 1353 2758 1088 2758 1193 2758 1347 2759 1088 2759 975 2759 1345 2760 1347 2760 975 2760 1343 2761 902 2761 1344 2761 1342 2762 1344 2762 1341 2762 992 2763 1341 2763 975 2763 1345 2764 816 2764 1347 2764 816 2765 817 2765 1348 2765 1348 2766 817 2766 818 2766 1346 2767 1187 2767 1351 2767 1353 2768 1347 2768 816 2768 1348 2769 1353 2769 816 2769 1348 2770 819 2770 837 2770 816 2771 1345 2771 1351 2771 818 2772 819 2772 1348 2772 1348 2773 836 2773 1340 2773 1351 2774 1187 2774 816 2774 1187 2775 1344 2775 876 2775 1348 2776 837 2776 836 2776 1187 2777 815 2777 816 2777 815 2778 1187 2778 876 2778 1353 2779 1348 2779 1237 2779 1340 2780 1353 2780 1348 2780 1237 2781 1224 2781 1353 2781 1209 2782 1346 2782 1344 2782 1187 2783 1209 2783 1344 2783 1345 2784 1351 2784 1215 2784 1347 2785 1353 2785 1193 2785 1193 2786 1349 2786 1347 2786 1346 2787 1351 2787 1350 2787 1346 2788 1215 2788 1351 2788 1187 2789 1346 2789 1190 2789 1351 2790 1345 2790 1352 2790 1347 2791 1349 2791 1216 2791 1193 2792 1354 2792 1353 2792 1348 2793 1353 2793 1354 2793 1349 2794 1193 2794 1191 2794 1355 2795 1349 2795 1191 2795 1346 2796 1209 2796 1215 2796 1350 2797 1189 2797 1190 2797 1350 2798 1351 2798 1355 2798 1353 2799 1354 2799 1193 2799 1354 2800 1193 2800 1347 2800 1347 2801 1216 2801 1354 2801 1345 2802 1215 2802 1214 2802 1214 2803 1216 2803 1352 2803 1352 2804 1345 2804 1214 2804 1193 2805 1353 2805 1224 2805 1193 2806 1354 2806 1353 2806 1237 2807 1348 2807 1354 2807 1355 2808 1216 2808 1349 2808 1355 2809 1351 2809 1352 2809 1355 2810 1352 2810 1216 2810 1346 2811 1350 2811 1190 2811 1350 2812 1355 2812 1189 2812 1191 2813 1189 2813 1355 2813 1357 2814 1358 2814 1356 2814 1356 2815 1358 2815 1357 2815 1360 2816 1397 2816 1361 2816 1511 2817 1470 2817 1420 2817 1420 2818 1378 2818 1511 2818 1378 2819 1363 2819 1511 2819 1511 2820 1363 2820 1470 2820 1466 2821 1429 2821 1364 2821 1364 2822 1365 2822 1466 2822 1466 2823 1430 2823 1429 2823 1365 2824 1430 2824 1466 2824 1369 2825 1366 2825 1412 2825 1367 2826 1368 2826 1370 2826 1366 2827 1367 2827 1370 2827 1368 2828 1382 2828 1372 2828 1375 2829 1452 2829 1376 2829 1376 2830 1452 2830 1358 2830 1373 2831 1357 2831 1358 2831 1357 2832 1373 2832 1377 2832 1377 2833 1376 2833 1357 2833 1358 2834 1452 2834 1373 2834 1358 2835 1357 2835 1376 2835 1378 2836 1420 2836 1359 2836 1378 2837 1359 2837 1557 2837 1371 2838 1373 2838 1452 2838 1361 2839 1397 2839 1455 2839 1397 2840 1362 2840 1455 2840 1362 2841 1361 2841 1455 2841 1374 2842 1412 2842 1509 2842 1412 2843 1370 2843 1509 2843 1368 2844 1509 2844 1370 2844 1368 2845 1374 2845 1509 2845 1363 2846 1378 2846 1557 2846 1372 2847 1375 2847 1376 2847 1376 2848 1442 2848 1372 2848 1371 2849 1380 2849 1373 2849 1388 2850 1377 2850 1373 2850 1388 2851 1373 2851 1381 2851 1383 2852 1380 2852 1371 2852 1429 2853 1381 2853 1380 2853 1429 2854 1423 2854 1364 2854 1384 2855 1359 2855 1389 2855 1360 2856 1390 2856 1484 2856 1484 2857 1399 2857 1397 2857 1484 2858 1397 2858 1360 2858 1385 2859 1362 2859 1397 2859 1362 2860 1385 2860 1386 2860 1507 2861 1365 2861 1362 2861 1362 2862 1386 2862 1507 2862 1365 2863 1507 2863 1387 2863 1365 2864 1387 2864 1430 2864 1377 2865 1410 2865 1376 2865 1410 2866 1379 2866 1376 2866 1410 2867 1374 2867 1379 2867 1416 2868 1412 2868 1374 2868 1417 2869 1418 2869 1363 2869 1363 2870 1418 2870 1470 2870 1396 2871 1421 2871 1468 2871 1421 2872 1396 2872 1359 2872 1459 2873 1359 2873 1396 2873 1390 2874 1389 2874 1459 2874 1459 2875 1396 2875 1390 2875 1359 2876 1459 2876 1389 2876 1360 2877 1389 2877 1390 2877 1360 2878 1390 2878 1391 2878 1391 2879 1390 2879 1360 2879 1420 2880 1421 2880 1359 2880 1417 2881 1363 2881 1369 2881 1419 2882 1417 2882 1369 2882 1369 2883 1363 2883 1366 2883 1363 2884 1367 2884 1366 2884 1387 2885 1388 2885 1430 2885 1384 2886 1389 2886 1360 2886 1383 2887 1364 2887 1423 2887 1382 2888 1368 2888 1367 2888 1442 2889 1379 2889 1372 2889 1367 2890 1363 2890 1557 2890 1452 2891 1375 2891 1371 2891 1370 2892 1412 2892 1366 2892 1365 2893 1364 2893 1362 2893 1419 2894 1369 2894 1514 2894 1395 2895 1394 2895 1390 2895 1390 2896 1396 2896 1395 2896 1394 2897 1395 2897 1393 2897 1399 2898 1398 2898 1397 2898 1400 2899 1377 2899 1388 2899 1400 2900 1402 2900 1377 2900 1403 2901 1400 2901 1388 2901 1404 2902 1400 2902 1403 2902 1405 2903 1403 2903 1388 2903 1405 2904 1404 2904 1403 2904 1402 2905 1400 2905 1401 2905 1409 2906 1406 2906 1410 2906 1410 2907 1409 2907 1408 2907 1410 2908 1479 2908 1411 2908 1410 2909 1377 2909 1479 2909 1410 2910 1408 2910 1409 2910 1407 2911 1410 2911 1406 2911 1414 2912 1412 2912 1413 2912 1413 2913 1412 2913 1416 2913 1416 2914 1374 2914 1415 2914 1420 2915 1470 2915 1422 2915 1423 2916 1424 2916 1383 2916 1383 2917 1424 2917 1380 2917 1423 2918 1425 2918 1424 2918 1429 2919 1425 2919 1423 2919 1380 2920 1425 2920 1429 2920 1425 2921 1380 2921 1424 2921 1380 2922 1426 2922 1373 2922 1380 2923 1428 2923 1426 2923 1427 2924 1426 2924 1428 2924 1381 2925 1426 2925 1427 2925 1381 2926 1373 2926 1426 2926 1381 2927 1428 2927 1380 2927 1381 2928 1427 2928 1428 2928 1381 2929 1429 2929 1388 2929 1429 2930 1432 2930 1388 2930 1388 2931 1431 2931 1430 2931 1431 2932 1388 2932 1432 2932 1430 2933 1432 2933 1429 2933 1431 2934 1432 2934 1430 2934 1434 2935 1382 2935 1433 2935 1371 2936 1433 2936 1382 2936 1382 2937 1434 2937 1435 2937 1435 2938 1372 2938 1382 2938 1375 2939 1433 2939 1371 2939 1375 2940 1436 2940 1433 2940 1436 2941 1435 2941 1434 2941 1434 2942 1433 2942 1436 2942 1372 2943 1436 2943 1375 2943 1372 2944 1435 2944 1436 2944 1368 2945 1437 2945 1374 2945 1438 2946 1441 2946 1437 2946 1368 2947 1438 2947 1437 2947 1372 2948 1438 2948 1368 2948 1372 2949 1439 2949 1438 2949 1439 2950 1441 2950 1438 2950 1374 2951 1440 2951 1379 2951 1374 2952 1437 2952 1440 2952 1441 2953 1439 2953 1440 2953 1440 2954 1437 2954 1441 2954 1379 2955 1439 2955 1372 2955 1379 2956 1440 2956 1439 2956 1379 2957 1442 2957 1376 2957 1443 2958 1444 2958 1366 2958 1367 2959 1443 2959 1366 2959 1367 2960 1366 2960 1445 2960 1445 2961 1443 2961 1367 2961 1443 2962 1445 2962 1444 2962 1445 2963 1366 2963 1444 2963 1363 2964 1366 2964 1446 2964 1446 2965 1366 2965 1363 2965 1366 2966 1392 2966 1369 2966 1369 2967 1392 2967 1366 2967 1448 2968 1378 2968 1447 2968 1780 2969 1447 2969 1378 2969 1780 2970 1378 2970 1448 2970 1780 2971 1448 2971 1447 2971 1370 2972 1451 2972 1450 2972 1450 2973 1449 2973 1370 2973 1370 2974 1449 2974 1451 2974 1454 2975 1458 2975 1457 2975 1457 2976 1456 2976 1454 2976 1455 2977 1454 2977 1456 2977 1455 2978 1456 2978 1458 2978 1454 2979 1455 2979 1458 2979 1460 2980 1459 2980 1389 2980 1461 2981 1462 2981 1389 2981 1389 2982 1459 2982 1461 2982 1461 2983 1459 2983 1460 2983 1462 2984 1460 2984 1389 2984 1461 2985 1460 2985 1462 2985 1466 2986 1464 2986 1463 2986 1463 2987 1465 2987 1466 2987 1464 2988 1465 2988 1463 2988 1465 2989 1464 2989 1466 2989 1512 2990 1468 2990 1421 2990 1512 2991 1421 2991 1467 2991 1396 2992 1468 2992 1469 2992 1469 2993 1512 2993 1467 2993 1512 2994 1469 2994 1468 2994 1471 2995 1470 2995 1418 2995 1471 2996 1513 2996 1470 2996 1513 2997 1472 2997 1470 2997 1422 2998 1472 2998 1473 2998 1472 2999 1422 2999 1470 2999 1513 3000 1471 3000 1473 3000 1369 3001 1412 3001 1514 3001 1514 3002 1412 3002 1515 3002 1515 3003 1474 3003 1419 3003 1514 3004 1515 3004 1419 3004 1374 3005 1410 3005 1407 3005 1415 3006 1374 3006 1476 3006 1374 3007 1407 3007 1476 3007 1476 3008 1407 3008 1475 3008 1476 3009 1475 3009 1415 3009 1402 3010 1477 3010 1377 3010 1477 3011 1478 3011 1377 3011 1477 3012 1402 3012 1480 3012 1411 3013 1479 3013 1478 3013 1478 3014 1479 3014 1377 3014 1480 3015 1478 3015 1477 3015 1507 3016 1481 3016 1387 3016 1388 3017 1387 3017 1516 3017 1516 3018 1405 3018 1388 3018 1387 3019 1481 3019 1516 3019 1385 3020 1482 3020 1386 3020 1385 3021 1483 3021 1518 3021 1518 3022 1482 3022 1385 3022 1518 3023 1483 3023 1482 3023 1394 3024 1485 3024 1484 3024 1394 3025 1484 3025 1390 3025 1485 3026 1486 3026 1484 3026 1399 3027 1484 3027 1519 3027 1519 3028 1487 3028 1399 3028 1486 3029 1519 3029 1484 3029 1488 3030 1489 3030 1418 3030 1490 3031 1491 3031 1413 3031 1491 3032 1414 3032 1413 3032 1492 3033 1406 3033 1409 3033 1409 3034 1493 3034 1492 3034 1494 3035 1401 3035 1400 3035 1400 3036 1530 3036 1494 3036 1495 3037 1385 3037 1397 3037 1397 3038 1496 3038 1495 3038 1497 3039 1498 3039 1395 3039 1498 3040 1393 3040 1395 3040 1499 3041 1500 3041 1421 3041 1501 3042 1496 3042 1487 3042 1398 3043 1399 3043 1487 3043 1487 3044 1496 3044 1398 3044 1485 3045 1394 3045 1393 3045 1393 3046 1498 3046 1485 3046 1501 3047 1519 3047 1485 3047 1485 3048 1498 3048 1501 3048 1421 3049 1500 3049 1467 3049 1500 3050 1497 3050 1469 3050 1469 3051 1497 3051 1396 3051 1469 3052 1467 3052 1500 3052 1502 3053 1499 3053 1473 3053 1473 3054 1499 3054 1422 3054 1499 3055 1420 3055 1422 3055 1418 3056 1489 3056 1471 3056 1502 3057 1473 3057 1471 3057 1471 3058 1489 3058 1502 3058 1503 3059 1488 3059 1474 3059 1417 3060 1419 3060 1474 3060 1474 3061 1488 3061 1417 3061 1412 3062 1491 3062 1515 3062 1515 3063 1491 3063 1503 3063 1406 3064 1492 3064 1475 3064 1490 3065 1415 3065 1475 3065 1415 3066 1490 3066 1416 3066 1475 3067 1492 3067 1490 3067 1504 3068 1493 3068 1478 3068 1478 3069 1493 3069 1411 3069 1493 3070 1410 3070 1411 3070 1401 3071 1494 3071 1480 3071 1480 3072 1494 3072 1504 3072 1505 3073 1530 3073 1516 3073 1404 3074 1405 3074 1516 3074 1516 3075 1530 3075 1404 3075 1481 3076 1507 3076 1505 3076 1508 3077 1506 3077 1482 3077 1482 3078 1506 3078 1386 3078 1506 3079 1507 3079 1386 3079 1385 3080 1495 3080 1483 3080 1508 3081 1482 3081 1483 3081 1483 3082 1495 3082 1508 3082 1516 3083 1481 3083 1505 3083 1480 3084 1402 3084 1401 3084 1478 3085 1480 3085 1504 3085 1475 3086 1407 3086 1406 3086 1412 3087 1414 3087 1491 3087 1474 3088 1515 3088 1503 3088 1487 3089 1519 3089 1501 3089 1421 3090 1420 3090 1499 3090 1395 3091 1396 3091 1497 3091 1397 3092 1398 3092 1496 3092 1400 3093 1404 3093 1530 3093 1409 3094 1410 3094 1493 3094 1413 3095 1416 3095 1490 3095 1418 3096 1417 3096 1488 3096 1486 3097 1485 3097 1519 3097 1370 3098 1509 3098 1510 3098 1509 3099 1370 3099 1510 3099 1513 3100 1473 3100 1472 3100 1516 3101 1481 3101 1517 3101 1517 3102 1481 3102 1516 3102 1520 3103 1521 3103 1502 3103 1521 3104 1522 3104 1499 3104 1522 3105 1523 3105 1500 3105 1523 3106 1524 3106 1497 3106 1524 3107 1525 3107 1498 3107 1525 3108 1526 3108 1501 3108 1526 3109 1527 3109 1496 3109 1527 3110 1528 3110 1495 3110 1528 3111 1550 3111 1508 3111 1550 3112 1529 3112 1506 3112 1507 3113 1506 3113 1529 3113 1529 3114 1505 3114 1507 3114 1505 3115 1529 3115 1530 3115 1504 3116 1531 3116 1493 3116 1531 3117 1532 3117 1492 3117 1532 3118 1533 3118 1490 3118 1533 3119 1534 3119 1491 3119 1534 3120 1535 3120 1503 3120 1535 3121 1536 3121 1488 3121 1536 3122 1520 3122 1489 3122 1489 3123 1488 3123 1536 3123 1488 3124 1503 3124 1535 3124 1503 3125 1491 3125 1534 3125 1491 3126 1490 3126 1533 3126 1490 3127 1492 3127 1532 3127 1492 3128 1493 3128 1531 3128 1506 3129 1508 3129 1550 3129 1508 3130 1495 3130 1528 3130 1495 3131 1496 3131 1527 3131 1496 3132 1501 3132 1526 3132 1501 3133 1498 3133 1525 3133 1498 3134 1497 3134 1524 3134 1497 3135 1500 3135 1523 3135 1500 3136 1499 3136 1522 3136 1499 3137 1502 3137 1521 3137 1502 3138 1489 3138 1520 3138 1537 3139 1538 3139 1536 3139 1520 3140 1536 3140 1538 3140 1539 3141 1537 3141 1535 3141 1538 3142 1540 3142 1520 3142 2549 3143 1539 3143 1534 3143 1536 3144 1535 3144 1537 3144 1535 3145 1534 3145 1539 3145 1520 3146 1540 3146 1542 3146 1529 3147 1543 3147 1541 3147 1529 3148 1541 3148 1544 3148 1529 3149 1544 3149 1545 3149 1545 3150 1546 3150 1494 3150 1542 3151 1521 3151 1520 3151 2771 3152 1522 3152 1521 3152 1494 3153 1530 3153 1545 3153 1521 3154 1542 3154 2771 3154 1547 3155 1523 3155 1522 3155 1548 3156 1524 3156 1523 3156 1549 3157 1525 3157 1524 3157 1545 3158 1530 3158 1529 3158 1522 3159 2771 3159 1547 3159 1524 3160 1548 3160 1549 3160 1551 3161 1552 3161 1528 3161 1546 3162 1553 3162 1494 3162 1523 3163 1547 3163 1548 3163 1554 3164 1526 3164 1525 3164 1555 3165 1527 3165 1526 3165 1528 3166 1527 3166 1551 3166 1527 3167 1555 3167 1551 3167 1525 3168 1549 3168 1554 3168 1550 3169 1543 3169 1529 3169 1550 3170 1528 3170 1552 3170 1553 3171 1531 3171 1504 3171 1526 3172 1554 3172 1555 3172 1504 3173 1494 3173 1553 3173 1556 3174 2549 3174 1533 3174 1534 3175 1533 3175 2549 3175 1533 3176 1532 3176 1556 3176 1359 3177 1384 3177 1558 3177 1361 3178 1362 3178 1565 3178 1362 3179 1364 3179 1627 3179 1364 3180 1383 3180 1560 3180 1561 3181 1560 3181 1383 3181 1383 3182 1371 3182 1561 3182 1562 3183 1561 3183 1371 3183 1563 3184 1562 3184 1382 3184 1562 3185 1371 3185 1382 3185 1382 3186 1367 3186 1563 3186 1557 3187 1359 3187 1566 3187 1559 3188 1360 3188 1574 3188 1360 3189 1361 3189 1575 3189 1578 3190 1560 3190 1567 3190 1560 3191 1561 3191 1568 3191 1561 3192 1562 3192 1580 3192 1563 3193 1564 3193 1571 3193 1557 3194 1566 3194 1583 3194 1573 3195 1559 3195 1587 3195 1580 3196 1562 3196 1596 3196 1562 3197 1563 3197 1569 3197 1583 3198 1566 3198 1585 3198 1576 3199 1565 3199 1577 3199 1568 3200 1594 3200 1567 3200 1577 3201 1565 3201 1581 3201 1362 3202 1627 3202 1565 3202 1580 3203 1579 3203 1568 3203 1579 3204 1594 3204 1568 3204 1573 3205 1585 3205 1566 3205 1570 3206 1569 3206 1563 3206 1569 3207 1596 3207 1562 3207 1574 3208 1587 3208 1559 3208 1573 3209 1566 3209 1558 3209 1583 3210 1572 3210 1557 3210 1557 3211 1572 3211 1564 3211 1572 3212 1571 3212 1564 3212 1571 3213 1570 3213 1563 3213 1580 3214 1568 3214 1561 3214 1568 3215 1567 3215 1560 3215 1565 3216 1576 3216 1361 3216 1576 3217 1575 3217 1361 3217 1575 3218 1574 3218 1360 3218 1559 3219 1573 3219 1558 3219 1558 3220 1566 3220 1359 3220 1557 3221 1564 3221 1367 3221 1564 3222 1563 3222 1367 3222 1560 3223 1578 3223 1364 3223 1578 3224 1627 3224 1364 3224 1360 3225 1559 3225 1384 3225 1559 3226 1558 3226 1384 3226 1583 3227 1584 3227 1572 3227 1583 3228 1585 3228 1582 3228 1586 3229 1585 3229 1573 3229 1586 3230 1573 3230 1587 3230 1574 3231 1588 3231 1587 3231 1574 3232 1575 3232 1588 3232 1575 3233 1589 3233 1588 3233 1589 3234 1575 3234 1576 3234 1590 3235 1576 3235 1577 3235 1581 3236 1591 3236 1577 3236 1591 3237 1581 3237 1628 3237 1628 3238 1592 3238 1591 3238 1567 3239 1593 3239 1592 3239 1592 3240 1578 3240 1567 3240 1594 3241 1593 3241 1567 3241 1580 3242 1595 3242 1579 3242 1596 3243 1569 3243 1597 3243 1570 3244 1598 3244 1599 3244 1599 3245 1569 3245 1570 3245 1569 3246 1599 3246 1597 3246 1571 3247 1572 3247 1600 3247 1572 3248 1584 3248 1603 3248 1572 3249 1603 3249 1600 3249 1571 3250 1598 3250 1570 3250 1596 3251 1595 3251 1580 3251 1592 3252 1628 3252 1578 3252 1576 3253 1590 3253 1589 3253 1627 3254 1578 3254 1628 3254 1614 3255 1601 3255 1591 3255 1601 3256 1577 3256 1591 3256 1601 3257 1588 3257 1589 3257 1601 3258 1587 3258 1588 3258 1601 3259 1602 3259 1586 3259 1602 3260 1585 3260 1586 3260 1602 3261 1584 3261 1582 3261 1584 3262 1583 3262 1582 3262 1603 3263 1571 3263 1600 3263 1603 3264 1604 3264 1598 3264 1604 3265 1599 3265 1598 3265 1604 3266 1605 3266 1597 3266 1605 3267 1596 3267 1597 3267 1605 3268 1579 3268 1595 3268 1605 3269 1614 3269 1593 3269 1614 3270 1592 3270 1593 3270 1593 3271 1594 3271 1605 3271 1594 3272 1579 3272 1605 3272 1595 3273 1596 3273 1605 3273 1597 3274 1599 3274 1604 3274 1598 3275 1571 3275 1603 3275 1582 3276 1585 3276 1602 3276 1586 3277 1587 3277 1601 3277 1589 3278 1590 3278 1601 3278 1590 3279 1577 3279 1601 3279 1591 3280 1592 3280 1614 3280 1603 3281 1584 3281 1606 3281 1606 3282 1607 3282 1603 3282 1602 3283 1601 3283 1608 3283 1584 3284 1609 3284 1606 3284 1605 3285 1604 3285 1610 3285 1603 3286 1607 3286 1611 3286 1609 3287 1584 3287 1602 3287 1601 3288 1622 3288 1608 3288 1601 3289 1613 3289 1612 3289 1610 3290 1616 3290 1605 3290 1611 3291 1604 3291 1603 3291 1613 3292 1601 3292 1614 3292 1615 3293 1614 3293 1605 3293 1611 3294 1610 3294 1604 3294 1606 3295 2965 3295 2975 3295 2975 3296 1607 3296 1606 3296 1607 3297 2975 3297 1617 3297 1617 3298 1611 3298 1607 3298 1610 3299 1611 3299 2973 3299 1611 3300 1617 3300 2973 3300 1616 3301 1610 3301 1618 3301 1610 3302 2973 3302 1618 3302 1618 3303 1605 3303 1616 3303 2972 3304 1615 3304 1605 3304 2970 3305 1614 3305 1615 3305 1614 3306 2970 3306 2184 3306 2184 3307 1613 3307 1614 3307 1613 3308 1619 3308 1620 3308 1620 3309 1612 3309 1613 3309 1612 3310 1620 3310 1621 3310 1621 3311 1601 3311 1612 3311 1601 3312 1621 3312 1622 3312 1623 3313 1608 3313 1622 3313 1608 3314 1623 3314 2968 3314 2968 3315 1602 3315 1608 3315 2968 3316 1609 3316 1602 3316 1606 3317 1609 3317 2965 3317 2968 3318 2965 3318 1609 3318 2184 3319 1619 3319 1613 3319 2972 3320 2970 3320 1615 3320 1618 3321 2972 3321 1605 3321 1581 3322 1624 3322 1646 3322 1628 3323 1581 3323 1646 3323 1631 3324 1625 3324 1626 3324 1626 3325 1625 3325 1624 3325 1646 3326 1626 3326 1628 3326 1565 3327 1624 3327 1581 3327 1624 3328 1565 3328 1627 3328 1626 3329 1627 3329 1628 3329 1624 3330 1627 3330 1626 3330 1625 3331 1629 3331 1624 3331 1629 3332 1670 3332 1630 3332 1624 3333 1629 3333 1646 3333 1640 3334 1646 3334 1629 3334 1626 3335 1646 3335 1631 3335 1631 3336 1646 3336 1645 3336 1630 3337 1632 3337 1640 3337 1659 3338 1638 3338 1633 3338 1634 3339 1635 3339 1642 3339 1636 3340 1642 3340 1635 3340 1637 3341 1631 3341 1645 3341 1647 3342 1639 3342 1633 3342 1639 3343 1640 3343 1632 3343 1633 3344 1638 3344 1647 3344 1641 3345 1642 3345 1636 3345 1632 3346 1633 3346 1639 3346 1636 3347 1637 3347 1641 3347 1644 3348 1643 3348 1637 3348 1641 3349 1637 3349 1643 3349 1637 3350 1645 3350 1644 3350 1646 3351 1640 3351 1651 3351 1642 3352 1647 3352 1638 3352 1638 3353 1634 3353 1642 3353 1647 3354 1653 3354 1639 3354 1653 3355 1648 3355 1639 3355 1651 3356 1654 3356 1646 3356 1654 3357 1643 3357 1644 3357 1644 3358 1645 3358 1654 3358 1645 3359 1646 3359 1654 3359 1640 3360 1639 3360 1648 3360 1640 3361 1648 3361 1651 3361 1643 3362 1650 3362 1641 3362 1654 3363 1655 3363 1643 3363 1655 3364 1650 3364 1643 3364 1642 3365 1641 3365 1649 3365 1652 3366 1653 3366 1647 3366 1650 3367 1649 3367 1641 3367 1649 3368 1652 3368 1642 3368 1647 3369 1642 3369 1652 3369 1652 3370 2952 3370 1653 3370 1653 3371 2953 3371 1648 3371 1651 3372 2186 3372 1654 3372 1652 3373 1649 3373 1656 3373 1640 3374 1629 3374 1630 3374 1630 3375 1657 3375 1632 3375 1657 3376 1633 3376 1632 3376 1659 3377 1633 3377 1657 3377 1664 3378 1660 3378 1637 3378 1660 3379 1631 3379 1637 3379 1637 3380 1636 3380 1664 3380 1658 3381 1635 3381 1634 3381 1658 3382 1634 3382 1638 3382 1638 3383 1659 3383 1658 3383 1662 3384 1636 3384 1635 3384 1635 3385 1658 3385 1665 3385 1668 3386 1659 3386 1657 3386 1657 3387 1669 3387 1668 3387 1657 3388 1630 3388 1670 3388 1666 3389 1670 3389 1629 3389 1629 3390 1625 3390 1666 3390 1631 3391 1663 3391 1625 3391 1660 3392 1663 3392 1631 3392 1670 3393 1669 3393 1657 3393 1660 3394 1661 3394 1675 3394 1659 3395 1665 3395 1658 3395 1636 3396 1662 3396 1664 3396 1661 3397 1660 3397 1664 3397 1662 3398 1661 3398 1664 3398 1671 3399 1662 3399 1635 3399 1676 3400 1661 3400 1662 3400 1674 3401 1660 3401 1675 3401 1662 3402 1671 3402 1676 3402 1666 3403 1625 3403 1663 3403 1668 3404 1672 3404 1659 3404 1661 3405 1676 3405 1675 3405 1667 3406 1663 3406 1660 3406 1665 3407 1659 3407 1672 3407 1635 3408 1665 3408 1671 3408 1663 3409 1667 3409 1666 3409 1660 3410 1674 3410 1667 3410 1665 3411 1684 3411 1671 3411 1666 3412 1673 3412 1670 3412 1680 3413 1665 3413 1672 3413 1681 3414 1668 3414 1669 3414 1678 3415 1669 3415 1670 3415 1677 3416 1670 3416 1673 3416 1682 3417 1666 3417 1667 3417 1679 3418 1671 3418 1684 3418 1665 3419 1680 3419 1684 3419 1671 3420 1679 3420 1676 3420 1666 3421 1682 3421 1673 3421 1670 3422 1677 3422 1678 3422 1669 3423 1678 3423 1681 3423 1668 3424 1681 3424 1672 3424 1682 3425 1677 3425 1673 3425 1679 3426 1683 3426 1676 3426 1674 3427 1675 3427 1683 3427 1680 3428 1672 3428 1681 3428 1675 3429 1676 3429 1683 3429 1685 3430 1680 3430 1681 3430 1686 3431 1681 3431 1678 3431 1687 3432 1678 3432 1677 3432 1689 3433 1677 3433 1682 3433 1690 3434 1682 3434 1667 3434 1690 3435 1667 3435 1674 3435 1691 3436 1674 3436 1683 3436 1696 3437 1683 3437 1679 3437 1692 3438 1679 3438 1684 3438 1692 3439 1684 3439 1680 3439 1680 3440 1685 3440 1692 3440 1679 3441 1692 3441 1698 3441 1679 3442 1698 3442 1696 3442 1683 3443 1696 3443 1691 3443 1674 3444 1691 3444 1690 3444 1682 3445 1690 3445 1689 3445 1677 3446 1689 3446 1688 3446 1677 3447 1688 3447 1687 3447 1678 3448 1687 3448 1686 3448 1681 3449 1686 3449 1685 3449 1694 3450 1686 3450 1687 3450 1707 3451 1687 3451 1688 3451 1706 3452 1688 3452 1689 3452 1697 3453 1696 3453 1698 3453 1701 3454 1692 3454 1685 3454 1692 3455 1701 3455 1702 3455 1692 3456 1702 3456 1698 3456 1691 3457 1696 3457 1695 3457 1691 3458 1695 3458 1690 3458 1690 3459 1699 3459 1689 3459 1689 3460 1700 3460 1706 3460 1688 3461 1706 3461 1707 3461 1687 3462 1707 3462 1694 3462 1686 3463 1694 3463 1693 3463 1686 3464 1693 3464 1685 3464 1697 3465 1698 3465 1702 3465 1695 3466 1696 3466 1697 3466 1690 3467 1695 3467 1699 3467 1700 3468 1689 3468 1699 3468 1702 3469 1701 3469 1713 3469 1695 3470 1697 3470 1703 3470 1699 3471 1704 3471 1705 3471 1699 3472 1695 3472 1704 3472 1710 3473 1705 3473 1725 3473 1700 3474 1699 3474 1705 3474 1707 3475 1706 3475 1708 3475 1701 3476 1693 3476 1709 3476 1693 3477 1701 3477 1685 3477 1694 3478 1709 3478 1693 3478 1708 3479 1694 3479 1707 3479 1710 3480 1706 3480 1700 3480 1705 3481 1710 3481 1700 3481 1703 3482 1704 3482 1695 3482 1702 3483 1703 3483 1697 3483 1712 3484 1703 3484 1702 3484 1713 3485 1712 3485 1702 3485 1694 3486 1708 3486 1709 3486 1715 3487 1708 3487 1706 3487 1706 3488 1710 3488 1715 3488 1703 3489 1712 3489 1711 3489 1719 3490 1713 3490 1701 3490 1714 3491 1709 3491 1708 3491 1716 3492 1715 3492 1710 3492 1717 3493 1705 3493 1704 3493 1718 3494 1712 3494 1713 3494 1713 3495 1719 3495 1718 3495 1705 3496 1717 3496 1725 3496 1710 3497 1725 3497 1716 3497 1701 3498 1709 3498 1719 3498 1704 3499 1703 3499 1711 3499 1720 3500 1712 3500 1718 3500 1720 3501 1721 3501 1712 3501 1721 3502 1711 3502 1712 3502 1704 3503 1711 3503 1722 3503 1717 3504 1704 3504 1722 3504 1716 3505 1725 3505 1723 3505 1726 3506 1708 3506 1715 3506 1719 3507 1709 3507 1724 3507 1726 3508 1727 3508 1708 3508 1709 3509 1714 3509 1724 3509 1714 3510 1708 3510 1727 3510 1718 3511 1719 3511 1728 3511 1720 3512 1718 3512 1729 3512 1721 3513 1720 3513 1730 3513 1711 3514 1721 3514 1744 3514 1722 3515 1711 3515 1738 3515 1717 3516 1722 3516 1739 3516 1725 3517 1717 3517 1733 3517 1723 3518 1725 3518 1734 3518 1715 3519 1716 3519 1740 3519 1726 3520 1715 3520 1741 3520 1714 3521 1727 3521 1731 3521 1724 3522 1714 3522 1732 3522 1731 3523 1732 3523 1714 3523 1726 3524 1731 3524 1727 3524 1740 3525 1741 3525 1715 3525 1723 3526 1740 3526 1716 3526 1733 3527 1734 3527 1725 3527 1739 3528 1733 3528 1717 3528 1738 3529 1739 3529 1722 3529 1744 3530 1738 3530 1711 3530 1730 3531 1744 3531 1721 3531 1729 3532 1730 3532 1720 3532 1728 3533 1729 3533 1718 3533 1724 3534 1728 3534 1719 3534 1735 3535 1724 3535 1732 3535 1735 3536 1736 3536 1728 3536 1736 3537 1737 3537 1729 3537 1742 3538 1726 3538 1741 3538 1729 3539 1728 3539 1736 3539 1737 3540 1743 3540 1730 3540 1726 3541 1742 3541 1731 3541 1728 3542 1724 3542 1735 3542 1744 3543 1730 3543 1743 3543 1730 3544 1729 3544 1737 3544 1735 3545 1732 3545 1781 3545 1732 3546 1745 3546 1781 3546 1745 3547 1732 3547 1731 3547 1745 3548 1731 3548 1742 3548 1746 3549 1742 3549 1741 3549 1740 3550 1747 3550 1856 3550 1856 3551 1741 3551 1740 3551 1747 3552 1740 3552 1723 3552 1748 3553 1723 3553 1734 3553 1748 3554 1734 3554 1733 3554 1739 3555 1749 3555 1758 3555 1758 3556 1733 3556 1739 3556 1738 3557 1751 3557 1749 3557 1749 3558 1739 3558 1738 3558 1744 3559 1750 3559 1751 3559 1751 3560 1738 3560 1744 3560 1744 3561 1743 3561 1750 3561 1743 3562 1737 3562 1752 3562 1737 3563 1753 3563 1752 3563 1753 3564 1737 3564 1736 3564 1736 3565 1735 3565 1754 3565 1754 3566 1753 3566 1736 3566 1752 3567 1750 3567 1743 3567 1758 3568 1748 3568 1733 3568 1856 3569 1746 3569 1741 3569 1746 3570 1745 3570 1742 3570 1781 3571 1754 3571 1735 3571 1747 3572 1723 3572 1748 3572 1772 3573 1756 3573 1748 3573 1758 3574 1770 3574 1464 3574 1770 3575 1465 3575 1464 3575 1748 3576 1464 3576 1465 3576 1465 3577 1770 3577 1757 3577 1464 3578 1748 3578 1758 3578 1465 3579 1757 3579 1748 3579 1748 3580 1851 3580 1758 3580 1750 3581 1760 3581 1849 3581 1849 3582 1760 3582 1750 3582 1453 3583 1761 3583 1762 3583 1759 3584 1760 3584 1453 3584 1453 3585 1760 3585 1761 3585 1762 3586 1759 3586 1453 3586 1760 3587 1750 3587 1761 3587 1752 3588 1763 3588 1451 3588 1761 3589 1752 3589 1449 3589 1449 3590 1450 3590 1761 3590 1752 3591 1451 3591 1449 3591 1450 3592 1763 3592 1761 3592 1856 3593 1756 3593 1457 3593 1756 3594 1456 3594 1457 3594 1754 3595 1764 3595 1765 3595 1761 3596 1763 3596 1766 3596 1762 3597 1761 3597 1768 3597 1761 3598 1767 3598 1768 3598 1758 3599 1759 3599 1770 3599 1757 3600 1770 3600 1771 3600 1756 3601 1773 3601 1456 3601 1856 3602 1457 3602 1458 3602 1773 3603 1774 3603 1456 3603 1458 3604 1774 3604 1856 3604 1458 3605 1456 3605 1774 3605 1746 3606 1775 3606 1776 3606 1776 3607 1853 3607 1746 3607 1853 3608 1776 3608 1746 3608 1462 3609 1755 3609 1776 3609 1777 3610 1461 3610 1462 3610 1462 3611 1461 3611 1755 3611 1775 3612 1777 3612 1462 3612 1461 3613 1777 3613 1755 3613 1462 3614 1776 3614 1775 3614 1780 3615 1778 3615 1448 3615 1779 3616 1764 3616 1448 3616 1448 3617 1778 3617 1779 3617 1745 3618 1780 3618 1781 3618 1745 3619 1778 3619 1780 3619 1764 3620 1780 3620 1448 3620 1780 3621 1764 3621 1754 3621 1754 3622 1781 3622 1780 3622 1776 3623 1745 3623 1746 3623 1747 3624 1748 3624 1856 3624 1856 3625 1748 3625 1756 3625 1759 3626 1758 3626 1749 3626 1751 3627 1760 3627 1759 3627 1760 3628 1751 3628 1750 3628 1761 3629 1750 3629 1752 3629 1753 3630 1754 3630 1763 3630 1749 3631 1751 3631 1759 3631 1746 3632 1856 3632 1774 3632 1776 3633 1755 3633 1745 3633 1778 3634 1745 3634 1755 3634 1775 3635 1746 3635 1774 3635 1769 3636 1770 3636 1759 3636 1765 3637 1763 3637 1754 3637 1450 3638 1451 3638 1763 3638 1763 3639 1752 3639 1753 3639 1758 3640 1851 3640 1748 3640 1748 3641 1757 3641 1772 3641 1772 3642 1783 3642 1782 3642 1782 3643 1809 3643 1756 3643 1809 3644 1784 3644 1773 3644 1784 3645 1785 3645 1774 3645 1785 3646 1786 3646 1775 3646 1786 3647 1787 3647 1775 3647 1787 3648 1777 3648 1775 3648 1777 3649 1787 3649 1788 3649 1788 3650 1789 3650 1755 3650 1789 3651 1790 3651 1778 3651 1790 3652 1791 3652 1779 3652 1792 3653 1764 3653 1779 3653 1793 3654 1765 3654 1764 3654 1764 3655 1792 3655 1793 3655 1793 3656 1794 3656 1765 3656 1763 3657 1794 3657 1795 3657 1795 3658 1796 3658 1766 3658 1796 3659 1797 3659 1766 3659 1797 3660 1761 3660 1766 3660 1797 3661 1798 3661 1767 3661 1798 3662 1799 3662 1768 3662 1799 3663 1800 3663 1762 3663 1800 3664 1759 3664 1762 3664 1800 3665 1801 3665 1769 3665 1801 3666 1770 3666 1769 3666 1802 3667 1771 3667 1770 3667 1770 3668 1801 3668 1802 3668 1802 3669 1783 3669 1757 3669 1757 3670 1771 3670 1802 3670 1769 3671 1759 3671 1800 3671 1762 3672 1768 3672 1799 3672 1768 3673 1767 3673 1798 3673 1767 3674 1761 3674 1797 3674 1766 3675 1763 3675 1795 3675 1763 3676 1765 3676 1794 3676 1779 3677 1791 3677 1792 3677 1779 3678 1778 3678 1790 3678 1778 3679 1755 3679 1789 3679 1755 3680 1777 3680 1788 3680 1775 3681 1774 3681 1785 3681 1774 3682 1773 3682 1784 3682 1773 3683 1756 3683 1809 3683 1756 3684 1772 3684 1782 3684 1772 3685 1757 3685 1783 3685 1811 3686 1792 3686 1791 3686 1811 3687 1844 3687 1793 3687 1793 3688 1792 3688 1811 3688 1844 3689 1803 3689 1794 3689 1812 3690 1791 3690 1790 3690 1794 3691 1793 3691 1844 3691 1804 3692 1790 3692 1789 3692 1791 3693 1812 3693 1811 3693 1814 3694 1785 3694 1784 3694 1805 3695 1786 3695 1785 3695 1790 3696 1804 3696 1812 3696 1803 3697 1828 3697 1795 3697 1820 3698 1806 3698 1801 3698 1806 3699 1819 3699 1802 3699 1815 3700 1784 3700 1809 3700 1785 3701 1814 3701 1805 3701 1807 3702 1789 3702 1788 3702 1795 3703 1794 3703 1803 3703 1828 3704 1822 3704 1796 3704 1822 3705 1808 3705 1797 3705 1826 3706 1821 3706 1799 3706 1821 3707 1820 3707 1800 3707 1802 3708 1801 3708 1806 3708 1783 3709 1802 3709 1819 3709 1783 3710 1818 3710 1817 3710 1784 3711 1815 3711 1814 3711 1813 3712 1787 3712 1786 3712 1789 3713 1807 3713 1804 3713 1797 3714 1796 3714 1822 3714 1808 3715 1826 3715 1798 3715 1800 3716 1799 3716 1821 3716 1819 3717 1818 3717 1783 3717 1782 3718 1817 3718 1809 3718 1786 3719 1805 3719 1813 3719 1810 3720 1788 3720 1787 3720 1796 3721 1795 3721 1828 3721 1799 3722 1798 3722 1826 3722 1817 3723 1782 3723 1783 3723 1787 3724 1813 3724 1810 3724 1798 3725 1797 3725 1808 3725 1801 3726 1800 3726 1820 3726 1788 3727 1810 3727 1807 3727 1816 3728 1809 3728 1817 3728 1809 3729 1816 3729 1815 3729 1807 3730 1810 3730 1823 3730 1813 3731 1829 3731 1810 3731 1805 3732 1830 3732 1829 3732 1815 3733 1824 3733 1825 3733 1829 3734 1813 3734 1805 3734 1825 3735 1814 3735 1815 3735 1816 3736 1817 3736 1827 3736 1805 3737 1814 3737 1830 3737 1816 3738 1824 3738 1815 3738 1825 3739 1830 3739 1814 3739 1818 3740 1838 3740 1827 3740 1827 3741 1817 3741 1818 3741 1819 3742 1838 3742 1818 3742 1816 3743 1827 3743 1836 3743 1819 3744 1806 3744 1839 3744 1806 3745 1820 3745 1839 3745 1826 3746 1808 3746 1841 3746 1822 3747 1841 3747 1808 3747 1831 3748 1832 3748 1811 3748 1811 3749 1812 3749 1831 3749 1810 3750 1833 3750 1823 3750 1829 3751 1833 3751 1810 3751 1830 3752 1846 3752 1829 3752 1825 3753 1835 3753 1834 3753 1835 3754 1825 3754 1824 3754 1816 3755 1836 3755 1824 3755 1827 3756 1837 3756 1836 3756 1838 3757 1819 3757 1839 3757 1840 3758 1847 3758 1820 3758 1839 3759 1820 3759 1847 3759 1826 3760 1840 3760 1821 3760 1841 3761 1842 3761 1826 3761 1841 3762 1822 3762 1843 3762 1828 3763 1843 3763 1822 3763 1803 3764 1848 3764 1828 3764 1844 3765 1811 3765 1832 3765 1820 3766 1821 3766 1840 3766 1834 3767 1830 3767 1825 3767 1845 3768 1831 3768 1812 3768 1845 3769 1812 3769 1804 3769 1804 3770 1807 3770 1845 3770 1823 3771 1833 3771 1845 3771 1833 3772 1829 3772 1846 3772 1830 3773 1834 3773 1846 3773 1836 3774 1835 3774 1824 3774 1838 3775 1839 3775 1837 3775 1842 3776 1840 3776 1826 3776 1843 3777 1828 3777 1848 3777 1848 3778 1803 3778 1844 3778 1832 3779 1848 3779 1844 3779 1843 3780 1842 3780 1841 3780 1827 3781 1838 3781 1837 3781 1845 3782 1807 3782 1823 3782 1760 3783 1849 3783 1850 3783 1849 3784 1760 3784 1850 3784 1852 3785 1781 3785 1780 3785 1781 3786 1852 3786 1780 3786 1776 3787 1854 3787 1853 3787 1854 3788 1776 3788 1853 3788 1855 3789 1748 3789 1856 3789 1855 3790 1856 3790 1748 3790 747 3791 1848 3791 1832 3791 1867 3792 743 3792 1857 3792 1857 3793 742 3793 1848 3793 1857 3794 1848 3794 1867 3794 742 3795 740 3795 1843 3795 1858 3796 1859 3796 1894 3796 732 3797 1858 3797 1895 3797 1860 3798 1859 3798 1893 3798 734 3799 732 3799 1895 3799 1894 3800 1895 3800 1858 3800 1859 3801 1860 3801 1894 3801 1842 3802 1859 3802 1858 3802 1842 3803 1843 3803 1859 3803 1858 3804 1840 3804 1842 3804 1840 3805 1858 3805 731 3805 730 3806 1847 3806 1840 3806 724 3807 1839 3807 1847 3807 726 3808 725 3808 1847 3808 1847 3809 1861 3809 726 3809 1847 3810 727 3810 1861 3810 725 3811 724 3811 1847 3811 1847 3812 730 3812 727 3812 1863 3813 719 3813 1862 3813 1863 3814 723 3814 719 3814 1836 3815 723 3815 1863 3815 1863 3816 1862 3816 1892 3816 711 3817 1835 3817 1863 3817 1863 3818 1835 3818 1836 3818 1836 3819 1837 3819 723 3819 1892 3820 711 3820 1863 3820 715 3821 712 3821 1835 3821 1865 3822 1864 3822 1878 3822 1865 3823 1878 3823 1891 3823 699 3824 1866 3824 1865 3824 1891 3825 699 3825 1865 3825 699 3826 1891 3826 750 3826 1865 3827 1866 3827 1864 3827 1864 3828 1866 3828 1846 3828 1833 3829 1866 3829 752 3829 1834 3830 1835 3830 712 3830 1833 3831 1846 3831 1866 3831 1846 3832 1834 3832 1864 3832 756 3833 1845 3833 1833 3833 1831 3834 1889 3834 749 3834 1833 3835 752 3835 756 3835 712 3836 1864 3836 1834 3836 711 3837 715 3837 1835 3837 1837 3838 724 3838 723 3838 724 3839 1837 3839 1839 3839 1840 3840 731 3840 730 3840 740 3841 1859 3841 1843 3841 1843 3842 1848 3842 742 3842 1832 3843 748 3843 747 3843 748 3844 1832 3844 1831 3844 1884 3845 1867 3845 1848 3845 1857 3846 743 3846 1867 3846 1868 3847 1869 3847 1859 3847 1893 3848 1859 3848 1869 3848 742 3849 2574 3849 1868 3849 1868 3850 740 3850 742 3850 2574 3851 742 3851 1857 3851 1857 3852 1867 3852 2574 3852 1859 3853 740 3853 1868 3853 1899 3854 727 3854 730 3854 730 3855 731 3855 1870 3855 1870 3856 731 3856 1858 3856 1858 3857 1871 3857 1870 3857 1871 3858 1858 3858 732 3858 1870 3859 2353 3859 730 3859 730 3860 2353 3860 1899 3860 1861 3861 727 3861 1899 3861 1861 3862 1872 3862 725 3862 725 3863 726 3863 1861 3863 1874 3864 719 3864 723 3864 1874 3865 723 3865 724 3865 724 3866 725 3866 1872 3866 1872 3867 1873 3867 724 3867 724 3868 1873 3868 1874 3868 1862 3869 719 3869 1874 3869 711 3870 1892 3870 1875 3870 1878 3871 1864 3871 1876 3871 1877 3872 1876 3872 1864 3872 1864 3873 712 3873 1877 3873 715 3874 1896 3874 1877 3874 1877 3875 712 3875 715 3875 1896 3876 715 3876 711 3876 711 3877 1875 3877 1896 3877 750 3878 1879 3878 699 3878 1880 3879 1845 3879 756 3879 756 3880 752 3880 2909 3880 2909 3881 752 3881 1866 3881 699 3882 1879 3882 1881 3882 1881 3883 1866 3883 699 3883 1866 3884 1881 3884 2909 3884 2909 3885 1882 3885 756 3885 756 3886 1882 3886 1880 3886 1889 3887 1845 3887 1880 3887 1883 3888 749 3888 1889 3888 1831 3889 749 3889 1883 3889 1884 3890 1848 3890 747 3890 1884 3891 747 3891 748 3891 748 3892 1831 3892 1885 3892 1831 3893 1883 3893 1885 3893 1885 3894 1886 3894 748 3894 748 3895 1886 3895 1884 3895 743 3896 1857 3896 1887 3896 1857 3897 743 3897 1867 3897 1888 3898 1887 3898 1857 3898 1867 3899 1888 3899 1857 3899 1887 3900 1867 3900 743 3900 1889 3901 1831 3901 1883 3901 1831 3902 1845 3902 1910 3902 1889 3903 1910 3903 1845 3903 1910 3904 1883 3904 1831 3904 1865 3905 699 3905 1891 3905 750 3906 1891 3906 699 3906 1879 3907 750 3907 699 3907 699 3908 1865 3908 1879 3908 1890 3909 1879 3909 1865 3909 1891 3910 1890 3910 1865 3910 1863 3911 1862 3911 1892 3911 2131 3912 1862 3912 1863 3912 1892 3913 2131 3913 1863 3913 2291 3914 1861 3914 1847 3914 1861 3915 2291 3915 1847 3915 734 3916 1895 3916 732 3916 732 3917 1893 3917 734 3917 1895 3918 1894 3918 1869 3918 1879 3919 1890 3919 1876 3919 1882 3920 2909 3920 3018 3920 2909 3921 2897 3921 3018 3921 3018 3922 2884 3922 1882 3922 1890 3923 1891 3923 1878 3923 1878 3924 1876 3924 1890 3924 1876 3925 1881 3925 1879 3925 2909 3926 2983 3926 2923 3926 1963 3927 1948 3927 1876 3927 1881 3928 1876 3928 1915 3928 2983 3929 2909 3929 1881 3929 1877 3930 1963 3930 1876 3930 1948 3931 3013 3931 1876 3931 3013 3932 1915 3932 1876 3932 1896 3933 2031 3933 2022 3933 1875 3934 1862 3934 2131 3934 1896 3935 1875 3935 2066 3935 1875 3936 2113 3936 2066 3936 1892 3937 2197 3937 2181 3937 1892 3938 2170 3938 1897 3938 1874 3939 2197 3939 1892 3939 2131 3940 1908 3940 1875 3940 2181 3941 2170 3941 1892 3941 1862 3942 1875 3942 1892 3942 1862 3943 1874 3943 1892 3943 1872 3944 1898 3944 1873 3944 2353 3945 2341 3945 1899 3945 1861 3946 1899 3946 2291 3946 2291 3947 1899 3947 2306 3947 1872 3948 1861 3948 2291 3948 2353 3949 1870 3949 2384 3949 1893 3950 1869 3950 1860 3950 1869 3951 1871 3951 1895 3951 1869 3952 1894 3952 1860 3952 1871 3953 732 3953 1895 3953 734 3954 1893 3954 732 3954 2521 3955 2488 3955 1869 3955 1869 3956 1868 3956 2529 3956 1870 3957 2430 3957 2384 3957 1871 3958 2453 3958 2430 3958 2430 3959 1870 3959 1871 3959 1871 3960 1901 3960 2453 3960 2529 3961 2521 3961 1869 3961 2488 3962 2467 3962 1869 3962 1871 3963 1869 3963 1901 3963 2467 3964 1901 3964 1869 3964 1868 3965 3052 3965 2529 3965 1868 3966 2574 3966 3052 3966 2574 3967 1887 3967 1902 3967 2574 3968 2596 3968 2581 3968 1884 3969 1903 3969 2663 3969 1902 3970 2596 3970 2574 3970 1887 3971 2574 3971 1867 3971 2630 3972 2625 3972 1887 3972 1867 3973 1884 3973 1888 3973 1888 3974 2630 3974 1887 3974 1884 3975 2663 3975 1888 3975 1884 3976 2691 3976 1903 3976 1884 3977 1886 3977 2726 3977 3009 3978 2691 3978 1884 3978 2726 3979 3009 3979 1884 3979 1885 3980 2726 3980 1886 3980 2845 3981 1910 3981 1882 3981 1882 3982 2884 3982 2854 3982 1885 3983 1883 3983 1904 3983 2854 3984 2845 3984 1882 3984 2789 3985 1906 3985 1910 3985 1910 3986 1889 3986 1880 3986 2845 3987 2789 3987 1910 3987 1880 3988 1882 3988 1910 3988 1910 3989 1904 3989 1883 3989 1897 3990 2131 3990 1892 3990 1907 3991 1913 3991 1915 3991 1908 3992 2131 3992 2134 3992 2081 3993 2630 3993 2629 3993 2081 3994 2625 3994 2630 3994 1906 3995 2787 3995 1910 3995 1909 3996 2777 3996 1910 3996 1911 3997 1875 3997 1908 3997 2096 3998 1872 3998 2291 3998 2096 3999 2283 3999 1872 3999 1881 4000 1915 4000 1916 4000 1916 4001 1917 4001 1913 4001 1914 4002 1916 4002 1913 4002 1913 4003 1907 4003 1914 4003 1913 4004 1917 4004 1915 4004 1915 4005 1917 4005 1916 4005 1919 4006 1922 4006 1918 4006 1925 4007 1920 4007 1918 4007 1915 4008 1919 4008 1917 4008 1919 4009 1918 4009 1920 4009 1919 4010 1920 4010 1917 4010 1934 4011 1921 4011 1920 4011 1922 4012 1919 4012 1915 4012 1925 4013 1918 4013 1922 4013 1923 4014 1917 4014 1920 4014 1921 4015 1923 4015 1920 4015 1922 4016 1921 4016 1925 4016 1915 4017 1923 4017 1922 4017 1921 4018 1922 4018 1924 4018 1924 4019 1922 4019 1923 4019 1923 4020 1921 4020 1924 4020 1923 4021 1915 4021 1917 4021 1926 4022 1925 4022 1921 4022 1921 4023 1934 4023 1926 4023 1920 4024 2890 4024 1934 4024 1926 4025 1934 4025 1931 4025 1930 4026 1934 4026 1926 4026 1927 4027 1930 4027 1926 4027 1927 4028 1926 4028 1928 4028 1927 4029 1928 4029 1929 4029 1927 4030 1929 4030 1930 4030 1928 4031 1926 4031 1931 4031 1930 4032 1929 4032 1928 4032 1928 4033 1931 4033 1930 4033 1931 4034 1934 4034 1930 4034 1940 4035 1932 4035 1938 4035 1932 4036 1934 4036 1938 4036 1942 4037 1941 4037 1936 4037 1936 4038 1937 4038 1942 4038 1938 4039 1939 4039 1937 4039 1938 4040 1937 4040 1936 4040 1938 4041 1934 4041 1939 4041 1936 4042 1940 4042 1938 4042 1936 4043 1933 4043 1940 4043 1936 4044 1941 4044 1933 4044 1934 4045 1935 4045 1939 4045 1941 4046 1914 4046 1933 4046 1939 4047 1935 4047 1926 4047 1937 4048 1939 4048 1932 4048 1942 4049 1937 4049 1940 4049 1926 4050 1934 4050 1932 4050 1932 4051 1939 4051 1926 4051 1948 4052 1942 4052 1914 4052 1933 4053 1914 4053 1942 4053 1940 4054 1933 4054 1942 4054 1932 4055 1940 4055 1937 4055 1942 4056 1948 4056 1941 4056 1935 4057 1934 4057 1949 4057 1944 4058 1945 4058 1946 4058 1944 4059 1947 4059 1955 4059 1956 4060 1948 4060 1955 4060 1949 4061 1945 4061 1935 4061 1945 4062 1949 4062 1946 4062 1946 4063 1947 4063 1944 4063 1943 4064 1949 4064 1934 4064 1934 4065 1957 4065 1943 4065 1951 4066 1950 4066 1952 4066 1953 4067 1943 4067 1954 4067 1954 4068 1951 4068 1953 4068 1953 4069 1951 4069 1952 4069 1964 4070 1952 4070 1950 4070 1953 4071 1947 4071 1949 4071 1946 4072 1949 4072 1947 4072 1952 4073 1955 4073 1947 4073 1952 4074 1964 4074 1956 4074 1956 4075 1955 4075 1952 4075 1947 4076 1953 4076 1952 4076 1949 4077 1943 4077 1953 4077 1957 4078 1934 4078 1965 4078 1956 4079 1941 4079 1948 4079 1954 4080 1943 4080 1926 4080 1951 4081 1954 4081 1945 4081 1950 4082 1951 4082 1955 4082 1948 4083 1950 4083 1955 4083 1948 4084 1964 4084 1950 4084 1926 4085 1935 4085 1945 4085 1945 4086 1954 4086 1926 4086 1944 4087 1955 4087 1951 4087 1945 4088 1944 4088 1951 4088 1948 4089 1963 4089 1964 4089 1926 4090 1943 4090 1958 4090 1959 4091 1962 4091 1961 4091 1961 4092 1970 4092 1963 4092 1963 4093 1970 4093 1964 4093 1960 4094 1943 4094 1959 4094 1961 4095 1963 4095 1970 4095 1970 4096 1966 4096 1961 4096 1967 4097 1971 4097 1961 4097 1971 4098 1967 4098 1968 4098 1958 4099 1969 4099 1965 4099 1968 4100 1965 4100 1969 4100 1961 4101 1966 4101 1967 4101 1959 4102 1943 4102 1957 4102 1967 4103 1962 4103 1957 4103 1959 4104 1957 4104 1962 4104 1966 4105 1970 4105 1962 4105 1962 4106 1970 4106 1961 4106 1962 4107 1967 4107 1966 4107 1957 4108 1968 4108 1967 4108 1957 4109 1965 4109 1968 4109 1975 4110 1964 4110 1970 4110 1971 4111 1969 4111 1960 4111 1961 4112 1971 4112 1959 4112 1958 4113 1943 4113 1960 4113 1960 4114 1969 4114 1958 4114 1960 4115 1959 4115 1971 4115 1969 4116 1971 4116 1968 4116 1975 4117 1970 4117 1963 4117 1985 4118 1958 4118 1984 4118 1976 4119 1972 4119 1983 4119 1972 4120 1973 4120 1983 4120 1975 4121 1973 4121 1974 4121 1977 4122 1976 4122 1958 4122 1958 4123 1965 4123 1977 4123 1984 4124 1977 4124 1965 4124 1980 4125 1978 4125 1982 4125 1978 4126 1974 4126 1982 4126 1981 4127 1980 4127 1979 4127 1980 4128 1982 4128 1979 4128 1979 4129 1972 4129 1977 4129 1976 4130 1977 4130 1972 4130 1974 4131 1973 4131 1972 4131 1974 4132 1972 4132 1982 4132 1972 4133 1979 4133 1982 4133 1977 4134 1981 4134 1979 4134 1977 4135 1984 4135 1981 4135 1986 4136 1984 4136 1965 4136 1981 4137 1984 4137 1983 4137 1980 4138 1981 4138 1983 4138 1978 4139 1980 4139 1973 4139 1975 4140 1963 4140 1978 4140 1976 4141 1983 4141 1958 4141 1973 4142 1975 4142 1978 4142 1983 4143 1973 4143 1980 4143 1958 4144 1983 4144 1984 4144 1984 4145 1986 4145 1990 4145 1990 4146 1989 4146 1984 4146 1989 4147 1990 4147 1987 4147 1991 4148 1990 4148 1986 4148 1992 4149 1993 4149 1994 4149 1991 4150 1992 4150 1995 4150 1991 4151 1986 4151 1985 4151 1994 4152 1995 4152 1992 4152 1995 4153 1996 4153 1990 4153 1987 4154 1990 4154 1996 4154 1995 4155 1997 4155 1996 4155 1994 4156 1998 4156 1988 4156 1988 4157 1997 4157 1994 4157 1997 4158 1995 4158 1994 4158 1990 4159 1991 4159 1995 4159 1998 4160 1877 4160 1988 4160 1992 4161 1991 4161 1989 4161 1993 4162 1992 4162 1997 4162 1985 4163 1984 4163 1989 4163 1989 4164 1991 4164 1985 4164 1997 4165 1988 4165 1993 4165 1996 4166 1997 4166 1992 4166 1987 4167 1996 4167 1992 4167 1989 4168 1987 4168 1992 4168 1994 4169 1993 4169 1998 4169 1998 4170 1988 4170 1877 4170 1998 4171 1993 4171 1988 4171 2003 4172 1999 4172 2009 4172 2009 4173 1999 4173 2000 4173 2001 4174 2002 4174 2000 4174 1986 4175 2003 4175 1985 4175 1986 4176 2010 4176 2004 4176 2006 4177 2007 4177 2005 4177 2005 4178 2000 4178 2006 4178 2008 4179 2009 4179 2006 4179 2006 4180 1999 4180 2008 4180 2004 4181 2009 4181 2008 4181 2008 4182 2003 4182 1986 4182 2006 4183 2000 4183 1999 4183 2000 4184 2005 4184 2001 4184 2003 4185 2008 4185 1999 4185 1986 4186 2004 4186 2008 4186 3034 4187 1998 4187 2001 4187 2001 4188 2005 4188 3034 4188 2002 4189 2001 4189 1998 4189 2002 4190 1998 4190 1877 4190 2004 4191 2010 4191 1985 4191 2009 4192 2004 4192 2003 4192 2007 4193 2006 4193 2009 4193 2005 4194 2007 4194 2000 4194 1877 4195 2005 4195 2002 4195 2003 4196 2004 4196 1985 4196 2000 4197 2002 4197 2005 4197 2009 4198 2000 4198 2007 4198 2012 4199 1985 4199 2010 4199 2012 4200 2010 4200 1986 4200 2011 4201 2012 4201 1986 4201 1986 4202 1621 4202 2011 4202 2019 4203 2014 4203 2013 4203 2016 4204 2015 4204 2011 4204 2016 4205 2013 4205 2015 4205 2011 4206 1621 4206 2016 4206 2023 4207 2016 4207 1621 4207 1621 4208 2029 4208 2023 4208 2017 4209 2018 4209 2022 4209 2018 4210 2017 4210 2019 4210 2019 4211 2015 4211 2018 4211 2015 4212 2019 4212 2020 4212 2019 4213 2013 4213 2016 4213 2017 4214 2014 4214 2019 4214 2016 4215 2020 4215 2019 4215 2016 4216 2023 4216 2020 4216 2014 4217 2017 4217 2021 4217 2014 4218 2021 4218 3038 4218 3038 4219 1896 4219 2014 4219 2020 4220 2023 4220 2015 4220 2018 4221 2015 4221 2013 4221 2022 4222 2018 4222 2014 4222 2012 4223 2011 4223 2015 4223 2015 4224 2023 4224 2012 4224 2013 4225 2014 4225 2018 4225 2022 4226 2021 4226 2017 4226 1896 4227 2022 4227 2014 4227 2023 4228 2040 4228 2012 4228 2025 4229 2024 4229 2028 4229 2028 4230 2029 4230 2025 4230 2029 4231 2028 4231 2023 4231 2027 4232 2026 4232 2039 4232 2025 4233 2026 4233 2024 4233 2031 4234 2021 4234 2032 4234 2032 4235 2033 4235 2031 4235 2034 4236 2035 4236 2033 4236 2035 4237 2034 4237 2036 4237 2036 4238 2037 4238 2035 4238 2040 4239 2038 4239 2030 4239 2036 4240 2030 4240 2038 4240 2038 4241 2037 4241 2036 4241 2033 4242 2032 4242 2034 4242 2034 4243 2039 4243 2029 4243 2039 4244 2026 4244 2025 4244 2025 4245 2029 4245 2039 4245 2032 4246 2027 4246 2039 4246 2032 4247 2021 4247 2027 4247 2021 4248 2022 4248 2027 4248 2039 4249 2034 4249 2032 4249 2029 4250 2036 4250 2034 4250 2029 4251 2030 4251 2036 4251 2037 4252 2038 4252 2028 4252 2033 4253 2037 4253 2024 4253 2033 4254 2035 4254 2037 4254 2031 4255 2033 4255 2026 4255 2040 4256 2023 4256 2028 4256 2028 4257 2038 4257 2040 4257 2027 4258 2022 4258 2031 4258 2026 4259 2027 4259 2031 4259 2024 4260 2026 4260 2033 4260 2028 4261 2024 4261 2037 4261 2051 4262 2042 4262 2043 4262 2044 4263 2043 4263 2042 4263 2055 4264 2044 4264 2042 4264 2055 4265 2052 4265 2054 4265 2051 4266 2043 4266 2045 4266 2030 4267 2045 4267 2040 4267 2045 4268 2030 4268 2051 4268 2042 4269 2052 4269 2055 4269 2045 4270 2030 4270 2041 4270 2046 4271 1896 4271 2053 4271 2046 4272 2047 4272 2048 4272 2048 4273 2049 4273 2046 4273 2049 4274 2048 4274 2050 4274 2053 4275 2047 4275 2046 4275 2050 4276 2051 4276 2030 4276 2048 4277 2042 4277 2051 4277 2047 4278 2052 4278 2042 4278 2047 4279 2053 4279 2054 4279 2054 4280 2052 4280 2047 4280 2042 4281 2048 4281 2047 4281 2051 4282 2050 4282 2048 4282 2030 4283 2045 4283 2050 4283 2054 4284 2053 4284 2056 4284 2029 4285 2063 4285 2030 4285 2054 4286 2021 4286 2055 4286 2021 4287 2031 4287 2055 4287 2049 4288 2050 4288 2043 4288 2046 4289 2049 4289 2044 4289 1896 4290 2046 4290 2055 4290 2041 4291 2040 4291 2045 4291 2044 4292 2055 4292 2046 4292 2043 4293 2044 4293 2049 4293 2045 4294 2043 4294 2050 4294 2031 4295 1896 4295 2055 4295 2053 4296 1896 4296 2056 4296 2041 4297 2030 4297 2057 4297 2063 4298 2057 4298 2030 4298 2065 4299 2061 4299 2056 4299 2064 4300 2057 4300 2058 4300 2057 4301 2064 4301 2041 4301 2059 4302 2061 4302 2065 4302 2057 4303 2063 4303 2062 4303 2062 4304 2061 4304 2057 4304 2061 4305 2059 4305 2058 4305 2058 4306 2057 4306 2061 4306 2061 4307 2060 4307 2056 4307 2056 4308 2060 4308 2066 4308 2063 4309 2178 4309 2041 4309 2056 4310 2066 4310 2065 4310 2062 4311 2063 4311 2064 4311 2061 4312 2062 4312 2064 4312 2065 4313 2064 4313 2059 4313 2060 4314 2061 4314 2064 4314 2064 4315 2065 4315 2060 4315 2058 4316 2059 4316 2064 4316 2041 4317 2064 4317 2063 4317 2060 4318 2065 4318 2066 4318 2067 4319 2976 4319 2890 4319 2890 4320 1920 4320 2067 4320 2068 4321 2981 4321 2070 4321 2069 4322 2070 4322 2981 4322 2067 4323 1920 4323 1925 4323 2071 4324 2072 4324 1909 4324 2787 4325 1906 4325 1909 4325 1909 4326 2072 4326 2787 4326 2787 4327 2072 4327 2073 4327 2073 4328 2074 4328 2787 4328 2075 4329 2786 4329 2073 4329 2075 4330 2795 4330 2785 4330 2785 4331 2786 4331 2075 4331 2076 4332 2077 4332 2075 4332 2073 4333 2078 4333 2075 4333 2076 4334 2075 4334 2078 4334 2072 4335 2071 4335 2078 4335 2078 4336 2073 4336 2072 4336 2078 4337 2071 4337 2079 4337 2076 4338 2079 4338 2080 4338 2080 4339 2077 4339 2076 4339 2077 4340 2080 4340 2780 4340 2780 4341 2075 4341 2077 4341 2079 4342 2076 4342 2078 4342 2795 4343 2075 4343 2967 4343 2081 4344 2086 4344 2625 4344 2624 4345 2625 4345 2086 4345 2083 4346 2624 4346 2082 4346 2082 4347 2624 4347 2086 4347 2086 4348 2085 4348 2084 4348 2084 4349 2082 4349 2086 4349 2084 4350 2083 4350 2082 4350 2628 4351 2625 4351 2081 4351 2086 4352 2081 4352 2625 4352 2087 4353 2088 4353 2084 4353 2088 4354 2087 4354 2622 4354 2084 4355 2085 4355 2087 4355 2083 4356 2084 4356 2088 4356 2088 4357 2632 4357 2083 4357 2089 4358 1912 4358 2291 4358 2089 4359 2283 4359 2096 4359 1912 4360 2093 4360 2091 4360 2091 4361 2093 4361 2092 4361 2093 4362 2094 4362 2092 4362 2093 4363 1912 4363 2089 4363 2092 4364 2090 4364 2091 4364 2095 4365 2092 4365 2094 4365 2093 4366 2089 4366 2096 4366 2092 4367 2095 4367 2097 4367 2096 4368 2094 4368 2093 4368 2090 4369 2092 4369 2971 4369 1911 4370 2098 4370 1908 4370 2099 4371 2100 4371 2098 4371 2100 4372 2101 4372 2102 4372 2102 4373 2103 4373 2100 4373 2102 4374 2136 4374 2135 4374 2135 4375 2103 4375 2102 4375 2100 4376 2099 4376 2101 4376 2104 4377 2105 4377 2102 4377 1911 4378 2099 4378 2098 4378 2104 4379 2102 4379 2101 4379 2105 4380 2136 4380 2102 4380 2104 4381 2101 4381 2106 4381 2107 4382 2106 4382 2101 4382 2101 4383 2099 4383 2107 4383 2099 4384 1911 4384 2107 4384 2105 4385 2108 4385 2121 4385 2108 4386 2105 4386 2104 4386 2106 4387 2108 4387 2104 4387 2041 4388 2178 4388 2109 4388 2111 4389 2121 4389 2041 4389 2115 4390 2117 4390 2118 4390 2109 4391 2110 4391 2041 4391 2110 4392 2109 4392 2115 4392 2118 4393 2110 4393 2115 4393 2111 4394 2109 4394 2178 4394 2120 4395 2112 4395 2113 4395 2112 4396 2114 4396 2113 4396 2117 4397 2115 4397 2114 4397 2115 4398 2111 4398 2116 4398 2116 4399 2114 4399 2115 4399 2117 4400 2114 4400 2112 4400 2112 4401 2118 4401 2117 4401 2112 4402 2119 4402 2118 4402 2112 4403 2120 4403 2119 4403 2109 4404 2111 4404 2115 4404 2119 4405 2120 4405 2066 4405 2116 4406 2111 4406 2041 4406 2114 4407 2116 4407 2110 4407 2113 4408 2114 4408 2118 4408 2110 4409 2116 4409 2041 4409 2118 4410 2119 4410 2113 4410 2110 4411 2118 4411 2114 4411 2066 4412 2113 4412 2119 4412 2123 4413 2128 4413 2122 4413 2124 4414 2122 4414 2128 4414 2178 4415 2123 4415 2111 4415 2129 4416 2124 4416 1875 4416 2124 4417 2129 4417 2125 4417 2125 4418 2122 4418 2124 4418 2126 4419 2127 4419 2122 4419 2121 4420 2127 4420 2105 4420 2126 4421 2105 4421 2127 4421 2122 4422 2125 4422 2126 4422 2126 4423 2128 4423 2178 4423 2123 4424 2178 4424 2128 4424 2125 4425 2124 4425 2128 4425 2129 4426 2130 4426 2124 4426 2124 4427 2125 4427 2129 4427 2128 4428 2126 4428 2125 4428 2178 4429 2105 4429 2126 4429 1911 4430 2130 4430 2129 4430 1911 4431 2120 4431 2130 4431 2103 4432 2135 4432 2108 4432 2100 4433 2103 4433 2106 4433 2098 4434 2100 4434 2107 4434 1911 4435 1908 4435 2107 4435 2108 4436 2135 4436 2121 4436 2107 4437 1908 4437 2098 4437 2106 4438 2107 4438 2100 4438 2108 4439 2106 4439 2103 4439 2130 4440 2120 4440 1875 4440 1875 4441 2124 4441 2130 4441 2121 4442 2111 4442 2123 4442 2123 4443 2127 4443 2121 4443 2123 4444 2122 4444 2127 4444 1911 4445 2129 4445 1875 4445 2138 4446 1908 4446 2134 4446 2138 4447 2151 4447 1908 4447 2131 4448 2151 4448 2138 4448 2133 4449 2140 4449 2132 4449 2132 4450 2140 4450 2135 4450 2139 4451 2132 4451 2136 4451 2132 4452 2135 4452 2136 4452 2137 4453 2133 4453 2132 4453 2138 4454 2141 4454 2133 4454 2134 4455 2141 4455 2138 4455 2133 4456 2137 4456 2138 4456 2132 4457 2139 4457 2137 4457 2139 4458 2142 4458 2135 4458 2140 4459 2139 4459 2135 4459 2131 4460 2141 4460 2134 4460 2133 4461 2141 4461 2140 4461 2140 4462 2141 4462 2138 4462 2138 4463 2137 4463 2140 4463 2137 4464 2139 4464 2140 4464 2141 4465 2131 4465 2138 4465 2136 4466 2142 4466 2139 4466 2143 4467 2142 4467 2136 4467 2143 4468 2136 4468 2212 4468 2144 4469 2151 4469 2146 4469 2143 4470 2145 4470 2142 4470 2144 4471 2145 4471 2143 4471 2146 4472 2152 4472 2147 4472 2147 4473 2148 4473 2146 4473 2148 4474 2147 4474 2149 4474 2149 4475 2153 4475 2150 4475 2147 4476 2144 4476 2143 4476 2147 4477 2151 4477 2144 4477 2151 4478 2147 4478 2152 4478 2143 4479 2149 4479 2147 4479 2143 4480 2153 4480 2149 4480 2150 4481 2153 4481 2142 4481 2149 4482 2150 4482 2145 4482 2148 4483 2149 4483 2144 4483 1897 4484 2152 4484 2146 4484 2145 4485 2150 4485 2142 4485 2146 4486 2151 4486 1897 4486 2144 4487 2146 4487 2148 4487 2145 4488 2144 4488 2149 4488 2153 4489 2143 4489 2212 4489 2153 4490 2212 4490 2154 4490 2155 4491 2160 4491 2159 4491 2159 4492 2156 4492 2155 4492 2157 4493 2159 4493 2160 4493 2157 4494 2152 4494 1897 4494 2155 4495 2156 4495 2154 4495 2158 4496 2154 4496 2212 4496 2159 4497 2165 4497 2164 4497 2159 4498 2164 4498 2160 4498 2160 4499 2161 4499 2159 4499 2163 4500 2161 4500 2162 4500 2158 4501 2163 4501 2162 4501 2162 4502 2155 4502 2154 4502 2157 4503 2164 4503 2165 4503 2165 4504 2152 4504 2157 4504 2157 4505 2160 4505 2164 4505 2155 4506 2161 4506 2160 4506 2155 4507 2162 4507 2161 4507 2154 4508 2158 4508 2162 4508 2163 4509 2158 4509 2154 4509 2161 4510 2163 4510 2156 4510 2165 4511 2159 4511 2157 4511 2142 4512 2153 4512 2154 4512 2154 4513 2158 4513 2142 4513 1897 4514 2165 4514 2157 4514 2156 4515 2159 4515 2161 4515 2154 4516 2156 4516 2163 4516 2142 4517 2158 4517 2179 4517 2158 4518 2212 4518 2166 4518 2171 4519 2176 4519 2169 4519 2169 4520 2170 4520 2171 4520 2179 4521 2166 4521 2168 4521 2166 4522 2179 4522 2158 4522 2171 4523 2168 4523 2176 4523 2167 4524 2166 4524 2212 4524 2180 4525 2181 4525 2172 4525 2173 4526 2179 4526 2180 4526 2180 4527 2172 4527 2173 4527 2175 4528 2167 4528 2174 4528 2174 4529 2179 4529 2175 4529 2173 4530 2175 4530 2179 4530 2173 4531 2176 4531 2166 4531 2168 4532 2166 4532 2176 4532 2172 4533 2169 4533 2176 4533 2172 4534 2170 4534 2169 4534 2176 4535 2173 4535 2172 4535 2166 4536 2175 4536 2173 4536 2166 4537 2167 4537 2175 4537 2192 4538 2165 4538 2172 4538 2170 4539 2172 4539 2165 4539 2063 4540 1621 4540 2183 4540 2182 4541 2184 4541 2212 4541 2212 4542 2136 4542 2178 4542 2212 4543 2178 4543 2177 4543 2136 4544 2105 4544 2178 4544 2177 4545 2178 4545 2063 4545 2212 4546 2177 4546 2182 4546 2177 4547 2063 4547 2183 4547 2180 4548 2179 4548 2168 4548 2181 4549 2180 4549 2171 4549 2171 4550 2170 4550 2181 4550 2168 4551 2171 4551 2180 4551 2192 4552 2172 4552 2181 4552 2183 4553 1619 4553 2186 4553 2184 4554 2186 4554 1619 4554 2187 4555 2177 4555 2183 4555 2186 4556 2184 4556 1654 4556 2187 4557 2182 4557 2177 4557 2187 4558 2142 4558 2947 4558 2187 4559 2947 4559 2182 4559 2182 4560 1654 4560 2184 4560 2186 4561 2185 4561 2183 4561 2185 4562 2187 4562 2183 4562 2189 4563 2190 4563 2188 4563 2192 4564 2191 4564 2188 4564 2190 4565 2189 4565 2174 4565 2174 4566 2167 4566 2190 4566 2191 4567 2189 4567 2188 4567 2194 4568 2191 4568 2197 4568 2196 4569 2212 4569 2198 4569 2198 4570 2195 4570 2196 4570 2190 4571 2167 4571 2196 4571 2195 4572 2188 4572 2190 4572 2194 4573 2197 4573 2192 4573 2192 4574 2188 4574 2194 4574 2188 4575 2193 4575 2194 4575 2188 4576 2195 4576 2193 4576 2190 4577 2196 4577 2195 4577 2167 4578 2212 4578 2196 4578 2189 4579 2198 4579 2174 4579 2193 4580 2195 4580 2189 4580 2194 4581 2193 4581 2191 4581 2197 4582 2191 4582 2192 4582 2189 4583 2191 4583 2193 4583 2198 4584 2189 4584 2195 4584 2217 4585 2198 4585 2204 4585 2199 4586 2200 4586 2203 4586 2209 4587 2201 4587 2199 4587 2203 4588 2209 4588 2199 4588 2202 4589 2199 4589 2201 4589 2203 4590 2200 4590 2198 4590 2198 4591 2212 4591 2203 4591 2204 4592 2203 4592 2212 4592 2205 4593 2206 4593 2211 4593 2208 4594 2207 4594 2205 4594 2207 4595 2208 4595 2209 4595 2209 4596 2210 4596 2207 4596 2211 4597 2208 4597 2205 4597 2208 4598 2201 4598 2209 4598 2208 4599 2211 4599 2201 4599 2202 4600 2201 4600 2197 4600 2203 4601 2210 4601 2209 4601 2203 4602 2204 4602 2210 4602 2989 4603 2197 4603 2211 4603 2206 4604 2989 4604 2211 4604 2201 4605 2211 4605 2197 4605 2210 4606 2204 4606 2198 4606 2207 4607 2210 4607 2200 4607 2205 4608 2207 4608 2199 4608 2206 4609 2205 4609 2202 4609 2197 4610 1874 4610 2202 4610 2200 4611 2210 4611 2198 4611 1874 4612 2206 4612 2202 4612 2199 4613 2202 4613 2205 4613 2200 4614 2199 4614 2207 4614 2204 4615 2212 4615 2213 4615 2212 4616 2223 4616 2213 4616 2222 4617 2213 4617 2223 4617 2221 4618 1874 4618 2989 4618 2214 4619 2215 4619 2221 4619 2217 4620 2215 4620 2214 4620 2214 4621 2216 4621 2217 4621 2216 4622 2222 4622 2217 4622 2218 4623 2213 4623 2216 4623 2214 4624 2219 4624 2218 4624 2221 4625 2220 4625 2219 4625 2221 4626 2989 4626 2220 4626 2219 4627 2214 4627 2221 4627 2218 4628 2216 4628 2214 4628 2213 4629 2222 4629 2216 4629 2220 4630 2989 4630 2206 4630 2220 4631 2206 4631 1874 4631 2215 4632 2217 4632 2218 4632 2221 4633 2215 4633 2219 4633 1874 4634 2221 4634 2220 4634 2217 4635 2204 4635 2213 4635 2219 4636 2220 4636 2221 4636 2218 4637 2219 4637 2215 4637 2213 4638 2218 4638 2217 4638 2947 4639 2217 4639 2223 4639 2217 4640 2222 4640 2223 4640 2223 4641 2234 4641 2947 4641 2234 4642 2224 4642 2947 4642 2257 4643 2947 4643 2229 4643 2228 4644 2225 4644 2226 4644 2225 4645 2233 4645 2227 4645 2227 4646 2233 4646 3045 4646 2224 4647 2228 4647 2947 4647 2230 4648 2224 4648 2234 4648 2234 4649 2229 4649 2230 4649 2233 4650 2227 4650 1873 4650 1873 4651 2242 4651 2233 4651 2231 4652 2230 4652 2232 4652 2229 4653 2232 4653 2230 4653 2231 4654 2226 4654 2233 4654 2226 4655 2227 4655 2233 4655 2231 4656 2225 4656 2224 4656 2228 4657 2224 4657 2225 4657 2225 4658 2231 4658 2233 4658 2224 4659 2230 4659 2231 4659 3045 4660 2233 4660 2242 4660 2232 4661 2229 4661 2228 4661 2226 4662 2231 4662 2232 4662 2227 4663 2226 4663 2225 4663 3045 4664 1873 4664 2227 4664 2228 4665 2229 4665 2947 4665 2228 4666 2226 4666 2232 4666 2238 4667 2235 4667 2236 4667 2239 4668 2238 4668 2229 4668 2229 4669 2234 4669 2239 4669 2238 4670 2239 4670 2235 4670 2236 4671 1898 4671 2243 4671 2237 4672 2239 4672 2238 4672 2240 4673 2238 4673 2239 4673 2243 4674 2237 4674 2236 4674 2237 4675 2235 4675 2239 4675 2243 4676 2241 4676 2235 4676 2236 4677 2235 4677 2241 4677 2235 4678 2237 4678 2243 4678 2234 4679 2240 4679 2239 4679 2241 4680 2243 4680 2242 4680 2241 4681 2242 4681 1873 4681 2238 4682 2240 4682 2229 4682 2236 4683 2237 4683 2238 4683 2229 4684 2240 4684 2257 4684 1873 4685 1898 4685 2241 4685 2236 4686 2241 4686 1898 4686 1898 4687 2247 4687 2243 4687 2247 4688 2242 4688 2243 4688 2246 4689 2250 4689 2245 4689 2245 4690 2244 4690 2246 4690 2247 4691 2250 4691 2246 4691 2244 4692 2245 4692 2248 4692 2248 4693 2240 4693 2244 4693 2244 4694 2240 4694 2234 4694 2251 4695 2252 4695 2250 4695 2250 4696 2256 4696 2251 4696 2253 4697 2254 4697 2252 4697 2252 4698 2251 4698 2253 4698 2253 4699 2249 4699 2255 4699 2255 4700 2254 4700 2253 4700 2244 4701 2234 4701 2253 4701 2251 4702 2246 4702 2244 4702 2247 4703 2246 4703 2256 4703 2246 4704 2251 4704 2256 4704 2244 4705 2253 4705 2251 4705 2234 4706 2249 4706 2253 4706 2272 4707 2247 4707 2256 4707 2272 4708 2242 4708 2247 4708 2255 4709 2249 4709 2257 4709 2254 4710 2255 4710 2248 4710 2252 4711 2254 4711 2245 4711 2257 4712 2240 4712 2248 4712 2248 4713 2255 4713 2257 4713 1898 4714 2256 4714 2247 4714 2250 4715 2247 4715 2256 4715 2245 4716 2250 4716 2252 4716 2248 4717 2245 4717 2254 4717 2256 4718 1898 4718 2272 4718 2264 4719 2257 4719 2249 4719 2258 4720 2249 4720 2234 4720 2259 4721 2260 4721 2261 4721 2271 4722 2262 4722 2261 4722 2261 4723 2260 4723 2271 4723 2263 4724 2262 4724 2272 4724 2264 4725 2249 4725 2259 4725 2261 4726 2264 4726 2259 4726 2249 4727 2258 4727 2259 4727 2265 4728 2259 4728 2258 4728 2267 4729 2268 4729 2266 4729 2266 4730 2271 4730 2267 4730 2269 4731 2270 4731 2267 4731 2267 4732 2260 4732 2269 4732 2265 4733 2270 4733 2269 4733 2265 4734 2258 4734 2257 4734 2267 4735 2271 4735 2260 4735 2271 4736 2266 4736 2272 4736 2272 4737 2262 4737 2271 4737 2259 4738 2269 4738 2260 4738 2259 4739 2265 4739 2269 4739 2266 4740 2284 4740 2272 4740 2272 4741 1898 4741 2263 4741 1898 4742 1872 4742 2266 4742 2263 4743 1898 4743 2266 4743 2265 4744 2257 4744 2264 4744 2270 4745 2265 4745 2264 4745 2268 4746 2270 4746 2261 4746 2268 4747 2267 4747 2270 4747 2266 4748 2268 4748 2262 4748 2262 4749 2263 4749 2266 4749 2261 4750 2262 4750 2268 4750 2264 4751 2261 4751 2270 4751 2275 4752 2277 4752 2274 4752 2274 4753 2276 4753 2275 4753 2277 4754 2258 4754 2274 4754 2258 4755 2277 4755 2257 4755 1872 4756 2284 4756 2279 4756 2280 4757 2274 4757 2258 4757 2279 4758 2276 4758 2274 4758 2279 4759 2284 4759 2276 4759 2274 4760 2278 4760 2279 4760 2274 4761 2280 4761 2278 4761 2258 4762 2273 4762 2280 4762 2284 4763 2266 4763 2276 4763 2280 4764 2273 4764 2277 4764 2278 4765 2280 4765 2277 4765 2279 4766 2278 4766 2275 4766 1872 4767 2279 4767 2275 4767 2277 4768 2273 4768 2257 4768 2275 4769 2276 4769 1872 4769 2277 4770 2275 4770 2278 4770 2273 4771 2281 4771 2257 4771 2286 4772 2284 4772 2283 4772 2289 4773 2290 4773 2281 4773 2281 4774 2273 4774 2289 4774 2282 4775 2286 4775 2283 4775 2971 4776 2097 4776 2273 4776 2097 4777 2289 4777 2273 4777 2285 4778 2286 4778 2288 4778 2281 4779 2287 4779 2097 4779 2283 4780 2286 4780 2285 4780 2282 4781 2290 4781 2289 4781 2286 4782 2283 4782 2284 4782 2284 4783 2283 4783 2089 4783 2289 4784 2286 4784 2282 4784 2289 4785 2288 4785 2286 4785 2289 4786 2287 4786 2288 4786 2289 4787 2097 4787 2287 4787 2097 4788 2971 4788 2092 4788 2090 4789 2971 4789 2281 4789 2091 4790 2090 4790 2097 4790 1912 4791 2091 4791 2095 4791 2097 4792 2090 4792 2281 4792 2096 4793 2291 4793 1912 4793 2094 4794 2096 4794 1912 4794 2095 4795 2094 4795 1912 4795 2097 4796 2095 4796 2091 4796 2284 4797 1872 4797 2283 4797 2290 4798 2287 4798 2281 4798 2285 4799 2288 4799 2290 4799 2285 4800 2290 4800 2282 4800 2282 4801 2283 4801 2285 4801 2287 4802 2290 4802 2288 4802 2971 4803 2301 4803 2281 4803 2293 4804 2292 4804 2294 4804 2294 4805 2296 4805 2293 4805 2296 4806 2294 4806 2971 4806 2292 4807 2293 4807 2295 4807 2295 4808 2291 4808 1900 4808 2293 4809 2297 4809 2295 4809 2298 4810 2303 4810 2971 4810 2299 4811 2298 4811 2294 4811 2297 4812 2299 4812 2292 4812 2297 4813 2293 4813 2299 4813 2300 4814 2297 4814 2292 4814 2291 4815 2300 4815 2295 4815 2294 4816 2298 4816 2971 4816 2295 4817 1900 4817 2291 4817 2292 4818 2295 4818 2300 4818 2294 4819 2292 4819 2299 4819 2291 4820 2295 4820 2300 4820 2297 4821 2300 4821 2295 4821 2298 4822 2299 4822 2296 4822 2293 4823 2296 4823 2299 4823 2303 4824 2301 4824 2971 4824 2298 4825 2296 4825 2971 4825 2971 4826 2303 4826 2298 4826 2303 4827 2971 4827 2304 4827 2308 4828 2310 4828 2311 4828 2310 4829 2308 4829 2303 4829 2303 4830 2304 4830 2310 4830 2311 4831 2305 4831 2302 4831 2324 4832 2309 4832 2304 4832 2312 4833 2305 4833 2306 4833 2305 4834 2311 4834 2306 4834 2309 4835 2308 4835 2307 4835 2307 4836 2311 4836 2305 4836 2307 4837 2310 4837 2304 4837 2305 4838 2311 4838 2310 4838 2305 4839 2312 4839 2302 4839 2310 4840 2307 4840 2305 4840 2304 4841 2309 4841 2307 4841 2312 4842 2291 4842 2302 4842 2306 4843 2302 4843 2291 4843 2308 4844 2309 4844 2303 4844 2311 4845 2307 4845 2308 4845 2303 4846 2309 4846 2301 4846 2311 4847 2302 4847 2306 4847 2313 4848 2321 4848 2317 4848 2317 4849 2314 4849 2313 4849 2314 4850 2317 4850 2322 4850 2321 4851 2313 4851 2315 4851 2309 4852 2324 4852 2315 4852 2316 4853 2315 4853 2324 4853 2317 4854 2318 4854 2323 4854 2319 4855 2316 4855 2320 4855 2319 4856 2318 4856 2317 4856 2321 4857 2315 4857 2316 4857 2322 4858 2323 4858 2327 4858 2322 4859 2317 4859 2323 4859 2321 4860 2319 4860 2317 4860 2321 4861 2316 4861 2319 4861 2322 4862 2327 4862 2312 4862 2312 4863 1899 4863 2322 4863 2320 4864 2316 4864 2315 4864 2318 4865 2320 4865 2313 4865 2318 4866 2319 4866 2320 4866 2323 4867 2318 4867 2314 4867 1899 4868 2323 4868 2314 4868 2301 4869 2309 4869 2315 4869 2315 4870 2316 4870 2301 4870 2314 4871 2322 4871 1899 4871 2313 4872 2314 4872 2318 4872 2315 4873 2313 4873 2320 4873 2323 4874 1899 4874 2327 4874 2326 4875 2336 4875 2337 4875 2337 4876 2325 4876 2326 4876 2336 4877 2326 4877 2328 4877 2329 4878 2328 4878 2301 4878 2301 4879 2316 4879 2329 4879 2328 4880 2329 4880 2336 4880 2316 4881 2324 4881 2329 4881 2330 4882 2329 4882 2324 4882 2324 4883 2342 4883 2330 4883 2338 4884 2331 4884 2340 4884 2332 4885 2340 4885 2331 4885 2333 4886 2334 4886 2332 4886 2332 4887 2331 4887 2333 4887 2342 4888 2335 4888 2330 4888 2333 4889 2330 4889 2335 4889 2335 4890 2334 4890 2333 4890 2340 4891 2341 4891 2338 4891 2336 4892 2329 4892 2333 4892 2331 4893 2337 4893 2336 4893 2338 4894 2325 4894 2337 4894 2327 4895 2325 4895 2338 4895 2337 4896 2331 4896 2338 4896 2336 4897 2333 4897 2331 4897 2329 4898 2330 4898 2333 4898 2327 4899 2338 4899 2339 4899 2335 4900 2342 4900 2345 4900 2334 4901 2335 4901 2328 4901 2340 4902 2334 4902 2326 4902 2340 4903 2332 4903 2334 4903 2341 4904 2340 4904 2325 4904 2345 4905 2301 4905 2328 4905 2328 4906 2335 4906 2345 4906 2325 4907 2327 4907 2341 4907 2326 4908 2325 4908 2340 4908 2328 4909 2326 4909 2334 4909 1899 4910 2341 4910 2327 4910 2338 4911 2341 4911 2339 4911 2342 4912 2324 4912 2346 4912 2346 4913 2351 4913 2344 4913 2351 4914 2343 4914 2344 4914 2346 4915 2344 4915 2345 4915 2346 4916 2345 4916 2342 4916 2350 4917 2346 4917 2324 4917 2352 4918 2339 4918 2348 4918 2347 4919 2346 4919 2349 4919 2350 4920 2349 4920 2346 4920 2347 4921 2351 4921 2346 4921 2348 4922 2343 4922 2351 4922 2339 4923 2343 4923 2348 4923 2351 4924 2347 4924 2348 4924 2339 4925 2353 4925 2343 4925 2349 4926 2350 4926 2345 4926 2352 4927 2344 4927 2343 4927 2348 4928 2347 4928 2344 4928 2353 4929 2352 4929 2343 4929 2344 4930 2352 4930 2348 4930 2349 4931 2344 4931 2347 4931 2345 4932 2344 4932 2349 4932 2339 4933 2352 4933 2353 4933 2350 4934 2354 4934 2345 4934 2324 4935 2354 4935 2350 4935 2354 4936 2324 4936 2358 4936 2378 4937 2355 4937 2324 4937 2366 4938 2359 4938 2360 4938 2362 4939 2363 4939 2364 4939 2364 4940 2359 4940 2362 4940 2355 4941 2363 4941 2362 4941 2359 4942 2364 4942 2360 4942 2360 4943 2361 4943 2366 4943 2362 4944 2358 4944 2324 4944 2359 4945 2356 4945 2358 4945 2366 4946 2357 4946 2356 4946 2365 4947 2357 4947 2366 4947 2356 4948 2359 4948 2366 4948 2358 4949 2362 4949 2359 4949 2324 4950 2355 4950 2362 4950 2339 4951 2357 4951 2365 4951 2339 4952 2353 4952 2357 4952 2363 4953 2355 4953 2354 4953 2360 4954 2363 4954 2356 4954 2360 4955 2364 4955 2363 4955 2361 4956 2360 4956 2357 4956 2356 4957 2357 4957 2360 4957 2358 4958 2356 4958 2363 4958 2354 4959 2358 4959 2363 4959 2353 4960 2361 4960 2357 4960 2367 4961 2368 4961 2373 4961 2369 4962 2373 4962 2368 4962 2369 4963 2368 4963 2376 4963 2369 4964 2376 4964 2355 4964 2355 4965 2378 4965 2369 4965 2367 4966 2373 4966 2370 4966 2375 4967 2369 4967 2378 4967 2371 4968 2377 4968 2373 4968 2374 4969 2373 4969 2377 4969 2372 4970 2376 4970 2371 4970 2372 4971 2373 4971 2369 4971 2373 4972 2374 4972 2993 4972 2373 4973 2993 4973 2370 4973 2373 4974 2372 4974 2371 4974 2369 4975 2375 4975 2372 4975 2993 4976 2366 4976 2370 4976 2375 4977 2378 4977 2354 4977 2371 4978 2376 4978 2368 4978 2377 4979 2371 4979 2367 4979 2353 4980 2377 4980 2370 4980 2354 4981 2355 4981 2376 4981 2376 4982 2375 4982 2354 4982 2361 4983 2353 4983 2370 4983 2367 4984 2370 4984 2377 4984 2368 4985 2367 4985 2371 4985 2375 4986 2376 4986 2372 4986 2374 4987 2377 4987 2353 4987 2354 4988 2378 4988 2379 4988 2354 4989 2379 4989 2380 4989 2396 4990 2380 4990 2378 4990 2380 4991 2379 4991 2378 4991 2380 4992 2396 4992 2381 4992 2380 4993 2382 4993 2354 4993 2389 4994 2390 4994 2387 4994 2387 4995 2388 4995 2389 4995 2385 4996 2388 4996 2383 4996 2383 4997 2384 4997 2385 4997 2390 4998 2389 4998 2381 4998 2387 4999 2388 4999 2385 4999 2382 5000 2389 5000 2396 5000 2390 5001 2396 5001 2389 5001 2390 5002 2388 5002 2387 5002 2386 5003 2387 5003 2385 5003 2387 5004 2386 5004 2383 5004 2383 5005 2388 5005 2387 5005 2381 5006 2396 5006 2390 5006 2383 5007 2386 5007 2414 5007 2388 5008 2390 5008 2389 5008 2382 5009 2380 5009 2381 5009 2381 5010 2389 5010 2382 5010 2385 5011 2384 5011 2386 5011 2393 5012 2395 5012 2400 5012 2393 5013 2400 5013 2392 5013 2401 5014 2394 5014 2392 5014 2396 5015 2395 5015 2382 5015 2397 5016 2396 5016 2391 5016 2398 5017 2400 5017 2399 5017 2400 5018 2397 5018 2399 5018 2391 5019 2399 5019 2397 5019 2397 5020 2395 5020 2396 5020 2398 5021 2401 5021 2400 5021 2392 5022 2400 5022 2401 5022 2398 5023 2414 5023 2401 5023 2395 5024 2397 5024 2400 5024 2401 5025 2414 5025 2394 5025 2399 5026 2391 5026 2395 5026 2398 5027 2399 5027 2392 5027 2394 5028 2398 5028 2392 5028 2394 5029 2414 5029 2398 5029 2391 5030 2382 5030 2395 5030 2393 5031 2392 5031 2399 5031 2395 5032 2393 5032 2399 5032 2414 5033 2394 5033 2430 5033 2391 5034 2396 5034 2406 5034 2415 5035 2391 5035 2407 5035 2409 5036 2402 5036 2405 5036 2406 5037 2405 5037 2391 5037 2405 5038 2406 5038 2404 5038 2405 5039 2404 5039 2409 5039 2407 5040 2404 5040 2406 5040 2410 5041 2412 5041 2408 5041 2409 5042 2411 5042 2410 5042 2409 5043 2410 5043 2408 5043 2411 5044 2409 5044 2404 5044 2408 5045 2403 5045 2409 5045 2402 5046 2409 5046 2403 5046 2413 5047 2403 5047 2408 5047 2404 5048 2407 5048 2411 5048 2430 5049 2413 5049 2408 5049 2414 5050 2430 5050 2412 5050 2413 5051 2414 5051 2412 5051 2411 5052 2407 5052 2391 5052 2410 5053 2411 5053 2405 5053 2412 5054 2410 5054 2402 5054 2405 5055 2411 5055 2391 5055 2403 5056 2413 5056 2412 5056 2402 5057 2403 5057 2412 5057 2405 5058 2402 5058 2410 5058 2430 5059 2408 5059 2412 5059 2407 5060 2406 5060 2419 5060 2420 5061 2419 5061 2406 5061 2416 5062 2428 5062 2417 5062 2417 5063 2429 5063 2423 5063 2423 5064 2429 5064 2430 5064 2428 5065 2416 5065 2418 5065 2419 5066 2418 5066 2407 5066 2418 5067 2419 5067 2428 5067 2424 5068 2422 5068 2421 5068 2424 5069 2425 5069 2426 5069 2415 5070 2427 5070 2420 5070 2425 5071 2420 5071 2427 5071 2427 5072 2426 5072 2425 5072 2422 5073 2423 5073 2421 5073 2424 5074 2428 5074 2419 5074 2421 5075 2429 5075 2428 5075 2421 5076 2423 5076 2429 5076 2423 5077 2430 5077 2429 5077 2428 5078 2429 5078 2417 5078 2428 5079 2424 5079 2421 5079 2419 5080 2425 5080 2424 5080 2419 5081 2420 5081 2425 5081 2426 5082 2427 5082 2418 5082 2422 5083 2426 5083 2416 5083 2422 5084 2424 5084 2426 5084 2423 5085 2422 5085 2417 5085 2415 5086 2407 5086 2418 5086 2418 5087 2427 5087 2415 5087 2416 5088 2417 5088 2422 5088 2418 5089 2416 5089 2426 5089 2432 5090 2431 5090 2440 5090 2432 5091 2440 5091 2433 5091 2439 5092 2431 5092 2415 5092 2415 5093 2420 5093 2439 5093 2435 5094 2439 5094 2420 5094 2420 5095 2441 5095 2435 5095 2440 5096 2437 5096 2436 5096 2440 5097 2439 5097 2437 5097 2435 5098 2437 5098 2439 5098 2437 5099 2438 5099 2436 5099 2431 5100 2439 5100 2440 5100 2436 5101 2433 5101 2440 5101 2436 5102 2438 5102 2434 5102 2438 5103 2430 5103 2434 5103 2434 5104 2433 5104 2436 5104 2442 5105 2430 5105 2438 5105 2434 5106 2430 5106 2453 5106 2435 5107 2441 5107 2415 5107 2437 5108 2435 5108 2431 5108 2438 5109 2437 5109 2433 5109 2453 5110 2438 5110 2434 5110 2431 5111 2435 5111 2415 5111 2433 5112 2434 5112 2438 5112 2432 5113 2433 5113 2437 5113 2431 5114 2432 5114 2437 5114 2442 5115 2438 5115 2453 5115 2441 5116 2420 5116 2446 5116 2447 5117 2441 5117 2452 5117 2454 5118 2446 5118 2420 5118 2450 5119 2449 5119 2444 5119 2443 5120 2444 5120 2449 5120 2450 5121 2444 5121 2445 5121 2446 5122 2445 5122 2441 5122 2445 5123 2446 5123 2450 5123 2447 5124 2446 5124 2454 5124 2450 5125 2448 5125 2449 5125 2449 5126 2448 5126 2453 5126 2451 5127 2447 5127 2452 5127 2450 5128 2446 5128 2451 5128 2449 5129 2453 5129 2442 5129 2442 5130 2443 5130 2449 5130 2446 5131 2447 5131 2451 5131 2442 5132 2453 5132 2460 5132 2443 5133 2442 5133 2453 5133 2448 5134 2452 5134 2445 5134 2450 5135 2451 5135 2448 5135 2453 5136 2448 5136 2443 5136 2445 5137 2452 5137 2441 5137 2444 5138 2443 5138 2448 5138 2452 5139 2448 5139 2451 5139 2445 5140 2444 5140 2448 5140 2459 5141 2469 5141 2441 5141 2455 5142 2459 5142 2454 5142 2456 5143 2455 5143 2463 5143 1901 5144 2456 5144 2461 5144 2441 5145 2447 5145 2454 5145 2454 5146 2459 5146 2441 5146 2463 5147 2461 5147 2456 5147 2454 5148 2463 5148 2455 5148 2474 5149 2441 5149 2469 5149 1901 5150 2467 5150 2457 5150 2460 5151 2453 5151 1901 5151 2467 5152 2460 5152 2457 5152 2457 5153 2456 5153 1901 5153 2456 5154 2457 5154 2458 5154 2459 5155 2455 5155 2458 5155 2459 5156 2974 5156 2469 5156 2458 5157 2455 5157 2456 5157 1901 5158 2461 5158 2460 5158 2462 5159 2463 5159 2454 5159 2458 5160 2463 5160 2462 5160 2457 5161 2461 5161 2463 5161 2460 5162 2461 5162 2457 5162 2463 5163 2458 5163 2457 5163 2462 5164 2459 5164 2458 5164 2454 5165 2974 5165 2462 5165 2459 5166 2462 5166 2974 5166 2472 5167 2460 5167 2467 5167 2467 5168 2464 5168 2472 5168 2464 5169 2466 5169 2465 5169 2467 5170 2466 5170 2464 5170 2470 5171 2469 5171 2974 5171 2468 5172 2469 5172 2470 5172 2468 5173 2470 5173 2465 5173 2471 5174 2464 5174 2465 5174 2464 5175 2471 5175 2472 5175 2465 5176 2470 5176 2471 5176 2473 5177 2474 5177 2468 5177 2471 5178 2473 5178 2465 5178 2472 5179 2471 5179 2466 5179 2467 5180 2472 5180 2466 5180 2474 5181 2469 5181 2468 5181 2465 5182 2466 5182 2471 5182 2468 5183 2465 5183 2473 5183 2474 5184 2473 5184 2470 5184 2471 5185 2470 5185 2473 5185 2474 5186 2470 5186 2974 5186 2480 5187 2474 5187 2974 5187 2475 5188 2476 5188 2477 5188 2478 5189 2485 5189 2481 5189 2477 5190 2476 5190 2479 5190 2477 5191 2485 5191 2475 5191 2477 5192 2479 5192 2480 5192 2480 5193 2479 5193 2474 5193 2481 5194 2482 5194 2487 5194 2487 5195 2488 5195 2481 5195 2483 5196 2484 5196 2482 5196 2477 5197 2480 5197 2483 5197 2482 5198 2485 5198 2477 5198 2485 5199 2482 5199 2481 5199 2477 5200 2483 5200 2482 5200 2480 5201 2491 5201 2483 5201 2486 5202 2472 5202 2481 5202 2478 5203 2481 5203 2472 5203 2483 5204 2491 5204 2511 5204 2484 5205 2483 5205 2479 5205 2487 5206 2484 5206 2476 5206 2487 5207 2482 5207 2484 5207 2488 5208 2487 5208 2475 5208 2511 5209 2474 5209 2479 5209 2479 5210 2483 5210 2511 5210 2485 5211 2478 5211 2488 5211 2475 5212 2485 5212 2488 5212 2476 5213 2475 5213 2487 5213 2479 5214 2476 5214 2484 5214 2481 5215 2488 5215 2486 5215 2506 5216 2491 5216 2480 5216 2489 5217 2500 5217 2496 5217 2500 5218 2489 5218 2491 5218 2501 5219 2489 5219 2496 5219 2491 5220 2506 5220 2500 5220 2497 5221 2500 5221 2506 5221 2506 5222 2492 5222 2497 5222 2499 5223 2493 5223 2494 5223 2495 5224 2494 5224 2493 5224 2495 5225 2496 5225 2497 5225 2495 5226 2493 5226 2496 5226 2492 5227 2498 5227 2497 5227 2497 5228 2498 5228 2495 5228 2493 5229 2501 5229 2496 5229 2493 5230 2490 5230 2501 5230 2490 5231 2499 5231 2486 5231 2499 5232 2490 5232 2493 5232 2500 5233 2497 5233 2496 5233 2486 5234 2488 5234 2499 5234 2498 5235 2492 5235 2491 5235 2495 5236 2498 5236 2489 5236 2494 5237 2495 5237 2501 5237 2499 5238 2494 5238 2490 5238 2486 5239 2499 5239 2490 5239 2491 5240 2492 5240 2511 5240 2501 5241 2490 5241 2494 5241 2489 5242 2501 5242 2495 5242 2491 5243 2489 5243 2498 5243 2488 5244 2521 5244 2499 5244 2499 5245 2505 5245 2512 5245 2504 5246 2502 5246 2510 5246 2510 5247 2506 5247 2504 5247 2506 5248 2510 5248 2492 5248 2512 5249 2505 5249 2503 5249 2513 5250 2508 5250 2503 5250 2508 5251 2510 5251 2503 5251 2510 5252 2509 5252 2507 5252 2511 5253 2510 5253 2507 5253 2510 5254 2508 5254 2509 5254 2509 5255 2512 5255 2506 5255 2512 5256 2502 5256 2504 5256 2504 5257 2506 5257 2512 5257 2503 5258 2502 5258 2512 5258 2508 5259 2513 5259 2512 5259 2513 5260 2499 5260 2512 5260 2512 5261 2509 5261 2508 5261 2506 5262 2507 5262 2509 5262 2516 5263 2514 5263 2506 5263 2499 5264 2521 5264 2505 5264 2511 5265 2492 5265 2510 5265 2521 5266 2503 5266 2505 5266 2502 5267 2503 5267 2510 5267 2513 5268 2503 5268 2521 5268 2507 5269 2506 5269 2514 5269 2515 5270 2511 5270 2516 5270 2519 5271 2520 5271 2518 5271 2513 5272 2521 5272 2526 5272 2520 5273 2514 5273 2518 5273 2514 5274 2520 5274 2507 5274 2526 5275 2521 5275 2517 5275 2525 5276 2514 5276 2516 5276 2527 5277 2528 5277 2522 5277 2523 5278 2524 5278 2527 5278 2525 5279 2524 5279 2523 5279 2527 5280 2522 5280 2523 5280 2523 5281 2526 5281 2514 5281 2526 5282 2519 5282 2518 5282 2518 5283 2514 5283 2526 5283 2517 5284 2519 5284 2526 5284 2522 5285 2528 5285 2526 5285 2528 5286 2513 5286 2526 5286 2526 5287 2523 5287 2522 5287 2514 5288 2525 5288 2523 5288 2525 5289 2516 5289 2511 5289 2527 5290 2520 5290 2519 5290 2527 5291 2524 5291 2520 5291 2528 5292 2527 5292 2517 5292 2529 5293 2528 5293 2521 5293 2511 5294 2507 5294 2520 5294 2520 5295 2525 5295 2511 5295 2517 5296 2521 5296 2528 5296 2519 5297 2517 5297 2527 5297 2525 5298 2520 5298 2524 5298 2530 5299 2531 5299 2535 5299 2530 5300 2535 5300 2532 5300 2531 5301 2533 5301 2535 5301 2533 5302 2531 5302 2516 5302 2538 5303 2530 5303 2532 5303 2515 5304 2533 5304 2516 5304 2538 5305 2532 5305 2537 5305 2534 5306 2537 5306 2532 5306 2535 5307 2536 5307 2534 5307 2535 5308 2534 5308 2532 5308 2533 5309 2536 5309 2535 5309 2533 5310 2515 5310 2536 5310 2538 5311 2529 5311 2537 5311 2534 5312 2536 5312 2531 5312 2537 5313 2534 5313 2530 5313 2515 5314 2516 5314 2531 5314 2531 5315 2536 5315 2515 5315 2530 5316 2538 5316 2537 5316 2531 5317 2530 5317 2534 5317 2537 5318 2528 5318 2538 5318 2515 5319 2516 5319 2539 5319 2543 5320 2552 5320 2515 5320 2541 5321 2540 5321 2545 5321 2541 5322 2539 5322 2540 5322 2539 5323 2541 5323 2515 5323 2544 5324 2545 5324 2546 5324 2545 5325 2544 5325 2548 5325 2546 5326 2547 5326 2544 5326 2548 5327 2540 5327 2539 5327 2544 5328 2547 5328 2540 5328 2547 5329 2542 5329 2545 5329 2542 5330 2547 5330 2528 5330 2540 5331 2547 5331 2545 5331 2540 5332 2548 5332 2544 5332 2539 5333 2543 5333 2548 5333 2528 5334 2547 5334 2549 5334 2542 5335 2529 5335 2546 5335 2548 5336 2543 5336 2541 5336 2545 5337 2548 5337 2541 5337 2541 5338 2543 5338 2515 5338 2545 5339 2542 5339 2546 5339 2547 5340 2546 5340 2529 5340 2550 5341 2515 5341 2552 5341 2550 5342 2552 5342 2551 5342 2551 5343 2543 5343 2539 5343 2551 5344 2552 5344 2543 5344 2551 5345 2553 5345 2550 5345 2539 5346 2553 5346 2551 5346 2539 5347 2559 5347 2553 5347 2553 5348 2559 5348 2558 5348 2560 5349 2553 5349 2554 5349 2562 5350 2556 5350 2554 5350 2556 5351 2562 5351 2563 5351 2563 5352 2557 5352 2556 5352 2558 5353 2555 5353 2553 5353 2555 5354 2562 5354 2554 5354 2560 5355 2558 5355 2559 5355 2563 5356 2562 5356 2561 5356 2564 5357 2557 5357 2563 5357 2555 5358 2558 5358 2562 5358 2558 5359 2560 5359 2562 5359 2557 5360 2567 5360 3053 5360 2557 5361 3053 5361 3052 5361 2562 5362 2560 5362 2554 5362 2561 5363 2562 5363 2554 5363 2564 5364 2561 5364 2556 5364 3052 5365 2564 5365 2557 5365 2555 5366 2554 5366 2553 5366 2561 5367 2564 5367 2563 5367 2556 5368 2557 5368 2564 5368 2554 5369 2556 5369 2561 5369 2557 5370 2564 5370 3052 5370 2565 5371 2571 5371 2566 5371 2559 5372 2565 5372 2560 5372 2565 5373 2559 5373 2571 5373 2559 5374 2568 5374 2569 5374 2574 5375 2572 5375 2570 5375 2573 5376 2571 5376 2569 5376 2569 5377 2565 5377 2573 5377 2573 5378 2570 5378 2571 5378 2570 5379 2573 5379 2574 5379 2570 5380 2566 5380 2571 5380 2570 5381 2572 5381 2566 5381 2566 5382 2572 5382 2567 5382 2559 5383 2569 5383 2571 5383 2557 5384 3052 5384 2567 5384 2569 5385 2568 5385 2553 5385 2574 5386 2573 5386 2567 5386 2553 5387 2560 5387 2565 5387 2565 5388 2569 5388 2553 5388 2566 5389 2567 5389 2573 5389 2565 5390 2566 5390 2573 5390 3052 5391 2574 5391 2567 5391 2593 5392 2553 5392 2568 5392 2576 5393 2575 5393 2587 5393 2587 5394 2575 5394 2578 5394 2577 5395 2581 5395 2576 5395 2579 5396 2578 5396 2568 5396 2580 5397 2581 5397 2582 5397 2582 5398 2581 5398 2583 5398 2587 5399 2585 5399 2584 5399 2593 5400 2586 5400 2579 5400 2587 5401 2579 5401 2586 5401 2586 5402 2585 5402 2587 5402 2582 5403 2584 5403 2580 5403 2584 5404 2576 5404 2587 5404 2582 5405 2577 5405 2576 5405 2582 5406 2583 5406 2577 5406 2576 5407 2584 5407 2582 5407 2578 5408 2579 5408 2587 5408 2583 5409 2572 5409 2577 5409 2581 5410 2577 5410 2572 5410 2585 5411 2586 5411 2578 5411 2580 5412 2585 5412 2575 5412 2580 5413 2584 5413 2585 5413 2581 5414 2580 5414 2576 5414 2593 5415 2568 5415 2578 5415 2578 5416 2586 5416 2593 5416 2575 5417 2576 5417 2580 5417 2578 5418 2575 5418 2585 5418 2581 5419 2596 5419 2583 5419 2602 5420 2951 5420 2593 5420 2589 5421 2590 5421 2588 5421 2592 5422 2588 5422 2593 5422 2593 5423 2579 5423 2592 5423 2591 5424 2590 5424 2589 5424 2588 5425 2592 5425 2589 5425 2951 5426 2602 5426 2608 5426 2594 5427 2596 5427 2603 5427 2603 5428 2595 5428 2594 5428 2597 5429 2598 5429 2599 5429 2598 5430 2597 5430 2600 5430 2600 5431 2601 5431 2598 5431 2600 5432 2608 5432 2602 5432 2602 5433 2601 5433 2600 5433 2599 5434 2595 5434 2597 5434 2595 5435 2599 5435 2594 5435 2592 5436 2579 5436 2600 5436 2597 5437 2589 5437 2592 5437 2591 5438 2603 5438 2583 5438 2589 5439 2603 5439 2591 5439 2603 5440 2589 5440 2595 5440 2589 5441 2597 5441 2595 5441 2592 5442 2600 5442 2597 5442 2579 5443 2608 5443 2600 5443 2608 5444 2579 5444 2088 5444 2601 5445 2602 5445 2593 5445 2599 5446 2601 5446 2588 5446 2599 5447 2598 5447 2601 5447 2594 5448 2599 5448 2590 5448 2596 5449 2594 5449 2591 5449 2583 5450 2596 5450 2591 5450 2590 5451 2591 5451 2594 5451 2588 5452 2590 5452 2599 5452 2593 5453 2588 5453 2601 5453 2603 5454 2596 5454 2583 5454 2605 5455 2606 5455 2604 5455 2606 5456 2614 5456 2607 5456 2604 5457 2608 5457 2605 5457 2606 5458 2605 5458 2614 5458 2609 5459 2608 5459 2951 5459 2611 5460 2610 5460 2615 5460 2615 5461 2612 5461 2611 5461 2613 5462 2605 5462 2608 5462 2612 5463 2614 5463 2605 5463 2615 5464 2607 5464 2614 5464 2614 5465 2612 5465 2615 5465 2605 5466 2613 5466 2612 5466 2608 5467 2609 5467 2613 5467 2618 5468 2583 5468 2607 5468 2607 5469 2615 5469 2618 5469 2613 5470 2609 5470 2604 5470 2611 5471 2613 5471 2604 5471 2611 5472 2612 5472 2613 5472 2610 5473 2611 5473 2606 5473 1902 5474 2610 5474 2606 5474 1902 5475 2615 5475 2610 5475 2951 5476 2608 5476 2604 5476 2604 5477 2609 5477 2951 5477 2606 5478 2607 5478 1902 5478 2604 5479 2606 5479 2611 5479 1902 5480 1887 5480 2615 5480 2951 5481 2608 5481 2088 5481 2618 5482 1887 5482 2619 5482 2619 5483 1887 5483 2627 5483 2619 5484 2627 5484 2623 5484 2617 5485 2626 5485 2616 5485 2617 5486 2616 5486 2951 5486 2951 5487 2088 5487 2617 5487 2626 5488 2617 5488 2623 5488 2622 5489 2617 5489 2088 5489 2626 5490 2627 5490 2619 5490 2628 5491 2619 5491 2627 5491 2620 5492 2626 5492 2619 5492 2620 5493 2623 5493 2617 5493 2628 5494 2618 5494 2619 5494 2623 5495 2620 5495 2619 5495 2617 5496 2621 5496 2620 5496 2617 5497 2622 5497 2621 5497 2083 5498 2632 5498 2622 5498 2624 5499 2083 5499 2087 5499 2625 5500 2624 5500 2085 5500 2087 5501 2083 5501 2622 5501 2085 5502 2086 5502 2625 5502 2087 5503 2085 5503 2624 5503 2088 5504 2633 5504 2632 5504 2632 5505 2951 5505 2622 5505 2621 5506 2622 5506 2616 5506 2626 5507 2620 5507 2621 5507 2627 5508 2626 5508 2623 5508 2616 5509 2622 5509 2951 5509 2627 5510 1887 5510 2628 5510 2616 5511 2626 5511 2621 5511 2629 5512 2643 5512 2081 5512 1888 5513 2643 5513 2629 5513 2635 5514 2630 5514 2631 5514 2631 5515 2634 5515 2635 5515 2630 5516 2635 5516 2629 5516 2634 5517 2631 5517 2632 5517 2632 5518 2633 5518 2634 5518 2634 5519 2633 5519 2637 5519 2633 5520 2636 5520 2637 5520 2637 5521 2636 5521 2632 5521 2638 5522 2637 5522 2631 5522 2638 5523 2634 5523 2637 5523 1888 5524 2638 5524 2630 5524 1888 5525 2629 5525 2638 5525 2951 5526 2636 5526 2943 5526 2632 5527 2636 5527 2951 5527 2631 5528 2630 5528 2638 5528 2632 5529 2631 5529 2637 5529 2634 5530 2638 5530 2635 5530 2629 5531 2635 5531 2638 5531 2639 5532 2642 5532 2640 5532 2640 5533 2641 5533 2639 5533 2642 5534 2639 5534 2643 5534 2643 5535 1888 5535 2642 5535 2641 5536 2640 5536 2644 5536 2644 5537 2636 5537 2641 5537 2636 5538 2644 5538 2943 5538 2633 5539 2645 5539 2636 5539 2647 5540 2646 5540 2648 5540 2648 5541 2649 5541 2647 5541 2649 5542 2651 5542 2650 5542 2641 5543 2636 5543 2651 5543 2649 5544 2639 5544 2641 5544 2648 5545 2646 5545 2643 5545 2643 5546 2646 5546 2663 5546 2643 5547 2639 5547 2648 5547 2639 5548 2649 5548 2648 5548 2641 5549 2651 5549 2649 5549 2636 5550 2645 5550 2651 5550 2650 5551 2651 5551 2644 5551 2647 5552 2650 5552 2640 5552 2647 5553 2649 5553 2650 5553 2646 5554 2647 5554 2642 5554 2663 5555 2646 5555 2642 5555 2645 5556 2943 5556 2644 5556 2644 5557 2651 5557 2645 5557 2642 5558 1888 5558 2663 5558 2640 5559 2642 5559 2647 5559 2644 5560 2640 5560 2650 5560 2656 5561 2655 5561 2652 5561 2657 5562 2654 5562 2645 5562 2652 5563 2662 5563 2656 5563 2653 5564 2662 5564 2652 5564 2645 5565 2633 5565 2657 5565 2664 5566 2657 5566 2633 5566 2658 5567 2655 5567 2660 5567 2662 5568 2661 5568 2659 5568 2659 5569 2658 5569 2662 5569 2657 5570 2664 5570 2661 5570 2661 5571 2662 5571 2657 5571 2659 5572 2655 5572 2658 5572 2662 5573 2653 5573 2654 5573 2654 5574 2657 5574 2662 5574 2658 5575 2656 5575 2662 5575 2658 5576 2660 5576 2656 5576 2660 5577 2663 5577 2656 5577 2664 5578 2633 5578 2677 5578 2656 5579 2663 5579 2660 5579 2659 5580 2661 5580 2653 5580 2655 5581 2659 5581 2652 5581 2664 5582 2645 5582 2654 5582 2654 5583 2661 5583 2664 5583 2655 5584 2656 5584 2660 5584 2653 5585 2652 5585 2659 5585 2654 5586 2653 5586 2661 5586 1903 5587 2671 5587 2667 5587 2668 5588 2664 5588 2665 5588 2666 5589 2668 5589 2665 5589 2664 5590 2677 5590 2665 5590 2672 5591 2671 5591 2670 5591 2670 5592 2673 5592 2672 5592 2672 5593 2673 5593 2665 5593 2665 5594 2674 5594 2672 5594 2677 5595 2674 5595 2665 5595 2673 5596 2666 5596 2665 5596 2673 5597 2667 5597 2666 5597 2670 5598 1903 5598 2667 5598 2667 5599 2673 5599 2670 5599 2666 5600 2667 5600 2671 5600 2674 5601 2669 5601 2668 5601 2674 5602 2677 5602 2669 5602 2672 5603 2674 5603 2666 5603 2669 5604 2664 5604 2668 5604 2666 5605 2671 5605 2672 5605 2668 5606 2666 5606 2674 5606 2670 5607 2671 5607 1903 5607 2675 5608 2676 5608 2681 5608 2681 5609 2682 5609 2675 5609 2675 5610 2677 5610 2676 5610 2677 5611 2675 5611 2669 5611 2680 5612 2677 5612 2669 5612 2682 5613 2683 5613 2678 5613 2680 5614 2676 5614 2677 5614 2679 5615 2681 5615 2676 5615 2678 5616 2683 5616 2681 5616 2681 5617 2679 5617 2678 5617 2676 5618 2680 5618 2679 5618 2681 5619 2683 5619 1903 5619 2678 5620 2675 5620 2682 5620 2678 5621 2679 5621 2675 5621 2675 5622 2680 5622 2669 5622 1903 5623 2682 5623 2681 5623 2680 5624 2675 5624 2679 5624 2683 5625 2682 5625 1903 5625 2669 5626 2677 5626 2684 5626 2687 5627 2669 5627 2684 5627 2669 5628 2687 5628 2692 5628 2703 5629 2669 5629 2692 5629 2692 5630 2684 5630 2677 5630 2684 5631 2686 5631 2685 5631 2691 5632 2683 5632 2690 5632 2684 5633 2685 5633 2687 5633 2687 5634 2684 5634 2692 5634 2689 5635 2690 5635 2688 5635 2688 5636 2685 5636 2689 5636 2687 5637 2685 5637 2688 5637 2690 5638 2689 5638 2691 5638 2688 5639 2686 5639 2684 5639 2686 5640 2688 5640 2690 5640 2684 5641 2687 5641 2688 5641 2691 5642 2689 5642 2690 5642 2683 5643 2691 5643 2690 5643 2686 5644 2690 5644 2689 5644 2685 5645 2686 5645 2689 5645 2695 5646 2707 5646 2703 5646 2694 5647 2693 5647 2699 5647 2699 5648 2700 5648 2694 5648 2693 5649 2694 5649 2703 5649 2703 5650 2692 5650 2693 5650 2706 5651 2695 5651 2692 5651 2695 5652 2693 5652 2692 5652 2696 5653 2704 5653 2705 5653 2705 5654 2702 5654 2696 5654 2695 5655 2694 5655 2698 5655 2698 5656 2704 5656 2697 5656 2696 5657 2697 5657 2704 5657 2697 5658 2699 5658 2693 5658 2696 5659 2700 5659 2699 5659 2696 5660 2702 5660 2701 5660 2701 5661 2700 5661 2696 5661 2699 5662 2697 5662 2696 5662 2693 5663 2698 5663 2697 5663 2693 5664 2695 5664 2698 5664 1538 5665 2683 5665 2701 5665 3007 5666 1538 5666 2702 5666 2701 5667 2702 5667 1538 5667 2701 5668 2691 5668 2705 5668 2694 5669 2695 5669 2703 5669 2704 5670 2698 5670 2694 5670 2705 5671 2704 5671 2700 5671 2700 5672 2701 5672 2705 5672 2694 5673 2700 5673 2704 5673 2705 5674 3007 5674 2702 5674 2691 5675 3009 5675 2705 5675 2707 5676 2695 5676 2706 5676 2711 5677 2707 5677 2706 5677 2708 5678 2711 5678 2706 5678 2711 5679 2944 5679 2707 5679 2709 5680 2712 5680 2717 5680 2710 5681 2714 5681 2717 5681 2712 5682 2709 5682 2711 5682 2711 5683 2708 5683 2712 5683 2713 5684 2712 5684 2708 5684 2708 5685 2944 5685 2713 5685 2714 5686 2710 5686 2718 5686 2715 5687 2716 5687 2714 5687 2718 5688 2715 5688 2714 5688 2713 5689 2717 5689 2712 5689 2715 5690 2710 5690 2717 5690 2710 5691 2718 5691 3004 5691 2718 5692 2710 5692 2715 5692 2717 5693 2716 5693 2715 5693 2717 5694 2713 5694 2716 5694 2731 5695 3004 5695 2718 5695 2713 5696 2944 5696 2711 5696 2716 5697 2713 5697 2711 5697 2714 5698 2716 5698 2709 5698 3004 5699 2726 5699 2710 5699 2717 5700 2714 5700 2709 5700 2711 5701 2709 5701 2716 5701 2718 5702 2710 5702 2731 5702 2731 5703 2710 5703 2726 5703 2944 5704 2708 5704 2966 5704 2721 5705 2722 5705 2723 5705 2723 5706 2720 5706 2721 5706 2719 5707 2966 5707 2720 5707 2966 5708 2719 5708 2944 5708 2720 5709 2723 5709 2719 5709 2727 5710 2728 5710 2726 5710 2726 5711 2721 5711 2727 5711 2728 5712 2727 5712 2729 5712 2729 5713 2730 5713 2728 5713 2725 5714 2730 5714 2729 5714 2725 5715 2966 5715 2735 5715 2731 5716 2721 5716 2726 5716 2720 5717 2966 5717 2729 5717 2727 5718 2721 5718 2720 5718 2724 5719 2722 5719 2721 5719 2721 5720 2731 5720 2724 5720 2720 5721 2729 5721 2727 5721 2966 5722 2725 5722 2729 5722 2725 5723 2735 5723 2944 5723 2730 5724 2725 5724 2719 5724 2728 5725 2730 5725 2723 5725 2726 5726 2728 5726 2722 5726 2731 5727 2726 5727 2724 5727 2719 5728 2725 5728 2944 5728 2722 5729 2724 5729 2726 5729 2723 5730 2722 5730 2728 5730 2719 5731 2723 5731 2730 5731 2726 5732 1885 5732 2731 5732 2737 5733 2735 5733 2966 5733 2743 5734 2744 5734 2732 5734 2732 5735 2733 5735 2743 5735 2743 5736 2733 5736 2735 5736 2735 5737 2736 5737 2743 5737 2734 5738 2732 5738 2744 5738 2735 5739 2737 5739 2736 5739 2738 5740 2749 5740 2744 5740 2744 5741 2739 5741 2738 5741 2739 5742 2744 5742 2741 5742 2742 5743 2737 5743 2745 5743 2745 5744 2740 5744 2742 5744 2741 5745 2742 5745 2740 5745 2741 5746 2743 5746 2736 5746 2749 5747 2734 5747 2744 5747 2743 5748 2741 5748 2744 5748 2736 5749 2742 5749 2741 5749 2736 5750 2737 5750 2742 5750 2740 5751 2745 5751 2735 5751 2739 5752 2740 5752 2733 5752 2739 5753 2741 5753 2740 5753 2738 5754 2739 5754 2732 5754 2749 5755 2738 5755 2734 5755 2735 5756 2745 5756 2944 5756 1885 5757 2749 5757 2734 5757 2732 5758 2734 5758 2738 5758 2733 5759 2732 5759 2739 5759 2735 5760 2733 5760 2740 5760 2773 5761 2944 5761 2745 5761 2745 5762 2758 5762 2773 5762 2747 5763 2756 5763 2746 5763 2756 5764 2747 5764 2750 5764 2750 5765 2737 5765 2756 5765 2737 5766 2750 5766 2745 5766 2737 5767 2967 5767 2758 5767 2757 5768 2751 5768 1885 5768 2752 5769 2753 5769 2751 5769 2751 5770 2757 5770 2752 5770 2753 5771 2752 5771 2754 5771 2745 5772 2750 5772 2758 5772 2754 5773 2758 5773 2750 5773 2750 5774 2747 5774 2754 5774 2754 5775 2747 5775 2753 5775 1885 5776 2755 5776 2757 5776 2754 5777 2756 5777 2737 5777 2752 5778 2746 5778 2756 5778 2757 5779 2748 5779 2746 5779 2757 5780 2749 5780 2748 5780 2746 5781 2752 5781 2757 5781 2756 5782 2754 5782 2752 5782 2737 5783 2758 5783 2754 5783 2751 5784 2753 5784 2746 5784 1885 5785 2751 5785 2748 5785 2749 5786 1885 5786 2748 5786 2746 5787 2748 5787 2751 5787 2747 5788 2746 5788 2753 5788 2967 5789 2764 5789 2758 5789 2760 5790 2770 5790 2759 5790 2760 5791 2761 5791 2770 5791 2764 5792 2761 5792 2758 5792 2770 5793 2765 5793 2772 5793 2765 5794 2770 5794 2767 5794 2769 5795 2967 5795 2768 5795 2768 5796 2766 5796 2769 5796 2767 5797 2769 5797 2766 5797 2767 5798 2770 5798 2764 5798 2761 5799 2764 5799 2770 5799 2764 5800 2769 5800 2767 5800 2764 5801 2967 5801 2769 5801 2771 5802 2755 5802 2762 5802 2778 5803 2771 5803 2759 5803 2778 5804 2759 5804 2770 5804 2762 5805 2759 5805 2771 5805 2762 5806 2755 5806 2763 5806 2766 5807 2768 5807 2761 5807 2765 5808 2766 5808 2760 5808 2765 5809 2767 5809 2766 5809 2772 5810 2765 5810 2759 5810 2763 5811 2772 5811 2762 5811 2773 5812 2758 5812 2761 5812 2761 5813 2768 5813 2773 5813 2759 5814 2762 5814 2772 5814 2760 5815 2759 5815 2765 5815 2761 5816 2760 5816 2766 5816 2778 5817 2770 5817 2763 5817 2770 5818 2772 5818 2763 5818 2774 5819 2776 5819 2784 5819 1904 5820 2784 5820 2777 5820 2768 5821 2779 5821 2775 5821 2768 5822 2967 5822 2779 5822 2784 5823 1904 5823 2774 5823 2775 5824 2776 5824 2774 5824 2780 5825 2779 5825 2967 5825 2777 5826 2784 5826 2788 5826 2788 5827 2784 5827 2782 5827 2782 5828 2781 5828 2788 5828 2782 5829 2783 5829 2781 5829 2782 5830 2776 5830 2779 5830 2775 5831 2779 5831 2776 5831 2782 5832 2784 5832 2776 5832 2779 5833 2783 5833 2782 5833 2779 5834 2780 5834 2783 5834 1909 5835 2778 5835 2777 5835 2780 5836 2967 5836 2075 5836 2785 5837 2795 5837 2773 5837 2786 5838 2785 5838 2080 5838 2074 5839 2786 5839 2079 5839 2074 5840 2073 5840 2786 5840 2787 5841 2074 5841 2071 5841 2773 5842 2780 5842 2080 5842 2080 5843 2785 5843 2773 5843 1909 5844 1910 5844 2787 5844 2071 5845 1909 5845 2787 5845 2079 5846 2071 5846 2074 5846 2080 5847 2079 5847 2786 5847 2778 5848 2763 5848 1904 5848 2783 5849 2780 5849 2773 5849 2781 5850 2783 5850 2768 5850 2788 5851 2781 5851 2774 5851 2778 5852 1904 5852 2777 5852 2768 5853 2783 5853 2773 5853 2774 5854 1904 5854 2788 5854 2775 5855 2774 5855 2781 5855 2768 5856 2775 5856 2781 5856 1904 5857 1910 5857 2777 5857 2777 5858 2788 5858 1904 5858 2795 5859 2801 5859 2773 5859 2790 5860 1909 5860 1906 5860 1909 5861 2790 5861 2789 5861 2793 5862 2794 5862 2792 5862 2793 5863 2792 5863 2791 5863 2790 5864 1906 5864 2791 5864 2794 5865 2793 5865 2795 5865 2796 5866 2792 5866 2794 5866 2791 5867 2792 5867 2790 5867 2792 5868 2789 5868 2790 5868 2794 5869 2798 5869 2796 5869 2794 5870 2797 5870 2798 5870 2799 5871 2798 5871 2793 5871 2800 5872 2799 5872 2791 5872 1906 5873 2800 5873 2791 5873 1906 5874 2789 5874 2800 5874 2801 5875 2795 5875 2793 5875 2793 5876 2798 5876 2801 5876 2793 5877 2791 5877 2799 5877 2792 5878 2796 5878 2799 5878 2799 5879 2800 5879 2792 5879 2798 5880 2799 5880 2796 5880 2801 5881 2798 5881 2797 5881 2797 5882 2795 5882 2801 5882 2789 5883 2792 5883 2800 5883 2797 5884 2794 5884 2795 5884 2967 5885 2802 5885 2795 5885 2801 5886 2795 5886 2802 5886 2803 5887 2805 5887 2806 5887 2813 5888 2807 5888 2806 5888 2802 5889 2804 5889 2801 5889 2804 5890 2805 5890 2803 5890 2821 5891 2808 5891 2802 5891 2802 5892 2808 5892 2809 5892 2814 5893 2815 5893 2810 5893 2813 5894 2810 5894 2815 5894 2811 5895 2814 5895 2810 5895 2812 5896 2814 5896 2811 5896 2809 5897 2814 5897 2812 5897 2811 5898 2805 5898 2802 5898 2804 5899 2802 5899 2805 5899 2810 5900 2806 5900 2805 5900 2810 5901 2813 5901 2806 5901 2813 5902 2789 5902 2807 5902 2805 5903 2811 5903 2810 5903 2802 5904 2812 5904 2811 5904 2802 5905 2809 5905 2812 5905 2845 5906 2807 5906 2789 5906 2809 5907 2808 5907 2801 5907 2814 5908 2809 5908 2804 5908 2815 5909 2814 5909 2806 5909 2804 5910 2809 5910 2801 5910 2806 5911 2807 5911 2815 5911 2803 5912 2806 5912 2814 5912 2804 5913 2803 5913 2814 5913 2845 5914 2815 5914 2807 5914 2815 5915 2845 5915 2813 5915 2808 5916 2834 5916 2801 5916 2818 5917 2822 5917 2819 5917 2819 5918 2817 5918 2818 5918 2819 5919 2822 5919 2820 5919 2818 5920 2817 5920 2808 5920 2808 5921 2821 5921 2818 5921 2828 5922 2829 5922 2822 5922 2829 5923 2825 5923 2822 5923 2823 5924 2827 5924 2824 5924 2823 5925 2816 5925 2834 5925 2834 5926 2827 5926 2823 5926 2822 5927 2824 5927 2828 5927 2823 5928 2818 5928 2821 5928 2824 5929 2822 5929 2818 5929 2822 5930 2825 5930 2820 5930 2820 5931 2825 5931 2826 5931 2818 5932 2823 5932 2824 5932 2821 5933 2816 5933 2823 5933 2820 5934 2826 5934 2813 5934 2827 5935 2834 5935 2808 5935 2828 5936 2827 5936 2817 5936 2828 5937 2824 5937 2827 5937 2829 5938 2828 5938 2819 5938 2820 5939 2845 5939 2829 5939 2820 5940 2813 5940 2845 5940 2819 5941 2820 5941 2829 5941 2817 5942 2819 5942 2828 5942 2808 5943 2817 5943 2827 5943 2825 5944 2829 5944 2845 5944 2835 5945 2847 5945 2834 5945 2833 5946 2832 5946 2831 5946 2831 5947 2841 5947 2833 5947 2832 5948 2833 5948 2842 5948 2842 5949 2825 5949 2832 5949 2834 5950 2816 5950 2830 5950 2841 5951 2831 5951 2830 5951 2846 5952 2835 5952 2816 5952 2843 5953 2836 5953 2844 5953 2837 5954 2844 5954 2836 5954 2839 5955 2837 5955 2836 5955 2835 5956 2838 5956 2840 5956 2839 5957 2840 5957 2838 5957 2844 5958 2845 5958 2843 5958 2839 5959 2841 5959 2816 5959 2830 5960 2816 5960 2841 5960 2836 5961 2833 5961 2841 5961 2836 5962 2843 5962 2842 5962 2842 5963 2833 5963 2836 5963 2841 5964 2839 5964 2836 5964 2816 5965 2840 5965 2839 5965 2816 5966 2835 5966 2840 5966 2858 5967 2826 5967 2843 5967 2842 5968 2843 5968 2826 5968 2842 5969 2826 5969 2825 5969 2838 5970 2835 5970 2834 5970 2837 5971 2838 5971 2831 5971 2837 5972 2839 5972 2838 5972 2844 5973 2837 5973 2832 5973 2845 5974 2844 5974 2832 5974 2832 5975 2825 5975 2845 5975 2831 5976 2832 5976 2837 5976 2830 5977 2831 5977 2838 5977 2834 5978 2830 5978 2838 5978 2845 5979 2858 5979 2843 5979 2861 5980 2862 5980 2847 5980 2855 5981 2856 5981 2859 5981 2859 5982 2848 5982 2855 5982 2848 5983 2849 5983 2855 5983 2856 5984 2850 5984 2859 5984 2850 5985 2856 5985 2851 5985 2851 5986 2858 5986 2850 5986 2849 5987 2848 5987 2847 5987 2847 5988 2835 5988 2849 5988 2849 5989 2835 5989 2846 5989 2852 5990 2849 5990 2846 5990 2846 5991 2861 5991 2852 5991 2860 5992 2857 5992 2855 5992 2853 5993 2849 5993 2852 5993 2849 5994 2853 5994 2855 5994 2860 5995 2854 5995 2857 5995 2851 5996 2856 5996 2857 5996 2856 5997 2855 5997 2857 5997 2858 5998 2851 5998 2857 5998 2858 5999 2845 5999 2850 5999 2845 6000 2854 6000 2850 6000 2852 6001 2861 6001 2847 6001 2853 6002 2852 6002 2847 6002 2859 6003 2853 6003 2848 6003 2855 6004 2853 6004 2859 6004 2860 6005 2855 6005 2859 6005 2854 6006 2860 6006 2850 6006 2859 6007 2850 6007 2860 6007 2847 6008 2848 6008 2853 6008 2858 6009 2857 6009 2854 6009 2862 6010 2885 6010 2847 6010 2867 6011 2885 6011 2862 6011 2864 6012 2866 6012 2872 6012 2872 6013 2863 6013 2864 6013 2873 6014 2874 6014 2865 6014 2866 6015 2864 6015 2862 6015 2862 6016 2861 6016 2866 6016 2861 6017 2846 6017 2866 6017 2877 6018 2867 6018 2846 6018 2868 6019 2866 6019 2846 6019 2846 6020 2867 6020 2868 6020 2874 6021 2870 6021 2869 6021 2867 6022 2871 6022 2868 6022 2869 6023 2868 6023 2871 6023 2868 6024 2872 6024 2866 6024 2870 6025 2865 6025 2872 6025 2863 6026 2872 6026 2865 6026 2873 6027 2865 6027 2870 6027 2872 6028 2869 6028 2870 6028 2872 6029 2868 6029 2869 6029 2873 6030 2854 6030 2874 6030 2873 6031 2858 6031 2854 6031 2871 6032 2867 6032 2862 6032 2874 6033 2871 6033 2863 6033 2874 6034 2869 6034 2871 6034 2863 6035 2865 6035 2874 6035 2864 6036 2863 6036 2871 6036 2862 6037 2864 6037 2871 6037 2854 6038 2884 6038 2874 6038 2870 6039 2874 6039 2884 6039 2876 6040 2875 6040 2881 6040 2876 6041 2881 6041 2882 6041 2883 6042 2884 6042 2876 6042 2876 6043 2882 6043 2883 6043 2875 6044 2877 6044 2881 6044 2877 6045 2875 6045 2867 6045 2879 6046 2882 6046 2880 6046 2879 6047 2884 6047 2883 6047 2883 6048 2882 6048 2879 6048 2877 6049 2878 6049 2881 6049 2883 6050 2870 6050 2884 6050 2881 6051 2878 6051 2880 6051 2882 6052 2881 6052 2880 6052 2879 6053 2880 6053 2876 6053 2884 6054 2879 6054 2876 6054 2885 6055 2867 6055 2875 6055 2875 6056 2880 6056 2885 6056 2875 6057 2876 6057 2880 6057 2885 6058 2880 6058 2878 6058 2886 6059 2885 6059 2878 6059 2887 6060 2878 6060 2877 6060 2877 6061 2890 6061 2887 6061 2890 6062 2886 6062 2887 6062 2878 6063 2887 6063 2886 6063 2889 6064 2885 6064 2886 6064 2889 6065 2886 6065 2888 6065 2889 6066 2888 6066 2890 6066 2886 6067 2890 6067 2888 6067 2900 6068 2892 6068 2891 6068 2893 6069 2892 6069 2894 6069 2900 6070 2891 6070 2889 6070 2889 6071 2890 6071 2900 6071 2898 6072 2895 6072 2896 6072 2897 6073 2902 6073 2895 6073 2895 6074 2898 6074 2897 6074 2900 6075 2891 6075 2898 6075 2898 6076 2896 6076 2900 6076 2900 6077 2890 6077 2899 6077 2899 6078 2891 6078 2900 6078 2896 6079 2892 6079 2900 6079 2896 6080 2894 6080 2892 6080 2895 6081 2902 6081 2901 6081 2901 6082 3024 6082 2893 6082 2894 6083 2901 6083 2893 6083 2901 6084 2894 6084 2895 6084 2894 6085 2896 6085 2895 6085 3024 6086 2901 6086 3025 6086 2901 6087 2902 6087 2917 6087 2897 6088 2898 6088 2893 6088 3024 6089 2897 6089 2893 6089 2906 6090 2889 6090 2891 6090 2891 6091 2899 6091 2906 6091 2892 6092 2893 6092 2898 6092 2891 6093 2892 6093 2898 6093 2897 6094 2917 6094 2902 6094 2914 6095 2903 6095 2906 6095 2906 6096 2899 6096 2914 6096 2915 6097 2917 6097 2905 6097 2899 6098 2890 6098 2914 6098 2918 6099 2914 6099 2890 6099 2908 6100 2907 6100 2909 6100 2909 6101 2916 6101 2908 6101 2911 6102 2913 6102 2912 6102 2911 6103 2907 6103 2910 6103 2908 6104 2910 6104 2907 6104 2910 6105 2915 6105 2914 6105 2904 6106 2903 6106 2914 6106 2915 6107 2905 6107 2904 6107 2908 6108 2916 6108 2915 6108 2916 6109 2917 6109 2915 6109 2915 6110 2910 6110 2908 6110 2914 6111 2915 6111 2904 6111 2914 6112 2911 6112 2910 6112 2914 6113 2913 6113 2911 6113 2914 6114 2918 6114 2913 6114 2917 6115 2897 6115 2905 6115 2905 6116 2897 6116 2909 6116 2912 6117 2913 6117 2906 6117 2907 6118 2912 6118 2904 6118 2907 6119 2911 6119 2912 6119 2909 6120 2907 6120 2905 6120 2906 6121 2913 6121 2918 6121 2904 6122 2905 6122 2907 6122 2903 6123 2904 6123 2912 6123 2906 6124 2903 6124 2912 6124 2916 6125 2909 6125 2923 6125 2920 6126 2928 6126 2921 6126 2922 6127 2921 6127 2928 6127 2920 6128 2921 6128 2924 6128 2920 6129 2924 6129 2918 6129 2925 6130 2920 6130 2918 6130 2926 6131 2931 6131 2927 6131 2931 6132 2930 6132 2927 6132 2926 6133 2928 6133 2929 6133 2929 6134 2921 6134 2926 6134 2929 6135 2925 6135 2924 6135 2924 6136 2921 6136 2929 6136 2926 6137 2927 6137 2928 6137 2927 6138 2922 6138 2928 6138 2927 6139 2930 6139 2923 6139 2923 6140 2922 6140 2927 6140 2920 6141 2929 6141 2928 6141 2920 6142 2925 6142 2929 6142 2923 6143 2930 6143 2916 6143 2923 6144 2983 6144 2931 6144 2924 6145 2925 6145 2919 6145 2931 6146 2926 6146 2922 6146 2919 6147 2918 6147 2924 6147 2922 6148 2923 6148 2931 6148 2921 6149 2922 6149 2926 6149 2925 6150 2918 6150 2934 6150 2890 6151 2934 6151 2918 6151 2933 6152 2939 6152 2932 6152 2934 6153 2933 6153 2925 6153 2939 6154 2940 6154 2932 6154 2935 6155 2934 6155 2890 6155 2941 6156 2936 6156 2937 6156 2938 6157 2939 6157 2934 6157 2933 6158 2934 6158 2939 6158 2936 6159 2941 6159 2940 6159 2941 6160 2930 6160 2940 6160 2940 6161 2939 6161 2936 6161 2939 6162 2938 6162 2936 6162 2934 6163 2935 6163 2938 6163 2890 6164 2942 6164 2935 6164 2930 6165 2931 6165 2940 6165 2940 6166 2931 6166 2983 6166 2938 6167 2935 6167 2932 6167 2936 6168 2938 6168 2932 6168 2937 6169 2936 6169 2932 6169 2919 6170 2925 6170 2933 6170 2933 6171 2932 6171 2919 6171 2983 6172 2937 6172 2940 6172 2932 6173 2940 6173 2937 6173 2919 6174 2932 6174 2935 6174 2943 6175 2944 6175 2945 6175 2944 6176 2946 6176 2945 6176 2946 6177 1925 6177 2953 6177 1925 6178 1958 6178 2185 6178 2948 6179 2301 6179 2950 6179 2301 6180 2382 6180 2950 6180 2382 6181 2949 6181 2950 6181 2550 6182 2951 6182 2952 6182 2951 6183 2943 6183 2952 6183 2953 6184 2185 6184 1648 6184 2182 6185 2948 6185 1655 6185 2948 6186 2950 6186 2954 6186 2950 6187 2550 6187 2955 6187 2550 6188 2952 6188 1656 6188 2945 6189 1653 6189 2952 6189 2945 6190 2953 6190 1653 6190 1648 6191 2185 6191 1651 6191 2954 6192 1650 6192 1655 6192 1650 6193 2955 6193 1649 6193 1649 6194 2955 6194 1656 6194 1656 6195 2952 6195 1652 6195 2185 6196 1958 6196 2187 6196 1654 6197 2182 6197 1655 6197 2040 6198 2142 6198 2187 6198 2187 6199 1958 6199 2040 6199 1926 6200 1958 6200 1925 6200 1958 6201 1985 6201 2012 6201 2041 6202 2121 6202 2040 6202 2012 6203 2040 6203 1958 6203 2142 6204 2121 6204 2135 6204 2121 6205 2142 6205 2040 6205 2947 6206 2142 6206 2217 6206 2142 6207 2198 6207 2217 6207 2174 6208 2198 6208 2142 6208 2174 6209 2142 6209 2179 6209 2948 6210 2947 6210 2257 6210 2281 6211 2301 6211 2948 6211 2257 6212 2281 6212 2948 6212 2345 6213 2354 6213 2301 6213 2354 6214 2382 6214 2301 6214 2949 6215 2382 6215 2441 6215 2441 6216 2474 6216 2949 6216 2382 6217 2415 6217 2441 6217 2382 6218 2391 6218 2415 6218 2511 6219 2515 6219 2949 6219 2511 6220 2949 6220 2474 6220 2515 6221 2550 6221 2949 6221 2951 6222 2553 6222 2593 6222 2553 6223 2951 6223 2550 6223 2669 6224 2943 6224 2664 6224 2943 6225 2645 6225 2664 6225 2944 6226 2943 6226 2707 6226 2703 6227 2707 6227 2943 6227 2943 6228 2669 6228 2703 6228 2773 6229 2801 6229 2946 6229 2773 6230 2946 6230 2944 6230 2847 6231 2885 6231 2946 6231 2946 6232 2834 6232 2847 6232 2801 6233 2834 6233 2946 6233 2919 6234 1925 6234 2918 6234 1925 6235 2906 6235 2918 6235 1925 6236 2885 6236 2889 6236 2889 6237 2906 6237 1925 6237 2885 6238 1925 6238 2946 6238 2186 6239 1651 6239 2185 6239 1656 6240 2955 6240 2550 6240 2955 6241 1650 6241 2950 6241 1650 6242 2954 6242 2950 6242 2954 6243 1655 6243 2948 6243 2550 6244 2950 6244 2949 6244 2948 6245 2182 6245 2947 6245 2185 6246 2953 6246 1925 6246 2953 6247 2945 6247 2946 6247 2945 6248 2952 6248 2943 6248 2919 6249 2942 6249 2960 6249 2919 6250 2935 6250 2942 6250 2956 6251 2957 6251 2958 6251 2956 6252 2958 6252 2960 6252 2960 6253 2942 6253 2956 6253 2963 6254 2956 6254 2942 6254 2982 6255 2964 6255 2961 6255 2961 6256 2962 6256 2982 6256 2963 6257 2958 6257 2962 6257 2964 6258 2982 6258 2983 6258 2961 6259 2957 6259 2956 6259 2964 6260 2959 6260 2957 6260 2964 6261 2941 6261 2959 6261 2957 6262 2961 6262 2964 6262 2956 6263 2962 6263 2961 6263 2956 6264 2963 6264 2962 6264 2979 6265 2941 6265 2964 6265 2966 6266 2965 6266 2968 6266 2969 6267 1622 6267 1621 6267 2234 6268 2970 6268 2972 6268 2971 6269 2234 6269 2972 6269 2406 6270 1618 6270 2973 6270 2974 6271 2973 6271 1617 6271 2516 6272 1617 6272 2088 6272 2088 6273 1617 6273 2975 6273 2633 6274 2975 6274 2965 6274 2890 6275 2877 6275 1623 6275 2846 6276 2821 6276 1623 6276 2846 6277 2816 6277 2821 6277 1623 6278 2877 6278 2846 6278 2967 6279 2821 6279 2802 6279 2966 6280 2967 6280 2737 6280 2633 6281 2708 6281 2706 6281 2708 6282 2633 6282 2966 6282 2633 6283 2692 6283 2677 6283 2633 6284 2706 6284 2692 6284 2568 6285 2559 6285 2088 6285 2088 6286 2579 6286 2568 6286 2559 6287 2539 6287 2516 6287 2559 6288 2516 6288 2088 6288 2974 6289 2506 6289 2480 6289 2974 6290 2516 6290 2506 6290 2406 6291 2974 6291 2420 6291 2454 6292 2420 6292 2974 6292 2378 6293 2972 6293 2396 6293 2396 6294 2972 6294 2406 6294 2972 6295 2378 6295 2324 6295 2971 6296 2324 6296 2304 6296 2971 6297 2972 6297 2324 6297 2234 6298 2971 6298 2258 6298 2273 6299 2258 6299 2971 6299 2234 6300 2223 6300 2212 6300 1619 6301 2183 6301 1620 6301 1621 6302 2063 6302 2029 6302 1965 6303 2969 6303 1621 6303 1986 6304 1965 6304 1621 6304 2969 6305 1965 6305 1934 6305 1623 6306 2969 6306 2890 6306 1934 6307 2890 6307 2969 6307 2183 6308 1621 6308 1620 6308 2212 6309 2184 6309 2970 6309 2975 6310 2633 6310 2088 6310 1617 6311 2516 6311 2974 6311 2973 6312 2974 6312 2406 6312 1618 6313 2406 6313 2972 6313 2970 6314 2234 6314 2212 6314 1622 6315 2969 6315 1623 6315 1623 6316 2821 6316 2968 6316 2968 6317 2821 6317 2967 6317 2968 6318 2967 6318 2966 6318 2965 6319 2966 6319 2633 6319 2942 6320 2890 6320 2976 6320 2976 6321 2977 6321 2984 6321 2977 6322 2981 6322 2978 6322 2981 6323 2979 6323 1881 6323 1881 6324 2978 6324 2981 6324 2942 6325 2980 6325 2963 6325 2980 6326 2942 6326 2976 6326 2978 6327 2984 6327 2977 6327 2984 6328 2980 6328 2976 6328 2976 6329 2981 6329 2977 6329 2981 6330 2976 6330 2069 6330 2979 6331 2981 6331 2068 6331 2067 6332 2069 6332 2976 6332 2941 6333 2937 6333 2959 6333 2959 6334 2937 6334 2983 6334 2958 6335 2963 6335 2960 6335 2982 6336 2962 6336 2958 6336 2983 6337 2982 6337 2959 6337 2960 6338 2963 6338 2919 6338 2957 6339 2959 6339 2982 6339 2958 6340 2957 6340 2982 6340 2983 6341 2979 6341 2964 6341 2979 6342 2983 6342 1881 6342 2067 6343 1925 6343 2919 6343 2984 6344 2067 6344 2980 6344 2070 6345 2069 6345 2984 6345 2068 6346 2070 6346 2984 6346 1881 6347 2068 6347 2978 6347 1881 6348 2979 6348 2068 6348 2919 6349 2963 6349 2980 6349 2980 6350 2067 6350 2919 6350 2984 6351 2978 6351 2068 6351 2067 6352 2984 6352 2069 6352 1905 6353 1874 6353 2988 6353 2985 6354 1905 6354 2988 6354 2985 6355 2986 6355 2987 6355 2987 6356 2989 6356 1905 6356 1905 6357 2985 6357 2987 6357 1874 6358 1905 6358 2989 6358 2987 6359 2986 6359 2985 6359 2987 6360 2985 6360 2988 6360 2988 6361 2989 6361 2987 6361 2991 6362 2374 6362 2353 6362 2353 6363 2995 6363 2991 6363 2990 6364 2991 6364 2995 6364 2993 6365 2374 6365 2991 6365 2991 6366 2990 6366 2992 6366 2992 6367 2993 6367 2991 6367 2995 6368 2992 6368 2990 6368 2995 6369 2353 6369 2994 6369 2353 6370 2384 6370 2994 6370 2995 6371 2994 6371 2993 6371 2992 6372 2995 6372 2993 6372 2529 6373 2997 6373 3001 6373 2997 6374 2529 6374 3051 6374 2997 6375 2998 6375 2999 6375 2999 6376 3001 6376 2997 6376 2997 6377 3051 6377 2996 6377 3051 6378 3055 6378 2996 6378 2996 6379 2998 6379 2997 6379 3000 6380 2999 6380 2998 6380 2999 6381 3000 6381 3001 6381 2529 6382 3001 6382 3002 6382 3001 6383 3000 6383 3002 6383 3002 6384 2547 6384 2529 6384 3000 6385 2996 6385 3002 6385 3000 6386 2998 6386 2996 6386 3055 6387 2549 6387 3002 6387 3002 6388 2996 6388 3055 6388 2549 6389 2547 6389 3002 6389 3003 6390 3009 6390 3004 6390 3005 6391 3006 6391 3009 6391 3003 6392 3005 6392 3009 6392 3004 6393 3007 6393 3003 6393 3003 6394 3007 6394 3005 6394 3006 6395 3005 6395 3007 6395 3006 6396 3008 6396 3009 6396 3008 6397 3006 6397 3007 6397 3009 6398 3011 6398 3012 6398 3012 6399 3010 6399 3009 6399 3011 6400 3009 6400 3008 6400 3010 6401 2705 6401 3009 6401 3011 6402 3008 6402 3007 6402 3011 6403 3007 6403 3012 6403 3007 6404 2705 6404 3010 6404 3010 6405 3012 6405 3007 6405 3014 6406 1914 6406 1907 6406 3013 6407 1914 6407 3014 6407 1907 6408 3017 6408 3015 6408 3016 6409 3013 6409 3014 6409 3014 6410 1907 6410 3015 6410 3015 6411 3016 6411 3014 6411 3015 6412 3017 6412 3016 6412 3013 6413 3016 6413 3017 6413 3017 6414 1915 6414 3013 6414 1907 6415 1915 6415 3017 6415 3025 6416 3022 6416 3018 6416 3019 6417 2884 6417 3018 6417 3019 6418 2883 6418 2884 6418 3025 6419 2883 6419 3019 6419 3019 6420 3018 6420 3020 6420 3019 6421 3022 6421 3025 6421 3021 6422 3023 6422 3022 6422 3019 6423 3021 6423 3022 6423 3022 6424 3023 6424 3020 6424 3018 6425 3022 6425 3020 6425 3021 6426 3020 6426 3023 6426 3019 6427 3020 6427 3021 6427 3024 6428 3030 6428 2897 6428 3029 6429 3031 6429 3026 6429 3027 6430 3031 6430 3025 6430 3027 6431 3026 6431 3031 6431 3028 6432 3030 6432 3024 6432 2897 6433 3030 6433 3026 6433 3025 6434 2897 6434 3027 6434 3026 6435 3027 6435 2897 6435 3026 6436 3030 6436 3029 6436 3028 6437 3031 6437 3029 6437 3028 6438 3024 6438 3031 6438 3031 6439 3024 6439 3025 6439 3029 6440 3030 6440 3028 6440 3033 6441 3032 6441 1877 6441 3034 6442 2005 6442 1877 6442 3034 6443 3035 6443 3033 6443 3034 6444 1877 6444 3032 6444 3032 6445 3035 6445 3034 6445 3032 6446 3037 6446 3035 6446 3036 6447 3032 6447 3033 6447 3032 6448 3036 6448 3037 6448 3036 6449 3033 6449 3035 6449 3035 6450 3037 6450 3036 6450 1896 6451 3038 6451 3042 6451 3033 6452 1896 6452 3042 6452 3033 6453 3039 6453 2021 6453 3040 6454 3044 6454 3041 6454 3040 6455 3041 6455 3042 6455 3038 6456 2021 6456 3039 6456 3039 6457 3044 6457 3043 6457 3038 6458 3043 6458 3040 6458 3038 6459 3039 6459 3043 6459 3040 6460 3042 6460 3038 6460 3040 6461 3043 6461 3044 6461 3039 6462 3042 6462 3041 6462 3042 6463 3039 6463 3033 6463 3041 6464 3044 6464 3039 6464 1874 6465 1873 6465 3045 6465 2988 6466 1874 6466 3045 6466 3045 6467 2988 6467 3046 6467 2988 6468 3047 6468 3046 6468 3046 6469 3047 6469 3045 6469 2988 6470 3045 6470 3047 6470 3048 6471 3049 6471 2384 6471 2994 6472 2384 6472 3049 6472 3049 6473 3050 6473 2994 6473 3048 6474 3050 6474 3049 6474 3050 6475 3048 6475 2993 6475 2993 6476 2994 6476 3050 6476 2529 6477 3052 6477 3051 6477 3052 6478 3054 6478 3051 6478 3054 6479 3056 6479 3055 6479 3055 6480 3051 6480 3054 6480 3053 6481 3054 6481 3052 6481 3053 6482 3055 6482 3056 6482 3056 6483 3054 6483 3053 6483 3004 6484 3058 6484 2726 6484 3004 6485 2726 6485 3058 6485 2528 6486 2537 6486 2542 6486 2549 6487 2513 6487 2528 6487 2513 6488 2549 6488 2499 6488 2528 6489 2529 6489 2538 6489 2529 6490 2542 6490 2537 6490 2499 6491 2549 6491 1556 6491 1539 6492 2567 6492 2572 6492 1539 6493 3053 6493 2567 6493 3055 6494 3053 6494 1539 6494 2572 6495 2574 6495 2581 6495 3055 6496 1539 6496 2549 6496 1537 6497 1539 6497 2081 6497 2081 6498 2618 6498 2628 6498 2081 6499 1539 6499 2618 6499 1539 6500 2583 6500 2618 6500 1539 6501 2572 6501 2583 6501 2628 6502 1887 6502 2625 6502 1902 6503 2607 6503 2583 6503 2583 6504 2596 6504 1902 6504 2615 6505 1887 6505 2618 6505 1538 6506 2663 6506 1903 6506 1903 6507 2663 6507 2660 6507 2663 6508 1538 6508 2643 6508 2660 6509 2663 6509 1903 6509 1537 6510 2081 6510 2643 6510 2643 6511 1538 6511 1537 6511 3009 6512 2726 6512 3004 6512 1540 6513 1538 6513 3007 6513 3007 6514 3004 6514 1540 6514 2683 6515 1538 6515 1903 6515 2683 6516 2691 6516 2701 6516 2683 6517 1903 6517 2691 6517 2749 6518 1542 6518 1540 6518 2749 6519 2731 6519 2734 6519 1540 6520 2731 6520 2749 6520 1540 6521 3004 6521 2731 6521 1885 6522 2734 6522 2731 6522 2771 6523 2778 6523 1909 6523 2757 6524 2755 6524 2771 6524 1904 6525 2763 6525 2755 6525 2755 6526 1885 6526 1904 6526 2757 6527 2771 6527 1542 6527 1909 6528 2789 6528 2771 6528 1547 6529 2771 6529 2873 6529 2858 6530 2873 6530 2771 6530 2771 6531 2826 6531 2858 6531 2813 6532 2826 6532 2771 6532 2771 6533 2789 6533 2813 6533 3025 6534 2901 6534 1548 6534 1548 6535 2883 6535 3025 6535 2870 6536 2883 6536 1548 6536 3025 6537 3018 6537 2897 6537 1547 6538 2873 6538 2870 6538 2870 6539 1548 6539 1547 6539 1549 6540 2941 6540 2979 6540 1549 6541 2930 6541 2941 6541 1549 6542 2916 6542 2930 6542 2917 6543 2916 6543 1549 6543 1549 6544 1548 6544 2901 6544 2901 6545 2917 6545 1549 6545 1554 6546 1914 6546 1941 6546 3013 6547 1948 6547 1914 6547 1554 6548 1549 6548 1914 6548 1549 6549 1916 6549 1914 6549 1916 6550 1549 6550 2979 6550 1881 6551 1916 6551 2979 6551 1555 6552 1975 6552 1998 6552 1998 6553 1975 6553 1974 6553 1964 6554 1975 6554 1555 6554 1974 6555 1978 6555 1998 6555 1978 6556 1877 6556 1998 6556 1978 6557 1963 6557 1877 6557 1956 6558 1555 6558 1554 6558 1956 6559 1964 6559 1555 6559 2054 6560 1555 6560 2021 6560 1555 6561 3033 6561 2021 6561 1555 6562 3034 6562 3033 6562 3034 6563 1555 6563 1998 6563 3033 6564 1877 6564 1896 6564 1552 6565 1551 6565 1911 6565 2056 6566 1896 6566 2066 6566 1911 6567 1551 6567 2120 6567 2120 6568 1551 6568 2066 6568 2066 6569 1551 6569 2056 6569 1551 6570 2054 6570 2056 6570 2120 6571 2113 6571 1875 6571 1550 6572 2152 6572 2165 6572 1550 6573 2151 6573 2152 6573 2165 6574 2192 6574 1550 6574 2131 6575 1897 6575 2151 6575 2165 6576 1897 6576 2170 6576 1552 6577 1908 6577 2151 6577 2151 6578 1550 6578 1552 6578 2988 6579 1541 6579 1543 6579 1543 6580 2989 6580 2988 6580 2989 6581 1543 6581 1550 6581 1550 6582 2197 6582 2989 6582 2197 6583 1550 6583 2192 6583 2192 6584 2181 6584 2197 6584 1545 6585 1544 6585 2272 6585 1544 6586 1541 6586 2272 6586 2272 6587 1541 6587 2242 6587 3045 6588 2242 6588 1541 6588 1541 6589 2988 6589 3045 6589 1546 6590 2089 6590 2291 6590 2089 6591 1546 6591 2284 6591 1872 6592 2276 6592 2266 6592 2284 6593 1546 6593 1545 6593 1553 6594 1546 6594 2365 6594 2339 6595 2365 6595 1546 6595 1546 6596 2327 6596 2339 6596 2312 6597 2327 6597 1546 6597 1546 6598 2291 6598 2312 6598 2312 6599 2306 6599 1899 6599 2339 6600 2341 6600 2353 6600 2384 6601 2383 6601 1531 6601 1531 6602 2993 6602 3048 6602 2384 6603 1531 6603 3048 6603 2366 6604 2993 6604 1531 6604 2366 6605 2361 6605 2370 6605 1553 6606 2365 6606 2366 6606 2366 6607 1531 6607 1553 6607 1532 6608 2430 6608 2442 6608 1532 6609 2414 6609 2430 6609 2430 6610 2414 6610 2413 6610 2414 6611 2386 6611 2394 6611 2430 6612 2394 6612 2386 6612 2386 6613 2384 6613 2430 6613 1532 6614 1531 6614 2383 6614 2383 6615 2414 6615 1532 6615 2472 6616 2486 6616 1556 6616 2467 6617 2478 6617 2472 6617 2467 6618 2488 6618 2478 6618 1556 6619 1532 6619 2460 6619 2460 6620 1532 6620 2442 6620 2460 6621 2472 6621 1556 6621 2486 6622 2499 6622 1556 6622 2272 6623 2284 6623 1545 6623 1911 6624 1908 6624 1552 6624 2054 6625 1551 6625 1555 6625 1941 6626 1956 6626 1554 6626 2749 6627 2757 6627 1542 6627 3004 6628 3058 6628 3057 6628 3057 6629 3058 6629 3004 6629 3061 6630 3060 6630 3062 6630 3063 6631 3062 6631 3064 6631 3062 6632 3063 6632 3061 6632 3060 6633 3061 6633 3059 6633 3064 6634 3062 6634 3063 6634 3060 6635 3059 6635 3066 6635 3060 6636 3065 6636 3063 6636 3066 6637 3059 6637 3067 6637 3066 6638 3065 6638 3060 6638 3063 6639 3062 6639 3060 6639 3067 6640 3059 6640 3066 6640 3059 6641 3061 6641 3066 6641 3061 6642 3065 6642 3066 6642 3063 6643 3065 6643 3061 6643 3070 6644 3072 6644 3068 6644 3068 6645 3069 6645 3070 6645 3071 6646 3069 6646 3068 6646 3068 6647 3074 6647 3071 6647 3068 6648 3072 6648 3074 6648 3073 6649 3072 6649 3070 6649 3077 6650 3069 6650 3071 6650 3074 6651 3072 6651 3078 6651 3075 6652 3070 6652 3069 6652 3073 6653 3070 6653 3075 6653 3069 6654 3077 6654 3075 6654 3075 6655 3077 6655 3076 6655 3077 6656 3071 6656 3083 6656 3082 6657 3083 6657 3071 6657 3078 6658 3089 6658 3074 6658 3072 6659 3079 6659 3078 6659 3079 6660 3072 6660 3073 6660 3073 6661 3080 6661 3079 6661 3073 6662 3075 6662 3080 6662 3075 6663 3076 6663 3080 6663 3089 6664 3082 6664 3071 6664 3071 6665 3074 6665 3089 6665 3083 6666 3076 6666 3077 6666 3081 6667 3084 6667 3079 6667 3078 6668 3079 6668 3084 6668 3078 6669 3084 6669 3089 6669 3081 6670 3080 6670 3076 6670 3079 6671 3080 6671 3081 6671 3084 6672 3086 6672 3085 6672 3087 6673 3086 6673 3081 6673 3081 6674 3076 6674 3087 6674 3082 6675 3089 6675 3088 6675 3083 6676 3090 6676 3076 6676 3082 6677 3088 6677 3090 6677 3085 6678 3089 6678 3084 6678 3090 6679 3083 6679 3082 6679 3084 6680 3081 6680 3086 6680 3076 6681 3090 6681 3091 6681 3087 6682 3076 6682 3091 6682 3086 6683 3087 6683 3092 6683 3085 6684 3086 6684 3093 6684 3089 6685 3085 6685 3093 6685 3088 6686 3089 6686 3094 6686 3090 6687 3088 6687 3095 6687 3095 6688 3091 6688 3090 6688 3094 6689 3095 6689 3088 6689 3093 6690 3094 6690 3089 6690 3092 6691 3093 6691 3086 6691 3091 6692 3092 6692 3087 6692 3095 6693 3094 6693 3092 6693 3094 6694 3093 6694 3092 6694 3091 6695 3095 6695 3092 6695 3097 6696 3098 6696 3096 6696 3096 6697 3103 6697 3097 6697 3097 6698 3103 6698 3101 6698 3096 6699 3098 6699 3103 6699 3097 6700 3101 6700 3099 6700 3097 6701 3099 6701 3098 6701 3103 6702 3098 6702 3106 6702 3102 6703 3098 6703 3099 6703 3100 6704 3098 6704 3102 6704 3104 6705 3103 6705 3106 6705 3108 6706 3098 6706 3100 6706 3101 6707 3104 6707 3099 6707 3104 6708 3101 6708 3103 6708 3102 6709 3105 6709 3100 6709 3098 6710 3108 6710 3106 6710 3106 6711 3108 6711 3107 6711 3108 6712 3100 6712 3109 6712 3105 6713 3109 6713 3100 6713 3110 6714 3113 6714 3102 6714 3111 6715 3110 6715 3099 6715 3111 6716 3099 6716 3104 6716 3104 6717 3112 6717 3111 6717 3102 6718 3099 6718 3110 6718 3104 6719 3106 6719 3112 6719 3106 6720 3107 6720 3112 6720 3113 6721 3105 6721 3102 6721 3114 6722 3109 6722 3105 6722 3108 6723 3109 6723 3116 6723 3109 6724 3114 6724 3116 6724 3105 6725 3113 6725 3114 6725 3116 6726 3107 6726 3108 6726 3113 6727 3115 6727 3114 6727 3115 6728 3110 6728 3111 6728 3115 6729 3113 6729 3110 6729 3107 6730 3111 6730 3112 6730 3107 6731 3116 6731 3117 6731 3111 6732 3107 6732 3120 6732 3115 6733 3111 6733 3120 6733 3114 6734 3115 6734 3118 6734 3114 6735 3118 6735 3119 6735 3116 6736 3114 6736 3119 6736 3120 6737 3118 6737 3115 6737 3117 6738 3120 6738 3107 6738 3119 6739 3117 6739 3116 6739 3120 6740 3117 6740 3119 6740 3120 6741 3119 6741 3118 6741 3121 6742 3127 6742 3122 6742 3150 6743 3123 6743 3124 6743 3123 6744 3150 6744 3153 6744 3152 6745 3122 6745 3123 6745 3123 6746 3153 6746 3152 6746 3131 6747 3123 6747 3122 6747 3123 6748 3131 6748 3130 6748 3130 6749 3124 6749 3123 6749 3128 6750 3147 6750 3124 6750 3122 6751 3127 6751 3126 6751 3125 6752 3131 6752 3122 6752 3126 6753 3125 6753 3122 6753 3132 6754 3131 6754 3125 6754 3134 6755 3127 6755 3128 6755 3133 6756 3128 6756 3124 6756 3144 6757 3124 6757 3130 6757 3139 6758 3130 6758 3131 6758 3137 6759 3134 6759 3133 6759 3138 6760 3133 6760 3144 6760 3133 6761 3138 6761 3137 6761 3126 6762 3143 6762 3125 6762 3131 6763 3132 6763 3139 6763 3130 6764 3139 6764 3129 6764 3130 6765 3129 6765 3144 6765 3124 6766 3144 6766 3133 6766 3128 6767 3133 6767 3134 6767 3127 6768 3134 6768 3126 6768 3142 6769 3125 6769 3143 6769 3145 6770 3126 6770 3134 6770 3136 6771 3134 6771 3137 6771 3134 6772 3136 6772 3145 6772 3126 6773 3145 6773 3143 6773 3125 6774 3142 6774 3135 6774 3125 6775 3135 6775 3132 6775 3138 6776 3140 6776 3141 6776 3138 6777 3149 6777 3140 6777 3145 6778 3136 6778 3146 6778 3137 6779 3141 6779 3136 6779 3141 6780 3137 6780 3138 6780 3149 6781 3138 6781 3144 6781 3152 6782 3132 6782 3135 6782 3142 6783 3121 6783 3122 6783 3142 6784 3143 6784 3121 6784 3143 6785 3145 6785 3121 6785 3146 6786 3136 6786 3147 6786 3136 6787 3141 6787 3147 6787 3141 6788 3148 6788 3147 6788 3141 6789 3140 6789 3148 6789 3140 6790 3149 6790 3148 6790 3144 6791 3150 6791 3149 6791 3144 6792 3129 6792 3150 6792 3129 6793 3151 6793 3150 6793 3129 6794 3139 6794 3151 6794 3132 6795 3153 6795 3139 6795 3132 6796 3152 6796 3153 6796 3142 6797 3152 6797 3135 6797 3128 6798 3127 6798 3146 6798 3127 6799 3145 6799 3146 6799 3127 6800 3121 6800 3145 6800 3153 6801 3151 6801 3139 6801 3153 6802 3150 6802 3151 6802 3124 6803 3149 6803 3150 6803 3124 6804 3147 6804 3148 6804 3148 6805 3149 6805 3124 6805 3152 6806 3142 6806 3122 6806 3146 6807 3147 6807 3128 6807 3155 6808 3160 6808 3154 6808 3156 6809 3155 6809 3157 6809 3158 6810 3156 6810 3157 6810 3160 6811 3158 6811 3159 6811 3159 6812 3154 6812 3160 6812 3157 6813 3159 6813 3158 6813 3154 6814 3157 6814 3155 6814 3168 6815 3166 6815 3170 6815 3166 6816 3167 6816 3171 6816 3167 6817 3172 6817 3171 6817 3170 6818 3169 6818 3168 6818 3167 6819 3168 6819 3172 6819 3171 6820 3170 6820 3166 6820 3173 6821 3242 6821 3174 6821 3174 6822 3175 6822 3173 6822 3173 6823 3190 6823 3242 6823 3162 6824 3177 6824 3176 6824 3176 6825 3178 6825 3162 6825 3178 6826 3176 6826 3226 6826 3178 6827 3164 6827 3180 6827 3164 6828 3179 6828 3180 6828 3181 6829 3183 6829 3182 6829 3183 6830 3181 6830 3209 6830 3209 6831 3180 6831 3183 6831 3184 6832 3185 6832 3187 6832 3185 6833 3163 6833 3187 6833 3186 6834 3163 6834 3162 6834 3186 6835 3255 6835 3163 6835 3255 6836 3187 6836 3163 6836 3162 6837 3189 6837 3188 6837 3184 6838 3187 6838 3189 6838 3189 6839 3162 6839 3184 6839 3184 6840 3162 6840 3224 6840 3173 6841 3224 6841 3190 6841 3190 6842 3175 6842 3174 6842 3161 6843 3191 6843 3192 6843 3161 6844 3173 6844 3193 6844 3161 6845 3193 6845 3191 6845 3193 6846 3173 6846 3175 6846 3192 6847 3193 6847 3175 6847 3192 6848 3175 6848 3194 6848 3161 6849 3194 6849 3195 6849 3197 6850 3198 6850 3220 6850 3220 6851 3196 6851 3197 6851 3197 6852 3199 6852 3201 6852 3201 6853 3198 6853 3197 6853 3202 6854 3268 6854 3200 6854 3201 6855 3202 6855 3198 6855 3202 6856 3200 6856 3203 6856 3209 6857 3181 6857 3204 6857 3205 6858 3209 6858 3204 6858 3206 6859 3204 6859 3181 6859 3165 6860 3207 6860 3206 6860 3205 6861 3204 6861 3207 6861 3206 6862 3181 6862 3165 6862 3209 6863 3205 6863 3208 6863 3209 6864 3178 6864 3180 6864 3162 6865 3178 6865 3210 6865 3162 6866 3210 6866 3211 6866 3166 6867 3215 6867 3213 6867 3166 6868 3168 6868 3215 6868 3168 6869 3214 6869 3215 6869 3215 6870 3212 6870 3213 6870 3165 6871 3216 6871 3218 6871 3165 6872 3218 6872 3217 6872 3161 6873 3195 6873 3220 6873 3220 6874 3198 6874 3219 6874 3220 6875 3219 6875 3161 6875 3173 6876 3222 6876 3223 6876 3185 6877 3280 6877 3223 6877 3223 6878 3222 6878 3185 6878 3223 6879 3224 6879 3173 6879 3226 6880 3164 6880 3178 6880 3164 6881 3227 6881 3179 6881 3181 6882 3179 6882 3227 6882 3157 6883 3167 6883 3162 6883 3157 6884 3162 6884 3228 6884 3228 6885 3168 6885 3159 6885 3168 6886 3167 6886 3154 6886 3159 6887 3157 6887 3228 6887 3154 6888 3159 6888 3168 6888 3167 6889 3157 6889 3154 6889 3227 6890 3164 6890 3225 6890 3177 6891 3225 6891 3164 6891 3225 6892 3177 6892 3163 6892 3222 6893 3173 6893 3221 6893 3228 6894 3162 6894 3211 6894 3207 6895 3165 6895 3205 6895 3217 6896 3205 6896 3165 6896 3203 6897 3216 6897 3202 6897 3192 6898 3194 6898 3161 6898 3276 6899 3194 6899 3175 6899 3184 6900 3280 6900 3185 6900 3188 6901 3186 6901 3162 6901 3182 6902 3179 6902 3181 6902 3169 6903 3172 6903 3168 6903 3163 6904 3177 6904 3162 6904 3229 6905 3233 6905 3230 6905 3233 6906 3229 6906 3231 6906 3232 6907 3231 6907 3234 6907 3230 6908 3235 6908 3229 6908 3232 6909 3233 6909 3231 6909 3234 6910 3235 6910 3170 6910 3170 6911 3232 6911 3234 6911 3231 6912 3236 6912 3239 6912 3241 6913 3242 6913 3243 6913 3241 6914 3244 6914 3246 6914 3243 6915 3279 6915 3241 6915 3279 6916 3243 6916 3245 6916 3246 6917 3242 6917 3241 6917 3244 6918 3245 6918 3246 6918 3239 6919 3236 6919 3247 6919 3239 6920 3248 6920 3240 6920 3247 6921 3248 6921 3239 6921 3237 6922 3247 6922 3236 6922 3290 6923 3249 6923 3250 6923 3251 6924 3252 6924 3254 6924 3252 6925 3250 6925 3253 6925 3253 6926 3254 6926 3252 6926 3240 6927 3292 6927 3255 6927 3240 6928 3255 6928 3239 6928 3187 6929 3255 6929 3292 6929 3286 6930 3212 6930 3256 6930 3236 6931 3257 6931 3237 6931 3290 6932 3237 6932 3257 6932 3259 6933 3260 6933 3261 6933 3252 6934 3261 6934 3262 6934 3261 6935 3251 6935 3259 6935 3259 6936 3252 6936 3262 6936 3252 6937 3251 6937 3261 6937 3263 6938 3260 6938 3259 6938 3262 6939 3263 6939 3259 6939 3265 6940 3238 6940 3264 6940 3266 6941 3265 6941 3264 6941 3272 6942 3270 6942 3271 6942 3269 6943 3268 6943 3267 6943 3269 6944 3267 6944 3272 6944 3268 6945 3266 6945 3267 6945 3271 6946 3269 6946 3272 6946 3271 6947 3270 6947 3266 6947 3272 6948 3273 6948 3270 6948 3191 6949 3241 6949 3298 6949 3274 6950 3191 6950 3298 6950 3274 6951 3244 6951 3275 6951 3244 6952 3241 6952 3275 6952 3244 6953 3274 6953 3276 6953 3279 6954 3245 6954 3277 6954 3278 6955 3292 6955 3280 6955 3292 6956 3294 6956 3280 6956 3292 6957 3282 6957 3283 6957 3281 6958 3231 6958 3239 6958 3281 6959 3282 6959 3231 6959 3281 6960 3283 6960 3282 6960 3231 6961 3284 6961 3285 6961 3234 6962 3215 6962 3288 6962 3288 6963 3287 6963 3229 6963 3288 6964 3229 6964 3234 6964 3234 6965 3286 6965 3215 6965 3289 6966 3240 6966 3290 6966 3290 6967 3325 6967 3289 6967 3240 6968 3289 6968 3291 6968 3291 6969 3292 6969 3240 6969 3292 6970 3293 6970 3294 6970 3294 6971 3293 6971 3279 6971 3295 6972 3241 6972 3279 6972 3298 6973 3241 6973 3296 6973 3298 6974 3296 6974 3297 6974 3298 6975 3329 6975 3299 6975 3299 6976 3329 6976 3270 6976 3266 6977 3270 6977 3329 6977 3266 6978 3301 6978 3300 6978 3302 6979 3300 6979 3259 6979 3238 6980 3302 6980 3259 6980 3259 6981 3300 6981 3303 6981 3304 6982 3252 6982 3259 6982 3250 6983 3305 6983 3290 6983 3155 6984 3156 6984 3231 6984 3307 6985 3156 6985 3158 6985 3307 6986 3231 6986 3156 6986 3229 6987 3158 6987 3160 6987 3158 6988 3229 6988 3306 6988 3158 6989 3306 6989 3307 6989 3160 6990 3231 6990 3229 6990 3160 6991 3155 6991 3231 6991 3305 6992 3250 6992 3252 6992 3303 6993 3304 6993 3259 6993 3302 6994 3266 6994 3300 6994 3329 6995 3301 6995 3266 6995 3295 6996 3296 6996 3241 6996 3295 6997 3279 6997 3293 6997 3325 6998 3290 6998 3305 6998 3285 6999 3234 6999 3231 6999 3282 7000 3284 7000 3231 7000 3283 7001 3187 7001 3292 7001 3282 7002 3292 7002 3278 7002 3278 7003 3279 7003 3277 7003 3273 7004 3274 7004 3298 7004 3268 7005 3271 7005 3266 7005 3264 7006 3267 7006 3266 7006 3258 7007 3259 7007 3251 7007 3257 7008 3249 7008 3290 7008 3254 7009 3249 7009 3251 7009 3235 7010 3234 7010 3229 7010 3209 7011 3251 7011 3249 7011 3251 7012 3209 7012 3208 7012 3205 7013 3217 7013 3238 7013 3238 7014 3259 7014 3205 7014 3208 7015 3205 7015 3259 7015 3259 7016 3258 7016 3208 7016 3264 7017 3238 7017 3203 7017 3217 7018 3203 7018 3238 7018 3264 7019 3203 7019 3200 7019 3200 7020 3267 7020 3264 7020 3199 7021 3197 7021 3272 7021 3272 7022 3267 7022 3199 7022 3196 7023 3195 7023 3273 7023 3273 7024 3272 7024 3196 7024 3276 7025 3274 7025 3194 7025 3195 7026 3194 7026 3274 7026 3274 7027 3273 7027 3195 7027 3244 7028 3175 7028 3190 7028 3224 7029 3278 7029 3277 7029 3277 7030 3190 7030 3224 7030 3190 7031 3277 7031 3245 7031 3190 7032 3245 7032 3244 7032 3175 7033 3244 7033 3276 7033 3197 7034 3196 7034 3272 7034 3267 7035 3200 7035 3199 7035 3208 7036 3258 7036 3251 7036 3228 7037 3211 7037 3231 7037 3231 7038 3307 7038 3228 7038 3214 7039 3168 7039 3229 7039 3306 7040 3229 7040 3168 7040 3229 7041 3287 7041 3214 7041 3224 7042 3162 7042 3278 7042 3282 7043 3278 7043 3162 7043 3306 7044 3168 7044 3228 7044 3228 7045 3307 7045 3306 7045 3213 7046 3212 7046 3286 7046 3213 7047 3286 7047 3234 7047 3256 7048 3212 7048 3214 7048 3214 7049 3287 7049 3256 7049 3236 7050 3231 7050 3211 7050 3257 7051 3236 7051 3210 7051 3249 7052 3257 7052 3178 7052 3178 7053 3209 7053 3249 7053 3210 7054 3178 7054 3257 7054 3211 7055 3210 7055 3236 7055 3166 7056 3213 7056 3234 7056 3167 7057 3166 7057 3285 7057 3162 7058 3167 7058 3284 7058 3284 7059 3282 7059 3162 7059 3285 7060 3284 7060 3167 7060 3234 7061 3285 7061 3166 7061 3292 7062 3291 7062 3163 7062 3293 7063 3292 7063 3185 7063 3295 7064 3293 7064 3222 7064 3296 7065 3295 7065 3221 7065 3297 7066 3296 7066 3173 7066 3298 7067 3297 7067 3161 7067 3329 7068 3298 7068 3219 7068 3301 7069 3329 7069 3198 7069 3300 7070 3301 7070 3202 7070 3303 7071 3300 7071 3216 7071 3304 7072 3303 7072 3165 7072 3227 7073 3305 7073 3252 7073 3181 7074 3252 7074 3304 7074 3325 7075 3305 7075 3227 7075 3289 7076 3325 7076 3225 7076 3291 7077 3289 7077 3225 7077 3225 7078 3163 7078 3291 7078 3227 7079 3225 7079 3325 7079 3252 7080 3181 7080 3227 7080 3165 7081 3181 7081 3304 7081 3216 7082 3165 7082 3303 7082 3202 7083 3216 7083 3300 7083 3198 7084 3202 7084 3301 7084 3219 7085 3198 7085 3329 7085 3161 7086 3219 7086 3298 7086 3173 7087 3161 7087 3297 7087 3221 7088 3173 7088 3296 7088 3222 7089 3221 7089 3295 7089 3185 7090 3222 7090 3293 7090 3163 7091 3185 7091 3292 7091 3286 7092 3256 7092 3215 7092 3287 7093 3288 7093 3214 7093 3256 7094 3287 7094 3212 7094 3214 7095 3212 7095 3287 7095 3215 7096 3214 7096 3288 7096 3212 7097 3215 7097 3256 7097 3232 7098 3170 7098 3171 7098 3233 7099 3232 7099 3171 7099 3230 7100 3233 7100 3172 7100 3235 7101 3230 7101 3169 7101 3169 7102 3170 7102 3235 7102 3172 7103 3169 7103 3230 7103 3171 7104 3172 7104 3233 7104 3188 7105 3189 7105 3283 7105 3186 7106 3188 7106 3281 7106 3255 7107 3186 7107 3239 7107 3281 7108 3239 7108 3186 7108 3283 7109 3281 7109 3188 7109 3187 7110 3283 7110 3189 7110 3224 7111 3223 7111 3279 7111 3184 7112 3224 7112 3279 7112 3223 7113 3280 7113 3294 7113 3278 7114 3280 7114 3184 7114 3279 7115 3278 7115 3184 7115 3294 7116 3279 7116 3223 7116 3182 7117 3183 7117 3254 7117 3179 7118 3182 7118 3253 7118 3180 7119 3179 7119 3250 7119 3183 7120 3180 7120 3249 7120 3249 7121 3254 7121 3183 7121 3250 7122 3249 7122 3180 7122 3253 7123 3250 7123 3179 7123 3254 7124 3253 7124 3182 7124 3177 7125 3164 7125 3240 7125 3176 7126 3177 7126 3248 7126 3226 7127 3176 7127 3247 7127 3164 7128 3226 7128 3290 7128 3237 7129 3290 7129 3226 7129 3247 7130 3237 7130 3226 7130 3248 7131 3247 7131 3176 7131 3240 7132 3248 7132 3177 7132 3290 7133 3240 7133 3164 7133 3216 7134 3203 7134 3265 7134 3218 7135 3216 7135 3266 7135 3217 7136 3218 7136 3302 7136 3203 7137 3217 7137 3238 7137 3238 7138 3265 7138 3203 7138 3302 7139 3238 7139 3217 7139 3266 7140 3302 7140 3218 7140 3265 7141 3266 7141 3216 7141 3206 7142 3207 7142 3263 7142 3204 7143 3206 7143 3262 7143 3207 7144 3204 7144 3260 7144 3261 7145 3260 7145 3204 7145 3262 7146 3261 7146 3204 7146 3263 7147 3262 7147 3206 7147 3260 7148 3263 7148 3207 7148 3195 7149 3196 7149 3273 7149 3220 7150 3195 7150 3298 7150 3196 7151 3220 7151 3270 7151 3270 7152 3273 7152 3196 7152 3299 7153 3270 7153 3220 7153 3298 7154 3299 7154 3220 7154 3273 7155 3298 7155 3195 7155 3202 7156 3201 7156 3271 7156 3268 7157 3202 7157 3271 7157 3199 7158 3200 7158 3268 7158 3201 7159 3199 7159 3269 7159 3268 7160 3269 7160 3199 7160 3269 7161 3271 7161 3201 7161 3190 7162 3174 7162 3245 7162 3242 7163 3190 7163 3245 7163 3242 7164 3246 7164 3174 7164 3245 7165 3243 7165 3242 7165 3246 7166 3245 7166 3174 7166 3193 7167 3192 7167 3275 7167 3191 7168 3274 7168 3192 7168 3241 7169 3191 7169 3193 7169 3275 7170 3241 7170 3193 7170 3274 7171 3275 7171 3192 7171 3289 7172 3291 7172 3318 7172 3325 7173 3289 7173 3308 7173 3305 7174 3325 7174 3309 7174 3304 7175 3305 7175 3309 7175 3303 7176 3304 7176 3310 7176 3300 7177 3303 7177 3311 7177 3301 7178 3300 7178 3311 7178 3329 7179 3301 7179 3312 7179 3298 7180 3329 7180 3313 7180 3297 7181 3298 7181 3313 7181 3296 7182 3297 7182 3314 7182 3295 7183 3296 7183 3315 7183 3293 7184 3295 7184 3316 7184 3292 7185 3293 7185 3317 7185 3291 7186 3292 7186 3318 7186 3317 7187 3318 7187 3292 7187 3316 7188 3317 7188 3293 7188 3315 7189 3316 7189 3295 7189 3314 7190 3315 7190 3296 7190 3313 7191 3314 7191 3297 7191 3312 7192 3313 7192 3329 7192 3311 7193 3312 7193 3301 7193 3310 7194 3311 7194 3303 7194 3309 7195 3310 7195 3304 7195 3308 7196 3309 7196 3325 7196 3318 7197 3308 7197 3289 7197 3314 7198 3313 7198 3320 7198 3320 7199 3319 7199 3314 7199 3313 7200 3312 7200 3320 7200 3312 7201 3311 7201 3321 7201 3318 7202 3317 7202 3447 7202 3317 7203 3316 7203 3324 7203 3321 7204 3320 7204 3312 7204 3311 7205 3310 7205 3321 7205 3324 7206 3447 7206 3317 7206 3316 7207 3315 7207 3319 7207 3309 7208 3308 7208 3322 7208 3319 7209 3324 7209 3316 7209 3319 7210 3315 7210 3314 7210 3322 7211 3321 7211 3309 7211 3321 7212 3310 7212 3309 7212 3322 7213 3308 7213 3318 7213 3447 7214 3322 7214 3318 7214 3320 7215 3321 7215 3323 7215 3319 7216 3320 7216 3443 7216 3447 7217 3448 7217 3322 7217 3445 7218 3323 7218 3321 7218 3322 7219 3445 7219 3321 7219 3342 7220 3326 7220 3327 7220 3289 7221 3328 7221 3367 7221 3289 7222 3325 7222 3328 7222 3346 7223 3328 7223 3325 7223 3325 7224 3304 7224 3343 7224 3342 7225 3343 7225 3304 7225 3342 7226 3304 7226 3303 7226 3326 7227 3342 7227 3300 7227 3300 7228 3301 7228 3340 7228 3340 7229 3326 7229 3300 7229 3340 7230 3301 7230 3329 7230 3298 7231 3338 7231 3329 7231 3338 7232 3297 7232 3296 7232 3338 7233 3298 7233 3297 7233 3335 7234 3296 7234 3295 7234 3295 7235 3331 7235 3335 7235 3331 7236 3293 7236 3380 7236 3293 7237 3292 7237 3332 7237 3332 7238 3380 7238 3293 7238 3332 7239 3292 7239 3291 7239 3333 7240 3335 7240 3334 7240 3334 7241 3331 7241 3333 7241 3335 7242 3331 7242 3334 7242 3330 7243 3338 7243 3336 7243 3335 7244 3330 7244 3336 7244 3336 7245 3338 7245 3335 7245 3329 7246 3338 7246 3337 7246 3337 7247 3340 7247 3339 7247 3329 7248 3337 7248 3339 7248 3339 7249 3340 7249 3329 7249 3327 7250 3326 7250 3340 7250 3343 7251 3342 7251 3374 7251 3374 7252 3341 7252 3343 7252 3343 7253 3344 7253 3325 7253 3345 7254 3344 7254 3343 7254 3343 7255 3341 7255 3345 7255 3344 7256 3346 7256 3325 7256 3374 7257 3342 7257 3341 7257 3291 7258 3367 7258 3332 7258 3295 7259 3293 7259 3331 7259 3296 7260 3335 7260 3338 7260 3303 7261 3300 7261 3342 7261 3305 7262 3304 7262 3325 7262 3367 7263 3291 7263 3289 7263 3368 7264 3347 7264 3332 7264 3331 7265 3332 7265 3348 7265 3332 7266 3347 7266 3348 7266 3331 7267 3348 7267 3349 7267 3349 7268 3350 7268 3335 7268 3335 7269 3333 7269 3349 7269 3335 7270 3350 7270 3351 7270 3330 7271 3351 7271 3352 7271 3352 7272 3338 7272 3330 7272 3337 7273 3338 7273 3353 7273 3353 7274 3354 7274 3337 7274 3338 7275 3352 7275 3353 7275 3337 7276 3354 7276 3355 7276 3342 7277 3327 7277 3357 7277 3357 7278 3356 7278 3342 7278 3327 7279 3355 7279 3357 7279 3342 7280 3356 7280 3358 7280 3341 7281 3358 7281 3359 7281 3360 7282 3344 7282 3345 7282 3345 7283 3359 7283 3360 7283 3382 7284 3346 7284 3360 7284 3360 7285 3346 7285 3344 7285 3367 7286 3361 7286 3368 7286 3367 7287 3382 7287 3361 7287 3360 7288 3361 7288 3382 7288 3359 7289 3345 7289 3341 7289 3358 7290 3341 7290 3342 7290 3355 7291 3327 7291 3340 7291 3355 7292 3340 7292 3337 7292 3351 7293 3330 7293 3335 7293 3349 7294 3333 7294 3331 7294 3332 7295 3367 7295 3368 7295 3363 7296 3329 7296 3338 7296 3338 7297 3329 7297 3362 7297 3363 7298 3362 7298 3329 7298 3363 7299 3338 7299 3352 7299 3338 7300 3362 7300 3352 7300 3365 7301 3364 7301 3334 7301 3334 7302 3364 7302 3392 7302 3392 7303 3365 7303 3334 7303 3385 7304 3366 7304 3367 7304 3385 7305 3367 7305 3368 7305 3366 7306 3368 7306 3367 7306 3389 7307 3366 7307 3385 7307 3369 7308 3388 7308 3343 7308 3388 7309 3370 7309 3343 7309 3369 7310 3343 7310 3370 7310 3340 7311 3326 7311 3371 7311 3371 7312 3372 7312 3340 7312 3372 7313 3326 7313 3340 7313 3371 7314 3326 7314 3397 7314 3326 7315 3372 7315 3397 7315 3342 7316 3375 7316 3374 7316 3342 7317 3374 7317 3373 7317 3373 7318 3375 7318 3342 7318 3375 7319 3373 7319 3374 7319 3376 7320 3377 7320 3339 7320 3376 7321 3339 7321 3377 7321 3336 7322 3378 7322 3387 7322 3378 7323 3336 7323 3387 7323 3331 7324 3380 7324 3379 7324 3332 7325 3331 7325 3381 7325 3381 7326 3380 7326 3332 7326 3331 7327 3379 7327 3381 7327 3381 7328 3379 7328 3348 7328 3379 7329 3380 7329 3348 7329 3380 7330 3381 7330 3348 7330 3367 7331 3328 7331 3382 7331 3328 7332 3346 7332 3383 7332 3328 7333 3346 7333 3382 7333 3346 7334 3328 7334 3383 7334 3375 7335 3358 7335 3356 7335 3358 7336 3384 7336 3388 7336 3388 7337 3369 7337 3358 7337 3385 7338 3361 7338 3360 7338 3359 7339 3370 7339 3360 7339 3369 7340 3359 7340 3358 7340 3369 7341 3370 7341 3359 7341 3371 7342 3356 7342 3357 7342 3372 7343 3371 7343 3355 7343 3372 7344 3355 7344 3377 7344 3354 7345 3386 7345 3377 7345 3386 7346 3372 7346 3377 7346 3355 7347 3354 7347 3377 7347 3386 7348 3354 7348 3353 7348 3353 7349 3352 7349 3362 7349 3390 7350 3348 7350 3347 7350 3348 7351 3390 7351 3391 7351 3364 7352 3348 7352 3391 7352 3387 7353 3350 7353 3365 7353 3391 7354 3392 7354 3364 7354 3365 7355 3392 7355 3387 7355 3349 7356 3364 7356 3365 7356 3349 7357 3348 7357 3364 7357 3365 7358 3350 7358 3349 7358 3363 7359 3351 7359 3387 7359 3387 7360 3351 7360 3350 7360 3375 7361 3356 7361 3371 7361 3383 7362 3360 7362 3370 7362 3388 7363 3383 7363 3370 7363 3385 7364 3360 7364 3383 7364 3390 7365 3347 7365 3366 7365 3389 7366 3390 7366 3366 7366 3361 7367 3385 7367 3368 7367 3366 7368 3347 7368 3368 7368 3375 7369 3371 7369 3397 7369 3362 7370 3363 7370 3386 7370 3351 7371 3363 7371 3352 7371 3353 7372 3362 7372 3386 7372 3357 7373 3355 7373 3371 7373 3375 7374 3384 7374 3358 7374 3392 7375 3393 7375 3387 7375 3387 7376 3393 7376 3394 7376 3363 7377 3394 7377 3395 7377 3386 7378 3395 7378 3396 7378 3372 7379 3396 7379 3397 7379 3375 7380 3397 7380 3398 7380 3375 7381 3398 7381 3384 7381 3400 7382 3383 7382 3388 7382 3388 7383 3399 7383 3400 7383 3383 7384 3400 7384 3401 7384 3401 7385 3389 7385 3385 7385 3401 7386 3385 7386 3383 7386 3399 7387 3388 7387 3384 7387 3396 7388 3372 7388 3386 7388 3395 7389 3386 7389 3363 7389 3394 7390 3363 7390 3387 7390 3395 7391 3402 7391 3403 7391 3394 7392 3410 7392 3402 7392 3402 7393 3395 7393 3394 7393 3398 7394 3412 7394 3404 7394 3398 7395 3397 7395 3411 7395 3393 7396 3410 7396 3394 7396 3392 7397 3409 7397 3393 7397 3391 7398 3408 7398 3409 7398 3390 7399 3407 7399 3408 7399 3400 7400 3414 7400 3415 7400 3400 7401 3399 7401 3413 7401 3411 7402 3412 7402 3398 7402 3397 7403 3396 7403 3405 7403 3408 7404 3391 7404 3390 7404 3389 7405 3406 7405 3407 7405 3401 7406 3415 7406 3406 7406 3413 7407 3414 7407 3400 7407 3399 7408 3384 7408 3404 7408 3405 7409 3411 7409 3397 7409 3396 7410 3395 7410 3403 7410 3409 7411 3392 7411 3391 7411 3406 7412 3389 7412 3401 7412 3404 7413 3413 7413 3399 7413 3403 7414 3405 7414 3396 7414 3407 7415 3390 7415 3389 7415 3404 7416 3384 7416 3398 7416 3415 7417 3401 7417 3400 7417 3404 7418 3422 7418 3413 7418 3422 7419 3404 7419 3412 7419 3403 7420 3402 7420 3416 7420 3410 7421 3417 7421 3416 7421 3415 7422 3418 7422 3419 7422 3414 7423 3420 7423 3418 7423 3413 7424 3421 7424 3420 7424 3416 7425 3402 7425 3410 7425 3410 7426 3393 7426 3423 7426 3408 7427 3424 7427 3425 7427 3408 7428 3407 7428 3426 7428 3418 7429 3415 7429 3414 7429 3422 7430 3421 7430 3413 7430 3422 7431 3412 7431 3427 7431 3412 7432 3411 7432 3428 7432 3423 7433 3417 7433 3410 7433 3409 7434 3425 7434 3423 7434 3426 7435 3424 7435 3408 7435 3406 7436 3419 7436 3426 7436 3420 7437 3414 7437 3413 7437 3428 7438 3427 7438 3412 7438 3405 7439 3429 7439 3428 7439 3405 7440 3403 7440 3430 7440 3423 7441 3393 7441 3409 7441 3426 7442 3407 7442 3406 7442 3430 7443 3429 7443 3405 7443 3425 7444 3409 7444 3408 7444 3428 7445 3411 7445 3405 7445 3419 7446 3406 7446 3415 7446 3416 7447 3430 7447 3403 7447 3419 7448 3431 7448 3432 7448 3426 7449 3432 7449 3433 7449 3424 7450 3433 7450 3434 7450 3423 7451 3434 7451 3435 7451 3417 7452 3435 7452 3436 7452 3416 7453 3436 7453 3437 7453 3429 7454 3437 7454 3438 7454 3428 7455 3438 7455 3439 7455 3427 7456 3439 7456 3440 7456 3422 7457 3440 7457 3441 7457 3421 7458 3441 7458 3442 7458 3418 7459 3442 7459 3431 7459 3431 7460 3419 7460 3418 7460 3442 7461 3418 7461 3420 7461 3442 7462 3420 7462 3421 7462 3441 7463 3421 7463 3422 7463 3440 7464 3422 7464 3427 7464 3439 7465 3427 7465 3428 7465 3438 7466 3428 7466 3429 7466 3437 7467 3429 7467 3430 7467 3437 7468 3430 7468 3416 7468 3436 7469 3416 7469 3417 7469 3435 7470 3417 7470 3423 7470 3434 7471 3423 7471 3425 7471 3434 7472 3425 7472 3424 7472 3433 7473 3424 7473 3426 7473 3432 7474 3426 7474 3419 7474 3445 7475 3322 7475 3448 7475 3446 7476 3320 7476 3323 7476 3447 7477 3324 7477 3444 7477 3319 7478 3443 7478 3324 7478 3443 7479 3320 7479 3446 7479 3435 7480 3434 7480 3449 7480 3450 7481 3449 7481 3434 7481 3451 7482 3433 7482 3432 7482 3452 7483 3437 7483 3436 7483 3432 7484 3453 7484 3451 7484 3454 7485 3441 7485 3440 7485 3436 7486 3455 7486 3452 7486 3433 7487 3451 7487 3450 7487 3453 7488 3432 7488 3431 7488 3431 7489 3442 7489 3456 7489 3440 7490 3457 7490 3454 7490 3452 7491 3457 7491 3438 7491 3455 7492 3436 7492 3435 7492 3450 7493 3434 7493 3433 7493 3431 7494 3456 7494 3453 7494 3442 7495 3441 7495 3454 7495 3457 7496 3440 7496 3439 7496 3439 7497 3438 7497 3457 7497 3435 7498 3449 7498 3455 7498 3438 7499 3437 7499 3452 7499 3454 7500 3456 7500 3442 7500 3457 7501 3323 7501 3445 7501 3445 7502 3454 7502 3457 7502 3456 7503 3445 7503 3448 7503 3453 7504 3447 7504 3444 7504 3444 7505 3451 7505 3453 7505 3450 7506 3324 7506 3443 7506 3443 7507 3449 7507 3450 7507 3446 7508 3452 7508 3455 7508 3455 7509 3443 7509 3446 7509 3446 7510 3323 7510 3457 7510 3457 7511 3452 7511 3446 7511 3455 7512 3449 7512 3443 7512 3444 7513 3324 7513 3450 7513 3450 7514 3451 7514 3444 7514 3448 7515 3447 7515 3453 7515 3453 7516 3456 7516 3448 7516 3456 7517 3454 7517 3445 7517 3485 7518 3460 7518 3459 7518 3460 7519 3485 7519 3486 7519 3486 7520 3478 7520 3460 7520 3458 7521 3460 7521 3478 7521 3460 7522 3462 7522 3461 7522 3461 7523 3459 7523 3460 7523 3481 7524 3459 7524 3466 7524 3465 7525 3481 7525 3466 7525 3458 7526 3464 7526 3463 7526 3460 7527 3458 7527 3468 7527 3468 7528 3462 7528 3460 7528 3463 7529 3468 7529 3458 7529 3472 7530 3466 7530 3459 7530 3461 7531 3472 7531 3459 7531 3470 7532 3462 7532 3468 7532 3477 7533 3463 7533 3464 7533 3469 7534 3464 7534 3465 7534 3474 7535 3465 7535 3466 7535 3467 7536 3472 7536 3461 7536 3484 7537 3461 7537 3462 7537 3484 7538 3462 7538 3470 7538 3461 7539 3484 7539 3467 7539 3463 7540 3477 7540 3468 7540 3466 7541 3472 7541 3474 7541 3465 7542 3474 7542 3469 7542 3464 7543 3469 7543 3477 7543 3476 7544 3468 7544 3477 7544 3479 7545 3477 7545 3469 7545 3472 7546 3473 7546 3474 7546 3468 7547 3476 7547 3471 7547 3468 7548 3471 7548 3470 7548 3476 7549 3475 7549 3471 7549 3479 7550 3469 7550 3480 7550 3472 7551 3483 7551 3473 7551 3467 7552 3483 7552 3472 7552 3486 7553 3470 7553 3471 7553 3475 7554 3476 7554 3478 7554 3476 7555 3458 7555 3478 7555 3476 7556 3477 7556 3458 7556 3477 7557 3479 7557 3458 7557 3480 7558 3469 7558 3481 7558 3469 7559 3474 7559 3481 7559 3474 7560 3482 7560 3481 7560 3474 7561 3473 7561 3482 7561 3483 7562 3467 7562 3485 7562 3484 7563 3486 7563 3485 7563 3486 7564 3484 7564 3470 7564 3484 7565 3485 7565 3467 7565 3483 7566 3482 7566 3473 7566 3475 7567 3486 7567 3471 7567 3465 7568 3464 7568 3480 7568 3464 7569 3479 7569 3480 7569 3464 7570 3458 7570 3479 7570 3459 7571 3481 7571 3482 7571 3482 7572 3483 7572 3459 7572 3483 7573 3485 7573 3459 7573 3486 7574 3475 7574 3478 7574 3480 7575 3481 7575 3465 7575 3488 7576 3487 7576 3489 7576 3491 7577 3488 7577 3490 7577 3487 7578 3491 7578 3492 7578 3492 7579 3489 7579 3487 7579 3565 7580 3492 7580 3491 7580 3490 7581 3565 7581 3491 7581 3489 7582 3490 7582 3488 7582 3559 7583 3493 7583 3527 7583 3501 7584 3503 7584 3502 7584 3501 7585 3500 7585 3503 7585 3500 7586 3504 7586 3571 7586 3571 7587 3503 7587 3500 7587 3500 7588 3501 7588 3504 7588 3505 7589 3527 7589 3507 7589 3508 7590 3506 7590 3509 7590 3506 7591 3508 7591 3505 7591 3507 7592 3506 7592 3505 7592 3527 7593 3510 7593 3507 7593 3510 7594 3527 7594 3511 7594 3509 7595 3510 7595 3511 7595 3497 7596 3513 7596 3512 7596 3512 7597 3496 7597 3497 7597 3496 7598 3512 7598 3514 7598 3517 7599 3514 7599 3515 7599 3515 7600 3516 7600 3517 7600 3517 7601 3519 7601 3518 7601 3526 7602 3560 7602 3525 7602 3560 7603 3498 7603 3525 7603 3521 7604 3500 7604 3522 7604 3521 7605 3522 7605 3523 7605 3496 7606 3523 7606 3524 7606 3497 7607 3496 7607 3524 7607 3523 7608 3525 7608 3524 7608 3525 7609 3523 7609 3526 7609 3526 7610 3523 7610 3493 7610 3559 7611 3526 7611 3493 7611 3511 7612 3508 7612 3509 7612 3494 7613 3505 7613 3529 7613 3508 7614 3531 7614 3529 7614 3494 7615 3529 7615 3528 7615 3529 7616 3505 7616 3508 7616 3528 7617 3531 7617 3530 7617 3531 7618 3508 7618 3530 7618 3494 7619 3530 7619 3532 7619 3534 7620 3537 7620 3533 7620 3532 7621 3535 7621 3495 7621 3535 7622 3534 7622 3533 7622 3539 7623 3534 7623 3540 7623 3536 7624 3537 7624 3538 7624 3540 7625 3536 7625 3538 7625 3538 7626 3539 7626 3540 7626 3539 7627 3537 7627 3534 7627 3540 7628 3542 7628 3541 7628 3540 7629 3541 7629 3543 7629 3517 7630 3545 7630 3546 7630 3517 7631 3518 7631 3545 7631 3547 7632 3517 7632 3546 7632 3499 7633 3548 7633 3545 7633 3547 7634 3546 7634 3548 7634 3545 7635 3518 7635 3499 7635 3517 7636 3547 7636 3593 7636 3514 7637 3517 7637 3549 7637 3553 7638 3550 7638 3500 7638 3501 7639 3554 7639 3500 7639 3554 7640 3553 7640 3500 7640 3501 7641 3551 7641 3555 7641 3551 7642 3550 7642 3555 7642 3501 7643 3555 7643 3554 7643 3553 7644 3555 7644 3550 7644 3499 7645 3536 7645 3543 7645 3499 7646 3543 7646 3542 7646 3495 7647 3533 7647 3537 7647 3495 7648 3537 7648 3556 7648 3495 7649 3556 7649 3494 7649 3527 7650 3505 7650 3557 7650 3527 7651 3558 7651 3559 7651 3559 7652 3558 7652 3560 7652 3561 7653 3514 7653 3629 7653 3629 7654 3563 7654 3561 7654 3562 7655 3561 7655 3563 7655 3563 7656 3513 7656 3562 7656 3514 7657 3564 7657 3515 7657 3518 7658 3515 7658 3564 7658 3521 7659 3490 7659 3489 7659 3489 7660 3500 7660 3521 7660 3565 7661 3501 7661 3492 7661 3490 7662 3521 7662 3566 7662 3501 7663 3500 7663 3489 7663 3489 7664 3492 7664 3501 7664 3490 7665 3566 7665 3565 7665 3564 7666 3514 7666 3561 7666 3562 7667 3513 7667 3498 7667 3558 7668 3527 7668 3557 7668 3514 7669 3549 7669 3496 7669 3548 7670 3499 7670 3547 7670 3544 7671 3547 7671 3499 7671 3540 7672 3543 7672 3536 7672 3532 7673 3495 7673 3494 7673 3528 7674 3530 7674 3494 7674 3615 7675 3530 7675 3508 7675 3523 7676 3496 7676 3521 7676 3520 7677 3522 7677 3500 7677 3516 7678 3519 7678 3517 7678 3502 7679 3504 7679 3501 7679 3542 7680 3544 7680 3499 7680 3498 7681 3513 7681 3497 7681 3624 7682 3569 7682 3567 7682 3567 7683 3570 7683 3624 7683 3569 7684 3624 7684 3568 7684 3571 7685 3568 7685 3620 7685 3571 7686 3569 7686 3568 7686 3620 7687 3570 7687 3571 7687 3572 7688 3584 7688 3630 7688 3611 7689 3577 7689 3578 7689 3578 7690 3634 7690 3611 7690 3579 7691 3634 7691 3581 7691 3579 7692 3581 7692 3580 7692 3578 7693 3581 7693 3634 7693 3580 7694 3578 7694 3577 7694 3572 7695 3573 7695 3583 7695 3583 7696 3584 7696 3572 7696 3629 7697 3583 7697 3573 7697 3574 7698 3586 7698 3588 7698 3585 7699 3587 7699 3586 7699 3586 7700 3574 7700 3585 7700 3585 7701 3589 7701 3590 7701 3588 7702 3590 7702 3589 7702 3618 7703 3630 7703 3631 7703 3639 7704 3591 7704 3572 7704 3594 7705 3595 7705 3596 7705 3589 7706 3596 7706 3597 7706 3596 7707 3585 7707 3594 7707 3594 7708 3589 7708 3597 7708 3589 7709 3585 7709 3596 7709 3597 7710 3595 7710 3594 7710 3599 7711 3636 7711 3594 7711 3601 7712 3636 7712 3599 7712 3601 7713 3599 7713 3600 7713 3635 7714 3601 7714 3600 7714 3602 7715 3635 7715 3600 7715 3600 7716 3603 7716 3605 7716 3608 7717 3604 7717 3606 7717 3605 7718 3602 7718 3600 7718 3606 7719 3603 7719 3608 7719 3606 7720 3604 7720 3602 7720 3608 7721 3609 7721 3607 7721 3607 7722 3604 7722 3608 7722 3609 7723 3608 7723 3576 7723 3576 7724 3613 7724 3612 7724 3612 7725 3611 7725 3576 7725 3613 7726 3614 7726 3612 7726 3613 7727 3577 7727 3614 7727 3577 7728 3611 7728 3614 7728 3577 7729 3613 7729 3615 7729 3580 7730 3577 7730 3579 7730 3634 7731 3579 7731 3616 7731 3575 7732 3618 7732 3632 7732 3575 7733 3559 7733 3633 7733 3575 7734 3632 7734 3559 7734 3632 7735 3618 7735 3631 7735 3617 7736 3619 7736 3572 7736 3617 7737 3618 7737 3619 7737 3620 7738 3552 7738 3621 7738 3620 7739 3621 7739 3625 7739 3620 7740 3625 7740 3624 7740 3623 7741 3622 7741 3624 7741 3552 7742 3622 7742 3621 7742 3626 7743 3628 7743 3574 7743 3573 7744 3574 7744 3629 7744 3627 7745 3584 7745 3628 7745 3628 7746 3626 7746 3627 7746 3631 7747 3633 7747 3632 7747 3633 7748 3631 7748 3634 7748 3576 7749 3611 7749 3582 7749 3582 7750 3604 7750 3607 7750 3636 7751 3635 7751 3594 7751 3594 7752 3635 7752 3637 7752 3588 7753 3638 7753 3574 7753 3572 7754 3568 7754 3488 7754 3487 7755 3488 7755 3568 7755 3624 7756 3491 7756 3487 7756 3639 7757 3572 7757 3488 7757 3491 7758 3624 7758 3639 7758 3488 7759 3491 7759 3639 7759 3487 7760 3568 7760 3624 7760 3638 7761 3588 7761 3589 7761 3637 7762 3589 7762 3594 7762 3607 7763 3576 7763 3582 7763 3627 7764 3630 7764 3584 7764 3626 7765 3574 7765 3638 7765 3619 7766 3568 7766 3572 7766 3619 7767 3618 7767 3575 7767 3633 7768 3634 7768 3575 7768 3616 7769 3575 7769 3634 7769 3610 7770 3613 7770 3576 7770 3605 7771 3606 7771 3602 7771 3594 7772 3598 7772 3599 7772 3593 7773 3594 7773 3585 7773 3573 7774 3585 7774 3574 7774 3592 7775 3573 7775 3572 7775 3591 7776 3592 7776 3572 7776 3590 7777 3587 7777 3585 7777 3570 7778 3620 7778 3624 7778 3585 7779 3517 7779 3593 7779 3547 7780 3544 7780 3598 7780 3598 7781 3594 7781 3547 7781 3593 7782 3547 7782 3594 7782 3600 7783 3599 7783 3542 7783 3544 7784 3542 7784 3599 7784 3599 7785 3598 7785 3544 7785 3534 7786 3603 7786 3600 7786 3608 7787 3603 7787 3534 7787 3610 7788 3576 7788 3532 7788 3535 7789 3532 7789 3576 7789 3576 7790 3608 7790 3535 7790 3615 7791 3613 7791 3530 7791 3532 7792 3530 7792 3613 7792 3613 7793 3610 7793 3532 7793 3577 7794 3508 7794 3511 7794 3493 7795 3575 7795 3616 7795 3616 7796 3527 7796 3493 7796 3579 7797 3511 7797 3527 7797 3527 7798 3616 7798 3579 7798 3511 7799 3579 7799 3577 7799 3508 7800 3577 7800 3615 7800 3534 7801 3535 7801 3608 7801 3600 7802 3540 7802 3534 7802 3542 7803 3540 7803 3600 7803 3566 7804 3521 7804 3639 7804 3591 7805 3639 7805 3521 7805 3639 7806 3624 7806 3501 7806 3501 7807 3565 7807 3639 7807 3624 7808 3622 7808 3501 7808 3493 7809 3523 7809 3575 7809 3619 7810 3575 7810 3523 7810 3639 7811 3565 7811 3566 7811 3620 7812 3500 7812 3550 7812 3550 7813 3552 7813 3620 7813 3552 7814 3550 7814 3551 7814 3622 7815 3551 7815 3501 7815 3551 7816 3622 7816 3552 7816 3592 7817 3591 7817 3521 7817 3573 7818 3592 7818 3496 7818 3585 7819 3573 7819 3549 7819 3549 7820 3517 7820 3585 7820 3496 7821 3549 7821 3573 7821 3521 7822 3496 7822 3592 7822 3520 7823 3500 7823 3620 7823 3522 7824 3520 7824 3620 7824 3523 7825 3522 7825 3568 7825 3568 7826 3619 7826 3523 7826 3620 7827 3568 7827 3522 7827 3631 7828 3630 7828 3498 7828 3634 7829 3631 7829 3558 7829 3611 7830 3634 7830 3557 7830 3582 7831 3611 7831 3505 7831 3604 7832 3582 7832 3494 7832 3602 7833 3604 7833 3537 7833 3635 7834 3602 7834 3536 7834 3637 7835 3635 7835 3536 7835 3589 7836 3637 7836 3499 7836 3564 7837 3638 7837 3589 7837 3626 7838 3638 7838 3564 7838 3627 7839 3626 7839 3561 7839 3630 7840 3627 7840 3562 7840 3562 7841 3498 7841 3630 7841 3561 7842 3562 7842 3627 7842 3564 7843 3561 7843 3626 7843 3589 7844 3518 7844 3564 7844 3499 7845 3518 7845 3589 7845 3536 7846 3499 7846 3637 7846 3537 7847 3536 7847 3602 7847 3556 7848 3537 7848 3604 7848 3494 7849 3556 7849 3604 7849 3505 7850 3494 7850 3582 7850 3557 7851 3505 7851 3611 7851 3558 7852 3557 7852 3634 7852 3560 7853 3558 7853 3631 7853 3498 7854 3560 7854 3631 7854 3621 7855 3622 7855 3555 7855 3625 7856 3621 7856 3553 7856 3624 7857 3625 7857 3554 7857 3623 7858 3624 7858 3554 7858 3622 7859 3623 7859 3555 7859 3554 7860 3555 7860 3623 7860 3553 7861 3554 7861 3625 7861 3555 7862 3553 7862 3621 7862 3571 7863 3570 7863 3503 7863 3567 7864 3569 7864 3504 7864 3570 7865 3567 7865 3502 7865 3502 7866 3503 7866 3570 7866 3504 7867 3502 7867 3567 7867 3571 7868 3504 7868 3569 7868 3525 7869 3498 7869 3630 7869 3524 7870 3525 7870 3618 7870 3497 7871 3524 7871 3572 7871 3498 7872 3497 7872 3572 7872 3572 7873 3630 7873 3498 7873 3617 7874 3572 7874 3524 7874 3618 7875 3617 7875 3524 7875 3630 7876 3618 7876 3525 7876 3560 7877 3526 7877 3632 7877 3559 7878 3560 7878 3632 7878 3632 7879 3633 7879 3559 7879 3559 7880 3632 7880 3526 7880 3515 7881 3518 7881 3590 7881 3516 7882 3515 7882 3586 7882 3519 7883 3516 7883 3587 7883 3518 7884 3519 7884 3590 7884 3587 7885 3590 7885 3519 7885 3586 7886 3587 7886 3516 7886 3588 7887 3586 7887 3515 7887 3590 7888 3588 7888 3515 7888 3513 7889 3563 7889 3628 7889 3512 7890 3513 7890 3584 7890 3514 7891 3512 7891 3583 7891 3563 7892 3629 7892 3574 7892 3574 7893 3628 7893 3563 7893 3583 7894 3629 7894 3514 7894 3584 7895 3583 7895 3512 7895 3628 7896 3584 7896 3513 7896 3543 7897 3541 7897 3601 7897 3542 7898 3543 7898 3636 7898 3541 7899 3542 7899 3636 7899 3636 7900 3601 7900 3541 7900 3635 7901 3636 7901 3543 7901 3601 7902 3635 7902 3543 7902 3545 7903 3548 7903 3597 7903 3546 7904 3545 7904 3596 7904 3548 7905 3546 7905 3595 7905 3596 7906 3595 7906 3546 7906 3597 7907 3596 7907 3545 7907 3595 7908 3597 7908 3548 7908 3495 7909 3535 7909 3609 7909 3533 7910 3495 7910 3607 7910 3535 7911 3533 7911 3609 7911 3607 7912 3609 7912 3533 7912 3576 7913 3607 7913 3495 7913 3609 7914 3576 7914 3495 7914 3537 7915 3539 7915 3603 7915 3538 7916 3537 7916 3606 7916 3539 7917 3538 7917 3605 7917 3605 7918 3603 7918 3539 7918 3606 7919 3605 7919 3538 7919 3603 7920 3606 7920 3537 7920 3509 7921 3506 7921 3578 7921 3510 7922 3509 7922 3580 7922 3507 7923 3510 7923 3581 7923 3506 7924 3507 7924 3578 7924 3581 7925 3578 7925 3507 7925 3580 7926 3581 7926 3510 7926 3578 7927 3580 7927 3509 7927 3531 7928 3528 7928 3612 7928 3529 7929 3531 7929 3614 7929 3528 7930 3529 7930 3611 7930 3611 7931 3612 7931 3528 7931 3614 7932 3611 7932 3529 7932 3612 7933 3614 7933 3531 7933 3641 7934 3642 7934 3640 7934 3642 7935 3641 7935 3651 7935 3640 7936 3642 7936 3644 7936 3644 7937 3643 7937 3640 7937 3641 7938 3640 7938 3643 7938 3651 7939 3641 7939 3643 7939 3651 7940 3644 7940 3642 7940 3646 7941 3647 7941 3663 7941 3648 7942 3646 7942 3649 7942 3648 7943 3647 7943 3645 7943 3646 7944 3663 7944 3649 7944 3648 7945 3649 7945 3647 7945 3644 7946 3651 7946 3643 7946 3648 7947 3645 7947 3651 7947 3645 7948 3644 7948 3651 7948 3644 7949 3645 7949 3650 7949 3648 7950 3651 7950 3646 7950 3644 7951 3650 7951 3654 7951 3654 7952 3652 7952 3644 7952 3644 7953 3652 7953 3651 7953 3650 7954 3653 7954 3654 7954 3653 7955 3650 7955 3645 7955 3653 7956 3652 7956 3654 7956 3652 7957 3653 7957 3657 7957 3657 7958 3655 7958 3652 7958 3656 7959 3655 7959 3657 7959 3657 7960 3658 7960 3656 7960 3658 7961 3659 7961 3656 7961 3659 7962 3658 7962 3660 7962 3660 7963 3661 7963 3659 7963 3649 7964 3663 7964 3662 7964 3663 7965 3647 7965 3665 7965 3647 7966 3664 7966 3665 7966 3664 7967 3647 7967 3649 7967 3662 7968 3664 7968 3649 7968 3662 7969 3663 7969 3665 7969 3665 7970 3664 7970 3662 7970 3666 7971 3667 7971 3648 7971 3666 7972 3648 7972 3667 7972 3646 7973 3668 7973 3670 7973 3670 7974 3647 7974 3646 7974 3669 7975 3670 7975 3668 7975 3703 7976 3704 7976 3671 7976 3673 7977 3674 7977 3672 7977 3672 7978 3671 7978 3673 7978 3673 7979 3675 7979 3676 7979 3676 7980 3674 7980 3673 7980 3676 7981 3675 7981 3678 7981 3678 7982 3677 7982 3676 7982 3679 7983 3681 7983 3680 7983 3680 7984 3677 7984 3679 7984 3681 7985 3682 7985 3683 7985 3683 7986 3773 7986 3681 7986 3681 7987 3773 7987 3680 7987 3685 7988 3688 7988 3684 7988 3682 7989 3685 7989 3684 7989 3684 7990 3683 7990 3682 7990 3685 7991 3686 7991 3687 7991 3687 7992 3686 7992 3690 7992 3690 7993 3689 7993 3687 7993 3690 7994 3693 7994 3689 7994 3691 7995 3692 7995 3809 7995 3691 7996 3809 7996 3693 7996 3694 7997 3696 7997 3695 7997 3692 7998 3694 7998 3790 7998 3696 7999 3697 7999 3695 7999 3699 8000 3700 8000 3697 8000 3697 8001 3698 8001 3699 8001 3699 8002 3701 8002 3702 8002 3669 8003 3668 8003 3702 8003 3702 8004 3701 8004 3669 8004 3702 8005 3700 8005 3699 8005 3696 8006 3698 8006 3697 8006 3695 8007 3790 8007 3694 8007 3693 8008 3690 8008 3691 8008 3687 8009 3688 8009 3685 8009 3677 8010 3678 8010 3679 8010 3671 8011 3672 8011 3703 8011 3705 8012 3669 8012 3701 8012 3706 8013 3705 8013 3699 8013 3707 8014 3679 8014 3678 8014 3708 8015 3675 8015 3673 8015 3709 8016 3673 8016 3671 8016 3705 8017 3670 8017 3669 8017 3710 8018 3706 8018 3696 8018 3678 8019 3708 8019 3707 8019 3673 8020 3709 8020 3708 8020 3671 8021 3711 8021 3709 8021 3699 8022 3698 8022 3706 8022 3706 8023 3698 8023 3696 8023 3712 8024 3710 8024 3694 8024 3713 8025 3681 8025 3679 8025 3671 8026 3704 8026 3711 8026 3710 8027 3696 8027 3694 8027 3714 8028 3712 8028 3691 8028 3715 8029 3682 8029 3681 8029 3679 8030 3707 8030 3713 8030 3694 8031 3692 8031 3712 8031 3712 8032 3692 8032 3691 8032 3716 8033 3714 8033 3690 8033 3681 8034 3713 8034 3715 8034 3678 8035 3675 8035 3708 8035 3714 8036 3691 8036 3690 8036 3718 8037 3716 8037 3690 8037 3718 8038 3686 8038 3685 8038 3685 8039 3715 8039 3717 8039 3685 8040 3717 8040 3718 8040 3741 8041 3711 8041 3704 8041 3690 8042 3686 8042 3718 8042 3685 8043 3682 8043 3715 8043 3743 8044 3647 8044 3670 8044 3670 8045 3719 8045 3743 8045 3701 8046 3699 8046 3705 8046 3670 8047 3705 8047 3719 8047 3719 8048 3837 8048 3848 8048 3837 8049 3719 8049 3705 8049 3705 8050 3706 8050 3839 8050 3706 8051 3838 8051 3839 8051 3710 8052 3720 8052 3838 8052 3838 8053 3706 8053 3710 8053 3721 8054 3710 8054 3712 8054 3722 8055 3712 8055 3714 8055 3714 8056 3723 8056 3722 8056 3723 8057 3714 8057 3716 8057 3716 8058 3857 8058 3723 8058 3718 8059 3724 8059 3857 8059 3857 8060 3716 8060 3718 8060 3717 8061 3725 8061 3724 8061 3724 8062 3718 8062 3717 8062 3717 8063 3715 8063 3725 8063 3715 8064 3860 8064 3725 8064 3713 8065 3726 8065 3860 8065 3860 8066 3715 8066 3713 8066 3713 8067 3707 8067 3834 8067 3707 8068 3727 8068 3834 8068 3708 8069 3832 8069 3727 8069 3727 8070 3707 8070 3708 8070 3708 8071 3709 8071 3863 8071 3709 8072 3711 8072 3828 8072 3711 8073 3825 8073 3828 8073 3711 8074 3741 8074 3867 8074 3867 8075 3825 8075 3711 8075 3728 8076 3729 8076 3867 8076 3729 8077 3728 8077 3730 8077 3730 8078 3731 8078 3729 8078 3730 8079 3732 8079 3733 8079 3733 8080 3731 8080 3730 8080 3732 8081 3734 8081 3733 8081 3732 8082 3735 8082 3736 8082 3738 8083 3737 8083 3735 8083 3735 8084 3740 8084 3738 8084 3719 8085 3739 8085 3740 8085 3719 8086 3848 8086 3739 8086 3740 8087 3743 8087 3719 8087 3737 8088 3736 8088 3735 8088 3736 8089 3734 8089 3732 8089 3828 8090 3863 8090 3709 8090 3863 8091 3832 8091 3708 8091 3834 8092 3726 8092 3713 8092 3722 8093 3721 8093 3712 8093 3721 8094 3720 8094 3710 8094 3839 8095 3837 8095 3705 8095 3741 8096 3745 8096 3728 8096 3741 8097 3728 8097 3867 8097 3740 8098 3742 8098 3743 8098 3745 8099 3741 8099 3744 8099 3742 8100 3747 8100 3743 8100 3745 8101 3746 8101 3730 8101 3730 8102 3728 8102 3745 8102 3747 8103 3735 8103 3732 8103 3742 8104 3740 8104 3735 8104 3732 8105 3746 8105 3747 8105 3747 8106 3742 8106 3735 8106 3732 8107 3730 8107 3746 8107 3746 8108 3749 8108 3748 8108 3748 8109 3747 8109 3746 8109 3748 8110 3743 8110 3747 8110 3746 8111 3745 8111 3744 8111 3744 8112 3749 8112 3746 8112 3658 8113 3748 8113 3749 8113 3704 8114 3759 8114 3744 8114 3749 8115 3660 8115 3658 8115 3744 8116 3741 8116 3704 8116 3749 8117 3759 8117 3660 8117 3750 8118 3660 8118 3759 8118 3748 8119 3658 8119 3657 8119 3645 8120 3657 8120 3653 8120 3759 8121 3749 8121 3744 8121 3657 8122 3645 8122 3748 8122 3645 8123 3743 8123 3748 8123 3743 8124 3645 8124 3647 8124 3750 8125 3751 8125 3661 8125 3752 8126 3750 8126 3753 8126 3752 8127 3751 8127 3750 8127 3661 8128 3660 8128 3750 8128 3755 8129 3756 8129 3754 8129 3759 8130 3755 8130 3753 8130 3753 8131 3750 8131 3759 8131 3754 8132 3753 8132 3755 8132 3751 8133 3752 8133 3756 8133 3756 8134 3757 8134 3751 8134 3756 8135 3752 8135 3754 8135 3754 8136 3752 8136 3753 8136 3758 8137 3755 8137 3759 8137 3760 8138 3757 8138 3763 8138 3758 8139 3757 8139 3756 8139 3760 8140 3759 8140 3704 8140 3758 8141 3756 8141 3755 8141 3760 8142 3763 8142 3759 8142 3703 8143 3761 8143 3762 8143 3757 8144 3760 8144 3761 8144 3761 8145 3703 8145 3757 8145 3762 8146 3760 8146 3704 8146 3704 8147 3703 8147 3762 8147 3763 8148 3757 8148 3765 8148 3764 8149 3765 8149 3758 8149 3757 8150 3758 8150 3765 8150 3758 8151 3759 8151 3764 8151 3759 8152 3763 8152 3764 8152 3763 8153 3765 8153 3764 8153 3761 8154 3767 8154 3762 8154 3766 8155 3761 8155 3760 8155 3760 8156 3762 8156 3766 8156 3762 8157 3767 8157 3766 8157 3766 8158 3767 8158 3761 8158 3769 8159 3760 8159 3761 8159 3761 8160 3760 8160 3768 8160 3768 8161 3769 8161 3761 8161 3768 8162 3760 8162 3769 8162 3771 8163 3668 8163 3646 8163 3795 8164 3785 8164 3771 8164 3793 8165 3794 8165 3813 8165 3827 8166 3703 8166 3826 8166 3853 8167 3827 8167 3826 8167 3703 8168 3827 8168 3826 8168 3703 8169 3826 8169 3775 8169 3793 8170 3772 8170 3778 8170 3778 8171 3684 8171 3793 8171 3778 8172 3774 8172 3684 8172 3774 8173 3772 8173 3773 8173 3779 8174 3815 8174 3776 8174 3779 8175 3780 8175 3815 8175 3780 8176 3773 8176 3782 8176 3780 8177 3781 8177 3815 8177 3773 8178 3781 8178 3782 8178 3783 8179 3777 8179 3703 8179 3817 8180 3801 8180 3784 8180 3784 8181 3775 8181 3817 8181 3775 8182 3703 8182 3804 8182 3775 8183 3804 8183 3703 8183 3806 8184 3807 8184 3787 8184 3789 8185 3702 8185 3787 8185 3787 8186 3702 8186 3806 8186 3788 8187 3770 8187 3695 8187 3697 8188 3700 8188 3789 8188 3789 8189 3770 8189 3788 8189 3789 8190 3787 8190 3770 8190 3790 8191 3695 8191 3791 8191 3770 8192 3809 8192 3841 8192 3841 8193 3791 8193 3770 8193 3809 8194 3790 8194 3841 8194 3791 8195 3695 8195 3770 8195 3689 8196 3811 8196 3792 8196 3812 8197 3689 8197 3693 8197 3793 8198 3688 8198 3687 8198 3793 8199 3813 8199 3772 8199 3792 8200 3687 8200 3689 8200 3792 8201 3794 8201 3687 8201 3656 8202 3659 8202 3795 8202 3659 8203 3786 8203 3795 8203 3796 8204 3659 8204 3797 8204 3786 8205 3659 8205 3796 8205 3796 8206 3797 8206 3786 8206 3798 8207 3801 8207 3797 8207 3799 8208 3659 8208 3801 8208 3799 8209 3797 8209 3659 8209 3798 8210 3799 8210 3801 8210 3661 8211 3775 8211 3800 8211 3775 8212 3784 8212 3800 8212 3659 8213 3800 8213 3801 8213 3800 8214 3659 8214 3661 8214 3751 8215 3703 8215 3661 8215 3703 8216 3775 8216 3661 8216 3672 8217 3674 8217 3865 8217 3865 8218 3783 8218 3672 8218 3674 8219 3777 8219 3865 8219 3777 8220 3783 8220 3865 8220 3802 8221 3777 8221 3803 8221 3803 8222 3676 8222 3802 8222 3803 8223 3674 8223 3676 8223 3676 8224 3677 8224 3776 8224 3802 8225 3676 8225 3861 8225 3861 8226 3776 8226 3802 8226 3776 8227 3677 8227 3779 8227 3677 8228 3680 8228 3779 8228 3780 8229 3779 8229 3680 8229 3774 8230 3773 8230 3683 8230 3683 8231 3684 8231 3774 8231 3684 8232 3688 8232 3793 8232 3812 8233 3693 8233 3809 8233 3790 8234 3809 8234 3692 8234 3697 8235 3788 8235 3695 8235 3789 8236 3700 8236 3702 8236 3806 8237 3702 8237 3668 8237 3651 8238 3652 8238 3655 8238 3656 8239 3795 8239 3646 8239 3655 8240 3656 8240 3646 8240 3655 8241 3646 8241 3651 8241 3703 8242 3777 8242 3826 8242 3806 8243 3668 8243 3771 8243 3771 8244 3805 8244 3806 8244 3806 8245 3805 8245 3807 8245 3809 8246 3770 8246 3808 8246 3820 8247 3812 8247 3809 8247 3810 8248 3811 8248 3812 8248 3811 8249 3689 8249 3812 8249 3792 8250 3811 8250 3813 8250 3773 8251 3815 8251 3781 8251 3802 8252 3776 8252 3816 8252 3816 8253 3776 8253 3815 8253 3815 8254 3773 8254 3814 8254 3772 8255 3814 8255 3773 8255 3810 8256 3809 8256 3811 8256 3808 8257 3811 8257 3809 8257 3807 8258 3770 8258 3787 8258 3785 8259 3805 8259 3771 8259 3797 8260 3801 8260 3817 8260 3680 8261 3773 8261 3780 8261 3803 8262 3777 8262 3674 8262 3703 8263 3672 8263 3783 8263 3751 8264 3757 8264 3703 8264 3789 8265 3788 8265 3697 8265 3774 8266 3778 8266 3772 8266 3794 8267 3793 8267 3687 8267 3771 8268 3646 8268 3795 8268 3731 8269 3835 8269 3823 8269 3825 8270 3826 8270 3827 8270 3853 8271 3825 8271 3827 8271 3853 8272 3826 8272 3825 8272 3855 8273 3833 8273 3725 8273 3825 8274 3854 8274 3783 8274 3828 8275 3825 8275 3783 8275 3823 8276 3824 8276 3868 8276 3824 8277 3729 8277 3868 8277 3836 8278 3823 8278 3736 8278 3823 8279 3734 8279 3736 8279 3835 8280 3798 8280 3823 8280 3798 8281 3734 8281 3823 8281 3850 8282 3821 8282 3836 8282 3836 8283 3785 8283 3850 8283 3720 8284 3819 8284 3838 8284 3838 8285 3840 8285 3839 8285 3839 8286 3840 8286 3837 8286 3840 8287 3838 8287 3837 8287 3722 8288 3841 8288 3721 8288 3818 8289 3819 8289 3841 8289 3841 8290 3722 8290 3818 8290 3722 8291 3857 8291 3843 8291 3843 8292 3857 8292 3844 8292 3722 8293 3844 8293 3818 8293 3819 8294 3818 8294 3846 8294 3837 8295 3838 8295 3846 8295 3837 8296 3847 8296 3848 8296 3847 8297 3739 8297 3848 8297 3739 8298 3847 8298 3850 8298 3740 8299 3850 8299 3771 8299 3771 8300 3849 8300 3740 8300 3849 8301 3850 8301 3738 8301 3849 8302 3771 8302 3850 8302 3738 8303 3740 8303 3849 8303 3823 8304 3836 8304 3821 8304 3824 8305 3823 8305 3851 8305 3825 8306 3853 8306 3854 8306 3855 8307 3860 8307 3830 8307 3782 8308 3830 8308 3860 8308 3844 8309 3722 8309 3820 8309 3820 8310 3722 8310 3844 8310 3843 8311 3844 8311 3722 8311 3842 8312 3857 8312 3723 8312 3842 8313 3723 8313 3857 8313 3858 8314 3724 8314 3822 8314 3856 8315 3857 8315 3724 8315 3833 8316 3822 8316 3859 8316 3822 8317 3724 8317 3859 8317 3859 8318 3725 8318 3833 8318 3855 8319 3725 8319 3860 8319 3782 8320 3860 8320 3726 8320 3726 8321 3830 8321 3782 8321 3830 8322 3726 8322 3834 8322 3727 8323 3829 8323 3834 8323 3727 8324 3832 8324 3862 8324 3861 8325 3829 8325 3727 8325 3832 8326 3829 8326 3861 8326 3862 8327 3861 8327 3727 8327 3831 8328 3832 8328 3863 8328 3864 8329 3831 8329 3863 8329 3863 8330 3865 8330 3864 8330 3863 8331 3828 8331 3865 8331 3824 8332 3852 8332 3866 8332 3866 8333 3852 8333 3825 8333 3825 8334 3867 8334 3866 8334 3868 8335 3729 8335 3731 8335 3731 8336 3733 8336 3869 8336 3869 8337 3733 8337 3734 8337 3869 8338 3835 8338 3731 8338 3737 8339 3836 8339 3736 8339 3739 8340 3850 8340 3740 8340 3867 8341 3729 8341 3824 8341 3859 8342 3724 8342 3725 8342 3858 8343 3856 8343 3724 8343 3723 8344 3857 8344 3722 8344 3721 8345 3819 8345 3720 8345 3822 8346 3833 8346 3855 8346 3832 8347 3831 8347 3829 8347 3853 8348 3825 8348 3852 8348 3851 8349 3852 8349 3824 8349 3846 8350 3847 8350 3837 8350 3846 8351 3838 8351 3819 8351 3845 8352 3844 8352 3857 8352 3845 8353 3857 8353 3822 8353 3785 8354 3738 8354 3850 8354 3864 8355 3854 8355 3831 8355 3834 8356 3829 8356 3830 8356 3823 8357 3868 8357 3731 8357 3823 8358 3821 8358 3797 8358 3821 8359 3786 8359 3797 8359 3821 8360 3850 8360 3785 8360 3785 8361 3786 8361 3821 8361 3807 8362 3805 8362 3847 8362 3805 8363 3785 8363 3850 8363 3850 8364 3847 8364 3805 8364 3770 8365 3807 8365 3846 8365 3808 8366 3770 8366 3818 8366 3770 8367 3846 8367 3818 8367 3818 8368 3844 8368 3811 8368 3811 8369 3808 8369 3818 8369 3813 8370 3811 8370 3845 8370 3811 8371 3844 8371 3845 8371 3813 8372 3845 8372 3822 8372 3822 8373 3855 8373 3772 8373 3772 8374 3813 8374 3822 8374 3855 8375 3814 8375 3772 8375 3855 8376 3830 8376 3815 8376 3855 8377 3815 8377 3814 8377 3816 8378 3830 8378 3829 8378 3830 8379 3816 8379 3815 8379 3829 8380 3831 8380 3802 8380 3831 8381 3777 8381 3802 8381 3831 8382 3854 8382 3777 8382 3826 8383 3853 8383 3852 8383 3852 8384 3775 8384 3826 8384 3854 8385 3853 8385 3826 8385 3854 8386 3826 8386 3777 8386 3851 8387 3817 8387 3775 8387 3775 8388 3852 8388 3851 8388 3797 8389 3817 8389 3823 8389 3851 8390 3823 8390 3817 8390 3802 8391 3816 8391 3829 8391 3847 8392 3846 8392 3807 8392 3792 8393 3813 8393 3857 8393 3794 8394 3792 8394 3856 8394 3813 8395 3794 8395 3858 8395 3858 8396 3822 8396 3813 8396 3856 8397 3858 8397 3794 8397 3857 8398 3856 8398 3792 8398 3822 8399 3857 8399 3813 8399 3843 8400 3844 8400 3812 8400 3844 8401 3843 8401 3812 8401 3790 8402 3791 8402 3721 8402 3841 8403 3819 8403 3791 8403 3721 8404 3841 8404 3790 8404 3819 8405 3721 8405 3791 8405 3809 8406 3810 8406 3820 8406 3810 8407 3812 8407 3820 8407 3788 8408 3789 8408 3839 8408 3789 8409 3788 8409 3839 8409 3840 8410 3839 8410 3789 8410 3839 8411 3840 8411 3789 8411 3848 8412 3739 8412 3806 8412 3739 8413 3848 8413 3806 8413 3785 8414 3795 8414 3738 8414 3795 8415 3786 8415 3737 8415 3836 8416 3737 8416 3786 8416 3785 8417 3836 8417 3786 8417 3737 8418 3738 8418 3795 8418 3797 8419 3799 8419 3869 8419 3798 8420 3797 8420 3734 8420 3799 8421 3798 8421 3835 8421 3835 8422 3869 8422 3799 8422 3869 8423 3734 8423 3797 8423 3775 8424 3804 8424 3866 8424 3804 8425 3775 8425 3866 8425 3866 8426 3867 8426 3804 8426 3824 8427 3866 8427 3804 8427 3867 8428 3824 8428 3804 8428 3801 8429 3800 8429 3868 8429 3784 8430 3801 8430 3868 8430 3800 8431 3784 8431 3868 8431 3729 8432 3868 8432 3800 8432 3868 8433 3729 8433 3800 8433 3865 8434 3783 8434 3864 8434 3865 8435 3828 8435 3783 8435 3854 8436 3864 8436 3783 8436 3861 8437 3676 8437 3832 8437 3676 8438 3776 8438 3862 8438 3862 8439 3832 8439 3676 8439 3861 8440 3862 8440 3776 8440 3863 8441 3831 8441 3803 8441 3831 8442 3863 8442 3803 8442 3781 8443 3780 8443 3830 8443 3780 8444 3782 8444 3830 8444 3830 8445 3782 8445 3781 8445 3780 8446 3779 8446 3834 8446 3779 8447 3780 8447 3834 8447 3778 8448 3774 8448 3833 8448 3774 8449 3778 8449 3725 8449 3725 8450 3833 8450 3774 8450 3833 8451 3725 8451 3778 8451 3855 8452 3860 8452 3814 8452 3860 8453 3855 8453 3814 8453</p>
                </triangles>
            </mesh>
        </geometry>
    </library_geometries>
    <library_visual_scenes>
        <visual_scene id="VisualSceneNode" name="VisualScene">
            <node id="node" name="node">
                <instance_geometry url="#shape0-lib"/>
            </node>
        </visual_scene>
    </library_visual_scenes>
    <scene>
        <instance_visual_scene url="#VisualSceneNode"/>
    </scene>
</COLLADA>
