<?xml version="1.0" encoding="utf-8"?>
<COLLADA xmlns="http://www.collada.org/2005/11/COLLADASchema" version="1.4.1" xmlns:xsi="http://www.w3.org/2001/XMLSchema-instance">
  <asset>
    <contributor>
      <author>Blender User</author>
      <authoring_tool>Blender 2.90.1 commit date:2020-09-23, commit time:06:43, hash:3e85bb34d0d7</authoring_tool>
    </contributor>
    <created>2020-11-18T10:54:27</created>
    <modified>2020-11-18T10:54:27</modified>
    <unit name="meter" meter="1"/>
    <up_axis>Z_UP</up_axis>
  </asset>
  <library_images/>
  <library_geometries>
    <geometry id="Forearm_4Tube_Separate-mesh" name="Forearm 4Tube Separate">
      <mesh>
        <source id="Forearm_4Tube_Separate-mesh-positions">
          <float_array id="Forearm_4Tube_Separate-mesh-positions-array" count="12462">-4.469878 21.02912 10 -5.891134 21.48818 9.742468 -4.972918 21.6867 8.762725 -3.67647 21.95892 9.103897 -3.410129 22.02071 10.2277 -4.084061 21.87229 11.19885 -5.400163 21.59589 11.01472 -4.35365 26.67156 9.98167 -4.747653 26.59152 9.097595 -5.186685 26.70504 8.696364 -6.537446 26.20019 9.083511 -6.832094 26.14846 10.21 -6.337684 26.24984 11.05183 -5.407691 26.45123 11.24623 -4.732401 26.75798 10.96838 -7.181479 26.32951 10.31935 -5.835667 26.61277 11.57027 -4.150771 26.97091 9.68123 -6.428262 26.48611 8.627371 2.625771 28.41691 14 -0.3470798 27.78478 11.18714 1.266786 28.15374 7.038476 1.477615 28.17239 10.1683 1.10647 28.08851 8.988639 -12.51097 25.2047 7.044844 -10.77863 25.55758 8.8224 0.8664937 28.0375 11.18961 -1.10758 27.6185 10.27627 -0.4584539 27.75696 8.809412 -13.95696 24.89214 14 -12.76084 25.1446 10.46463 -10.31334 25.66176 10.56481 -11.68203 25.37132 11.36139 -12.52263 25.19156 9.077779 7.050557 28.85425 14 8.119458 29.03185 7 14.646 31.32043 7 11.66881 30.25379 14.00019 -19.30086 23.17502 7 -25.13791 22.77917 7 -23.3295 22.91281 14.00004 -19.22583 23.21944 14 -12.18709 24.95089 10.75781 -11.30737 25.1466 10.99698 -10.64801 25.28378 10.59323 -10.55879 25.29699 9.505849 -11.64806 25.06546 8.961406 -12.43319 24.90433 9.695828 -9.555707 20.71059 9.557848 -10.45963 20.52114 8.970784 -11.28841 20.34497 9.366303 -11.37941 20.31787 10.60235 -9.903614 20.63156 10.90642 -10.36999 19.92858 10 -0.6865593 27.40115 10.33207 -0.0308417 27.54053 10.9836 0.8701609 27.73204 10.82423 1.283749 27.8142 9.817878 0.5642056 27.66701 9.016401 -0.4733998 27.44071 9.266809 2.182064 23.20553 9.557848 1.278141 23.01607 8.970784 0.3426342 22.81455 9.483976 0.4853775 22.84489 10.71688 1.834159 23.1265 10.90642 1.367776 22.42352 10 7.964636 22.33979 14 -16.97167 18.82627 14 -4.712129 20.19844 13.99968 -13.57854 17.4167 14 -16.19183 14.22952 14.0001 4.024105 21.48483 14 8.083788 25.35029 14 -19.89296 21.93218 14 9.488508 28.4394 14 7.414796 20.64532 14 9.543951 18.98958 13.99994 -12.41487 17.99062 10 -15.40822 15.61181 10 -5.900182 19.95202 9.999952 4.32773 21.46932 10 7.720187 20.48306 10 -17.58644 11.00701 9.999739 -20.48306 7.720187 10 -20.75695 0.7644268 10 -19.68687 6.396652 10 -21.46932 4.32773 10 -19.95202 -5.900182 9.999952 -12.75672 16.39211 10 -19.55917 9.067611 13.99961 -21.49427 4.908579 14 6.396652 19.68687 10 0.7644268 20.75695 10 18.36862 9.70133 9.999444 17.99062 12.41487 10 11.42967 17.30921 10.00012 15.3831 13.851 10 15.84456 15.17096 10 20.55716 2.999509 9.999594 17.85295 12.68594 14 15.57212 15.38395 14 13.9905 16.30533 13.9994 21.46932 -4.32773 10 20.19844 4.712129 13.99968 20.48306 -7.720187 10 19.55917 -9.067611 13.99961 21.49427 -4.908579 14 20.30676 -4.370326 9.999552 12.75672 -16.39211 10 12.41487 -17.99062 10 17.59679 -11.00062 9.999773 15.40822 -15.61181 10 5.900182 -19.95202 9.999952 13.57854 -17.4167 14 16.19183 -14.22952 14.0001 -7.754356 19.19271 3 -4.303783 20.24765 3 -12.24088 16.78083 3 -16.74928 12.23095 2.999986 -19.27548 7.623122 3 -20.72314 1.409455 3 -19.95545 -5.763268 3 -17.5546 -10.96933 3 -15.3831 -13.851 3 -16.39211 -12.75672 10 -11.78015 -17.09554 9.999706 -11.53717 -17.26152 2.999925 -10.88481 -17.69484 9.999717 -6.396652 -19.68687 3 -1.409455 -20.72314 3 -6.396652 -19.68687 10 -0.7644268 -20.75695 10 5.763268 -19.95545 3 12.24088 -16.78083 3 16.67249 -12.32404 2.999995 19.03627 -8.226194 3.000014 20.44068 -3.424006 3.000007 20.66086 2.260931 2.999948 19.02384 8.243079 3.000006 16.33673 12.76536 3 12.74419 16.31182 3 8.371396 19.02451 2.999952 1.409455 20.72314 3 -4.32773 -21.46932 10 -4.024105 -21.48483 14 4.712129 -20.19844 13.99968 -20.19844 -4.712129 13.99968 -17.99062 -12.41487 10 -17.85295 -12.68594 14 -15.84456 -15.17096 10 -7.720187 -20.48306 10 -9.543951 -18.98958 13.99994 -7.414796 -20.64532 14 -15.57212 -15.38395 14 -13.9905 -16.30533 13.9994 23.41268 -7.843771 14 24.10069 5.642048 14 17.8309 16.55343 14 21.44255 15.45901 14 27.99744 -9.132601 14.00019 26.37559 -8.390151 14 25.83737 -5.348348 14 21.60238 19.16054 14 22.14399 20.35679 13.99993 21.42824 15.39496 10 24.3119 4.64837 10 30.09885 -11.3659 9.999944 26.13906 -6.37848 10 21.53892 18.31547 10 22.8598 22.54018 9.999954 13.84538 31.05729 16 15.97536 31.19945 16 18.89038 30.43783 16 19.23295 30.24865 7 21.84419 27.66094 16 21.4301 28.18714 7 22.79506 25.31928 7.000233 22.88044 24.60636 16.00008 11.84172 30.32081 16 9.252502 28.12724 16 7.847051 24.10166 16 8.78845 20.07468 16.00084 10.88161 17.73859 16 13.93347 16.2939 15.99882 16.96406 16.38508 16 20.0664 17.76033 16 22.52239 21.15639 15.99874 23.15312 19.46434 7 23.76132 17.48952 10 28.8998 -7.264927 10 27.57515 3.551559 10 29.06545 -8.2446 7 27.71676 2.695539 7.022012 25.92182 10.48686 7.021063 31.17622 -13.99772 7 9.535833 22.47372 16 9.437587 24.34836 16 21.2736 24.96866 16 21.37185 23.09402 16 20.60087 26.72119 16 19.4195 28.18006 16 17.84514 29.20246 16 16.03189 29.68832 16 14.15725 29.59007 16 9.923446 26.16161 16 12.40472 28.91734 16 10.94585 27.73597 16 10.20857 20.72119 16 11.38993 19.26232 16 20.88599 21.28077 16 19.86359 19.7064 16 12.9643 18.23991 16 18.40472 18.52503 16 16.65219 17.8523 16 14.77755 17.75406 16 13.39419 29.44275 10 10.41511 27.16827 10 9.450783 23.78501 10.01807 9.683156 21.71065 10 11.95764 18.73158 10 14.77755 17.75406 10 17.41525 17.99962 10 20.39432 20.27411 10 21.46754 23.86526 10 20.77168 26.23251 10.012 19.4195 28.18006 10 17.14122 29.53179 10 16.97167 -18.82627 14 -7.964636 -22.33979 14 -8.083788 -25.35029 14 -5.348348 -25.83737 14 5.642048 -24.10069 14 15.45901 -21.44255 14 19.54648 -21.73886 13.99963 -9.101896 -27.92432 13.99963 15.39496 -21.42824 10 4.64837 -24.3119 10 -11.28833 -30.08811 10.00005 -6.37848 -26.13906 10 19.24315 -21.76016 10 30.31933 -11.70265 16.00018 31.27886 -15.78519 16 30.72702 -18.26502 7 30.2866 -19.03038 16 28.38287 -21.36558 16 28.06848 -21.5986 7 25.28052 -22.74083 16 27.27397 -8.70839 16.001 23.02222 -7.869831 16 19.06462 -9.44044 15.99886 16.57884 -12.90347 15.99849 16.36247 -17.1689 16 18.4582 -20.83741 16.0005 22.07692 -22.78509 16.0009 23.3295 -22.91281 10.00001 25.13791 -22.77917 7 19.46434 -23.15312 7 19.35381 -23.19923 10 6.456448 -27.06633 10 -7.264927 -28.8998 10 -8.2446 -29.06545 7 1.945939 -27.82429 7.036994 7.880984 -26.64828 7.029932 -14.646 -31.32043 7 27.73597 -10.94585 16 26.16161 -9.923446 16 24.34836 -9.437587 16 22.47372 -9.535833 16 18.52503 -18.40472 16 19.7064 -19.86359 16 29.59007 -14.15725 16 29.68832 -16.03189 16 20.72119 -10.20857 16 19.26232 -11.38993 16 18.23991 -12.9643 16 17.75406 -14.77755 16 17.8523 -16.65219 16 21.28077 -20.88599 16 28.91734 -12.40472 16 23.09402 -21.37185 16 29.20246 -17.84514 16 28.18006 -19.4195 16 24.96866 -21.2736 16 26.72119 -20.60087 16 21.71065 -9.683156 10 18.73158 -11.95764 10 17.75406 -14.77755 10 17.99962 -17.41525 10 20.27411 -20.39432 10 23.86526 -21.46754 10 26.23251 -20.77168 10.012 28.18006 -19.4195 10 29.53179 -17.14122 10 29.44275 -13.39419 10 27.16827 -10.41511 10 23.78501 -9.450783 10.01807 -23.41268 7.843771 14 -24.10069 -5.642048 14 -17.8309 -16.55343 14 -26.37559 8.390151 14 -25.83737 5.348348 14 -27.99744 9.132601 14.00019 -21.44255 -15.45901 14 -21.60238 -19.16054 14 -22.14399 -20.35679 13.99993 -21.42824 -15.39496 10 -24.3119 -4.64837 10 -30.09885 11.3659 9.999944 -26.13906 6.37848 10 -21.53892 -18.31547 10 -22.8598 -22.54018 9.999954 -13.84538 -31.05729 16 -15.97536 -31.19945 16 -18.89038 -30.43783 16 -19.23295 -30.24865 7 -21.84419 -27.66094 16 -21.4301 -28.18714 7 -22.79506 -25.31928 7.000194 -22.88044 -24.60636 16.00008 -7.847051 -24.10166 16 -8.83931 -27.34685 16 -8.78845 -20.07468 16.00084 -10.88161 -17.73859 16 -13.93347 -16.2939 15.99882 -16.96406 -16.38508 16 -20.0664 -17.76033 16 -22.52239 -21.15639 15.99874 -10.90074 -29.7947 16.0009 -23.15312 -19.46434 7 -23.76132 -17.48952 10 -28.8998 7.264927 10 -27.57515 -3.551559 10 -29.06545 8.2446 7 -27.71676 -2.695539 7.022012 -25.92182 -10.48686 7.021063 -31.17622 13.99772 7 -30.31933 11.70265 16.00018 -31.27886 15.78519 16 -30.72702 18.26502 7 -30.2866 19.03038 16 -28.38287 21.36558 16 -28.06848 21.5986 7 -25.28052 22.74083 16 -16.36247 17.1689 16 -16.57884 12.90347 15.99849 -18.48443 20.86727 16 -22.12765 22.78691 16.00063 -27.27397 8.70839 16.001 -23.02222 7.869831 16 -19.06462 9.44044 15.99886 -9.535833 -22.47372 16 -9.437587 -24.34836 16 -10.20857 -20.72119 16 -11.38993 -19.26232 16 -12.9643 -18.23991 16 -14.77755 -17.75406 16 -16.65219 -17.8523 16 -9.923446 -26.16161 16 -10.94585 -27.73597 16 -20.88599 -21.28077 16 -19.86359 -19.7064 16 -21.37185 -23.09402 16 -21.2736 -24.96866 16 -20.60087 -26.72119 16 -19.4195 -28.18006 16 -18.40472 -18.52503 16 -17.84514 -29.20246 16 -16.03189 -29.68832 16 -14.15725 -29.59007 16 -12.40472 -28.91734 16 -17.41525 -17.99962 10 -20.39432 -20.27411 10 -21.46754 -23.86526 10 -20.77168 -26.23251 10.012 -19.4195 -28.18006 10 -17.14122 -29.53179 10 -13.39419 -29.44275 10 -10.41511 -27.16827 10 -9.450783 -23.78501 10.01807 -9.683156 -21.71065 10 -11.95764 -18.73158 10 -14.77755 -17.75406 10 -17.8523 16.65219 16 -17.75406 14.77755 16 -18.52503 18.40472 16 -19.7064 19.86359 16 -21.28077 20.88599 16 -18.23991 12.9643 16 -19.26232 11.38993 16 -23.09402 21.37185 16 -29.20246 17.84514 16 -28.18006 19.4195 16 -29.68832 16.03189 16 -28.91734 12.40472 16 -27.73597 10.94585 16 -24.96866 21.2736 16 -26.72119 20.60087 16 -29.59007 14.15725 16 -26.16161 9.923446 16 -24.34836 9.437587 16 -22.47372 9.535833 16 -20.72119 10.20857 16 -26.23251 20.77168 10.012 -23.86526 21.46754 10 -28.18006 19.4195 10 -29.53179 17.14122 10 -29.44275 13.39419 10 -27.16827 10.41511 10 -23.78501 9.450783 10.01807 -21.71065 9.683156 10 -18.73158 11.95764 10 -17.75406 14.77755 10 -17.99962 17.41525 10 -20.27411 20.39432 10 -9.939113 -24.65699 10 -10.03533 -22.82104 10 -13.28771 -24.18511 10 -12.03103 -24.43712 10 -12.17679 -24.05741 10 -10.63492 -25.05872 10 -10.37644 -22.59952 10 -13.83238 -22.37169 10 -11.5552 -22.66129 10 -11.77507 -24.75321 10 -10.2552 -24.91296 10 -11.17549 -22.51553 10 -10.76931 -22.49425 10 -11.87129 -22.91726 10 -11.43396 -24.97473 10 -12.19808 -23.65124 10 -17.45089 -24.24385 10 -19.35252 -24.31867 10 -14.60715 -25.63358 10 -11.04109 -25.08 10 -19.7587 -24.33995 10 -18.19553 -25.74743 10 -16.18459 -25.68378 10 -18.21682 -25.34126 10 -12.09281 -23.25837 10 -15.61769 -21.56443 10 -20.4545 -24.74167 10 -20.13841 -24.48571 10 -18.52232 -26.48141 10 -18.83841 -26.73738 10 -18.61854 -24.64546 10 -18.36258 -24.96154 10 -20.67602 -25.08279 10 -17.17405 -22.64283 10 -18.3008 -26.1403 10 -20.01717 -26.79915 10 -19.21813 -26.88314 10 -19.6243 -26.90442 10 -18.95965 -24.42393 10 -14.68107 -25.66338 9.254059 -15.96087 -25.7178 9.254057 -17.2487 -24.74792 9.233273 -17.40133 -23.16504 9.254059 -16.42463 -21.87376 9.261714 -14.83519 -21.72876 9.252659 -13.7768 -22.43863 9.252589 -13.33368 -23.62695 9.241512 -13.65724 -24.83747 9.266821 -18.71536 -26.28416 9.690094 -18.51387 -25.2511 9.67629 -19.35217 -24.57981 9.707902 -20.26326 -24.9336 9.695115 -20.49749 -25.67441 9.698022 -20.16636 -26.38639 9.695116 -19.42555 -26.62062 9.698022 -20.46213 -25.1197 7 -19.60611 -24.60946 7.002284 -20.20828 -26.34847 7 -19.33121 -26.62801 7 -18.75924 -24.868 7.762506 -18.52817 -26.06832 7.348057 -9.844137 -23.80223 9.698284 -10.34934 -22.93592 9.70431 -11.32286 -22.81687 9.689508 -11.91831 -23.66752 9.687272 -11.6439 -24.51134 9.702313 -10.59533 -24.7963 9.692987 -16.32579 -19.49358 7.014544 -14.05126 -19.57338 6.999169 -11.97565 -21.06348 7.016264 -11.15179 -22.82592 6.836259 -11.19822 -24.79683 6.996611 -12.76817 -27.17448 7.001503 -15.30149 -28.06512 7.001074 -17.82412 -27.32792 7.001588 -19.44706 -22.00693 7.002088 -17.63863 -20.02857 6.978127 -11.99008 -23.67034 7.905901 -10.37544 -22.87153 6.522221 -9.872096 -23.92884 6.85526 -10.32093 -24.62291 6.983691 -16.44602 -19.51256 6.745784 -14.45183 -19.50602 5.933665 -12.72779 -20.26718 5.557005 -11.54055 -21.77896 6.239273 -24.42393 18.95965 10 -24.64546 18.61854 10 -22.64283 17.17405 10 -24.31867 19.35252 10 -22.66129 11.5552 10 -22.51553 11.17549 10 -24.33995 19.7587 10 -22.91726 11.87129 10 -21.56443 15.61769 10 -24.74167 20.4545 10 -24.48571 20.13841 10 -25.08279 20.67602 10 -25.08 11.04109 10 -24.50105 13.44213 10 -22.49425 10.76931 10 -26.1403 18.3008 10 -25.63358 14.60715 10 -25.05872 10.63492 10 -24.24385 17.45089 10 -24.96154 18.36258 10 -22.59952 10.37644 10 -23.25837 12.09281 10 -22.59181 13.62021 10 -26.48141 18.52232 10 -26.73738 18.83841 10 -24.97473 11.43396 10 -22.82104 10.03533 10 -24.05741 12.17679 10 -23.65124 12.19808 10 -24.75321 11.77507 10 -24.43712 12.03103 10 -26.88314 19.21813 10 -26.90442 19.6243 10 -25.34126 18.21682 10 -25.74743 18.19553 10 -24.65699 9.939113 10 -24.91296 10.2552 10 -25.68378 16.18459 10 -26.79915 20.01717 10 -23.62695 13.33368 9.241512 -24.83747 13.65724 9.266821 -25.66338 14.68107 9.254059 -25.7178 15.96087 9.254057 -24.74792 17.2487 9.233273 -23.16504 17.40133 9.254059 -21.87376 16.42463 9.261714 -21.72876 14.83519 9.252659 -22.43863 13.7768 9.252589 -24.57981 19.35217 9.707902 -24.9336 20.26326 9.695115 -25.67441 20.49749 9.698022 -26.38639 20.16636 9.695116 -26.62062 19.42555 9.698022 -26.28416 18.71536 9.690094 -25.2511 18.51387 9.67629 -26.34847 20.20828 7 -26.62801 19.33121 7 -25.1197 20.46213 7 -24.60946 19.60611 7.002284 -24.868 18.75924 7.762506 -26.06832 18.52817 7.348057 -22.93592 10.34935 9.704308 -22.81687 11.32286 9.689507 -23.66752 11.91831 9.687272 -24.51134 11.6439 9.702313 -24.7963 10.59533 9.692987 -23.80222 9.844137 9.698284 -22.00718 19.44647 7.002715 -19.84517 17.34314 6.965175 -19.50862 16.58416 6.856788 -19.57338 14.05126 6.999169 -21.06348 11.97565 7.016264 -22.82592 11.15179 6.83626 -24.79679 11.19838 6.996818 -27.17469 12.76802 7.001253 -28.06494 15.30149 7.001253 -27.32814 17.82427 7.001324 -23.67034 11.99008 7.905901 -22.92854 10.24406 6.536219 -24.40362 10.03207 6.965069 -19.61159 13.86983 5.700081 -20.4348 12.55525 5.618186 -21.83898 11.5078 6.261369 18.61854 24.64546 10 17.45089 24.24385 10 17.17405 22.64283 10 16.18459 25.68378 10 18.21682 25.34126 10 18.19553 25.74743 10 18.36258 24.96154 10 18.3008 26.1403 10 13.28771 24.18511 10 12.03103 24.43712 10 12.17679 24.05741 10 16.20229 21.80879 10 11.77507 24.75321 10 12.09281 23.25837 10 13.83238 22.37169 10 12.19808 23.65124 10 18.52232 26.48141 10 11.43396 24.97473 10 11.87129 22.91726 10 14.92589 21.70522 10 14.60715 25.63358 10 20.67602 25.08279 10 20.4545 24.74167 10 20.01717 26.79915 10 18.83841 26.73738 10 11.5552 22.66129 10 11.17549 22.51553 10 18.95965 24.42393 10 19.35252 24.31867 10 9.939113 24.65699 10 19.7587 24.33995 10 19.21813 26.88314 10 19.6243 26.90442 10 10.37644 22.59952 10 20.13841 24.48571 10 10.63492 25.05872 10 10.03533 22.82104 10 10.76931 22.49425 10 11.04109 25.08 10 10.2552 24.91296 10 14.83519 21.72876 9.252659 13.7768 22.43863 9.252589 13.33368 23.62695 9.241512 13.65724 24.83747 9.266821 14.68107 25.66338 9.254059 15.96087 25.7178 9.254057 17.2487 24.74792 9.233273 17.40133 23.16504 9.254059 16.42463 21.87376 9.261714 20.26326 24.9336 9.695115 20.49749 25.67441 9.698022 20.16636 26.38639 9.695116 19.42555 26.62062 9.698022 18.71536 26.28416 9.690094 18.51387 25.2511 9.67629 19.35217 24.57981 9.707902 19.33121 26.62801 7 20.46213 25.1197 7 19.60611 24.60946 7.002284 20.20828 26.34847 7 18.75924 24.868 7.762506 18.52817 26.06832 7.348057 11.32286 22.81687 9.689508 11.91831 23.66752 9.687272 11.6439 24.51134 9.702313 10.59531 24.7963 9.692997 9.844145 23.80218 9.698275 10.34934 22.93592 9.704309 15.30149 28.06512 7.001074 17.82412 27.32792 7.001588 19.4467 22.00708 7.002468 17.63863 20.02857 6.978127 16.32579 19.49358 7.014544 14.05126 19.57338 6.999169 11.97565 21.06348 7.016264 11.15179 22.82592 6.836259 11.19822 24.79683 6.99661 12.76817 27.17448 7.001503 11.99008 23.67034 7.905901 10.37544 22.87152 6.522221 9.8721 23.92872 6.855225 10.32087 24.62288 6.98369 16.44602 19.51256 6.745784 14.45183 19.50602 5.933665 12.72779 20.26718 5.557005 11.54055 21.77896 6.239274 22.00699 -19.4469 7.002262 14.70113 -22.87034 6.999704 24.79681 -11.19835 6.99681 24.40342 -10.03201 6.965034 24.60946 -19.60611 7.002284 27.17469 -12.76802 7.001253 25.1197 -20.46213 7 28.06494 -15.30149 7.001253 26.62801 -19.33121 7 27.32814 -17.82427 7.001324 26.34847 -20.20828 7 24.57981 -19.35217 9.707902 24.9336 -20.26326 9.695115 25.67441 -20.49749 9.698022 26.38639 -20.16636 9.695116 26.62062 -19.42555 9.698022 24.868 -18.75924 7.762506 25.2511 -18.51387 9.67629 26.06832 -18.52817 7.348057 26.28416 -18.71536 9.690094 26.79915 -20.01717 10 26.90442 -19.6243 10 26.88314 -19.21813 10 26.73738 -18.83841 10 26.48141 -18.52232 10 26.1403 -18.3008 10 25.74743 -18.19553 10 25.34126 -18.21682 10 24.96154 -18.36258 10 24.64546 -18.61854 10 24.42393 -18.95965 10 24.31867 -19.35252 10 24.33995 -19.7587 10 24.48571 -20.13841 10 24.74167 -20.4545 10 25.08279 -20.67602 10 -2.349235 25.9487 6.86084 5.87631 25.33856 6.850693 23.2362 11.78698 6.86084 26.03504 2.318856 6.85917 24.8646 -5.629324 6.726202 15.08865 -20.56879 6.708653 9.29436 -23.73926 6.726202 2.349235 -25.9487 6.86084 -5.87631 -25.33856 6.850693 -23.2362 -11.78698 6.86084 -26.03504 -2.318856 6.85917 -24.8646 5.629324 6.726202 -15.08865 20.56879 6.708653 -9.29436 23.73926 6.726202 -1.139458 24.55245 6.198506 5.728305 23.91614 6.183459 18.29149 17.05348 6.44439 22.31296 11.45297 6.454284 24.16632 4.893344 6.255789 24.57813 -0.1914666 6.198505 22.92859 -10.24401 6.536231 19.84517 -17.34314 6.965175 5.224298 -23.98696 6.202844 1.139458 -24.55245 6.198506 -5.728305 -23.91614 6.183459 -18.29149 -17.05348 6.44439 -22.31296 -11.45297 6.454284 -24.16632 -4.893344 6.255789 -24.57813 0.1914666 6.198505 -5.224298 23.98696 6.202844 3.839952 23.46743 5.38039 19.08678 14.27293 5.453029 21.57866 9.991337 5.380385 23.07557 6.023931 5.429993 23.2348 -5.307116 5.45303 21.83898 -11.5078 6.261369 19.50862 -16.58416 6.856788 17.09385 -16.68912 5.5209 13.21866 -19.8315 5.453029 7.681913 -22.80382 5.651908 -3.839952 -23.46743 5.38039 -19.08678 -14.27293 5.453029 -21.57866 -9.991337 5.380385 -23.07557 -6.023931 5.429993 -23.2348 5.307116 5.45303 -17.09385 16.68912 5.5209 -13.21866 19.8315 5.453029 -7.681913 22.80382 5.651908 -1.06968 23.54169 4.992536 8.979856 21.77326 4.962416 16.55589 17.12687 5.489231 23.56507 -0.2064219 4.992539 21.22628 -10.18202 4.941482 8.53057 -21.96781 4.992537 1.06968 -23.54169 4.992536 -8.979856 -21.77326 4.962416 -16.55589 -17.12687 5.489231 -23.56507 0.2064219 4.992539 -21.22628 10.18202 4.941482 -8.53057 21.96781 4.992537 -3.743467 22.78734 3.789975 -0.05242615 23.06752 3.772765 3.752871 22.78124 3.758023 8.563009 21.45726 3.766583 13.11628 19.01038 3.767899 16.07711 16.53846 3.758617 18.51053 13.81187 3.767073 20.98284 9.644501 3.767651 22.59708 4.830138 3.787017 23.09159 -0.2276321 3.759853 22.5376 -5.046957 3.771984 21.37654 -8.638692 3.730635 19.71858 -12.01895 3.758324 19.61159 -13.86983 5.700081 17.50249 -14.98947 3.686582 14.83106 -17.69754 3.747043 11.71425 -19.86459 3.751142 8.416398 -21.50872 3.768865 3.743467 -22.78734 3.789975 0.05242615 -23.06752 3.772765 -3.752871 -22.78124 3.758023 -8.537639 -21.45934 3.738009 -13.07778 -19.02717 3.74073 -16.11078 -16.49223 3.718134 -18.51053 -13.81187 3.767073 -20.98284 -9.644501 3.767651 -22.25859 -6.065511 3.783183 -22.96662 -2.433528 3.772349 -23.02689 1.379422 3.775891 -22.5376 5.046957 3.771984 -21.37068 8.679568 3.768151 -19.7364 11.99629 3.77126 -17.50776 15.00088 3.729953 -14.83106 17.69754 3.747043 -11.71425 19.86459 3.751142 -8.416398 21.50872 3.768865 22.82592 -11.15179 6.83626 20.4348 -12.55525 5.618186 19.57338 -14.05126 6.999169 21.06348 -11.97565 7.016264 24.83747 -13.65724 9.266821 25.66338 -14.68107 9.254059 25.7178 -15.96087 9.254057 24.74792 -17.2487 9.233273 23.16504 -17.40133 9.254059 21.87376 -16.42463 9.261714 21.72876 -14.83519 9.252659 22.43863 -13.7768 9.252589 23.62695 -13.33368 9.241512 23.67034 -11.99008 7.905901 23.88877 -17.46998 10 22.64283 -17.17405 10 21.56443 -15.61769 10 22.37169 -13.83238 10 24.18511 -13.28771 10 25.63358 -14.60715 10 25.59122 -16.50012 10 24.79632 -10.59525 9.693035 24.51134 -11.6439 9.702313 23.66752 -11.91831 9.687272 22.81686 -11.32285 9.689516 22.93597 -10.34929 9.704304 23.80211 -9.844161 9.69826 22.66129 -11.5552 10 24.43712 -12.03103 10 24.05741 -12.17679 10 22.51553 -11.17549 10 22.49425 -10.76931 10 22.91726 -11.87129 10 23.65124 -12.19808 10 24.75321 -11.77507 10 24.97473 -11.43396 10 25.05872 -10.63492 10 25.08 -11.04109 10 24.65699 -9.939113 10 24.91296 -10.2552 10 23.25837 -12.09281 10 22.59952 -10.37644 10 22.82104 -10.03533 10 -6.550313 22.12851 4.81452e-6 0.963966 23.05581 -3.54852e-5 7.114107 21.89677 -8.68017e-5 11.97251 19.70447 7.08587e-4 16.21858 16.30821 0 18.68162 13.4163 0 21.38558 8.676638 1.3469e-4 22.80739 2.995826 -1.33204e-5 22.90539 -2.773673 -1.21015e-4 20.77794 -10.0465 -2.49787e-4 16.39112 -16.2412 -3.16664e-4 11.82776 -19.72572 0 6.550313 -22.12851 8.66571e-6 -0.9639659 -23.05581 -2.53471e-5 -7.064839 -21.91092 -1.58193e-5 -11.46392 -20.00626 2.01851e-4 -15.60958 -16.93791 -9.64271e-5 -19.79696 -11.85034 -7.36655e-5 -22.02566 -6.623456 0 -23.06607 -0.7923997 1.40158e-4 -22.08255 6.708664 2.23902e-4 -13.88956 18.48222 4.14158e-4 -17.01579 7.190244 3 -15.96018 3.149141 3 -13.31479 -4.326238 3 -14.67963 10.85256 3 -9.123327 -15.73867 3 -7.884819 -13.88851 3 10.45627 -11.63628 3 12.1491 -13.54031 3 9.022054 15.39505 3 10.71874 12.13607 3 16.16244 -10.11967 3 14.55486 -6.43474 3 -14.5878 6.658175 3 -13.09738 9.258216 3 -11.07071 -15.52262 3 -12.1491 -13.96626 3 -11.34185 -12.18096 3 -9.857128 -11.64576 3 -13.37426 -6.874454 3 -12.60543 -8.96392 3 -14.19977 -10.54617 3 -16.38422 -3.82315 3 -14.89001 -6.43474 3 -16.34798 -7.151826 3 -18.53242 -0.4288107 3 -18.95304 -2.299642 3 -17.98523 -3.546313 3 -14.78987 -2.240903 3 -15.33454 -0.4274841 3 -16.77165 0.3305461 3 -4.597427 13.29635 3 -5.565025 13.95794 3 -4.757771 15.74325 3 -7.049746 13.42274 3 -8.699032 14.40089 3 -11.53806 13.24525 3 -13.43103 13.28762 3 4.868356 15.00762 3 1.625545 15.65183 3 2.065261 17.16757 3 1.348174 18.62555 3 -0.135223 14.89247 3 -1.572335 15.6505 3 -2.10753 17.13523 3 8.264023 13.95794 3 8.486858 16.87977 3 7.082094 13.46501 3 5.288977 16.87845 3 0 14 3 4.096013 13.45927 3 5.836161 13.76095 3 9.216272 10.62966 3 10.76771 10.5971 3 12.42568 13.47937 3 12.74296 5.96208 3 12.18086 9.309849 3 14.06627 0.2636091 3 12.9574 -5.480443 3 13.94256 -10.46259 3 12.67627 -9.022657 3 13.09689 -7.151828 3 10.40403 -9.367829 3 7.223182 -12.08161 3 8.122317 -12.65788 3 2.129613 -15.04835 3 1.732489 -13.96165 3 -4.096013 -13.45927 3 -2.456139 -14.85918 3 -5.160045 -15.28034 3 -3.702075 -14.56325 3 -8.228994 -11.32624 3 -8.420015 -12.40379 3 -11.2249 -8.481211 3 -14.06627 -0.2636091 3 -12.9574 5.480443 3 -14.25324 4.492442 3 -9.608073 10.27688 3 -11.28396 9.802886 3 -10.52593 11.24 3 -6.450601 17.64728 3 -8.784557 16.62568 3 -14.40279 12.45358 3 -18.22409 5.385213 3 -17.70195 3.936704 3 -15.8008 -10.26933 3 -16.7686 -9.022655 3 -1.488332 -16.10585 3 -5.59976 -16.79608 3 -4.629905 -18.49854 3 -2.094492 -18.24818 3 3.402574 -18.68464 3 1.597544 -17.47634 3 5.530759 -16.1186 3 4.295346 -14.71378 3 5.120397 -17.9438 3 8.372685 -15.1933 3 10.86137 -15.73867 3 16.7686 -7.977345 3 15.80079 -6.730673 3 14.84161 -1.944556 3 15.28133 -0.4288102 3 16.77165 -3.884514 3 18.53242 -3.125157 3 18.95304 -1.254326 3 17.3708 0.3400217 3 15.33454 -3.126484 3 16.38094 3.096538 3 18.13055 4.47342 3 17.78763 6.693295 3 14.59563 3.90379 3 14.06043 5.388512 3 15.29894 7.238668 3 13.95005 9.841238 3 14.68959 11.24329 3 14.16745 12.6918 3 7.049748 17.6378 3 -0.8690231 18.98538 3 -4.096013 13.45927 0 -8.228994 11.32624 0 -11.2249 8.481211 0 -13.31479 4.326238 0 -14.06627 0.2636091 0 -12.9574 -5.480443 0 -10.40403 -9.367829 0 -8.228994 -11.32624 0 -4.597427 -13.29635 0 1.208158 -14.01676 0 6.826998 -12.30113 0 11.2249 -8.481211 0 13.70408 -3.182393 0 13.92331 1.463395 0 12.9574 5.480443 0 9.608073 10.27688 0 4.597427 13.29635 0 0 14 0 6.227594 17.48514 0 5.209741 16.70803 0 4.832673 15.17549 0 5.73677 13.82549 0 6.963747 13.45881 0 8.171924 13.88336 0 9.004114 15.22436 0 8.177342 17.29159 0 -0.3547791 19.08185 0 -2.065341 17.65674 0 -1.646915 15.7426 0 -0.3059118 14.91041 0 1.257397 15.35308 0 2.08959 16.69409 0 1.475719 18.5107 0 -7.601452 17.48514 0 -8.80731 16.46693 0 -8.659811 14.2454 0 -6.8653 13.45881 0 -5.657124 13.88336 0 -4.824933 15.22436 0 -5.651704 17.29159 0 -18.41758 -0.3012667 0 -16.60096 0.3126061 0 -18.96379 -2.45965 0 -17.74068 -3.649752 0 -16.55209 -3.858834 0 -14.84153 -2.433718 0 -15.25996 -0.5195841 0 -15.07721 -6.41815 0 -16.42721 -7.322247 0 -16.80428 -8.854778 0 -15.65909 -10.39279 0 -13.43756 -10.24529 0 -12.64058 -8.14522 0 -13.54468 -6.795218 0 -10.00598 -11.58609 0 -11.69713 -12.57554 0 -12.0742 -14.10807 0 -11.1701 -15.45807 0 -9.943126 -15.82475 0 -8.734952 -15.4002 0 -7.90276 -14.0592 0 -8.345434 -12.49589 0 -14.14416 12.85094 0 -12.32755 13.46481 0 -14.71531 11.02044 0 -13.2902 9.309881 0 -11.37606 9.728305 0 -10.64817 10.78192 0 -10.76314 12.35596 0 -5.045203 -15.15279 0 -3.228588 -14.53892 0 -5.605962 -16.67774 0 -4.797317 -18.38982 0 -2.249622 -18.3738 0 -1.477583 -15.94584 0 8.734951 -12.10637 0 8.007061 -13.15999 0 8.122026 -14.73403 0 9.686441 -15.84288 0 11.24975 -15.4002 0 12.15955 -13.73966 0 10.64908 -11.68795 0 14.0355 -6.545133 0 13.01765 -7.322249 0 12.65097 -8.549228 0 13.45961 -10.26131 0 16.80428 -8.145223 0 15.65909 -6.607215 0 15.622 -0.0316962 0 14.83541 -1.826208 0 15.43115 -3.287688 0 16.9561 -3.848447 0 18.41758 -3.252701 0 18.96379 -1.094318 0 17.50018 0.2083055 0 15.4853 7.310204 0 14.07837 5.559199 0 14.69224 3.742586 0 16.21719 3.181826 0 17.92928 3.99047 0 17.91325 6.538166 0 2.991917 -18.57643 0.4039587 1.950583 -17.88549 0.4039584 1.514252 -16.71442 0.4039592 2.024057 -15.22904 0.4097717 3.448585 -14.60826 0.4039591 4.652465 -14.9436 0.4039594 5.429319 -15.92251 0.4039592 5.482416 -17.17109 0.403959 4.538552 -18.42624 0.4097718 2.730391 -14.34019 3.22768e-4 5.007518 -14.57402 0.008768796 5.959361 -16.57089 2.62256e-4 5.033797 -18.66505 0.007894694 2.060942 -18.68375 0.007894873 1.125373 -15.86246 0.008768856 -15.46196 3.358468 0.4039593 -16.71054 3.305371 0.403959 -17.96569 4.249236 0.4097717 -18.11588 5.79587 0.4039586 -17.42494 6.837203 0.4039583 -16.25388 7.273535 0.403959 -14.76849 6.763731 0.4097716 -14.21166 5.669112 0.4 -14.29899 4.389063 0.409772 -16.22559 7.678298 1.16563e-4 -14.13216 6.752039 0.008768737 -13.95462 4.158004 0.00282514 -15.3638 2.964831 1.74844e-4 -17.26306 3.040325 0.003228187 -18.45579 4.449356 8.39e-4 -18.22245 6.726307 0.008768856 -18.95197 13.13126 1.61063e-4 -6.675347 -15.60527 0 16.00731 -10.24529 0 10.18816 11.73321 0.00102806 14.35881 13.14147 0.003228187 15.05774 11.43283 8.39017e-4 14.39971 9.649877 0.003228247 12.69109 8.950329 2.33117e-4 10.90783 9.608675 0.00282514 11.83515 13.78058 0.002728164 12.71937 9.354974 0.4039593 11.5155 9.690309 0.4039591 10.73864 10.66922 0.4039591 10.68555 11.91781 0.4039593 11.37649 12.95914 0.4039595 12.87784 13.41978 0.4097723 14.21738 12.6322 0.4039589 14.67802 11.13084 0.4097718 13.89044 9.791307 0.4039593 -19.66733 8.431622 18 -19.3282 8.640141 258 -23.4825 7.342406 258 -22.59291 7.484681 18 -26.0504 7.682504 18 -27.70629 8.392103 258 -29.72365 10.01693 18 -30.76978 11.4836 258 -31.24601 12.68866 18 -31.78099 15.71678 258 -31.75578 16.11409 18 -30.4455 19.85909 258 -30.21752 20.18546 18 -27.12877 22.72005 258 -26.81507 22.85814 18 -22.85983 23.42444 258 -22.46517 23.37217 18 -18.81831 21.80938 258 -18.50827 21.55966 18 -16.20432 18.32953 258 -16.06916 17.95507 18 -15.77894 13.99809 258 -15.85802 13.60792 18 -17.16283 10.82346 258 -17.16283 10.82346 18 -26.72126 21.81021 258 -29.81807 18.98148 258 -30.77353 14.92548 258 -21.68468 8.635837 258 -16.95378 13.61524 258 -18.2255 10.95921 258 -16.81904 16.9297 258 -29.27814 11.03604 258 -18.87742 20.55283 258 -22.61911 22.38688 258 -25.85159 8.664798 258 -18.47496 10.66739 18 -22.05519 8.535252 18 -16.71792 14.44585 18 -17.39467 18.55755 18 -20.27003 21.57357 18 -23.48246 22.40065 18 -26.41925 21.94317 18 -29.04198 19.95325 18 -30.50332 17.39665 18 -30.44694 13.23002 18 -28.05322 9.819143 18 -24.99993 8.522509 18 -4.469878 21.02912 266 -3.358222 22.02657 266.2576 -4.472921 21.78963 267.311 -5.797325 21.50812 266.5527 -5.71298 21.53123 265.3994 -4.776427 21.72513 264.689 -3.731007 21.95251 265.1285 -6.871035 26.13647 266.0184 -6.337684 26.24982 267.0518 -5.691012 26.58154 267.3783 -4.452651 26.64332 266.5789 -4.517266 26.64049 265.4152 -5.430282 26.43554 264.695 -6.495806 26.21994 265.1153 -4.148574 26.97417 265.6806 -5.257459 26.73921 264.5142 -6.806976 26.40687 264.9351 -7.008793 26.36443 266.7819 -4.729019 26.85154 267.2106 -13.95696 24.89214 262 -11.38526 25.43564 264.6374 -13.95696 24.89214 269 -12.69764 25.15496 266.6772 2.625767 28.41691 269 -0.9598653 27.6499 266.6772 -12.62254 25.17369 265.2586 -10.22163 25.68125 265.7237 -11.04357 25.50127 267.3156 2.625771 28.41691 262 1.106492 28.08852 264.9887 -0.6572211 27.70896 264.9032 0.01531481 27.76128 267.0955 1.356609 28.1361 266.7701 -18.17708 23.49195 262 -19.22583 23.21944 269 -25.10286 22.79544 269 -22.9653 22.89208 261.9998 8.206076 29.0218 269 11.99309 30.42086 262 8.119458 29.03185 262 1.072897 27.77514 265.383 0.2523331 27.60071 264.9706 -0.5563929 27.42882 265.4068 -0.6432741 27.4046 266.4942 0.8701937 27.73204 266.8242 1.244322 27.81455 266.1483 0.3583554 22.81282 266.6024 1.374111 23.03794 267.0019 2.145242 23.1977 266.5161 2.002519 23.16737 265.2832 0.6557712 22.87603 265.0936 1.367776 22.42352 266 -10.66487 25.2802 265.383 -11.48544 25.10577 264.9706 -12.29416 24.93388 265.4067 -12.38104 24.90966 266.4942 -11.61672 25.08086 267.0001 -10.86758 25.2371 266.8242 -10.49345 25.31961 266.1484 -11.37942 20.31788 266.6024 -10.36366 20.543 267.0019 -9.59253 20.70276 266.5161 -9.735252 20.67243 265.2832 -11.082 20.38109 265.0936 -10.36999 19.92858 266 -17.15757 19.17063 262 7.847051 24.10166 262 -3.910681 20.36879 262.0003 5.320609 21.43384 262 9.004308 19.58512 261.9999 -12.41487 17.99062 262 -16.23783 15.90415 262 9.252502 28.12724 262 -20.23552 22.12136 262 -15.17096 15.84456 262 -16.44259 13.46597 262.0001 -4.671132 20.21324 266 -12.68594 17.85295 266 4.024105 21.48483 266 7.726208 20.52919 266 -15.38395 15.57212 266 -17.514 11.09197 266 -24.03569 22.96487 260.0013 -28.06848 21.5986 260 -28.38287 21.36558 269 -30.2866 19.03038 260 -30.86553 17.89902 269 -31.20638 16.3847 260 -31.1226 13.85874 268.9998 -30.91063 13.17271 260 -19.89296 21.93218 260 -16.97167 18.82627 260 -16.19376 14.76454 259.9992 -17.15578 11.77906 260 -19.35618 9.217967 260.0012 -19.41293 9.205207 262.0006 -23.02222 7.869831 262 -23.41268 7.843771 260 -27.52806 8.71755 262 -26.37559 8.390151 260 -28.5094 9.590081 262.0001 -29.1803 10.16664 260.0013 -30.05138 11.29357 266.0001 -29.06829 8.364335 269 -28.91604 7.317489 266 -23.44637 -18.39144 266 -23.19923 -19.35381 269 -27.06633 -6.456448 269 -27.35239 -5.110641 266 -22.78751 -25.46806 269 -22.87374 -22.62557 266.0001 -25.87649 5.401046 262 -25.83737 5.348348 266 -27.12635 7.971342 266 -21.28486 -16.45874 266 -24.10069 -5.642048 266 -24.3119 -4.64837 262 -21.42824 -15.39496 262 -21.86237 -19.73063 261.9998 -21.45663 4.282523 266 -21.49024 4.205552 261.9998 -20.64532 7.414796 266 -20.48306 7.720187 262 -20.0664 -17.76033 262 -16.96406 -16.38508 262 -17.63949 -13.22671 262 -14.18006 -16.23911 262.0004 -20.32361 -4.113234 262 -19.77994 -6.388319 266 -17.85295 -12.68594 266 -20.89865 -0.9179281 266 -15.57212 -15.38395 266 -11.58245 -17.20798 266 -17.99962 17.41525 260 -29.44275 13.39419 260 -29.53179 17.14122 260 -27.40138 20.22496 260 -23.86526 21.46754 260 -20.27411 20.39432 260 -17.75406 14.77755 260 -18.73158 11.95764 260 -27.73597 10.94585 260 -25.45768 9.594116 260 -21.71065 9.683156 260 -24.21164 21.44939 266 -20.56501 20.58324 266 -18.53139 18.22184 265.975 -17.67652 15.89518 266 -18.54267 12.24854 266 -21.38683 9.80746 266 -25.12264 9.504342 266 -27.73597 10.94585 266 -29.31845 13.07037 266 -29.66205 15.2968 265.9958 -29.20246 17.84514 266 -27.67094 20.00667 266 -26.91404 15.05516 266.0031 -25.67605 14.71779 266 -24.65784 13.51193 266 -25.61398 16.34137 266 -27.28575 16.42777 266.0012 -22.54344 17.1095 266 -21.00731 17.28646 266.0043 -20.38421 16.21423 266.0003 -21.55399 15.41835 266 -22.74044 13.53439 266 -24.07597 17.48657 266 -28.6522 16.77077 266.0043 -19.20577 15.99425 266.0036 -28.21208 14.10009 266.0036 -18.31416 17.10134 266.0018 -20.06931 18.59617 266.0033 -23.59231 13.33611 266.746 -22.40102 13.80693 266.746 -21.71399 14.88805 266.746 -21.8983 16.47014 266.7656 -23.20451 17.41191 266.746 -24.48299 17.33227 266.746 -25.48961 16.48201 266.7286 -25.77402 14.91498 266.7672 -24.83282 13.65542 266.746 -28.30806 14.43415 266.2928 -29.21121 15.10908 266.3105 -28.97592 16.1704 266.3049 -28.24491 16.48427 266.3004 -27.49792 16.21187 266.3011 -27.23783 15.06029 266.3364 -27.98609 14.46186 268.9985 -29.13768 14.87973 269 -28.81993 16.38098 269 -27.25215 15.08798 268.2375 -27.52927 16.27851 268.652 -25.39373 19.41508 268.9989 -27.39841 17.71558 268.9984 -25.35547 11.29194 268.996 -22.04872 11.39452 268.9988 -20.01121 13.14358 268.9985 -19.45798 16.27442 269.0032 -20.27445 18.15759 269.0264 -22.71716 19.63184 268.9985 -20.58108 16.74712 268.0941 -19.88794 18.30771 266.2895 -18.84741 17.99752 269 -18.8072 17.94504 266.3105 -18.68013 16.91465 269 -18.70301 16.86296 266.3049 -20.60689 17.65622 266.2977 -20.51437 16.77375 266.3128 -19.62616 16.23847 266.3103 -22.93819 -23.02288 259.9998 -22.15424 -27.14274 260 -21.4301 -28.18714 269 -19.23295 -30.24865 260 -18.89038 -30.43783 269 -14.93498 -31.29898 259.9998 -14.53717 -31.26191 269 -19.75201 -17.52731 260 -21.97013 -20.09553 260 -16.96406 -16.38508 260 -13.57662 -16.37855 260.0011 -9.897213 -18.53113 260.0015 -9.004308 -19.58512 261.9999 -7.964636 -22.33979 260 -7.847051 -24.10166 262 -8.387069 -26.54354 259.9995 -9.014602 -27.80971 262.0004 -8.728827 -27.70578 266 -10.90074 -29.7947 259.9991 -11.99309 -30.42086 266 -8.364335 -29.06829 269 -8.2446 -29.06545 266 18.39144 -23.44637 266 19.35381 -23.19923 269 6.456448 -27.06633 269 5.110641 -27.35239 266 25.10286 -22.79544 269 22.55034 -22.89548 266 -5.401046 -25.87649 262 -5.348348 -25.83737 266 5.642048 -24.10069 266 16.45874 -21.28486 266 4.64837 -24.3119 262 15.39496 -21.42824 262 19.67284 -21.80806 262.0004 -4.024105 -21.48483 266 -5.320609 -21.43384 262 -7.726208 -20.52919 266 3.889344 -20.3724 262 17.15757 -19.17063 262 12.41487 -17.99062 262 16.23783 -15.90415 262 15.17096 -15.84456 262 16.44259 -13.46597 262.0001 6.680897 -19.70075 266 12.68594 -17.85295 266 1.909715 -20.7149 266 15.38395 -15.57212 266 17.17031 -11.76295 266 -20.39432 -20.27411 260 -17.41525 -17.99962 260 -9.594116 -25.45768 260 -21.46754 -23.86526 260 -20.22496 -27.40138 260 -14.77755 -17.75406 260 -11.95764 -18.73158 260 -9.683156 -21.71065 260 -10.94585 -27.73597 260 -13.39419 -29.44275 260 -17.14122 -29.53179 260 -15.89518 -17.67652 266 -12.24854 -18.54267 266 -9.80746 -21.38683 266 -9.504342 -25.12264 266 -10.94585 -27.73597 266 -13.07037 -29.31845 266 -15.2968 -29.66205 265.9958 -17.84514 -29.20246 266 -20.00667 -27.67094 266 -21.44939 -24.21164 266 -20.58324 -20.56501 266 -18.22184 -18.53139 265.975 -16.77077 -28.6522 266.0043 -16.34137 -25.61398 266 -14.71779 -25.67605 266 -14.87746 -27.02201 266.0018 -16.2834 -27.11673 266.0033 -15.41835 -21.55399 266 -16.09617 -20.23078 266.0015 -17.48657 -24.07597 266 -17.28646 -21.00835 266.0033 -17.1095 -22.54344 266 -16.1106 -19.01639 266.0018 -13.51193 -24.65784 266 -14.10043 -28.21209 266.0039 -18.59518 -20.06898 266.0043 -13.53439 -22.74044 266 -17.10134 -18.31416 266.0018 -14.91498 -25.77402 266.7672 -13.65542 -24.83282 266.746 -13.33611 -23.59231 266.746 -13.80693 -22.40102 266.746 -14.88805 -21.71399 266.746 -16.47014 -21.8983 266.7656 -17.41191 -23.20451 266.746 -17.33227 -24.48299 266.746 -16.48201 -25.48961 266.7286 -16.1704 -28.97592 266.3049 -16.48427 -28.24491 266.3004 -16.21187 -27.49792 266.3011 -15.06029 -27.23783 266.3364 -14.43415 -28.30806 266.2928 -15.10908 -29.21121 266.3105 -14.46186 -27.98609 268.9985 -14.87973 -29.13768 269 -16.38098 -28.81993 269 -15.08798 -27.25215 268.2375 -16.27851 -27.52927 268.652 -18.15759 -20.27445 269.0264 -19.63209 -22.7171 268.9988 -19.41492 -25.39366 268.9988 -17.71572 -27.39864 268.9987 -11.69453 -25.98246 268.9988 -11.11643 -22.62582 268.9963 -13.14358 -20.01121 268.9985 -16.27442 -19.45798 269.0032 -16.74712 -20.58108 268.0941 -16.91465 -18.68013 269 -16.86296 -18.70301 266.3049 -18.30771 -19.88794 266.2895 -17.99752 -18.84741 269 -17.94504 -18.8072 266.3105 -17.65622 -20.60689 266.2977 -16.77375 -20.51437 266.3128 -16.23847 -19.62616 266.3103 26.18127 -22.55767 259.9998 28.38287 -21.36558 269 29.6374 -20.12294 260 30.86553 -17.89902 269 31.20638 -16.3847 260 31.1226 -13.85873 268.9998 30.91063 -13.17271 260 16.97167 -18.82627 260 19.19808 -21.38732 260 16.19376 -14.76454 259.9992 17.15578 -11.77906 260 18.47516 -10.05792 266 19.35618 -9.217967 260.0012 19.41293 -9.205207 262.0006 23.02222 -7.869831 262 23.41268 -7.843771 260 27.52806 -8.71755 262 26.37559 -8.390151 260 28.5094 -9.590081 262.0001 29.1803 -10.16664 260.0013 30.05138 -11.29357 266.0001 22.07692 -22.78509 259.9991 29.06829 -8.364335 269 28.91604 -7.317489 266 23.44637 18.39144 266 23.19923 19.35381 269 27.06633 6.456448 269 27.35239 5.110641 266 22.78751 25.46806 269 22.87374 22.62557 266.0001 25.87649 -5.401046 262 25.83737 -5.348348 266 27.12635 -7.971342 266 24.10069 5.642048 266 21.28486 16.45874 266 24.3119 4.64837 262 21.42824 15.39496 262 21.86237 19.73063 261.9998 21.48483 -4.024105 266 21.46932 -4.32773 262 20.64532 -7.414796 266 20.48306 -7.720187 262 20.0664 17.76033 262 20.3724 3.889344 262 16.96406 16.38508 262 17.63949 13.22671 262 14.18006 16.23911 262.0004 18.19388 12.12997 266 20.7149 1.90971 266 15.57212 15.38395 266 11.58245 17.20798 266 22.93819 23.02288 259.9998 22.15424 27.14274 260 21.4301 28.18714 269 19.23295 30.24865 260 18.89038 30.43783 269 14.93506 31.29897 259.9993 14.53717 31.26191 269 7.964636 22.33979 260 9.897213 18.53113 260.0015 8.398881 26.58149 260 10.94633 29.817 259.9994 21.97013 20.09553 260 19.75201 17.52731 260 16.96406 16.38508 260 13.57662 16.37855 260.0011 17.99962 -17.41525 260 17.75406 -14.77755 260 18.73158 -11.95764 260 21.71065 -9.683156 260 20.27411 -20.39432 260 27.73597 -10.94585 260 25.45768 -9.594116 260 29.44275 -13.39419 260 29.53179 -17.14122 260 27.40138 -20.22496 260 23.86526 -21.46754 260 25.12264 -9.504342 266 21.38683 -9.80746 266 27.73597 -10.94585 266 29.31845 -13.07037 266 29.66205 -15.2968 265.9958 29.20246 -17.84514 266 27.67094 -20.00667 266 24.21164 -21.44939 266 20.56501 -20.58324 266 18.53139 -18.22184 265.975 17.67652 -15.89518 266 18.54267 -12.24854 266 9.683156 21.71065 260 9.594116 25.45768 260 10.94585 27.73597 260 11.95764 18.73158 260 13.39419 29.44275 260 20.22496 27.40138 260 17.14122 29.53179 260 21.46754 23.86526 260 20.39432 20.27411 260 17.41525 17.99962 260 14.77755 17.75406 260 15.2968 29.66205 265.9958 13.07037 29.31845 266 17.84514 29.20246 266 20.00667 27.67094 266 21.44939 24.21164 266 20.58324 20.56501 266 18.22184 18.53139 265.975 15.89518 17.67652 266 12.24854 18.54267 266 9.80746 21.38683 266 9.504342 25.12264 266 10.94585 27.73597 266 18.31416 -17.10134 266.0018 22.54344 -17.1095 266 20.88994 -16.65138 266.0092 20.28179 -18.5487 266.0079 21.55399 -15.41835 266 19.206 -15.99497 266.0043 25.67605 -14.71779 266 27.99543 -14.07989 266.0085 24.07597 -17.48657 266 26.83064 -15.69582 266.0092 25.61398 -16.34137 266 22.74044 -13.53439 266 28.44598 -16.86142 266.0085 24.65784 -13.51193 266 24.48299 -17.33227 266.746 25.48961 -16.48201 266.7286 25.77402 -14.91498 266.7672 24.83282 -13.65542 266.746 23.59231 -13.33611 266.746 22.40102 -13.80693 266.746 21.71399 -14.88805 266.746 21.8983 -16.47014 266.7656 23.20451 -17.41191 266.746 28.24491 -16.48427 266.3004 27.49792 -16.21187 266.3011 27.23783 -15.06029 266.3364 28.30806 -14.43415 266.2928 29.21121 -15.10908 266.3105 28.97592 -16.1704 266.3049 27.98609 -14.46186 268.9985 29.13768 -14.87973 269 28.81993 -16.38098 269 27.25215 -15.08798 268.2375 27.52927 -16.27851 268.652 22.62582 -11.11643 268.9963 20.01121 -13.14358 268.9985 19.45798 -16.27442 269.0032 20.27445 -18.15759 269.0264 22.71716 -19.63184 268.9985 25.39373 -19.41508 268.9989 27.39841 -17.71558 268.9984 25.98246 -11.69453 268.9988 20.58108 -16.74712 268.0941 19.88794 -18.30771 266.2895 18.84741 -17.99752 269 18.8072 -17.94504 266.3105 18.68013 -16.91465 269 18.70301 -16.86296 266.3049 20.60689 -17.65622 266.2977 20.51437 -16.77375 266.3128 19.62616 -16.23847 266.3103 14.87722 27.02152 266.0012 13.51193 24.65784 266 14.10009 28.21208 266.0036 15.99425 19.20577 266.0036 16.21423 20.38421 266.0003 13.53439 22.74044 266 18.33917 20.43464 266.0004 17.1095 22.54344 266 17.48657 24.07597 266 18.38515 19.8495 266.1343 16.34137 25.61398 266 14.71779 25.67605 266 14.81142 21.7359 266 16.09165 21.76632 266 16.86142 28.44598 266.0085 17.10134 18.31416 266.0018 17.28647 21.00681 266.0048 16.09206 27.03565 266.0011 16.47014 21.8983 266.7656 17.41191 23.20451 266.746 17.33227 24.48299 266.746 16.48201 25.48961 266.7286 14.91498 25.77402 266.7672 13.65542 24.83282 266.746 13.33611 23.59231 266.746 13.80693 22.40102 266.746 14.88805 21.71399 266.746 15.06029 27.23783 266.3364 14.43415 28.30806 266.2928 15.10908 29.21121 266.3105 16.1704 28.97592 266.3049 16.48427 28.24491 266.3004 16.21187 27.49792 266.3011 16.38098 28.81993 269 14.46186 27.98609 268.9985 14.87973 29.13768 269 15.08798 27.25215 268.2375 16.27851 27.52927 268.652 11.29194 25.35547 268.996 11.39452 22.04872 268.9988 13.14358 20.01121 268.9985 16.27438 19.45816 269.003 18.15759 20.27445 269.0264 19.63209 22.7171 268.9988 19.41492 25.39366 268.9988 17.71572 27.39864 268.9987 16.74712 20.58108 268.0941 17.99752 18.84741 269 17.94504 18.8072 266.3105 16.91465 18.68013 269 16.86296 18.70301 266.3049 17.65622 20.60689 266.2977 16.77375 20.51437 266.3128 16.23847 19.62616 266.3103 -21.02809 1.407916 269.0038 -19.97219 6.489357 269 -17.49193 11.75005 269 -20.2418 -5.863488 269.004 -9.273422 18.92181 269 -14.05174 15.60604 269 -4.366146 20.5411 269 1.429884 21.02348 269 8.465305 19.29472 268.9978 18.92181 9.273422 269 14.41189 15.41457 268.9983 20.5411 4.366146 269 19.28131 -8.502218 268.9977 15.38394 -14.43958 268.9984 9.273422 -18.92181 269 21.02348 -1.429884 269 2.242532 -20.95238 269 -5.05885 -20.45579 269 -11.75005 -17.49193 269 -17.01677 -12.42942 269.0031 6.473455 -20.05307 270 -0.7755028 -21.05777 270 -6.489361 -19.97219 270 -11.20049 -17.84881 270 -16.67239 -12.90967 270.0004 -20.0813 -6.429804 270.0004 -21.02779 -0.2716459 270 -20.42851 5.017235 270 -17.84881 11.20049 270 -12.9416 16.62968 270 -7.866738 19.47086 270 -2.892925 20.87252 270 4.420372 20.60319 270 11.24011 17.82014 270.0004 16.62968 12.9416 270 19.47086 7.866738 270 20.79563 -2.922635 270 19.97219 -6.489361 270 17.81868 -11.24557 270.0003 12.9416 -16.62968 270 12.62016 13.48956 266 12.95739 5.480443 266 14.06627 -0.2636092 266 16.43937 -9.731003 266.0017 12.46626 -11.63883 266 -9.322269 -15.6602 266.0003 -6.654556 -15.70308 266 -14.07257 9.901994 266.0009 -11.72088 13.21936 266.0027 -10.60352 11.72116 266.0011 -13.58968 13.19878 266.0013 -14.66934 11.67327 266.0027 -11.2249 8.481211 266 -12.28774 9.346539 266.0024 -5.068463 14.61674 266.0006 -5.217404 16.77969 266.0066 -6.244578 13.62375 266.0007 -8.943205 15.18455 266.0024 -7.827106 13.68614 266.0027 -2.028341 16.65434 266.0027 -7.44172e-7 14 266 -0.9125828 15.15586 266.0027 7.212783 17.56762 266.0013 8.736777 16.48581 266.0027 1.817547 16.86518 266.1034 5.19994 16.75959 266.0044 1.248959 15.3035 266.0073 1.438369 18.47247 266.0019 10.78684 12.28903 266 8.75866 14.61769 266.0027 6.927781 13.42289 266.0066 4.597426 13.29635 266 -10.94874 -11.9294 266.0009 -10.40403 -9.36783 266 -10.90493 -15.59743 266.0027 -3.236251 -14.59126 266.0014 -5.006621 -15.19048 266.0024 18.1882 5.301297 266.0007 17.39548 6.965365 266.0073 17.41692 3.556791 266.0073 14.06135 5.240036 266.0073 15.25538 3.409152 266.0027 15.21159 7.077136 266.001 18.83036 -1.942236 266.0626 17.86257 -3.599542 266.0024 18.34466 -0.3051092 266.0027 16.77851 0.001194298 266.1299 15.1948 -0.5494675 266.0073 14.99984 -2.447107 266.0002 15.99429 -3.621121 266.0027 16.54499 -7.544302 266.0024 14.70917 -6.392615 266.0066 14.5876 -10.31755 266.1034 14.67209 11.07677 266 14.24021 12.60195 266 13.86019 9.768476 266 11.99274 9.360254 266 -4.096012 13.45927 266 -8.228994 11.32624 266 -11.11943 10.43388 266.1299 -13.31479 4.326238 266 -14.12934 4.954839 266 -14.72824 6.727148 266 -16.21599 7.274228 266 -14.06627 0.2636092 266 -15.21114 3.428582 266 -12.95739 -5.480443 266 -7.261423 -12.04994 266 -7.984745 -14.39166 266.0073 -8.764834 -12.04121 266.0073 -1.691714 -13.98024 266 -1.712247 -15.67297 266.0027 3.486474 -14.60757 266 2.910764 -13.69407 266 5.694313 -12.78964 266 8.228994 -11.32624 266 9.979098 -11.64667 266.0073 11.8146 -12.79775 266.0027 8.478322 -12.81195 266.1299 11.2249 -8.481211 266 13.02593 -9.74896 266.0073 12.87871 -7.587622 266.0032 13.31479 -4.326238 266 10.72627 10.70504 266 9.608073 10.27688 266 5.091726 14.57445 266.0021 3.547799 -18.74285 266 5.381119 -17.54232 266 5.237218 -15.37497 266 1.527752 -17.29453 266 2.060641 -15.18879 266 -1.690362 -17.54109 266.0027 -2.864556 -18.53503 266.0007 -5.56284 -16.97417 266.0027 -4.447082 -18.47265 266.0027 -12.10089 -13.76655 266.0055 -15.63502 -10.34414 266.0027 -13.02593 -7.251041 266.0073 -12.87871 -9.412381 266.0032 -14.05249 -10.40652 266.0007 -16.82982 -8.513256 266.0066 -15.38601 -6.500586 266.0073 -18.34466 -3.248859 266.0027 -16.85887 -3.797217 266.0007 -18.92711 -1.824988 266.0007 -18.37842 -0.3395178 266.0032 -16.2685 0.2306209 266.0073 -15.25539 -1.105413 266.1299 -15.19558 -3.00394 266.0082 -16.74679 3.316421 266 -17.99267 4.296467 266 -17.88632 6.485306 266 -8.274394 16.71376 266.1355 -7.260185 17.55862 266.0027 -1.522425 17.94222 266.1153 -0.1661878 19.01173 266.0376 11.83649 -14.66587 266.0027 7.964008 -14.09895 266.0027 10.6623 -15.65981 266.0007 9.079767 -15.59743 266.0027 7.44172e-7 14 270 -4.597426 13.29635 270 4.096012 13.45927 270 9.216272 10.62966 270 12.74296 5.96208 270 14.06627 0.2636092 270 12.95739 -5.480443 270 9.608073 -10.27688 270 4.597426 -13.29635 270 -5.81525e-6 -14 270 -4.162849 -13.434 270.0002 -8.228994 -11.32624 270 -11.2249 -8.481211 270 -13.31479 -4.326238 270 -14.06627 -0.2636092 270 -12.95739 5.480443 270 -9.608073 10.27688 270 3.66023 -18.64667 269.596 4.822463 -18.18733 269.596 5.492736 -17.13258 269.596 5.41503 -15.88529 269.596 4.345139 -14.73568 269.5903 2.791276 -14.74798 269.596 1.82787 -15.54398 269.596 1.526683 -17.08527 269.5903 2.449973 -18.33514 269.596 2.600882 -14.38991 269.9997 1.240433 -15.71693 269.9963 1.296378 -17.56192 269.9992 2.993158 -19.0988 269.9921 5.113845 -18.46865 269.9992 6.055858 -16.37953 269.9966 4.446287 -14.33393 269.9968 12.75919 9.357061 269.596 13.92143 9.8164 269.596 14.5917 10.87115 269.596 14.40186 12.43007 269.5903 13.13753 13.33346 269.596 11.89024 13.25575 269.596 10.74063 12.18586 269.5903 10.75293 10.632 269.596 11.54894 9.668593 269.596 12.43734 13.79238 269.9993 10.73176 12.95242 269.9983 10.31761 10.36154 269.9913 12.07304 9.015758 269.9993 13.95504 9.287023 269.9989 15.0975 11.21712 269.9968 14.20969 13.27574 269.9968 -15.42474 3.372758 269.596 -14.27513 4.442649 269.5903 -14.28743 5.996511 269.596 -15.08343 6.959918 269.596 -16.62472 7.261105 269.5903 -17.87459 6.337815 269.596 -18.18612 5.127558 269.596 -17.72678 3.965325 269.596 -16.67203 3.295052 269.596 -17.10138 7.49141 269.9992 -18.46293 6.165228 269.9972 -18.25433 3.93287 269.9968 -15.91898 2.73193 269.9966 -13.873 4.341347 269.9972 -13.92984 6.186705 269.9992 -15.25545 7.549686 269.9987 13.4157 -9.537008 266.3533 13.05573 -8.570878 266.3533 13.33238 -7.577676 266.3533 14.13999 -6.936773 266.3533 15.17006 -6.892968 266.3533 16.02916 -7.462992 266.3533 16.4092 -8.701615 266.3581 15.55078 -9.983127 266.3581 14.82617 -10.16498 269.6467 15.78501 -9.786025 269.6467 16.41426 -8.653485 269.6419 16.00845 -7.437423 269.6467 15.13828 -6.884453 269.6467 14.10927 -6.948565 269.6467 13.16084 -7.831226 269.6419 13.171 -9.113165 269.6467 13.8277 -9.907974 269.6467 13.6219 -6.76109 269.9977 12.62599 -8.707026 269.9927 14.27132 -10.55856 269.9934 16.30619 -9.8135 269.9973 16.65299 -7.654961 269.9934 15.1895 -6.533438 269.9998 9.790735 -15.44005 266.3581 8.685618 -14.79029 266.3533 8.325646 -13.82417 266.3533 9.662858 -12.08678 266.3581 10.91467 -12.36324 266.3533 11.55558 -13.17084 266.3533 11.59938 -14.20092 266.3533 11.02935 -15.06002 266.3533 10.09609 -15.41827 269.6467 11.05492 -15.03931 269.6467 11.6079 -14.16914 269.6467 11.54378 -13.14012 269.6467 10.88708 -12.34532 269.6467 9.61552 -12.09684 269.6419 8.584379 -12.85856 269.6467 8.335902 -14.13012 269.6419 9.097623 -15.16126 269.6467 10.12408 -11.69995 269.9973 8.170805 -12.6863 269.9969 8.127277 -14.53115 269.9993 9.54141 -15.81109 269.9927 11.57575 -15.06649 269.9969 11.92673 -12.90658 269.9974 16.45924 -3.384016 266.3533 15.42375 -2.605328 266.3581 15.29984 -1.329352 266.3533 15.86987 -0.4702551 266.3533 17.8292 -0.386932 266.3533 18.57338 -1.447492 266.3581 17.73522 -3.260111 266.3581 17.52004 -3.328418 269.6467 18.31485 -2.671709 269.6467 18.56332 -1.400155 269.6419 17.8016 -0.3690125 269.6467 16.80314 -0.1120028 269.6467 15.8443 -0.4909608 269.6467 15.29133 -1.361133 269.6467 15.44794 -2.647239 269.6419 16.49102 -3.392531 269.6467 15.80652 -0.03836452 269.9973 14.85319 -1.645229 269.9977 15.37346 -3.093111 269.9993 16.77514 -3.830325 269.9973 18.49063 -3.090482 269.9973 18.92103 -1.613537 269.9993 17.97164 0.04075706 269.9927 16.49745 3.586779 266.3581 15.24564 3.863236 266.3533 14.60473 4.670839 266.3533 14.62606 5.966275 266.3581 15.58551 6.816515 266.3533 16.88095 6.795194 266.3581 17.83447 5.582779 266.3581 17.55801 4.330965 266.3533 17.03822 3.794361 269.6419 17.85978 5.099806 269.6419 17.28656 6.531786 269.6419 16.06423 6.91827 269.6467 15.30012 6.846138 269.8828 14.47614 5.406773 269.6419 14.88194 4.190715 269.6467 15.75211 3.637742 269.6467 14.25625 6.012923 269.9969 14.30289 4.475431 269.9993 15.71702 3.195483 269.9927 17.75172 3.939789 269.9973 18.18212 5.416737 269.9993 17.23273 7.071031 269.9927 -4.456822 -18.01856 266.3533 -5.097726 -17.21096 266.3533 -5.141531 -16.18088 266.3533 -4.571504 -15.32178 266.3533 -3.332885 -14.94175 266.3581 -2.227768 -15.5915 266.3533 -1.867795 -16.55763 266.3533 -2.144444 -17.55083 266.3533 -3.205008 -18.29502 266.3581 -2.256001 -17.74711 269.6419 -1.869518 -16.52478 269.6467 -2.248475 -15.56593 269.6467 -3.381015 -14.93669 269.6419 -4.597073 -15.34248 269.6467 -5.226321 -16.47503 269.6419 -4.820523 -17.69108 269.6467 -3.687981 -18.32033 269.6419 -4.043815 -14.63462 269.9977 -5.260507 -15.57658 269.9998 -5.464355 -17.47324 269.9927 -3.327396 -18.72571 269.9934 -1.622792 -17.38814 269.9969 -1.959557 -15.22825 269.9934 -9.92147 -15.41999 266.3533 -10.91467 -15.14334 266.3533 -11.55558 -14.33574 266.3533 -11.59938 -13.30566 266.3533 -11.02935 -12.44656 266.3533 -9.790738 -12.06653 266.3581 -8.685619 -12.71628 266.3533 -8.325646 -13.68241 266.3533 -8.746237 -14.90785 266.3581 -9.888614 -15.41827 269.6467 -8.713855 -14.87189 269.6419 -8.327368 -13.64955 269.6467 -8.873748 -12.47479 269.6419 -10.36918 -12.09684 269.6419 -11.55394 -13.08452 269.6419 -11.54378 -14.36645 269.6467 -10.88708 -15.16126 269.6467 -10.15584 -11.7386 269.9998 -11.57611 -12.43979 269.9973 -11.92349 -14.59858 269.994 -10.12408 -15.80663 269.9973 -8.676223 -15.28671 269.9993 -7.939008 -13.88502 269.9973 -8.678852 -12.16953 269.9973 6.466892 13.92324 266.3533 5.431396 14.70193 266.3581 5.307491 15.9779 266.3533 5.877518 16.837 266.3533 6.843645 17.19698 266.3533 7.836846 16.92033 266.3533 8.47775 16.11272 266.3533 8.521555 15.08264 266.3533 7.742867 14.04715 266.3581 7.018259 13.86529 269.6467 7.782361 13.93742 269.8828 8.530071 15.11442 269.6467 8.465959 16.14344 269.6467 7.809252 16.93824 269.6467 6.81079 17.19526 269.6467 5.851948 16.8163 269.6467 5.298976 15.94612 269.6467 5.363088 14.91711 269.6467 6.019797 14.1223 269.6467 6.069232 17.46141 269.994 4.815017 15.32294 269.9956 6.154591 13.61782 269.9977 8.977151 15.07828 269.9974 8.228244 17.11429 269.9977 -15.17006 -10.10703 266.3533 -16.02916 -9.537009 266.3533 -16.4092 -8.298386 266.3581 -15.75944 -7.19327 266.3533 -14.52082 -6.813237 266.3581 -13.23931 -7.671656 266.3581 -13.1154 -8.947629 266.3533 -13.89409 -9.983126 266.3581 -14.87592 -10.19182 269.6419 -13.65985 -9.786023 269.6467 -13.10688 -8.915848 269.6467 -13.171 -7.886837 269.6467 -13.8277 -7.092028 269.6467 -14.78065 -6.718151 269.8701 -15.78501 -7.213977 269.6467 -16.41426 -8.346517 269.6419 -16.00846 -9.562577 269.6467 -16.30619 -7.186501 269.9973 -16.65299 -9.345041 269.9934 -14.85417 -10.55334 269.9973 -12.90552 -9.564281 269.9918 -13.14807 -7.100255 269.9927 -0.4476314 15.39297 266.3533 -1.306731 15.963 266.3533 -1.666703 16.92912 266.3533 -0.3294926 18.66651 266.3581 1.483127 17.82835 266.3581 0.8283452 15.51687 266.3581 0.8702569 15.54107 269.6419 1.691822 16.84652 269.6419 1.118598 18.2785 269.6419 -0.376829 18.65645 269.6419 -1.407973 17.89473 269.6467 -1.664981 16.89627 269.6467 -1.59285 16.13216 269.8828 -0.4158505 15.38445 269.6467 -0.7778593 18.86507 269.9993 -1.911707 17.75963 269.9969 -0.7598043 15.08786 269.9973 0.7778607 15.13493 269.9993 1.912135 16.2402 269.9973 1.865181 17.77791 269.9994 0.759804 18.91214 269.9973 -17.10849 -3.463747 266.3581 -18.2136 -2.813992 266.3533 -18.59364 -1.575366 266.3581 -17.94388 -0.4702522 266.3533 -16.97775 -0.1102804 266.3533 -15.98455 -0.3869301 266.3533 -15.29984 -2.224616 266.3533 -15.86987 -3.083713 266.3533 -17.06036 -3.468806 269.6419 -15.8443 -3.063007 269.6467 -15.29133 -2.192835 269.6467 -15.44794 -0.9067285 269.6419 -16.75339 -0.0851621 269.6419 -17.96945 -0.490958 269.6467 -18.59869 -1.623498 269.6419 -18.1929 -2.839561 269.6467 -18.49063 -0.463486 269.9973 -18.92103 -1.940431 269.9993 -17.97164 -3.594725 269.9927 -15.80652 -3.515603 269.9973 -14.81043 -1.569957 269.9927 -16.45593 0.2808218 269.9927 -7.627508 13.98837 266.3581 -8.477749 14.94782 266.3533 -8.521555 15.9779 266.3533 -6.985402 17.19698 266.3533 -5.992199 16.92032 266.3533 -5.351297 16.11272 266.3533 -5.307491 15.08264 266.3533 -6.086178 14.04715 266.3581 -6.810788 13.86529 269.6467 -5.851949 14.24425 269.6467 -5.222701 15.37679 269.6419 -5.6285 16.59285 269.6467 -6.761041 17.2221 269.6419 -7.977097 16.8163 269.6467 -8.530071 15.94612 269.6467 -8.465958 14.91711 269.6467 -7.809248 14.1223 269.6467 -7.077974 17.54443 269.9993 -8.732264 16.59504 269.9927 -8.653143 14.42993 269.9973 -6.707419 13.43307 269.9934 -4.856717 15.07933 269.9927 -5.601317 17.11367 269.9969 -13.68539 9.649212 269.9998 20.87252 2.892925 270 -10.66737 10.90826 269.9993 -10.89313 12.47665 269.9993 -11.78842 9.444661 269.9934 -14.73067 11.16812 269.9934 -12.50173 13.42856 269.9973 -13.95104 12.62193 269.8828 -13.24663 12.92666 269.6467 -14.28991 10.99839 269.6419 -13.30224 9.813632 269.6419 -12.0203 9.823786 269.6467 -11.22549 10.48049 269.6467 -10.97702 11.75205 269.6419 -11.96469 12.93681 269.6419 -12.05101 9.811995 266.3533 -10.96676 11.4461 266.3533 -11.32673 12.41223 266.3533 -12.18583 12.98225 266.3533 -13.21591 12.93845 266.3533 -14.02351 12.29754 266.3533 -14.29997 11.04573 266.3581 -13.34645 9.833317 266.3581 -25.61154 19.48841 16.60086 -25.21081 20.50026 16.01021 -26.40017 20.1507 16.00262 -26.61088 19.23968 16.00262 -25.84463 18.45836 16.00524 -24.59969 19.08768 16.01021 -26.62167 19.44546 10.30198 -26.35924 20.19556 10.31071 -25.13518 20.46411 10.30324 -24.60142 19.53137 10.30198 -24.85632 18.78868 10.30489 -25.56859 18.47829 10.30198 -26.31128 18.73319 10.30489 -26.1383 20.64509 10.11883 -20.50504 20.06006 9.998043 -18.06355 15.53916 9.999021 -21.61457 15.41797 10.00731 -28.47657 18.42505 9.999309 -25.6279 14.7347 10.0005 -18.58236 18.16985 10.077 -22.80845 17.24917 10.00235 -22.49489 13.79853 10.0007 -24.35999 13.39578 10.00598 -25.56563 16.31745 10.00235 -24.39903 17.06184 10.11531 -19.06585 12.18857 9.998043 -28.86927 12.60167 10.12913 -23.04777 21.19223 10.07022 -21.42427 10.27541 9.999311 -26.97711 10.78231 9.998891 -29.37784 15.27029 9.998043 -23.80046 9.633728 10.1193 -29.78193 15.14698 10.38812 -27.73597 10.94585 10.4 -21.6401 9.705188 10.37463 -18.66645 12.05082 10.38812 -17.66045 15.66246 10.38812 -20.36729 20.45945 10.38812 -28.75449 18.78933 10.3712 -25.79426 21.09822 10.41113 -25.34302 9.556389 10.39217 -22.94705 10.34308 10.30429 -24.77482 10.5372 10.31717 -24.43709 11.7355 10.31051 -23.51583 11.87916 10.30198 -22.79662 11.26678 10.31051 -23.76646 9.85076 10.30048 -17.63278 10.92077 15.99905 -19.79517 9.014382 16 -26.87265 8.531319 15.99921 -22.84255 7.894504 15.99921 -28.48079 21.20094 16 -25.61428 22.72534 15.99921 -30.3635 19.01789 15.99921 -22.73378 22.83944 16 -19.66319 21.78493 15.99905 -16.18929 14.73698 15.99921 -29.98517 11.1694 15.99921 -16.93884 18.74764 15.99921 -31.27379 15.04064 15.99905 -31.58403 13.62467 17.93451 -30.81237 11.56489 17.95476 -29.51344 9.794095 17.95476 -27.78492 8.439423 17.95476 -25.75501 7.601333 17.95476 -23.57426 7.341984 17.95476 -21.40441 7.680612 17.95476 -19.40638 8.592102 17.95476 -17.72837 10.00885 17.95476 -16.49481 11.82579 17.95476 -15.7972 13.90815 17.95476 -15.6892 16.09753 17.93451 -16.17319 18.24321 17.95476 -17.2189 20.17437 17.95476 -18.74686 21.7518 17.95476 -20.64375 22.85849 17.95476 -22.76887 23.41236 17.95476 -24.96462 23.37235 17.95476 -27.06815 22.74142 17.95476 -28.92345 21.56635 17.95476 -30.39293 19.93431 17.95476 -31.36759 17.96632 17.95476 -31.77515 15.80836 17.95476 -16.76969 16.68606 18 -21.92395 8.568415 18 -18.6994 20.37933 18 -26.08726 8.743876 18 -17.25579 12.54749 18 -24.47946 22.43253 18 -29.42832 11.23413 18 -30.78602 15.17376 18 -21.55807 22.06212 18 -27.57747 21.24673 18 -29.68852 19.19365 18 -19.03727 10.2027 18 -30.49588 13.89215 19.50013 -29.74906 11.96247 19.50013 -28.46664 10.33865 19.50013 -26.76256 9.164978 19.50013 -24.78825 8.545732 19.50013 -22.71912 8.535936 19.50013 -20.73903 9.136461 19.50013 -19.02392 10.29395 19.50013 -17.72618 11.90555 19.50013 -16.96112 13.82807 19.50013 -16.79673 15.89068 19.50013 -17.2476 17.91012 19.50013 -18.27368 19.70693 19.50013 -19.7838 21.12148 19.50013 -21.64376 22.02806 19.50013 -23.68833 22.34613 19.50013 -25.7358 22.04743 19.50013 -27.60427 21.1585 19.50013 -29.12772 19.75831 19.50013 -30.17076 17.97129 19.50013 -30.64074 15.95622 19.50013 -30.22129 12.9652 27.61474 -28.52948 10.37564 27.58689 -25.35062 8.602708 27.60338 -21.77423 8.740488 27.61474 -19.06549 10.23405 27.58689 -17.05996 13.27153 27.60338 -16.86476 16.33377 27.60026 -17.65728 18.78579 27.61474 -19.32655 20.74896 27.60026 -21.57111 22.022 27.58689 -24.13527 22.3114 27.60026 -26.63964 21.70434 27.61474 -29.42357 19.45506 27.60338 -30.651 16.02841 27.58689 -22.05448 15.47559 10.35327 -22.47507 14.25015 10.35806 -23.65031 13.73801 10.35327 -24.64351 14.01467 10.35327 -25.28441 14.82227 10.35327 -25.26309 16.11771 10.35806 -23.27355 17.01175 10.35327 -22.41446 16.44173 10.35326 -25.28277 16.0735 18.14194 -25.27263 14.79156 18.14673 -24.33435 16.95616 18.14673 -23.30533 17.02026 18.14673 -22.43516 16.46729 18.14673 -22.0562 15.50845 18.14673 -22.44269 14.28612 18.14194 -23.61746 13.73974 18.14673 -24.61592 13.99675 18.14673 -24.78668 13.58576 18.49402 -22.94326 13.53943 18.4995 -21.662 14.95347 18.49402 -22.40727 16.98896 18.49791 -24.23062 17.3991 18.49812 -25.78089 15.85609 18.49452 -26.59373 11.24675 18.49964 -23.60113 10.3524 18.49974 -20.84864 19.5627 18.49974 -23.84125 20.45704 18.4997 -26.78799 19.42156 18.49964 -20.65438 11.38788 18.4997 -19.15346 13.37103 18.5 -18.66887 15.52478 18.49974 -28.56333 16.85179 18.49974 -19.39106 17.90472 18.5 -28.48913 13.72928 18.4997 -29.31841 13.07038 27.99964 -26.87735 10.22623 27.99964 -23.23073 9.360092 27.99964 -19.77146 10.80279 27.99964 -18.11485 12.83885 28.08771 -17.67656 15.89517 27.99969 -18.52503 18.40472 28 -20.56503 20.58321 27.99964 -23.09402 21.37185 28 -26.05552 21.00194 27.99964 -27.76556 20.13951 28.0711 -29.62153 16.80617 27.99964 -30.14764 14.03873 28.00128 -28.26148 10.65594 28.00129 -25.7298 9.222851 28 -22.83927 8.894159 28.00129 -19.32498 10.52224 28.00129 -17.16321 15.79761 28.00154 -18.52383 19.42376 28.00128 -21.69094 21.65318 28.00129 -25.5636 21.71112 28.00128 -29.80046 17.89624 28.00129 -24.75746 10.48832 16.00524 -24.48345 11.69922 16.00524 -23.40096 11.85989 16.00262 -22.78779 11.15393 16.00262 -22.9985 10.24292 16.00262 -23.85938 9.87791 16.00262 -23.78713 10.9052 16.60086 -19.69464 13.39551 259.3992 -19.12391 14.25272 259.9974 -18.66567 13.43763 259.9974 -19.18149 12.47247 259.9948 -20.10675 12.47258 259.9989 -20.78234 13.35893 259.9898 -20.05267 14.3611 259.9974 -20.08508 12.41602 265.6895 -19.00971 12.62741 265.6893 -18.67647 13.67258 265.7024 -19.31404 14.33217 265.6981 -20.09919 14.34226 265.6951 -20.74684 13.46416 265.6895 -19.22499 14.68309 265.9964 -20.7745 14.24038 265.997 -20.83141 12.62988 265.9964 -19.35897 12.05366 266.022 -18.40802 13.14692 265.9111 -18.97361 18.48308 266.002 -23.42102 21.05599 266.001 -24.57934 17.27478 265.9973 -20.8415 10.56287 266.0007 -24.44372 13.42381 265.9945 -20.80665 20.46031 265.923 -21.85081 16.26301 265.9977 -25.82789 15.47973 265.994 -26.93208 15.00063 265.9975 -23.24877 17.15604 265.8828 -22.06093 14.10574 265.994 -27.23648 16.37729 265.999 -26.79955 20.1523 266.002 -28.26945 14.10172 265.9957 -26.67389 10.34099 265.8709 -17.90223 16.00422 265.8947 -28.7812 18.34001 265.8947 -28.28967 16.60818 265.9054 -29.40956 15.98291 265.9447 -28.43702 12.28564 266.0011 -24.5573 9.608943 265.9204 -29.21962 14.67113 265.9614 -28.29579 11.52232 265.6 -29.551 16.82363 265.6 -26.92553 20.55556 265.6119 -23.28596 21.4553 265.6119 -18.57034 18.60906 265.6119 -19.83879 10.83012 265.6 -22.26538 9.515779 265.6119 -18.09088 13.16571 265.5889 -29.61453 13.95496 265.6079 -29.03208 16.14445 265.6895 -27.65777 14.57905 265.6895 -27.21227 15.39812 265.6981 -27.44531 16.14797 265.6951 -29.16766 15.06626 265.6962 -26.21855 9.878267 260 -28.98997 12.40164 260 -29.74888 16.07209 260 -28.20543 19.48762 260 -25.99994 20.95515 260 -23.05381 21.43242 260 -20.57021 20.51073 260 -18.4524 18.40779 260 -17.69349 14.73734 260 -18.61517 12.25374 260 -20.71811 10.13594 260 -23.26914 9.421772 260 -26.18785 22.55251 260.0008 -29.54259 20.23025 260.001 -31.22133 14.44391 260.0008 -30.87042 17.67152 260 -17.29688 11.41678 260.0008 -29.63024 10.68683 260.0008 -19.60599 9.134536 260 -16.32987 14.13252 260 -16.42178 17.37784 260.001 -22.11488 22.79357 260.0008 -18.50959 20.88328 260.0008 -26.31863 8.303469 260.001 -22.25079 7.987626 260.0008 -25.73087 7.597414 258.0655 -27.76716 8.429095 258.0452 -29.49913 9.779361 258.0452 -30.80257 11.54683 258.0452 -31.58082 13.60043 258.0452 -31.77615 15.78784 258.0452 -31.37409 17.94684 258.0452 -30.40444 19.91729 258.0452 -28.93913 21.55308 258.0452 -27.08683 22.73287 258.0452 -24.98491 23.36916 258.0452 -22.79331 23.41296 258.0655 -20.66275 22.8663 258.0452 -18.76305 21.76445 258.0452 -17.23108 20.19092 258.0452 -16.18045 18.26242 258.0452 -15.68908 16.12198 258.0452 -15.79341 13.92835 258.0452 -16.48572 11.8442 258.0452 -17.71464 10.02413 258.0452 -19.38904 8.603116 258.0452 -21.38475 7.686539 258.0452 -23.55373 7.342386 258.0452 -24.3397 22.44621 258 -21.07058 21.88348 258 -30.50189 17.40152 258 -18.60156 20.27858 258 -30.4485 13.23484 258 -28.19883 20.87425 258 -17.06247 13.24568 258 -16.74561 16.54771 258 -28.05722 9.822246 258 -24.15907 8.349693 258 -18.47836 10.66363 258 -21.25755 8.852583 258 -25.43163 8.677258 256.4999 -27.33859 9.4803 256.4999 -28.92413 10.80975 256.4999 -30.04737 12.54749 256.4999 -30.6085 14.5391 256.4999 -30.55766 16.60763 256.4999 -29.89937 18.56928 256.4999 -28.69212 20.24974 256.4999 -27.04318 21.49969 256.4999 -25.09907 22.20808 256.4999 -23.03253 22.31197 256.4999 -21.02718 21.80211 256.4999 -19.2612 20.72382 256.4999 -17.89151 19.1729 256.4999 -17.03982 17.28717 256.4999 -16.78179 15.23416 256.4999 -17.14036 13.19632 256.4999 -18.08366 11.3547 256.4999 -19.52789 9.872941 256.4999 -21.34471 8.882705 256.4999 -23.37268 8.47198 256.4999 -27.71952 9.665749 248.3966 -29.76216 12.03124 248.3997 -30.70101 14.95255 248.3966 -30.12516 18.02442 248.3997 -28.42656 20.57984 248.3966 -25.66584 22.0449 248.3997 -22.60886 22.31016 248.3966 -19.30546 20.78177 248.4131 -17.42336 18.32704 248.3853 -16.81476 15.82302 248.3997 -17.10259 13.25869 248.4131 -18.70001 10.60988 248.3853 -21.7272 8.700509 248.3966 -24.85019 8.578368 248.3997 -24.60238 16.8212 265.6467 -25.37733 15.7829 265.6419 -25.13767 14.52352 265.6467 -24.09937 13.74858 265.6419 -22.83999 13.98824 265.6467 -22.06505 15.02654 265.6419 -22.44178 16.52228 265.6419 -24.14639 13.76002 257.8581 -22.8681 13.97114 257.8533 -22.07649 14.97951 257.8581 -22.41046 16.48538 257.8581 -23.82504 17.10031 257.8581 -24.97553 16.50452 257.8533 -25.38241 15.55719 257.8533 -25.15477 14.55163 257.8533 -23.98973 13.31384 257.506 -25.47701 14.40394 257.5005 -25.62675 16.30624 257.506 -23.79273 17.46167 257.5021 -22.09913 16.67165 257.5021 -21.81475 14.50279 257.5051 -28.60365 14.10016 257.5003 -28.57936 16.58714 257.5 -20.53799 19.32997 257.5003 -18.83873 16.70928 257.5004 -19.00439 13.59029 257.5003 -27.64644 18.58791 257.5003 -25.62015 20.03008 257.5 -23.45313 20.45135 257.5003 -20.97171 11.16435 257.5003 -23.98924 10.35809 257.5004 -26.90438 11.47947 257.5003 -26.21854 9.878301 248.0004 -28.29579 11.52232 248 -29.66006 14.17677 248.0004 -29.551 16.82363 248 -28.2054 19.4876 248.0004 -25.99994 20.95515 248 -23.05382 21.43239 248.0003 -19.63831 19.88893 248.0004 -17.78232 16.63267 248.0004 -18.19477 12.90736 248.0004 -19.83879 10.83012 248 -22.49324 9.465846 248.0004 -25.27489 9.021064 247.9987 -28.60096 11.00553 247.9987 -30.2312 14.51881 247.9987 -29.59906 18.33997 247.9987 -26.92423 21.14106 247.9987 -23.13629 21.94836 247.9985 -19.55158 20.48206 247.9987 -17.82503 18.14065 248 -18.34645 11.6262 247.9987 -17.15185 15.31046 247.9987 -21.40888 9.255061 247.9987 -28.18412 14.38296 259.9898 -27.17232 15.34325 259.9948 -27.54357 16.22106 259.9989 -28.59161 16.49381 259.9898 -29.25715 15.26785 259.9948 -28.2207 15.47066 259.3992 8.431622 19.66733 18 8.640141 19.3282 258 7.342406 23.4825 258 7.484681 22.59291 18 7.682504 26.0504 18 8.392103 27.70629 258 10.01693 29.72365 18 11.4836 30.76978 258 12.68866 31.24601 18 15.71678 31.78099 258 16.11409 31.75578 18 19.85909 30.4455 258 20.18546 30.21752 18 22.72005 27.12877 258 22.85814 26.81507 18 23.42444 22.85983 258 23.37217 22.46517 18 21.80938 18.81831 258 21.55966 18.50827 18 18.32953 16.20432 258 17.95507 16.06916 18 13.99809 15.77894 258 13.60792 15.85802 18 10.82346 17.16283 258 10.82346 17.16283 18 21.81021 26.72126 258 18.98148 29.81807 258 14.92548 30.77353 258 8.635837 21.68468 258 13.61524 16.95378 258 10.95921 18.2255 258 16.9297 16.81904 258 11.03604 29.27814 258 20.55283 18.87742 258 22.38688 22.61911 258 8.664798 25.85159 258 10.66739 18.47496 18 8.535252 22.05519 18 14.44585 16.71792 18 18.55755 17.39467 18 21.57357 20.27003 18 22.40065 23.48246 18 21.94317 26.41925 18 19.95325 29.04198 18 17.39665 30.50332 18 13.23002 30.44694 18 9.819143 28.05322 18 8.522509 24.99993 18 19.48841 25.61154 16.60086 20.50026 25.21081 16.01021 20.1507 26.40017 16.00262 19.23968 26.61088 16.00262 18.45836 25.84463 16.00524 19.08768 24.59969 16.01021 19.44546 26.62167 10.30198 20.19556 26.35924 10.31071 20.46411 25.13518 10.30324 19.53137 24.60142 10.30198 18.78868 24.85632 10.30489 18.47829 25.56859 10.30198 18.73319 26.31128 10.30489 20.64509 26.1383 10.11883 20.06006 20.50504 9.998043 15.53916 18.06355 9.999021 15.41797 21.61457 10.00731 18.42505 28.47657 9.999309 14.7347 25.6279 10.0005 18.16985 18.58236 10.077 17.24917 22.80845 10.00235 13.79853 22.49489 10.0007 13.39578 24.35999 10.00598 16.31745 25.56563 10.00235 17.06184 24.39903 10.11531 12.18857 19.06585 9.998043 12.60167 28.86927 10.12913 21.19223 23.04777 10.07022 10.27541 21.42427 9.999311 10.78231 26.97711 9.998891 15.27029 29.37784 9.998043 9.633728 23.80046 10.1193 15.14698 29.78193 10.38812 10.94585 27.73597 10.4 9.705188 21.6401 10.37463 12.05082 18.66645 10.38812 15.66246 17.66045 10.38812 20.45945 20.36729 10.38812 18.78933 28.75449 10.3712 21.09822 25.79426 10.41113 9.556389 25.34302 10.39217 10.34308 22.94705 10.30429 10.5372 24.77482 10.31717 11.7355 24.43709 10.31051 11.87916 23.51583 10.30198 11.26678 22.79662 10.31051 9.85076 23.76646 10.30048 10.92077 17.63278 15.99905 9.014382 19.79517 16 8.531319 26.87265 15.99921 7.894504 22.84255 15.99921 21.20094 28.48079 16 22.72534 25.61428 15.99921 19.01789 30.3635 15.99921 22.83944 22.73378 16 21.78493 19.66319 15.99905 14.73698 16.18929 15.99921 11.1694 29.98517 15.99921 18.74764 16.93884 15.99921 15.88246 31.20595 16 13.62467 31.58403 17.93451 11.56489 30.81237 17.95476 9.794095 29.51344 17.95476 8.439423 27.78492 17.95476 7.601333 25.75501 17.95476 7.341984 23.57426 17.95476 7.680612 21.40441 17.95476 8.592102 19.40638 17.95476 10.00885 17.72837 17.95476 11.82579 16.49481 17.95476 13.90815 15.7972 17.95476 16.09753 15.6892 17.93451 18.24321 16.17319 17.95476 20.17437 17.2189 17.95476 21.7518 18.74686 17.95476 22.85849 20.64375 17.95476 23.41236 22.76887 17.95476 23.37235 24.96462 17.95476 22.74142 27.06815 17.95476 21.56635 28.92345 17.95476 19.93431 30.39293 17.95476 17.96632 31.36759 17.95476 15.80836 31.77515 17.95476 16.68606 16.76969 18 8.568415 21.92395 18 20.37933 18.6994 18 8.743876 26.08726 18 12.54749 17.25579 18 22.43253 24.47946 18 11.23413 29.42832 18 15.17376 30.78602 18 22.06212 21.55807 18 21.24673 27.57747 18 19.19365 29.68852 18 10.2027 19.03727 18 13.89215 30.49588 19.50013 11.96247 29.74906 19.50013 10.33865 28.46664 19.50013 9.164978 26.76256 19.50013 8.545732 24.78825 19.50013 8.535936 22.71912 19.50013 9.136461 20.73903 19.50013 10.29395 19.02392 19.50013 11.90555 17.72618 19.50013 13.82807 16.96112 19.50013 15.89068 16.79673 19.50013 17.91012 17.2476 19.50013 19.70693 18.27368 19.50013 21.12148 19.7838 19.50013 22.02806 21.64376 19.50013 22.34613 23.68833 19.50013 22.04743 25.7358 19.50013 21.1585 27.60427 19.50013 19.75831 29.12772 19.50013 17.97129 30.17076 19.50013 15.95622 30.64074 19.50013 12.9652 30.22129 27.61474 10.37564 28.52948 27.58689 8.602708 25.35062 27.60338 8.740488 21.77423 27.61474 10.23405 19.06549 27.58689 13.27153 17.05996 27.60338 16.33377 16.86476 27.60026 18.78579 17.65728 27.61474 20.74896 19.32655 27.60026 22.022 21.57111 27.58689 22.3114 24.13527 27.60026 21.70434 26.63964 27.61474 19.45506 29.42357 27.60338 16.02841 30.651 27.58689 15.47559 22.05448 10.35327 14.25015 22.47507 10.35806 13.73801 23.65031 10.35327 14.01467 24.64351 10.35327 14.82227 25.28441 10.35327 16.11771 25.26309 10.35806 17.01175 23.27355 10.35327 16.44173 22.41446 10.35326 16.0735 25.28277 18.14194 14.79156 25.27263 18.14673 16.95616 24.33435 18.14673 17.02026 23.30533 18.14673 16.46729 22.43516 18.14673 15.50845 22.0562 18.14673 14.28612 22.44269 18.14194 13.73974 23.61746 18.14673 13.99675 24.61592 18.14673 13.58576 24.78668 18.49402 13.53943 22.94326 18.4995 14.95347 21.662 18.49402 16.98896 22.40727 18.49791 17.3991 24.23062 18.49812 15.85609 25.78089 18.49452 11.24675 26.59373 18.49964 10.3524 23.60113 18.49974 19.5627 20.84864 18.49974 20.45704 23.84125 18.4997 19.42156 26.78799 18.49964 11.38788 20.65438 18.4997 13.37103 19.15346 18.5 15.52478 18.66887 18.49974 16.85179 28.56333 18.49974 17.90472 19.39106 18.5 13.72928 28.48913 18.4997 13.07038 29.31841 27.99964 10.22623 26.87735 27.99964 9.360092 23.23073 27.99964 10.80279 19.77146 27.99964 12.83885 18.11485 28.08771 15.89517 17.67656 27.99969 18.40472 18.52503 28 20.58321 20.56503 27.99964 21.37185 23.09402 28 21.00194 26.05552 27.99964 20.13951 27.76556 28.0711 16.80617 29.62153 27.99964 14.03873 30.14764 28.00128 10.65594 28.26148 28.00129 9.222851 25.7298 28 8.894159 22.83927 28.00129 10.52224 19.32498 28.00129 15.79761 17.16321 28.00154 19.42376 18.52383 28.00128 21.65318 21.69094 28.00129 21.71112 25.5636 28.00128 17.89624 29.80046 28.00129 10.48832 24.75746 16.00524 11.69922 24.48345 16.00524 11.85989 23.40096 16.00262 11.15393 22.78779 16.00262 10.24292 22.9985 16.00262 9.87791 23.85938 16.00262 10.9052 23.78713 16.60086 13.39551 19.69464 259.3992 14.25272 19.12391 259.9974 13.43763 18.66567 259.9974 12.47247 19.18149 259.9948 12.47258 20.10675 259.9989 13.35893 20.78234 259.9898 14.3611 20.05267 259.9974 12.41602 20.08508 265.6895 12.62741 19.00971 265.6893 13.67258 18.67647 265.7024 14.33217 19.31404 265.6981 14.34226 20.09919 265.6951 13.46416 20.74684 265.6895 14.68309 19.22499 265.9964 14.24038 20.7745 265.997 12.62988 20.83141 265.9964 12.05366 19.35897 266.022 13.14692 18.40802 265.9111 18.48308 18.97361 266.002 21.05599 23.42102 266.001 17.27478 24.57934 265.9973 10.56287 20.8415 266.0007 13.42381 24.44372 265.9945 20.46031 20.80665 265.923 16.26301 21.85081 265.9977 15.47973 25.82789 265.994 15.00063 26.93208 265.9975 17.15604 23.24877 265.8828 14.10574 22.06093 265.994 16.37729 27.23648 265.999 20.1523 26.79955 266.002 14.10172 28.26945 265.9957 10.34099 26.67389 265.8709 16.00422 17.90223 265.8947 18.34001 28.7812 265.8947 16.60818 28.28967 265.9054 15.98291 29.40956 265.9447 12.28564 28.43702 266.0011 9.608943 24.5573 265.9204 14.67113 29.21962 265.9614 11.52232 28.29579 265.6 16.82363 29.551 265.6 20.55556 26.92553 265.6119 21.4553 23.28596 265.6119 18.60906 18.57034 265.6119 10.83012 19.83879 265.6 9.515779 22.26538 265.6119 13.16571 18.09088 265.5889 13.95496 29.61453 265.6079 16.14445 29.03208 265.6895 14.57905 27.65777 265.6895 15.39812 27.21227 265.6981 16.14797 27.44531 265.6951 15.06626 29.16766 265.6962 9.878267 26.21855 260 12.40164 28.98997 260 16.07209 29.74888 260 19.48762 28.20543 260 20.95515 25.99994 260 21.43242 23.05381 260 20.51073 20.57021 260 18.40779 18.4524 260 14.73734 17.69349 260 12.25374 18.61517 260 10.13594 20.71811 260 9.421772 23.26914 260 22.55251 26.18785 260.0008 20.23025 29.54259 260.001 14.44391 31.22133 260.0008 17.67152 30.87042 260 11.41678 17.29688 260.0008 10.68683 29.63024 260.0008 9.134536 19.60599 260 14.13252 16.32987 260 17.37784 16.42178 260.001 22.79357 22.11488 260.0008 20.88328 18.50959 260.0008 8.303469 26.31863 260.001 7.987626 22.25079 260.0008 7.597414 25.73087 258.0655 8.429095 27.76716 258.0452 9.779361 29.49913 258.0452 11.54683 30.80257 258.0452 13.60043 31.58082 258.0452 15.78784 31.77615 258.0452 17.94684 31.37409 258.0452 19.91729 30.40444 258.0452 21.55308 28.93913 258.0452 22.73287 27.08683 258.0452 23.36916 24.98491 258.0452 23.41296 22.79331 258.0655 22.8663 20.66275 258.0452 21.76445 18.76305 258.0452 20.19092 17.23108 258.0452 18.26242 16.18045 258.0452 16.12198 15.68908 258.0452 13.92835 15.79341 258.0452 11.8442 16.48572 258.0452 10.02413 17.71464 258.0452 8.603116 19.38904 258.0452 7.686539 21.38475 258.0452 7.342386 23.55373 258.0452 22.44621 24.3397 258 21.88348 21.07058 258 17.40152 30.50189 258 20.27858 18.60156 258 13.23484 30.4485 258 20.87425 28.19883 258 13.24568 17.06247 258 16.54771 16.74561 258 9.822246 28.05722 258 8.349693 24.15907 258 10.66363 18.47836 258 8.852583 21.25755 258 8.677258 25.43163 256.4999 9.4803 27.33859 256.4999 10.80975 28.92413 256.4999 12.54749 30.04737 256.4999 14.5391 30.6085 256.4999 16.60763 30.55766 256.4999 18.56928 29.89937 256.4999 20.24974 28.69212 256.4999 21.49969 27.04318 256.4999 22.20808 25.09907 256.4999 22.31197 23.03253 256.4999 21.80211 21.02718 256.4999 20.72382 19.2612 256.4999 19.1729 17.89151 256.4999 17.28717 17.03982 256.4999 15.23416 16.78179 256.4999 13.19632 17.14036 256.4999 11.3547 18.08366 256.4999 9.872941 19.52789 256.4999 8.882705 21.34471 256.4999 8.47198 23.37268 256.4999 9.665749 27.71952 248.3966 12.03124 29.76216 248.3997 14.95255 30.70101 248.3966 18.02442 30.12516 248.3997 20.57984 28.42656 248.3966 22.0449 25.66584 248.3997 22.31016 22.60886 248.3966 20.78177 19.30546 248.4131 18.32704 17.42336 248.3853 15.82302 16.81476 248.3997 13.25869 17.10259 248.4131 10.60988 18.70001 248.3853 8.700509 21.7272 248.3966 8.578368 24.85019 248.3997 16.8212 24.60238 265.6467 15.7829 25.37733 265.6419 14.52352 25.13767 265.6467 13.74858 24.09937 265.6419 13.98824 22.83999 265.6467 15.02654 22.06505 265.6419 16.52228 22.44178 265.6419 13.76002 24.14639 257.8581 13.97114 22.8681 257.8533 14.97951 22.07649 257.8581 16.48538 22.41046 257.8581 17.10031 23.82504 257.8581 16.50452 24.97553 257.8533 15.55719 25.38241 257.8533 14.55163 25.15477 257.8533 13.31384 23.98973 257.506 14.40394 25.47701 257.5005 16.30624 25.62675 257.506 17.46167 23.79273 257.5021 16.67165 22.09913 257.5021 14.50279 21.81475 257.5051 14.10016 28.60365 257.5003 16.58714 28.57936 257.5 19.32997 20.53799 257.5003 16.70928 18.83873 257.5004 13.59029 19.00439 257.5003 18.58791 27.64644 257.5003 20.03008 25.62015 257.5 20.45135 23.45313 257.5003 11.16435 20.97171 257.5003 10.35809 23.98924 257.5004 11.47947 26.90438 257.5003 9.878301 26.21854 248.0004 11.52232 28.29579 248 14.17677 29.66006 248.0004 16.82363 29.551 248 19.4876 28.2054 248.0004 20.95515 25.99994 248 21.43239 23.05382 248.0003 19.88893 19.63831 248.0004 16.63267 17.78232 248.0004 12.90736 18.19477 248.0004 10.83012 19.83879 248 9.465846 22.49324 248.0004 9.021064 25.27489 247.9987 11.00553 28.60096 247.9987 14.51881 30.2312 247.9987 18.33997 29.59906 247.9987 21.14106 26.92423 247.9987 21.94836 23.13629 247.9985 20.48206 19.55158 247.9987 18.14065 17.82503 248 11.6262 18.34645 247.9987 15.31046 17.15185 247.9987 9.255061 21.40888 247.9987 14.38296 28.18412 259.9898 15.34325 27.17232 259.9948 16.22106 27.54357 259.9989 16.49381 28.59161 259.9898 15.26785 29.25715 259.9948 15.47066 28.2207 259.3992 19.66733 -8.431622 18 19.3282 -8.640141 258 23.4825 -7.342406 258 22.59291 -7.484681 18 26.0504 -7.682504 18 27.70629 -8.392103 258 29.72365 -10.01693 18 30.76978 -11.4836 258 31.24601 -12.68866 18 31.78099 -15.71678 258 31.75578 -16.11409 18 30.4455 -19.85909 258 30.21752 -20.18546 18 27.12877 -22.72005 258 26.81507 -22.85814 18 22.85983 -23.42444 258 22.46517 -23.37217 18 18.81831 -21.80938 258 18.50827 -21.55966 18 16.20432 -18.32953 258 16.06916 -17.95507 18 15.77894 -13.99809 258 15.85802 -13.60792 18 17.16283 -10.82346 258 17.16283 -10.82346 18 26.72126 -21.81021 258 29.81807 -18.98148 258 30.77353 -14.92548 258 21.68468 -8.635837 258 16.95378 -13.61524 258 18.2255 -10.95921 258 16.81904 -16.9297 258 29.27814 -11.03604 258 18.87742 -20.55283 258 22.61911 -22.38688 258 25.85159 -8.664798 258 18.47496 -10.66739 18 22.05519 -8.535252 18 16.71792 -14.44585 18 17.39467 -18.55755 18 20.27003 -21.57357 18 23.48246 -22.40065 18 26.41925 -21.94317 18 29.04198 -19.95325 18 30.50332 -17.39665 18 30.44694 -13.23002 18 28.05322 -9.819143 18 24.99993 -8.522509 18 25.61154 -19.48841 16.60086 25.21081 -20.50026 16.01021 26.40017 -20.1507 16.00262 26.61088 -19.23968 16.00262 25.84463 -18.45836 16.00524 24.59969 -19.08768 16.01021 26.62167 -19.44546 10.30198 26.35924 -20.19556 10.31071 25.13518 -20.46411 10.30324 24.60142 -19.53137 10.30198 24.85632 -18.78868 10.30489 25.56859 -18.47829 10.30198 26.31128 -18.73319 10.30489 26.1383 -20.64509 10.11883 20.50504 -20.06006 9.998043 18.06355 -15.53916 9.999021 21.61457 -15.41797 10.00731 28.47657 -18.42505 9.999309 25.6279 -14.7347 10.0005 18.58236 -18.16985 10.077 22.80845 -17.24917 10.00235 22.49489 -13.79853 10.0007 24.35999 -13.39578 10.00598 25.56563 -16.31745 10.00235 24.39903 -17.06184 10.11531 19.06585 -12.18857 9.998043 28.86927 -12.60167 10.12913 23.04777 -21.19223 10.07022 21.42427 -10.27541 9.999311 26.97711 -10.78231 9.998891 29.37784 -15.27029 9.998043 23.80046 -9.633728 10.1193 29.78193 -15.14698 10.38812 27.73597 -10.94585 10.4 21.6401 -9.705188 10.37463 18.66645 -12.05082 10.38812 17.66045 -15.66246 10.38812 20.36729 -20.45945 10.38812 28.75449 -18.78933 10.3712 25.79426 -21.09822 10.41113 25.34302 -9.556389 10.39217 22.94705 -10.34308 10.30429 24.77482 -10.5372 10.31717 24.43709 -11.7355 10.31051 23.51583 -11.87916 10.30198 22.79662 -11.26678 10.31051 23.76646 -9.85076 10.30048 17.63278 -10.92077 15.99905 19.79517 -9.014382 16 26.87265 -8.531319 15.99921 22.84255 -7.894504 15.99921 28.48079 -21.20094 16 25.61428 -22.72534 15.99921 30.3635 -19.01789 15.99921 22.73378 -22.83944 16 19.66319 -21.78493 15.99905 16.18929 -14.73698 15.99921 29.98517 -11.1694 15.99921 16.93884 -18.74764 15.99921 31.27379 -15.04064 15.99905 31.58403 -13.62467 17.93451 30.81237 -11.56489 17.95476 29.51344 -9.794095 17.95476 27.78492 -8.439423 17.95476 25.75501 -7.601333 17.95476 23.57426 -7.341984 17.95476 21.40441 -7.680612 17.95476 19.40638 -8.592102 17.95476 17.72837 -10.00885 17.95476 16.49481 -11.82579 17.95476 15.7972 -13.90815 17.95476 15.6892 -16.09753 17.93451 16.17319 -18.24321 17.95476 17.2189 -20.17437 17.95476 18.74686 -21.7518 17.95476 20.64375 -22.85849 17.95476 22.76887 -23.41236 17.95476 24.96462 -23.37235 17.95476 27.06815 -22.74142 17.95476 28.92345 -21.56635 17.95476 30.39293 -19.93431 17.95476 31.36759 -17.96632 17.95476 31.77515 -15.80836 17.95476 16.76969 -16.68606 18 21.92395 -8.568415 18 18.6994 -20.37933 18 26.08726 -8.743876 18 17.25579 -12.54749 18 24.47946 -22.43253 18 29.42832 -11.23413 18 30.78602 -15.17376 18 21.55807 -22.06212 18 27.57747 -21.24673 18 29.68852 -19.19365 18 19.03727 -10.2027 18 30.49588 -13.89215 19.50013 29.74906 -11.96247 19.50013 28.46664 -10.33865 19.50013 26.76256 -9.164978 19.50013 24.78825 -8.545732 19.50013 22.71912 -8.535936 19.50013 20.73903 -9.136461 19.50013 19.02392 -10.29395 19.50013 17.72618 -11.90555 19.50013 16.96112 -13.82807 19.50013 16.79673 -15.89068 19.50013 17.2476 -17.91012 19.50013 18.27368 -19.70693 19.50013 19.7838 -21.12148 19.50013 21.64376 -22.02806 19.50013 23.68833 -22.34613 19.50013 25.7358 -22.04743 19.50013 27.60427 -21.1585 19.50013 29.12772 -19.75831 19.50013 30.17076 -17.97129 19.50013 30.64074 -15.95622 19.50013 30.22129 -12.9652 27.61474 28.52948 -10.37564 27.58689 25.35062 -8.602708 27.60338 21.77423 -8.740488 27.61474 19.06549 -10.23405 27.58689 17.05996 -13.27153 27.60338 16.86476 -16.33377 27.60026 17.65728 -18.78579 27.61474 19.32655 -20.74896 27.60026 21.57111 -22.022 27.58689 24.13527 -22.3114 27.60026 26.63964 -21.70434 27.61474 29.42357 -19.45506 27.60338 30.651 -16.02841 27.58689 22.05448 -15.47559 10.35327 22.47507 -14.25015 10.35806 23.65031 -13.73801 10.35327 24.64351 -14.01467 10.35327 25.28441 -14.82227 10.35327 25.26309 -16.11771 10.35806 23.27355 -17.01175 10.35327 22.41446 -16.44173 10.35326 25.28277 -16.0735 18.14194 25.27263 -14.79156 18.14673 24.33435 -16.95616 18.14673 23.30533 -17.02026 18.14673 22.43516 -16.46729 18.14673 22.0562 -15.50845 18.14673 22.44269 -14.28612 18.14194 23.61746 -13.73974 18.14673 24.61592 -13.99675 18.14673 24.78668 -13.58576 18.49402 22.94326 -13.53943 18.4995 21.662 -14.95347 18.49402 22.40727 -16.98896 18.49791 24.23062 -17.3991 18.49812 25.78089 -15.85609 18.49452 26.59373 -11.24675 18.49964 23.60113 -10.3524 18.49974 20.84864 -19.5627 18.49974 23.84125 -20.45704 18.4997 26.78799 -19.42156 18.49964 20.65438 -11.38788 18.4997 19.15346 -13.37103 18.5 18.66887 -15.52478 18.49974 28.56333 -16.85179 18.49974 19.39106 -17.90472 18.5 28.48913 -13.72928 18.4997 29.31841 -13.07038 27.99964 26.87735 -10.22623 27.99964 23.23073 -9.360092 27.99964 19.77146 -10.80279 27.99964 18.11485 -12.83885 28.08771 17.67656 -15.89517 27.99969 18.52503 -18.40472 28 20.56503 -20.58321 27.99964 23.09402 -21.37185 28 26.05552 -21.00194 27.99964 27.76556 -20.13951 28.0711 29.62153 -16.80617 27.99964 30.14764 -14.03873 28.00128 28.26148 -10.65594 28.00129 25.7298 -9.222851 28 22.83927 -8.894159 28.00129 19.32498 -10.52224 28.00129 17.16321 -15.79761 28.00154 18.52383 -19.42376 28.00128 21.69094 -21.65318 28.00129 25.5636 -21.71112 28.00128 29.80046 -17.89624 28.00129 24.75746 -10.48832 16.00524 24.48345 -11.69922 16.00524 23.40096 -11.85989 16.00262 22.78779 -11.15393 16.00262 22.9985 -10.24292 16.00262 23.85938 -9.87791 16.00262 23.78713 -10.9052 16.60086 19.69464 -13.39551 259.3992 19.12391 -14.25272 259.9974 18.66567 -13.43763 259.9974 19.18149 -12.47247 259.9948 20.10675 -12.47258 259.9989 20.78234 -13.35893 259.9898 20.05267 -14.3611 259.9974 20.08508 -12.41602 265.6895 19.00971 -12.62741 265.6893 18.67647 -13.67258 265.7024 19.31404 -14.33217 265.6981 20.09919 -14.34226 265.6951 20.74684 -13.46416 265.6895 19.22499 -14.68309 265.9964 20.7745 -14.24038 265.997 20.83141 -12.62988 265.9964 19.35897 -12.05366 266.022 18.40802 -13.14692 265.9111 18.97361 -18.48308 266.002 23.42102 -21.05599 266.001 24.57934 -17.27478 265.9973 20.8415 -10.56287 266.0007 24.44372 -13.42381 265.9945 20.80665 -20.46031 265.923 21.85081 -16.26301 265.9977 25.82789 -15.47973 265.994 26.93208 -15.00063 265.9975 23.24877 -17.15604 265.8828 22.06093 -14.10574 265.994 27.23648 -16.37729 265.999 26.79955 -20.1523 266.002 28.26945 -14.10172 265.9957 26.67389 -10.34099 265.8709 17.90223 -16.00422 265.8947 28.7812 -18.34001 265.8947 28.28967 -16.60818 265.9054 29.40956 -15.98291 265.9447 28.43702 -12.28564 266.0011 24.5573 -9.608943 265.9204 29.21962 -14.67113 265.9614 28.29579 -11.52232 265.6 29.551 -16.82363 265.6 26.92553 -20.55556 265.6119 23.28596 -21.4553 265.6119 18.57034 -18.60906 265.6119 19.83879 -10.83012 265.6 22.26538 -9.515779 265.6119 18.09088 -13.16571 265.5889 29.61453 -13.95496 265.6079 29.03208 -16.14445 265.6895 27.65777 -14.57905 265.6895 27.21227 -15.39812 265.6981 27.44531 -16.14797 265.6951 29.16766 -15.06626 265.6962 26.21855 -9.878267 260 28.98997 -12.40164 260 29.74888 -16.07209 260 28.20543 -19.48762 260 25.99994 -20.95515 260 23.05381 -21.43242 260 20.57021 -20.51073 260 18.4524 -18.40779 260 17.69349 -14.73734 260 18.61517 -12.25374 260 20.71811 -10.13594 260 23.26914 -9.421772 260 26.18785 -22.55251 260.0008 29.54259 -20.23025 260.001 31.22133 -14.44391 260.0008 30.87042 -17.67152 260 17.29688 -11.41678 260.0008 29.63024 -10.68683 260.0008 19.60599 -9.134536 260 16.32987 -14.13252 260 16.42178 -17.37784 260.001 22.11488 -22.79357 260.0008 18.50959 -20.88328 260.0008 26.31863 -8.303469 260.001 22.25079 -7.987626 260.0008 25.73087 -7.597414 258.0655 27.76716 -8.429095 258.0452 29.49913 -9.779361 258.0452 30.80257 -11.54683 258.0452 31.58082 -13.60043 258.0452 31.77615 -15.78784 258.0452 31.37409 -17.94684 258.0452 30.40444 -19.91729 258.0452 28.93913 -21.55308 258.0452 27.08683 -22.73287 258.0452 24.98491 -23.36916 258.0452 22.79331 -23.41296 258.0655 20.66275 -22.8663 258.0452 18.76305 -21.76445 258.0452 17.23108 -20.19092 258.0452 16.18045 -18.26242 258.0452 15.68908 -16.12198 258.0452 15.79341 -13.92835 258.0452 16.48572 -11.8442 258.0452 17.71464 -10.02413 258.0452 19.38904 -8.603116 258.0452 21.38475 -7.686539 258.0452 23.55373 -7.342386 258.0452 24.3397 -22.44621 258 21.07058 -21.88348 258 30.50189 -17.40152 258 18.60156 -20.27858 258 30.4485 -13.23484 258 28.19883 -20.87425 258 17.06247 -13.24568 258 16.74561 -16.54771 258 28.05722 -9.822246 258 24.15907 -8.349693 258 18.47836 -10.66363 258 21.25755 -8.852583 258 25.43163 -8.677258 256.4999 27.33859 -9.4803 256.4999 28.92413 -10.80975 256.4999 30.04737 -12.54749 256.4999 30.6085 -14.5391 256.4999 30.55766 -16.60763 256.4999 29.89937 -18.56928 256.4999 28.69212 -20.24974 256.4999 27.04318 -21.49969 256.4999 25.09907 -22.20808 256.4999 23.03253 -22.31197 256.4999 21.02718 -21.80211 256.4999 19.2612 -20.72382 256.4999 17.89151 -19.1729 256.4999 17.03982 -17.28717 256.4999 16.78179 -15.23416 256.4999 17.14036 -13.19632 256.4999 18.08366 -11.3547 256.4999 19.52789 -9.872941 256.4999 21.34471 -8.882705 256.4999 23.37268 -8.47198 256.4999 27.71952 -9.665749 248.3966 29.76216 -12.03124 248.3997 30.70101 -14.95255 248.3966 30.12516 -18.02442 248.3997 28.42656 -20.57984 248.3966 25.66584 -22.0449 248.3997 22.60886 -22.31016 248.3966 19.30546 -20.78177 248.4131 17.42336 -18.32704 248.3853 16.81476 -15.82302 248.3997 17.10259 -13.25869 248.4131 18.70001 -10.60988 248.3853 21.7272 -8.700509 248.3966 24.85019 -8.578368 248.3997 24.60238 -16.8212 265.6467 25.37733 -15.7829 265.6419 25.13767 -14.52352 265.6467 24.09937 -13.74858 265.6419 22.83999 -13.98824 265.6467 22.06505 -15.02654 265.6419 22.44178 -16.52228 265.6419 24.14639 -13.76002 257.8581 22.8681 -13.97114 257.8533 22.07649 -14.97951 257.8581 22.41046 -16.48538 257.8581 23.82504 -17.10031 257.8581 24.97553 -16.50452 257.8533 25.38241 -15.55719 257.8533 25.15477 -14.55163 257.8533 23.98973 -13.31384 257.506 25.47701 -14.40394 257.5005 25.62675 -16.30624 257.506 23.79273 -17.46167 257.5021 22.09913 -16.67165 257.5021 21.81475 -14.50279 257.5051 28.60365 -14.10016 257.5003 28.57936 -16.58714 257.5 20.53799 -19.32997 257.5003 18.83873 -16.70928 257.5004 19.00439 -13.59029 257.5003 27.64644 -18.58791 257.5003 25.62015 -20.03008 257.5 23.45313 -20.45135 257.5003 20.97171 -11.16435 257.5003 23.98924 -10.35809 257.5004 26.90438 -11.47947 257.5003 26.21854 -9.878301 248.0004 28.29579 -11.52232 248 29.66006 -14.17677 248.0004 29.551 -16.82363 248 28.2054 -19.4876 248.0004 25.99994 -20.95515 248 23.05382 -21.43239 248.0003 19.63831 -19.88893 248.0004 17.78232 -16.63267 248.0004 18.19477 -12.90736 248.0004 19.83879 -10.83012 248 22.49324 -9.465846 248.0004 25.27489 -9.021064 247.9987 28.60096 -11.00553 247.9987 30.2312 -14.51881 247.9987 29.59906 -18.33997 247.9987 26.92423 -21.14106 247.9987 23.13629 -21.94836 247.9985 19.55158 -20.48206 247.9987 17.82503 -18.14065 248 18.34645 -11.6262 247.9987 17.15185 -15.31046 247.9987 21.40888 -9.255061 247.9987 28.18412 -14.38296 259.9898 27.17232 -15.34325 259.9948 27.54357 -16.22106 259.9989 28.59161 -16.49381 259.9898 29.25715 -15.26785 259.9948 28.2207 -15.47066 259.3992 -8.431622 -19.66733 18 -8.640141 -19.3282 258 -7.342406 -23.4825 258 -7.484681 -22.59291 18 -7.682504 -26.0504 18 -8.392103 -27.70629 258 -10.01693 -29.72365 18 -11.4836 -30.76978 258 -12.68866 -31.24601 18 -15.71678 -31.78099 258 -16.11409 -31.75578 18 -19.85909 -30.4455 258 -20.18546 -30.21752 18 -22.72005 -27.12877 258 -22.85814 -26.81507 18 -23.42444 -22.85983 258 -23.37217 -22.46517 18 -21.80938 -18.81831 258 -21.55966 -18.50827 18 -18.32953 -16.20432 258 -17.95507 -16.06916 18 -13.99809 -15.77894 258 -13.60792 -15.85802 18 -10.82346 -17.16283 258 -10.82346 -17.16283 18 -21.81021 -26.72126 258 -18.98148 -29.81807 258 -14.92548 -30.77353 258 -8.635837 -21.68468 258 -13.61524 -16.95378 258 -10.95921 -18.2255 258 -16.9297 -16.81904 258 -11.03604 -29.27814 258 -20.55283 -18.87742 258 -22.38688 -22.61911 258 -8.664798 -25.85159 258 -10.66739 -18.47496 18 -8.535252 -22.05519 18 -14.44585 -16.71792 18 -18.55755 -17.39467 18 -21.57357 -20.27003 18 -22.40065 -23.48246 18 -21.94317 -26.41925 18 -19.95325 -29.04198 18 -17.39665 -30.50332 18 -13.23002 -30.44694 18 -9.819143 -28.05322 18 -8.522509 -24.99993 18 -19.48841 -25.61154 16.60086 -20.50026 -25.21081 16.01021 -20.1507 -26.40017 16.00262 -19.23968 -26.61088 16.00262 -18.45836 -25.84463 16.00524 -19.08768 -24.59969 16.01021 -19.44546 -26.62167 10.30198 -20.19556 -26.35924 10.31071 -20.46411 -25.13518 10.30324 -19.53137 -24.60142 10.30198 -18.78868 -24.85632 10.30489 -18.47829 -25.56859 10.30198 -18.73319 -26.31128 10.30489 -20.64509 -26.1383 10.11883 -20.06006 -20.50504 9.998043 -15.53916 -18.06355 9.999021 -15.41797 -21.61457 10.00731 -18.42505 -28.47657 9.999309 -14.7347 -25.6279 10.0005 -18.16985 -18.58236 10.077 -17.24917 -22.80845 10.00235 -13.79853 -22.49489 10.0007 -13.39578 -24.35999 10.00598 -16.31745 -25.56563 10.00235 -17.06184 -24.39903 10.11531 -12.18857 -19.06585 9.998043 -12.60167 -28.86927 10.12913 -21.19223 -23.04777 10.07022 -10.27541 -21.42427 9.999311 -10.78231 -26.97711 9.998891 -15.27029 -29.37784 9.998043 -9.633728 -23.80046 10.1193 -15.14698 -29.78193 10.38812 -10.94585 -27.73597 10.4 -9.705188 -21.6401 10.37463 -12.05082 -18.66645 10.38812 -15.66246 -17.66045 10.38812 -20.45945 -20.36729 10.38812 -18.78933 -28.75449 10.3712 -21.09822 -25.79426 10.41113 -9.556389 -25.34302 10.39217 -10.34308 -22.94705 10.30429 -10.5372 -24.77482 10.31717 -11.7355 -24.43709 10.31051 -11.87916 -23.51583 10.30198 -11.26678 -22.79662 10.31051 -9.85076 -23.76646 10.30048 -10.92077 -17.63278 15.99905 -9.014382 -19.79517 16 -8.531319 -26.87265 15.99921 -7.894504 -22.84255 15.99921 -21.20094 -28.48079 16 -22.72534 -25.61428 15.99921 -19.01789 -30.3635 15.99921 -22.83944 -22.73378 16 -21.78493 -19.66319 15.99905 -14.73698 -16.18929 15.99921 -11.1694 -29.98517 15.99921 -18.74764 -16.93884 15.99921 -15.88246 -31.20595 16 -13.62467 -31.58403 17.93451 -11.56489 -30.81237 17.95476 -9.794095 -29.51344 17.95476 -8.439423 -27.78492 17.95476 -7.601333 -25.75501 17.95476 -7.341984 -23.57426 17.95476 -7.680612 -21.40441 17.95476 -8.592102 -19.40638 17.95476 -10.00885 -17.72837 17.95476 -11.82579 -16.49481 17.95476 -13.90815 -15.7972 17.95476 -16.09753 -15.6892 17.93451 -18.24321 -16.17319 17.95476 -20.17437 -17.2189 17.95476 -21.7518 -18.74686 17.95476 -22.85849 -20.64375 17.95476 -23.41236 -22.76887 17.95476 -23.37235 -24.96462 17.95476 -22.74142 -27.06815 17.95476 -21.56635 -28.92345 17.95476 -19.93431 -30.39293 17.95476 -17.96632 -31.36759 17.95476 -15.80836 -31.77515 17.95476 -16.68606 -16.76969 18 -8.568415 -21.92395 18 -20.37933 -18.6994 18 -8.743876 -26.08726 18 -12.54749 -17.25579 18 -22.43253 -24.47946 18 -11.23413 -29.42832 18 -15.17376 -30.78602 18 -22.06212 -21.55807 18 -21.24673 -27.57747 18 -19.19365 -29.68852 18 -10.2027 -19.03727 18 -13.89215 -30.49588 19.50013 -11.96247 -29.74906 19.50013 -10.33865 -28.46664 19.50013 -9.164978 -26.76256 19.50013 -8.545732 -24.78825 19.50013 -8.535936 -22.71912 19.50013 -9.136461 -20.73903 19.50013 -10.29395 -19.02392 19.50013 -11.90555 -17.72618 19.50013 -13.82807 -16.96112 19.50013 -15.89068 -16.79673 19.50013 -17.91012 -17.2476 19.50013 -19.70693 -18.27368 19.50013 -21.12148 -19.7838 19.50013 -22.02806 -21.64376 19.50013 -22.34613 -23.68833 19.50013 -22.04743 -25.7358 19.50013 -21.1585 -27.60427 19.50013 -19.75831 -29.12772 19.50013 -17.97129 -30.17076 19.50013 -15.95622 -30.64074 19.50013 -12.9652 -30.22129 27.61474 -10.37564 -28.52948 27.58689 -8.602708 -25.35062 27.60338 -8.740488 -21.77423 27.61474 -10.23405 -19.06549 27.58689 -13.27153 -17.05996 27.60338 -16.33377 -16.86476 27.60026 -18.78579 -17.65728 27.61474 -20.74896 -19.32655 27.60026 -22.022 -21.57111 27.58689 -22.3114 -24.13527 27.60026 -21.70434 -26.63964 27.61474 -19.45506 -29.42357 27.60338 -16.02841 -30.651 27.58689 -15.47559 -22.05448 10.35327 -14.25015 -22.47507 10.35806 -13.73801 -23.65031 10.35327 -14.01467 -24.64351 10.35327 -14.82227 -25.28441 10.35327 -16.11771 -25.26309 10.35806 -17.01175 -23.27355 10.35327 -16.44173 -22.41446 10.35326 -16.0735 -25.28277 18.14194 -14.79156 -25.27263 18.14673 -16.95616 -24.33435 18.14673 -17.02026 -23.30533 18.14673 -16.46729 -22.43516 18.14673 -15.50845 -22.0562 18.14673 -14.28612 -22.44269 18.14194 -13.73974 -23.61746 18.14673 -13.99675 -24.61592 18.14673 -13.58576 -24.78668 18.49402 -13.53943 -22.94326 18.4995 -14.95347 -21.662 18.49402 -16.98896 -22.40727 18.49791 -17.3991 -24.23062 18.49812 -15.85609 -25.78089 18.49452 -11.24675 -26.59373 18.49964 -10.3524 -23.60113 18.49974 -19.5627 -20.84864 18.49974 -20.45704 -23.84125 18.4997 -19.42156 -26.78799 18.49964 -11.38788 -20.65438 18.4997 -13.37103 -19.15346 18.5 -15.52478 -18.66887 18.49974 -16.85179 -28.56333 18.49974 -17.90472 -19.39106 18.5 -13.72928 -28.48913 18.4997 -13.07038 -29.31841 27.99964 -10.22623 -26.87735 27.99964 -9.360092 -23.23073 27.99964 -10.80279 -19.77146 27.99964 -12.83885 -18.11485 28.08771 -15.89517 -17.67656 27.99969 -18.40472 -18.52503 28 -20.58321 -20.56503 27.99964 -21.37185 -23.09402 28 -21.00194 -26.05552 27.99964 -20.13951 -27.76556 28.0711 -16.80617 -29.62153 27.99964 -14.03873 -30.14764 28.00128 -10.65594 -28.26148 28.00129 -9.222851 -25.7298 28 -8.894159 -22.83927 28.00129 -10.52224 -19.32498 28.00129 -15.79761 -17.16321 28.00154 -19.42376 -18.52383 28.00128 -21.65318 -21.69094 28.00129 -21.71112 -25.5636 28.00128 -17.89624 -29.80046 28.00129 -10.48832 -24.75746 16.00524 -11.69922 -24.48345 16.00524 -11.85989 -23.40096 16.00262 -11.15393 -22.78779 16.00262 -10.24292 -22.9985 16.00262 -9.87791 -23.85938 16.00262 -10.9052 -23.78713 16.60086 -13.39551 -19.69464 259.3992 -14.25272 -19.12391 259.9974 -13.43763 -18.66567 259.9974 -12.47247 -19.18149 259.9948 -12.47258 -20.10675 259.9989 -13.35893 -20.78234 259.9898 -14.3611 -20.05267 259.9974 -12.41602 -20.08508 265.6895 -12.62741 -19.00971 265.6893 -13.67258 -18.67647 265.7024 -14.33217 -19.31404 265.6981 -14.34226 -20.09919 265.6951 -13.46416 -20.74684 265.6895 -14.68309 -19.22499 265.9964 -14.24038 -20.7745 265.997 -12.62988 -20.83141 265.9964 -12.05366 -19.35897 266.022 -13.14692 -18.40802 265.9111 -18.48308 -18.97361 266.002 -21.05599 -23.42102 266.001 -17.27478 -24.57934 265.9973 -10.56287 -20.8415 266.0007 -13.42381 -24.44372 265.9945 -20.46031 -20.80665 265.923 -16.26301 -21.85081 265.9977 -15.47973 -25.82789 265.994 -15.00063 -26.93208 265.9975 -17.15604 -23.24877 265.8828 -14.10574 -22.06093 265.994 -16.37729 -27.23648 265.999 -20.1523 -26.79955 266.002 -14.10172 -28.26945 265.9957 -10.34099 -26.67389 265.8709 -16.00422 -17.90223 265.8947 -18.34001 -28.7812 265.8947 -16.60818 -28.28967 265.9054 -15.98291 -29.40956 265.9447 -12.28564 -28.43702 266.0011 -9.608943 -24.5573 265.9204 -14.67113 -29.21962 265.9614 -11.52232 -28.29579 265.6 -16.82363 -29.551 265.6 -20.55556 -26.92553 265.6119 -21.4553 -23.28596 265.6119 -18.60906 -18.57034 265.6119 -10.83012 -19.83879 265.6 -9.515779 -22.26538 265.6119 -13.16571 -18.09088 265.5889 -13.95496 -29.61453 265.6079 -16.14445 -29.03208 265.6895 -14.57905 -27.65777 265.6895 -15.39812 -27.21227 265.6981 -16.14797 -27.44531 265.6951 -15.06626 -29.16766 265.6962 -9.878267 -26.21855 260 -12.40164 -28.98997 260 -16.07209 -29.74888 260 -19.48762 -28.20543 260 -20.95515 -25.99994 260 -21.43242 -23.05381 260 -20.51073 -20.57021 260 -18.40779 -18.4524 260 -14.73734 -17.69349 260 -12.25374 -18.61517 260 -10.13594 -20.71811 260 -9.421772 -23.26914 260 -22.55251 -26.18785 260.0008 -20.23025 -29.54259 260.001 -14.44391 -31.22133 260.0008 -17.67152 -30.87042 260 -11.41678 -17.29688 260.0008 -10.68683 -29.63024 260.0008 -9.134536 -19.60599 260 -14.13252 -16.32987 260 -17.37784 -16.42178 260.001 -22.79357 -22.11488 260.0008 -20.88328 -18.50959 260.0008 -8.303469 -26.31863 260.001 -7.987626 -22.25079 260.0008 -7.597414 -25.73087 258.0655 -8.429095 -27.76716 258.0452 -9.779361 -29.49913 258.0452 -11.54683 -30.80257 258.0452 -13.60043 -31.58082 258.0452 -15.78784 -31.77615 258.0452 -17.94684 -31.37409 258.0452 -19.91729 -30.40444 258.0452 -21.55308 -28.93913 258.0452 -22.73287 -27.08683 258.0452 -23.36916 -24.98491 258.0452 -23.41296 -22.79331 258.0655 -22.8663 -20.66275 258.0452 -21.76445 -18.76305 258.0452 -20.19092 -17.23108 258.0452 -18.26242 -16.18045 258.0452 -16.12198 -15.68908 258.0452 -13.92835 -15.79341 258.0452 -11.8442 -16.48572 258.0452 -10.02413 -17.71464 258.0452 -8.603116 -19.38904 258.0452 -7.686539 -21.38475 258.0452 -7.342386 -23.55373 258.0452 -22.44621 -24.3397 258 -21.88348 -21.07058 258 -17.40152 -30.50189 258 -20.27858 -18.60156 258 -13.23484 -30.4485 258 -20.87425 -28.19883 258 -13.24568 -17.06247 258 -16.54771 -16.74561 258 -9.822246 -28.05722 258 -8.349693 -24.15907 258 -10.66363 -18.47836 258 -8.852583 -21.25755 258 -8.677258 -25.43163 256.4999 -9.4803 -27.33859 256.4999 -10.80975 -28.92413 256.4999 -12.54749 -30.04737 256.4999 -14.5391 -30.6085 256.4999 -16.60763 -30.55766 256.4999 -18.56928 -29.89937 256.4999 -20.24974 -28.69212 256.4999 -21.49969 -27.04318 256.4999 -22.20808 -25.09907 256.4999 -22.31197 -23.03253 256.4999 -21.80211 -21.02718 256.4999 -20.72382 -19.2612 256.4999 -19.1729 -17.89151 256.4999 -17.28717 -17.03982 256.4999 -15.23416 -16.78179 256.4999 -13.19632 -17.14036 256.4999 -11.3547 -18.08366 256.4999 -9.872941 -19.52789 256.4999 -8.882705 -21.34471 256.4999 -8.47198 -23.37268 256.4999 -9.665749 -27.71952 248.3966 -12.03124 -29.76216 248.3997 -14.95255 -30.70101 248.3966 -18.02442 -30.12516 248.3997 -20.57984 -28.42656 248.3966 -22.0449 -25.66584 248.3997 -22.31016 -22.60886 248.3966 -20.78177 -19.30546 248.4131 -18.32704 -17.42336 248.3853 -15.82302 -16.81476 248.3997 -13.25869 -17.10259 248.4131 -10.60988 -18.70001 248.3853 -8.700509 -21.7272 248.3966 -8.578368 -24.85019 248.3997 -16.8212 -24.60238 265.6467 -15.7829 -25.37733 265.6419 -14.52352 -25.13767 265.6467 -13.74858 -24.09937 265.6419 -13.98824 -22.83999 265.6467 -15.02654 -22.06505 265.6419 -16.52228 -22.44178 265.6419 -13.76002 -24.14639 257.8581 -13.97114 -22.8681 257.8533 -14.97951 -22.07649 257.8581 -16.48538 -22.41046 257.8581 -17.10031 -23.82504 257.8581 -16.50452 -24.97553 257.8533 -15.55719 -25.38241 257.8533 -14.55163 -25.15477 257.8533 -13.31384 -23.98973 257.506 -14.40394 -25.47701 257.5005 -16.30624 -25.62675 257.506 -17.46167 -23.79273 257.5021 -16.67165 -22.09913 257.5021 -14.50279 -21.81475 257.5051 -14.10016 -28.60365 257.5003 -16.58714 -28.57936 257.5 -19.32997 -20.53799 257.5003 -16.70928 -18.83873 257.5004 -13.59029 -19.00439 257.5003 -18.58791 -27.64644 257.5003 -20.03008 -25.62015 257.5 -20.45135 -23.45313 257.5003 -11.16435 -20.97171 257.5003 -10.35809 -23.98924 257.5004 -11.47947 -26.90438 257.5003 -9.878301 -26.21854 248.0004 -11.52232 -28.29579 248 -14.17677 -29.66006 248.0004 -16.82363 -29.551 248 -19.4876 -28.2054 248.0004 -20.95515 -25.99994 248 -21.43239 -23.05382 248.0003 -19.88893 -19.63831 248.0004 -16.63267 -17.78232 248.0004 -12.90736 -18.19477 248.0004 -10.83012 -19.83879 248 -9.465846 -22.49324 248.0004 -9.021064 -25.27489 247.9987 -11.00553 -28.60096 247.9987 -14.51881 -30.2312 247.9987 -18.33997 -29.59906 247.9987 -21.14106 -26.92423 247.9987 -21.94836 -23.13629 247.9985 -20.48206 -19.55158 247.9987 -18.14065 -17.82503 248 -11.6262 -18.34645 247.9987 -15.31046 -17.15185 247.9987 -9.255061 -21.40888 247.9987 -14.38296 -28.18412 259.9898 -15.34325 -27.17232 259.9948 -16.22106 -27.54357 259.9989 -16.49381 -28.59161 259.9898 -15.26785 -29.25715 259.9948 -15.47066 -28.2207 259.3992 -23.81299 17.26817 19.06777 -22.79046 13.71371 18.98861 -21.91195 14.88028 19.00184 -21.99776 16.15928 19.02828 -25.53452 15.89922 19.04511 -24.85218 13.90341 19.02315 -23.84709 13.56032 19.03166 -25.55902 14.78289 18.8929 -24.88051 16.96044 18.8929 -22.59985 16.98804 18.8929 -24.04112 13.44168 9.404274 -25.30541 14.2579 9.392455 -25.67694 15.4081 9.392455 -25.12127 16.81739 9.404276 -23.7178 17.36047 9.392456 -22.56889 16.98496 9.392455 -21.75536 15.70706 9.404275 -22.32111 13.99205 9.404274 -23.13836 11.41296 7.130264 -25.0199 11.53781 7.143072 -27.04478 13.03969 7.143072 -27.80151 15.44608 7.136428 -26.99751 17.83481 7.143072 -24.94274 19.29812 7.136428 -22.42247 19.27163 7.143072 -20.3976 17.76975 7.143072 -19.72943 15.98754 7.130264 -19.85428 14.106 7.143072 -21.35616 12.08113 7.143072 -23.82552 16.81886 7.124354 -22.55831 16.21701 7.122443 -24.87641 14.51866 7.124122 -24.99962 16.02149 7.122291 -22.37536 14.84815 7.124195 -23.60128 13.99325 7.12546 -24.81366 14.51389 8.859011 -25.05585 15.88262 8.863701 -23.94852 16.81948 8.875531 -22.62872 16.29555 8.859011 -22.38653 14.92682 8.863701 -23.49386 13.98995 8.875531 -23.72119 15.40472 9.602688 14.90432 21.93608 19.06068 13.71371 22.79046 18.98861 16.15928 21.99776 19.02828 17.28408 23.68864 19.02315 16.81062 24.97139 19.02827 15.81328 25.57106 19.02013 13.90341 24.85218 19.02315 13.56032 23.84709 19.03166 14.78289 25.55902 18.8929 16.98804 22.59985 18.8929 13.44168 24.04112 9.404274 14.2579 25.30541 9.392455 15.4081 25.67694 9.392455 16.81739 25.12127 9.404276 17.36047 23.7178 9.392456 16.98496 22.56889 9.392455 15.70706 21.75536 9.404275 13.99205 22.32111 9.404274 11.41296 23.13836 7.130264 11.53781 25.0199 7.143072 13.03969 27.04478 7.143072 15.44608 27.80151 7.136428 17.83481 26.99751 7.143072 19.29812 24.94274 7.136428 19.27163 22.42247 7.143072 17.76975 20.3976 7.143072 15.98754 19.72943 7.130264 14.106 19.85428 7.143072 12.08113 21.35616 7.143072 16.81886 23.82552 7.124354 16.21701 22.55831 7.122443 14.51866 24.87641 7.124122 16.02149 24.99962 7.122291 14.84815 22.37536 7.124195 13.99325 23.60128 7.12546 14.51389 24.81366 8.859011 15.88262 25.05585 8.863701 16.81948 23.94852 8.875531 16.29555 22.62872 8.859011 14.92682 22.38653 8.863701 13.98995 23.49386 8.875531 15.40472 23.72119 9.602688 23.81299 -17.26817 19.06777 22.79046 -13.71371 18.98861 21.91195 -14.88028 19.00184 21.99776 -16.15928 19.02828 25.53452 -15.89922 19.04511 24.85218 -13.90341 19.02315 23.84709 -13.56032 19.03166 25.55902 -14.78289 18.8929 24.88051 -16.96044 18.8929 22.59985 -16.98804 18.8929 24.04112 -13.44168 9.404274 25.30541 -14.2579 9.392455 25.67694 -15.4081 9.392455 25.12127 -16.81739 9.404276 23.7178 -17.36047 9.392456 22.56889 -16.98496 9.392455 21.75536 -15.70706 9.404275 22.32111 -13.99205 9.404274 23.13836 -11.41296 7.130264 25.0199 -11.53781 7.143072 27.04478 -13.03969 7.143072 27.80151 -15.44608 7.136428 26.99751 -17.83481 7.143072 24.94274 -19.29812 7.136428 22.42247 -19.27163 7.143072 20.3976 -17.76975 7.143072 19.72943 -15.98754 7.130264 19.85428 -14.106 7.143072 21.35616 -12.08113 7.143072 23.82552 -16.81886 7.124354 22.55831 -16.21701 7.122443 24.87641 -14.51866 7.124122 24.99962 -16.02149 7.122291 22.37536 -14.84815 7.124195 23.60128 -13.99325 7.12546 24.81366 -14.51389 8.859011 25.05585 -15.88262 8.863701 23.94852 -16.81948 8.875531 22.62872 -16.29555 8.859011 22.38653 -14.92682 8.863701 23.49386 -13.98995 8.875531 23.72119 -15.40472 9.602688 -14.90432 -21.93608 19.06068 -13.71371 -22.79046 18.98861 -16.15928 -21.99776 19.02828 -17.28408 -23.68864 19.02315 -16.81062 -24.97139 19.02827 -15.81328 -25.57106 19.02013 -13.90341 -24.85218 19.02315 -13.56032 -23.84709 19.03166 -14.78289 -25.55902 18.8929 -16.98804 -22.59985 18.8929 -13.44168 -24.04112 9.404274 -14.2579 -25.30541 9.392455 -15.4081 -25.67694 9.392455 -16.81739 -25.12127 9.404276 -17.36047 -23.7178 9.392456 -16.98496 -22.56889 9.392455 -15.70706 -21.75536 9.404275 -13.99205 -22.32111 9.404274 -11.41296 -23.13836 7.130264 -11.53781 -25.0199 7.143072 -13.03969 -27.04478 7.143072 -15.44608 -27.80151 7.136428 -17.83481 -26.99751 7.143072 -19.29812 -24.94274 7.136428 -19.27163 -22.42247 7.143072 -17.76975 -20.3976 7.143072 -15.98754 -19.72943 7.130264 -14.106 -19.85428 7.143072 -12.08113 -21.35616 7.143072 -16.81886 -23.82552 7.124354 -16.21701 -22.55831 7.122443 -14.51866 -24.87641 7.124122 -16.02149 -24.99962 7.122291 -14.84815 -22.37536 7.124195 -13.99325 -23.60128 7.12546 -14.51389 -24.81366 8.859011 -15.88262 -25.05585 8.863701 -16.81948 -23.94852 8.875531 -16.29555 -22.62872 8.859011 -14.92682 -22.38653 8.863701 -13.98995 -23.49386 8.875531 -15.40472 -23.72119 9.602688</float_array>
          <technique_common>
            <accessor source="#Forearm_4Tube_Separate-mesh-positions-array" count="4154" stride="3">
              <param name="X" type="float"/>
              <param name="Y" type="float"/>
              <param name="Z" type="float"/>
            </accessor>
          </technique_common>
        </source>
        <source id="Forearm_4Tube_Separate-mesh-normals">
          <float_array id="Forearm_4Tube_Separate-mesh-normals-array" count="24663">0.2191933 0.8956854 0.3869132 -0.3067871 0.7831165 0.5409348 -0.6920625 0.7109448 0.1249282 -0.6119397 0.7260361 -0.3136901 -0.09683513 0.8285111 -0.5515365 0.33446 0.919417 -0.2069031 -0.9546613 -0.1811767 0.2362139 -0.2548717 0.001930177 0.966973 0.696307 0.1922153 0.6915273 0.9038403 0.21935 -0.3673669 0.1313932 0.03436863 -0.9907344 -0.8044312 -0.1340495 -0.578724 -0.9197433 -0.2043188 -0.3351508 -0.3438339 -0.08972144 -0.9347344 0.1906149 0.06523495 -0.9794949 0.8399799 0.1733111 -0.5141957 0.9520539 0.1664804 0.2566668 0.2671016 0.02411699 0.9633666 -0.6880936 -0.158142 0.7081796 -0.8870655 -0.2045503 0.4138525 0.6562041 0.1489954 -0.7397274 -0.8986568 0.2416024 -0.3661208 -0.6810191 -0.05220514 0.7304024 0.8513894 0.3279563 0.4093665 0.4945705 0.8526459 0.1685084 -0.1776318 0.8524 0.4917941 -0.6760869 0.6972606 0.2381898 -0.4847921 0.3357048 -0.8076379 -0.07478821 0.8494942 -0.5222704 0.3568792 0.8792668 -0.3154792 -0.229021 0.9731413 0.02335298 -0.2302905 0.9714717 0.05664825 -0.179983 0.9807721 -0.07544702 -0.2416664 0.9703027 0.01049619 -0.162513 0.9730972 -0.1633136 -0.2547767 0.9669328 0.01140004 -0.2092717 0.9777395 0.0151928 -0.2183181 0.9721645 0.08505052 -0.2087283 0.97797 -0.002732098 -0.2038641 0.9789887 -0.004552125 -0.2131264 0.9770235 0.001515507 -0.2170765 0.9761468 -0.003923416 -0.2167119 0.9760802 0.0174216 -0.2208726 0.975282 0.006372272 -0.2089378 0.9778057 0.01553082 -0.205853 0.978583 2.34523e-4 -0.2069491 0.9783511 0.001104414 -0.2079112 0.9781452 -0.002257406 -0.205872 0.9785784 -0.001072347 -0.2046778 0.9788159 0.005156338 -0.2087661 0.9779627 -0.00238955 -0.1811484 0.9787678 -0.09591209 -0.1627924 0.9866454 0.005447447 -0.2086711 0.977984 -0.00194931 -0.1988879 0.9800186 0.002692699 -0.1270682 0.9918773 0.005762457 -0.09834307 0.9949823 -0.01841533 -0.2862656 0.9580089 -0.01646238 -0.3025856 0.9531182 -0.002803623 -0.3309009 0.9436607 0.003054916 -0.2899628 0.956829 -0.02000051 -0.06766146 0.9977072 -0.001566886 -0.07451188 0.9972048 -0.005528092 0.5217083 0.4305883 -0.7364878 -0.5224964 0.4062741 -0.7496259 -0.9575371 -0.1185896 0.2627916 0.1371015 0.03737908 0.9898515 0.7960305 0.5846678 0.1565217 0.1822118 0.9014844 0.3925874 -0.3899028 0.811686 0.4349041 -0.7496095 0.6597152 -0.05349183 -0.5414244 0.3424756 -0.7678346 -0.03572785 0.8338067 -0.5508993 0.3750016 0.9182617 -0.127159 -0.5259926 -0.1054706 0.8439241 0.4091941 0.1088814 0.9059278 0.9683443 0.2376075 0.07649844 0.1879585 0.06565064 -0.9799805 -0.9518375 -0.1695024 -0.2554887 -0.9733855 -0.2138229 -0.0824657 -0.4963706 -0.1371318 -0.8572113 0.2415507 0.09447091 -0.9657788 0.9575036 0.1746256 -0.2295496 0.6661003 0.1139747 0.7371026 -0.4256843 -0.1094718 0.8982254 0.3844731 0.9218602 0.04852086 0.05180001 0.8674135 0.4948843 -0.4637202 0.7497575 0.4720458 -0.7256379 0.6720117 -0.1478174 -0.04727095 0.8009501 -0.5968623 0.3511973 0.8244853 -0.4437168 -0.1121091 0.5464711 -0.8299403 -0.6721978 0.670656 -0.3136411 -0.9320889 0.2338562 0.2766252 -0.1671096 0.2773048 0.9461377 0.7605823 0.5221347 0.3858628 0.442557 0.8884637 0.1215555 -0.04247331 0.8224403 0.5672637 -0.5594624 0.7438386 0.3656583 -0.8665353 0.3786173 -0.3252165 -0.2665234 0.7381495 -0.6197586 0.4324917 0.6882251 -0.5824922 -0.5292247 -0.08951312 0.8437469 0.457038 0.1219784 0.8810434 0.9641184 0.2380625 -0.1174816 0.1244885 0.06990486 -0.9897555 -0.9515542 -0.1710591 -0.2555066 -0.9013584 -0.1955613 -0.3864049 -0.1632698 -0.05175739 -0.9852229 0.6875098 0.116297 -0.7168022 0.9633695 0.179296 0.1994298 0.2292321 0.02564424 0.9730339 -0.715842 -0.1776323 0.6752904 0.08306187 0.8667505 0.4917768 -0.4637194 0.749758 0.4720459 -0.7256368 0.6720122 -0.1478202 -0.08696836 0.8083844 -0.5821954 0.3849444 0.9204885 -0.06722092 1.2576e-4 -8.8871e-4 0.9999996 2.0172e-5 4.88268e-5 1 9.47219e-6 2.25429e-5 1 -1.1285e-4 5.18283e-4 1 0 0 1 -2.03553e-7 0 1 1.69613e-7 0 1 9.01478e-6 -4.76113e-6 1 -1.50357e-5 -8.77135e-5 1 2.36404e-5 -7.54372e-6 1 0.6206992 -0.7810501 0.0685079 0.7715288 -0.6326073 -0.06746476 0.1467263 -0.9890638 0.01497215 0.2881891 -0.9572032 -0.02662837 0.2989798 -0.9529616 -0.04975205 0.1456533 -0.9891778 0.01767784 -0.6500658 -0.7597717 0.01271557 -0.2791189 -0.9600946 0.01763433 -0.2403109 -0.970588 -0.01447725 -0.6138104 -0.7893139 -0.01484566 -8.93047e-5 -1.84347e-5 1 1.9237e-5 -6.59238e-5 1 5.32223e-5 3.2252e-5 1 -1.90431e-6 0 1 7.83045e-6 -1.70652e-6 1 0.7493222 -0.660362 0.04937875 0.9592061 -0.2788615 0.04647612 0.9046167 -0.4209009 -0.06716513 -1.38636e-5 2.27597e-5 1 2.35123e-5 -8.33129e-6 1 -1.21459e-4 -2.21923e-4 1 -1.82665e-5 9.22098e-5 1 -0.001210927 -3.7394e-4 0.9999993 -0.7889329 -0.6143088 0.01447767 -0.4358199 -0.8998493 0.01823157 -0.5006199 -0.8592924 0.1048641 -0.7635619 -0.645494 -0.01763474 -0.9922717 -0.1235271 -0.01174926 -0.9644689 -0.262907 0.02607053 -0.9592649 -0.2821665 -0.01389265 -0.9905523 -0.1334197 -0.03170788 -0.7498698 0.6597646 0.04905122 -0.9592061 0.2788615 0.04647612 -0.9046167 0.4209009 -0.06716513 -1.70449e-5 5.72141e-5 1 -2.17409e-4 1.22348e-4 1 -3.89104e-4 1.13295e-4 1 -3.85831e-4 7.41516e-6 1 -8.22198e-6 1.70653e-6 1 -0.6206992 0.7810501 0.0685079 -0.7715288 0.6326073 -0.06746476 0.2922714 -0.9559744 0.02628052 0.4732886 -0.880401 -0.02986526 0.7102743 -0.7038003 0.01325899 0.8766767 -0.48063 0.02080798 0.9737688 -0.2268676 0.01747822 0.9942151 0.1064101 0.01460653 0.9080609 0.4187665 0.007745862 0.798459 0.6016818 0.02103495 0.663334 0.7480198 -0.02131897 0.5562487 0.8310159 -3.97323e-4 0.4266449 0.9042739 0.01621639 0.203441 0.9790872 0 -0.1064103 0.994215 0.01460677 -0.4400669 0.8979278 0.008167564 -0.7090465 0.7050402 0.01309949 -0.8660469 0.4995663 0.01990872 -0.9991545 0.03869712 -0.0138849 -0.9644486 -0.2639224 0.01356041 -0.8593978 -0.5106493 0.02593946 -0.7024538 -0.7115783 0.01466321 -0.5270296 -0.8495601 0.02207726 -0.4268864 -0.9036306 -0.03492259 -0.2369599 -0.9711965 0.02504831 0.08293259 -0.9964774 0.01245421 0.1198921 -0.9926798 -0.01458209 -0.1866382 -0.9823498 -0.01245385 -0.6583037 -0.752574 -0.01639258 -0.8115811 -0.5838972 -0.02000564 -0.9503165 -0.3103352 -0.02430444 -0.9992545 0.0339511 -0.01838564 -0.9596131 0.2806409 0.01958203 -0.9249112 0.3780342 -0.04036742 -0.743844 0.6677653 -0.02802789 -0.460739 0.8874034 -0.01532542 -0.1199046 0.9927837 0.001858711 0.1866382 0.9823498 -0.01245385 0.4056779 0.9140161 0 0.6851951 0.7283304 0.006514072 0.8871159 0.4605892 -0.02971494 0.9927838 0.1199043 0.00185883 0.9823499 -0.1866377 -0.01245421 0.9098403 -0.4145162 -0.01915639 0.7441678 -0.6674183 -0.02770042 0.460739 -0.8874034 -0.01532542 -0.1467263 0.9890638 0.01497215 -0.2881891 0.9572032 -0.02662837 -0.2989798 0.9529616 -0.04975205 -0.1456533 0.9891778 0.01767784 0.9890613 0.1467263 -0.01513808 0.9572034 0.2881886 -0.0266292 0.9592649 0.2821665 -0.01389265 0.9908238 0.1334545 0.02140331 8.1445e-5 1.84223e-5 1 -3.6243e-5 6.03677e-5 1 1.82665e-5 -9.22098e-5 1 3.13218e-6 7.97958e-6 1 0.660925 0.7501509 0.02125912 0.2791189 0.9600946 0.01763433 0.2403109 0.970588 -0.01447725 0.6138104 0.7893139 -0.01484566 0.7889329 0.6143088 0.01447767 0.4278886 0.9036324 0.01897341 0.5005132 0.8591077 0.1068668 0.7635619 0.645494 -0.01763474 -1.09418e-6 0 1 -8.37865e-5 -5.53207e-5 1 -1.77593e-4 3.43054e-4 1 -8.58487e-5 2.12339e-5 1 -1.27116e-6 0 1 -6.68494e-5 -5.92307e-5 1 8.75081e-7 0 1 9.37666e-7 0 1 -5.63322e-7 0 1 -1.27892e-4 -2.26427e-5 1 0.9652136 0.2613514 -0.00763601 0.9876558 0.1560675 0.01338094 0.9860335 0.1633866 0.03229093 0.9657468 0.2591412 -0.0133813 0.8668042 0.4947737 -0.06204462 0.7815601 0.6205242 0.06413704 0.9990649 -0.04314059 -0.002881109 0.9085835 -0.4113644 0.07249349 0.9544084 -0.2983992 0.007911622 0.9992519 -0.03786903 -0.007852971 -0.06657272 0.9975109 0.02324265 0.2527137 0.9672353 -0.02432566 0.6849102 0.7285483 0.01075571 0.9468622 0.3212181 0.0164619 -0.3450006 0.9386011 -0.001622676 -0.3437824 0.9390441 -0.003127217 -0.6458131 0.7622968 0.04276949 -0.9399678 0.3281707 0.09361892 -0.9639123 -0.2253072 0.1418098 -0.6758212 -0.7370108 -0.008989214 -0.7423433 -0.6651744 0.08043324 -0.4277132 -0.9035522 0.02559328 -0.3442843 -0.9387427 -0.01518702 0.03002452 -0.9970306 -0.0709114 0.4033008 -0.9097812 0.0982182 0.8076761 -0.584071 0.08074879 0.9314109 -0.3626247 -0.03126186 0.9998633 0.01427155 -0.008355617 0.9941433 -0.1031896 0.03211277 0.8426308 -0.3814867 0.3800547 0.5632023 -0.8147368 -0.137867 0.06446957 -0.9979123 -0.00386393 -0.8990814 -0.4238325 -0.1096296 -0.9948706 0.03937536 -0.09317851 -0.9094691 0.4135659 -0.04277068 -0.6393818 0.768322 0.0295366 0.9028234 0.4296983 -0.01641577 0.6841955 0.7292134 0.01115483 0.2275142 0.9737032 -0.01180756 0.9975242 0.06100332 0.03498882 0.9809932 0.1751027 -0.08361458 -5.31901e-7 0 1 -4.49062e-7 0 1 -5.20585e-6 -1.51419e-5 1 3.63998e-6 9.90964e-6 1 0.9923808 0.1223099 0.01485633 0.9743141 0.2244579 -0.01818758 0.9555872 0.2947086 2.68948e-4 0.9615377 0.263104 0.0788775 0.9925099 0.1215486 0.01225864 0.9382345 0.3442298 0.03495818 0.9590987 0.280426 -0.03861498 -4.74169e-5 -2.45514e-6 1 3.7958e-4 -4.27465e-4 0.9999999 -4.54452e-5 9.36374e-6 1 2.57782e-4 2.69029e-4 1 2.92841e-4 -9.74673e-5 1 7.36568e-4 -4.78244e-4 0.9999997 7.57237e-4 -2.02931e-4 0.9999997 4.31176e-4 3.49651e-4 1 1.30271e-4 -5.42193e-4 0.9999999 -3.87864e-4 -8.23471e-5 1 5.03629e-4 1.93103e-4 1 4.31147e-5 -8.34516e-4 0.9999997 4.50651e-4 4.69015e-5 1 -1.87134e-4 -7.00696e-4 0.9999998 0.6065564 -0.7944569 0.03045827 0.9612256 -0.2738022 0.03282934 0.9937419 0.1113925 -0.008298277 0.7944561 0.6065574 0.03045886 0.3274478 0.9446021 0.02246642 -0.09269869 0.9956942 0 -0.606557 0.7944564 0.0304591 -0.9576846 0.2862035 0.03045874 -0.9591706 -0.2820575 0.02086758 -0.8212743 -0.5700658 0.02309674 -0.5102604 -0.86002 0 0.02374529 -0.999254 0.03045833 0.05232751 -0.9984703 0.01786136 -0.2587517 -0.9656783 -0.02264738 -0.5445516 -0.8385373 0.01786136 -0.7771469 -0.6293193 0 -0.9335774 -0.3583663 0.002616107 -0.9983734 -0.05232274 -0.02264755 -0.9657716 0.2587785 0.0178616 -0.8384564 0.5444979 -0.02264761 -0.6292195 0.7770225 0.017861 -0.358276 0.933341 -0.02264738 -0.05232757 0.9984703 0.01786136 0.2588194 0.9659258 0 0.5444993 0.8384555 -0.02264738 0.777022 0.6292202 0.01786118 0.9333412 0.3582756 -0.02264726 0.9984703 0.05232781 0.01786154 0.9655867 -0.2587281 0.02649587 0.8384555 -0.5444993 -0.02264773 0.6292195 -0.7770225 0.01786172 0.3582764 -0.9333409 -0.02264744 -2.0172e-5 -4.88268e-5 1 -1.2576e-4 8.88707e-4 0.9999997 1.1285e-4 -5.18283e-4 1 -9.47219e-6 -2.25429e-5 1 -3.98484e-7 0 1 8.679e-5 -4.99757e-5 1 3.52186e-7 0 1 -2.36404e-5 7.54372e-6 1 -2.42942e-5 -1.32911e-4 1 0 0 1 0.2613513 -0.9652136 -0.007636308 0.1560676 -0.9876558 0.01338052 0.1633865 -0.9860336 0.03228986 0.2591411 -0.9657469 -0.01338189 0.4850899 -0.8724634 -0.05912333 0.6247984 -0.7768096 0.07870155 -0.07230412 -0.9973798 -0.002407252 -0.08592665 -0.9962314 0.01182037 0.9729009 0.228662 0.03431928 0.9560661 -0.2923305 0.02192687 0.77498 -0.6317883 -0.0158025 0.4052417 -0.9141601 0.00951308 0.1932408 0.9798512 0.05049479 -0.3676558 0.926357 0.08180427 -0.6717802 0.7402158 -0.02814054 -0.8114818 0.5824794 0.04706394 -0.9030342 0.4286026 0.02879369 -0.936595 0.3469899 -0.04886549 -0.9862071 0.05008327 0.1577573 -0.8591294 -0.4907826 0.1450144 -0.405781 -0.9132755 0.03563535 -0.4694393 -0.8721747 0.137615 0.07864516 -0.9968982 0.00300157 0.01381713 -0.9996126 0.02415996 0.9205595 0.3904206 -0.01191323 0.6974712 0.7093447 0.1018042 0.737798 0.6749357 0.0107696 -0.2713021 -0.9618149 -0.03615862 -0.7448022 -0.6584116 -0.1084624 -0.9732709 -0.1651104 -0.1596323 -0.3023586 0.9520532 -0.04662555 0.1808414 0.980666 0.07477128 0.4158703 0.9084428 -0.04223299 0.3736667 -0.927561 -0.001969397 0.7817702 -0.6234666 -0.01116657 0.9939922 -0.1046328 -0.03211587 0.06576716 -0.9978235 -0.004800915 0.07185196 -0.9973347 -0.01268261 1.29001e-5 -4.20411e-6 1 -2.98385e-6 -2.38465e-7 1 0.120833 -0.9925543 0.01534783 0.1941207 -0.9799531 -0.04482448 0.2888827 -0.957357 0.003807544 0.2872018 -0.9578612 -0.004141569 0.1322658 -0.9898564 0.05186623 0.3322109 -0.9430766 0.0155707 0.2830331 -0.958296 -0.0395112 -2.13547e-4 -4.89958e-4 0.9999999 -2.8162e-4 -2.382e-4 1 1.15652e-4 2.0379e-4 1 -3.35168e-4 -5.14879e-4 0.9999999 -3.11613e-4 8.11696e-4 0.9999997 -4.38782e-4 5.40218e-4 0.9999998 -8.90513e-4 5.78327e-4 0.9999995 -9.03038e-4 2.41921e-4 0.9999996 2.49058e-4 2.00197e-4 1 1.88526e-4 5.53842e-4 0.9999999 -1.76577e-4 -6.59265e-4 0.9999998 -6.6743e-4 3.88955e-4 0.9999998 1.83313e-4 2.82189e-4 1 -1.09388e-4 -4.16129e-5 1 -3.3143e-4 1.09056e-4 1 1.42269e-4 5.35172e-4 1 -9.28887e-5 -7.44636e-5 1 -8.45617e-4 4.98818e-4 0.9999996 2.80791e-4 5.96836e-5 1 -3.44154e-5 6.63398e-4 0.9999998 -5.5799e-5 -5.73852e-5 1 0.6065571 -0.7944564 0.03045904 0.9446018 -0.3274488 0.02246683 0.9956943 0.09269803 0 0.7944564 0.606557 0.03045898 0.2862032 0.9576848 0.03045839 -0.2820571 0.9591708 0.0208677 -0.5700654 0.8212747 0.02309596 -0.8600208 0.5102591 0 -0.999254 -0.02374649 0.03045845 -0.7944564 -0.606557 0.03045856 -0.2738025 -0.9612256 0.03282922 0.1113931 -0.9937419 -0.008298516 0.05232745 -0.9984703 0.01786178 -0.258728 -0.9655868 0.02649587 -0.5444999 -0.838455 -0.02264779 -0.7770228 -0.629219 0.01786166 -0.9333408 -0.3582767 -0.02264732 -0.9984704 -0.05232512 0.01786118 -0.9656779 0.2587534 -0.0226475 -0.8385365 0.5445526 0.017861 -0.6293192 0.7771469 0 -0.3583672 0.9335771 0.002616286 -0.0523225 0.9983735 -0.02264708 0.2587781 0.9657717 0.01786136 0.5444993 0.8384555 -0.02264708 0.7770226 0.6292194 0.01786124 0.9333408 0.3582769 -0.02264726 0.9984703 0.05232781 0.01786142 0.965926 -0.2588185 0 0.8384564 -0.5444979 -0.02264744 0.6292199 -0.7770222 0.01786178 0.3582764 -0.9333409 -0.02264726 1.09418e-6 0 1 8.58487e-5 -2.12339e-5 1 8.37865e-5 5.53207e-5 1 1.77593e-4 -3.43054e-4 1 1.27116e-6 0 1 -8.75081e-7 0 1 6.68494e-5 5.92307e-5 1 -9.37666e-7 0 1 5.63322e-7 0 1 1.27892e-4 2.26427e-5 1 -0.9652136 -0.2613514 -0.00763601 -0.9876558 -0.1560675 0.01338094 -0.9860335 -0.1633866 0.03229093 -0.9657468 -0.2591412 -0.0133813 -0.8668042 -0.4947737 -0.06204462 -0.7815601 -0.6205242 0.06413704 -0.9990649 0.04314059 -0.002881109 -0.9085835 0.4113644 0.07249349 -0.9544084 0.2983992 0.007911622 -0.9992519 0.03786903 -0.007852971 0.06657272 -0.9975109 0.02324265 -0.2527137 -0.9672353 -0.02432566 -0.6849102 -0.7285483 0.01075571 -0.9468617 -0.3212198 0.01646155 0.9540044 -0.2916996 0.06918865 0.9639123 0.2253072 0.1418098 0.6869664 0.7266725 0.004931032 0.7423433 0.6651744 0.08043324 0.4276208 0.9033639 0.03277695 0.3134524 0.9494953 -0.01436954 -0.03002452 0.9970306 -0.0709114 -0.4033008 0.9097812 0.0982182 -0.8076761 0.584071 0.08074879 -0.9314109 0.3626247 -0.03126186 -0.9998633 -0.01427286 -0.008355796 -0.9941433 0.1031896 0.03211277 0.3939987 -0.9189045 0.01948308 0.3472758 -0.9377567 -0.003475606 0.7621312 -0.6417883 0.08522921 0.7143007 -0.6997374 -0.011922 -0.8426308 0.3814867 0.3800547 -0.5632023 0.8147368 -0.137867 -0.06446957 0.9979123 -0.00386393 0.5562388 0.8310027 0.005761682 0.8990814 0.4238325 -0.1096296 0.9948706 -0.03937536 -0.09317851 0.9297865 -0.3677563 -0.01588606 -0.9028246 -0.4296956 -0.01641577 -0.6841955 -0.7292134 0.01115483 -0.2275142 -0.9737032 -0.01180756 -0.9975241 -0.06100463 0.03498822 -0.9809932 -0.1751027 -0.08361458 5.31901e-7 0 1 4.49062e-7 0 1 5.20585e-6 1.51419e-5 1 -3.63998e-6 -9.90964e-6 1 -0.9923808 -0.1223099 0.01485633 -0.9743141 -0.2244579 -0.01818758 -0.9555872 -0.2947086 2.68948e-4 -0.9615377 -0.263104 0.0788775 -0.9925099 -0.1215486 0.01225864 -0.9382345 -0.3442298 0.03495818 -0.9590987 -0.280426 -0.03861498 -0.9729009 -0.228662 0.03431928 -0.9560661 0.2923305 0.02192687 -0.77498 0.6317883 -0.0158025 -0.4052417 0.9141601 0.00951308 0.9862071 -0.05008327 0.1577573 0.8580004 0.4922835 0.1466027 0.4614979 0.8758139 0.1413145 -0.08485668 0.996389 0.002900481 -0.01459234 0.997332 0.07152676 -0.9205595 -0.3904206 -0.01191323 -0.6974712 -0.7093447 0.1018042 -0.737798 -0.6749357 0.0107696 -0.1932408 -0.9798512 0.05049479 0.3676558 -0.926357 0.08180427 0.6713718 -0.7405927 -0.02796912 0.811452 -0.5824577 0.04784202 0.9035762 -0.4274237 0.0293073 0.9370466 -0.3458837 -0.04804384 0.3023586 -0.9520532 -0.04662555 -0.1808414 -0.980666 0.07477128 -0.4158703 -0.9084428 -0.04223299 0.2729172 0.9564251 -0.1037656 0.7205536 0.6777246 -0.1466011 0.9732709 0.1651104 -0.1596323 -0.3736667 0.927561 -0.001969397 -0.7817702 0.6234666 -0.01116657 -0.9939922 0.1046328 -0.03211587 -5.03629e-4 -1.93103e-4 1 -2.92841e-4 9.74673e-5 1 -4.31176e-4 -3.49651e-4 1 -1.30271e-4 5.42193e-4 0.9999999 3.87864e-4 8.23471e-5 1 -4.31147e-5 8.34516e-4 0.9999997 -7.36568e-4 4.78244e-4 0.9999997 -7.57237e-4 2.02931e-4 0.9999997 4.74169e-5 2.45514e-6 1 1.87134e-4 7.00696e-4 0.9999998 -3.7958e-4 4.27465e-4 0.9999999 4.54452e-5 -9.36374e-6 1 -2.57782e-4 -2.69029e-4 1 -4.50651e-4 -4.69015e-5 1 -2.37916e-4 6.20187e-4 0.9999998 -3.48185e-4 4.30579e-4 0.9999999 -8.05981e-5 4.36453e-4 1 -2.79981e-4 -5.96835e-5 1 0.606557 -0.7944564 0.0304591 0.9576846 -0.2862035 0.03045874 0.9591706 0.2820575 0.02086758 0.8212743 0.5700658 0.02309674 0.5102604 0.86002 0 -0.02374529 0.999254 0.03045833 -0.6065564 0.7944569 0.03045827 -0.9612256 0.2738022 0.03282934 -0.9937419 -0.1113925 -0.008298277 -0.7944561 -0.6065574 0.03045886 -0.3274478 -0.9446021 0.02246642 0.09269869 -0.9956942 0 0.05232757 -0.9984703 0.01786136 -0.2588194 -0.9659258 0 -0.5444993 -0.8384555 -0.02264738 -0.777022 -0.6292202 0.01786118 -0.9333412 -0.3582756 -0.02264726 -0.9984703 -0.05232781 0.01786154 -0.9655867 0.2587281 0.02649587 -0.8384555 0.5444993 -0.02264773 -0.6292195 0.7770225 0.01786172 -0.3582764 0.9333409 -0.02264744 -0.05232751 0.9984703 0.01786136 0.2587517 0.9656783 -0.02264738 0.5445516 0.8385373 0.01786136 0.7771469 0.6293193 0 0.9335774 0.3583663 0.002616107 0.9983734 0.05232274 -0.02264755 0.9657716 -0.2587785 0.0178616 0.8384564 -0.5444979 -0.02264761 0.6292195 -0.7770225 0.017861 0.358276 -0.933341 -0.02264738 6.6743e-4 -3.88955e-4 0.9999998 -2.15936e-6 -3.34118e-4 1 8.90513e-4 -5.78327e-4 0.9999995 9.03038e-4 -2.41921e-4 0.9999996 2.13547e-4 4.89958e-4 0.9999999 -1.01796e-4 -3.78279e-4 1 -1.99764e-4 -4.25587e-5 1 9.28887e-5 7.44636e-5 1 2.8162e-4 2.382e-4 1 3.11613e-4 -8.11696e-4 0.9999997 4.38782e-4 -5.40218e-4 0.9999998 3.35168e-4 5.14879e-4 0.9999999 2.38624e-5 -4.6411e-4 0.9999999 5.5799e-5 5.73852e-5 1 1.76577e-4 6.59265e-4 0.9999998 8.45617e-4 -4.98818e-4 0.9999996 1.09388e-4 4.16129e-5 1 3.3143e-4 -1.09056e-4 1 0.2820571 -0.9591708 0.0208677 0.5700654 -0.8212747 0.02309596 0.8600208 -0.5102591 0 0.999254 0.02374649 0.03045845 0.7944564 0.606557 0.03045856 0.2738025 0.9612256 0.03282922 -0.1113931 0.9937419 -0.008298516 -0.6065571 0.7944564 0.03045904 -0.9446018 0.3274488 0.02246683 -0.9956943 -0.09269803 0 -0.7944564 -0.606557 0.03045898 -0.2862032 -0.9576848 0.03045839 0.0523225 -0.9983735 -0.02264708 -0.2587781 -0.9657717 0.01786136 -0.5444993 -0.8384555 -0.02264708 -0.7770226 -0.6292194 0.01786124 -0.9333408 -0.3582769 -0.02264726 -0.9984703 -0.05232781 0.01786142 -0.965926 0.2588185 0 -0.8384564 0.5444979 -0.02264744 -0.6292199 0.7770222 0.01786178 -0.3582764 0.9333409 -0.02264726 -0.05232745 0.9984703 0.01786178 0.258728 0.9655868 0.02649587 0.5444999 0.838455 -0.02264779 0.7770228 0.629219 0.01786166 0.9333408 0.3582767 -0.02264732 0.9984704 0.05232512 0.01786118 0.9656779 -0.2587534 -0.0226475 0.8385365 -0.5445526 0.017861 0.6293192 -0.7771469 0 0.3583672 -0.9335771 0.002616286 -0.02029097 0.006436407 0.9997735 -0.05584651 0.01058584 0.9983834 0.0142275 0.009250283 0.999856 0.0235508 0.0101937 0.9996708 -0.03178453 0.9988188 -0.03675276 0.7308332 0.6427028 -0.2298176 0.9696294 -0.1676624 -0.1780685 0.5487131 -0.7919105 -0.2679396 -0.40143 -0.8877959 -0.2251056 -0.9567442 -0.2873634 -0.04541963 -0.7209938 0.6567611 -0.2209818 -0.6277964 0.7777543 0.03114867 -0.9354856 0.2551563 0.2444627 -0.9195395 -0.3410643 -0.1952493 -0.5567156 -0.83005 0.03293776 0.08833438 -0.9494439 0.3012529 0.7844358 -0.594389 0.1770941 0.9760782 0.09153044 0.1972149 0.5940236 0.7918077 0.1420443 -0.04241544 0.9974034 -0.05820357 -0.2268458 0.5909504 0.7741569 -0.4708818 0.5814965 0.6634247 -0.6330285 0.4110971 0.655953 -0.5758523 0.1542987 0.8028612 -0.7416153 -0.03886401 0.6696987 -0.7444064 -0.2857517 0.6034942 -0.5701856 -0.4617306 0.6794801 -0.3522253 -0.5423758 0.7627358 -0.1959154 -0.7311685 0.65346 0.03903687 -0.7449072 0.6660251 0.2266525 -0.590455 0.7745913 0.471511 -0.5822604 0.6623067 0.633072 -0.4111197 0.6558967 0.8027142 -0.06059157 0.5932777 0.480468 0.6267764 0.6134345 0.17601 0.6568715 0.7331715 -0.03882044 0.7407737 0.670632 0.1954222 0.6274049 0.7537727 0.4963877 0.2274472 0.8377751 0.6274022 -0.195423 0.7537747 0.2162716 -0.5851883 0.781525 -0.3602969 -0.4873973 0.7953804 -0.6224465 0.1317141 0.7714996 -0.2846367 0.6180543 0.7327966 0.5117025 -0.8582941 -0.03862327 0.9778723 0.2020191 0.05435198 0.3036504 0.952744 0.008681535 -0.3251249 -0.9447876 0.04086828 -0.9798433 0.1902986 -0.06077551 -0.579891 0.8141889 0.02868562 -0.973085 -0.2155067 0.08162498 -0.6250079 -0.7769691 -0.07539284 -0.4282426 0.9034954 -0.01744729 0.3014389 0.9534525 0.007931828 0.9066885 0.4217217 -0.008169591 0.9522525 -0.3012788 -0.0494613 0.3612669 -0.9317009 0.03767943 -0.2864524 0.7462377 0.6008947 -0.4466693 0.551588 0.7044411 -0.6052989 0.3239151 0.7271124 -0.5775052 -0.3362511 0.743924 -0.4039749 -0.6220725 0.6706938 -0.1459105 -0.5445374 0.8259474 0.03805166 -0.7260572 0.6865807 0.2886295 -0.7519078 0.592729 0.4770659 -0.5891231 0.6521826 0.5420737 -0.3520296 0.7630409 0.7259948 -0.1945283 0.6596138 0.7457249 0.03908288 0.6651067 0.620309 0.2381153 0.7473406 0.5910373 0.4786093 0.6493136 0.4005325 0.6167744 0.6776157 0.1602409 0.5980275 0.7852936 -0.03994101 0.762091 0.6462369 0.1660795 0.5851407 0.793743 0.6076332 0.2112495 0.765608 0.5087698 -0.3581935 0.7828479 -0.09221643 -0.6615639 0.7441971 -0.5829281 -0.3450648 0.7356122 -0.4567851 0.3408005 0.8217071 -0.02986806 -0.7171302 -0.6962989 -0.4153854 -0.5865827 -0.6952522 -0.676065 -0.2450572 -0.6948979 -0.6224577 0.4096324 -0.6668941 -0.2446607 0.6962351 -0.6748318 0.2065032 0.7071088 -0.6762793 0.7279474 -0.04453855 -0.6841849 0.5337765 -0.4962213 -0.6847242 0.2894904 -0.6634311 -0.6899671 -0.6954596 -0.1880646 -0.6935183 -0.6749287 0.1140182 -0.7290208 -0.6919276 0.1702771 -0.7015997 0.5263122 0.4860834 -0.6976521 0.6848372 0.1411752 -0.71489 0.6365035 0.3583474 -0.6829718 0.556104 -0.4163672 -0.719296 0.6877321 0.07579594 -0.7219969 0.4179035 0.5392353 -0.7311511 -0.02925115 0.6878756 -0.725239 -0.4269036 0.5404086 -0.7250599 -0.6756719 -0.2454701 -0.6951344 -0.3962559 -0.590733 -0.7028627 0.05851024 -0.6866039 -0.7246736 0.8457613 0.526954 0.08370947 0.8188527 -0.5731063 -0.03208875 -0.05879437 -0.9982702 -3.57661e-4 -0.1210751 -0.9924598 -0.01909202 -0.9059206 -0.4225387 0.02772581 -0.8409473 0.5408859 -0.01581859 -0.1936687 0.9801194 0.04310899 -0.7970033 0.6025014 -0.04216378 -0.8638453 -0.5037478 -0.003108739 0.7376582 -0.6735807 0.04636442 0.9504662 0.3083993 -0.03878301 0.261314 0.9634724 -0.05861836 -0.03435707 -0.9957259 0.08572983 -0.3863431 -0.9182242 0.08719843 -0.5765076 -0.8046672 -0.1419491 -0.8029538 -0.5888106 0.09256041 -0.903317 -0.4090703 -0.1291517 -0.01944792 -0.9982527 -0.05579829 0.3778006 -0.9200276 -0.1040009 -2.47518e-7 0 1 -1.60555e-6 0 1 -4.13353e-7 0 1 5.83685e-7 0 1 4.83602e-6 0 1 0.006436049 0.02029347 0.9997735 -1.60436e-5 0 1 0.01019203 -0.02355253 0.9996707 3.17196e-6 0 1 -2.70418e-7 0 1 0.01058614 0.05584836 0.9983831 0.009249389 -0.01422911 0.9998561 -0.09011137 0.9660907 -0.2419686 0.711543 0.6916969 -0.1235399 0.9988191 0.03178513 -0.0367453 0.6427037 -0.7308313 -0.2298208 -0.1676624 -0.9696286 -0.1780719 -0.7919097 -0.5487143 -0.2679396 -0.8555831 0.4400556 -0.272633 -0.3477262 0.9294322 0.1234604 -0.8293089 0.5562302 -0.0534299 -0.9494442 -0.0883342 0.3012518 -0.5943899 -0.7844347 0.1770961 0.09152978 -0.9760778 0.1972166 0.7918086 -0.5940223 0.1420448 0.9974032 0.04240983 -0.0582109 0.7777552 0.6277951 0.03114962 0.257995 0.9526165 0.1611226 -0.2857525 0.7444067 0.6034933 -0.4617231 0.5701829 0.6794875 -0.5423715 0.3522195 0.7627416 -0.731172 0.1959191 0.6534548 -0.7449101 -0.03904002 0.6660217 -0.5904515 -0.226655 0.7745932 -0.5822665 -0.471521 0.6622943 -0.4111217 -0.6330589 0.6559081 -0.06059366 -0.8027133 0.5932791 0.6267696 -0.4804689 0.6134407 0.656875 -0.1760118 0.733168 0.7407792 0.03882038 0.670626 0.5909495 0.2268459 0.7741574 0.58149 0.4708712 0.6634379 0.4110904 0.6330284 0.6559572 0.1542977 0.5758483 0.8028643 -0.03886699 0.741612 0.6697022 0.1317157 0.6224465 0.7714994 0.6180568 0.2846393 0.7327935 0.6274013 -0.195417 0.7537771 0.2274484 -0.4963903 0.8377733 -0.1954174 -0.6274006 0.7537776 -0.585186 -0.2162666 0.7815281 -0.4873973 0.3602977 0.7953802 0.2020196 -0.9778721 0.05435174 0.9527439 -0.3036507 0.008679926 -0.8582903 -0.5117092 -0.03862053 -0.9447865 0.3251283 0.04086816 0.1903024 0.9798425 -0.06077742 0.8141875 0.5798931 0.02868604 -0.2155074 0.9730849 0.08162391 -0.7769676 0.6250098 -0.07539302 -0.3012836 -0.9522509 -0.0494616 -0.9317033 -0.3612608 0.03767704 0.9034951 0.4282432 -0.01744771 0.9534549 -0.3014317 0.007931947 0.4217273 -0.906686 -0.008167684 -0.3362493 0.577503 0.7439267 -0.6220741 0.4039743 0.6706928 -0.5445391 0.1459083 0.8259468 -0.7260565 -0.03804868 0.6865817 -0.7519007 -0.2886302 0.5927377 -0.5891253 -0.4770603 0.6521847 -0.352026 -0.542069 0.7630459 -0.1945312 -0.7259979 0.6596095 0.03908288 -0.7457249 0.6651067 0.2381166 -0.6203116 0.7473379 0.4786119 -0.5910381 0.649311 0.6167674 -0.4005259 0.677626 0.5980312 -0.1602413 0.7852907 0.7620904 0.03994667 0.6462372 0.7462322 0.286446 0.6009046 0.5515853 0.4466639 0.7044466 0.3239126 0.6053045 0.7271088 0.3407998 0.4567835 0.8217083 0.585142 -0.1660814 0.7937418 0.2112483 -0.6076333 0.7656083 -0.3581948 -0.5087724 0.7828456 -0.6615679 0.09221279 0.744194 -0.3450663 0.5829302 0.7356098 -0.04454362 -0.7279489 -0.684183 -0.5225772 -0.5251668 -0.6716494 -0.6905857 -0.2072765 -0.6929126 -0.7259973 -0.02007699 -0.6874045 -0.5865817 0.4153861 -0.6952528 -0.2450567 0.6760652 -0.6948979 0.4096334 0.622452 -0.6668989 0.6962365 0.2446546 -0.6748325 0.7071096 -0.2064975 -0.6762802 -0.1880671 0.6954644 -0.6935129 0.1139979 0.6749218 -0.7290303 0.1702767 0.6919269 -0.7016003 0.4860803 -0.5263164 -0.6976512 0.1411669 -0.6848458 -0.7148833 0.3583478 -0.6365024 -0.6829727 0.5392377 -0.417904 -0.7311491 0.6878754 0.02925169 -0.7252392 0.5404099 0.4269043 -0.7250586 -0.2454705 0.6756702 -0.695136 -0.5907334 0.3962557 -0.7028623 -0.7096447 -0.0607407 -0.7019366 -0.4163633 -0.5561012 -0.7193005 0.0757966 -0.6877303 -0.7219986 0.5269089 -0.845792 0.0836836 -0.5731077 -0.8188517 -0.03208708 -0.9935273 0.1135345 -0.003658413 -0.9925974 0.1212854 -0.006342113 -0.1150028 0.9889734 0.0933057 0.9458127 0.3169205 0.0707103 0.6013363 0.7952154 -0.07763522 -0.5033926 0.8635413 -0.02987086 -0.6735774 -0.7376612 0.04636305 0.3084008 -0.9504656 -0.03878432 0.963472 -0.2613137 -0.05862534 -0.8451026 0.5323089 -0.0494877 -0.8066446 0.5780825 -0.1230659 -0.571726 0.8163996 0.08137023 -0.407435 0.9023361 -0.1406643 -0.9993074 0.02699232 0.02561837 -0.0235508 -0.0101937 0.9996708 0.02029097 -0.006436407 0.9997735 -0.0142275 -0.009250283 0.999856 0.05584651 -0.01058584 0.9983834 -0.08071249 0.9947293 0.06323903 0.5200914 0.8533415 -0.03624224 0.9567442 0.2873634 -0.04541963 0.7209938 -0.6567611 -0.2209818 0.03178453 -0.9988188 -0.03675276 -0.7308332 -0.6427028 -0.2298176 -0.9696294 0.1676624 -0.1780685 -0.6459063 0.7525601 -0.1282907 -0.7844358 0.594389 0.1770941 -0.9760782 -0.09153044 0.1972149 -0.5940236 -0.7918077 0.1420443 0.04241544 -0.9974034 -0.05820357 0.6277964 -0.7777543 0.03114867 0.9354856 -0.2551563 0.2444627 0.9195395 0.3410643 -0.1952493 0.5567156 0.83005 0.03293776 -0.09101063 0.9949478 0.04238039 -0.2266525 0.590455 0.7745913 -0.471511 0.5822604 0.6623067 -0.633072 0.4111197 0.6558967 -0.8027142 0.06059157 0.5932777 -0.480468 -0.6267764 0.6134345 -0.17601 -0.6568715 0.7331715 0.03882044 -0.7407737 0.670632 0.2268458 -0.5909504 0.7741569 0.4708818 -0.5814965 0.6634247 0.6330285 -0.4110971 0.655953 0.5758523 -0.1542987 0.8028612 0.7416153 0.03886401 0.6696987 0.7444064 0.2857517 0.6034942 0.5701856 0.4617306 0.6794801 0.3522253 0.5423758 0.7627358 0.1959154 0.7311685 0.65346 -0.03903687 0.7449072 0.6660251 0.3602969 0.4873973 0.7953804 0.6224465 -0.1317141 0.7714996 0.2846367 -0.6180543 0.7327966 -0.1954222 -0.6274049 0.7537727 -0.4963877 -0.2274472 0.8377751 -0.6274022 0.195423 0.7537747 -0.2162716 0.5851883 0.781525 -0.5117025 0.8582941 -0.03862327 -0.9778723 -0.2020191 0.05435198 -0.3036504 -0.952744 0.008681535 0.3251249 0.9447876 0.04086828 0.9798433 -0.1902986 -0.06077551 0.579891 -0.8141889 0.02868562 0.973085 0.2155067 0.08162498 0.6250079 0.7769691 -0.07539284 -0.3014389 -0.9534525 0.007931828 -0.9066885 -0.4217217 -0.008169591 -0.9522525 0.3012788 -0.0494613 -0.3612669 0.9317009 0.03767943 0.4282426 -0.9034954 -0.01744729 -0.2886295 0.7519078 0.592729 -0.4770659 0.5891231 0.6521826 -0.5420737 0.3520296 0.7630409 -0.7259948 0.1945283 0.6596138 -0.7457249 -0.03908288 0.6651067 -0.620309 -0.2381153 0.7473406 -0.5910373 -0.4786093 0.6493136 -0.4005325 -0.6167744 0.6776157 -0.1602404 -0.5980156 0.7853029 0.03994196 -0.7620832 0.646246 0.2864527 -0.7462387 0.6008932 0.4466678 -0.5515872 0.7044427 0.6052829 -0.3239014 0.7271318 0.5775037 0.3362509 0.7439253 0.4039759 0.6220723 0.6706933 0.1459105 0.5445374 0.8259474 -0.03805166 0.7260572 0.6865807 0.09221565 0.6615673 0.7441942 0.5829479 0.3450939 0.7355828 0.4567855 -0.3407905 0.8217111 -0.1660701 -0.5851395 0.7937459 -0.6076332 -0.2112495 0.765608 -0.5087698 0.3581935 0.7828479 -0.2065032 -0.7071088 -0.6762793 -0.7279483 0.04454058 -0.6841837 -0.5337778 0.49622 -0.684724 -0.2894904 0.6634311 -0.6899671 0.02986806 0.7171302 -0.6962989 0.4153854 0.5865827 -0.6952522 0.676065 0.2450572 -0.6948979 0.6224572 -0.4096332 -0.6668941 0.2446607 -0.6962351 -0.6748318 0.6954596 0.1880646 -0.6935183 0.6749287 -0.114017 -0.7290208 0.6919276 -0.1702771 -0.7015997 -0.5263122 -0.4860834 -0.6976521 -0.6848372 -0.1411752 -0.71489 -0.6365035 -0.3583474 -0.6829718 0.4269036 -0.5404086 -0.7250599 0.6756719 0.2454701 -0.6951344 0.3962559 0.590733 -0.7028627 -0.05851024 0.6866039 -0.7246736 -0.5561013 0.4163656 -0.719299 -0.6877321 -0.07579594 -0.7219969 -0.4179035 -0.5392353 -0.7311511 0.02925115 -0.6878756 -0.725239 -0.8457607 -0.5269552 0.08370929 -0.8188527 0.5731063 -0.03208875 0.05879205 0.9982703 -3.62948e-4 0.1210756 0.9924597 -0.01908963 0.905901 0.4225817 0.02771568 0.8410075 -0.5407927 -0.01580083 0.193695 -0.9801138 0.04311752 0.7970306 -0.6024651 -0.0421698 0.8638376 0.503761 -0.003108918 -0.7376582 0.6735807 0.04636442 -0.9504662 -0.3083993 -0.03878301 -0.2613136 -0.9634725 -0.05861854 0.03435707 0.9957259 0.08572983 0.3863431 0.9182242 0.08719843 0.5765076 0.8046672 -0.1419491 0.8029538 0.5888106 0.09256041 0.903317 0.4090703 -0.1291517 0.01944792 0.9982527 -0.05579829 -0.3778006 0.9200276 -0.1040009 9.4459e-5 5.45555e-4 -0.9999998 -3.72963e-4 -0.007327437 -0.9999732 0.002756059 0.003196179 -0.9999911 0.006425142 0.00280404 -0.9999755 0.003857672 -0.001867949 -0.9999908 -0.01280981 -0.009657621 -0.9998714 -0.009320497 -0.003591299 -0.9999501 -0.002885997 -0.003236174 -0.9999907 0.01588559 -0.02187716 -0.9996345 0.009428858 0.003685414 -0.9999489 -0.00641793 -0.002803206 -0.9999756 -0.005722463 8.41974e-4 -0.9999834 0.002815425 -2.47153e-4 -0.999996 -0.01587259 0.02186089 -0.9996351 0.01273155 0.01005548 -0.9998685 1.77714e-4 0.002773702 -0.9999961 -9.34479e-4 -0.001440584 -0.9999986 0.1608989 0.3443539 -0.9249497 -9.88349e-4 -4.70327e-4 -0.9999995 0.001320838 -8.29046e-4 -0.9999989 0.00581175 -0.01165533 -0.9999152 -1.52038e-4 4.31342e-4 -1 0.001067638 2.89665e-5 -0.9999995 -1.44821e-4 7.17962e-4 -0.9999998 -0.1608989 -0.3443539 -0.9249497 -3.52882e-4 -1.29448e-4 -1 -0.3444289 0.1608382 -0.9249324 -7.28598e-4 -5.72635e-6 -0.9999998 5.05427e-5 3.3992e-4 -1 -3.94788e-5 5.62857e-4 -0.9999999 -0.001318454 8.28061e-4 -0.9999989 3.52882e-4 1.29448e-4 -1 0.3444289 -0.1608382 -0.9249324 -0.001067638 -2.89665e-5 -0.9999995 -4.21413e-4 4.43373e-5 -1 -2.59911e-4 9.99155e-4 -0.9999995 8.0828e-5 3.46159e-4 -1 5.64451e-4 1.3669e-6 -0.9999999 3.50757e-4 1.23319e-4 -1 4.21413e-4 -4.43373e-5 -1 2.59911e-4 -9.99155e-4 -0.9999995 0 0 -1 0.008711993 -0.007051467 -0.9999372 9.0636e-4 0.0014593 -0.9999985 1.51173e-4 -4.30969e-4 -1 3.94788e-5 -5.62857e-4 -0.9999999 -4.21813e-5 6.39261e-4 -0.9999998 -5.93101e-5 3.94304e-5 -1 -3.50757e-4 -1.23319e-4 -1 -8.17258e-5 -1.68875e-5 -1 3.78496e-4 -8.2456e-5 -1 -5.05427e-5 -3.3992e-4 -1 7.12037e-5 -4.73744e-5 -1 -3.78496e-4 8.2456e-5 -1 -8.0828e-5 -3.46159e-4 -1 5.12916e-4 -0.00110042 -0.9999993 -0.003933429 0.01380252 -0.9998971 9.8071e-5 2.02897e-5 -1 -0.002723455 9.61921e-5 -0.9999963 9.55714e-5 4.56984e-5 -1 2.22182e-6 -0.002666413 -0.9999965 0.8582903 0.5117092 -0.03862053 -0.2020196 0.9778721 0.05435174 -0.9527439 0.3036507 0.008679926 0.9447865 -0.3251283 0.04086816 -0.1903024 -0.9798425 -0.06077742 -0.8141875 -0.5798931 0.02868604 0.2155074 -0.9730849 0.08162391 0.7769676 -0.6250098 -0.07539302 -0.9034951 -0.4282432 -0.01744771 -0.9534549 0.3014317 0.007931947 -0.4217273 0.906686 -0.008167684 0.3012836 0.9522509 -0.0494616 0.9317033 0.3612608 0.03767704 -0.6267696 0.4804689 0.6134407 -0.656875 0.1760118 0.733168 -0.7407792 -0.03882038 0.670626 -0.5909495 -0.2268459 0.7741574 -0.58149 -0.4708712 0.6634379 -0.4110904 -0.6330284 0.6559572 -0.1542977 -0.5758483 0.8028643 0.03886699 -0.741612 0.6697022 0.2857525 -0.7444067 0.6034933 0.4617231 -0.5701829 0.6794875 0.5423715 -0.3522195 0.7627416 0.731172 -0.1959191 0.6534548 0.7449101 0.03904002 0.6660217 0.5904515 0.226655 0.7745932 0.5822665 0.471521 0.6622943 0.4111217 0.6330589 0.6559081 0.06059366 0.8027133 0.5932791 0.1954174 0.6274006 0.7537776 0.585186 0.2162666 0.7815281 0.4873973 -0.3602977 0.7953802 -0.1317157 -0.6224465 0.7714994 -0.6180568 -0.2846393 0.7327935 -0.6274013 0.195417 0.7537771 -0.2274484 0.4963903 0.8377733 0.05447381 0.1549921 -0.9864128 0.06692326 0.0152961 -0.997641 0.3517817 -0.08740639 -0.9319924 0.07217693 -0.1382006 -0.9877709 0.01810538 -0.09735101 -0.9950854 -0.08025914 -0.3232343 -0.9429094 -0.06692326 -0.0152961 -0.997641 -0.351748 0.08739417 -0.9320062 -0.03162199 0.1456011 -0.9888379 0.03017842 0.4219133 -0.9061338 0.1043244 0.197755 -0.9746842 0.320894 0.2310191 -0.9185082 0.4739047 0.1402428 -0.8693367 0.289097 -0.08202207 -0.9537795 0.1404024 -0.4936408 -0.8582575 -0.03017842 -0.4219133 -0.9061338 -0.1043244 -0.197755 -0.9746842 -0.320894 -0.2310191 -0.9185082 -0.4739047 -0.1402428 -0.8693367 -0.2890805 0.0820139 -0.9537853 -0.1404024 0.4936408 -0.8582575 0.07179248 0.7892829 -0.6098184 0.5806031 0.4156675 -0.7000861 0.7254245 0.224649 -0.6506091 0.6094936 -0.04470276 -0.7915297 0.3675605 -0.1162189 -0.9227094 0.4441344 -0.4641669 -0.7663509 0.2667052 -0.4920126 -0.8287292 -0.07179248 -0.7892829 -0.6098184 -0.5806031 -0.4156675 -0.7000861 -0.7254245 -0.224649 -0.6506091 -0.6094936 0.04470276 -0.7915297 -0.3675606 0.1162198 -0.9227092 -0.4441344 0.4641669 -0.7663509 -0.2667052 0.4920126 -0.8287292 -0.1057679 0.759087 -0.6423397 0.2865095 0.7640907 -0.5779946 0.7634409 0.06906425 -0.6421746 0.7583171 -0.2492289 -0.602362 0.6107838 -0.3987492 -0.6840631 0.403307 -0.7829607 -0.4736202 0.1057679 -0.759087 -0.6423397 -0.2865094 -0.7640907 -0.5779947 -0.7634409 -0.06906425 -0.6421746 -0.7583171 0.2492289 -0.602362 -0.6107838 0.3987492 -0.6840631 -0.403307 0.7829607 -0.4736202 -0.13489 0.9463319 -0.2937018 0.0448057 0.9192167 -0.3911947 0.2706399 0.9032441 -0.3330228 0.3922855 0.7905912 -0.470189 0.5766208 0.7115761 -0.4014572 0.6830331 0.6107975 -0.40049 0.7917994 0.4674958 -0.3930667 0.8301543 0.3074035 -0.4651314 0.9284343 0.09810262 -0.3583093 0.9142757 -0.09475618 -0.3938544 0.8888707 -0.333233 -0.3144275 0.8207448 -0.4354355 -0.3698295 0.6531018 -0.5501733 -0.5203532 0.5946117 -0.725806 -0.345894 0.4164482 -0.8377619 -0.3531658 0.2786555 -0.753015 -0.5960869 0.13489 -0.9463319 -0.2937018 -0.0448057 -0.9192167 -0.3911947 -0.2712334 -0.9042498 -0.3297952 -0.392575 -0.79305 -0.465786 -0.5769988 -0.7120081 -0.400146 -0.6830331 -0.6107975 -0.40049 -0.7917994 -0.4674958 -0.3930667 -0.8528938 -0.316608 -0.4151284 -0.9591352 -0.09409296 -0.2668448 -0.9142757 0.09475618 -0.3938544 -0.8882372 0.3327285 -0.3167435 -0.8207386 0.4354351 -0.3698438 -0.6531018 0.5501733 -0.5203532 -0.5946117 0.725806 -0.345894 -0.4164482 0.8377619 -0.3531658 -0.2786555 0.753015 -0.5960869 0.560108 -0.3163956 -0.7656194 0.5566839 -0.394166 -0.7312566 0.4632065 -0.362254 -0.8088337 -0.05341017 -0.148191 -0.9875155 -0.1251742 -0.3517942 -0.9276704 -0.3391749 -0.5578576 -0.7574665 -0.3553069 -0.6018223 -0.7152391 -0.3353455 -0.4510736 -0.8270888 -0.5601079 0.3163931 -0.7656204 -0.5566839 0.394166 -0.7312566 -0.4632065 0.362254 -0.8088337 0.05341625 0.1482198 -0.9875108 0.125178 0.3518009 -0.9276673 0.3391762 0.5578604 -0.7574638 0.3553068 0.6018226 -0.7152389 0.3353455 0.4510736 -0.8270888 0.4486719 0.4325644 -0.7820368 -0.4486719 -0.4325644 -0.7820368 -0.2446582 0.9000932 -0.36052 -0.4161726 0.8385651 -0.3515809 -0.5125856 0.7380689 -0.4387601 -0.668493 0.6656469 -0.3317096 -0.7150432 0.5240186 -0.4627287 -0.8159999 0.4024634 -0.4149308 -0.8708738 0.2793295 -0.404418 -0.9464601 0.1259497 -0.2972371 -0.909372 -0.01398742 -0.4157487 -0.8839533 -0.1736158 -0.4341477 -0.8689667 -0.3080654 -0.3872889 -0.7891179 -0.4680919 -0.3977224 -0.6890468 -0.6097618 -0.3916696 -0.5934587 -0.7133815 -0.3726842 -0.4391263 -0.8193055 -0.3686551 -0.2438264 -0.8884439 -0.3888651 -0.07012861 -0.9481209 -0.3100787 0.07087194 -0.9083329 -0.4121998 0.2446582 -0.9000932 -0.36052 0.4161726 -0.8385651 -0.3515809 0.5125856 -0.7380689 -0.4387601 0.668479 -0.6667878 -0.3294388 0.7170543 -0.5238388 -0.459811 0.8162111 -0.403722 -0.4132893 0.871605 -0.2770998 -0.4043765 0.9286975 -0.1076471 -0.3548706 0.9356749 0.09331035 -0.3403025 0.8750848 0.2918587 -0.3860636 0.7891179 0.4680919 -0.3977224 0.6853314 0.6104117 -0.397138 0.5942179 0.7131416 -0.3719331 0.4399271 0.8184403 -0.3696212 0.2451426 0.8881127 -0.3887945 0.07012861 0.9481209 -0.3100787 -0.07087194 0.9083329 -0.4121998 -0.761948 0.1070017 -0.6387377 -0.6667256 -0.1041993 -0.7379835 -0.3864217 -0.4879482 -0.782678 -0.1569396 -0.6578625 -0.7366051 -0.06207543 -0.7666959 -0.6390025 0.146927 -0.651698 -0.7441117 0.761948 -0.1070017 -0.6387377 0.6667256 0.1041993 -0.7379835 0.3864217 0.4879482 -0.782678 0.1569396 0.6578625 -0.7366051 0.06207543 0.7666959 -0.6390025 -0.146927 0.651698 -0.7441117 -0.1363438 0.6366487 -0.7590053 -0.2839602 0.5800394 -0.7634927 -0.373097 0.4424909 -0.8154757 -0.570159 0.2311188 -0.7883546 -0.6302647 -0.2285227 -0.7419863 -0.523302 -0.3179746 -0.7905994 -0.4527223 -0.4115098 -0.7910135 -0.1557528 -0.3999954 -0.9031859 0.1363438 -0.6366487 -0.7590053 0.2839602 -0.5800394 -0.7634927 0.373097 -0.4424909 -0.8154757 0.570159 -0.2311188 -0.7883546 0.6302647 0.2285227 -0.7419863 0.523302 0.3179746 -0.7905994 0.4527223 0.4115098 -0.7910135 0.1557533 0.3999961 -0.9031855 -0.1146745 0.09042495 -0.9892792 -0.4937251 0.05818969 -0.867669 -0.3556811 -0.03932547 -0.9337797 -0.3599492 -0.1296574 -0.9239186 -0.3318042 -0.2366398 -0.9131855 -0.1568926 -0.4059971 -0.9003062 -0.04035437 -0.4565705 -0.8887716 0.05479985 -0.3887919 -0.9196945 0.1146745 -0.09042495 -0.9892792 0.4937251 -0.05818969 -0.867669 0.3556811 0.03932547 -0.9337797 0.3599492 0.1296574 -0.9239186 0.3318042 0.2366398 -0.9131855 0.1568925 0.4059965 -0.9003064 0.04035437 0.4565705 -0.8887716 -0.05479985 0.3887919 -0.9196945 -0.01298171 0.1014247 -0.9947586 -0.05233597 0.1011471 -0.993494 -0.1611914 0.1602473 -0.9738265 -0.09581619 -0.002542674 -0.9953958 -0.09037595 -0.02689129 -0.9955446 -0.09834116 -0.08090728 -0.9918584 -0.00561881 -0.09230881 -0.9957146 0.01625335 -0.1116399 -0.9936158 0.07200175 -0.1370573 -0.9879429 0.1540218 -0.149446 -0.9767002 0.09581619 0.002542674 -0.9953958 0.09037595 0.02689129 -0.9955446 0.09834116 0.08090728 -0.9918584 0.004216372 0.07342648 -0.9972918 0.8451026 -0.5323089 -0.0494877 0.8066446 -0.5780825 -0.1230659 0.571726 -0.8163996 0.08137023 0.407435 -0.9023361 -0.1406643 0.9993074 -0.02699232 0.02561837 -0.4096386 -0.6224462 -0.6669009 -0.6962365 -0.2446546 -0.6748325 -0.7071096 0.2064975 -0.6762802 0.04454022 0.7279488 -0.6841833 0.5225799 0.5251631 -0.6716503 0.6905857 0.2072765 -0.6929126 0.7259973 0.02007699 -0.6874045 0.5865817 -0.4153861 -0.6952528 0.2450567 -0.6760652 -0.6948979 0.1880671 -0.6954644 -0.6935129 -0.1139875 -0.6749185 -0.729035 -0.1702767 -0.6919269 -0.7016003 -0.4860803 0.5263164 -0.6976512 -0.1411669 0.6848458 -0.7148833 -0.3583478 0.6365024 -0.6829727 0.2454705 -0.6756702 -0.695136 0.5907334 -0.3962557 -0.7028623 0.7096447 0.0607407 -0.7019366 0.4163652 0.5561026 -0.7192983 -0.0757966 0.6877303 -0.7219986 -0.5392377 0.417904 -0.7311491 -0.6878754 -0.02925169 -0.7252392 -0.5404099 -0.4269043 -0.7250586 0.2290197 0.9642284 -0.1334681 0.7919097 0.5487143 -0.2679396 0.8877955 -0.4014306 -0.2251063 0.2873634 -0.9567443 -0.04541736 -0.6567621 -0.7209944 -0.2209768 -0.9988629 0.02235132 -0.04211223 -0.4736075 0.8313522 -0.2907741 -0.7679998 0.573798 0.2844858 -0.9796475 -0.04165488 -0.1963561 -0.7777552 -0.6277951 0.03114962 -0.2551583 -0.9354855 0.2444612 0.3410668 -0.9195384 -0.1952499 0.8300493 -0.5567165 0.03293848 0.9494442 0.0883342 0.3012518 0.5943899 0.7844347 0.1770961 -0.09208691 0.9794415 0.1794841 -0.5269151 0.8457879 0.08368724 0.5731078 0.8188517 -0.03208661 0.9935228 -0.1135751 -0.003656685 0.9925916 -0.1213331 -0.00634402 0.1150397 -0.9889715 0.09328037 -0.9457628 -0.3170603 0.07075071 -0.6012278 -0.7952998 -0.07761037 0.5033974 -0.8635387 -0.02986741 0.6735804 0.7376585 0.04636299 -0.3084008 0.9504656 -0.03878432 -0.9634714 0.2613151 -0.05862814 -0.01019203 0.02355253 0.9996707 -0.006436049 -0.02029347 0.9997735 -0.009249389 0.01422911 0.9998561 -0.01058614 -0.05584836 0.9983831 -0.2381166 0.6203116 0.7473379 -0.4786119 0.5910381 0.649311 -0.6167674 0.4005259 0.677626 -0.5979739 0.1602276 0.7853372 -0.7620745 -0.03994649 0.6462559 -0.7462528 -0.2864508 0.6008766 -0.5516082 -0.4466887 0.704413 -0.3238866 -0.6052592 0.727158 0.3362688 -0.5775325 0.7438949 0.6220694 -0.4039714 0.6706988 0.5445455 -0.1459123 0.8259418 0.7260562 0.03805524 0.6865816 0.7519042 0.2886264 0.5927351 0.5891222 0.4770613 0.6521868 0.352026 0.542069 0.7630459 0.1945312 0.7259979 0.6596095 -0.03908288 0.7457249 0.6651067 0.3581941 0.5087615 0.782853 0.6615245 -0.09223592 0.7442297 0.34512 -0.5829861 0.7355403 -0.3407701 -0.4567916 0.821716 -0.5851344 0.1660445 0.7937551 -0.2112483 0.6076333 0.7656083 -0.1220674 0.9891661 -0.08154892 0.0750758 0.9970307 0.01712906 0.1847987 0.9805914 -0.06549894 0.4107581 0.9102723 -0.05178958 0.4732813 0.8807157 0.01857346 0.6239711 0.7801092 -0.04571437 0.6406719 0.7674732 -0.02290093 0.7460372 0.6657831 -0.01270616 0.7608732 0.6480358 -0.03349238 0.8685232 0.4954888 -0.0125845 0.8593862 0.5098294 -0.03910893 0.9681136 0.2423043 -0.06360048 0.9979999 0.01695239 -0.06090164 0.9952254 0.0972616 0.008158862 0.9930746 -0.1140829 0.02807307 0.9570476 -0.2799545 -0.07540237 0.8976725 -0.4401115 0.02204543 0.8139104 -0.5763767 -0.07307243 0.7119718 -0.7018096 0.02365458 0.6059296 -0.793535 -0.05613911 0.4460009 -0.8948172 -0.01963067 0.413731 -0.9087113 -0.05541253 0.1220673 -0.989166 -0.08154904 -0.07507586 -0.9970307 0.01712912 -0.1840505 -0.9807698 -0.06493091 -0.3969135 -0.9167208 -0.0456385 -0.4720296 -0.8811694 0.0269891 -0.6413096 -0.7672624 0.005523979 -0.7450569 -0.6666855 -0.02051573 -0.7703696 -0.634059 -0.06708097 -0.8597025 -0.5100267 0.02800798 -0.9182239 -0.3915229 -0.05978989 -0.9809973 -0.1913346 -0.03217953 -0.9832018 -0.1754264 -0.05039918 -0.9890923 0.1318846 -0.06559658 -0.9895917 0.1297535 -0.0622273 -0.8952893 0.4412011 -0.0616346 -0.8975386 0.4374884 -0.05503052 -0.7092954 0.7042406 -0.03074616 -0.4447352 0.8928332 -0.07112962 -0.4437564 0.893183 -0.07283174 -0.2639369 0.9641373 0.02786993 -0.5706509 0.8206987 0.02848339 -0.7249732 0.6858813 -0.06309473 -0.8030301 0.5958121 0.01227849 -0.9518878 0.3058012 0.01988196 -0.9996852 -0.01582002 0.01947325 -0.9419255 -0.3357148 -0.008480608 -0.5942738 -0.802933 -0.04623097 -0.266324 -0.963815 0.01150441 0.07577842 -0.9968475 -0.02351099 0.2639369 -0.9641373 0.02786993 0.5707967 -0.8209866 -0.01311993 0.8013691 -0.5969036 -0.038908 0.9510011 -0.3069971 -0.03673934 0.947917 0.3179103 0.0196582 0.2653467 0.9640967 0.01042598 -0.07577842 0.9968475 -0.02351093 -4.59181e-6 2.93968e-6 1 -4.47287e-5 -3.09376e-5 1 -7.20684e-7 -2.27971e-5 1 4.57747e-7 0 1 -1.06615e-6 0 1 -1.95758e-7 0 1 4.68901e-6 0 1 1.70964e-6 1.99788e-5 1 -9.89309e-7 0 1 3.18142e-7 0 1 -7.43652e-7 0 1 6.00947e-7 0 1 -6.00203e-6 3.03747e-6 1 -5.71021e-6 1.01815e-6 1 1.71883e-7 0 1 2.45505e-6 -1.4752e-6 1 -6.09265e-6 1.7023e-6 1 -8.49161e-7 -7.19094e-7 1 -3.47233e-7 -1.51421e-6 1 -6.27905e-6 3.24895e-6 1 -4.44356e-7 0 1 -4.63551e-7 0 1 -2.65546e-6 5.95082e-6 1 -3.09656e-6 7.59776e-7 1 9.81974e-6 9.85041e-6 1 9.89951e-6 9.83518e-6 1 -7.52844e-7 2.7915e-5 1 1.8683e-7 0 1 0 0 1 0 0 1 9.59517e-6 -1.22506e-5 1 3.48799e-7 0 1 5.37702e-6 -8.065e-6 1 1.37691e-7 0 1 2.35561e-5 3.63511e-6 1 -6.31416e-7 -3.1428e-6 1 -1.05507e-6 -1.6449e-6 1 -6.90618e-7 1.83276e-6 1 -8.26496e-7 8.16811e-7 1 -9.19687e-7 5.10113e-7 1 1.21012e-5 2.32259e-5 1 7.34225e-6 1.34267e-6 1 7.42289e-5 2.65282e-5 1 -3.2452e-6 1.27711e-5 1 1.03108e-5 -8.47877e-6 1 -2.05928e-6 1.77527e-6 1 -3.00442e-6 -2.76589e-6 1 1.43203e-7 0 1 -2.14674e-5 -1.48712e-5 1 4.97318e-7 2.66898e-6 1 1.59093e-7 0 1 -2.52001e-5 5.92594e-5 1 0 0 1 -4.64927e-6 -4.16747e-5 1 0.4584384 -0.8882729 0.02838295 0.6872529 -0.7236999 0.06278502 0.8913921 -0.4483569 0.06630545 0.9822275 -0.1816852 -0.04711413 0.9813274 0.1894422 0.03329241 0.8339846 0.5477896 0.06630504 0.6686841 0.7426496 -0.03651326 0.4768474 0.8789861 0 0.1230766 0.9918386 0.03329217 -0.2918633 0.9558749 0.03345215 -0.6554318 0.7546039 0.03134053 -0.901341 0.4217136 0.09870165 -0.9966903 0.04703235 0.06630498 -0.9712076 -0.2335299 -0.04711449 -0.8194341 -0.572206 0.03329247 -0.5158531 -0.8560299 0.03329205 -0.1512297 -0.9880911 0.02838397 0.1308776 -0.9913986 0 0.1512297 -0.9880911 -0.02838397 -0.1308776 -0.9913986 0 -0.4834175 -0.8747567 -0.03329223 -0.7974194 -0.6025064 -0.03329288 -0.9735403 -0.226077 -0.03329271 -0.9770773 0.1886218 -0.09870111 -0.8339846 0.5477896 -0.06630504 -0.6483214 0.7599033 0.04718458 -0.3238289 0.9457463 -0.02643764 0.08582806 0.9957536 -0.03329181 0.4584384 0.8882729 -0.02838295 0.6886116 0.7251304 0 0.8913919 0.4483574 -0.06630516 0.9822276 0.1816846 0.04711455 0.9813274 -0.1894422 -0.03329241 0.8158852 -0.5697277 -0.09870105 0.5151396 -0.854846 -0.06220614 0.6065793 -0.7944899 0.02911078 0.9709692 -0.2389002 -0.01207411 0.8306977 0.5563182 0.02125054 0.2863187 0.9580699 0.01112753 -0.3315033 0.9433884 0.01112824 -0.8496136 0.5272462 0.01297539 -0.9281649 -0.3712126 0.02667105 -0.09848779 -0.9921178 0.0774765 -0.4652966 -0.8821325 -0.07308602 -0.9395495 -0.3386771 0.050444 -0.8842977 0.4664398 -0.02125042 -0.3848956 0.9228931 -0.01112782 0.2310769 0.9728719 -0.01112675 0.7898464 0.6131676 -0.01297551 0.975367 -0.2192929 -0.02387309 0.3952533 -0.9164989 -0.06168133 0.6377902 -0.7655377 0.08470964 0.9756699 0.2132795 0.0507965 0.527247 0.8496131 0.01297473 -0.2723897 0.9619524 0.02125048 -0.8485481 0.5265871 0.05169248 -0.9465034 -0.3198426 0.04280406 -0.2977707 -0.9543389 0.02387231 -0.1599174 -0.9853598 -0.05909699 -0.8971351 -0.4412448 -0.02125048 -0.9591199 0.2782394 -0.05169188 -0.3956445 0.9174058 -0.04280465 0.4664396 0.8842977 -0.02125042 0.9406679 0.3390806 -0.01297575 0.8280111 -0.554276 -0.08471 0.6447469 -0.7635708 0.03551399 0.997742 0.06624507 -0.01107239 0.401201 0.9152953 0.03567045 -0.3315097 0.9434086 -0.009040653 -0.8496128 0.5272474 0.01297539 -0.925158 -0.3700096 0.08470922 -0.09837222 -0.9909532 0.09129488 -0.7419954 -0.659691 -0.1193765 -0.9100059 0.4114719 -0.05079656 -0.339082 0.9406675 -0.01297497 0.5097438 0.8594918 -0.03788506 0.9992007 0.03841137 0.01107251 0.3988179 -0.9111424 -0.1037497 0.3200461 -0.9471012 0.02387303 0.969094 -0.2452461 0.02667087 0.6970112 0.7163406 0.03211843 0.1732131 0.9846848 -0.01983213 -0.639864 0.7680252 0.02667087 -0.9764755 -0.2134559 0.03053545 -0.5272468 -0.8496133 0.01297551 -0.4664391 -0.884298 -0.02125048 -0.9576249 -0.2876291 -0.01497668 -0.7040134 0.7093976 -0.03347009 0.1703465 0.9851551 -0.02125024 0.7894137 0.6128334 -0.03551483 0.9756122 -0.2193481 0.008203268 0.3958947 -0.9179856 -0.02387273 0.5561506 -0.8304466 0.03248578 0.9709693 -0.2388997 -0.01207429 0.8018485 0.5970504 0.02387261 -0.06602036 0.9943642 0.08295369 -0.9295555 0.3527644 0.1071627 -0.830446 -0.5561513 0.03248578 -0.2388997 -0.9709693 -0.01207375 -0.2785905 -0.9603341 0.01207429 -0.93525 -0.3441311 -0.08295375 -0.7003526 0.705707 -0.1071626 0.1702947 0.9848576 -0.03248602 0.7898564 0.6131731 0.01207447 0.9753667 -0.2192945 -0.02387332 0.4411122 -0.8968639 -0.03248578 0.5042648 -0.8618815 0.05364191 0.970427 -0.2387679 0.03551441 0.8308723 0.5564356 -0.005557119 0.2863191 0.9580698 0.01112759 -0.3308573 0.941549 0.06339514 -0.8486019 0.5266216 -0.05044436 -0.961952 -0.2723908 0.02125036 -0.4804446 -0.8768973 0.01497697 -0.4665381 -0.8844836 0.005556702 -0.9406679 -0.3390804 -0.01297551 -0.8307025 0.5560776 -0.02667087 0.1100799 0.9921966 -0.05855208 0.8218738 0.5694729 -0.01497632 0.90987 -0.4114113 -0.05364221 0.3388966 -0.9401531 -0.03551441 0.3195264 -0.9455677 0.06168097 0.9537363 -0.297582 0.04280436 0.7680264 0.6398626 0.02667111 -0.213455 0.9764756 0.03053545 -0.8227009 0.5683657 0.01112717 -0.9960101 -0.07274639 0.051692 -0.5758128 -0.8123801 0.09207797 -0.02232301 -0.9974948 -0.06712675 -0.8885563 -0.4484876 -0.09657466 -0.8839501 0.4662561 -0.03517603 -0.2876276 0.9576252 -0.01497656 0.7093985 0.7040125 -0.03346973 0.9851553 -0.1703452 -0.02125054 0.6506479 -0.7580852 -0.04431933 0.3198429 -0.9465032 0.04280447 0.9383432 -0.3450513 0.02125036 0.904115 0.427027 0.01497662 -0.006285846 0.9993116 0.03656554 -0.9523445 0.3028253 0.03656506 -0.6244555 -0.7771741 0.07781976 -0.2308623 -0.9719766 -0.04431951 -0.7894141 -0.612833 -0.03551441 -0.9621657 0.2722401 0.01107263 -0.09820401 0.9944944 -0.0365653 0.8684923 0.4947616 -0.03053534 0.9603232 -0.2785878 -0.01297527 0.4412459 -0.8971347 -0.02125078 0.2134557 -0.9764754 0.03053575 0.8210971 -0.5672572 0.06339436 0.9960736 0.07275259 -0.05044412 0.5765793 0.8134655 0.07635712 -0.2717247 0.9595957 0.07308679 -0.8754571 0.4796541 -0.05922013 -0.8047649 -0.5924666 0.03656601 -0.7468397 -0.6639981 -0.03656613 -0.8622856 0.5051007 -0.036565 0.2125918 0.9701161 -0.1169595 0.99286 0.09804266 -0.0679472 0.3994901 -0.9126757 -0.08620244 0.6065831 -0.7944871 0.02911156 0.9580896 -0.2863262 -0.0090397 0.9026054 0.4263142 0.0596652 -0.006275534 0.9976692 0.06794673 -0.9344151 0.3546101 0.03346967 -0.8018482 -0.5970507 0.02387261 -0.03817373 -0.9983306 0.04334521 -0.2309917 -0.9725202 -0.02911144 -0.7898561 -0.6131734 0.01207429 -0.961882 0.2721615 -0.02667123 -0.1525841 0.9877236 -0.03346937 0.7487401 0.6584513 -0.07635664 0.9747511 -0.2191535 -0.04280406 0.4409312 -0.8964937 -0.04334509 0.9146956 -0.4009385 0.05079662 0.9259423 0.3774424 0.01297545 0.3449478 0.9380596 0.03248596 -0.3774485 0.9259519 -0.01207447 -0.9690939 0.2452461 0.02667087 -0.6648241 -0.7469887 0.004124879 0.1266015 -0.9907447 0.04895889 -0.7092254 -0.7038416 -0.04008138 -0.9756122 0.2193481 0.008203268 -0.3958948 0.9179855 -0.02387279 0.4662982 0.884031 -0.0324856 0.9229124 0.3849041 0.009039878 0.9603231 -0.2785879 -0.01297563 0.3440802 -0.9351113 -0.08470952 0.7791013 -0.626004 0.03347003 0.9471012 0.3200464 0.02387267 0.3451199 0.9385258 0.007843852 -0.4265622 0.9031322 0.04895889 -0.9976692 -0.006276011 0.06794679 -0.3028256 -0.9523443 0.03656524 -0.2139177 -0.9761672 -0.0365653 -0.9877237 -0.1525834 -0.03346979 -0.6162046 0.7830174 -0.08470958 0.4117411 0.9106026 -0.03567057 0.9406785 0.3390843 0.01207458 0.8307023 -0.5560778 -0.02667099 0.5554849 0.8298179 -0.05328011 0.9725183 -0.2131176 -0.09375059 0.1520561 -0.9843016 -0.08960592 -0.7501786 -0.6597162 -0.04479551 -0.9732114 0.2188085 -0.07058668 -0.3946811 0.91517 -0.0817964 -0.7972682 0.5998545 0.06736624 -0.9984563 -0.04246026 0.03580731 -0.783208 -0.6215451 -0.01634359 -0.2680169 -0.9622023 0.04830896 0.3992016 -0.9156266 0.04760348 0.9457421 -0.3245292 -0.01590186 0.9346217 0.3482342 0.07221704 0.5520116 0.8319505 -0.05605131 -0.09670752 0.9936956 0.05671715 -0.09041512 -0.8962062 -0.4343268 -0.8087797 -0.3836195 -0.4457708 -0.8243451 0.3627548 -0.4345853 -0.006093859 0.9686982 -0.2481667 0.919657 0.3050438 -0.2473444 0.6396625 -0.6764612 -0.3650099 0.2393271 -0.5566473 -0.795529 0.4977833 -0.1675161 -0.8509702 0.8568887 0.3192718 -0.4047312 0.3031236 0.4568448 -0.8363068 -0.0767517 0.812741 -0.5775476 -0.4790167 0.3565028 -0.8021526 -0.6260995 -0.02662503 -0.7792885 -0.4810504 -0.3817564 -0.7892101 -0.1767737 -0.6346327 -0.7523248 0.411156 0.9093073 -0.06411856 0.9393323 0.3386043 -0.05479121 0.829819 -0.5554834 -0.05328142 -0.2131172 -0.9725183 -0.09375065 -0.9847351 -0.1521223 -0.08459049 -0.6182988 0.7856774 -0.02043622 -0.6615595 0.7469173 -0.06673663 -0.9975629 0.06816518 0.01489919 -0.8903002 -0.4532788 0.04363334 -0.3245287 -0.9457422 -0.01590114 0.3482338 -0.9346219 0.07221746 0.8319507 -0.5520115 -0.05604976 0.9936957 0.09670603 0.05671697 0.6007522 0.7986603 0.03519409 -0.04237669 0.9964883 0.07221722 -0.3433122 -0.7807916 -0.5220165 -0.7766312 -0.05171412 -0.6278294 -0.4791806 0.5674159 -0.6696456 0.03138971 0.8131996 -0.5811378 0.6550759 0.5536427 -0.514155 0.8884142 -0.0894733 -0.4502388 0.3213311 -0.6800032 -0.6590463 0.3193859 -0.857194 -0.4039943 0.4566274 -0.3029791 -0.8364778 0.6539744 0.06066995 -0.7540801 0.3547195 0.4766586 -0.8043449 -0.03027945 0.7120304 -0.7014954 -0.4704827 0.5348755 -0.7018221 -0.9975818 0.06793892 -0.01466047 -0.5186727 -0.2565648 -0.8155693 -0.2303786 -0.6791846 -0.6968744 1.42836e-5 1.62302e-5 -1 -6.08063e-5 -2.61575e-5 -1 -8.35099e-5 -4.44521e-5 -1 -5.5163e-5 -7.78265e-5 -1 -1.32499e-4 -9.75451e-5 -1 -3.90397e-5 1.37869e-4 -1 -5.65256e-5 3.09698e-5 -1 2.36921e-6 2.3624e-6 -1 -9.13596e-6 2.90504e-6 -1 4.02466e-6 1.90091e-6 -1 -2.43432e-6 3.38916e-6 -1 -5.75436e-7 5.25571e-6 -1 0 4.51098e-6 -1 -2.7141e-5 -2.26119e-5 -1 -1.30119e-5 -4.354e-5 -1 1.41036e-5 1.05015e-5 -1 -4.13501e-6 6.22793e-5 -1 -3.96007e-5 -1.33724e-5 -1 -3.09796e-5 7.83988e-6 -1 2.65784e-4 5.81001e-5 -1 3.17264e-5 5.11243e-5 -1 6.20837e-5 3.83934e-5 -1 -2.64455e-5 7.82591e-5 -1 1.26377e-4 -3.59643e-4 -1 9.83631e-4 3.91192e-5 -0.9999995 3.06843e-4 -1.90419e-4 -1 0.005186319 2.18323e-4 -0.9999865 0.002232968 1.9457e-4 -0.9999976 0.02230125 0.001196444 -0.9997507 -0.001547992 0.001500844 -0.9999977 -0.003502011 -0.00174278 -0.9999924 0.001467287 7.96353e-4 -0.9999986 0.02431446 -0.005840063 -0.9996873 -7.89869e-4 -0.004715442 -0.9999886 -0.006356 0.00123012 -0.9999791 0.003061175 -0.006308436 -0.9999755 -4.44311e-6 -7.45501e-6 -1 -7.24167e-7 3.50341e-7 -1 -4.88663e-7 5.8654e-7 -1 -3.42331e-6 -6.18364e-6 -1 -3.46491e-5 -1.17086e-5 -1 -2.52473e-6 -8.09162e-6 -1 2.82525e-6 -3.70047e-6 -1 -1.16122e-5 -1.73422e-5 -1 6.11013e-6 -1.50335e-6 -1 9.34968e-4 1.97015e-4 -0.9999997 9.77111e-6 -3.41156e-4 -1 -7.08425e-4 -6.03365e-4 -0.9999996 -1.6458e-4 -1.2231e-4 -1 1.14641e-4 0.004001438 -0.999992 -5.22669e-5 -9.88716e-4 -0.9999996 -5.98736e-4 -0.001119017 -0.9999993 -8.14502e-4 0.001065075 -0.9999991 -1.53805e-4 5.8229e-6 -1 -1.94785e-6 2.60013e-6 -1 1.32081e-5 4.15376e-5 -1 2.72068e-6 2.67353e-5 -1 -5.66914e-5 4.55513e-5 -1 3.86398e-5 2.42985e-7 -1 -1.90727e-6 4.03813e-6 -1 -2.22291e-5 1.04508e-5 -1 -2.77139e-5 7.0135e-6 -1 -3.6531e-5 8.96173e-5 -1 -1.00521e-6 -2.86474e-6 -1 -1.57839e-6 -1.77345e-6 -1 -2.2915e-5 1.8277e-5 -1 -4.77112e-5 3.16624e-5 -1 -1.19808e-5 -8.92086e-6 -1 -5.32006e-5 2.01897e-5 -1 -5.44149e-5 4.93302e-5 -1 -4.88302e-5 -2.6929e-5 -1 -7.76646e-5 3.7371e-5 -1 -2.39474e-4 0.001977205 -0.999998 1.11197e-5 2.60205e-5 -1 -3.1771e-5 1.533e-5 -1 -2.52383e-5 7.46871e-5 -1 -2.68999e-4 8.57081e-5 -1 -1.09878e-6 1.28842e-6 -1 -1.0824e-6 1.28189e-6 -1 -8.382e-5 5.64495e-5 -1 4.27656e-6 1.76607e-6 -1 4.64775e-6 1.85883e-6 -1 -0.01057255 5.21727e-5 -0.9999442 0.002283573 -0.004179775 -0.9999887 -0.004929125 0.00195384 -0.9999859 -0.004641115 8.58484e-4 -0.9999889 0.00129801 6.88235e-4 -0.9999989 -2.25292e-4 -4.34918e-5 -1 1.25032e-4 -4.09489e-4 -1 4.10393e-4 9.86803e-5 -1 0.002105355 -1.3268e-4 -0.9999978 0.003390908 0.002367854 -0.9999915 5.7424e-4 4.77219e-4 -0.9999998 -0.001470386 -4.56709e-5 -0.999999 0 1.01407e-6 -1 -2.49349e-4 7.78012e-5 -1 2.70655e-5 2.1693e-5 -1 -4.1301e-5 1.03475e-5 -1 7.36477e-6 1.72338e-5 -1 -1.43367e-5 0.002270638 -0.9999975 -0.006730139 -6.70004e-4 -0.9999772 -1.31248e-6 -7.23812e-7 -1 -7.2345e-6 1.29809e-4 -1 -4.31573e-4 -3.30923e-4 -1 -1.91501e-6 -1.92908e-5 -1 0.00121057 4.84168e-4 -0.9999992 -6.04393e-5 -4.04762e-5 -1 -1.39787e-5 5.19186e-5 -1 -1.69205e-7 2.5192e-6 -1 1.06362e-5 3.75402e-6 -1 5.04865e-5 -2.89987e-5 -1 0.6720241 0.7377482 -0.06411904 0.999441 0.03180426 -0.01030689 0.6158003 -0.7825048 -0.09206783 -0.4114704 -0.9100012 -0.05089342 -0.9406973 -0.3390908 -0.01030695 -0.8843799 0.4664829 -0.01630407 -0.2876414 0.9576654 -0.01181399 -0.3485965 0.9355955 -0.05604928 -0.8620156 0.5067824 0.01004588 -0.9558939 -0.2932198 0.01699858 -0.5067811 -0.8620163 0.01004552 0.2922835 -0.9535447 0.07295787 0.8327254 -0.5525273 0.03580772 0.9989636 0.04248118 -0.01634341 0.783286 0.6216035 0.008498668 0.2676303 0.9608114 0.07221817 -0.239183 -0.9446371 -0.2246159 -0.6111558 -0.2489492 -0.7513408 -0.7989125 0.2941495 -0.5246093 -0.2803934 0.6877214 -0.6696408 0.281084 0.7636601 -0.5812187 0.8645197 0.292502 -0.4087156 0.7255921 -0.5833925 -0.3649237 0.1576434 -0.5030777 -0.849742 0.6585255 -0.4369427 -0.6127197 0.6232897 0.02650624 -0.7815418 0.4745772 0.3766178 -0.7955725 0.1912315 0.6865348 -0.7014988 -0.2760457 0.7408756 -0.6122926 -0.531077 0.3156614 -0.7863301 -0.7777404 -0.2408723 -0.5806036 -0.3156614 -0.5310767 -0.7863305 0.2981735 -0.9545117 4.07981e-4 -0.2411835 -0.9704788 0.001205325 -0.7103171 -0.7038809 0.001205265 -0.9726338 -0.2323421 7.63403e-4 -0.951758 0.3068497 4.07985e-4 -0.6531621 0.7572181 4.09281e-4 -0.1628028 0.9866586 3.54917e-4 0.3710841 0.9285993 4.07989e-4 0.7995468 0.6006037 4.07981e-4 0.9952123 0.09773653 4.07979e-4 0.9166884 -0.3996029 3.47595e-4 0.7100182 -0.7041833 0 0.6906538 -0.7231855 -3.476e-4 0.9055109 -0.424323 0 0.9988226 0.04851132 -4.0798e-4 0.8282076 0.5604214 -4.07974e-4 0.4164515 0.9091579 -4.07974e-4 -0.1173541 0.99309 -4.09252e-4 -0.6177256 0.7863938 -3.54933e-4 -0.9354581 0.3534377 -4.07978e-4 -0.9891074 -0.1471957 -3.47596e-4 -0.8688505 -0.4950741 -7.61742e-4 -0.536369 -0.8439829 -0.001205325 -0.05712217 -0.9983669 -8.03574e-4 0.3079468 -0.9514034 5.77443e-4 5.0418e-5 0 1 1.25475e-6 0 1 4.63526e-5 0 1 2.37844e-5 0 1 -1.74871e-5 0 1 -7.04668e-5 0 1 1.19475e-5 0 1 1.38873e-5 0 1 -2.28924e-5 0 1 -0.5116706 0.8591817 4.29824e-4 -0.9067564 0.4216548 4.29822e-4 -0.9867233 -0.1624057 0.001265048 -0.7237828 -0.6900268 0.001265048 -0.2493313 -0.9684179 8.4136e-4 0.1539195 -0.9880832 -6.10352e-4 0.604436 -0.7966536 3.19306e-4 0.8681803 -0.4962483 7.9809e-4 0.9999077 0.01353007 0.001265048 0.8185415 0.5744463 0.001264989 0.3908826 0.9204403 8.41371e-4 -0.004327297 0.9999905 -6.08222e-4 0.00695008 0.9999759 -4.29821e-4 0.5690488 0.8223029 -0.001265048 0.9333896 0.3588626 -0.001264989 0.9733571 -0.2292914 -0.001265048 0.6744274 -0.7383408 -8.08692e-4 0.1392082 -0.9902631 -3.73409e-4 -0.4401347 -0.8979309 -0.001265048 -0.8694786 -0.4939692 -0.001264989 -0.9991744 0.0406183 -8.4136e-4 -0.9019432 0.4318543 6.08228e-4 -0.5575642 0.8301337 -4.29818e-4 2.44039e-6 0 -1 2.53206e-6 0 -1 -9.71441e-7 0 -1 1.07118e-6 0 -1 -1.10573e-6 0 -1 8.07961e-7 0 -1 -1.442e-6 0 -1 -0.5502687 0.7217013 -0.4199423 0.102766 0.8605152 -0.4989519 0.3554878 0.9336113 0.04470521 0.1474881 0.8874481 0.436673 -0.3798727 0.777297 0.5015038 -0.6796942 0.7116358 0.1777369 0.4682064 0.1451024 -0.8716238 -0.6706408 -0.1078886 -0.7338944 -0.9313217 -0.1757063 0.3190097 -0.3770401 -0.05350065 0.9246505 0.5786222 0.1452441 0.8025588 0.9693869 0.233617 0.07557779 0.9034641 0.174561 0.3915111 0.3580166 0.04852318 0.9324536 -0.5918881 -0.1477248 0.7923674 -0.9707314 -0.2339106 0.05446588 -0.5338075 -0.1239317 -0.8364751 0.4003012 0.1145356 -0.9091978 0.8720567 0.1484685 -0.4663415 -0.6220725 0.6304028 0.4643471 0.1449919 0.4438542 0.8842911 0.9703595 0.214683 0.1109671 0.3896467 0.1368476 -0.9107405 -0.9233869 -0.131002 -0.3608258 -0.3122951 0.8531423 -0.4178759 0.2544232 0.9383013 -0.2342212 0.3912858 0.8871696 0.2445925 0.0944938 0.7679773 0.633468 -0.6281785 0.07824999 0.7741245 -0.6847812 0.7278463 0.03625714 -0.2075662 0.9782207 8.11723e-4 -0.2075124 0.9782325 -1.94678e-4 -0.2043007 0.9789083 0 -0.1957019 0.9755129 -0.100376 -0.3026441 0.8883861 0.34522 -0.2048195 0.9787997 -2.92535e-4 -0.2060289 0.9785419 0.00278908 -0.3413406 0.7199876 0.6042388 -0.2079102 0.9781304 -0.005882024 -0.1979331 0.9801777 0.008626401 -0.1320363 0.9788897 -0.1560178 -0.2070164 0.9783375 2.39545e-4 -0.2087604 0.9779636 0.002538323 -0.2416953 0.9578075 0.1555253 -0.2065116 0.9784405 -0.002658486 -0.2079612 0.9781369 6.65408e-4 -0.2079089 0.9781479 8.02613e-4 -0.2080472 0.9781187 -5.32467e-4 -0.2627118 0.9644662 0.02806323 -0.2104055 0.9776142 4.57097e-4 -0.2043035 0.9788777 0.007669329 -0.2105663 0.9775781 0.001761913 -0.2087424 0.9779634 0.003771543 -0.2160333 0.976386 -1.61797e-7 -0.3025766 0.9530896 -0.008227646 -0.314908 0.9491222 0 -0.1077665 0.9941763 0 -0.1112418 0.9937895 0.002803623 -0.07195502 0.9973742 -0.008202254 -0.1242835 0.9920452 0.02000105 -0.33355 0.9426989 0.007959842 -0.3375308 0.9412983 0.005528569 -0.95645 0.2626886 0.1272715 -0.06464958 0.07626646 0.9949894 0.654855 0.7433331 0.136458 -0.2879365 0.2220119 -0.9315596 -0.6337325 0.7278506 -0.2619479 0.1945156 0.7353806 -0.6491373 0.8826704 0.4629892 0.08083325 0.06928133 0.8776087 0.474345 -0.4258897 0.7256669 0.5403939 -0.9708121 -0.09051376 0.2221066 0.3410402 0.1166028 -0.9327891 -0.5178329 -0.08780235 -0.8509641 -0.9764083 -0.181174 0.1174861 -0.1422481 0.01362347 0.9897373 0.9506088 0.2395139 0.1974235 0.973285 0.214253 0.08253496 0.4634115 0.06258821 0.8839302 -0.4284701 -0.105906 0.897328 -0.9544014 -0.1973993 0.2239452 -0.8456898 -0.2042888 -0.4930264 -0.3039817 -0.06858354 -0.9502061 0.6331461 0.1200979 -0.7646585 -0.4506268 0.7622678 -0.4646328 0.0167123 0.8522918 -0.5227997 0.4188749 0.9000419 0.1202847 -0.2493572 0.7738578 0.582207 -0.7260609 0.6843373 0.06721693 -0.6914535 0.1671088 0.7028276 0.1984248 0.6971037 0.688966 0.6274958 0.7774047 0.04348599 0.2922456 0.2863659 -0.9124621 -0.88545 0.148424 -0.4403961 -0.8589384 0.2544234 -0.4444025 -0.2907555 0.7954276 -0.5317482 0.2340486 0.757181 -0.6098346 0.5696537 0.8194079 0.06376093 0.249148 0.6497597 0.7181488 -0.4332612 0.7022345 0.564935 -0.7168591 0.6858749 0.1252546 0.3460033 0.09518861 -0.9333921 -0.5178323 -0.08780229 -0.8509644 -0.9764082 -0.1811746 0.1174854 -0.1422477 0.01362359 0.9897373 0.9506055 0.2395222 0.1974293 0.9732863 0.2142485 0.08253109 0.4634126 0.06258553 0.8839299 -0.4284681 -0.1059054 0.897329 -0.9544066 -0.1973941 0.2239277 -0.8456725 -0.20429 -0.4930553 -0.2163171 -0.06009542 -0.9744719 0.5342023 0.09675139 -0.8398019 -0.4506274 0.7622693 -0.4646296 0.01671236 0.8522961 -0.5227928 0.4188751 0.9000422 0.1202822 -0.2493571 0.7738583 0.5822066 -0.7260619 0.6843368 0.0672115 4.48773e-5 -2.15796e-4 -1 -3.61703e-5 3.5147e-5 -1 -1.68394e-5 1.5954e-5 -1 1.71817e-5 6.79063e-5 -1 5.93006e-6 0 -1 4.97475e-5 0 -1 1.13375e-6 0 -1 1.20196e-5 -6.80939e-6 -1 4.00951e-5 -7.07428e-5 -1 -2.77334e-5 -2.49162e-5 -1 -4.18583e-5 0 -1 0.282469 -0.9591762 -0.01386833 0.1446895 -0.9894164 -0.01096868 0.1144735 -0.9921797 0.04975181 0.2692881 -0.9629616 0.0137481 -0.2493548 -0.9659861 -0.06850749 -0.4475246 -0.8917232 0.06746482 0.9030486 -0.4293435 -0.01293367 0.6454908 -0.7635645 -0.01763474 0.6143096 -0.7889323 0.01447772 0.8817858 -0.4714166 0.01484549 -0.3208032 0.9469301 -0.02021521 -0.7567731 0.6536085 -0.00951308 -0.9443685 0.3283123 -0.01947569 -0.9956531 -0.0916742 -0.01646173 0.0268734 0.9993968 0.02200359 0.2415536 0.9690834 -0.05029183 0.7274977 0.6842719 -0.05019092 0.9785756 0.1874326 -0.08519881 0.9171067 -0.3985378 0.009115993 0.9487169 -0.305724 -0.08043175 0.7581646 -0.6514034 -0.02932989 0.6887565 -0.7248392 0.01492357 0.3204667 -0.9459266 -0.05023878 -0.1810626 -0.9818534 0.05639499 -0.5340197 -0.843051 -0.0639379 -0.703392 -0.7101143 0.0312615 -0.9192265 -0.3936407 0.008356034 -0.8662235 -0.4986238 -0.03211313 -0.6429976 -0.7231733 -0.2521399 -0.1846731 -0.9815856 0.04884415 0.3469848 -0.9378628 0.003862917 0.9940865 -0.08348137 0.06944769 0.9616901 0.2707819 0.04277014 0.6911607 0.7209563 0.05018937 0.2700804 0.9565546 -0.1098178 -0.9976154 0.06347447 0.02710199 -0.8128288 0.5821279 0.0208916 -0.3995937 0.9166403 0.009774148 -0.9360954 -0.3500019 -0.03498816 -0.960507 -0.2742647 0.04695922 -0.9577862 -0.2871775 -0.01322126 -0.9904127 -0.1337822 0.03442394 -0.9921553 -0.1248278 -0.006792604 -0.9587769 -0.2819867 -0.03507691 -0.9971306 -0.06714504 -0.03495872 -0.9902395 -0.1339207 0.03861624 -0.8951436 -0.4457687 0.002880752 -0.662714 -0.7453555 -0.07249426 -0.7505242 -0.6607956 -0.007910966 -0.8974587 -0.4410287 0.007853448 -1.34677e-5 0 -1 1.44993e-5 0 -1 1.49018e-5 0 -1 0 -1.286e-5 -1 3.88349e-6 1.39005e-5 -1 -0.9880674 -0.153833 0.007635712 -0.9657467 -0.2591414 -0.0133813 -0.9672423 -0.2517936 -0.03229045 -0.9876562 -0.1560648 0.0133807 -0.9931074 0.09943866 0.06204515 -0.966381 0.248987 -0.06413668 0.9680493 -0.2507382 -0.003310084 0.7612227 -0.6482235 -0.01861208 0.8065024 -0.5811388 -0.1087741 0.9611519 -0.2754351 0.01795876 1.37289e-4 3.01371e-5 -1 3.10545e-5 3.94262e-4 -1 -6.1282e-5 9.87929e-6 -1 0 5.12328e-5 -1 0 -2.16046e-5 -1 5.68974e-6 0 -1 -6.75987e-6 0 -1 3.52224e-5 3.59757e-5 -1 0.9561734 0.2925766 0.01147222 0.9795423 0.2003203 -0.01920127 0.9898204 0.1388133 0.03140807 0.9942395 0.1066752 -0.01040762 0.9588205 0.2823927 0.0302971 0.4152796 0.9083366 -0.04967397 0.7628529 0.6448997 -0.04647618 0.6552121 0.7524533 0.06716465 2.91975e-5 8.79519e-4 -0.9999997 1.94636e-5 0 -1 5.09073e-5 -3.79631e-4 -1 2.5536e-5 2.2518e-5 -1 -2.08353e-4 1.60634e-4 -1 -1.25166e-5 -2.6627e-4 -1 -4.58466e-4 -7.64737e-4 -0.9999997 -6.2714e-4 -4.3886e-4 -0.9999997 -1.11396e-4 8.64884e-4 -0.9999997 -5.71326e-4 1.82536e-4 -0.9999999 -8.26898e-5 -4.23485e-4 -1 2.26369e-6 0 -1 4.2894e-4 -3.95454e-4 -0.9999998 -5.34301e-4 -4.92034e-5 -0.9999999 -2.92534e-4 2.29361e-4 -1 4.16496e-4 -5.25978e-4 -0.9999998 -0.2310609 -0.9728031 -0.0162819 -0.7577244 -0.6523738 -0.01619702 -0.9378785 -0.3449966 -0.03689765 -0.9724811 0.2309825 -0.03045874 -0.651201 0.7587306 -0.01628237 -0.08086246 0.9965923 -0.01628297 0.4829468 0.87554 -0.01386749 0.8019716 0.5973622 0 0.9882296 0.1524875 -0.01224333 0.9835912 -0.1773337 -0.03318297 0.8157313 -0.5779724 0.02303332 0.3848695 -0.9228274 -0.01628279 0.3314804 -0.9433217 0.0162819 0.8226429 -0.5683252 0.01628279 0.999297 0.02374678 0.02901452 0.8202643 0.5718167 0.01386791 0.5102599 0.8600203 0 -0.02375334 0.9995853 0.01628267 -0.6067576 0.7947202 0.01628279 -0.9447498 0.327499 0.01386755 -0.9952425 -0.09265649 0.03011983 -0.7947748 -0.6068015 0.0111804 -0.2862986 -0.9580021 0.01628202 -0.003186285 -0.002703607 -0.9999913 -0.003392696 -0.003015637 -0.9999897 -7.99164e-4 -0.001553475 -0.9999985 -0.002456784 9.32838e-5 -0.999997 1.95306e-5 0 -1 -7.32934e-4 1.97657e-4 -0.9999998 0.001089751 4.1598e-4 -0.9999994 0.003108084 -0.002983689 -0.9999908 7.86981e-5 2.99607e-5 -1 -0.001708745 0.002769768 -0.9999948 0.00437653 -0.001230418 -0.9999897 0.008176207 1.95474e-4 -0.9999666 -0.002385854 -5.97596e-4 -0.999997 0.002597272 0.001524507 -0.9999955 -5.16279e-5 5.35755e-4 -1 6.70383e-4 0.001234769 -0.9999991 0.00187087 0.001419663 -0.9999973 3.3921e-4 -2.58723e-4 -1 -6.12671e-4 3.40051e-4 -0.9999998 -4.16346e-4 -0.001763105 -0.9999983 -0.07540678 -0.03837221 -0.9964143 0.003272593 -0.00230813 -0.9999921 1.32109e-4 -3.26431e-4 -1 0.002733349 -3.83607e-4 -0.9999963 -0.02004188 -0.006649911 -0.9997771 -0.002263545 5.46167e-4 -0.9999973 -0.002329885 2.15239e-4 -0.9999973 -7.16182e-4 8.27506e-4 -0.9999995 -0.8312704 0.5234791 0.1869741 -0.8254386 -0.482944 0.2922605 -0.235067 -0.9553564 0.1789909 0.5897209 -0.7920118 0.1579456 0.9899665 -0.03784704 0.1361395 0.7622731 0.6436628 -0.06810343 -0.01135694 0.9695201 0.2447486 0.2472537 0.9606207 -0.1267811 0.7995325 0.5961877 0.07285648 0.9747936 -0.1801612 -0.1316033 0.6444358 -0.7637422 0.03742265 0.06127047 -0.9835347 -0.1700164 -0.5730029 -0.7986137 -0.1840759 -0.953634 -0.1076169 -0.2810711 -0.8275516 0.5259262 0.1963679 -0.3621954 0.9164649 -0.1700201 0.5808153 0.7010061 -0.4138166 0.803222 -0.5489171 -0.2313538 -0.184925 -0.7308622 -0.6569957 -0.7054593 -0.191943 -0.6822648 -0.5109868 0.6941643 -0.5069798 -0.3038151 0.5722591 -0.7617191 -0.7340761 -0.1858158 -0.6531499 -0.313452 -0.8605441 -0.401512 0.2223983 -0.5297651 -0.8184668 0.5333228 -0.1226553 -0.8369722 0.4742776 0.6501917 -0.5935584 0.3406101 0.9388663 -0.05014902 0.9773631 -0.206865 -0.04436594 -0.6584363 0.7524682 -0.01592075 -0.9753644 -0.2204967 -0.006755411 -0.3425313 -0.9392475 0.02205938 -0.0945909 -0.9938151 -0.05817359 -0.9742646 -0.2253711 -0.004053175 -0.5058676 0.8610799 0.05137699 0.3943163 -0.917674 0.04887855 0.9754881 -0.2164694 -0.0395472 0.5984735 0.7994654 0.05181229 0.4667813 -0.5508157 0.6918941 0.5868203 0.4864563 0.6473038 -0.02381694 0.7491538 0.6619679 -0.4806345 0.5599947 0.6748307 -0.7400404 0.1297738 0.6599236 -0.3799152 -0.6164284 0.689696 0.05849736 -0.7211368 0.6903187 -0.6683884 -0.223792 0.7093477 -0.6372888 -0.3237122 0.6993379 0.6797389 -0.2298231 0.6965174 0.7067013 0.03077727 0.7068423 0.6975985 -0.08526808 0.7113971 0.6877424 -0.1071355 0.7180059 0.04463571 -0.7163463 0.6963158 -0.4150049 -0.5606631 0.7165389 -0.6770429 -0.08794033 0.7306705 -0.5810909 0.3692694 0.7252404 -0.2530608 0.6403026 0.7252399 0.1698092 0.6595376 0.7322397 0.5946717 0.4329259 0.6774517 0.4559785 -0.5540349 0.696512 -0.1124846 -0.9911672 -0.07024824 -0.9882085 -0.1526589 -0.01179862 -0.6355012 0.7720425 -0.009413182 0.9839171 -0.1532875 -0.09170693 0.5159636 0.8560083 0.0321182 0.4136069 0.9096634 -0.03797471 0.9937321 0.1048451 0.03878355 0.6708375 -0.7396236 0.05416649 -0.5600567 0.8281089 0.02391988 -0.9953385 -0.0958935 0.01028776 -0.3183517 -0.9478732 0.0137363 0.1634402 0.8686797 -0.4676357 0.7591841 0.4429277 -0.4769221 0.7610975 -0.5452485 -0.3513329 -0.1789795 -0.6816241 -0.7094752 -0.6982756 -0.1520701 -0.6994898 -0.6950833 0.5590751 -0.4519892 -0.3240244 0.4719432 -0.8199256 -0.593611 -0.05298548 -0.8030061 -0.2417565 -0.7557935 -0.6085475 0.4304721 -0.4847227 -0.7614051 0.5631232 0.04497367 -0.8251482 0.309718 0.5174928 -0.7976691 -0.9817942 -0.186822 -0.03431922 -0.7282642 -0.6849779 -0.02089178 -0.2373775 -0.9713509 -0.0113824 -0.7561092 0.6530464 -0.0427711 -0.3791121 0.9253507 0 -0.001900136 0.9975349 -0.07014745 0.3115103 0.9498368 0.02777665 0.5043731 0.8621248 -0.04846626 0.6523009 0.7573792 -0.02967011 0.7159261 0.6965591 0.04749059 0.8805714 0.446885 -0.1577585 0.9844734 -0.0989108 -0.1450139 0.7421603 -0.6692742 -0.03563791 0.7836133 -0.6058161 -0.1376124 0.3037503 -0.9527044 -0.009502172 0.34917 -0.9364369 -0.03415155 -0.9997715 -0.01775354 0.01191335 -0.9494128 0.3139711 -0.0061329 -0.9485333 0.3164943 -0.01076972 0.639054 -0.7683115 0.03615874 0.9482095 -0.298555 0.108461 0.9562841 0.2450275 0.1596319 -0.0523597 0.9986283 0 -0.404895 0.9133623 0.04277157 -0.7365034 0.6713456 -0.08281183 -0.1859869 -0.9824757 0.01226705 -0.6632071 -0.7483755 0.00951308 -0.8945257 -0.4465623 0.02015221 0.3347864 -0.9420862 0.01979291 0.3400169 -0.9403339 0.01268154 0.2871796 -0.9577856 -0.01322007 0.1337824 -0.9904127 0.03442311 0.1272248 -0.9918653 0.004140079 0.2819852 -0.9587773 -0.03507846 0.07003998 -0.9971965 -0.02633768 0.13121 -0.9905668 0.03951358 0.4717254 -0.8817422 0.00240767 0.4836983 -0.8751551 -0.01182043 3.5063e-6 0 -1 6.73383e-6 0 -1 -3.62482e-6 0 -1 -3.19972e-6 0 -1 2.21902e-5 0 -1 -1.82118e-5 -1.17326e-5 -1 -1.06092e-5 0 -1 0.1538319 -0.9880676 0.007636308 0.2591419 -0.9657466 -0.01338189 0.2517946 -0.9672418 -0.03229129 0.1560673 -0.9876558 0.01338052 -0.08828854 -0.9943388 0.05912327 -0.2548267 -0.9637788 -0.07870161 0.2493548 0.9659861 -0.06850749 0.4475246 0.8917232 0.06746482 -2.78841e-6 0 -1 -2.85794e-6 0 -1 1.68394e-5 -1.5954e-5 -1 -4.97475e-5 0 -1 -3.1879e-6 0 -1 -6.02567e-5 -8.03936e-5 -1 2.77334e-5 2.49162e-5 -1 7.09211e-5 -6.25031e-5 -1 -0.2940763 0.9556941 -0.01296287 -0.2078748 0.9779682 -0.01913928 -0.1286461 0.9914634 0.02122622 -0.1143481 0.9921962 0.04971283 -0.2689759 0.9627946 0.02605175 -0.9052686 0.4245366 -0.01605331 -0.6454908 0.7635645 -0.01763474 -0.6143096 0.7889323 0.01447772 -0.8817858 0.4714166 0.01484549 1.27533e-5 6.02904e-5 -1 -2.75786e-4 1.52792e-4 -1 -8.6977e-5 8.93529e-4 -0.9999997 2.29513e-4 6.30173e-4 -0.9999998 7.0346e-4 5.26319e-4 -0.9999997 -4.35833e-4 4.35813e-4 -0.9999998 1.8324e-4 4.92034e-4 -1 -2.60475e-4 1.66266e-4 -1 3.22502e-4 -9.32027e-5 -1 -3.10098e-4 4.38015e-4 -1 9.86766e-5 -3.17703e-5 -1 -4.78083e-6 0 -1 -1.831e-5 0 -1 6.60759e-4 9.27333e-4 -0.9999994 -3.06905e-4 3.90544e-4 -0.9999999 -6.71392e-6 1.34172e-4 -1 -2.31279e-5 9.67549e-5 -1 1.35672e-4 -2.32916e-5 -1 -0.2309828 -0.972481 -0.0304591 -0.7587315 -0.6512001 -0.0162822 -0.9965923 -0.08086246 -0.01628255 -0.8755412 0.4829446 -0.01386713 -0.5973613 0.8019723 0 -0.152487 0.9882297 -0.0122441 0.1773319 0.9835916 -0.03318238 0.5779727 0.815731 0.02303326 0.9228277 0.3848686 -0.01628255 0.9728036 -0.231059 -0.01628226 0.652376 -0.7577224 -0.01619696 0.3449949 -0.937879 -0.03689765 0.6067998 -0.7947762 0.01118063 0.9580022 -0.2862985 0.01628249 0.9433221 0.3314788 0.01628243 0.5683273 0.8226416 0.01628273 -0.02374631 0.999297 0.02901417 -0.5718176 0.8202637 0.01386737 -0.8600197 0.5102609 0 -0.9995853 -0.02375262 0.01628249 -0.7947201 -0.6067578 0.01628232 -0.327501 -0.9447492 0.01386761 0.09265655 -0.9952425 0.03011935 0.001030862 -9.62445e-4 -0.9999991 -2.78041e-5 -0.001286506 -0.9999992 -1.93139e-4 0.008145689 -0.9999668 0.002303719 0.003257632 -0.999992 -0.002964138 -3.64278e-4 -0.9999955 -9.79664e-4 -0.002230107 -0.9999971 9.97874e-4 -6.92838e-4 -0.9999994 -0.007371008 -0.003309369 -0.9999675 -0.00314188 -0.002313017 -0.9999924 0.002273082 -5.42598e-4 -0.9999973 -0.0084728 7.44816e-5 -0.9999641 7.90176e-4 -0.001369655 -0.9999988 -3.76631e-6 0.001034021 -0.9999995 0.007331013 -0.02081173 -0.9997566 0.03837591 -0.07530438 -0.9964219 8.89291e-6 0 -1 -1.15157e-5 0 -1 -3.27084e-5 0.001076817 -0.9999995 -0.001655042 2.93269e-4 -0.9999987 0.001213252 0.004613935 -0.9999887 -8.77932e-6 0 -1 -8.66778e-4 -0.00116539 -0.999999 -0.006031453 0.001461982 -0.9999808 -0.001189351 0.002011358 -0.9999973 -0.6436316 0.7622994 -0.06810498 -0.9695234 -0.01135754 0.2447357 -0.5235107 -0.831248 0.1869851 0.4829387 -0.8254414 0.2922615 0.9553645 -0.2350428 0.1789794 0.7920067 0.589727 0.1579481 0.03784799 0.9899652 0.1361486 0.1801735 0.9747895 -0.1316164 0.7637216 0.6444605 0.0374183 0.983532 0.06127303 -0.1700308 0.7985837 -0.5730432 -0.1840805 0.1076059 -0.9536385 -0.28106 -0.5259057 -0.8275677 0.1963544 -0.9164559 -0.3622153 -0.1700257 -0.9606072 0.2472986 -0.126796 -0.596242 0.7994922 0.07285392 0.5489957 0.8031666 -0.2313593 0.8112263 -0.2578087 -0.52483 0.05687582 -0.8528993 -0.5189681 -0.6501157 -0.4255197 -0.6295098 -0.7011042 0.5807584 -0.4137302 -0.6502384 0.474308 -0.593483 -0.5721422 -0.3037747 -0.7618231 0.1573871 -0.5894736 -0.7923069 0.8605617 -0.3134152 -0.4015028 0.5296931 0.2224181 -0.818508 0.1226695 0.5332887 -0.8369919 -0.9388637 0.3406174 -0.05014878 0.2068633 0.9773635 -0.04436498 -0.7524639 -0.6584412 -0.01591783 0.2204979 -0.9753641 -0.006753385 0.9392461 -0.3425352 0.02205824 0.9938158 -0.09458547 -0.05817133 0.2253653 -0.9742659 -0.004053473 -0.8610858 -0.5058576 0.05137401 0.9176769 0.3943096 0.04887795 0.2164757 0.9754868 -0.03954643 -0.7994744 0.5984616 0.05181229 0.6164295 -0.3799172 0.6896938 0.7211308 0.05851173 0.6903237 0.5508075 0.466788 0.691896 -0.4307947 0.5949329 0.6785801 -0.7328703 0.1267054 0.6684661 -0.5920866 -0.4596041 0.6619649 -0.1297867 -0.7400416 0.6599196 0.2237684 -0.6683958 0.7093482 0.3237138 -0.6372845 0.6993411 0.2298395 0.679731 0.6965196 -0.03082633 0.7066951 0.7068463 0.08532512 0.6976153 0.7113738 0.1071039 0.6877486 0.7180047 0.0879631 -0.6770413 0.7306693 -0.3692761 -0.5810899 0.7252378 -0.6333737 -0.2503202 0.7322415 -0.6950908 0.178915 0.6963033 -0.4329295 0.5946691 0.6774517 0.5540378 0.4559777 0.6965103 0.7163495 0.04462474 0.6963132 0.5606601 -0.4150026 0.7165425 0.1526585 -0.9882086 -0.0117979 -0.7720492 -0.635493 -0.009413301 0.9911675 -0.1124824 -0.07024866 0.1532884 0.9839169 -0.09170705 -0.8560084 0.5159633 0.03211712 -0.90966 0.413614 -0.03797554 -0.1048494 0.9937317 0.03878337 0.7396202 0.6708411 0.05416756 0.9478763 -0.3183428 0.01373505 -0.8281003 -0.5600695 0.02392077 0.09589016 -0.9953387 0.01028627 0.545691 0.7605587 -0.3518124 0.6816636 -0.1789917 -0.709434 0.1520735 -0.6982879 -0.6994768 -0.4976367 -0.7021347 -0.5092786 -0.9160085 -0.01080584 -0.4010136 -0.5029934 0.7690902 -0.3943322 -0.4986931 0.2982394 -0.8138542 -0.465714 -0.3198392 -0.8251142 0.05296176 -0.5935894 -0.8030235 0.7558112 -0.2418678 -0.6084813 0.4844937 0.4304025 -0.7615902 -0.04503619 0.5634709 -0.8249076 0.5756077 -0.8170769 -0.03257972 0.9216576 -0.3868288 -0.03018158 0.9956531 0.09167379 -0.01646167 -0.7539992 -0.6554815 -0.04277181 -0.9785756 -0.1874326 -0.08519881 -0.9205628 0.390593 0.001181066 -0.9487169 0.305724 -0.08043175 -0.7583396 0.6515484 -0.02014446 -0.641055 0.7673798 0.01329773 -0.3204667 0.9459266 -0.05023878 0.1810626 0.9818534 0.05639499 0.5340197 0.843051 -0.0639379 0.703392 0.7101143 0.0312615 0.9192259 0.393642 0.008355915 0.8662235 0.4986238 -0.03211313 0.0553143 -0.9982104 -0.0227279 0.06144547 -0.9979296 -0.01900082 -0.4352002 -0.8962904 -0.08523124 -0.3679354 -0.9297749 0.01192241 0.6429976 0.7231733 -0.2521399 0.1846731 0.9815856 0.04884415 -0.3469848 0.9378628 0.003862917 -0.7941324 0.6077449 2.92124e-4 -0.9940865 0.08348137 0.06944769 -0.9616901 -0.2707819 0.04277014 -0.7234116 -0.6899051 0.02658408 0.9976154 -0.06347447 0.02710199 0.8125657 -0.5819394 0.03291618 0.3995 -0.9164279 0.02365875 0.9360971 0.3499974 -0.0349875 0.960507 0.2742647 0.04695922 0.9577862 0.2871775 -0.01322126 0.9904127 0.1337822 0.03442394 0.9921553 0.1248278 -0.006792604 0.9587769 0.2819867 -0.03507691 0.9971306 0.06714504 -0.03495872 0.9902395 0.1339207 0.03861624 0.8951436 0.4457687 0.002880752 0.662714 0.7453555 -0.07249426 0.7505242 0.6607956 -0.007910966 0.8974587 0.4410287 0.007853448 -1.49018e-5 0 -1 1.34677e-5 0 -1 -1.44993e-5 0 -1 0 1.286e-5 -1 -3.88349e-6 -1.39005e-5 -1 0.9880674 0.153833 0.007635712 0.9657467 0.2591414 -0.0133813 0.9672423 0.2517936 -0.03229045 0.9876562 0.1560648 0.0133807 0.9931074 -0.09943866 0.06204515 0.966381 -0.248987 -0.06413668 -0.9705881 0.2403107 -0.01447755 -0.7727533 0.6344763 -0.01709479 -0.8095653 0.58337 -0.06544786 -0.9600948 0.2791184 0.0176348 -1.37289e-4 -3.01371e-5 -1 -3.10545e-5 -3.94262e-4 -1 -2.03385e-5 0 -1 6.4337e-6 0 -1 -5.68974e-6 0 -1 6.75987e-6 0 -1 -3.52224e-5 -3.59757e-5 -1 -0.9702904 -0.2393442 -0.0353704 -0.9914634 -0.1286457 0.02122747 -0.9911118 -0.132305 0.01388591 -0.9582357 -0.2804608 0.05591154 -0.4152796 -0.9083366 -0.04967397 -0.7770996 -0.6261187 -0.06396663 -0.6552121 -0.7524533 0.06716465 0.9817942 0.186822 -0.03431922 0.7282642 0.6849779 -0.02089178 0.2373808 0.9713501 -0.01138174 -0.8805714 -0.446885 -0.1577585 -0.9840522 0.1007423 -0.1466032 -0.7778214 0.6123915 -0.1413173 -0.2915828 0.9565038 -0.008951783 -0.3465287 0.9326719 -0.1002056 0.9997715 0.01775354 0.01191335 0.9494128 -0.3139711 -0.0061329 0.9485333 -0.3164943 -0.01076972 0.7561092 -0.6530464 -0.0427711 0.3791121 -0.9253507 0 0.001900136 -0.9975349 -0.07014745 -0.3115103 -0.9498368 0.02777665 -0.5043731 -0.8621248 -0.04846626 -0.6523009 -0.7573792 -0.02967011 -0.7159261 -0.6965591 0.04749059 0.0523597 -0.9986283 0 0.404895 -0.9133623 0.04277157 0.7365034 -0.6713456 -0.08281183 -0.6383423 0.7627263 0.1037682 -0.9339116 0.326062 0.1466042 -0.9562841 -0.2450275 0.1596319 0.1859875 0.9824755 0.01226723 0.6632071 0.7483755 0.00951308 0.8945257 0.4465623 0.02015221 5.34301e-4 4.92034e-5 -0.9999999 1.25166e-5 2.6627e-4 -1 5.71326e-4 -1.82536e-4 -0.9999999 8.26898e-5 4.23485e-4 -1 -4.2894e-4 3.95454e-4 -0.9999998 -1.94636e-5 0 -1 4.58466e-4 7.64737e-4 -0.9999997 6.2714e-4 4.3886e-4 -0.9999997 2.45784e-5 0 -1 -4.16496e-4 5.25978e-4 -0.9999998 -5.09073e-5 3.79631e-4 -1 -2.5536e-5 -2.2518e-5 -1 2.08353e-4 -1.60634e-4 -1 -2.26369e-6 0 -1 0 8.04139e-5 -1 2.92534e-4 -2.29361e-4 -1 -1.81311e-5 9.61706e-5 -1 1.46834e-4 4.94347e-4 -1 -2.23842e-4 2.25808e-4 -1 1.4493e-4 4.89469e-4 -1 0.08086246 -0.9965923 -0.01628297 -0.4829468 -0.87554 -0.01386749 -0.8019716 -0.5973622 0 -0.9882296 -0.1524875 -0.01224333 -0.9835912 0.1773337 -0.03318297 -0.8157313 0.5779724 0.02303332 -0.3848695 0.9228274 -0.01628279 0.2310609 0.9728031 -0.0162819 0.7577244 0.6523738 -0.01619702 0.9378785 0.3449966 -0.03689765 0.9724811 -0.2309825 -0.03045874 0.651201 -0.7587306 -0.01628237 0.6067576 -0.7947202 0.01628279 0.9447498 -0.327499 0.01386755 0.9952425 0.09265649 0.03011983 0.7947748 0.6068015 0.0111804 0.2862986 0.9580021 0.01628202 -0.3314804 0.9433217 0.0162819 -0.8226429 0.5683252 0.01628279 -0.999297 -0.02374678 0.02901452 -0.8202643 -0.5718167 0.01386791 -0.5102599 -0.8600203 0 0.02375334 -0.9995853 0.01628267 -1.8324e-4 -4.92034e-4 -1 4.78083e-6 0 -1 1.38199e-4 -3.0799e-4 -1 -7.0346e-4 -5.26319e-4 -0.9999997 1.831e-5 0 -1 -1.27533e-5 -6.02904e-5 -1 1.917e-4 -3.08009e-4 -1 1.66878e-4 -5.28402e-4 -1 1.56659e-5 -3.85746e-4 -1 -9.86766e-5 3.17703e-5 -1 8.6977e-5 -8.93529e-4 -0.9999997 -2.29513e-4 -6.30173e-4 -0.9999998 -1.35672e-4 2.32916e-5 -1 -6.60759e-4 -9.27333e-4 -0.9999994 9.25128e-5 -2.78173e-4 -1 -3.22502e-4 9.32027e-5 -1 0.152487 -0.9882297 -0.0122441 -0.1773319 -0.9835916 -0.03318238 -0.5779727 -0.815731 0.02303326 -0.9228277 -0.3848686 -0.01628255 -0.9728036 0.231059 -0.01628226 -0.652376 0.7577224 -0.01619696 -0.3449949 0.937879 -0.03689765 0.2309828 0.972481 -0.0304591 0.7587315 0.6512001 -0.0162822 0.9965923 0.08086246 -0.01628255 0.8755412 -0.4829446 -0.01386713 0.5973613 -0.8019723 0 0.5718176 -0.8202637 0.01386737 0.8600197 -0.5102609 0 0.9995853 0.02375262 0.01628249 0.7947201 0.6067578 0.01628232 0.327501 0.9447492 0.01386761 -0.09265655 0.9952425 0.03011935 -0.6067998 0.7947762 0.01118063 -0.9580022 0.2862985 0.01628249 -0.9433221 -0.3314788 0.01628243 -0.5683273 -0.8226416 0.01628273 0.02374631 -0.999297 0.02901417 0.07540678 0.03837221 -0.9964143 0.001804172 -0.01483947 -0.9998883 -0.004931569 0.002220809 -0.9999855 0.02008146 0.006691098 -0.999776 0.002775549 3.5781e-5 -0.9999963 1.21473e-5 -0.007427155 -0.9999725 -0.006590366 -0.003866076 -0.9999709 9.57135e-4 0.004033207 -0.9999914 0.009412527 -0.02070403 -0.9997414 -0.002074718 -7.09181e-5 -0.9999979 -6.46967e-6 0 -1 0.003718316 -1.41848e-4 -0.9999932 -9.7786e-4 -0.003975868 -0.9999917 -0.007099747 8.15966e-4 -0.9999745 -1.95306e-5 0 -1 -1.09547e-5 0 -1 -0.00127542 0.003017067 -0.9999946 0.008828163 -0.002417981 -0.9999582 -0.01092469 2.95868e-4 -0.9999403 5.78383e-4 0.001333713 -0.999999 -0.005905687 0.00415039 -0.999974 0.01251614 -0.009424448 -0.9998773 -0.5897209 0.7920118 0.1579456 -0.9899665 0.03784704 0.1361395 -0.7622731 -0.6436628 -0.06810343 0.01135694 -0.9695201 0.2447486 0.8312704 -0.5234791 0.1869741 0.8254386 0.482944 0.2922605 0.235067 0.9553564 0.1789909 -0.06127047 0.9835347 -0.1700164 0.5730029 0.7986137 -0.1840759 0.953634 0.1076169 -0.2810711 0.8275516 -0.5259262 0.1963679 0.3621954 -0.9164649 -0.1700201 -0.2472537 -0.9606207 -0.1267811 -0.7995325 -0.5961877 0.07285648 -0.9747936 0.1801612 -0.1316033 -0.6444358 0.7637422 0.03742265 0.5825331 0.8071849 0.09543526 0.8048859 -0.5800898 0.1251194 -0.5554345 -0.7570583 -0.3440281 -0.7894892 0.6134806 -0.01866775 -0.2188318 0.5215409 -0.8246864 -0.5333228 0.1226553 -0.8369722 -0.5610315 -0.7594659 -0.3293257 0.2402656 -0.4697339 -0.8494837 0.4832684 0.1356591 -0.8648979 0.2441942 0.6715636 -0.6995511 -0.3406101 -0.9388663 -0.05014902 -0.9773631 0.206865 -0.04436594 0.6584363 -0.7524682 -0.01592075 0.9753644 0.2204967 -0.006755411 0.3425313 0.9392475 0.02205938 0.0945909 0.9938151 -0.05817359 0.9742646 0.2253711 -0.004053175 0.5058676 -0.8610799 0.05137699 -0.3943163 0.917674 0.04887855 -0.9754881 0.2164694 -0.0395472 -0.5984735 -0.7994654 0.05181229 0.4596076 -0.5920807 0.6619679 0.7400404 -0.1297738 0.6599236 0.3799152 0.6164284 0.689696 -0.05849736 0.7211368 0.6903187 -0.4667813 0.5508157 0.6918941 -0.5949405 -0.4307957 0.6785727 -0.1267103 -0.7328742 0.668461 0.6683884 0.223792 0.7093477 0.6372888 0.3237122 0.6993379 -0.6797389 0.2298231 0.6965174 -0.7067013 -0.03077727 0.7068423 -0.6975985 0.08526808 0.7113971 -0.6877424 0.1071355 0.7180059 -0.1789183 -0.6950787 0.6963145 -0.5946717 -0.4329259 0.6774517 -0.4559785 0.5540349 0.696512 -0.04463571 0.7163463 0.6963158 0.4150049 0.5606631 0.7165389 0.6770429 0.08794033 0.7306705 0.5810909 -0.3692694 0.7252404 0.2503327 -0.6333717 0.732239 0.1124846 0.9911672 -0.07024824 0.9882085 0.1526589 -0.01179862 0.6355012 -0.7720425 -0.009413182 -0.9839171 0.1532875 -0.09170693 -0.5159636 -0.8560083 0.0321182 -0.4136069 -0.9096634 -0.03797471 -0.9937321 -0.1048451 0.03878355 -0.6708375 0.7396236 0.05416649 0.5600567 -0.8281089 0.02391988 0.9953385 0.0958935 0.01028776 0.3183517 0.9478732 0.0137363 0.1442133 0.7018535 -0.6975703 0.6982756 0.1520701 -0.6994898 0.6951363 -0.5592116 -0.4517388 -0.3522902 -0.9054305 -0.2368274 -0.9445472 0.3026315 0.1274544 -0.3557707 0.4033507 -0.8430513 -0.6175681 -0.05137807 -0.7848375 -0.3668869 -0.6120312 -0.7005797 0.3239065 -0.4717289 -0.8200954 0.593611 0.05298548 -0.8030061 0.2913699 0.8890094 -0.3532224 0.001227676 -6.81112e-4 -0.9999991 5.43486e-5 4.84016e-4 -0.9999999 0.001410841 -0.001905918 -0.9999972 2.95118e-5 -8.24913e-5 -1 -0.001213252 -0.004372477 -0.9999898 -1.49699e-4 -2.60008e-4 -1 -3.84878e-4 -0.002725183 -0.9999963 -3.72146e-4 0.001724243 -0.9999985 -1.28033e-5 3.65308e-4 -1 1.00559e-5 0 -1 0.01274412 -0.2220695 -0.9749476 2.78143e-5 9.03178e-4 -0.9999996 5.38948e-4 0.002299427 -0.9999972 8.60554e-6 -1.98307e-4 -1 2.22713e-4 0.002320885 -0.9999973 8.25598e-4 7.1023e-4 -0.9999994 8.85404e-5 -1.20161e-4 -1 -0.1031653 0.1318838 -0.9858822 0.001373052 0.001010835 -0.9999986 -7.70267e-4 -0.00110656 -0.9999992 -3.07737e-4 -0.0108698 -0.9999409 -0.004157304 -0.005857765 -0.9999743 -0.003026008 -0.001258254 -0.9999946 0.00198251 0.004170656 -0.9999893 -0.03837591 0.07530438 -0.9964219 -1.05803e-4 7.53618e-4 -0.9999997 0.00409305 1.63903e-4 -0.9999917 -0.05186301 -0.08808255 -0.9947622 -8.36041e-4 0.001008093 -0.9999992 -0.5989337 0.7844747 0.1608666 -0.9553645 0.2350428 0.1789794 -0.7920067 -0.589727 0.1579481 -0.03784799 -0.9899652 0.1361486 0.6436316 -0.7622994 -0.06810498 0.9695234 0.01135754 0.2447357 0.6129744 0.7792304 0.1306232 -0.02374589 0.9992127 0.03178286 -0.1135661 0.9869666 -0.1140165 0.5360856 0.8436197 -0.030303 0.9164559 0.3622153 -0.1700257 0.9606072 -0.2472986 -0.126796 0.596242 -0.7994922 0.07285392 -0.1801735 -0.9747895 -0.1316164 -0.7637216 -0.6444605 0.0374183 -0.983532 -0.06127303 -0.1700308 -0.7985837 0.5730432 -0.1840805 -0.009851336 0.8426249 -0.5384109 0.6500159 0.4255153 -0.6296158 0.7010242 -0.5807911 -0.4138196 -0.6134374 -0.7895231 -0.01865524 -0.8170049 0.4476546 -0.3634674 -0.1525427 0.5655409 -0.8104903 -0.6715589 0.2442123 -0.6995493 -0.5215305 -0.2188357 -0.824692 -0.1226695 -0.5332887 -0.8369919 0.6501608 -0.4742836 -0.5935875 0.5722447 0.3037945 -0.7617382 -0.2068633 -0.9773635 -0.04436498 0.9388637 -0.3406174 -0.05014878 0.7524639 0.6584412 -0.01591783 -0.2204979 0.9753641 -0.006753385 -0.9392461 0.3425352 0.02205824 -0.9938158 0.09458547 -0.05817133 -0.2253653 0.9742659 -0.004053473 0.8610858 0.5058576 0.05137401 0.7994744 -0.5984616 0.05181229 -0.9176769 -0.3943096 0.04887795 -0.2164757 -0.9754868 -0.03954643 0.4864499 -0.5868248 0.6473045 0.7491562 0.02380263 0.6619656 0.5599944 0.4806353 0.6748304 0.1297824 0.7400407 0.6599215 -0.6164295 0.3799172 0.6896938 -0.7211308 -0.05851173 0.6903237 -0.5508075 -0.466788 0.691896 -0.2238578 0.6683741 0.7093404 -0.3237138 0.6372845 0.6993411 -0.2298395 -0.679731 0.6965196 0.03082633 -0.7066951 0.7068463 -0.08532512 -0.6976153 0.7113738 -0.1071039 -0.6877486 0.7180047 -0.5540378 -0.4559777 0.6965103 -0.7163495 -0.04462474 0.6963132 -0.5606601 0.4150026 0.7165425 -0.08792424 0.6770386 0.7306765 0.3692761 0.5810899 0.7252378 0.6403081 0.2530585 0.7252358 0.6595453 -0.169771 0.7322416 0.4329295 -0.5946691 0.6774517 -0.989136 0.1127017 -0.09438461 -0.1526585 0.9882086 -0.0117979 0.7721025 0.6354283 -0.009414613 -0.1532884 -0.9839169 -0.09170705 0.8560084 -0.5159633 0.03211712 0.9096369 -0.4136684 -0.03793895 0.1048494 -0.9937317 0.03878337 -0.7147284 -0.6978678 0.04630303 0.8281044 0.5600643 0.02389669 -0.09589016 0.9953387 0.01028627 -0.9204393 0.3906978 0.01211881 0.5591094 0.695068 -0.4519705 0.8686983 -0.1634426 -0.4676 0.4429042 -0.7592905 -0.4767744 -0.4124579 -0.7548531 -0.5099759 -0.6867179 0.1704496 -0.7066579 -0.1520735 0.6982879 -0.6994768 -0.4369668 -0.2331052 -0.8687474 0.044954 -0.5629462 -0.8252702 0.5175532 -0.3096454 -0.7976581 0.4719158 0.3240367 -0.8199364 -0.05296176 0.5935894 -0.8030235 0.2338317 -0.2479509 0.9401293 0.00120145 -1.06664e-4 0.9999993 9.7836e-4 1.33452e-4 0.9999996 -0.001047253 3.30048e-4 0.9999995 -2.74908e-4 1.34402e-4 1 1.01837e-4 -4.10671e-4 1 0.001046955 5.37338e-5 0.9999995 -0.007353365 0.006745457 0.9999503 -1.12404e-5 0 1 -5.80009e-4 -2.94919e-5 0.9999998 7.4494e-4 5.79473e-4 0.9999996 -0.001311123 -0.001280725 0.9999983 -9.44187e-5 -5.43804e-5 1 -8.67085e-4 4.13077e-4 0.9999997 -3.28521e-4 5.05384e-4 0.9999998 3.11339e-5 -4.48289e-4 1 0.00127393 1.36001e-5 0.9999992 -2.51448e-6 0 1 2.16848e-6 0 1 0.003525614 8.0445e-4 0.9999936 1.63038e-4 -3.32026e-4 1 -1.31426e-4 -1.30272e-6 1 0.01867884 0.001352787 0.9998247 5.6515e-6 0 1 4.39738e-4 -7.16613e-5 1 1.77315e-4 -5.35693e-4 1 1.09353e-4 -0.001014471 0.9999995 -2.16561e-6 0 1 -1.01865e-4 -2.19729e-4 1 0.002146244 -0.002143442 0.9999955 -0.001515865 -4.67305e-4 0.9999988 -7.07176e-6 0 1 0.006579697 0.007356107 0.9999513 -3.64556e-4 -2.52206e-5 1 -0.2480057 -0.2338269 0.9401161 4.06215e-5 8.50238e-4 0.9999997 -5.35375e-4 -1.13971e-4 0.9999999 0.001820266 -0.01872086 0.9998232 -3.91463e-4 -3.00479e-5 1 -3.55492e-4 -1.8319e-4 1 -2.8272e-4 -3.21618e-4 1 3.8373e-4 -5.75086e-4 0.9999998 1.89814e-5 -0.001280069 0.9999993 -1.52499e-4 -8.43089e-5 1 6.80237e-5 -0.001057267 0.9999995 -3.19516e-4 -2.27957e-4 1 2.68337e-6 0 1 -0.2338317 0.2479509 0.9401293 0.007445693 -0.006601512 0.9999506 -0.00120145 1.06664e-4 0.9999993 -6.53283e-5 1.73357e-4 1 -0.01873779 -0.001822471 0.9998227 -3.18705e-5 4.48901e-4 1 -1.01837e-4 4.10671e-4 1 1.12404e-5 0 1 3.91059e-4 -3.13526e-4 0.9999999 1.12516e-4 -3.61546e-4 1 -4.52104e-4 0.001593172 0.9999986 -1.63038e-4 3.32026e-4 1 7.0814e-5 4.07852e-5 1 -1.68516e-4 -2.08137e-4 1 -6.78057e-4 2.57201e-4 0.9999998 6.27612e-4 2.81892e-4 0.9999998 -1.06154e-4 4.99281e-4 1 -7.00081e-4 0.001555144 0.9999986 -5.31833e-4 -7.31987e-5 0.9999999 1.25753e-5 0 1 -1.54422e-4 3.28292e-4 1 -3.83282e-4 -1.73634e-4 1 -0.002238392 -0.002336263 0.9999948 -3.71659e-4 -6.53852e-4 0.9999998 -0.006579697 -0.007356107 0.9999513 2.35436e-4 6.83041e-4 0.9999998 -1.43451e-6 0 1 3.64556e-4 2.52206e-5 1 0.2480057 0.2338269 0.9401161 0.002380192 3.91371e-4 0.9999971 -2.0864e-4 1.80853e-4 1 -7.25227e-5 5.41901e-4 1 -3.34553e-4 -7.60859e-4 0.9999997 3.55492e-4 1.8319e-4 1 2.8272e-4 3.21618e-4 1 -3.8373e-4 5.75086e-4 0.9999998 -1.58249e-4 4.5085e-4 0.9999999 7.07176e-6 0 1 1.95301e-4 -6.96333e-4 0.9999998 7.19567e-5 -4.86996e-4 1 -0.001820266 0.01872086 0.9998232 3.91463e-4 3.00479e-5 1 1.48617e-5 0 1 -5.03794e-4 -3.96858e-4 0.9999998 -5.59184e-4 -4.03106e-4 0.9999998 3.19516e-4 2.27957e-4 1 0.001268804 -0.001302003 0.9999984 1.13015e-4 -4.86398e-4 0.9999999 -8.17544e-4 0.003496527 0.9999936 1.54422e-4 -3.28292e-4 1 0.1311326 -0.9461282 0.2960501 -0.1827358 -0.9618225 0.2037284 -0.4065487 -0.901993 -0.1453508 -0.6665066 -0.7383841 0.1027519 -0.8820835 -0.4640557 0.08112394 -0.985782 -0.1514968 0.07268118 -0.9132556 0.3810258 0.1441656 -0.7379106 0.666964 0.1031848 -0.4782618 0.8542608 0.2037261 -0.2683649 0.9522886 -0.1453511 0.03515309 0.9545265 0.2960463 0.3602473 0.8828325 0.3013778 0.5261497 0.8063058 -0.2702545 0.6345347 0.700937 0.3256578 0.8542528 0.4782723 0.2037345 0.9522896 0.2683602 -0.1453525 0.978941 -0.01294374 0.203733 0.9681239 -0.2235053 -0.1130562 0.8932253 -0.4044135 0.196465 0.8045645 -0.5281935 -0.2714547 0.7018354 -0.6357909 0.321243 0.4468274 -0.8442175 0.2960441 0.2650375 -0.9176665 -0.2960463 0.5630931 -0.7677645 -0.3057187 0.9540833 -0.2349715 -0.1857782 0.9756531 0.08120143 -0.2037339 0.9395542 0.3100185 0.1453494 0.7669289 0.5631248 -0.3077509 0.2281374 0.928844 -0.291894 -0.08119654 0.9756547 -0.2037285 -0.3100256 0.9395516 0.1453515 -0.5581656 0.8043308 -0.203723 -0.7382659 0.6586611 0.1453589 -0.900995 0.4247888 -0.08810603 -0.9686325 0.2011791 -0.1458707 -0.9761584 0.1106024 0.1867675 -0.9783096 -0.1058024 -0.1780903 -0.8925758 -0.4384071 -0.1053934 -0.6890187 -0.7167677 -0.1072251 -0.402835 -0.9094372 -0.1031891 -0.06481349 -0.9529709 -0.2960502 -4.91199e-5 0 -1 7.87627e-4 -4.18768e-4 -0.9999997 -0.003075003 -0.001214504 -0.9999946 0.001331865 -0.001880288 -0.9999974 0.002686738 0.006061553 -0.999978 6.91319e-4 0.001264691 -0.9999991 -3.40986e-4 2.70231e-4 -1 6.45691e-4 4.49317e-5 -0.9999999 -6.13311e-4 0.001680195 -0.9999984 4.8034e-4 1.32077e-4 -1 1.78646e-4 0.002465128 -0.999997 4.4688e-4 3.39055e-4 -1 -7.28274e-4 -8.46368e-4 -0.9999995 6.02063e-4 -5.21474e-4 -0.9999997 -0.02694183 0.07115209 -0.9971016 -5.17467e-4 -0.00259906 -0.9999966 -0.004323363 0.00973618 -0.9999433 -0.001114487 1.80624e-4 -0.9999995 -0.00184375 -4.49496e-4 -0.9999982 -9.44402e-4 -1.10225e-5 -0.9999997 0.002124905 0.01303136 -0.9999129 -0.001419007 0.002262413 -0.9999965 0.02282571 -0.07254791 -0.9971038 -4.52286e-4 -1.02442e-4 -0.9999999 -0.003345549 -0.002294182 -0.9999918 -0.008508861 -9.5696e-5 -0.9999639 0.06781107 0.00138235 -0.9976972 -2.62763e-4 8.17751e-4 -0.9999997 -0.001841485 0.00132358 -0.9999975 0.001613616 0.007650375 -0.9999695 -0.002757191 -0.001732826 -0.9999948 -0.02626281 -0.003404915 -0.9996494 -6.12097e-4 3.05711e-4 -0.9999998 0.003385603 0.03435468 -0.999404 0.02591609 -0.02889114 -0.9992465 0.0666787 -0.2040204 -0.9766932 0.03611963 0.1171509 -0.9924571 -0.06704461 0.07053333 -0.9952539 0.007277488 0.003020405 -0.999969 -1.75746e-4 3.46423e-4 -1 -7.89097e-4 3.57316e-4 -0.9999997 -0.003165304 -0.001397192 -0.999994 3.77588e-5 0 -1 6.59443e-4 -1.43744e-4 -0.9999998 3.08796e-4 -1.943e-4 -1 -5.36413e-6 0 -1 -3.55432e-4 6.77998e-4 -0.9999997 0.04964262 0.06361997 -0.9967387 -0.06629091 0.06978595 -0.995357 -0.01596188 -0.09319901 -0.9955196 1.20108e-4 1.71208e-4 -1 7.80643e-5 2.50147e-4 -1 4.78166e-4 1.67051e-4 -1 7.96111e-5 0 -1 -3.66571e-4 -2.60998e-4 -1 -0.006593763 -0.001089215 -0.9999777 0 0.00553584 -0.9999848 -0.00490719 -0.005723118 -0.9999716 -0.004832804 -0.001613199 -0.999987 -4.20628e-4 -0.001209855 -0.9999992 -2.81489e-4 -0.001619279 -0.9999987 9.96177e-6 0 -1 -0.002811133 -0.03809344 -0.9992703 0.04580914 -0.07936382 -0.9957926 -0.002946019 -6.69511e-4 -0.9999955 -0.01213216 -0.0891084 -0.9959481 -0.1518738 0.3170145 -0.9361818 0.05669999 -0.01293903 -0.9983074 0.002799749 -0.001727223 -0.9999946 0.005638539 0.002201139 -0.9999818 0.002991259 -0.001853227 -0.9999938 0.002239763 -1.4854e-4 -0.9999975 8.98635e-5 -2.11031e-5 -1 -1.49157e-5 0 -1 0.002807438 5.65432e-4 -0.9999959 2.86862e-4 0.00103271 -0.9999995 2.35362e-4 0.001555442 -0.9999988 2.21241e-5 0 -1 -1.25148e-5 0 -1 2.50508e-5 2.39212e-6 -1 1.42847e-5 -3.80609e-6 -1 1.92052e-5 0 -1 7.81677e-6 -2.22908e-5 -1 -0.001428782 -7.71866e-4 -0.9999988 -0.06783717 -7.95337e-4 -0.9976962 -3.67443e-5 2.50739e-4 -1 4.8461e-4 0.001409232 -0.9999989 0.00145477 0.001098752 -0.9999983 0.005181252 0.002379655 -0.9999838 0.001609623 -7.00841e-4 -0.9999985 9.69281e-6 0 -1 1.34922e-4 0.001614928 -0.9999988 7.82959e-4 0.001714229 -0.9999982 0.001136124 9.59745e-4 -0.999999 4.28861e-4 -0.002779662 -0.9999961 -6.22919e-4 0.001730978 -0.9999983 -0.01147794 -0.003678858 -0.9999274 0.001445233 0.002020001 -0.999997 8.01596e-4 0.001510858 -0.9999986 0.00139898 -0.01046431 -0.9999443 0.002865433 8.76983e-4 -0.9999955 0.001653671 -8.26878e-4 -0.9999984 -0.001284122 -0.004069209 -0.9999909 1.04395e-4 1.1527e-4 -1 -3.48173e-4 -0.001536667 -0.9999988 9.44109e-4 0.001292347 -0.9999988 -8.50875e-4 0.001254141 -0.9999989 0.06941908 0.06597876 -0.9954034 0.001310527 2.6438e-4 -0.9999991 0.002343893 -0.003051817 -0.9999926 0.08183825 -0.02933686 -0.9962138 -0.1083582 -0.02740943 -0.993734 -0.002959907 0.01767909 -0.9998394 0.002019047 0.005166828 -0.9999847 -4.12756e-6 0 -1 1.30634e-5 0 -1 -6.29026e-6 0 -1 1.64939e-5 0 -1 -9.34985e-6 0 -1 4.10198e-4 -2.03541e-4 -0.9999999 0.04764991 0.06593 -0.9966859 4.18561e-4 -0.001408338 -0.9999989 -0.007456362 -0.1465111 -0.9891809 0.001099348 -0.002088427 -0.9999973 -0.02047342 0.001352488 -0.9997895 0.03473353 -0.002569317 -0.9993934 -0.00821948 -0.06205224 -0.9980391 0.002957582 -0.02021467 -0.9997913 -1.88663e-4 -4.69668e-4 -0.9999999 -0.01743513 0.01434594 -0.9997451 -1.11896e-4 -4.04389e-4 -1 -1.38283e-4 -1.08066e-4 -1 3.11024e-4 2.26868e-4 -1 -0.003625988 -1.28853e-4 -0.9999935 0.001272022 1.84066e-4 -0.9999992 -0.004076361 -4.72906e-5 -0.9999917 -2.41628e-4 7.98041e-4 -0.9999997 5.07819e-4 3.66626e-4 -0.9999999 0.04710412 0.07959032 -0.9957141 7.71832e-4 0.001054883 -0.9999992 -0.001277446 -8.68115e-4 -0.9999989 -1.41393e-5 0 -1 -9.89647e-4 4.58964e-4 -0.9999994 -7.16419e-4 5.51696e-4 -0.9999996 -0.0778082 0.1171485 -0.9900618 2.5587e-4 -3.21637e-4 -1 -4.67128e-5 3.18701e-4 -1 -0.001143097 0.002249896 -0.9999969 -2.75308e-6 0 -1 -0.001210272 7.1953e-4 -0.9999991 -5.7943e-5 4.74671e-4 -0.9999999 2.38254e-4 -1.03734e-4 -1 1.39696e-5 8.04246e-6 -1 3.7097e-4 6.19106e-5 -1 0.002914011 -9.59065e-4 -0.9999954 2.79015e-4 9.56661e-5 -1 -2.30924e-4 1.20651e-4 -1 -0.002952039 -0.001321971 -0.9999948 0.005528628 0.002566814 -0.9999815 0.002813279 -0.001846909 -0.9999944 -0.03136032 -0.0703445 -0.9970297 0.001877486 0.003801524 -0.999991 -0.002174675 -0.02495044 -0.9996863 -1.15543e-4 3.55865e-4 -1 0.1512564 -0.9882653 -0.02129173 -0.1308772 -0.9913986 -7.0991e-7 -0.4835342 -0.8749692 -0.02497553 -0.7976124 -0.6026531 -0.02497541 -0.9737768 -0.2261309 -0.02497524 -0.9815657 0.1894865 -0.02497518 -0.8176302 0.5709446 -0.07418388 -0.5155761 0.8555706 -0.0466938 -0.1512014 0.9879019 -0.03446924 0.1345406 0.9895422 -0.05201154 0.4596526 0.8867325 -0.04924535 0.6881806 0.7246777 0.03535348 0.8922488 0.4487921 -0.04977685 0.9827048 0.1817736 0.03535336 0.9815657 -0.1894865 -0.02497518 0.8176302 -0.5709446 -0.07418388 0.5155761 -0.8555706 -0.0466938 0.4585196 -0.8884293 0.02129054 0.6878469 -0.7243242 0.04712939 0.8922516 -0.4487869 0.04977649 0.9827048 -0.1817736 -0.03535306 0.981565 0.1894899 0.02497565 0.8347864 0.5483194 0.04977697 0.648774 0.7601597 -0.03535324 0.3265848 0.9423392 0.07307004 -0.06202745 0.9975879 0.03116106 -0.3088212 0.9504493 0.03571653 -0.4998074 0.8657033 -0.02739411 -0.6878469 0.7243242 0.04712939 -0.8922516 0.4487869 0.04977649 -0.9827048 0.1817736 -0.03535306 -0.981565 -0.1894899 0.02497565 -0.8196326 -0.5723451 0.02497512 -0.5159781 -0.8562377 0.02497506 -0.151258 -0.988265 0.02129173 0.1308791 -0.9913983 7.0991e-7 -0.5466836 0.8348273 0.06481254 -0.9970637 -0.06619989 0.03849059 -0.4006496 -0.9140484 0.06320863 0.377222 -0.9253917 0.03679311 0.9687213 -0.2451479 0.03849059 0.5805562 0.8097258 0.08543193 0.2491397 0.9678819 -0.03367626 0.8039377 0.5937197 -0.03436535 0.9813637 -0.1918168 0.0114724 0.6365629 -0.770435 -0.03489446 0.007768869 -0.999266 -0.03751397 -0.7305474 -0.6801853 -0.06040269 -0.9972464 -0.06212812 0.04049414 -0.843485 0.5360181 -0.0348947 -0.367522 0.9299186 -0.01338076 0.5675791 -0.5833536 0.5809928 0.8573206 0.02681255 0.5140842 0.6003148 0.6607233 0.4506295 -0.2162427 0.7203792 0.659009 -0.8127219 0.3670005 0.4525414 -0.6115981 -0.4813541 0.6278902 0.02360296 -0.7423069 0.6696442 0.008233785 -0.7122774 0.7018498 -0.6953147 -0.6455301 0.3159565 -0.5484709 -0.03417205 0.8354711 -0.6014635 0.3822528 0.7015159 -0.3361181 0.8504271 0.4047202 0.1366687 0.5309465 0.8363119 0.5266095 0.3925023 0.754072 0.582444 -0.1168422 0.8044296 0.4539146 -0.5493976 0.7015155 -0.2133281 0.9758813 0.04633373 -0.849661 0.5272769 0.007441163 -0.9617281 -0.2723292 0.03026568 -0.4803989 -0.8768142 -0.02034556 0.5469531 -0.8352401 0.05671322 0.9992006 -0.03820711 0.01176369 0.727966 0.6855602 0.008529067 0.2489431 0.9671104 -0.05220043 0.7702702 0.6364309 0.04049414 0.9999427 0.007889211 -0.007251918 0.6812449 -0.7319529 -0.01226526 0.0620929 -0.9967045 -0.05219912 -0.5805402 -0.8128015 0.04823881 -0.9922336 -0.1209375 -0.02909517 -0.8439387 0.5363099 0.01179957 -0.3675457 0.9299853 -0.006134927 0.3794306 -0.7710812 0.5113376 0.9404672 -0.1511589 0.3044216 0.54338 0.7114853 0.4455635 -0.1224826 0.8505322 0.5114619 -0.722687 0.4284049 0.5423954 -0.8555587 -0.3689979 0.3631253 -0.2384135 -0.8204082 0.5197014 0.03896826 -0.6253776 0.7793487 -0.3312864 -0.4688795 0.8187805 -0.5901608 -0.0688731 0.8043425 -0.6670376 0.4238798 0.6126883 -0.2293071 0.5801693 0.781551 0.1561766 0.6068089 0.7793535 0.4734222 0.391179 0.7892089 0.6693679 0.008071064 0.7428874 0.3944434 -0.4282033 0.8130537 -0.8148508 0.5775701 0.04930746 -0.9461379 -0.3197191 0.05101889 -0.3450091 -0.9382209 0.02665287 0.4266341 -0.9032908 0.04526913 0.9967218 -0.04842829 0.06481152 0.6180489 0.7856878 0.02665305 -0.07284176 0.9973158 0.007440984 -0.06217545 0.9979955 0.01179951 0.536332 0.8439849 -0.006135225 0.9294328 0.367338 -0.03489518 0.9683442 -0.2492598 -0.01338165 0.5937027 -0.803927 -0.03490906 -0.1916291 -0.9811387 -0.02540278 -0.77043 -0.6365689 -0.03489494 -0.9991011 -0.007754087 -0.04167759 -0.6810601 0.7316493 -0.02909588 0.5673859 -0.5833739 0.581161 0.9091174 0.0848791 0.4078004 0.4259807 0.8284074 0.3637054 -0.4813237 0.6116172 0.627895 -0.7423523 -0.02359718 0.6695941 -0.5833006 -0.567113 0.5815009 0.02720999 -0.8571082 0.5144173 -0.1169878 -0.5829882 0.8040142 -0.5494094 -0.4539397 0.70149 -0.7122896 -0.008256852 0.7018373 -0.6455048 0.695337 0.315959 -0.03414446 0.5485056 0.8354495 0.4240311 0.667296 0.6123021 0.5798249 0.2291476 0.7818532 0.586694 -0.1510327 0.7955999 0.3924949 -0.5266055 0.7540785 0.9515728 0.06423008 -0.3006387 0.5053313 -0.7729849 -0.3835816 -0.4592854 -0.7301762 -0.5058653 -0.9746549 0.04714691 -0.2186899 -0.3052855 0.9479601 -0.0904023 -0.4253683 0.2849479 -0.8589916 -0.572504 -0.1787638 -0.8001767 -0.5008044 -0.7548298 -0.4235882 0.02360248 -0.5545956 -0.8317853 0.4893338 -0.6167034 -0.6166275 0.6045216 -0.1684035 -0.7785846 0.5797767 0.216053 -0.7856082 0.2789925 0.6463 -0.7102532 -0.8305489 0.5563475 0.02581077 -0.9560037 -0.293298 0.0057711 -0.5528767 -0.8332577 0.00299257 0.04248797 -0.9990925 0.002992868 0.6216274 -0.7833075 0.002993106 0.9629064 -0.2682132 0.02954655 0.9367828 0.3490395 0.02468502 0.5576807 0.8297173 0.02369302 -0.3234616 0.9460514 -0.01895672 0.2488533 0.9667801 -0.05838125 0.7706663 0.6367607 -0.02468526 0.9994019 0.007790327 -0.03369557 0.6811797 -0.7318182 -0.02089118 0.06218284 -0.9980603 -0.002993106 -0.5363379 -0.8439981 -0.002993404 -0.9485768 -0.316528 -0.003506362 -0.8741365 0.4856461 -0.005771279 -0.367403 0.9295924 -0.02954685 0.8694577 -0.4455466 0.2133818 0.7178081 0.6380166 0.278723 -0.2974626 0.8098051 0.5056993 -0.9644413 0.1553624 0.2138121 -0.4550449 -0.5975958 0.6601617 0.1154835 -0.8005498 0.5880339 0.04432731 -0.7116683 0.7011157 -0.485857 -0.7645596 0.4235466 -0.5114084 -0.173955 0.841547 -0.5228334 0.2938452 0.8001877 -0.3329656 0.842464 0.4235426 0.1383485 0.5375891 0.8317798 0.6985736 0.5772095 0.4228762 0.5398662 0.007421195 0.8417182 0.4064403 -0.4410898 0.8001539 0.03435868 0.8865482 -0.4613588 0.7250301 0.5398067 -0.427715 0.5294198 -0.727859 -0.4358166 -0.5071445 -0.8075761 -0.3010405 -0.8342851 -0.009772777 -0.5512466 -0.5467825 0.6470012 -0.5314306 -0.1804473 0.5781803 -0.7957049 -0.5088263 0.3376262 -0.7918993 -0.786457 -0.0334503 -0.6167386 -0.4916532 -0.3901793 -0.7784841 -0.1269785 -0.5608218 -0.8181415 0.7646536 -0.2467156 -0.5953456 0.5881771 0.219148 -0.7784742 0.2966934 0.4986571 -0.8144411 -0.2931892 0.9558262 0.02089154 -0.8332569 0.552878 0.002992808 -0.9990925 -0.04248946 0.002993106 -0.7833107 -0.6216233 0.002993106 -0.2156372 -0.9764673 0.003505766 0.5214415 -0.853273 0.004901945 0.987253 -0.1559422 -0.03183919 0.9366611 0.3489887 0.02954626 0.5064461 0.8616131 0.03369575 0.2491732 0.9680082 -0.02954673 0.8039541 0.5937359 -0.03369539 0.9812386 -0.1916626 -0.02089077 0.5938464 -0.8040713 -0.02856481 -0.1917629 -0.9814243 -0.005771815 -0.7708968 -0.6369531 -0.002992928 -0.9980604 -0.06218147 -0.002993285 -0.8439972 0.5363393 -0.002993106 -0.367555 0.9299971 -0.002993106 0.4250925 -0.8420488 0.3320398 0.8730207 -0.01995456 0.4872748 0.5946955 0.6545983 0.4667316 -0.2975115 0.8099698 0.5054068 -0.9400436 0.1526687 0.3049761 -0.5299261 -0.791671 0.3040323 -0.1156199 -0.5762404 0.8090606 -0.4777752 -0.3947947 0.7847726 -0.6609885 -0.04118072 0.7492652 -0.515294 0.3274739 0.7919805 -0.3330618 0.8427597 0.4228783 0.1383395 0.5373867 0.8319122 0.5289914 0.3943552 0.7514334 0.6110861 -0.1223649 0.7820491 0.4018055 -0.5393459 0.7400395 -0.009744167 0.8342485 -0.5513026 0.6493171 0.5488784 -0.5264218 0.8798481 -0.08863186 -0.4669174 -0.205237 -0.8423493 -0.4983226 -0.9055689 -0.2803837 -0.3183238 -0.6620748 0.4094265 -0.6277157 -0.4892559 -0.3468682 -0.8001944 0.3248267 -0.8358501 -0.4425408 0.4623439 -0.3067912 -0.831936 0.6570777 0.0609914 -0.7513515 0.3580782 0.4810718 -0.8002187 -0.06630682 0.7099161 -0.7011581 -0.7667031 0.6416801 0.02032411 -0.9132802 -0.3530226 -0.2032104 -0.8185868 -0.5743539 0.005771279 -0.3469225 -0.9378913 0.002196311 0.4541376 -0.8903626 -0.03183871 0.83326 -0.5528734 0.002993106 0.9953112 0.0966618 0.003506124 0.6010375 0.7992001 0.00577116 -0.09666472 0.9953109 0.003506124 -0.06217563 0.9979262 0.01665931 0.5813657 0.8136348 -0.003506481 0.9926479 0.1209003 -0.005771279 0.8439959 -0.5363413 -0.002993345 0.3675591 -0.9299954 -0.002993226 -0.2491695 -0.9680132 -0.0294125 -0.8043358 -0.5941647 -0.003506243 -0.9814262 0.1917533 -0.005770981 -0.6367523 0.7706416 -0.02565509 0.7175794 -0.4255888 0.5513204 0.8000663 0.2880913 0.5262103 0.3771964 0.7155953 0.587917 -0.3579719 0.8300197 0.4276956 -0.6372078 0.1847154 0.7482289 -0.7534011 -0.4303849 0.4971475 0.03547269 -0.9529696 0.3009833 -0.1542396 -0.5992569 0.7855581 -0.5388799 -0.4015754 0.7405037 -0.7945338 0.1574623 0.5864485 -0.399799 0.4838882 0.7784685 -0.03799873 0.6094945 0.7918793 0.3812779 0.5385341 0.7514042 0.5957295 0.06956869 0.8001666 0.6644028 -0.4222307 0.6166768 0.2307212 -0.5837504 0.7784621 -0.06535607 0.9650293 -0.2538644 0.7732326 0.50523 -0.3832154 0.8191354 -0.5137736 -0.2550566 -0.04323774 -0.8724937 -0.4867085 -0.7894074 -0.3741245 -0.4866896 -0.8095189 0.3561152 -0.4667559 -0.308599 0.4344159 -0.8461971 -0.6436553 0.1450454 -0.7514451 -0.4456303 -0.3504934 -0.8237524 -0.01116704 -0.8095259 -0.586978 0.4108618 -0.4680993 -0.7823528 0.5328159 -0.005640685 -0.8462124 0.6165993 0.4893659 -0.616706 0.1370816 0.6071944 -0.782639 -0.5737414 0.8179187 0.04277575 -0.9757532 0.2153366 0.0391919 -0.785146 -0.6174906 0.04744786 -0.01656895 -0.9993087 0.03328293 0.6622139 -0.7469238 0.05981361 0.9989469 -0.01659882 0.04277575 0.7830736 0.6214391 0.02468484 0.2154045 0.9759435 0.03369504 -0.1209316 0.9917388 -0.04277616 0.5361741 0.8437465 -0.0246849 0.948081 0.316239 -0.03369545 0.8701655 -0.4908006 -0.04389572 0.09897583 -0.9949555 0.0163536 -0.3013876 -0.9526959 -0.03919219 -0.9273355 -0.371211 -0.04744774 -0.8454141 0.5320564 -0.04680961 0.8698821 0.02716559 0.4925112 0.599815 0.6603588 0.4518278 -0.3289737 0.8976478 0.2932658 -0.8165586 0.2373015 0.526232 -0.7350675 -0.41973 0.5324497 0.1120676 -0.9919136 0.05956786 -0.170418 -0.5491978 0.8181318 -0.6040977 -0.2418156 0.7593361 -0.4736061 0.2980179 0.8287839 -0.07236891 0.6180951 0.7827651 0.3549113 0.5584157 0.7498067 0.5784987 0.1961753 0.7917415 0.3808284 -0.3604465 0.8514977 0.03259545 0.843801 -0.5356655 0.6692111 0.4982697 -0.5512566 0.862833 -0.2691398 -0.4278823 0.2446765 -0.7239415 -0.6450133 -0.4824891 -0.6805387 -0.5514268 -0.9038494 -0.01058799 -0.4277197 -0.4278903 0.5070343 -0.7482154 -0.4670083 0.6617617 -0.5864936 -0.6046599 0.1684219 -0.7784731 -0.5722427 -0.2132066 -0.7918846 -0.3636289 -0.6133388 -0.7011345 0.2396271 -0.7736274 -0.5865829 0.5231153 -0.3470528 -0.7783988 0.6100842 0.02594542 -0.7919118 0.6166189 0.489354 -0.6166958 0.1370705 0.607191 -0.7826434 -0.5740584 0.8182877 0.02936494 -0.9631934 0.2682927 -0.01666033 -0.9370638 -0.3491456 0.002993106 -0.5068268 -0.8620408 0.003506183 0.2933017 -0.9560026 0.005771636 0.8332561 -0.552879 0.002993106 0.9986609 0.04246759 0.02954578 0.7830724 0.6214406 0.0246849 0.2153474 0.9757508 0.0391919 0.4853031 0.8737124 -0.03328311 0.94808 0.316242 -0.03369593 0.8739874 -0.4854995 -0.02089077 0.316526 -0.9485774 -0.003506779 -0.4856585 -0.8741296 -0.005770683 -0.9299958 -0.3675579 -0.002993404 -0.9534645 0.301485 -0.0035066 -0.3712118 0.9273352 -0.04744863 0.5190355 -0.6692934 0.5316473 0.9333741 -0.1016013 0.3442238 0.4563121 0.778927 0.430177 -0.5904858 0.751901 0.2932088 -0.9417549 -0.1463696 0.3027768 -0.2612729 -0.9194217 0.2939391 -0.3048104 -0.5427061 0.7826627 -0.6154445 -0.2432038 0.7497199 -0.5540242 0.1719921 0.8145404 -0.2108213 0.526562 0.8235818 0.4586228 0.8229297 0.3353387 0.5111333 0.1738895 0.8417276 0.5280798 -0.2968266 0.7956292 0.1865985 -0.5495555 0.8143523 0.0329923 0.8514266 -0.5234352 0.7725833 0.5052551 -0.3844899 0.7298607 -0.4589626 -0.506613 -0.04931128 -0.9754538 -0.2146123 -0.9116808 -0.3025665 -0.278014 -0.6329618 0.6694695 -0.3888059 -0.2412869 0.5612598 -0.7916868 -0.5049797 0.170036 -0.8462172 -0.8491659 -0.3163635 -0.4228848 -0.2763 -0.4638244 -0.8417394 0.1788557 -0.5729054 -0.7998688 0.7544529 -0.5005797 -0.4245243 0.5549623 0.02359908 -0.8315408 0.6166625 0.4893358 -0.6166666 0.1684152 0.6046575 -0.7784765 -0.3994998 0.9167266 0.003506541 -0.9458222 0.3246337 0.005770921 -0.9370639 -0.3491451 0.002993226 -0.5064363 -0.861595 0.03429734 0.2929093 -0.9551829 0.0427761 0.8329908 -0.5526917 0.02565473 0.9989583 0.04248285 -0.01666009 0.7833068 0.6216282 0.002992749 0.2683271 0.9633233 0.00299257 0.2492787 0.9684273 -0.002992749 0.7708978 0.6369519 -0.002993166 0.9999627 0.007905781 -0.003506243 0.6396189 -0.7672656 -0.0468102 -0.2447001 -0.9682012 -0.05204117 -0.9064967 -0.4216959 -0.02089077 -0.9534631 0.3014894 -0.003506243 -0.4217402 0.9066984 -0.005771756 0.3730301 -0.7574371 0.5358523 0.9315658 -0.1504184 0.330998 0.5310302 0.7917649 0.301853 -0.2250861 0.6241356 0.748192 -0.747009 0.393714 0.5356931 -0.7017811 -0.30268 0.644894 -0.1847028 -0.6373605 0.7481019 -0.1761406 -0.696891 0.6952103 -0.7353636 -0.3395963 0.5864425 -0.5944321 0.1848721 0.7826065 -0.3396205 0.7353347 0.5864648 0.1564952 0.6078748 0.7784585 0.4772123 0.3943239 0.7853517 0.6721369 0.008092761 0.7403827 0.3663955 -0.439468 0.8201354 0.4136911 0.6571388 -0.6301019 0.921622 -0.04523414 -0.3854437 0.3205294 -0.8003777 -0.5066129 -0.5227475 -0.7370001 -0.4284462 -0.8342734 -0.009773135 -0.5512645 -0.5341483 0.8178983 -0.2138411 -0.48105 0.3580687 -0.8002361 -0.7864702 -0.03344738 -0.6167219 -0.4916943 -0.3901715 -0.7784619 -0.1639631 -0.5885811 -0.7916366 0.3159592 -0.8480163 -0.4254859 0.4631304 -0.3073022 -0.8313096 0.7098716 0.06630706 -0.7012031 0.5650138 0.7534511 -0.3362604 -0.04910999 0.5379002 -0.8415769 -0.7988715 0.6008656 0.02765643 -0.9990926 -0.04248523 0.002993106 -0.7833081 -0.6216266 0.00299257 -0.2683316 -0.963322 0.00299406 0.3491463 -0.9370636 0.002991914 0.8332571 -0.5528778 0.002993345 0.995311 0.09666401 0.003506004 0.6007867 0.7987163 0.03328311 -0.09672069 0.994741 0.03369557 0.2492036 0.9681366 -0.02468484 0.7706518 0.63674 -0.02565461 0.9979262 0.06217575 0.01665955 0.8439976 -0.5363388 -0.002993822 0.3675604 -0.9299948 -0.002993345 -0.2492784 -0.9684273 -0.002993583 -0.7708966 -0.6369533 -0.002993524 -0.9980603 -0.06218326 -0.002993285 -0.8443474 0.5357879 -0.002986788 -0.1037631 0.9940837 0.03210812 0.8278207 -0.4852809 0.2814526 0.6779416 0.5331661 0.506092 -0.1688172 0.9518955 0.2557261 -0.8939808 -0.3289211 0.3043176 -0.147187 -0.9114277 0.3842336 -0.1962679 -0.7623182 0.6167253 -0.4839594 -0.3998481 0.7783989 -0.6185736 -0.0385425 0.784781 -0.5197818 0.4728781 0.7114866 0.1522307 0.591475 0.7918228 0.6976079 0.5764773 0.4254611 0.554768 0.03456318 0.8312869 0.7643422 -0.4857477 0.4240639 0.2041105 -0.5164469 0.8316379 0.03112637 0.8083018 -0.5879451 0.7977213 0.5212724 -0.3031764 0.7804755 -0.559796 -0.2783641 -0.3014726 -0.948062 -0.1014534 -0.8609274 -0.05767488 -0.5054481 -0.5489409 0.6494833 -0.5261516 -0.4809181 0.357995 -0.8003483 -0.8085451 -0.07633715 -0.5834618 -0.3336783 -0.4981479 -0.8003171 0.1592211 -0.5085294 -0.8461953 0.6988549 -0.4134616 -0.5836536 0.5751751 0.1795565 -0.7980809 0.3376477 0.5088335 -0.7918854 -0.06098127 0.6570205 -0.7514023 -0.7990161 0.6009466 0.02089083 -0.9953109 -0.0966649 0.003505885 -0.5559159 -0.8299196 0.04680949 0.292827 -0.954984 0.04751968 0.8620392 -0.5068296 0.003506302 0.9560042 0.2932965 0.005771279 0.5528765 0.833258 0.002993881 -0.09672248 0.9947203 0.03429806 0.4855075 0.8739829 -0.02089107 0.9485769 0.3165272 -0.003506124 0.8741386 -0.4856423 -0.005771458 0.4430654 -0.8964866 -0.00219649 -0.3656131 -0.9307652 -0.001849234 -0.7706492 -0.6367431 -0.02565538 -0.9979262 -0.06217533 0.01665979 -0.8440003 0.5363345 -0.002993345 -0.316236 0.9480605 -0.03429824 0.2921501 -0.8163015 0.4982973 0.9644414 -0.1553624 0.2138118 0.4320625 0.6452986 0.6300093 -0.4173415 0.824306 0.3825514 -0.9560704 -0.09422194 0.2775814 -0.2357189 -0.8652345 0.4424998 -0.427747 -0.353452 0.8319281 -0.9048196 -0.0563665 0.422048 -0.468135 0.2974412 0.8320927 -0.2281677 0.6755137 0.7011568 0.4584867 0.8226491 0.3362118 0.511355 0.1739619 0.841578 0.5228331 -0.293845 0.8001879 -0.05770838 0.8608145 -0.5056365 0.7250092 0.5398227 -0.4277302 0.523628 -0.6993281 -0.4865739 -0.9199476 -0.2367157 -0.3125095 -0.5435256 0.2472397 -0.8021548 -0.1821756 -0.4854707 -0.8550615 0.7649535 -0.2485105 -0.5942126 0.5882102 0.219141 -0.7784511 0.337601 0.5088419 -0.7919 -0.07633358 0.808596 -0.5833917 -0.8057307 0.5922526 0.005919933 -0.9469464 -0.3194441 -0.03532946 -0.5881747 -0.8074589 0.04539561 0.6603 -0.6543809 -0.3684964 0.5182533 -0.8552135 0.00484991 0.9882903 -0.1487424 -0.03403067 0.9370628 0.3491483 0.002993762 0.5528802 0.8332465 0.00488156 -0.09666442 0.9953109 0.003505885 -0.1209058 0.9926472 -0.005770385 0.5357857 0.8443488 -0.002987384 0.9903703 0.1165639 0.07469755 0.9684282 -0.2492747 -0.002993106 0.5938199 -0.8040364 -0.03005695 -0.2450261 -0.9694948 -0.006502151 -0.9271221 -0.3711285 -0.05204135 -0.8460299 0.5324386 -0.02725231 0.5641202 -0.5798704 0.5878085 0.9521266 0.1686263 0.2549903 -0.02124351 0.6631548 0.7481808 -0.588782 0.6053023 0.5356724 -0.8697365 -0.02723413 0.4927644 -0.6357885 -0.6187974 0.4613707 0.02667397 -0.8499737 0.5261496 -0.1370961 -0.5424736 0.8288108 -0.5349234 -0.2141332 0.8173151 -0.4842924 0.304741 0.8201182 -0.0957778 0.8042932 0.5864632 0.4331903 0.4323635 0.7908276 0.5912607 -0.1522041 0.7919878 0.3942452 -0.5290992 0.7514153 0.2917312 0.7924352 -0.5356674 0.614335 0.2503272 -0.748284 0.7923873 -0.2918527 -0.5356719 0.2416834 -0.8915489 -0.3830531 -0.9653168 -0.01370286 -0.2607218 -0.2808347 0.5959693 -0.7522982 -0.2776054 0.9006524 -0.3343062 -0.4621185 0.3066176 -0.8321251 -0.6944788 -0.5673058 -0.4425646 -0.1488753 -0.5345401 -0.8319274 0.2748441 -0.7377367 -0.6166079 0.5350623 -0.3179468 -0.7826993 0.7737211 0.239635 -0.5864562 0.3179985 0.5351164 -0.7826414 -0.293303 0.9560022 0.005771517 -0.8332573 0.5528775 0.002993166 -0.9991924 0.04012072 0.002196252 -0.701588 -0.7125806 0.001847684 -0.2682497 -0.9630078 0.02565562 0.349101 -0.936937 -0.01666021 0.8620415 -0.5068256 0.003506362 0.9560045 0.2932958 0.005771398 0.506824 0.8620424 0.003506124 0.4856579 0.87413 -0.005771636 0.9485784 0.3165233 -0.003506362 0.8741366 -0.485646 -0.005771696 0.3165244 -0.948578 -0.003506183 -0.5320513 -0.8454173 -0.04680955 -0.9915242 -0.1209205 -0.0475198 -0.8439982 0.5363377 -0.002993285 -0.316528 0.9485768 -0.003506124 0.2973763 -0.8098995 0.5055989 0.8165838 -0.2372853 0.5262004 0.7678908 0.4387799 0.4667076 -0.03586298 0.9665881 0.2538137 -0.8218213 0.4216427 0.3831804 -0.7434712 -0.6610345 0.1014099 -0.3193954 -0.5074596 0.8002946 -0.5293048 -0.06131446 0.8462134 -0.6644202 0.4222228 0.6166635 -0.1997792 0.5895574 0.7826304 0.2615063 0.4643104 0.8461858 0.6249867 0.2115458 0.7514253 0.5227621 -0.2938601 0.8002289 0.2591272 -0.7697591 0.5833731 0.02888292 0.7533885 -0.6569412 0.6691714 0.4982364 -0.551335 0.8973558 -0.3717912 -0.2377476 -0.3283617 -0.863083 -0.383753 -0.8602156 -0.05783402 -0.5066403 -0.548412 0.6496216 -0.5265324 -0.4814769 0.3583921 -0.7998346 -0.9050289 -0.0384894 -0.4236051 -0.4348188 -0.3450614 -0.8317844 -0.211254 -0.7583414 -0.6166767 0.3275213 -0.5174769 -0.7905364 0.6101818 0.025949 -0.7918365 0.5352739 0.4709398 -0.7012116 -0.02480268 0.6502022 -0.7593564 -0.7990179 0.6009443 0.02089101 -0.9986609 -0.04246866 0.02954596 -0.7830753 -0.6214371 0.0246849 -0.2682474 -0.9630084 0.0256558 0.353486 -0.9352859 -0.01697224 0.9392401 -0.3361081 -0.06971043 0.9990926 0.04248523 0.002993106 0.7484068 0.6632307 0.003506124 -0.03806453 0.9981784 0.04680955 0.2491989 0.9681125 -0.02565544 0.7707955 0.6368649 0.01665973 0.9980602 0.06218552 -0.002993226 0.8439976 -0.5363388 -0.002992689 0.3165486 -0.9485759 8.9906e-4 -0.4853037 -0.8737121 -0.03328311 -0.9480795 -0.3162437 -0.03369569 -0.8739874 0.4854995 -0.02089029 -0.3674026 0.9295926 -0.02954685 0.4388504 -0.7678403 0.4667243 0.8621598 0.03258138 0.5055878 0.4349558 0.8478967 0.303125 -0.660728 0.7428612 0.1076839 -0.8099696 -0.2974944 0.5054171 -0.2373567 -0.8166328 0.5260921 -0.2937112 -0.5226915 0.8003296 -0.7697272 -0.2591763 0.5833933 -0.5250559 0.295163 0.798245 -0.2274923 0.5755963 0.7854529 0.1649163 0.6408242 0.7497647 0.4707416 0.3889821 0.7918935 0.9044238 0.05635321 0.4228971 0.4682859 -0.2976258 0.8319419 0.211471 -0.6250427 0.7513999 -9.1347e-4 -3.48373e-4 0.9999995 -1.36522e-4 -4.57705e-4 1 1.22166e-4 -1.69334e-5 1 6.24777e-4 -4.41083e-4 0.9999998 0.001338779 -0.002779185 0.9999953 0.001231253 -0.00203669 0.9999973 8.42401e-5 -4.26017e-4 1 -3.09601e-4 -1.61758e-4 1 -7.26897e-5 -8.16644e-5 1 -0.002637684 -4.91191e-4 0.9999965 -1.43347e-4 2.46261e-4 1 1.18851e-5 -9.18135e-5 1 0.001659393 -0.003872394 0.9999911 5.02143e-4 -5.36432e-5 1 0.005428194 0.001753211 0.9999838 -2.45251e-4 -0.00234723 0.9999973 0.002852201 -0.001455783 0.9999949 0.008182406 0.001030862 0.9999661 4.47232e-4 3.23899e-4 1 -0.00314933 -0.002201974 0.9999926 0.01373738 0.02396315 0.9996185 -0.004032135 7.87533e-4 0.9999916 -0.001669883 -0.001143097 0.999998 -5.45498e-4 -1.46802e-4 0.9999999 -9.65597e-4 -1.19159e-4 0.9999996 0 -0.005676984 0.9999839 -2.27172e-4 0.001846432 0.9999983 -0.002390503 0.001145482 0.9999966 -0.001940846 4.39403e-5 0.9999982 -7.12892e-4 -0.002190113 0.9999974 0.05301564 -0.007678389 0.9985641 7.14177e-4 9.96198e-4 0.9999992 -0.001360058 0.003042578 0.9999945 -9.89532e-4 -0.00236386 0.9999967 0.001646041 -0.003331005 0.9999931 -0.002545118 0.001383721 0.9999959 -2.04039e-4 0.008043408 0.9999676 -0.002094089 1.72917e-4 0.9999979 -0.00219798 1.12791e-4 0.9999977 5.93905e-4 -0.001666903 0.9999985 -0.001696586 -0.002508163 0.9999955 -2.86369e-4 6.65095e-4 0.9999998 0.00472325 7.71164e-4 0.9999886 -0.002433955 2.7097e-4 0.999997 -3.71127e-5 1.44388e-4 1 0.001060783 -0.002756476 0.9999957 0.001444578 -6.40689e-4 0.9999988 0.002340435 -0.00490415 0.9999853 -4.48601e-4 -1.82404e-4 0.9999999 -0.01107019 -0.002381801 0.999936 -0.001194179 -9.95027e-4 0.9999988 0.03595578 0.002669692 0.9993498 -0.001230239 0.003179192 0.9999942 7.50158e-4 1.32606e-4 0.9999998 -0.001541972 -0.002002477 0.9999969 0.101756 0.008749485 0.9947709 0.004553973 -9.06187e-5 0.9999897 0.03681427 -0.02724248 0.9989508 3.68836e-4 -0.005922496 0.9999825 -2.53763e-4 -0.00210905 0.9999978 -0.002271652 3.29729e-4 0.9999974 -0.003606796 3.96961e-4 0.9999935 0.009448766 0.003135383 0.9999505 0.001124143 0.002461612 0.9999964 6.76572e-4 0.00356841 0.9999935 0.003220677 -0.001771688 0.9999933 -0.003323674 -0.001423597 0.9999936 6.67848e-4 -0.003537714 0.9999936 -0.001726508 -0.001244425 0.9999977 -3.05087e-5 0.001431167 0.9999991 -0.001182794 -4.19357e-4 0.9999993 -0.09140849 -0.004325568 0.9958041 -8.24696e-4 -4.36435e-4 0.9999996 2.96715e-4 0.002243697 0.9999975 0.05845457 0.06064873 0.9964461 9.67373e-4 0.001976311 0.9999977 9.74828e-4 0.001812875 0.9999979 -0.004129648 0.002878248 0.9999874 -7.83601e-4 -8.30446e-5 0.9999998 -0.002094686 -0.002414405 0.9999949 0.002180516 0.005714774 0.9999814 0.003461122 6.46059e-4 0.9999938 0.001116573 -0.001634597 0.999998 -0.002129256 0.01542294 0.9998788 -0.01112419 0.0024845 0.999935 -0.002892732 0.00367093 0.9999891 9.70872e-5 -3.26663e-4 1 0.001181185 -0.001675367 0.999998 7.15688e-4 1.77413e-4 0.9999998 0.001748621 0.002192318 0.9999961 0.001588165 -8.20373e-4 0.9999984 0.001709997 -0.003050088 0.9999939 -0.001857876 -0.001094758 0.9999977 0.04479187 -0.04048341 0.9981758 0.002884089 0.07435935 0.9972274 0.001477241 -4.05818e-5 0.999999 -0.001000165 -4.34894e-4 0.9999995 3.66681e-4 5.18604e-4 0.9999998 0.001859128 -7.9649e-4 0.999998 0.001406669 -1.70491e-4 0.999999 -0.01249998 -0.004094958 0.9999136 -5.06412e-4 0.001779079 0.9999983 -0.001408338 -0.001258611 0.9999982 4.07107e-4 1.32232e-4 1 0.001285612 0.002787232 0.9999953 0.001131474 0.00101912 0.9999989 0.005065083 -0.001073181 0.9999867 -0.002289533 0.004405319 0.9999877 -2.15843e-4 0.002503275 0.9999969 -1.70749e-4 0.001449763 0.999999 -8.44074e-4 0.001973628 0.9999978 5.96608e-4 0.004431486 0.9999901 4.20874e-4 -0.001879036 0.9999982 -0.007070541 -0.003056824 0.9999704 0.03296935 0.1605163 0.9864824 0.003678798 0.001948952 0.9999914 -0.003516733 -7.14493e-4 0.9999936 -0.07656025 -0.007222771 0.9970389 0.002181351 0.002324342 0.999995 7.65853e-4 -0.001649439 0.9999985 9.03757e-4 0.002045333 0.9999975 -7.61893e-4 0.005501687 0.9999846 5.35281e-4 0.001002669 0.9999994 -4.65203e-4 8.85461e-4 0.9999995 -0.004130363 0.001624822 0.9999902 -0.00109899 -0.001025259 0.9999989 -3.55033e-4 4.90527e-6 1 -0.0101397 0.00701189 0.9999241 -0.001406908 -6.12983e-4 0.9999989 -0.001586079 -0.001845836 0.9999971 0.001497745 1.58169e-4 0.9999989 -0.002181589 -0.003043353 0.999993 -6.01292e-4 -0.001337707 0.999999 0.001183509 -0.001280069 0.9999986 1.58776e-4 -0.001364529 0.9999991 -0.001084625 7.87148e-4 0.9999992 9.0817e-4 -8.71305e-6 0.9999996 8.69084e-4 8.9902e-4 0.9999992 0.001279234 -1.10066e-5 0.9999993 -5.48502e-5 -0.001470804 0.999999 0.001264214 9.77998e-4 0.9999988 0.04948043 -0.01113206 0.9987131 -0.4949274 -0.1569169 0.8546485 -8.99479e-4 -0.001291513 0.9999988 -0.001321732 0.001534759 0.999998 -3.41779e-4 0.002230226 0.9999975 -0.03665554 0.08003056 0.9961182 -0.001177906 2.73583e-4 0.9999994 -0.002779006 -0.001868367 0.9999944 0.001155078 -0.005909502 0.9999819 0.02087527 -0.06695663 0.9975375 0.001812636 -0.00196737 0.9999964 2.83462e-4 -1.64468e-4 1 -0.07281082 -0.01084011 0.9972869 -0.003070533 -0.00161606 0.999994 -0.003381371 -0.00230211 0.9999917 -1.58839e-4 8.21688e-5 1 0.02194625 -0.00611484 0.9997405 -0.05598515 -0.006991982 0.9984071 0.005255997 0.00737524 0.9999591 -8.0392e-4 6.50311e-4 0.9999995 -4.65015e-4 -4.02284e-4 0.9999998 1.64717e-4 2.71086e-4 1 -8.85719e-5 -1.08609e-4 1 -6.40788e-4 5.28754e-4 0.9999997 5.61395e-4 1.3215e-4 0.9999999 0.4546657 -0.853246 0.2554415 0.5413115 0.3757207 0.7522074 0.09462982 0.8622817 0.4975094 -0.7046111 0.5378497 0.4628617 -0.8776963 -0.1263424 0.4622627 -0.4698131 -0.7931569 0.3875279 0.007622182 -0.5802206 0.8144238 -0.430288 -0.3586918 0.8283675 -0.5938277 0.1190573 0.7957349 -0.394238 0.4771229 0.7854491 -0.008073687 0.6721042 0.7404126 0.6428398 0.5358878 0.5473402 0.5496307 -0.2336791 0.80206 -0.5548532 0.8319454 0.00219655 -0.9872539 0.1559365 -0.03183865 -0.9366589 -0.3489946 0.02954632 -0.5527006 -0.8329851 0.02565532 0.04248207 -0.9989584 -0.01666069 0.6216263 -0.7833083 0.00299257 0.976472 -0.2156444 -2.29732e-4 0.7860171 0.6181708 0.00650233 0.01647859 0.9998476 0.005771756 -0.007907271 0.9999626 -0.003506362 0.7680855 0.6403144 -0.006502509 0.9790626 -0.2034729 -0.005932986 0.416898 -0.9058789 0.07469791 0.007906615 -0.9999626 -0.003505945 -0.7672582 -0.6396278 -0.04680973 -0.9812384 0.1916631 -0.02089059 -0.6366772 0.7705695 -0.02941256 0.2741742 0.8798794 -0.3881247 0.8734732 0.2947198 -0.3875371 0.7373909 -0.5222643 -0.428363 0.009616494 -0.8341726 -0.5514196 -0.724506 -0.5399267 -0.428451 -0.5608746 0.6610291 -0.4984579 -0.7643681 0.2467597 -0.5956938 -0.5885021 -0.2192549 -0.7781983 -0.3376457 -0.5088321 -0.7918872 0.03345066 -0.7862688 -0.6169785 0.3903632 -0.4918861 -0.7782447 0.5658894 -0.1281088 -0.8144677 0.4403003 0.3462598 -0.828396 0.006867647 0.5997496 -0.8001583 -0.5588049 -0.2417555 -0.7932789 0.165494 -0.5452423 -0.8217802 0.5321001 -0.1230731 -0.8376888 0.3998323 0.3893423 -0.8297871 -0.2631114 0.5268717 -0.8081948 0.9742305 -0.2253341 -0.009976506 0.2820096 -0.9593956 -0.005533933 -0.9177493 -0.3970431 -0.009648501 -0.4509014 0.8921811 -0.0264768 0.7137783 0.6999366 -0.02468615 0.9166463 0.3994982 0.01268732 0.3246344 0.9456484 0.01901686 -0.3993841 0.916642 -0.01612657 -0.9455038 0.3246098 0.02551662 -0.8673201 -0.496274 -0.03831142 0.2143443 -0.9767165 0.00902754 0.9438764 -0.3302723 0.004184126 -0.7407786 -0.03882044 -0.6706267 -0.6109023 0.1636858 -0.7746002 -0.6283665 0.4080697 -0.662295 -0.4750376 0.5866305 -0.6558993 -0.2437103 0.6348825 -0.733164 -0.03882318 0.7407832 -0.6706215 0.163691 0.6109109 -0.7745922 0.4080631 0.6283651 -0.6623005 0.5866279 0.4750366 -0.6559024 0.6348721 0.2437146 -0.7331717 0.7407757 0.03882032 -0.6706299 0.61264 -0.1641594 -0.7731261 -0.4503343 -0.6934559 -0.5624215 -0.5526927 -0.4475543 -0.7030121 -0.6348761 -0.2437089 -0.7331702 0.6197407 -0.5454559 -0.5642689 0.08828425 -0.4274392 -0.8997231 -0.04106372 -0.815649 -0.577088 -0.5224213 -0.2978778 -0.7989649 0.6450747 -0.2171542 -0.7326136 0.6035406 0.259927 -0.753775 0.2183361 0.644498 -0.73277 -0.2599314 0.6035313 -0.7537811 -0.6444986 0.2183337 -0.73277 -5.08222e-4 -2.66477e-5 -0.9999999 3.32416e-4 2.69969e-4 -1 0.01489388 0.0126903 -0.9998086 -0.002519667 0.005449891 -0.999982 0.001589655 0.005935966 -0.9999811 3.49518e-4 -5.32586e-5 -1 0.01271897 -0.003408074 -0.9999133 0.01597875 0.007713556 -0.9998426 6.46817e-5 -0.001247406 -0.9999992 -0.06082463 -0.08330452 -0.9946662 0.02908849 -0.07577466 -0.9967007 -6.55203e-4 7.02951e-4 -0.9999997 -0.003234803 0.001857221 -0.9999931 -0.02773922 0.01801395 -0.9994529 3.63924e-4 1.39847e-4 -1 0.03807914 0.01461708 -0.9991678 8.61406e-4 -5.60867e-4 -0.9999995 -0.003321409 0.02897304 -0.9995747 0.1049777 -0.01363402 -0.9943812 -2.54788e-4 0.004844605 -0.9999883 -6.29096e-4 4.80233e-4 -0.9999997 -5.84366e-4 5.7474e-5 -0.9999999 6.08263e-4 -1.62592e-4 -0.9999998 -0.04277026 -0.05714952 -0.9974492 2.16694e-4 -2.70418e-4 -1 -3.45001e-4 -0.001287102 -0.9999992 0.008448064 0.003905773 -0.9999567 4.22206e-4 2.21638e-5 -1 -0.004685163 0.05313551 -0.9985764 0.05297803 -0.0654214 -0.9964504 -9.51072e-5 -1.43614e-4 -1 -5.0904e-4 -1.95792e-4 -1 -5.75405e-4 1.53662e-4 -0.9999999 0.07734447 -0.4525197 -0.888394 5.55728e-4 2.42768e-4 -0.9999999 -1.0376e-4 -1.54555e-4 -1 0.0015316 8.59238e-4 -0.9999985 0.02478653 0.03816837 -0.9989639 0.006083369 -0.03555488 -0.9993493 -1.234e-4 -1.0137e-4 -1 -5.56518e-4 3.60854e-4 -0.9999998 -0.001719295 0.004480659 -0.9999885 -6.61146e-4 -3.4606e-5 -0.9999998 0.007163584 8.89909e-4 -0.999974 5.80641e-4 3.04241e-5 -0.9999999 0.03062146 0.0247966 -0.9992235 -0.01696544 0.05382955 -0.998406 6.7812e-4 5.48546e-4 -0.9999997 -0.6884145 0.7253062 -0.004069507 5.9625e-4 2.28673e-4 -0.9999998 5.51157e-4 -1.48122e-4 -1 -0.1095539 0.5449742 -0.8312647 -0.3412221 -0.9388265 0.04661113 -0.6593923 -0.1617299 -0.734197 0.4873967 -0.601251 -0.6331995 0.6502754 -0.1943105 -0.7344287 0.661896 0.1522909 -0.7339627 0.2586904 0.6277914 -0.7341371 -0.6839479 0.1956766 -0.7027987 -0.1187206 0.6003245 -0.7908957 -0.5443656 0.7057726 -0.4533776 -0.1324639 -0.4584807 -0.8787769 0.03981232 -0.9975419 -0.05766618 0.1147069 -0.5760918 -0.8092964 -0.4131104 0.4768817 -0.7758374 -0.7113802 0.1975322 -0.6744771 0.5189757 0.4989031 -0.6940893 0.7114345 -0.198166 -0.6742338 0.4591908 -0.5782551 -0.6743625 -0.4317381 -0.740648 -0.5148229 -0.4906267 -0.4571496 -0.741822 -0.7464932 -0.03911739 -0.6642423 -0.657953 0.1762968 -0.732132 -0.6239545 0.4051995 -0.6682022 0.578207 0.4682309 -0.6681591 0.7557443 0.2900949 -0.587108 0.7505134 0.03933662 -0.6596835 0.5558639 -0.1489459 -0.8178207 0.6162109 -0.4001643 -0.6783456 0.50594 -0.6247782 -0.5947074 0.2678838 -0.6978708 -0.66424 0.0355913 -0.6791157 -0.733168 -0.1919924 -0.716518 -0.6706272 -0.3134266 -0.482631 -0.817821 -0.5710006 -0.4623898 -0.6783466 -0.7505469 -0.2881104 -0.5947031 -0.3318998 0.5910305 -0.7352045 0.3694577 0.5607258 -0.7410045 0.2898414 0.4923284 -0.8207343 -0.3742237 0.6281315 -0.6822079 -0.4332866 -0.5191441 -0.7367172 0.09008419 -0.6237952 -0.7763791 0.5672683 -0.1643607 -0.8069648 -0.6216983 0.1064789 -0.7759855 -0.9418424 -0.3349784 -0.02687889 -0.8229789 -0.5674869 -0.02577704 -0.502137 -0.8647882 0 0.04000204 -0.9988 -0.0282548 0.619112 -0.784694 -0.0309149 0.962907 -0.2682131 -0.02952808 0.939324 0.341872 -0.02818083 0.7861391 0.6172164 -0.03208398 0.2668651 0.963274 -0.02977508 -0.03798121 0.9988113 -0.03055143 -0.6144393 0.7883248 -0.03175449 -0.9620159 0.2712197 -0.03106653 -0.9983198 -0.05232143 0.02490246 -0.9656311 0.2587413 -0.02469235 -0.8384162 0.544475 0.02460646 -0.6291571 0.7769446 -0.02277517 -0.3582693 0.9333191 0.02363467 -0.05232119 0.9983513 -0.02360183 0.2587227 0.9655678 -0.02723062 0.5444698 0.8384107 0.0249024 0.7769087 0.6291289 -0.02469146 0.9333282 0.3582716 -0.02323991 0.9983198 0.05232137 0.02490246 0.9656311 -0.2587413 -0.02469235 0.8384109 -0.5444695 0.02490222 0.6291292 -0.7769085 -0.02469295 0.3582571 -0.9332885 0.02499252 0.05232286 -0.9983811 -0.02230352 -0.2587355 -0.9656134 0.02543514 -0.5444744 -0.8384168 -0.02460032 -0.7771462 -0.6293202 0 -0.9334 -0.3582985 -0.01966315 1.34922e-4 5.0195e-4 -1 -5.49844e-4 1.23187e-4 -0.9999999 -2.04642e-4 5.29694e-4 -1 -2.50912e-5 4.89773e-4 -0.9999999 9.60952e-5 6.08677e-4 -0.9999998 -1.09178e-4 -3.17515e-4 -1 2.03129e-4 1.57318e-4 -1 4.13364e-4 -2.6833e-4 -0.9999999 3.51939e-4 5.95709e-5 -1 2.78838e-4 -6.83595e-5 -1 -4.17258e-4 -3.09966e-4 -1 4.00205e-4 4.72075e-4 -0.9999999 -3.18194e-4 -4.88723e-4 -0.9999998 -6.12191e-4 -1.13761e-4 -0.9999998 -6.30139e-4 2.79367e-4 -0.9999998 2.77082e-4 4.28512e-4 -0.9999999 5.82845e-4 3.04933e-5 -0.9999999 5.39039e-4 -1.44284e-4 -1 1.79301e-4 -4.67419e-4 -0.9999999 -5.03956e-4 1.35098e-4 -0.9999999 3.83722e-4 3.11049e-4 -0.9999999 6.60159e-4 1.78662e-4 -0.9999998 6.7208e-4 -1.14048e-4 -0.9999998 2.73955e-5 -5.34752e-4 -1 -4.25076e-4 -3.45139e-4 -1 -4.91063e-4 3.19873e-4 -0.9999998 -4.83444e-4 -4.85008e-4 -0.9999998 -4.62496e-4 -1.77518e-4 -0.9999999 5.15225e-4 1.97756e-4 -1 -5.07865e-4 -2.66439e-5 -0.9999999 -0.8859997 -0.2949395 -0.3577921 -0.604299 -0.7129761 -0.3556511 -0.1458736 -0.9231645 -0.3556518 0.3249938 -0.8841266 -0.335707 0.6344622 -0.7197994 -0.2816853 0.8741776 -0.3306444 -0.3556513 0.9179079 0.1715478 -0.357794 0.6957546 0.6240486 -0.3556531 0.305859 0.8909274 -0.335706 -0.03789716 0.9587585 -0.2816843 -0.4423554 0.831638 -0.335708 -0.7265625 0.6267064 -0.2816845 -0.9110581 0.2085322 -0.3556506 -0.9726875 -0.08312416 -0.2167243 -0.9345808 0.1765115 -0.3088731 -0.8749213 0.4333127 -0.2162244 -0.7068133 0.636407 -0.3088707 -0.5153709 0.8137142 -0.2688164 -0.2805004 0.9351819 -0.2162278 -0.01732808 0.9509472 -0.3088676 0.242924 0.9320541 -0.268818 0.4920074 0.8433092 -0.2162371 0.6831578 0.661735 -0.3088728 0.8585522 0.4649023 -0.2162268 0.9273248 0.2120831 -0.3083661 0.9749493 -0.05009937 -0.2167124 0.9018424 -0.3021247 -0.3088706 0.8077669 -0.5484108 -0.2162364 0.6135723 -0.7267236 -0.3088722 0.3997687 -0.8763116 -0.2688177 0.1505466 -0.964667 -0.2162254 -0.11232 -0.9444489 -0.3088696 -0.3725945 -0.9024525 -0.216224 -0.5866886 -0.7485955 -0.3088708 -0.7872522 -0.5774783 -0.2162244 -0.8898088 -0.3363792 -0.3083658 0.06380474 0.00608462 0.9979439 0.01832926 -0.04017949 0.9990243 0.06311672 0.004816114 0.9979946 0.03291434 0.0171985 0.9993102 -0.001470327 -0.0348854 0.9993903 0.007278919 -0.04663956 0.9988853 0.03612923 -0.02452844 0.9990462 0.04506367 -0.01509654 0.9988701 0.03140288 0.01700419 0.9993622 -0.0355935 -0.01226645 0.9992911 0.03524464 0.0341407 0.9987955 0.01993811 0.03387063 0.9992274 0.004789829 0.03777438 0.9992749 -8.6701e-4 0.04763263 0.9988646 -0.02441972 0.03855562 0.9989581 -0.03295773 0.02967458 0.9990162 -0.04218167 0.02089202 0.9988915 -0.03958743 -0.02903717 0.9987942 -0.02146559 -0.02879935 0.9993548 -0.004872739 -0.04097807 0.9991483 0.02937471 -0.03479051 0.9989629 0.03481018 -0.00408864 0.9993856 0.01138317 0.04367786 0.9989808 -0.01331269 0.03478169 0.9993063 -0.02351164 -0.03000205 0.9992733 0.01826012 -0.03225338 0.999313 0.01961123 0.03361469 0.9992424 -0.02699404 0.02775609 0.9992503 -0.01855707 -0.04494369 0.9988173 -0.01249045 0.04164183 0.9990546 -0.04075765 0.007697641 0.9991395 -0.05467599 -0.01404589 0.9984054 0.03104311 -0.02358514 0.9992398 -0.03363883 0.009184062 0.9993919 -0.05846428 -0.01208579 0.9982165 -0.9411495 -0.3243438 -0.09507292 -0.5949038 -0.7981544 -0.09507358 -0.04191642 -0.9945876 -0.09507256 0.4917986 -0.868672 -0.05952453 0.795901 -0.6046981 0.02969413 0.9886739 -0.1161246 -0.09507399 0.8822962 0.4609934 -0.09507226 0.5063913 0.8602471 -0.05952382 0.1257318 0.99162 0.02968889 -0.3568363 0.9322682 -0.05953139 -0.6968865 0.7165664 0.02969586 -0.9603238 0.2621824 -0.09507292 -0.9888231 -0.06939685 0.1319578 -0.9735793 0.2270685 -0.02415436 -0.8560968 0.4996856 0.1319572 -0.6764968 0.7360494 -0.02415549 -0.4291707 0.9020822 0.0453906 -0.1430971 0.9808727 0.1319553 0.1536763 0.9878261 -0.02414935 0.4376955 0.8979771 0.0453881 0.6776585 0.7234402 0.1319594 0.8681296 0.4957495 -0.02415686 0.9674357 0.215998 0.1319594 0.9965481 -0.07942682 -0.02415329 0.9210081 -0.3665125 0.1319578 0.778644 -0.6270011 -0.02415311 0.5588253 -0.8280425 0.04538923 0.2876906 -0.9485892 0.1319576 -0.004732966 -0.999697 -0.02415418 -0.2966595 -0.9458228 0.1319562 -0.56706 -0.8233223 -0.02415311 -0.7779105 -0.6143637 0.1319572 -0.9323216 -0.3608229 -0.02415305 -0.9325487 -0.3609148 -0.009671568 -0.7847705 -0.619778 -0.003263354 -0.4870434 -0.8730402 0.02428561 -0.567225 -0.8235628 -6.40846e-4 -0.2992468 -0.9540722 -0.01405924 0.03842216 -0.9990471 0.02070987 -0.004734218 -0.9999663 0.006702363 0.2902143 -0.9569129 -0.009671688 0.559399 -0.8288921 -0.003262996 0.778871 -0.627184 -6.40846e-4 0.8342024 -0.5509237 0.02428585 0.9290421 -0.3697069 -0.01405936 0.9968165 -0.07944804 0.006702482 0.9979051 -0.06360012 0.01186084 0.951454 0.3074321 0.01485961 0.9759632 0.217904 -0.003722131 0.8683428 0.4958703 -0.009671509 0.6836263 0.7298149 -0.005026698 0.4381417 0.8989 -0.003263235 0.1121982 0.9936309 0.01045107 0.1537212 0.9881141 -6.40618e-4 -0.2354711 0.9717678 0.01485943 -0.1443583 0.9895185 -0.003721714 -0.4295932 0.9029707 -0.00967127 -0.6766905 0.7362621 0.002848267 -0.86358 0.5040529 -0.01266556 -0.9738583 0.227133 -0.003263056 -0.9901717 -0.1387386 0.01765745 -0.9975462 -0.07000929 -6.40618e-4 -0.9411681 0.3370073 0.02507567 -0.6283586 0.7776016 0.02238959 0.4932535 0.8698008 0.01215761 0.7616771 0.6477673 0.01567345 0.4829146 -0.8754637 0.0188862 -0.8369286 -0.5469863 0.0188862 -0.7666732 0.4187438 -0.4866887 -0.1878674 0.8638586 -0.4673908 0.5467272 0.5150246 -0.6601812 0.7533639 -0.02886515 -0.6569702 0.06659042 -0.8651475 -0.4970771 -0.7979313 -0.5210419 -0.3030196 -0.6199646 -0.2309986 -0.7498558 -0.3376576 -0.5088931 -0.7918429 0.4344004 -0.575676 -0.6927434 0.717584 -0.009230077 -0.6964109 0.7093815 0.5629588 -0.4240934 0.1490041 0.534935 -0.8316505 -0.2610262 0.6060287 -0.7513951 -0.5895103 0.1992666 -0.7827966 0.9999676 0.007911205 -0.001481235 0.6812755 -0.7320231 -0.002434611 0.06217342 -0.9979723 -0.01363343 -0.5363416 -0.8440001 -0.00126475 -0.9300009 -0.3675553 -0.001264572 -0.9534696 0.3014854 -0.001481235 -0.421723 0.9067214 -0.002434551 0.2492832 0.9684298 -0.00126487 0.7709016 0.6369531 -0.001264691 0.7833147 0.6216241 0.001264631 0.2683308 0.963326 0.001264691 -0.3994944 0.9167345 0.001480996 -0.9458369 0.3246333 0.00243473 -0.9370678 -0.3491453 0.00126487 -0.5528815 -0.8332591 0.001264631 -0.04465746 -0.9990019 9.0928e-4 0.7357147 -0.6771292 -0.01483589 0.9998617 -0.01646143 0.00243467 0.9104402 0.3986727 0.1102666 0.0208866 0.8860248 0.4631672 -0.6949121 0.6310086 0.3448554 -0.8095991 -0.2973963 0.5060681 -0.1982523 -0.8815752 0.4283937 0.6153889 -0.619422 0.4874557 0.5755054 0.007616639 0.8177626 0.5500908 -0.5942702 0.5867224 0.03903657 -0.6266052 0.7783587 -0.3275891 -0.5155046 0.7917957 -0.8422262 -0.3328651 0.4240944 -0.5161548 0.1599017 0.8414366 -0.2527805 0.5504765 0.7956618 0.1543162 0.5994973 0.7853596 0.5101698 0.4215222 0.7496973 5.56096e-4 0.001974582 0.9999979 1.69291e-4 -5.39843e-4 0.9999999 -0.002957165 6.8648e-4 0.9999954 -1.22628e-5 7.87807e-5 1 0.001919627 0.002137005 0.9999959 -0.00167948 0.001119613 0.999998 -1.62235e-4 -4.97603e-4 0.9999999 -6.96526e-4 -0.001634061 0.9999985 -6.04335e-4 -2.91812e-4 0.9999998 -4.14946e-5 -6.8822e-4 0.9999998 0.001889109 3.14826e-5 0.9999982 -0.001447558 -0.002441346 0.999996 0.001552999 4.60828e-4 0.9999987 0.001580715 0.001182496 0.9999982 -0.002021849 5.74661e-4 0.9999979 0.001518487 -0.001008629 0.9999984 -5.8404e-4 -3.58786e-4 0.9999998 0.7555975 0.6485118 0.09222245 0.2301054 0.9687862 0.09222233 -0.383279 0.919017 0.09222227 -0.7727318 0.6236069 0.1183226 -0.9847842 0.1440237 0.09724956 -0.9423097 -0.3186083 0.1026703 -0.7266495 -0.6804381 0.09478741 -0.2957267 -0.9483759 0.1145821 0.1234773 -0.9886581 0.08548957 0.4511967 -0.8853067 0.1124885 0.8689307 -0.4858369 0.0944572 0.9924768 0.0805279 0.09222257 0.9935637 0.02361214 0.1107865 0.8162305 -0.5638945 0.1256619 0.3286969 -0.9354084 0.1302675 -0.2845739 -0.9522311 0.1107866 -0.7470773 -0.6567606 0.1026703 -0.9510401 -0.288604 0.1105924 -0.9688997 0.2180145 0.1170597 -0.7924939 0.5997691 0.1105927 -0.3294826 0.9376393 0.1107867 0.2845732 0.9522314 0.1107867 0.7899324 0.6031029 0.1107866 0.005690932 0.003170311 0.9999788 0.002010166 0.002665877 0.9999945 -4.6974e-5 0.003492772 0.9999939 0.00162214 0.00139141 0.9999978 1.18807e-4 4.9327e-4 1 -0.00156784 0.003377199 0.9999932 -0.003376543 -0.001255691 0.9999936 -0.001513779 -0.001257836 0.9999982 -0.00108838 0.002616107 0.9999961 -0.02041405 -0.02662348 0.9994372 -0.003857135 -0.001378715 0.9999917 -0.004176735 -0.005931019 0.9999738 0.001818418 0.0285269 0.9995914 -4.99388e-4 -0.002066493 0.9999977 1.84942e-4 -0.002445816 0.9999971 0.06585025 -0.04798775 0.996675 -0.0276339 -0.006044745 0.9995999 -6.45529e-5 -0.00424993 0.999991 0.002187371 1.77715e-4 0.9999976 0.005953907 -5.35055e-4 0.9999822 0.833662 -0.05258059 0.5497664 0.4546165 -0.1205177 0.8824961 0.6165349 -0.4107254 0.6717064 0.4948288 -0.2890605 0.819505 0.2311529 -0.4989506 0.8352346 0.03303039 -0.8941823 0.4464829 -0.06466388 -0.565427 0.8222597 -0.3676531 -0.6500992 0.6649829 -0.3635054 -0.6455073 0.6717025 -0.4802817 -0.2677922 0.8352346 -0.8643692 -0.1168053 0.4891037 -0.5184726 0.04666161 0.8538202 -0.3754385 0.3134236 0.8722451 -0.3025822 0.4609987 0.8342208 -0.1964873 0.8232906 0.5325273 0.08611094 0.73172 0.6761441 0.008108794 0.5420724 0.8402928 0.3120622 0.4433112 0.8402931 0.6375078 0.2016609 0.7435837 0.5148423 0.1932399 0.835222 0.6428766 0.5505655 0.5325292 0.3604269 0.6425901 0.6761439 -0.4240644 0.5211285 0.7406717 -0.8680379 0.309059 0.3885781 -0.6148883 -0.4089689 0.6742826 0.3618757 -0.6437315 0.6742816 0.9753288 -0.2207039 -0.00487262 0.1467984 -0.9891533 -0.005105972 -0.7549245 -0.6557053 -0.01182776 -0.9742628 0.2253363 0.005978822 -0.3903359 0.9206098 -0.01074403 0.5621333 0.8270303 0.005222558 0.5627924 0.8265808 0.005386412 -0.5150184 0.8571159 0.01041543 -0.9869707 0.1607851 -0.006085038 -0.6483309 -0.7612864 0.01049101 0.1540167 -0.9880473 -0.006444096 0.9624943 -0.2712334 0.006108283 -0.4123318 -0.3581365 -0.8376879 0.07996982 -0.5523195 -0.829788 0.5577705 -0.1262171 -0.8203423 0.3114265 0.4617568 -0.8305386 -0.2131912 0.5028198 -0.8376885 -0.5321018 0.1230701 -0.8376883 -0.4761117 -0.2676452 0.8376656 -0.4931395 0.261298 0.8297812 0.003725707 0.543678 0.8392857 0.4392909 0.3432828 0.8301689 0.4576333 -0.3394643 0.8217881 -0.06330239 -0.542486 0.8376765 1.72055e-4 0.9999507 0.009938716 -0.8818822 0.4712685 0.01377886 -0.8715432 -0.4899687 0.01852887 -0.115899 -0.9932109 0.009977161 0.8084026 -0.5886115 0.004653275 0.7952929 0.6062182 0.002997756 0.845474 0.5338026 -0.01512026 0.8047435 -0.5935928 0.005948603 -0.01283359 -0.9999119 -0.003411769 -0.7188884 -0.6949787 -0.01429075 -0.9525952 0.3039037 -0.01431912 -0.1928448 0.9810072 -0.02087563 0.2639706 -0.9233524 0.278819 0.9837077 -0.03481525 0.1763727 0.3519427 0.9092449 0.2222838 -0.8831159 -0.4673395 -0.04123473 -0.6813484 0.6304364 0.3719064 -0.4389544 0.1288409 0.8892239 -0.5034422 -0.481974 0.7171102 -0.1073015 0.5468266 0.8303416 0.43163 0.2725717 0.8598839 0.4264032 -0.319908 0.8460729 -0.01116406 -0.6460762 0.7631915 0.02326619 0.01200419 0.9996573 0.001655817 -0.002974152 0.9999942 0.003269851 -3.81264e-4 0.9999946 -8.16556e-5 0.002067327 0.9999979 -0.003074586 0.01187151 0.9999248 -0.06095016 0.03290903 0.9975982 -0.002276837 -2.42552e-4 0.9999974 -0.002133071 -0.001476645 0.9999967 0.001084148 -0.001296103 0.9999986 0.01632797 -0.02624803 0.9995221 0.002288818 0.001811027 0.9999958 -0.01652055 0.002147257 0.9998613 0.02310806 -0.02927172 0.9993044 5.03723e-4 -8.43734e-4 0.9999995 -0.04744386 -0.007268071 0.9988475 0.02731549 0.01394009 0.9995297 -0.03340756 -0.02899104 0.9990214 0.08364301 -0.006981909 0.9964714 -0.08652877 0.009231626 0.9962067 -0.01612073 -0.02138274 0.9996415 0.01255178 0.01811856 0.9997571 -0.04164302 0.001301527 0.9991317 0.08624351 -0.00954169 0.9962285 -2.17227e-4 0.001456856 0.999999 0.06982821 -0.003492414 0.9975529 -0.03251087 0.005955696 0.9994537 0.08342498 -0.02651447 0.9961614 -0.6544427 0.1899583 0.731861 -0.1751694 0.655684 0.7344346 0.1715794 0.6571533 0.7339687 0.6343414 0.2423905 0.7340694 0.09978723 -0.4627588 0.8808501 0.6212978 -0.4619365 0.6329327 0.6347769 -0.4915999 0.5961441 -0.4963029 -0.1486028 0.8553366 -0.5867525 -0.07463186 0.8063198 -0.9056521 0.02121853 0.4234904 0.4319077 -0.4407711 0.7868779 0.4081752 -0.7489354 0.5220047 0.7108069 -0.1218796 0.6927474 0.5138475 0.5041501 0.6941134 -0.1772388 0.7169361 0.6742322 -0.5063502 0.512584 0.6934459 -0.7529288 -0.4098773 0.5148777 -0.471272 -0.4770261 0.741855 0.4847489 -0.8570983 0.1743597 -0.5492242 0.8169031 0.1761314 -0.7494881 -0.1664484 0.6407516 0.9134199 0.1371421 0.3832185 0.5785685 -0.06770735 0.8128188 -0.2143787 -0.703131 0.6779739 -0.8537635 -0.2635641 0.4490234 -0.5030875 0.2650271 0.8225957 0.1806064 0.3565904 0.9166377 -0.327495 -0.9435831 0.0489704 -0.5905932 -0.8067736 0.01778215 -0.8785771 -0.4763813 0.03410524 -0.9992305 0.02221864 0.03232729 -0.8889187 0.457086 -0.02992987 -0.7623971 0.6450873 0.05112046 -0.239881 0.9703531 0.02952897 0.3711771 0.9284902 0.01156699 0.6399902 0.7677131 0.03208297 0.968284 0.2495924 0.01139765 0.9961407 -0.07166475 0.05067676 0.8004698 -0.5989455 0.0226407 0.4761207 -0.8787161 0.03416538 -0.03745478 -0.9990235 0.02343434 -0.1529522 -0.9882315 -0.002036869 0.269447 -0.962481 -0.03207129 0.7093883 -0.7044068 -0.02407068 0.9370689 -0.3477512 -0.03116232 0.9792479 0.2024731 -0.00883913 0.7045741 0.7095507 -0.0106402 0.3478389 0.9372993 0.02186518 -0.1599041 0.9870753 -0.01064074 -0.5536845 0.8321086 -0.03207188 -0.9112399 0.4117812 -0.008838951 -0.9779143 -0.2021996 -0.05290675 -0.6728836 -0.7390283 -0.03263199 4.08968e-4 -5.30628e-4 0.9999998 4.2282e-4 9.06855e-5 1 3.87744e-4 -5.72026e-4 0.9999998 5.94425e-4 2.45904e-4 0.9999998 -1.51e-4 -1.81924e-4 1 -1.39676e-4 -2.9522e-4 1 4.59118e-5 -6.07742e-4 0.9999999 2.91953e-4 2.12834e-4 1 -3.75439e-4 3.66565e-4 0.9999999 1.13869e-4 2.52319e-4 1 -5.48907e-4 -1.07615e-4 1 3.46942e-4 5.77268e-4 0.9999998 1.0132e-4 6.21574e-4 0.9999999 -1.32207e-4 4.61518e-4 0.9999999 -4.97872e-4 1.80772e-4 0.9999999 -6.38872e-4 -3.35217e-4 0.9999998 7.63621e-5 -4.87441e-4 0.9999999 3.06706e-4 3.45316e-4 1 -3.09803e-4 -3.28051e-4 1 2.89212e-4 -4.60671e-4 0.9999999 8.53288e-5 5.95418e-4 0.9999999 -1.72499e-4 -4.64121e-4 0.9999999 -2.77457e-4 -5.41836e-4 0.9999999 2.02206e-4 2.24876e-4 1 -0.5459602 -0.7585781 0.3556501 -0.8606276 -0.3644663 0.3556466 -0.936441 0.1018922 0.3357031 -0.8517043 0.4418776 0.2816807 -0.5319464 0.7684704 0.3556491 -0.05521863 0.9329866 0.3556503 0.4375866 0.8258522 0.3556491 0.8029806 0.4782636 0.3556489 0.9415938 0.02656781 0.3357014 0.9039406 -0.3217869 0.2816815 0.6620989 -0.670019 0.3357076 0.3818114 -0.8802697 0.2816832 -0.07233655 -0.9318165 0.3556479 -0.1076864 -0.9440612 0.3116925 0.1530006 -0.9642812 0.2162236 0.3969597 -0.8643057 0.308867 0.6232434 -0.7343747 0.2688149 0.8091642 -0.5463523 0.2162231 0.9026051 -0.2998343 0.3088744 0.9621046 -0.04576021 0.2688139 0.951588 0.2184532 0.2162374 0.8351986 0.4550177 0.3088726 0.6995552 0.6810798 0.2162243 0.4772026 0.8227264 0.3088675 0.244553 0.9451004 0.2167463 -0.02187001 0.9499333 0.3116866 -0.2828845 0.9344644 0.2162237 -0.5109548 0.8022015 0.308866 -0.7272194 0.6514544 0.2162386 -0.8533746 0.4199411 0.3088715 -0.9469119 0.1763392 0.2688167 -0.9724735 -0.0868436 0.2162258 -0.8893781 -0.3370515 0.3088737 -0.7857811 -0.5794789 0.2162233 -0.5847758 -0.7500913 0.3088698 -0.370961 -0.9029971 0.2167581 0.008126616 0.05461895 -0.9984743 0.007386386 0.04290872 -0.9990517 -0.03961229 0.01949435 -0.9990249 0.005578875 0.05871474 -0.9982593 0.02128672 0.03272694 -0.9992376 -0.03491026 -4.47215e-4 -0.9993904 -0.04639971 0.008639872 -0.9988856 -0.02503675 0.03927361 -0.9989148 -0.01223248 0.04040777 -0.9991084 0.02148073 0.03705626 -0.9990823 0.03756982 -0.003603398 -0.9992875 -0.0132988 -0.03520995 -0.9992915 -0.01308888 0.03215569 -0.9993972 0.0351203 0.03422164 -0.998797 0.03186452 0.01585453 -0.9993665 0.04192686 -0.00199598 -0.9991187 0.03777259 -0.02551692 -0.9989606 0.02980601 -0.03508657 -0.9989398 0.01872938 -0.04079121 -0.9989922 -0.03016042 -0.03870755 -0.9987953 -0.02940005 -0.02060729 -0.9993554 -0.04107081 -0.0036695 -0.9991496 -0.03350454 0.0300157 -0.9989878 0.04711341 0.01081597 -0.998831 0.0336247 -0.01842206 -0.9992648 0.02004569 -0.03080731 -0.9993243 -0.03067761 -0.02261823 -0.9992735 -0.02875751 0.01908111 -0.9994043 0.03418993 0.01861363 -0.9992421 -0.04546517 -0.01722669 -0.9988174 0.04333698 -0.01439887 -0.9989568 0.006497919 -0.04095512 -0.9991399 -0.01564788 -0.05422914 -0.998406 0.006834745 -0.0395025 -0.9991961 -0.01378786 -0.05808687 -0.9982163 -0.3517881 -0.931239 0.09507405 -0.815248 -0.5712548 0.09507244 -0.9953889 -0.01275312 0.0950706 -0.8296165 0.5501796 0.09507334 -0.3755341 0.9219192 0.09507417 0.1693421 0.9837582 0.0595256 0.5447547 0.8380696 -0.02969598 0.8912815 0.4433718 0.09507369 0.9936627 -0.09534901 0.05952376 0.8764302 -0.4806124 -0.02969479 0.5449903 -0.8363268 0.05952489 0.1706978 -0.984876 -0.02969425 -0.09834241 -0.986365 -0.1319581 0.1984404 -0.9798153 0.02415448 0.4780848 -0.8771402 -0.04538792 0.7098592 -0.6918722 -0.1319577 0.8897804 -0.4557498 0.02415239 0.983855 -0.1731165 -0.04539078 0.9835187 0.1236074 -0.131955 0.9110903 0.4114989 0.02415353 0.7429837 0.6561726 -0.1319574 0.5209856 0.8532237 0.02415668 0.24615 0.9681686 -0.04538577 -0.04976677 0.990005 -0.1319602 -0.3422605 0.9392948 0.02414947 -0.5988157 0.7899413 -0.1319569 -0.8119161 0.5832742 0.02415543 -0.9397507 0.3153651 -0.1319608 -0.9994065 0.02456247 0.02415376 -0.9541081 -0.2688198 -0.1319612 -0.8395841 -0.5426925 0.02415448 -0.6369014 -0.7595682 -0.1319581 -0.3879767 -0.9213526 0.02415329 -0.3881013 -0.9216123 -0.002847373 -0.6424592 -0.7662152 0.01266616 -0.8398197 -0.5428421 0.005026817 -0.9625228 -0.2711864 -0.002847373 -0.9996179 0.02456945 0.01266628 -0.9480299 0.3181415 0.005026817 -0.8121449 0.5834489 -0.002847313 -0.6040443 0.7968501 0.0126658 -0.3423565 0.9395567 0.005027055 -0.05020582 0.9987348 -0.002847313 0.2463893 0.9690883 0.01266604 0.5211222 0.8534759 0.003263235 0.793362 0.6084942 -0.01765763 0.7495428 0.6619557 6.40617e-4 0.911315 0.4115962 0.009671807 0.9921818 0.1247 0.005026757 0.9848647 -0.1732947 0.003263413 0.8562785 -0.5162126 -0.01765751 0.8900368 -0.4558884 6.40732e-4 0.7160848 -0.6979464 0.009671688 0.4785683 -0.8780457 -0.002847194 0.1984844 -0.9800222 0.01266604 -0.09920775 -0.9950541 0.005026698 0.03905194 -0.9990321 -0.02024465 0.5332925 -0.8456346 -0.02238965 0.9936793 -0.1115962 -0.01215738 0.9716129 0.236057 -0.01567322 0.4198781 0.907234 -0.02507555 -0.08645194 0.9961574 -0.01401895 -0.4686475 0.8831533 -0.02024501 -0.8327308 0.5535007 -0.01401895 -0.9826741 0.1842336 -0.02024465 -0.9519434 -0.3059533 -0.01401895 -0.756726 -0.6534186 -0.02024489 -0.3543259 -0.935017 -0.01401877 0.7165187 -0.499336 0.4870983 0.824458 0.5550948 0.1101773 -0.264074 0.922926 0.2801295 -0.9623588 0.09329587 0.2552675 -0.5304132 -0.7911267 0.3045989 -0.5549224 -0.139771 0.8200764 -0.4255521 0.321533 0.8458854 -0.1538689 0.7971034 0.5839098 0.3629396 0.4813414 0.797863 0.5646892 0.1105743 0.8178628 0.6478024 -0.4862104 0.586474 0.01347965 -0.6119176 0.7908067 -0.1629366 0.9866335 0.002434849 -0.7865815 0.6174848 0.001481533 -0.9762755 -0.2165145 0.002743303 -0.3986704 -0.9170903 0.002743959 0.4597658 -0.8879289 0.01406729 0.9187781 -0.3946257 0.01083576 0.9752951 0.220794 -0.007035255 0.6174777 0.7865871 0.001481652 0.5981251 0.8013991 -0.002434849 0.9823699 0.1869416 -0.001481652 0.8013532 -0.5980262 -0.01406747 0.2418645 -0.9702519 -0.01063054 -0.6077786 -0.7925841 0.04915022 -0.9697106 -0.2442418 -0.002743542 -0.8014058 0.5981162 -0.002435088 -0.1869415 0.98237 -0.001481533 0.4456725 0.6046352 -0.6601458 0.8812006 0.07071214 -0.4674242 0.4129784 -0.6575886 -0.6301001 -0.3230512 -0.6925622 -0.6449772 -0.8655367 -0.1141632 -0.4876608 -0.4767733 0.8720228 -0.1107404 -0.1010917 0.5941636 -0.7979664 -0.4508467 0.3578922 -0.8177105 -0.7017295 -0.1556377 -0.6952357 -0.2865779 -0.6591957 -0.6952224 0.4341118 -0.8354752 -0.3369395 0.5102136 -0.219154 -0.8316572 0.6954249 0.1574375 -0.7011402 0.5029795 0.6373138 -0.5838174 -2.03677e-4 0.002871811 -0.999996 0.002013742 -1.17844e-4 -0.999998 -5.31095e-4 -3.66485e-4 -0.9999999 0.001958787 -7.58427e-4 -0.9999979 2.80272e-4 -6.15385e-4 -0.9999998 -0.001048803 0.001175701 -0.9999988 -5.47434e-4 0.001899659 -0.999998 -3.5582e-4 -0.002797961 -0.9999961 -1.79893e-4 -5.62536e-4 -0.9999998 -5.26523e-4 -0.001432597 -0.9999989 -0.001332223 0.001107335 -0.9999986 -2.74746e-4 -5.91333e-4 -0.9999998 -0.001670181 1.07689e-4 -0.9999987 2.28799e-4 -6.49814e-4 -0.9999998 0.002749145 -0.001281559 -0.9999954 7.00733e-5 2.57199e-5 -1 7.50908e-4 0.001899838 -0.9999979 0.6182487 0.78115 -0.0870248 0.8853971 0.4550685 -0.09478801 0.9938716 -0.04096567 -0.1026701 0.8885824 -0.4488172 -0.09478795 0.5510393 -0.8281392 -0.1026704 0.1591924 -0.9826867 -0.09478795 -0.4100437 -0.9073915 -0.09222227 -0.8650841 -0.4930768 -0.09222233 -0.9896911 0.109575 -0.09222215 -0.7789573 0.6165198 -0.1145821 -0.4554497 0.8861475 -0.08548915 0.1097278 0.9910671 -0.0758025 -0.2559391 0.9578754 -0.1302681 -0.7719199 0.6259922 -0.1107867 -0.9924451 0.05271697 -0.1107866 -0.8338894 -0.5406984 -0.1107867 -0.3568156 -0.9275823 -0.1107872 0.189834 -0.9764333 -0.1026704 0.5762875 -0.8097296 -0.1105928 0.9015333 -0.420353 -0.1026701 0.9938183 -0.00971508 -0.1105931 0.8330359 0.5401431 -0.119569 0.3559682 0.9253739 -0.1302685 0.0033679 0.005600988 -0.9999787 0.004033267 0.001854062 -0.9999902 0.001472353 0.001619279 -0.9999977 0.002074599 0.001227855 -0.9999971 0.004381775 -7.09368e-4 -0.9999902 0.002689182 -2.5105e-4 -0.9999964 0.005634665 -0.005284905 -0.9999703 -0.001158654 -0.002608597 -0.999996 -4.58959e-4 -2.55547e-4 -0.9999999 0.001829564 -7.87253e-4 -0.999998 0.001036524 -0.001791894 -0.9999979 -0.001482844 -0.003816127 -0.9999917 -0.002586305 -0.00240916 -0.9999938 -0.001635551 0.001481533 -0.9999976 6.64388e-4 -0.003470957 -0.9999938 -0.002108991 2.34863e-4 -0.9999977 -0.001137495 0.001950681 -0.9999974 6.86697e-4 -0.003533601 -0.9999936 -0.003412604 -3.369e-4 -0.9999942 -0.006155788 0.002025961 -0.9999791 -0.002772748 0.003566384 -0.9999898 2.44858e-4 0.002189159 -0.9999977 -3.56963e-4 0.005961656 -0.9999822 -0.1130508 0.5302273 -0.840285 -0.3578284 0.3416804 -0.8690301 -0.5892837 0.09748214 -0.8020238 -0.4917473 -0.2281874 -0.8403065 -0.2534724 -0.4248738 -0.869042 0.03608876 -0.5961908 -0.8020313 0.3366279 -0.4347992 -0.8352433 0.7491849 -0.4466524 -0.489105 0.4951769 -0.1605597 -0.853827 0.6458044 0.1539559 -0.7478198 0.5823765 0.4541079 -0.6742579 0.5345596 0.3937591 -0.7477967 0.2261537 0.5528563 -0.8020004 0.3138509 0.6710463 -0.6717102 0.6507036 0.1538468 -0.7435832 0.8184173 -0.09481763 -0.5667476 0.424063 -0.6759089 -0.6027585 0.02497404 -0.6578772 -0.752711 -0.295515 -0.781395 -0.5496298 -0.6713007 -0.5790351 -0.4626812 -0.7470834 -0.2407373 -0.6196062 -0.6469422 0.1220383 -0.7527101 -0.6960079 0.4620164 -0.549649 -0.415169 0.7832942 -0.4626934 -0.06846654 0.7818246 -0.6197279 -0.6879907 0.7246922 0.03860163 -0.9209452 -0.3895401 0.01088726 -0.2517823 -0.9677503 -0.008075594 0.8782569 -0.4766244 0.03865617 0.6361845 0.7713433 0.01728832 0.9850772 -0.01440131 0.17151 0.9919728 -0.1248629 -0.0199843 0.5319931 -0.8466801 -0.01078557 -0.4702684 -0.8815685 0.04104685 -0.9549364 -0.296786 -0.003834009 -0.8783656 0.4778686 -0.01075005 0.05201363 0.9978794 -0.03913408 -0.1460984 -0.5337948 0.8328977 -0.502081 -0.216189 0.8373631 -0.407564 0.4251652 0.8081623 0.3764422 0.4518595 0.8087733 0.5189916 -0.2784308 0.8081609 -0.9545117 -0.2981734 4.07977e-4 -0.970479 0.2411832 0.001205325 -0.7038812 0.7103168 0.001205265 -0.2323405 0.9726343 7.63416e-4 0.3068496 0.951758 4.07974e-4 0.757218 0.6531623 4.09252e-4 0.9866588 0.1628023 3.54917e-4 0.9285994 -0.3710836 4.07974e-4 0.600604 -0.7995467 4.07959e-4 0.09773629 -0.9952123 4.07974e-4 -0.3996023 -0.9166886 3.47581e-4 -0.7041828 -0.7100188 0 -0.7231857 -0.6906536 -3.47591e-4 -0.4243243 -0.9055103 0 0.04851114 -0.9988226 -4.07974e-4 0.5604209 -0.8282079 -4.07966e-4 0.909158 -0.4164512 -4.07974e-4 0.9930902 0.1173539 -4.0926e-4 0.7863935 0.6177259 -3.54903e-4 0.3534376 0.9354581 -4.07989e-4 -0.1471964 0.9891073 -3.476e-4 -0.4950747 0.8688501 -7.61737e-4 -0.8439826 0.5363692 -0.001205325 -0.998367 0.05712223 -8.03575e-4 -0.9514034 -0.3079468 5.77444e-4 2.31764e-5 0 1 -1.98558e-6 0 1 -1.6185e-5 0 1 -1.18922e-5 0 1 6.55766e-6 0 1 2.40641e-5 0 1 1.76166e-5 0 1 -1.88363e-5 0 1 -9.36672e-6 0 1 -4.75844e-6 0 1 2.9266e-5 0 1 3.93942e-5 0 1 1.19475e-5 0 1 -1.71377e-5 0 1 6.94366e-6 0 1 1.14462e-5 0 1 -2.24325e-5 0 1 0.8591817 0.5116706 4.29828e-4 0.4216547 0.9067564 4.29818e-4 -0.1624057 0.9867233 0.001265048 -0.6900277 0.723782 0.001265048 -0.9684177 0.2493319 8.41375e-4 -0.9880832 -0.1539202 -6.10366e-4 -0.7966533 -0.6044365 3.19301e-4 -0.4962489 -0.86818 7.98098e-4 0.01352941 -0.9999077 0.001265048 0.5744467 -0.818541 0.001264989 0.9204402 -0.3908827 8.41366e-4 0.9999905 0.00432837 -6.08222e-4 0.9999759 -0.00695008 -4.29824e-4 0.8223026 -0.5690491 -0.001264989 0.3588623 -0.9333898 -0.001264989 -0.2292912 -0.9733572 -0.001265048 -0.7383405 -0.6744276 -8.08686e-4 -0.9902633 -0.1392073 -3.73393e-4 -0.8979308 0.440135 -0.001265048 -0.4939689 0.8694787 -0.001264989 0.04061764 0.9991744 -8.41379e-4 0.4318541 0.9019434 6.08233e-4 0.8301342 0.5575634 -4.29825e-4 1.82913e-6 0 -1 -3.19521e-6 0 -1 3.64736e-6 0 -1 -2.58777e-6 0 -1 3.10111e-6 0 -1 -2.04065e-6 0 -1 -0.241756 0.5588061 -0.793278 -0.5452436 -0.1654965 -0.8217789 -0.1230723 -0.5320988 -0.8376898 0.3893429 -0.3998317 -0.8297871 0.5268703 0.2631121 -0.8081955 -0.225335 -0.9742304 -0.009976506 -0.9593954 -0.2820106 -0.005532741 -0.397044 0.9177489 -0.009648442 0.8921829 0.4508977 -0.02647614 0.6999363 -0.7137786 -0.02468645 0.3995019 -0.9166446 0.0126875 0.945647 -0.3246389 0.0190171 0.9166397 0.399389 -0.0161271 0.324606 0.9455051 0.02551716 -0.4962694 0.8673229 -0.03831207 -0.9767166 -0.2143437 0.009027302 -0.3302668 -0.9438784 0.004184126 -0.03882312 0.7407763 -0.6706291 0.1636927 0.6109125 -0.7745907 0.4080684 0.6283676 -0.6622948 0.5866241 0.4750382 -0.6559046 0.6348776 0.2437084 -0.7331689 0.7407777 0.0388202 -0.6706277 0.6109074 -0.1636943 -0.7745944 0.6283662 -0.4080618 -0.6623002 0.4750424 -0.5866234 -0.6559022 0.243706 -0.634878 -0.7331694 0.03882312 -0.7407763 -0.6706291 -0.1641589 -0.612631 -0.7731333 -0.6934565 0.4503356 -0.5624198 -0.4475528 0.5526772 -0.7030254 -0.2437078 0.634883 -0.7331645 -0.5454574 -0.6197366 -0.5642719 -0.4274389 -0.08828413 -0.8997233 -0.8156468 0.04106605 -0.5770909 -0.2978767 0.522419 -0.7989668 -0.2171533 -0.6450766 -0.7326123 0.2599308 -0.6035414 -0.7537731 0.6444994 -0.2183361 -0.7327687 0.6035384 0.2599363 -0.7537736 0.2183294 0.6444971 -0.7327727 -2.92677e-5 5.0845e-4 -0.9999999 2.67681e-4 -3.33388e-4 -1 0.01269072 -0.01489388 -0.9998086 0.00545156 0.002519488 -0.999982 0.005937278 -0.001590549 -0.9999811 -5.34265e-5 -3.49144e-4 -1 -0.003406763 -0.01271873 -0.9999133 0.007712781 -0.01597875 -0.9998426 -0.001247584 -6.53714e-5 -0.9999992 -0.08330518 0.06082284 -0.9946663 -0.07577466 -0.02908682 -0.9967007 7.04192e-4 6.54892e-4 -0.9999995 0.001857936 0.00323373 -0.999993 0.01801145 0.02773845 -0.999453 1.40275e-4 -3.6431e-4 -1 0.01461708 -0.03807848 -0.9991679 -5.57867e-4 -8.6368e-4 -0.9999995 0.02897191 0.003321349 -0.9995747 -0.01363331 -0.1049765 -0.9943813 0.004842817 2.53925e-4 -0.9999883 4.79341e-4 6.29144e-4 -0.9999998 5.88896e-5 5.84436e-4 -0.9999999 -1.64684e-4 -6.06821e-4 -0.9999999 -0.05714905 0.0427705 -0.9974492 -2.70036e-4 -2.18986e-4 -1 -0.001286089 3.44889e-4 -0.9999991 0.0039047 -0.008448541 -0.9999567 2.29771e-5 -4.22884e-4 -1 0.05313527 0.004685342 -0.9985764 -0.06542289 -0.05297857 -0.9964504 -1.443e-4 9.32627e-5 -1 -1.93671e-4 5.10057e-4 -0.9999999 1.53442e-4 5.73482e-4 -0.9999999 -0.452529 -0.07734143 -0.8883894 2.42409e-4 -5.55441e-4 -0.9999999 -1.55641e-4 1.00368e-4 -1 8.60397e-4 -0.001531243 -0.9999985 0.03816926 -0.02478659 -0.9989638 -0.03555387 -0.006083309 -0.9993492 -1.01806e-4 1.25185e-4 -1 3.65001e-4 5.55663e-4 -0.9999998 0.004480302 0.001719951 -0.9999885 -3.59804e-5 6.60381e-4 -0.9999999 8.89906e-4 -0.007168531 -0.999974 2.94927e-5 -5.80484e-4 -0.9999998 0.02479922 -0.03062146 -0.9992234 0.0538305 0.01696527 -0.9984059 5.45445e-4 -6.77408e-4 -0.9999997 0.7253051 0.6884155 -0.004076421 2.32023e-4 -5.95715e-4 -0.9999999 -1.51372e-4 -5.52763e-4 -0.9999999 0.5449702 0.1095558 -0.8312671 -0.938828 0.341216 0.04662394 -0.1617287 0.6593885 -0.7342008 -0.6012511 -0.4873967 -0.6331995 -0.1943123 -0.6502791 -0.7344249 0.1522938 -0.6618968 -0.7339614 0.6277874 -0.2586899 -0.7341406 0.1956788 0.6839505 -0.7027956 0.600326 0.1187206 -0.7908945 0.7057728 0.5443667 -0.4533761 -0.4584841 0.1324636 -0.8787752 -0.9975417 -0.03981238 -0.05766886 -0.5760926 -0.1147062 -0.809296 0.4768813 0.4131121 -0.775837 0.1975315 0.7113772 -0.6744804 0.4988994 -0.5189791 -0.6940895 -0.1981681 -0.711432 -0.6742358 -0.5782532 -0.4591918 -0.6743635 -0.7406439 0.4317396 -0.5148278 -0.4571511 0.4906255 -0.7418218 -0.0391258 0.7464956 -0.6642391 0.1762968 0.6579483 -0.7321363 0.4052001 0.623952 -0.6682043 0.4682272 -0.5782081 -0.6681608 0.2900998 -0.7557486 -0.5870999 0.03933668 -0.7505174 -0.659679 -0.1489462 -0.5558608 -0.8178226 -0.4001729 -0.6162062 -0.6783448 -0.6247822 -0.5059399 -0.5947034 -0.6978703 -0.2678865 -0.6642394 -0.6791108 -0.0355888 -0.7331725 -0.7165176 0.1919944 -0.6706271 -0.4826288 0.3134245 -0.817823 -0.4623894 0.5709992 -0.6783481 -0.2881053 0.7505472 -0.5947052 0.5910379 0.3319001 -0.7351983 0.5607253 -0.3694531 -0.7410072 0.4923279 -0.2898436 -0.8207339 0.6281253 0.3742187 -0.6822163 -0.5191466 0.4332909 -0.7367129 -0.6237941 -0.09008508 -0.7763798 -0.1643588 -0.5672678 -0.8069655 0.1064819 0.6216971 -0.7759862 -0.3349784 0.9418424 -0.02687811 -0.5674874 0.8229785 -0.02577704 -0.8647884 0.5021364 0 -0.9988001 -0.04000186 -0.0282548 -0.7846936 -0.6191125 -0.03091561 -0.2682133 -0.962907 -0.02952831 0.3418719 -0.9393239 -0.02818065 0.6172166 -0.7861388 -0.03208345 0.9632737 -0.2668657 -0.02977532 0.9988113 0.03798151 -0.03055179 0.7883248 0.6144394 -0.03175413 0.2712203 0.9620159 -0.03106582 -0.05231976 0.99832 0.02490174 0.2587389 0.9656317 -0.02469325 0.5444742 0.8384166 0.0246061 0.7769443 0.6291572 -0.02277654 0.9333199 0.3582675 0.02363497 0.9983515 0.05232036 -0.02360093 0.9655679 -0.2587222 -0.02723085 0.8384109 -0.5444695 0.0249024 0.6291289 -0.7769088 -0.02469152 0.3582719 -0.933328 -0.02324026 0.05231958 -0.9983199 0.02490162 -0.2587403 -0.9656313 -0.02469182 -0.5444698 -0.8384107 0.0249024 -0.7769091 -0.6291285 -0.02469187 -0.9332886 -0.3582566 0.02499246 -0.9983811 -0.05232262 -0.02230322 -0.9656134 0.2587355 0.02543532 -0.8384169 0.5444743 -0.02459996 -0.6293203 0.7771462 0 -0.3582984 0.9334 -0.01966279 5.02469e-4 -1.34497e-4 -0.9999999 1.22188e-4 5.49191e-4 -0.9999999 5.29751e-4 2.03333e-4 -0.9999999 4.89278e-4 2.56679e-5 -1 6.09207e-4 -9.618e-5 -0.9999998 -3.17137e-4 1.08281e-4 -1 1.56629e-4 -2.02874e-4 -1 -2.68434e-4 -4.13189e-4 -0.9999999 5.89736e-5 -3.52876e-4 -1 -6.92541e-5 -2.78497e-4 -1 -3.10915e-4 4.16722e-4 -0.9999999 4.71944e-4 -4.00119e-4 -0.9999998 -4.88477e-4 3.17381e-4 -0.9999999 -1.13693e-4 6.08708e-4 -0.9999998 2.80303e-4 6.28902e-4 -0.9999998 4.2804e-4 -2.78279e-4 -1 -1.43316e-4 -5.38483e-4 -1 -4.66182e-4 -1.79425e-4 -1 1.34855e-4 5.04184e-4 -0.9999999 3.11023e-4 -3.84113e-4 -1 2.73078e-4 5.81489e-5 -1 -2.598e-4 -2.5624e-5 -1 -5.33524e-4 -2.80253e-5 -1 -3.45112e-4 4.26212e-4 -0.9999999 3.19442e-4 4.92563e-4 -0.9999999 -4.84865e-4 4.82608e-4 -0.9999998 -1.77396e-4 4.62452e-4 -0.9999999 1.97621e-4 -5.15174e-4 -1 -2.73467e-5 5.0838e-4 -0.9999999 -0.3566217 0.8903208 -0.2831077 -0.7129754 0.6042988 -0.355653 -0.9231649 0.1458734 -0.3556507 -0.8841264 -0.3249943 -0.3357071 -0.7197995 -0.6344615 -0.2816865 -0.3306447 -0.8741774 -0.3556517 0.1715471 -0.917908 -0.3577941 0.6240496 -0.6957544 -0.3556516 0.8909274 -0.3058586 -0.3357067 0.9587582 0.03789722 -0.2816856 0.8316389 0.4423553 -0.3357064 0.6267075 0.7265619 -0.2816836 0.2443467 0.9097228 -0.335707 -0.06984388 0.9570654 -0.2813321 -0.08145016 0.9592725 -0.2704854 0.1787531 0.9464597 -0.2688151 0.433312 0.8749217 -0.2162241 0.6364073 0.7068145 -0.3088675 0.8137134 0.5153721 -0.2688162 0.9351822 0.2805005 -0.2162262 0.9509463 0.01732891 -0.3088704 0.9320539 -0.2429252 -0.2688175 0.8433102 -0.4920061 -0.216236 0.661735 -0.6831578 -0.3088728 0.4648988 -0.8585544 -0.2162261 0.2120848 -0.9273236 -0.3083684 -0.05009961 -0.9749495 -0.2167112 -0.3021236 -0.9018425 -0.3088712 -0.548411 -0.8077668 -0.2162368 -0.7267237 -0.6135724 -0.3088715 -0.8763114 -0.3997694 -0.2688173 -0.964667 -0.1505461 -0.2162259 -0.9444488 0.1123198 -0.3088704 -0.9024519 0.372595 -0.216226 -0.7485956 0.5866893 -0.3088695 -0.5774779 0.7872524 -0.2162242 -0.3363798 0.8898088 -0.3083653 0.006083667 -0.06380349 0.997944 -0.04017847 -0.01832962 0.9990245 0.004817903 -0.06311535 0.9979947 0.01719814 -0.03291618 0.9993102 -0.03488487 0.001470208 0.9993903 -0.04663884 -0.007278561 0.9988853 -0.0245288 -0.03612858 0.9990462 -0.0150966 -0.04506313 0.9988701 0.01700407 -0.0314024 0.9993622 -0.01226645 0.03559356 0.9992911 0.03414052 -0.03524595 0.9987955 0.03387171 -0.01993829 0.9992274 0.03777581 -0.004789531 0.9992748 0.04762995 8.67979e-4 0.9988647 0.03855574 0.02441948 0.9989581 0.02967476 0.03295773 0.9990162 0.02089118 0.04218423 0.9988914 -0.02903497 0.03958511 0.9987943 -0.02879965 0.02146559 0.9993548 -0.04097568 0.004873335 0.9991483 -0.03479117 -0.02937364 0.9989629 -0.004088222 -0.03481036 0.9993856 0.04367828 -0.01138401 0.9989808 0.0347824 0.01331311 0.9993063 -0.03000283 0.02351319 0.9992733 -0.03225427 -0.01826024 0.9993129 0.0336129 -0.01961159 0.9992426 0.02775597 0.02699369 0.9992503 -0.04494249 0.01855599 0.9988173 0.04164224 0.01249015 0.9990546 0.007698774 0.04075753 0.9991394 -0.01404589 0.05467361 0.9984055 -0.02358448 -0.03104275 0.9992399 0.009184002 0.03363955 0.9993919 -0.01208657 0.05846232 0.9982165 -0.3243445 0.9411492 -0.09507358 -0.7981543 0.594904 -0.09507358 -0.9945874 0.04191637 -0.09507292 -0.8686721 -0.4917984 -0.05952537 -0.6046968 -0.7959022 0.02969241 -0.1161252 -0.9886739 -0.09507352 0.4609938 -0.8822958 -0.09507358 0.8602471 -0.5063913 -0.05952382 0.9916199 -0.1257318 0.02969324 0.932269 0.3568351 -0.05952608 0.716566 0.696887 0.02969586 0.2621827 0.9603238 -0.09507119 -0.06939691 0.9888232 0.1319569 0.2270693 0.9735791 -0.02415686 0.4996847 0.8560973 0.1319572 0.7360506 0.6764956 -0.02415418 0.9020817 0.4291718 0.04538816 0.9808725 0.1430971 0.1319568 0.9878262 -0.1536757 -0.02415269 0.8979772 -0.437695 0.0453881 0.7234421 -0.6776568 0.1319581 0.495749 -0.8681299 -0.02415561 0.2159976 -0.9674354 0.1319617 -0.07942682 -0.9965481 -0.02415186 -0.366511 -0.9210084 0.1319594 -0.6270024 -0.778643 -0.02415066 -0.8280425 -0.5588251 0.04538917 -0.9485893 -0.2876899 0.1319579 -0.9996971 0.004733145 -0.02415323 -0.9458227 0.296659 0.1319584 -0.8233232 0.5670589 -0.02415186 -0.6143614 0.7779122 0.1319575 -0.360825 0.9323208 -0.0241518 -0.3609129 0.9325494 -0.009671926 -0.6197779 0.7847706 -0.003262937 -0.8730399 0.4870437 0.02428573 -0.8235628 0.5672248 -6.41074e-4 -0.9540724 0.2992461 -0.01405936 -0.999047 -0.03842204 0.02070981 -0.9999663 0.004733979 0.006702482 -0.9569129 -0.2902138 -0.009671509 -0.8288918 -0.5593995 -0.003262996 -0.6271849 -0.7788702 -6.40847e-4 -0.5509233 -0.8342025 0.02428573 -0.3697079 -0.9290417 -0.01405942 -0.07944834 -0.9968165 0.006702363 -0.06359857 -0.9979051 0.01186084 0.3074321 -0.9514541 0.01485931 0.2179018 -0.9759637 -0.003722608 0.4958708 -0.8683425 -0.009671509 0.7298144 -0.683627 -0.005026698 0.8988999 -0.4381422 -0.003262996 0.9936309 -0.1121984 0.01045137 0.9881142 -0.1537205 -6.40901e-4 0.9717679 0.2354704 0.01485961 0.9895184 0.1443589 -0.00372219 0.9029709 0.4295931 -0.00967127 0.7362629 0.6766896 0.002848207 0.5040518 0.8635805 -0.01266604 0.2271336 0.9738581 -0.003262519 -0.1387404 0.9901714 0.01765769 -0.07000893 0.9975463 -6.41074e-4 0.3370077 0.9411679 0.02507531 0.7776016 0.6283586 0.02238976 0.8698017 -0.4932518 0.01215761 0.6477671 -0.7616773 0.01567345 -0.8754639 -0.4829145 0.01888614 -0.5469867 0.8369284 0.01888573 0.418741 0.7666743 -0.4866893 0.8638596 0.1878683 -0.4673888 0.5150269 -0.5467277 -0.6601789 -0.0288667 -0.7533673 -0.6569663 -0.8651479 -0.06659036 -0.4970764 -0.521043 0.7979292 -0.3030235 -0.230995 0.6199662 -0.7498555 -0.5088934 0.3376594 -0.7918419 -0.5756745 -0.4344007 -0.6927445 -0.009232282 -0.7175806 -0.6964143 0.5629613 -0.7093837 -0.4240865 0.5349336 -0.1490051 -0.8316512 0.6060261 0.2610242 -0.751398 0.1992672 0.5895122 -0.7827951 0.007911086 -0.9999677 -0.001481354 -0.7320231 -0.6812756 -0.002435088 -0.9979721 -0.06217545 -0.01363337 -0.843999 0.5363433 -0.001264691 -0.3675547 0.9300011 -0.001265048 0.3014836 0.9534702 -0.001480937 0.9067215 0.4217232 -0.002434968 0.9684302 -0.2492817 -0.001264631 0.6369515 -0.7709031 -0.001264691 0.621626 -0.7833132 0.001264631 0.9633256 -0.2683324 0.001264691 0.9167336 0.3994964 0.001481473 0.3246347 0.9458364 0.00243479 -0.3491445 0.9370681 0.001265048 -0.8332607 0.5528791 0.001264572 -0.999002 0.04465615 9.0933e-4 -0.6771298 -0.7357141 -0.01483577 -0.01646476 -0.9998616 0.002434313 0.3986741 -0.9104404 0.1102598 0.8860221 -0.02088671 0.4631725 0.6310036 0.6949175 0.3448541 -0.2973941 0.8095982 0.5060709 -0.8815728 0.1982491 0.4284004 -0.6194258 -0.6153873 0.4874527 0.007616639 -0.5755007 0.8177659 -0.5942622 -0.5500943 0.5867271 -0.6266087 -0.03903657 0.7783557 -0.5155077 0.3275939 0.7917918 -0.3328635 0.8422232 0.4241014 0.1599023 0.5161569 0.8414353 0.5504744 0.2527751 0.795665 0.5994982 -0.1543169 0.7853587 0.4215264 -0.510169 0.7496953 0.001975536 -5.55705e-4 0.999998 -5.38893e-4 -1.68986e-4 0.9999999 6.87295e-4 0.002957403 0.9999954 7.88324e-5 1.34434e-5 1 0.002137303 -0.001921296 0.9999959 0.001118957 0.001678884 0.999998 -4.98851e-4 1.62729e-4 0.9999999 -0.001634895 6.96401e-4 0.9999985 -2.92923e-4 6.05106e-4 0.9999998 -6.86094e-4 4.07863e-5 0.9999998 3.27696e-5 -0.001890182 0.9999983 -0.002441525 0.001446962 0.9999961 4.60269e-4 -0.001552999 0.9999988 0.001182079 -0.001581013 0.9999981 5.75024e-4 0.002022624 0.9999978 -0.001009464 -0.001517951 0.9999983 -3.57046e-4 5.84771e-4 0.9999998 0.6485118 -0.7555975 0.09222227 0.9687861 -0.2301055 0.09222233 0.9190171 0.3832789 0.09222239 0.6236071 0.7727317 0.1183224 0.1440233 0.9847843 0.09724932 -0.3186077 0.94231 0.1026698 -0.6804386 0.7266489 0.09478771 -0.9483759 0.2957261 0.1145821 -0.9886583 -0.1234775 0.08548903 -0.8853074 -0.4511952 0.1124886 -0.4858369 -0.8689306 0.09445703 0.08052808 -0.9924768 0.09222257 0.02361083 -0.9935637 0.1107867 -0.5638936 -0.8162313 0.1256616 -0.9354081 -0.3286975 0.1302679 -0.9522308 0.2845745 0.1107869 -0.6567602 0.7470777 0.10267 -0.2886052 0.9510397 0.1105924 0.2180166 0.9688994 0.1170592 0.5997694 0.7924937 0.1105926 0.9376394 0.3294826 0.1107866 0.9522311 -0.2845738 0.1107867 0.6031032 -0.7899322 0.1107867 0.003176748 -0.005684912 0.9999788 0.002665996 -0.002016842 0.9999945 0.003499567 4.75659e-5 0.9999939 0.001387 -0.001621186 0.9999978 4.92403e-4 -1.17161e-4 1 0.003376305 0.001564562 0.9999932 -0.001257359 0.003349781 0.9999937 -0.001257181 0.001519918 0.9999982 0.002612233 0.001091003 0.9999961 -0.02662479 0.02041345 0.9994371 -0.001376926 0.003862321 0.9999916 -0.005956768 0.004174292 0.9999735 0.02852874 -0.001822352 0.9995913 -0.0020563 5.01881e-4 0.9999978 -0.002442002 -1.83773e-4 0.9999971 -0.04798883 -0.0658493 0.996675 -0.00604093 0.02762949 0.9996 -0.004274725 6.4074e-5 0.9999909 1.78201e-4 -0.002190232 0.9999976 -5.35429e-4 -0.005939543 0.9999823 -0.05258125 -0.8336594 0.5497702 -0.1205184 -0.4546183 0.8824951 -0.4107241 -0.6165385 0.6717039 -0.2890578 -0.4948285 0.8195062 -0.4989474 -0.2311517 0.8352368 -0.8941813 -0.03303033 0.446485 -0.5654295 0.06466203 0.8222582 -0.6500971 0.3676583 0.6649821 -0.6455129 0.3635011 0.6716994 -0.267793 0.4802808 0.8352349 -0.1168063 0.8643677 0.4891062 0.04666227 0.5184698 0.853822 0.3134194 0.3754398 0.8722461 0.461 0.3025828 0.8342198 0.8232905 0.1964876 0.5325274 0.7317274 -0.08611017 0.6761361 0.5420724 -0.008108913 0.8402928 0.4433139 -0.3120605 0.8402923 0.2016577 -0.6375088 0.7435837 0.1932397 -0.5148393 0.835224 0.5505629 -0.6428784 0.5325298 0.6425963 -0.3604282 0.6761373 0.5211275 0.4240683 0.7406702 0.3090609 0.8680341 0.3885852 -0.4089685 0.614883 0.6742876 -0.6437312 -0.3618792 0.67428 -0.2207018 -0.9753293 -0.00487256 -0.9891534 -0.1467975 -0.005106151 -0.6557072 0.7549228 -0.01182812 0.2253431 0.9742611 0.005978345 0.9206103 0.390335 -0.01074403 0.827029 -0.5621351 0.005222022 0.826581 -0.5627922 0.00538665 0.8571146 0.5150206 0.01041531 0.16078 0.9869716 -0.006084024 -0.7612866 0.6483308 0.01049077 -0.988047 -0.1540181 -0.006444036 -0.2712348 -0.9624938 0.006108283 -0.3581402 0.4123282 -0.837688 -0.5523183 -0.0799663 -0.8297891 -0.1262148 -0.5577735 -0.8203405 0.4617552 -0.3114253 -0.8305399 0.5028195 0.2131929 -0.837688 0.123075 0.5321007 -0.8376882 -0.2676732 0.4760872 0.8376706 0.2613095 0.4931474 0.829773 0.5437102 -0.00375247 0.8392648 0.3433324 -0.4392694 0.8301599 -0.3395073 -0.4576639 0.8217533 -0.5424958 0.0633037 0.83767 0.9999507 -1.70969e-4 0.009938895 0.4712694 0.8818817 0.01377898 -0.4899693 0.8715428 0.01852869 -0.9932108 0.1159002 0.009976804 -0.5886168 -0.8083989 0.004653573 0.6062155 -0.7952949 0.002998054 0.5338026 -0.845474 -0.01512056 -0.5935946 -0.8047423 0.005948603 -0.999912 0.01283007 -0.003411531 -0.6949743 0.7188926 -0.01429086 0.3039026 0.9525955 -0.01431953 0.9810065 0.1928485 -0.02087557 -0.9233957 -0.2638669 0.2787735 -0.03482335 -0.9837011 0.1764075 0.9092408 -0.3519541 0.2222824 -0.4673289 0.8831219 -0.041224 0.6304485 0.6813459 0.3718904 0.1288224 0.4389468 0.8892303 -0.4819728 0.5034577 0.7171002 0.5468856 0.1073227 0.8303 0.2725357 -0.4317072 0.8598566 -0.319928 -0.4263941 0.8460699 -0.6460565 0.01114851 0.7632082 0.01200121 -0.02321046 0.9996587 -0.00301063 -0.001636266 0.9999942 -4.03009e-4 -0.003288447 0.9999946 0.002057671 7.78659e-5 0.9999979 0.01188099 0.003057003 0.9999248 0.03288823 0.06097036 0.9975976 -2.41176e-4 0.002251982 0.9999974 -0.00148034 0.002122819 0.9999967 -0.0012874 -0.001069426 0.9999986 -0.02624744 -0.01634263 0.9995219 0.00178945 -0.002337217 0.9999958 0.002141356 0.01652544 0.9998612 -0.02924913 -0.02313441 0.9993044 -8.39538e-4 -5.14733e-4 0.9999995 -0.007277309 0.04743713 0.9988477 0.01394295 -0.02727198 0.9995309 -0.02899527 0.03340488 0.9990213 -0.006973445 -0.08364325 0.9964714 0.009247243 0.08650958 0.9962081 -0.02137398 0.01611101 0.9996418 0.01814901 -0.01267051 0.999755 0.001307427 0.04162853 0.9991323 -0.009556591 -0.08618205 0.9962337 0.001485526 2.12031e-4 0.9999989 -0.003503441 -0.06982344 0.9975532 0.005962789 0.03251177 0.9994537 -0.02652329 -0.08340412 0.9961628 0.1900361 0.6543596 0.7319152 0.6556805 0.175172 0.7344372 0.6571003 -0.1716288 0.7340046 0.2423814 -0.6343387 0.7340747 -0.4628206 -0.09976381 0.8808202 -0.4619223 -0.6212939 0.6329468 -0.4916586 -0.6347318 0.5961437 -0.1486044 0.4963197 0.8553267 -0.07464027 0.5866448 0.8063973 0.02120494 0.9056834 0.4234241 -0.4407774 -0.4319162 0.7868697 -0.7488927 -0.4082248 0.5220271 -0.1218751 -0.7108823 0.6926708 0.5040511 -0.5139206 0.6941312 0.7169298 0.1772336 0.6742402 0.5126124 0.5063201 0.6934469 -0.4098103 0.752987 0.5148457 -0.4769721 0.4713383 0.7418476 -0.8571688 -0.4846249 0.1743567 0.8168216 0.549341 0.1761446 -0.1664213 0.7495167 0.6407251 0.1371544 -0.9134162 0.3832228 -0.06770354 -0.5785008 0.8128673 -0.7031723 0.2143814 0.6779302 -0.2635823 0.853748 0.4490421 0.2650704 0.5030465 0.8226068 0.3565773 -0.1806071 0.9166426 -0.9435829 0.3274955 0.04897063 -0.8067739 0.5905929 0.01778149 -0.4763889 0.878573 0.03410476 0.02221852 0.9992305 0.03232711 0.4570731 0.8889254 -0.02993059 0.6450878 0.7623966 0.05111986 0.9703529 0.2398821 0.0295279 0.928494 -0.3711674 0.01156711 0.7677147 -0.6399884 0.03208309 0.2495939 -0.9682835 0.01139706 -0.07166457 -0.9961407 0.05067628 -0.5989468 -0.8004688 0.02264124 -0.8787203 -0.4761129 0.03416556 -0.9990235 0.03745472 0.02343446 -0.9882314 0.1529528 -0.00203675 -0.9624803 -0.2694499 -0.03207153 -0.7044045 -0.7093906 -0.02407079 -0.3477526 -0.9370684 -0.0311625 0.2024727 -0.9792481 -0.00883913 0.7095534 -0.7045713 -0.01064026 0.9372989 -0.3478402 0.02186429 0.9870752 0.1599041 -0.01064068 0.8321073 0.5536867 -0.03207159 0.4117831 0.9112391 -0.00883913 -0.202196 0.977915 -0.05290651 -0.7390269 0.6728851 -0.03263199 -5.12576e-4 -4.12805e-4 0.9999998 8.27255e-5 -4.38591e-4 1 9.68917e-6 0 1 -5.95463e-4 -3.89814e-4 0.9999998 2.49658e-4 -5.80658e-4 0.9999998 -1.76167e-4 1.63812e-4 1 -2.93319e-4 1.30944e-4 1 -6.19809e-4 -3.59687e-5 0.9999999 2.11666e-4 -3.03524e-4 1 3.75439e-4 3.69157e-4 0.9999999 2.56206e-4 -1.11916e-4 1 -1.1893e-4 5.20473e-4 0.9999999 5.66578e-4 -3.69382e-4 0.9999998 6.48446e-4 -9.62042e-5 0.9999998 4.45327e-4 1.29203e-4 0.9999999 1.81045e-4 4.87113e-4 0.9999999 -3.19436e-4 6.35916e-4 0.9999998 -4.83627e-4 -7.89637e-5 0.9999999 3.45044e-4 -3.1441e-4 0.9999999 -3.09803e-4 3.25749e-4 1 -4.49884e-4 -3.0653e-4 0.9999999 5.30935e-4 -8.37413e-5 1 -4.59995e-4 1.72238e-4 0.9999999 -5.31794e-4 2.87096e-4 0.9999998 2.17761e-4 -2.0249e-4 1 -0.7585744 0.5459651 0.3556505 -0.3644645 0.8606272 0.3556492 0.10189 0.9364404 0.3357051 0.4418911 0.8516969 0.2816822 0.7684697 0.5319463 0.355651 0.9329886 0.05521786 0.3556451 0.8258542 -0.4375835 0.355648 0.4782602 -0.802982 0.3556504 0.02657401 -0.9415926 0.3357042 -0.3217947 -0.9039378 0.2816821 -0.6700124 -0.6621065 0.3357058 -0.8802696 -0.3818114 0.2816835 -0.9318117 0.07233899 0.3556602 -0.9440625 0.1076837 0.3116894 -0.9642809 -0.1530035 0.2162235 -0.8643065 -0.3969566 0.3088686 -0.7343738 -0.6232441 0.268816 -0.5463564 -0.8091617 0.2162218 -0.2998203 -0.9026119 0.3088682 -0.04576057 -0.9621042 0.2688154 0.2184484 -0.95159 0.2162336 0.4550141 -0.8352023 0.3088679 0.6810854 -0.6995504 0.2162222 0.8227234 -0.4772039 0.3088735 0.9450984 -0.2445583 0.2167496 0.9499329 0.02186787 0.3116878 0.9344667 0.2828785 0.2162218 0.8022053 0.5109466 0.3088696 0.6514399 0.7272333 0.2162355 0.4199345 0.8533781 0.3088703 0.1763421 0.9469114 0.2688167 -0.08684289 0.9724736 0.2162253 -0.3370522 0.8893806 0.3088659 -0.5794792 0.7857805 0.2162241 -0.7500882 0.5847814 0.3088663 -0.9029927 0.3709705 0.2167605 0.05464291 -0.008140385 -0.9984728 0.04293674 -0.007386088 -0.9990505 0.01949584 0.03961521 -0.9990249 0.05868357 -0.00557053 -0.9982612 0.03273516 -0.02127301 -0.9992377 -4.55033e-4 0.03490477 -0.9993906 0.008656442 0.0463944 -0.9988858 0.03931456 0.02501434 -0.9989138 0.04038137 0.01223224 -0.9991095 0.03706479 -0.02149319 -0.9990817 -0.003606557 -0.03755134 -0.9992882 -0.03522795 0.01330083 -0.9992908 0.03215998 0.01309806 -0.999397 0.03424614 -0.03514993 -0.9987952 0.01583999 -0.03187114 -0.9993665 -0.001986265 -0.04196518 -0.9991172 -0.02552729 -0.03779137 -0.9989596 -0.03508019 -0.02977716 -0.9989408 -0.04078954 -0.01873445 -0.9989922 -0.03869605 0.03017711 -0.9987953 -0.02060788 0.02940851 -0.999355 -0.003672897 0.04109281 -0.9991486 0.02997994 0.03350776 -0.9989888 0.01081287 -0.04711526 -0.998831 -0.01841896 -0.03359484 -0.9992659 -0.03082394 -0.02007538 -0.9993232 -0.02262181 0.03067046 -0.9992735 0.01907974 0.02877217 -0.9994039 0.01860123 -0.03416645 -0.999243 -0.01720631 0.04545682 -0.9988182 -0.01439881 -0.04334688 -0.9989564 -0.04092425 -0.006498396 -0.9991412 -0.05422204 0.01564496 -0.9984064 -0.03950649 -0.006846487 -0.9991959 -0.05807024 0.01379078 -0.9982174 -0.9312403 0.3517851 0.09507358 -0.5712664 0.8152394 0.09507578 -0.01275414 0.9953885 0.09507387 0.550195 0.8296063 0.09507352 0.9219183 0.3755365 0.09507453 0.9837582 -0.1693413 0.05952584 0.838071 -0.5447525 -0.02969408 0.4433781 -0.8912783 0.09507411 -0.09534752 -0.9936628 0.0595256 -0.480605 -0.8764343 -0.02969598 -0.8363237 -0.5449948 0.0595262 -0.984876 -0.1706972 -0.02969324 -0.9863646 0.09834355 -0.13196 -0.9798154 -0.1984402 0.02415305 -0.8771449 -0.4780761 -0.04538911 -0.6918844 -0.7098475 -0.1319564 -0.4557561 -0.889777 0.02415692 -0.1731156 -0.983855 -0.04539054 0.1236106 -0.983518 -0.1319579 0.4115045 -0.9110877 0.02415192 0.6561762 -0.742981 -0.1319552 0.8532231 -0.5209867 0.02415496 0.9681649 -0.2461639 -0.04538947 0.9900055 0.0497663 -0.1319567 0.9392967 0.3422551 0.02415174 0.7899425 0.5988136 -0.1319591 0.583272 0.8119178 0.02415472 0.3153542 0.9397547 -0.131958 0.0245642 0.9994065 0.02415442 -0.2688177 0.9541088 -0.1319602 -0.5426787 0.8395932 0.02415227 -0.7595714 0.6368969 -0.1319611 -0.9213436 0.3879982 0.02415382 -0.9216129 0.3881002 -0.002847611 -0.7662155 0.6424589 0.01266598 -0.5428451 0.8398178 0.005026221 -0.2711883 0.9625222 -0.002847075 0.02456855 0.9996179 0.01266598 0.3181421 0.9480298 0.005026221 0.5834497 0.8121443 -0.002847552 0.796853 0.6040406 0.0126658 0.9395582 0.3423526 0.005026817 0.9987348 0.05020761 -0.002847552 0.9690883 -0.2463888 0.01266604 0.8534753 -0.5211232 0.003263413 0.6084929 -0.793363 -0.01765763 0.6619545 -0.7495438 6.40619e-4 0.4115962 -0.911315 0.009671688 0.1247003 -0.9921818 0.005026698 -0.1732922 -0.9848651 0.003264129 -0.5162128 -0.8562784 -0.01765733 -0.4558895 -0.8900362 6.40164e-4 -0.6979454 -0.7160857 0.009671568 -0.8780451 -0.4785694 -0.002847373 -0.9800223 -0.1984845 0.01266616 -0.9950541 0.09920769 0.005026817 -0.9990321 -0.0390523 -0.02024465 -0.845634 -0.5332934 -0.02238965 -0.1115971 -0.9936792 -0.01215815 0.2360567 -0.9716129 -0.0156731 0.9072334 -0.4198799 -0.02507567 0.9961574 0.08645236 -0.01401895 0.883151 0.4686519 -0.02024477 0.5535021 0.8327298 -0.01401919 0.1842321 0.9826744 -0.02024435 -0.3059505 0.9519443 -0.01401913 -0.6534197 0.7567251 -0.0202443 -0.935017 0.3543257 -0.01401871 -0.4992346 -0.7165993 0.4870834 0.5551253 -0.8244367 0.1101825 0.9229237 0.2640779 0.2801337 0.09330749 0.9623532 0.2552843 -0.7911361 0.5304042 0.3045902 -0.1397569 0.5549324 0.820072 0.3215243 0.4255686 0.8458803 0.7970553 0.1539257 0.5839604 0.4813024 -0.3629482 0.7978827 0.1105276 -0.5646992 0.8178621 -0.4862321 -0.6478052 0.5864528 -0.6119155 -0.01348215 0.7908082 0.986634 0.1629344 0.002434968 0.6174825 0.7865833 0.001481533 -0.2165178 0.9762748 0.002742946 -0.9170897 0.3986716 0.002743422 -0.8879282 -0.4597671 0.01406729 -0.3946262 -0.9187779 0.01083558 0.220794 -0.9752951 -0.007034957 0.786584 -0.6174815 0.001481652 0.8014037 -0.5981191 -0.002434849 0.1869422 -0.9823698 -0.001481652 -0.5980303 -0.8013501 -0.01406741 -0.9702517 -0.2418652 -0.01063042 -0.7925827 0.6077803 0.0491507 -0.2442394 0.9697111 -0.002743303 0.5981253 0.8013989 -0.002435266 0.9823696 0.1869431 -0.001481771 0.6046562 -0.4456229 -0.66016 0.07071202 -0.881189 -0.4674459 -0.6575856 -0.4129629 -0.6301134 -0.692556 0.3230656 -0.6449766 -0.1141453 0.8655506 -0.4876402 0.8720473 0.4767293 -0.1107364 0.5941852 0.1011154 -0.7979472 0.3578397 0.4509341 -0.8176854 -0.1556367 0.7017488 -0.6952165 -0.6591851 0.2865701 -0.6952356 -0.8355261 -0.4340336 -0.3369143 -0.2191565 -0.5102308 -0.831646 0.1574313 -0.6954327 -0.7011339 0.637287 -0.5030504 -0.5837857 0.002871811 2.00943e-4 -0.9999959 -1.16258e-4 -0.002014577 -0.999998 -3.54507e-4 5.29296e-4 -0.9999999 -7.51862e-4 -0.001953601 -0.9999979 -6.46183e-4 -2.87378e-4 -0.9999998 0.001166999 0.001063585 -0.9999988 0.001901328 5.48025e-4 -0.999998 -0.002771615 3.50491e-4 -0.9999961 -5.52528e-4 1.95456e-4 -0.9999998 -0.001447856 5.16986e-4 -0.9999988 0.00111252 0.001334428 -0.9999986 -6.06733e-4 2.75844e-4 -0.9999998 1.06099e-4 0.001658976 -0.9999987 -6.3582e-4 -2.38987e-4 -0.9999998 -0.001302242 -0.002754032 -0.9999954 2.1022e-5 -7.55848e-5 -1 0.001898467 -7.51774e-4 -0.9999979 0.7811508 -0.6182479 -0.08702486 0.4550688 -0.885397 -0.09478771 -0.04096579 -0.9938716 -0.1026704 -0.4488176 -0.8885822 -0.09478747 -0.8281379 -0.5510413 -0.1026706 -0.9826867 -0.1591922 -0.09478789 -0.9073915 0.4100437 -0.09222227 -0.4930765 0.8650844 -0.09222215 0.1095752 0.989691 -0.0922228 0.6165174 0.7789591 -0.1145824 0.8861464 0.4554518 -0.08548885 0.9910669 -0.1097284 -0.0758028 0.9578757 0.2559386 -0.130268 0.6259927 0.7719194 -0.1107866 0.05271685 0.9924452 -0.110786 -0.5406984 0.8338894 -0.1107866 -0.9275823 0.3568156 -0.1107868 -0.9764332 -0.1898343 -0.1026705 -0.8097296 -0.5762875 -0.110593 -0.4203513 -0.9015341 -0.1026704 -0.009720206 -0.9938183 -0.110593 0.540144 -0.8330351 -0.1195694 0.9253741 -0.355968 -0.1302679 0.005613207 -0.003341734 -0.9999787 0.001874446 -0.003995656 -0.9999903 0.001627385 -0.00145787 -0.9999977 0.001208484 -0.002120614 -0.999997 -6.9467e-4 -0.004287898 -0.9999906 -2.56115e-4 -0.002735018 -0.9999963 -0.005268812 -0.00553435 -0.9999709 -0.002599954 0.001160919 -0.999996 -2.52427e-4 4.48346e-4 -0.9999999 -8.02194e-4 -0.001830697 -0.999998 -0.001796722 -0.001026272 -0.9999979 -0.003742456 0.001488566 -0.999992 -0.002387404 0.002524793 -0.999994 0.001499295 0.001649141 -0.9999976 -0.003431379 -6.71272e-4 -0.999994 2.42536e-4 0.002121269 -0.9999977 0.001975715 0.001140534 -0.9999974 -0.003580033 -6.75981e-4 -0.9999934 -3.4126e-4 0.003320336 -0.9999945 0.002010047 0.006248474 -0.9999786 0.003549098 0.002761304 -0.9999899 0.002220034 -2.42384e-4 -0.9999975 0.005939841 3.60843e-4 -0.9999824 0.5302261 0.1130628 -0.8402839 0.3416851 0.3578103 -0.8690358 0.09747081 0.5892746 -0.8020318 -0.2281854 0.4917585 -0.8403006 -0.4248467 0.2534983 -0.8690478 -0.5961664 -0.03608572 -0.8020496 -0.4347887 -0.3366491 -0.8352403 -0.4466557 -0.7491738 -0.4891191 -0.1605641 -0.4951795 -0.8538247 0.1539272 -0.645828 -0.7478052 0.4541926 -0.5823018 -0.6742653 0.3937337 -0.5345532 -0.7478147 0.5528065 -0.226205 -0.8020201 0.6710759 -0.3138226 -0.6716939 0.1538608 -0.6506791 -0.7436019 -0.09482431 -0.8184146 -0.5667504 -0.6759465 -0.4240451 -0.6027289 -0.6578781 -0.02498006 -0.7527101 -0.7814169 0.2955129 -0.5495997 -0.5790657 0.6712681 -0.4626903 -0.2407559 0.7470546 -0.6196339 0.1220597 0.6469383 -0.7527101 0.4619819 0.6960514 -0.5496228 0.7833079 0.4151518 -0.4626852 0.7818266 0.06847071 -0.619725 0.7246904 0.6879926 0.03860235 -0.3895367 0.9209467 0.01088672 -0.9677503 0.2517825 -0.008075296 -0.4766197 -0.8782593 0.03865683 0.7713409 -0.6361874 0.01728814 -0.01441371 -0.9850769 0.1715102 -0.1248669 -0.9919723 -0.01998442 -0.8466765 -0.5319987 -0.01078552 -0.8815676 0.4702699 0.04104578 -0.2967831 0.9549372 -0.00383377 0.4778636 0.8783683 -0.01075053 0.9978793 -0.05201429 -0.03913372 -0.533817 0.1460934 0.8328843 -0.2161983 0.5020383 0.8373864 0.4252232 0.4074966 0.8081658 0.4518617 -0.3763924 0.8087953 -0.2784221 -0.5189514 0.8081898 -0.2981735 0.9545117 4.07981e-4 0.2411835 0.9704788 0.001205325 0.7103171 0.7038809 0.001205265 0.9726338 0.2323421 7.63403e-4 0.951758 -0.3068497 4.07985e-4 0.6531621 -0.7572181 4.09281e-4 0.1628028 -0.9866586 3.54917e-4 -0.3710841 -0.9285993 4.07989e-4 -0.7995468 -0.6006037 4.07981e-4 -0.9952123 -0.09773653 4.07979e-4 -0.9166884 0.3996029 3.47595e-4 -0.7100182 0.7041833 0 -0.6906538 0.7231855 -3.476e-4 -0.9055109 0.424323 0 -0.9988226 -0.04851132 -4.0798e-4 -0.8282076 -0.5604214 -4.07974e-4 -0.4164515 -0.9091579 -4.07974e-4 0.1173541 -0.99309 -4.09252e-4 0.6177256 -0.7863938 -3.54933e-4 0.9354581 -0.3534377 -4.07978e-4 0.9891074 0.1471957 -3.47596e-4 0.8688505 0.4950741 -7.61742e-4 0.536369 0.8439829 -0.001205325 0.05712217 0.9983669 -8.03574e-4 -0.3079468 0.9514034 5.77443e-4 -5.0418e-5 0 1 -1.25475e-6 0 1 -4.63526e-5 0 1 -2.37844e-5 0 1 1.74871e-5 0 1 7.04668e-5 0 1 -1.19475e-5 0 1 -1.38873e-5 0 1 2.28924e-5 0 1 0.5116706 -0.8591817 4.29824e-4 0.9067564 -0.4216548 4.29822e-4 0.9867233 0.1624057 0.001265048 0.7237828 0.6900268 0.001265048 0.2493313 0.9684179 8.4136e-4 -0.1539195 0.9880832 -6.10352e-4 -0.604436 0.7966536 3.19306e-4 -0.8681803 0.4962483 7.9809e-4 -0.9999077 -0.01353007 0.001265048 -0.8185415 -0.5744463 0.001264989 -0.3908826 -0.9204403 8.41371e-4 0.004327297 -0.9999905 -6.08222e-4 -0.00695008 -0.9999759 -4.29821e-4 -0.5690488 -0.8223029 -0.001265048 -0.9333896 -0.3588626 -0.001264989 -0.9733571 0.2292914 -0.001265048 -0.6744274 0.7383408 -8.08692e-4 -0.1392082 0.9902631 -3.73409e-4 0.4401347 0.8979309 -0.001265048 0.8694786 0.4939692 -0.001264989 0.9991744 -0.0406183 -8.4136e-4 0.9019432 -0.4318543 6.08228e-4 0.5575642 -0.8301337 -4.29818e-4 -2.44039e-6 0 -1 -2.53206e-6 0 -1 9.71441e-7 0 -1 -1.07118e-6 0 -1 1.10573e-6 0 -1 -8.07961e-7 0 -1 1.442e-6 0 -1 0.5588049 0.2417555 -0.7932789 -0.165494 0.5452423 -0.8217802 -0.5321001 0.1230731 -0.8376888 -0.3998323 -0.3893423 -0.8297871 0.2631114 -0.5268717 -0.8081948 -0.9742305 0.2253341 -0.009976506 -0.2820096 0.9593956 -0.005533933 0.9177493 0.3970431 -0.009648501 0.4509014 -0.8921811 -0.0264768 -0.7137783 -0.6999366 -0.02468615 -0.9166463 -0.3994982 0.01268732 -0.3246344 -0.9456484 0.01901686 0.3993841 -0.916642 -0.01612657 0.9455038 -0.3246098 0.02551662 0.8673201 0.496274 -0.03831142 -0.2143443 0.9767165 0.00902754 -0.9438764 0.3302723 0.004184126 0.7407786 0.03882044 -0.6706267 0.6109023 -0.1636858 -0.7746002 0.6283665 -0.4080697 -0.662295 0.4750376 -0.5866305 -0.6558993 0.2437103 -0.6348825 -0.733164 0.03882318 -0.7407832 -0.6706215 -0.163691 -0.6109109 -0.7745922 -0.4080631 -0.6283651 -0.6623005 -0.5866279 -0.4750366 -0.6559024 -0.6348721 -0.2437146 -0.7331717 -0.7407757 -0.03882032 -0.6706299 -0.61264 0.1641594 -0.7731261 0.4503343 0.6934559 -0.5624215 0.5526927 0.4475543 -0.7030121 0.6348761 0.2437089 -0.7331702 -0.6197407 0.5454559 -0.5642689 -0.08828425 0.4274392 -0.8997231 0.04106372 0.815649 -0.577088 0.5224213 0.2978778 -0.7989649 -0.6450747 0.2171542 -0.7326136 -0.6035406 -0.259927 -0.753775 -0.2183361 -0.644498 -0.73277 0.2599314 -0.6035313 -0.7537811 0.6444986 -0.2183337 -0.73277 5.08222e-4 2.66477e-5 -0.9999999 -3.32416e-4 -2.69969e-4 -1 -0.01489388 -0.0126903 -0.9998086 0.002519667 -0.005449891 -0.999982 -0.001589655 -0.005935966 -0.9999811 -3.49518e-4 5.32586e-5 -1 -0.01271897 0.003408074 -0.9999133 -0.01597875 -0.007713556 -0.9998426 -6.46817e-5 0.001247406 -0.9999992 0.06082463 0.08330452 -0.9946662 -0.02908849 0.07577466 -0.9967007 6.55203e-4 -7.02951e-4 -0.9999997 0.003234803 -0.001857221 -0.9999931 0.02773922 -0.01801395 -0.9994529 -3.63924e-4 -1.39847e-4 -1 -0.03807914 -0.01461708 -0.9991678 -8.61406e-4 5.60867e-4 -0.9999995 0.003321409 -0.02897304 -0.9995747 -0.1049777 0.01363402 -0.9943812 2.54788e-4 -0.004844605 -0.9999883 6.29096e-4 -4.80233e-4 -0.9999997 5.84366e-4 -5.7474e-5 -0.9999999 -6.08263e-4 1.62592e-4 -0.9999998 0.04277026 0.05714952 -0.9974492 -2.16694e-4 2.70418e-4 -1 3.45001e-4 0.001287102 -0.9999992 -0.008448064 -0.003905773 -0.9999567 -4.22206e-4 -2.21638e-5 -1 0.004685163 -0.05313551 -0.9985764 -0.05297803 0.0654214 -0.9964504 9.51072e-5 1.43614e-4 -1 5.0904e-4 1.95792e-4 -1 5.75405e-4 -1.53662e-4 -0.9999999 -0.07734447 0.4525197 -0.888394 -5.55728e-4 -2.42768e-4 -0.9999999 1.0376e-4 1.54555e-4 -1 -0.0015316 -8.59238e-4 -0.9999985 -0.02478653 -0.03816837 -0.9989639 -0.006083369 0.03555488 -0.9993493 1.234e-4 1.0137e-4 -1 5.56518e-4 -3.60854e-4 -0.9999998 0.001719295 -0.004480659 -0.9999885 6.61146e-4 3.4606e-5 -0.9999998 -0.007163584 -8.89909e-4 -0.999974 -5.80641e-4 -3.04241e-5 -0.9999999 -0.03062146 -0.0247966 -0.9992235 0.01696544 -0.05382955 -0.998406 -6.7812e-4 -5.48546e-4 -0.9999997 0.6884145 -0.7253062 -0.004069507 -5.9625e-4 -2.28673e-4 -0.9999998 -5.51157e-4 1.48122e-4 -1 0.1095539 -0.5449742 -0.8312647 0.3412221 0.9388265 0.04661113 0.6593923 0.1617299 -0.734197 -0.4873967 0.601251 -0.6331995 -0.6502754 0.1943105 -0.7344287 -0.661896 -0.1522909 -0.7339627 -0.2586904 -0.6277914 -0.7341371 0.6839479 -0.1956766 -0.7027987 0.1187206 -0.6003245 -0.7908957 0.5443656 -0.7057726 -0.4533776 0.1324639 0.4584807 -0.8787769 -0.03981232 0.9975419 -0.05766618 -0.1147069 0.5760918 -0.8092964 0.4131104 -0.4768817 -0.7758374 0.7113802 -0.1975322 -0.6744771 -0.5189757 -0.4989031 -0.6940893 -0.7114345 0.198166 -0.6742338 -0.4591908 0.5782551 -0.6743625 0.4317381 0.740648 -0.5148229 0.4906267 0.4571496 -0.741822 0.7464932 0.03911739 -0.6642423 0.657953 -0.1762968 -0.732132 0.6239545 -0.4051995 -0.6682022 -0.578207 -0.4682309 -0.6681591 -0.7557443 -0.2900949 -0.587108 -0.7505134 -0.03933662 -0.6596835 -0.5558639 0.1489459 -0.8178207 -0.6162109 0.4001643 -0.6783456 -0.50594 0.6247782 -0.5947074 -0.2678838 0.6978708 -0.66424 -0.0355913 0.6791157 -0.733168 0.1919924 0.716518 -0.6706272 0.3134266 0.482631 -0.817821 0.5710006 0.4623898 -0.6783466 0.7505469 0.2881104 -0.5947031 0.3318998 -0.5910305 -0.7352045 -0.3694577 -0.5607258 -0.7410045 -0.2898414 -0.4923284 -0.8207343 0.3742237 -0.6281315 -0.6822079 0.4332866 0.5191441 -0.7367172 -0.09008419 0.6237952 -0.7763791 -0.5672683 0.1643607 -0.8069648 0.6216983 -0.1064789 -0.7759855 0.9418424 0.3349784 -0.02687889 0.8229789 0.5674869 -0.02577704 0.502137 0.8647882 0 -0.04000204 0.9988 -0.0282548 -0.619112 0.784694 -0.0309149 -0.962907 0.2682131 -0.02952808 -0.939324 -0.341872 -0.02818083 -0.7861391 -0.6172164 -0.03208398 -0.2668651 -0.963274 -0.02977508 0.03798121 -0.9988113 -0.03055143 0.6144393 -0.7883248 -0.03175449 0.9620159 -0.2712197 -0.03106653 0.9983198 0.05232143 0.02490246 0.8384162 -0.544475 0.02460646 0.6291571 -0.7769446 -0.02277517 0.3582693 -0.9333191 0.02363467 0.05232119 -0.9983513 -0.02360183 -0.2587227 -0.9655678 -0.02723062 -0.7769087 -0.6291289 -0.02469146 -0.9333282 -0.3582716 -0.02323991 -0.9983198 -0.05232137 0.02490246 -0.8384109 0.5444695 0.02490222 -0.6291292 0.7769085 -0.02469295 -0.3582571 0.9332885 0.02499252 -0.05232286 0.9983811 -0.02230352 0.2587355 0.9656134 0.02543514 0.5444744 0.8384168 -0.02460032 0.7771462 0.6293202 0 0.9334 0.3582985 -0.01966315 -1.34922e-4 -5.0195e-4 -1 5.49844e-4 -1.23187e-4 -0.9999999 2.04642e-4 -5.29694e-4 -1 2.50912e-5 -4.89773e-4 -0.9999999 -9.60952e-5 -6.08677e-4 -0.9999998 1.09178e-4 3.17515e-4 -1 -2.03129e-4 -1.57318e-4 -1 -4.13364e-4 2.6833e-4 -0.9999999 -3.51939e-4 -5.95709e-5 -1 -2.78838e-4 6.83595e-5 -1 4.17258e-4 3.09966e-4 -1 -4.00205e-4 -4.72075e-4 -0.9999999 3.18194e-4 4.88723e-4 -0.9999998 6.12191e-4 1.13761e-4 -0.9999998 6.30139e-4 -2.79367e-4 -0.9999998 -2.77082e-4 -4.28512e-4 -0.9999999 -5.82845e-4 -3.04933e-5 -0.9999999 -5.39039e-4 1.44284e-4 -1 -1.79301e-4 4.67419e-4 -0.9999999 5.03956e-4 -1.35098e-4 -0.9999999 -3.83722e-4 -3.11049e-4 -0.9999999 -6.60159e-4 -1.78662e-4 -0.9999998 -6.7208e-4 1.14048e-4 -0.9999998 -2.73955e-5 5.34752e-4 -1 4.25076e-4 3.45139e-4 -1 4.91063e-4 -3.19873e-4 -0.9999998 4.83444e-4 4.85008e-4 -0.9999998 4.62496e-4 1.77518e-4 -0.9999999 -5.15225e-4 -1.97756e-4 -1 5.07865e-4 2.66439e-5 -0.9999999 0.8859997 0.2949395 -0.3577921 0.604299 0.7129761 -0.3556511 0.1458736 0.9231645 -0.3556518 -0.3249938 0.8841266 -0.335707 -0.6344622 0.7197994 -0.2816853 -0.8741776 0.3306444 -0.3556513 -0.9179079 -0.1715478 -0.357794 -0.6957546 -0.6240486 -0.3556531 -0.305859 -0.8909274 -0.335706 0.03789716 -0.9587585 -0.2816843 0.4423554 -0.831638 -0.335708 0.7265625 -0.6267064 -0.2816845 0.9110581 -0.2085322 -0.3556506 0.9726875 0.08312416 -0.2167243 0.9345808 -0.1765115 -0.3088731 0.8749213 -0.4333127 -0.2162244 0.7068133 -0.636407 -0.3088707 0.5153709 -0.8137142 -0.2688164 0.2805004 -0.9351819 -0.2162278 0.01732808 -0.9509472 -0.3088676 -0.242924 -0.9320541 -0.268818 -0.4920074 -0.8433092 -0.2162371 -0.6831578 -0.661735 -0.3088728 -0.8585522 -0.4649023 -0.2162268 -0.9273248 -0.2120831 -0.3083661 -0.9749493 0.05009937 -0.2167124 -0.9018424 0.3021247 -0.3088706 -0.8077669 0.5484108 -0.2162364 -0.6135723 0.7267236 -0.3088722 -0.3997687 0.8763116 -0.2688177 -0.1505466 0.964667 -0.2162254 0.11232 0.9444489 -0.3088696 0.3725945 0.9024525 -0.216224 0.5866886 0.7485955 -0.3088708 0.7872522 0.5774783 -0.2162244 0.8898088 0.3363792 -0.3083658 -0.06380474 -0.00608462 0.9979439 -0.01832926 0.04017949 0.9990243 -0.06311672 -0.004816114 0.9979946 -0.03291434 -0.0171985 0.9993102 0.001470327 0.0348854 0.9993903 -0.007278919 0.04663956 0.9988853 -0.03612923 0.02452844 0.9990462 -0.04506367 0.01509654 0.9988701 -0.03140288 -0.01700419 0.9993622 0.0355935 0.01226645 0.9992911 -0.03524464 -0.0341407 0.9987955 -0.01993811 -0.03387063 0.9992274 -0.004789829 -0.03777438 0.9992749 8.6701e-4 -0.04763263 0.9988646 0.02441972 -0.03855562 0.9989581 0.03295773 -0.02967458 0.9990162 0.04218167 -0.02089202 0.9988915 0.03958743 0.02903717 0.9987942 0.02146559 0.02879935 0.9993548 0.004872739 0.04097807 0.9991483 -0.02937471 0.03479051 0.9989629 -0.03481018 0.00408864 0.9993856 -0.01138317 -0.04367786 0.9989808 0.01331269 -0.03478169 0.9993063 0.02351164 0.03000205 0.9992733 -0.01826012 0.03225338 0.999313 -0.01961123 -0.03361469 0.9992424 0.02699404 -0.02775609 0.9992503 0.01855707 0.04494369 0.9988173 0.01249045 -0.04164183 0.9990546 0.04075765 -0.007697641 0.9991395 0.05467599 0.01404589 0.9984054 -0.03104311 0.02358514 0.9992398 0.03363883 -0.009184062 0.9993919 0.05846428 0.01208579 0.9982165 0.9411495 0.3243438 -0.09507292 0.5949038 0.7981544 -0.09507358 0.04191642 0.9945876 -0.09507256 -0.4917986 0.868672 -0.05952453 -0.795901 0.6046981 0.02969413 -0.9886739 0.1161246 -0.09507399 -0.8822962 -0.4609934 -0.09507226 -0.5063913 -0.8602471 -0.05952382 -0.1257318 -0.99162 0.02968889 0.3568363 -0.9322682 -0.05953139 0.6968865 -0.7165664 0.02969586 0.9603238 -0.2621824 -0.09507292 0.9888231 0.06939685 0.1319578 0.9735793 -0.2270685 -0.02415436 0.8560968 -0.4996856 0.1319572 0.6764968 -0.7360494 -0.02415549 0.4291707 -0.9020822 0.0453906 0.1430971 -0.9808727 0.1319553 -0.1536763 -0.9878261 -0.02414935 -0.4376955 -0.8979771 0.0453881 -0.6776585 -0.7234402 0.1319594 -0.8681296 -0.4957495 -0.02415686 -0.9674357 -0.215998 0.1319594 -0.9965481 0.07942682 -0.02415329 -0.9210081 0.3665125 0.1319578 -0.778644 0.6270011 -0.02415311 -0.5588253 0.8280425 0.04538923 -0.2876906 0.9485892 0.1319576 0.004732966 0.999697 -0.02415418 0.2966595 0.9458228 0.1319562 0.56706 0.8233223 -0.02415311 0.7779105 0.6143637 0.1319572 0.9323216 0.3608229 -0.02415305 0.9325487 0.3609148 -0.009671568 0.7847705 0.619778 -0.003263354 0.4870434 0.8730402 0.02428561 0.567225 0.8235628 -6.40846e-4 0.2992468 0.9540722 -0.01405924 -0.03842216 0.9990471 0.02070987 0.004734218 0.9999663 0.006702363 -0.2902143 0.9569129 -0.009671688 -0.559399 0.8288921 -0.003262996 -0.778871 0.627184 -6.40846e-4 -0.8342024 0.5509237 0.02428585 -0.9290421 0.3697069 -0.01405936 -0.9968165 0.07944804 0.006702482 -0.9979051 0.06360012 0.01186084 -0.951454 -0.3074321 0.01485961 -0.9759632 -0.217904 -0.003722131 -0.8683428 -0.4958703 -0.009671509 -0.6836263 -0.7298149 -0.005026698 -0.4381417 -0.8989 -0.003263235 -0.1121982 -0.9936309 0.01045107 -0.1537212 -0.9881141 -6.40618e-4 0.2354711 -0.9717678 0.01485943 0.1443583 -0.9895185 -0.003721714 0.4295932 -0.9029707 -0.00967127 0.6766905 -0.7362621 0.002848267 0.86358 -0.5040529 -0.01266556 0.9738583 -0.227133 -0.003263056 0.9901717 0.1387386 0.01765745 0.9975462 0.07000929 -6.40618e-4 0.9411681 -0.3370073 0.02507567 0.6283586 -0.7776016 0.02238959 -0.4932535 -0.8698008 0.01215761 -0.7616771 -0.6477673 0.01567345 -0.4829146 0.8754637 0.0188862 0.8369286 0.5469863 0.0188862 0.7666732 -0.4187438 -0.4866887 0.1878674 -0.8638586 -0.4673908 -0.5467272 -0.5150246 -0.6601812 -0.7533639 0.02886515 -0.6569702 -0.06659042 0.8651475 -0.4970771 0.7979313 0.5210419 -0.3030196 0.6199646 0.2309986 -0.7498558 0.3376576 0.5088931 -0.7918429 -0.4344004 0.575676 -0.6927434 -0.717584 0.009230077 -0.6964109 -0.7093815 -0.5629588 -0.4240934 -0.1490041 -0.534935 -0.8316505 0.2610262 -0.6060287 -0.7513951 0.5895103 -0.1992666 -0.7827966 -0.9999676 -0.007911205 -0.001481235 -0.6812755 0.7320231 -0.002434611 -0.06217342 0.9979723 -0.01363343 0.5363416 0.8440001 -0.00126475 0.9300009 0.3675553 -0.001264572 0.9534696 -0.3014854 -0.001481235 0.421723 -0.9067214 -0.002434551 -0.2492832 -0.9684298 -0.00126487 -0.7709016 -0.6369531 -0.001264691 -0.7833147 -0.6216241 0.001264631 -0.2683308 -0.963326 0.001264691 0.3994944 -0.9167345 0.001480996 0.9458369 -0.3246333 0.00243473 0.9370678 0.3491453 0.00126487 0.5528815 0.8332591 0.001264631 0.04465746 0.9990019 9.0928e-4 -0.7357147 0.6771292 -0.01483589 -0.9998617 0.01646143 0.00243467 -0.9104402 -0.3986727 0.1102666 -0.0208866 -0.8860248 0.4631672 0.6949121 -0.6310086 0.3448554 0.8095991 0.2973963 0.5060681 0.1982523 0.8815752 0.4283937 -0.6153889 0.619422 0.4874557 -0.5755054 -0.007616639 0.8177626 -0.5500908 0.5942702 0.5867224 -0.03903657 0.6266052 0.7783587 0.3275891 0.5155046 0.7917957 0.8422262 0.3328651 0.4240944 0.5161548 -0.1599017 0.8414366 0.2527805 -0.5504765 0.7956618 -0.1543162 -0.5994973 0.7853596 -0.5101698 -0.4215222 0.7496973 -5.56096e-4 -0.001974582 0.9999979 -1.69291e-4 5.39843e-4 0.9999999 0.002957165 -6.8648e-4 0.9999954 1.22628e-5 -7.87807e-5 1 -0.001919627 -0.002137005 0.9999959 0.00167948 -0.001119613 0.999998 1.62235e-4 4.97603e-4 0.9999999 6.96526e-4 0.001634061 0.9999985 6.04335e-4 2.91812e-4 0.9999998 4.14946e-5 6.8822e-4 0.9999998 -0.001889109 -3.14826e-5 0.9999982 0.001447558 0.002441346 0.999996 -0.001552999 -4.60828e-4 0.9999987 -0.001580715 -0.001182496 0.9999982 0.002021849 -5.74661e-4 0.9999979 -0.001518487 0.001008629 0.9999984 5.8404e-4 3.58786e-4 0.9999998 -0.7555975 -0.6485118 0.09222245 -0.2301054 -0.9687862 0.09222233 0.383279 -0.919017 0.09222227 0.7727318 -0.6236069 0.1183226 0.9847842 -0.1440237 0.09724956 0.9423097 0.3186083 0.1026703 0.7266495 0.6804381 0.09478741 0.2957267 0.9483759 0.1145821 -0.1234773 0.9886581 0.08548957 -0.4511967 0.8853067 0.1124885 -0.8689307 0.4858369 0.0944572 -0.9924768 -0.0805279 0.09222257 -0.9935637 -0.02361214 0.1107865 -0.8162305 0.5638945 0.1256619 -0.3286969 0.9354084 0.1302675 0.2845739 0.9522311 0.1107866 0.7470773 0.6567606 0.1026703 0.9510401 0.288604 0.1105924 0.9688997 -0.2180145 0.1170597 0.7924939 -0.5997691 0.1105927 0.3294826 -0.9376393 0.1107867 -0.2845732 -0.9522314 0.1107867 -0.7899324 -0.6031029 0.1107866 -0.005690932 -0.003170311 0.9999788 -0.002010166 -0.002665877 0.9999945 4.6974e-5 -0.003492772 0.9999939 -0.00162214 -0.00139141 0.9999978 -1.18807e-4 -4.9327e-4 1 0.00156784 -0.003377199 0.9999932 0.003376543 0.001255691 0.9999936 0.001513779 0.001257836 0.9999982 0.00108838 -0.002616107 0.9999961 0.02041405 0.02662348 0.9994372 0.003857135 0.001378715 0.9999917 0.004176735 0.005931019 0.9999738 -0.001818418 -0.0285269 0.9995914 4.99388e-4 0.002066493 0.9999977 -1.84942e-4 0.002445816 0.9999971 -0.06585025 0.04798775 0.996675 0.0276339 0.006044745 0.9995999 6.45529e-5 0.00424993 0.999991 -0.002187371 -1.77715e-4 0.9999976 -0.005953907 5.35055e-4 0.9999822 -0.833662 0.05258059 0.5497664 -0.4546165 0.1205177 0.8824961 -0.6165349 0.4107254 0.6717064 -0.4948288 0.2890605 0.819505 -0.2311529 0.4989506 0.8352346 -0.03303039 0.8941823 0.4464829 0.06466388 0.565427 0.8222597 0.3676531 0.6500992 0.6649829 0.3635054 0.6455073 0.6717025 0.4802817 0.2677922 0.8352346 0.8643692 0.1168053 0.4891037 0.5184726 -0.04666161 0.8538202 0.3754385 -0.3134236 0.8722451 0.3025822 -0.4609987 0.8342208 0.1964873 -0.8232906 0.5325273 -0.08611094 -0.73172 0.6761441 -0.008108794 -0.5420724 0.8402928 -0.3120622 -0.4433112 0.8402931 -0.6375078 -0.2016609 0.7435837 -0.5148423 -0.1932399 0.835222 -0.6428766 -0.5505655 0.5325292 -0.3604269 -0.6425901 0.6761439 0.4240644 -0.5211285 0.7406717 0.8680379 -0.309059 0.3885781 0.6148883 0.4089689 0.6742826 -0.3618757 0.6437315 0.6742816 -0.9753288 0.2207039 -0.00487262 -0.1467984 0.9891533 -0.005105972 0.7549245 0.6557053 -0.01182776 0.9742628 -0.2253363 0.005978822 0.3903359 -0.9206098 -0.01074403 -0.5621333 -0.8270303 0.005222558 -0.5627924 -0.8265808 0.005386412 0.5150184 -0.8571159 0.01041543 0.9869707 -0.1607851 -0.006085038 0.6483309 0.7612864 0.01049101 -0.1540167 0.9880473 -0.006444096 -0.9624943 0.2712334 0.006108283 0.4123318 0.3581365 -0.8376879 -0.07996982 0.5523195 -0.829788 -0.5577705 0.1262171 -0.8203423 -0.3114265 -0.4617568 -0.8305386 0.2131912 -0.5028198 -0.8376885 0.5321018 -0.1230701 -0.8376883 0.4761117 0.2676452 0.8376656 0.4931395 -0.261298 0.8297812 -0.003725707 -0.543678 0.8392857 -0.4392909 -0.3432828 0.8301689 -0.4576333 0.3394643 0.8217881 0.06330239 0.542486 0.8376765 -1.72055e-4 -0.9999507 0.009938716 0.8818822 -0.4712685 0.01377886 0.8715432 0.4899687 0.01852887 0.115899 0.9932109 0.009977161 -0.8084026 0.5886115 0.004653275 -0.7952929 -0.6062182 0.002997756 -0.845474 -0.5338026 -0.01512026 -0.8047435 0.5935928 0.005948603 0.01283359 0.9999119 -0.003411769 0.7188884 0.6949787 -0.01429075 0.9525952 -0.3039037 -0.01431912 0.1928448 -0.9810072 -0.02087563 -0.2639706 0.9233524 0.278819 -0.9837077 0.03481525 0.1763727 -0.3519427 -0.9092449 0.2222838 0.8831159 0.4673395 -0.04123473 0.6813484 -0.6304364 0.3719064 0.4389544 -0.1288409 0.8892239 0.5034422 0.481974 0.7171102 0.1073015 -0.5468266 0.8303416 -0.43163 -0.2725717 0.8598839 -0.4264032 0.319908 0.8460729 0.01116406 0.6460762 0.7631915 -0.02326619 -0.01200419 0.9996573 -0.001655817 0.002974152 0.9999942 -0.003269851 3.81264e-4 0.9999946 8.16556e-5 -0.002067327 0.9999979 0.003074586 -0.01187151 0.9999248 0.06095016 -0.03290903 0.9975982 0.002276837 2.42552e-4 0.9999974 0.002133071 0.001476645 0.9999967 -0.001084148 0.001296103 0.9999986 -0.01632797 0.02624803 0.9995221 -0.002288818 -0.001811027 0.9999958 0.01652055 -0.002147257 0.9998613 -0.02310806 0.02927172 0.9993044 -5.03723e-4 8.43734e-4 0.9999995 0.04744386 0.007268071 0.9988475 -0.02731549 -0.01394009 0.9995297 0.03340756 0.02899104 0.9990214 -0.08364301 0.006981909 0.9964714 0.08652877 -0.009231626 0.9962067 0.01612073 0.02138274 0.9996415 -0.01255178 -0.01811856 0.9997571 0.04164302 -0.001301527 0.9991317 -0.08624351 0.00954169 0.9962285 2.17227e-4 -0.001456856 0.999999 -0.06982821 0.003492414 0.9975529 0.03251087 -0.005955696 0.9994537 -0.08342498 0.02651447 0.9961614 0.6544427 -0.1899583 0.731861 0.1751694 -0.655684 0.7344346 -0.1715794 -0.6571533 0.7339687 -0.6343414 -0.2423905 0.7340694 -0.09978723 0.4627588 0.8808501 -0.6212978 0.4619365 0.6329327 -0.6347769 0.4915999 0.5961441 0.4963029 0.1486028 0.8553366 0.5867525 0.07463186 0.8063198 0.9056521 -0.02121853 0.4234904 -0.4319077 0.4407711 0.7868779 -0.4081752 0.7489354 0.5220047 -0.7108069 0.1218796 0.6927474 -0.5138475 -0.5041501 0.6941134 0.1772388 -0.7169361 0.6742322 0.5063502 -0.512584 0.6934459 0.7529288 0.4098773 0.5148777 0.471272 0.4770261 0.741855 -0.4847489 0.8570983 0.1743597 0.5492242 -0.8169031 0.1761314 0.7494881 0.1664484 0.6407516 -0.9134199 -0.1371421 0.3832185 -0.5785685 0.06770735 0.8128188 0.2143787 0.703131 0.6779739 0.8537635 0.2635641 0.4490234 0.5030875 -0.2650271 0.8225957 -0.1806064 -0.3565904 0.9166377 0.327495 0.9435831 0.0489704 0.5905932 0.8067736 0.01778215 0.8785771 0.4763813 0.03410524 0.9992305 -0.02221864 0.03232729 0.8889187 -0.457086 -0.02992987 0.7623971 -0.6450873 0.05112046 0.239881 -0.9703531 0.02952897 -0.3711771 -0.9284902 0.01156699 -0.6399902 -0.7677131 0.03208297 -0.968284 -0.2495924 0.01139765 -0.9961407 0.07166475 0.05067676 -0.8004698 0.5989455 0.0226407 -0.4761207 0.8787161 0.03416538 0.03745478 0.9990235 0.02343434 0.1529522 0.9882315 -0.002036869 -0.269447 0.962481 -0.03207129 -0.7093883 0.7044068 -0.02407068 -0.9370689 0.3477512 -0.03116232 -0.9792479 -0.2024731 -0.00883913 -0.7045741 -0.7095507 -0.0106402 -0.3478389 -0.9372993 0.02186518 0.1599041 -0.9870753 -0.01064074 0.5536845 -0.8321086 -0.03207188 0.9112399 -0.4117812 -0.008838951 0.9779143 0.2021996 -0.05290675 0.6728836 0.7390283 -0.03263199 -4.08968e-4 5.30628e-4 0.9999998 -4.2282e-4 -9.06855e-5 1 -3.87744e-4 5.72026e-4 0.9999998 -5.94425e-4 -2.45904e-4 0.9999998 1.51e-4 1.81924e-4 1 1.39676e-4 2.9522e-4 1 -4.59118e-5 6.07742e-4 0.9999999 -2.91953e-4 -2.12834e-4 1 3.75439e-4 -3.66565e-4 0.9999999 -1.13869e-4 -2.52319e-4 1 5.48907e-4 1.07615e-4 1 -3.46942e-4 -5.77268e-4 0.9999998 -1.0132e-4 -6.21574e-4 0.9999999 1.32207e-4 -4.61518e-4 0.9999999 4.97872e-4 -1.80772e-4 0.9999999 6.38872e-4 3.35217e-4 0.9999998 -7.63621e-5 4.87441e-4 0.9999999 -3.06706e-4 -3.45316e-4 1 3.09803e-4 3.28051e-4 1 -2.89212e-4 4.60671e-4 0.9999999 -8.53288e-5 -5.95418e-4 0.9999999 1.72499e-4 4.64121e-4 0.9999999 2.77457e-4 5.41836e-4 0.9999999 -2.02206e-4 -2.24876e-4 1 0.5459602 0.7585781 0.3556501 0.8606276 0.3644663 0.3556466 0.936441 -0.1018922 0.3357031 0.8517043 -0.4418776 0.2816807 0.5319464 -0.7684704 0.3556491 0.05521863 -0.9329866 0.3556503 -0.4375866 -0.8258522 0.3556491 -0.8029806 -0.4782636 0.3556489 -0.9415938 -0.02656781 0.3357014 -0.9039406 0.3217869 0.2816815 -0.6620989 0.670019 0.3357076 -0.3818114 0.8802697 0.2816832 0.07233655 0.9318165 0.3556479 0.1076864 0.9440612 0.3116925 -0.1530006 0.9642812 0.2162236 -0.3969597 0.8643057 0.308867 -0.6232434 0.7343747 0.2688149 -0.8091642 0.5463523 0.2162231 -0.9026051 0.2998343 0.3088744 -0.9621046 0.04576021 0.2688139 -0.951588 -0.2184532 0.2162374 -0.8351986 -0.4550177 0.3088726 -0.6995552 -0.6810798 0.2162243 -0.4772026 -0.8227264 0.3088675 -0.244553 -0.9451004 0.2167463 0.02187001 -0.9499333 0.3116866 0.2828845 -0.9344644 0.2162237 0.5109548 -0.8022015 0.308866 0.7272194 -0.6514544 0.2162386 0.8533746 -0.4199411 0.3088715 0.9469119 -0.1763392 0.2688167 0.9724735 0.0868436 0.2162258 0.8893781 0.3370515 0.3088737 0.7857811 0.5794789 0.2162233 0.5847758 0.7500913 0.3088698 0.370961 0.9029971 0.2167581 -0.008126616 -0.05461895 -0.9984743 -0.007386386 -0.04290872 -0.9990517 0.03961229 -0.01949435 -0.9990249 -0.005578875 -0.05871474 -0.9982593 -0.02128672 -0.03272694 -0.9992376 0.03491026 4.47215e-4 -0.9993904 0.04639971 -0.008639872 -0.9988856 0.02503675 -0.03927361 -0.9989148 0.01223248 -0.04040777 -0.9991084 -0.02148073 -0.03705626 -0.9990823 -0.03756982 0.003603398 -0.9992875 0.0132988 0.03520995 -0.9992915 0.01308888 -0.03215569 -0.9993972 -0.0351203 -0.03422164 -0.998797 -0.03186452 -0.01585453 -0.9993665 -0.04192686 0.00199598 -0.9991187 -0.03777259 0.02551692 -0.9989606 -0.02980601 0.03508657 -0.9989398 -0.01872938 0.04079121 -0.9989922 0.03016042 0.03870755 -0.9987953 0.02940005 0.02060729 -0.9993554 0.04107081 0.0036695 -0.9991496 0.03350454 -0.0300157 -0.9989878 -0.04711341 -0.01081597 -0.998831 -0.0336247 0.01842206 -0.9992648 -0.02004569 0.03080731 -0.9993243 0.03067761 0.02261823 -0.9992735 0.02875751 -0.01908111 -0.9994043 -0.03418993 -0.01861363 -0.9992421 0.04546517 0.01722669 -0.9988174 -0.04333698 0.01439887 -0.9989568 -0.006497919 0.04095512 -0.9991399 0.01564788 0.05422914 -0.998406 -0.006834745 0.0395025 -0.9991961 0.01378786 0.05808687 -0.9982163 0.3517881 0.931239 0.09507405 0.815248 0.5712548 0.09507244 0.9953889 0.01275312 0.0950706 0.8296165 -0.5501796 0.09507334 0.3755341 -0.9219192 0.09507417 -0.1693421 -0.9837582 0.0595256 -0.5447547 -0.8380696 -0.02969598 -0.8912815 -0.4433718 0.09507369 -0.9936627 0.09534901 0.05952376 -0.8764302 0.4806124 -0.02969479 -0.5449903 0.8363268 0.05952489 -0.1706978 0.984876 -0.02969425 0.09834241 0.986365 -0.1319581 -0.1984404 0.9798153 0.02415448 -0.4780848 0.8771402 -0.04538792 -0.7098592 0.6918722 -0.1319577 -0.8897804 0.4557498 0.02415239 -0.983855 0.1731165 -0.04539078 -0.9835187 -0.1236074 -0.131955 -0.9110903 -0.4114989 0.02415353 -0.7429837 -0.6561726 -0.1319574 -0.5209856 -0.8532237 0.02415668 -0.24615 -0.9681686 -0.04538577 0.04976677 -0.990005 -0.1319602 0.3422605 -0.9392948 0.02414947 0.5988157 -0.7899413 -0.1319569 0.8119161 -0.5832742 0.02415543 0.9397507 -0.3153651 -0.1319608 0.9994065 -0.02456247 0.02415376 0.9541081 0.2688198 -0.1319612 0.8395841 0.5426925 0.02415448 0.6369014 0.7595682 -0.1319581 0.3879767 0.9213526 0.02415329 0.3881013 0.9216123 -0.002847373 0.6424592 0.7662152 0.01266616 0.8398197 0.5428421 0.005026817 0.9625228 0.2711864 -0.002847373 0.9996179 -0.02456945 0.01266628 0.9480299 -0.3181415 0.005026817 0.8121449 -0.5834489 -0.002847313 0.6040443 -0.7968501 0.0126658 0.3423565 -0.9395567 0.005027055 0.05020582 -0.9987348 -0.002847313 -0.2463893 -0.9690883 0.01266604 -0.5211222 -0.8534759 0.003263235 -0.793362 -0.6084942 -0.01765763 -0.7495428 -0.6619557 6.40617e-4 -0.911315 -0.4115962 0.009671807 -0.9921818 -0.1247 0.005026757 -0.9848647 0.1732947 0.003263413 -0.8562785 0.5162126 -0.01765751 -0.8900368 0.4558884 6.40732e-4 -0.7160848 0.6979464 0.009671688 -0.4785683 0.8780457 -0.002847194 -0.1984844 0.9800222 0.01266604 0.09920775 0.9950541 0.005026698 -0.03905194 0.9990321 -0.02024465 -0.5332925 0.8456346 -0.02238965 -0.9936793 0.1115962 -0.01215738 -0.9716129 -0.236057 -0.01567322 -0.4198781 -0.907234 -0.02507555 0.08645194 -0.9961574 -0.01401895 0.4686475 -0.8831533 -0.02024501 0.8327308 -0.5535007 -0.01401895 0.9826741 -0.1842336 -0.02024465 0.9519434 0.3059533 -0.01401895 0.756726 0.6534186 -0.02024489 0.3543259 0.935017 -0.01401877 -0.7165187 0.499336 0.4870983 -0.824458 -0.5550948 0.1101773 0.264074 -0.922926 0.2801295 0.9623588 -0.09329587 0.2552675 0.5304132 0.7911267 0.3045989 0.5549224 0.139771 0.8200764 0.4255521 -0.321533 0.8458854 0.1538689 -0.7971034 0.5839098 -0.3629396 -0.4813414 0.797863 -0.5646892 -0.1105743 0.8178628 -0.6478024 0.4862104 0.586474 -0.01347965 0.6119176 0.7908067 0.1629366 -0.9866335 0.002434849 0.7865815 -0.6174848 0.001481533 0.9762755 0.2165145 0.002743303 0.3986704 0.9170903 0.002743959 -0.4597658 0.8879289 0.01406729 -0.9187781 0.3946257 0.01083576 -0.9752951 -0.220794 -0.007035255 -0.6174777 -0.7865871 0.001481652 -0.5981251 -0.8013991 -0.002434849 -0.9823699 -0.1869416 -0.001481652 -0.8013532 0.5980262 -0.01406747 -0.2418645 0.9702519 -0.01063054 0.6077786 0.7925841 0.04915022 0.9697106 0.2442418 -0.002743542 0.8014058 -0.5981162 -0.002435088 0.1869415 -0.98237 -0.001481533 -0.4456725 -0.6046352 -0.6601458 -0.8812006 -0.07071214 -0.4674242 -0.4129784 0.6575886 -0.6301001 0.3230512 0.6925622 -0.6449772 0.8655367 0.1141632 -0.4876608 0.4767733 -0.8720228 -0.1107404 0.1010917 -0.5941636 -0.7979664 0.4508467 -0.3578922 -0.8177105 0.7017295 0.1556377 -0.6952357 0.2865779 0.6591957 -0.6952224 -0.4341118 0.8354752 -0.3369395 -0.5102136 0.219154 -0.8316572 -0.6954249 -0.1574375 -0.7011402 -0.5029795 -0.6373138 -0.5838174 2.03677e-4 -0.002871811 -0.999996 -0.002013742 1.17844e-4 -0.999998 5.31095e-4 3.66485e-4 -0.9999999 -0.001958787 7.58427e-4 -0.9999979 -2.80272e-4 6.15385e-4 -0.9999998 0.001048803 -0.001175701 -0.9999988 5.47434e-4 -0.001899659 -0.999998 3.5582e-4 0.002797961 -0.9999961 1.79893e-4 5.62536e-4 -0.9999998 5.26523e-4 0.001432597 -0.9999989 0.001332223 -0.001107335 -0.9999986 2.74746e-4 5.91333e-4 -0.9999998 0.001670181 -1.07689e-4 -0.9999987 -2.28799e-4 6.49814e-4 -0.9999998 -0.002749145 0.001281559 -0.9999954 -7.00733e-5 -2.57199e-5 -1 -7.50908e-4 -0.001899838 -0.9999979 -0.6182487 -0.78115 -0.0870248 -0.8853971 -0.4550685 -0.09478801 -0.9938716 0.04096567 -0.1026701 -0.8885824 0.4488172 -0.09478795 -0.5510393 0.8281392 -0.1026704 -0.1591924 0.9826867 -0.09478795 0.4100437 0.9073915 -0.09222227 0.8650841 0.4930768 -0.09222233 0.9896911 -0.109575 -0.09222215 0.7789573 -0.6165198 -0.1145821 0.4554497 -0.8861475 -0.08548915 -0.1097278 -0.9910671 -0.0758025 0.2559391 -0.9578754 -0.1302681 0.7719199 -0.6259922 -0.1107867 0.9924451 -0.05271697 -0.1107866 0.8338894 0.5406984 -0.1107867 0.3568156 0.9275823 -0.1107872 -0.189834 0.9764333 -0.1026704 -0.5762875 0.8097296 -0.1105928 -0.9015333 0.420353 -0.1026701 -0.9938183 0.00971508 -0.1105931 -0.8330359 -0.5401431 -0.119569 -0.3559682 -0.9253739 -0.1302685 -0.0033679 -0.005600988 -0.9999787 -0.004033267 -0.001854062 -0.9999902 -0.001472353 -0.001619279 -0.9999977 -0.002074599 -0.001227855 -0.9999971 -0.004381775 7.09368e-4 -0.9999902 -0.002689182 2.5105e-4 -0.9999964 -0.005634665 0.005284905 -0.9999703 0.001158654 0.002608597 -0.999996 4.58959e-4 2.55547e-4 -0.9999999 -0.001829564 7.87253e-4 -0.999998 -0.001036524 0.001791894 -0.9999979 0.001482844 0.003816127 -0.9999917 0.002586305 0.00240916 -0.9999938 0.001635551 -0.001481533 -0.9999976 -6.64388e-4 0.003470957 -0.9999938 0.002108991 -2.34863e-4 -0.9999977 0.001137495 -0.001950681 -0.9999974 -6.86697e-4 0.003533601 -0.9999936 0.003412604 3.369e-4 -0.9999942 0.006155788 -0.002025961 -0.9999791 0.002772748 -0.003566384 -0.9999898 -2.44858e-4 -0.002189159 -0.9999977 3.56963e-4 -0.005961656 -0.9999822 0.1130508 -0.5302273 -0.840285 0.3578284 -0.3416804 -0.8690301 0.5892837 -0.09748214 -0.8020238 0.4917473 0.2281874 -0.8403065 0.2534724 0.4248738 -0.869042 -0.03608876 0.5961908 -0.8020313 -0.3366279 0.4347992 -0.8352433 -0.7491849 0.4466524 -0.489105 -0.4951769 0.1605597 -0.853827 -0.6458044 -0.1539559 -0.7478198 -0.5823765 -0.4541079 -0.6742579 -0.5345596 -0.3937591 -0.7477967 -0.2261537 -0.5528563 -0.8020004 -0.3138509 -0.6710463 -0.6717102 -0.6507036 -0.1538468 -0.7435832 -0.8184173 0.09481763 -0.5667476 -0.424063 0.6759089 -0.6027585 -0.02497404 0.6578772 -0.752711 0.295515 0.781395 -0.5496298 0.6713007 0.5790351 -0.4626812 0.7470834 0.2407373 -0.6196062 0.6469422 -0.1220383 -0.7527101 0.6960079 -0.4620164 -0.549649 0.415169 -0.7832942 -0.4626934 0.06846654 -0.7818246 -0.6197279 0.6879907 -0.7246922 0.03860163 0.9209452 0.3895401 0.01088726 0.2517823 0.9677503 -0.008075594 -0.8782569 0.4766244 0.03865617 -0.6361845 -0.7713433 0.01728832 -0.9850772 0.01440131 0.17151 -0.9919728 0.1248629 -0.0199843 -0.5319931 0.8466801 -0.01078557 0.4702684 0.8815685 0.04104685 0.9549364 0.296786 -0.003834009 0.8783656 -0.4778686 -0.01075005 -0.05201363 -0.9978794 -0.03913408 0.1460984 0.5337948 0.8328977 0.502081 0.216189 0.8373631 0.407564 -0.4251652 0.8081623 -0.3764422 -0.4518595 0.8087733 -0.5189916 0.2784308 0.8081609 0.9545117 0.2981734 4.07977e-4 0.970479 -0.2411832 0.001205325 0.7038812 -0.7103168 0.001205265 0.2323405 -0.9726343 7.63416e-4 -0.3068496 -0.951758 4.07974e-4 -0.757218 -0.6531623 4.09252e-4 -0.9866588 -0.1628023 3.54917e-4 -0.9285994 0.3710836 4.07974e-4 -0.600604 0.7995467 4.07959e-4 -0.09773629 0.9952123 4.07974e-4 0.3996023 0.9166886 3.47581e-4 0.7041828 0.7100188 0 0.7231857 0.6906536 -3.47591e-4 0.4243243 0.9055103 0 -0.04851114 0.9988226 -4.07974e-4 -0.5604209 0.8282079 -4.07966e-4 -0.909158 0.4164512 -4.07974e-4 -0.9930902 -0.1173539 -4.0926e-4 -0.7863935 -0.6177259 -3.54903e-4 -0.3534376 -0.9354581 -4.07989e-4 0.1471964 -0.9891073 -3.476e-4 0.4950747 -0.8688501 -7.61737e-4 0.8439826 -0.5363692 -0.001205325 0.998367 -0.05712223 -8.03575e-4 0.9514034 0.3079468 5.77444e-4 -2.31764e-5 0 1 1.98558e-6 0 1 1.6185e-5 0 1 1.18922e-5 0 1 -6.55766e-6 0 1 -2.40641e-5 0 1 -1.76166e-5 0 1 1.88363e-5 0 1 9.36672e-6 0 1 4.75844e-6 0 1 -2.9266e-5 0 1 -3.93942e-5 0 1 -1.19475e-5 0 1 1.71377e-5 0 1 -6.94366e-6 0 1 -1.14462e-5 0 1 2.24325e-5 0 1 -0.8591817 -0.5116706 4.29828e-4 -0.4216547 -0.9067564 4.29818e-4 0.1624057 -0.9867233 0.001265048 0.6900277 -0.723782 0.001265048 0.9684177 -0.2493319 8.41375e-4 0.9880832 0.1539202 -6.10366e-4 0.7966533 0.6044365 3.19301e-4 0.4962489 0.86818 7.98098e-4 -0.01352941 0.9999077 0.001265048 -0.5744467 0.818541 0.001264989 -0.9204402 0.3908827 8.41366e-4 -0.9999905 -0.00432837 -6.08222e-4 -0.9999759 0.00695008 -4.29824e-4 -0.8223026 0.5690491 -0.001264989 -0.3588623 0.9333898 -0.001264989 0.2292912 0.9733572 -0.001265048 0.7383405 0.6744276 -8.08686e-4 0.9902633 0.1392073 -3.73393e-4 0.8979308 -0.440135 -0.001265048 0.4939689 -0.8694787 -0.001264989 -0.04061764 -0.9991744 -8.41379e-4 -0.4318541 -0.9019434 6.08233e-4 -0.8301342 -0.5575634 -4.29825e-4 -1.82913e-6 0 -1 3.19521e-6 0 -1 -3.64736e-6 0 -1 2.58777e-6 0 -1 -3.10111e-6 0 -1 2.04065e-6 0 -1 0.241756 -0.5588061 -0.793278 0.5452436 0.1654965 -0.8217789 0.1230723 0.5320988 -0.8376898 -0.3893429 0.3998317 -0.8297871 -0.5268703 -0.2631121 -0.8081955 0.225335 0.9742304 -0.009976506 0.9593954 0.2820106 -0.005532741 0.397044 -0.9177489 -0.009648442 -0.8921829 -0.4508977 -0.02647614 -0.6999363 0.7137786 -0.02468645 -0.3995019 0.9166446 0.0126875 -0.945647 0.3246389 0.0190171 -0.9166397 -0.399389 -0.0161271 -0.324606 -0.9455051 0.02551716 0.4962694 -0.8673229 -0.03831207 0.9767166 0.2143437 0.009027302 0.3302668 0.9438784 0.004184126 -0.1636927 -0.6109125 -0.7745907 -0.4080684 -0.6283676 -0.6622948 -0.5866241 -0.4750382 -0.6559046 -0.6348776 -0.2437084 -0.7331689 -0.7407777 -0.0388202 -0.6706277 -0.6109074 0.1636943 -0.7745944 -0.6283662 0.4080618 -0.6623002 -0.4750424 0.5866234 -0.6559022 -0.243706 0.634878 -0.7331694 0.1641589 0.612631 -0.7731333 0.6934565 -0.4503356 -0.5624198 0.4475528 -0.5526772 -0.7030254 0.2437078 -0.634883 -0.7331645 0.5454574 0.6197366 -0.5642719 0.4274389 0.08828413 -0.8997233 0.8156468 -0.04106605 -0.5770909 0.2978767 -0.522419 -0.7989668 0.2171533 0.6450766 -0.7326123 -0.2599308 0.6035414 -0.7537731 -0.6444994 0.2183361 -0.7327687 -0.6035384 -0.2599363 -0.7537736 -0.2183294 -0.6444971 -0.7327727 2.92677e-5 -5.0845e-4 -0.9999999 -2.67681e-4 3.33388e-4 -1 -0.01269072 0.01489388 -0.9998086 -0.00545156 -0.002519488 -0.999982 -0.005937278 0.001590549 -0.9999811 5.34265e-5 3.49144e-4 -1 0.003406763 0.01271873 -0.9999133 -0.007712781 0.01597875 -0.9998426 0.001247584 6.53714e-5 -0.9999992 0.08330518 -0.06082284 -0.9946663 0.07577466 0.02908682 -0.9967007 -7.04192e-4 -6.54892e-4 -0.9999995 -0.001857936 -0.00323373 -0.999993 -0.01801145 -0.02773845 -0.999453 -1.40275e-4 3.6431e-4 -1 -0.01461708 0.03807848 -0.9991679 5.57867e-4 8.6368e-4 -0.9999995 -0.02897191 -0.003321349 -0.9995747 0.01363331 0.1049765 -0.9943813 -0.004842817 -2.53925e-4 -0.9999883 -4.79341e-4 -6.29144e-4 -0.9999998 -5.88896e-5 -5.84436e-4 -0.9999999 1.64684e-4 6.06821e-4 -0.9999999 0.05714905 -0.0427705 -0.9974492 2.70036e-4 2.18986e-4 -1 0.001286089 -3.44889e-4 -0.9999991 -0.0039047 0.008448541 -0.9999567 -2.29771e-5 4.22884e-4 -1 -0.05313527 -0.004685342 -0.9985764 0.06542289 0.05297857 -0.9964504 1.443e-4 -9.32627e-5 -1 1.93671e-4 -5.10057e-4 -0.9999999 -1.53442e-4 -5.73482e-4 -0.9999999 0.452529 0.07734143 -0.8883894 -2.42409e-4 5.55441e-4 -0.9999999 1.55641e-4 -1.00368e-4 -1 -8.60397e-4 0.001531243 -0.9999985 -0.03816926 0.02478659 -0.9989638 0.03555387 0.006083309 -0.9993492 1.01806e-4 -1.25185e-4 -1 -3.65001e-4 -5.55663e-4 -0.9999998 -0.004480302 -0.001719951 -0.9999885 3.59804e-5 -6.60381e-4 -0.9999999 -8.89906e-4 0.007168531 -0.999974 -2.94927e-5 5.80484e-4 -0.9999998 -0.02479922 0.03062146 -0.9992234 -0.0538305 -0.01696527 -0.9984059 -5.45445e-4 6.77408e-4 -0.9999997 -0.7253051 -0.6884155 -0.004076421 -2.32023e-4 5.95715e-4 -0.9999999 1.51372e-4 5.52763e-4 -0.9999999 -0.5449702 -0.1095558 -0.8312671 0.938828 -0.341216 0.04662394 0.1617287 -0.6593885 -0.7342008 0.6012511 0.4873967 -0.6331995 0.1943123 0.6502791 -0.7344249 -0.1522938 0.6618968 -0.7339614 -0.6277874 0.2586899 -0.7341406 -0.1956788 -0.6839505 -0.7027956 -0.600326 -0.1187206 -0.7908945 -0.7057728 -0.5443667 -0.4533761 0.4584841 -0.1324636 -0.8787752 0.9975417 0.03981238 -0.05766886 0.5760926 0.1147062 -0.809296 -0.4768813 -0.4131121 -0.775837 -0.1975315 -0.7113772 -0.6744804 -0.4988994 0.5189791 -0.6940895 0.1981681 0.711432 -0.6742358 0.5782532 0.4591918 -0.6743635 0.7406439 -0.4317396 -0.5148278 0.4571511 -0.4906255 -0.7418218 0.0391258 -0.7464956 -0.6642391 -0.1762968 -0.6579483 -0.7321363 -0.4052001 -0.623952 -0.6682043 -0.4682272 0.5782081 -0.6681608 -0.2900998 0.7557486 -0.5870999 -0.03933668 0.7505174 -0.659679 0.1489462 0.5558608 -0.8178226 0.4001729 0.6162062 -0.6783448 0.6247822 0.5059399 -0.5947034 0.6978703 0.2678865 -0.6642394 0.6791108 0.0355888 -0.7331725 0.7165176 -0.1919944 -0.6706271 0.4826288 -0.3134245 -0.817823 0.4623894 -0.5709992 -0.6783481 0.2881053 -0.7505472 -0.5947052 -0.5910379 -0.3319001 -0.7351983 -0.5607253 0.3694531 -0.7410072 -0.4923279 0.2898436 -0.8207339 -0.6281253 -0.3742187 -0.6822163 0.5191466 -0.4332909 -0.7367129 0.6237941 0.09008508 -0.7763798 0.1643588 0.5672678 -0.8069655 -0.1064819 -0.6216971 -0.7759862 0.3349784 -0.9418424 -0.02687811 0.5674874 -0.8229785 -0.02577704 0.8647884 -0.5021364 0 0.9988001 0.04000186 -0.0282548 0.7846936 0.6191125 -0.03091561 0.2682133 0.962907 -0.02952831 -0.3418719 0.9393239 -0.02818065 -0.6172166 0.7861388 -0.03208345 -0.9632737 0.2668657 -0.02977532 -0.9988113 -0.03798151 -0.03055179 -0.7883248 -0.6144394 -0.03175413 -0.2712203 -0.9620159 -0.03106582 0.05231976 -0.99832 0.02490174 -0.2587389 -0.9656317 -0.02469325 -0.5444742 -0.8384166 0.0246061 -0.7769443 -0.6291572 -0.02277654 -0.9333199 -0.3582675 0.02363497 -0.9983515 -0.05232036 -0.02360093 -0.9655679 0.2587222 -0.02723085 -0.8384109 0.5444695 0.0249024 -0.6291289 0.7769088 -0.02469152 -0.3582719 0.933328 -0.02324026 -0.05231958 0.9983199 0.02490162 0.2587403 0.9656313 -0.02469182 0.7769091 0.6291285 -0.02469187 0.9332886 0.3582566 0.02499246 0.9983811 0.05232262 -0.02230322 0.9656134 -0.2587355 0.02543532 0.8384169 -0.5444743 -0.02459996 0.6293203 -0.7771462 0 0.3582984 -0.9334 -0.01966279 -5.02469e-4 1.34497e-4 -0.9999999 -1.22188e-4 -5.49191e-4 -0.9999999 -5.29751e-4 -2.03333e-4 -0.9999999 -4.89278e-4 -2.56679e-5 -1 -6.09207e-4 9.618e-5 -0.9999998 3.17137e-4 -1.08281e-4 -1 -1.56629e-4 2.02874e-4 -1 2.68434e-4 4.13189e-4 -0.9999999 -5.89736e-5 3.52876e-4 -1 6.92541e-5 2.78497e-4 -1 3.10915e-4 -4.16722e-4 -0.9999999 -4.71944e-4 4.00119e-4 -0.9999998 4.88477e-4 -3.17381e-4 -0.9999999 1.13693e-4 -6.08708e-4 -0.9999998 -2.80303e-4 -6.28902e-4 -0.9999998 -4.2804e-4 2.78279e-4 -1 1.43316e-4 5.38483e-4 -1 4.66182e-4 1.79425e-4 -1 -1.34855e-4 -5.04184e-4 -0.9999999 -3.11023e-4 3.84113e-4 -1 -2.73078e-4 -5.81489e-5 -1 2.598e-4 2.5624e-5 -1 5.33524e-4 2.80253e-5 -1 3.45112e-4 -4.26212e-4 -0.9999999 -3.19442e-4 -4.92563e-4 -0.9999999 4.84865e-4 -4.82608e-4 -0.9999998 1.77396e-4 -4.62452e-4 -0.9999999 -1.97621e-4 5.15174e-4 -1 2.73467e-5 -5.0838e-4 -0.9999999 0.3566217 -0.8903208 -0.2831077 0.7129754 -0.6042988 -0.355653 0.9231649 -0.1458734 -0.3556507 0.8841264 0.3249943 -0.3357071 0.7197995 0.6344615 -0.2816865 0.3306447 0.8741774 -0.3556517 -0.1715471 0.917908 -0.3577941 -0.6240496 0.6957544 -0.3556516 -0.8909274 0.3058586 -0.3357067 -0.9587582 -0.03789722 -0.2816856 -0.8316389 -0.4423553 -0.3357064 -0.6267075 -0.7265619 -0.2816836 -0.2443467 -0.9097228 -0.335707 0.06984388 -0.9570654 -0.2813321 0.08145016 -0.9592725 -0.2704854 -0.1787531 -0.9464597 -0.2688151 -0.433312 -0.8749217 -0.2162241 -0.6364073 -0.7068145 -0.3088675 -0.8137134 -0.5153721 -0.2688162 -0.9351822 -0.2805005 -0.2162262 -0.9509463 -0.01732891 -0.3088704 -0.9320539 0.2429252 -0.2688175 -0.8433102 0.4920061 -0.216236 -0.661735 0.6831578 -0.3088728 -0.4648988 0.8585544 -0.2162261 -0.2120848 0.9273236 -0.3083684 0.05009961 0.9749495 -0.2167112 0.3021236 0.9018425 -0.3088712 0.548411 0.8077668 -0.2162368 0.7267237 0.6135724 -0.3088715 0.8763114 0.3997694 -0.2688173 0.964667 0.1505461 -0.2162259 0.9444488 -0.1123198 -0.3088704 0.9024519 -0.372595 -0.216226 0.7485956 -0.5866893 -0.3088695 0.5774779 -0.7872524 -0.2162242 0.3363798 -0.8898088 -0.3083653 -0.006083667 0.06380349 0.997944 0.04017847 0.01832962 0.9990245 -0.004817903 0.06311535 0.9979947 -0.01719814 0.03291618 0.9993102 0.03488487 -0.001470208 0.9993903 0.04663884 0.007278561 0.9988853 0.0245288 0.03612858 0.9990462 0.0150966 0.04506313 0.9988701 -0.01700407 0.0314024 0.9993622 0.01226645 -0.03559356 0.9992911 -0.03414052 0.03524595 0.9987955 -0.03387171 0.01993829 0.9992274 -0.03777581 0.004789531 0.9992748 -0.04762995 -8.67979e-4 0.9988647 -0.03855574 -0.02441948 0.9989581 -0.02967476 -0.03295773 0.9990162 -0.02089118 -0.04218423 0.9988914 0.02903497 -0.03958511 0.9987943 0.02879965 -0.02146559 0.9993548 0.04097568 -0.004873335 0.9991483 0.03479117 0.02937364 0.9989629 0.004088222 0.03481036 0.9993856 -0.04367828 0.01138401 0.9989808 -0.0347824 -0.01331311 0.9993063 0.03000283 -0.02351319 0.9992733 0.03225427 0.01826024 0.9993129 -0.0336129 0.01961159 0.9992426 -0.02775597 -0.02699369 0.9992503 0.04494249 -0.01855599 0.9988173 -0.04164224 -0.01249015 0.9990546 -0.007698774 -0.04075753 0.9991394 0.01404589 -0.05467361 0.9984055 0.02358448 0.03104275 0.9992399 -0.009184002 -0.03363955 0.9993919 0.01208657 -0.05846232 0.9982165 0.3243445 -0.9411492 -0.09507358 0.7981543 -0.594904 -0.09507358 0.9945874 -0.04191637 -0.09507292 0.8686721 0.4917984 -0.05952537 0.6046968 0.7959022 0.02969241 0.1161252 0.9886739 -0.09507352 -0.4609938 0.8822958 -0.09507358 -0.8602471 0.5063913 -0.05952382 -0.9916199 0.1257318 0.02969324 -0.932269 -0.3568351 -0.05952608 -0.716566 -0.696887 0.02969586 -0.2621827 -0.9603238 -0.09507119 0.06939691 -0.9888232 0.1319569 -0.2270693 -0.9735791 -0.02415686 -0.4996847 -0.8560973 0.1319572 -0.7360506 -0.6764956 -0.02415418 -0.9020817 -0.4291718 0.04538816 -0.9808725 -0.1430971 0.1319568 -0.9878262 0.1536757 -0.02415269 -0.8979772 0.437695 0.0453881 -0.7234421 0.6776568 0.1319581 -0.495749 0.8681299 -0.02415561 -0.2159976 0.9674354 0.1319617 0.07942682 0.9965481 -0.02415186 0.366511 0.9210084 0.1319594 0.6270024 0.778643 -0.02415066 0.8280425 0.5588251 0.04538917 0.9485893 0.2876899 0.1319579 0.9996971 -0.004733145 -0.02415323 0.9458227 -0.296659 0.1319584 0.8233232 -0.5670589 -0.02415186 0.6143614 -0.7779122 0.1319575 0.360825 -0.9323208 -0.0241518 0.3609129 -0.9325494 -0.009671926 0.6197779 -0.7847706 -0.003262937 0.8730399 -0.4870437 0.02428573 0.8235628 -0.5672248 -6.41074e-4 0.9540724 -0.2992461 -0.01405936 0.999047 0.03842204 0.02070981 0.9999663 -0.004733979 0.006702482 0.9569129 0.2902138 -0.009671509 0.8288918 0.5593995 -0.003262996 0.6271849 0.7788702 -6.40847e-4 0.5509233 0.8342025 0.02428573 0.3697079 0.9290417 -0.01405942 0.07944834 0.9968165 0.006702363 0.06359857 0.9979051 0.01186084 -0.3074321 0.9514541 0.01485931 -0.2179018 0.9759637 -0.003722608 -0.4958708 0.8683425 -0.009671509 -0.7298144 0.683627 -0.005026698 -0.8988999 0.4381422 -0.003262996 -0.9936309 0.1121984 0.01045137 -0.9881142 0.1537205 -6.40901e-4 -0.9717679 -0.2354704 0.01485961 -0.9895184 -0.1443589 -0.00372219 -0.9029709 -0.4295931 -0.00967127 -0.7362629 -0.6766896 0.002848207 -0.5040518 -0.8635805 -0.01266604 -0.2271336 -0.9738581 -0.003262519 0.1387404 -0.9901714 0.01765769 0.07000893 -0.9975463 -6.41074e-4 -0.3370077 -0.9411679 0.02507531 -0.7776016 -0.6283586 0.02238976 -0.8698017 0.4932518 0.01215761 -0.6477671 0.7616773 0.01567345 0.8754639 0.4829145 0.01888614 0.5469867 -0.8369284 0.01888573 -0.418741 -0.7666743 -0.4866893 -0.8638596 -0.1878683 -0.4673888 -0.5150269 0.5467277 -0.6601789 0.0288667 0.7533673 -0.6569663 0.8651479 0.06659036 -0.4970764 0.521043 -0.7979292 -0.3030235 0.230995 -0.6199662 -0.7498555 0.5088934 -0.3376594 -0.7918419 0.5756745 0.4344007 -0.6927445 0.009232282 0.7175806 -0.6964143 -0.5629613 0.7093837 -0.4240865 -0.5349336 0.1490051 -0.8316512 -0.6060261 -0.2610242 -0.751398 -0.1992672 -0.5895122 -0.7827951 -0.007911086 0.9999677 -0.001481354 0.7320231 0.6812756 -0.002435088 0.9979721 0.06217545 -0.01363337 0.843999 -0.5363433 -0.001264691 0.3675547 -0.9300011 -0.001265048 -0.3014836 -0.9534702 -0.001480937 -0.9067215 -0.4217232 -0.002434968 -0.9684302 0.2492817 -0.001264631 -0.6369515 0.7709031 -0.001264691 -0.621626 0.7833132 0.001264631 -0.9633256 0.2683324 0.001264691 -0.9167336 -0.3994964 0.001481473 -0.3246347 -0.9458364 0.00243479 0.3491445 -0.9370681 0.001265048 0.8332607 -0.5528791 0.001264572 0.999002 -0.04465615 9.0933e-4 0.6771298 0.7357141 -0.01483577 0.01646476 0.9998616 0.002434313 -0.3986741 0.9104404 0.1102598 -0.8860221 0.02088671 0.4631725 -0.6310036 -0.6949175 0.3448541 0.2973941 -0.8095982 0.5060709 0.8815728 -0.1982491 0.4284004 0.6194258 0.6153873 0.4874527 -0.007616639 0.5755007 0.8177659 0.5942622 0.5500943 0.5867271 0.6266087 0.03903657 0.7783557 0.5155077 -0.3275939 0.7917918 0.3328635 -0.8422232 0.4241014 -0.1599023 -0.5161569 0.8414353 -0.5504744 -0.2527751 0.795665 -0.5994982 0.1543169 0.7853587 -0.4215264 0.510169 0.7496953 -0.001975536 5.55705e-4 0.999998 5.38893e-4 1.68986e-4 0.9999999 -6.87295e-4 -0.002957403 0.9999954 -7.88324e-5 -1.34434e-5 1 -0.002137303 0.001921296 0.9999959 -0.001118957 -0.001678884 0.999998 4.98851e-4 -1.62729e-4 0.9999999 0.001634895 -6.96401e-4 0.9999985 2.92923e-4 -6.05106e-4 0.9999998 6.86094e-4 -4.07863e-5 0.9999998 -3.27696e-5 0.001890182 0.9999983 0.002441525 -0.001446962 0.9999961 -4.60269e-4 0.001552999 0.9999988 -0.001182079 0.001581013 0.9999981 -5.75024e-4 -0.002022624 0.9999978 0.001009464 0.001517951 0.9999983 3.57046e-4 -5.84771e-4 0.9999998 -0.6485118 0.7555975 0.09222227 -0.9687861 0.2301055 0.09222233 -0.9190171 -0.3832789 0.09222239 -0.6236071 -0.7727317 0.1183224 -0.1440233 -0.9847843 0.09724932 0.3186077 -0.94231 0.1026698 0.6804386 -0.7266489 0.09478771 0.9483759 -0.2957261 0.1145821 0.9886583 0.1234775 0.08548903 0.8853074 0.4511952 0.1124886 0.4858369 0.8689306 0.09445703 -0.08052808 0.9924768 0.09222257 -0.02361083 0.9935637 0.1107867 0.5638936 0.8162313 0.1256616 0.9354081 0.3286975 0.1302679 0.9522308 -0.2845745 0.1107869 0.6567602 -0.7470777 0.10267 0.2886052 -0.9510397 0.1105924 -0.2180166 -0.9688994 0.1170592 -0.5997694 -0.7924937 0.1105926 -0.9376394 -0.3294826 0.1107866 -0.9522311 0.2845738 0.1107867 -0.6031032 0.7899322 0.1107867 -0.003176748 0.005684912 0.9999788 -0.002665996 0.002016842 0.9999945 -0.003499567 -4.75659e-5 0.9999939 -0.001387 0.001621186 0.9999978 -4.92403e-4 1.17161e-4 1 -0.003376305 -0.001564562 0.9999932 0.001257359 -0.003349781 0.9999937 0.001257181 -0.001519918 0.9999982 -0.002612233 -0.001091003 0.9999961 0.02662479 -0.02041345 0.9994371 0.001376926 -0.003862321 0.9999916 0.005956768 -0.004174292 0.9999735 -0.02852874 0.001822352 0.9995913 0.0020563 -5.01881e-4 0.9999978 0.002442002 1.83773e-4 0.9999971 0.04798883 0.0658493 0.996675 0.00604093 -0.02762949 0.9996 0.004274725 -6.4074e-5 0.9999909 -1.78201e-4 0.002190232 0.9999976 5.35429e-4 0.005939543 0.9999823 0.05258125 0.8336594 0.5497702 0.1205184 0.4546183 0.8824951 0.4107241 0.6165385 0.6717039 0.2890578 0.4948285 0.8195062 0.4989474 0.2311517 0.8352368 0.8941813 0.03303033 0.446485 0.5654295 -0.06466203 0.8222582 0.6500971 -0.3676583 0.6649821 0.6455129 -0.3635011 0.6716994 0.267793 -0.4802808 0.8352349 0.1168063 -0.8643677 0.4891062 -0.04666227 -0.5184698 0.853822 -0.3134194 -0.3754398 0.8722461 -0.461 -0.3025828 0.8342198 -0.8232905 -0.1964876 0.5325274 -0.7317274 0.08611017 0.6761361 -0.5420724 0.008108913 0.8402928 -0.4433139 0.3120605 0.8402923 -0.2016577 0.6375088 0.7435837 -0.1932397 0.5148393 0.835224 -0.5505629 0.6428784 0.5325298 -0.6425963 0.3604282 0.6761373 -0.5211275 -0.4240683 0.7406702 -0.3090609 -0.8680341 0.3885852 0.4089685 -0.614883 0.6742876 0.6437312 0.3618792 0.67428 0.2207018 0.9753293 -0.00487256 0.9891534 0.1467975 -0.005106151 0.6557072 -0.7549228 -0.01182812 -0.2253431 -0.9742611 0.005978345 -0.9206103 -0.390335 -0.01074403 -0.827029 0.5621351 0.005222022 -0.826581 0.5627922 0.00538665 -0.8571146 -0.5150206 0.01041531 -0.16078 -0.9869716 -0.006084024 0.7612866 -0.6483308 0.01049077 0.988047 0.1540181 -0.006444036 0.2712348 0.9624938 0.006108283 0.3581402 -0.4123282 -0.837688 0.5523183 0.0799663 -0.8297891 0.1262148 0.5577735 -0.8203405 -0.4617552 0.3114253 -0.8305399 -0.5028195 -0.2131929 -0.837688 -0.123075 -0.5321007 -0.8376882 0.2676732 -0.4760872 0.8376706 -0.2613095 -0.4931474 0.829773 -0.5437102 0.00375247 0.8392648 -0.3433324 0.4392694 0.8301599 0.3395073 0.4576639 0.8217533 0.5424958 -0.0633037 0.83767 -0.9999507 1.70969e-4 0.009938895 -0.4712694 -0.8818817 0.01377898 0.4899693 -0.8715428 0.01852869 0.9932108 -0.1159002 0.009976804 0.5886168 0.8083989 0.004653573 -0.6062155 0.7952949 0.002998054 -0.5338026 0.845474 -0.01512056 0.5935946 0.8047423 0.005948603 0.999912 -0.01283007 -0.003411531 0.6949743 -0.7188926 -0.01429086 -0.3039026 -0.9525955 -0.01431953 -0.9810065 -0.1928485 -0.02087557 0.9233957 0.2638669 0.2787735 0.03482335 0.9837011 0.1764075 -0.9092408 0.3519541 0.2222824 0.4673289 -0.8831219 -0.041224 -0.6304485 -0.6813459 0.3718904 -0.1288224 -0.4389468 0.8892303 0.4819728 -0.5034577 0.7171002 -0.5468856 -0.1073227 0.8303 -0.2725357 0.4317072 0.8598566 0.319928 0.4263941 0.8460699 0.6460565 -0.01114851 0.7632082 -0.01200121 0.02321046 0.9996587 0.00301063 0.001636266 0.9999942 4.03009e-4 0.003288447 0.9999946 -0.002057671 -7.78659e-5 0.9999979 -0.01188099 -0.003057003 0.9999248 -0.03288823 -0.06097036 0.9975976 2.41176e-4 -0.002251982 0.9999974 0.00148034 -0.002122819 0.9999967 0.0012874 0.001069426 0.9999986 0.02624744 0.01634263 0.9995219 -0.00178945 0.002337217 0.9999958 -0.002141356 -0.01652544 0.9998612 0.02924913 0.02313441 0.9993044 8.39538e-4 5.14733e-4 0.9999995 0.007277309 -0.04743713 0.9988477 -0.01394295 0.02727198 0.9995309 0.02899527 -0.03340488 0.9990213 0.006973445 0.08364325 0.9964714 -0.009247243 -0.08650958 0.9962081 0.02137398 -0.01611101 0.9996418 -0.01814901 0.01267051 0.999755 -0.001307427 -0.04162853 0.9991323 0.009556591 0.08618205 0.9962337 -0.001485526 -2.12031e-4 0.9999989 0.003503441 0.06982344 0.9975532 -0.005962789 -0.03251177 0.9994537 0.02652329 0.08340412 0.9961628 -0.1900361 -0.6543596 0.7319152 -0.6556805 -0.175172 0.7344372 -0.6571003 0.1716288 0.7340046 -0.2423814 0.6343387 0.7340747 0.4628206 0.09976381 0.8808202 0.4619223 0.6212939 0.6329468 0.4916586 0.6347318 0.5961437 0.1486044 -0.4963197 0.8553267 0.07464027 -0.5866448 0.8063973 -0.02120494 -0.9056834 0.4234241 0.4407774 0.4319162 0.7868697 0.7488927 0.4082248 0.5220271 0.1218751 0.7108823 0.6926708 -0.5040511 0.5139206 0.6941312 -0.7169298 -0.1772336 0.6742402 -0.5126124 -0.5063201 0.6934469 0.4098103 -0.752987 0.5148457 0.4769721 -0.4713383 0.7418476 0.8571688 0.4846249 0.1743567 -0.8168216 -0.549341 0.1761446 0.1664213 -0.7495167 0.6407251 -0.1371544 0.9134162 0.3832228 0.06770354 0.5785008 0.8128673 0.7031723 -0.2143814 0.6779302 0.2635823 -0.853748 0.4490421 -0.2650704 -0.5030465 0.8226068 -0.3565773 0.1806071 0.9166426 0.9435829 -0.3274955 0.04897063 0.8067739 -0.5905929 0.01778149 0.4763889 -0.878573 0.03410476 -0.02221852 -0.9992305 0.03232711 -0.4570731 -0.8889254 -0.02993059 -0.6450878 -0.7623966 0.05111986 -0.9703529 -0.2398821 0.0295279 -0.928494 0.3711674 0.01156711 -0.7677147 0.6399884 0.03208309 -0.2495939 0.9682835 0.01139706 0.07166457 0.9961407 0.05067628 0.5989468 0.8004688 0.02264124 0.8787203 0.4761129 0.03416556 0.9990235 -0.03745472 0.02343446 0.9882314 -0.1529528 -0.00203675 0.9624803 0.2694499 -0.03207153 0.7044045 0.7093906 -0.02407079 0.3477526 0.9370684 -0.0311625 -0.2024727 0.9792481 -0.00883913 -0.7095534 0.7045713 -0.01064026 -0.9372989 0.3478402 0.02186429 -0.9870752 -0.1599041 -0.01064068 -0.8321073 -0.5536867 -0.03207159 -0.4117831 -0.9112391 -0.00883913 0.202196 -0.977915 -0.05290651 0.7390269 -0.6728851 -0.03263199 5.12576e-4 4.12805e-4 0.9999998 -8.27255e-5 4.38591e-4 1 -9.68917e-6 0 1 5.95463e-4 3.89814e-4 0.9999998 -2.49658e-4 5.80658e-4 0.9999998 1.76167e-4 -1.63812e-4 1 2.93319e-4 -1.30944e-4 1 6.19809e-4 3.59687e-5 0.9999999 -2.11666e-4 3.03524e-4 1 -3.75439e-4 -3.69157e-4 0.9999999 -2.56206e-4 1.11916e-4 1 1.1893e-4 -5.20473e-4 0.9999999 -5.66578e-4 3.69382e-4 0.9999998 -6.48446e-4 9.62042e-5 0.9999998 -4.45327e-4 -1.29203e-4 0.9999999 -1.81045e-4 -4.87113e-4 0.9999999 3.19436e-4 -6.35916e-4 0.9999998 4.83627e-4 7.89637e-5 0.9999999 -3.45044e-4 3.1441e-4 0.9999999 3.09803e-4 -3.25749e-4 1 4.49884e-4 3.0653e-4 0.9999999 -5.30935e-4 8.37413e-5 1 4.59995e-4 -1.72238e-4 0.9999999 5.31794e-4 -2.87096e-4 0.9999998 -2.17761e-4 2.0249e-4 1 0.7585744 -0.5459651 0.3556505 0.3644645 -0.8606272 0.3556492 -0.10189 -0.9364404 0.3357051 -0.4418911 -0.8516969 0.2816822 -0.7684697 -0.5319463 0.355651 -0.9329886 -0.05521786 0.3556451 -0.8258542 0.4375835 0.355648 -0.4782602 0.802982 0.3556504 -0.02657401 0.9415926 0.3357042 0.3217947 0.9039378 0.2816821 0.6700124 0.6621065 0.3357058 0.8802696 0.3818114 0.2816835 0.9318117 -0.07233899 0.3556602 0.9440625 -0.1076837 0.3116894 0.9642809 0.1530035 0.2162235 0.8643065 0.3969566 0.3088686 0.7343738 0.6232441 0.268816 0.5463564 0.8091617 0.2162218 0.2998203 0.9026119 0.3088682 0.04576057 0.9621042 0.2688154 -0.2184484 0.95159 0.2162336 -0.4550141 0.8352023 0.3088679 -0.6810854 0.6995504 0.2162222 -0.8227234 0.4772039 0.3088735 -0.9450984 0.2445583 0.2167496 -0.9499329 -0.02186787 0.3116878 -0.9344667 -0.2828785 0.2162218 -0.8022053 -0.5109466 0.3088696 -0.6514399 -0.7272333 0.2162355 -0.4199345 -0.8533781 0.3088703 -0.1763421 -0.9469114 0.2688167 0.08684289 -0.9724736 0.2162253 0.3370522 -0.8893806 0.3088659 0.5794792 -0.7857805 0.2162241 0.7500882 -0.5847814 0.3088663 0.9029927 -0.3709705 0.2167605 -0.05464291 0.008140385 -0.9984728 -0.04293674 0.007386088 -0.9990505 -0.01949584 -0.03961521 -0.9990249 -0.05868357 0.00557053 -0.9982612 -0.03273516 0.02127301 -0.9992377 4.55033e-4 -0.03490477 -0.9993906 -0.008656442 -0.0463944 -0.9988858 -0.03931456 -0.02501434 -0.9989138 -0.04038137 -0.01223224 -0.9991095 -0.03706479 0.02149319 -0.9990817 0.003606557 0.03755134 -0.9992882 0.03522795 -0.01330083 -0.9992908 -0.03215998 -0.01309806 -0.999397 -0.03424614 0.03514993 -0.9987952 -0.01583999 0.03187114 -0.9993665 0.001986265 0.04196518 -0.9991172 0.02552729 0.03779137 -0.9989596 0.03508019 0.02977716 -0.9989408 0.04078954 0.01873445 -0.9989922 0.03869605 -0.03017711 -0.9987953 0.02060788 -0.02940851 -0.999355 0.003672897 -0.04109281 -0.9991486 -0.02997994 -0.03350776 -0.9989888 -0.01081287 0.04711526 -0.998831 0.01841896 0.03359484 -0.9992659 0.03082394 0.02007538 -0.9993232 0.02262181 -0.03067046 -0.9992735 -0.01907974 -0.02877217 -0.9994039 -0.01860123 0.03416645 -0.999243 0.01720631 -0.04545682 -0.9988182 0.01439881 0.04334688 -0.9989564 0.04092425 0.006498396 -0.9991412 0.05422204 -0.01564496 -0.9984064 0.03950649 0.006846487 -0.9991959 0.05807024 -0.01379078 -0.9982174 0.9312403 -0.3517851 0.09507358 0.5712664 -0.8152394 0.09507578 0.01275414 -0.9953885 0.09507387 -0.550195 -0.8296063 0.09507352 -0.9219183 -0.3755365 0.09507453 -0.9837582 0.1693413 0.05952584 -0.838071 0.5447525 -0.02969408 -0.4433781 0.8912783 0.09507411 0.09534752 0.9936628 0.0595256 0.480605 0.8764343 -0.02969598 0.8363237 0.5449948 0.0595262 0.984876 0.1706972 -0.02969324 0.9863646 -0.09834355 -0.13196 0.9798154 0.1984402 0.02415305 0.8771449 0.4780761 -0.04538911 0.6918844 0.7098475 -0.1319564 0.4557561 0.889777 0.02415692 0.1731156 0.983855 -0.04539054 -0.1236106 0.983518 -0.1319579 -0.4115045 0.9110877 0.02415192 -0.6561762 0.742981 -0.1319552 -0.8532231 0.5209867 0.02415496 -0.9681649 0.2461639 -0.04538947 -0.9900055 -0.0497663 -0.1319567 -0.9392967 -0.3422551 0.02415174 -0.7899425 -0.5988136 -0.1319591 -0.583272 -0.8119178 0.02415472 -0.3153542 -0.9397547 -0.131958 -0.0245642 -0.9994065 0.02415442 0.2688177 -0.9541088 -0.1319602 0.5426787 -0.8395932 0.02415227 0.7595714 -0.6368969 -0.1319611 0.9213436 -0.3879982 0.02415382 0.9216129 -0.3881002 -0.002847611 0.7662155 -0.6424589 0.01266598 0.5428451 -0.8398178 0.005026221 0.2711883 -0.9625222 -0.002847075 -0.02456855 -0.9996179 0.01266598 -0.3181421 -0.9480298 0.005026221 -0.5834497 -0.8121443 -0.002847552 -0.796853 -0.6040406 0.0126658 -0.9395582 -0.3423526 0.005026817 -0.9987348 -0.05020761 -0.002847552 -0.9690883 0.2463888 0.01266604 -0.8534753 0.5211232 0.003263413 -0.6084929 0.793363 -0.01765763 -0.6619545 0.7495438 6.40619e-4 -0.4115962 0.911315 0.009671688 -0.1247003 0.9921818 0.005026698 0.1732922 0.9848651 0.003264129 0.5162128 0.8562784 -0.01765733 0.4558895 0.8900362 6.40164e-4 0.6979454 0.7160857 0.009671568 0.8780451 0.4785694 -0.002847373 0.9800223 0.1984845 0.01266616 0.9950541 -0.09920769 0.005026817 0.9990321 0.0390523 -0.02024465 0.845634 0.5332934 -0.02238965 0.1115971 0.9936792 -0.01215815 -0.2360567 0.9716129 -0.0156731 -0.9072334 0.4198799 -0.02507567 -0.9961574 -0.08645236 -0.01401895 -0.883151 -0.4686519 -0.02024477 -0.5535021 -0.8327298 -0.01401919 -0.1842321 -0.9826744 -0.02024435 0.3059505 -0.9519443 -0.01401913 0.6534197 -0.7567251 -0.0202443 0.935017 -0.3543257 -0.01401871 0.4992346 0.7165993 0.4870834 -0.5551253 0.8244367 0.1101825 -0.9229237 -0.2640779 0.2801337 -0.09330749 -0.9623532 0.2552843 0.7911361 -0.5304042 0.3045902 0.1397569 -0.5549324 0.820072 -0.3215243 -0.4255686 0.8458803 -0.7970553 -0.1539257 0.5839604 -0.4813024 0.3629482 0.7978827 -0.1105276 0.5646992 0.8178621 0.4862321 0.6478052 0.5864528 0.6119155 0.01348215 0.7908082 -0.986634 -0.1629344 0.002434968 -0.6174825 -0.7865833 0.001481533 0.2165178 -0.9762748 0.002742946 0.9170897 -0.3986716 0.002743422 0.8879282 0.4597671 0.01406729 0.3946262 0.9187779 0.01083558 -0.220794 0.9752951 -0.007034957 -0.786584 0.6174815 0.001481652 -0.8014037 0.5981191 -0.002434849 -0.1869422 0.9823698 -0.001481652 0.5980303 0.8013501 -0.01406741 0.9702517 0.2418652 -0.01063042 0.7925827 -0.6077803 0.0491507 0.2442394 -0.9697111 -0.002743303 -0.5981253 -0.8013989 -0.002435266 -0.9823696 -0.1869431 -0.001481771 -0.6046562 0.4456229 -0.66016 -0.07071202 0.881189 -0.4674459 0.6575856 0.4129629 -0.6301134 0.692556 -0.3230656 -0.6449766 0.1141453 -0.8655506 -0.4876402 -0.8720473 -0.4767293 -0.1107364 -0.5941852 -0.1011154 -0.7979472 -0.3578397 -0.4509341 -0.8176854 0.1556367 -0.7017488 -0.6952165 0.6591851 -0.2865701 -0.6952356 0.8355261 0.4340336 -0.3369143 0.2191565 0.5102308 -0.831646 -0.1574313 0.6954327 -0.7011339 -0.637287 0.5030504 -0.5837857 -0.002871811 -2.00943e-4 -0.9999959 1.16258e-4 0.002014577 -0.999998 3.54507e-4 -5.29296e-4 -0.9999999 7.51862e-4 0.001953601 -0.9999979 6.46183e-4 2.87378e-4 -0.9999998 -0.001166999 -0.001063585 -0.9999988 -0.001901328 -5.48025e-4 -0.999998 0.002771615 -3.50491e-4 -0.9999961 5.52528e-4 -1.95456e-4 -0.9999998 0.001447856 -5.16986e-4 -0.9999988 -0.00111252 -0.001334428 -0.9999986 6.06733e-4 -2.75844e-4 -0.9999998 -1.06099e-4 -0.001658976 -0.9999987 6.3582e-4 2.38987e-4 -0.9999998 0.001302242 0.002754032 -0.9999954 -2.1022e-5 7.55848e-5 -1 -0.001898467 7.51774e-4 -0.9999979 -0.7811508 0.6182479 -0.08702486 -0.4550688 0.885397 -0.09478771 0.04096579 0.9938716 -0.1026704 0.4488176 0.8885822 -0.09478747 0.8281379 0.5510413 -0.1026706 0.9826867 0.1591922 -0.09478789 0.9073915 -0.4100437 -0.09222227 0.4930765 -0.8650844 -0.09222215 -0.1095752 -0.989691 -0.0922228 -0.6165174 -0.7789591 -0.1145824 -0.8861464 -0.4554518 -0.08548885 -0.9910669 0.1097284 -0.0758028 -0.9578757 -0.2559386 -0.130268 -0.6259927 -0.7719194 -0.1107866 -0.05271685 -0.9924452 -0.110786 0.5406984 -0.8338894 -0.1107866 0.9275823 -0.3568156 -0.1107868 0.9764332 0.1898343 -0.1026705 0.8097296 0.5762875 -0.110593 0.4203513 0.9015341 -0.1026704 0.009720206 0.9938183 -0.110593 -0.540144 0.8330351 -0.1195694 -0.9253741 0.355968 -0.1302679 -0.005613207 0.003341734 -0.9999787 -0.001874446 0.003995656 -0.9999903 -0.001627385 0.00145787 -0.9999977 -0.001208484 0.002120614 -0.999997 6.9467e-4 0.004287898 -0.9999906 2.56115e-4 0.002735018 -0.9999963 0.005268812 0.00553435 -0.9999709 0.002599954 -0.001160919 -0.999996 2.52427e-4 -4.48346e-4 -0.9999999 8.02194e-4 0.001830697 -0.999998 0.001796722 0.001026272 -0.9999979 0.003742456 -0.001488566 -0.999992 0.002387404 -0.002524793 -0.999994 -0.001499295 -0.001649141 -0.9999976 0.003431379 6.71272e-4 -0.999994 -2.42536e-4 -0.002121269 -0.9999977 -0.001975715 -0.001140534 -0.9999974 0.003580033 6.75981e-4 -0.9999934 3.4126e-4 -0.003320336 -0.9999945 -0.002010047 -0.006248474 -0.9999786 -0.003549098 -0.002761304 -0.9999899 -0.002220034 2.42384e-4 -0.9999975 -0.005939841 -3.60843e-4 -0.9999824 -0.5302261 -0.1130628 -0.8402839 -0.3416851 -0.3578103 -0.8690358 -0.09747081 -0.5892746 -0.8020318 0.2281854 -0.4917585 -0.8403006 0.4248467 -0.2534983 -0.8690478 0.5961664 0.03608572 -0.8020496 0.4347887 0.3366491 -0.8352403 0.4466557 0.7491738 -0.4891191 0.1605641 0.4951795 -0.8538247 -0.1539272 0.645828 -0.7478052 -0.4541926 0.5823018 -0.6742653 -0.3937337 0.5345532 -0.7478147 -0.5528065 0.226205 -0.8020201 -0.6710759 0.3138226 -0.6716939 -0.1538608 0.6506791 -0.7436019 0.09482431 0.8184146 -0.5667504 0.6759465 0.4240451 -0.6027289 0.6578781 0.02498006 -0.7527101 0.7814169 -0.2955129 -0.5495997 0.5790657 -0.6712681 -0.4626903 0.2407559 -0.7470546 -0.6196339 -0.1220597 -0.6469383 -0.7527101 -0.4619819 -0.6960514 -0.5496228 -0.7833079 -0.4151518 -0.4626852 -0.7818266 -0.06847071 -0.619725 -0.7246904 -0.6879926 0.03860235 0.3895367 -0.9209467 0.01088672 0.9677503 -0.2517825 -0.008075296 0.4766197 0.8782593 0.03865683 -0.7713409 0.6361874 0.01728814 0.01441371 0.9850769 0.1715102 0.1248669 0.9919723 -0.01998442 0.8466765 0.5319987 -0.01078552 0.8815676 -0.4702699 0.04104578 0.2967831 -0.9549372 -0.00383377 -0.4778636 -0.8783683 -0.01075053 -0.9978793 0.05201429 -0.03913372 0.533817 -0.1460934 0.8328843 0.2161983 -0.5020383 0.8373864 -0.4252232 -0.4074966 0.8081658 -0.4518617 0.3763924 0.8087953 0.2784221 0.5189514 0.8081898 0.0104953 -0.01924365 0.9997597 0.009521842 -0.02002394 0.9997543 -0.003473997 -0.01218676 0.9999197 -0.01174956 -0.009628474 0.9998847 0.04217296 -0.01011645 0.9990592 -0.323329 -0.1208669 0.9385359 -0.2325741 0.2770439 0.9322854 0.2036387 0.3001669 0.9318966 0.1440285 -0.98953 0.009291648 -0.3231325 -0.9461793 0.0181725 -0.7803761 -0.62516 0.01371461 -0.9997044 0.02007079 0.01372915 -0.8503625 0.5260205 0.01364678 -0.275849 0.9611718 -0.007490754 0.2265546 0.9739304 0.0115199 0.8088422 0.5880208 0.002446115 0.9975457 0.06647205 0.02200144 0.7985147 -0.6015865 0.02163374 0.3047299 -0.9523537 -0.01273375 0.9496011 -0.3132504 -0.01149213 0.8435792 0.5369901 -0.003985464 0.3106622 0.9505202 7.04246e-4 -0.3608346 0.9326145 0.005346179 -0.9302721 0.3668373 -0.004938364 -0.9515559 -0.3073608 -0.008416295 -0.5423378 -0.8401432 -0.005400836 -0.3994247 -0.6087701 0.6854625 -0.7065041 -0.2282081 0.6699053 -0.6987008 0.2699363 0.6625342 -0.2505941 0.6629624 0.7054669 0.2211595 0.6766726 0.7022839 0.5935527 0.3843998 0.7070587 0.6647542 -0.2192891 0.7141528 0.2226141 -0.6957219 0.6829451 0.2470352 -0.6722957 0.6978482 0.6131254 -0.4547632 0.6459627 0.7486588 -0.04517436 0.6614147 0.704951 0.2595473 0.6600601 0.4527301 0.6103861 0.6499725 0.006278455 0.760275 0.6495711 -0.4412784 0.622575 0.6462768 -0.6947461 0.2319433 0.6808305 -0.7117003 -0.2219657 0.6664937 -0.4437631 -0.5982972 0.6671692 -0.04559791 -0.7543527 0.6548839 0.002699553 0.006086826 -0.9999779 -0.006034135 0.004811882 -0.9999703 0.002690434 -9.20293e-4 -0.999996 -0.00455296 -0.006138026 -0.9999709 -0.001186013 0.004335284 -0.99999 0.004848778 0.006537616 -0.9999669 0.003452956 0.008480846 -0.9999582 -0.007013499 -0.003120124 -0.9999706 0.005378305 -0.007163703 -0.9999599 -0.001540064 -0.006283164 -0.9999791 -0.005644977 -0.004536032 -0.9999738 0.001664757 0.006679296 -0.9999764 0.002964198 -0.00573033 -0.9999792 -0.006384909 0.004425406 -0.9999699 0.006145536 -0.004558444 -0.9999707 0.007387578 -5.36413e-4 -0.9999727 -0.004715859 -0.001605033 -0.9999876 0.3691132 0.9291493 -0.02090585 0.3809539 0.9245259 -0.01123797 0.9840753 0.1742491 -0.03511649 0.9959069 0.08169591 0.03866904 0.6456322 -0.7626017 -0.03997188 0.5613275 -0.8266401 0.0397197 -0.3691241 -0.9290276 -0.02559614 -0.4288699 -0.9030619 0.02345389 -0.98418 -0.1742537 -0.03202176 -0.9911867 -0.1324727 -3.7319e-4 -0.6456571 0.7626494 -0.0386365 -0.5715951 0.819718 0.03662747 -0.3366693 0.3870903 -0.8583793 -0.5075174 -0.09273707 -0.8566365 -0.1985464 -0.4730793 -0.8583562 0.3366701 -0.3870908 -0.8583787 0.5075168 0.09273654 -0.856637 0.1985466 0.4730809 -0.8583552 0.0265302 -0.01461786 0.9995412 0.01470726 0.001437187 0.9998909 -0.001265883 0.01146924 0.9999335 -0.002890706 0.01187622 0.9999253 -0.006429314 0.0106616 0.9999225 -0.09955692 -0.05492985 0.9935145 -0.1197239 0.322016 0.9391336 0.292203 -0.1915419 0.9369787 -0.9895301 -0.1440281 0.00929147 -0.9461786 0.3231347 0.01817238 -0.6251603 0.7803759 0.01371443 -0.01310628 0.9998475 0.01154732 0.5151644 0.8569818 0.01370847 0.9381271 0.3462383 0.006052494 0.9647356 -0.2631319 0.006854951 0.5880202 -0.8088427 0.002445936 0.04966282 -0.9985055 0.02281564 -0.5837791 -0.8115926 0.02279138 -0.9523533 -0.3047311 -0.01273363 -0.3132626 -0.9496306 -0.008269309 0.536991 -0.8435786 -0.003985643 0.95052 -0.3106628 7.04578e-4 0.9326021 0.3608065 0.008489489 0.3668404 0.9302694 -0.005207598 -0.3073598 0.9515563 -0.008416116 -0.8401435 0.5423374 -0.005400836 -0.6087701 0.399425 0.6854624 -0.2282061 0.7065048 0.6699053 0.2699341 0.6987026 0.6625334 0.6629625 0.2505957 0.7054662 0.6766733 -0.2211617 0.7022825 0.3843997 -0.5935509 0.7070604 -0.2192878 -0.6647539 0.7141535 -0.6957205 -0.2226145 0.6829464 -0.6722961 -0.2470341 0.6978483 -0.4547632 -0.6131258 0.6459623 -0.04517543 -0.7486599 0.6614134 0.259548 -0.7049505 0.6600604 0.610387 -0.4527305 0.6499714 0.7602737 -0.006277859 0.6495727 0.6225745 0.4412781 0.6462777 0.231944 0.6947455 0.6808308 -0.2219657 0.7117002 0.6664938 -0.5982972 0.4437634 0.6671691 -0.7543542 0.04559701 0.6548822 0.006087362 -0.00270003 -0.9999779 0.004811763 0.006033837 -0.9999703 -9.20715e-4 -0.002690017 -0.999996 -0.006138324 0.004552662 -0.9999709 0.004335165 0.001186907 -0.99999 0.006537735 -0.004849016 -0.9999669 0.008481025 -0.003452539 -0.9999582 -0.003120243 0.007014214 -0.9999706 -0.007163405 -0.005378544 -0.9999599 -0.006282746 0.001539587 -0.9999791 -0.004536092 0.005645334 -0.9999738 0.006679356 -0.001664161 -0.9999763 -0.005730271 -0.002964138 -0.9999792 0.004425823 0.006384611 -0.9999698 -0.004559159 -0.006145536 -0.9999707 -5.36291e-4 -0.007387697 -0.9999726 -0.001605391 0.004716098 -0.9999876 0.9291491 -0.3691138 -0.02090519 0.9245262 -0.380953 -0.01123744 0.1742473 -0.9840756 -0.03511643 0.08169811 -0.9959067 0.03866976 -0.7626025 -0.6456313 -0.03997176 -0.826641 -0.5613263 0.03971749 -0.9290272 0.3691251 -0.02559775 -0.9030624 0.4288687 0.02345627 -0.1742534 0.9841802 -0.03202033 -0.1324731 0.9911866 -3.74034e-4 0.7626492 0.6456573 -0.03863692 0.8197196 0.5715929 0.0366261 0.3870901 0.3366703 -0.858379 -0.09273648 0.5075172 -0.8566367 -0.4730794 0.198546 -0.8583563 -0.387091 -0.3366696 -0.8583789 0.09273779 -0.5075185 -0.8566356 0.473079 -0.1985462 -0.8583564 -0.0104953 0.01924365 0.9997597 -0.009521842 0.02002394 0.9997543 0.003473997 0.01218676 0.9999197 0.01174956 0.009628474 0.9998847 -0.04217296 0.01011645 0.9990592 0.323329 0.1208669 0.9385359 0.2325741 -0.2770439 0.9322854 -0.2036387 -0.3001669 0.9318966 -0.1440285 0.98953 0.009291648 0.3231325 0.9461793 0.0181725 0.7803761 0.62516 0.01371461 0.9997044 -0.02007079 0.01372915 0.8503625 -0.5260205 0.01364678 0.275849 -0.9611718 -0.007490754 -0.2265546 -0.9739304 0.0115199 -0.8088422 -0.5880208 0.002446115 -0.9975457 -0.06647205 0.02200144 -0.7985147 0.6015865 0.02163374 -0.3047299 0.9523537 -0.01273375 -0.9496011 0.3132504 -0.01149213 -0.8435792 -0.5369901 -0.003985464 -0.3106622 -0.9505202 7.04246e-4 0.3608346 -0.9326145 0.005346179 0.9302721 -0.3668373 -0.004938364 0.9515559 0.3073608 -0.008416295 0.5423378 0.8401432 -0.005400836 0.3994247 0.6087701 0.6854625 0.7065041 0.2282081 0.6699053 0.6987008 -0.2699363 0.6625342 0.2505941 -0.6629624 0.7054669 -0.2211595 -0.6766726 0.7022839 -0.5935527 -0.3843998 0.7070587 -0.6647542 0.2192891 0.7141528 -0.2226141 0.6957219 0.6829451 -0.2470352 0.6722957 0.6978482 -0.6131254 0.4547632 0.6459627 -0.7486588 0.04517436 0.6614147 -0.704951 -0.2595473 0.6600601 -0.4527301 -0.6103861 0.6499725 -0.006278455 -0.760275 0.6495711 0.4412784 -0.622575 0.6462768 0.6947461 -0.2319433 0.6808305 0.7117003 0.2219657 0.6664937 0.4437631 0.5982972 0.6671692 0.04559791 0.7543527 0.6548839 -0.002699553 -0.006086826 -0.9999779 0.006034135 -0.004811882 -0.9999703 -0.002690434 9.20293e-4 -0.999996 0.00455296 0.006138026 -0.9999709 0.001186013 -0.004335284 -0.99999 -0.004848778 -0.006537616 -0.9999669 -0.003452956 -0.008480846 -0.9999582 0.007013499 0.003120124 -0.9999706 -0.005378305 0.007163703 -0.9999599 0.001540064 0.006283164 -0.9999791 0.005644977 0.004536032 -0.9999738 -0.001664757 -0.006679296 -0.9999764 -0.002964198 0.00573033 -0.9999792 0.006384909 -0.004425406 -0.9999699 -0.006145536 0.004558444 -0.9999707 -0.007387578 5.36413e-4 -0.9999727 0.004715859 0.001605033 -0.9999876 -0.3691132 -0.9291493 -0.02090585 -0.3809539 -0.9245259 -0.01123797 -0.9840753 -0.1742491 -0.03511649 -0.9959069 -0.08169591 0.03866904 -0.6456322 0.7626017 -0.03997188 -0.5613275 0.8266401 0.0397197 0.3691241 0.9290276 -0.02559614 0.4288699 0.9030619 0.02345389 0.98418 0.1742537 -0.03202176 0.9911867 0.1324727 -3.7319e-4 0.6456571 -0.7626494 -0.0386365 0.5715951 -0.819718 0.03662747 0.3366693 -0.3870903 -0.8583793 0.5075174 0.09273707 -0.8566365 0.1985464 0.4730793 -0.8583562 -0.3366701 0.3870908 -0.8583787 -0.5075168 -0.09273654 -0.856637 -0.1985466 -0.4730809 -0.8583552 -0.0265302 0.01461786 0.9995412 -0.01470726 -0.001437187 0.9998909 0.001265883 -0.01146924 0.9999335 0.002890706 -0.01187622 0.9999253 0.006429314 -0.0106616 0.9999225 0.09955692 0.05492985 0.9935145 0.1197239 -0.322016 0.9391336 -0.292203 0.1915419 0.9369787 0.9895301 0.1440281 0.00929147 0.9461786 -0.3231347 0.01817238 0.6251603 -0.7803759 0.01371443 0.01310628 -0.9998475 0.01154732 -0.5151644 -0.8569818 0.01370847 -0.9381271 -0.3462383 0.006052494 -0.9647356 0.2631319 0.006854951 -0.5880202 0.8088427 0.002445936 -0.04966282 0.9985055 0.02281564 0.5837791 0.8115926 0.02279138 0.9523533 0.3047311 -0.01273363 0.3132626 0.9496306 -0.008269309 -0.536991 0.8435786 -0.003985643 -0.95052 0.3106628 7.04578e-4 -0.9326021 -0.3608065 0.008489489 -0.3668404 -0.9302694 -0.005207598 0.3073598 -0.9515563 -0.008416116 0.8401435 -0.5423374 -0.005400836 0.6087701 -0.399425 0.6854624 0.2282061 -0.7065048 0.6699053 -0.2699341 -0.6987026 0.6625334 -0.6629625 -0.2505957 0.7054662 -0.6766733 0.2211617 0.7022825 -0.3843997 0.5935509 0.7070604 0.2192878 0.6647539 0.7141535 0.6957205 0.2226145 0.6829464 0.6722961 0.2470341 0.6978483 0.4547632 0.6131258 0.6459623 0.04517543 0.7486599 0.6614134 -0.259548 0.7049505 0.6600604 -0.610387 0.4527305 0.6499714 -0.7602737 0.006277859 0.6495727 -0.6225745 -0.4412781 0.6462777 -0.231944 -0.6947455 0.6808308 0.2219657 -0.7117002 0.6664938 0.5982972 -0.4437634 0.6671691 0.7543542 -0.04559701 0.6548822 -0.006087362 0.00270003 -0.9999779 -0.004811763 -0.006033837 -0.9999703 9.20715e-4 0.002690017 -0.999996 0.006138324 -0.004552662 -0.9999709 -0.004335165 -0.001186907 -0.99999 -0.006537735 0.004849016 -0.9999669 -0.008481025 0.003452539 -0.9999582 0.003120243 -0.007014214 -0.9999706 0.007163405 0.005378544 -0.9999599 0.006282746 -0.001539587 -0.9999791 0.004536092 -0.005645334 -0.9999738 -0.006679356 0.001664161 -0.9999763 0.005730271 0.002964138 -0.9999792 -0.004425823 -0.006384611 -0.9999698 0.004559159 0.006145536 -0.9999707 5.36291e-4 0.007387697 -0.9999726 0.001605391 -0.004716098 -0.9999876 -0.9291491 0.3691138 -0.02090519 -0.9245262 0.380953 -0.01123744 -0.1742473 0.9840756 -0.03511643 -0.08169811 0.9959067 0.03866976 0.7626025 0.6456313 -0.03997176 0.826641 0.5613263 0.03971749 0.9290272 -0.3691251 -0.02559775 0.9030624 -0.4288687 0.02345627 0.1742534 -0.9841802 -0.03202033 0.1324731 -0.9911866 -3.74034e-4 -0.7626492 -0.6456573 -0.03863692 -0.8197196 -0.5715929 0.0366261 -0.3870901 -0.3366703 -0.858379 0.09273648 -0.5075172 -0.8566367 0.4730794 -0.198546 -0.8583563 0.387091 0.3366696 -0.8583789 -0.09273779 0.5075185 -0.8566356 -0.473079 0.1985462 -0.8583564</float_array>
          <technique_common>
            <accessor source="#Forearm_4Tube_Separate-mesh-normals-array" count="8221" stride="3">
              <param name="X" type="float"/>
              <param name="Y" type="float"/>
              <param name="Z" type="float"/>
            </accessor>
          </technique_common>
        </source>
        <vertices id="Forearm_4Tube_Separate-mesh-vertices">
          <input semantic="POSITION" source="#Forearm_4Tube_Separate-mesh-positions"/>
        </vertices>
        <triangles count="8928">
          <input semantic="VERTEX" source="#Forearm_4Tube_Separate-mesh-vertices" offset="0"/>
          <input semantic="NORMAL" source="#Forearm_4Tube_Separate-mesh-normals" offset="1"/>
          <p>0 0 2 0 1 0 0 1 3 1 2 1 0 2 4 2 3 2 0 3 5 3 4 3 0 4 6 4 5 4 0 5 1 5 6 5 3 6 4 6 7 6 2 7 3 7 9 7 1 8 2 8 10 8 6 9 1 9 11 9 5 10 6 10 12 10 4 11 5 11 14 11 14 12 7 12 4 12 13 13 14 13 5 13 12 14 13 14 5 14 11 15 12 15 6 15 10 16 11 16 1 16 9 17 10 17 2 17 8 18 9 18 3 18 7 19 8 19 3 19 15 20 16 20 12 20 14 21 17 21 7 21 17 22 9 22 8 22 18 23 15 23 10 23 11 24 10 24 15 24 10 25 9 25 18 25 8 26 7 26 17 26 14 27 13 27 16 27 13 28 12 28 16 28 12 29 11 29 15 29 14 30 19 30 20 30 20 31 17 31 14 31 20 32 9 32 17 32 19 33 21 33 22 33 24 34 18 34 9 34 21 35 23 35 22 35 21 36 24 36 28 36 9 37 28 37 24 37 15 38 25 38 31 38 26 39 20 39 19 39 19 40 22 40 26 40 9 41 27 41 28 41 15 42 24 42 25 42 9 43 20 43 27 43 28 44 23 44 21 44 32 45 30 45 29 45 29 46 16 46 15 46 29 47 19 47 16 47 24 48 15 48 18 48 24 49 33 49 25 49 32 50 29 50 15 50 19 51 14 51 16 51 24 52 30 52 33 52 31 53 32 53 15 53 30 54 24 54 29 54 34 55 35 55 21 55 21 56 19 56 34 56 29 57 24 57 38 57 38 58 41 58 29 58 36 59 35 59 37 59 34 60 37 60 35 60 38 61 39 61 40 61 40 62 41 62 38 62 30 63 32 63 42 63 32 64 31 64 44 64 31 65 25 65 45 65 25 66 33 66 46 66 33 67 30 67 47 67 47 68 46 68 33 68 46 69 45 69 25 69 45 70 44 70 31 70 44 71 43 71 32 71 43 72 42 72 32 72 42 73 47 73 30 73 49 74 48 74 45 74 50 75 49 75 46 75 51 76 50 76 47 76 52 77 51 77 42 77 48 78 52 78 44 78 44 79 45 79 48 79 43 80 44 80 52 80 42 81 43 81 52 81 47 82 42 82 51 82 46 83 47 83 50 83 45 84 46 84 49 84 53 85 50 85 51 85 53 86 49 86 50 86 53 87 48 87 49 87 53 88 52 88 48 88 53 89 51 89 52 89 27 90 20 90 55 90 20 91 26 91 55 91 26 92 22 92 57 92 22 93 23 93 57 93 23 94 28 94 58 94 28 95 27 95 59 95 54 96 59 96 27 96 59 97 58 97 28 97 58 98 57 98 23 98 57 99 56 99 26 99 56 100 55 100 26 100 55 101 54 101 27 101 61 102 60 102 58 102 62 103 61 103 59 103 63 104 62 104 54 104 64 105 63 105 55 105 60 106 64 106 57 106 56 107 57 107 64 107 55 108 56 108 64 108 54 109 55 109 63 109 59 110 54 110 62 110 58 111 59 111 61 111 57 112 58 112 60 112 65 113 61 113 62 113 65 114 60 114 61 114 65 115 64 115 60 115 65 116 63 116 64 116 65 117 62 117 63 117 66 118 67 118 68 118 67 119 69 119 68 119 67 120 70 120 69 120 68 121 71 121 66 121 66 122 72 122 67 122 67 123 72 123 19 123 72 122 74 122 34 122 66 122 71 122 75 122 67 122 29 122 41 122 67 124 19 124 29 124 40 125 73 125 41 125 74 126 37 126 34 126 76 127 66 127 75 127 41 122 73 122 67 122 34 122 19 122 72 122 78 128 77 128 69 128 69 129 70 129 78 129 79 130 80 130 71 130 77 131 79 131 68 131 68 132 69 132 77 132 71 133 68 133 79 133 81 134 95 134 76 134 80 135 81 135 75 135 75 136 71 136 80 136 76 137 75 137 81 137 84 122 85 122 86 122 84 138 86 138 87 138 82 139 88 139 78 139 83 140 85 140 82 140 85 141 83 141 86 141 77 142 88 142 79 142 77 122 78 122 88 122 83 143 82 143 89 143 86 144 83 144 90 144 89 145 90 145 83 145 81 146 91 146 95 146 92 122 91 122 80 122 95 147 96 147 97 147 91 122 81 122 80 122 94 148 96 148 93 148 92 149 80 149 79 149 94 122 97 122 96 122 98 150 94 150 93 150 97 151 94 151 99 151 95 152 97 152 100 152 100 153 101 153 95 153 99 154 100 154 97 154 98 155 102 155 106 155 94 156 98 156 103 156 103 157 99 157 94 157 106 158 103 158 98 158 104 159 110 159 105 159 102 160 104 160 106 160 105 161 106 161 104 161 110 162 108 162 111 162 104 163 107 163 110 163 107 164 104 164 102 164 109 122 111 122 108 122 98 165 107 165 102 165 108 166 112 166 109 166 111 167 109 167 113 167 113 168 114 168 111 168 115 169 116 169 79 169 117 170 115 170 79 170 118 171 117 171 88 171 82 172 119 172 118 172 120 173 119 173 85 173 121 174 120 174 84 174 122 175 121 175 87 175 123 176 122 176 124 176 126 177 123 177 124 177 126 178 125 178 127 178 128 179 126 179 127 179 129 180 128 180 130 180 132 181 129 181 131 181 133 182 132 182 112 182 134 183 133 183 108 183 110 184 135 184 134 184 137 185 136 185 107 185 138 186 137 186 98 186 93 187 139 187 138 187 140 188 139 188 96 188 141 189 140 189 95 189 95 190 91 190 141 190 142 191 141 191 91 191 116 192 142 192 92 192 92 193 79 193 116 193 91 194 92 194 142 194 96 195 95 195 140 195 93 196 96 196 139 196 98 197 93 197 138 197 107 198 98 198 137 198 136 199 135 199 107 199 110 200 107 200 135 200 108 201 110 201 134 201 112 202 108 202 133 202 131 203 112 203 132 203 130 204 131 204 129 204 127 205 130 205 128 205 124 206 125 206 126 206 87 207 124 207 122 207 84 208 87 208 121 208 85 209 84 209 120 209 82 210 85 210 119 210 88 211 82 211 118 211 79 212 88 212 117 212 112 213 143 213 144 213 109 214 112 214 145 214 145 215 113 215 109 215 144 216 145 216 112 216 87 217 86 217 90 217 147 218 87 218 146 218 146 219 148 219 147 219 90 220 146 220 87 220 125 221 124 221 149 221 131 122 130 122 143 122 130 122 150 122 143 122 150 222 130 222 127 222 131 223 143 223 112 223 147 122 149 122 124 122 124 224 87 224 147 224 150 225 127 225 151 225 143 226 150 226 152 226 152 227 144 227 143 227 151 228 152 228 150 228 149 229 147 229 148 229 125 230 149 230 153 230 153 231 154 231 125 231 148 232 153 232 149 232 155 233 156 233 106 233 155 234 106 234 105 234 157 235 101 235 100 235 156 236 103 236 106 236 99 237 156 237 157 237 100 122 99 122 157 122 99 238 103 238 156 238 155 239 160 239 161 239 157 240 156 240 158 240 158 241 162 241 157 241 161 122 156 122 155 122 159 242 161 242 160 242 164 243 158 243 156 243 165 244 156 244 161 244 161 245 167 245 165 245 156 246 165 246 164 246 161 247 159 247 167 247 166 248 167 248 159 248 162 249 158 249 164 249 163 250 162 250 168 250 168 251 169 251 163 251 164 252 168 252 162 252 36 253 170 253 171 253 36 254 171 254 172 254 173 255 172 255 174 255 176 256 174 256 177 256 178 257 170 257 37 257 37 258 170 258 36 258 74 259 179 259 178 259 72 260 180 260 179 260 66 261 181 261 180 261 95 262 182 262 76 262 76 263 182 263 181 263 95 264 183 264 182 264 101 265 183 265 95 265 157 266 184 266 183 266 157 267 185 267 184 267 163 268 186 268 185 268 169 269 186 269 163 269 176 270 177 270 169 270 169 271 177 271 186 271 185 272 162 272 163 272 185 273 157 273 162 273 183 274 101 274 157 274 181 275 66 275 76 275 180 276 72 276 66 276 179 277 74 277 72 277 178 278 37 278 74 278 174 279 176 279 175 279 174 280 175 280 173 280 172 281 173 281 36 281 187 282 176 282 169 282 169 283 188 283 187 283 167 284 189 284 190 284 190 285 165 285 167 285 164 122 165 122 188 122 190 122 188 122 165 122 168 122 164 122 188 122 189 286 167 286 166 286 169 287 168 287 188 287 189 288 191 288 192 288 190 289 192 289 193 289 188 290 193 290 187 290 193 291 188 291 190 291 192 292 190 292 189 292 194 293 191 293 166 293 189 294 166 294 191 294 180 122 195 122 196 122 177 295 197 295 198 295 174 122 172 122 200 122 172 122 171 122 202 122 171 122 170 122 203 122 180 122 196 122 204 122 198 296 186 296 177 296 197 297 177 297 174 297 201 122 200 122 172 122 203 122 202 122 171 122 178 122 205 122 203 122 179 122 206 122 205 122 179 122 204 122 206 122 180 298 181 298 195 298 181 299 182 299 208 299 186 300 209 300 210 300 186 301 198 301 209 301 199 122 197 122 174 122 202 122 201 122 172 122 205 122 178 122 179 122 204 122 179 122 180 122 208 302 207 302 181 302 182 303 183 303 211 303 185 122 212 122 213 122 185 122 210 122 212 122 200 122 199 122 174 122 211 122 208 122 182 122 183 304 184 304 213 304 207 305 195 305 181 305 213 306 214 306 183 306 210 307 185 307 186 307 214 308 211 308 183 308 203 122 170 122 178 122 213 122 184 122 185 122 216 309 215 309 205 309 217 310 216 310 204 310 218 311 217 311 196 311 219 312 218 312 207 312 220 313 219 313 211 313 221 314 220 314 214 314 222 315 221 315 212 315 223 316 222 316 209 316 224 317 223 317 197 317 225 318 224 318 199 318 226 319 225 319 200 319 215 320 226 320 202 320 202 321 203 321 215 321 201 322 202 322 226 322 200 323 201 323 226 323 199 324 200 324 225 324 197 325 199 325 224 325 198 326 197 326 223 326 209 327 198 327 223 327 210 328 209 328 222 328 212 329 210 329 222 329 213 330 212 330 221 330 214 331 213 331 221 331 211 332 214 332 220 332 208 333 211 333 219 333 207 334 208 334 219 334 195 335 207 335 218 335 196 336 195 336 218 336 204 337 196 337 217 337 206 338 204 338 216 338 205 339 206 339 216 339 203 340 205 340 215 340 227 341 113 341 145 341 145 342 228 342 227 342 145 343 144 343 228 343 227 344 114 344 113 344 228 122 229 122 230 122 228 122 144 122 152 122 227 345 230 345 231 345 227 346 232 346 233 346 231 347 232 347 227 347 151 348 228 348 152 348 234 349 230 349 229 349 230 350 227 350 228 350 235 351 232 351 231 351 236 352 231 352 230 352 230 353 238 353 236 353 231 354 236 354 235 354 230 355 234 355 238 355 237 356 238 356 234 356 233 357 232 357 235 357 235 358 239 358 233 358 194 359 240 359 241 359 242 360 241 360 243 360 242 361 243 361 244 361 245 362 244 362 246 362 155 363 248 363 247 363 105 364 249 364 248 364 110 365 249 365 105 365 110 366 250 366 249 366 110 367 111 367 114 367 114 368 250 368 110 368 114 369 251 369 250 369 227 370 252 370 251 370 239 371 253 371 233 371 233 372 253 372 252 372 255 373 246 373 254 373 254 374 246 374 253 374 166 375 240 375 194 375 247 376 240 376 159 376 159 377 240 377 166 377 253 378 239 378 254 378 252 379 227 379 233 379 251 380 114 380 227 380 248 381 155 381 105 381 247 382 160 382 155 382 247 383 159 383 160 383 246 384 255 384 245 384 244 385 245 385 242 385 241 386 242 386 194 386 256 387 255 387 254 387 254 388 257 388 256 388 235 122 236 122 258 122 238 122 259 122 258 122 258 122 236 122 238 122 258 122 257 122 235 122 239 122 235 122 257 122 259 389 238 389 237 389 254 390 239 390 257 390 259 391 260 391 261 391 258 392 261 392 262 392 258 393 262 393 256 393 256 394 257 394 258 394 261 395 258 395 259 395 263 396 260 396 237 396 259 397 237 397 260 397 240 398 247 398 264 398 247 399 248 399 266 399 251 400 252 400 268 400 241 122 270 122 271 122 265 401 264 401 247 401 267 122 266 122 248 122 249 402 272 402 267 402 249 403 273 403 272 403 250 404 274 404 273 404 250 405 275 405 274 405 251 122 276 122 275 122 269 406 268 406 252 406 252 407 253 407 277 407 266 408 265 408 247 408 275 409 250 409 251 409 277 410 269 410 252 410 278 411 270 411 240 411 267 412 248 412 249 412 279 413 277 413 253 413 264 414 278 414 240 414 268 122 276 122 251 122 243 122 280 122 281 122 241 122 271 122 280 122 273 415 249 415 250 415 253 416 246 416 282 416 244 122 283 122 282 122 244 122 281 122 283 122 280 122 243 122 241 122 282 417 279 417 253 417 241 418 240 418 270 418 281 122 244 122 243 122 282 122 246 122 244 122 285 419 284 419 272 419 286 420 285 420 274 420 287 421 286 421 275 421 288 422 287 422 268 422 289 423 288 423 277 423 290 424 289 424 282 424 291 425 290 425 283 425 292 426 291 426 281 426 293 427 292 427 271 427 294 428 293 428 278 428 295 429 294 429 265 429 284 430 295 430 266 430 266 431 267 431 284 431 265 432 266 432 295 432 264 433 265 433 294 433 278 434 264 434 294 434 270 435 278 435 293 435 271 436 270 436 293 436 280 437 271 437 292 437 281 438 280 438 292 438 283 439 281 439 291 439 282 440 283 440 290 440 279 441 282 441 289 441 277 442 279 442 289 442 269 443 277 443 288 443 268 444 269 444 288 444 276 445 268 445 287 445 275 446 276 446 287 446 274 447 275 447 286 447 273 448 274 448 285 448 272 449 273 449 285 449 267 450 272 450 284 450 296 451 297 451 90 451 297 452 146 452 90 452 296 453 90 453 89 453 298 454 154 454 153 454 148 455 297 455 298 455 296 456 299 456 300 456 148 457 146 457 297 457 153 122 148 122 298 122 300 122 297 122 296 122 298 458 297 458 302 458 302 459 303 459 298 459 301 460 300 460 299 460 305 461 302 461 297 461 306 462 297 462 300 462 300 463 308 463 306 463 297 464 306 464 305 464 300 465 301 465 308 465 307 466 308 466 301 466 303 467 302 467 305 467 304 468 303 468 309 468 309 469 310 469 304 469 305 470 309 470 303 470 263 471 311 471 312 471 263 472 312 472 313 472 314 473 313 473 315 473 317 474 315 474 318 474 229 475 319 475 320 475 228 476 321 476 319 476 127 477 322 477 151 477 151 478 322 478 321 478 125 479 323 479 322 479 154 480 323 480 125 480 298 481 324 481 323 481 298 482 325 482 324 482 304 483 326 483 325 483 310 484 326 484 304 484 317 485 318 485 310 485 310 486 318 486 326 486 327 487 311 487 237 487 237 488 311 488 263 488 320 489 327 489 234 489 234 490 327 490 237 490 325 491 303 491 304 491 325 492 298 492 303 492 323 493 154 493 298 493 322 494 127 494 125 494 321 495 228 495 151 495 319 496 229 496 228 496 320 497 234 497 229 497 315 498 317 498 316 498 315 499 316 499 314 499 313 500 314 500 263 500 328 501 317 501 310 501 310 502 329 502 328 502 305 122 306 122 329 122 308 503 330 503 331 503 331 122 329 122 306 122 331 504 306 504 308 504 309 122 305 122 329 122 330 505 308 505 307 505 310 506 309 506 329 506 330 507 332 507 333 507 331 508 333 508 334 508 329 509 334 509 328 509 334 510 329 510 331 510 333 511 331 511 330 511 335 512 332 512 307 512 330 513 307 513 332 513 335 514 336 514 337 514 338 515 337 515 339 515 338 516 339 516 340 516 341 517 340 517 342 517 70 518 343 518 344 518 67 519 345 519 343 519 73 520 346 520 345 520 39 521 342 521 40 521 40 522 342 522 346 522 307 523 336 523 335 523 347 524 336 524 301 524 301 525 336 525 307 525 296 526 348 526 347 526 89 527 349 527 348 527 82 528 349 528 89 528 82 529 344 529 349 529 82 530 78 530 70 530 70 531 344 531 82 531 348 532 296 532 89 532 347 533 299 533 296 533 347 534 301 534 299 534 346 535 73 535 40 535 345 536 67 536 73 536 343 537 70 537 67 537 342 538 39 538 341 538 340 539 341 539 338 539 337 540 338 540 335 540 319 122 350 122 351 122 352 541 350 541 321 541 321 542 322 542 353 542 353 543 352 543 321 543 322 544 323 544 354 544 323 545 324 545 356 545 320 122 357 122 358 122 319 122 351 122 357 122 354 122 353 122 322 122 356 546 355 546 323 546 326 547 359 547 360 547 326 548 361 548 359 548 318 549 362 549 361 549 357 122 320 122 319 122 355 550 354 550 323 550 361 551 326 551 318 551 362 552 318 552 315 552 315 122 313 122 364 122 319 553 321 553 350 553 325 122 365 122 356 122 325 122 360 122 365 122 364 122 363 122 315 122 313 122 312 122 367 122 312 122 311 122 368 122 356 122 324 122 325 122 360 554 325 554 326 554 366 122 364 122 313 122 368 122 367 122 312 122 327 555 369 555 368 555 327 556 358 556 369 556 367 122 366 122 313 122 363 122 362 122 315 122 358 557 327 557 320 557 368 558 311 558 327 558 371 559 370 559 365 559 372 560 371 560 359 560 373 561 372 561 362 561 374 562 373 562 363 562 375 563 374 563 364 563 376 564 375 564 367 564 377 565 376 565 369 565 378 566 377 566 357 566 379 567 378 567 351 567 380 568 379 568 352 568 381 569 380 569 354 569 370 570 381 570 355 570 355 571 356 571 370 571 354 572 355 572 381 572 353 573 354 573 380 573 352 574 353 574 380 574 350 575 352 575 379 575 351 576 350 576 379 576 357 577 351 577 378 577 358 578 357 578 377 578 369 579 358 579 377 579 368 580 369 580 376 580 367 581 368 581 376 581 366 582 367 582 375 582 364 583 366 583 375 583 363 584 364 584 374 584 362 585 363 585 373 585 361 586 362 586 372 586 359 587 361 587 372 587 360 588 359 588 371 588 365 589 360 589 371 589 356 590 365 590 370 590 343 122 382 122 383 122 383 591 344 591 343 591 343 122 345 122 384 122 384 122 382 122 343 122 385 122 384 122 345 122 345 592 346 592 386 592 344 593 387 593 388 593 344 594 383 594 387 594 386 122 385 122 345 122 339 122 390 122 391 122 337 122 392 122 390 122 336 595 347 595 394 595 389 596 386 596 346 596 346 597 342 597 395 597 340 122 396 122 395 122 340 122 391 122 396 122 390 122 339 122 337 122 337 122 397 122 392 122 394 598 393 598 336 598 347 599 348 599 399 599 349 600 401 600 400 600 349 601 388 601 401 601 395 122 342 122 340 122 391 122 340 122 339 122 398 602 394 602 347 602 400 122 399 122 348 122 395 603 389 603 346 603 337 604 336 604 397 604 399 605 398 605 347 605 388 606 349 606 344 606 393 607 397 607 336 607 400 608 348 608 349 608 402 609 403 609 395 609 404 610 402 610 396 610 405 611 404 611 391 611 406 612 405 612 392 612 407 613 406 613 393 613 408 614 407 614 398 614 409 615 408 615 399 615 410 616 409 616 401 616 411 617 410 617 387 617 412 618 411 618 383 618 413 619 412 619 384 619 403 620 413 620 386 620 389 621 395 621 403 621 386 622 389 622 403 622 385 623 386 623 413 623 384 624 385 624 413 624 382 625 384 625 412 625 383 626 382 626 412 626 387 627 383 627 411 627 388 628 387 628 410 628 401 629 388 629 410 629 400 630 401 630 409 630 399 631 400 631 409 631 398 632 399 632 408 632 394 633 398 633 407 633 393 634 394 634 407 634 397 635 393 635 406 635 392 636 397 636 406 636 390 637 392 637 405 637 391 638 390 638 405 638 396 639 391 639 404 639 395 640 396 640 402 640 379 641 415 641 378 641 416 122 417 122 418 122 379 122 421 122 422 122 416 122 423 122 417 122 377 122 414 122 424 122 420 122 415 122 379 122 379 122 425 122 426 122 421 122 427 122 422 122 376 122 428 122 423 122 428 122 376 122 377 122 414 642 377 642 378 642 422 122 425 122 379 122 416 122 418 122 429 122 430 122 372 122 431 122 423 122 432 122 376 122 377 122 419 122 433 122 426 122 420 122 379 122 372 122 434 122 431 122 437 122 436 122 430 122 377 122 433 122 428 122 421 122 438 122 427 122 438 122 421 122 416 122 380 122 439 122 421 122 372 122 440 122 441 122 442 122 443 122 375 122 436 122 437 122 435 122 430 122 444 122 445 122 416 122 432 122 423 122 429 122 438 122 416 122 441 122 434 122 372 122 372 122 446 122 440 122 430 122 445 122 437 122 377 122 424 122 419 122 439 122 380 122 381 122 371 122 447 122 439 122 375 122 376 122 442 122 436 122 448 122 376 122 421 122 379 122 380 122 371 122 372 122 430 122 373 643 446 643 372 643 373 644 374 644 449 644 450 122 451 122 374 122 376 122 448 122 442 122 376 122 432 122 436 122 439 122 381 122 370 122 430 122 447 122 371 122 374 122 375 122 450 122 435 122 448 122 436 122 439 122 370 122 371 122 451 122 449 122 374 122 430 122 452 122 444 122 430 122 431 122 452 122 443 122 450 122 375 122 436 645 432 645 453 645 430 646 436 646 455 646 447 647 430 647 456 647 439 648 447 648 457 648 421 649 439 649 458 649 416 650 421 650 459 650 432 651 416 651 461 651 461 652 453 652 432 652 460 653 461 653 416 653 459 654 460 654 416 654 458 655 459 655 421 655 457 656 458 656 439 656 456 657 457 657 447 657 455 658 456 658 430 658 454 659 455 659 436 659 453 660 454 660 436 660 450 661 443 661 462 661 443 662 442 662 462 662 442 663 448 663 462 663 448 664 435 664 463 664 435 665 437 665 463 665 437 666 445 666 463 666 445 667 444 667 463 667 444 668 452 668 464 668 452 669 431 669 464 669 431 670 434 670 464 670 434 671 441 671 465 671 441 672 440 672 465 672 440 673 446 673 465 673 446 674 373 674 466 674 373 675 449 675 467 675 449 676 451 676 468 676 451 677 450 677 468 677 468 678 467 678 449 678 467 679 466 679 373 679 466 680 465 680 446 680 465 681 464 681 434 681 464 682 463 682 444 682 463 683 462 683 448 683 462 684 468 684 450 684 469 685 470 685 464 685 471 686 469 686 466 686 472 687 471 687 467 687 464 688 470 688 473 688 462 689 463 689 474 689 474 690 472 690 462 690 473 691 474 691 463 691 473 692 463 692 464 692 468 693 462 693 472 693 467 694 468 694 472 694 466 695 467 695 471 695 465 696 466 696 469 696 464 697 465 697 469 697 419 698 424 698 480 698 424 699 414 699 480 699 414 700 378 700 475 700 378 701 415 701 476 701 415 702 420 702 476 702 420 703 426 703 477 703 426 704 425 704 477 704 425 705 422 705 477 705 422 706 427 706 477 706 427 707 438 707 478 707 438 708 429 708 478 708 429 709 418 709 478 709 418 710 417 710 479 710 417 711 423 711 479 711 423 712 428 712 479 712 428 713 433 713 480 713 433 714 419 714 480 714 480 715 479 715 428 715 479 716 478 716 418 716 478 717 477 717 427 717 477 718 476 718 420 718 476 719 475 719 378 719 475 720 480 720 414 720 481 721 482 721 458 721 482 722 483 722 459 722 483 723 484 723 460 723 485 724 486 724 461 724 486 725 487 725 453 725 487 726 488 726 454 726 470 727 489 727 456 727 457 728 489 728 490 728 457 729 490 729 481 729 484 730 491 730 460 730 461 731 491 731 485 731 461 732 460 732 491 732 455 733 488 733 474 733 455 734 473 734 470 734 474 735 473 735 455 735 457 736 456 736 489 736 456 737 455 737 470 737 455 738 454 738 488 738 454 739 453 739 487 739 453 740 461 740 486 740 460 741 459 741 483 741 459 742 458 742 482 742 458 743 457 743 481 743 479 744 485 744 491 744 477 745 478 745 491 745 484 746 492 746 477 746 476 747 477 747 492 747 475 748 492 748 493 748 475 749 493 749 494 749 494 750 485 750 480 750 494 751 480 751 475 751 492 752 475 752 476 752 491 753 484 753 477 753 491 754 478 754 479 754 485 755 479 755 480 755 482 756 481 756 495 756 482 757 496 757 497 757 483 758 482 758 497 758 483 759 497 759 498 759 484 760 483 760 498 760 495 761 496 761 482 761 490 762 495 762 481 762 499 122 500 122 501 122 503 122 504 122 410 122 501 122 412 122 499 122 502 122 412 122 413 122 505 122 413 122 403 122 506 763 411 763 507 763 413 122 505 122 502 122 403 122 508 122 509 122 403 122 510 122 508 122 407 122 511 122 512 122 504 122 513 122 409 122 411 764 506 764 503 764 502 122 499 122 412 122 514 765 406 765 536 765 407 766 512 766 515 766 407 122 516 122 511 122 409 122 410 122 504 122 507 767 520 767 506 767 403 122 509 122 505 122 522 122 523 122 405 122 406 122 515 122 536 122 512 122 511 122 524 122 517 122 500 122 518 122 519 122 525 122 409 122 410 122 411 122 503 122 501 122 507 122 412 122 521 122 526 122 527 122 521 122 528 122 529 122 530 122 531 122 404 122 536 122 532 122 533 122 407 122 534 122 535 122 532 122 536 122 517 122 525 768 408 768 409 768 507 122 411 122 412 122 529 122 526 122 521 122 520 769 507 769 521 769 402 770 404 770 537 770 404 122 405 122 530 122 405 122 406 122 522 122 514 771 522 771 406 771 407 122 535 122 516 122 513 122 519 122 409 122 531 122 537 122 404 122 515 772 406 772 407 772 518 122 532 122 517 122 521 122 527 122 520 122 523 122 530 122 405 122 534 773 407 773 408 773 512 122 524 122 528 122 528 122 521 122 512 122 402 774 510 774 403 774 536 122 533 122 514 122 517 122 501 122 500 122 512 775 521 775 538 775 515 776 512 776 539 776 536 777 515 777 540 777 517 778 536 778 542 778 501 779 517 779 543 779 507 780 501 780 544 780 521 781 507 781 545 781 546 782 538 782 521 782 545 783 546 783 521 783 544 784 545 784 507 784 543 785 544 785 501 785 542 786 543 786 517 786 541 787 542 787 536 787 540 788 541 788 536 788 539 789 540 789 515 789 538 790 539 790 512 790 532 791 518 791 553 791 518 792 500 792 553 792 500 793 499 793 547 793 499 794 502 794 547 794 502 795 505 795 547 795 505 796 509 796 548 796 509 797 508 797 548 797 508 798 510 798 548 798 510 799 402 799 549 799 402 800 537 800 550 800 537 801 531 801 551 801 531 802 530 802 551 802 530 803 523 803 552 803 523 804 522 804 552 804 522 805 514 805 552 805 514 806 533 806 553 806 533 807 532 807 553 807 553 808 552 808 514 808 552 809 551 809 530 809 551 810 550 810 537 810 550 811 549 811 402 811 549 812 548 812 510 812 548 813 547 813 505 813 547 814 553 814 500 814 554 815 556 815 549 815 555 816 554 816 550 816 556 817 557 817 547 817 547 818 557 818 558 818 552 819 553 819 559 819 559 820 555 820 552 820 558 821 559 821 553 821 558 822 553 822 547 822 548 823 549 823 556 823 547 824 548 824 556 824 551 825 552 825 555 825 550 826 551 826 555 826 549 827 550 827 554 827 408 828 525 828 560 828 525 829 519 829 560 829 519 830 513 830 561 830 513 831 504 831 561 831 504 832 503 832 561 832 503 833 506 833 561 833 506 834 520 834 562 834 520 835 527 835 562 835 527 836 526 836 562 836 526 837 529 837 563 837 529 838 528 838 563 838 528 839 524 839 563 839 524 840 511 840 564 840 511 841 516 841 564 841 516 842 535 842 564 842 535 843 534 843 564 843 534 844 408 844 565 844 565 845 564 845 534 845 564 846 563 846 524 846 563 847 562 847 526 847 562 848 561 848 506 848 561 849 560 849 519 849 560 850 565 850 408 850 557 851 566 851 543 851 544 852 566 852 567 852 544 853 567 853 568 853 568 854 569 854 545 854 569 855 570 855 546 855 570 856 571 856 538 856 572 857 573 857 539 857 573 858 574 858 540 858 574 859 575 859 541 859 571 860 576 860 538 860 539 861 576 861 572 861 539 862 538 862 576 862 542 863 575 863 559 863 542 864 558 864 557 864 559 865 558 865 542 865 542 866 541 866 575 866 541 867 540 867 574 867 540 868 539 868 573 868 538 869 546 869 570 869 546 870 545 870 569 870 545 871 544 871 568 871 544 872 543 872 566 872 543 873 542 873 557 873 563 874 572 874 576 874 561 875 562 875 576 875 571 876 577 876 561 876 560 877 561 877 577 877 565 878 577 878 578 878 578 879 572 879 564 879 578 880 564 880 565 880 577 881 565 881 560 881 576 882 571 882 561 882 576 883 562 883 563 883 572 884 563 884 564 884 569 885 579 885 580 885 570 886 569 886 580 886 570 887 580 887 581 887 571 888 570 888 581 888 568 889 579 889 569 889 582 122 583 122 584 122 585 122 583 122 586 122 584 122 221 122 582 122 586 122 587 122 585 122 582 122 588 122 583 122 590 122 591 122 592 122 584 122 593 122 221 122 587 122 589 122 585 122 590 122 594 122 591 122 595 122 596 122 590 122 590 122 592 122 597 122 588 122 586 122 583 122 585 122 598 122 215 122 215 122 599 122 590 122 590 122 599 122 594 122 600 122 220 122 601 122 589 122 598 122 585 122 590 122 597 122 595 122 223 122 603 122 604 122 224 890 225 890 605 890 598 122 606 122 226 122 607 122 608 122 219 122 602 122 585 122 215 122 612 122 222 122 223 122 613 122 614 122 225 122 601 122 595 122 600 122 590 122 602 122 215 122 595 122 601 122 596 122 221 122 610 122 609 122 610 122 221 122 222 122 599 122 215 122 216 122 604 122 616 122 223 122 225 122 226 122 613 122 226 122 215 122 598 122 600 122 607 122 220 122 220 122 221 122 593 122 222 122 612 122 610 122 218 891 618 891 217 891 218 122 619 122 615 122 608 122 619 122 218 122 224 892 603 892 223 892 606 122 613 122 226 122 593 122 601 122 220 122 609 122 582 122 221 122 216 122 617 122 620 122 216 122 611 122 621 122 218 122 219 122 608 122 614 122 605 122 225 122 216 122 621 122 617 122 615 122 618 122 218 122 219 122 220 122 607 122 611 893 216 893 217 893 216 122 620 122 599 122 223 122 616 122 612 122 601 894 593 894 630 894 596 895 601 895 622 895 590 896 596 896 623 896 602 897 590 897 625 897 585 898 602 898 626 898 583 899 585 899 628 899 584 900 583 900 629 900 593 901 584 901 630 901 629 902 630 902 584 902 628 903 629 903 583 903 627 904 628 904 585 904 626 905 627 905 585 905 625 906 626 906 602 906 624 907 625 907 590 907 623 908 624 908 590 908 622 909 623 909 596 909 630 910 622 910 601 910 612 911 616 911 631 911 616 912 604 912 631 912 604 913 603 913 631 913 603 914 224 914 632 914 224 915 605 915 633 915 605 916 614 916 634 916 614 917 613 917 634 917 613 918 606 918 635 918 606 919 598 919 635 919 598 920 589 920 635 920 589 921 587 921 636 921 587 922 586 922 636 922 586 923 588 923 636 923 588 924 582 924 636 924 582 925 609 925 637 925 609 926 610 926 637 926 610 927 612 927 637 927 637 928 636 928 582 928 636 929 635 929 589 929 635 930 634 930 613 930 634 931 633 931 605 931 633 932 632 932 224 932 632 933 631 933 603 933 631 934 637 934 612 934 639 935 640 935 637 935 641 936 639 936 632 936 638 937 641 937 633 937 637 938 640 938 642 938 635 939 636 939 643 939 643 940 638 940 635 940 642 941 643 941 636 941 642 942 636 942 637 942 633 943 634 943 638 943 632 944 633 944 641 944 631 945 632 945 639 945 637 946 631 946 639 946 634 947 635 947 638 947 608 948 607 948 644 948 607 949 600 949 644 949 600 950 595 950 645 950 595 951 597 951 645 951 597 952 592 952 645 952 592 953 591 953 646 953 591 954 594 954 646 954 594 955 599 955 646 955 599 956 620 956 647 956 620 957 617 957 647 957 617 958 621 958 647 958 621 959 611 959 647 959 611 960 217 960 648 960 217 961 618 961 649 961 618 962 615 962 649 962 615 963 619 963 644 963 619 964 608 964 644 964 644 965 649 965 615 965 649 966 648 966 217 966 648 967 647 967 611 967 647 968 646 968 599 968 646 969 645 969 592 969 645 970 644 970 600 970 650 971 651 971 627 971 640 972 652 972 629 972 630 973 652 973 653 973 630 974 653 974 654 974 654 975 655 975 622 975 655 976 656 976 623 976 656 977 657 977 624 977 658 978 659 978 625 978 659 979 650 979 626 979 657 980 660 980 624 980 625 981 660 981 658 981 625 982 624 982 660 982 628 983 651 983 643 983 628 984 642 984 640 984 643 985 642 985 628 985 626 986 625 986 659 986 624 987 623 987 656 987 623 988 622 988 655 988 622 989 630 989 654 989 630 990 629 990 652 990 629 991 628 991 640 991 628 992 627 992 651 992 627 993 626 993 650 993 646 994 658 994 660 994 644 995 645 995 660 995 657 996 661 996 644 996 649 997 644 997 661 997 648 998 661 998 662 998 648 999 662 999 663 999 663 1000 658 1000 647 1000 663 1001 647 1001 648 1001 661 1002 648 1002 649 1002 660 1003 657 1003 644 1003 660 1004 645 1004 646 1004 658 1005 646 1005 647 1005 655 1006 654 1006 664 1006 655 1007 665 1007 666 1007 656 1008 655 1008 666 1008 656 1009 666 1009 667 1009 657 1010 656 1010 667 1010 664 1011 665 1011 655 1011 653 1012 664 1012 654 1012 668 1013 256 1013 669 1013 669 1014 256 1014 262 1014 489 1015 328 1015 334 1015 191 1016 671 1016 192 1016 260 1017 494 1017 261 1017 494 1018 260 1018 485 1018 334 1019 490 1019 489 1019 652 1020 187 1020 193 1020 671 1021 191 1021 670 1021 193 1022 653 1022 652 1022 332 1023 578 1023 333 1023 35 1024 663 1024 21 1024 489 1025 470 1025 469 1025 578 1026 332 1026 572 1026 663 1027 35 1027 658 1027 668 1028 672 1028 674 1028 260 1029 486 1029 485 1029 472 1030 474 1030 488 1030 639 1031 187 1031 652 1031 191 1032 673 1032 670 1032 669 1033 725 1033 668 1033 260 1034 263 1034 486 1034 488 1035 314 1035 472 1035 469 1036 317 1036 489 1036 638 1037 643 1037 651 1037 191 1038 194 1038 673 1038 676 1039 686 1039 677 1039 674 1040 255 1040 668 1040 487 1041 486 1041 263 1041 314 1042 488 1042 487 1042 332 1043 573 1043 572 1043 332 1044 335 1044 573 1044 555 1045 559 1045 575 1045 651 1046 173 1046 638 1046 194 1047 242 1047 675 1047 676 1048 677 1048 242 1048 487 1049 263 1049 314 1049 489 1050 317 1050 328 1050 574 1051 573 1051 335 1051 335 1052 338 1052 574 1052 555 1053 575 1053 338 1053 341 1054 554 1054 555 1054 341 1054 39 1054 556 1054 566 1055 38 1055 24 1055 35 1056 659 1056 658 1056 35 1057 36 1057 659 1057 173 1058 651 1058 650 1058 245 1054 255 1054 674 1054 668 1059 255 1059 256 1059 314 1054 316 1054 471 1054 316 1060 317 1060 471 1060 556 1054 554 1054 341 1054 675 1061 673 1061 194 1061 245 1054 678 1054 676 1054 317 1062 469 1062 471 1062 575 1063 574 1063 338 1063 650 1064 659 1064 36 1064 175 1065 176 1065 641 1065 677 1066 675 1066 242 1066 555 1054 338 1054 341 1054 650 1067 36 1067 173 1067 173 1054 175 1054 641 1054 676 1054 242 1054 245 1054 471 1054 472 1054 314 1054 556 1068 38 1068 566 1068 24 1069 567 1069 566 1069 641 1054 638 1054 173 1054 639 1070 641 1070 176 1070 652 1071 640 1071 639 1071 674 1054 678 1054 245 1054 39 1054 38 1054 556 1054 176 1072 187 1072 639 1072 566 1073 557 1073 556 1073 674 1074 672 1074 679 1074 678 1075 674 1075 681 1075 676 1076 678 1076 682 1076 679 1077 672 1077 684 1077 687 1078 685 1078 686 1078 686 1079 676 1079 687 1079 684 1080 686 1080 685 1080 684 1081 685 1081 679 1081 683 1082 687 1082 676 1082 682 1083 683 1083 676 1083 681 1084 682 1084 678 1084 680 1085 681 1085 674 1085 679 1086 680 1086 674 1086 290 1087 688 1087 682 1087 688 1088 689 1088 683 1088 689 1089 690 1089 683 1089 690 1090 691 1090 687 1090 691 1091 692 1091 687 1091 692 1092 693 1092 687 1092 693 1093 694 1093 685 1093 694 1094 695 1094 685 1094 695 1095 696 1095 685 1095 696 1096 697 1096 685 1096 697 1097 698 1097 679 1097 698 1098 699 1098 679 1098 699 1099 700 1099 679 1099 700 1100 701 1100 680 1100 701 1101 702 1101 680 1101 702 1102 703 1102 680 1102 703 1103 290 1103 681 1103 681 1104 680 1104 703 1104 680 1105 679 1105 700 1105 679 1106 685 1106 697 1106 685 1107 687 1107 693 1107 687 1108 683 1108 690 1108 683 1109 682 1109 688 1109 682 1110 681 1110 290 1110 21 1111 663 1111 705 1111 193 1112 192 1112 706 1112 192 1113 671 1113 708 1113 669 1114 262 1114 710 1114 262 1115 261 1115 711 1115 261 1116 494 1116 712 1116 334 1117 333 1117 713 1117 333 1118 578 1118 715 1118 24 1119 21 1119 717 1119 704 1120 705 1120 719 1120 664 1121 653 1121 720 1121 653 1122 706 1122 721 1122 706 1123 707 1123 722 1123 708 1124 671 1124 724 1124 710 1125 711 1125 726 1125 711 1126 712 1126 728 1126 495 1127 490 1127 729 1127 490 1128 713 1128 730 1128 713 1129 714 1129 731 1129 715 1130 578 1130 577 1130 717 1131 704 1131 733 1131 718 1132 719 1132 734 1132 720 1133 721 1133 735 1133 721 1134 722 1134 737 1134 723 1135 708 1135 738 1135 708 1136 724 1136 739 1136 740 1137 709 1137 741 1137 709 1138 710 1138 743 1138 727 1139 728 1139 744 1139 729 1140 730 1140 745 1140 730 1141 731 1141 747 1141 732 1142 715 1142 748 1142 715 1143 577 1143 581 1143 568 1144 716 1144 749 1144 716 1145 717 1145 751 1145 733 1146 718 1146 752 1146 719 1147 667 1147 753 1147 722 1148 723 1148 755 1148 738 1149 739 1149 756 1149 739 1150 801 1150 756 1150 742 1151 743 1151 757 1151 726 1152 727 1152 758 1152 728 1153 498 1153 759 1153 731 1154 732 1154 761 1154 748 1155 581 1155 762 1155 581 1156 580 1156 762 1156 750 1157 751 1157 763 1157 751 1158 752 1158 764 1158 752 1159 734 1159 766 1159 734 1160 753 1160 767 1160 753 1161 666 1161 768 1161 666 1162 754 1162 769 1162 754 1163 735 1163 770 1163 735 1164 736 1164 771 1164 736 1165 737 1165 772 1165 737 1166 755 1166 773 1166 755 1167 738 1167 774 1167 738 1168 756 1168 775 1168 756 1169 777 1169 776 1169 777 1170 741 1170 779 1170 741 1171 742 1171 779 1171 742 1172 757 1172 781 1172 757 1173 743 1173 782 1173 743 1174 758 1174 782 1174 758 1175 744 1175 784 1175 744 1176 759 1176 785 1176 759 1177 497 1177 786 1177 497 1178 760 1178 787 1178 760 1179 745 1179 788 1179 745 1180 746 1180 789 1180 746 1181 747 1181 790 1181 747 1182 761 1182 791 1182 761 1183 748 1183 793 1183 748 1184 762 1184 794 1184 762 1185 579 1185 795 1185 579 1186 749 1186 797 1186 749 1187 750 1187 797 1187 750 1188 763 1188 799 1188 763 1189 751 1189 764 1189 739 1190 724 1190 800 1190 777 1191 756 1191 801 1191 741 1192 777 1192 740 1192 493 1193 712 1193 494 1193 492 1194 712 1194 493 1194 498 1195 492 1195 484 1195 759 1196 498 1196 497 1196 760 1197 496 1197 495 1197 581 1198 577 1198 571 1198 579 1199 762 1199 580 1199 749 1200 579 1200 568 1200 662 1201 705 1201 663 1201 661 1202 705 1202 662 1202 667 1203 661 1203 657 1203 753 1204 667 1204 666 1204 754 1205 665 1205 664 1205 664 1206 720 1206 754 1206 495 1207 729 1207 760 1207 764 1208 799 1208 763 1208 799 1209 798 1209 750 1209 798 1210 797 1210 750 1210 797 1211 796 1211 579 1211 796 1212 795 1212 579 1212 795 1213 794 1213 762 1213 794 1214 793 1214 748 1214 793 1215 792 1215 761 1215 792 1216 791 1216 761 1216 791 1217 790 1217 747 1217 790 1218 789 1218 746 1218 789 1219 788 1219 745 1219 788 1220 787 1220 760 1220 787 1221 786 1221 497 1221 786 1222 785 1222 759 1222 785 1223 784 1223 744 1223 784 1224 783 1224 758 1224 783 1225 782 1225 758 1225 782 1226 781 1226 757 1226 781 1227 780 1227 742 1227 780 1228 779 1228 742 1228 779 1229 778 1229 777 1229 778 1230 776 1230 777 1230 776 1231 775 1231 756 1231 775 1232 774 1232 738 1232 774 1233 773 1233 755 1233 773 1234 772 1234 737 1234 772 1235 771 1235 736 1235 771 1236 770 1236 735 1236 770 1237 769 1237 754 1237 769 1238 768 1238 666 1238 768 1239 767 1239 753 1239 767 1240 766 1240 734 1240 766 1241 765 1241 752 1241 765 1242 764 1242 752 1242 748 1243 761 1243 732 1243 761 1244 747 1244 731 1244 760 1245 497 1245 496 1245 759 1246 744 1246 728 1246 744 1247 758 1247 727 1247 758 1248 743 1248 726 1248 738 1249 755 1249 723 1249 755 1250 737 1250 722 1250 754 1251 666 1251 665 1251 753 1252 734 1252 719 1252 734 1253 752 1253 718 1253 752 1254 751 1254 733 1254 733 1255 751 1255 717 1255 751 1256 750 1256 716 1256 750 1257 749 1257 716 1257 581 1258 748 1258 715 1258 747 1259 746 1259 730 1259 746 1260 745 1260 730 1260 745 1261 760 1261 729 1261 498 1262 728 1262 492 1262 726 1263 743 1263 710 1263 743 1264 742 1264 709 1264 742 1265 741 1265 709 1265 739 1266 738 1266 708 1266 737 1267 736 1267 721 1267 736 1268 735 1268 721 1268 735 1269 754 1269 720 1269 667 1270 719 1270 661 1270 716 1271 568 1271 567 1271 715 1272 732 1272 714 1272 732 1273 731 1273 714 1273 731 1274 730 1274 713 1274 730 1275 729 1275 490 1275 492 1276 728 1276 712 1276 728 1277 727 1277 711 1277 727 1278 726 1278 711 1278 709 1279 740 1279 725 1279 708 1280 723 1280 707 1280 723 1281 722 1281 707 1281 722 1282 721 1282 706 1282 721 1283 720 1283 653 1283 661 1284 719 1284 705 1284 719 1285 718 1285 704 1285 718 1286 733 1286 704 1286 704 1287 717 1287 21 1287 717 1288 716 1288 24 1288 716 1289 567 1289 24 1289 715 1290 714 1290 333 1290 714 1291 713 1291 333 1291 713 1292 490 1292 334 1292 712 1293 711 1293 261 1293 711 1294 710 1294 262 1294 710 1295 709 1295 669 1295 709 1296 725 1296 669 1296 708 1297 707 1297 192 1297 707 1298 706 1298 192 1298 706 1299 653 1299 193 1299 705 1300 704 1300 21 1300 802 1301 777 1301 801 1301 803 1302 802 1302 801 1302 803 1303 801 1303 739 1303 800 1304 803 1304 739 1304 740 1305 777 1305 802 1305 670 1306 673 1306 804 1306 673 1307 675 1307 805 1307 675 1308 677 1308 806 1308 672 1309 668 1309 808 1309 809 1310 668 1310 725 1310 809 1311 725 1311 740 1311 740 1312 802 1312 810 1312 802 1313 803 1313 811 1313 803 1314 800 1314 812 1314 800 1315 813 1315 812 1315 804 1316 813 1316 670 1316 804 1317 812 1317 813 1317 807 1318 677 1318 686 1318 807 1319 684 1319 672 1319 686 1320 684 1320 807 1320 812 1321 811 1321 803 1321 811 1322 810 1322 802 1322 810 1323 809 1323 740 1323 809 1324 808 1324 668 1324 808 1325 807 1325 672 1325 807 1326 806 1326 677 1326 806 1327 805 1327 675 1327 805 1328 804 1328 673 1328 815 1329 814 1329 808 1329 816 1330 815 1330 809 1330 817 1331 816 1331 810 1331 818 1332 817 1332 811 1332 819 1333 818 1333 804 1333 820 1334 819 1334 805 1334 814 1335 820 1335 807 1335 806 1336 807 1336 820 1336 805 1337 806 1337 820 1337 804 1338 805 1338 819 1338 812 1339 804 1339 818 1339 811 1340 812 1340 818 1340 810 1341 811 1341 817 1341 809 1342 810 1342 816 1342 808 1343 809 1343 815 1343 807 1344 808 1344 814 1344 822 1345 670 1345 813 1345 824 1346 823 1346 813 1346 800 1347 724 1347 824 1347 825 1348 824 1348 724 1348 826 1349 724 1349 671 1349 671 1350 670 1350 821 1350 671 1351 821 1351 826 1351 724 1352 826 1352 825 1352 813 1353 800 1353 824 1353 813 1354 823 1354 822 1354 670 1355 822 1355 821 1355 690 122 689 122 291 122 692 122 691 122 292 122 820 122 814 122 696 122 290 1356 291 1356 688 1356 291 122 292 122 690 122 814 122 697 122 696 122 691 122 690 122 292 122 284 122 817 122 827 122 696 122 695 122 820 122 689 122 688 122 291 122 292 122 820 122 693 122 828 122 829 122 818 122 284 122 830 122 831 122 817 122 832 122 827 122 818 122 829 122 833 122 288 122 815 122 816 122 814 122 289 122 700 122 814 122 698 122 697 122 814 122 700 122 699 122 693 122 692 122 292 122 818 122 834 122 828 122 835 122 293 122 294 122 827 122 830 122 284 122 286 122 287 122 816 122 289 122 814 122 815 122 289 122 701 122 700 122 699 122 698 122 814 122 694 122 693 122 820 122 293 122 819 122 820 122 293 122 835 122 834 122 294 122 836 122 837 122 294 122 838 122 839 122 817 122 840 122 832 122 840 122 817 122 818 122 284 122 285 122 817 122 285 122 286 122 816 122 815 122 288 122 289 122 289 122 702 122 701 122 834 122 819 122 293 122 294 122 839 122 836 122 833 122 840 122 818 122 816 122 817 122 285 122 289 122 703 122 702 122 820 122 292 122 293 122 294 122 837 122 835 122 841 122 842 122 284 122 831 122 841 122 284 122 818 122 819 122 834 122 842 1357 295 1357 284 1357 290 1358 703 1358 289 1358 838 1359 294 1359 295 1359 816 122 287 122 288 122 695 122 694 122 820 122 829 1360 828 1360 822 1360 828 1361 834 1361 822 1361 834 1362 835 1362 822 1362 835 1363 837 1363 821 1363 837 1364 836 1364 821 1364 836 1365 839 1365 821 1365 839 1366 838 1366 821 1366 838 1367 295 1367 826 1367 295 1368 842 1368 825 1368 842 1369 841 1369 825 1369 841 1370 831 1370 824 1370 831 1371 830 1371 824 1371 830 1372 827 1372 824 1372 827 1373 832 1373 824 1373 832 1374 840 1374 823 1374 840 1375 833 1375 823 1375 833 1376 829 1376 823 1376 823 1377 824 1377 832 1377 824 1378 825 1378 841 1378 825 1379 826 1379 295 1379 826 1380 821 1380 838 1380 821 1381 822 1381 835 1381 822 1382 823 1382 829 1382 764 1383 844 1383 843 1383 765 1384 766 1384 844 1384 766 1385 845 1385 844 1385 767 1386 846 1386 845 1386 846 1387 767 1387 768 1387 847 1388 846 1388 768 1388 768 1389 769 1389 847 1389 847 1390 769 1390 770 1390 770 1391 848 1391 847 1391 849 1392 848 1392 770 1392 770 1393 771 1393 849 1393 850 1394 849 1394 772 1394 851 1395 850 1395 773 1395 850 1396 772 1396 773 1396 851 1397 773 1397 774 1397 852 1398 851 1398 774 1398 852 1399 775 1399 776 1399 853 1400 852 1400 776 1400 778 1401 779 1401 853 1401 854 1402 853 1402 779 1402 854 1403 780 1403 781 1403 781 1404 855 1404 854 1404 782 1405 856 1405 855 1405 783 1406 784 1406 856 1406 784 1407 857 1407 856 1407 785 1408 858 1408 857 1408 858 1409 785 1409 786 1409 786 1410 787 1410 859 1410 859 1411 787 1411 788 1411 788 1412 860 1412 859 1412 788 1413 789 1413 860 1413 789 1414 861 1414 860 1414 861 1415 790 1415 791 1415 791 1416 862 1416 861 1416 862 1417 792 1417 793 1417 793 1418 863 1418 862 1418 863 1419 794 1419 795 1419 795 1420 1114 1420 863 1420 796 1421 797 1421 864 1421 864 1422 798 1422 799 1422 799 1423 843 1423 864 1423 799 1424 764 1424 843 1424 797 1425 798 1425 864 1425 864 1426 1114 1426 796 1426 795 1427 796 1427 1114 1427 793 1428 794 1428 863 1428 791 1429 792 1429 862 1429 789 1430 790 1430 861 1430 786 1431 859 1431 858 1431 784 1432 785 1432 857 1432 782 1433 783 1433 856 1433 781 1434 782 1434 855 1434 779 1435 780 1435 854 1435 776 1436 778 1436 853 1436 774 1437 775 1437 852 1437 771 1438 772 1438 849 1438 766 1439 767 1439 845 1439 764 1440 765 1440 844 1440 868 1441 118 1441 865 1441 875 122 871 122 872 122 877 122 878 122 868 122 126 1442 879 1442 880 1442 123 1443 126 1443 880 1443 123 122 880 122 881 122 867 1444 883 1444 884 1444 884 1445 881 1445 867 1445 123 122 884 122 885 122 867 122 886 122 887 122 888 122 887 122 886 122 120 1446 890 1446 889 1446 890 122 120 122 121 122 886 122 891 122 121 122 891 122 890 122 121 122 867 122 866 122 892 122 893 1447 892 1447 866 1447 894 122 893 122 866 122 892 122 886 122 867 122 895 122 897 122 896 122 898 122 895 122 896 122 897 122 895 122 116 122 898 122 899 122 900 122 945 122 117 122 900 122 117 122 901 122 900 122 902 122 904 122 903 122 906 122 902 122 903 122 116 122 895 122 907 122 907 122 908 122 116 122 906 122 907 122 895 122 874 122 873 122 909 122 911 122 874 122 909 122 912 1448 141 1448 904 1448 902 122 912 122 904 122 914 122 902 122 906 122 914 122 915 122 902 122 911 122 915 122 914 122 874 122 911 122 916 122 874 122 916 122 917 122 916 122 919 122 920 122 920 122 917 122 916 122 921 122 920 122 919 122 876 122 921 122 922 122 871 122 923 122 924 122 922 122 871 122 924 122 925 122 876 122 922 122 923 122 871 122 875 122 924 1449 925 1449 922 1449 926 122 927 122 871 122 871 1450 922 1450 926 1450 871 122 927 122 928 122 931 122 932 122 930 122 931 122 870 122 933 122 934 122 932 122 931 122 933 122 934 122 931 122 935 122 936 122 870 122 935 122 882 122 936 122 867 122 881 122 937 122 881 122 882 122 937 122 938 1451 866 1451 867 1451 877 122 940 122 939 122 940 1452 938 1452 939 1452 943 122 895 122 898 122 942 122 878 122 941 122 898 122 900 122 943 122 943 122 942 122 941 122 941 122 895 122 943 122 944 122 116 122 115 122 945 122 115 122 117 122 117 1453 118 1453 946 1453 946 122 901 122 117 122 868 1454 946 1454 118 1454 894 122 948 122 947 122 119 122 947 122 865 122 947 122 119 122 894 122 894 1455 866 1455 948 1455 894 122 119 122 120 122 122 122 885 122 949 122 121 122 122 122 950 122 949 122 950 122 122 122 950 122 888 122 121 122 128 122 870 122 869 122 128 122 953 122 952 122 951 122 129 122 930 122 952 122 870 122 128 122 951 122 954 122 129 122 129 122 954 122 953 122 953 122 128 122 129 122 930 122 932 122 951 122 129 122 132 122 955 122 930 122 956 122 929 122 956 122 930 122 129 122 955 122 956 122 129 122 132 122 927 122 957 122 958 122 957 122 927 122 957 122 959 122 132 122 958 122 927 122 929 122 927 122 132 122 960 122 961 122 132 122 133 122 960 122 928 122 927 122 961 122 960 122 132 122 133 122 872 122 961 122 133 1456 134 1456 875 1456 962 1457 875 1457 135 1457 136 1458 963 1458 962 1458 136 1459 876 1459 963 1459 135 1460 136 1460 962 1460 921 1461 964 1461 965 1461 921 1462 876 1462 964 1462 136 1463 967 1463 966 1463 136 1464 968 1464 967 1464 136 1465 137 1465 968 1465 969 1466 968 1466 137 1466 137 1467 921 1467 969 1467 876 1468 970 1468 964 1468 876 1469 966 1469 970 1469 965 1470 969 1470 921 1470 137 1471 972 1471 971 1471 921 1472 974 1472 975 1472 973 1473 137 1473 138 1473 975 122 920 122 921 122 921 1474 971 1474 974 1474 973 1475 972 1475 137 1475 138 1476 976 1476 973 1476 138 1477 920 1477 976 1477 975 122 976 122 920 122 920 1478 138 1478 977 1478 978 1479 138 1479 139 1479 139 122 979 122 978 122 138 1480 978 1480 977 1480 139 122 140 122 918 122 918 122 979 122 139 122 980 1481 910 1481 141 1481 142 1482 904 1482 141 1482 981 122 905 122 142 122 142 122 116 122 981 122 908 122 981 122 116 122 905 122 904 122 142 122 910 1483 873 1483 141 1483 141 1484 873 1484 140 1484 140 122 873 122 918 122 971 1485 921 1485 137 1485 966 1486 876 1486 136 1486 134 1487 135 1487 875 1487 875 1488 872 1488 133 1488 959 122 955 122 132 122 952 122 933 122 870 122 869 1489 126 1489 128 1489 123 122 885 122 122 122 888 122 886 122 121 122 118 1490 119 1490 865 1490 945 122 944 122 115 122 944 122 897 122 116 122 941 122 878 122 939 122 939 1491 878 1491 877 1491 866 122 938 122 940 122 937 122 882 122 935 122 931 122 935 122 870 122 927 122 930 122 929 122 916 122 911 122 914 122 906 122 913 122 914 122 913 122 906 122 895 122 912 1492 980 1492 141 1492 899 122 945 122 900 122 889 1493 894 1493 120 1493 887 122 883 122 867 122 884 122 123 122 881 122 869 1494 879 1494 126 1494 874 122 918 122 873 122 865 122 877 122 868 122 983 1495 982 1495 895 1495 984 1496 983 1496 941 1496 985 1497 984 1497 939 1497 986 1498 985 1498 939 1498 987 1499 986 1499 938 1499 988 1500 987 1500 937 1500 989 1501 988 1501 937 1501 990 1502 989 1502 935 1502 991 1503 990 1503 931 1503 992 1504 991 1504 930 1504 993 1505 992 1505 927 1505 994 1506 993 1506 922 1506 995 1507 994 1507 921 1507 996 1508 995 1508 921 1508 997 1509 996 1509 919 1509 998 1510 997 1510 916 1510 999 1511 998 1511 914 1511 982 1512 999 1512 913 1512 913 1513 895 1513 982 1513 914 1514 913 1514 999 1514 916 1515 914 1515 998 1515 919 1516 916 1516 997 1516 921 1517 919 1517 996 1517 922 1518 921 1518 994 1518 926 1519 922 1519 993 1519 927 1520 926 1520 993 1520 930 1521 927 1521 992 1521 931 1522 930 1522 991 1522 935 1523 931 1523 990 1523 937 1524 935 1524 989 1524 867 1525 937 1525 987 1525 938 1526 867 1526 987 1526 939 1527 938 1527 986 1527 941 1528 939 1528 984 1528 895 1529 941 1529 983 1529 1001 1530 1000 1530 912 1530 1002 1531 1001 1531 912 1531 1003 1532 1002 1532 902 1532 1004 1533 1003 1533 915 1533 1005 1534 1004 1534 911 1534 1006 1535 1005 1535 909 1535 1007 1536 1006 1536 873 1536 1000 1537 1007 1537 980 1537 910 1538 980 1538 1007 1538 873 1539 910 1539 1007 1539 909 1540 873 1540 1006 1540 911 1541 909 1541 1005 1541 915 1542 911 1542 1004 1542 902 1543 915 1543 1003 1543 912 1544 902 1544 1002 1544 980 1545 912 1545 1000 1545 1009 1546 1008 1546 981 1546 1010 1547 1009 1547 908 1547 1011 1548 1010 1548 907 1548 1012 1549 1011 1549 906 1549 1013 1550 1012 1550 903 1550 1014 1551 1013 1551 904 1551 1008 1552 1014 1552 905 1552 905 1553 981 1553 1008 1553 904 1554 905 1554 1014 1554 903 1555 904 1555 1013 1555 906 1556 903 1556 1012 1556 907 1557 906 1557 1011 1557 908 1558 907 1558 1010 1558 981 1559 908 1559 1009 1559 1016 1560 1015 1560 945 1560 1017 1561 1016 1561 945 1561 1018 1562 1017 1562 898 1562 1019 1563 1018 1563 898 1563 1020 1564 1019 1564 896 1564 1021 1565 1020 1565 897 1565 1015 1566 1021 1566 944 1566 897 1567 944 1567 1021 1567 896 1568 897 1568 1020 1568 898 1569 896 1569 1019 1569 899 1570 898 1570 1017 1570 945 1571 899 1571 1017 1571 944 1572 945 1572 1015 1572 1022 1573 1023 1573 894 1573 1024 1574 1022 1574 889 1574 1025 1575 1024 1575 891 1575 1026 1576 1025 1576 891 1576 1027 1577 1026 1577 886 1577 1028 1578 1027 1578 892 1578 1023 1579 1028 1579 893 1579 893 1580 894 1580 1023 1580 892 1581 893 1581 1028 1581 886 1582 892 1582 1027 1582 891 1583 886 1583 1026 1583 890 1584 891 1584 1024 1584 889 1585 890 1585 1024 1585 894 1586 889 1586 1022 1586 1030 1587 1029 1587 888 1587 1031 1588 1030 1588 888 1588 1032 1589 1031 1589 950 1589 1033 1590 1032 1590 885 1590 1034 1591 1033 1591 884 1591 1035 1592 1034 1592 883 1592 1029 1593 1035 1593 883 1593 883 1594 887 1594 1029 1594 884 1595 883 1595 1034 1595 885 1596 884 1596 1033 1596 949 1597 885 1597 1032 1597 950 1598 949 1598 1032 1598 888 1599 950 1599 1031 1599 887 1600 888 1600 1029 1600 1037 1601 1036 1601 881 1601 1038 1602 1037 1602 880 1602 1039 1603 1038 1603 880 1603 1040 1604 1039 1604 879 1604 1041 1605 1040 1605 869 1605 1042 1606 1041 1606 869 1606 1043 1607 1042 1607 870 1607 1036 1608 1043 1608 936 1608 936 1609 882 1609 1036 1609 870 1610 936 1610 1043 1610 869 1611 870 1611 1042 1611 879 1612 869 1612 1040 1612 880 1613 879 1613 1039 1613 881 1614 880 1614 1037 1614 882 1615 881 1615 1036 1615 1044 1616 1045 1616 901 1616 1046 1617 1044 1617 946 1617 1047 1618 1046 1618 868 1618 1048 1619 1047 1619 878 1619 1049 1620 1048 1620 942 1620 1050 1621 1049 1621 943 1621 1045 1622 1050 1622 900 1622 900 1623 901 1623 1045 1623 943 1624 900 1624 1050 1624 942 1625 943 1625 1049 1625 878 1626 942 1626 1048 1626 868 1627 878 1627 1047 1627 946 1628 868 1628 1046 1628 901 1629 946 1629 1044 1629 1051 1630 1052 1630 934 1630 1053 1631 1051 1631 933 1631 1054 1632 1053 1632 952 1632 1055 1633 1054 1633 953 1633 1056 1634 1055 1634 954 1634 1052 1635 1056 1635 932 1635 932 1636 934 1636 1052 1636 951 1637 932 1637 1056 1637 954 1638 951 1638 1056 1638 953 1639 954 1639 1055 1639 952 1640 953 1640 1054 1640 933 1641 952 1641 1053 1641 934 1642 933 1642 1051 1642 1057 1643 1063 1643 871 1643 1058 1644 1057 1644 928 1644 1059 1645 1058 1645 928 1645 1060 1646 1059 1646 960 1646 1061 1647 1060 1647 961 1647 1062 1648 1061 1648 961 1648 1063 1649 1062 1649 872 1649 872 1650 871 1650 1063 1650 961 1651 872 1651 1062 1651 960 1652 961 1652 1060 1652 928 1653 960 1653 1059 1653 871 1654 928 1654 1057 1654 1065 1655 1064 1655 925 1655 1066 1656 1065 1656 925 1656 1067 1657 1066 1657 924 1657 1116 1658 1067 1658 923 1658 1068 1659 1116 1659 875 1659 1069 1660 1068 1660 962 1660 1064 1661 1069 1661 876 1661 963 1662 876 1662 1069 1662 962 1663 963 1663 1069 1663 875 1664 962 1664 1068 1664 923 1665 875 1665 1116 1665 924 1666 923 1666 1067 1666 925 1667 924 1667 1066 1667 876 1668 925 1668 1064 1668 1071 1669 1070 1669 965 1669 1072 1670 1071 1670 964 1670 1073 1671 1072 1671 966 1671 1074 1672 1073 1672 966 1672 1075 1673 1074 1673 967 1673 1076 1674 1075 1674 969 1674 1070 1675 1076 1675 969 1675 968 1676 969 1676 1075 1676 967 1677 968 1677 1075 1677 966 1678 967 1678 1074 1678 970 1679 966 1679 1072 1679 964 1680 970 1680 1072 1680 965 1681 964 1681 1071 1681 969 1682 965 1682 1070 1682 1078 1683 1077 1683 976 1683 1079 1684 1078 1684 975 1684 1080 1685 1079 1685 971 1685 1081 1686 1080 1686 971 1686 1082 1687 1081 1687 972 1687 1077 1688 1082 1688 973 1688 973 1689 976 1689 1077 1689 972 1690 973 1690 1082 1690 971 1691 972 1691 1081 1691 974 1692 971 1692 1079 1692 975 1693 974 1693 1079 1693 976 1694 975 1694 1078 1694 956 1695 955 1695 1083 1695 929 1696 956 1696 1085 1696 958 1697 929 1697 1087 1697 957 1698 958 1698 1088 1698 959 1699 957 1699 1090 1699 955 1700 959 1700 1091 1700 1090 1701 1091 1701 959 1701 1089 1702 1090 1702 957 1702 1088 1703 1089 1703 957 1703 1087 1704 1088 1704 958 1704 1086 1705 1087 1705 929 1705 1085 1706 1086 1706 929 1706 1084 1707 1085 1707 956 1707 1083 1708 1084 1708 956 1708 1091 1709 1083 1709 955 1709 1092 1710 1093 1710 1087 1710 1093 1711 1094 1711 1089 1711 1094 1712 1095 1712 1090 1712 1095 1713 1096 1713 1083 1713 1096 1714 1097 1714 1085 1714 1097 1715 1092 1715 1086 1715 1087 1716 1086 1716 1092 1716 1086 1717 1085 1717 1097 1717 1085 1718 1084 1718 1096 1718 1084 1719 1083 1719 1096 1719 1083 1720 1091 1720 1095 1720 1091 1721 1090 1721 1095 1721 1090 1722 1089 1722 1094 1722 1089 1723 1088 1723 1093 1723 1088 1724 1087 1724 1093 1724 948 1725 866 1725 1099 1725 947 1726 948 1726 1100 1726 865 1727 947 1727 1101 1727 877 1728 865 1728 1103 1728 940 1729 877 1729 1105 1729 866 1730 940 1730 1106 1730 1106 1731 1098 1731 866 1731 1105 1732 1106 1732 940 1732 1104 1733 1105 1733 877 1733 1103 1734 1104 1734 877 1734 1102 1735 1103 1735 865 1735 1101 1736 1102 1736 865 1736 1100 1737 1101 1737 947 1737 1099 1738 1100 1738 948 1738 1098 1739 1099 1739 866 1739 1107 1740 1108 1740 1104 1740 1108 1741 1109 1741 1106 1741 1109 1742 1110 1742 1098 1742 1110 1743 1111 1743 1099 1743 1111 1744 1112 1744 1100 1744 1112 1745 1113 1745 1101 1745 1113 1746 1107 1746 1103 1746 1103 1747 1102 1747 1113 1747 1102 1748 1101 1748 1113 1748 1101 1749 1100 1749 1112 1749 1100 1750 1099 1750 1111 1750 1099 1751 1098 1751 1110 1751 1098 1752 1106 1752 1109 1752 1106 1753 1105 1753 1108 1753 1105 1754 1104 1754 1108 1754 1104 1755 1103 1755 1107 1755 1038 1756 859 1756 860 1756 857 1757 858 1757 1040 1757 1094 1758 992 1758 1059 1758 1094 1759 1059 1759 1060 1759 992 1054 1058 1054 1059 1054 1062 1760 1063 1760 853 1760 1061 1761 853 1761 1060 1761 1061 1762 1062 1762 853 1762 857 1763 1115 1763 1053 1763 856 1764 1055 1764 1056 1764 1053 1765 1054 1765 857 1765 1056 1766 991 1766 856 1766 856 1767 857 1767 1055 1767 1115 1054 1051 1054 1053 1054 1054 1768 1055 1768 857 1768 1047 1769 1107 1769 1046 1769 1033 1054 1037 1054 1038 1054 1033 1054 1036 1054 1037 1054 858 1770 1039 1770 1040 1770 860 1771 1031 1771 1032 1771 1031 1054 1026 1054 1030 1054 860 1772 1032 1772 1033 1772 987 1054 1034 1054 1035 1054 987 1054 1036 1054 1034 1054 1033 1054 1034 1054 1036 1054 1026 1054 987 1054 1029 1054 987 1054 1035 1054 1029 1054 1029 1054 1030 1054 1026 1054 1026 1054 1031 1054 1025 1054 1031 1054 1024 1054 1025 1054 1031 1773 862 1773 1024 1773 1022 1774 1024 1774 862 1774 1110 1775 1027 1775 1028 1775 1110 1776 1028 1776 1023 1776 1027 1777 1110 1777 987 1777 1026 1054 1027 1054 987 1054 1023 1778 1022 1778 1110 1778 1005 1779 1117 1779 1004 1779 1006 1780 1123 1780 1117 1780 1005 1781 1006 1781 1117 1781 1022 1782 1114 1782 1112 1782 1022 1783 1112 1783 1111 1783 1114 1784 1113 1784 1112 1784 1110 1785 1022 1785 1111 1785 1113 1786 1114 1786 1107 1786 856 1787 1097 1787 1096 1787 1097 1788 856 1788 991 1788 1092 1789 1097 1789 991 1789 1094 1790 1093 1790 992 1790 1092 1791 992 1791 1093 1791 982 1054 1009 1054 1010 1054 1008 1792 843 1792 844 1792 1009 1793 982 1793 843 1793 1008 1794 1009 1794 843 1794 982 1054 1010 1054 1011 1054 844 1795 1002 1795 1013 1795 1013 1796 1014 1796 844 1796 844 1797 1014 1797 1008 1797 1012 1054 1002 1054 1011 1054 1012 1054 1013 1054 1002 1054 844 1798 1000 1798 1001 1798 844 1799 845 1799 1000 1799 1002 1800 844 1800 1001 1800 1007 1801 845 1801 1123 1801 1123 1802 845 1802 846 1802 847 1803 848 1803 1118 1803 1119 1804 848 1804 849 1804 849 1805 1121 1805 1120 1805 1118 1806 1123 1806 847 1806 1120 1807 1119 1807 849 1807 1119 1808 1118 1808 848 1808 995 1809 1121 1809 1078 1809 850 1810 995 1810 1080 1810 849 1811 1082 1811 1077 1811 849 1812 850 1812 1081 1812 1078 1054 1079 1054 995 1054 1121 1813 1077 1813 1078 1813 1081 1814 1082 1814 849 1814 1080 1815 1081 1815 850 1815 1079 1054 1080 1054 995 1054 851 1816 1069 1816 1073 1816 1071 1054 1069 1054 995 1054 851 1817 1074 1817 1075 1817 1073 1818 1074 1818 851 1818 1069 1054 1072 1054 1073 1054 1071 1054 1072 1054 1069 1054 995 1819 850 1819 1076 1819 995 1054 1070 1054 1071 1054 1075 1820 1076 1820 850 1820 1075 1821 850 1821 851 1821 851 1822 852 1822 1068 1822 1068 1823 1069 1823 851 1823 1116 1824 1068 1824 852 1824 1116 1825 852 1825 853 1825 854 1826 1060 1826 853 1826 855 1827 1094 1827 1060 1827 855 1828 856 1828 1096 1828 1031 1829 861 1829 862 1829 1022 1830 862 1830 863 1830 864 1831 1045 1831 1044 1831 1107 1832 864 1832 1044 1832 1045 1833 843 1833 1016 1833 843 1834 1015 1834 1016 1834 1050 1054 1016 1054 1017 1054 1016 1054 1050 1054 1045 1054 1050 1054 1017 1054 1018 1054 864 1835 843 1835 1045 1835 843 1836 982 1836 1020 1836 1020 1837 1021 1837 843 1837 1019 1054 982 1054 1018 1054 1019 1054 1020 1054 982 1054 1050 1054 982 1054 983 1054 983 1054 1049 1054 1050 1054 984 1054 1048 1054 1049 1054 1048 1054 984 1054 1047 1054 1049 1054 983 1054 984 1054 1047 1838 985 1838 1108 1838 1047 1839 1108 1839 1107 1839 985 1840 1109 1840 1108 1840 985 1841 986 1841 1109 1841 1109 1842 986 1842 1110 1842 987 1843 1110 1843 986 1843 1036 1054 987 1054 988 1054 989 1054 1115 1054 1042 1054 989 1054 1043 1054 1036 1054 1042 1054 1043 1054 989 1054 1115 1054 1041 1054 1042 1054 1115 1054 1040 1054 1041 1054 1115 1054 989 1054 990 1054 991 1054 1056 1054 1052 1054 990 1054 1052 1054 1051 1054 1051 1054 1115 1054 990 1054 1052 1054 990 1054 991 1054 1092 1844 991 1844 992 1844 992 1054 1057 1054 1058 1054 1057 1054 992 1054 1063 1054 1063 1054 992 1054 993 1054 1063 1054 1066 1054 1067 1054 1066 1054 1063 1054 993 1054 993 1054 1065 1054 1066 1054 1065 1054 993 1054 1064 1054 995 1054 1069 1054 994 1054 1069 1054 1064 1054 994 1054 996 1845 1121 1845 995 1845 997 1846 1117 1846 1122 1846 1122 1847 996 1847 997 1847 998 1054 1003 1054 1004 1054 1002 1054 1003 1054 998 1054 998 1054 999 1054 1011 1054 982 1054 1011 1054 999 1054 1011 1054 1002 1054 998 1054 998 1054 1004 1054 997 1054 997 1848 1004 1848 1117 1848 1121 1849 996 1849 1122 1849 994 1054 1064 1054 993 1054 1067 1054 1116 1054 1063 1054 989 1054 1036 1054 988 1054 984 1054 985 1054 1047 1054 1018 1054 982 1054 1050 1054 1021 1850 1015 1850 843 1850 1044 1851 1046 1851 1107 1851 1114 1852 864 1852 1107 1852 1114 1853 1022 1853 863 1853 860 1854 861 1854 1031 1854 1096 1855 1095 1855 855 1855 1095 1856 1094 1856 855 1856 1060 1857 854 1857 855 1857 1076 1054 1070 1054 995 1054 1077 1858 1121 1858 849 1858 1123 1859 846 1859 847 1859 1007 1860 1000 1860 845 1860 1006 1861 1007 1861 1123 1861 858 1862 1038 1862 1039 1862 1063 1863 1116 1863 853 1863 1040 1864 1115 1864 857 1864 860 1865 1033 1865 1038 1865 859 1866 1038 1866 858 1866 917 1867 920 1867 1125 1867 874 1868 917 1868 1126 1868 918 1869 874 1869 1128 1869 979 1870 918 1870 1129 1870 978 1871 979 1871 1130 1871 977 1872 978 1872 1131 1872 920 1873 977 1873 1132 1873 1132 1874 1124 1874 920 1874 1131 1875 1132 1875 977 1875 1130 1876 1131 1876 978 1876 1129 1877 1130 1877 979 1877 1128 1878 1129 1878 918 1878 1127 1879 1128 1879 874 1879 1126 1880 1127 1880 874 1880 1125 1881 1126 1881 917 1881 1124 1882 1125 1882 920 1882 1123 1883 1118 1883 1129 1883 1118 1884 1119 1884 1131 1884 1119 1885 1120 1885 1131 1885 1120 1886 1121 1886 1124 1886 1121 1887 1122 1887 1125 1887 1122 1888 1117 1888 1126 1888 1117 1889 1123 1889 1128 1889 1129 1890 1128 1890 1123 1890 1128 1891 1127 1891 1117 1891 1127 1892 1126 1892 1117 1892 1126 1893 1125 1893 1122 1893 1125 1894 1124 1894 1121 1894 1124 1895 1132 1895 1120 1895 1132 1896 1131 1896 1120 1896 1131 1897 1130 1897 1118 1897 1130 1898 1129 1898 1118 1898 1133 1899 1134 1899 1135 1899 1137 1900 1135 1900 1138 1900 1139 1901 1138 1901 1140 1901 1141 1902 1140 1902 1142 1902 1143 1903 1142 1903 1144 1903 1145 1904 1144 1904 1146 1904 1147 1905 1146 1905 1148 1905 1149 1906 1148 1906 1150 1906 1151 1907 1150 1907 1152 1907 1153 1908 1152 1908 1154 1908 1155 1909 1154 1909 1156 1909 1157 1910 1156 1910 1134 1910 1134 1911 1133 1911 1157 1911 1156 1912 1157 1912 1155 1912 1154 1913 1155 1913 1153 1913 1152 1914 1153 1914 1151 1914 1150 1915 1151 1915 1149 1915 1148 1916 1149 1916 1147 1916 1146 1917 1147 1917 1145 1917 1144 1918 1145 1918 1143 1918 1142 1919 1143 1919 1141 1919 1140 1920 1141 1920 1139 1920 1138 1921 1139 1921 1137 1921 1135 1922 1137 1922 1136 1922 1135 1923 1136 1923 1133 1923 1144 122 1159 122 1158 122 1142 1924 1160 1924 1159 1924 1135 1925 1134 1925 1161 1925 1154 1926 1162 1926 1163 1926 1154 122 1164 122 1162 122 1158 122 1146 122 1144 122 1159 122 1144 122 1142 122 1140 1927 1165 1927 1160 1927 1134 122 1163 122 1161 122 1152 1928 1150 1928 1166 1928 1150 122 1148 122 1167 122 1160 1929 1142 1929 1140 1929 1140 122 1138 122 1165 122 1164 122 1154 122 1152 122 1167 122 1166 122 1150 122 1148 122 1146 122 1158 122 1138 122 1135 122 1168 122 1163 122 1134 122 1156 122 1166 1930 1164 1930 1152 1930 1163 122 1156 122 1154 122 1158 1931 1167 1931 1148 1931 1168 1932 1165 1932 1138 1932 1161 122 1168 122 1135 122 1169 1933 1170 1933 1161 1933 1171 1934 1169 1934 1163 1934 1172 1935 1171 1935 1164 1935 1173 1936 1172 1936 1166 1936 1174 1937 1173 1937 1167 1937 1175 1938 1174 1938 1167 1938 1176 1939 1175 1939 1158 1939 1177 1940 1176 1940 1159 1940 1178 1941 1177 1941 1160 1941 1179 1942 1178 1942 1165 1942 1180 1943 1179 1943 1168 1943 1170 1944 1180 1944 1168 1944 1168 1945 1161 1945 1170 1945 1165 1946 1168 1946 1179 1946 1160 1947 1165 1947 1178 1947 1159 1948 1160 1948 1177 1948 1158 1949 1159 1949 1176 1949 1167 1950 1158 1950 1175 1950 1166 1951 1167 1951 1173 1951 1164 1952 1166 1952 1172 1952 1162 1953 1164 1953 1171 1953 1163 1954 1162 1954 1171 1954 1161 1955 1163 1955 1169 1955 1143 1956 1145 1956 1177 1956 1145 1054 1147 1054 1175 1054 1176 1054 1177 1054 1145 1054 1149 1054 1174 1054 1175 1054 1175 1054 1147 1054 1149 1054 1141 1957 1143 1957 1178 1957 1175 1054 1176 1054 1145 1054 1149 1054 1173 1054 1174 1054 1137 1958 1179 1958 1180 1958 1139 1054 1178 1054 1179 1054 1178 1054 1139 1054 1141 1054 1179 1054 1137 1054 1139 1054 1173 1054 1149 1054 1151 1054 1151 1054 1172 1054 1173 1054 1172 1054 1151 1054 1153 1054 1153 1959 1155 1959 1171 1959 1155 1960 1157 1960 1169 1960 1171 1054 1172 1054 1153 1054 1169 1961 1171 1961 1155 1961 1177 1962 1178 1962 1143 1962 1157 1054 1133 1054 1169 1054 1137 1054 1180 1054 1170 1054 1170 1054 1169 1054 1133 1054 1170 1054 1136 1054 1137 1054 1170 1054 1133 1054 1136 1054 1181 1963 1183 1963 1182 1963 1181 1964 1184 1964 1183 1964 1181 1965 1185 1965 1184 1965 1181 1966 1186 1966 1185 1966 1181 1967 1187 1967 1186 1967 1181 1968 1182 1968 1187 1968 1183 1969 1184 1969 1189 1969 1182 1970 1183 1970 1191 1970 1187 1971 1182 1971 1192 1971 1186 1972 1187 1972 1193 1972 1185 1973 1186 1973 1194 1973 1184 1974 1185 1974 1188 1974 1194 1975 1188 1975 1185 1975 1193 1976 1194 1976 1186 1976 1192 1977 1193 1977 1187 1977 1191 1978 1192 1978 1182 1978 1190 1979 1191 1979 1183 1979 1189 1980 1190 1980 1183 1980 1188 1981 1189 1981 1184 1981 1195 1982 1196 1982 1193 1982 1196 1983 1197 1983 1193 1983 1197 1984 1198 1984 1188 1984 1198 1985 1190 1985 1189 1985 1199 1986 1195 1986 1191 1986 1191 1987 1190 1987 1199 1987 1189 1988 1188 1988 1198 1988 1188 1989 1194 1989 1197 1989 1194 1990 1193 1990 1197 1990 1193 1991 1192 1991 1195 1991 1192 1992 1191 1992 1195 1992 1197 1993 1200 1993 1201 1993 1201 1994 1198 1994 1197 1994 1200 1995 1202 1995 1203 1995 1208 1996 1204 1996 1190 1996 1207 1997 1190 1997 1198 1997 1202 1998 1208 1998 1203 1998 1209 1999 1210 1999 1213 1999 1195 2000 1212 2000 1205 2000 1208 2001 1202 2001 1204 2001 1190 2002 1207 2002 1208 2002 1195 2003 1204 2003 1212 2003 1206 2004 1201 2004 1200 2004 1198 2005 1201 2005 1207 2005 1199 2006 1190 2006 1204 2006 1205 2007 1211 2007 1195 2007 1209 2008 1196 2008 1195 2008 1209 2009 1200 2009 1196 2009 1204 2010 1195 2010 1199 2010 1204 2011 1213 2011 1212 2011 1211 2012 1210 2012 1209 2012 1211 2013 1209 2013 1195 2013 1203 2014 1206 2014 1200 2014 1197 2015 1196 2015 1200 2015 1213 2016 1204 2016 1209 2016 1214 2017 1215 2017 1202 2017 1202 2018 1200 2018 1214 2018 1209 2019 1204 2019 1218 2019 1218 2020 1220 2020 1209 2020 1216 2021 1215 2021 1217 2021 1214 2022 1217 2022 1215 2022 1218 2023 1572 2023 1219 2023 1219 2024 1220 2024 1218 2024 1213 2025 1210 2025 1221 2025 1210 2026 1211 2026 1222 2026 1211 2027 1205 2027 1224 2027 1212 2028 1213 2028 1225 2028 1226 2029 1225 2029 1213 2029 1212 2030 1224 2030 1205 2030 1224 2031 1223 2031 1211 2031 1223 2032 1222 2032 1211 2032 1222 2033 1221 2033 1210 2033 1221 2034 1226 2034 1213 2034 1228 2035 1227 2035 1212 2035 1229 2036 1228 2036 1225 2036 1230 2037 1229 2037 1226 2037 1231 2038 1230 2038 1222 2038 1227 2039 1231 2039 1223 2039 1223 2040 1224 2040 1227 2040 1222 2041 1223 2041 1231 2041 1221 2042 1222 2042 1230 2042 1226 2043 1221 2043 1230 2043 1225 2044 1226 2044 1229 2044 1212 2045 1225 2045 1228 2045 1224 2046 1212 2046 1227 2046 1232 2047 1228 2047 1229 2047 1232 2048 1227 2048 1228 2048 1232 2049 1231 2049 1227 2049 1232 2050 1230 2050 1231 2050 1232 2051 1229 2051 1230 2051 1207 2052 1201 2052 1233 2052 1201 2053 1206 2053 1235 2053 1206 2054 1203 2054 1236 2054 1203 2055 1208 2055 1237 2055 1208 2056 1207 2056 1239 2056 1239 2057 1238 2057 1208 2057 1238 2058 1237 2058 1208 2058 1237 2059 1236 2059 1203 2059 1236 2060 1235 2060 1206 2060 1235 2061 1234 2061 1201 2061 1234 2062 1233 2062 1201 2062 1233 2063 1239 2063 1207 2063 1241 2064 1240 2064 1237 2064 1242 2065 1241 2065 1238 2065 1243 2066 1242 2066 1239 2066 1244 2067 1243 2067 1234 2067 1240 2068 1244 2068 1235 2068 1235 2069 1236 2069 1240 2069 1234 2070 1235 2070 1244 2070 1233 2071 1234 2071 1243 2071 1239 2072 1233 2072 1243 2072 1238 2073 1239 2073 1242 2073 1237 2074 1238 2074 1241 2074 1236 2075 1237 2075 1240 2075 1245 2076 1241 2076 1242 2076 1245 2077 1240 2077 1241 2077 1245 2078 1244 2078 1240 2078 1245 2079 1243 2079 1244 2079 1245 2080 1242 2080 1243 2080 1246 2081 1247 2081 1248 2081 1247 2082 1249 2082 1248 2082 1247 2083 1250 2083 1249 2083 1248 2084 1251 2084 1246 2084 1251 1054 1252 1054 1246 1054 1247 1054 1246 1054 1200 1054 1246 2085 1254 2085 1214 2085 1252 2086 1251 2086 1255 2086 1247 2087 1209 2087 1220 2087 1247 1054 1200 1054 1209 1054 1219 2088 1253 2088 1220 2088 1254 2089 1217 2089 1214 2089 1256 2090 1252 2090 1255 2090 1220 2091 1253 2091 1247 2091 1214 1054 1200 1054 1246 1054 1257 2092 1258 2092 1251 2092 1259 2093 1257 2093 1248 2093 1248 2094 1249 2094 1259 2094 1251 2095 1248 2095 1257 2095 1260 2096 1259 2096 1249 2096 1249 2097 1250 2097 1260 2097 1261 2098 1262 2098 1256 2098 1258 2099 1261 2099 1255 2099 1255 2100 1251 2100 1258 2100 1256 2101 1255 2101 1261 2101 1216 2102 1263 2102 1264 2102 1265 2103 1264 2103 1266 2103 1267 2104 1266 2104 1268 2104 1269 2105 1268 2105 1270 2105 1217 2106 1263 2106 1216 2106 1254 2107 1271 2107 1263 2107 1246 2108 1272 2108 1271 2108 1252 2109 1273 2109 1272 2109 1262 2110 1274 2110 1256 2110 1256 2111 1274 2111 1273 2111 1262 2112 1275 2112 1274 2112 1276 2113 1275 2113 1262 2113 1277 2114 1278 2114 1275 2114 1279 2115 1280 2115 1278 2115 1281 2116 1282 2116 1280 2116 1283 2117 1282 2117 1281 2117 1269 2118 1270 2118 1283 2118 1283 2119 1270 2119 1282 2119 1280 2120 1279 2120 1281 2120 1278 2121 1277 2121 1279 2121 1275 2122 1276 2122 1277 2122 1273 2123 1252 2123 1256 2123 1272 2124 1246 2124 1252 2124 1271 2125 1254 2125 1246 2125 1263 2126 1217 2126 1254 2126 1268 2127 1269 2127 1267 2127 1266 2128 1267 2128 1265 2128 1264 2129 1265 2129 1216 2129 1284 2130 1269 2130 1283 2130 1283 2131 1285 2131 1284 2131 1286 2132 1287 2132 1288 2132 1289 2133 1288 2133 1284 2133 1284 2134 1285 2134 1289 2134 1288 2135 1289 2135 1286 2135 1290 2136 1287 2136 1291 2136 1286 2137 1291 2137 1287 2137 1279 2138 1292 2138 1293 2138 1281 2139 1279 2139 1294 2139 1294 2140 1283 2140 1281 2140 1293 2141 1294 2141 1279 2141 1295 2142 1286 2142 1289 2142 1289 2143 1296 2143 1295 2143 1293 2144 1296 2144 1289 2144 1289 1054 1285 1054 1293 1054 1294 1054 1293 1054 1285 1054 1286 2145 1295 2145 1291 2145 1283 2146 1294 2146 1285 2146 1293 2147 1292 2147 1297 2147 1296 2148 1297 2148 1298 2148 1298 2149 1295 2149 1296 2149 1297 2150 1296 2150 1293 2150 1298 2151 1299 2151 1295 2151 1291 2152 1295 2152 1299 2152 1302 2153 1300 2153 1301 2153 1262 2154 1302 2154 1303 2154 1303 2155 1276 2155 1262 2155 1301 2156 1303 2156 1302 2156 1304 1054 1297 1054 1306 1054 1305 2157 1306 2157 1307 2157 1277 2158 1276 2158 1303 2158 1297 1054 1308 1054 1306 1054 1301 2159 1297 2159 1277 2159 1303 2160 1301 2160 1277 2160 1301 2161 1308 2161 1297 2161 1306 2162 1305 2162 1304 2162 1277 1054 1297 1054 1292 1054 1292 2163 1279 2163 1277 2163 1298 1054 1297 1054 1304 1054 1299 2164 1298 2164 1304 2164 1309 2165 1310 2165 1306 2165 1308 2166 1311 2166 1309 2166 1308 2167 1301 2167 1311 2167 1301 2168 1300 2168 1311 2168 1306 2169 1308 2169 1309 2169 1312 2170 1313 2170 1307 2170 1310 2171 1312 2171 1306 2171 1307 2172 1306 2172 1312 2172 1268 1054 1266 1054 1316 1054 1266 1054 1264 1054 1317 1054 1264 2173 1263 2173 1318 2173 1272 2174 1314 2174 1319 2174 1315 2175 1282 2175 1270 2175 1315 2176 1270 2176 1268 2176 1317 1054 1316 1054 1266 1054 1318 1054 1317 1054 1264 1054 1271 1054 1319 1054 1318 1054 1272 2177 1273 2177 1314 2177 1273 2178 1274 2178 1321 2178 1282 2179 1322 2179 1323 2179 1282 2180 1315 2180 1322 2180 1316 1054 1315 1054 1268 1054 1318 2181 1263 2181 1271 2181 1319 1054 1271 1054 1272 1054 1321 2182 1320 2182 1273 2182 1274 2183 1275 2183 1321 2183 1278 2184 1323 2184 1324 2184 1275 2185 1278 2185 1324 2185 1323 1054 1278 1054 1280 1054 1320 2186 1314 2186 1273 2186 1323 2187 1280 2187 1282 2187 1324 2188 1321 2188 1275 2188 1326 2189 1325 2189 1318 2189 1327 2190 1326 2190 1319 2190 1328 2191 1327 2191 1314 2191 1329 2192 1328 2192 1320 2192 1330 2193 1329 2193 1321 2193 1331 2194 1330 2194 1324 2194 1332 2195 1331 2195 1323 2195 1333 2196 1332 2196 1322 2196 1334 2197 1333 2197 1315 2197 1335 2198 1334 2198 1316 2198 1336 2199 1335 2199 1316 2199 1325 2200 1336 2200 1317 2200 1317 2201 1318 2201 1325 2201 1316 2202 1317 2202 1336 2202 1315 2203 1316 2203 1334 2203 1322 2204 1315 2204 1333 2204 1323 2205 1322 2205 1332 2205 1324 2206 1323 2206 1331 2206 1321 2207 1324 2207 1330 2207 1320 2208 1321 2208 1329 2208 1314 2209 1320 2209 1328 2209 1319 2210 1314 2210 1327 2210 1318 2211 1319 2211 1326 2211 1337 2212 1338 2212 1339 2212 1339 2213 1330 2213 1337 2213 1337 2214 1341 2214 1340 2214 1340 2215 1338 2215 1337 2215 1325 2216 1347 2216 1340 2216 1340 2217 1341 2217 1325 2217 1325 2218 1352 2218 1342 2218 1342 2219 1352 2219 1343 2219 1344 2220 1330 2220 1346 2220 1345 2221 1343 2221 1344 2221 1333 2222 1334 2222 1350 2222 1334 2223 1335 2223 1348 2223 1341 2224 1348 2224 1336 2224 1343 2225 1345 2225 1342 2225 1337 2226 1330 2226 1331 2226 1350 2227 1331 2227 1332 2227 1350 2228 1332 2228 1333 2228 1342 1054 1347 1054 1325 1054 1344 2229 1346 2229 1345 2229 1331 2230 1350 2230 1337 2230 1352 2231 1325 2231 1326 2231 1327 2232 1328 2232 1351 2232 1335 2233 1336 2233 1348 2233 1336 2234 1325 2234 1341 2234 1344 2235 1349 2235 1330 2235 1326 2236 1327 2236 1352 2236 1328 2237 1329 2237 1349 2237 1339 1054 1346 1054 1330 1054 1349 2238 1351 2238 1328 2238 1329 2239 1330 2239 1349 2239 1345 2240 1346 2240 1354 2240 1342 2241 1345 2241 1356 2241 1347 2242 1342 2242 1357 2242 1340 2243 1347 2243 1358 2243 1338 2244 1340 2244 1360 2244 1339 2245 1338 2245 1360 2245 1346 2246 1339 2246 1353 2246 1361 2247 1353 2247 1339 2247 1360 2248 1361 2248 1339 2248 1359 2249 1360 2249 1340 2249 1358 2250 1359 2250 1340 2250 1357 2251 1358 2251 1347 2251 1356 2252 1357 2252 1342 2252 1355 2253 1356 2253 1345 2253 1354 2254 1355 2254 1345 2254 1353 2255 1354 2255 1346 2255 1350 2256 1334 2256 1363 2256 1334 2257 1348 2257 1364 2257 1348 2258 1341 2258 1366 2258 1341 2259 1337 2259 1367 2259 1337 2260 1350 2260 1367 2260 1362 2261 1367 2261 1350 2261 1367 2262 1366 2262 1341 2262 1366 2263 1365 2263 1348 2263 1365 2264 1364 2264 1348 2264 1364 2265 1363 2265 1334 2265 1363 2266 1362 2266 1350 2266 1369 2267 1368 2267 1362 2267 1370 2268 1369 2268 1363 2268 1367 2269 1368 2269 1371 2269 1366 2270 1367 2270 1372 2270 1365 2271 1366 2271 1372 2271 1372 2272 1370 2272 1365 2272 1371 2273 1372 2273 1367 2273 1368 2274 1367 2274 1362 2274 1364 2275 1365 2275 1370 2275 1363 2276 1364 2276 1370 2276 1362 2277 1363 2277 1369 2277 1373 2278 1374 2278 1359 2278 1368 2279 1375 2279 1361 2279 1375 2280 1376 2280 1353 2280 1376 2281 1377 2281 1354 2281 1377 2282 1378 2282 1355 2282 1379 2283 1380 2283 1357 2283 1380 2284 1373 2284 1358 2284 1378 2285 1381 2285 1356 2285 1356 2286 1381 2286 1379 2286 1359 2287 1374 2287 1372 2287 1360 2288 1371 2288 1368 2288 1372 2289 1371 2289 1360 2289 1372 2290 1360 2290 1359 2290 1358 2291 1357 2291 1380 2291 1357 2292 1356 2292 1379 2292 1356 2293 1355 2293 1378 2293 1355 2294 1354 2294 1377 2294 1354 2295 1353 2295 1376 2295 1353 2296 1361 2296 1375 2296 1361 2297 1360 2297 1368 2297 1359 2298 1358 2298 1373 2298 1383 2299 1379 2299 1382 2299 1385 2300 1383 2300 1384 2300 1378 2301 1385 2301 1386 2301 1387 2302 1379 2302 1381 2302 1389 2303 1388 2303 1381 2303 1381 2304 1378 2304 1389 2304 1381 2305 1388 2305 1387 2305 1379 2306 1387 2306 1382 2306 1386 2307 1389 2307 1378 2307 1384 2308 1386 2308 1385 2308 1382 2309 1384 2309 1383 2309 1349 2310 1344 2310 1389 2310 1344 2311 1343 2311 1388 2311 1343 2312 1352 2312 1387 2312 1352 2313 1327 2313 1384 2313 1327 2314 1351 2314 1384 2314 1351 2315 1349 2315 1386 2315 1389 2316 1386 2316 1349 2316 1386 2317 1384 2317 1351 2317 1384 2318 1382 2318 1352 2318 1382 2319 1387 2319 1352 2319 1387 2320 1388 2320 1343 2320 1388 2321 1389 2321 1344 2321 1290 2322 1390 2322 1391 2322 1392 2323 1391 2323 1393 2323 1394 2324 1393 2324 1395 2324 1304 2325 1397 2325 1398 2325 1305 2326 1399 2326 1397 2326 1307 2327 1400 2327 1399 2327 1313 2328 1400 2328 1307 2328 1313 2329 1401 2329 1400 2329 1313 2330 1427 2330 1402 2330 1402 2331 1401 2331 1313 2331 1402 2332 1403 2332 1401 2332 1404 2333 1405 2333 1403 2333 1407 2334 1408 2334 1406 2334 1406 2335 1408 2335 1405 2335 1396 2336 1395 2336 1409 2336 1409 2337 1395 2337 1408 2337 1291 2338 1390 2338 1290 2338 1398 2339 1390 2339 1299 2339 1299 2340 1390 2340 1291 2340 1408 2341 1407 2341 1409 2341 1405 2342 1404 2342 1406 2342 1403 2343 1402 2343 1404 2343 1399 2344 1305 2344 1307 2344 1397 2345 1304 2345 1305 2345 1398 2346 1299 2346 1304 2346 1395 2347 1396 2347 1394 2347 1393 2348 1394 2348 1392 2348 1391 2349 1392 2349 1290 2349 1410 2350 1396 2350 1409 2350 1409 2351 1411 2351 1410 2351 1412 2352 1413 2352 1414 2352 1415 2353 1414 2353 1410 2353 1410 2354 1411 2354 1415 2354 1414 2355 1415 2355 1412 2355 1416 2356 1413 2356 1417 2356 1412 2357 1417 2357 1413 2357 1406 2358 1418 2358 1419 2358 1419 2359 1407 2359 1406 2359 1419 2360 1420 2360 1415 2360 1421 2361 1412 2361 1415 2361 1415 2362 1420 2362 1421 2362 1415 2363 1411 2363 1419 2363 1407 2364 1419 2364 1411 2364 1412 2365 1421 2365 1417 2365 1409 2366 1407 2366 1411 2366 1419 2367 1418 2367 1422 2367 1420 2368 1422 2368 1423 2368 1423 2369 1421 2369 1420 2369 1422 2370 1420 2370 1419 2370 1423 2371 1424 2371 1421 2371 1417 2372 1421 2372 1424 2372 1427 2373 1425 2373 1426 2373 1426 2374 1402 2374 1427 2374 1404 2375 1426 2375 1428 2375 1428 1054 1429 1054 1404 1054 1428 2376 1430 2376 1429 2376 1404 2377 1402 2377 1426 2377 1430 1054 1431 1054 1429 1054 1431 2378 1430 2378 1432 2378 1404 2379 1423 2379 1422 2379 1404 2380 1418 2380 1406 2380 1422 1054 1418 1054 1404 1054 1433 2381 1431 2381 1432 2381 1424 2382 1423 2382 1429 2382 1423 1054 1404 1054 1429 1054 1434 2383 1435 2383 1430 2383 1436 2384 1434 2384 1428 2384 1425 2385 1436 2385 1428 2385 1428 2386 1426 2386 1425 2386 1430 2387 1428 2387 1434 2387 1437 2388 1438 2388 1433 2388 1435 2389 1437 2389 1432 2389 1432 2390 1430 2390 1435 2390 1433 2391 1432 2391 1437 2391 1390 2392 1398 2392 1439 2392 1398 1054 1397 1054 1439 1054 1397 1054 1399 1054 1440 1054 1403 2393 1405 2393 1441 2393 1391 1054 1442 1054 1443 1054 1400 2394 1444 2394 1440 2394 1400 2395 1445 2395 1444 2395 1401 2396 1446 2396 1445 2396 1405 2397 1408 2397 1447 2397 1440 1054 1439 1054 1397 1054 1446 2398 1401 2398 1403 2398 1447 2399 1441 2399 1405 2399 1440 2400 1399 2400 1400 2400 1448 2401 1447 2401 1408 2401 1439 2402 1442 2402 1390 2402 1441 2403 1446 2403 1403 2403 1393 2404 1443 2404 1449 2404 1445 2405 1400 2405 1401 2405 1408 2406 1395 2406 1448 2406 1395 2407 1449 2407 1448 2407 1443 1054 1393 1054 1391 1054 1449 2408 1395 2408 1393 2408 1391 2409 1390 2409 1442 2409 1451 2410 1450 2410 1444 2410 1452 2411 1451 2411 1445 2411 1453 2412 1452 2412 1446 2412 1454 2413 1453 2413 1441 2413 1455 2414 1454 2414 1447 2414 1456 2415 1455 2415 1448 2415 1457 2416 1456 2416 1449 2416 1458 2417 1457 2417 1449 2417 1459 2418 1458 2418 1443 2418 1460 2419 1459 2419 1442 2419 1461 2420 1460 2420 1439 2420 1450 2421 1461 2421 1440 2421 1439 2422 1440 2422 1461 2422 1442 2423 1439 2423 1460 2423 1443 2424 1442 2424 1459 2424 1449 2425 1443 2425 1458 2425 1448 2426 1449 2426 1456 2426 1447 2427 1448 2427 1455 2427 1441 2428 1447 2428 1454 2428 1446 2429 1441 2429 1453 2429 1445 2430 1446 2430 1452 2430 1444 2431 1445 2431 1451 2431 1440 2432 1444 2432 1450 2432 1466 2433 1462 2433 1458 2433 1463 2434 1464 2434 1465 2434 1456 2435 1457 2435 1462 2435 1457 2436 1458 2436 1462 2436 1450 2437 1467 2437 1468 2437 1465 2438 1466 2438 1463 2438 1458 2439 1469 2439 1466 2439 1464 2440 1455 2440 1474 2440 1466 2441 1469 2441 1463 2441 1475 2442 1459 2442 1460 2442 1468 2443 1472 2443 1450 2443 1453 1054 1473 1054 1476 1054 1473 1054 1453 1054 1454 1054 1455 1054 1464 1054 1473 1054 1474 2444 1465 2444 1464 2444 1459 2445 1475 2445 1470 2445 1460 2446 1461 2446 1475 2446 1461 2447 1450 2447 1477 2447 1450 2448 1451 2448 1467 2448 1451 1054 1452 1054 1476 1054 1476 1054 1452 1054 1453 1054 1473 2449 1454 2449 1455 2449 1470 2450 1469 2450 1459 2450 1470 2451 1468 2451 1467 2451 1476 1054 1467 1054 1451 1054 1455 2452 1456 2452 1474 2452 1469 2453 1458 2453 1459 2453 1472 2454 1477 2454 1450 2454 1471 2455 1469 2455 1470 2455 1467 2456 1471 2456 1470 2456 1473 2457 1464 2457 1478 2457 1476 2458 1473 2458 1480 2458 1467 2459 1476 2459 1481 2459 1471 2460 1467 2460 1483 2460 1469 2461 1471 2461 1484 2461 1463 2462 1469 2462 1485 2462 1464 2463 1463 2463 1478 2463 1486 2464 1478 2464 1463 2464 1485 2465 1486 2465 1463 2465 1484 2466 1485 2466 1469 2466 1483 2467 1484 2467 1471 2467 1482 2468 1483 2468 1467 2468 1481 2469 1482 2469 1467 2469 1480 2470 1481 2470 1476 2470 1479 2471 1480 2471 1473 2471 1478 2472 1479 2472 1473 2472 1456 2473 1462 2473 1487 2473 1462 2474 1466 2474 1489 2474 1466 2475 1465 2475 1490 2475 1465 2476 1474 2476 1490 2476 1474 2477 1456 2477 1492 2477 1492 2478 1491 2478 1474 2478 1491 2479 1490 2479 1474 2479 1490 2480 1489 2480 1466 2480 1489 2481 1488 2481 1462 2481 1488 2482 1487 2482 1462 2482 1487 2483 1492 2483 1456 2483 1494 2484 1493 2484 1491 2484 1495 2485 1494 2485 1492 2485 1490 2486 1493 2486 1496 2486 1489 2487 1490 2487 1497 2487 1488 2488 1489 2488 1497 2488 1497 2489 1495 2489 1488 2489 1496 2490 1497 2490 1490 2490 1493 2491 1490 2491 1491 2491 1487 2492 1488 2492 1495 2492 1492 2493 1487 2493 1495 2493 1491 2494 1492 2494 1494 2494 1498 2495 1499 2495 1484 2495 1499 2496 1500 2496 1485 2496 1500 2497 1501 2497 1486 2497 1493 2498 1502 2498 1479 2498 1502 2499 1503 2499 1480 2499 1503 2500 1504 2500 1481 2500 1504 2501 1505 2501 1482 2501 1505 2502 1506 2502 1483 2502 1483 2503 1506 2503 1498 2503 1486 2504 1501 2504 1497 2504 1478 2505 1496 2505 1493 2505 1497 2506 1496 2506 1478 2506 1497 2507 1478 2507 1486 2507 1483 2508 1482 2508 1505 2508 1482 2509 1481 2509 1504 2509 1481 2510 1480 2510 1503 2510 1480 2511 1479 2511 1502 2511 1479 2512 1478 2512 1493 2512 1486 2513 1485 2513 1500 2513 1485 2514 1484 2514 1499 2514 1484 2515 1483 2515 1498 2515 1507 2516 1510 2516 1511 2516 1505 2517 1507 2517 1508 2517 1510 2518 1498 2518 1509 2518 1512 2519 1498 2519 1506 2519 1514 2520 1513 2520 1506 2520 1506 2521 1505 2521 1514 2521 1506 2522 1513 2522 1512 2522 1498 2523 1512 2523 1509 2523 1509 2524 1511 2524 1510 2524 1508 2525 1514 2525 1505 2525 1511 2526 1508 2526 1507 2526 1470 2527 1475 2527 1512 2527 1475 2528 1461 2528 1511 2528 1461 2529 1477 2529 1511 2529 1477 2530 1472 2530 1508 2530 1472 2531 1468 2531 1514 2531 1468 2532 1470 2532 1513 2532 1513 2533 1514 2533 1468 2533 1514 2534 1508 2534 1472 2534 1508 2535 1511 2535 1477 2535 1511 2536 1509 2536 1475 2536 1509 2537 1512 2537 1475 2537 1512 2538 1513 2538 1470 2538 1516 2539 1515 2539 1517 2539 1518 2540 1517 2540 1519 2540 1520 2541 1519 2541 1521 2541 1429 2542 1522 2542 1523 2542 1431 2543 1524 2543 1522 2543 1438 2544 1525 2544 1433 2544 1433 2545 1525 2545 1524 2545 1526 2546 1527 2546 1525 2546 1528 2547 1527 2547 1526 2547 1529 2548 1530 2548 1527 2548 1531 2549 1532 2549 1530 2549 1533 2550 1534 2550 1532 2550 1535 2551 1534 2551 1533 2551 1520 2552 1521 2552 1535 2552 1535 2553 1521 2553 1534 2553 1536 2554 1515 2554 1417 2554 1417 2555 1515 2555 1416 2555 1523 2556 1536 2556 1424 2556 1424 2557 1536 2557 1417 2557 1532 2558 1531 2558 1533 2558 1530 2559 1529 2559 1531 2559 1527 2560 1528 2560 1529 2560 1525 2561 1438 2561 1526 2561 1524 2562 1431 2562 1433 2562 1522 2563 1429 2563 1431 2563 1523 2564 1424 2564 1429 2564 1519 2565 1520 2565 1518 2565 1517 2566 1518 2566 1516 2566 1515 2567 1516 2567 1416 2567 1537 2568 1520 2568 1535 2568 1535 2569 1538 2569 1537 2569 1539 2570 1540 2570 1541 2570 1542 2571 1541 2571 1537 2571 1537 2572 1538 2572 1542 2572 1541 2573 1542 2573 1539 2573 1543 2574 1540 2574 1544 2574 1539 2575 1544 2575 1540 2575 1531 2576 1545 2576 1546 2576 1533 2577 1531 2577 1547 2577 1547 2578 1535 2578 1533 2578 1546 2579 1547 2579 1531 2579 1546 2580 1548 2580 1542 2580 1549 2581 1539 2581 1542 2581 1542 2582 1548 2582 1549 2582 1542 1054 1538 1054 1546 1054 1547 1054 1546 1054 1538 1054 1539 2583 1549 2583 1544 2583 1535 2584 1547 2584 1538 2584 1546 2585 1545 2585 1550 2585 1548 2586 1550 2586 1551 2586 1551 2587 1549 2587 1548 2587 1550 2588 1548 2588 1546 2588 1551 2589 1552 2589 1549 2589 1544 2590 1549 2590 1552 2590 1555 2591 1553 2591 1554 2591 1526 2592 1555 2592 1556 2592 1556 2593 1528 2593 1526 2593 1554 2594 1556 2594 1555 2594 1557 1054 1550 1054 1560 1054 1550 1054 1558 1054 1560 1054 1559 2595 1560 2595 1561 2595 1529 2596 1528 2596 1556 2596 1554 2597 1550 2597 1529 2597 1554 2598 1558 2598 1550 2598 1556 1054 1554 1054 1529 1054 1560 2599 1559 2599 1557 2599 1551 1054 1550 1054 1557 1054 1529 1054 1550 1054 1545 1054 1545 2600 1531 2600 1529 2600 1552 2601 1551 2601 1557 2601 1563 2602 1562 2602 1558 2602 1553 2603 1563 2603 1558 2603 1558 2604 1554 2604 1553 2604 1560 2605 1558 2605 1562 2605 1564 2606 1565 2606 1561 2606 1562 2607 1564 2607 1560 2607 1561 2608 1560 2608 1564 2608 1543 2609 1566 2609 1567 2609 1568 2610 1567 2610 1569 2610 1570 2611 1569 2611 1571 2611 1250 2612 1573 2612 1574 2612 1247 2613 1575 2613 1573 2613 1253 2614 1576 2614 1575 2614 1572 2615 1571 2615 1219 2615 1219 2616 1571 2616 1576 2616 1544 2617 1566 2617 1543 2617 1577 2618 1566 2618 1552 2618 1552 2619 1566 2619 1544 2619 1557 2620 1578 2620 1577 2620 1559 2621 1579 2621 1578 2621 1561 2622 1580 2622 1579 2622 1565 2623 1580 2623 1561 2623 1565 2624 1574 2624 1580 2624 1565 2625 1260 2625 1250 2625 1250 2626 1574 2626 1565 2626 1579 2627 1559 2627 1561 2627 1578 2628 1557 2628 1559 2628 1577 2629 1552 2629 1557 2629 1576 2630 1253 2630 1219 2630 1575 2631 1247 2631 1253 2631 1573 2632 1250 2632 1247 2632 1571 2633 1572 2633 1570 2633 1569 2634 1570 2634 1568 2634 1567 2635 1568 2635 1543 2635 1582 2636 1581 2636 1524 2636 1524 2637 1525 2637 1583 2637 1583 2638 1582 2638 1524 2638 1525 2639 1527 2639 1583 2639 1527 2640 1530 2640 1584 2640 1522 2641 1581 2641 1585 2641 1534 2642 1586 2642 1587 2642 1534 2643 1588 2643 1586 2643 1585 2644 1523 2644 1522 2644 1584 2645 1583 2645 1527 2645 1588 2646 1534 2646 1521 2646 1588 2647 1521 2647 1519 2647 1519 1054 1517 1054 1589 1054 1522 2648 1524 2648 1581 2648 1530 2649 1587 2649 1584 2649 1517 2650 1515 2650 1590 2650 1587 2651 1532 2651 1534 2651 1590 1054 1589 1054 1517 1054 1591 2652 1590 2652 1515 2652 1536 2653 1585 2653 1591 2653 1587 1054 1530 1054 1532 1054 1589 1054 1588 1054 1519 1054 1585 2654 1536 2654 1523 2654 1591 2655 1515 2655 1536 2655 1592 2656 1593 2656 1584 2656 1594 2657 1592 2657 1587 2657 1595 2658 1594 2658 1586 2658 1596 2659 1595 2659 1588 2659 1597 2660 1596 2660 1589 2660 1598 2661 1597 2661 1589 2661 1599 2662 1598 2662 1590 2662 1600 2663 1599 2663 1591 2663 1601 2664 1600 2664 1585 2664 1602 2665 1601 2665 1581 2665 1603 2666 1602 2666 1582 2666 1593 2667 1603 2667 1583 2667 1583 2668 1584 2668 1593 2668 1582 2669 1583 2669 1603 2669 1581 2670 1582 2670 1602 2670 1585 2671 1581 2671 1601 2671 1591 2672 1585 2672 1600 2672 1590 2673 1591 2673 1599 2673 1589 2674 1590 2674 1598 2674 1588 2675 1589 2675 1596 2675 1586 2676 1588 2676 1595 2676 1587 2677 1586 2677 1594 2677 1584 2678 1587 2678 1592 2678 1604 2679 1574 2679 1573 2679 1573 1054 1575 1054 1605 1054 1605 2680 1604 2680 1573 2680 1575 2681 1576 2681 1606 2681 1574 2682 1604 2682 1607 2682 1606 1054 1605 1054 1575 1054 1569 2683 1609 2683 1610 2683 1566 2684 1577 2684 1612 2684 1608 2685 1606 2685 1576 2685 1576 2686 1571 2686 1608 2686 1571 2687 1610 2687 1608 2687 1609 1054 1569 1054 1567 1054 1567 1054 1611 1054 1609 1054 1612 2688 1611 2688 1566 2688 1577 1054 1578 1054 1612 1054 1578 1054 1579 1054 1613 1054 1580 2689 1614 2689 1613 2689 1580 2690 1607 2690 1614 2690 1567 2691 1566 2691 1611 2691 1613 1054 1612 1054 1578 1054 1607 2692 1580 2692 1574 2692 1610 2693 1571 2693 1569 2693 1613 2694 1579 2694 1580 2694 1615 2695 1616 2695 1608 2695 1617 2696 1615 2696 1610 2696 1618 2697 1617 2697 1610 2697 1619 2698 1618 2698 1609 2698 1620 2699 1619 2699 1611 2699 1621 2700 1620 2700 1612 2700 1622 2701 1621 2701 1613 2701 1623 2702 1622 2702 1614 2702 1624 2703 1623 2703 1607 2703 1625 2704 1624 2704 1604 2704 1626 2705 1625 2705 1605 2705 1616 2706 1626 2706 1606 2706 1606 2707 1608 2707 1616 2707 1605 2708 1606 2708 1626 2708 1604 2709 1605 2709 1625 2709 1607 2710 1604 2710 1624 2710 1614 2711 1607 2711 1623 2711 1613 2712 1614 2712 1622 2712 1612 2713 1613 2713 1621 2713 1611 2714 1612 2714 1620 2714 1609 2715 1611 2715 1619 2715 1610 2716 1609 2716 1618 2716 1608 2717 1610 2717 1615 2717 1601 2718 1602 2718 1627 2718 1602 2719 1631 2719 1632 2719 1628 2720 1630 2720 1629 2720 1600 2721 1601 2721 1630 2721 1632 2722 1627 2722 1602 2722 1631 2723 1629 2723 1632 2723 1629 2724 1631 2724 1628 2724 1630 2725 1599 2725 1600 2725 1633 2726 1595 2726 1634 2726 1630 2727 1635 2727 1599 2727 1603 2728 1638 2728 1631 2728 1634 2729 1637 2729 1633 2729 1628 2730 1635 2730 1630 2730 1595 2731 1596 2731 1634 2731 1599 2732 1635 2732 1637 2732 1638 1054 1603 1054 1593 1054 1593 1054 1592 1054 1640 1054 1592 2733 1594 2733 1640 2733 1598 2734 1599 2734 1639 2734 1637 2735 1636 2735 1599 2735 1631 1054 1602 1054 1603 1054 1640 1054 1638 1054 1593 1054 1594 1054 1595 1054 1633 1054 1596 2736 1597 2736 1639 2736 1599 2737 1636 2737 1639 2737 1633 1054 1640 1054 1594 1054 1597 2738 1598 2738 1639 2738 1637 2739 1634 2739 1636 2739 1637 2740 1635 2740 1641 2740 1633 2741 1637 2741 1643 2741 1640 2742 1633 2742 1643 2742 1638 2743 1640 2743 1645 2743 1631 2744 1638 2744 1646 2744 1628 2745 1631 2745 1648 2745 1635 2746 1628 2746 1649 2746 1649 2747 1641 2747 1635 2747 1648 2748 1649 2748 1628 2748 1647 2749 1648 2749 1631 2749 1646 2750 1647 2750 1631 2750 1645 2751 1646 2751 1638 2751 1644 2752 1645 2752 1640 2752 1643 2753 1644 2753 1640 2753 1642 2754 1643 2754 1637 2754 1641 2755 1642 2755 1637 2755 1639 2756 1636 2756 1651 2756 1636 2757 1634 2757 1652 2757 1634 2758 1596 2758 1654 2758 1596 2759 1639 2759 1655 2759 1650 2760 1655 2760 1639 2760 1655 2761 1654 2761 1596 2761 1654 2762 1653 2762 1634 2762 1653 2763 1652 2763 1634 2763 1652 2764 1651 2764 1636 2764 1651 2765 1650 2765 1639 2765 1657 2766 1656 2766 1653 2766 1658 2767 1657 2767 1654 2767 1652 2768 1656 2768 1659 2768 1651 2769 1652 2769 1660 2769 1650 2770 1651 2770 1660 2770 1660 2771 1658 2771 1650 2771 1659 2772 1660 2772 1652 2772 1656 2773 1652 2773 1653 2773 1655 2774 1650 2774 1658 2774 1654 2775 1655 2775 1658 2775 1653 2776 1654 2776 1657 2776 1661 2777 1662 2777 1646 2777 1662 2778 1663 2778 1647 2778 1664 2779 1665 2779 1649 2779 1665 2780 1666 2780 1641 2780 1666 2781 1667 2781 1642 2781 1656 2782 1668 2782 1644 2782 1668 2783 1661 2783 1645 2783 1663 2784 1669 2784 1648 2784 1648 2785 1669 2785 1664 2785 1642 2786 1667 2786 1660 2786 1643 2787 1659 2787 1656 2787 1660 2788 1659 2788 1643 2788 1660 2789 1643 2789 1642 2789 1645 2790 1644 2790 1668 2790 1644 2791 1643 2791 1656 2791 1642 2792 1641 2792 1666 2792 1641 2793 1649 2793 1665 2793 1649 2794 1648 2794 1664 2794 1648 2795 1647 2795 1663 2795 1647 2796 1646 2796 1662 2796 1646 2797 1645 2797 1661 2797 1671 2798 1664 2798 1670 2798 1673 2799 1671 2799 1672 2799 1663 2800 1673 2800 1674 2800 1675 2801 1664 2801 1669 2801 1677 2802 1676 2802 1669 2802 1669 2803 1663 2803 1677 2803 1669 2804 1676 2804 1675 2804 1664 2805 1675 2805 1670 2805 1674 2806 1677 2806 1663 2806 1672 2807 1674 2807 1673 2807 1670 2808 1672 2808 1671 2808 1630 2809 1601 2809 1672 2809 1601 2810 1627 2810 1672 2810 1627 2811 1632 2811 1674 2811 1632 2812 1629 2812 1677 2812 1629 2813 1630 2813 1675 2813 1670 2814 1675 2814 1630 2814 1675 2815 1676 2815 1629 2815 1676 2816 1677 2816 1629 2816 1677 2817 1674 2817 1632 2817 1674 2818 1672 2818 1627 2818 1672 2819 1670 2819 1630 2819 1680 2820 1625 2820 1626 2820 1679 2821 1625 2821 1678 2821 1680 2822 1626 2822 1616 2822 1682 2823 1624 2823 1683 2823 1616 2824 1615 2824 1680 2824 1620 2825 1684 2825 1685 2825 1624 2826 1682 2826 1681 2826 1625 1054 1679 1054 1683 1054 1680 2827 1678 2827 1625 2827 1695 2828 1619 2828 1686 2828 1620 2829 1685 2829 1686 2829 1620 2830 1687 2830 1684 2830 1688 2831 1689 2831 1678 2831 1622 2832 1623 2832 1681 2832 1683 1054 1624 1054 1625 1054 1682 2833 1690 2833 1691 2833 1681 2834 1693 2834 1622 2834 1623 2835 1624 2835 1681 2835 1684 2836 1691 2836 1685 2836 1620 2837 1621 2837 1687 2837 1695 2838 1686 2838 1688 2838 1682 2839 1683 2839 1690 2839 1615 2840 1617 2840 1692 2840 1617 2841 1618 2841 1692 2841 1618 2842 1619 2842 1692 2842 1695 2843 1692 2843 1619 2843 1621 2844 1622 2844 1693 2844 1686 1054 1619 1054 1620 1054 1678 2845 1695 2845 1688 2845 1691 2846 1694 2846 1682 2846 1691 2847 1684 2847 1694 2847 1689 2848 1679 2848 1678 2848 1685 2849 1691 2849 1696 2849 1686 2850 1685 2850 1697 2850 1688 2851 1686 2851 1698 2851 1689 2852 1688 2852 1700 2852 1679 2853 1689 2853 1700 2853 1683 2854 1679 2854 1702 2854 1690 2855 1683 2855 1703 2855 1691 2856 1690 2856 1704 2856 1704 2857 1696 2857 1691 2857 1703 2858 1704 2858 1690 2858 1702 2859 1703 2859 1683 2859 1701 2860 1702 2860 1679 2860 1700 2861 1701 2861 1679 2861 1699 2862 1700 2862 1688 2862 1698 2863 1699 2863 1688 2863 1697 2864 1698 2864 1686 2864 1696 2865 1697 2865 1685 2865 1695 2866 1678 2866 1705 2866 1678 2867 1680 2867 1705 2867 1680 2868 1615 2868 1707 2868 1615 2869 1692 2869 1708 2869 1692 2870 1695 2870 1710 2870 1705 2871 1710 2871 1695 2871 1710 2872 1709 2872 1692 2872 1709 2873 1708 2873 1692 2873 1708 2874 1707 2874 1615 2874 1707 2875 1706 2875 1680 2875 1706 2876 1705 2876 1680 2876 1711 2877 1713 2877 1707 2877 1713 2878 1712 2878 1706 2878 1705 2879 1712 2879 1714 2879 1710 2880 1705 2880 1715 2880 1709 2881 1710 2881 1715 2881 1715 2882 1711 2882 1709 2882 1714 2883 1715 2883 1705 2883 1712 2884 1705 2884 1706 2884 1706 2885 1707 2885 1713 2885 1708 2886 1709 2886 1711 2886 1707 2887 1708 2887 1711 2887 1712 2888 1716 2888 1701 2888 1716 2889 1717 2889 1702 2889 1717 2890 1718 2890 1703 2890 1718 2891 1719 2891 1704 2891 1720 2892 1721 2892 1697 2892 1721 2893 1722 2893 1698 2893 1722 2894 1723 2894 1699 2894 1719 2895 1724 2895 1696 2895 1696 2896 1724 2896 1720 2896 1699 2897 1723 2897 1715 2897 1700 2898 1714 2898 1712 2898 1715 2899 1714 2899 1700 2899 1715 2900 1700 2900 1699 2900 1699 2901 1698 2901 1722 2901 1698 2902 1697 2902 1721 2902 1697 2903 1696 2903 1720 2903 1696 2904 1704 2904 1719 2904 1704 2905 1703 2905 1718 2905 1703 2906 1702 2906 1717 2906 1702 2907 1701 2907 1716 2907 1701 2908 1700 2908 1712 2908 1725 2909 1720 2909 1687 2909 1727 2910 1725 2910 1726 2910 1719 2911 1727 2911 1728 2911 1729 2912 1720 2912 1724 2912 1731 2913 1730 2913 1724 2913 1724 2914 1719 2914 1731 2914 1724 2915 1730 2915 1729 2915 1720 2916 1729 2916 1687 2916 1728 2917 1731 2917 1719 2917 1726 2918 1728 2918 1727 2918 1687 2919 1726 2919 1725 2919 1693 2920 1681 2920 1728 2920 1681 2921 1682 2921 1731 2921 1682 2922 1694 2922 1730 2922 1694 2923 1684 2923 1729 2923 1687 2924 1621 2924 1726 2924 1621 2925 1693 2925 1726 2925 1687 2926 1729 2926 1684 2926 1729 2927 1730 2927 1694 2927 1730 2928 1731 2928 1682 2928 1731 2929 1728 2929 1681 2929 1728 2930 1726 2930 1693 2930 1370 2931 1372 2931 1374 2931 1374 2932 1265 2932 1370 2932 1284 2933 1288 2933 1375 2933 1375 2934 1288 2934 1732 2934 1376 2935 1733 2935 1734 2935 1265 2936 1374 2936 1373 2936 1284 2937 1375 2937 1368 2937 1215 2938 1380 2938 1379 2938 1370 2939 1265 2939 1267 2939 1288 2940 1735 2940 1732 2940 1376 2941 1732 2941 1733 2941 1378 2942 1377 2942 1734 2942 1383 122 1385 122 1736 122 1267 2943 1269 2943 1369 2943 1732 2944 1376 2944 1375 2944 1734 2945 1377 2945 1376 2945 1215 2946 1216 2946 1380 2946 1369 122 1370 122 1267 122 1368 2947 1369 2947 1284 2947 1385 122 1734 122 1737 122 1736 122 1738 122 1383 122 1738 122 1204 122 1383 122 1383 2948 1204 2948 1202 2948 1383 2949 1202 2949 1215 2949 1385 2950 1378 2950 1734 2950 1373 2951 1380 2951 1216 2951 1269 2952 1284 2952 1369 2952 1215 2953 1379 2953 1383 2953 1737 2954 1736 2954 1385 2954 1716 2955 1204 2955 1739 2955 1717 2956 1739 2956 1740 2956 1725 122 1727 122 1741 122 1218 2957 1204 2957 1716 2957 1204 2958 1738 2958 1739 2958 1740 2959 1718 2959 1717 2959 1742 2960 1727 2960 1719 2960 1719 2961 1718 2961 1742 2961 1741 122 1743 122 1725 122 1743 122 1541 122 1725 122 1725 2962 1541 2962 1540 2962 1540 2963 1721 2963 1720 2963 1540 2964 1543 2964 1721 2964 1711 2965 1715 2965 1723 2965 1739 2966 1717 2966 1716 2966 1742 2967 1741 2967 1727 2967 1540 2968 1720 2968 1725 2968 1722 2969 1721 2969 1543 2969 1543 2970 1568 2970 1722 2970 1568 2971 1570 2971 1723 2971 1711 2972 1723 2972 1570 2972 1570 122 1572 122 1711 122 1712 2973 1713 2973 1218 2973 1718 2974 1740 2974 1742 2974 1218 2975 1716 2975 1712 2975 1723 2976 1722 2976 1568 2976 1713 122 1711 122 1572 122 1572 2977 1218 2977 1713 2977 1658 2978 1660 2978 1667 2978 1671 122 1673 122 1746 122 1671 122 1414 122 1413 122 1413 2979 1665 2979 1664 2979 1667 2980 1516 2980 1658 2980 1662 2981 1744 2981 1745 2981 1413 2982 1664 2982 1671 2982 1413 2983 1416 2983 1665 2983 1516 2984 1667 2984 1666 2984 1658 2985 1516 2985 1518 2985 1661 2986 1541 2986 1747 2986 1661 2987 1747 2987 1744 2987 1745 2988 1663 2988 1662 2988 1746 122 1748 122 1671 122 1748 122 1414 122 1671 122 1666 2989 1665 2989 1416 2989 1518 2990 1520 2990 1657 2990 1537 2991 1668 2991 1656 2991 1661 2992 1668 2992 1537 2992 1744 2993 1662 2993 1661 2993 1745 2994 1746 2994 1673 2994 1656 2995 1657 2995 1520 2995 1537 2996 1541 2996 1661 2996 1541 2997 1743 2997 1747 2997 1666 2998 1416 2998 1516 2998 1657 122 1658 122 1518 122 1656 2999 1520 2999 1537 2999 1673 3000 1663 3000 1745 3000 1503 3001 1414 3001 1749 3001 1287 3002 1499 3002 1498 3002 1503 3003 1502 3003 1410 3003 1414 3004 1748 3004 1749 3004 1287 3005 1290 3005 1499 3005 1495 3006 1497 3006 1501 3006 1493 3007 1494 3007 1396 3007 1410 3008 1502 3008 1493 3008 1410 3009 1414 3009 1503 3009 1503 3010 1749 3010 1750 3010 1290 3011 1392 3011 1500 3011 1392 3012 1394 3012 1501 3012 1495 3013 1501 3013 1394 3013 1493 3014 1396 3014 1410 3014 1510 3015 1288 3015 1287 3015 1394 122 1396 122 1495 122 1750 3016 1504 3016 1503 3016 1510 3017 1507 3017 1751 3017 1287 3018 1498 3018 1510 3018 1500 3019 1499 3019 1290 3019 1396 3020 1494 3020 1495 3020 1751 3021 1735 3021 1510 3021 1735 3022 1288 3022 1510 3022 1501 3023 1500 3023 1392 3023 1505 3024 1504 3024 1750 3024 1507 3025 1750 3025 1751 3025 1507 3026 1505 3026 1750 3026 1373 3027 1216 3027 1265 3027 1748 3028 1752 3028 1753 3028 1749 3029 1753 3029 1754 3029 1749 3030 1754 3030 1755 3030 1750 3031 1755 3031 1756 3031 1751 3032 1756 3032 1757 3032 1735 3033 1757 3033 1758 3033 1733 3034 1759 3034 1760 3034 1734 3035 1760 3035 1761 3035 1736 3036 1761 3036 1762 3036 1736 3037 1762 3037 1763 3037 1739 3038 1763 3038 1764 3038 1740 3039 1764 3039 1765 3039 1742 3040 1740 3040 1765 3040 1742 3041 1765 3041 1766 3041 1741 3042 1766 3042 1767 3042 1741 3043 1767 3043 2208 3043 1747 3044 2208 3044 1768 3044 1747 3045 1768 3045 1769 3045 1744 3046 1769 3046 1770 3046 1770 3047 1745 3047 1744 3047 1745 3048 1770 3048 1771 3048 1746 3049 1771 3049 1752 3049 1752 3050 1748 3050 1746 3050 1771 3051 1746 3051 1745 3051 1769 3052 1744 3052 1747 3052 2208 3053 1747 3053 1743 3053 2208 3054 1743 3054 1741 3054 1766 3055 1741 3055 1742 3055 1764 3056 1740 3056 1739 3056 1763 3057 1739 3057 1738 3057 1763 3058 1738 3058 1736 3058 1761 3059 1736 3059 1737 3059 1761 3060 1737 3060 1734 3060 1760 3061 1734 3061 1733 3061 1759 3062 1733 3062 1732 3062 1758 3063 1759 3063 1732 3063 1758 3064 1732 3064 1735 3064 1757 3065 1735 3065 1751 3065 1756 3066 1751 3066 1750 3066 1755 3067 1750 3067 1749 3067 1753 3068 1749 3068 1748 3068 1773 3069 1827 3069 1774 3069 1780 3070 1782 3070 1258 3070 1781 3071 1780 3071 1258 3071 1262 3072 1782 3072 1783 3072 1784 3073 1779 3073 1785 3073 1262 3074 1783 3074 1779 3074 1788 3075 1786 3075 1829 3075 1789 3076 1781 3076 1258 3076 1829 3077 1781 3077 1790 3077 1789 3078 1790 3078 1781 3078 1792 3079 1786 3079 1793 3079 1791 3080 1793 3080 1786 3080 1795 3081 1260 3081 1565 3081 1795 3082 1794 3082 1260 3082 1797 3083 1798 3083 1796 3083 1799 3084 1794 3084 1797 3084 1798 3085 1797 3085 1792 3085 1565 3086 1800 3086 1801 3086 1800 3087 1802 3087 1801 3087 1801 3088 1795 3088 1565 3088 1802 3089 1800 3089 1803 3089 1313 3090 1806 3090 1777 3090 1808 3091 1778 3091 1807 3091 1809 3092 1562 3092 1563 3092 1563 3093 1811 3093 1809 3093 1809 3094 1810 3094 1562 3094 1774 3095 1827 3095 1812 3095 1563 3096 1774 3096 1813 3096 1774 3097 1812 3097 1813 3097 1813 3098 1811 3098 1563 3098 1814 3099 1812 3099 1827 3099 1563 3100 1553 3100 1815 3100 1553 3101 1526 3101 1816 3101 1816 3102 1815 3102 1553 3102 1815 3103 1817 3103 1563 3103 1774 3104 1563 3104 1818 3104 1818 3105 1819 3105 1774 3105 1563 3106 1817 3106 1818 3106 1774 3107 1819 3107 1820 3107 1526 3108 1821 3108 1816 3108 1775 3109 1822 3109 1526 3109 1820 3110 1822 3110 1823 3110 1564 3111 1825 3111 1826 3111 1825 3112 1564 3112 1814 3112 1814 3113 1827 3113 1825 3113 1564 3114 1826 3114 1772 3114 1830 3115 1781 3115 1829 3115 1785 3116 1831 3116 1784 3116 1831 3117 1830 3117 1784 3117 1831 3118 1781 3118 1830 3118 1779 3119 1832 3119 1833 3119 1779 3120 1834 3120 1835 3120 1833 3121 1834 3121 1779 3121 1832 1054 1836 1054 1837 1054 1837 1054 1833 1054 1832 1054 1838 3122 1837 3122 1836 3122 1804 3123 1838 3123 1805 3123 1839 3124 1778 3124 1840 3124 1778 3125 1777 3125 1840 3125 1841 3126 1805 3126 1839 3126 1840 3127 1841 3127 1839 3127 1839 3128 1842 3128 1807 3128 1843 3129 1807 3129 1842 3129 1844 3130 1845 3130 1846 3130 1847 3131 1776 3131 1848 3131 1847 3132 1850 3132 1846 3132 1849 3133 1848 3133 1776 3133 1848 3134 1850 3134 1847 3134 1776 1054 1847 1054 1851 1054 1775 3135 1776 3135 1824 3135 1776 3136 1852 3136 1824 3136 1851 3137 1853 3137 1852 3137 1852 3138 1776 3138 1851 3138 1851 3139 1820 3139 1823 3139 1823 3140 1853 3140 1851 3140 1854 3141 1774 3141 1820 3141 1855 1054 1856 1054 1800 1054 1828 1054 1773 1054 1856 1054 1855 3142 1828 3142 1856 3142 1857 3143 1802 3143 1803 3143 1792 3144 1797 3144 1857 3144 1803 3145 1792 3145 1857 3145 1846 1054 1434 1054 1859 1054 1858 3146 1859 3146 1434 3146 1846 3147 1860 3147 1844 3147 1859 1054 1860 1054 1846 1054 1861 3148 1436 3148 1842 3148 1862 3149 1861 3149 1842 3149 1861 3150 1858 3150 1436 3150 1862 3151 1842 3151 1844 3151 1842 3152 1436 3152 1863 3152 1863 3153 1843 3153 1842 3153 1864 3154 1436 3154 1425 3154 1864 3155 1863 3155 1436 3155 1425 3156 1865 3156 1866 3156 1865 3157 1425 3157 1778 3157 1778 3158 1808 3158 1865 3158 1778 3159 1425 3159 1427 3159 1867 3160 1806 3160 1313 3160 1313 3161 1312 3161 1867 3161 1312 3162 1310 3162 1867 3162 1310 3163 1804 3163 1867 3163 1310 3164 1872 3164 1868 3164 1838 3165 1804 3165 1869 3165 1804 3166 1870 3166 1869 3166 1804 3167 1871 3167 1870 3167 1309 3168 1838 3168 1873 3168 1872 3169 1310 3169 1309 3169 1309 3170 1873 3170 1872 3170 1869 3171 1873 3171 1838 3171 1804 3172 1310 3172 1871 3172 1311 3173 1876 3173 1874 3173 1311 3174 1877 3174 1876 3174 1874 3175 1875 3175 1309 3175 1838 3176 1880 3176 1879 3176 1874 3177 1309 3177 1311 3177 1311 3178 1837 3178 1878 3178 1837 3179 1879 3179 1878 3179 1879 3180 1837 3180 1838 3180 1878 3181 1877 3181 1311 3181 1838 3182 1875 3182 1880 3182 1837 1054 1311 1054 1881 1054 1311 3183 1300 3183 1882 3183 1883 1054 1300 1054 1302 1054 1311 3184 1882 3184 1881 3184 1883 3185 1882 3185 1300 3185 1262 3186 1835 3186 1883 3186 1883 3187 1302 3187 1262 3187 1782 3188 1262 3188 1261 3188 1258 3189 1884 3189 1789 3189 1885 3190 1258 3190 1257 3190 1885 3191 1884 3191 1258 3191 1787 3192 1885 3192 1257 3192 1787 3193 1257 3193 1786 3193 1786 3194 1257 3194 1886 3194 1257 3195 1887 3195 1886 3195 1257 3196 1259 3196 1887 3196 1259 3197 1794 3197 1799 3197 1259 3198 1799 3198 1887 3198 1794 3199 1259 3199 1260 3199 1564 3200 1562 3200 1814 3200 1526 1054 1553 1054 1555 1054 1776 3201 1775 3201 1437 3201 1776 3202 1435 3202 1888 3202 1889 3203 1434 3203 1846 3203 1888 3204 1849 3204 1776 3204 1435 3205 1434 3205 1891 3205 1889 3206 1891 3206 1434 3206 1846 3207 1850 3207 1889 3207 1890 3208 1888 3208 1435 3208 1891 3209 1890 3209 1435 3209 1437 3210 1435 3210 1776 3210 1438 3211 1437 3211 1775 3211 1438 3212 1775 3212 1526 3212 1564 1054 1772 1054 1565 1054 1886 3213 1791 3213 1786 3213 1261 3214 1258 3214 1782 3214 1875 3215 1838 3215 1309 3215 1868 3216 1871 3216 1310 3216 1427 3217 1313 3217 1778 3217 1866 3218 1864 3218 1425 3218 1858 1054 1434 1054 1436 1054 1792 3219 1829 3219 1786 3219 1856 1054 1803 1054 1800 1054 1854 3220 1820 3220 1851 3220 1842 3221 1845 3221 1844 3221 1807 3222 1778 3222 1839 3222 1841 3223 1804 3223 1805 3223 1835 3224 1262 3224 1779 3224 1784 3225 1832 3225 1779 3225 1828 1054 1827 1054 1773 1054 1822 3226 1820 3226 1526 3226 1821 3227 1526 3227 1820 3227 1810 3228 1814 3228 1562 3228 1796 3229 1799 3229 1797 3229 1793 3230 1798 3230 1792 3230 1790 3231 1788 3231 1829 3231 1778 3232 1313 3232 1777 3232 1772 1054 1800 1054 1565 1054 1892 3233 1893 3233 1829 3233 1894 3234 1892 3234 1792 3234 1895 3235 1894 3235 1803 3235 1896 3236 1895 3236 1856 3236 1897 3237 1896 3237 1773 3237 1898 3238 1897 3238 1774 3238 1899 3239 1898 3239 1851 3239 1900 3240 1899 3240 1847 3240 1901 3241 1900 3241 1845 3241 1902 3242 1901 3242 1842 3242 1903 3243 1902 3243 1839 3243 1904 3244 1903 3244 1839 3244 1905 3245 1904 3245 1838 3245 1906 3246 1905 3246 1838 3246 1907 3247 1906 3247 1836 3247 1908 3248 1907 3248 1784 3248 1893 3249 1908 3249 1830 3249 1830 3250 1829 3250 1893 3250 1784 3251 1830 3251 1908 3251 1832 3252 1784 3252 1907 3252 1836 3253 1832 3253 1907 3253 1838 3254 1836 3254 1906 3254 1805 3255 1838 3255 1904 3255 1839 3256 1805 3256 1904 3256 1842 3257 1839 3257 1902 3257 1845 3258 1842 3258 1901 3258 1846 3259 1845 3259 1900 3259 1847 3260 1846 3260 1900 3260 1851 3261 1847 3261 1899 3261 1854 3262 1851 3262 1898 3262 1774 3263 1854 3263 1898 3263 1773 3264 1774 3264 1897 3264 1856 3265 1773 3265 1896 3265 1803 3266 1856 3266 1895 3266 1792 3267 1803 3267 1894 3267 1829 3268 1792 3268 1892 3268 1859 3269 1858 3269 1910 3269 1860 3270 1859 3270 1911 3270 1844 3271 1860 3271 1913 3271 1862 3272 1844 3272 1914 3272 1861 3273 1862 3273 1915 3273 1858 3274 1861 3274 1917 3274 1917 3275 1909 3275 1858 3275 1916 3276 1917 3276 1861 3276 1915 3277 1916 3277 1861 3277 1914 3278 1915 3278 1862 3278 1913 3279 1914 3279 1844 3279 1912 3280 1913 3280 1860 3280 1911 3281 1912 3281 1860 3281 1910 3282 1911 3282 1859 3282 1909 3283 1910 3283 1858 3283 1918 3284 1919 3284 1915 3284 1919 3285 1920 3285 1916 3285 1920 3286 1921 3286 1917 3286 1921 3287 1922 3287 1910 3287 1922 3288 1923 3288 1911 3288 1923 3289 1924 3289 1913 3289 1924 3290 1918 3290 1914 3290 1914 3291 1913 3291 1924 3291 1913 3292 1912 3292 1923 3292 1912 3293 1911 3293 1923 3293 1911 3294 1910 3294 1922 3294 1910 3295 1909 3295 1921 3295 1909 3296 1917 3296 1921 3296 1917 3297 1916 3297 1920 3297 1916 3298 1915 3298 1919 3298 1915 3299 1914 3299 1918 3299 1827 3300 1828 3300 1925 3300 1825 3301 1827 3301 1926 3301 1826 3302 1825 3302 1928 3302 1772 3303 1826 3303 1928 3303 1800 3304 1772 3304 1930 3304 1855 3305 1800 3305 1931 3305 1828 3306 1855 3306 1932 3306 1933 3307 1925 3307 1828 3307 1932 3308 1933 3308 1828 3308 1931 3309 1932 3309 1855 3309 1930 3310 1931 3310 1800 3310 1929 3311 1930 3311 1772 3311 1928 3312 1929 3312 1772 3312 1927 3313 1928 3313 1825 3313 1926 3314 1927 3314 1825 3314 1925 3315 1926 3315 1827 3315 1934 3316 1935 3316 1930 3316 1935 3317 1936 3317 1931 3317 1936 3318 1937 3318 1933 3318 1937 3319 1938 3319 1925 3319 1938 3320 1939 3320 1927 3320 1939 3321 1940 3321 1928 3321 1940 3322 1934 3322 1929 3322 1930 3323 1929 3323 1934 3323 1929 3324 1928 3324 1940 3324 1928 3325 1927 3325 1939 3325 1927 3326 1926 3326 1938 3326 1926 3327 1925 3327 1938 3327 1925 3328 1933 3328 1937 3328 1933 3329 1932 3329 1936 3329 1932 3330 1931 3330 1936 3330 1931 3331 1930 3331 1935 3331 1833 3332 1837 3332 1942 3332 1834 3333 1833 3333 1943 3333 1835 3334 1834 3334 1944 3334 1883 3335 1835 3335 1945 3335 1882 3336 1883 3336 1947 3336 1881 3337 1882 3337 1948 3337 1837 3338 1881 3338 1949 3338 1949 3339 1941 3339 1837 3339 1948 3340 1949 3340 1881 3340 1947 3341 1948 3341 1882 3341 1946 3342 1947 3342 1883 3342 1945 3343 1946 3343 1883 3343 1944 3344 1945 3344 1835 3344 1943 3345 1944 3345 1834 3345 1942 3346 1943 3346 1833 3346 1941 3347 1942 3347 1837 3347 1950 3348 1951 3348 1946 3348 1951 3349 1952 3349 1947 3349 1952 3350 1953 3350 1949 3350 1953 3351 1954 3351 1942 3351 1954 3352 1955 3352 1943 3352 1955 3353 1956 3353 1944 3353 1956 3354 1950 3354 1945 3354 1945 3355 1944 3355 1956 3355 1944 3356 1943 3356 1955 3356 1943 3357 1942 3357 1954 3357 1942 3358 1941 3358 1953 3358 1941 3359 1949 3359 1953 3359 1949 3360 1948 3360 1952 3360 1948 3361 1947 3361 1952 3361 1947 3362 1946 3362 1951 3362 1946 3363 1945 3363 1950 3363 1852 3364 1853 3364 1958 3364 1853 3365 1823 3365 1960 3365 1823 3366 1822 3366 1962 3366 1822 3367 1775 3367 1963 3367 1775 3368 1824 3368 1964 3368 1964 3369 1963 3369 1775 3369 1963 3370 1962 3370 1822 3370 1962 3371 1961 3371 1823 3371 1961 3372 1960 3372 1823 3372 1960 3373 1959 3373 1853 3373 1959 3374 1958 3374 1853 3374 1958 3375 1957 3375 1852 3375 1957 3376 1824 3376 1852 3376 1963 3377 1964 3377 1966 3377 1962 3378 1963 3378 1967 3378 1961 3379 1962 3379 1968 3379 1960 3380 1961 3380 1969 3380 1959 3381 1960 3381 1970 3381 1958 3382 1959 3382 1971 3382 1957 3383 1958 3383 1972 3383 1824 3384 1957 3384 1973 3384 1964 3385 1824 3385 1965 3385 1973 3386 1965 3386 1824 3386 1972 3387 1973 3387 1957 3387 1971 3388 1972 3388 1958 3388 1970 3389 1971 3389 1959 3389 1969 3390 1970 3390 1960 3390 1968 3391 1969 3391 1961 3391 1967 3392 1968 3392 1962 3392 1966 3393 1967 3393 1963 3393 1965 3394 1966 3394 1964 3394 1974 3395 1975 3395 1971 3395 1975 3396 1976 3396 1973 3396 1976 3397 1977 3397 1966 3397 1977 3398 1978 3398 1967 3398 1978 3399 1979 3399 1969 3399 1979 3400 1974 3400 1970 3400 1970 3401 1969 3401 1979 3401 1969 3402 1968 3402 1978 3402 1968 3403 1967 3403 1978 3403 1967 3404 1966 3404 1977 3404 1966 3405 1965 3405 1976 3405 1965 3406 1973 3406 1976 3406 1973 3407 1972 3407 1975 3407 1972 3408 1971 3408 1975 3408 1971 3409 1970 3409 1974 3409 1890 3410 1891 3410 1980 3410 1891 3411 1889 3411 1981 3411 1850 3412 1848 3412 1983 3412 1848 3413 1849 3413 1984 3413 1849 3414 1888 3414 1986 3414 1888 3415 1890 3415 1987 3415 1980 3416 1987 3416 1890 3416 1987 3417 1986 3417 1888 3417 1986 3418 1985 3418 1849 3418 1985 3419 1984 3419 1849 3419 1984 3420 1983 3420 1848 3420 1850 3421 1982 3421 1889 3421 1982 3422 1981 3422 1889 3422 1981 3423 1980 3423 1891 3423 1987 3424 1980 3424 1988 3424 1986 3425 1987 3425 1989 3425 1985 3426 1986 3426 1990 3426 1984 3427 1985 3427 1991 3427 1983 3428 1984 3428 1992 3428 1850 3429 1983 3429 1993 3429 1982 3430 1850 3430 1994 3430 1981 3431 1982 3431 1995 3431 1980 3432 1981 3432 1996 3432 1996 3433 1988 3433 1980 3433 1995 3434 1996 3434 1981 3434 1994 3435 1995 3435 1982 3435 1993 3436 1994 3436 1850 3436 1992 3437 1993 3437 1983 3437 1991 3438 1992 3438 1984 3438 1990 3439 1991 3439 1985 3439 1989 3440 1990 3440 1986 3440 1988 3441 1989 3441 1987 3441 1997 3442 1998 3442 1993 3442 1998 3443 1999 3443 1995 3443 1999 3444 2000 3444 1996 3444 2000 3445 2001 3445 1989 3445 2001 3446 2002 3446 1990 3446 2002 3447 1997 3447 1992 3447 1993 3448 1992 3448 1997 3448 1992 3449 1991 3449 2002 3449 1991 3450 1990 3450 2002 3450 1990 3451 1989 3451 2001 3451 1989 3452 1988 3452 2000 3452 1988 3453 1996 3453 2000 3453 1996 3454 1995 3454 1999 3454 1995 3455 1994 3455 1998 3455 1994 3456 1993 3456 1998 3456 1816 3457 1821 3457 2003 3457 1821 3458 1820 3458 2004 3458 1820 3459 1819 3459 2005 3459 1818 3460 1817 3460 2007 3460 1817 3461 1815 3461 2008 3461 1815 3462 1816 3462 2009 3462 2008 3463 2007 3463 1817 3463 1818 3464 2006 3464 1819 3464 2006 3465 2005 3465 1819 3465 2005 3466 2004 3466 1820 3466 2004 3467 2003 3467 1821 3467 2003 3468 2009 3468 1816 3468 1815 3469 2009 3469 2011 3469 2008 3470 1815 3470 2011 3470 2007 3471 2008 3471 2012 3471 1818 3472 2007 3472 2013 3472 2006 3473 1818 3473 2014 3473 2005 3474 2006 3474 2015 3474 2004 3475 2005 3475 2016 3475 2003 3476 2004 3476 2017 3476 2009 3477 2003 3477 2018 3477 2018 3478 2010 3478 2009 3478 2017 3479 2018 3479 2003 3479 2016 3480 2017 3480 2004 3480 2015 3481 2016 3481 2005 3481 2014 3482 2015 3482 2006 3482 2013 3483 2014 3483 1818 3483 2012 3484 2013 3484 2007 3484 2011 3485 2012 3485 2008 3485 2010 3486 2011 3486 2009 3486 2019 3487 2020 3487 2016 3487 2020 3488 2021 3488 2017 3488 2021 3489 2022 3489 2018 3489 2022 3490 2023 3490 2010 3490 2023 3491 2024 3491 2012 3491 2024 3492 2025 3492 2012 3492 2025 3493 2019 3493 2014 3493 2014 3494 2013 3494 2025 3494 2013 3495 2012 3495 2025 3495 2012 3496 2011 3496 2023 3496 2011 3497 2010 3497 2023 3497 2010 3498 2018 3498 2022 3498 2018 3499 2017 3499 2021 3499 2017 3500 2016 3500 2020 3500 2016 3501 2015 3501 2019 3501 2015 3502 2014 3502 2019 3502 1811 3503 1813 3503 2026 3503 1813 3504 1812 3504 2028 3504 1812 3505 1814 3505 2029 3505 1814 3506 1810 3506 2031 3506 1810 3507 1809 3507 2032 3507 1809 3508 1811 3508 2033 3508 2026 3509 2033 3509 1811 3509 2033 3510 2032 3510 1809 3510 2032 3511 2031 3511 1810 3511 2031 3512 2030 3512 1814 3512 2030 3513 2029 3513 1814 3513 2029 3514 2028 3514 1812 3514 2028 3515 2027 3515 1813 3515 2027 3516 2026 3516 1813 3516 2033 3517 2026 3517 2034 3517 2032 3518 2033 3518 2035 3518 2031 3519 2032 3519 2036 3519 2030 3520 2031 3520 2037 3520 2029 3521 2030 3521 2038 3521 2028 3522 2029 3522 2039 3522 2027 3523 2028 3523 2040 3523 2026 3524 2027 3524 2041 3524 2041 3525 2034 3525 2026 3525 2040 3526 2041 3526 2027 3526 2039 3527 2040 3527 2028 3527 2038 3528 2039 3528 2029 3528 2037 3529 2038 3529 2030 3529 2036 3530 2037 3530 2031 3530 2035 3531 2036 3531 2032 3531 2034 3532 2035 3532 2033 3532 2042 3533 2043 3533 2039 3533 2043 3534 2044 3534 2040 3534 2044 3535 2045 3535 2034 3535 2045 3536 2046 3536 2035 3536 2046 3537 2047 3537 2036 3537 2047 3538 2038 3538 2037 3538 2037 3539 2036 3539 2047 3539 2036 3540 2035 3540 2046 3540 2035 3541 2034 3541 2045 3541 2034 3542 2041 3542 2044 3542 2041 3543 2040 3543 2044 3543 2040 3544 2039 3544 2043 3544 2039 3545 2038 3545 2042 3545 1864 3546 1866 3546 2056 3546 1866 3547 1865 3547 2049 3547 1865 3548 1808 3548 2050 3548 1808 3549 1807 3549 2052 3549 1807 3550 1843 3550 2053 3550 1843 3551 1863 3551 2054 3551 1863 3552 1864 3552 2056 3552 2056 3553 2055 3553 1863 3553 2055 3554 2054 3554 1863 3554 2054 3555 2053 3555 1843 3555 2053 3556 2052 3556 1807 3556 2052 3557 2051 3557 1808 3557 2051 3558 2050 3558 1808 3558 2050 3559 2049 3559 1865 3559 2049 3560 2048 3560 1866 3560 2048 3561 2056 3561 1866 3561 2055 3562 2056 3562 2057 3562 2054 3563 2055 3563 2057 3563 2053 3564 2054 3564 2058 3564 2052 3565 2053 3565 2059 3565 2051 3566 2052 3566 2060 3566 2050 3567 2051 3567 2061 3567 2049 3568 2050 3568 2062 3568 2048 3569 2049 3569 2063 3569 2056 3570 2048 3570 2064 3570 2063 3571 2064 3571 2048 3571 2062 3572 2063 3572 2049 3572 2061 3573 2062 3573 2050 3573 2060 3574 2061 3574 2051 3574 2059 3575 2060 3575 2052 3575 2058 3576 2059 3576 2053 3576 2057 3577 2058 3577 2054 3577 2064 3578 2057 3578 2056 3578 2065 3579 2066 3579 2061 3579 2066 3580 2067 3580 2062 3580 2067 3581 2068 3581 2064 3581 2068 3582 2069 3582 2057 3582 2069 3583 2070 3583 2058 3583 2070 3584 2065 3584 2060 3584 2060 3585 2059 3585 2070 3585 2059 3586 2058 3586 2070 3586 2058 3587 2057 3587 2069 3587 2057 3588 2064 3588 2068 3588 2064 3589 2063 3589 2067 3589 2063 3590 2062 3590 2067 3590 2062 3591 2061 3591 2066 3591 2061 3592 2060 3592 2065 3592 1777 3593 1806 3593 2071 3593 1806 3594 1867 3594 2073 3594 1867 3595 1804 3595 2075 3595 1804 3596 1841 3596 2076 3596 1841 3597 1840 3597 2078 3597 1840 3598 1777 3598 2079 3598 2071 3599 2079 3599 1777 3599 2079 3600 2078 3600 1840 3600 2078 3601 2077 3601 1841 3601 2077 3602 2076 3602 1841 3602 2076 3603 2075 3603 1804 3603 2075 3604 2074 3604 1867 3604 2074 3605 2073 3605 1867 3605 2073 3606 2072 3606 1806 3606 2072 3607 2071 3607 1806 3607 2079 3608 2071 3608 2080 3608 2078 3609 2079 3609 2081 3609 2077 3610 2078 3610 2082 3610 2076 3611 2077 3611 2083 3611 2075 3612 2076 3612 2084 3612 2074 3613 2075 3613 2085 3613 2073 3614 2074 3614 2085 3614 2072 3615 2073 3615 2086 3615 2071 3616 2072 3616 2087 3616 2087 3617 2080 3617 2071 3617 2086 3618 2087 3618 2072 3618 2085 3619 2086 3619 2073 3619 2084 3620 2085 3620 2075 3620 2083 3621 2084 3621 2076 3621 2082 3622 2083 3622 2077 3622 2081 3623 2082 3623 2078 3623 2080 3624 2081 3624 2079 3624 2088 3625 2089 3625 2084 3625 2089 3626 2090 3626 2085 3626 2090 3627 2091 3627 2087 3627 2091 3628 2092 3628 2081 3628 2092 3629 2093 3629 2081 3629 2093 3630 2094 3630 2083 3630 2094 3631 2088 3631 2084 3631 2084 3632 2083 3632 2094 3632 2083 3633 2082 3633 2093 3633 2082 3634 2081 3634 2093 3634 2081 3635 2080 3635 2091 3635 2080 3636 2087 3636 2091 3636 2087 3637 2086 3637 2090 3637 2086 3638 2085 3638 2090 3638 2085 3639 2084 3639 2089 3639 1802 3640 1857 3640 2096 3640 1857 3641 1797 3641 2097 3641 1797 3642 1794 3642 2099 3642 1794 3643 1795 3643 2100 3643 1795 3644 1801 3644 2102 3644 1801 3645 1802 3645 2103 3645 2103 3646 2102 3646 1801 3646 2102 3647 2101 3647 1795 3647 2101 3648 2100 3648 1795 3648 2100 3649 2099 3649 1794 3649 2099 3650 2098 3650 1797 3650 2098 3651 2097 3651 1797 3651 2097 3652 2096 3652 1857 3652 2096 3653 2095 3653 1802 3653 2095 3654 2103 3654 1802 3654 2102 3655 2103 3655 2105 3655 2101 3656 2102 3656 2106 3656 2100 3657 2101 3657 2107 3657 2099 3658 2100 3658 2108 3658 2098 3659 2099 3659 2109 3659 2097 3660 2098 3660 2110 3660 2096 3661 2097 3661 2111 3661 2095 3662 2096 3662 2113 3662 2103 3663 2095 3663 2104 3663 2113 3664 2104 3664 2095 3664 2112 3665 2113 3665 2096 3665 2111 3666 2112 3666 2096 3666 2110 3667 2111 3667 2097 3667 2109 3668 2110 3668 2098 3668 2108 3669 2109 3669 2099 3669 2107 3670 2108 3670 2100 3670 2106 3671 2107 3671 2101 3671 2105 3672 2106 3672 2102 3672 2104 3673 2105 3673 2103 3673 2114 3674 2115 3674 2111 3674 2115 3675 2116 3675 2113 3675 2116 3676 2105 3676 2104 3676 2117 3677 2118 3677 2107 3677 2118 3678 2114 3678 2109 3678 2109 3679 2108 3679 2118 3679 2108 3680 2107 3680 2118 3680 2107 3681 2106 3681 2117 3681 2106 3682 2105 3682 2117 3682 2104 3683 2113 3683 2116 3683 2113 3684 2112 3684 2115 3684 2112 3685 2111 3685 2115 3685 2111 3686 2110 3686 2114 3686 2110 3687 2109 3687 2114 3687 1871 3688 1868 3688 2119 3688 1868 3689 1872 3689 2120 3689 1872 3690 1873 3690 2122 3690 1873 3691 1869 3691 2123 3691 1869 3692 1870 3692 2125 3692 1870 3693 1871 3693 2126 3693 2126 3694 2125 3694 1870 3694 2125 3695 2124 3695 1869 3695 2124 3696 2123 3696 1869 3696 2123 3697 2122 3697 1873 3697 2122 3698 2121 3698 1872 3698 2121 3699 2120 3699 1872 3699 2120 3700 2119 3700 1868 3700 2119 3701 2126 3701 1871 3701 2125 3702 2126 3702 2128 3702 2124 3703 2125 3703 2129 3703 2123 3704 2124 3704 2131 3704 2122 3705 2123 3705 2132 3705 2121 3706 2122 3706 2133 3706 2120 3707 2121 3707 2134 3707 2119 3708 2120 3708 2135 3708 2126 3709 2119 3709 2127 3709 2135 3710 2127 3710 2119 3710 2134 3711 2135 3711 2120 3711 2133 3712 2134 3712 2121 3712 2132 3713 2133 3713 2122 3713 2131 3714 2132 3714 2123 3714 2130 3715 2131 3715 2124 3715 2129 3716 2130 3716 2124 3716 2128 3717 2129 3717 2125 3717 2127 3718 2128 3718 2126 3718 2132 3719 2136 3719 2133 3719 2136 3720 2137 3720 2134 3720 2137 3721 2138 3721 2127 3721 2138 3722 2139 3722 2128 3722 2139 3723 2140 3723 2130 3723 2132 3724 2131 3724 2140 3724 2131 3725 2130 3725 2140 3725 2130 3726 2129 3726 2139 3726 2129 3727 2128 3727 2139 3727 2128 3728 2127 3728 2138 3728 2127 3729 2135 3729 2137 3729 2135 3730 2134 3730 2137 3730 2134 3731 2133 3731 2136 3731 1798 3732 1793 3732 2141 3732 1793 3733 1791 3733 2142 3733 1886 3734 1887 3734 2144 3734 1799 3735 1796 3735 2145 3735 2146 3736 1796 3736 1798 3736 2145 3737 1887 3737 1799 3737 1886 3738 2143 3738 1791 3738 2143 3739 2142 3739 1791 3739 2142 3740 2141 3740 1793 3740 2141 3741 2146 3741 1798 3741 1796 3742 2146 3742 2147 3742 2145 3743 1796 3743 2148 3743 1887 3744 2145 3744 2149 3744 2144 3745 1887 3745 2149 3745 1886 3746 2144 3746 2150 3746 2143 3747 1886 3747 2151 3747 2142 3748 2143 3748 2152 3748 2141 3749 2142 3749 2153 3749 2146 3750 2141 3750 2154 3750 2154 3751 2147 3751 2146 3751 2153 3752 2154 3752 2141 3752 2152 3753 2153 3753 2142 3753 2151 3754 2152 3754 2143 3754 2150 3755 2151 3755 1886 3755 2149 3756 2150 3756 2144 3756 2148 3757 2149 3757 2145 3757 2147 3758 2148 3758 1796 3758 2155 3759 2156 3759 2151 3759 2156 3760 2153 3760 2152 3760 2157 3761 2158 3761 2147 3761 2158 3762 2159 3762 2147 3762 2159 3763 2160 3763 2148 3763 2160 3764 2161 3764 2149 3764 2161 3765 2155 3765 2150 3765 2150 3766 2149 3766 2161 3766 2149 3767 2148 3767 2160 3767 2148 3768 2147 3768 2159 3768 2147 3769 2154 3769 2157 3769 2154 3770 2153 3770 2157 3770 2152 3771 2151 3771 2156 3771 2151 3772 2150 3772 2155 3772 1875 3773 1874 3773 2162 3773 1874 3774 1876 3774 2164 3774 1876 3775 1877 3775 2164 3775 1877 3776 1878 3776 2166 3776 1879 3777 1880 3777 2168 3777 1880 3778 1875 3778 2162 3778 2162 3779 2169 3779 1880 3779 2169 3780 2168 3780 1880 3780 1879 3781 2167 3781 1878 3781 2167 3782 2166 3782 1878 3782 2166 3783 2165 3783 1877 3783 2165 3784 2164 3784 1877 3784 2164 3785 2163 3785 1874 3785 2163 3786 2162 3786 1874 3786 2169 3787 2162 3787 2170 3787 2168 3788 2169 3788 2171 3788 1879 3789 2168 3789 2172 3789 2167 3790 1879 3790 2173 3790 2166 3791 2167 3791 2174 3791 2165 3792 2166 3792 2174 3792 2164 3793 2165 3793 2175 3793 2163 3794 2164 3794 2176 3794 2162 3795 2163 3795 2177 3795 2177 3796 2170 3796 2162 3796 2176 3797 2177 3797 2163 3797 2175 3798 2176 3798 2164 3798 2174 3799 2175 3799 2165 3799 2173 3800 2174 3800 2167 3800 2172 3801 2173 3801 1879 3801 2171 3802 2172 3802 2168 3802 2170 3803 2171 3803 2169 3803 2183 3804 2178 3804 2175 3804 2178 3805 2179 3805 2176 3805 2179 3806 2180 3806 2177 3806 2180 3807 2181 3807 2170 3807 2181 3808 2182 3808 2172 3808 2182 3809 2183 3809 2173 3809 2174 3810 2173 3810 2183 3810 2173 3811 2172 3811 2182 3811 2172 3812 2171 3812 2181 3812 2171 3813 2170 3813 2181 3813 2170 3814 2177 3814 2180 3814 2177 3815 2176 3815 2179 3815 2176 3816 2175 3816 2178 3816 2175 3817 2174 3817 2183 3817 1788 3818 1790 3818 2184 3818 1790 3819 1789 3819 2185 3819 1789 3820 1884 3820 2186 3820 1885 3821 1787 3821 2188 3821 1787 3822 1786 3822 2190 3822 1786 3823 1788 3823 2191 3823 2191 3824 2190 3824 1786 3824 2190 3825 2189 3825 1787 3825 2189 3826 2188 3826 1787 3826 2188 3827 2187 3827 1885 3827 2187 3828 1884 3828 1885 3828 2186 3829 2185 3829 1789 3829 2185 3830 2184 3830 1790 3830 2184 3831 2191 3831 1788 3831 2190 3832 2191 3832 2193 3832 2189 3833 2190 3833 2194 3833 2188 3834 2189 3834 2195 3834 2187 3835 2188 3835 2196 3835 1884 3836 2187 3836 2196 3836 2186 3837 1884 3837 2197 3837 2185 3838 2186 3838 2198 3838 2184 3839 2185 3839 2199 3839 2191 3840 2184 3840 2192 3840 2200 3841 2192 3841 2184 3841 2199 3842 2200 3842 2184 3842 2198 3843 2199 3843 2185 3843 2197 3844 2198 3844 2186 3844 2196 3845 2197 3845 1884 3845 2195 3846 2196 3846 2188 3846 2194 3847 2195 3847 2189 3847 2193 3848 2194 3848 2190 3848 2192 3849 2193 3849 2191 3849 2201 3850 2202 3850 2197 3850 2202 3851 2203 3851 2199 3851 2203 3852 2204 3852 2200 3852 2204 3853 2205 3853 2193 3853 2205 3854 2206 3854 2195 3854 2206 3855 2201 3855 2196 3855 2196 3856 2195 3856 2206 3856 2195 3857 2194 3857 2205 3857 2194 3858 2193 3858 2205 3858 2193 3859 2192 3859 2204 3859 2192 3860 2200 3860 2204 3860 2200 3861 2199 3861 2203 3861 2199 3862 2198 3862 2202 3862 2198 3863 2197 3863 2202 3863 2197 3864 2196 3864 2201 3864 2117 3865 1935 3865 1765 3865 1956 3866 2207 3866 1760 3866 1979 3867 1897 3867 1898 3867 2002 3868 1898 3868 1899 3868 1918 3869 1998 3869 1900 3869 1998 3870 1899 3870 1900 3870 1918 3871 1900 3871 1901 3871 1905 3872 2088 3872 1904 3872 2088 3873 1903 3873 1904 3873 1906 3874 1953 3874 1905 3874 1908 3875 1893 3875 2210 3875 1924 3876 1923 3876 1998 3876 1924 3877 1998 3877 1918 3877 1901 3878 1753 3878 1920 3878 1920 3879 1919 3879 1901 3879 1901 3880 1919 3880 1918 3880 1753 3881 1921 3881 1920 3881 2117 3882 1895 3882 1936 3882 1895 3883 1896 3883 1937 3883 1936 3884 1935 3884 2117 3884 1937 3885 1936 3885 1895 3885 1954 3886 1906 3886 1907 3886 1907 3887 1955 3887 1954 3887 2207 3888 1956 3888 1955 3888 1955 3889 1907 3889 2207 3889 1769 3890 1979 3890 1978 3890 1770 3891 1978 3891 1977 3891 1978 3892 1770 3892 1769 3892 1770 3893 1977 3893 1976 3893 1898 3894 1975 3894 1974 3894 1898 3895 2002 3895 1975 3895 2002 3896 1976 3896 1975 3896 2002 3897 1770 3897 1976 3897 1979 3898 1898 3898 1974 3898 1923 3899 2000 3899 1999 3899 1999 3900 1998 3900 1923 3900 1923 3901 1771 3901 2000 3901 1771 3902 2001 3902 2000 3902 1771 3903 2002 3903 2001 3903 1899 3904 1998 3904 1997 3904 1997 3905 2002 3905 1899 3905 1769 3906 2023 3906 2022 3906 1897 3907 1979 3907 2020 3907 1979 3908 2021 3908 2020 3908 1979 3909 1769 3909 2021 3909 2208 3910 1897 3910 2019 3910 1897 3911 2020 3911 2019 3911 2019 3912 2025 3912 2208 3912 2208 3913 1766 3913 2046 3913 1766 3914 2047 3914 2046 3914 2208 3915 2046 3915 2045 3915 1938 3916 2043 3916 2042 3916 1897 3917 2208 3917 2044 3917 2043 3918 1938 3918 1897 3918 2208 3919 2045 3919 2044 3919 1938 3920 2042 3920 2038 3920 1897 3921 2044 3921 2043 3921 2038 3922 1766 3922 1938 3922 1901 3923 2065 3923 2070 3923 2065 3924 1901 3924 1902 3924 1753 3925 2069 3925 2068 3925 1753 3926 1901 3926 2070 3926 2070 3927 2069 3927 1753 3927 2068 3928 2067 3928 1754 3928 2068 3929 1754 3929 1753 3929 1902 3930 2066 3930 2065 3930 1903 3931 2094 3931 2093 3931 1903 3932 2088 3932 2094 3932 2093 3933 2066 3933 1903 3933 2093 3934 2092 3934 2066 3934 1754 3935 2092 3935 2091 3935 1895 3936 2117 3936 2105 3936 1765 3937 2118 3937 2117 3937 2115 3938 1892 3938 1894 3938 1895 3939 2105 3939 2116 3939 2116 3940 2115 3940 1894 3940 2116 3941 1894 3941 1895 3941 1907 3942 1908 3942 2211 3942 2210 3943 2209 3943 1908 3943 2209 3944 2211 3944 1908 3944 2212 3945 1760 3945 2207 3945 2211 3946 2207 3946 1907 3946 1763 3947 2206 3947 2205 3947 2210 3948 1893 3948 2204 3948 2205 3949 1893 3949 1763 3949 2205 3950 2204 3950 1893 3950 2201 3951 1763 3951 1762 3951 2201 3952 2206 3952 1763 3952 1761 3953 2210 3953 2203 3953 2203 3954 2202 3954 1761 3954 2210 3955 2204 3955 2203 3955 2202 3956 1762 3956 1761 3956 2213 3957 2210 3957 1761 3957 1761 3958 1760 3958 2214 3958 2212 3959 2214 3959 1760 3959 1759 3960 1952 3960 1951 3960 1760 3961 1951 3961 1950 3961 1758 3962 1953 3962 1952 3962 1951 3963 1760 3963 1759 3963 1759 3964 1758 3964 1952 3964 1905 3965 1953 3965 2182 3965 1757 3966 1905 3966 2181 3966 1953 3967 2183 3967 2182 3967 1758 3968 1757 3968 2179 3968 1758 3969 2178 3969 2183 3969 1758 3970 2179 3970 2178 3970 1757 3971 2180 3971 2179 3971 2181 3972 2180 3972 1757 3972 1905 3973 2182 3973 2181 3973 1756 3974 2088 3974 2138 3974 1756 3975 2138 3975 2137 3975 2088 3976 2139 3976 2138 3976 1757 3977 2137 3977 2136 3977 2140 3978 2088 3978 1905 3978 1757 3979 2136 3979 2132 3979 2137 3980 1757 3980 1756 3980 2140 3981 2139 3981 2088 3981 1905 3982 2132 3982 2140 3982 1756 3983 1755 3983 2090 3983 1756 3984 2090 3984 2089 3984 1755 3985 1754 3985 2090 3985 1753 3986 1752 3986 1921 3986 1923 3987 1922 3987 1752 3987 1923 3988 1752 3988 1771 3988 2208 3989 2025 3989 2024 3989 1768 3990 2024 3990 2023 3990 2024 3991 1768 3991 2208 3991 1766 3992 1939 3992 1938 3992 1766 3993 1940 3993 1939 3993 1766 3994 1765 3994 1940 3994 1934 3995 1940 3995 1765 3995 1764 3996 2114 3996 2118 3996 2118 3997 1765 3997 1764 3997 2114 3998 1764 3998 2160 3998 2160 3999 2159 3999 2115 3999 1764 4000 2161 4000 2160 4000 1892 4001 2115 4001 2158 4001 2159 4002 2158 4002 2115 4002 2115 4003 2114 4003 2160 4003 1764 4004 1763 4004 2161 4004 1763 4005 2155 4005 2161 4005 1763 4006 1893 4006 2153 4006 2153 4007 2156 4007 1763 4007 1763 4008 2156 4008 2155 4008 1892 4009 2158 4009 2157 4009 2157 4010 1893 4010 1892 4010 2157 4011 2153 4011 1893 4011 1767 122 1766 122 2208 122 2023 4012 1769 4012 1768 4012 1922 4013 1921 4013 1752 4013 2089 4014 2088 4014 1756 4014 2132 4015 1905 4015 1757 4015 2183 4016 1953 4016 1758 4016 1956 4017 1760 4017 1950 4017 2214 4018 2213 4018 1761 4018 2202 4019 2201 4019 1762 4019 2091 4020 2090 4020 1754 4020 2092 4021 1754 4021 2066 4021 2067 4022 2066 4022 1754 4022 2038 4023 2047 4023 1766 4023 2022 4024 2021 4024 1769 4024 1953 4025 1906 4025 1954 4025 1934 4026 1765 4026 1935 4026 1938 4027 1937 4027 1896 4027 1902 4028 1903 4028 2066 4028 1770 4029 2002 4029 1771 4029 1938 4030 1896 4030 1897 4030 2213 4031 2214 4031 2215 4031 2212 4032 2207 4032 2217 4032 2207 4033 2211 4033 2217 4033 2211 4034 2209 4034 2219 4034 2209 4035 2210 4035 2220 4035 2210 4036 2213 4036 2221 4036 2215 4037 2221 4037 2213 4037 2221 4038 2220 4038 2210 4038 2220 4039 2219 4039 2209 4039 2219 4040 2218 4040 2211 4040 2218 4041 2217 4041 2211 4041 2217 4042 2216 4042 2212 4042 2216 4043 2214 4043 2212 4043 1831 4044 2222 4044 2218 4044 2223 4045 1831 4045 2219 4045 2224 4046 2223 4046 2220 4046 2225 4047 2224 4047 2221 4047 2226 4048 2225 4048 2221 4048 2227 4049 2226 4049 2215 4049 2228 4050 2227 4050 2214 4050 2229 4051 2228 4051 2216 4051 2222 4052 2229 4052 2217 4052 2217 4053 2218 4053 2222 4053 2216 4054 2217 4054 2229 4054 2214 4055 2216 4055 2228 4055 2215 4056 2214 4056 2227 4056 2221 4057 2215 4057 2226 4057 2220 4058 2221 4058 2224 4058 2219 4059 2220 4059 2223 4059 2218 4060 2219 4060 1831 4060 1785 4061 1779 4061 2229 4061 1779 4062 1783 4062 2228 4062 1783 4063 1782 4063 2227 4063 1782 4064 1780 4064 2225 4064 1780 4065 1781 4065 2224 4065 1831 4066 1785 4066 2222 4066 1831 4067 2223 4067 1781 4067 2223 4068 2224 4068 1781 4068 2224 4069 2225 4069 1780 4069 2225 4070 2226 4070 1782 4070 2226 4071 2227 4071 1782 4071 2227 4072 2228 4072 1783 4072 2228 4073 2229 4073 1779 4073 2229 4074 2222 4074 1785 4074 2230 4075 2231 4075 2235 4075 2230 4076 2232 4076 2231 4076 2230 4077 2233 4077 2232 4077 2230 4078 2234 4078 2233 4078 2230 4079 2235 4079 2234 4079 2232 4080 2233 4080 2236 4080 2231 4081 2232 4081 2237 4081 2235 4082 2231 4082 2238 4082 2234 4083 2235 4083 2240 4083 2233 4084 2234 4084 2242 4084 2242 4085 2236 4085 2233 4085 2241 4086 2242 4086 2234 4086 2240 4087 2241 4087 2234 4087 2239 4088 2240 4088 2235 4088 2238 4089 2239 4089 2235 4089 2237 4090 2238 4090 2231 4090 2236 4091 2237 4091 2232 4091 505 4092 502 4092 2239 4092 502 4093 499 4093 2240 4093 499 4094 500 4094 2240 4094 500 4095 518 4095 2240 4095 518 4096 532 4096 2241 4096 532 4097 533 4097 2241 4097 533 4098 514 4098 2242 4098 514 4099 522 4099 2242 4099 522 4100 523 4100 2242 4100 523 4101 530 4101 2236 4101 530 4102 531 4102 2236 4102 531 4103 537 4103 2237 4103 510 4104 508 4104 2238 4104 508 4105 509 4105 2238 4105 509 4106 505 4106 2239 4106 2237 4107 537 4107 2243 4107 2243 4108 2238 4108 2237 4108 2243 4109 510 4109 2238 4109 2239 4110 2238 4110 509 4110 2237 4111 2236 4111 531 4111 2236 4112 2242 4112 523 4112 2242 4113 2241 4113 533 4113 2241 4114 2240 4114 518 4114 2240 4115 2239 4115 502 4115 502 4116 505 4116 2244 4116 2247 4117 523 4117 522 4117 499 4118 2249 4118 2250 4118 2245 4119 2251 4119 2246 4119 520 4120 527 4120 2252 4120 522 4121 2248 4121 2247 4121 2249 4122 499 4122 502 4122 2249 4123 2246 4123 2250 4123 2253 4124 533 4124 532 4124 500 4125 2250 4125 2254 4125 2254 4126 532 4126 518 4126 2251 4127 2245 4127 520 4127 2252 4128 2251 4128 520 4128 528 4129 524 4129 2256 4129 2247 4130 530 4130 523 4130 505 4131 509 4131 2257 4131 2250 4132 500 4132 499 4132 2249 4133 2245 4133 2246 4133 532 4134 2254 4134 2253 4134 527 4135 526 4135 2252 4135 503 4136 2245 4136 2255 4136 504 4137 2255 4137 2258 4137 524 4138 511 4138 2259 4138 2256 4139 2260 4139 528 4139 529 4140 528 4140 2260 4140 514 4141 533 4141 2253 4141 529 4142 2248 4142 2252 4142 2247 4143 531 4143 530 4143 2257 4144 2244 4144 505 4144 2254 4145 518 4145 500 4145 2245 4146 506 4146 520 4146 2255 4147 504 4147 503 4147 2258 4148 519 4148 513 4148 2258 4149 2261 4149 525 4149 2260 4150 2247 4150 529 4150 2248 4151 522 4151 514 4151 2248 4152 529 4152 2247 4152 508 4153 510 4153 2257 4153 2244 4154 2249 4154 502 4154 2245 4155 503 4155 506 4155 2258 4156 525 4156 519 4156 526 4157 529 4157 2252 4157 2258 4158 513 4158 504 4158 2253 4159 2248 4159 514 4159 511 4160 516 4160 2259 4160 509 4161 508 4161 2257 4161 2259 4162 2256 4162 524 4162 2259 4163 535 4163 534 4163 2247 4164 2243 4164 537 4164 516 4165 535 4165 2259 4165 537 4166 531 4166 2247 4166 510 4167 2243 4167 2257 4167 534 4168 2261 4168 2259 4168 2262 4169 2260 4169 2256 4169 2264 4170 2258 4170 2255 4170 2265 4171 2255 4171 2245 4171 2266 4172 2245 4172 2249 4172 2267 4173 2244 4173 2257 4173 2268 4174 2247 4174 2260 4174 2269 4175 2257 4175 2243 4175 2268 4176 2269 4176 2243 4176 2270 4177 2259 4177 2261 4177 2261 4178 2264 4178 2270 4178 2261 4179 2258 4179 2264 4179 2243 4180 2247 4180 2268 4180 2260 4181 2262 4181 2268 4181 2244 4182 2267 4182 2249 4182 2245 4183 2266 4183 2265 4183 2255 4184 2265 4184 2264 4184 2259 4185 2270 4185 2263 4185 2259 4186 2263 4186 2256 4186 504 4187 513 4187 2275 4187 513 4188 519 4188 2271 4188 519 4189 525 4189 2271 4189 534 4190 535 4190 2272 4190 535 4191 516 4191 2272 4191 516 4192 511 4192 2272 4192 511 4193 524 4193 2273 4193 524 4194 528 4194 2273 4194 528 4195 529 4195 2273 4195 529 4196 526 4196 2273 4196 526 4197 527 4197 2274 4197 527 4198 520 4198 2274 4198 520 4199 506 4199 2275 4199 506 4200 503 4200 2275 4200 503 4201 504 4201 2275 4201 2271 4202 525 4202 2261 4202 2272 4203 2276 4203 2261 4203 2261 4204 534 4204 2272 4204 2261 4205 2276 4205 2271 4205 2275 4206 2274 4206 520 4206 2274 4207 2273 4207 526 4207 2273 4208 2272 4208 511 4208 2271 4209 2275 4209 513 4209 397 4210 2262 4210 2256 4210 393 4211 2256 4211 2263 4211 394 4212 2263 4212 2270 4212 399 4213 2270 4213 2264 4213 401 4214 2264 4214 2265 4214 387 4215 2265 4215 2266 4215 382 4216 2266 4216 2249 4216 384 4217 2249 4217 2267 4217 386 4218 2267 4218 2257 4218 389 4219 2257 4219 2269 4219 396 4220 2269 4220 2268 4220 390 4221 2268 4221 2262 4221 2262 4222 397 4222 392 4222 2262 4223 392 4223 390 4223 2268 4224 390 4224 391 4224 2268 4225 391 4225 396 4225 2269 4226 396 4226 395 4226 2269 4227 395 4227 389 4227 2257 4228 389 4228 386 4228 2267 4229 386 4229 385 4229 2267 4230 385 4230 384 4230 2249 4231 384 4231 382 4231 2266 4232 382 4232 383 4232 2266 4233 383 4233 387 4233 2265 4234 387 4234 388 4234 2265 4235 388 4235 401 4235 2264 4236 401 4236 400 4236 2264 4237 400 4237 399 4237 2270 4238 399 4238 398 4238 2270 4239 398 4239 394 4239 2263 4240 394 4240 393 4240 2256 4241 393 4241 397 4241 2278 1054 401 1054 388 1054 2279 4242 398 4242 399 4242 388 4243 2277 4243 2278 4243 2280 4244 400 4244 401 4244 2280 4245 399 4245 400 4245 399 4246 2280 4246 2279 4246 2281 4247 2282 4247 396 4247 401 4248 2278 4248 2280 4248 2283 4249 391 4249 390 4249 391 4250 2283 4250 2281 4250 2282 4251 2284 4251 389 4251 2284 4252 2285 4252 386 4252 2279 4253 2287 4253 394 4253 396 1054 391 1054 2281 1054 386 1054 389 1054 2284 1054 2285 4254 385 4254 386 4254 382 4255 2288 4255 2286 4255 2286 4256 2277 4256 387 4256 394 4257 398 4257 2279 4257 2289 4258 392 4258 397 4258 2283 4259 390 4259 392 4259 395 4260 396 4260 2282 4260 387 4261 383 4261 2286 4261 393 4262 394 4262 2287 4262 2287 4263 2289 4263 397 4263 392 4264 2289 4264 2283 4264 389 4265 395 4265 2282 4265 2288 4266 384 4266 385 4266 388 4267 387 4267 2277 4267 385 4268 2285 4268 2288 4268 2288 4269 382 4269 384 4269 397 4270 393 4270 2287 4270 383 4271 382 4271 2286 4271 2290 4272 2289 4272 2287 4272 2292 4273 2287 4273 2279 4273 2294 4274 2279 4274 2280 4274 2296 4275 2280 4275 2278 4275 2297 4276 2278 4276 2277 4276 2299 4277 2277 4277 2286 4277 2301 4278 2286 4278 2288 4278 2303 4279 2288 4279 2285 4279 2305 4280 2285 4280 2284 4280 2306 4281 2284 4281 2282 4281 2308 4282 2282 4282 2281 4282 2309 4283 2281 4283 2283 4283 2311 4284 2283 4284 2289 4284 2289 4285 2290 4285 2312 4285 2289 4286 2312 4286 2311 4286 2283 4287 2311 4287 2310 4287 2283 4288 2310 4288 2309 4288 2281 4289 2309 4289 2308 4289 2282 4290 2308 4290 2307 4290 2282 4291 2307 4291 2306 4291 2284 4292 2306 4292 2305 4292 2285 4293 2305 4293 2304 4293 2285 4294 2304 4294 2303 4294 2288 4295 2303 4295 2302 4295 2288 4296 2302 4296 2301 4296 2286 4297 2301 4297 2300 4297 2286 4298 2300 4298 2299 4298 2277 4299 2299 4299 2298 4299 2277 4300 2298 4300 2297 4300 2278 4301 2297 4301 2296 4301 2280 4302 2296 4302 2295 4302 2280 4303 2295 4303 2294 4303 2279 4304 2294 4304 2293 4304 2279 4305 2293 4305 2292 4305 2287 4306 2292 4306 2291 4306 2287 4307 2291 4307 2290 4307 2300 4308 2301 4308 2313 4308 2296 4309 2297 4309 2314 4309 2313 4310 2301 4310 2302 4310 2303 4311 2315 4311 2313 4311 2295 4312 2314 4312 2316 4312 2314 4313 2295 4313 2296 4313 2298 4314 2299 4314 2317 4314 2299 4315 2300 4315 2317 4315 2313 4316 2302 4316 2303 4316 2291 4317 2319 4317 2320 4317 2315 4318 2303 4318 2304 4318 2305 4319 2321 4319 2315 4319 2306 4320 2318 4320 2321 4320 2318 4321 2306 4321 2307 4321 2308 4322 2309 4322 2322 4322 2309 4323 2310 4323 2323 4323 2310 4324 2311 4324 2323 4324 2319 4325 2291 4325 2292 4325 2293 4326 2316 4326 2319 4326 2316 4327 2294 4327 2295 4327 2297 4328 2298 4328 2324 4328 2313 4329 2317 4329 2300 4329 2321 4330 2305 4330 2306 4330 2322 4331 2318 4331 2308 4331 2319 4332 2292 4332 2293 4332 2324 4333 2314 4333 2297 4333 2315 4334 2304 4334 2305 4334 2323 4335 2322 4335 2309 4335 2316 4336 2293 4336 2294 4336 2307 4337 2308 4337 2318 4337 2311 4338 2312 4338 2320 4338 2312 4339 2290 4339 2320 4339 2317 4340 2324 4340 2298 4340 2320 4341 2323 4341 2311 4341 2320 4342 2290 4342 2291 4342 2325 4343 2320 4343 2319 4343 2327 4344 2319 4344 2316 4344 2329 4345 2316 4345 2314 4345 2331 4346 2314 4346 2324 4346 2332 4347 2324 4347 2317 4347 2334 4348 2317 4348 2313 4348 2336 4349 2313 4349 2315 4349 2338 4350 2315 4350 2321 4350 2339 4351 2321 4351 2318 4351 2341 4352 2318 4352 2322 4352 2342 4353 2322 4353 2323 4353 2344 4354 2323 4354 2320 4354 2320 4355 2325 4355 2345 4355 2320 4356 2345 4356 2344 4356 2323 4357 2344 4357 2343 4357 2323 4358 2343 4358 2342 4358 2322 4359 2342 4359 2341 4359 2318 4360 2341 4360 2340 4360 2318 4361 2340 4361 2339 4361 2321 4362 2339 4362 2338 4362 2315 4363 2338 4363 2337 4363 2315 4364 2337 4364 2336 4364 2313 4365 2336 4365 2335 4365 2313 4366 2335 4366 2334 4366 2317 4367 2334 4367 2333 4367 2317 4368 2333 4368 2332 4368 2324 4369 2332 4369 2331 4369 2314 4370 2331 4370 2330 4370 2314 4371 2330 4371 2329 4371 2316 4372 2329 4372 2328 4372 2316 4373 2328 4373 2327 4373 2319 4374 2327 4374 2326 4374 2319 4375 2326 4375 2325 4375 2325 4376 2326 4376 2346 4376 2326 4377 2327 4377 2347 4377 2328 4378 2348 4378 2347 4378 2347 4379 2327 4379 2328 4379 2348 4380 2328 4380 2329 4380 2330 4381 2349 4381 2348 4381 2348 4382 2329 4382 2330 4382 2349 4383 2330 4383 2331 4383 2350 4384 2331 4384 2332 4384 2332 4385 2333 4385 2350 4385 2333 4386 2351 4386 2350 4386 2333 4387 2334 4387 2351 4387 2334 4388 2335 4388 2351 4388 2335 4389 2352 4389 2351 4389 2336 4390 2353 4390 2352 4390 2352 4391 2335 4391 2336 4391 2353 4392 2336 4392 2337 4392 2354 4393 2337 4393 2338 4393 2355 4394 2338 4394 2339 4394 2340 4395 2356 4395 2355 4395 2355 4396 2339 4396 2340 4396 2341 4397 2357 4397 2356 4397 2356 4398 2340 4398 2341 4398 2357 4399 2341 4399 2342 4399 2342 4400 2343 4400 2358 4400 2343 4401 2344 4401 2358 4401 2344 4402 2345 4402 2359 4402 2325 4403 2346 4403 2359 4403 2359 4404 2345 4404 2325 4404 2359 4405 2358 4405 2344 4405 2358 4406 2357 4406 2342 4406 2355 4407 2354 4407 2338 4407 2354 4408 2353 4408 2337 4408 2350 4409 2349 4409 2331 4409 2347 4410 2346 4410 2326 4410 2246 4411 2251 4411 2361 4411 2251 4412 2252 4412 2362 4412 2252 4413 2248 4413 2364 4413 2248 4414 2253 4414 2365 4414 2254 4415 2250 4415 2366 4415 2250 4416 2246 4416 2367 4416 2360 4417 2367 4417 2246 4417 2367 4418 2366 4418 2250 4418 2254 4419 2365 4419 2253 4419 2365 4420 2364 4420 2248 4420 2364 4421 2363 4421 2252 4421 2363 4422 2362 4422 2252 4422 2362 4423 2361 4423 2251 4423 2361 4424 2360 4424 2246 4424 2368 4425 2369 4425 2364 4425 2370 4426 2368 4426 2365 4426 2371 4427 2370 4427 2254 4427 2372 4428 2371 4428 2366 4428 2373 4429 2372 4429 2367 4429 2374 4430 2373 4430 2360 4430 2375 4431 2374 4431 2361 4431 2376 4432 2375 4432 2362 4432 2369 4433 2376 4433 2363 4433 2363 4434 2364 4434 2369 4434 2362 4435 2363 4435 2376 4435 2361 4436 2362 4436 2375 4436 2360 4437 2361 4437 2374 4437 2367 4438 2360 4438 2373 4438 2366 4439 2367 4439 2372 4439 2254 4440 2366 4440 2371 4440 2365 4441 2254 4441 2370 4441 2364 4442 2365 4442 2368 4442 2382 4443 2377 4443 2369 4443 2377 4444 2378 4444 2375 4444 2378 4445 2379 4445 2374 4445 2379 4446 2380 4446 2372 4446 2380 4447 2381 4447 2371 4447 2381 4448 2382 4448 2368 4448 2369 4449 2368 4449 2382 4449 2368 4450 2370 4450 2381 4450 2370 4451 2371 4451 2381 4451 2371 4452 2372 4452 2380 4452 2372 4453 2373 4453 2379 4453 2373 4454 2374 4454 2379 4454 2374 4455 2375 4455 2378 4455 2375 4456 2376 4456 2377 4456 2376 4457 2369 4457 2377 4457 2377 4458 2383 4458 2384 4458 2386 4459 2387 4459 2381 4459 2378 4460 2377 4460 2384 4460 2384 4461 2388 4461 2378 4461 2388 4462 2379 4462 2378 4462 2388 4463 2389 4463 2379 4463 2385 4464 2386 4464 2381 4464 2387 4465 2382 4465 2381 4465 2390 4466 2392 4466 2380 4466 2381 4467 2380 4467 2385 4467 2391 4468 2393 4468 2382 4468 2380 4469 2379 4469 2390 4469 2393 4470 2377 4470 2382 4470 2393 4471 2383 4471 2377 4471 2379 4472 2389 4472 2390 4472 2382 4473 2387 4473 2391 4473 2380 4474 2392 4474 2385 4474 2394 4475 2395 4475 2383 4475 2395 4476 2396 4476 2384 4476 2396 4477 2397 4477 2388 4477 2397 4478 2398 4478 2389 4478 2398 4479 2399 4479 2390 4479 2399 4480 2400 4480 2392 4480 2400 4481 2401 4481 2385 4481 2401 4482 2402 4482 2386 4482 2402 4483 2403 4483 2386 4483 2403 4484 2404 4484 2387 4484 2404 4485 2405 4485 2391 4485 2405 4486 2394 4486 2393 4486 2393 4487 2391 4487 2405 4487 2391 4488 2387 4488 2404 4488 2387 4489 2386 4489 2403 4489 2386 4490 2385 4490 2401 4490 2385 4491 2392 4491 2400 4491 2392 4492 2390 4492 2399 4492 2390 4493 2389 4493 2398 4493 2389 4494 2388 4494 2397 4494 2388 4495 2384 4495 2396 4495 2384 4496 2383 4496 2395 4496 2383 4497 2393 4497 2394 4497 2406 4498 2407 4498 2394 4498 2407 4499 2408 4499 2395 4499 2408 4500 2409 4500 2396 4500 2395 4501 2394 4501 2407 4501 2396 4502 2395 4502 2408 4502 2409 4503 2410 4503 2397 4503 2412 4504 2400 4504 2399 4504 2412 4505 2401 4505 2400 4505 2397 4506 2396 4506 2409 4506 2398 4507 2397 4507 2410 4507 2399 4508 2411 4508 2412 4508 2401 4509 2412 4509 2413 4509 2398 4510 2411 4510 2399 4510 2413 4511 2402 4511 2401 4511 2414 4512 2403 4512 2402 4512 2403 4513 2414 4513 2404 4513 2415 4514 2405 4514 2404 4514 2402 4515 2413 4515 2414 4515 2406 4516 2394 4516 2405 4516 2405 4517 2415 4517 2406 4517 2411 4518 2351 4518 2352 4518 2411 4519 2398 4519 2351 4519 2410 4520 2350 4520 2351 4520 2351 4521 2398 4521 2410 4521 2349 4522 2410 4522 2409 4522 2409 4523 2348 4523 2349 4523 2348 4524 2409 4524 2408 4524 2408 4525 2407 4525 2348 4525 2407 4526 2347 4526 2348 4526 2346 4527 2407 4527 2406 4527 2406 4528 2359 4528 2346 4528 2359 4529 2406 4529 2415 4529 2415 4530 2404 4530 2358 4530 2357 4531 2404 4531 2414 4531 2414 4532 2356 4532 2357 4532 2413 4533 2355 4533 2356 4533 2356 4534 2414 4534 2413 4534 2354 4535 2413 4535 2412 4535 2411 4536 2352 4536 2353 4536 2353 4537 2412 4537 2411 4537 2353 4538 2354 4538 2412 4538 2354 4539 2355 4539 2413 4539 2357 4540 2358 4540 2404 4540 2358 4541 2359 4541 2415 4541 2346 4542 2347 4542 2407 4542 2349 4543 2350 4543 2410 4543 2417 4544 2416 4544 2272 4544 2418 4545 2417 4545 2273 4545 2419 4546 2418 4546 2275 4546 2420 4547 2419 4547 2275 4547 2421 4548 2420 4548 2276 4548 2416 4549 2421 4549 2276 4549 2276 4550 2272 4550 2416 4550 2271 4551 2276 4551 2420 4551 2275 4552 2271 4552 2420 4552 2274 4553 2275 4553 2418 4553 2273 4554 2274 4554 2418 4554 2272 4555 2273 4555 2417 4555 2422 4556 2418 4556 2419 4556 2422 4557 2417 4557 2418 4557 2422 4558 2416 4558 2417 4558 2422 4559 2421 4559 2416 4559 2422 4560 2420 4560 2421 4560 2422 4561 2419 4561 2420 4561 2423 4562 2425 4562 2424 4562 2423 4563 2426 4563 2425 4563 2423 4564 2427 4564 2426 4564 2423 4565 2428 4565 2427 4565 2423 4566 2429 4566 2428 4566 2423 4567 2424 4567 2429 4567 2426 4568 2427 4568 2430 4568 2425 4569 2426 4569 2431 4569 2424 4570 2425 4570 2432 4570 2429 4571 2424 4571 2433 4571 2428 4572 2429 4572 2434 4572 2427 4573 2428 4573 2430 4573 2435 4574 2430 4574 2428 4574 2434 4575 2435 4575 2428 4575 2433 4576 2434 4576 2429 4576 2432 4577 2433 4577 2424 4577 2431 4578 2432 4578 2425 4578 2430 4579 2431 4579 2426 4579 2436 4580 2437 4580 2434 4580 2437 4581 2438 4581 2435 4581 2438 4582 2439 4582 2430 4582 2440 4583 2436 4583 2432 4583 2431 4584 2439 4584 2440 4584 2440 4585 2432 4585 2431 4585 2433 4586 2432 4586 2436 4586 2431 4587 2430 4587 2439 4587 2430 4588 2435 4588 2438 4588 2435 4589 2434 4589 2437 4589 2434 4590 2433 4590 2436 4590 2437 4591 2446 4591 2447 4591 2452 4592 2448 4592 2443 4592 2452 4593 2449 4593 2448 4593 2438 4594 2445 4594 2444 4594 2446 4595 2437 4595 2436 4595 2446 4596 2450 4596 2447 4596 2451 4597 2438 4597 2437 4597 2437 4598 2447 4598 2451 4598 2443 4599 2442 4599 2452 4599 2449 4600 2454 4600 2455 4600 2449 4601 2445 4601 2448 4601 2444 4602 2439 4602 2438 4602 2446 4603 2442 4603 2450 4603 2452 4604 2442 4604 2453 4604 2458 4605 2453 4605 2457 4605 2458 4606 2457 4606 2459 4606 2455 4607 2461 4607 2449 4607 2456 4608 2441 4608 2436 4608 2453 4609 2458 4609 2452 4609 2461 4610 2444 4610 2449 4610 2445 4611 2449 4611 2444 4611 2441 4612 2446 4612 2436 4612 2440 4613 2456 4613 2436 4613 2451 4614 2445 4614 2438 4614 2460 4615 2455 4615 2454 4615 2460 4616 2454 4616 2462 4616 2443 4617 2450 4617 2442 4617 2464 4618 2459 4618 2457 4618 2465 4619 2453 4619 2442 4619 2466 4620 2442 4620 2446 4620 2467 4621 2441 4621 2456 4621 2469 4622 2444 4622 2461 4622 2468 4623 2470 4623 2439 4623 2470 4624 2440 4624 2439 4624 2471 4625 2460 4625 2462 4625 2471 4626 2462 4626 2459 4626 2459 4627 2464 4627 2471 4627 2439 4628 2444 4628 2468 4628 2444 4629 2469 4629 2468 4629 2440 4630 2470 4630 2456 4630 2441 4631 2467 4631 2446 4631 2442 4632 2466 4632 2465 4632 2453 4633 2465 4633 2457 4633 2460 4634 2471 4634 2463 4634 2460 4635 2463 4635 2455 4635 2458 4636 2459 4636 2472 4636 2454 4637 2449 4637 2473 4637 2449 4638 2452 4638 2475 4638 2459 4639 2462 4639 2476 4639 2476 4640 2472 4640 2459 4640 2458 4641 2475 4641 2452 4641 2475 4642 2474 4642 2449 4642 2474 4643 2473 4643 2449 4643 2473 4644 2462 4644 2454 4644 2477 4645 2461 4645 2455 4645 2477 4646 2455 4646 2463 4646 2478 4647 2463 4647 2471 4647 2479 4648 2471 4648 2464 4648 2479 4649 2464 4649 2457 4649 2480 4650 2457 4650 2465 4650 2481 4651 2465 4651 2466 4651 2482 4652 2466 4652 2446 4652 2483 4653 2446 4653 2467 4653 2484 4654 2467 4654 2456 4654 2485 4655 2456 4655 2470 4655 2486 4656 2470 4656 2468 4656 2487 4657 2468 4657 2469 4657 2488 4658 2469 4658 2461 4658 2461 4659 2477 4659 2488 4659 2469 4660 2488 4660 2487 4660 2468 4661 2487 4661 2486 4661 2470 4662 2486 4662 2485 4662 2456 4663 2485 4663 2484 4663 2467 4664 2484 4664 2483 4664 2446 4665 2483 4665 2482 4665 2466 4666 2482 4666 2481 4666 2465 4667 2481 4667 2480 4667 2457 4668 2480 4668 2479 4668 2471 4669 2479 4669 2478 4669 2463 4670 2478 4670 2477 4670 2489 4671 2490 4671 2480 4671 2491 4672 2478 4672 2479 4672 2492 122 2479 122 2480 122 2480 4673 2490 4673 2492 4673 2491 4674 2494 4674 2478 4674 2487 4675 2495 4675 2493 4675 2496 4676 2497 4676 2485 4676 2498 4677 2489 4677 2482 4677 2479 4678 2492 4678 2491 4678 2486 4679 2487 4679 2493 4679 2493 4680 2496 4680 2485 4680 2484 4681 2485 4681 2497 4681 2494 4682 2500 4682 2477 4682 2501 4683 2488 4683 2477 4683 2501 4684 2487 4684 2488 4684 2485 4685 2486 4685 2493 4685 2484 4686 2497 4686 2499 4686 2481 4687 2482 4687 2489 4687 2477 4688 2478 4688 2494 4688 2499 4689 2483 4689 2484 4689 2480 4690 2481 4690 2489 4690 2477 4691 2500 4691 2501 4691 2498 4692 2482 4692 2483 4692 2483 4693 2499 4693 2498 4693 2487 4694 2501 4694 2495 4694 2503 4695 2500 4695 2494 4695 2505 4696 2494 4696 2491 4696 2507 4697 2491 4697 2492 4697 2508 4698 2492 4698 2490 4698 2510 4699 2490 4699 2489 4699 2512 4700 2489 4700 2498 4700 2514 4701 2498 4701 2499 4701 2516 4702 2499 4702 2497 4702 2518 4703 2497 4703 2496 4703 2519 4704 2496 4704 2493 4704 2521 4705 2493 4705 2495 4705 2522 4706 2495 4706 2501 4706 2524 4707 2501 4707 2500 4707 2500 4708 2502 4708 2524 4708 2501 4709 2524 4709 2523 4709 2501 4710 2523 4710 2522 4710 2495 4711 2522 4711 2521 4711 2493 4712 2521 4712 2520 4712 2493 4713 2520 4713 2519 4713 2496 4714 2519 4714 2518 4714 2497 4715 2518 4715 2517 4715 2497 4716 2517 4716 2516 4716 2499 4717 2516 4717 2515 4717 2499 4718 2515 4718 2514 4718 2498 4719 2514 4719 2513 4719 2498 4720 2513 4720 2512 4720 2489 4721 2512 4721 2511 4721 2489 4722 2511 4722 2510 4722 2490 4723 2510 4723 2509 4723 2490 4724 2509 4724 2508 4724 2492 4725 2508 4725 2507 4725 2491 4726 2507 4726 2506 4726 2491 4727 2506 4727 2505 4727 2494 4728 2505 4728 2504 4728 2494 4729 2504 4729 2503 4729 2500 4730 2503 4730 2502 4730 2512 4731 2513 4731 2525 4731 2514 4732 2526 4732 2525 4732 2508 4733 2509 4733 2527 4733 2525 4734 2513 4734 2514 4734 2515 4735 2528 4735 2526 4735 2507 4736 2527 4736 2529 4736 2527 4737 2507 4737 2508 4737 2510 4738 2511 4738 2530 4738 2511 4739 2512 4739 2525 4739 2526 4740 2514 4740 2515 4740 2519 4741 2531 4741 2532 4741 2503 4742 2533 4742 2534 4742 2525 4743 2530 4743 2511 4743 2528 4744 2515 4744 2516 4744 2517 4745 2532 4745 2528 4745 2532 4746 2518 4746 2519 4746 2520 4747 2521 4747 2535 4747 2521 4748 2522 4748 2535 4748 2522 4749 2523 4749 2536 4749 2533 4750 2503 4750 2504 4750 2505 4751 2529 4751 2533 4751 2529 4752 2506 4752 2507 4752 2509 4753 2510 4753 2530 4753 2532 4754 2517 4754 2518 4754 2535 4755 2531 4755 2520 4755 2536 4756 2535 4756 2522 4756 2533 4757 2504 4757 2505 4757 2530 4758 2527 4758 2509 4758 2528 4759 2516 4759 2517 4759 2529 4760 2505 4760 2506 4760 2519 4761 2520 4761 2531 4761 2523 4762 2524 4762 2534 4762 2524 4763 2502 4763 2534 4763 2534 4764 2536 4764 2523 4764 2534 4765 2502 4765 2503 4765 2537 4766 2534 4766 2533 4766 2539 4767 2533 4767 2529 4767 2541 4768 2529 4768 2527 4768 2543 4769 2527 4769 2530 4769 2545 4770 2530 4770 2525 4770 2547 4771 2525 4771 2526 4771 2548 4772 2526 4772 2528 4772 2550 4773 2528 4773 2532 4773 2552 4774 2532 4774 2531 4774 2553 4775 2531 4775 2535 4775 2555 4776 2535 4776 2536 4776 2556 4777 2536 4777 2534 4777 2534 4778 2537 4778 2557 4778 2534 4779 2557 4779 2556 4779 2536 4780 2556 4780 2555 4780 2535 4781 2555 4781 2554 4781 2535 4782 2554 4782 2553 4782 2531 4783 2553 4783 2552 4783 2532 4784 2552 4784 2551 4784 2532 4785 2551 4785 2550 4785 2528 4786 2550 4786 2549 4786 2528 4787 2549 4787 2548 4787 2526 4788 2548 4788 2547 4788 2525 4789 2547 4789 2546 4789 2525 4790 2546 4790 2545 4790 2530 4791 2545 4791 2544 4791 2530 4792 2544 4792 2543 4792 2527 4793 2543 4793 2542 4793 2527 4794 2542 4794 2541 4794 2529 4795 2541 4795 2540 4795 2529 4796 2540 4796 2539 4796 2533 4797 2539 4797 2538 4797 2533 4798 2538 4798 2537 4798 2537 4799 2538 4799 2558 4799 2538 4800 2539 4800 2558 4800 2559 4801 2539 4801 2540 4801 2560 4802 2540 4802 2541 4802 2560 4803 2541 4803 2542 4803 2561 4804 2542 4804 2543 4804 2562 4805 2543 4805 2544 4805 2544 4806 2545 4806 2562 4806 2545 4807 2546 4807 2563 4807 2546 4808 2547 4808 2564 4808 2564 4809 2547 4809 2548 4809 2565 4810 2548 4810 2549 4810 2550 4811 2566 4811 2565 4811 2565 4812 2549 4812 2550 4812 2566 4813 2550 4813 2551 4813 2567 4814 2551 4814 2552 4814 2568 4815 2552 4815 2553 4815 2554 4816 2569 4816 2568 4816 2568 4817 2553 4817 2554 4817 2554 4818 2555 4818 2569 4818 2555 4819 2556 4819 2570 4819 2556 4820 2557 4820 2570 4820 2571 4821 2557 4821 2537 4821 2571 4822 2570 4822 2557 4822 2570 4823 2569 4823 2555 4823 2568 4824 2567 4824 2552 4824 2567 4825 2566 4825 2551 4825 2565 4826 2564 4826 2548 4826 2564 4827 2563 4827 2546 4827 2563 4828 2562 4828 2545 4828 2562 4829 2561 4829 2543 4829 2561 4830 2560 4830 2542 4830 2560 4831 2559 4831 2540 4831 2559 4832 2558 4832 2539 4832 2558 4833 2571 4833 2537 4833 2443 4834 2448 4834 2573 4834 2448 4835 2445 4835 2574 4835 2445 4836 2451 4836 2576 4836 2451 4837 2447 4837 2577 4837 2447 4838 2450 4838 2578 4838 2578 4839 2577 4839 2447 4839 2577 4840 2576 4840 2451 4840 2576 4841 2575 4841 2445 4841 2575 4842 2574 4842 2445 4842 2574 4843 2573 4843 2448 4843 2573 4844 2572 4844 2443 4844 2572 4845 2450 4845 2443 4845 2580 4846 2579 4846 2575 4846 2581 4847 2580 4847 2576 4847 2582 4848 2581 4848 2577 4848 2583 4849 2582 4849 2578 4849 2584 4850 2583 4850 2572 4850 2585 4851 2584 4851 2573 4851 2586 4852 2585 4852 2573 4852 2579 4853 2586 4853 2574 4853 2574 4854 2575 4854 2579 4854 2573 4855 2574 4855 2586 4855 2572 4856 2573 4856 2584 4856 2450 4857 2572 4857 2583 4857 2578 4858 2450 4858 2583 4858 2577 4859 2578 4859 2582 4859 2576 4860 2577 4860 2581 4860 2575 4861 2576 4861 2580 4861 2587 4862 2588 4862 2586 4862 2588 4863 2589 4863 2585 4863 2589 4864 2590 4864 2583 4864 2590 4865 2591 4865 2582 4865 2591 4866 2592 4866 2581 4866 2592 4867 2587 4867 2580 4867 2579 4868 2580 4868 2587 4868 2580 4869 2581 4869 2592 4869 2581 4870 2582 4870 2591 4870 2582 4871 2583 4871 2590 4871 2583 4872 2584 4872 2589 4872 2584 4873 2585 4873 2589 4873 2585 4874 2586 4874 2588 4874 2586 4875 2579 4875 2587 4875 2593 4876 2589 4876 2588 4876 2593 4877 2594 4877 2589 4877 2595 4878 2596 4878 2591 4878 2594 4879 2598 4879 2589 4879 2598 4880 2599 4880 2590 4880 2601 4881 2587 4881 2592 4881 2601 4882 2602 4882 2587 4882 2590 4883 2589 4883 2598 4883 2600 4884 2595 4884 2591 4884 2592 4885 2591 4885 2596 4885 2592 4886 2597 4886 2601 4886 2591 4887 2590 4887 2600 4887 2592 4888 2596 4888 2597 4888 2590 4889 2599 4889 2600 4889 2588 4890 2587 4890 2603 4890 2588 4891 2603 4891 2593 4891 2587 4892 2602 4892 2603 4892 2604 4893 2605 4893 2603 4893 2605 4894 2606 4894 2593 4894 2606 4895 2607 4895 2594 4895 2607 4896 2608 4896 2598 4896 2608 4897 2609 4897 2599 4897 2609 4898 2610 4898 2600 4898 2610 4899 2611 4899 2595 4899 2611 4900 2612 4900 2596 4900 2612 4901 2613 4901 2597 4901 2613 4902 2614 4902 2601 4902 2614 4903 2615 4903 2601 4903 2615 4904 2604 4904 2602 4904 2602 4905 2601 4905 2615 4905 2601 4906 2597 4906 2613 4906 2597 4907 2596 4907 2612 4907 2596 4908 2595 4908 2611 4908 2595 4909 2600 4909 2610 4909 2600 4910 2599 4910 2609 4910 2599 4911 2598 4911 2608 4911 2598 4912 2594 4912 2607 4912 2594 4913 2593 4913 2606 4913 2593 4914 2603 4914 2605 4914 2603 4915 2602 4915 2604 4915 2616 4916 2617 4916 2604 4916 2617 4917 2618 4917 2606 4917 2605 4918 2604 4918 2617 4918 2606 4919 2605 4919 2617 4919 2618 4920 2619 4920 2607 4920 2607 4921 2606 4921 2618 4921 2619 4922 2620 4922 2608 4922 2622 4923 2611 4923 2610 4923 2623 4924 2612 4924 2611 4924 2608 4925 2607 4925 2619 4925 2609 4926 2608 4926 2620 4926 2610 4927 2621 4927 2622 4927 2611 4928 2622 4928 2623 4928 2624 4929 2614 4929 2613 4929 2620 4930 2621 4930 2610 4930 2625 4931 2613 4931 2612 4931 2626 4932 2615 4932 2614 4932 2610 4933 2609 4933 2620 4933 2612 4934 2623 4934 2625 4934 2613 4935 2625 4935 2624 4935 2614 4936 2624 4936 2626 4936 2616 4937 2604 4937 2615 4937 2615 4938 2626 4938 2616 4938 2621 4939 2620 4939 2563 4939 2562 4940 2620 4940 2619 4940 2560 4941 2619 4941 2618 4941 2618 4942 2617 4942 2559 4942 2558 4943 2617 4943 2616 4943 2570 4944 2616 4944 2626 4944 2626 4945 2624 4945 2569 4945 2624 4946 2568 4946 2569 4946 2568 4947 2624 4947 2625 4947 2566 4948 2625 4948 2623 4948 2622 4949 2565 4949 2566 4949 2566 4950 2623 4950 2622 4950 2564 4951 2622 4951 2621 4951 2564 4952 2565 4952 2622 4952 2566 4953 2567 4953 2625 4953 2567 4954 2568 4954 2625 4954 2569 4955 2570 4955 2626 4955 2570 4956 2571 4956 2616 4956 2571 4957 2558 4957 2616 4957 2558 4958 2559 4958 2617 4958 2559 4959 2560 4959 2618 4959 2560 4960 2561 4960 2619 4960 2561 4961 2562 4961 2619 4961 2562 4962 2563 4962 2620 4962 2563 4963 2564 4963 2621 4963 2628 4964 2627 4964 2473 4964 2629 4965 2628 4965 2475 4965 2630 4966 2629 4966 2475 4966 2631 4967 2630 4967 2472 4967 2627 4968 2631 4968 2476 4968 2476 4969 2462 4969 2627 4969 2472 4970 2476 4970 2631 4970 2458 4971 2472 4971 2630 4971 2475 4972 2458 4972 2630 4972 2474 4973 2475 4973 2628 4973 2473 4974 2474 4974 2628 4974 2462 4975 2473 4975 2627 4975 2632 4976 2629 4976 2630 4976 2632 4977 2628 4977 2629 4977 2632 4978 2627 4978 2628 4978 2632 4979 2631 4979 2627 4979 2632 4980 2630 4980 2631 4980 2633 4981 2634 4981 2635 4981 2637 4982 2635 4982 2638 4982 2639 4983 2638 4983 2640 4983 2641 4984 2640 4984 2642 4984 2643 4985 2642 4985 2644 4985 2645 4986 2644 4986 2646 4986 2647 4987 2646 4987 2648 4987 2649 4988 2648 4988 2650 4988 2651 4989 2650 4989 2652 4989 2653 4990 2652 4990 2654 4990 2655 4991 2654 4991 2656 4991 2657 4992 2656 4992 2634 4992 2634 4993 2633 4993 2657 4993 2656 4994 2657 4994 2655 4994 2654 4995 2655 4995 2653 4995 2652 4996 2653 4996 2651 4996 2650 4997 2651 4997 2649 4997 2648 4998 2649 4998 2647 4998 2646 4999 2647 4999 2645 4999 2644 5000 2645 5000 2643 5000 2642 5001 2643 5001 2641 5001 2640 5002 2641 5002 2639 5002 2638 5003 2639 5003 2637 5003 2635 5004 2637 5004 2636 5004 2635 5005 2636 5005 2633 5005 2644 122 2659 122 2658 122 2642 122 2660 122 2659 122 2635 122 2634 122 2661 122 2654 5006 2662 5006 2663 5006 2654 5007 2664 5007 2662 5007 2658 122 2646 122 2644 122 2659 5008 2644 5008 2642 5008 2640 5009 2665 5009 2660 5009 2634 122 2663 122 2661 122 2652 5010 2650 5010 2666 5010 2650 5011 2648 5011 2667 5011 2660 5012 2642 5012 2640 5012 2640 5013 2638 5013 2665 5013 2664 5014 2654 5014 2652 5014 2667 5015 2666 5015 2650 5015 2648 5016 2646 5016 2658 5016 2638 5017 2635 5017 2668 5017 2663 122 2634 122 2656 122 2666 5018 2664 5018 2652 5018 2663 5019 2656 5019 2654 5019 2658 5020 2667 5020 2648 5020 2668 5021 2665 5021 2638 5021 2661 5022 2668 5022 2635 5022 2669 5023 2670 5023 2661 5023 2671 5024 2669 5024 2663 5024 2672 5025 2671 5025 2664 5025 2673 5026 2672 5026 2666 5026 2674 5027 2673 5027 2667 5027 2675 5028 2674 5028 2667 5028 2676 5029 2675 5029 2658 5029 2677 5030 2676 5030 2659 5030 2678 5031 2677 5031 2660 5031 2679 5032 2678 5032 2665 5032 2680 5033 2679 5033 2668 5033 2670 5034 2680 5034 2668 5034 2668 5035 2661 5035 2670 5035 2665 5036 2668 5036 2679 5036 2660 5037 2665 5037 2678 5037 2659 5038 2660 5038 2677 5038 2658 5039 2659 5039 2676 5039 2667 5040 2658 5040 2675 5040 2666 5041 2667 5041 2673 5041 2664 5042 2666 5042 2672 5042 2662 5043 2664 5043 2671 5043 2663 5044 2662 5044 2671 5044 2661 5045 2663 5045 2669 5045 2643 1054 2645 1054 2677 1054 2645 5046 2647 5046 2675 5046 2676 1054 2677 1054 2645 1054 2649 5047 2674 5047 2675 5047 2675 5048 2647 5048 2649 5048 2641 1054 2643 1054 2678 1054 2675 5049 2676 5049 2645 5049 2649 1054 2673 1054 2674 1054 2637 1054 2679 1054 2680 1054 2639 1054 2678 1054 2679 1054 2678 1054 2639 1054 2641 1054 2679 1054 2637 1054 2639 1054 2673 1054 2649 1054 2651 1054 2651 1054 2672 1054 2673 1054 2672 1054 2651 1054 2653 1054 2653 1054 2655 1054 2671 1054 2655 1054 2657 1054 2669 1054 2671 1054 2672 1054 2653 1054 2669 1054 2671 1054 2655 1054 2677 1054 2678 1054 2643 1054 2657 1054 2633 1054 2669 1054 2637 5050 2680 5050 2670 5050 2670 1054 2669 1054 2633 1054 2670 5051 2636 5051 2637 5051 2670 1054 2633 1054 2636 1054 2681 5052 2682 5052 2686 5052 2681 5053 2683 5053 2682 5053 2681 5054 2684 5054 2683 5054 2681 5055 2685 5055 2684 5055 2681 5056 2686 5056 2685 5056 2683 5057 2684 5057 2687 5057 2682 5058 2683 5058 2688 5058 2686 5059 2682 5059 2689 5059 2685 5060 2686 5060 2691 5060 2684 5061 2685 5061 2693 5061 2693 5062 2687 5062 2684 5062 2692 5063 2693 5063 2685 5063 2691 5064 2692 5064 2685 5064 2690 5065 2691 5065 2686 5065 2689 5066 2690 5066 2686 5066 2688 5067 2689 5067 2682 5067 2687 5068 2688 5068 2683 5068 612 5069 610 5069 2690 5069 610 5070 609 5070 2691 5070 609 5071 582 5071 2691 5071 582 5072 588 5072 2691 5072 588 5073 586 5073 2692 5073 586 5074 587 5074 2692 5074 587 5075 589 5075 2693 5075 589 5076 598 5076 2693 5076 598 5077 606 5077 2693 5077 606 5078 613 5078 2687 5078 613 5079 614 5079 2687 5079 614 5080 605 5080 2688 5080 603 5081 604 5081 2689 5081 604 5082 616 5082 2689 5082 616 5083 612 5083 2690 5083 2688 5084 605 5084 2694 5084 2694 5085 2689 5085 2688 5085 2694 5086 603 5086 2689 5086 2690 5087 2689 5087 616 5087 2688 5088 2687 5088 614 5088 2687 5089 2693 5089 606 5089 2693 5090 2692 5090 587 5090 2692 5091 2691 5091 588 5091 2691 5092 2690 5092 610 5092 610 5093 612 5093 2695 5093 2698 5094 606 5094 598 5094 609 5095 2700 5095 2701 5095 2696 5096 2702 5096 2697 5096 595 5097 597 5097 2703 5097 598 5098 2699 5098 2698 5098 2700 5099 609 5099 610 5099 2700 5100 2697 5100 2701 5100 2704 5101 587 5101 586 5101 582 5102 2701 5102 2705 5102 2705 5103 586 5103 588 5103 2702 5104 2696 5104 595 5104 2703 5105 2702 5105 595 5105 594 5106 599 5106 2707 5106 2698 5107 613 5107 606 5107 612 5108 616 5108 2708 5108 2701 5109 582 5109 609 5109 2700 5110 2696 5110 2697 5110 586 5111 2705 5111 2704 5111 597 5112 592 5112 2703 5112 607 5113 2696 5113 2706 5113 608 5114 2706 5114 2709 5114 599 5115 620 5115 2710 5115 2707 5116 2711 5116 594 5116 591 5117 594 5117 2711 5117 589 5118 587 5118 2704 5118 591 5119 2699 5119 2703 5119 2698 5120 614 5120 613 5120 2708 5121 2695 5121 612 5121 2705 5122 588 5122 582 5122 2696 5123 600 5123 595 5123 2706 5124 608 5124 607 5124 2709 5125 615 5125 619 5125 2709 5126 2712 5126 618 5126 2711 5127 2698 5127 591 5127 2699 5128 598 5128 589 5128 2699 5129 591 5129 2698 5129 604 5130 603 5130 2708 5130 2695 5131 2700 5131 610 5131 2696 5132 607 5132 600 5132 2709 5133 618 5133 615 5133 592 5134 591 5134 2703 5134 2709 5135 619 5135 608 5135 2704 5136 2699 5136 589 5136 620 5137 617 5137 2710 5137 616 5138 604 5138 2708 5138 2710 5139 2707 5139 599 5139 2710 5140 621 5140 611 5140 2698 5141 2694 5141 605 5141 617 5142 621 5142 2710 5142 605 5143 614 5143 2698 5143 603 5144 2694 5144 2708 5144 611 5145 2712 5145 2710 5145 2713 5146 2711 5146 2707 5146 2715 5147 2709 5147 2706 5147 2716 5148 2706 5148 2696 5148 2717 5149 2696 5149 2700 5149 2718 5150 2695 5150 2708 5150 2719 5151 2698 5151 2711 5151 2720 5152 2708 5152 2694 5152 2719 5153 2720 5153 2694 5153 2721 5154 2710 5154 2712 5154 2712 5155 2715 5155 2721 5155 2712 5156 2709 5156 2715 5156 2694 5157 2698 5157 2719 5157 2711 5158 2713 5158 2719 5158 2695 5159 2718 5159 2700 5159 2696 5160 2717 5160 2716 5160 2706 5161 2716 5161 2715 5161 2710 5162 2721 5162 2714 5162 2710 5163 2714 5163 2707 5163 608 5164 619 5164 2726 5164 619 5165 615 5165 2722 5165 615 5166 618 5166 2722 5166 611 5167 621 5167 2723 5167 621 5168 617 5168 2723 5168 617 5169 620 5169 2723 5169 620 5170 599 5170 2724 5170 599 5171 594 5171 2724 5171 594 5172 591 5172 2724 5172 591 5173 592 5173 2724 5173 592 5174 597 5174 2725 5174 597 5175 595 5175 2725 5175 595 5176 600 5176 2726 5176 600 5177 607 5177 2726 5177 607 5178 608 5178 2726 5178 2722 5179 618 5179 2712 5179 2723 5180 2727 5180 2712 5180 2712 5181 611 5181 2723 5181 2712 5182 2727 5182 2722 5182 2726 5183 2725 5183 595 5183 2725 5184 2724 5184 592 5184 2724 5185 2723 5185 620 5185 2722 5186 2726 5186 619 5186 203 5187 2713 5187 2707 5187 205 5188 2707 5188 2714 5188 206 5189 2714 5189 2721 5189 196 5190 2721 5190 2715 5190 207 5191 2715 5191 2716 5191 211 5192 2716 5192 2717 5192 213 5193 2717 5193 2700 5193 212 5194 2700 5194 2718 5194 209 5195 2718 5195 2708 5195 198 5196 2708 5196 2720 5196 199 5197 2720 5197 2719 5197 201 5198 2719 5198 2713 5198 2713 5199 203 5199 202 5199 2713 5200 202 5200 201 5200 2719 5201 201 5201 200 5201 2719 5202 200 5202 199 5202 2720 5203 199 5203 197 5203 2720 5204 197 5204 198 5204 2708 5205 198 5205 209 5205 2718 5206 209 5206 210 5206 2718 5207 210 5207 212 5207 2700 5208 212 5208 213 5208 2717 5209 213 5209 214 5209 2717 5210 214 5210 211 5210 2716 5211 211 5211 208 5211 2716 5212 208 5212 207 5212 2715 5213 207 5213 195 5213 2715 5214 195 5214 196 5214 2721 5215 196 5215 204 5215 2721 5216 204 5216 206 5216 2714 5217 206 5217 205 5217 2707 5218 205 5218 203 5218 2729 1054 207 1054 208 1054 2730 5219 204 5219 196 5219 208 5220 2728 5220 2729 5220 2731 5221 195 5221 207 5221 2731 5222 196 5222 195 5222 196 5223 2731 5223 2730 5223 2732 5224 2733 5224 199 5224 207 5225 2729 5225 2731 5225 2734 5226 200 5226 201 5226 200 5227 2734 5227 2732 5227 2733 5228 2735 5228 198 5228 2735 5229 2736 5229 209 5229 2730 5230 2738 5230 206 5230 199 1054 200 1054 2732 1054 209 1054 198 1054 2735 1054 2736 5231 210 5231 209 5231 213 5232 2739 5232 2737 5232 2737 5233 2728 5233 211 5233 206 5234 204 5234 2730 5234 2740 1054 202 1054 203 1054 2734 5235 201 5235 202 5235 197 5236 199 5236 2733 5236 211 5237 214 5237 2737 5237 205 5238 206 5238 2738 5238 2738 5239 170 5239 203 5239 202 5240 2740 5240 2734 5240 198 5241 197 5241 2733 5241 2739 5242 212 5242 210 5242 208 5243 211 5243 2728 5243 203 1054 170 1054 2740 1054 210 5244 2736 5244 2739 5244 2739 5245 213 5245 212 5245 203 5246 205 5246 2738 5246 214 5247 213 5247 2737 5247 2741 5248 170 5248 2738 5248 2743 5249 2738 5249 2730 5249 2745 5250 2730 5250 2731 5250 2747 5251 2731 5251 2729 5251 2748 5252 2729 5252 2728 5252 2750 5253 2728 5253 2737 5253 2752 5254 2737 5254 2739 5254 2754 5255 2739 5255 2736 5255 2756 5256 2736 5256 2735 5256 2757 5257 2735 5257 2733 5257 2759 5258 2733 5258 2732 5258 2760 5259 2732 5259 2734 5259 2762 5260 2734 5260 2740 5260 2763 5261 2740 5261 170 5261 170 5262 2741 5262 2763 5262 2740 5263 2763 5263 2762 5263 2734 5264 2762 5264 2761 5264 2734 5265 2761 5265 2760 5265 2732 5266 2760 5266 2759 5266 2733 5267 2759 5267 2758 5267 2733 5268 2758 5268 2757 5268 2735 5269 2757 5269 2756 5269 2736 5270 2756 5270 2755 5270 2736 5271 2755 5271 2754 5271 2739 5272 2754 5272 2753 5272 2739 5273 2753 5273 2752 5273 2737 5274 2752 5274 2751 5274 2737 5275 2751 5275 2750 5275 2728 5276 2750 5276 2749 5276 2728 5277 2749 5277 2748 5277 2729 5278 2748 5278 2747 5278 2731 5279 2747 5279 2746 5279 2731 5280 2746 5280 2745 5280 2730 5281 2745 5281 2744 5281 2730 5282 2744 5282 2743 5282 2738 5283 2743 5283 2742 5283 2738 5284 2742 5284 2741 5284 2751 5285 2752 5285 2764 5285 2747 5286 2748 5286 2765 5286 2764 5287 2752 5287 2753 5287 2754 5288 2766 5288 2764 5288 2746 5289 2765 5289 2767 5289 2765 5290 2746 5290 2747 5290 2749 5291 2750 5291 2768 5291 2750 5292 2751 5292 2768 5292 2764 5293 2753 5293 2754 5293 2742 5294 2770 5294 2771 5294 2766 5295 2754 5295 2755 5295 2756 5296 2772 5296 2766 5296 2757 5297 2769 5297 2772 5297 2769 5298 2757 5298 2758 5298 2759 5299 2760 5299 2773 5299 2760 5300 2761 5300 2774 5300 2761 5301 2762 5301 2774 5301 2770 5302 2742 5302 2743 5302 2744 5303 2767 5303 2770 5303 2767 5304 2745 5304 2746 5304 2748 5305 2749 5305 2775 5305 2764 5306 2768 5306 2751 5306 2772 5307 2756 5307 2757 5307 2773 5308 2769 5308 2759 5308 2770 5309 2743 5309 2744 5309 2775 5310 2765 5310 2748 5310 2766 5311 2755 5311 2756 5311 2774 5312 2773 5312 2760 5312 2767 5313 2744 5313 2745 5313 2758 5314 2759 5314 2769 5314 2762 5315 2763 5315 2771 5315 2763 5316 2741 5316 2771 5316 2768 5317 2775 5317 2749 5317 2771 5318 2774 5318 2762 5318 2771 5319 2741 5319 2742 5319 2776 5320 2771 5320 2770 5320 2778 5321 2770 5321 2767 5321 2780 5322 2767 5322 2765 5322 2782 5323 2765 5323 2775 5323 2783 5324 2775 5324 2768 5324 2785 5325 2768 5325 2764 5325 2787 5326 2764 5326 2766 5326 2789 5327 2766 5327 2772 5327 2790 5328 2772 5328 2769 5328 2792 5329 2769 5329 2773 5329 2793 5330 2773 5330 2774 5330 2795 5331 2774 5331 2771 5331 2771 5332 2776 5332 2796 5332 2771 5333 2796 5333 2795 5333 2774 5334 2795 5334 2794 5334 2774 5335 2794 5335 2793 5335 2773 5336 2793 5336 2792 5336 2769 5337 2792 5337 2791 5337 2769 5338 2791 5338 2790 5338 2772 5339 2790 5339 2789 5339 2766 5340 2789 5340 2788 5340 2766 5341 2788 5341 2787 5341 2764 5342 2787 5342 2786 5342 2764 5343 2786 5343 2785 5343 2768 5344 2785 5344 2784 5344 2768 5345 2784 5345 2783 5345 2775 5346 2783 5346 2782 5346 2765 5347 2782 5347 2781 5347 2765 5348 2781 5348 2780 5348 2767 5349 2780 5349 2779 5349 2767 5350 2779 5350 2778 5350 2770 5351 2778 5351 2777 5351 2770 5352 2777 5352 2776 5352 2776 5353 2777 5353 2797 5353 2777 5354 2778 5354 2798 5354 2779 5355 2799 5355 2798 5355 2798 5356 2778 5356 2779 5356 2799 5357 2779 5357 2780 5357 2781 5358 2800 5358 2799 5358 2799 5359 2780 5359 2781 5359 2800 5360 2781 5360 2782 5360 2801 5361 2782 5361 2783 5361 2783 5362 2784 5362 2801 5362 2784 5363 2802 5363 2801 5363 2784 5364 2785 5364 2802 5364 2785 5365 2786 5365 2802 5365 2786 5366 2803 5366 2802 5366 2787 5367 2804 5367 2803 5367 2803 5368 2786 5368 2787 5368 2804 5369 2787 5369 2788 5369 2805 5370 2788 5370 2789 5370 2806 5371 2789 5371 2790 5371 2791 5372 2807 5372 2806 5372 2806 5373 2790 5373 2791 5373 2792 5374 2808 5374 2807 5374 2807 5375 2791 5375 2792 5375 2808 5376 2792 5376 2793 5376 2793 5377 2794 5377 2809 5377 2794 5378 2795 5378 2809 5378 2795 5379 2796 5379 2810 5379 2776 5380 2797 5380 2810 5380 2810 5381 2796 5381 2776 5381 2810 5382 2809 5382 2795 5382 2809 5383 2808 5383 2793 5383 2806 5384 2805 5384 2789 5384 2805 5385 2804 5385 2788 5385 2801 5386 2800 5386 2782 5386 2798 5387 2797 5387 2777 5387 2697 5388 2702 5388 2812 5388 2702 5389 2703 5389 2813 5389 2703 5390 2699 5390 2815 5390 2699 5391 2704 5391 2816 5391 2705 5392 2701 5392 2817 5392 2701 5393 2697 5393 2818 5393 2811 5394 2818 5394 2697 5394 2818 5395 2817 5395 2701 5395 2705 5396 2816 5396 2704 5396 2816 5397 2815 5397 2699 5397 2815 5398 2814 5398 2703 5398 2814 5399 2813 5399 2703 5399 2813 5400 2812 5400 2702 5400 2812 5401 2811 5401 2697 5401 2819 5402 2820 5402 2815 5402 2821 5403 2819 5403 2816 5403 2822 5404 2821 5404 2705 5404 2823 5405 2822 5405 2817 5405 2824 5406 2823 5406 2818 5406 2825 5407 2824 5407 2811 5407 2826 5408 2825 5408 2812 5408 2827 5409 2826 5409 2813 5409 2820 5410 2827 5410 2814 5410 2814 5411 2815 5411 2820 5411 2813 5412 2814 5412 2827 5412 2812 5413 2813 5413 2826 5413 2811 5414 2812 5414 2825 5414 2818 5415 2811 5415 2824 5415 2817 5416 2818 5416 2823 5416 2705 5417 2817 5417 2822 5417 2816 5418 2705 5418 2821 5418 2815 5419 2816 5419 2819 5419 2833 5420 2828 5420 2820 5420 2828 5421 2829 5421 2826 5421 2829 5422 2830 5422 2825 5422 2830 5423 2831 5423 2823 5423 2831 5424 2832 5424 2822 5424 2832 5425 2833 5425 2819 5425 2820 5426 2819 5426 2833 5426 2819 5427 2821 5427 2832 5427 2821 5428 2822 5428 2832 5428 2822 5429 2823 5429 2831 5429 2823 5430 2824 5430 2830 5430 2824 5431 2825 5431 2830 5431 2825 5432 2826 5432 2829 5432 2826 5433 2827 5433 2828 5433 2827 5434 2820 5434 2828 5434 2828 5435 2834 5435 2835 5435 2837 5436 2838 5436 2832 5436 2829 5437 2828 5437 2835 5437 2835 5438 2839 5438 2829 5438 2839 5439 2830 5439 2829 5439 2839 5440 2840 5440 2830 5440 2836 5441 2837 5441 2832 5441 2838 5442 2833 5442 2832 5442 2841 5443 2843 5443 2831 5443 2832 5444 2831 5444 2836 5444 2842 5445 2844 5445 2833 5445 2831 5446 2830 5446 2841 5446 2844 5447 2828 5447 2833 5447 2844 5448 2834 5448 2828 5448 2830 5449 2840 5449 2841 5449 2833 5450 2838 5450 2842 5450 2831 5451 2843 5451 2836 5451 2845 5452 2846 5452 2834 5452 2846 5453 2847 5453 2835 5453 2847 5454 2848 5454 2839 5454 2848 5455 2849 5455 2840 5455 2849 5456 2850 5456 2841 5456 2850 5457 2851 5457 2843 5457 2851 5458 2852 5458 2836 5458 2852 5459 2853 5459 2837 5459 2853 5460 2854 5460 2837 5460 2854 5461 2855 5461 2838 5461 2855 5462 2856 5462 2842 5462 2856 5463 2845 5463 2844 5463 2844 5464 2842 5464 2856 5464 2842 5465 2838 5465 2855 5465 2838 5466 2837 5466 2854 5466 2837 5467 2836 5467 2852 5467 2836 5468 2843 5468 2851 5468 2843 5469 2841 5469 2850 5469 2841 5470 2840 5470 2849 5470 2840 5471 2839 5471 2848 5471 2839 5472 2835 5472 2847 5472 2835 5473 2834 5473 2846 5473 2834 5474 2844 5474 2845 5474 2857 5475 2858 5475 2845 5475 2858 5476 2859 5476 2846 5476 2859 5477 2860 5477 2847 5477 2846 5478 2845 5478 2858 5478 2847 5479 2846 5479 2859 5479 2860 5480 2861 5480 2848 5480 2863 5481 2851 5481 2850 5481 2863 5482 2852 5482 2851 5482 2848 5483 2847 5483 2860 5483 2849 5484 2848 5484 2861 5484 2850 5485 2862 5485 2863 5485 2852 5486 2863 5486 2864 5486 2849 5487 2862 5487 2850 5487 2864 5488 2853 5488 2852 5488 2865 5489 2854 5489 2853 5489 2854 5490 2865 5490 2855 5490 2866 5491 2856 5491 2855 5491 2853 5492 2864 5492 2865 5492 2857 5493 2845 5493 2856 5493 2856 5494 2866 5494 2857 5494 2862 5495 2802 5495 2803 5495 2862 5496 2849 5496 2802 5496 2861 5497 2801 5497 2802 5497 2802 5498 2849 5498 2861 5498 2800 5499 2861 5499 2860 5499 2860 5500 2799 5500 2800 5500 2799 5501 2860 5501 2859 5501 2859 5502 2858 5502 2799 5502 2858 5503 2798 5503 2799 5503 2797 5504 2858 5504 2857 5504 2857 5505 2810 5505 2797 5505 2810 5506 2857 5506 2866 5506 2866 5507 2855 5507 2809 5507 2808 5508 2855 5508 2865 5508 2865 5509 2807 5509 2808 5509 2864 5510 2806 5510 2807 5510 2807 5511 2865 5511 2864 5511 2805 5512 2864 5512 2863 5512 2862 5513 2803 5513 2804 5513 2804 5514 2863 5514 2862 5514 2804 5515 2805 5515 2863 5515 2805 5516 2806 5516 2864 5516 2808 5517 2809 5517 2855 5517 2809 5518 2810 5518 2866 5518 2797 5519 2798 5519 2858 5519 2800 5520 2801 5520 2861 5520 2868 5521 2867 5521 2723 5521 2869 5522 2868 5522 2724 5522 2870 5523 2869 5523 2726 5523 2871 5524 2870 5524 2726 5524 2872 5525 2871 5525 2727 5525 2867 5526 2872 5526 2727 5526 2727 5527 2723 5527 2867 5527 2722 5528 2727 5528 2871 5528 2726 5529 2722 5529 2871 5529 2725 5530 2726 5530 2869 5530 2724 5531 2725 5531 2869 5531 2723 5532 2724 5532 2868 5532 2873 5533 2869 5533 2870 5533 2873 5534 2868 5534 2869 5534 2873 5535 2867 5535 2868 5535 2873 5536 2872 5536 2867 5536 2873 5537 2871 5537 2872 5537 2873 5538 2870 5538 2871 5538 2874 5539 2876 5539 2875 5539 2874 5540 2877 5540 2876 5540 2874 5541 2878 5541 2877 5541 2874 5542 2879 5542 2878 5542 2874 5543 2880 5543 2879 5543 2874 5544 2875 5544 2880 5544 2877 5545 2878 5545 2881 5545 2876 5546 2877 5546 2882 5546 2875 5547 2876 5547 2883 5547 2880 5548 2875 5548 2884 5548 2879 5549 2880 5549 2885 5549 2878 5550 2879 5550 2881 5550 2886 5551 2881 5551 2879 5551 2885 5552 2886 5552 2879 5552 2884 5553 2885 5553 2880 5553 2883 5554 2884 5554 2875 5554 2882 5555 2883 5555 2876 5555 2881 5556 2882 5556 2877 5556 2887 5557 2888 5557 2885 5557 2888 5558 2889 5558 2886 5558 2889 5559 2890 5559 2881 5559 2891 5560 2887 5560 2883 5560 2882 5561 2890 5561 2891 5561 2891 5562 2883 5562 2882 5562 2884 5563 2883 5563 2887 5563 2882 5564 2881 5564 2890 5564 2881 5565 2886 5565 2889 5565 2886 5566 2885 5566 2888 5566 2885 5567 2884 5567 2887 5567 2888 5568 2897 5568 2898 5568 2903 5569 2899 5569 2894 5569 2903 5570 2900 5570 2899 5570 2889 5571 2896 5571 2895 5571 2897 5572 2888 5572 2887 5572 2897 5573 2901 5573 2898 5573 2902 5574 2889 5574 2888 5574 2888 5575 2898 5575 2902 5575 2894 5576 2893 5576 2903 5576 2900 5577 2905 5577 2906 5577 2900 5578 2896 5578 2899 5578 2895 5579 2890 5579 2889 5579 2897 5580 2893 5580 2901 5580 2903 5581 2893 5581 2904 5581 2909 5582 2904 5582 2908 5582 2909 5583 2908 5583 2910 5583 2906 5584 2912 5584 2900 5584 2907 5585 2892 5585 2887 5585 2904 5586 2909 5586 2903 5586 2912 5587 2895 5587 2900 5587 2896 5588 2900 5588 2895 5588 2892 5589 2897 5589 2887 5589 2891 5590 2907 5590 2887 5590 2902 5591 2896 5591 2889 5591 2911 5592 2906 5592 2905 5592 2911 5593 2905 5593 2913 5593 2894 5594 2901 5594 2893 5594 2915 5595 2910 5595 2908 5595 2916 5596 2904 5596 2893 5596 2917 5597 2893 5597 2897 5597 2918 5598 2892 5598 2907 5598 2920 5599 2895 5599 2912 5599 2919 5600 2921 5600 2890 5600 2921 5601 2891 5601 2890 5601 2922 5602 2911 5602 2913 5602 2922 5603 2913 5603 2910 5603 2910 5604 2915 5604 2922 5604 2890 5605 2895 5605 2919 5605 2895 5606 2920 5606 2919 5606 2891 5607 2921 5607 2907 5607 2892 5608 2918 5608 2897 5608 2893 5609 2917 5609 2916 5609 2904 5610 2916 5610 2908 5610 2911 5611 2922 5611 2914 5611 2911 5612 2914 5612 2906 5612 2909 5613 2910 5613 2923 5613 2905 5614 2900 5614 2924 5614 2900 5615 2903 5615 2926 5615 2910 5616 2913 5616 2927 5616 2927 5617 2923 5617 2910 5617 2909 5618 2926 5618 2903 5618 2926 5619 2925 5619 2900 5619 2925 5620 2924 5620 2900 5620 2924 5621 2913 5621 2905 5621 2928 5622 2912 5622 2906 5622 2928 5623 2906 5623 2914 5623 2929 5624 2914 5624 2922 5624 2930 5625 2922 5625 2915 5625 2930 5626 2915 5626 2908 5626 2931 5627 2908 5627 2916 5627 2932 5628 2916 5628 2917 5628 2933 5629 2917 5629 2897 5629 2934 5630 2897 5630 2918 5630 2935 5631 2918 5631 2907 5631 2936 5632 2907 5632 2921 5632 2937 5633 2921 5633 2919 5633 2938 5634 2919 5634 2920 5634 2939 5635 2920 5635 2912 5635 2912 5636 2928 5636 2939 5636 2920 5637 2939 5637 2938 5637 2919 5638 2938 5638 2937 5638 2921 5639 2937 5639 2936 5639 2907 5640 2936 5640 2935 5640 2918 5641 2935 5641 2934 5641 2897 5642 2934 5642 2933 5642 2917 5643 2933 5643 2932 5643 2916 5644 2932 5644 2931 5644 2908 5645 2931 5645 2930 5645 2922 5646 2930 5646 2929 5646 2914 5647 2929 5647 2928 5647 2940 5648 2941 5648 2931 5648 2942 5649 2929 5649 2930 5649 2943 5650 2930 5650 2931 5650 2931 5651 2941 5651 2943 5651 2942 5652 2945 5652 2929 5652 2938 5653 2946 5653 2944 5653 2947 5654 2948 5654 2936 5654 2949 5655 2940 5655 2933 5655 2930 5656 2943 5656 2942 5656 2937 5657 2938 5657 2944 5657 2944 5658 2947 5658 2936 5658 2935 5659 2936 5659 2948 5659 2945 5660 2951 5660 2928 5660 2952 5661 2939 5661 2928 5661 2952 5662 2938 5662 2939 5662 2936 5663 2937 5663 2944 5663 2935 5664 2948 5664 2950 5664 2932 5665 2933 5665 2940 5665 2928 5666 2929 5666 2945 5666 2950 5667 2934 5667 2935 5667 2931 5668 2932 5668 2940 5668 2928 5669 2951 5669 2952 5669 2949 5670 2933 5670 2934 5670 2934 5671 2950 5671 2949 5671 2938 5672 2952 5672 2946 5672 2954 5673 2951 5673 2945 5673 2956 5674 2945 5674 2942 5674 2958 5675 2942 5675 2943 5675 2959 5676 2943 5676 2941 5676 2961 5677 2941 5677 2940 5677 2963 5678 2940 5678 2949 5678 2965 5679 2949 5679 2950 5679 2967 5680 2950 5680 2948 5680 2969 5681 2948 5681 2947 5681 2970 5682 2947 5682 2944 5682 2972 5683 2944 5683 2946 5683 2973 5684 2946 5684 2952 5684 2975 5685 2952 5685 2951 5685 2951 5686 2953 5686 2975 5686 2952 5687 2975 5687 2974 5687 2952 5688 2974 5688 2973 5688 2946 5689 2973 5689 2972 5689 2944 5690 2972 5690 2971 5690 2944 5691 2971 5691 2970 5691 2947 5692 2970 5692 2969 5692 2948 5693 2969 5693 2968 5693 2948 5694 2968 5694 2967 5694 2950 5695 2967 5695 2966 5695 2950 5696 2966 5696 2965 5696 2949 5697 2965 5697 2964 5697 2949 5698 2964 5698 2963 5698 2940 5699 2963 5699 2962 5699 2940 5700 2962 5700 2961 5700 2941 5701 2961 5701 2960 5701 2941 5702 2960 5702 2959 5702 2943 5703 2959 5703 2958 5703 2942 5704 2958 5704 2957 5704 2942 5705 2957 5705 2956 5705 2945 5706 2956 5706 2955 5706 2945 5707 2955 5707 2954 5707 2951 5708 2954 5708 2953 5708 2963 5709 2964 5709 2976 5709 2965 5710 2977 5710 2976 5710 2959 5711 2960 5711 2978 5711 2976 5712 2964 5712 2965 5712 2966 5713 2979 5713 2977 5713 2958 5714 2978 5714 2980 5714 2978 5715 2958 5715 2959 5715 2961 5716 2962 5716 2981 5716 2962 5717 2963 5717 2976 5717 2977 5718 2965 5718 2966 5718 2970 5719 2982 5719 2983 5719 2954 5720 2984 5720 2985 5720 2976 5721 2981 5721 2962 5721 2979 5722 2966 5722 2967 5722 2968 5723 2983 5723 2979 5723 2983 5724 2969 5724 2970 5724 2971 5725 2972 5725 2986 5725 2972 5726 2973 5726 2986 5726 2973 5727 2974 5727 2987 5727 2984 5728 2954 5728 2955 5728 2956 5729 2980 5729 2984 5729 2980 5730 2957 5730 2958 5730 2960 5731 2961 5731 2981 5731 2983 5732 2968 5732 2969 5732 2986 5733 2982 5733 2971 5733 2987 5734 2986 5734 2973 5734 2984 5735 2955 5735 2956 5735 2981 5736 2978 5736 2960 5736 2979 5737 2967 5737 2968 5737 2980 5738 2956 5738 2957 5738 2970 5739 2971 5739 2982 5739 2974 5740 2975 5740 2985 5740 2975 5741 2953 5741 2985 5741 2985 5742 2987 5742 2974 5742 2985 5743 2953 5743 2954 5743 2988 5744 2985 5744 2984 5744 2990 5745 2984 5745 2980 5745 2992 5746 2980 5746 2978 5746 2994 5747 2978 5747 2981 5747 2996 5748 2981 5748 2976 5748 2998 5749 2976 5749 2977 5749 2999 5750 2977 5750 2979 5750 3001 5751 2979 5751 2983 5751 3003 5752 2983 5752 2982 5752 3004 5753 2982 5753 2986 5753 3006 5754 2986 5754 2987 5754 3007 5755 2987 5755 2985 5755 2985 5756 2988 5756 3008 5756 2985 5757 3008 5757 3007 5757 2987 5758 3007 5758 3006 5758 2986 5759 3006 5759 3005 5759 2986 5760 3005 5760 3004 5760 2982 5761 3004 5761 3003 5761 2983 5762 3003 5762 3002 5762 2983 5763 3002 5763 3001 5763 2979 5764 3001 5764 3000 5764 2979 5765 3000 5765 2999 5765 2977 5766 2999 5766 2998 5766 2976 5767 2998 5767 2997 5767 2976 5768 2997 5768 2996 5768 2981 5769 2996 5769 2995 5769 2981 5770 2995 5770 2994 5770 2978 5771 2994 5771 2993 5771 2978 5772 2993 5772 2992 5772 2980 5773 2992 5773 2991 5773 2980 5774 2991 5774 2990 5774 2984 5775 2990 5775 2989 5775 2984 5776 2989 5776 2988 5776 2988 5777 2989 5777 3009 5777 2989 5778 2990 5778 3009 5778 3010 5779 2990 5779 2991 5779 3011 5780 2991 5780 2992 5780 3011 5781 2992 5781 2993 5781 3012 5782 2993 5782 2994 5782 3013 5783 2994 5783 2995 5783 2995 5784 2996 5784 3013 5784 2996 5785 2997 5785 3014 5785 2997 5786 2998 5786 3015 5786 3015 5787 2998 5787 2999 5787 3016 5788 2999 5788 3000 5788 3001 5789 3017 5789 3016 5789 3016 5790 3000 5790 3001 5790 3017 5791 3001 5791 3002 5791 3018 5792 3002 5792 3003 5792 3019 5793 3003 5793 3004 5793 3005 5794 3020 5794 3019 5794 3019 5795 3004 5795 3005 5795 3005 5796 3006 5796 3020 5796 3006 5797 3007 5797 3021 5797 3007 5798 3008 5798 3021 5798 3022 5799 3008 5799 2988 5799 3022 5800 3021 5800 3008 5800 3021 5801 3020 5801 3006 5801 3019 5802 3018 5802 3003 5802 3018 5803 3017 5803 3002 5803 3016 5804 3015 5804 2999 5804 3015 5805 3014 5805 2997 5805 3014 5806 3013 5806 2996 5806 3013 5807 3012 5807 2994 5807 3012 5808 3011 5808 2993 5808 3011 5809 3010 5809 2991 5809 3010 5810 3009 5810 2990 5810 3009 5811 3022 5811 2988 5811 2894 5812 2899 5812 3024 5812 2899 5813 2896 5813 3025 5813 2896 5814 2902 5814 3027 5814 2902 5815 2898 5815 3028 5815 2898 5816 2901 5816 3029 5816 3029 5817 3028 5817 2898 5817 3028 5818 3027 5818 2902 5818 3027 5819 3026 5819 2896 5819 3026 5820 3025 5820 2896 5820 3025 5821 3024 5821 2899 5821 3024 5822 3023 5822 2894 5822 3023 5823 2901 5823 2894 5823 3031 5824 3030 5824 3026 5824 3032 5825 3031 5825 3027 5825 3033 5826 3032 5826 3028 5826 3034 5827 3033 5827 3029 5827 3035 5828 3034 5828 3023 5828 3036 5829 3035 5829 3024 5829 3037 5830 3036 5830 3024 5830 3030 5831 3037 5831 3025 5831 3025 5832 3026 5832 3030 5832 3024 5833 3025 5833 3037 5833 3023 5834 3024 5834 3035 5834 2901 5835 3023 5835 3034 5835 3029 5836 2901 5836 3034 5836 3028 5837 3029 5837 3033 5837 3027 5838 3028 5838 3032 5838 3026 5839 3027 5839 3031 5839 3038 5840 3039 5840 3037 5840 3039 5841 3040 5841 3036 5841 3040 5842 3041 5842 3034 5842 3041 5843 3042 5843 3033 5843 3042 5844 3043 5844 3032 5844 3043 5845 3038 5845 3031 5845 3030 5846 3031 5846 3038 5846 3031 5847 3032 5847 3043 5847 3032 5848 3033 5848 3042 5848 3033 5849 3034 5849 3041 5849 3034 5850 3035 5850 3040 5850 3035 5851 3036 5851 3040 5851 3036 5852 3037 5852 3039 5852 3037 5853 3030 5853 3038 5853 3044 5854 3040 5854 3039 5854 3044 5855 3045 5855 3040 5855 3046 5856 3047 5856 3042 5856 3045 5857 3049 5857 3040 5857 3049 5858 3050 5858 3041 5858 3052 5859 3038 5859 3043 5859 3052 5860 3053 5860 3038 5860 3041 5861 3040 5861 3049 5861 3051 5862 3046 5862 3042 5862 3043 5863 3042 5863 3047 5863 3043 5864 3048 5864 3052 5864 3042 5865 3041 5865 3051 5865 3043 5866 3047 5866 3048 5866 3041 5867 3050 5867 3051 5867 3039 5868 3038 5868 3054 5868 3039 5869 3054 5869 3044 5869 3038 5870 3053 5870 3054 5870 3055 5871 3056 5871 3054 5871 3056 5872 3057 5872 3044 5872 3057 5873 3058 5873 3045 5873 3058 5874 3059 5874 3049 5874 3059 5875 3060 5875 3050 5875 3060 5876 3061 5876 3051 5876 3061 5877 3062 5877 3046 5877 3062 5878 3063 5878 3047 5878 3063 5879 3064 5879 3048 5879 3064 5880 3065 5880 3052 5880 3065 5881 3066 5881 3052 5881 3066 5882 3055 5882 3053 5882 3053 5883 3052 5883 3066 5883 3052 5884 3048 5884 3064 5884 3048 5885 3047 5885 3063 5885 3047 5886 3046 5886 3062 5886 3046 5887 3051 5887 3061 5887 3051 5888 3050 5888 3060 5888 3050 5889 3049 5889 3059 5889 3049 5890 3045 5890 3058 5890 3045 5891 3044 5891 3057 5891 3044 5892 3054 5892 3056 5892 3054 5893 3053 5893 3055 5893 3067 5894 3068 5894 3055 5894 3068 5895 3069 5895 3057 5895 3056 5896 3055 5896 3068 5896 3057 5897 3056 5897 3068 5897 3069 5898 3070 5898 3058 5898 3058 5899 3057 5899 3069 5899 3070 5900 3071 5900 3059 5900 3073 5901 3062 5901 3061 5901 3074 5902 3063 5902 3062 5902 3059 5903 3058 5903 3070 5903 3060 5904 3059 5904 3071 5904 3061 5905 3072 5905 3073 5905 3062 5906 3073 5906 3074 5906 3075 5907 3065 5907 3064 5907 3071 5908 3072 5908 3061 5908 3076 5909 3064 5909 3063 5909 3077 5910 3066 5910 3065 5910 3061 5911 3060 5911 3071 5911 3063 5912 3074 5912 3076 5912 3064 5913 3076 5913 3075 5913 3065 5914 3075 5914 3077 5914 3067 5915 3055 5915 3066 5915 3066 5916 3077 5916 3067 5916 3072 5917 3071 5917 3014 5917 3013 5918 3071 5918 3070 5918 3011 5919 3070 5919 3069 5919 3069 5920 3068 5920 3010 5920 3009 5921 3068 5921 3067 5921 3021 5922 3067 5922 3077 5922 3077 5923 3075 5923 3020 5923 3075 5924 3019 5924 3020 5924 3019 5925 3075 5925 3076 5925 3017 5926 3076 5926 3074 5926 3073 5927 3016 5927 3017 5927 3017 5928 3074 5928 3073 5928 3015 5929 3073 5929 3072 5929 3015 5930 3016 5930 3073 5930 3017 5931 3018 5931 3076 5931 3018 5932 3019 5932 3076 5932 3020 5933 3021 5933 3077 5933 3021 5934 3022 5934 3067 5934 3022 5935 3009 5935 3067 5935 3009 5936 3010 5936 3068 5936 3010 5937 3011 5937 3069 5937 3011 5938 3012 5938 3070 5938 3012 5939 3013 5939 3070 5939 3013 5940 3014 5940 3071 5940 3014 5941 3015 5941 3072 5941 3079 5942 3078 5942 2924 5942 3080 5943 3079 5943 2926 5943 3081 5944 3080 5944 2926 5944 3082 5945 3081 5945 2923 5945 3078 5946 3082 5946 2927 5946 2927 5947 2913 5947 3078 5947 2923 5948 2927 5948 3082 5948 2909 5949 2923 5949 3081 5949 2926 5950 2909 5950 3081 5950 2925 5951 2926 5951 3079 5951 2924 5952 2925 5952 3079 5952 2913 5953 2924 5953 3078 5953 3083 5954 3080 5954 3081 5954 3083 5955 3079 5955 3080 5955 3083 5956 3078 5956 3079 5956 3083 5957 3082 5957 3078 5957 3083 5958 3081 5958 3082 5958 3084 5959 3085 5959 3086 5959 3088 5960 3086 5960 3089 5960 3090 5961 3089 5961 3091 5961 3092 5962 3091 5962 3093 5962 3094 5963 3093 5963 3095 5963 3096 5964 3095 5964 3097 5964 3098 5965 3097 5965 3099 5965 3100 5966 3099 5966 3101 5966 3102 5967 3101 5967 3103 5967 3104 5968 3103 5968 3105 5968 3106 5969 3105 5969 3107 5969 3108 5970 3107 5970 3085 5970 3085 5971 3084 5971 3108 5971 3107 5972 3108 5972 3106 5972 3105 5973 3106 5973 3104 5973 3103 5974 3104 5974 3102 5974 3101 5975 3102 5975 3100 5975 3099 5976 3100 5976 3098 5976 3097 5977 3098 5977 3096 5977 3095 5978 3096 5978 3094 5978 3093 5979 3094 5979 3092 5979 3091 5980 3092 5980 3090 5980 3089 5981 3090 5981 3088 5981 3086 5982 3088 5982 3087 5982 3086 5983 3087 5983 3084 5983 3095 122 3110 122 3109 122 3093 5984 3111 5984 3110 5984 3086 5985 3085 5985 3112 5985 3105 5986 3113 5986 3114 5986 3105 122 3115 122 3113 122 3109 122 3097 122 3095 122 3110 122 3095 122 3093 122 3091 5987 3116 5987 3111 5987 3085 122 3114 122 3112 122 3103 5988 3101 5988 3117 5988 3101 122 3099 122 3118 122 3111 5989 3093 5989 3091 5989 3091 122 3089 122 3116 122 3115 122 3105 122 3103 122 3118 122 3117 122 3101 122 3099 122 3097 122 3109 122 3089 122 3086 122 3119 122 3114 122 3085 122 3107 122 3117 5990 3115 5990 3103 5990 3114 122 3107 122 3105 122 3109 5991 3118 5991 3099 5991 3119 5992 3116 5992 3089 5992 3112 122 3119 122 3086 122 3120 5993 3121 5993 3112 5993 3122 5994 3120 5994 3114 5994 3123 5995 3122 5995 3115 5995 3124 5996 3123 5996 3117 5996 3125 5997 3124 5997 3118 5997 3126 5998 3125 5998 3118 5998 3127 5999 3126 5999 3109 5999 3128 6000 3127 6000 3110 6000 3129 6001 3128 6001 3111 6001 3130 6002 3129 6002 3116 6002 3131 6003 3130 6003 3119 6003 3121 6004 3131 6004 3119 6004 3119 6005 3112 6005 3121 6005 3116 6006 3119 6006 3130 6006 3111 6007 3116 6007 3129 6007 3110 6008 3111 6008 3128 6008 3109 6009 3110 6009 3127 6009 3118 6010 3109 6010 3126 6010 3117 6011 3118 6011 3124 6011 3115 6012 3117 6012 3123 6012 3113 6013 3115 6013 3122 6013 3114 6014 3113 6014 3122 6014 3112 6015 3114 6015 3120 6015 3094 6016 3096 6016 3128 6016 3096 1054 3098 1054 3126 1054 3127 1054 3128 1054 3096 1054 3100 1054 3125 1054 3126 1054 3126 1054 3098 1054 3100 1054 3092 6017 3094 6017 3129 6017 3126 1054 3127 1054 3096 1054 3100 1054 3124 1054 3125 1054 3088 6018 3130 6018 3131 6018 3090 1054 3129 1054 3130 1054 3129 1054 3090 1054 3092 1054 3130 1054 3088 1054 3090 1054 3124 1054 3100 1054 3102 1054 3102 1054 3123 1054 3124 1054 3123 1054 3102 1054 3104 1054 3104 6019 3106 6019 3122 6019 3106 6020 3108 6020 3120 6020 3122 1054 3123 1054 3104 1054 3120 6021 3122 6021 3106 6021 3128 6022 3129 6022 3094 6022 3108 1054 3084 1054 3120 1054 3088 1054 3131 1054 3121 1054 3121 1054 3120 1054 3084 1054 3121 1054 3087 1054 3088 1054 3121 1054 3084 1054 3087 1054 3132 6023 3133 6023 3137 6023 3132 6024 3134 6024 3133 6024 3132 6025 3135 6025 3134 6025 3132 6026 3136 6026 3135 6026 3132 6027 3137 6027 3136 6027 3134 6028 3135 6028 3138 6028 3133 6029 3134 6029 3139 6029 3137 6030 3133 6030 3140 6030 3136 6031 3137 6031 3142 6031 3135 6032 3136 6032 3144 6032 3144 6033 3138 6033 3135 6033 3143 6034 3144 6034 3136 6034 3142 6035 3143 6035 3136 6035 3141 6036 3142 6036 3137 6036 3140 6037 3141 6037 3137 6037 3139 6038 3140 6038 3133 6038 3138 6039 3139 6039 3134 6039 700 6040 699 6040 3141 6040 699 6041 698 6041 3142 6041 698 6042 697 6042 3142 6042 697 6043 696 6043 3142 6043 696 6044 695 6044 3143 6044 695 6045 694 6045 3143 6045 694 6046 693 6046 3144 6046 693 6047 692 6047 3144 6047 692 6048 691 6048 3144 6048 691 6049 690 6049 3138 6049 690 6050 689 6050 3138 6050 689 6051 688 6051 3139 6051 703 6052 702 6052 3140 6052 702 6053 701 6053 3140 6053 701 6054 700 6054 3141 6054 3139 6055 688 6055 3145 6055 3145 6056 3140 6056 3139 6056 3145 6057 703 6057 3140 6057 3141 6058 3140 6058 701 6058 3139 6059 3138 6059 689 6059 3138 6060 3144 6060 691 6060 3144 6061 3143 6061 694 6061 3143 6062 3142 6062 696 6062 3142 6063 3141 6063 699 6063 699 6064 700 6064 3146 6064 3149 6065 691 6065 692 6065 698 6066 3151 6066 3152 6066 3147 6067 3153 6067 3148 6067 840 6068 833 6068 3154 6068 692 6069 3150 6069 3149 6069 3151 6070 698 6070 699 6070 3151 6071 3148 6071 3152 6071 3155 6072 694 6072 695 6072 697 6073 3152 6073 3156 6073 3156 6074 695 6074 696 6074 3153 6075 3147 6075 840 6075 3154 6076 3153 6076 840 6076 834 6077 835 6077 3158 6077 3149 6078 690 6078 691 6078 700 6079 701 6079 3159 6079 3152 6080 697 6080 698 6080 3151 6081 3147 6081 3148 6081 695 6082 3156 6082 3155 6082 833 6083 829 6083 3154 6083 827 6084 3147 6084 3157 6084 830 6085 3157 6085 3160 6085 835 6086 837 6086 3161 6086 3158 6087 3162 6087 834 6087 828 6088 834 6088 3162 6088 693 6089 694 6089 3155 6089 828 6090 3150 6090 3154 6090 3149 6091 689 6091 690 6091 3159 6092 3146 6092 700 6092 3156 6093 696 6093 697 6093 3147 6094 832 6094 840 6094 3157 6095 830 6095 827 6095 3160 6096 841 6096 831 6096 3160 6097 3163 6097 842 6097 3162 6098 3149 6098 828 6098 3150 6099 692 6099 693 6099 3150 6100 828 6100 3149 6100 702 6101 703 6101 3159 6101 3146 6102 3151 6102 699 6102 3147 6103 827 6103 832 6103 3160 6104 842 6104 841 6104 829 6105 828 6105 3154 6105 3160 6106 831 6106 830 6106 3155 6107 3150 6107 693 6107 837 6108 836 6108 3161 6108 701 6109 702 6109 3159 6109 3161 6110 3158 6110 835 6110 3161 6111 839 6111 838 6111 3149 6112 3145 6112 688 6112 836 6113 839 6113 3161 6113 688 6114 689 6114 3149 6114 703 6115 3145 6115 3159 6115 838 6116 3163 6116 3161 6116 3164 6117 3162 6117 3158 6117 3166 6118 3160 6118 3157 6118 3167 6119 3157 6119 3147 6119 3168 6120 3147 6120 3151 6120 3169 6121 3146 6121 3159 6121 3170 6122 3149 6122 3162 6122 3171 6123 3159 6123 3145 6123 3170 6124 3171 6124 3145 6124 3172 6125 3161 6125 3163 6125 3163 6126 3166 6126 3172 6126 3163 6127 3160 6127 3166 6127 3145 6128 3149 6128 3170 6128 3162 6129 3164 6129 3170 6129 3146 6130 3169 6130 3151 6130 3147 6131 3168 6131 3167 6131 3157 6132 3167 6132 3166 6132 3161 6133 3172 6133 3165 6133 3161 6134 3165 6134 3158 6134 830 6135 831 6135 3177 6135 831 6136 841 6136 3173 6136 841 6137 842 6137 3173 6137 838 6138 839 6138 3174 6138 839 6139 836 6139 3174 6139 836 6140 837 6140 3174 6140 837 6141 835 6141 3175 6141 835 6142 834 6142 3175 6142 834 6143 828 6143 3175 6143 828 6144 829 6144 3175 6144 829 6145 833 6145 3176 6145 833 6146 840 6146 3176 6146 840 6147 832 6147 3177 6147 832 6148 827 6148 3177 6148 827 6149 830 6149 3177 6149 3173 6150 842 6150 3163 6150 3174 6151 3178 6151 3163 6151 3163 6152 838 6152 3174 6152 3163 6153 3178 6153 3173 6153 3177 6154 3176 6154 840 6154 3176 6155 3175 6155 829 6155 3175 6156 3174 6156 837 6156 3173 6157 3177 6157 831 6157 270 6158 3164 6158 3158 6158 278 6159 3158 6159 3165 6159 264 6160 3165 6160 3172 6160 266 6161 3172 6161 3166 6161 272 6162 3166 6162 3167 6162 274 6163 3167 6163 3168 6163 276 6164 3168 6164 3151 6164 268 6165 3151 6165 3169 6165 277 6166 3169 6166 3159 6166 279 6167 3159 6167 3171 6167 283 6168 3171 6168 3170 6168 280 6169 3170 6169 3164 6169 3164 6170 270 6170 271 6170 3164 4233 271 4233 280 4233 3170 6171 280 6171 281 6171 3170 6172 281 6172 283 6172 3171 6173 283 6173 282 6173 3171 6174 282 6174 279 6174 3159 6175 279 6175 277 6175 3169 5211 277 5211 269 5211 3169 6176 269 6176 268 6176 3151 6177 268 6177 276 6177 3168 6178 276 6178 275 6178 3168 4223 275 4223 274 4223 3167 6179 274 6179 273 6179 3167 6180 273 6180 272 6180 3166 6181 272 6181 267 6181 3166 6182 267 6182 266 6182 3172 6183 266 6183 265 6183 3172 6184 265 6184 264 6184 3165 6185 264 6185 278 6185 3158 6186 278 6186 270 6186 3180 1054 272 1054 273 1054 3181 6187 265 6187 266 6187 273 6188 3179 6188 3180 6188 3182 6189 267 6189 272 6189 3182 6190 266 6190 267 6190 266 6191 3182 6191 3181 6191 3183 6192 3184 6192 283 6192 272 6193 3180 6193 3182 6193 3185 6194 281 6194 280 6194 281 6195 3185 6195 3183 6195 3184 6196 3186 6196 279 6196 3186 6197 3187 6197 277 6197 3181 6198 3189 6198 264 6198 283 1054 281 1054 3183 1054 277 1054 279 1054 3186 1054 3187 6199 269 6199 277 6199 276 6200 3190 6200 3188 6200 3188 6201 3179 6201 274 6201 264 6202 265 6202 3181 6202 3191 6203 271 6203 270 6203 3185 6204 280 6204 271 6204 282 6205 283 6205 3184 6205 274 6206 275 6206 3188 6206 278 6207 264 6207 3189 6207 3189 6208 3191 6208 270 6208 271 6209 3191 6209 3185 6209 279 6210 282 6210 3184 6210 3190 6211 268 6211 269 6211 273 6212 274 6212 3179 6212 269 6213 3187 6213 3190 6213 3190 6214 276 6214 268 6214 270 6215 278 6215 3189 6215 275 6216 276 6216 3188 6216 3192 6217 3191 6217 3189 6217 3194 6218 3189 6218 3181 6218 3196 6219 3181 6219 3182 6219 3198 6220 3182 6220 3180 6220 3199 6221 3180 6221 3179 6221 3201 6222 3179 6222 3188 6222 3203 6223 3188 6223 3190 6223 3205 6224 3190 6224 3187 6224 3207 6225 3187 6225 3186 6225 3208 6226 3186 6226 3184 6226 3210 6227 3184 6227 3183 6227 3211 6228 3183 6228 3185 6228 3213 6229 3185 6229 3191 6229 3191 6230 3192 6230 3214 6230 3191 6231 3214 6231 3213 6231 3185 6232 3213 6232 3212 6232 3185 6233 3212 6233 3211 6233 3183 6234 3211 6234 3210 6234 3184 6235 3210 6235 3209 6235 3184 6236 3209 6236 3208 6236 3186 6237 3208 6237 3207 6237 3187 6238 3207 6238 3206 6238 3187 6239 3206 6239 3205 6239 3190 6240 3205 6240 3204 6240 3190 6241 3204 6241 3203 6241 3188 6242 3203 6242 3202 6242 3188 6243 3202 6243 3201 6243 3179 6244 3201 6244 3200 6244 3179 6245 3200 6245 3199 6245 3180 6246 3199 6246 3198 6246 3182 6247 3198 6247 3197 6247 3182 6248 3197 6248 3196 6248 3181 6249 3196 6249 3195 6249 3181 6250 3195 6250 3194 6250 3189 6251 3194 6251 3193 6251 3189 6252 3193 6252 3192 6252 3202 6253 3203 6253 3215 6253 3198 6254 3199 6254 3216 6254 3215 6255 3203 6255 3204 6255 3205 6256 3217 6256 3215 6256 3197 6257 3216 6257 3218 6257 3216 6258 3197 6258 3198 6258 3200 6259 3201 6259 3219 6259 3201 6260 3202 6260 3219 6260 3215 6261 3204 6261 3205 6261 3193 6262 3221 6262 3222 6262 3217 6263 3205 6263 3206 6263 3207 6264 3223 6264 3217 6264 3208 6265 3220 6265 3223 6265 3220 6266 3208 6266 3209 6266 3210 6267 3211 6267 3224 6267 3211 6268 3212 6268 3225 6268 3212 6269 3213 6269 3225 6269 3221 6270 3193 6270 3194 6270 3195 6271 3218 6271 3221 6271 3218 6272 3196 6272 3197 6272 3199 6273 3200 6273 3226 6273 3215 6274 3219 6274 3202 6274 3223 6275 3207 6275 3208 6275 3224 6276 3220 6276 3210 6276 3221 6277 3194 6277 3195 6277 3226 6278 3216 6278 3199 6278 3217 6279 3206 6279 3207 6279 3225 6280 3224 6280 3211 6280 3218 6281 3195 6281 3196 6281 3209 6282 3210 6282 3220 6282 3213 6283 3214 6283 3222 6283 3214 6284 3192 6284 3222 6284 3219 6285 3226 6285 3200 6285 3222 6286 3225 6286 3213 6286 3222 6287 3192 6287 3193 6287 3227 6288 3222 6288 3221 6288 3229 6289 3221 6289 3218 6289 3231 6290 3218 6290 3216 6290 3233 6291 3216 6291 3226 6291 3234 6292 3226 6292 3219 6292 3236 6293 3219 6293 3215 6293 3238 6294 3215 6294 3217 6294 3240 6295 3217 6295 3223 6295 3241 6296 3223 6296 3220 6296 3243 6297 3220 6297 3224 6297 3244 6298 3224 6298 3225 6298 3246 6299 3225 6299 3222 6299 3222 6300 3227 6300 3247 6300 3222 6301 3247 6301 3246 6301 3225 6302 3246 6302 3245 6302 3225 6303 3245 6303 3244 6303 3224 6304 3244 6304 3243 6304 3220 6305 3243 6305 3242 6305 3220 6306 3242 6306 3241 6306 3223 6307 3241 6307 3240 6307 3217 6308 3240 6308 3239 6308 3217 6309 3239 6309 3238 6309 3215 6310 3238 6310 3237 6310 3215 6311 3237 6311 3236 6311 3219 6312 3236 6312 3235 6312 3219 6313 3235 6313 3234 6313 3226 6314 3234 6314 3233 6314 3216 6315 3233 6315 3232 6315 3216 6316 3232 6316 3231 6316 3218 6317 3231 6317 3230 6317 3218 6318 3230 6318 3229 6318 3221 6319 3229 6319 3228 6319 3221 6320 3228 6320 3227 6320 3227 6321 3228 6321 3248 6321 3228 6322 3229 6322 3249 6322 3230 6323 3250 6323 3249 6323 3249 6324 3229 6324 3230 6324 3250 6325 3230 6325 3231 6325 3232 6326 3251 6326 3250 6326 3250 6327 3231 6327 3232 6327 3251 6328 3232 6328 3233 6328 3252 6329 3233 6329 3234 6329 3234 6330 3235 6330 3252 6330 3235 6331 3253 6331 3252 6331 3235 6332 3236 6332 3253 6332 3236 6333 3237 6333 3253 6333 3237 6334 3254 6334 3253 6334 3238 6335 3255 6335 3254 6335 3254 6336 3237 6336 3238 6336 3255 6337 3238 6337 3239 6337 3256 6338 3239 6338 3240 6338 3257 6339 3240 6339 3241 6339 3242 6340 3258 6340 3257 6340 3257 6341 3241 6341 3242 6341 3243 6342 3259 6342 3258 6342 3258 6343 3242 6343 3243 6343 3259 6344 3243 6344 3244 6344 3244 6345 3245 6345 3260 6345 3245 6346 3246 6346 3260 6346 3246 6347 3247 6347 3261 6347 3227 6348 3248 6348 3261 6348 3261 6349 3247 6349 3227 6349 3261 6350 3260 6350 3246 6350 3260 6351 3259 6351 3244 6351 3257 6352 3256 6352 3240 6352 3256 6353 3255 6353 3239 6353 3252 6354 3251 6354 3233 6354 3249 6355 3248 6355 3228 6355 3148 6356 3153 6356 3263 6356 3153 6357 3154 6357 3264 6357 3154 6358 3150 6358 3266 6358 3150 6359 3155 6359 3267 6359 3156 6360 3152 6360 3268 6360 3152 6361 3148 6361 3269 6361 3262 6362 3269 6362 3148 6362 3269 6363 3268 6363 3152 6363 3156 6364 3267 6364 3155 6364 3267 6365 3266 6365 3150 6365 3266 6366 3265 6366 3154 6366 3265 6367 3264 6367 3154 6367 3264 6368 3263 6368 3153 6368 3263 6369 3262 6369 3148 6369 3270 6370 3271 6370 3266 6370 3272 6371 3270 6371 3267 6371 3273 6372 3272 6372 3156 6372 3274 6373 3273 6373 3268 6373 3275 6374 3274 6374 3269 6374 3276 6375 3275 6375 3262 6375 3277 6376 3276 6376 3263 6376 3278 6377 3277 6377 3264 6377 3271 6378 3278 6378 3265 6378 3265 6379 3266 6379 3271 6379 3264 6380 3265 6380 3278 6380 3263 6381 3264 6381 3277 6381 3262 6382 3263 6382 3276 6382 3269 6383 3262 6383 3275 6383 3268 6384 3269 6384 3274 6384 3156 6385 3268 6385 3273 6385 3267 6386 3156 6386 3272 6386 3266 6387 3267 6387 3270 6387 3284 6388 3279 6388 3271 6388 3279 6389 3280 6389 3277 6389 3280 6390 3281 6390 3276 6390 3281 6391 3282 6391 3274 6391 3282 6392 3283 6392 3273 6392 3283 6393 3284 6393 3270 6393 3271 6394 3270 6394 3284 6394 3270 6395 3272 6395 3283 6395 3272 6396 3273 6396 3283 6396 3273 6397 3274 6397 3282 6397 3274 6398 3275 6398 3281 6398 3275 6399 3276 6399 3281 6399 3276 6400 3277 6400 3280 6400 3277 6401 3278 6401 3279 6401 3278 6402 3271 6402 3279 6402 3279 6403 3285 6403 3286 6403 3288 6404 3289 6404 3283 6404 3280 6405 3279 6405 3286 6405 3286 6406 3290 6406 3280 6406 3290 6407 3281 6407 3280 6407 3290 6408 3291 6408 3281 6408 3287 6409 3288 6409 3283 6409 3289 6410 3284 6410 3283 6410 3292 6411 3294 6411 3282 6411 3283 6412 3282 6412 3287 6412 3293 6413 3295 6413 3284 6413 3282 6414 3281 6414 3292 6414 3295 6415 3279 6415 3284 6415 3295 6416 3285 6416 3279 6416 3281 6417 3291 6417 3292 6417 3284 6418 3289 6418 3293 6418 3282 6419 3294 6419 3287 6419 3296 6420 3297 6420 3285 6420 3297 6421 3298 6421 3286 6421 3298 6422 3299 6422 3290 6422 3299 6423 3300 6423 3291 6423 3300 6424 3301 6424 3292 6424 3301 6425 3302 6425 3294 6425 3302 6426 3303 6426 3287 6426 3303 6427 3304 6427 3288 6427 3304 6428 3305 6428 3288 6428 3305 6429 3306 6429 3289 6429 3306 6430 3307 6430 3293 6430 3307 6431 3296 6431 3295 6431 3295 6432 3293 6432 3307 6432 3293 6433 3289 6433 3306 6433 3289 6434 3288 6434 3305 6434 3288 6435 3287 6435 3303 6435 3287 6436 3294 6436 3302 6436 3294 6437 3292 6437 3301 6437 3292 6438 3291 6438 3300 6438 3291 6439 3290 6439 3299 6439 3290 6440 3286 6440 3298 6440 3286 6441 3285 6441 3297 6441 3285 6442 3295 6442 3296 6442 3308 6443 3309 6443 3296 6443 3309 6444 3310 6444 3297 6444 3310 6445 3311 6445 3298 6445 3297 6446 3296 6446 3309 6446 3298 6447 3297 6447 3310 6447 3311 6448 3312 6448 3299 6448 3314 6449 3302 6449 3301 6449 3314 6450 3303 6450 3302 6450 3299 6451 3298 6451 3311 6451 3300 6452 3299 6452 3312 6452 3301 6453 3313 6453 3314 6453 3303 6454 3314 6454 3315 6454 3300 6455 3313 6455 3301 6455 3315 6456 3304 6456 3303 6456 3316 6457 3305 6457 3304 6457 3305 6458 3316 6458 3306 6458 3317 6459 3307 6459 3306 6459 3304 6460 3315 6460 3316 6460 3308 6461 3296 6461 3307 6461 3307 6462 3317 6462 3308 6462 3313 6463 3253 6463 3254 6463 3313 6464 3300 6464 3253 6464 3312 6465 3252 6465 3253 6465 3253 6466 3300 6466 3312 6466 3251 6467 3312 6467 3311 6467 3311 6468 3250 6468 3251 6468 3250 6469 3311 6469 3310 6469 3310 6470 3309 6470 3250 6470 3309 6471 3249 6471 3250 6471 3248 6472 3309 6472 3308 6472 3308 6473 3261 6473 3248 6473 3261 6474 3308 6474 3317 6474 3317 6475 3306 6475 3260 6475 3259 6476 3306 6476 3316 6476 3316 6477 3258 6477 3259 6477 3315 6478 3257 6478 3258 6478 3258 6479 3316 6479 3315 6479 3256 6480 3315 6480 3314 6480 3313 6481 3254 6481 3255 6481 3255 6482 3314 6482 3313 6482 3255 6483 3256 6483 3314 6483 3256 6484 3257 6484 3315 6484 3259 6485 3260 6485 3306 6485 3260 6486 3261 6486 3317 6486 3248 6487 3249 6487 3309 6487 3251 6488 3252 6488 3312 6488 3319 6489 3318 6489 3174 6489 3320 6490 3319 6490 3175 6490 3321 6491 3320 6491 3177 6491 3322 6492 3321 6492 3177 6492 3323 6493 3322 6493 3178 6493 3318 6494 3323 6494 3178 6494 3178 6495 3174 6495 3318 6495 3173 6496 3178 6496 3322 6496 3177 6497 3173 6497 3322 6497 3176 6498 3177 6498 3320 6498 3175 6499 3176 6499 3320 6499 3174 6500 3175 6500 3319 6500 3324 6501 3320 6501 3321 6501 3324 6502 3319 6502 3320 6502 3324 6503 3318 6503 3319 6503 3324 6504 3323 6504 3318 6504 3324 6505 3322 6505 3323 6505 3324 6506 3321 6506 3322 6506 3325 6507 3327 6507 3326 6507 3325 6508 3328 6508 3327 6508 3325 6509 3329 6509 3328 6509 3325 6510 3330 6510 3329 6510 3325 6511 3331 6511 3330 6511 3325 6512 3326 6512 3331 6512 3328 6513 3329 6513 3332 6513 3327 6514 3328 6514 3333 6514 3326 6515 3327 6515 3334 6515 3331 6516 3326 6516 3335 6516 3330 6517 3331 6517 3336 6517 3329 6518 3330 6518 3332 6518 3337 6519 3332 6519 3330 6519 3336 6520 3337 6520 3330 6520 3335 6521 3336 6521 3331 6521 3334 6522 3335 6522 3326 6522 3333 6523 3334 6523 3327 6523 3332 6524 3333 6524 3328 6524 3338 6525 3339 6525 3336 6525 3339 6526 3340 6526 3337 6526 3340 6527 3341 6527 3332 6527 3342 6528 3338 6528 3334 6528 3333 6529 3341 6529 3342 6529 3342 6530 3334 6530 3333 6530 3335 6531 3334 6531 3338 6531 3333 6532 3332 6532 3341 6532 3332 6533 3337 6533 3340 6533 3337 6534 3336 6534 3339 6534 3336 6535 3335 6535 3338 6535 3339 6536 3348 6536 3349 6536 3354 6537 3350 6537 3345 6537 3354 6538 3351 6538 3350 6538 3340 6539 3347 6539 3346 6539 3348 6540 3339 6540 3338 6540 3348 6541 3352 6541 3349 6541 3353 6542 3340 6542 3339 6542 3339 6543 3349 6543 3353 6543 3345 6544 3344 6544 3354 6544 3351 6545 3356 6545 3357 6545 3351 6546 3347 6546 3350 6546 3346 6547 3341 6547 3340 6547 3348 6548 3344 6548 3352 6548 3354 6549 3344 6549 3355 6549 3360 6550 3355 6550 3359 6550 3360 6551 3359 6551 3361 6551 3357 6552 3363 6552 3351 6552 3358 6553 3343 6553 3338 6553 3355 6554 3360 6554 3354 6554 3363 6555 3346 6555 3351 6555 3347 6556 3351 6556 3346 6556 3343 6557 3348 6557 3338 6557 3342 6558 3358 6558 3338 6558 3353 6559 3347 6559 3340 6559 3362 6560 3357 6560 3356 6560 3362 6561 3356 6561 3364 6561 3345 6562 3352 6562 3344 6562 3366 6563 3361 6563 3359 6563 3367 6564 3355 6564 3344 6564 3368 6565 3344 6565 3348 6565 3369 6566 3343 6566 3358 6566 3371 6567 3346 6567 3363 6567 3370 6568 3372 6568 3341 6568 3372 6569 3342 6569 3341 6569 3373 6570 3362 6570 3364 6570 3373 6571 3364 6571 3361 6571 3361 6572 3366 6572 3373 6572 3341 6573 3346 6573 3370 6573 3346 6574 3371 6574 3370 6574 3342 6575 3372 6575 3358 6575 3343 6576 3369 6576 3348 6576 3344 6577 3368 6577 3367 6577 3355 6578 3367 6578 3359 6578 3362 6579 3373 6579 3365 6579 3362 6580 3365 6580 3357 6580 3360 6581 3361 6581 3374 6581 3356 6582 3351 6582 3375 6582 3351 6583 3354 6583 3377 6583 3361 6584 3364 6584 3378 6584 3378 6585 3374 6585 3361 6585 3360 6586 3377 6586 3354 6586 3377 6587 3376 6587 3351 6587 3376 6588 3375 6588 3351 6588 3375 6589 3364 6589 3356 6589 3379 6590 3363 6590 3357 6590 3379 6591 3357 6591 3365 6591 3380 6592 3365 6592 3373 6592 3381 6593 3373 6593 3366 6593 3381 6594 3366 6594 3359 6594 3382 6595 3359 6595 3367 6595 3383 6596 3367 6596 3368 6596 3384 6597 3368 6597 3348 6597 3385 6598 3348 6598 3369 6598 3386 6599 3369 6599 3358 6599 3387 6600 3358 6600 3372 6600 3388 6601 3372 6601 3370 6601 3389 6602 3370 6602 3371 6602 3390 6603 3371 6603 3363 6603 3363 6604 3379 6604 3390 6604 3371 6605 3390 6605 3389 6605 3370 6606 3389 6606 3388 6606 3372 6607 3388 6607 3387 6607 3358 6608 3387 6608 3386 6608 3369 6609 3386 6609 3385 6609 3348 6610 3385 6610 3384 6610 3368 6611 3384 6611 3383 6611 3367 6612 3383 6612 3382 6612 3359 6613 3382 6613 3381 6613 3373 6614 3381 6614 3380 6614 3365 6615 3380 6615 3379 6615 3391 6616 3392 6616 3382 6616 3393 6617 3380 6617 3381 6617 3394 122 3381 122 3382 122 3382 6618 3392 6618 3394 6618 3393 6619 3396 6619 3380 6619 3389 6620 3397 6620 3395 6620 3398 6621 3399 6621 3387 6621 3400 6622 3391 6622 3384 6622 3381 6623 3394 6623 3393 6623 3388 6624 3389 6624 3395 6624 3395 6625 3398 6625 3387 6625 3386 6626 3387 6626 3399 6626 3396 6627 3402 6627 3379 6627 3403 6628 3390 6628 3379 6628 3403 6629 3389 6629 3390 6629 3387 6630 3388 6630 3395 6630 3386 6631 3399 6631 3401 6631 3383 6632 3384 6632 3391 6632 3379 6633 3380 6633 3396 6633 3401 6634 3385 6634 3386 6634 3382 6635 3383 6635 3391 6635 3379 6636 3402 6636 3403 6636 3400 6637 3384 6637 3385 6637 3385 6638 3401 6638 3400 6638 3389 6639 3403 6639 3397 6639 3405 6640 3402 6640 3396 6640 3407 6641 3396 6641 3393 6641 3409 6642 3393 6642 3394 6642 3410 6643 3394 6643 3392 6643 3412 6644 3392 6644 3391 6644 3414 6645 3391 6645 3400 6645 3416 6646 3400 6646 3401 6646 3418 6647 3401 6647 3399 6647 3420 6648 3399 6648 3398 6648 3421 6649 3398 6649 3395 6649 3423 6650 3395 6650 3397 6650 3424 6651 3397 6651 3403 6651 3426 6652 3403 6652 3402 6652 3402 6653 3404 6653 3426 6653 3403 6654 3426 6654 3425 6654 3403 6655 3425 6655 3424 6655 3397 6656 3424 6656 3423 6656 3395 6657 3423 6657 3422 6657 3395 6658 3422 6658 3421 6658 3398 6659 3421 6659 3420 6659 3399 6660 3420 6660 3419 6660 3399 6661 3419 6661 3418 6661 3401 6662 3418 6662 3417 6662 3401 6663 3417 6663 3416 6663 3400 6664 3416 6664 3415 6664 3400 6665 3415 6665 3414 6665 3391 6666 3414 6666 3413 6666 3391 6667 3413 6667 3412 6667 3392 6668 3412 6668 3411 6668 3392 6669 3411 6669 3410 6669 3394 6670 3410 6670 3409 6670 3393 6671 3409 6671 3408 6671 3393 6672 3408 6672 3407 6672 3396 6673 3407 6673 3406 6673 3396 6674 3406 6674 3405 6674 3402 6675 3405 6675 3404 6675 3414 6676 3415 6676 3427 6676 3416 6677 3428 6677 3427 6677 3410 6678 3411 6678 3429 6678 3427 6679 3415 6679 3416 6679 3417 6680 3430 6680 3428 6680 3409 6681 3429 6681 3431 6681 3429 6682 3409 6682 3410 6682 3412 6683 3413 6683 3432 6683 3413 6684 3414 6684 3427 6684 3428 6685 3416 6685 3417 6685 3421 6686 3433 6686 3434 6686 3405 6687 3435 6687 3436 6687 3427 6688 3432 6688 3413 6688 3430 6689 3417 6689 3418 6689 3419 6690 3434 6690 3430 6690 3434 6691 3420 6691 3421 6691 3422 6692 3423 6692 3437 6692 3423 6693 3424 6693 3437 6693 3424 6694 3425 6694 3438 6694 3435 6695 3405 6695 3406 6695 3407 6696 3431 6696 3435 6696 3431 6697 3408 6697 3409 6697 3411 6698 3412 6698 3432 6698 3434 6699 3419 6699 3420 6699 3437 6700 3433 6700 3422 6700 3438 6701 3437 6701 3424 6701 3435 6702 3406 6702 3407 6702 3432 6703 3429 6703 3411 6703 3430 6704 3418 6704 3419 6704 3431 6705 3407 6705 3408 6705 3421 6706 3422 6706 3433 6706 3425 6707 3426 6707 3436 6707 3426 6708 3404 6708 3436 6708 3436 6709 3438 6709 3425 6709 3436 6710 3404 6710 3405 6710 3439 6711 3436 6711 3435 6711 3441 6712 3435 6712 3431 6712 3443 6713 3431 6713 3429 6713 3445 6714 3429 6714 3432 6714 3447 6715 3432 6715 3427 6715 3449 6716 3427 6716 3428 6716 3450 6717 3428 6717 3430 6717 3452 6718 3430 6718 3434 6718 3454 6719 3434 6719 3433 6719 3455 6720 3433 6720 3437 6720 3457 6721 3437 6721 3438 6721 3458 6722 3438 6722 3436 6722 3436 6723 3439 6723 3459 6723 3436 6724 3459 6724 3458 6724 3438 6725 3458 6725 3457 6725 3437 6726 3457 6726 3456 6726 3437 6727 3456 6727 3455 6727 3433 6728 3455 6728 3454 6728 3434 6729 3454 6729 3453 6729 3434 6730 3453 6730 3452 6730 3430 6731 3452 6731 3451 6731 3430 6732 3451 6732 3450 6732 3428 6733 3450 6733 3449 6733 3427 6734 3449 6734 3448 6734 3427 6735 3448 6735 3447 6735 3432 6736 3447 6736 3446 6736 3432 6737 3446 6737 3445 6737 3429 6738 3445 6738 3444 6738 3429 6739 3444 6739 3443 6739 3431 6740 3443 6740 3442 6740 3431 6741 3442 6741 3441 6741 3435 6742 3441 6742 3440 6742 3435 6743 3440 6743 3439 6743 3439 6744 3440 6744 3460 6744 3440 6745 3441 6745 3460 6745 3461 6746 3441 6746 3442 6746 3462 6747 3442 6747 3443 6747 3462 6748 3443 6748 3444 6748 3463 6749 3444 6749 3445 6749 3464 6750 3445 6750 3446 6750 3446 6751 3447 6751 3464 6751 3447 6752 3448 6752 3465 6752 3448 6753 3449 6753 3466 6753 3466 6754 3449 6754 3450 6754 3467 6755 3450 6755 3451 6755 3452 6756 3468 6756 3467 6756 3467 6757 3451 6757 3452 6757 3468 6758 3452 6758 3453 6758 3469 6759 3453 6759 3454 6759 3470 6760 3454 6760 3455 6760 3456 6761 3471 6761 3470 6761 3470 6762 3455 6762 3456 6762 3456 6763 3457 6763 3471 6763 3457 6764 3458 6764 3472 6764 3458 6765 3459 6765 3472 6765 3473 6766 3459 6766 3439 6766 3473 6767 3472 6767 3459 6767 3472 6768 3471 6768 3457 6768 3470 6769 3469 6769 3454 6769 3469 6770 3468 6770 3453 6770 3467 6771 3466 6771 3450 6771 3466 6772 3465 6772 3448 6772 3465 6773 3464 6773 3447 6773 3464 6774 3463 6774 3445 6774 3463 6775 3462 6775 3444 6775 3462 6776 3461 6776 3442 6776 3461 6777 3460 6777 3441 6777 3460 6778 3473 6778 3439 6778 3345 6779 3350 6779 3475 6779 3350 6780 3347 6780 3476 6780 3347 6781 3353 6781 3478 6781 3353 6782 3349 6782 3479 6782 3349 6783 3352 6783 3480 6783 3480 6784 3479 6784 3349 6784 3479 6785 3478 6785 3353 6785 3478 6786 3477 6786 3347 6786 3477 6787 3476 6787 3347 6787 3476 6788 3475 6788 3350 6788 3475 6789 3474 6789 3345 6789 3474 6790 3352 6790 3345 6790 3482 6791 3481 6791 3477 6791 3483 6792 3482 6792 3478 6792 3484 6793 3483 6793 3479 6793 3485 6794 3484 6794 3480 6794 3486 6795 3485 6795 3474 6795 3487 6796 3486 6796 3475 6796 3488 6797 3487 6797 3475 6797 3481 6798 3488 6798 3476 6798 3476 6799 3477 6799 3481 6799 3475 6800 3476 6800 3488 6800 3474 6801 3475 6801 3486 6801 3352 6802 3474 6802 3485 6802 3480 6803 3352 6803 3485 6803 3479 6804 3480 6804 3484 6804 3478 6805 3479 6805 3483 6805 3477 6806 3478 6806 3482 6806 3489 6807 3490 6807 3488 6807 3490 6808 3491 6808 3487 6808 3491 6809 3492 6809 3485 6809 3492 6810 3493 6810 3484 6810 3493 6811 3494 6811 3483 6811 3494 6812 3489 6812 3482 6812 3481 6813 3482 6813 3489 6813 3482 6814 3483 6814 3494 6814 3483 6815 3484 6815 3493 6815 3484 6816 3485 6816 3492 6816 3485 6817 3486 6817 3491 6817 3486 6818 3487 6818 3491 6818 3487 6819 3488 6819 3490 6819 3488 6820 3481 6820 3489 6820 3495 6821 3491 6821 3490 6821 3495 6822 3496 6822 3491 6822 3497 6823 3498 6823 3493 6823 3496 6824 3500 6824 3491 6824 3500 6825 3501 6825 3492 6825 3503 6826 3489 6826 3494 6826 3503 6827 3504 6827 3489 6827 3492 6828 3491 6828 3500 6828 3502 6829 3497 6829 3493 6829 3494 6830 3493 6830 3498 6830 3494 6831 3499 6831 3503 6831 3493 6832 3492 6832 3502 6832 3494 6833 3498 6833 3499 6833 3492 6834 3501 6834 3502 6834 3490 6835 3489 6835 3505 6835 3490 6836 3505 6836 3495 6836 3489 6837 3504 6837 3505 6837 3506 6838 3507 6838 3505 6838 3507 6839 3508 6839 3495 6839 3508 6840 3509 6840 3496 6840 3509 6841 3510 6841 3500 6841 3510 6842 3511 6842 3501 6842 3511 6843 3512 6843 3502 6843 3512 6844 3513 6844 3497 6844 3513 6845 3514 6845 3498 6845 3514 6846 3515 6846 3499 6846 3515 6847 3516 6847 3503 6847 3516 6848 3517 6848 3503 6848 3517 6849 3506 6849 3504 6849 3504 6850 3503 6850 3517 6850 3503 6851 3499 6851 3515 6851 3499 6852 3498 6852 3514 6852 3498 6853 3497 6853 3513 6853 3497 6854 3502 6854 3512 6854 3502 6855 3501 6855 3511 6855 3501 6856 3500 6856 3510 6856 3500 6857 3496 6857 3509 6857 3496 6858 3495 6858 3508 6858 3495 6859 3505 6859 3507 6859 3505 6860 3504 6860 3506 6860 3518 6861 3519 6861 3506 6861 3519 6862 3520 6862 3508 6862 3507 6863 3506 6863 3519 6863 3508 6864 3507 6864 3519 6864 3520 6865 3521 6865 3509 6865 3509 6866 3508 6866 3520 6866 3521 6867 3522 6867 3510 6867 3524 6868 3513 6868 3512 6868 3525 6869 3514 6869 3513 6869 3510 6870 3509 6870 3521 6870 3511 6871 3510 6871 3522 6871 3512 6872 3523 6872 3524 6872 3513 6873 3524 6873 3525 6873 3526 6874 3516 6874 3515 6874 3522 6875 3523 6875 3512 6875 3527 6876 3515 6876 3514 6876 3528 6877 3517 6877 3516 6877 3512 6878 3511 6878 3522 6878 3514 6879 3525 6879 3527 6879 3515 6880 3527 6880 3526 6880 3516 6881 3526 6881 3528 6881 3518 6882 3506 6882 3517 6882 3517 6883 3528 6883 3518 6883 3523 6884 3522 6884 3465 6884 3464 6885 3522 6885 3521 6885 3462 6886 3521 6886 3520 6886 3520 6887 3519 6887 3461 6887 3460 6888 3519 6888 3518 6888 3472 6889 3518 6889 3528 6889 3528 6890 3526 6890 3471 6890 3526 6891 3470 6891 3471 6891 3470 6892 3526 6892 3527 6892 3468 6893 3527 6893 3525 6893 3524 6894 3467 6894 3468 6894 3468 6895 3525 6895 3524 6895 3466 6896 3524 6896 3523 6896 3466 6897 3467 6897 3524 6897 3468 6898 3469 6898 3527 6898 3469 6899 3470 6899 3527 6899 3471 6900 3472 6900 3528 6900 3472 6901 3473 6901 3518 6901 3473 6902 3460 6902 3518 6902 3460 6903 3461 6903 3519 6903 3461 6904 3462 6904 3520 6904 3462 6905 3463 6905 3521 6905 3463 6906 3464 6906 3521 6906 3464 6907 3465 6907 3522 6907 3465 6908 3466 6908 3523 6908 3530 6909 3529 6909 3375 6909 3531 6910 3530 6910 3377 6910 3532 6911 3531 6911 3377 6911 3533 6912 3532 6912 3374 6912 3529 6913 3533 6913 3378 6913 3378 6914 3364 6914 3529 6914 3374 6915 3378 6915 3533 6915 3360 6916 3374 6916 3532 6916 3377 6917 3360 6917 3532 6917 3376 6918 3377 6918 3530 6918 3375 6919 3376 6919 3530 6919 3364 6920 3375 6920 3529 6920 3534 6921 3531 6921 3532 6921 3534 6922 3530 6922 3531 6922 3534 6923 3529 6923 3530 6923 3534 6924 3533 6924 3529 6924 3534 6925 3532 6925 3533 6925 3535 6926 3536 6926 3537 6926 3539 6927 3537 6927 3540 6927 3541 6928 3540 6928 3542 6928 3543 6929 3542 6929 3544 6929 3545 6930 3544 6930 3546 6930 3547 6931 3546 6931 3548 6931 3549 6932 3548 6932 3550 6932 3551 6933 3550 6933 3552 6933 3553 6934 3552 6934 3554 6934 3555 6935 3554 6935 3556 6935 3557 6936 3556 6936 3558 6936 3559 6937 3558 6937 3536 6937 3536 6938 3535 6938 3559 6938 3558 6939 3559 6939 3557 6939 3556 6940 3557 6940 3555 6940 3554 6941 3555 6941 3553 6941 3552 6942 3553 6942 3551 6942 3550 6943 3551 6943 3549 6943 3548 6944 3549 6944 3547 6944 3546 6945 3547 6945 3545 6945 3544 6946 3545 6946 3543 6946 3542 6947 3543 6947 3541 6947 3540 6948 3541 6948 3539 6948 3537 6949 3539 6949 3538 6949 3537 6950 3538 6950 3535 6950 3546 122 3561 122 3560 122 3544 122 3562 122 3561 122 3537 122 3536 122 3563 122 3556 6951 3564 6951 3565 6951 3556 6952 3566 6952 3564 6952 3560 122 3548 122 3546 122 3561 6953 3546 6953 3544 6953 3542 6954 3567 6954 3562 6954 3536 122 3565 122 3563 122 3554 6955 3552 6955 3568 6955 3552 6956 3550 6956 3569 6956 3562 6957 3544 6957 3542 6957 3542 6958 3540 6958 3567 6958 3566 6959 3556 6959 3554 6959 3569 6960 3568 6960 3552 6960 3550 6961 3548 6961 3560 6961 3540 6962 3537 6962 3570 6962 3565 122 3536 122 3558 122 3568 6963 3566 6963 3554 6963 3565 6964 3558 6964 3556 6964 3560 6965 3569 6965 3550 6965 3570 6966 3567 6966 3540 6966 3563 6967 3570 6967 3537 6967 3571 6968 3572 6968 3563 6968 3573 6969 3571 6969 3565 6969 3574 6970 3573 6970 3566 6970 3575 6971 3574 6971 3568 6971 3576 6972 3575 6972 3569 6972 3577 6973 3576 6973 3569 6973 3578 6974 3577 6974 3560 6974 3579 6975 3578 6975 3561 6975 3580 6976 3579 6976 3562 6976 3581 6977 3580 6977 3567 6977 3582 6978 3581 6978 3570 6978 3572 6979 3582 6979 3570 6979 3570 6980 3563 6980 3572 6980 3567 6981 3570 6981 3581 6981 3562 6982 3567 6982 3580 6982 3561 6983 3562 6983 3579 6983 3560 6984 3561 6984 3578 6984 3569 6985 3560 6985 3577 6985 3568 6986 3569 6986 3575 6986 3566 6987 3568 6987 3574 6987 3564 6988 3566 6988 3573 6988 3565 6989 3564 6989 3573 6989 3563 6990 3565 6990 3571 6990 3545 1054 3547 1054 3579 1054 3547 6991 3549 6991 3577 6991 3578 1054 3579 1054 3547 1054 3551 6992 3576 6992 3577 6992 3577 6993 3549 6993 3551 6993 3543 1054 3545 1054 3580 1054 3577 6994 3578 6994 3547 6994 3551 1054 3575 1054 3576 1054 3539 1054 3581 1054 3582 1054 3541 1054 3580 1054 3581 1054 3580 1054 3541 1054 3543 1054 3581 1054 3539 1054 3541 1054 3575 1054 3551 1054 3553 1054 3553 1054 3574 1054 3575 1054 3574 1054 3553 1054 3555 1054 3555 1054 3557 1054 3573 1054 3557 1054 3559 1054 3571 1054 3573 1054 3574 1054 3555 1054 3571 1054 3573 1054 3557 1054 3579 1054 3580 1054 3545 1054 3559 1054 3535 1054 3571 1054 3539 6995 3582 6995 3572 6995 3572 1054 3571 1054 3535 1054 3572 6996 3538 6996 3539 6996 3572 1054 3535 1054 3538 1054 3583 6997 3584 6997 3588 6997 3583 6998 3585 6998 3584 6998 3583 6999 3586 6999 3585 6999 3583 7000 3587 7000 3586 7000 3583 7001 3588 7001 3587 7001 3585 7002 3586 7002 3589 7002 3584 7003 3585 7003 3590 7003 3588 7004 3584 7004 3591 7004 3587 7005 3588 7005 3593 7005 3586 7006 3587 7006 3595 7006 3595 7007 3589 7007 3586 7007 3594 7008 3595 7008 3587 7008 3593 7009 3594 7009 3587 7009 3592 7010 3593 7010 3588 7010 3591 7011 3592 7011 3588 7011 3590 7012 3591 7012 3584 7012 3589 7013 3590 7013 3585 7013 434 5079 431 5079 3592 5079 431 7014 452 7014 3593 7014 452 7015 444 7015 3593 7015 444 7016 445 7016 3593 7016 445 7017 437 7017 3594 7017 437 7018 435 7018 3594 7018 435 7019 448 7019 3595 7019 448 7020 442 7020 3595 7020 442 7021 443 7021 3595 7021 443 7022 450 7022 3589 7022 450 5069 451 5069 3589 5069 451 7023 449 7023 3590 7023 446 7024 440 7024 3591 7024 440 7025 441 7025 3591 7025 441 7026 434 7026 3592 7026 3590 7027 449 7027 3596 7027 3596 7028 3591 7028 3590 7028 3596 7029 446 7029 3591 7029 3592 7030 3591 7030 441 7030 3590 7031 3589 7031 451 7031 3589 7032 3595 7032 443 7032 3595 7033 3594 7033 435 7033 3594 7034 3593 7034 445 7034 3593 7035 3592 7035 431 7035 431 7036 434 7036 3597 7036 3600 7037 443 7037 442 7037 452 7038 3602 7038 3603 7038 3598 7039 3604 7039 3599 7039 438 7040 429 7040 3605 7040 442 7041 3601 7041 3600 7041 3602 7042 452 7042 431 7042 3602 7043 3599 7043 3603 7043 3606 7044 435 7044 437 7044 444 7045 3603 7045 3607 7045 3607 7046 437 7046 445 7046 3604 7047 3598 7047 438 7047 3605 7048 3604 7048 438 7048 423 7049 428 7049 3609 7049 3600 7050 450 7050 443 7050 434 7051 441 7051 3610 7051 3603 7052 444 7052 452 7052 3602 7053 3598 7053 3599 7053 437 7054 3607 7054 3606 7054 429 7055 418 7055 3605 7055 422 7056 3598 7056 3608 7056 425 7057 3608 7057 3611 7057 428 7058 433 7058 3612 7058 3609 7059 3613 7059 423 7059 417 7060 423 7060 3613 7060 448 7061 435 7061 3606 7061 417 7062 3601 7062 3605 7062 3600 7063 451 7063 450 7063 3610 7064 3597 7064 434 7064 3607 7065 445 7065 444 7065 3598 7066 427 7066 438 7066 3608 7067 425 7067 422 7067 3611 7068 420 7068 426 7068 3611 7069 3614 7069 415 7069 3613 7070 3600 7070 417 7070 3601 7071 442 7071 448 7071 3601 7072 417 7072 3600 7072 440 7073 446 7073 3610 7073 3597 7074 3602 7074 431 7074 3598 7075 422 7075 427 7075 3611 7076 415 7076 420 7076 418 7077 417 7077 3605 7077 3611 7078 426 7078 425 7078 3606 7079 3601 7079 448 7079 433 7080 419 7080 3612 7080 441 7081 440 7081 3610 7081 3612 7082 3609 7082 428 7082 3612 7083 424 7083 414 7083 3600 7084 3596 7084 449 7084 419 7085 424 7085 3612 7085 449 7086 451 7086 3600 7086 446 7087 3596 7087 3610 7087 414 7088 3614 7088 3612 7088 3615 7089 3613 7089 3609 7089 3617 7090 3611 7090 3608 7090 3618 7091 3608 7091 3598 7091 3619 7092 3598 7092 3602 7092 3620 7093 3597 7093 3610 7093 3621 7094 3600 7094 3613 7094 3622 7095 3610 7095 3596 7095 3621 7096 3622 7096 3596 7096 3623 7097 3612 7097 3614 7097 3614 7098 3617 7098 3623 7098 3614 7099 3611 7099 3617 7099 3596 7100 3600 7100 3621 7100 3613 7101 3615 7101 3621 7101 3597 7102 3620 7102 3602 7102 3598 7103 3619 7103 3618 7103 3608 7104 3618 7104 3617 7104 3612 7105 3623 7105 3616 7105 3612 7106 3616 7106 3609 7106 425 7107 426 7107 3628 7107 426 7108 420 7108 3624 7108 420 7109 415 7109 3624 7109 414 7110 424 7110 3625 7110 424 7111 419 7111 3625 7111 419 7112 433 7112 3625 7112 433 7113 428 7113 3626 7113 428 7114 423 7114 3626 7114 423 7115 417 7115 3626 7115 417 7116 418 7116 3626 7116 418 7117 429 7117 3627 7117 429 7118 438 7118 3627 7118 438 7119 427 7119 3628 7119 427 7120 422 7120 3628 7120 422 7121 425 7121 3628 7121 3624 7122 415 7122 3614 7122 3625 7123 3629 7123 3614 7123 3614 7124 414 7124 3625 7124 3614 7125 3629 7125 3624 7125 3628 7126 3627 7126 438 7126 3627 7127 3626 7127 418 7127 3626 7128 3625 7128 433 7128 3624 7129 3628 7129 426 7129 368 7130 3615 7130 3609 7130 369 7131 3609 7131 3616 7131 358 7132 3616 7132 3623 7132 351 7133 3623 7133 3617 7133 352 7134 3617 7134 3618 7134 354 7135 3618 7135 3619 7135 356 7136 3619 7136 3602 7136 365 7137 3602 7137 3620 7137 359 7138 3620 7138 3610 7138 361 7139 3610 7139 3622 7139 363 7140 3622 7140 3621 7140 366 7141 3621 7141 3615 7141 3615 7142 368 7142 367 7142 3615 7143 367 7143 366 7143 3621 7144 366 7144 364 7144 3621 7145 364 7145 363 7145 3622 7146 363 7146 362 7146 3622 7147 362 7147 361 7147 3610 7148 361 7148 359 7148 3620 7149 359 7149 360 7149 3620 7150 360 7150 365 7150 3602 7151 365 7151 356 7151 3619 7152 356 7152 355 7152 3619 7153 355 7153 354 7153 3618 4229 354 4229 353 4229 3618 7154 353 7154 352 7154 3617 7155 352 7155 350 7155 3617 7156 350 7156 351 7156 3623 7157 351 7157 357 7157 3623 7158 357 7158 358 7158 3616 7159 358 7159 369 7159 3609 7160 369 7160 368 7160 3631 1054 352 1054 353 1054 3632 7161 357 7161 351 7161 353 7162 3630 7162 3631 7162 3633 7163 350 7163 352 7163 3633 7164 351 7164 350 7164 351 7165 3633 7165 3632 7165 3634 7166 3635 7166 363 7166 352 7167 3631 7167 3633 7167 3636 7168 364 7168 366 7168 364 7169 3636 7169 3634 7169 3635 7170 3637 7170 361 7170 3637 7171 3638 7171 359 7171 3632 7172 3640 7172 358 7172 363 1054 364 1054 3634 1054 359 1054 361 1054 3637 1054 3638 7173 360 7173 359 7173 356 7174 3641 7174 3639 7174 3639 7175 3630 7175 354 7175 358 7176 357 7176 3632 7176 3642 1054 367 1054 368 1054 3636 7177 366 7177 367 7177 362 7178 363 7178 3635 7178 354 7179 355 7179 3639 7179 369 7180 358 7180 3640 7180 3640 7181 311 7181 368 7181 367 7182 3642 7182 3636 7182 361 7183 362 7183 3635 7183 3641 7184 365 7184 360 7184 353 7185 354 7185 3630 7185 368 1054 311 1054 3642 1054 360 7186 3638 7186 3641 7186 3641 7187 356 7187 365 7187 368 7188 369 7188 3640 7188 355 7189 356 7189 3639 7189 3643 7190 311 7190 3640 7190 3645 7191 3640 7191 3632 7191 3647 7192 3632 7192 3633 7192 3649 7193 3633 7193 3631 7193 3650 7194 3631 7194 3630 7194 3652 7195 3630 7195 3639 7195 3654 7196 3639 7196 3641 7196 3656 7197 3641 7197 3638 7197 3658 7198 3638 7198 3637 7198 3659 7199 3637 7199 3635 7199 3661 7200 3635 7200 3634 7200 3662 7201 3634 7201 3636 7201 3664 7202 3636 7202 3642 7202 3665 7203 3642 7203 311 7203 311 7204 3643 7204 3665 7204 3642 7205 3665 7205 3664 7205 3636 7206 3664 7206 3663 7206 3636 7207 3663 7207 3662 7207 3634 7208 3662 7208 3661 7208 3635 7209 3661 7209 3660 7209 3635 7210 3660 7210 3659 7210 3637 7211 3659 7211 3658 7211 3638 7212 3658 7212 3657 7212 3638 7213 3657 7213 3656 7213 3641 7214 3656 7214 3655 7214 3641 7215 3655 7215 3654 7215 3639 7216 3654 7216 3653 7216 3639 7217 3653 7217 3652 7217 3630 7218 3652 7218 3651 7218 3630 7219 3651 7219 3650 7219 3631 7220 3650 7220 3649 7220 3633 7221 3649 7221 3648 7221 3633 7222 3648 7222 3647 7222 3632 7223 3647 7223 3646 7223 3632 7224 3646 7224 3645 7224 3640 7225 3645 7225 3644 7225 3640 7226 3644 7226 3643 7226 3653 7227 3654 7227 3666 7227 3649 7228 3650 7228 3667 7228 3666 7229 3654 7229 3655 7229 3656 7230 3668 7230 3666 7230 3648 7231 3667 7231 3669 7231 3667 7232 3648 7232 3649 7232 3651 7233 3652 7233 3670 7233 3652 7234 3653 7234 3670 7234 3666 7235 3655 7235 3656 7235 3644 7236 3672 7236 3673 7236 3668 7237 3656 7237 3657 7237 3658 7238 3674 7238 3668 7238 3659 7239 3671 7239 3674 7239 3671 7240 3659 7240 3660 7240 3661 7241 3662 7241 3675 7241 3662 7242 3663 7242 3676 7242 3663 7243 3664 7243 3676 7243 3672 7244 3644 7244 3645 7244 3646 7245 3669 7245 3672 7245 3669 7246 3647 7246 3648 7246 3650 7247 3651 7247 3677 7247 3666 7248 3670 7248 3653 7248 3674 7249 3658 7249 3659 7249 3675 7250 3671 7250 3661 7250 3672 7251 3645 7251 3646 7251 3677 7252 3667 7252 3650 7252 3668 7253 3657 7253 3658 7253 3676 7254 3675 7254 3662 7254 3669 7255 3646 7255 3647 7255 3660 7256 3661 7256 3671 7256 3664 7257 3665 7257 3673 7257 3665 7258 3643 7258 3673 7258 3670 7259 3677 7259 3651 7259 3673 7260 3676 7260 3664 7260 3673 7261 3643 7261 3644 7261 3678 7262 3673 7262 3672 7262 3680 7263 3672 7263 3669 7263 3682 7264 3669 7264 3667 7264 3684 7265 3667 7265 3677 7265 3685 7266 3677 7266 3670 7266 3687 7267 3670 7267 3666 7267 3689 7268 3666 7268 3668 7268 3691 7269 3668 7269 3674 7269 3692 7270 3674 7270 3671 7270 3694 7271 3671 7271 3675 7271 3695 7272 3675 7272 3676 7272 3697 7273 3676 7273 3673 7273 3673 7274 3678 7274 3698 7274 3673 7275 3698 7275 3697 7275 3676 7276 3697 7276 3696 7276 3676 7277 3696 7277 3695 7277 3675 7278 3695 7278 3694 7278 3671 7279 3694 7279 3693 7279 3671 7280 3693 7280 3692 7280 3674 7281 3692 7281 3691 7281 3668 7282 3691 7282 3690 7282 3668 7283 3690 7283 3689 7283 3666 7284 3689 7284 3688 7284 3666 7285 3688 7285 3687 7285 3670 7286 3687 7286 3686 7286 3670 7287 3686 7287 3685 7287 3677 7288 3685 7288 3684 7288 3667 7289 3684 7289 3683 7289 3667 7290 3683 7290 3682 7290 3669 7291 3682 7291 3681 7291 3669 7292 3681 7292 3680 7292 3672 7293 3680 7293 3679 7293 3672 7294 3679 7294 3678 7294 3678 7295 3679 7295 3699 7295 3679 7296 3680 7296 3700 7296 3681 7297 3701 7297 3700 7297 3700 7298 3680 7298 3681 7298 3701 7299 3681 7299 3682 7299 3683 7300 3702 7300 3701 7300 3701 7301 3682 7301 3683 7301 3702 7302 3683 7302 3684 7302 3703 7303 3684 7303 3685 7303 3685 7304 3686 7304 3703 7304 3686 7305 3704 7305 3703 7305 3686 7306 3687 7306 3704 7306 3687 7307 3688 7307 3704 7307 3688 7308 3705 7308 3704 7308 3689 7309 3706 7309 3705 7309 3705 7310 3688 7310 3689 7310 3706 7311 3689 7311 3690 7311 3707 7312 3690 7312 3691 7312 3708 7313 3691 7313 3692 7313 3693 7314 3709 7314 3708 7314 3708 7315 3692 7315 3693 7315 3694 7316 3710 7316 3709 7316 3709 7317 3693 7317 3694 7317 3710 7318 3694 7318 3695 7318 3695 7319 3696 7319 3711 7319 3696 7320 3697 7320 3711 7320 3697 7321 3698 7321 3712 7321 3678 7322 3699 7322 3712 7322 3712 7323 3698 7323 3678 7323 3712 7324 3711 7324 3697 7324 3711 7325 3710 7325 3695 7325 3708 7326 3707 7326 3691 7326 3707 7327 3706 7327 3690 7327 3703 7328 3702 7328 3684 7328 3700 7329 3699 7329 3679 7329 3599 7330 3604 7330 3714 7330 3604 7331 3605 7331 3715 7331 3605 7332 3601 7332 3717 7332 3601 7333 3606 7333 3718 7333 3607 7334 3603 7334 3719 7334 3603 7335 3599 7335 3720 7335 3713 7336 3720 7336 3599 7336 3720 7337 3719 7337 3603 7337 3607 7338 3718 7338 3606 7338 3718 7339 3717 7339 3601 7339 3717 7340 3716 7340 3605 7340 3716 7341 3715 7341 3605 7341 3715 7342 3714 7342 3604 7342 3714 7343 3713 7343 3599 7343 3721 7344 3722 7344 3717 7344 3723 7345 3721 7345 3718 7345 3724 7346 3723 7346 3607 7346 3725 7347 3724 7347 3719 7347 3726 7348 3725 7348 3720 7348 3727 7349 3726 7349 3713 7349 3728 7350 3727 7350 3714 7350 3729 7351 3728 7351 3715 7351 3722 7352 3729 7352 3716 7352 3716 7353 3717 7353 3722 7353 3715 7354 3716 7354 3729 7354 3714 7355 3715 7355 3728 7355 3713 7356 3714 7356 3727 7356 3720 7357 3713 7357 3726 7357 3719 7358 3720 7358 3725 7358 3607 7359 3719 7359 3724 7359 3718 7360 3607 7360 3723 7360 3717 7361 3718 7361 3721 7361 3735 7362 3730 7362 3722 7362 3730 7363 3731 7363 3728 7363 3731 7364 3732 7364 3727 7364 3732 7365 3733 7365 3725 7365 3733 7366 3734 7366 3724 7366 3734 7367 3735 7367 3721 7367 3722 7368 3721 7368 3735 7368 3721 7369 3723 7369 3734 7369 3723 7370 3724 7370 3734 7370 3724 7371 3725 7371 3733 7371 3725 7372 3726 7372 3732 7372 3726 7373 3727 7373 3732 7373 3727 7374 3728 7374 3731 7374 3728 7375 3729 7375 3730 7375 3729 7376 3722 7376 3730 7376 3730 7377 3736 7377 3737 7377 3739 7378 3740 7378 3734 7378 3731 7379 3730 7379 3737 7379 3737 7380 3741 7380 3731 7380 3741 7381 3732 7381 3731 7381 3741 7382 3742 7382 3732 7382 3738 7383 3739 7383 3734 7383 3740 7384 3735 7384 3734 7384 3743 7385 3745 7385 3733 7385 3734 7386 3733 7386 3738 7386 3744 7387 3746 7387 3735 7387 3733 7388 3732 7388 3743 7388 3746 7389 3730 7389 3735 7389 3746 7390 3736 7390 3730 7390 3732 7391 3742 7391 3743 7391 3735 7392 3740 7392 3744 7392 3733 7393 3745 7393 3738 7393 3747 7394 3748 7394 3736 7394 3748 7395 3749 7395 3737 7395 3749 7396 3750 7396 3741 7396 3750 7397 3751 7397 3742 7397 3751 7398 3752 7398 3743 7398 3752 7399 3753 7399 3745 7399 3753 7400 3754 7400 3738 7400 3754 7401 3755 7401 3739 7401 3755 7402 3756 7402 3739 7402 3756 7403 3757 7403 3740 7403 3757 7404 3758 7404 3744 7404 3758 7405 3747 7405 3746 7405 3746 7406 3744 7406 3758 7406 3744 7407 3740 7407 3757 7407 3740 7408 3739 7408 3756 7408 3739 7409 3738 7409 3754 7409 3738 7410 3745 7410 3753 7410 3745 7411 3743 7411 3752 7411 3743 7412 3742 7412 3751 7412 3742 7413 3741 7413 3750 7413 3741 7414 3737 7414 3749 7414 3737 7415 3736 7415 3748 7415 3736 7416 3746 7416 3747 7416 3759 7417 3760 7417 3747 7417 3760 7418 3761 7418 3748 7418 3761 7419 3762 7419 3749 7419 3748 7420 3747 7420 3760 7420 3749 7421 3748 7421 3761 7421 3762 7422 3763 7422 3750 7422 3765 7423 3753 7423 3752 7423 3765 7424 3754 7424 3753 7424 3750 7425 3749 7425 3762 7425 3751 7426 3750 7426 3763 7426 3752 7427 3764 7427 3765 7427 3754 7428 3765 7428 3766 7428 3751 7429 3764 7429 3752 7429 3766 7430 3755 7430 3754 7430 3767 7431 3756 7431 3755 7431 3756 7432 3767 7432 3757 7432 3768 7433 3758 7433 3757 7433 3755 7434 3766 7434 3767 7434 3759 7435 3747 7435 3758 7435 3758 7436 3768 7436 3759 7436 3764 7437 3704 7437 3705 7437 3764 7438 3751 7438 3704 7438 3763 7439 3703 7439 3704 7439 3704 7440 3751 7440 3763 7440 3702 7441 3763 7441 3762 7441 3762 7442 3701 7442 3702 7442 3701 7443 3762 7443 3761 7443 3761 7444 3760 7444 3701 7444 3760 7445 3700 7445 3701 7445 3699 7446 3760 7446 3759 7446 3759 7447 3712 7447 3699 7447 3712 7448 3759 7448 3768 7448 3768 7449 3757 7449 3711 7449 3710 7450 3757 7450 3767 7450 3767 7451 3709 7451 3710 7451 3766 7452 3708 7452 3709 7452 3709 7453 3767 7453 3766 7453 3707 7454 3766 7454 3765 7454 3764 7455 3705 7455 3706 7455 3706 7456 3765 7456 3764 7456 3706 7457 3707 7457 3765 7457 3707 7458 3708 7458 3766 7458 3710 7459 3711 7459 3757 7459 3711 7460 3712 7460 3768 7460 3699 7461 3700 7461 3760 7461 3702 7462 3703 7462 3763 7462 3770 7463 3769 7463 3625 7463 3771 7464 3770 7464 3626 7464 3772 7465 3771 7465 3628 7465 3773 7466 3772 7466 3628 7466 3774 7467 3773 7467 3629 7467 3769 7468 3774 7468 3629 7468 3629 7469 3625 7469 3769 7469 3624 7470 3629 7470 3773 7470 3628 7471 3624 7471 3773 7471 3627 7472 3628 7472 3771 7472 3626 7473 3627 7473 3771 7473 3625 7474 3626 7474 3770 7474 3775 7475 3771 7475 3772 7475 3775 7476 3770 7476 3771 7476 3775 7477 3769 7477 3770 7477 3775 7478 3774 7478 3769 7478 3775 7479 3773 7479 3774 7479 3775 7480 3772 7480 3773 7480 3776 7481 3778 7481 3777 7481 3776 7482 3779 7482 3778 7482 3776 7483 3780 7483 3779 7483 3776 7484 3781 7484 3780 7484 3776 7485 3782 7485 3781 7485 3776 7486 3777 7486 3782 7486 3779 7487 3780 7487 3783 7487 3778 7488 3779 7488 3784 7488 3777 7489 3778 7489 3785 7489 3782 7490 3777 7490 3786 7490 3781 7491 3782 7491 3787 7491 3780 7492 3781 7492 3783 7492 3788 7493 3783 7493 3781 7493 3787 7494 3788 7494 3781 7494 3786 7495 3787 7495 3782 7495 3785 7496 3786 7496 3777 7496 3784 7497 3785 7497 3778 7497 3783 7498 3784 7498 3779 7498 3789 7499 3790 7499 3787 7499 3790 7500 3791 7500 3788 7500 3791 7501 3792 7501 3783 7501 3793 7502 3789 7502 3785 7502 3784 7503 3792 7503 3793 7503 3793 7504 3785 7504 3784 7504 3786 7505 3785 7505 3789 7505 3784 7506 3783 7506 3792 7506 3783 7507 3788 7507 3791 7507 3788 7508 3787 7508 3790 7508 3787 7509 3786 7509 3789 7509 3790 7510 3799 7510 3800 7510 3805 7511 3801 7511 3796 7511 3805 7512 3802 7512 3801 7512 3791 7513 3798 7513 3797 7513 3799 7514 3790 7514 3789 7514 3799 7515 3803 7515 3800 7515 3804 7516 3791 7516 3790 7516 3790 7517 3800 7517 3804 7517 3796 7518 3795 7518 3805 7518 3802 7519 3807 7519 3808 7519 3802 7520 3798 7520 3801 7520 3797 7521 3792 7521 3791 7521 3799 7522 3795 7522 3803 7522 3805 7523 3795 7523 3806 7523 3811 7524 3806 7524 3810 7524 3811 7525 3810 7525 3812 7525 3808 7526 3814 7526 3802 7526 3809 7527 3794 7527 3789 7527 3806 7528 3811 7528 3805 7528 3814 7529 3797 7529 3802 7529 3798 7530 3802 7530 3797 7530 3794 7531 3799 7531 3789 7531 3793 7532 3809 7532 3789 7532 3804 7533 3798 7533 3791 7533 3813 7534 3808 7534 3807 7534 3813 7535 3807 7535 3815 7535 3796 7536 3803 7536 3795 7536 3817 7537 3812 7537 3810 7537 3818 7538 3806 7538 3795 7538 3819 7539 3795 7539 3799 7539 3820 7540 3794 7540 3809 7540 3822 7541 3797 7541 3814 7541 3821 7542 3823 7542 3792 7542 3823 7543 3793 7543 3792 7543 3824 7544 3813 7544 3815 7544 3824 7545 3815 7545 3812 7545 3812 7546 3817 7546 3824 7546 3792 7547 3797 7547 3821 7547 3797 7548 3822 7548 3821 7548 3793 7549 3823 7549 3809 7549 3794 7550 3820 7550 3799 7550 3795 7551 3819 7551 3818 7551 3806 7552 3818 7552 3810 7552 3813 7553 3824 7553 3816 7553 3813 7554 3816 7554 3808 7554 3811 7555 3812 7555 3825 7555 3807 7556 3802 7556 3826 7556 3802 7557 3805 7557 3828 7557 3812 7558 3815 7558 3829 7558 3829 7559 3825 7559 3812 7559 3811 7560 3828 7560 3805 7560 3828 7561 3827 7561 3802 7561 3827 7562 3826 7562 3802 7562 3826 7563 3815 7563 3807 7563 3830 7564 3814 7564 3808 7564 3830 7565 3808 7565 3816 7565 3831 7566 3816 7566 3824 7566 3832 7567 3824 7567 3817 7567 3832 7568 3817 7568 3810 7568 3833 7569 3810 7569 3818 7569 3834 7570 3818 7570 3819 7570 3835 7571 3819 7571 3799 7571 3836 7572 3799 7572 3820 7572 3837 7573 3820 7573 3809 7573 3838 7574 3809 7574 3823 7574 3839 7575 3823 7575 3821 7575 3840 7576 3821 7576 3822 7576 3841 7577 3822 7577 3814 7577 3814 7578 3830 7578 3841 7578 3822 7579 3841 7579 3840 7579 3821 7580 3840 7580 3839 7580 3823 7581 3839 7581 3838 7581 3809 7582 3838 7582 3837 7582 3820 7583 3837 7583 3836 7583 3799 7584 3836 7584 3835 7584 3819 7585 3835 7585 3834 7585 3818 7586 3834 7586 3833 7586 3810 7587 3833 7587 3832 7587 3824 7588 3832 7588 3831 7588 3816 7589 3831 7589 3830 7589 3842 7590 3843 7590 3833 7590 3844 7591 3831 7591 3832 7591 3845 7592 3832 7592 3833 7592 3833 7593 3843 7593 3845 7593 3844 7594 3847 7594 3831 7594 3840 7595 3848 7595 3846 7595 3849 7596 3850 7596 3838 7596 3851 7597 3842 7597 3835 7597 3832 7598 3845 7598 3844 7598 3839 7599 3840 7599 3846 7599 3846 7600 3849 7600 3838 7600 3837 7601 3838 7601 3850 7601 3847 7602 3853 7602 3830 7602 3854 7603 3841 7603 3830 7603 3854 7604 3840 7604 3841 7604 3838 7605 3839 7605 3846 7605 3837 7606 3850 7606 3852 7606 3834 7607 3835 7607 3842 7607 3830 7608 3831 7608 3847 7608 3852 7609 3836 7609 3837 7609 3833 7610 3834 7610 3842 7610 3830 7611 3853 7611 3854 7611 3851 7612 3835 7612 3836 7612 3836 7613 3852 7613 3851 7613 3840 7614 3854 7614 3848 7614 3856 7615 3853 7615 3847 7615 3858 7616 3847 7616 3844 7616 3860 7617 3844 7617 3845 7617 3861 7618 3845 7618 3843 7618 3863 7619 3843 7619 3842 7619 3865 7620 3842 7620 3851 7620 3867 7621 3851 7621 3852 7621 3869 7622 3852 7622 3850 7622 3871 7623 3850 7623 3849 7623 3872 7624 3849 7624 3846 7624 3874 7625 3846 7625 3848 7625 3875 7626 3848 7626 3854 7626 3877 7627 3854 7627 3853 7627 3853 7628 3855 7628 3877 7628 3854 7629 3877 7629 3876 7629 3854 7630 3876 7630 3875 7630 3848 7631 3875 7631 3874 7631 3846 7632 3874 7632 3873 7632 3846 7633 3873 7633 3872 7633 3849 7634 3872 7634 3871 7634 3850 7635 3871 7635 3870 7635 3850 7636 3870 7636 3869 7636 3852 7637 3869 7637 3868 7637 3852 7638 3868 7638 3867 7638 3851 7639 3867 7639 3866 7639 3851 7640 3866 7640 3865 7640 3842 7641 3865 7641 3864 7641 3842 7642 3864 7642 3863 7642 3843 7643 3863 7643 3862 7643 3843 7644 3862 7644 3861 7644 3845 7645 3861 7645 3860 7645 3844 7646 3860 7646 3859 7646 3844 7647 3859 7647 3858 7647 3847 7648 3858 7648 3857 7648 3847 7649 3857 7649 3856 7649 3853 7650 3856 7650 3855 7650 3865 7651 3866 7651 3878 7651 3867 7652 3879 7652 3878 7652 3861 7653 3862 7653 3880 7653 3878 7654 3866 7654 3867 7654 3868 7655 3881 7655 3879 7655 3860 7656 3880 7656 3882 7656 3880 7657 3860 7657 3861 7657 3863 7658 3864 7658 3883 7658 3864 7659 3865 7659 3878 7659 3879 7660 3867 7660 3868 7660 3872 7661 3884 7661 3885 7661 3856 7662 3886 7662 3887 7662 3878 7663 3883 7663 3864 7663 3881 7664 3868 7664 3869 7664 3870 7665 3885 7665 3881 7665 3885 7666 3871 7666 3872 7666 3873 7667 3874 7667 3888 7667 3874 7668 3875 7668 3888 7668 3875 7669 3876 7669 3889 7669 3886 7670 3856 7670 3857 7670 3858 7671 3882 7671 3886 7671 3882 7672 3859 7672 3860 7672 3862 7673 3863 7673 3883 7673 3885 7674 3870 7674 3871 7674 3888 7675 3884 7675 3873 7675 3889 7676 3888 7676 3875 7676 3886 7677 3857 7677 3858 7677 3883 7678 3880 7678 3862 7678 3881 7679 3869 7679 3870 7679 3882 7680 3858 7680 3859 7680 3872 7681 3873 7681 3884 7681 3876 7682 3877 7682 3887 7682 3877 7683 3855 7683 3887 7683 3887 7684 3889 7684 3876 7684 3887 7685 3855 7685 3856 7685 3890 7686 3887 7686 3886 7686 3892 7687 3886 7687 3882 7687 3894 7688 3882 7688 3880 7688 3896 7689 3880 7689 3883 7689 3898 7690 3883 7690 3878 7690 3900 7691 3878 7691 3879 7691 3901 7692 3879 7692 3881 7692 3903 7693 3881 7693 3885 7693 3905 7694 3885 7694 3884 7694 3906 7695 3884 7695 3888 7695 3908 7696 3888 7696 3889 7696 3909 7697 3889 7697 3887 7697 3887 7698 3890 7698 3910 7698 3887 7699 3910 7699 3909 7699 3889 7700 3909 7700 3908 7700 3888 7701 3908 7701 3907 7701 3888 7702 3907 7702 3906 7702 3884 7703 3906 7703 3905 7703 3885 7704 3905 7704 3904 7704 3885 7705 3904 7705 3903 7705 3881 7706 3903 7706 3902 7706 3881 7707 3902 7707 3901 7707 3879 7708 3901 7708 3900 7708 3878 7709 3900 7709 3899 7709 3878 7710 3899 7710 3898 7710 3883 7711 3898 7711 3897 7711 3883 7712 3897 7712 3896 7712 3880 7713 3896 7713 3895 7713 3880 7714 3895 7714 3894 7714 3882 7715 3894 7715 3893 7715 3882 7716 3893 7716 3892 7716 3886 7717 3892 7717 3891 7717 3886 7718 3891 7718 3890 7718 3890 7719 3891 7719 3911 7719 3891 7720 3892 7720 3911 7720 3912 7721 3892 7721 3893 7721 3913 7722 3893 7722 3894 7722 3913 7723 3894 7723 3895 7723 3914 7724 3895 7724 3896 7724 3915 7725 3896 7725 3897 7725 3897 7726 3898 7726 3915 7726 3898 7727 3899 7727 3916 7727 3899 7728 3900 7728 3917 7728 3917 7729 3900 7729 3901 7729 3918 7730 3901 7730 3902 7730 3903 7731 3919 7731 3918 7731 3918 7732 3902 7732 3903 7732 3919 7733 3903 7733 3904 7733 3920 7734 3904 7734 3905 7734 3921 7735 3905 7735 3906 7735 3907 7736 3922 7736 3921 7736 3921 7737 3906 7737 3907 7737 3907 7738 3908 7738 3922 7738 3908 7739 3909 7739 3923 7739 3909 7740 3910 7740 3923 7740 3924 7741 3910 7741 3890 7741 3924 7742 3923 7742 3910 7742 3923 7743 3922 7743 3908 7743 3921 7744 3920 7744 3905 7744 3920 7745 3919 7745 3904 7745 3918 7746 3917 7746 3901 7746 3917 7747 3916 7747 3899 7747 3916 7748 3915 7748 3898 7748 3915 7749 3914 7749 3896 7749 3914 7750 3913 7750 3895 7750 3913 7751 3912 7751 3893 7751 3912 7752 3911 7752 3892 7752 3911 7753 3924 7753 3890 7753 3796 7754 3801 7754 3926 7754 3801 7755 3798 7755 3927 7755 3798 7756 3804 7756 3929 7756 3804 7757 3800 7757 3930 7757 3800 7758 3803 7758 3931 7758 3931 7759 3930 7759 3800 7759 3930 7760 3929 7760 3804 7760 3929 7761 3928 7761 3798 7761 3928 7762 3927 7762 3798 7762 3927 7763 3926 7763 3801 7763 3926 7764 3925 7764 3796 7764 3925 7765 3803 7765 3796 7765 3933 7766 3932 7766 3928 7766 3934 7767 3933 7767 3929 7767 3935 7768 3934 7768 3930 7768 3936 7769 3935 7769 3931 7769 3937 7770 3936 7770 3925 7770 3938 7771 3937 7771 3926 7771 3939 7772 3938 7772 3926 7772 3932 7773 3939 7773 3927 7773 3927 7774 3928 7774 3932 7774 3926 7775 3927 7775 3939 7775 3925 7776 3926 7776 3937 7776 3803 7777 3925 7777 3936 7777 3931 7778 3803 7778 3936 7778 3930 7779 3931 7779 3935 7779 3929 7780 3930 7780 3934 7780 3928 7781 3929 7781 3933 7781 3940 7782 3941 7782 3939 7782 3941 7783 3942 7783 3938 7783 3942 7784 3943 7784 3936 7784 3943 7785 3944 7785 3935 7785 3944 7786 3945 7786 3934 7786 3945 7787 3940 7787 3933 7787 3932 7788 3933 7788 3940 7788 3933 7789 3934 7789 3945 7789 3934 7790 3935 7790 3944 7790 3935 7791 3936 7791 3943 7791 3936 7792 3937 7792 3942 7792 3937 7793 3938 7793 3942 7793 3938 7794 3939 7794 3941 7794 3939 7795 3932 7795 3940 7795 3946 7796 3942 7796 3941 7796 3946 7797 3947 7797 3942 7797 3948 7798 3949 7798 3944 7798 3947 7799 3951 7799 3942 7799 3951 7800 3952 7800 3943 7800 3954 7801 3940 7801 3945 7801 3954 7802 3955 7802 3940 7802 3943 7803 3942 7803 3951 7803 3953 7804 3948 7804 3944 7804 3945 7805 3944 7805 3949 7805 3945 7806 3950 7806 3954 7806 3944 7807 3943 7807 3953 7807 3945 7808 3949 7808 3950 7808 3943 7809 3952 7809 3953 7809 3941 7810 3940 7810 3956 7810 3941 7811 3956 7811 3946 7811 3940 7812 3955 7812 3956 7812 3957 7813 3958 7813 3956 7813 3958 7814 3959 7814 3946 7814 3959 7815 3960 7815 3947 7815 3960 7816 3961 7816 3951 7816 3961 7817 3962 7817 3952 7817 3962 7818 3963 7818 3953 7818 3963 7819 3964 7819 3948 7819 3964 7820 3965 7820 3949 7820 3965 7821 3966 7821 3950 7821 3966 7822 3967 7822 3954 7822 3967 7823 3968 7823 3954 7823 3968 7824 3957 7824 3955 7824 3955 7825 3954 7825 3968 7825 3954 7826 3950 7826 3966 7826 3950 7827 3949 7827 3965 7827 3949 7828 3948 7828 3964 7828 3948 7829 3953 7829 3963 7829 3953 7830 3952 7830 3962 7830 3952 7831 3951 7831 3961 7831 3951 7832 3947 7832 3960 7832 3947 7833 3946 7833 3959 7833 3946 7834 3956 7834 3958 7834 3956 7835 3955 7835 3957 7835 3969 7836 3970 7836 3957 7836 3970 7837 3971 7837 3959 7837 3958 7838 3957 7838 3970 7838 3959 7839 3958 7839 3970 7839 3971 7840 3972 7840 3960 7840 3960 7841 3959 7841 3971 7841 3972 7842 3973 7842 3961 7842 3975 7843 3964 7843 3963 7843 3976 7844 3965 7844 3964 7844 3961 7845 3960 7845 3972 7845 3962 7846 3961 7846 3973 7846 3963 7847 3974 7847 3975 7847 3964 7848 3975 7848 3976 7848 3977 7849 3967 7849 3966 7849 3973 7850 3974 7850 3963 7850 3978 7851 3966 7851 3965 7851 3979 7852 3968 7852 3967 7852 3963 7853 3962 7853 3973 7853 3965 7854 3976 7854 3978 7854 3966 7855 3978 7855 3977 7855 3967 7856 3977 7856 3979 7856 3969 7857 3957 7857 3968 7857 3968 7858 3979 7858 3969 7858 3974 7859 3973 7859 3916 7859 3915 7860 3973 7860 3972 7860 3913 7861 3972 7861 3971 7861 3971 7862 3970 7862 3912 7862 3911 7863 3970 7863 3969 7863 3923 7864 3969 7864 3979 7864 3979 7865 3977 7865 3922 7865 3977 7866 3921 7866 3922 7866 3921 7867 3977 7867 3978 7867 3919 7868 3978 7868 3976 7868 3975 7869 3918 7869 3919 7869 3919 7870 3976 7870 3975 7870 3917 7871 3975 7871 3974 7871 3917 7872 3918 7872 3975 7872 3919 7873 3920 7873 3978 7873 3920 7874 3921 7874 3978 7874 3922 7875 3923 7875 3979 7875 3923 7876 3924 7876 3969 7876 3924 7877 3911 7877 3969 7877 3911 7878 3912 7878 3970 7878 3912 7879 3913 7879 3971 7879 3913 7880 3914 7880 3972 7880 3914 7881 3915 7881 3972 7881 3915 7882 3916 7882 3973 7882 3916 7883 3917 7883 3974 7883 3981 7884 3980 7884 3826 7884 3982 7885 3981 7885 3828 7885 3983 7886 3982 7886 3828 7886 3984 7887 3983 7887 3825 7887 3980 7888 3984 7888 3829 7888 3829 7889 3815 7889 3980 7889 3825 7890 3829 7890 3984 7890 3811 7891 3825 7891 3983 7891 3828 7892 3811 7892 3983 7892 3827 7893 3828 7893 3981 7893 3826 7894 3827 7894 3981 7894 3815 7895 3826 7895 3980 7895 3985 7896 3982 7896 3983 7896 3985 7897 3981 7897 3982 7897 3985 7898 3980 7898 3981 7898 3985 7899 3984 7899 3980 7899 3985 7900 3983 7900 3984 7900 3987 7901 3988 7901 3986 7901 3988 7902 3989 7902 3986 7902 3990 7903 3991 7903 3986 7903 3991 7904 3992 7904 3986 7904 3992 7905 3987 7905 3986 7905 3993 7906 3991 7906 3990 7906 3994 7907 3990 7907 3986 7907 3995 7908 3986 7908 3989 7908 3996 7909 3987 7909 3992 7909 3996 7910 3992 7910 3991 7910 3997 7911 3991 7911 3993 7911 3998 7912 3993 7912 3990 7912 3999 7913 3990 7913 3994 7913 3999 7914 3994 7914 3986 7914 4000 7915 3986 7915 3995 7915 4001 7916 3995 7916 3989 7916 4002 7917 3989 7917 3988 7917 4003 7918 3988 7918 3987 7918 3987 7919 3996 7919 4003 7919 3988 7920 4003 7920 4002 7920 3989 7921 4002 7921 4001 7921 3995 7922 4001 7922 4000 7922 3986 7923 4000 7923 3999 7923 3990 7924 3999 7924 3998 7924 3993 7925 3998 7925 3997 7925 3991 7926 3997 7926 3996 7926 4005 7927 3996 7927 3997 7927 4006 7928 3997 7928 3998 7928 4007 7929 3998 7929 3999 7929 4009 7930 3999 7930 4000 7930 4010 7931 4000 7931 4001 7931 4011 7932 4001 7932 4002 7932 4013 7933 4002 7933 4003 7933 4014 7934 4003 7934 3996 7934 3996 7935 4004 7935 4014 7935 4003 7936 4014 7936 4013 7936 4002 7937 4013 7937 4012 7937 4002 7938 4012 7938 4011 7938 4001 7939 4011 7939 4010 7939 4000 7940 4010 7940 4009 7940 3999 7941 4009 7941 4008 7941 3999 7942 4008 7942 4007 7942 3998 7943 4007 7943 4006 7943 3997 7944 4006 7944 4005 7944 3996 7945 4005 7945 4004 7945 4009 7946 4010 7946 4015 7946 4007 7947 4008 7947 4018 7947 4012 7948 4019 7948 4016 7948 4005 7949 4006 7949 4017 7949 4009 7950 4015 7950 4018 7950 4010 7951 4011 7951 4016 7951 4016 7952 4011 7952 4012 7952 4004 7953 4005 7953 4020 7953 4012 7954 4013 7954 4019 7954 4017 7955 4020 7955 4005 7955 4017 7956 4006 7956 4007 7956 4016 7957 4015 7957 4010 7957 4014 7958 4020 7958 4019 7958 4018 7959 4008 7959 4009 7959 4019 7960 4013 7960 4014 7960 4020 7961 4014 7961 4004 7961 4018 7962 4017 7962 4007 7962 4020 7963 4021 7963 4026 7963 4020 7964 4017 7964 4021 7964 4022 7965 4021 7965 4017 7965 4017 7966 4018 7966 4022 7966 4023 7967 4022 7967 4018 7967 4018 7968 4015 7968 4023 7968 4015 7969 4024 7969 4023 7969 4015 7970 4016 7970 4024 7970 4025 7971 4024 7971 4016 7971 4016 7972 4019 7972 4025 7972 4026 7973 4025 7973 4019 7973 4019 7974 4020 7974 4026 7974 4027 7975 4025 7975 4026 7975 4027 7976 4024 7976 4025 7976 4027 7977 4023 7977 4024 7977 4027 7978 4022 7978 4023 7978 4027 7979 4021 7979 4022 7979 4027 7980 4026 7980 4021 7980 4030 7981 4031 7981 4028 7981 4031 7982 4032 7982 4028 7982 4032 7983 4033 7983 4028 7983 4033 7984 4034 7984 4028 7984 4034 7985 4035 7985 4028 7985 4035 7986 4029 7986 4028 7986 4036 7987 4034 7987 4033 7987 4037 7988 4031 7988 4030 7988 4038 7989 4029 7989 4035 7989 4038 7990 4035 7990 4034 7990 4039 7991 4034 7991 4036 7991 4040 7992 4036 7992 4033 7992 4041 7993 4033 7993 4032 7993 4041 7994 4032 7994 4031 7994 4042 7995 4031 7995 4037 7995 4043 7996 4037 7996 4030 7996 4044 7997 4030 7997 4028 7997 4045 7998 4028 7998 4029 7998 4029 7999 4038 7999 4045 7999 4028 8000 4045 8000 4044 8000 4030 8001 4044 8001 4043 8001 4037 8002 4043 8002 4042 8002 4031 8003 4042 8003 4041 8003 4033 8004 4041 8004 4040 8004 4036 8005 4040 8005 4039 8005 4034 8006 4039 8006 4038 8006 4047 8007 4038 8007 4039 8007 4048 8008 4039 8008 4040 8008 4049 8009 4040 8009 4041 8009 4051 8010 4041 8010 4042 8010 4052 8011 4042 8011 4043 8011 4053 8012 4043 8012 4044 8012 4055 8013 4044 8013 4045 8013 4056 8014 4045 8014 4038 8014 4038 8015 4046 8015 4056 8015 4045 8016 4056 8016 4055 8016 4044 8017 4055 8017 4054 8017 4044 8018 4054 8018 4053 8018 4043 8019 4053 8019 4052 8019 4042 8020 4052 8020 4051 8020 4041 8021 4051 8021 4050 8021 4041 8022 4050 8022 4049 8022 4040 8023 4049 8023 4048 8023 4039 8024 4048 8024 4047 8024 4038 8025 4047 8025 4046 8025 4051 8026 4052 8026 4057 8026 4049 8027 4050 8027 4060 8027 4054 8028 4061 8028 4058 8028 4047 8029 4048 8029 4059 8029 4051 8030 4057 8030 4060 8030 4052 8031 4053 8031 4058 8031 4058 8032 4053 8032 4054 8032 4046 8033 4047 8033 4062 8033 4054 8034 4055 8034 4061 8034 4059 8035 4062 8035 4047 8035 4059 8036 4048 8036 4049 8036 4058 8037 4057 8037 4052 8037 4056 8038 4062 8038 4061 8038 4060 8039 4050 8039 4051 8039 4061 8040 4055 8040 4056 8040 4062 8041 4056 8041 4046 8041 4060 8042 4059 8042 4049 8042 4062 8043 4063 8043 4068 8043 4062 8044 4059 8044 4063 8044 4064 8045 4063 8045 4059 8045 4059 8046 4060 8046 4064 8046 4065 8047 4064 8047 4060 8047 4060 8048 4057 8048 4065 8048 4057 8049 4066 8049 4065 8049 4057 8050 4058 8050 4066 8050 4067 8051 4066 8051 4058 8051 4058 8052 4061 8052 4067 8052 4068 8053 4067 8053 4061 8053 4061 8054 4062 8054 4068 8054 4069 8055 4067 8055 4068 8055 4069 8056 4066 8056 4067 8056 4069 8057 4065 8057 4066 8057 4069 8058 4064 8058 4065 8058 4069 8059 4063 8059 4064 8059 4069 8060 4068 8060 4063 8060 4071 8061 4072 8061 4070 8061 4072 8062 4073 8062 4070 8062 4074 8063 4075 8063 4070 8063 4075 8064 4076 8064 4070 8064 4076 8065 4071 8065 4070 8065 4077 8066 4075 8066 4074 8066 4078 8067 4074 8067 4070 8067 4079 8068 4070 8068 4073 8068 4080 8069 4071 8069 4076 8069 4080 8070 4076 8070 4075 8070 4081 8071 4075 8071 4077 8071 4082 8072 4077 8072 4074 8072 4083 8073 4074 8073 4078 8073 4083 8074 4078 8074 4070 8074 4084 8075 4070 8075 4079 8075 4085 8076 4079 8076 4073 8076 4086 8077 4073 8077 4072 8077 4087 8078 4072 8078 4071 8078 4071 8079 4080 8079 4087 8079 4072 8080 4087 8080 4086 8080 4073 8081 4086 8081 4085 8081 4079 8082 4085 8082 4084 8082 4070 8083 4084 8083 4083 8083 4074 8084 4083 8084 4082 8084 4077 8085 4082 8085 4081 8085 4075 8086 4081 8086 4080 8086 4089 8087 4080 8087 4081 8087 4090 8088 4081 8088 4082 8088 4091 8089 4082 8089 4083 8089 4093 8090 4083 8090 4084 8090 4094 8091 4084 8091 4085 8091 4095 8092 4085 8092 4086 8092 4097 8093 4086 8093 4087 8093 4098 8094 4087 8094 4080 8094 4080 8095 4088 8095 4098 8095 4087 8096 4098 8096 4097 8096 4086 8097 4097 8097 4096 8097 4086 8098 4096 8098 4095 8098 4085 8099 4095 8099 4094 8099 4084 8100 4094 8100 4093 8100 4083 8101 4093 8101 4092 8101 4083 8102 4092 8102 4091 8102 4082 8103 4091 8103 4090 8103 4081 8104 4090 8104 4089 8104 4080 8105 4089 8105 4088 8105 4093 8106 4094 8106 4099 8106 4091 8107 4092 8107 4102 8107 4096 8108 4103 8108 4100 8108 4089 8109 4090 8109 4101 8109 4093 8110 4099 8110 4102 8110 4094 8111 4095 8111 4100 8111 4100 8112 4095 8112 4096 8112 4088 8113 4089 8113 4104 8113 4096 8114 4097 8114 4103 8114 4101 8115 4104 8115 4089 8115 4101 8116 4090 8116 4091 8116 4100 8117 4099 8117 4094 8117 4098 8118 4104 8118 4103 8118 4102 8119 4092 8119 4093 8119 4103 8120 4097 8120 4098 8120 4104 8121 4098 8121 4088 8121 4102 8122 4101 8122 4091 8122 4104 8123 4105 8123 4110 8123 4104 8124 4101 8124 4105 8124 4106 8125 4105 8125 4101 8125 4101 8126 4102 8126 4106 8126 4107 8127 4106 8127 4102 8127 4102 8128 4099 8128 4107 8128 4099 8129 4108 8129 4107 8129 4099 8130 4100 8130 4108 8130 4109 8131 4108 8131 4100 8131 4100 8132 4103 8132 4109 8132 4110 8133 4109 8133 4103 8133 4103 8134 4104 8134 4110 8134 4111 8135 4109 8135 4110 8135 4111 8136 4108 8136 4109 8136 4111 8137 4107 8137 4108 8137 4111 8138 4106 8138 4107 8138 4111 8139 4105 8139 4106 8139 4111 8140 4110 8140 4105 8140 4114 8141 4115 8141 4112 8141 4115 8142 4116 8142 4112 8142 4116 8143 4117 8143 4112 8143 4117 8144 4118 8144 4112 8144 4118 8145 4119 8145 4112 8145 4119 8146 4113 8146 4112 8146 4120 8147 4118 8147 4117 8147 4121 8148 4115 8148 4114 8148 4122 8149 4113 8149 4119 8149 4122 8150 4119 8150 4118 8150 4123 8151 4118 8151 4120 8151 4124 8152 4120 8152 4117 8152 4125 8153 4117 8153 4116 8153 4125 8154 4116 8154 4115 8154 4126 8155 4115 8155 4121 8155 4127 8156 4121 8156 4114 8156 4128 8157 4114 8157 4112 8157 4129 8158 4112 8158 4113 8158 4113 8159 4122 8159 4129 8159 4112 8160 4129 8160 4128 8160 4114 8161 4128 8161 4127 8161 4121 8162 4127 8162 4126 8162 4115 8163 4126 8163 4125 8163 4117 8164 4125 8164 4124 8164 4120 8165 4124 8165 4123 8165 4118 8166 4123 8166 4122 8166 4131 8167 4122 8167 4123 8167 4132 8168 4123 8168 4124 8168 4133 8169 4124 8169 4125 8169 4135 8170 4125 8170 4126 8170 4136 8171 4126 8171 4127 8171 4137 8172 4127 8172 4128 8172 4139 8173 4128 8173 4129 8173 4140 8174 4129 8174 4122 8174 4122 8175 4130 8175 4140 8175 4129 8176 4140 8176 4139 8176 4128 8177 4139 8177 4138 8177 4128 8178 4138 8178 4137 8178 4127 8179 4137 8179 4136 8179 4126 8180 4136 8180 4135 8180 4125 8181 4135 8181 4134 8181 4125 8182 4134 8182 4133 8182 4124 8183 4133 8183 4132 8183 4123 8184 4132 8184 4131 8184 4122 8185 4131 8185 4130 8185 4135 8186 4136 8186 4141 8186 4133 8187 4134 8187 4144 8187 4138 8188 4145 8188 4142 8188 4131 8189 4132 8189 4143 8189 4135 8190 4141 8190 4144 8190 4136 8191 4137 8191 4142 8191 4142 8192 4137 8192 4138 8192 4130 8193 4131 8193 4146 8193 4138 8194 4139 8194 4145 8194 4143 8195 4146 8195 4131 8195 4143 8196 4132 8196 4133 8196 4142 8197 4141 8197 4136 8197 4140 8198 4146 8198 4145 8198 4144 8199 4134 8199 4135 8199 4145 8200 4139 8200 4140 8200 4146 8201 4140 8201 4130 8201 4144 8202 4143 8202 4133 8202 4146 8203 4147 8203 4152 8203 4146 8204 4143 8204 4147 8204 4148 8205 4147 8205 4143 8205 4143 8206 4144 8206 4148 8206 4149 8207 4148 8207 4144 8207 4144 8208 4141 8208 4149 8208 4141 8209 4150 8209 4149 8209 4141 8210 4142 8210 4150 8210 4151 8211 4150 8211 4142 8211 4142 8212 4145 8212 4151 8212 4152 8213 4151 8213 4145 8213 4145 8214 4146 8214 4152 8214 4153 8215 4151 8215 4152 8215 4153 8216 4150 8216 4151 8216 4153 8217 4149 8217 4150 8217 4153 8218 4148 8218 4149 8218 4153 8219 4147 8219 4148 8219 4153 8220 4152 8220 4147 8220</p>
        </triangles>
      </mesh>
    </geometry>
  </library_geometries>
  <library_visual_scenes>
    <visual_scene id="Scene" name="Scene">
      <node id="Forearm_4Tube_Separate" name="Forearm 4Tube Separate" type="NODE">
        <matrix sid="transform">9.78148e-4 2.07912e-4 0 0 -2.07912e-4 9.78148e-4 0 0 0 0 0.001 0 0 0 0 1</matrix>
        <instance_geometry url="#Forearm_4Tube_Separate-mesh" name="Forearm 4Tube Separate"/>
      </node>
    </visual_scene>
  </library_visual_scenes>
  <scene>
    <instance_visual_scene url="#Scene"/>
  </scene>
</COLLADA>