<?xml version="1.0" encoding="utf-8"?>
<COLLADA xmlns="http://www.collada.org/2005/11/COLLADASchema" version="1.4.1" xmlns:xsi="http://www.w3.org/2001/XMLSchema-instance">
  <asset>
    <contributor>
      <author>Blender User</author>
      <authoring_tool>Blender 2.82.7 commit date:2020-03-12, commit time:05:06, hash:375c7dc4caf4</authoring_tool>
    </contributor>
    <created>2020-04-30T12:07:08</created>
    <modified>2020-04-30T12:07:08</modified>
    <unit name="meter" meter="1"/>
    <up_axis>Z_UP</up_axis>
  </asset>
  <library_images/>
  <library_geometries>
    <geometry id="_81031_00-ASM_Base_-_DynaArm-mesh" name="081031 00-ASM Base - DynaArm">
      <mesh>
        <source id="_81031_00-ASM_Base_-_DynaArm-mesh-positions">
          <float_array id="_81031_00-ASM_Base_-_DynaArm-mesh-positions-array" count="5409">9.339641 -31.80575 -7.750572 7.09412 -33.19727 -7.006823 9.446681 -34.52074 -7.051805 10.33343 -33.74147 -0.6097728 8.726326 -30.90122 -0.5296715 7.097967 -33.77027 -0.5454134 8.718338 31.01322 -0.5373096 -2.933141 30.39765 -0.694513 30.36728 -7.695725 -0.490334 30.02816 8.344473 -0.5305885 -31.00466 -8.136257 -0.5600132 -31.64397 7.306718 -0.5618547 -3.676731 -30.37678 -0.6355471 -23.24964 -29.36923 -0.6230342 -8.53929 -36.54078 -0.599434 -1.383401 -34.81056 -0.4985975 1.576364 -34.56401 -0.499518 -0.421327 -32.46229 -0.5000488 8.245362 -36.57761 -0.6288334 24.33944 -25.94523 -0.608536 23.46402 -29.19767 -0.5889499 33.17928 -10.70945 -0.6188435 34.60461 -13.82065 -0.5148577 24.61655 27.66132 -0.5834749 -32.70096 0.75 -0.5 -32.5 0 -0.5 -34 1.5 -0.5 -36.9496 4.308962 -0.5 -34.75 1.299038 -0.5 -37.48019 -0.5337284 -0.5724382 -35.5 0 -0.5 -35.29904 -0.75 -0.5 -34.75 -1.299038 -0.5 -33.25 -1.299038 -0.5 -16.25 -30.7439 -0.5 -17.75 -30.7439 -0.5 -8.962412 -30.81945 -0.524107 -15.70096 -28.69486 -0.5 -15.5 -29.44486 -0.5 -17 -27.94486 -0.5 -17.75 -28.14583 -0.5 -20.25778 -31.20582 -0.5000301 -18.5 -29.44486 -0.5 -18.29904 -30.19486 -0.5 -7.31005 -33.80072 -0.5914605 -10.41466 -33.77638 -0.6508758 -33.06653 -10.74767 -0.6146395 -30.94486 -17 -0.5 -30.7439 -17.75 -0.5 -34.52233 -7.998371 -0.65026 -33.69723 -16.39743 -0.6488726 -31.68324 10.27341 -0.6564695 -30.7439 16.25 -0.5 -32.94021 17.58592 -0.5125414 -30.94486 17 -0.5 -34.68651 8.484472 -0.6880419 -10.75428 32.64649 -0.5722723 -23.26704 29.37913 -0.5903468 -17 30.94486 -0.5 -17.75 30.7439 -0.5 -18.29904 28.69486 -0.5 -18.5 29.44486 -0.5 -17.75 28.14583 -0.5 -16.25 28.14583 -0.5 -15.5 29.44486 -0.5 -15.70096 30.19486 -0.5 10.71688 35.48403 -0.6100469 -9.19399 35.7021 -0.567587 -0.4213252 35.53771 -0.5000348 -1.383399 33.18943 -0.4992987 1.576366 33.43598 -0.499759 -7.25171 31.93786 -0.6084604 16.25 30.7439 -0.5 19.15136 31.95259 -0.4903815 17 30.94486 -0.5 7.838826 34.28484 -0.6515011 33.25 1.299038 -0.5 34 1.5 -0.5 32.70096 -0.75 -0.5 32.5 0 -0.5 33.25 -1.299038 -0.5 36.9496 -4.308963 -0.5000001 34.75 -1.299038 -0.5 37.49382 1.262872 -0.5313941 35.5 0 -0.5 35.29904 0.75 -0.5 33.98974 10.26084 -0.6917579 33.16074 7.038243 -0.6061274 30.19486 15.70096 -0.5 30.94486 17 -0.5 30.7439 17.75 -0.5 28.69486 -15.70096 -0.5 29.44486 -15.5 -0.5 25.2199 -22.54282 -0.5855916 28.14583 -17.75 -0.5 27.94486 -17 -0.5 31.79569 -19.25837 -0.5056076 30.19486 -18.29904 -0.5 28.69486 -18.29904 -0.5 30.94486 -17 -0.5 30.7439 -16.25 -0.5 33.99523 -7.331934 -0.6723263 19.15723 -31.93004 -0.4856978 17.75 -30.7439 -0.5 16.25 -30.7439 -0.5 22.01029 -22.49864 -0.6538233 13.50121 -27.67587 -0.6892829 18.29904 -28.69486 -0.5 18.5 -29.44486 -0.5 16.25 -28.14583 -0.5 17 -27.94486 -0.5 15.5 -29.44486 -0.5 15.70096 -30.19486 -0.5 -16.97173 -25.24826 -0.8787002 -27.03141 -14.35308 -0.9050337 -22.24614 -23.02672 -0.6485102 -24.89207 -22.4509 -0.537972 -29.8104 -22.49125 -0.4724464 -24.5248 -25.44418 -0.6177608 -29.44486 -15.5 -0.5 -28.14583 -16.25 -0.5 -27.94486 -17 -0.5 -28.69486 -18.29904 -0.5 -30.19486 -18.29904 -0.5 -30.19486 -15.70096 -0.5 -30.48698 0.7198266 -0.9061222 -25.73058 23.04897 -0.5659464 -28.14583 17.75 -0.5 -27.94486 17 -0.5 -29.44486 18.5 -0.5 -26.22437 15.74781 -0.7721853 -28.69486 15.70096 -0.5 -30.19486 15.70096 -0.5 -30.19486 18.29904 -0.5 -24.08274 26.08719 -0.575881 -22.4918 23.15221 -0.6121199 -16.75331 25.35241 -0.7989795 15.44031 27.78405 -0.5184844 15.5 29.44486 -0.5 15.70096 28.69486 -0.5 17.75 28.14583 -0.5 18.5 29.44486 -0.5 18.29904 30.19486 -0.5 21.88556 22.59663 -0.6836377 25.82457 24.31121 -0.6036835 32.96086 17.80628 -0.5493997 28.69486 18.29904 -0.5 29.44486 18.5 -0.5 27.94486 17 -0.5 28.69486 15.70096 -0.5 28.14583 16.25 -0.5 29.42654 -0.5475735 -1.709506 1.137514 -34.51235 -7.349176 -0.7488316 -33.55748 -7.721491 24.63813 -23.05837 -7.749517 23.33263 -25.17486 -7.539972 17.51628 -28.43601 -7.654552 15.4493 -29.76833 -7.006055 17.58798 -30.9715 -7.046992 33.444 -7.815205 -7.749617 32.13809 -9.93316 -7.545491 29.96115 -15.99114 -7.654554 27.89417 -17.32347 -7.006055 30.03284 -18.52663 -7.046992 33.44284 9.78687 -7.747924 32.13626 7.668871 -7.543876 34.51628 1.008855 -7.654554 32.4493 -0.3234632 -7.006054 34.58798 -1.526632 -7.046992 24.57933 25.07725 -7.751378 22.3359 23.68584 -7.006823 24.68846 22.36236 -7.051805 29.96115 18.00886 -7.654553 27.89417 16.67654 -7.006055 30.03284 15.47337 -7.046992 9.213516 33.69079 -7.784775 7.094121 32.48568 -7.006823 9.446678 31.16221 -7.051804 17.51628 30.45372 -7.654553 15.4493 29.1214 -7.006055 17.58798 27.91823 -7.046992 -8.265966 33.88245 -7.748824 -10.50557 32.48569 -7.006823 -8.153019 31.16221 -7.051804 1.137511 33.48765 -7.349174 -0.7488363 34.44252 -7.721492 -23.50583 25.08188 -7.749569 -25.74736 23.68584 -7.006822 -23.3948 22.36236 -7.051805 -16.48372 30.45372 -7.654553 -18.5507 29.1214 -7.006055 -16.41202 27.91823 -7.046992 -32.24568 9.79045 -7.748556 -33.5547 7.679616 -7.547981 -28.92858 18.00886 -7.654553 -30.99556 16.67654 -7.006055 -28.85689 15.47337 -7.046992 -31.71172 -9.403537 -7.573223 -33.86336 -8.246416 -7.741899 -33.48372 1.008854 -7.654554 -35.5507 -0.3234651 -7.006054 -33.41202 -1.526632 -7.046992 -23.50412 -23.00576 -7.751253 -25.74736 -24.39743 -7.006822 -23.3948 -25.7209 -7.051805 -28.92858 -15.99114 -7.654554 -30.99556 -17.32346 -7.006054 -28.85689 -18.52663 -7.046992 -8.26204 -31.80553 -7.751309 -10.50557 -33.19727 -7.006823 -8.153017 -34.52074 -7.051805 -16.48372 -28.43601 -7.654553 -18.5507 -29.76833 -7.006055 -16.41202 -30.9715 -7.046992 33.78633 -16.27064 -0.8 -33.78633 16.27064 -0.8 37.5 0 -5 33.78633 -16.27064 -5 23.38087 -29.31868 -5 8.344535 -36.55979 -5 -8.344535 -36.55979 -5 -23.38087 -29.31868 -5 -33.78633 -16.27064 -5 -37.5 0 -5 -33.78633 16.27064 -5 -23.38087 29.31868 -5 -8.344535 36.55979 -5 8.344535 36.55979 -5 23.38087 29.31868 -5 33.78633 16.27064 -5 17.60953 -42.90328 -5.184445 32.8555 -32.72508 -5.182447 42.82392 -17.80637 -5.185949 46.37881 0 -5.224197 42.82392 17.80637 -5.18595 32.8555 32.72509 -5.182448 17.60954 42.90328 -5.184444 0 46.28216 -5.139699 -17.60953 42.90328 -5.184445 -32.8555 32.72508 -5.182447 -42.82392 17.80637 -5.185949 -46.37881 0 -5.224197 -42.82392 -17.80637 -5.18595 -32.8555 -32.72509 -5.182448 0 -46.28216 -5.139699 -17.60954 -42.90328 -5.184444 0.07508128 26.1228 -1.564991 -13.19679 22.71921 -1.934399 -22.58194 13.11993 -1.577065 -22.65316 -12.99656 -1.577065 -26.11649 0.07122379 -1.577065 13.11993 22.58194 -1.577065 22.66055 12.99638 -1.564991 -13.0731 -22.79017 -1.935041 -0.07508128 -26.1228 -1.564991 12.99656 -22.65316 -1.577065 22.58547 -13.12643 -1.564991 26.73676 -0.1943656 -1.488768 22.46558 13.83915 -8.376022 26.3176 0.5586238 -8.414908 12.74607 23.16123 -8.373394 -0.5439649 26.43304 -8.336376 -23.16081 12.74879 -8.371291 -26.4346 -0.5439295 -8.334594 -22.62182 -13.68933 -8.325238 0.5401646 -26.43067 -8.372264 13.69086 -22.6175 -8.357959 23.16386 -12.7454 -8.335095 -15.9699 20.65597 -8.536808 -9.913205 -24.15892 -8.529943 -3.737214 8.709729 -8.653703 18.18779 -8.708838 -8.66193 -0.615729 -20.01812 -8.659215 17.09218 9.794283 -8.618301 -0.2359359 20.04009 -8.565665 -3.690164 8.771428 -8.545999 -17.06237 9.91174 -8.561823 -17.09261 -10.07228 -8.635474 -9.344069 17.71474 -8.537214 19.99207 0.5412809 -8.546919 -9.939741 -17.21614 -8.564266 -19.63434 -2.023405 -8.37646 1.868233 -1.266121 -8.5 1.266121 1.868233 -8.5 -11.56702 3.768454 -8.400082 2.991921 9.189249 -8.416348 -16.56445 -1.019635 -8.415005 -10.06197 -2.860368 -8.306486 -1.74929 0.1976088 -8.50774 4.806132 14.66888 -8.32796 12.42234 15.99304 -8.497453 10.19123 11.79356 -8.37551 7.394935 7.538483 -8.368782 8.391177 -14.39692 -8.38778 3.00094 -12.94318 -8.363905 9.964951 -10.13747 -8.384789 9.963953 -17.34593 -8.500056 5.393362 -7.238471 -8.312868 20.61106 -0.2902429 -0.1127002 17.83162 -10.79146 -0.07991462 10.34475 -18.13246 -0.5480227 -0.4007768 -20.55075 -1.541652 -10.59913 -17.96346 -0.3901953 -17.92792 -10.14774 -1.547605 -20.99946 -0.04238903 -0.4710206 -17.98942 10.55734 -0.08583199 -10.9758 17.35765 -0.2449986 0.1858 20.59263 -1.554772 10.49494 18.17577 -0.480187 17.8355 10.83291 -0.1098377 1.84811 -1.373174 -5.753575 1.374345 1.844576 -5.692394 -1.84811 1.373174 -5.753575 -1.374345 -1.844576 -5.692394 -0.06188791 -21.00436 -0.0540933 -16.80428 -11.17576 -0.1941441 -1.822931 19.96149 -0.1536049 20.5564 -3.774183 0 20.5564 3.774183 0 -9.820685 0.1265323 -6.538844 -11.79433 2.967062 -6.445046 -15.42439 1.442142 -6.494638 -15.10962 -2.227684 -6.494745 -11.21654 -2.435594 -6.439535 9.37853 -11.21635 -6.538918 7.981777 -8.64873 -6.438977 4.120635 -8.843599 -6.491185 3.716435 -12.37351 -6.477515 7.244937 -14.23859 -6.474884 9.379159 11.21503 -6.539452 6.898258 14.32134 -6.433767 3.494843 11.90196 -6.48873 3.949367 9.484226 -6.496968 7.352653 7.910314 -6.505589 4.153463 -11.08512 -1.6442 6.829208 -8.932275 -1.627218 8.5 -11.08512 -1.7 6.532019 -12.40612 -0.6674527 4.153463 11.08512 -1.6442 6.532019 12.40612 -0.6674526 7.807606 9.836973 -1.142817 -15.04654 0 -1.6442 -12.66798 1.320992 -0.6674528 -10.7 0 -1.7 -12.37079 -2.152852 -1.627218 -7.345839 -13.08309 -0.07232779 2.432418 -9.066206 0.03188371 -12.23725 -10.73525 -0.01784002 -6.422706 -6.843969 -0.01196235 11.17003 -10.6031 -0.03945088 -9.124879 0.07635313 -0.01101511 15.01129 0.9942811 -0.1495012 -17.478 -1.944663 -0.04132282 9.16889 -2.305253 -0.02450776 -6.832832 6.436138 -0.01472055 -12.23234 9.161165 -0.05790233 12.95807 11.84746 -0.0296238 2.080932 9.128251 -0.05372321 3.52814 15.24394 -0.05796724 9.659619 11.66019 -0.0291841 6.856334 15.51255 -0.06705224 11.17349 14.65912 -0.05459648 -7.6653 13.16474 -0.08823132 -3.397837 15.96872 -0.1337118 -7.260714 16.51808 -0.1343891 16.5082 -2.119916 -0.1603135 -10.50841 -15.72411 -0.09125792 8.062916 4.387671 -0.02272039 18.23929 1.795652 -0.1343891 17.32472 7.930382 -0.1269106 15.03823 5.539859 -0.2044961 14.7093 8.478703 -0.1398158 -17.15585 2.138456 -0.1641641 -7.260713 -16.51808 -0.1343894 -2.597956 -15.34269 -0.1398158 0.01401215 -15.89033 -0.1297747 -2.280552 -18.29322 -0.2290455 12.95501 -13.41835 -0.04653739 17.0157 -7.877736 -0.1047313 15.38907 -4.906286 -0.1271309 13.95855 -7.825972 -0.2735503 9.66043 -13.59642 -0.06211739 5.138056 -14.28874 -0.1752909 3.681567 -17.07941 -0.2735504 6.764724 -16.89033 -0.08524191 -17.14211 -4.937983 -0.1782868 -13.86852 -8.113132 -0.1752907 -14.83705 -2.503895 -0.1638528 -17.47149 5.118482 -0.06379187 -14.82928 4.553004 -0.1100509 -15.34314 9.071048 -0.2219648 -14.01164 12.00038 -0.02573186 -0.2613285 16.19027 -0.08240854 5.137309 18.05265 -0.1600477 5.706768 17.05288 -7.076964 3.547572 15.81217 -6.306861 5.900133 14.4887 -6.351831 11.86239 13.68751 -7.05269 9.669505 12.27767 -6.306862 12.02206 10.9542 -6.351831 -0.6552027 16.34574 -6.851426 -2.560068 17.39618 -7.117013 -13.12479 11.31984 -6.708901 -14.80817 9.932334 -7.108926 -13.10645 8.313088 -6.351831 -16.09228 4.570932 -7.051539 -18.33423 3.178709 -6.306861 -15.98167 1.855237 -6.351831 -16.09167 -2.499398 -7.05209 -18.33423 -3.890289 -6.306861 -15.98167 -5.21376 -6.351831 -12.64398 -10.54839 -6.857581 -14.54007 -9.503486 -7.115214 -1.243697 -15.86679 -7.049684 -3.482701 -17.26266 -6.306861 -1.130141 -18.58613 -6.351831 6.370305 -16.72927 -6.850344 4.464287 -15.67937 -7.114127 11.86355 -11.5804 -7.053165 9.669505 -12.98925 -6.306861 12.02206 -14.31272 -6.351831 16.06356 -5.874443 -7.049684 13.82456 -7.270313 -6.306861 16.17712 -8.593785 -6.351831 16.06356 7.954604 -7.049684 13.82456 6.558734 -6.306861 16.17712 5.235261 -6.351831 6.325486 5.485714 -6.98506 8.029898 -0.4158865 -6.888969 0.4789345 8.055036 -6.826398 -5.486866 6.324498 -6.983123 -8.03941 0.4679709 -6.881869 -6.323564 -5.489248 -6.977241 -0.4680957 -8.03956 -6.881636 5.471714 -6.333276 -6.989361 1.190008 3.067917 -7.024108 -3.25629 -0.8705055 -6.995632 2.221533 -2.447308 -7.001657 2.904193 -1.376177 -5.045196 -2.44101 -2.207021 -5.099907 -0.2585632 3.195489 -5.051799 -6.579682 13.7277 -8.004302 -8.605721 16.02358 -8.755652 -9.639263 12.89172 -8.036383 18.92032 -0.9947304 -8.004302 16.8915 1.303484 -8.754443 15.86074 -1.830716 -8.036383 -6.829452 -14.38177 -8.636702 -9.65046 -12.89911 -8.014367 -10.04909 -16.32283 -8.080713 46.38774 -7.448988 -30.8312 42.4322 -20.11983 -31.1642 30.25897 -35.99863 -30.90476 14.9275 -44.47326 -30.97743 -30.19035 -36.06164 -30.9119 -46.38722 -7.456984 -30.83138 -46.12943 8.586735 -31.04711 -42.40118 20.09989 -31.14495 -30.257 35.99422 -30.85641 -15.1683 44.42061 -31.00023 30.1651 36.08441 -30.96349 46.12943 8.586734 -31.04711 -41.63044 -22.67989 -31.0896 -40.61992 -22.47037 -30.00145 0.6493407 -46.34066 -30.25983 -15.16184 -44.41462 -30.97189 40.39606 -22.87923 -30.50316 40.22631 22.95451 -29.6819 1.029428 46.52646 -30.70952 -0.562624 46.4393 -30.70932 14.91575 44.46908 -30.95044 -40.48279 22.72229 -30.48472 40.31014 25.20621 -31.2127 -39.7536 -24.16545 -30.97805 -0.4672747 -45.69873 -36.97891 -1.431614 -47.8827 -37.00703 -1.040885 -46.73177 -30.95897 0.5306823 -48.47042 -31.23306 0.8083373 -47.97354 -35.00006 1.266884 -46.42631 -36.91444 0.4374313 -48.6263 -36.91016 39.93541 -21.93426 -37.00709 39.43395 -23.99977 -36.90838 40.79097 -24.76177 -31.31809 42.14549 -23.18598 -36.95886 41.56056 22.56891 -31.1616 39.02793 22.61526 -36.99409 42.46135 24.0528 -36.96747 40.79664 24.71213 -34.99951 40.23692 25.1898 -36.99632 1.692834 47.51111 -37.05185 -0.3140676 48.79286 -36.94163 -1.667534 47.05548 -36.95206 0.7271245 45.13147 -36.96263 -39.36664 23.81441 -36.50542 -40.4393 24.83618 -31.13023 -41.91733 23.38331 -34.88616 -39.56923 21.91213 -36.9541 -42.04637 24.21693 -36.95911 -40.99123 -22.21634 -36.94781 -38.86681 -23.09898 -37.00732 -42.13203 -24.38887 -36.92417 -42.38417 -24.29977 -31.19207 -43.13825 -16.48962 -37.20152 -46.33298 7.076875 -37.20588 -46.1928 -6.46178 -37.18593 -42.61652 24.25266 -31.10622 -35.84057 29.09937 -37.21263 0.1070424 48.96667 -31.25377 -17.03717 43.6641 -37.20561 -28.69222 36.77286 -37.18558 0.2342562 48.34474 -30.97818 -29.28949 -36.67849 -37.20398 -25.55937 -40.36641 -37.19081 -4.691826 -44.55974 -37.18668 6.952871 -44.8897 -37.19798 17.11821 -43.70509 -37.19525 24.85246 -40.13719 -37.21194 38.53401 -26.95877 -37.08261 42.35063 -24.5688 -31.07802 42.85408 -24.39089 -36.99986 45.9947 -7.873799 -37.18418 47.18463 1.454105 -37.20919 43.14434 16.50144 -37.18225 42.59581 24.41886 -31.0986 32.20231 34.43068 -37.19025 17.5387 43.251 -37.191 4.606973 -44.69729 -44.15204 -4.894473 -44.52986 -44.15 -9.323371 -40.84423 -37.29161 -7.369662 -44.26481 -44.18626 0.1820824 -39.97225 -37.2 0.1449314 -39.92946 -44.15227 -36.40557 -26.33845 -44.15207 -40.99905 -18.25759 -37.2 -41.01123 -18.02619 -44.15 -38.47097 -10.81294 -37.2 -41.99643 -15.57414 -44.18745 -35.53564 -26.98796 -37.19171 -34.52594 -20.14381 -37.2 -34.48774 -20.1728 -44.14315 -41.01287 18.36038 -44.15215 -36.31106 26.37743 -37.2 -36.11676 26.50367 -44.15 -28.59976 27.91037 -37.2 -34.64981 28.51484 -44.18625 -41.13629 17.28716 -37.19196 -34.70802 19.82844 -37.2 -34.70502 19.78912 -44.14996 -4.598803 44.67613 -44.15116 4.687988 44.63502 -37.2 4.894473 44.52986 -44.15 9.871205 38.72331 -37.2 7.511996 44.15747 -44.18664 -5.604109 44.26853 -37.19163 -0.1820824 39.97225 -37.2 -0.2266693 39.95377 -44.14314 36.40557 26.33845 -44.15205 40.99905 18.25759 -37.2 41.01123 18.02619 -44.15 38.47097 10.81294 -37.2 35.22193 27.90599 -37.19682 34.52594 20.14381 -37.2 34.50791 20.08879 -44.15159 31.98767 -32.06449 -44.16496 31.3015 -32.24293 -37.2 23.31868 -32.45264 -37.2 29.07984 -34.10852 -44.17797 43.66378 -10.8846 -44.15 37.6239 -13.50022 -37.2 37.57076 -13.52003 -44.1465 34.46895 28.92202 -44.20082 8.823337 44.17098 -37.23056 -7.831559 44.37232 -44.19942 -42.29163 15.39068 -44.20016 -42.88623 13.64954 -37.21358 -34.51187 -28.98318 -44.19939 -33.26404 -30.31578 -37.2129 7.817092 -44.32096 -44.20016 41.10955 -18.30315 -44.2 44.32582 -7.808953 -44.20006 44.32939 7.316984 -37.2 39.69608 7.073722 -37.35352 39.76415 3.968251 -37.2 44.75669 3.805625 -37.28129 39.97225 0.1820824 -37.2 39.84912 -2.997006 -37.2 39.6847 -6.953082 -37.20277 38.72331 -9.871205 -37.2 39.44594 6.2391 -44.15255 41.95174 15.59543 -44.1864 39.88079 3.085803 -44.2 39.9709 1.525452 -44.2 44.32366 7.820609 -44.19945 39.87593 -2.319948 -44.14246 39.20256 -7.625502 -44.15355 45.02079 0.03019541 -44.19896 38.5311 -10.74033 -44.2 28.18097 -35.30305 -37.1392 20.14381 -34.52594 -37.2 25.48521 -36.9542 -37.34961 17.32908 -36.00886 -37.2 13.8208 -37.8445 -37.20277 10.81294 -38.47097 -37.2 7.039202 -39.66951 -37.20275 3.968251 -39.76415 -37.2 21.30653 -33.85309 -44.2 17.92566 -35.694 -44.14271 12.99862 -37.76316 -44.15374 22.50851 -38.97579 -44.19951 9.964151 -38.73907 -44.2 6.243015 -39.44652 -44.15369 15.427 -42.30043 -44.19914 3.085803 -39.88079 -44.2 -13.72381 -37.91057 -37.34619 -16.44547 -36.42089 -37.2 -19.69175 -34.81472 -37.28727 -21.90714 -39.34835 -37.15557 -25.55419 -30.73756 -37.2 -27.91037 -28.59976 -37.2 -30.41153 -25.98016 -37.28727 -22.35932 -33.16434 -37.34368 -32.35381 -23.51686 -37.34365 -14.32152 -37.27932 -44.15205 -17.26801 -36.08068 -44.2 -18.66437 -35.37854 -44.2 -15.38898 -42.29572 -44.19945 -21.96125 -33.35162 -44.14278 -26.19022 -30.17107 -44.13395 -22.48424 -39.00425 -44.19896 -28.56695 -27.99874 -44.2 -29.63895 -26.86137 -44.2 -28.92309 -34.47742 -44.20024 -32.04674 -23.82006 -44.14351 -16.38083 -41.88119 -37.23219 -31.59606 -32.04129 -37.61594 -19.01852 -40.76638 -44.15 -44.74588 -3.593731 -37.34961 -39.84912 2.997006 -37.2 -44.76873 4.189635 -37.2 -44.92651 0.4918982 -37.2 -39.3966 6.761792 -37.2 -38.72331 9.871205 -37.2 -37.70524 13.34708 -37.28727 -44.22404 -8.509677 -37.15645 -39.97225 -0.1820824 -37.2 -39.32724 -7.293711 -37.28727 -39.77766 -4.189296 -37.34365 -36.5431 16.2608 -37.34365 -39.09876 -8.443152 -44.2 -39.66488 -4.612957 -44.14292 -39.9709 -1.525452 -44.2 -44.32923 -7.834679 -44.19997 -39.87474 2.322917 -44.14271 -39.20317 7.62444 -44.15374 -45.00828 -0.005034446 -44.19951 -38.5311 10.74033 -44.2 -38.08209 12.2374 -44.2 -44.34674 7.790037 -44.19914 -36.65626 15.83865 -44.14303 -43.54661 11.34234 -37.61594 -43.37439 -11.93463 -37.62856 -1.320414 -45.21187 -59.59704 16.76339 -41.22726 -59.87145 -26.46509 -36.52593 -59.28277 -16.94228 -41.13613 -59.87306 -37.03503 -25.46561 -59.72161 -43.94786 -9.391072 -59.1542 -41.21575 -16.91534 -60.16411 -45.15719 3.306061 -59.4429 -36.45955 26.29895 -59.09934 -41.03789 17.09297 -59.81949 -26.36495 36.72899 -58.83615 -22.53656 38.97405 -44.19896 -22.03728 39.15345 -37.2 -28.93468 34.47511 -44.19945 -29.48046 34.04458 -37.1564 -0.09219652 45.02903 -59.84675 -16.59434 41.36386 -60.08456 -15.40137 42.29298 -44.19998 15.83593 41.70205 -59.50282 33.83794 29.81134 -59.42038 17.25512 41.02918 -60.59577 28.91974 34.51039 -44.19914 22.49977 38.98084 -44.19951 23.39263 38.49126 -37.22103 15.37959 42.30759 -44.19997 14.74277 42.5534 -37.15647 41.08913 17.1028 -60.35222 44.82118 -5.075573 -59.40454 43.74983 10.0935 -59.40472 32.94673 -31.07324 -59.58728 19.49627 -40.04065 -60.25867 -23.82602 32.04477 -44.14303 -23.51686 32.35381 -37.34365 -26.86137 29.63895 -44.2 -25.98016 30.41153 -37.28727 -17.92883 35.69354 -44.14246 -17.32908 36.00886 -37.2 -21.30653 33.85309 -44.2 -20.14381 34.52594 -37.2 -9.964151 38.73907 -44.2 -10.81294 38.47097 -37.2 -12.9974 37.76317 -44.15354 -13.84241 37.49935 -37.2 -4.604587 39.66315 -44.14358 -8.443152 39.09876 -44.2 -7.293711 39.32724 -37.28727 15.8375 36.65727 -44.14292 16.2608 36.5431 -37.34365 12.2374 38.08209 -44.2 13.34708 37.70524 -37.28727 21.94907 33.37108 -44.14271 22.52005 33.01185 -37.2 18.66437 35.37854 -44.2 19.82844 34.70802 -37.2 27.41953 29.03053 -44.14285 24.52424 31.60003 -44.2 25.43811 30.86637 -37.28727 32.99488 22.61278 -44.2 32.45264 23.31868 -37.2 31.03127 25.16536 -44.1341 30.50348 25.83315 -37.2 19.26068 40.54793 -37.34961 -18.75603 40.86567 -37.2 -25.48521 36.9542 -37.34961 27.77859 28.77782 -37.34367 28.40593 34.94738 -37.16409 25.8086 36.84452 -44.15 11.65058 43.44958 -44.15 -4.189296 39.77766 -37.34365 -11.95055 43.38364 -37.61594 -9.622232 43.96538 -37.21289 -32.02407 31.59613 -37.62901 -1.672218 40.54837 -69.26322 -28.49212 -28.77029 -69.26126 -13.25463 -39.45972 -67.04683 -15.56276 -36.87744 -69.95671 17.55995 -36.55366 -69.27027 14.796 -37.82383 -68.66079 32.55407 -26.06922 -66.35044 41.61051 -15.96946 -59.82085 38.01834 -13.3149 -69.55893 37.30278 -16.00504 -66.04499 41.47927 6.808527 -67.16943 42.71549 -3.042987 -64.44328 37.57395 18.67985 -65.72798 31.54847 27.31943 -66.51296 16.62931 37.12408 -69.00423 13.47072 37.34496 -70.28117 -18.31382 36.22321 -69.10513 -18.38557 40.22473 -59.98765 -28.31554 28.52374 -69.3585 -39.17629 2.457671 -70.79482 -40.02175 13.47272 -65.19603 -37.89493 -14.65981 -69.01053 42.47157 3.819903 -67.30486 23.27355 30.23293 -70.83232 13.68728 28.88257 -66.03414 12.48926 21.05638 -65.67202 36.35068 16.42236 -66.19148 39.23417 18.74292 -59.19918 40.44151 15.51982 -59.19955 36.42026 16.40263 -59.18162 36.65702 14.23639 -70.77461 -0.5090119 22.34921 -65.92937 0.9274004 31.37729 -67.56196 1.086654 34.20406 -71.95664 0.4308434 28.33766 -65.04003 -0.9766387 19.34251 -71.33735 36.68258 7.220936 -71.38992 0.7598228 31.63673 -75.70758 -0.3491626 24.13059 -77.20555 -16.9417 25.24651 -76.2311 -16.06236 31.73991 -77.1262 -22.34818 29.20374 -71.60092 -19.53306 22.77648 -71.45503 -15.25149 36.69477 -69.98387 -17.50584 34.82657 -74.32841 -19.76983 28.74923 -75.62459 33.21529 -13.15829 -71.35 33.19798 -5.623679 -71.77036 39.70636 -5.985005 -70.15354 30.7841 5.599413 -71.67866 28.28739 -0.4308404 -71.87387 32.72868 3.491204 -76.21031 32.26288 -2.529687 -75.8167 42.61965 -0.7940964 -76.35876 42.70251 -4.638206 -72.7054 42.66249 3.987071 -75.50318 42.61856 6.387214 -72.01971 24.24139 -29.47002 -70.88788 14.35494 -26.68353 -65.10173 13.0827 -20.13011 -66.0912 0.2655568 -22.52746 -66.58919 -0.3175001 -19.83066 -71.44726 1.305365 -27.72573 -65.0013 2.030807 -31.47089 -67.38053 2.240643 -34.09665 -71.95018 37.90871 -17.31217 -59.20419 38.30913 -13.32987 -59.14672 3.03446 -39.53879 -70.45822 1.898684 -31.54835 -75.69629 0.500192 -24.14911 -77.16943 -15.9816 -25.74369 -76.17683 -20.32949 -32.96891 -70.98936 -18.2564 -23.34043 -71.53759 -21.40303 -27.17889 -71.45564 -16.78848 -30.77094 -77.00844 -15.84804 -35.20678 -74.8853 -13.36273 -39.79568 -59.12309 -16.55779 -37.25821 -59.18687 14.85084 -37.384 -59.15822 18.93881 -37.74654 -59.19668 -36.63421 -17.88414 -68.71516 -37.43238 -14.81709 -59.15878 -37.71585 -18.92798 -59.19657 -37.21267 16.89757 -68.73605 -37.39512 14.18309 -69.52438 -37.09727 14.95926 -59.15107 -40.82892 14.15514 -59.19766 -31.87321 -19.4867 -71.23799 -36.08863 -8.806966 -71.25858 -31.36926 20.64264 -71.23754 13.26096 39.2247 -59.12368 17.32192 37.87545 -59.19991 -15.46041 40.31674 -59.14337 -17.06196 36.30202 -59.1833 42.51995 -3.487947 -68.19929 37.58317 2.77864 -75.52624 41.79483 4.248919 -73.79129 41.63402 -1.898711 -74.66704 41.02437 -4.088335 -69.9213 41.0965 -1.294858 -66.29451 40.79507 2.180984 -66.05206 40.17953 5.403757 -69.67311 40.02275 4.126285 -74.24614 40.26059 -2.225589 -74.65603 39.48184 -4.169207 -69.95256 39.28159 1.432792 -66.39839 39.00901 5.220152 -71.01526 38.9439 1.256587 -75.56922 38.9109 -2.509538 -74.49156 38.09962 -4.076283 -69.48609 38.25289 -0.4501591 -66.11805 37.80569 3.949094 -67.08437 37.62694 5.553433 -71.86392 41.29019 5.947305 -69.77591 40.99636 3.184949 -75.82472 37.76435 -3.473066 -74.02343 35.99957 -4.242944 -71.99116 35.96262 -0.8891372 -75.63658 35.70936 4.628381 -73.80142 35.80297 4.250599 -67.12899 35.81397 -0.7100984 -65.88092 35.1723 -2.492215 -68.31256 34.6852 3.688627 -70.90795 34.70806 -2.514292 -71.70605 34.8538 0.1618008 -74.24678 34.53105 -5.45592 -70.23661 34.8677 -3.574943 -66.54847 34.97523 0.7499962 -64.8635 34.5875 6.886405 -69.83151 30.76841 4.760656 -70.87082 32.86236 3.705147 -73.53681 31.65274 -0.7728817 -74.96523 31.74098 -4.360818 -70.74344 28.87007 0.3674071 -70.767 37.50563 -6.091096 -70.04539 37.27367 7.369241 -70.029 40.15858 6.116174 -66.3837 40.35442 -4.722995 -66.33477 42.19773 0.376576 -63.52552 36.42419 13.89304 -69.7023 36.99713 -12.41128 -69.703 41.95409 12.58837 -59.40235 43.84486 0.7653139 -59.32457 42.3401 -11.11031 -59.35787 35.45992 -14.96944 -65.44302 15.88524 -16.0725 -70.18278 35.67477 -14.30285 -59.19808 36.91427 -18.31245 -65.2559 30.55904 -27.32543 -65.51286 14.96666 -19.34636 -65.27072 16.4839 -27.15391 -64.34553 23.0433 -32.13941 -68.90808 17.58178 -32.09147 -70.54128 38.50326 -20.79228 -59.44274 31.58991 -30.41116 -59.34337 22.10519 -37.78004 -59.36 13.66361 -37.55554 -68.55751 16.35816 -35.24703 -69.47823 15.70081 -35.32014 -59.20584 12.6908 -41.78641 -59.33899 0.8250048 -43.82538 -59.33247 -11.0834 -42.37405 -59.37732 -0.7281646 -39.05888 -69.85475 -13.0764 -36.36742 -70.21989 -15.12902 -35.47624 -71.54023 -14.20961 -36.03603 -59.20294 -20.69809 -38.48451 -59.45142 -20.30834 -31.80981 -70.67061 -16.30454 -32.0557 -76.23504 -19.20167 -24.78989 -70.88722 -16.00003 -26.1887 -75.48372 0.4077036 -34.38305 -70.50529 -2.401429 -20.5513 -69.87339 -1.578765 -23.53724 -74.79114 -0.8537613 -27.41202 -76.13026 -0.07607614 -31.46651 -74.33032 -12.82343 -15.60504 -69.45446 -30.47284 -31.50745 -59.32232 -37.74823 -22.14748 -59.3734 -35.92909 -14.82554 -69.57153 -35.44903 -15.79846 -59.19828 -41.83604 -12.63982 -59.34741 -43.82593 -0.764989 -59.31835 -42.3398 11.03626 -59.41332 -39.72114 -0.7138997 -68.81677 -35.99885 16.59329 -68.93445 -36.46964 13.19671 -69.8889 -36.25741 13.87733 -59.20075 -38.47029 20.76119 -59.52894 -31.55387 30.42477 -59.32232 -22.12886 37.76825 -59.32866 -27.08605 28.936 -68.94207 -17.32301 35.23455 -69.30137 -27.96777 -27.4152 -69.82198 -23.74646 -24.94486 -69.76016 -33.99663 -14.04048 -70.76385 -36.33868 0.3509032 -70.65714 -31.212 15.32994 -69.5536 -20.8666 31.55755 -70.67474 -23.9653 25.14808 -70.38392 -17.09503 25.53705 -75.31893 -17.96975 30.27861 -76.37165 -15.84584 34.89572 -73.19361 -20.39846 25.54653 -71.00093 -15.48291 35.41314 -59.20705 -12.46327 41.89586 -59.59543 -14.38595 35.88704 -70.18332 -1.555048 29.11997 -76.00663 -2.409183 23.48669 -75.04717 -0.855209 34.27402 -70.64363 -0.7013165 43.84067 -59.24955 11.44684 41.67319 -59.6749 -3.896082 39.23218 -69.33164 3.797334 39.12303 -69.52393 14.62941 35.69001 -69.97262 13.87774 36.0427 -59.1981 20.53596 38.53794 -59.43618 30.50933 31.49511 -59.34337 37.47066 22.69571 -59.31892 14.36086 11.42314 -59.2 2.39929 18.90275 -59.20145 7.258261 -17.37233 -59.19432 -18.14844 -2.712303 -59.2 -14.36086 -11.42314 -59.2 18.14844 2.712303 -59.2 35.16367 15.82903 -59.19023 17.07316 -6.725297 -59.2 -6.725297 -17.07316 -59.2 -11.42314 14.36086 -59.2 -17.07316 6.725297 -59.2 36.38658 19.55076 -65.051 34.85509 16.22662 -65.45634 15.61952 16.36456 -70.35049 29.77418 28.10815 -65.56822 14.26701 19.76054 -65.40152 15.26892 26.13522 -63.93065 19.30895 32.75252 -70.22245 -3.106127 20.15239 -69.68527 -14.04948 15.68224 -69.89793 -11.67737 14.67875 -68.48384 2.550535 19.09882 -68.18934 -2.519779 22.45658 -65.11058 -1.215408 30.71676 -64.34454 12.8524 13.65851 -68.62838 13.29938 -13.24044 -68.64059 18.43078 5.200418 -68.78847 21.15046 -1.488164 -70.31915 18.18622 -5.258168 -68.62468 3.690138 -18.79493 -67.95962 0.05213129 -31.71209 -65.00914 -0.8645053 -26.99757 -63.6019 -1.769879 -22.3486 -65.35813 -4.060221 -18.3257 -68.81183 -12.4388 13.77136 -66.1037 -24.54109 23.93702 -66.41695 -11.88802 -14.22948 -66.10008 -23.88136 -24.52022 -66.59785 -13.83932 -12.95918 -66.93483 -18.55495 4.074173 -67.1 -14.36431 12.49983 -66.8421 -18.45177 -4.342222 -67.1 -29.27736 -16.66728 -69.20162 -33.18312 -7.961878 -69.18313 -33.45205 4.970767 -69.19879 -25.32154 23.06257 -69.1 -15.28206 13.14604 -70.6 -19.67072 0.1725958 -70.61315 -14.71226 -13.30892 -70.6 -20.27072 -19.02243 -69.35957 -20.97918 18.23838 -69.73136 -27.40915 5.721774 -70.6 -27.68335 -5.600977 -69.78256 -26.77368 9.940741 -69.10118 -24.83551 -13.10123 -69.1 -29.76037 7.454903 -69.10488 -28.17193 4.470176 -69.10048 -29.65306 12.38086 -69.09671 -31.7915 -3.964935 -68.97837 -30.52734 2.215074 -70.21916 -25.05261 14.21054 -69.04785 -27.4552 17.31738 -69.09474 -29.34183 13.95112 -69.1006 -24.49036 -15.33923 -69.31638 -30.34037 -13.92394 -69.1 -26.51436 -13.63534 -69.36511 -25.49421 -18.1948 -69.10101 -31.3874 -10.73012 -69.10101 -28.599 -13.39773 -69.09249 -26.40063 -10.63257 -70.12623 -30.76763 -8.337324 -68.88617 -31.69606 9.198172 -69.32001 -29.63894 15.39569 -71.03813 -26.74641 17.66542 -71.04184 -24.51201 15.02667 -71.27027 -28.29892 7.669832 -71.00828 -31.6265 11.3451 -71.20572 -28.85563 12.70085 -71.13785 -26.84521 11.8329 -71.21157 -33.68217 4.878943 -71.17276 -30.22917 7.466532 -71.192 -28.06264 4.928359 -71.31967 -29.20688 -8.162436 -71.27883 -32.45538 -7.682854 -71.15154 -31.23686 -3.06005 -71.29021 -27.87821 -5.533647 -71.18813 -30.61215 -13.08509 -71.10552 -31.25447 -9.859558 -71.19184 -28.42178 -8.769921 -70.38444 -28.55402 -17.58397 -70.98149 -27.79991 -13.57738 -71.25024 -23.98125 -15.53992 -71.33593 -14.5736 -11.46791 -70.98418 -11.68261 14.37305 -70.88358 -20.28496 2.327185 -70.98474 5.986878 16.11611 -70.40283 16.98783 3.286101 -70.45661 17.13996 -7.05653 -70.81779 14.48589 11.57694 -70.73471 11.24538 -13.14605 -70.34159 2.515205 -18.28403 -70.71603 -5.685996 -16.33569 -70.45352 -3.000372 17.46386 -70.06164 12.26189 11.04065 -70.1 -11.04065 12.26189 -70.1 15.69243 -5.098781 -70.1 3.430543 -16.13944 -70.1 -12.26189 -11.04065 -70.1 -16.13944 -3.430543 -70.1 -15.69243 5.098781 -70.1 11.04065 -12.26189 -59.2 15.69243 -5.098781 -59.2 16.13944 3.430543 -59.2 12.26189 11.04065 -59.2 0.2544291 17.08588 -59.19483 -11.04065 12.26189 -59.2 -15.69243 5.098781 -59.2 -16.13944 -3.430543 -59.2 -12.26189 -11.04065 -59.2 -5.098781 -15.69243 -59.2 3.430543 -16.13944 -59.2 -0.2531046 -30.33105 -66.9073 -1.563774 -23.40014 -67.64643 1.895502 -30.71488 -73.01445 0.359167 -22.81113 -72.88392 1.077827 -26.50831 -75.43344 -1.157293 31.04786 -68.23306 -0.164233 30.90348 -72.96256 -1.737901 27.38204 -65.76657 -2.39909 23.20746 -68.1102 -0.4237126 22.8946 -73.08982 0.2374765 27.06918 -75.43344 -0.4040978 23.01844 -67.64643 29.32968 -27.73454 -38.8147 29.40508 -28.10475 -44.2 27.40026 -29.17915 -44.2 36.58134 -20.34707 -44.10945 34.88144 -20.4978 -44.03548 35.50014 -20.49602 -37.4804 13.1292 -11.88601 -59.53498 11.5425 -12.81925 -59.2 3.586477 -16.87305 -59.2 5.42722 -16.85819 -59.53498 -5.330543 -16.40573 -59.2 -3.728978 -17.31323 -59.53498 -12.81925 -11.5425 -59.2 -11.88601 -13.1292 -59.53498 -16.87305 -3.586477 -59.2 -16.85819 -5.42722 -59.53498 -16.40573 5.330543 -59.2 -17.31323 3.728978 -59.53498 -11.5425 12.81925 -59.2 -13.1292 11.88601 -59.53498 0.4887046 17.78106 -59.11334 9.689209 15.30263 -59.66429 -2.930391 17.13695 -59.58829 12.81925 11.5425 -59.2 16.87305 3.586477 -59.2 16.85819 5.42722 -59.53498 16.40573 -5.330543 -59.2 17.31323 -3.728978 -59.53498 4.60481 17.36539 -59.38756 -8.047635 17.18825 -59.22091 -17.67764 -2.641938 -59.31011 -13.98832 -11.12681 -59.31011 2.641938 -17.67764 -59.31011 11.12681 -13.98832 -59.31011 -16.63026 6.550831 -59.31011 -6.550831 -16.63026 -59.31011 16.63026 -6.550831 -59.31011 13.98832 11.12681 -59.31011 17.67764 2.641938 -59.31011 -36.0417 26.18583 -53.2 -36.89945 24.42321 -53.2 -31.01523 31.56133 -53.2 -40.69845 18.12012 -53.2 -41.17098 16.21768 -53.2 40.69845 -18.12012 -53.2 41.17098 -16.21768 -53.2 36.89945 -24.42321 -53.2 43.57648 -9.262466 -53.2 43.64314 -7.303357 -53.2 43.57648 9.262466 -53.2 42.84053 11.07931 -53.2 44.20788 1.930158 -53.2 40.69845 18.12012 -53.2 39.60084 19.74425 -53.2 4.656743 44.30595 -53.2 -4.656743 44.30595 -53.2 -5.905062 43.93008 -53.17773 -43.57648 9.262466 -53.2 -43.64314 7.303357 -53.2 -43.57648 -9.262466 -53.2 -42.84053 -11.07931 -53.2 -44.20788 -1.930158 -53.2 -40.69845 -18.12012 -53.2 -39.60084 -19.74425 -53.2 -36.0417 -26.18583 -53.2 -34.63041 -27.54627 -53.2 -29.80977 -33.1071 -53.2 -28.14646 -34.14439 -53.2 -13.76671 -42.36957 -53.2 -11.8253 -42.64065 -53.2 -20.43238 -39.25023 -53.2 -4.656743 -44.30595 -53.2 -2.701398 -44.16746 -53.2 36.0417 -26.18583 -53.2 31.01523 -31.56133 -53.2 36.0417 26.18583 -53.2 34.63041 27.54627 -53.2 29.80977 33.1071 -53.2 28.14646 34.14439 -53.2 22.275 38.58143 -53.2 20.43238 39.25023 -53.2 2.701398 44.16746 -53.2 11.8253 42.64065 -53.2 -44.55 0 -53.2 -22.275 -38.58143 -53.2 4.656743 -44.30595 -53.2 6.540566 -43.76395 -53.2 13.76671 -42.36957 -53.2 15.49668 -41.44775 -53.2 22.275 -38.58143 -53.2 23.77551 -37.32007 -53.2 29.80977 -33.1071 -53.2 44.55 0 -53.2 13.76671 42.36957 -53.2 -23.77551 37.32007 -53.2 -13.76671 42.36957 -53.2 -29.80977 33.1071 -53.2 -22.275 38.58143 -53.2 -5.916255 43.88801 -52.84962 12.67586 42.43299 -52.86773 28.83904 33.60872 -52.86773 40.01565 18.97323 -52.86773 44.27323 1.057047 -52.86773 40.87556 -17.04186 -52.86773 30.41011 -32.19412 -52.86773 14.6865 -41.7797 -52.86773 -3.576555 -44.14119 -52.86773 -21.22118 -38.87027 -52.86773 -35.19649 -26.87831 -52.86773 -43.08598 -10.23888 -52.86773 -43.52553 8.170965 -52.86773 -36.43912 25.16798 -52.86773 -22.73793 38.03659 -52.89037 -10.73838 13.49999 -60.2 -2.549712 17.06052 -60.2 -3.103457 17.03219 -59.71496 -16.0497 6.322146 -60.2 -11.20377 13.19858 -59.71496 -17.06052 -2.549712 -60.2 -16.30204 5.828425 -59.71496 -13.49999 -10.73838 -60.2 -17.03219 -3.103457 -59.71496 -6.322146 -16.0497 -60.2 -13.19858 -11.20377 -59.71496 2.549712 -17.06052 -60.2 -5.828425 -16.30204 -59.71496 10.73838 -13.49999 -60.2 3.103457 -17.03219 -59.71496 16.0497 -6.322146 -60.2 11.20377 -13.19858 -59.71496 17.06052 2.549712 -60.2 16.30204 -5.828425 -59.71496 13.49999 10.73838 -60.2 17.03219 3.103457 -59.71496 6.322146 16.0497 -60.2 13.19858 11.20377 -59.71496 5.828425 16.30204 -59.71496 -3.482521 16.38397 -60.2 5.176034 15.9302 -60.2 -11.20794 12.44768 -60.2 -12.44768 -11.20794 -60.2 -16.38397 -3.482521 -60.2 -5.176034 -15.9302 -60.2 12.44768 11.20794 -60.2 3.482521 -16.38397 -60.2 11.20794 -12.44768 -60.2 15.9302 -5.176034 -60.2 16.38397 3.482521 -60.2 -15.9302 5.176034 -60.2 29.40619 -20.3201 -67.64842 30.53643 -23.66625 -67.97618 30.36729 -23.63175 -73.07562 29.80755 -20.24007 -74.14984 29.45009 -17.63856 -70.9296 31.04677 -24.95085 -71.04448 25.8466 -19.08304 -66.9286 19.8926 -19.29714 -68.99414 20.22767 -20.38158 -73.66403 21.10877 -26.53021 -68.72886 20.87427 -23.2934 -66.53395 21.67333 -26.48161 -72.80434 19.36834 -22.51704 -74.44453 18.0228 -19.45719 -72.05765 18.94149 -22.40964 -66.38786 19.22701 -27.36093 -71.48279 19.24388 -25.70917 -74.36409 19.47781 -25.38885 -66.7454 18.24922 -19.19004 -68.77577 17.63907 -27.75439 -69.22795 17.3655 -23.82833 -74.85384 15.93172 -19.66915 -72.00238 16.19874 -20.87451 -67.44673 16.95563 -24.51642 -66.29045 17.21906 -26.70794 -73.71726 16.64157 -23.00415 -74.93399 8.276354 -29.39758 -68.67203 6.892923 -22.49689 -73.71866 9.468659 -20.73623 -69.8959 8.93317 -26.05393 -66.2116 10.46201 -29.3481 -71.42088 7.790997 -27.48174 -74.53517 8.640434 -24.42592 -74.94557 2.248317 -24.09439 -67.02687 2.76304 -27.13897 -66.07836 3.228337 -29.8048 -68.44416 3.21004 -29.79978 -72.95314 2.099371 -24.36978 -73.9643 1.911465 -22.65262 -70.10358 3.199927 -26.76495 -75.22303 -4.506058 -31.02075 -72.34246 -4.453369 -30.88524 -68.95997 -4.821485 -29.13355 -67.66081 -5.242963 -24.69819 -69.27816 -4.2423 -24.76148 -72.31227 -5.322471 -27.52156 -74.1383 -6.429973 -25.35942 -69.56064 -7.459958 -27.33832 -67.82025 -5.188507 -30.84589 -71.75106 -6.174088 -26.73594 -73.29028 3.246609 -28.94956 -70.20113 2.611749 -25.57749 -72.86299 2.35006 -24.26487 -70.07422 2.839791 -26.7171 -68.03959 2.9239 -27.86372 -72.46369 2.746653 -27.33051 -69.71794 2.358138 -25.17523 -69.2139 29.31555 23.64023 -67.59907 28.82693 20.66397 -67.35437 28.76157 19.72692 -73.04115 29.37845 23.13326 -74.14984 29.83455 25.30916 -70.37873 28.82454 18.13762 -70.20553 29.55196 26.33103 -70.89179 20.40612 27.40416 -68.94799 20.34669 26.27703 -73.67326 19.57097 20.15087 -68.64493 19.92577 23.3322 -66.55017 19.73458 20.00952 -72.74862 18.85277 23.42437 -74.51152 19.01382 27.7946 -71.48461 18.39405 24.69738 -66.32254 17.55687 20.17439 -69.11753 17.9736 20.30831 -72.39064 17.75999 21.6713 -66.80509 17.79575 25.75341 -74.60159 18.86648 28.03321 -68.74079 16.37924 20.69749 -73.32138 16.60074 28.30066 -72.11951 16.39465 27.16722 -67.45003 15.78938 23.50312 -66.32646 15.25269 20.20178 -69.87555 15.33158 21.05202 -73.51226 15.8923 24.73741 -74.94261 11.95961 22.11619 -67.29895 8.408084 21.1296 -71.2112 7.892787 25.22359 -66.23657 6.396262 23.77087 -74.46343 5.898388 22.74425 -67.46728 9.519824 26.40087 -74.78807 6.889292 28.83806 -73.83956 9.45922 29.71489 -69.82453 6.802042 27.67526 -66.62049 1.589598 25.88831 -66.65545 1.048352 22.64664 -69.80444 1.574135 25.23664 -74.5209 2.007546 27.09538 -75.19419 2.275696 30.33611 -71.99881 2.199504 29.87387 -68.36862 -6.654613 24.66893 -72.29748 -6.688237 25.03066 -68.97042 -6.447988 26.77191 -67.62965 -6.101414 29.69757 -68.05039 -5.720082 30.88426 -69.57288 -4.164392 30.53026 -72.31226 -6.117105 29.06647 -73.5956 -7.25596 25.33101 -72.01841 1.364612 24.5129 -72.33676 1.827809 27.55001 -72.7675 1.978256 28.44234 -70.1459 1.858642 27.53273 -68.36172 1.529364 25.47406 -69.1275 1.503678 25.60426 -71.50119 -23.38269 -13.5 -0.5 -27 -1.15423e-6 -0.5 -27 1.15423e-6 2.5 -23.38269 -13.5 2.5 -13.5 -23.38269 2.5 1.54017e-6 -27 2.5 -13.5 -23.38269 -0.5 3.05876e-6 -27 -0.5 13.5 -23.38269 -0.5 23.38269 -13.5 -0.5 13.72458 -23.29659 2.499547 23.38269 -13.5 2.5 27 -1.9605e-6 2.5 27 -1.08311e-6 -0.5 23.32457 13.68292 2.499821 23.38269 13.5 -0.5 13.5 23.38269 -0.5 13.69374 23.3173 2.499596 -1.15423e-6 27 -0.5 -13.5 23.38269 -0.5 1.15423e-6 27 2.5 -23.38269 13.5 -0.5 -15.95287 22.22571 2.499101 -9.38996 -30.87499 -0.421245 -32.9244 6.723536 -0.4525716 30.8262 8.031832 -0.3890607 1.373279 32.82839 -0.4286903 34 -1.5 -0.5 37.56224 4.232942 -0.5 34.75 1.299038 -0.5 29.44486 15.5 -0.5 24.78253 22.07302 -0.4807083 30.19487 18.29904 -0.5 25.64457 -22.33292 -0.3485537 29.44487 -18.5 -0.5 22.09534 -25.51849 -0.4577134 17.75 -28.14583 -0.5 -22.20413 -24.62682 -0.4539371 -16.25 -28.14583 -0.5 -6.774261 -32.17607 -0.2928435 32.25889 10.80141 -0.2691014 -31.04351 9.451047 -0.5141435 -9.768959 30.87601 -0.5135278 -0.3940805 -32.18466 -0.3045908 1.897973 -33.94951 -0.4294676 -0.7524093 -35.37387 -0.3956934 -37.77517 3.186044 -0.5006133 -35.64768 9.955952 -0.1262591 -32.00894 20.12848 -0.5000646 -29.44486 15.5 -0.5 -28.69486 18.29904 -0.5 -26.76144 26.91157 -0.507691 -20.09162 32.0312 -0.5000169 -21.91919 25.31499 -0.2761166 -23.82784 21.90649 -0.2084841 -25.89158 24.04355 -0.4203452 -16.25 30.7439 -0.5 -13.582 35.27562 -0.5 -9.690015 34.74559 -0.2783072 -5.998224 37.41255 -0.5033244 -6.595736 33.33591 -0.4162594 -1.647992 33.24672 -0.3141785 6.530725 37.40526 -0.5075652 -0.3940804 35.81534 -0.3045906 21.12127 31.512 -0.5007577 9.240737 35.06147 -0.2911741 10.28442 31.0349 -0.2950303 22.01251 23.81895 -0.406114 6.70206 32.35515 -0.2916288 17.75 30.7439 -0.5 24.11681 25.90706 -0.3649616 28.43931 24.98013 -0.495818 34.79867 15.43679 -0.5155777 34.84383 8.959478 -0.4736948 37.78919 -2.564141 -0.502085 35.63763 -9.960179 -0.2234013 31.35848 -10.48348 -0.3420758 31.15305 -21.50791 -0.4992938 32.19979 -6.766175 -0.2943898 30.19486 -15.70096 -0.5 26.13734 -25.94239 -0.390017 21.21813 -31.40544 -0.5023722 10.27422 -31.1489 -0.3212893 17 -30.94486 -0.5 9.431659 -36.73219 -0.5057117 9.726524 -34.64027 -0.302083 6.590776 -33.55047 -0.3102632 -8.767864 -36.83552 -0.5014171 -10.19929 -34.37154 -0.3864161 -21.20176 -31.63925 -0.5060222 -17 -30.94486 -0.5 -29.44486 -18.5 -0.5 -25.20516 -22.01912 -0.3230845 -25.25843 -25.81349 -0.3119749 -32.88398 -19.04921 -0.5051499 -28.69486 -15.70096 -0.5 -31.25137 -10.49935 -0.3519704 -37.56224 -4.232941 -0.5 -34.63279 -9.757454 -0.2774264 -33.66159 -6.725736 -0.3801625 -34 -1.5 -0.5 -33.25 1.299038 -0.5 17 27.94486 -0.5 -17 27.94486 -0.5 -35.60526 0.1105312 2.5 -33.50754 -1.491716 2.5 -32.678 0.9478862 2.5 -31.05012 -16.88947 2.5 -28.12287 -16.05212 2.5 -31.05012 17.11053 2.5 -28.95241 15.50828 2.5 -28.12287 17.94789 2.5 -18.49172 -29.93732 2.5 -16.50755 -30.93658 2.5 -16.58409 -28.05602 2.518812 -18.60526 29.5554 2.5 -16.50754 27.95315 2.5 -15.678 30.39275 2.5 15.39474 -29.33433 2.5 17.49246 -30.93658 2.5 15.39474 29.5554 2.5 17.49246 27.95315 2.5 18.322 30.39275 2.5 27.83961 -16.88947 2.5 29.93732 -18.49172 2.5 30.76686 -16.05212 2.5 27.83961 17.11053 2.5 30.07698 14.47883 2.672689 30.76686 17.94789 2.5 32.39474 0.1105312 2.5 34.49245 -1.491716 2.5 35.322 0.9478862 2.5 -34.05662 -16.40081 -2.7 -37.8 0 -2.7 -23.56792 -29.55323 -2.7 -8.411292 -36.85227 -2.7 8.411292 -36.85227 -2.7 23.56792 -29.55323 -2.7 34.05662 -16.40081 -2.7 37.8 0 -2.7 34.05662 16.40081 -2.7 23.56792 29.55323 -2.7 8.411292 36.85227 -2.7 -8.411292 36.85227 -2.7 -23.56792 29.55323 -2.7 -34.05662 16.40081 -2.7 36.06245 36.06245 -2.7 47.11785 19.51686 -2.7 51 0 -2.7 0 51 -2.7 47.11785 -19.51686 -2.7 -19.51686 47.11785 -2.7 36.06245 -36.06245 -2.7 0 -51 -2.7 -19.51686 -47.11785 -2.7 -47.11785 19.51686 -2.7 -36.06245 36.06245 -2.7 19.51686 47.11785 -2.7 19.51686 -47.11785 -2.7 -36.06245 -36.06245 -2.7 -47.11785 -19.51686 -2.7 -51 0 -2.7 0.4108259 32.24032 2.306636 3.439687 34.5994 2.545348 -1.385449 34.85445 2.348712 0.4108257 -35.75968 2.306636 3.247621 -33.01212 2.533559 -1.369875 -33.12884 2.304407 -4.686652 34.74426 2.408318 -12.16245 35.9094 2.391639 -9.905656 28.97644 2.179999 -20.25741 26.60624 2.453684 -26.6097 27.83096 2.459419 -27.83096 21.47356 2.459419 -21.22516 19.26177 2.573144 -29.03312 11.38081 2.480807 -36.25667 11.86984 2.326712 -34.83909 4.681173 2.459419 -29.56842 5.84128 2.49603 11.88333 36.26482 2.349948 5.846733 29.57445 2.488112 11.36791 29.05215 2.459419 -30.31069 -4.798339 2.389981 -36.98083 -6.792195 2.480807 -35.79595 -12.06838 2.490089 -30.26856 -12.59634 2.467473 27.82586 26.60624 2.453684 21.47702 27.82586 2.453684 19.00775 20.20974 2.68972 26.60624 20.25741 2.453684 -19.96225 -22.32729 2.355217 -28.32337 -19.17818 2.728459 -28.23455 -25.39503 2.490089 -23.71109 -28.62395 2.474936 36.63478 11.37061 2.46389 30.1451 5.228188 2.380052 36.1085 5.846731 2.488112 -6.065652 -29.38717 2.450309 -12.92631 -30.84008 2.467473 -11.75433 -36.11001 2.490089 -6.235239 -36.6257 2.453684 36.6308 -6.231781 2.459419 29.47357 -5.929865 2.385486 29.88836 -12.06687 2.488112 35.41617 -12.59895 2.47041 11.75822 -29.56864 2.495747 7.447077 -28.65049 2.488112 6.792195 -36.98083 2.480807 12.92285 -34.84119 2.46389 27.82586 -21.47702 2.453684 20.24462 -19.02928 2.684641 18.93659 -27.76617 2.67301 26.6097 -27.83096 2.459419 -27.52776 -43.66554 2.536309 -1.642086 -51.27753 2.499837 33.79487 -38.58887 2.500108 -51 0 2.5 -45.54101 24.46818 2.51269 46.04204 23.87274 2.523469 -26.08015 44.1612 2.501393 23.80458 45.59593 2.53629 -2.053971 51.25287 2.500041 -45.7003 -23.55445 2.501002 17.12352 -48.20659 2.498292 43.25737 -27.07742 2.49993 51.15548 -4.569154 2.500848 -55 0 -1.5 -40.64549 37.05326 -1.5 -51.28597 19.86829 -1.5 -24.51561 49.23398 -1.5 15.05146 52.90041 -1.5 -5.07476 54.76538 -1.5 33.1449 43.89095 -1.5 46.76194 28.95377 -1.5 54.81472 6.512938 -1.433706 54.06352 -10.10622 -1.5 33.1449 -43.89095 -1.5 46.76194 -28.95377 -1.5 15.05146 -52.90041 -1.5 -5.07476 -54.76538 -1.5 -40.64549 -37.05326 -1.5 -24.51561 -49.23398 -1.5 -51.28597 -19.86829 -1.5 -54.30794 -9.232672 -11.20667 -55.04167 -9.950716 -71.35491 -35.98542 -42.45359 -71.23413 -34.53886 -42.80868 -12.6899 -37.9568 -40.17795 -9.517296 -18.68588 -51.85131 -10.89778 -5.07476 -54.76538 -9.5 18.85231 -52.5254 -71.15802 34.80765 -42.68495 -69.99293 18.80658 -51.90679 -10.63604 35.6853 -42.09732 -10.8298 46.76194 -28.95377 -9.5 54.29725 10.05907 -10.40311 54.31444 -8.363387 -69.00484 54.31104 -9.572924 -10.62586 35.30325 42.49721 -70.57809 35.33957 42.44094 -11.13199 46.76194 28.95377 -9.5 18.28101 52.10486 -10.39556 19.78309 51.31225 -69.34101 -18.96631 52.25809 -71.13182 -19.13127 51.69979 -11.18571 -5.07476 54.76538 -9.5 -35.99038 41.8353 -10.36578 -35.49394 42.52845 -71.13405 -51.28597 19.86829 -9.5 -54.71849 9.931162 -71.24909 -54.30764 9.230529 -11.20735 -51.28597 -19.86829 -9.5 -18.36568 47.81941 -10.40918 19.08369 47.55197 -11.11462 0 51 -9.5 -31.60351 40.24198 -11.09212 -47.11785 19.51686 -9.5 -50.49145 7.845216 -10.4616 -47.11785 -19.51686 -9.5 -50.49134 -7.845386 -10.46149 -32.24577 -39.90476 -10.75202 18.63795 -47.70622 -10.83963 0 -51 -9.5 -18.85677 -47.64962 -10.62908 31.82786 -40.08313 -10.60815 47.11785 -19.51686 -9.5 50.54701 -7.564527 -10.91707 30.77655 40.66852 -69.16201 47.11785 19.51686 -9.5 50.63695 7.123713 -11.19116 32.49486 39.71257 -10.34297 -18.88879 47.64514 -71.305 -10.53855 57.37549 -72.57673 18.52059 47.75319 -71.37894 16.34445 55.30472 -72.33109 -50.61569 7.235113 -71.15658 -56.06548 16.29675 -72.49144 -32.3673 39.8329 -71.53704 -42.11405 40.05525 -72.52175 -31.72173 -40.18317 -71.23216 -41.9266 -40.21378 -72.5202 -50.61832 -7.287118 -71.1897 -55.22236 -18.57826 -72.55833 18.97927 -47.59296 -71.12938 -18.40624 -47.81222 -71.53656 -19.27579 -51.95825 -70.81213 -10.53409 -57.40537 -72.55149 50.59059 -7.144285 -70.89632 56.28175 -13.35232 -72.52032 32.65447 -39.61445 -71.66862 39.36139 -42.43731 -72.59317 33.50501 38.6541 -72.34688 39.3637 42.86468 -72.45764 50.52467 7.62693 -71.23126 56.22531 13.53762 -72.55784 47.38282 -19.56055 -81.12754 36.31765 -36.12384 -81.03377 51.13873 4.86836e-5 -81.34376 47.11785 -19.51686 -72.5 -47.33488 -19.82965 -81.15642 -51.13873 -4.86836e-5 -81.34376 -36.15832 -36.23214 -81.01234 -47.11785 -19.51686 -72.5 4.57041e-6 51.25252 -81.12089 19.30183 47.40187 -81.1882 -19.30188 47.40185 -81.1882 0 51 -72.5 -36.36461 36.13514 -81.13198 -47.38282 19.56055 -81.12754 -47.11785 19.51686 -72.5 -19.30183 -47.40187 -81.1882 -4.57041e-6 -51.25252 -81.12089 19.30188 -47.40185 -81.1882 0 -51 -72.5 47.33488 19.82965 -81.15642 36.22718 36.35401 -81.38031 47.11785 19.51686 -72.5 49.31259 30.53307 -72.5 49.31259 -30.53307 -72.5 -58.00552 -4.19097 -72.52593 18.66287 -55.4013 -72.3433 -29.79681 -49.60189 -72.62632 -29.83178 50.01375 -72.5105 25.85283 51.91947 -72.5 58 0 -72.5 54.68301 9.144351 -70.55718 -54.08339 20.95202 -77.5 -58 0 -77.5 -42.86252 39.07435 -77.5 -25.85283 51.91947 -77.5 -5.351565 57.75258 -77.5 15.87245 55.78589 -77.5 34.95281 46.285 -77.5 49.31259 30.53307 -77.5 57.01244 10.65747 -77.5 57.80946 -7.041643 -77.51029 49.31259 -30.53307 -77.5 34.95281 -46.285 -77.5 15.87245 -55.78589 -77.5 -2.958398 -58.16361 -77.50698 -25.85283 -51.91947 -77.5 -42.86252 -39.07435 -77.5 -54.08339 -20.95202 -77.5 62.45783 -74.99819 -81.5046 57.90197 -23.85662 -81.27593 61.19059 -24.87822 -81.40302 60.09803 -28.14338 -81.27593 56.86169 -70.7834 -81.41118 56.85662 -27.09803 -81.27593 -57.79804 -23.9201 -81.27449 -62.083 -25.03508 -81.40379 -49.75839 -75.45541 -81.49525 -56.9201 -27.20196 -81.27449 -63 -60.725 -81.5 -60.20196 -28.0799 -81.27449 61.14267 70.7823 -81.42139 57.90197 28.14338 -81.27593 61.2043 26.89467 -81.43441 60.09803 23.85662 -81.27593 56.81536 24.88121 -81.387 -56.85387 70.78143 -81.4295 -57.79804 28.0799 -81.27449 -62.32393 26.91547 -81.425 -56.9201 24.79804 -81.27449 -60.20196 23.9201 -81.27449 -50.55218 75.74805 -81.5 51.2434 75.79856 -81.5 19.63184 58.84696 -81.5 62.34011 74.66648 -81.46126 60.20435 74.08945 -81.29682 56.91056 73.20436 -81.29682 57.79804 69.92011 -81.27449 60.20196 -69.92011 -81.27449 61.08944 -73.20436 -81.29682 57.79804 -74.07991 -81.27449 49.75847 -75.45561 -81.49051 -19.63185 -58.84696 -81.5 -62.03451 -75.20043 -81.50291 -57.79804 -69.92011 -81.27449 -61.08944 -70.79565 -81.29682 -56.9201 -73.20197 -81.27449 -60.20435 -74.08945 -81.29682 -61.90124 74.36695 -81.40933 -57.79565 74.08945 -81.29682 -60.20435 69.91056 -81.29682 19.50387 -58.79471 -81.5 -19.23172 58.79916 -81.5 0 -61 -81.5 0 61 -81.5 50.10074 75.55223 -77.5 -63 53.5 -77.5 -63 0 -77.5 -61.60898 -74.54592 -77.59865 -62.21969 -70.18283 -77.58926 -61.67343 75.30426 -77.52627 -50.81124 75.63382 -77.5 62.13186 -26.79972 -77.60263 62.03778 -71.0374 -77.60502 62.23131 70.16191 -77.56785 61.69089 75.31137 -77.5259 61.46708 -74.67431 -77.59413 50.58205 -75.77928 -77.49768 -50.58206 -75.77928 -77.49768 19.87317 -58.84866 -77.5 -19.74673 -58.79073 -77.5 0 -61 -77.5 -19.63184 58.84696 -77.5 19.23172 58.79916 -77.5 0 61 -77.5 -56.91056 73.20436 -77.70318 -57.79565 69.91056 -77.70318 -61.08944 70.79565 -77.70318 -60.20436 74.08945 -77.70319 -56.91056 -70.79565 -77.70318 -57.79804 -74.07991 -77.72552 56.91056 70.79565 -77.70318 57.79565 74.08945 -77.70319 61.08944 73.20436 -77.70318 56.9201 -73.20197 -77.72552 57.79565 -69.91056 -77.70318 -56.9201 -24.79804 -77.72552 -57.79368 -28.09727 -77.68487 -61.0799 -27.20196 -77.72552 -60.20436 -23.91056 -77.70318 -56.91056 27.20436 -77.70318 -57.79565 23.91056 -77.70318 -61.0799 24.79804 -77.72552 -60.19898 28.068 -77.75337 57.89163 -28.16392 -77.66879 56.85662 -24.90197 -77.72408 60.10215 -23.84842 -77.70202 56.85662 27.09803 -77.72408 60.09803 28.14338 -77.72409 57.89446 23.8417 -77.68392 61.14338 24.90197 -77.72408</float_array>
          <technique_common>
            <accessor source="#_81031_00-ASM_Base_-_DynaArm-mesh-positions-array" count="1803" stride="3">
              <param name="X" type="float"/>
              <param name="Y" type="float"/>
              <param name="Z" type="float"/>
            </accessor>
          </technique_common>
        </source>
        <source id="_81031_00-ASM_Base_-_DynaArm-mesh-normals">
          <float_array id="_81031_00-ASM_Base_-_DynaArm-mesh-normals-array" count="11340">0.1599879 0.2519509 0.9544237 -0.8704159 -0.4921641 -0.0122779 0.5561547 -0.8174958 0.1496418 -0.9905884 -0.003839612 0.1368206 -0.01119434 0.9928832 -0.1185654 0.4899742 0.868355 0.07671433 0.8689418 -0.4929342 -0.0442301 -0.01511251 0.03082036 0.9994107 -0.008562386 -6.2689e-4 0.9999632 0.001619637 -0.0587458 0.9982718 0.007280409 0.007172524 0.9999479 -0.03263515 0.01398807 0.9993695 0.007848441 -0.09049963 0.9958657 0.01188075 -0.02484786 0.9996207 -0.01915538 0.0209673 0.9995967 0.02366632 0.1015593 0.994548 0.02429682 -5.19517e-4 0.9997047 -0.03252291 0.01849997 0.9992998 0.02197641 0.005888402 0.9997411 0.004982531 0.008630096 0.9999504 0 0 1 -0.03351914 -0.0112763 0.9993745 0.05256617 0.002295196 0.9986149 0 0 1 -0.03681635 -0.03681659 0.9986437 0 -0.008777081 0.9999615 0.007316648 0.007682979 0.9999438 -0.03421902 -0.02751374 0.9990355 -0.03409612 -0.009135723 0.9993768 0 -6.50354e-5 1 0.002846181 -0.04422754 0.9990175 0.004683256 -0.04069954 0.9991605 0.01171082 0.003137886 0.9999265 0.0148707 0.02575677 0.9995577 -0.00698316 0.02606159 0.999636 -0.01175969 0.01172149 0.9998622 0.01609778 0.05905681 0.9981248 -0.01412725 0.008156359 0.999867 0.04100066 0.1697427 0.9846351 -1.01263e-5 -1.01159e-5 1 -1.34734e-5 -3.61013e-6 1 -0.01908957 0.005654513 0.9998019 0.02576029 -0.01446521 0.9995635 0.02194982 -0.0104199 0.9997048 -0.09981119 -0.01562839 0.9948837 0.08149057 0.02183508 0.996435 -0.02646005 -0.02090424 0.9994313 -0.02964508 -0.002747118 0.9995567 0.03551453 0.003653943 0.9993625 -0.3224601 0.02590817 0.9462285 -0.01973778 -0.0230661 0.9995391 -0.00682187 -0.001827895 0.9999751 0.1804178 -0.05355495 0.982131 -0.01983761 0.05570745 0.9982501 -0.1941792 0.7400705 0.6438867 -0.1646128 0.6143438 0.7716764 -0.01170474 -0.003136157 0.9999266 -0.009041965 -0.009042084 0.9999184 0.01923853 -0.1098293 0.9937643 -0.01909977 0.01102721 0.9997568 0 -0.03683477 0.9993215 0.08066469 -0.09717494 0.9919931 0.00786066 0.01361507 0.9998765 -0.0190739 0.009119629 0.9997766 0.01289629 0.003455519 0.999911 0.2573122 -0.1485593 0.9548407 0.009909272 0.7839158 0.6207882 -0.007635533 0.003441631 0.999965 0.0408557 -0.1241871 0.9914174 0.006253302 -0.07320678 0.9972972 -0.002241313 -0.06204694 0.9980708 -0.01466745 -0.01842343 0.9997227 -0.001204729 -9.1814e-4 0.9999989 -0.004174411 -0.06744742 0.9977142 -0.004824042 0.003622174 0.9999819 0.005974709 -0.02229756 0.9997336 0.04242134 -0.136027 0.9897966 -0.001036286 0.003867626 0.9999921 0.002304196 6.17417e-4 0.9999972 -0.004196166 0.00242263 0.9999883 0.00104171 0.00104165 0.9999989 0 0 1 0.009668767 0.01007938 0.9999026 8.9958e-4 0.001105666 0.9999991 -0.004202783 0.002420663 0.9999883 0 0 1 0.01297867 0.004366159 0.9999063 0.01345974 0.003606498 0.999903 0.01352536 0.02308297 0.9996421 0.04286181 0.04507285 0.9980638 0.04667282 -0.01248049 0.9988323 -0.14337 -0.03820759 0.9889314 0.02705317 -0.006397724 0.9996135 0.02212619 0.005928575 0.9997376 3.42748e-4 -0.001278996 0.9999992 -0.02032524 -0.005446195 0.9997786 0.003277122 -0.001892089 0.9999929 -0.01108735 -0.01108735 0.9998772 0 -0.005845129 0.999983 -0.003535091 -0.01727086 0.9998447 -0.06215143 0.01514464 0.9979519 0.002602458 -0.001502513 0.9999955 0.03030258 0.008119285 0.9995079 0.009875416 0.0171048 0.9998049 0.02919 0.008515298 0.9995376 -0.07564187 0.01709133 0.9969887 -0.02512228 0.02189522 0.9994447 0.06141132 -0.1165266 0.9912871 0.03935277 -0.00588876 0.9992081 0 0.01205682 0.9999274 0.02007454 -0.02149736 0.9995674 -0.01493799 0.004278063 0.9998794 -0.00740683 -0.0323776 0.9994483 -0.02124071 9.4954e-4 0.999774 -0.02530556 0.01283073 0.9995975 -0.01010006 -0.004129469 0.9999405 -0.008617758 0.007315099 0.9999361 0.01601272 0.004290461 0.9998626 -0.04149401 0.1548575 0.9870651 -0.06251078 0.03609055 0.9973916 -0.1231243 -0.03299069 0.9918428 -0.006836295 0.0039469 0.999969 0.01004487 0.01739829 0.9997982 -0.003862857 -0.003862857 0.9999851 0.01306498 0.009209454 0.9998723 -0.01087611 0.06547868 0.9977948 -0.03817498 0.1933304 0.9803907 -0.006053745 0.05836337 0.9982771 0.03094959 0.1272364 0.9913895 0.07271099 0.0695399 0.9949259 0.01352238 -0.02498608 0.9995964 0.03265303 0.009265482 0.9994239 0.03504621 -0.02032482 0.9991791 0.05461204 0.05960804 0.9967269 0.09053224 0.1568062 0.9834713 0.2416676 0.06475442 0.9681962 0.1472172 0.03923839 0.9883256 0 0.006572425 0.9999784 -0.01159054 0.006691813 0.9999105 0.0132966 0.003033697 0.999907 -0.002066373 0.007711887 0.9999682 0.1733431 0.09024947 0.9807178 0.006124436 -0.003535926 0.999975 0.1342912 0.03085863 0.9904613 0.0171926 0.004606664 0.9998416 -0.009379923 0.02215158 0.9997107 0.1102582 -0.04605227 0.9928356 0.005687952 0.009851753 0.9999353 0 -0.007368445 0.9999729 0.129983 -0.0367794 0.9908338 -0.005374073 0.003102719 0.9999808 0.09391337 -0.03550547 0.9949471 -0.1292896 0.4825072 0.8662974 0.1104835 -0.06378763 0.991829 0.008368968 -0.00126928 0.9999642 0.0151813 -0.02925878 0.9994567 0.003848671 0.003440558 0.9999867 0.03086388 0.004388928 0.9995141 0.005409181 -0.03550976 0.9993547 -0.01242929 -0.02004528 0.9997219 -0.008008122 -0.01084083 0.9999092 0.005872428 -0.08838415 0.9960693 0.01164573 -0.006860017 0.9999087 -0.002468287 -0.004275143 0.9999879 -0.03659778 -0.009806394 0.999282 -0.007268249 -0.001947522 0.9999717 0.01167982 -0.006743311 0.9999091 0.006767094 -0.02341973 0.9997029 -0.0195164 -0.01306796 0.9997242 -0.004096269 0.01528775 0.9998748 -0.01634716 0.009438097 0.9998219 -0.005078315 -0.005078375 0.9999743 0.02132469 0.0369355 0.9990901 -0.02349686 0.007362842 0.9996968 -0.04379212 -0.01429218 0.9989385 0 -0.00415796 0.9999914 0.02001935 0.03030192 0.9993404 -0.04023915 -0.01078182 0.999132 -0.004853427 0.002802073 0.9999843 0.05051755 -0.04703205 0.9976152 -0.00628376 -0.0062837 0.9999606 0.3634616 0.01515763 0.931486 0.007235646 0.007235825 0.9999477 -0.003991246 0.002275049 0.9999895 0.00749588 -0.004327714 0.9999626 0.01018047 0.01763314 0.9997927 -0.006211638 0.01904278 0.9997994 0.009922087 0.009562194 0.9999051 0.001098692 -0.01948982 0.9998095 -0.0347498 0.006531953 0.9993748 0.003288209 -0.001898467 0.9999928 0.009690105 -0.005594611 0.9999374 0.02450811 0.03521782 0.9990791 -0.05230414 -0.01833391 0.9984629 -0.0466637 -8.43437e-4 0.9989103 -0.2502523 0.1306848 0.9593203 -0.8355205 -0.01628565 0.549218 -0.2174341 -0.1138151 0.9694166 -0.4701993 -0.8691722 0.1531419 -0.08300268 0.9964667 0.01283431 0.4131028 0.8904771 0.1907794 0.9252428 -0.3790577 0.01552551 -0.7242068 -0.6883506 0.04120677 -0.9664354 0.2496814 0.06051498 -0.01527792 -0.9972146 0.07300484 0.8153458 -0.4693642 0.3389816 0.8274998 0.5584487 -0.0581308 -0.8292922 0.5292752 0.1792823 -0.9614787 -0.2576188 0.09587156 0.2578893 -0.9624564 0.08468061 0.5661363 -0.8134797 0.1331943 0.7069795 0.7069787 0.01900333 -0.9905769 0.004786312 0.1368746 -0.8660182 0.4999963 0.004050254 0 0.9993963 -0.03474229 0.4901272 0.8688388 0.06996226 0.9657253 0.2587644 -0.02039062 0.8658838 -0.4999174 0.01810753 -0.4998623 -0.8657898 0.02336335 0.1502506 0.2343974 0.9604596 -0.9700994 0.235304 0.05949139 0.1025654 -0.9929264 0.05981284 0.8115951 -0.4665289 0.3516592 0.7300407 0.682595 -0.03323668 -0.8286859 0.5286699 0.1838148 -0.961476 -0.2576289 0.09587043 0.2578914 -0.9624558 0.08468127 0.5661355 -0.8134804 0.1331937 0.706978 0.7069802 0.01900249 -0.9905768 0.004788041 0.1368747 -0.8660182 0.4999963 0.004050016 0 0.9993963 -0.03474187 0.4901274 0.8688386 0.06996148 0.9657253 0.2587644 -0.02039045 0.8658831 -0.4999186 0.01810741 -0.4998636 -0.8657891 0.02336376 0.1502504 0.2343961 0.96046 -0.9664593 0.250161 0.05810368 0.4361864 -0.8994628 0.02660989 0.8257473 -0.4810239 0.2945463 0.385277 0.9224073 0.02695184 -0.8311332 0.5291822 0.1708332 -0.9614788 -0.2576187 0.09587067 0.2578899 -0.9624562 0.08468043 0.566134 -0.8134813 0.1331942 0.7069841 0.7069742 0.01900267 -0.9905769 0.004784822 0.1368744 -0.8660182 0.4999963 0.004049837 0 0.9993963 -0.03474199 0.4901252 0.8688399 0.06996142 0.9657237 0.2587701 -0.02039086 0.8658846 -0.4999162 0.01810681 -0.4998624 -0.8657898 0.02336347 0.1502507 0.2343975 0.9604597 -0.9329227 -0.3371645 0.1263937 0.5710707 -0.7731924 0.2757753 -0.985064 0.004755735 0.1721228 -0.3872807 0.8992141 -0.2035384 0.4847671 0.8555207 0.1818938 0.8801907 -0.4742398 -0.01900362 0.1602045 0.2523404 0.9542845 -0.9614748 -0.2576341 0.09587031 0.2578901 -0.9624562 0.08468085 0.5661351 -0.8134806 0.1331935 0.706978 0.7069802 0.01900291 -0.9905768 0.004789531 0.1368749 -0.8660182 0.4999963 0.004050254 0.4901278 0.8688385 0.06996142 0.8658831 -0.4999186 0.01810723 -0.4998648 -0.8657883 0.02336347 0.3784918 -0.9135302 0.1490189 0.5338467 -0.8279387 0.1718293 -0.9768802 -0.02866649 0.2118572 -0.9095883 0.4050998 -0.09242981 0.4900224 0.8685077 0.07464951 0.9511509 0.2493444 -0.1820421 0.1806481 0.2891626 0.9400805 -0.9614774 -0.2576239 0.09587109 0.2578894 -0.9624566 0.0846793 0.5661358 -0.8134799 0.1331948 0.9602418 -0.2736811 -0.05508548 -0.9905768 0.004788935 0.1368745 -0.8660188 0.4999951 0.004051029 -0.1544361 0.9875317 -0.03050774 0.4851282 0.8563026 0.1771908 0.8658838 -0.4999174 0.01810729 -0.4998629 -0.8657894 0.02336341 0.1502507 0.2343975 0.9604595 -0.8886672 -0.4585509 0.001350581 0.8677343 -0.4434381 0.2244996 0.5386646 -0.8414803 0.04184937 -0.9902528 -0.00545454 0.1391753 0.1948022 0.970208 -0.1440437 0.4902649 0.871569 -0.002830982 0.1595979 0.2512477 0.9546744 -0.4702007 -0.8691717 0.15314 -0.08300471 0.9964665 0.0128349 0.4130992 0.8904746 0.1907989 0.9252418 -0.3790605 0.01552575 -0.7242055 -0.6883518 0.04120874 -0.8791595 -0.4765117 -0.00392425 0.5593591 -0.8135348 0.1589923 -0.9902217 -0.00465542 0.1394248 -0.03330731 0.992565 -0.1170701 0.4897785 0.8677399 0.08452504 0.8778932 -0.4763033 -0.04938346 0.1597094 0.2514495 0.9546026 -0.9614767 -0.2576264 0.09587103 0.5661363 -0.8134796 0.1331945 0.7069765 0.7069818 0.01900249 -0.9905768 0.004788696 0.1368747 -0.8660182 0.4999963 0.004051029 0 0.9993963 -0.03474223 0.4901282 0.8688381 0.06996196 0.9657267 0.2587587 -0.02039068 0.8658838 -0.4999174 0.01810717 -0.4998636 -0.8657891 0.02336412 0.1502506 0.2343967 0.9604598 -0.9967562 -0.01065313 0.07977271 0.5115326 -0.8590767 0.01793509 0.8413607 -0.5029681 0.1978267 0.3623332 0.9307376 -0.04941952 -0.8119823 0.5273245 0.250227 -0.961476 -0.257629 0.09587109 0.5661345 -0.8134809 0.1331938 0.7069841 0.7069742 0.01900345 -0.9905768 0.004787206 0.136875 0.4901272 0.8688389 0.06996119 0.9657238 0.2587701 -0.02039057 0.8658846 -0.4999163 0.01810663 -0.4998636 -0.8657891 0.02336341 0.1502503 0.2343966 0.9604599 -0.4760869 -0.8557352 0.2026288 -0.0399484 -0.9987139 0.03121995 0.881498 0.4676152 0.06555473 0.4428783 0.8603193 0.2524079 -0.7840875 0.6197755 -0.03294259 -0.9614775 -0.2576239 0.09587109 0.5661343 -0.813481 0.133194 0.7069811 0.7069772 0.01900243 -0.9905768 0.004786133 0.1368749 -0.8660182 0.4999963 0.004050374 0 0.9993963 -0.03474211 0.4901242 0.8688405 0.06996095 0.9657238 0.2587701 -0.02039092 0.8658832 -0.4999185 0.01810693 -0.4998624 -0.8657898 0.02336382 0.1502503 0.2343986 0.9604594 -0.2111434 -0.9768456 0.03451377 0.5596324 -0.811102 0.170074 -0.984659 0.005285441 0.1744099 -0.7198213 0.6765145 -0.1555171 0.4904301 0.8701182 0.048711 0.978109 0.1244578 -0.1667723 0.1601761 0.2522868 0.9543034 -0.961476 -0.2576289 0.09587109 0.2578901 -0.9624562 0.08468019 0.5661352 -0.8134806 0.1331935 0.7069841 0.7069742 0.01900309 -0.9905768 0.004786729 0.136875 0.4901266 0.8688392 0.06996077 0.9657237 0.2587701 -0.02039057 0.8658845 -0.4999163 0.01810699 -0.4998637 -0.8657891 0.02336341 0.1502508 0.2343969 0.9604598 -0.8746687 -0.4843613 -0.01867669 0.5588852 -0.8126561 0.1650379 -0.9914844 -0.006301641 0.130074 0.009934902 0.993654 -0.1120408 0.4900764 0.8686894 0.07213795 0.8972302 -0.4383978 -0.05277764 0.1601727 0.2522825 0.9543052 -0.9614768 -0.2576264 0.09587067 0.2578894 -0.9624566 0.0846793 0.5661364 -0.8134796 0.1331943 0.7069765 0.7069818 0.01900321 -0.9905768 0.004788696 0.1368749 -0.8660182 0.4999963 0.004050612 0 0.9993963 -0.03474301 0.4901276 0.8688385 0.06996148 0.965726 0.2587616 -0.0203908 0.8658832 -0.4999185 0.01810717 -0.4998636 -0.8657891 0.02336412 0.1502504 0.2343967 0.9604598 0.1810713 -0.02322566 -0.9831957 0.780803 -0.1915684 -0.5946835 0.4840726 -0.3992477 -0.7786368 0.5231016 -0.2688384 0.8087588 0.08717548 -0.1744699 -0.980796 -0.142503 -0.2954126 -0.9446822 -0.1575148 -0.1288138 -0.9790793 -0.2500581 0.04186737 -0.9673252 -0.5337505 0.1619665 0.8299863 -0.6619992 0.539561 -0.520222 0.04961329 0.08477431 -0.9951643 0.9764205 -0.2073842 0.05995839 0.781438 -0.623983 0 0.4362367 -0.8996815 0.0164572 -0.00220102 -0.9999891 -0.00412631 -0.438142 -0.8987721 -0.01550745 -0.7787249 -0.6271591 0.0161041 -0.9726265 -0.232002 0.01315635 -0.9761484 0.2149826 0.03028213 -0.7799246 0.6258735 0 -0.4098277 0.9121609 -0.001924395 0.01115691 0.9813258 0.1920299 0.4898836 0.8702669 -0.05147528 0.7628086 0.6459745 0.02898705 0.9607417 0.2633423 0.08732825 0.9730871 0.2221007 -0.061423 0.7799165 0.6219626 -0.06994891 0.4240411 0.8805306 0.21179 0 0.9712629 0.2380092 -0.4320909 0.8972461 0.09081345 -0.7817786 0.6234476 0.01163429 -0.974928 0.2225211 0 -0.9746821 -0.2224646 -0.0224573 -0.7818297 -0.6234884 -0.00215882 -0.4338822 -0.9009658 0.002601861 0 -0.9999908 0.004321515 0.4338755 -0.9009518 0.00617361 0.7818294 -0.623488 0.002366185 0.974928 -0.2225211 0 0.01246702 -0.01887053 0.9997443 0.01850843 -0.01213234 0.9997552 0.02524262 -0.002892136 0.9996772 0.01980286 0.00451982 0.9997938 0.01496279 -0.01193243 0.9998168 0.02524262 0.002892196 0.9996773 0.01496279 0.01193249 0.9998168 0.008218944 0.01706677 0.9998206 -0.006341159 0.01980823 0.9997838 0.0198028 -0.00451982 0.9997938 0.01246702 0.01887053 0.9997443 0.006341159 0.01980823 0.9997838 -0.01246702 0.01887053 0.9997443 -0.01850843 0.01213234 0.9997552 -0.02524262 0.002892136 0.9996772 -0.01980286 -0.00451982 0.9997938 -0.01496279 -0.01193249 0.9998168 0.01850849 0.0121324 0.9997551 -0.008218884 0.01706683 0.9998206 -0.0198028 0.00451982 0.9997938 -0.01850849 -0.0121324 0.9997551 0.006341159 -0.01980823 0.9997838 0 0.01436734 0.9998969 -0.02524262 -0.002892196 0.9996773 -0.008218944 -0.01706677 0.9998206 -0.006341159 -0.01980823 0.9997838 -0.01496279 0.01193243 0.9998168 0 -0.01436734 0.9998969 -0.01246702 -0.01887053 0.9997443 0.008218884 -0.01706683 0.9998206 0.05233824 -0.1637654 0.98511 0.1797947 -0.1745939 0.9680863 0.1750391 -0.05840837 0.9828274 0.1403425 0.03719466 0.9894042 -0.100736 -0.09901672 0.9899737 -0.04760813 -0.1787434 0.9827433 0.0579434 -0.3282697 0.9428052 0.1430444 -0.103212 0.9843199 0.1458886 -0.03951746 0.9885115 0.156863 0.03603315 0.9869629 0.1250175 0.08616328 0.9884061 0.05495578 0.3193851 0.9460302 -0.03493154 0.2414608 0.9697818 -0.1032953 0.1630514 0.9811953 0.07773017 -0.03082537 0.9964978 0.08596259 0.03231817 0.995774 -0.04410469 0.1695875 0.9845278 -0.1030953 0.1025142 0.9893748 -0.1739641 0.1058593 0.9790456 -0.09990853 -0.1554232 0.9827829 -0.0416733 -0.2274357 0.9729011 0.04893088 0.1734821 0.9836207 0.165834 0.1554709 0.9738214 -0.1891328 -0.1049003 0.9763324 -0.9600227 -0.2785366 0.02781683 -0.6905426 -0.7199625 -0.06931799 -0.2386529 -0.9686197 -0.06943309 0.249605 -0.9660217 -0.06707787 0.9685941 -0.2387416 -0.06948381 0.9580482 0.2778289 -0.07039105 0.7119293 0.698908 -0.06844234 -0.2777668 0.9582075 -0.06844091 -0.7196877 0.6907545 -0.07005614 -0.9707413 0.2296965 -0.07000565 -0.9483988 0.3039099 0.09043526 -0.7046453 0.7092698 -0.02028197 -0.2565097 0.9663095 -0.02118259 0.2488747 0.9683015 -0.0212987 0.9663982 0.256123 -0.02180469 0.9649906 -0.2613912 -0.02163141 0.7144315 -0.6993383 -0.02266883 -0.2619227 -0.9648762 -0.0202614 -0.7085945 -0.7052993 -0.02113813 -0.9553665 -0.2952805 -0.009188473 0.3453757 -0.9272422 0.144699 0.7351366 -0.6706219 -0.09919983 0.6306053 0.7626536 0.1438626 0.2127422 0.9719982 -0.09980231 0.00344491 6.89128e-4 0.9999939 0.044748 -0.8751403 0.4817959 2.43775e-4 -1.65386e-4 1 -0.02412438 0.04035037 0.9988943 -0.001571953 -0.002450942 0.9999958 -0.008190095 0.02449548 0.9996665 -0.03793948 0.0340929 0.9986983 -7.82992e-4 -0.003684222 0.999993 -0.01178616 -0.01257038 0.9998516 0.006945788 5.6284e-4 0.9999758 -0.006112396 -0.03613632 0.9993283 0.002005457 0.004379689 0.9999884 0.02878504 -0.005254149 0.9995719 0.02798062 -0.004131555 0.9995999 -0.02084118 -0.008365035 0.9997479 -0.03517413 -0.01312834 0.9992951 -9.29951e-4 -0.002233684 0.9999971 0.04671293 0.01425993 0.9988066 -0.005037426 0.004924237 0.9999752 -0.005572319 0.04370045 0.9990292 -0.02086848 0.001172602 0.9997816 4.30601e-4 -0.03582209 0.9993581 0.01168143 0.004987895 0.9999194 -0.01811987 -0.03577828 0.9991955 0.03836184 0.02703458 0.9988982 0.02949428 -0.003728449 0.9995581 -0.0509321 0.0180639 0.9985387 -0.02490085 -0.02453732 -0.9993888 -0.0124548 -0.03156179 -0.9994242 -0.01007694 -0.03532457 -0.9993251 -0.008044123 -0.01379555 -0.9998726 0.009564638 0.02581596 -0.999621 0.003115057 -0.04788303 -0.9988481 -0.106505 -0.03821051 -0.9935778 0.01518863 -0.01273638 -0.9998036 0.02219635 0.03915691 -0.9989866 -0.008411407 0.007020831 -0.99994 0.005290985 0.007789313 -0.9999557 -0.005602002 0.01474314 -0.9998757 -0.01087439 -0.002088963 -0.9999388 -0.01249676 -0.05591326 -0.9983575 -0.0189501 -0.01895958 -0.9996407 0.01941645 0.03092885 -0.999333 -0.04663014 -0.004232287 -0.9989033 -0.01484799 0.008176803 -0.9998564 0.01816689 0.01965171 -0.9996418 0.005996465 0.03864306 -0.9992351 0.08745533 -0.00312674 -0.9961636 -0.0361191 0.01404672 -0.9992488 0.03986287 -0.007778406 -0.9991749 0.00477904 0.04058957 -0.9991645 -0.03821229 0.01765906 -0.9991137 -0.02981823 -0.02223002 -0.9993081 -0.02468132 8.95747e-4 -0.999695 -0.0330699 -0.05079466 -0.9981614 0.04750132 3.85134e-4 -0.9988712 0.01988875 -0.007841289 -0.9997715 0.6709575 0.4779516 -0.5669023 0.9621962 -0.2549705 -0.09575349 0.9815005 -0.1913751 -0.005707144 0.6975682 -0.7024067 -0.1415046 0.7194542 -0.6869501 -0.1023979 0.244994 -0.9635977 -0.1070404 -0.2878165 -0.9556231 -0.06281971 -0.7151611 -0.6884707 -0.1206345 -0.7033174 -0.7051054 -0.0903939 -0.9537452 -0.2776029 -0.1153553 -0.9505688 -0.297292 -0.08964711 -0.955233 0.2024987 -0.2156946 -0.7046977 0.6974591 -0.1302002 -0.2798343 0.9599503 -0.01372694 -0.2470841 0.9670498 -0.06135231 0.3002982 0.9361873 -0.1826866 0.2362425 0.9674742 -0.09046 0.7893026 0.5973878 -0.1418778 0.7076029 0.7062624 -0.02217036 0.9691616 0.241847 -0.0472837 0.9477232 0.2960984 -0.1189398 -0.6934363 0.7127135 -0.1057617 -0.953189 0.2752296 -0.1252182 -0.255945 -0.9605866 -0.1084687 0.2258545 -0.9709135 -0.07947766 -0.9819403 -0.1886313 -0.01454716 0.4845088 -0.8743987 -0.02604371 0.3173889 0.7872033 0.528749 -0.1439473 0.988875 0.03749072 0.9890602 0.1451212 -0.02645468 0.1257687 -0.9107832 0.3932638 -0.98856 -0.1462516 0.03687328 -0.02130061 0.01587063 -0.9996472 0.02130049 -0.01587063 -0.9996472 -0.2634395 -0.9378386 -0.225961 -0.8335598 -0.3026007 0.4621807 0.1334102 0.8179042 0.5596735 -0.2737764 0.9609464 0.0403558 -0.7331526 -0.6730456 0.09745186 0.2362245 -0.9131292 -0.3322547 0.1165129 -0.03393739 -0.9926092 0.1155337 0.02908468 -0.9928777 -0.7853395 -0.535405 -0.3107786 0.6139854 -0.6422592 0.4588301 0.2466738 0.8935081 0.3752272 0.05504059 0.9804273 -0.1890314 -0.7436882 0.3839519 -0.5472741 0.8158228 0.06999266 -0.5740508 0.371246 -0.8735081 -0.3148972 -0.8748918 -0.192365 0.4444775 -0.7769805 -0.4038706 -0.4828975 -0.5316286 -0.8408721 0.1015156 0.8821709 -0.3725389 0.2880787 0.9399024 -0.1088789 -0.3236186 0.4272934 0.8078164 -0.406021 0.2599551 0.9626181 0.07609009 -0.9337607 0.3450704 -0.09496164 -0.7235867 0.5007629 -0.4750355 0.04731488 -0.7656205 -0.6415501 -0.694629 -0.5385512 -0.4769206 -0.4415019 -0.8324144 0.3349065 0.9301304 -0.3110976 0.1951304 0.8721058 0.1655213 -0.4604716 0.395678 0.857382 -0.329143 0.3472449 0.9211215 -0.1759436 -0.834685 0.5097041 -0.2085732 -0.8289688 0.5445706 -0.1274895 0.4595865 -0.6323477 -0.623632 0.9917312 -0.1137903 -0.05933994 -0.774168 -0.5933688 -0.220403 -0.8077561 0.5668144 -0.1620239 0.5484476 0.7943019 -0.261323 0.4563709 0.8630951 -0.2163157 -0.6354864 0.7105127 -0.3022066 -0.8714543 -0.4683941 -0.1455144 0.0509786 -0.9976131 -0.04657554 0.5903663 -0.731059 -0.3420823 -0.3299373 -0.2250651 -0.9167809 0.2290992 -0.2773842 -0.9330442 -0.8926896 -0.4076783 -0.1921038 -0.8474097 0.518473 -0.114379 0.977609 0.1841332 -0.1018605 0.3450804 0.8869101 -0.3070998 0.39401 0.853835 -0.3401794 -0.7347297 -0.5745335 -0.3606708 0.5666903 -0.7920238 -0.2270693 0.5393445 -0.8152765 -0.2107886 0.2249342 0.2841315 -0.9320268 -0.6349969 -0.7123198 -0.298964 -0.8710888 0.4689124 -0.1460326 0.9949865 0.08534437 -0.05213564 0.5901002 0.7307184 -0.3432673 0.05391931 0.9975003 -0.0456742 -0.7741458 0.5933458 -0.2205427 -0.8128375 -0.5594123 -0.1623371 0.381834 -0.902469 -0.1993802 0.5509511 -0.7872321 -0.2769811 0.2290995 0.2773842 -0.9330441 -0.3299372 0.2250654 -0.9167808 0.006274938 -0.0107364 0.9999228 0.00448656 -3.67742e-4 0.9999899 0.02169847 0.1242419 0.9920148 0.002608239 0.03941881 0.9992195 0.001752018 0.01355201 0.9999067 0.04716014 0.3327674 0.941829 0.007668793 0.01187276 0.9999001 0.004888474 -0.01302087 0.9999034 0.006064236 -0.01057183 0.9999257 0.008194684 1.75477e-4 0.9999665 -0.003814578 0.001726269 0.9999913 0.003043889 -0.03110998 0.9995114 0.01970207 0.002988636 0.9998015 -0.004864156 -0.0620951 0.9980584 -0.03816419 8.38162e-4 0.9992712 -0.01322269 -0.03955519 0.99913 0.02903944 -0.01813095 0.9994139 0.004531621 0.1290111 0.9916328 0.01468276 -0.008464992 0.9998565 0.02621984 -0.01906257 0.9994745 0.08635085 0.1361009 0.9869246 -0.03760927 0.06213301 0.997359 -0.1008566 0.0378673 0.9941801 -0.0496295 -0.06179529 0.9968542 -0.02275532 -0.01862353 0.9995677 -0.01802051 -0.06765878 0.9975458 -0.05957525 0.01565486 0.9981011 -1.879e-4 -0.03024822 0.9995424 -0.1126142 0.01637399 0.9935039 0.4715782 0.4354019 0.7668371 -0.001083433 -0.02329879 0.999728 0.08994185 -0.1544684 0.9838953 0.006112456 0.001358389 0.9999805 -0.02977097 1.76754e-4 0.9995568 -0.023436 -0.00529325 0.9997114 0.06896662 0.01483589 0.9975087 -0.01044976 -0.06436067 0.9978721 -0.00370711 -0.0482738 0.9988273 0.006364941 0.01029884 0.9999268 -0.05233025 0.1359412 0.9893339 0.01498669 0.1327152 0.9910409 -0.02619111 0.03273099 0.9991211 -0.0175361 -0.0487011 0.9986596 0.08270674 -0.1297583 0.9880903 0.08440989 -0.02481019 0.9961223 -0.06785815 0.1200994 0.9904401 -0.03284054 -0.05883973 0.9977271 -0.02904856 0.04189723 0.9986997 -0.01418066 0.007499754 0.9998714 -0.01878714 -0.01842629 0.9996538 -0.003568351 -0.002735316 0.9999899 -0.08464866 -0.00711739 0.9963855 -0.1540362 -0.06240493 0.9860925 0.02290362 -0.1095657 0.9937157 -0.105917 -0.006056845 0.9943566 -0.0571435 -0.0396524 0.9975783 -0.01317584 0.005331099 0.9998991 -0.01989656 -0.003235042 0.9997969 -0.01067227 -0.005301356 0.999929 -0.05319702 0.01868063 0.9984093 0.02336287 0.02741146 0.9993512 0.01097899 -0.07180249 0.9973585 -0.01284211 0.01004701 0.9998672 -0.004301369 0.008601725 0.9999538 -0.01958626 0.04600876 0.998749 -0.001100182 0.009028851 0.9999587 0.001828789 0.01116001 0.9999361 0.05407571 0.1938706 0.9795356 0.006883263 0.02172416 0.9997403 0.0577476 0.07552623 0.9954703 0.002296209 0.0350064 0.9993845 0.05666077 0.009441375 0.9983488 -0.02268546 -0.008994758 0.9997022 0.004284799 -0.03742134 0.9992904 -0.02766031 0.01729977 0.9994677 0.0183652 0.005356371 0.9998171 0.001046121 -0.1063556 0.9943276 0.09632498 -0.09163826 0.9911227 -0.01899486 -0.1315394 0.9911291 -0.2914284 -0.1149671 0.949659 0.02106618 0.02224856 0.9995305 -0.03630197 0.002288162 0.9993383 -0.03389918 -0.02815741 0.9990286 -0.004626452 0.01035201 0.9999358 -0.003767549 0.001585483 0.9999917 -0.02005064 -0.02389073 0.9995136 8.38889e-5 8.70366e-4 0.9999997 -0.01111358 0.03094565 0.9994593 -0.007114887 -0.00862199 0.9999376 -0.8283232 -0.5601053 0.0127629 0.53477 -0.8289609 0.1638444 -0.9874085 -0.03056842 0.1552096 -0.07995802 0.9856878 -0.1484127 0.4898837 0.868067 0.08045953 0.8662295 -0.4978293 -0.04257524 0.1756333 0.2801333 0.9437575 -0.8442267 -0.5359157 -0.008700072 0.5728686 -0.8022907 0.1677832 -0.9886259 -0.01951658 0.1491246 -0.05621123 0.9897193 -0.1315147 0.4897338 0.8676092 0.086111 0.8917366 -0.450516 -0.04290956 0.161097 0.2539548 0.9537059 -0.4895565 -0.8001308 0.3465908 -0.9232872 -0.3814697 0.04496288 -0.07087624 0.9971191 0.02702474 0.4450979 0.8653643 0.2302879 0.9296884 -0.366523 0.03661108 -0.8462088 -0.5296462 -0.05835777 0.6049929 -0.7800483 0.1597127 -0.9906277 0.01013249 0.1362138 -0.02183014 0.9912043 -0.130528 0.6478165 0.7480865 0.1438766 0.9097328 -0.4147688 0.01879453 -0.3147339 0.1100404 0.9427798 -0.2085533 -0.9773693 0.03542184 0.5605742 -0.8095999 0.1740826 -0.9838264 0.006054461 0.1790225 -0.7082758 0.6861866 -0.1658117 0.490383 0.8698793 0.05324041 0.9794586 0.1094472 -0.1693584 0.1602305 0.2523961 0.9542654 -0.2053882 -0.9779897 0.0367707 0.5602686 -0.8096455 0.1748527 -0.9837937 0.006357908 0.1791915 -0.7156689 0.6787083 -0.1648429 0.4903825 0.8698749 0.05331903 0.9783683 0.1175747 -0.1702108 0.1603767 0.2526589 0.9541712 -0.4936003 -0.8423071 0.2165123 -0.8495133 -0.5263282 0.03613758 -0.09721738 0.9947174 0.03295743 0.4179632 0.8423351 0.3402622 0.7199859 -0.6905818 0.06868237 -0.20521 -0.9781283 0.03397023 0.5615448 -0.8094879 0.1714546 -0.9838671 0.004808962 0.1788365 -0.7097375 0.6846036 -0.1661038 0.4904124 0.8700249 0.05052191 0.9783842 0.1105358 -0.174775 0.1598058 0.2516319 0.9545384 -0.4938507 -0.8421065 0.2167218 -0.8478962 -0.5288807 0.03684246 -0.06285727 0.9976459 0.02741652 0.4453358 0.8658059 0.2281586 0.8864047 -0.4628628 0.006692588 -0.8445265 -0.5354398 -0.008898973 0.5725299 -0.8023993 0.1684188 -0.9886535 -0.01911222 0.148994 -0.05286777 0.9897629 -0.1325695 0.4897627 0.867695 0.0850768 0.892203 -0.449638 -0.0424211 0.1611962 0.2541328 0.9536417 -0.8769654 -0.4802056 -0.01828652 0.5610626 -0.8105409 0.1680247 -0.9909792 -0.00703603 0.1338315 0.02326816 0.992868 -0.1169267 0.4901358 0.8688998 0.06913864 0.8975681 -0.4367523 -0.06015837 0.1598066 0.2516322 0.9545382 -0.2052305 -0.9781242 0.03396552 0.5615445 -0.8094883 0.1714547 -0.9837931 0.004915416 0.1792401 -0.7100079 0.6844804 -0.1654556 0.4904397 0.8701664 0.04774516 0.9779227 0.1133174 -0.1755746 0.1598059 0.2516321 0.9545383 -0.9577682 -0.2752543 0.08315795 -0.3859737 -0.8926652 0.2327514 0.2754483 -0.957411 0.08655977 0.9027749 -0.3903478 0.1806272 0.9484233 0.2705268 0.1652527 0.3902204 0.9027289 0.1811317 -0.2632389 0.9320825 0.2488526 -0.8897469 0.3803714 0.2523251 -0.7081588 0.7053276 -0.03200191 0.2429973 0.9691189 0.04196476 0.9282414 0.3624382 0.08370524 0.9330246 -0.3361844 0.1282393 0.2886734 -0.9547874 0.07105463 -0.6208863 -0.7832711 0.03140914 -0.9634702 -0.1592661 0.2153127 -0.01343941 0.01239806 0.9998329 0.01035714 -0.03813642 0.999219 -0.01417034 -0.04162621 0.9990329 0.006232678 1.93665e-4 0.9999806 0.02099114 -0.009959161 0.9997301 0.01388722 0.01477837 0.9997944 0.02550208 0.006168067 0.9996559 -0.01586359 -0.01010453 0.9998231 0.006391286 0.01838386 0.9998106 -0.01131772 0.01149731 0.99987 -0.01954215 4.14996e-4 0.999809 -0.2420346 -0.8389669 -0.4873949 -0.7754975 0.3083709 0.5509184 -0.5859278 0.6580669 -0.4729023 0.8990833 0.1665093 -0.4048751 0.7150894 0.4954234 0.4931562 0.1335557 -0.8881778 0.4396623 -0.009443819 -0.005089163 0.9999425 -0.9849982 0.1170969 -0.1267561 0.7708428 0.6006872 -0.2120766 -0.2637509 0.964047 0.03238809 0.925472 -0.237668 0.2949839 -0.2220872 -0.9708333 0.09033316 -0.7653586 -0.6246038 0.1552305 -0.07774037 0.2474567 0.9657751 -0.6475312 -0.7341511 0.2042687 0.8996863 0.432657 -0.05807298 -0.4073364 0.9132602 0.005742549 -0.2637008 0.9629169 0.05703502 0.9438728 -0.2653515 0.1967048 0.2408265 -0.9704059 0.01775175 -0.7651848 -0.6247961 0.1553134 -0.07756686 0.2468144 0.9659535 0.9909957 -0.1166582 0.06571489 0.2363224 0.969876 -0.05909514 -0.9981162 -0.02371275 -0.05658537 -0.4825552 0.8549343 0.1903365 0.6287513 -0.751484 -0.1998594 -0.4437083 -0.889622 0.108147 0.1943336 -0.04161864 0.9800523 0.9790683 -0.1953394 0.0571649 0.9544062 -0.298263 0.01217007 0.5545457 -0.8306657 0.04973644 0.4837594 -0.8751961 0.002968907 -0.5545303 -0.8306435 0.05027616 -0.979066 -0.1953395 0.05720543 -0.9791594 0.1953615 0.05550611 -0.9512675 0.3081439 0.01173365 -0.5545482 0.8306695 0.04964512 -0.4875331 0.873089 0.005212843 0.5545279 0.8306397 0.05036574 0.999862 0.01604849 -0.004319787 0.9791594 0.1953614 0.05550611 -0.7793886 -0.6265408 5.17162e-4 -0.8308725 -0.555166 0.03796875 0.00444895 -0.9827111 0.1850928 -0.8887335 -0.4583677 0.007215082 -0.1182752 -0.7169519 0.6870161 -0.1228514 -0.9913381 0.04643863 0.1318425 -0.9901766 0.04656136 0.1884532 -0.9820561 0.007157862 0.831057 -0.5552909 0.03156805 0.8085684 -0.5870354 0.04008537 0.7913326 -0.6113824 -0.002073109 0.7939188 0.6080132 -0.003624618 0.8311318 0.555341 0.02857685 0.4188284 0.896573 0.1440131 -0.05380809 0.9831843 0.1745094 0.1471706 0.9881024 0.04466092 -0.1376534 0.9894515 0.04513818 -0.1884557 0.982029 0.01018124 -0.8310717 0.5553011 0.03099578 -0.811078 0.5836789 0.03836083 -0.7921758 0.610288 -0.002467513 0.1884449 0.982082 0.001888632 0.5187351 0.4673728 0.7158748 -0.1884337 -0.9820826 -0.002583622 0.9504595 0.3106635 0.01073187 0.48181 0.876271 0.002878844 -0.9998626 0.0160073 -0.004333317 -0.9543573 -0.2984192 0.01217359 -0.4857899 -0.8740608 0.005116403 0.9145613 -0.4040551 0.01780676 0.2767046 -0.9511596 -0.1368576 0.7454 0.6515598 0.1408855 -0.9704505 0.2379377 -0.04014462 -0.9908322 0.09779644 -0.09320706 0.2143687 0.9568968 -0.1959459 -0.3860199 -0.9221795 -0.02395141 0.3605794 0.8589586 -0.3635555 -0.9339247 0.3522306 0.06097811 0.9654458 -0.2393209 -0.1031501 0.9410173 0.2797777 -0.1902918 -0.1544392 0.9605574 0.2312535 -0.6630041 -0.74609 -0.06144326 -0.4812846 -0.8568847 -0.1846997 -0.2785439 0.9402573 0.1957795 0.1964812 0.9774361 -0.07754945 -0.9015104 -0.4285919 -0.0598995 0.9780086 -0.1409313 -0.1537452 0.660856 -0.728616 0.1799668 -0.6232962 -0.7289726 -0.283021 0.8527829 -0.4007493 -0.3349052 -0.4525855 -0.8876156 -0.08546864 -0.3815299 0.9080447 0.1728867 -0.05405145 0.9875596 0.1476637 -0.9177882 -0.3932657 0.05483692 0.8940703 -0.4018356 -0.1979052 0.6258867 0.7791783 -0.03386813 0.7837182 -0.6098267 -0.1178869 -0.5362285 -0.8237777 -0.1839823 -0.8982231 0.3547903 -0.2594594 -0.9813182 -0.03743773 -0.1887138 0.2525849 -0.9317066 0.2610054 0.5953474 0.8000643 -0.07388395 0.5075435 0.8608682 -0.03613448 0.3059218 -0.9222509 0.2363584 -0.97771 0.1408538 -0.1557031 -0.07691115 -0.9266898 -0.3678735 0.6602441 0.7101456 0.244481 -0.3798341 -0.8997204 -0.2150099 0.8840428 -0.4635674 0.05978018 0.2529562 -0.9662435 -0.04885631 0.6072641 0.7468656 -0.2709652 -0.8829209 -0.4685586 0.03005987 -0.3627325 0.9253398 0.1103245 -0.03090214 -0.1828428 0.9826564 -0.07805633 -0.05721473 0.9953058 -0.07975071 -0.02592927 0.9964776 -0.9909412 -0.1276898 -0.0416035 -0.7823291 0.3306328 0.5278667 -0.0547797 -0.0646823 -0.9964013 0.03708785 -0.03034543 -0.9988512 -0.9993149 -0.01029443 0.0355513 -0.9388713 0.3053801 0.1589453 -0.9696611 0.2429012 -0.02750128 -0.9539662 -0.2904682 -0.07467782 -0.9527608 -0.2966056 -0.06536042 -0.9994815 0.0156815 -0.02812349 -0.9940415 -0.05064284 -0.096524 -0.2955535 -0.02423161 0.9550189 -0.6186583 0.782963 -0.06504666 0.1311841 -0.2169689 -0.9673238 -0.5333197 0.2475834 -0.8088713 -0.22833 0.8699402 0.4371151 -0.05021423 0.2230225 0.9735192 -0.3328518 0.2816594 0.8999321 -0.5083028 0.859825 0.04826265 -0.2813463 0.9327972 -0.2252414 -0.2142971 0.975255 -0.05435383 -0.7281133 0.6786265 -0.09652578 -0.7350174 0.6728062 -0.08414995 -0.4876315 0.8729504 -0.01316326 -0.7883723 0.613922 0.03961032 -0.4168758 0.2956224 0.8595476 0.5345597 0.8426023 -0.06532537 0.9424346 0.2762606 0.1884073 0.0413562 0.1637189 0.9856399 -0.4856992 -0.873977 0.01614052 -0.6938843 -0.7198271 -0.01933306 -0.6914284 -0.7218935 -0.02822351 -0.2942274 -0.9475419 -0.1248789 -0.2504184 -0.9680445 -0.01343011 -0.5728133 -0.5772879 0.5819138 -0.3708976 -0.9281368 0.031578 -0.05484521 0.01873397 -0.9983192 -0.006716012 -0.2035022 -0.9790514 -0.01563811 -0.1251811 -0.9920107 0.04699522 -0.007894396 -0.9988639 0.1000644 -0.41815 0.9028498 0.360781 -0.3057392 0.8811134 0.4826128 -0.873629 0.0621072 0.2670932 -0.963418 0.02206718 0.2826173 -0.9590463 -0.01890951 0.6891509 -0.714263 -0.1220639 0.7289454 -0.6841275 -0.0246647 0.4080744 -0.8835188 0.2299345 0.06512641 -0.9406707 0.3330124 0.2925871 0.01315575 0.9561485 0.9963098 -0.01663714 0.08420264 0.5106285 -0.8596218 0.0175848 -0.01929581 0.06461876 -0.9977235 0.8439818 -0.2280961 -0.4854555 -0.02449113 0.01960682 -0.9995078 0.8177011 0.4910956 -0.3003168 0.9979127 0.01522958 -0.06275683 0.9478114 -0.2988067 0.1112124 0.9687519 -0.2441684 -0.04360729 0.9570427 0.25721 -0.1338371 0.9488417 0.3095365 -0.06234252 0.9461264 -0.1198864 0.3007859 0.6933571 -0.4082337 0.5938023 -0.05161702 -0.005123853 0.9986538 0.3279283 0.9423739 -0.06629222 0.995458 0.0908454 -0.02847295 -0.004001498 0.02806836 -0.9995981 0.455201 0.8903502 -0.008287429 0.5145566 0.8554351 -0.05884218 0.7311486 0.6821265 -0.01119035 0.7519379 0.6552929 0.07197701 0.2581568 0.9628324 -0.07942861 0.2547167 0.9643912 -0.07119673 0.4815918 0.8758307 0.03146457 -0.02833682 -0.9994347 -0.01809358 -0.01761913 -0.9998377 -0.003779828 -0.1027572 -0.9023571 0.4185605 -0.6258849 -0.7797737 0.01486885 0.5787957 0.7968666 -0.173203 0.7301324 0.6833057 3.02826e-4 -0.8746132 -0.4846014 -0.01460295 -0.9056482 -0.4039929 -0.1288069 -0.7569043 -0.2952134 0.5830482 -0.9468201 0.3215259 0.01236349 -0.7582356 -0.6510931 0.03401035 0.9800767 -0.1447518 -0.1360022 0.9548502 -0.2970169 0.006493747 -0.8569284 0.5152288 -0.01459884 -0.80475 0.5803155 -0.1249462 -0.6424673 0.4793858 0.5978505 -0.194961 0.9807332 0.01236361 -0.9471195 0.319238 0.032431 0.3640999 -0.9214323 -0.1356236 0.2209006 -0.9752802 0.005613446 0.01540613 0.9997738 -0.01466834 0.114341 0.9825131 -0.14695 0.1224086 0.8030177 0.5832486 0.7518588 0.6592084 0.0123642 -0.1363103 0.9899261 0.03828662 -0.6155375 -0.7765638 -0.1343957 -0.7337833 -0.6793524 0.006519794 0.8746132 0.4846016 -0.01460295 0.9029635 0.4138996 -0.115517 0.7643532 0.2871032 0.5773526 0.9468201 -0.3215259 0.01236349 0.8116409 0.5841209 0.006479263 -0.9785559 0.08781749 -0.1863236 -0.9568619 0.2905431 1.82361e-4 0.7647597 -0.6416176 0.05890309 0.4766183 -0.6815727 0.5552421 0.02625399 -0.9993903 -0.02301794 0.8412971 -0.4635957 -0.2780259 0.9094323 -0.3936063 -0.1341905 -0.5495336 0.8180562 -0.1696973 -0.3969886 0.9178236 4.19481e-4 0.9960026 -0.08930432 -0.001876592 0.9943221 0.003792405 -0.1063454 2.01361e-4 -1.34235e-4 -1 0.00568968 0.01717031 -0.9998365 0.008062005 0.005609214 0.9999518 -0.7718128 0.6339267 0.04941642 -0.9657121 -0.1847329 0.1824117 9.63574e-5 -0.001608192 -0.9999987 -0.01225346 0.01221537 -0.9998503 -6.70615e-4 0.01158076 0.9999328 0.6210272 0.7837656 -0.006073534 0.4978278 0.8549712 -0.1455737 -0.07537913 0.9964031 0.03871667 -0.1618877 -0.9852784 0.05494362 3.32883e-4 6.31588e-5 -1 -0.01916909 -0.004036784 -0.9998081 -0.009060978 0.004215955 0.9999501 -0.3676429 0.9299513 -0.005420029 -0.4951514 0.8557688 -0.1499497 -0.9007787 0.4331501 0.03128486 0.7717201 -0.6345082 0.04298442 0.001386165 0.001016616 -0.9999985 -0.004578769 -0.01710623 -0.9998432 -0.009793043 -0.006356537 0.9999319 -0.9892754 0.145937 -0.006052196 -0.9893411 0.003639042 -0.1455707 -0.8251474 -0.5635072 0.03989362 -2.17751e-4 -2.52436e-4 -1 0.01305598 -0.01479631 -0.9998053 8.80552e-4 -0.009366035 0.9999558 -0.5876423 -0.8091188 -0.001839876 -0.4931222 -0.860083 -0.1307202 0.4929218 0.84524 0.2063915 0.004792332 -4.46989e-4 -0.9999885 -0.001153886 0.001342892 -0.9999985 0.01069426 -0.003271996 0.9999375 0.008378803 -0.004984378 0.9999526 0.5578464 -0.829942 -0.001900792 0.6367419 -0.7546241 -0.1584374 -0.9380528 -0.1216527 0.3244343 0.002507746 -0.003001391 -0.9999924 0.006473183 -0.002198934 -0.9999766 0.03278958 0.006162881 -0.9994433 0.03562289 -0.04856318 -0.9981848 -0.03158497 0.01928913 -0.9993149 0.01066452 -0.0196402 -0.9997503 0.002678334 -0.001829028 -0.9999948 0.0118035 -0.01767855 -0.999774 0.04243153 0.01318198 -0.9990125 0.07411652 0.08049714 -0.9939955 0.9390801 -0.3436139 0.007631778 0.9576649 -0.2569506 -0.1298249 0.009246826 0.00114125 0.9999566 0.01387304 -0.01313227 0.9998176 -0.7257189 0.6809844 -0.09794026 -0.5904565 0.8049536 0.05840206 0.9906236 0.1366183 -7.16036e-4 0.9990319 0.01996034 -0.03920471 0.8491944 -0.5185865 -0.09968572 0.8218158 -0.5682356 -0.04155933 -1.94429e-4 4.64325e-5 1 0.004191577 0.01485717 0.9998809 -0.4131396 0.9065205 0.08681279 -0.5187225 0.8548351 -0.01355928 0.9996812 -0.02476269 -0.004945337 -0.5845694 0.7658401 -0.2678947 0.8095037 -0.5846363 -0.05389112 0.746169 -0.6656367 0.0126363 0.7898628 -0.601009 -0.1220858 0.009042143 -9.41925e-4 0.9999588 0.008475542 -0.01673781 0.9998241 -0.44923 0.8880335 -0.09792363 -0.264344 0.9617545 0.07176917 0.9775466 -0.2107189 -6.78954e-4 0.9491707 -0.312744 -0.03558367 0.006588041 0.01319181 -0.9998914 -0.00124222 -0.00198096 -0.9999973 0.1185479 -0.1404196 -0.9829694 5.36456e-4 -0.02041321 -0.9997916 0.1179457 -0.06630134 -0.9908042 -0.02280735 -0.03867506 -0.9989916 -5.84205e-4 -0.001609623 -0.9999986 3.74824e-4 -9.19652e-4 -0.9999995 -8.6661e-4 -8.99136e-4 -0.9999993 -0.0149632 0.02534264 -0.9995669 0.01154851 -0.09679436 -0.9952374 -0.0948171 -0.9893047 -0.1108428 -0.03187191 -0.9847232 -0.1711853 -0.002852559 -5.73964e-4 0.9999958 0.01497894 0.003609836 0.9998814 0.5807383 0.8094698 0.08661288 0.4809891 0.8765869 -0.01564753 0.4781391 -0.87827 -0.005000293 0.01708865 0.09888893 -0.9949517 0.3917855 0.8786231 -0.2729939 -0.1159558 -0.9917337 -0.05494034 -0.2034544 -0.9790033 0.01260775 -0.1261295 -0.9845656 -0.1213344 0.003795921 -0.007972836 0.999961 -0.010257 -0.01549345 0.9998275 0.5435118 0.8336806 -0.09783458 0.6387234 0.7694365 8.32288e-5 0.306174 -0.9519754 -6.63884e-4 0.2037396 -0.9783795 -0.03554892 -0.3716841 -0.9282711 0.01279526 -0.295183 -0.9480195 -0.1188535 0.002207159 -0.008818626 0.9999587 -0.0127871 -0.013659 0.999825 0.6810256 0.7256796 -0.09794539 0.8548879 0.4978608 0.1459497 0.136275 -0.9906709 -6.71549e-4 0.03075152 -0.998894 -0.0355677 -0.05722796 -0.1043099 -0.992897 7.56574e-4 0.03188312 -0.9994914 0.002785205 -0.0305618 -0.999529 -0.05075091 0.005285739 -0.9986974 0.009914219 -9.60464e-4 -0.9999504 0.003439843 -9.48048e-5 -0.9999942 0.2022044 0.0135833 -0.9792492 -0.1324546 -0.08412945 -0.9876123 -0.09576553 -0.1471878 -0.9844617 -0.03299635 0.0191161 -0.9992727 -0.01810425 -0.08248037 -0.9964283 -0.05359035 -0.03327864 -0.9980084 -0.5336763 -0.3344564 -0.7767423 -0.5542358 -0.8318723 -0.02848291 -0.7006691 -0.6980193 0.147756 -0.00376892 -0.008647561 0.9999556 -0.01851195 -0.005509018 0.9998134 0.9526088 0.2880007 -0.09793996 0.9900501 0.01089423 0.1402933 -0.3768048 -0.9262924 -7.422e-4 -0.4813713 -0.8756513 -0.03894191 -0.9007509 -0.4228126 -0.0993849 -0.899019 -0.4257075 -0.1026538 1.3865e-4 1.43473e-4 1 0.01064014 -0.01092249 0.9998838 0.9938536 -0.0925548 0.06073588 0.9944654 0.07034075 -0.07804459 -0.9196379 -0.3892353 0.05255633 -0.9205062 -0.3866164 0.05653321 -0.007620513 -0.01055675 0.9999153 -0.02648168 0.001418232 0.9996484 0.9936965 -0.05462247 -0.09789586 0.9857391 -0.1682755 -0.001316785 -0.6746543 -0.7381339 -9.57043e-5 0.9958146 -6.23631e-4 -0.09139436 -0.9617622 -0.1923141 -0.19501 -0.9897484 -0.1045622 -0.09728783 -0.9923154 -0.09326708 -0.08131068 1.32715e-4 -1.94857e-5 1 0.006106197 -0.01373684 0.9998871 0.9005484 -0.4306142 0.05986827 0.9708393 -0.1337993 -0.1989192 -0.5238229 -0.8517861 -0.008377492 -0.4164742 -0.9090644 0.0123018 0.8733575 0.4071193 -0.2673959 0.9059663 0.3597719 -0.2231355 -0.9285809 -0.368487 -0.04421502 -0.9269402 -0.07893574 -0.3668122 -0.7840814 -0.6205995 -0.008519887 0.9452325 -0.1696041 -0.2788726 -0.995347 -0.08716779 -0.04106175 -0.2238644 0.01122921 -0.9745556 -0.1682375 0.02864211 -0.9853304 0.001057684 -0.001462101 -0.9999985 0.02427774 0.008950054 -0.9996653 -0.01766711 0.03580713 -0.9992026 -0.01451998 6.19085e-4 -0.9998944 -1.56831e-6 0 -1 0.001266777 -0.001348197 -0.9999984 0.1126779 -0.1677566 -0.9793679 0.006227791 -0.008410215 -0.9999454 -0.1614842 0.08351892 -0.9833349 5.52887e-4 -1.87722e-4 -0.9999999 0.1775629 -0.08273059 -0.9806259 0.03786361 0.03852504 -0.9985401 -0.7591468 -0.09966242 -0.6432445 -0.05026686 0.02694505 -0.9983724 -0.5666912 0.2962765 -0.7688182 -0.05044704 -0.06188941 -0.9968074 -0.9200582 0.3804208 -0.09366548 -0.921704 0.3743543 -0.1015911 -0.001757442 -0.01516151 0.9998836 2.01567e-4 0.001678764 0.9999986 0.5667749 -0.8216413 0.06059688 0.6929792 -0.7166135 -0.07902473 -0.887436 0.4526389 -0.0870372 -0.82095 0.5671019 0.06660795 8.10445e-5 -5.14044e-5 1 -0.004362583 -0.01477676 0.9998814 0.4106501 -0.9076699 0.08661359 0.4417077 -0.8952563 0.05839914 -0.9996736 0.02505427 -0.005001068 0.111375 -0.1125342 -0.9873864 0.5650165 -0.7786082 -0.2729937 -0.8008886 0.5962879 -0.05494093 -0.7485767 0.6602288 0.06108206 -0.7952766 0.6053105 -0.03368383 -0.008803308 6.99091e-4 0.9999611 -0.0082888 0.0166307 0.9998273 0.4502341 -0.8875347 -0.09783393 0.3447001 -0.9387104 0.002173662 -0.9775218 0.2108334 -6.64225e-4 0.4297112 -0.8974804 -0.09938424 -0.673025 0.7161254 -0.1849374 -0.5857095 0.8046668 -0.09724098 -0.5769804 0.8127323 -0.08099317 5.31423e-5 1.19789e-4 1 -0.009167075 -0.01218706 0.9998838 0.07848787 -0.9950792 0.06047457 0.3699529 -0.9083784 -0.1948938 -0.9296982 0.3682258 -0.008427619 0.325751 -0.9035019 -0.2785151 -0.573153 0.8184084 -0.04127377 -0.1019714 0.1991547 -0.9746482 -0.9892357 -0.1460898 -0.008404493 0.733924 -0.6195518 -0.2784085 -0.9056219 0.4220684 -0.04131984 -0.139724 0.101117 -0.9850141 -0.003635942 -0.9981968 0.05991631 0.2563763 -0.9655633 -0.04425746 -0.4371379 -0.8988141 -0.03231066 -0.4116245 -0.887288 -0.208051 -0.2382705 -0.9706078 -0.0338813 -0.5750511 -0.8179331 0.01737546 -0.7222737 -0.6911967 -0.02383089 -0.7002598 -0.7123003 -0.04758965 -0.8731848 -0.4873863 -0.001752257 -0.9405606 -0.3391755 -0.01748627 -0.898324 -0.4368086 0.04703706 -0.9888769 0.08392822 -0.1227955 -0.9961262 -0.08638942 -0.01641273 -0.8958929 0.4421827 0.04301595 -0.8640806 0.5031441 -0.01452285 -0.9650233 0.2609263 -0.02544581 -0.5681076 0.8079478 -0.1564419 -0.7217278 0.6920092 -0.01524043 -0.2646989 0.9636407 -0.03648573 -0.2154496 0.9743041 -0.06567358 -0.4215849 0.9063332 -0.02874672 -0.4306315 0.9022966 -0.02043598 0.0139442 0.9987108 0.04881167 0.2051886 0.9776772 -0.04522264 0.5623576 0.8237023 -0.07258468 0.5684435 0.8163284 -0.1023712 0.42319 0.9057435 -0.02322006 0.7095412 0.7045661 0.01175135 0.8683189 0.4959568 -0.007021069 0.9968423 0.07040399 -0.03672587 0.9852548 0.08815628 -0.1466336 0.9561968 0.291754 -0.02381843 0.959264 -0.2822809 -0.01140797 0.9558824 -0.2929599 -0.02152395 0.9959563 -0.0882979 0.0165748 0.7932277 -0.6036263 0.0801568 0.3946151 -0.9183813 -0.02923756 0.4184924 -0.8914138 -0.1739124 0.5951932 -0.8035331 -0.008916079 0.5537678 -0.8323482 0.02319526 0.8661733 -0.4975706 -0.04655677 0.9138227 0.3696259 0.1682406 0.8719507 0.489593 -8.7569e-4 0.449876 0.8924147 0.03475236 0.2287193 0.9729768 -0.03167968 -0.7172069 0.6920858 0.08143484 -0.9574829 0.2848293 -0.04581338 -0.9924715 -0.09270828 0.08003526 -0.9574394 -0.28858 0.005617022 -0.2529215 -0.9665731 0.04203873 0.2136271 -0.9743754 -0.07040029 -0.4293521 -0.9011101 0.06047791 -0.2742124 -0.95835 -0.079831 0.001678764 6.06637e-4 0.9999985 -0.0139417 -0.006089389 0.9998843 -0.1320282 0.9868302 -0.09346014 -0.1422176 0.9840604 -0.1067686 -0.5784983 -0.8110507 0.08681309 -0.5543797 -0.8300385 0.06082201 5.50814e-5 -1.89906e-4 1 -0.01496297 -0.003797411 0.9998809 -0.05169814 0.9948624 -0.08704078 0.08109432 0.9944471 0.06707245 -0.544491 -0.8330304 -0.0979281 -0.6406412 -0.7678402 6.92317e-4 -0.003710806 0.008282065 0.9999588 0.01026546 0.01569646 0.9998242 0.1974856 0.9783986 0.06111919 0.126014 0.9914318 -0.03440243 -0.8237605 -0.5637753 0.05980241 -0.6012639 -0.773828 -0.1991783 -4.57983e-5 -1.05442e-4 1 -0.0149337 0.001621484 0.9998872 0.4040346 0.90956 -0.09724581 0.41585 0.905879 -0.08032476 -0.9949495 -0.08002179 0.06059765 -0.9671046 -0.2418016 -0.0789988 -0.01225095 0.009103178 0.9998836 0.001440763 -0.001078724 0.9999985 0.8148754 0.5710009 -0.0996809 0.780458 0.6073631 -0.1483092 -0.9913904 0.09819996 0.08661389 -0.9782817 0.156311 0.1361318 -8.42228e-5 -4.48065e-5 1 -0.01061552 0.01116693 0.9998814 0.8357142 0.5422237 -0.0870366 0.9016001 0.4274131 0.06659853 -0.9625747 0.2641435 0.06064933 -0.9915409 0.1031189 -0.0788232 -1.28967e-4 -1.01517e-4 1 -0.008544266 0.0126096 0.9998841 0.9608332 0.2586203 -0.09957504 0.9591234 0.2630828 -0.1042577 -0.9691006 0.2264057 -0.09790033 -0.8444552 0.5096698 0.1647189 0.009465813 0.009098172 0.9999138 0.02586495 -0.005912303 0.999648 0.9732254 0.2237709 0.05252653 0.9737151 0.220412 0.05742502 0.792609 0.6097304 -8.99188e-5 -0.9767652 0.1931099 -0.09294337 0.9805375 0.02226066 -0.1950659 0.5215345 0.8532157 -0.004999458 -0.1541668 -0.04027855 -0.9872235 -0.9568027 -0.1000134 -0.2729943 0.9168446 0.3954461 -0.05494099 -0.3062826 0.9519404 -6.7784e-4 -0.5623803 -0.8208721 -0.09948635 0.2836736 0.9409272 -0.1848934 -0.4783937 0.8781316 -0.004945158 -0.04185307 -0.1528967 -0.9873556 -0.3918149 -0.8786743 -0.2727867 0.1159572 0.9917271 -0.05505907 0.663842 0.7478258 -0.008392572 0.5771666 0.816595 0.007172524 -0.9316317 -0.2476119 -0.2659903 -0.9546642 -0.1970167 -0.2231613 0.9784551 0.2016786 -0.04417449 0.9264172 -0.08351647 -0.3671189 -0.01063227 -0.00688678 -0.9999198 0.08742499 0.1137623 -0.9896541 -0.01182198 -0.00211513 -0.9999279 0.02705377 -0.008144438 -0.9996009 -0.006558477 0.002430737 -0.9999756 -2.94462e-4 8.71508e-4 -0.9999996 -0.008193314 -0.007183969 -0.9999407 -0.001819431 0.04955589 -0.9987697 -0.008915245 -0.01491057 -0.9998491 0.03147959 -0.0156489 -0.999382 0.06382828 0.1886896 -0.9799603 0.05398434 0.0259903 -0.9982035 0.1188348 0.1523523 -0.981156 -0.06137883 -0.01250928 -0.9980362 0.368101 0.9297478 -0.008404672 0.2635107 0.9646304 0.007101237 -0.7909989 -0.551091 -0.2657433 -0.8296888 -0.5116701 -0.2231825 0.8504555 0.5241919 -0.04414379 0.8991271 0.2385227 -0.3669841 -0.1453401 0.989345 -0.008532941 -0.6194869 -0.7337843 -0.2789205 0.4221842 0.9055811 -0.04103213 0.121662 0.1882653 -0.9745536 0.02211588 -0.01708096 -0.9996095 -0.0594514 0.1602354 -0.9852869 -0.004181504 -0.009486436 -0.9999464 0.02217638 0.03320348 -0.9992026 -0.006888985 0.01320582 -0.9998891 -3.92076e-7 0 -1 -8.39678e-4 -0.001488924 -0.9999986 -5.10279e-4 -0.001690745 -0.9999985 -0.08901119 -0.1815376 -0.9793473 -0.008176028 0.177379 -0.9841086 9.55332e-4 -0.004803836 -0.999988 0.01801627 -0.1912008 -0.9813856 0.03024274 0.04312509 -0.9986119 -0.468976 0.6104075 -0.6383293 -0.003575265 0.09065461 -0.995876 -0.0267331 0.6393731 -0.7684318 -0.09019291 0.01097065 -0.995864 -0.6210337 0.7837387 -0.008425652 -0.1695432 -0.9453582 -0.2784837 -0.08726316 0.99533 -0.04127144 0.01774978 0.1716876 -0.9849916 -0.2233914 0.8695489 -0.4404331 -0.6643036 -0.6495252 -0.3698888 -0.719565 -0.5148079 -0.4660463 -0.1076137 -0.8628655 -0.4938446 -0.2325209 -0.9137843 -0.3330652 -0.4862987 -0.7350219 -0.4725001 -0.4191511 -0.8144141 -0.4013005 0.1910639 -0.900192 -0.3913423 0.1922078 -0.8993606 -0.3926917 0.5563248 -0.6522282 -0.5148798 0.5215072 -0.752047 -0.4030577 0.8833285 -0.245067 -0.3995912 0.8888778 -0.2365301 -0.3923645 0.7718005 -0.3480162 -0.5321737 0.7965784 -0.462942 -0.3887772 0.9240862 0.01023942 -0.3820469 0.9496436 0.06706702 -0.3060705 0.9012796 -0.1070125 -0.4198138 0.7620586 0.49338 -0.4193361 0.792191 0.4796704 -0.3772929 0.8343833 0.3259634 -0.4444687 0.8814451 0.2835348 -0.377707 0.5509173 0.7404971 -0.3849083 0.1953773 0.8936023 -0.4041072 -0.417162 0.8309975 -0.3679933 -0.2987418 0.3959078 -0.8683378 -0.8228349 0.4375774 -0.3625866 -0.7182767 0.5252457 -0.4562847 -0.6590101 0.647474 -0.3827312 -0.866173 0.1720089 -0.4692093 -0.9016999 0.2599768 -0.3454699 -0.8186956 -0.4205427 -0.3910006 -0.9091607 -0.1635491 -0.3829862 -0.8824653 -0.113637 -0.4564449 -0.5044114 -0.06761437 -0.8608121 -0.5358812 0.7110937 -0.4551671 0.1564992 0.8814138 -0.4456655 0.5270006 0.7341871 -0.4280651 -0.193778 0.8980889 -0.3948246 0.8156478 0.2471103 0.5231208 0.9337645 0.3012838 0.1931636 0.5158345 -0.841304 0.161625 -0.01154905 -0.09846514 -0.9950736 -0.03040885 -0.04155319 -0.9986735 0.01607114 0.1927319 -0.9811199 -0.5965147 -0.7866371 0.1592873 -0.6596359 -0.2470116 -0.7098351 0.21036 0.9617577 -0.1754167 0.9873964 0.1579903 -0.009355783 0.8800379 -0.4747967 -0.01007109 0.6313225 -0.7602385 -0.1531975 -0.8372662 0.5013935 0.2181516 -0.004828333 -0.001696825 -0.999987 0.1412857 0.8971734 -0.4184716 -0.1061714 -0.9067026 -0.4081889 -0.1216868 -0.8327748 -0.5400727 -0.03176742 -0.6351239 -0.7717568 -0.08603453 -0.8020262 -0.5910602 0.03367453 0.141641 -0.9893451 0.05799502 0.4010972 -0.9141979 -0.07330811 -0.03489482 -0.9966987 0.1243703 0.8626101 -0.4903427 0.08379364 0.191285 -0.9779514 0.6623348 0.0678538 -0.7461291 -0.152471 -0.841674 -0.5180131 -0.06668567 -0.1273841 -0.9896092 0.06526529 0.6867375 -0.7239696 0.09980028 0.8170201 -0.5679068 0.08500391 0.8985757 -0.4305068 0.08372783 0.1831101 -0.9795205 -0.08890354 -0.767064 -0.6353811 -0.5905339 0.3726619 -0.7158163 -0.6733801 -0.4409461 -0.593402 -0.7904727 0.5500876 -0.2693635 -0.2250237 0.932038 -0.2840241 -0.8028008 -0.3623703 -0.4734964 -0.3120385 -0.08814305 -0.9459719 -0.7533789 0.393089 -0.5271634 0.1331884 0.9895815 -0.05467361 0.3474676 -0.05143707 -0.9362802 0.2321054 -0.1316316 -0.9637428 -0.7020944 0.007766723 -0.7120416 -0.7937474 0.3448553 -0.501039 -0.2096641 0.8490343 -0.4849556 -0.6799767 -0.649789 -0.3397147 0.07708662 -0.6859704 -0.7235346 0.06119561 0.1752887 -0.9826133 -7.16128e-4 0.8234568 -0.5673785 -0.02878612 -0.869674 -0.4927866 0.1108138 -0.776969 -0.6197093 0.04152494 0.7734431 -0.6325042 -0.04180705 -0.06195759 -0.9972028 0.1692932 -0.8529387 -0.493797 0.1493546 -0.7995696 -0.5817059 0.1525602 -0.9003235 0.4076066 0.08858728 -0.2747412 -0.9574286 -0.07523494 0.5798371 -0.8112513 -0.04875648 0.528841 -0.8473193 -0.1456771 0.901072 -0.4084697 -0.1554455 0.8534126 -0.4975174 0.004247844 -0.1484856 -0.9889054 -0.003543972 0.0320068 -0.9994814 -0.06215965 -0.1607923 -0.985029 -0.6223669 -0.7825568 0.01625627 0.9894905 -0.09795743 -0.106363 0.9566681 -0.2899134 -0.02713441 -0.3034472 0.9306017 0.2046959 -0.1754643 0.03184288 -0.9839707 0.1677909 -0.8356335 -0.5230326 0.09900742 -0.2496353 -0.9632651 0.06124144 -0.1837479 -0.9810639 -0.07601231 0.1745942 -0.9817022 -0.1126396 0.7853152 -0.608763 0.1416349 -0.8124338 -0.565589 0.1103498 -0.9393257 -0.3247926 -0.1620463 0.841502 -0.515379 0.04592168 -0.4233345 -0.9048089 -0.6376122 0.5103732 -0.5770356 -0.6730831 0.2245935 -0.7046396 -0.7056011 -0.4220402 -0.5692181 -0.5870053 -0.7764557 -0.2292192 -0.8126223 -0.1949008 -0.5492348 -0.3568511 0.9335162 0.03471082 -0.7227017 -0.6900523 -0.03911697 -0.6186377 -0.7810897 -0.08477246 0.989674 -0.1135926 0.08741998 0.1452995 0.158407 -0.9766244 -0.08882921 -0.9904833 -0.1051299 -0.9556995 -0.27757 0.09794646 -0.2776641 0.3471874 -0.8957475 0.8930417 0.4492254 -0.02594608 0.4244068 -0.9046131 0.03942108 0.007245898 0.1859432 -0.9825338 0.4618449 0.8744619 0.148377 0.492171 -0.8697122 -0.03699266 -0.9920368 0.06937253 -0.1051222 -0.9318413 -0.3608719 0.03798949 0.2615472 -0.0091632 -0.9651473 -0.3512797 0.9343574 -0.05982488 0.9878679 0.09608721 0.1220014 -0.4462843 -0.8781648 -0.1722123 -0.206987 0.9685561 -0.1380426 -0.9979025 0.06005758 0.02415984 0.05593639 -0.2029438 -0.9775914 0.2054669 -0.7492331 -0.6296294 -0.0917316 -0.09682029 -0.9910658 -0.5283207 -0.3564916 -0.7705783 -0.5211176 -0.277691 -0.8070466 -0.584707 -0.1272836 -0.8011971 -0.5200636 0.2702641 -0.8102415 -0.5626528 0.3915984 -0.7280609 -0.8535398 0.1825339 -0.4880075 0.5190435 0.6482377 -0.5571191 -0.05565536 0.3695743 -0.927533 -0.3552458 0.4877107 -0.7974578 -0.06490105 -0.2726289 -0.9599279 0.552622 -0.6424756 -0.5308806 -0.4762985 -0.7157981 -0.5106592 -0.3642907 0.3471869 -0.8641491 0.347846 0.5389021 -0.7671948 0.02280187 0.3990666 -0.9166384 -0.4258729 0.1611577 -0.8903149 -0.4690343 -0.1867973 -0.8631997 -0.3488931 -0.3150042 -0.8826359 -0.1292529 -0.7903575 -0.5988562 0.1476651 -0.350481 -0.9248558 0.3090446 0.938766 -0.1523479 0.6972754 -0.7045798 0.131812 -0.6681867 -0.3129099 -0.6749919 0.1029629 0.9911965 -0.08323544 -0.9975191 0.009730815 0.06972193 -0.05142593 -0.09863835 -0.9937937 0.2575961 -0.4765684 -0.8405515 -0.9191027 0.3680474 -0.1406824 -0.1491105 0.9887599 0.01095986 -0.7484145 -0.6332504 0.1971544 0.947751 0.2947936 -0.1219221 0.2788208 -0.1017279 -0.9549401 0.8232781 0.5571026 -0.1088579 0.998479 0.0131632 -0.05354005 -0.7556923 0.07463252 -0.6506607 -0.6008871 0.0036484 -0.7993256 0.1733412 -0.7038706 -0.6888534 -0.902952 -0.4246242 0.06612271 0.173892 -0.8989403 0.4020796 -0.925004 -0.02976524 0.3787899 -0.0437352 0.2166096 0.9752782 -0.2105444 0.8976674 0.3871232 -0.690423 -0.07229834 0.7197841 -0.1506218 0.9222097 0.3561493 -0.7576628 0.330115 -0.563002 0.1063345 -0.203002 -0.9733875 -0.7381144 -0.5423392 -0.401317 -0.03398418 -0.9478521 -0.3168935 0.05928117 0.2741395 0.959861 -0.6323626 -0.579846 0.5137084 -0.4918325 -0.6911515 0.529538 0.1605129 0.2702387 0.9493191 0.2884943 0.2316839 0.9290284 -0.5998709 0.7861312 0.1488383 -0.09895932 0.9632058 -0.2498835 0.7602194 0.5472328 0.3501467 0.4162549 0.6310747 0.6545813 0.8846828 -0.08834773 0.4577457 0.8826704 -0.09044104 0.4612086 0.6637545 -0.6119711 0.4300249 0.955469 -0.2706517 -0.1175877 0.8505783 -0.002084851 0.5258443 -0.1868313 -0.8901568 0.4155902 0.4449762 -0.8663578 0.2267612 -0.05610996 0.925989 0.3733578 0.2779268 -0.6936149 -0.6645715 0.3647123 0.7341508 -0.5727195 0.170455 0.9321637 0.3193994 0.7776259 -0.4797198 0.4064075 -0.1614717 -0.9490395 0.2706495 0.6603767 -0.5609917 -0.4991903 0.4544005 -0.6256635 -0.6340863 0.1825667 0.08416104 -0.9795848 -0.02918094 0.7921828 -0.6095861 0.6632801 0.4176815 -0.6209684 -0.1959214 0.6717938 -0.7143585 -0.249796 0.9572706 0.1457219 0.4139608 0.6719999 0.6140462 0.5103315 -0.250233 0.822767 0.479385 -0.8757963 -0.0563116 -0.01513612 -0.2439903 -0.9696596 -0.1423586 0.6768443 -0.7222298 0.1727074 0.7721732 -0.6114908 0.3377364 0.8771104 -0.3414844 -0.07103753 -0.2208806 -0.9727104 -0.1347248 -0.9408835 -0.3107854 -0.2223392 -0.7758276 0.5904719 -0.4890033 0.1904512 0.8512369 0.9744219 -0.0527963 -0.2184366 0.7871839 0.6065302 -0.111636 0.8391463 0.4044872 0.3636257 0.6859247 -0.2011165 0.699328 0.588092 -0.8069934 -0.0539413 0.9414968 -0.2068698 0.2660617 0.7231152 0.4544671 0.5201578 0.9597668 -0.04100787 -0.2777881 -0.9893398 0.07356327 -0.1256796 -0.9731325 0.2285683 -0.02774357 -0.9987915 -0.04008877 0.02843588 -0.9972215 -0.0735026 0.01211398 -0.8037672 -0.2117201 0.5559973 -0.1359729 -0.2675487 0.953902 -0.2529113 0.7346034 0.6295981 -0.7134101 -0.4994382 0.4915358 -0.3425381 0.6566177 0.6719531 0.6457263 -0.3848001 0.6595199 0.7859352 0.4791554 0.3907889 0.7511857 -0.3108295 0.5823273 0.01259887 0.4462373 0.8948261 0.2916504 -0.7886273 0.5413013 -0.982995 0.1259211 0.1336593 -0.1315083 0.9008464 0.4137407 -0.3744128 0.5690582 0.732112 -0.2136375 -0.8622354 0.4592486 -0.1983146 -0.8603851 0.4694771 -0.1110883 -0.3583722 0.9269459 -0.1862009 -0.421583 0.8874666 -0.1470985 0.398545 0.9052756 -0.7989397 -0.1333988 0.5864301 -0.8063603 0.09648633 0.5835011 -0.9185534 -0.1427827 0.3686096 -0.8691611 -0.2307056 0.4374173 -0.9166677 -0.1441437 0.3727505 -0.8810703 0.1961952 0.430375 -0.928263 0.1166291 0.3531652 -0.9182693 0.1249404 0.3757281 -0.8727191 0.4877251 -0.02203607 -0.915996 -0.3943766 0.07360982 -0.427358 0.8976285 0.1078352 0.08352732 0.1332571 0.9875555 -0.07387483 0.02366614 0.9969868 0.01050317 -0.009817719 0.9998967 -0.2812723 -0.2197024 0.9341396 -0.9127899 -0.40081 0.07852375 -0.6127817 0.7052941 0.3564532 -0.4099764 0.8023709 0.4337282 -0.7444008 0.5390914 0.3940154 -0.7461002 0.5140237 0.4232189 -0.5498139 0.7066775 0.445322 0.07579183 0.2918192 0.9534659 0.3590207 0.9328597 0.0296145 -0.6573782 0.7526662 -0.03671026 -0.9030999 0.4183964 0.09672182 -0.1529583 0.8914989 0.4264193 -0.1309025 0.9061955 0.4020876 0.1772148 0.8743419 0.451798 0.1095827 0.9113936 0.3966779 0.8949036 0.4392404 0.07883799 0.3913989 0.9201351 0.01258146 -0.3545249 0.9325171 0.0687316 0.8046046 -0.1088324 0.5837526 0.7978427 -0.1171398 0.5913759 0.5757856 0.7226821 0.3823632 -0.1246728 0.4163706 0.9006067 -0.2597261 0.3972343 0.8801974 -0.01684546 0.1417937 0.989753 7.09993e-4 0.1376306 0.9904835 0.1997855 -0.8899424 0.409986 0.08699756 -0.3108239 0.9464777 -0.1213815 0.3832086 0.9156516 -0.08345621 0.7609862 0.643378 -0.1025435 0.7847205 0.6113089 -0.09942924 0.7922152 0.6020871 -0.02451199 -0.1257312 0.9917616 0.1286011 -0.837988 0.5303188 0.5322896 0.7380575 0.4146554 0.5215329 0.7401672 0.424448 0.7509872 0.4655867 0.4682385 0.7248468 0.5655619 0.3933662 0.9382528 -0.3377021 -0.07509452 0.4412062 0.8951535 0.0635395 0.9071215 0.1510474 0.3928297 0.8655226 0.208216 0.4555402 0.8742572 -0.1692833 0.4549918 0.9124204 -0.1117333 0.3937066 0.4212766 -0.9055911 0.04930257 0.9908892 -0.1342196 -0.01112872 0.9445469 0.3089414 0.1112934 0.5001541 -0.7506343 0.4317341 0.7326181 -0.5333902 0.422807 0.7331679 -0.5291643 0.4271417 0.5693111 -0.7303571 0.3774432 -0.04409283 0.05038636 0.9977561 -0.007007777 0.04871016 0.9987884 0.4601358 0.06831794 0.8852162 0.3622171 -0.2696255 0.8922449 -0.1218744 -0.388764 0.9132411 0.1746319 -0.03978806 0.9838296 0.4462153 -0.6569894 0.6076652 0.4305647 0.2550529 0.8657726 0.04835772 -0.1074799 0.9930305 0.4147756 -0.2989872 0.8593999 0.4888036 -0.04711341 0.8711208 0.4971222 0.08741354 0.8632662 -0.1363304 0.1829608 0.9736219 -0.0392481 -0.0600503 0.9974235 0.6399945 -0.6131548 0.4630857 0.2652772 -0.9466301 0.1830837 0.6280738 -0.7176489 0.3008381 0.7648252 0.2708707 0.5845268 0.8945467 0.04553812 0.4446488 0.21077 -0.9773073 -0.02113044 0.9057545 -0.417557 0.07249224 -0.3342707 -0.9392811 0.07755225 -0.05724132 -0.5480568 0.8344802 0.01251196 0.2189235 0.9756618 0.1070975 0.8380116 0.5350392 -0.09881156 -0.9299488 0.3541635 0.2766099 0.9378553 0.2095576 -0.009961366 0.1693619 0.9855036 -0.1474446 -0.7034498 0.6952831 0.1405381 -0.916548 0.374418 0.2388287 -0.8625161 0.4461246 -0.007317066 -0.9666556 0.255976 -0.2574839 -0.8679402 0.424714 -0.1417669 -0.8825524 0.4483342 -0.9153321 -0.3994853 -0.05078035 0.3521214 -0.9343281 0.05514967 -0.005133926 -2.34327e-5 -0.9999868 1.71643e-4 8.06925e-5 -1 -0.05391377 -0.107346 -0.9927589 4.30243e-4 1.86978e-4 -0.9999999 0.004777967 -0.02034151 -0.9997817 -7.46681e-5 -3.24656e-5 -1 -0.02353042 -0.03254997 -0.9991931 -0.02288806 -0.002249181 -0.9997356 0.03271055 -0.001343011 -0.999464 -0.04155653 0.01954829 -0.9989449 -9.35376e-4 0.007437229 -0.999972 0.02131116 0.01066607 -0.9997161 9.20458e-4 0.02795612 -0.9996088 0.001975178 -0.01469063 -0.9998902 0.007339 1.6459e-4 -0.9999731 0.01407444 -0.01873904 -0.9997254 0.00267589 -0.001595914 -0.9999952 -0.01906394 0.02547478 -0.9994937 -8.33443e-5 -4.56715e-4 -1 -0.02906376 -0.01303017 -0.9994927 0.02615976 0.03207266 -0.9991433 8.84148e-5 1.20041e-4 -1 -0.006272614 0.02984112 -0.999535 -0.005922257 -0.00621283 -0.9999632 -0.003980219 0.005039811 -0.9999794 0.03586685 -0.002018809 -0.9993546 -0.03573662 -0.003542363 -0.999355 1.35796e-4 -0.005434215 -0.9999852 -0.001657783 -0.00213468 -0.9999964 -0.006544649 0.01067864 -0.9999216 4.06153e-4 -5.06903e-6 -1 0.04628765 -0.03271853 -0.9983922 3.06986e-5 -2.28342e-5 -1 0.0424208 -0.07942652 -0.9959378 9.8346e-5 -1.12314e-5 -1 -0.03836965 -0.03527075 -0.998641 0.004283189 0.004629492 -0.9999802 4.73397e-6 -3.34145e-4 -1 -0.03910177 0.04932624 -0.998017 0.01951038 0.003427147 -0.9998039 3.81583e-5 -4.30303e-6 -1 0.01663118 0.01038002 -0.9998079 -0.9478958 0.3185489 0.004497408 -0.9092174 0.4102566 0.07080632 -0.8257135 -0.5640689 0.004871129 -0.4249634 -0.8979505 0.1144158 -0.7264192 -0.5352599 0.4310592 -0.4541086 -0.7625944 0.4606901 -0.5163301 -0.7251744 0.4555494 -0.5215866 -0.7257445 0.4486005 -0.7210392 -0.5693276 0.3949285 0.00461775 0.01138991 0.9999246 -0.1460682 -0.0531612 0.9878452 0.1414586 -0.2436233 0.9594984 0.002583146 -0.2543267 0.9671149 0.02077305 -0.2438263 0.9695965 -0.03503203 -0.1928234 0.9806079 0.02918922 -0.03844922 0.9988341 -0.1535553 0.4351834 0.8871507 -0.2414045 0.5530454 0.7974112 -0.1193311 -0.8880562 0.4439778 -0.1215325 -0.7642526 0.6333624 -0.2787116 -0.8428932 0.4602727 -0.1160151 -0.8949829 0.4307506 0.1374102 0.791341 0.5957332 -0.04851073 -0.08463662 0.9952304 0.06395095 0.3156201 0.9467282 0.0907455 0.7995051 0.5937651 0.05519545 0.8680636 0.4933752 -0.01875686 -0.2219892 0.9748688 0.03877002 -0.004653751 0.9992374 -0.1381244 -0.2235825 0.9648485 0.04948866 0.03502303 0.9981604 -0.1038808 0.1874017 0.976775 0.03937572 0.006598889 0.9992027 0.05351722 0.0183323 0.9983987 -0.03231942 -0.009957194 0.9994281 -0.05166912 0.05816709 0.9969689 -0.03385215 0.06451207 0.9973426 0.08031094 -0.03941929 0.9959902 0.3543938 0.2165188 0.9096839 0.328182 -0.2027518 0.9225987 0.6971519 -0.2453882 0.67362 0.8864284 0.2752761 0.3721126 0.2236721 0.3501424 0.9095995 0.4943002 0.002054691 0.8692889 0.2341222 -0.2913175 0.9275349 0.1196623 -0.8898898 0.4402015 0.04254567 -0.7776432 0.6272646 0.1832647 -0.7527105 0.63233 0.03861653 -0.278905 0.959542 -0.06612408 0.3413223 0.9376175 -0.07108491 0.3693066 0.926585 -0.3657947 0.8460002 0.3879148 -0.1403914 0.7161782 0.6836513 -0.1396654 0.921521 0.3623434 -0.1615509 0.870682 0.464558 0.04361677 0.1259189 0.9910812 -0.1245031 -0.5012325 0.8563089 -0.2305403 -0.5535389 0.8002786 0.1491485 0.907127 0.3935422 0.6493164 0.6959322 0.3067029 0.6373175 0.7622221 0.1133313 -0.02520179 -0.1369711 0.9902544 0.1450379 0.2016628 0.9686568 0.2388141 -0.3094205 0.9204492 -0.05132848 0.07829099 0.9956083 0.240949 -0.008038938 0.9705045 0.6424924 -0.755101 0.1304847 0.6423733 -0.7554827 0.1288501 -0.2452667 0.2404136 0.9391729 0.5266301 0.8422219 0.1154257 0.9093524 0.395398 0.1293787 0.9886685 -0.1126445 0.09922683 0.7244423 -0.6677312 0.1712265 -0.2969374 0.9547657 0.01583141 -0.3119006 0.9492278 0.04104346 -0.02127629 -0.9921305 0.1233869 -0.8954403 0.444789 0.01869118 -0.5537906 0.8325913 0.01037812 -0.7061308 0.7067418 0.0435363 -0.7931935 0.5869327 0.16234 -0.9934632 0.1131909 0.01479166 -0.9169223 -0.3986886 0.01734822 -0.4675234 -0.8838626 -0.01445287 -0.577494 -0.8073206 0.1213842 -0.591011 -0.7987046 0.1130363 -0.2961586 -0.8518956 0.4319307 -0.8752205 -0.4659982 0.1297493 -0.982049 -0.01203936 0.1882417 0.4962322 -0.8660124 -0.06144982 -0.08027511 -0.9782158 0.1914416 0.8526854 -0.5220633 0.01943361 0.9994602 -0.02300381 0.02346068 0.8347592 0.550607 -0.003011167 0.4677063 0.8834671 0.02714329 -0.2147952 -0.2264401 0.9500464 -0.7923235 0.5958803 0.1309595 -0.3982213 -0.1805756 0.8993399 -0.4405894 -0.008074581 0.8976725 -0.6416126 0.1644028 0.749203 -0.6444924 -0.1104938 0.7565849 -0.4705153 -0.3684868 0.8017686 -0.8215756 0.5675352 0.05401402 -0.9107353 0.3078048 0.2753502 -0.9320171 -0.3429076 -0.1172975 -0.8562385 -0.4535856 0.2472162 -0.9492213 -0.01163691 0.3143941 -0.8724096 0.4403989 -0.2120149 -0.711062 0.6269186 0.3183774 -0.7022357 0.7048878 0.09999239 -0.8545914 0.5086256 -0.1047552 -0.6547254 -0.6416249 0.3995649 -0.6632196 -0.7476793 0.03339833 -0.6966147 -0.6324371 0.3387499 0.120218 0.09753209 0.987945 0.06154561 -0.1005331 0.9930284 7.81852e-4 -0.001277863 0.9999989 0.08108085 0.03079277 0.9962318 0.05235236 0.07064729 0.9961266 0.5797128 -0.3489061 0.7363408 0.9580361 -0.04365324 -0.2833045 -0.001703441 5.64372e-4 0.9999985 0.4092016 0.09842127 0.9071204 -0.6140356 0.2742015 0.7401176 0.1553317 0.01053893 0.9878062 0.2846209 -0.1265989 0.950244 -0.1506168 0.05684161 0.9869568 -0.01238375 0.005515038 0.9999081 -0.2050896 0.04307109 0.9777951 -0.1690723 0.09304833 0.9812017 0.05801659 0.05478328 0.9968114 -0.08486711 -0.1088477 0.9904291 0.06986761 -0.009879469 0.9975074 -0.07304006 -0.1156462 0.9906015 0.03531932 -0.08806532 0.9954884 0.101613 -0.6798675 0.726261 -0.09105253 -0.02953642 0.9954081 -0.4837312 -0.218843 0.8474148 -0.765057 -0.2359616 0.5991743 -0.02721339 0.3689556 0.9290486 0.2753677 0.004537701 0.9613283 0.004219233 -0.02824455 0.9995921 -0.1232301 -0.007932662 0.9923465 0.1693265 -0.05841594 0.9838274 -0.0118317 -0.00772202 0.9999003 -0.0279538 0.04025703 0.9987983 -0.06187957 0.05428004 0.9966067 -0.1885778 0.05224549 0.9806677 0.003132164 0.001857578 0.9999934 -0.1407132 -0.001727044 0.9900489 -0.004013955 -0.001000285 0.9999915 -0.1302715 -0.05513918 0.989944 -0.1195379 -0.1137948 0.9862868 0.2174352 -0.05544996 0.9744985 0.3189147 0.2052956 0.9252822 0.3445227 0.8345394 -0.4299396 -0.8071318 0.5900209 0.02033942 -0.7200114 -0.576206 -0.386743 -0.7325567 -0.5720649 -0.3689209 0.6152117 -0.7838915 0.08383774 0.7812452 -0.4370741 -0.4456705 0.9591595 0.2766123 0.05915129 -0.03254896 0.6860111 -0.7268626 -0.8886553 0.3260551 0.3224593 -0.5928417 0.7128413 -0.3746947 -0.3288334 -0.7086596 -0.6242357 -0.6062107 -0.7146989 -0.3488756 0.4386865 -0.8981195 0.03058677 0.7518264 -0.4487087 -0.4831332 0.5493021 0.6713387 0.4975656 -0.7137545 0.6920604 0.1077356 -0.753915 -0.6350634 -0.1682465 -0.8664567 -0.4608348 0.1920525 0.593474 -0.7929826 -0.1377221 0.558545 -0.8290492 -0.02654933 0.6605927 0.7424116 -0.1115456 0.1504302 0.974013 0.1693205 0.8130368 0.1787038 -0.5541085 0.9593881 -0.2489038 0.1327461 -0.8851777 0.4424356 0.1439148 -0.6716402 0.6285714 -0.3921704 -0.593307 -0.8037865 0.04375129 -0.4055689 -0.8139666 -0.4158994 0.1714748 0.9850148 -0.01850461 0.9698253 0.1969711 0.1436708 0.4997073 -0.2049943 0.8415878 -0.7943802 0.5058283 -0.3363003 -0.4989034 -0.6246294 -0.6007775 0.418944 -0.8473974 -0.3261957 0.5987389 0.6242467 -0.5018246 0.8905453 -0.1385529 0.433281 -0.9166601 0.3025506 -0.2611466 -0.2639957 0.7047716 0.6584857 0.6444819 -0.6120329 -0.4583217 0.363472 0.8800714 -0.3055528 -0.6404458 -0.7632176 -0.08560478 -0.435262 -0.8587318 0.2704198 -0.6811603 -0.7244388 0.105873 0.4161723 -0.5396309 -0.7318464 -0.01172685 0.7294428 -0.6839414 0.8663208 0.3134831 0.388866 -0.09801411 -0.5100843 -0.8545216 0.1319965 0.2981156 -0.9453592 -0.05571746 0.2129903 -0.9754644 0.009797215 -0.01239866 -0.9998752 0.02140736 -0.01219177 -0.9996965 0.0250526 0.02182251 -0.999448 -0.6007395 0.2358933 -0.7638498 0.3879679 0.1329934 -0.9120272 0.0195828 0.01219832 -0.9997339 0.02812391 -0.03890478 -0.9988471 0.08160245 0.119422 -0.9894844 -0.002300202 -0.004365622 -0.9999879 0.02273875 -0.139383 -0.9899775 -0.03233456 -0.3418257 -0.939207 -0.1002352 0.07362008 -0.9922364 -0.1136894 0.03300392 -0.992968 0.02471506 0.087435 -0.9958636 -0.01552599 0.1145276 -0.9932988 -0.04584431 -0.03369718 -0.9983802 -0.05416798 -0.05574572 -0.9969746 -0.1147978 0.5885968 -0.8002346 0.05240648 0.3467733 -0.9364838 0.07264435 0.02394211 -0.9970705 -0.04525715 0.1488893 -0.9878178 0.01986408 0.04040408 -0.998986 -0.03036695 0.003553152 -0.9995326 0.03418165 0.07472425 -0.9966182 0.1281237 -0.0903632 -0.9876329 0.01464098 0.003851354 -0.9998854 0.118944 -0.002885997 -0.9928969 0.002089977 -0.0537061 -0.9985546 -0.07017838 -0.01142334 -0.9974691 0.01539844 0.04534316 -0.9988529 0.02651941 -0.004154264 -0.9996397 0.02265417 -0.03050464 -0.9992779 -0.07391607 0.02371919 -0.9969823 -0.005082368 -0.07344639 -0.9972862 -0.01323163 -0.02848249 -0.9995068 0.001723825 -0.02494001 -0.9996876 0.8550295 0.2650156 -0.4457481 -0.005764305 -0.003261983 -0.9999781 -0.07142889 0.006381392 -0.9974253 -0.06616139 -0.005617976 -0.9977932 -0.01682114 0.1485168 -0.9887668 -0.04617267 0.02975785 -0.9984902 -0.07450354 -0.00624746 -0.9972013 -0.03792995 0.21896 -0.9749963 -0.05286079 -0.06984341 -0.9961565 -0.07858395 -0.05709999 -0.995271 -0.008616387 0.05685949 -0.9983451 0.04989486 0.02061706 -0.9985417 0.03699511 -0.01802986 -0.9991528 -0.3485038 0.07607465 -0.9342151 0.3202718 -0.7435811 -0.5869525 -0.1048995 -0.4788627 -0.8716001 -0.1951373 -0.2970285 -0.9347168 0.3395327 -0.2348155 -0.9108124 0.1918963 -0.2896819 -0.9376887 -0.4160689 0.02562266 -0.9089721 -0.156612 0.3338469 -0.9295263 0.2655886 0.3887373 -0.8822392 0.4411448 0.1826028 -0.8786624 -0.2488173 -0.1073758 -0.9625801 -0.2486193 0.1660416 -0.9542635 0.03171801 0.263415 -0.964161 0.3254069 0.1658059 -0.9309237 0.2963662 -0.192465 -0.9354808 0.1951037 -0.01022493 -0.9807294 -0.873255 0.4842094 -0.05447155 -0.9882757 0.1526804 0 -0.8536706 -0.5176075 -0.05769789 -0.6288756 -0.7775061 0 -0.1479291 -0.9889484 0.009908378 0.5340919 -0.8241132 -0.1886353 0.8386705 -0.5446393 0 0.9986296 -0.05233609 0 0.8910066 0.4539905 0 0.6271707 0.778882 0 -0.01931565 0.998241 -0.05605173 -0.3576959 0.9338381 0 -0.4525787 0.8882356 -0.07880359 0.05233585 0.9986295 0 0.5430579 0.8362364 -0.07613658 0.8910067 0.4539902 0 0.9986296 -0.05233573 0 0.8386707 -0.5446389 0 0.3927658 -0.9196386 0 -0.4445773 -0.8829233 -0.1509893 -0.8910067 -0.4539902 0 -0.9957628 0.05218577 -0.07571876 -0.8386707 0.5446389 0 -3.69826e-4 1.20327e-4 -1 0 0 -1 0 0 -1 -8.36681e-7 -4.86506e-7 -1 0 -7.49154e-7 -1 0 -1.48435e-7 -1 0 0 -1 -1.03548e-6 0 -1 3.76895e-4 1.91609e-4 -1 -0.9867836 -0.1620392 0.00125283 -0.9828584 -0.1826359 0.02516949 -0.8585976 -0.447694 -0.2497606 -0.9806173 -0.1953123 0.01558655 -0.9826717 -0.185285 0.005093991 -0.9837628 -0.1643131 0.07219439 -0.9608974 -0.2768078 0.007328033 0.9952936 0.09286832 -0.02768039 0.9951104 0.0981853 -0.01072353 0.9853721 0.1630666 -0.04950839 0.9695535 0.2410139 -0.04334121 0.975652 0.2192754 0.004627287 0.9809842 0.165091 -0.1020535 0.9763079 0.2136082 -0.03456324 -0.5989333 0.2261524 0.7682019 -0.1686538 -0.3500064 0.9214399 -0.4633329 -0.5623548 0.684894 -0.4640665 0.3720629 0.8038728 0.7273747 0.06469464 -0.6831842 0.1010289 0.5473505 -0.8307831 0.545527 -0.1431257 -0.8257817 0.4616574 0.8805723 0.1070753 -0.2618639 0.9530555 -0.1520285 0.4077565 -0.9118722 0.04715687 0.3357791 -0.9417807 0.01736789 -0.9772397 -0.06043589 -0.2033473 -0.9857183 0.1624061 0.04453969 -0.9877023 0.156304 -0.003634214 -0.9961167 0.08772987 -0.007417201 -0.6095497 -0.530344 0.5892237 -0.9878457 0.1554304 -0.00152868 -0.9753509 0.2204196 0.01029157 -0.4638534 0.4884172 -0.7391135 0.9880437 -0.154174 2.8069e-4 0.9880959 -0.1538393 -6.04994e-5 0.9849476 -0.1696532 -0.03310769 0.9879088 -0.1550365 -6.46123e-5 0.9838806 -0.1753979 -0.03485226 0.9380459 -0.3059012 -0.1627712 0.9846397 -0.1202058 -0.1266309 0.8959695 -0.3990017 0.1950292 0.9509067 -0.09099316 0.2957984 -0.1040713 0.182305 0.9777188 -0.6893044 -0.4420819 0.5739539 -0.5418462 0.4750634 0.6933379 0.3325911 -0.5621544 -0.7572093 0.242551 0.4454255 -0.8618384 0.1150242 0.4224745 -0.8990466 0.4795587 -0.6053877 -0.6352396 0.1372525 -0.9887773 0.05900353 0.08504331 0.9955761 0.03994947 0.3062355 0.9516838 -0.02275526 -0.4712913 0.8794251 -0.06705397 0.4712913 -0.8794251 0.06705397 0.087978 -0.9960901 -0.008032321 -0.087978 0.9960901 0.008032143 0.4308766 -0.8456527 -0.3149871 -0.04967248 -0.9477927 -0.3149951 -0.5169106 -0.7959781 -0.3149957 -0.845646 -0.4308847 -0.3149942 -0.9477937 0.04967159 -0.3149921 -0.7959779 0.5169119 -0.3149943 -0.2940819 0.7239845 -0.623989 0.0523023 0.3977828 -0.9159877 0.1163814 0.2165679 0.9693058 0.3514014 0.179048 -0.9189445 0.9477937 -0.04967159 -0.3149921 0.7959779 -0.5169119 -0.3149943 0.2862511 -0.146831 0.9468374 0.3213048 0.01596897 0.9468412 0.2254281 0.1761949 0.9581949 -0.1990966 0.3958006 0.8964945 -0.2862511 0.146831 0.9468374 -0.3213048 -0.01596897 0.9468412 -0.2702854 -0.17449 0.9468364 -0.1468341 -0.2862564 0.9468353 0.01596921 -0.3213197 0.9468362 0.174489 -0.2702881 0.9468358 -0.02064359 -0.1827492 0.9829428 0.06979107 -0.1255065 0.989635 0.3135039 0.01558071 0.9494591 0.2637158 0.1702487 0.9494575 -0.01558035 0.3135112 0.9494568 -0.1702474 0.2637178 0.9494571 0.2792895 -0.1432624 0.9494596 0.1432663 0.2792982 0.9494563 -0.2792895 0.1432624 0.9494596 -0.2272415 -0.1523722 0.9618441 -0.3135039 -0.01558071 0.9494591 0.01794707 -0.9251514 0.3791741 0.3086958 -0.2413526 -0.9200303 0.5272929 -0.06007647 -0.8475572 0.4866912 0.2116155 -0.8475558 0.3156629 0.4266101 -0.8475617 0.06007665 0.5272887 -0.8475598 -0.2116109 0.4866846 -0.8475606 -0.426614 0.3156719 -0.8475564 -0.5272929 0.06007647 -0.8475572 -0.4866912 -0.2116155 -0.8475558 -0.1466732 -0.2325566 -0.9614595 0.1734384 0.2343806 -0.9565484 0.267363 0.1162646 -0.9565562 0.2897034 -0.0330066 -0.9565473 0.7218698 -0.5792534 -0.3786416 -0.1972691 -0.3082532 -0.9306261 -0.1162695 0.2673884 -0.9565485 0.03300911 0.2896952 -0.9565497 0.1140829 0.05812507 -0.9917694 0.1073774 -0.06973099 -0.9917701 -0.08035254 -0.1451212 -0.9861457 -0.267363 -0.1162646 -0.9565562 -0.2343652 0.1734338 -0.9565531 0.006699264 0.1278564 -0.9917701 0.127853 -0.006700634 -0.9917706 0.01784235 -0.4214533 0.9066747 -0.1140829 -0.05812507 -0.9917694 -0.2897034 0.0330066 -0.9565473 -0.05812668 0.114077 -0.99177 0.0136913 -0.01573604 -0.9997825 -0.127853 0.006700634 -0.9917706 0.06973403 0.1073764 -0.9917699 -0.1073774 0.06973099 -0.9917701 -1.43646e-5 0 1 1.43646e-5 0 1 0 0.05913764 0.99825 -4.73222e-5 0 1 1.43646e-5 0 1 -1.43646e-5 0 1 1.43646e-5 0 1 -7.18246e-6 0 1 1.43648e-5 0 1 4.73222e-5 0 1 -1.43646e-5 0 1 0.004231691 -0.05971986 0.9982063 -0.004670798 0.009255051 0.9999464 -1.43648e-5 0 1 3.02275e-6 0 1 -0.04194551 0.197315 0.9794424 -0.02702486 0.99163 0.1262524 0.1620298 0.9682585 0.1903206 0.02731817 0.3373604 0.9409791 0.1622669 0.2972152 0.9409211 0.3451974 0.8763265 -0.3359922 0.5418511 0.8186339 0.1903575 0.2691234 0.2055197 0.940922 0.6717859 0.6601599 -0.3359952 0.8279684 0.527477 0.1903588 0.3294481 0.07828927 0.9409224 0.8822266 0.3298496 -0.3359695 0.9709351 0.1451056 0.1903407 0.332815 -0.06247764 0.9409201 0.9401095 -0.05749851 -0.3359883 0.9460135 -0.2623491 0.1903457 0.2786198 -0.1924412 0.9409238 0.8354476 -0.4349124 -0.3359742 0.7575175 -0.6244502 0.1903395 0.1762652 -0.2891331 0.9409212 0.5863145 -0.7371211 -0.335988 0.4380384 -0.8785706 0.1903582 0.04342406 -0.3358266 0.9409224 0.2358269 -0.9118672 -0.3359821 0.04282188 -0.9807767 0.1903769 -0.09692311 -0.3244569 0.9409217 -0.1554542 -0.9289541 -0.3359739 -0.3598008 -0.9134082 0.1903394 -0.2205169 -0.2569832 0.9409208 -0.5198493 -0.7854135 -0.3359801 -0.7002166 -0.6880878 0.190347 -0.3059667 -0.1450755 0.9409238 -0.7943633 -0.506063 -0.3359872 -0.9195472 -0.3438031 0.1903483 -0.338524 -0.008082628 0.9409231 -0.9315241 -0.1392165 -0.3359788 -0.9798856 0.05993127 0.1903483 -0.3125535 0.1303068 0.9409201 -0.9076179 0.2516991 -0.3359723 -0.8707884 0.4533125 0.1903564 -0.2197265 0.2356065 0.9466837 -0.7267654 0.5991053 -0.3359836 -0.6002207 0.7545987 0.2651713 -0.2429868 0.6593251 -0.711511 -0.326803 0.9387589 0.1092317 -0.3836013 0.527992 -0.7576771 -0.3643909 0.8184407 -0.4442681 -0.1356889 0.638377 -0.7576698 0 0.8958994 -0.444257 0.1356921 0.6383766 -0.7576695 0.364391 0.8184472 -0.4442561 0.383616 0.5279943 -0.757668 0.665785 0.599476 -0.4442509 0.5652036 0.3263189 -0.7576681 0.8520555 0.2768467 -0.4442491 0.6490586 0.06821805 -0.7576735 0.8909949 -0.09364664 -0.4442505 0.6206968 -0.201672 -0.7576702 0.7758812 -0.4479485 -0.4442417 0.4849974 -0.4366994 -0.7576749 0.5161517 -0.7104362 -0.4784015 0.2876811 -0.6461583 -0.7069082 0.1917383 -0.9020364 -0.3867387 0 -0.6424425 -0.7663339 -0.1862695 -0.8763242 -0.4442516 -0.2654451 -0.5962035 -0.7576809 -0.5265997 -0.7247989 -0.4442514 -0.4849973 -0.4366998 -0.7576747 -0.7758734 -0.4479478 -0.4442558 -0.620693 -0.2016708 -0.7576736 -0.890999 -0.09364527 -0.4442426 -0.6490632 0.06821811 -0.7576697 -0.852054 0.2768483 -0.4442512 -0.5651969 0.3263142 -0.7576752 -0.6657903 0.5994728 -0.4442474 -0.2163462 0.1494292 -0.9648136 -0.2584276 0.04851329 -0.9648117 -0.2558087 -0.06079089 -0.9648143 -0.2089718 -0.1595841 -0.9648128 -0.1259987 -0.2307847 -0.9648124 -0.02154999 -0.2633651 -0.9644555 0.09363281 -0.2624937 -0.9603802 0.1691023 -0.1817423 -0.9686972 0.24269 -0.1011821 -0.9648129 0.2628602 0.006276071 -0.9648136 0.2375819 0.1126492 -0.9648135 0.1712235 0.1995444 -0.9648133 0.07525944 0.2519363 -0.964813 -0.03371888 0.2607651 -0.9648133 -0.1368684 0.2245094 -0.9648122 0.3700094 -0.8509817 0.3727241 0.7459267 -0.5519674 0.3727269 0.921975 -0.1050475 0.3727293 0.8509795 0.3700164 0.3727221 0.5519576 0.7459359 0.3727231 0.1050449 0.9219802 0.3727173 -0.3700094 0.8509817 0.3727241 -0.7459267 0.5519674 0.3727269 -0.921975 0.1050475 0.3727293 -0.8509795 -0.3700164 0.3727221 -0.5519576 -0.7459359 0.3727231 -0.1050449 -0.9219802 0.3727173 -0.08055895 -0.985471 -0.1495234 -0.5625045 -0.8131616 -0.149523 -0.8937221 -0.4229689 -0.1495262 -0.9854707 0.08055818 -0.1495256 -0.8131674 0.5624955 -0.1495245 -0.4229716 0.8937205 -0.1495285 0.08055895 0.985471 -0.1495234 0.5625045 0.8131616 -0.149523 0.8937221 0.4229689 -0.1495262 0.9854707 -0.08055818 -0.1495256 0.8131674 -0.5624955 -0.1495245 0.4229716 -0.8937205 -0.1495285 1.37542e-5 0 1 -1.94341e-5 0 1 -2.75086e-5 0 1 5.50173e-5 0 1 -1.37542e-5 0 1 1.94341e-5 0 1 2.75086e-5 0 1 -5.50173e-5 0 1 -2.75087e-5 0 1 2.75087e-5 0 1 -0.4931653 0.3202663 -0.8088372 -0.587216 0.0307756 -0.8088451 -0.5239399 -0.2669624 -0.8088375 -0.3202654 -0.4931662 -0.808837 -0.03077423 -0.5872288 -0.8088358 0.2669608 -0.5239422 -0.8088365 0.4931653 -0.3202663 -0.8088372 0.587216 -0.0307756 -0.8088451 0.5239399 0.2669624 -0.8088375 0.3202654 0.4931662 -0.808837 0.03077423 0.5872288 -0.8088358 -0.2669608 0.5239422 -0.8088365 -0.3221512 0.680693 -0.6579328 0.06135779 0.7505731 -0.6579325 0.4284257 0.6193358 -0.6579321 0.6806913 0.322151 -0.6579349 0.7505763 -0.06135642 -0.657929 0.6193395 -0.4284219 -0.6579312 0.3221512 -0.680693 -0.6579328 -0.06135779 -0.7505731 -0.6579325 -0.4284257 -0.6193358 -0.6579321 -0.6806913 -0.322151 -0.6579349 -0.7505763 0.06135642 -0.657929 -0.6193395 0.4284219 -0.6579312 0.9461379 0.3224444 -0.02920013 0.9813185 0.1818452 0.06282007 0.9962651 0.05984944 0.06224131 0.9050662 0.4244033 -0.02714818 0.3688251 0.7172973 0.5911452 0.1870779 -0.03297656 0.9817915 -0.0434305 0.7747806 -0.6307368 0.08957743 -0.2872604 -0.9536547 0.2364383 -0.7768479 -0.5836131 0.2353178 -0.881956 0.4083862 0.1442421 -0.07788038 0.986473 -0.1183128 0.9632368 0.2411994 -0.3080493 0.4427304 0.8420781 0.1020587 -0.5532346 0.82675 0.1592813 -0.9871796 0.010293 0.08216428 -0.3398335 -0.9368897 -0.05254638 0.3613933 -0.9309317 -0.2122699 0.9484168 -0.2354722 -0.7186104 0.5622579 0.4092251 -0.1952467 -0.5600895 0.8050954 0.3562309 -0.9336163 0.03821212 -0.2673441 -0.4969756 -0.8255558 -0.3941419 0.4512373 -0.8006479 0.2498657 0.94698 -0.2019805 0.311067 0.5524792 0.7733073 0.9990847 -0.03937488 -0.01672214 0.9850755 0.152217 -0.08035182 0.7896739 0.06899154 0.6096354 0.1875759 -0.7767581 0.6012173 0.323925 -0.9439557 0.06340581 -0.1933934 0.5491688 -0.8130269 0.2209158 -0.03317499 -0.9747285 -0.5929185 -0.6971063 -0.403101 -0.09059005 0.9614333 0.2596912 -0.2220398 0.2528349 0.9416862 -0.104425 -0.6802345 0.7255181 0.6627897 -0.3038359 -0.6843929 0.6861382 0.5571825 -0.46772 -0.07735776 0.5454857 -0.8345426 -0.07146507 -0.9728592 -0.2200863 0.1458695 -0.09195512 0.985021 0.02643227 0.5991685 0.8001866 -0.6416674 0.7667684 -0.01814734 -0.2867953 -0.3390583 -0.8959844 -0.0745238 0.9629566 0.2591544 0.2803819 -0.9286967 -0.2427107 -0.08394521 0.4795221 -0.8735054 -0.2411345 0.9329756 -0.2672277 -0.06033879 0.6517449 -0.7560343 0.1576053 -0.6450561 0.7477053 0.1234512 -0.6037667 0.7875441 0.0982905 -0.1592506 -0.9823331 -0.0354039 0.2785401 0.9597719 -0.04684692 0.2934187 0.9548355 -0.1756252 0.8299558 0.5294613 0.05536305 -0.3038196 -0.9511197 0.1165492 -0.8046601 -0.5821843 0.1786838 -0.9759969 0.1245083 -0.5449756 0.03900474 -0.8375443 0.1297504 -0.6453879 0.7527546 0.08034348 -0.9967663 -0.001432657 -0.3160146 0.86107 -0.3983632 -0.2326865 0.8706181 0.4334526 0.0264731 -0.5986799 -0.8005509 -0.1176078 0.4190902 -0.9002954 0.1743824 0.1896838 -0.9662354 -0.03080785 0.2925475 0.9557547 -0.229166 0.9335665 -0.2755659 0.1775432 -0.7695238 -0.6134425 0.05647045 -0.9980408 0.02693819 0.08437299 -0.6012676 0.7945807 -0.9857667 -0.1680594 -0.004505217 -0.9121559 -0.2474194 -0.3267346 0.0290879 -0.5915029 0.8057781 -0.2966085 0.3021645 0.9059361 0.09263992 -0.1639369 -0.9821113 0.1393907 -0.9902361 -0.001665771 -0.1616944 0.8987297 -0.4076027 0.0754534 -0.2279818 0.9707374 -0.5095348 0.702357 0.4970604 -0.9026011 -0.3622106 0.2326261 -0.5964137 0.7388736 -0.3136187 -0.449314 0.8777223 -0.1664952 -0.2187086 0.5964987 -0.7722408 -0.8050889 -0.4085392 -0.4300321 -0.213337 -0.9760571 0.04242616 0.1841332 0.3521233 0.9176624 -0.6569982 -0.3974617 -0.6406072 -0.313063 -0.5301025 -0.7880247 0.1360281 -0.9263561 0.3512277 0.08714634 -0.4180378 -0.90424 -0.13803 0.9179519 -0.3719033 0.02215886 0.1749391 0.9843298 -0.08927035 0.3304759 0.9395832 -0.2411941 0.6520236 -0.718812 0.03387135 -0.6341538 -0.7724648 0.09728866 -0.8969457 0.4313044 -0.2736376 0.8513386 0.4475994 0.4012274 0.6310171 0.6639533 -0.9849013 -0.1704116 -0.03048598 -0.9958214 -0.06723737 -0.06179767 -0.9702508 -0.2050153 0.1287724 -0.9558628 -0.2937767 -0.004654228 -0.9248665 -0.3377548 0.1747677 -0.9881489 -0.1441364 -0.0527876 -0.2363365 0.598775 -0.765254 0.001773059 -0.4562656 -0.889842 -0.2852377 0.9516621 -0.1139246 0.159044 -0.9865762 0.0370475 -0.2011122 0.8783641 0.4336248 0.9868753 -0.1607725 0.01514989 0.98501 -0.1709981 0.02269214 0.9671121 -0.25271 0.02884405 0.999794 0.01476889 -0.01392352 0.9643468 0.1613758 -0.2097457 0.8068754 0.4277055 0.4074559 0.2047761 0.6930797 -0.6911638 0.02395647 -0.3133285 -0.9493426 -0.04310184 -0.8719255 -0.4877378 -0.05091768 -0.7474622 0.6623501 0.1087256 0.06371372 0.9920279 0.2208693 0.7473777 0.6266126 0.08004581 0.4987629 0.8630343 -0.08663231 -0.541116 0.8364738 -0.2084358 -0.9777072 0.02536594 -0.04324293 -0.4670904 -0.8831516 0.04038298 0.2621781 -0.9641743 0.0645008 0.9705014 -0.2323074 -0.509198 0.7636041 0.3970216 -0.289067 -0.4639523 0.83737 -0.1793819 -0.98176 -0.06300514 -0.2529435 -0.4945816 -0.83151 -0.5530684 0.4880523 -0.6752188 0.5790861 0.7913442 -0.196045 -0.01956331 -0.9992427 0.03363645 -0.2004811 -0.5230817 0.8283675 0.476048 0.4038598 0.7812014 0.99347 -0.09597545 0.06169414 0.9757249 -0.212736 0.05200427 0.7824628 0.3348097 -0.525028 -0.2003747 -0.9775269 -0.06550651 0.2229626 0.9721224 -0.07256531 0.2930108 -0.5930928 -0.7499238 -0.2768172 -0.162262 -0.9471238 0.312564 0.7340713 -0.6028625 -0.1443925 0.3118209 0.9391052 -0.4269251 -0.6290189 0.6496693 -0.2754165 -0.9347408 -0.2245119 -0.7475793 0.2491859 -0.6156556 0.08462327 -0.2667984 -0.96003 0.03169983 -0.9907218 -0.1321573 -0.1890853 -0.8166654 0.5452564 0.07778388 -0.1728702 0.9818684 0.2267677 0.5503864 0.8035243 -0.2175747 0.9506586 0.2211551 0.9855123 -0.1650669 -0.03896981 -0.200165 -0.8914479 0.4065151 -0.08683449 -0.9696444 -0.2285817 0.1370228 0.5982626 -0.7894977 0.2618505 0.9351612 0.2385536 0.09639859 -0.7360184 0.6700628 -0.08001929 -0.4146311 0.9064646 -0.0103814 -0.3604264 -0.9327299 0.07222121 0.2814792 0.9568457 -0.1063318 -0.9369781 0.3328148 -0.1903631 -0.8163713 -0.545252 0.1014171 0.9564287 -0.2737863 0.09474837 0.1950241 0.9762113 0.09343159 0.8029746 0.5886446 0.1769459 0.5169361 -0.8375365 -0.04295688 -0.07198309 -0.9964805 -0.06683111 -0.3999789 0.9140846 -0.4621739 -0.06715238 0.8842431 -0.2183799 0.1401502 -0.9657475 -0.3268514 -0.6298659 0.704583 -0.2646332 -0.8325337 -0.4866797 -0.05440574 0.7033462 -0.7087624 0.0471946 0.9907608 0.127145 -0.1464156 0.4094771 0.9004949 -0.08645814 -0.3214132 -0.9429839 0.2340634 0.09633648 -0.9674366 0.1397044 0.77874 0.6115937 0.1763852 0.9320657 -0.3164521 -0.2434366 -0.8211036 -0.516263 -0.1332759 -0.9394169 0.3158059 0.05468046 -0.1787231 0.9823789 -0.9760835 0.1881493 -0.1089079 0.1057527 0.4291081 -0.897041 -0.2366706 -0.2483497 -0.9393134 0.02372503 0.9916489 0.1267662 -0.1022537 0.1534569 0.9828506 -0.7242858 -0.6862089 0.06728661 -0.5626447 -0.1700431 -0.8090218 -0.4094331 0.8458834 -0.3418272 -0.9804207 0.09103107 -0.1746105 -0.9831679 -0.004978716 0.1826366 -0.2460089 -0.8739327 0.4191911 -0.04131346 -0.4208865 -0.906172 0.09190177 0.9409445 -0.3258489 0.04916703 0.1328986 0.9899095 -0.0205245 0.3941928 0.9187987 0.07981431 0.9537698 -0.2897464 -0.1147092 0.3624024 -0.9249358 -0.3003451 -0.841472 -0.4491299 -0.2099133 -0.9218348 0.3258174 -0.9875773 0.1559519 0.01924055 -0.9880664 0.1535576 0.01204496 -0.9887701 0.1469233 -0.027336 -0.9863483 0.1646718 5.53744e-4 -0.9933837 0.1135817 0.01697975 -0.09873402 -0.598528 0.7949942 0.006875932 0.7878652 0.6158095 0.05682516 0.6142402 -0.7870705 0.1341199 0.9896147 -0.05171656 -0.2830387 -0.9537926 0.1008401 0.02695441 0.3912778 0.9198779 -0.1614702 -0.6736322 0.7212123 -0.07128918 -0.8709294 -0.4862099 0.9659259 0.2588191 -1.81961e-7 0.7071069 0.7071067 0 0.2588191 0.9659259 0 0.258819 0.9659259 1.45569e-6 -0.2588191 0.9659259 -1.95579e-6 -0.6245383 0.6245383 0.4689392 -0.5478864 0.8363799 0.01701176 -0.9659257 0.2588194 0 -0.9659217 -0.258818 -0.002932727 -0.9657649 -0.259419 0 -0.505126 -0.8629351 0.01381307 -0.6279764 -0.6279766 0.4596641 -0.8337116 -0.5519228 0.01750117 -0.2588167 -0.9659167 -0.004340291 0.2588191 -0.9659258 0 0.312031 -0.5354391 0.7848196 0.6762462 -0.6762464 0.2922021 0.9484444 -0.254135 -0.1893904 0.9578768 -0.2871795 3.79405e-7 0.2841368 -0.9493924 -0.133867 -0.2597058 -0.9656878 0 -0.9659259 0.2588191 0 -0.8696977 0.4935848 0 -0.2605116 0.9654359 -0.008205473 0.7071069 0.7071068 -7.27845e-7 0.9659258 0.2588194 0 0 0 -1 -2.68673e-4 0.001002609 -0.9999995 0.00177145 0.0082677 -0.9999643 0 0 -1 -0.001973569 0.002572476 -0.9999948 0 0.005111694 -0.999987 -0.003167092 0.001828491 -0.9999934 -0.01450151 -0.02511733 -0.9995794 -0.04057461 -0.01087212 -0.9991174 -1.36459e-7 0 -1 -0.05822336 -0.003236055 -0.9982984 0.009098529 0.002438008 -0.9999557 0 0.01609271 -0.9998705 0.006064295 0.006064236 -0.9999633 0.005743563 0.003316044 -0.999978 0.01375055 0.003684401 -0.9998987 -0.005767941 0.003330111 -0.9999779 0.01091575 -0.004522621 -0.9999302 -0.007101833 0.004100203 -0.9999664 0 0.01308864 -0.9999144 0.01763707 -0.06301903 -0.9978566 0.01128911 0.02496391 -0.9996247 0.01030075 -0.0384429 -0.9992077 0.8736045 -0.08446508 -0.4792504 -0.03227788 0.0287714 -0.9990648 -0.03934633 0.06749266 -0.9969437 0.005363047 0.001803457 -0.999984 2.25078e-5 -1.29963e-5 -1 0.001171231 0.002028584 -0.9999973 0.006666719 0.00178641 -0.9999763 0 -3.53176e-5 -1 0.03374946 -0.04247176 -0.9985275 0.07747948 -0.02398884 -0.9967054 -0.3320422 0.05896836 -0.9414196 -0.08856117 0.02983605 -0.9956239 0.03286212 0.03637593 -0.9987978 0.04193669 -0.01770436 -0.9989634 0.05591887 -0.01344472 -0.9983448 -0.00196731 -0.005884051 -0.9999808 -0.002212345 -5.92814e-4 -0.9999974 5.50333e-6 -3.15698e-6 -1 -0.002045571 -0.002045571 -0.9999958 0 -1.31035e-5 -1 0.06480771 0.05923014 -0.9961385 0.037876 -0.1359583 -0.9899904 -0.02909636 -0.01708018 -0.9994308 -0.05084228 -0.0138753 -0.9986104 -0.03503495 0.02047967 -0.9991763 -4.08498e-4 -0.1248839 -0.9921714 -0.03417599 0.02129179 -0.999189 0.03204572 -0.01191312 -0.9994154 0.04408371 -0.0411852 -0.9981786 -0.06793206 -0.169322 -0.9832168 -0.018808 -0.003917515 -0.9998155 0.0219652 -0.04196542 -0.9988776 0.1061143 0.4616048 -0.8807162 0.04677003 0.01253193 -0.9988271 0.03401416 0.09485721 -0.9949097 0 -9.86456e-4 -0.9999996 0.005191862 -0.01169997 -0.9999182 -1.83064e-4 -1.83048e-4 -1 -0.02591562 0.1633847 -0.986222 0.02847635 -0.008997976 -0.999554 -0.03998637 -0.04555398 -0.9981613 -0.02470403 0.02588039 -0.9993599 -0.02312368 0.006025373 -0.9997145 -0.009010493 -0.0122497 -0.9998844 -0.004535019 -0.001215159 -0.999989 -0.008943796 -0.008943915 -0.9999201 0.003791987 -0.01415193 -0.9998927 0.02192157 -0.01265639 -0.9996796 -0.006840467 0.0170688 -0.999831 -0.08387547 -0.007027804 -0.9964516 -0.01972639 -0.005781173 -0.9997888 0.850432 -0.4516128 0.2698361 -0.02117073 -0.006612062 -0.999754 -4.48987e-4 2.91755e-4 -0.9999999 -0.001301407 -3.48707e-4 -0.9999991 -0.01129597 -0.0343694 -0.9993454 -0.009065389 -0.03733223 -0.9992618 0.02603721 0.0137695 -0.9995662 0.04888188 0.00527662 -0.9987907 0.04339981 0.002993464 -0.9990533 0.2171224 0.009874343 -0.9760944 0.07291454 0.01953649 -0.9971469 2.51258e-4 -1.45054e-4 -1 0.02473354 0.02473378 -0.9993882 5.46696e-5 -2.03771e-4 -1 -0.025177 -0.0145325 -0.9995775 0.01051831 0.02253729 -0.9996907 0.01727104 0.00501126 -0.9998384 0.01646047 -0.02983504 -0.9994193 -0.03085994 -0.01018112 -0.9994719 0.004152536 0.006967008 -0.9999671 -0.03143334 -0.008422613 -0.9994704 -6.16141e-4 3.55732e-4 -0.9999998 -0.02055764 -0.1832149 -0.982858 -3.99602e-4 0.001491129 -0.9999988 -0.0252124 -0.04366916 -0.9987279 -0.04638218 0.1032524 -0.9935732 -0.01661193 -0.002894282 -0.9998579 0.02088749 0.05260735 -0.9983969 0.02861076 -0.03808099 -0.998865 0.02444046 0.09344011 -0.9953249 -6.65489e-4 0.07577323 -0.9971249 0.003035128 0.0378549 -0.9992787 0.004225671 0.04907107 -0.9987863 0.02618891 0.061782 -0.9977461 0.007939934 -0.01179766 -0.9998989 -0.02260798 -0.01042091 -0.9996902 0.01135396 -0.006555199 -0.9999141 0.01085501 -0.05702602 -0.9983137 0.001114308 0.001929998 -0.9999976 -0.01908469 -0.00511372 -0.9998048 0.01070678 -0.03995841 -0.9991441 -0.001513481 0.007210969 -0.9999729 -0.02431017 -0.07938706 -0.9965475 -0.04671686 7.41668e-4 -0.998908 0.007981896 -0.04061323 -0.9991431 -0.01069545 0.03783178 -0.9992269 0.02244991 -0.003242373 -0.9997428 0.1408664 0.1307771 -0.9813532 0.001172959 0.002031624 -0.9999973 -0.04742169 0.005118966 -0.9988619 0 0.02844679 -0.9995954 0.002069652 5.5457e-4 -0.9999978 -0.03643119 0.02103352 -0.9991148 -0.006350457 -0.01152622 -0.9999134 -0.02038341 0.02180022 -0.9995546 0.1857992 0.0590074 -0.9808143 -0.01737946 0.02122783 -0.9996236 0.007520318 -0.036273 -0.9993137 0.01183468 -0.02953052 -0.9994939 0 0 -1 0 0.007053852 -0.9999752 0 0.008742988 -0.9999618 0.03441709 0.009221792 -0.999365 4.31393e-4 1.15602e-4 -1 0.008247733 0.008247792 -0.999932 1.21818e-4 -7.91662e-5 -1 1.49049e-4 -8.60521e-5 -1 0 0 -1 0.004674911 0.007169663 -0.9999634 0.01364761 -0.01364761 -0.9998137 -0.005393922 -0.001445293 -0.9999845 0.03610479 0.01388567 -0.9992516 0.003083407 0.01150751 -0.9999291 -0.004445552 0.001841902 -0.9999884 5.5821e-4 -0.002083241 -0.9999977 -0.001678943 -9.6934e-4 -0.9999982 1.87491e-5 5.02972e-6 -1 5.78261e-6 -1.94013e-6 -1 -6.74285e-4 0.002516329 -0.9999966 8.11294e-4 0.001958072 -0.9999978 -0.006138682 0.001644849 -0.9999799 0.02165836 -0.03748887 -0.9990623 -0.002758026 0.001592338 -0.9999949 0.01388531 -0.008016645 -0.9998716 0.03270053 -0.008762061 -0.9994269 -0.01118803 -0.002892136 -0.9999333 -0.02849042 0.007592797 -0.9995653 0 0.03025436 -0.9995422 -0.003579199 -3.14548e-4 -0.9999936 -0.003829538 -3.80338e-4 -0.9999926 -0.03339278 0.01927936 -0.9992564 0.09570521 0.05481433 -0.9938994 -0.001068353 0.002148807 -0.9999972 -4.21265e-4 -7.98437e-4 -0.9999997 -0.0846374 -0.006338894 -0.9963917 0.004618465 -0.01399904 -0.9998914 -5.53048e-4 3.19333e-4 -0.9999999 0.01855349 0.004971385 -0.9998156 -0.00330156 -0.01232171 -0.9999186 0.9656407 0.2587379 0.02434772 0.4905353 0.8496344 -0.1936408 -0.2586142 0.9651611 0.03978669 -0.8652541 0.4995547 -0.04219633 -0.9656349 -0.2587495 0.02445763 -0.7061549 -0.7061466 0.05198401 0 -0.9932192 -0.1162569 0.8649958 -0.4994056 0.04874944 0.263244 -0.9202581 -0.2895305 -0.9351776 0.3179928 -0.1559606 0.603877 0.7906129 -0.1013105 0.9656391 0.2587441 0.02434659 0.4905365 0.8496333 -0.1936426 -0.2483901 0.9270024 0.2810143 -0.8429076 0.4866523 0.2295132 -0.9656381 -0.2587373 0.02445691 -0.7061483 -0.7061532 0.05198264 0 -0.9932193 -0.1162565 0.8649958 -0.4994056 0.04874891 0.2632437 -0.9202581 -0.2895305 -0.9952985 0.0581761 -0.07743716 0.6447227 0.7617368 -0.06395184 0.9656407 0.2587379 0.02434754 0.4905351 0.8496342 -0.1936416 -0.2586143 0.965161 0.03978669 -0.8652541 0.4995547 -0.04219591 -0.7061483 -0.7061532 0.05198347 0 -0.9932192 -0.1162568 0.8649958 -0.4994056 0.04874932 0.2632437 -0.9202581 -0.2895303 -0.9351786 0.3179893 -0.1559612 0.6038764 0.7906135 -0.1013096 0.9651622 0.2586097 0.03978747 0.4995536 0.8652548 -0.04219585 -0.2586143 0.9651609 0.03978711 -0.8652541 0.4995548 -0.04219532 -0.9417983 -0.2523542 -0.2221115 -0.705951 -0.7059533 -0.05712419 0 -0.9995578 0.02973675 0.8249196 -0.4762687 -0.3044273 0.6978709 -0.706454 -0.1178937 -0.944217 -0.0229448 -0.3285236 0.4484913 0.8905434 -0.07607984 0.9656407 0.2587379 0.0243473 0.4905352 0.8496342 -0.1936412 -0.2586143 0.965161 0.03978627 -0.8652541 0.4995547 -0.04219681 -0.9656372 -0.2587403 0.02445751 -0.7061499 -0.7061516 0.05198276 0 -0.9932192 -0.1162573 0.2632436 -0.9202582 -0.2895303 -0.935178 0.3179912 -0.1559607 0.6038766 0.7906132 -0.1013114 0.965639 0.2587441 0.02434706 0.4905358 0.8496337 -0.1936423 -0.9325724 -0.2498772 0.2605194 -0.6676068 -0.6676101 0.3295422 0 -0.9929176 0.118805 0.8649958 -0.4994056 0.04874801 0.4030575 -0.8843679 -0.2354531 -0.903823 0.416947 -0.09622538 0.6038767 0.7906132 -0.1013102 0.965639 0.2587441 0.02434688 0.4905365 0.8496333 -0.1936421 -0.9656372 -0.2587403 0.02445793 -0.7061499 -0.7061516 0.05198252 0.2632436 -0.9202581 -0.2895306 0.9656407 0.2587379 0.02434629 0.4905362 0.8496339 -0.1936403 -0.2586166 0.9651603 0.03978705 -0.8652542 0.4995548 -0.04219549 -0.9656366 -0.2587434 0.02445733 -0.7061516 -0.70615 0.05198311 0.8649958 -0.4994056 0.04874849 0.2632443 -0.9202578 -0.2895306 -0.9351788 0.3179893 -0.1559599 0.6038762 0.7906135 -0.1013106 0.9656408 0.258738 0.02434611 0.490535 0.8496341 -0.1936426 -0.2433283 0.908113 0.3407673 -0.8550921 0.4936876 0.1583992 -0.7061548 -0.7061466 0.05198419 0 -0.9932193 -0.1162565 0.2632437 -0.920258 -0.2895307 -0.9751253 0.1880826 -0.1172847 0.7587404 0.6488357 0.0576663 0.9277923 0.2117625 0.3071779 0.9981962 0.02864396 -0.05276274 0.7414233 0.591265 0.3173283 0.7255685 0.6732605 -0.1423757 0.3849836 0.9212583 0.05541545 0.4044067 0.8397591 0.362298 0 0.9999709 -0.007626831 -0.4077953 0.9022378 0.1402498 -0.4161047 0.86405 0.2833278 -0.6151064 0.6861572 -0.3883717 -0.7220214 0.5757926 0.383599 -0.722593 0.655193 -0.2204124 -0.9739989 0.2223089 0.04364532 -0.907271 0.2758914 0.3174007 -0.9150788 -0.2252506 0.3345042 -0.9494988 -0.2167167 0.2269053 -0.998485 -0.03332436 -0.04378724 -0.6639391 -0.7439082 -0.07606261 -0.7171147 -0.5718797 0.3983721 -0.8315314 -0.5541832 0.03790318 -0.41327 -0.8581638 0.3045701 0 -0.9696327 0.2445657 -4.79896e-4 -0.9688506 0.2476456 0.406381 -0.8438587 0.350367 0.4268746 -0.8564869 0.290187 0.2708231 -0.9612052 -0.05234158 0.7577246 -0.585864 0.2874315 0.7289865 -0.5813475 0.3614053 0.9467556 -0.2897647 -0.140322 0.9308565 -0.212462 0.2972647 0.9018397 -0.3327197 -0.2756496 0.6075047 -0.7913483 -0.06860107 -0.3730589 -0.9237194 -0.08700478 -0.8719689 0.3468841 -0.3454588 -0.005681812 0.9986309 -0.05200248 0.9435623 0.2979816 -0.1445581 0 0 -1 0 0 -1 0 0 -1 0 0 -1 0 0 -1 0 0 -1 0 0 -1 0 0 -1 0.1420966 0.9562862 0.2555884 -0.611613 0.7898539 -0.04539108 -0.625272 -0.3978626 0.6713719 -0.03510332 -0.9353907 -0.3518694 0.8846904 -0.4325241 0.1739133 0.7553808 0.525358 -0.3916619 -0.6965517 0.7115624 0.09216678 -0.5242255 -0.7136973 0.4645684 0.04008334 -0.9442674 -0.3267301 0.9433583 -0.1148836 0.3112507 -0.4466702 0.8385396 0.3119891 0.7982862 0.5400991 -0.2665189 -0.148603 -0.9495199 0.2762771 0.922187 0.2924625 0.2530555 -0.7342301 0.6577044 0.1683182 -0.5523055 0.6942118 0.4615503 0.720095 -0.05672764 0.6915527 -0.3144288 -0.7474464 0.5851995 -0.1633642 -0.8496758 0.5013613 0.88082 -0.1692067 0.4421824 0.2621377 0.8098884 0.524752 -0.8724377 0.1226535 0.4730842 -0.5280282 0.3113569 0.7900906 0.441954 0.5005869 0.744372 0.1562274 -0.5788886 0.8003007 -0.06754362 -0.8174365 0.572045 0.9767248 0.1942825 0.09090101 -0.192238 0.8583801 0.4756345 -0.8514952 0.08370423 0.5176385 -0.5462786 0.3934081 0.7394658 0.5887893 0.4267504 0.6864484 -0.03554421 -0.7921753 0.6092578 0.1931947 -0.9513207 0.2401351 0.739957 0.3478962 0.5757013 0.08084237 0.8237476 0.5611636 -0.9097036 0.07121711 0.4091058 0.2396891 0.6485096 0.7224849 0.4279124 -0.4015418 0.8097254 -0.6565006 -0.1708683 0.7347183 0.2769479 -0.912818 0.3001058 0.8387563 0.1892591 0.5105576 0.08001244 0.8129785 0.5767703 -0.9446987 -0.001846134 0.3279347 0.172623 0.7191579 0.6730626 0.6441555 -0.1811699 0.7431293 -0.493864 -0.3093608 0.8126465 -0.1692834 -0.8812218 0.4413518 0.8244712 -0.2515977 0.5068982 0.01083922 0.8533343 0.5212515 -0.7942944 0.1525856 0.5880596 0.3103401 0.4567524 0.8337064 0.4570648 -0.4754244 0.751707 -0.5851082 -0.1257815 0.8011413 -0.2914972 -0.830253 0.4750889 0.6909664 -0.01783806 0.7226668 0.5212979 0.7282086 0.444928 -0.8290195 0.498395 0.2536318 -0.2091813 0.6280675 0.7495161 0.6849184 -0.007482051 0.7285814 -0.4139703 -0.5141072 0.751214 -0.3109831 -0.6993528 0.6435801 0.9711495 -3.92934e-4 0.2384712 -0.08278387 0.6691 0.7385473 -0.8804636 0.08592855 0.4662621 -0.1501925 0.7129704 0.68492 0.5351409 -0.3108477 0.7854923 -0.3681816 -0.5959653 0.71363 0.2008224 -0.945243 0.2572669 0.8141226 0.1834174 0.550965 0.08143466 0.8328984 0.5474019 -0.9733577 0.02291047 0.2281445 -0.3227866 0.4685093 0.8223794 0.6258301 -0.1372097 0.7677956 -0.340366 -0.6139917 0.7121554 -0.0433799 -0.9653993 0.257143 0.8696135 0.06695628 0.4891722 0.0835312 0.8505382 0.5192374 -0.9770871 0.1865701 0.1024327 -0.1065689 0.7146642 0.6913018 0.6665366 -0.1601941 0.7280569 -0.4323366 -0.4479482 0.7825776 -0.8228719 -0.1850059 0.537266 -0.1748723 -0.8165358 0.5501717 0.517327 -0.4907866 0.7010715 0.5984612 0.5264767 0.6038764 -0.2996967 0.8619452 0.4089405 -0.6469001 0.1056356 0.7552229 0.2148832 0.623942 0.7513465 0.3353523 -0.510715 0.7916497 -0.2598373 -0.8483105 0.4613611 0.7384418 -0.1114392 0.6650452 0.02235335 0.8350347 0.5497431 -0.8019468 0.1540161 0.5772005 -0.9879918 -0.1357303 0.07382196 0.07077133 0.7750895 0.6278757 0.2867538 -0.3500471 0.8917619 -0.04686886 -0.09758466 0.9941231 0.03915083 0.01017224 0.9991816 -0.02428591 0.01565796 0.9995824 0.01433771 0.01055151 0.9998416 -0.03592777 -0.04535782 0.9983246 -0.008567273 9.53772e-4 0.9999629 0.01827442 -0.01559478 0.9997115 -5.00766e-6 6.98059e-4 0.9999998 1.99517e-5 -0.00278443 0.9999962 0.025451 -0.008654117 0.9996387 -2.83814e-4 9.91571e-4 0.9999995 -0.001843094 -0.002413153 0.9999954 -0.02089291 -0.008507192 0.9997456 0.03086936 0.0268045 0.9991641 -0.0071581 -0.02683502 0.9996144 -0.00309962 0.004872977 0.9999834 -0.0174297 -0.09073084 0.995723 0.03154534 0.02074205 0.9992871 -0.02519237 0.004839479 0.999671 -0.00129795 -0.001918852 0.9999974 0.00431621 -0.01508766 0.9998769 -0.02254813 0.05417817 0.9982767 7.61354e-4 -0.002661526 0.9999962 -0.001078605 -0.001412153 0.9999985 -0.02108234 -0.04489976 0.9987691 -0.001501321 -0.003184437 0.9999939 -0.01133769 0.003855168 0.9999284 -0.00727576 -0.004507541 0.9999635 -0.001004576 -0.003703296 0.9999927 3.15628e-4 -0.001103162 0.9999994 -0.003499388 -0.004581511 0.9999834 0.02800816 0.02248644 0.9993548 -0.01725685 -0.003306925 0.9998457 -0.003351151 0.001543998 0.9999932 0.02070885 -0.03015148 0.9993308 -0.003457009 -0.02279955 0.9997341 0.00321865 0.007320344 0.9999681 -0.001309216 0.002167522 0.9999969 -0.002936482 -0.006690442 0.9999734 0.003564953 0.003768801 0.9999865 -8.02683e-4 0.002806007 0.9999958 4.33293e-6 -1.47268e-6 1 -0.02893912 0.01475763 0.9994723 0.05248618 0.002609193 0.9986183 0.003458678 0.003911972 0.9999864 0.002933442 -0.02826148 0.9995963 0.009251177 -0.006284415 0.9999375 0.001000285 0.001986324 0.9999976 0.005012035 -0.01185369 0.9999172 0.009220004 -0.005130171 0.9999444 -0.007965326 6.52895e-4 0.9999681 7.9049e-4 0.00446707 0.9999898 0.02634024 0.007088482 0.999628 -0.02183699 -0.03177142 0.9992566 0.07012546 0.06823372 0.9952019 -0.005830466 -0.004087209 0.9999747 0.06397384 0.2725583 0.9600101 -0.003418385 -0.03836297 0.9992581 1.5288e-4 -0.004478573 0.99999 -0.03695535 0.002585053 0.9993136 8.53905e-4 0.009941518 0.9999502 -0.002286136 0.007992327 0.9999656 0.004732608 0.006714522 0.9999663 -0.03957337 0.2384049 0.9703593 0.0046373 -0.005913972 0.9999718 -0.02348589 -0.03205829 0.9992101 -0.01146072 -3.61092e-4 0.9999343 0.003856241 0.002375304 0.9999898 -0.03651309 0.1346396 0.9902217 0.0389871 -0.2039882 0.9781968 -0.01689624 -0.006236851 0.9998379 0.005291402 0.01556593 0.9998649 -0.00191766 -0.0146287 0.9998912 -0.01299965 0.01258462 0.9998363 0.002913236 -5.59684e-4 0.9999957 0.004885435 0.01110488 0.9999265 0.05203342 -0.01354473 0.9985535 0.01282584 0.2221307 0.9749326 0.01123905 0.00565648 0.9999209 -0.03403383 -0.008765101 0.9993823 -0.006869256 0.02401393 0.9996881 -0.01586365 -0.0216946 0.9996388 -0.004258692 -0.001560926 0.9999898 0.02179455 -0.02116268 0.9995386 0.002053558 0.004189252 0.9999892 -0.02349925 0.01005864 0.9996733 -0.004509568 -0.0142064 0.999889 0.02121835 0.009719371 0.9997277 -0.04129159 -0.01090317 0.9990877 0.01833528 -0.008478879 0.999796 0.01819068 0.07751226 -0.9968255 0.01817309 -0.003605246 0.9998284 0.002658426 -0.008816123 0.9999577 -0.003021836 -0.005074024 0.9999827 0.01483434 -0.003828167 0.9998827 -0.002682507 0.01792854 0.9998358 -7.44385e-4 0.00159198 0.9999985 0.001559615 3.93445e-4 0.9999988 -5.98761e-4 0.001466393 0.9999988 0.001987516 0.001967847 0.9999962 0.007098197 0.005375027 0.9999604 0.001677095 0.00310105 0.9999938 -1.49992e-4 0.001419544 0.9999991 -0.00134921 0.002149939 0.9999969 -0.002330183 7.76859e-4 0.9999971 -0.003117978 0.002321064 0.9999926 -0.008306443 0.04767644 0.9988283 -0.01057273 -0.0138421 0.9998484 -4.79e-5 1.62878e-5 1 -0.005954205 0.02081507 0.9997656 -0.003983199 -0.02129173 0.9997655 0.01676237 0.04826015 0.9986942 -0.04587483 0.00324732 0.998942 -1.29605e-4 -1.69561e-4 1 -9.10894e-6 -1.57901e-4 1 1.12543e-5 -6.78137e-5 1 -0.02421009 0.01975119 0.9995118 -4.08946e-5 -5.35841e-5 1 -0.04568094 0.01553297 0.9988354 0.01467376 -0.01938134 0.9997045 0.01775228 0.02324187 0.9995723 0.01773148 0.02331566 0.999571 0 0 1 -0.03049188 0.003234386 0.9995298 9.16534e-4 0.003420531 0.9999938 0.007305502 -0.01356899 0.9998813 0 0 1 -0.02675849 -0.02675849 0.9992838 -0.01962459 0.01697498 0.9996633 1.18659e-5 7.8312e-5 1 -0.0435028 -0.01195877 0.9989818 -0.01208001 0.01603776 0.9997984 0.05109351 -0.01737338 0.9985428 0.005820751 -0.008601605 0.9999461 -0.008050918 0.02380037 0.9996843 -0.03026139 0.0398097 0.998749 -0.01683056 0.001651465 0.9998571 4.45992e-4 1.32908e-4 1 0.04144251 -0.002007544 0.999139 0.01904886 -0.01129376 0.9997549 1.00337e-5 7.31654e-6 1 -0.02933156 0.06462305 0.9974786 5.69366e-4 0.002270042 0.9999973 -0.6985082 0.1554787 0.6985075 -0.7246107 0.44866 0.5231095 -0.4760872 0.6304411 0.6130947 -0.4254993 0.4209427 0.8010978 -0.1898918 0.6434845 0.7415314 0.07188463 0.7757583 0.6269224 0.3731543 0.7493951 0.5469578 0.4230271 0.4325717 0.7961972 0.5270175 0.48044 0.7010207 0.8077508 0.291371 0.5124857 0.7826724 -0.03785556 0.6212818 0.5692505 0.1016942 0.8158507 0.6209548 -0.2179226 0.7529442 0.5847199 -0.533043 0.6115291 0.5531981 -0.4547216 0.6979972 0.3416527 -0.5923585 0.729647 0.3446946 -0.6922404 0.6340259 0.1100679 -0.6722238 0.7321205 0.07243341 -0.7816805 0.6194588 -0.1909276 -0.6527889 0.7330849 -0.5049957 -0.6687221 0.5457016 -0.695885 -0.4308736 0.5745364 -0.4489855 -0.4043078 0.7968358 -0.6370717 -0.1433081 0.7573655 -0.7010098 -0.1310411 0.701009 -0.18202 -0.6397338 0.7467325 0.6638397 -0.2571727 0.7022671 0.128678 0.5932951 0.7946338 -0.1886141 0.6629098 0.7245518 -0.630312 0.1178259 0.7673487 -0.9776301 -0.1827504 0.1041243 -0.995985 -0.08854109 0.01320677 -0.8475124 -0.5247573 -0.07970225 -0.534 -0.8454543 -0.007138967 -0.4945456 -0.8691241 0.006947994 -0.5788556 -0.8138209 0.05120402 -0.5990914 -0.7933251 0.1082817 -0.2723553 -0.9572296 0.09764355 -0.4020532 -0.9155994 0.005592942 0.1188514 -0.9929121 0 0.4896505 -0.8719119 -0.003465592 0.5244367 -0.8514009 0.009098768 0.4441046 -0.8918826 0.08553761 0.7371163 -0.6719703 0.07152336 0.5757409 -0.8176322 -4.19736e-4 0.9318082 -0.3629514 0 0.9324642 -0.3612383 0.00418061 0.9999793 6.30439e-4 0.006403028 0.9997777 -0.02108043 -3.78415e-4 0.9996317 3.93756e-4 0.02713555 0.9382123 0.3369058 0.07907104 0.5526235 0.833431 4.50981e-4 0.763103 0.6462769 0 0.7373577 0.67219 0.06681632 0.4442554 0.8921856 0.08149832 0.4939267 0.8695032 8.94769e-4 0.4848144 0.8746136 -0.002498447 0.4640885 0.7512205 0.4693505 0.09212642 0.9942014 -0.05546581 -0.4053313 0.9141401 0.007398247 -0.2130815 0.9770345 0 -0.2724938 0.9577165 0.0923382 -0.5987558 0.7928805 0.1132792 -0.5073034 0.8617489 0.005685091 -0.5384379 0.8426417 -0.006314814 -0.850217 0.5264324 0 -0.9978052 0.06563562 -0.008754432 -0.9998439 0.0162155 0.007030844 -0.977638 0.1827521 0.1040471 -0.9619456 0.2732414 0 -0.8165471 0.563645 -0.1247209 0.1131806 0.9935745 0 0.9288589 0.3704339 0 0.9961683 -0.04472726 -0.07515496 0.7646709 -0.6444211 0 0.09204083 -0.9932779 -0.07019627 -0.2093507 -0.9778407 0 -0.8360298 -0.5486842 0 -0.9619237 -0.2733181 0 0.9998565 0.01669138 0.002906858 0.9813874 0.1918287 -0.00897938 -0.985166 -0.1700809 -0.02281755 -0.9441907 0.3292502 0.009921669 0.1528059 -0.1648458 -0.9744107 -0.05720078 0.1458994 -0.9876445 -0.04516828 -0.06087505 -0.997123 0.04004567 0.0539714 -0.9977392 0.5490635 0.8357593 0.005995452 0.342956 0.9392968 -0.01014375 -0.3433275 -0.9391186 -0.01351666 -0.6519147 -0.7581745 0.01336884 -0.1502845 0.03660356 -0.9879649 -0.003136515 -0.03720104 -0.999303 0.2231582 0.092359 -0.970397 0.006759464 0.08016711 -0.9967585 -0.469954 0.882528 0.01696473 -0.7816374 0.6236587 -0.009643554 0.5157487 -0.856731 0.003936052 0.3432167 -0.9392098 -0.00935167 -6.81063e-5 8.06953e-4 -0.9999998 -0.2063034 -0.0906586 -0.9742793 0.00675857 -0.08015877 -0.9967593 0.2230413 -0.09234756 -0.9704249 -0.1908752 0.6446998 -0.7402222 -0.9991676 -0.04038971 -0.005732595 -0.9996683 0.02573752 -0.001018404 0.9990989 0.04127061 -0.009910762 0.9789491 -0.2039562 0.007785797 -0.05646544 0.07610076 -0.9955 0.04815065 -0.06489461 -0.9967298 0.1163359 0.06809818 -0.9908726 -0.06266045 -0.05082553 -0.99674 -0.3019853 -0.9531077 -0.01976472 -0.4703528 -0.8824544 -0.006524622 0.4620929 0.8866933 -0.01566183 0.8146637 0.5797272 0.01547837 0.07612687 -0.002871036 -0.9970941 -0.1629169 0.006144344 -0.9866207 -0.003199219 0.1033294 -0.9946421 0.01214265 -0.1211618 -0.9925586 0.3742711 -0.9273188 -0.001106381 0.6872236 -0.7257465 -0.03187119 -0.3440056 0.9389291 0.008512794 -0.6234577 0.7816957 -0.01588475 -0.08701145 -0.1919754 -0.977535 0.06070232 0.002289295 -0.9981533 0.08482617 0.1583271 -0.9837363 -0.1312223 -0.004948973 -0.9913407 0.1887174 -0.03367632 0.9814538 -0.7300404 -0.1256775 0.6717488 0.1190214 0.2143944 0.9694684 -0.102917 -0.2628021 0.9593452 -0.1225663 0.2293272 0.9656016 0.04672539 -0.1389572 0.9891955 -0.9948464 0.02503722 0.0982542 0.2610287 0.1127689 0.9587216 -0.5069329 -0.6210881 0.5977197 0.3596132 0.6285415 0.6896477 0.3952189 -0.5301785 0.750142 0.441806 -0.537357 0.7183696 -0.3087606 0.481841 0.8200587 -0.7990956 0.5871157 0.1293892 -0.8260486 0.5511781 -0.1176717 -0.9731481 0.1935707 -0.1245523 -0.9972611 0.07394134 -0.001759171 -0.998192 0.06010496 -3.04135e-4 -0.9612841 0.2738204 -0.03090888 -0.9789263 0.1888275 0.07776641 0.8078963 0.5893249 0 0.9783803 0.1884841 0.08512252 0.9978082 0.06615668 -0.001478195 0.9976294 0.06879431 -0.001759886 0.9606762 0.2776714 0 0.972234 0.1933894 -0.1317637 0.825863 0.5623764 -0.04102569 -0.1778004 -0.9840667 0 -0.1949301 -0.9799797 -0.04052281 -0.1955386 -0.9805013 0.01954305 0.1730327 -0.9844939 -0.02883654 0.1955635 -0.9805611 0.01596492 0.1947387 -0.9790175 -0.06001335 0.7984085 -0.5875611 0.1315901 0.5489201 -0.8308501 0.09151524 0.5014598 -0.8651809 3.37987e-4 0.5014868 -0.8651635 -0.001831948 0.4967948 -0.867868 -4.04078e-4 0.4969585 -0.8677613 -0.004760265 0.5516837 -0.8256529 -0.1180781 0.8254328 -0.5487545 -0.1323977 0.972233 -0.1933891 -0.1317712 0.9975708 -0.06963872 -0.001759707 0.9978157 -0.0660445 -0.001378595 0.9604012 -0.2769025 -0.03089743 0.978429 -0.188799 0.08385425 0.1749352 0.98458 0 0.1948514 0.9795842 -0.04947537 0.5506899 0.824166 -0.1322537 0.5007589 0.8654324 -0.01635307 0.497136 0.8676726 3.13576e-4 0.5007031 0.865618 0.001392841 0.4969506 0.86773 -0.0092206 0.5509727 0.8301396 0.08542495 0.1955081 0.9804195 0.02354216 -0.1745989 0.9842176 -0.02882832 -0.1955855 0.9806088 0.012358 -0.5506218 0.8294695 0.09378749 -0.5039248 0.8637476 2.4943e-4 -0.5039682 0.8637214 -0.001230537 -0.5003866 0.8658022 -1.28483e-4 -0.5002574 0.8658344 -0.008568823 -0.551263 0.825024 -0.1242759 -0.1948485 0.9795699 -0.04976755 -0.8099706 -0.5864706 0 -0.9785811 -0.1885001 0.08274513 -0.9987896 -0.04916685 0.001455724 -0.9969569 -0.07793498 -0.001758694 -0.9619699 -0.2731559 0 -0.9735974 -0.193661 -0.120846 -0.8289715 -0.5577907 -0.04093813 -0.5503718 -0.8236902 -0.1364749 -0.5037634 -0.863641 -0.01862341 -0.5005348 -0.8657162 5.5234e-4 -0.5047276 -0.8632767 0.001833796 -0.4992565 -0.8664103 -0.00873214 -0.5490585 -0.8338363 0.05702471 -0.5455675 -0.8366551 0.04862588 -0.8113395 -0.5763459 -0.09774291 -0.9597858 -0.278651 -0.03413122 -0.825272 -0.551429 0.1218692 -0.1740276 0.9847408 0 0.169112 0.9851744 -0.02885729 0.9606749 -0.277676 0 0.8095181 -0.5864348 -0.02783167 0.8314695 -0.5555704 0 0.170641 -0.9853333 0 -0.1709085 -0.9848645 -0.02884852 0.7992857 0.5877805 -0.1251266 0.9598606 0.2783941 -0.03412377 0.8246359 0.5510041 0.1279463 -0.9612215 0.2757776 0 -0.8118976 0.5831334 -0.0278874 -0.8314695 0.5555704 0 6.3235e-4 9.05358e-4 0.9999994 -0.09991192 0.02539509 0.9946722 -0.04244142 0.1205745 0.9917966 -0.04407215 -0.151726 0.9874396 -0.007415592 0.004157125 0.9999639 0.03951907 -0.07300347 0.9965484 -0.1250653 -0.03233635 0.9916215 -0.007527828 -0.002863943 0.9999676 -0.0201444 -0.1122083 0.9934806 -0.009407579 -0.003516733 0.9999496 0.04701036 0.0896818 0.9948605 -0.04017698 0.1135906 0.992715 0.008787214 -0.001750588 0.99996 0.005616366 -0.001118838 0.9999836 0.01352858 0.007478535 0.9998806 0.09287452 0.1319217 0.9868998 0.09864455 -0.09021449 0.991025 0.04497277 0.008959591 0.998948 0.001955032 3.89503e-4 0.9999981 0.108188 -0.1575921 0.9815601 -0.3187592 0.0285893 0.9474045 -0.5361112 -0.1055936 0.837517 -0.6605592 0.006741821 0.7507439 0.3845159 -0.6953381 0.6071677 0.2505871 -0.3829557 0.8891295 -0.2685636 -0.6561822 0.7051939 -0.3505531 -0.4621364 0.8145812 -0.239344 -0.3811316 0.8930025 -0.330444 0.4065853 0.8517602 -0.2196385 0.5826527 0.7824799 -0.1823523 0.3095493 0.9332347 0.04132145 0.0663256 0.9969421 0.3061997 0.5587552 0.7707363 0.3939086 -0.05208587 0.9176727 0.8856838 0.02247393 0.4637445 0.6802964 0.09228909 0.7271035 -0.9603735 0.1795253 -0.2131984 -0.9925278 0.09385389 0.07797545 -0.8551015 0.5022932 0.1284643 -0.6286951 0.7754654 -0.05827468 -0.5935342 0.7859672 -0.1731265 -0.3553431 0.9319149 0.07256644 -0.2675687 0.9404053 -0.209869 0.07448792 0.9852684 0.153941 0.09194248 0.9922176 0.08396983 0.3357581 0.9402302 0.05686515 0.4372912 0.8781976 -0.1937665 0.7260889 0.6619184 -0.1861693 0.9263082 0.3767669 0 0.9306854 0.3605476 -0.06188923 0.9881579 0.12989 0.08168584 0.9938986 0.04481601 -0.100783 0.9309731 -0.3367972 -0.1409138 0.7672379 -0.6413627 0 0.7322973 -0.6675789 -0.1344588 0.4391081 -0.8818472 -0.1718422 0.5234891 -0.8322986 0.1823136 0.06461071 -0.96693 0.2467222 -0.2550532 -0.9348835 -0.2468618 -0.5991388 -0.7933863 -0.1075679 -0.6111021 -0.7888256 -0.06563913 -0.8513205 -0.5230952 0.04031026 -0.9730018 -0.187921 -0.1339903 -0.9712391 -0.1815565 -0.1540514 -0.8488436 -0.5255815 0.05682235 -0.3724719 -0.9181448 0.1351847 0.1252685 -0.9921035 0.006208062 0.9266645 -0.3758897 0 0.9819488 -0.1265769 0.1405518 0.7782886 0.6279069 0 0.5549262 0.8283775 0.07647097 -0.8499699 0.5262801 0.02409332 -8.00636e-4 -0.003070592 -0.999995 -0.03880983 -5.95658e-4 -0.9992464 9.98409e-4 0.003096163 -0.9999947 -0.1605817 0.01531827 -0.9869037 0.02653938 0.00309807 -0.999643 0.03332662 -0.01217162 -0.9993705 -0.01973003 0.001646399 -0.9998041 0.007343113 0.006278395 -0.9999533 -0.00530368 -0.001419126 -0.999985 -0.00117731 0.004400312 -0.9999896 0.07000505 8.90301e-4 -0.9975463 0.1441551 -0.01433259 -0.9894513 -0.0478568 2.29191e-4 -0.9988542 0.03105759 -0.008823812 -0.9994787 -0.9191623 0.3446641 0.1906502 0.03436636 -0.004387795 -0.9993997 -0.02626591 -0.003332018 -0.9996495 -6.1149e-4 0.002664685 -0.9999964 -0.01253437 -0.003352701 -0.9999159 -7.03113e-4 0.002629518 -0.9999963 0.07064265 -7.96365e-5 -0.9975017 -0.03410255 2.62586e-4 -0.9994184 0.002044618 -0.003812909 -0.9999907 0.2594612 -0.9655806 -0.01828032 -0.005766749 -0.09059053 -0.9958716 -0.08069324 0.0146448 -0.9966315 -0.05350518 0.03752875 -0.9978621 0.02933454 -0.01419973 -0.9994689 0.01090675 -0.00385487 -0.9999332 0.04186546 -0.003769874 -0.9991163 -0.1525034 -0.001852512 -0.9883012 -0.03110861 0.09155458 -0.9953141 -0.03302669 -0.002127051 -0.9994523 -0.00839287 0.2027988 -0.9791845 0.03235864 -0.03223252 -0.9989565 0.1633914 0.01109653 -0.986499 -0.07229435 -0.06530737 -0.9952429 0.01156657 -0.01797622 -0.9997716 0.004260897 0.1755948 -0.9844534 -0.0336371 -0.008998751 -0.9993937 -0.0105614 0.06419813 -0.9978813 0.09632807 0.02588552 -0.995013 0.0145148 -0.1837785 -0.9828606 -0.04086583 0.004993021 -0.9991522 -0.03491938 0.03012365 -0.9989361 0.0654897 -2.54026e-4 -0.9978532 0.01121926 0.02755463 -0.9995574 0.001334309 0.01167923 -0.9999309 0.0088678 0.02697628 -0.9995968 -0.04395675 -0.002602458 -0.9990301 -0.008912324 0.02719861 -0.9995903 -6.67212e-5 0.05002975 -0.9987478 -0.01312547 0.003107845 -0.9999091 -0.001849293 0.01295208 -0.9999145 -0.01541471 0.02767366 -0.9994983 0.0658707 0.00320822 -0.9978231 0.0205149 0.005196094 -0.9997761 -0.02662062 0.004336953 -0.9996362 6.13299e-5 -0.05001616 -0.9987485 -0.01056128 -0.02728039 -0.9995721 0.001707673 -0.007576763 -0.9999698 -0.0088678 -0.02697628 -0.9995968 0.008953213 -0.02740085 -0.9995844 -0.02857381 -0.02639842 -0.999243 0.04491907 0.002416968 -0.9989877 0.00662297 -0.004670381 -0.9999672 -0.01258903 -0.02200585 -0.9996786 0.005258977 0.008981704 -0.9999459 -3.60672e-7 0 -1 -0.004553377 -0.008416116 -0.9999543 -7.04931e-4 -6.82783e-4 -0.9999996 -0.03600567 2.46074e-4 -0.9993516 0.004688799 -0.001513123 -0.999988 -0.1025106 -5.76065e-4 -0.9947318 0.100925 0.984322 -0.1446533 0.0208801 0.997508 0.06739425 -0.1110131 -0.9780982 0.176068 -0.02063745 -0.9961708 -0.08495825 -0.9854875 0 -0.1697482 -0.9796895 -0.00462532 -0.2004671 -0.9260335 0.02480858 -0.3766252 -0.9818888 -0.1377198 0.1301061 -0.9854485 -0.01117205 0.1696073 -0.9738538 0.008749663 -0.227007 -0.9971914 0.06072139 0.0438463 -0.9970583 -0.06650984 0.03809428 -0.03037947 0.9991855 0.02656507 -0.1194482 0.9666971 -0.2263381 0.9940148 -0.002119898 0.1092256 0.9953625 -0.001055359 0.09618902 0.9840606 0.1020883 0.1456122 0.999584 7.77916e-4 0.02883481 0.9555126 -0.1491782 0.254444 0.1013516 -0.9890155 0.1075931 0.03575825 -0.9954723 -0.08807015 -0.4826151 -0.875366 0.02858483 -0.4821323 -0.8754879 0.03270381 -0.1090109 -0.9939814 0.01084065 0.1123535 -0.9936683 0 0.1075952 -0.9939208 -0.02333986 -0.1111864 -0.9937996 0 0.4826223 -0.8754377 0.02616798 0.48236 -0.8755108 0.02845638 0.4756001 0.8788802 0.03707313 0.4733176 0.8791254 0.05575811 0.1089891 0.993782 0.0227769 -0.1136958 0.9935157 0 -0.1089887 0.993782 -0.0227769 0.1136961 0.9935156 0 -0.4710536 0.8784264 -0.08047097 -0.4766649 0.8782982 -0.03718745 -0.9498927 0.25525 -0.1804198 0.2556681 0.9514552 -0.1713677 0.876833 -0.2356166 -0.4191048 -0.2556691 -0.9514545 -0.17137 -0.946808 -0.276177 0.1651699 -0.06615966 -0.9968233 -0.04434418 0.9241469 0.3554329 0.1400712 -0.2421993 0.9565489 0.1623384 -0.9508015 0.2580938 -0.1713602 -0.1184842 0.9899511 0.07719182 0.9539657 0.1329489 0.2688387 -0.1165589 -0.9709298 -0.209068 -0.9512928 -0.2544844 0.1740113 0.248634 -0.9405844 0.2312623 0.8970289 0.2410438 0.3704556 -0.2580932 0.9508015 0.1713608 -0.9192044 -0.3358392 0.2056099 0.1208987 0.970646 -0.2079182 0.9514545 -0.2556722 -0.1713655 -0.2556675 -0.9514554 -0.1713681 -0.9470985 -0.274952 0.1655474 0.255672 -0.9514536 0.1713703 0.9505293 0.2580353 0.1729506 -0.2345569 0.9471707 0.218748 -0.9750495 0.1534869 0.160376 0.3083685 0.9384124 -0.1558558 0.9508681 -0.2517158 -0.1802474 -0.2495999 -0.9540788 -0.1656307 -0.8949359 -0.2443727 0.3733256 0.240496 -0.9565923 0.1645995 0.9467744 0.2758041 0.165983 -0.2354612 0.8948307 0.3792575 -0.9532068 0.2503018 -0.1695457 0.2609758 0.9501708 -0.1704909 0.893657 -0.2351251 -0.3822218 -0.2580943 -0.9508011 -0.1713613 -0.9515632 -0.2545531 0.1724246 0.2435852 -0.9554499 0.1666791 0.8465655 0.5263574 0.07921296 -0.2544239 0.9510734 0.175294 -0.9517214 0.2557411 -0.1697732 0.2580943 0.9508011 -0.1713613 0.8711234 -0.2383368 -0.4293479 -0.2477667 -0.9533995 -0.1721655 -0.9512934 -0.2544821 0.1740108 0.2408896 -0.9571022 0.1610201 0.8132473 0.5790266 0.0579406 -0.2544828 0.9512934 0.1740102 -0.298893 0.937636 -0.1774876 0.9381114 0.2945759 -0.182132 0.3045452 -0.9342915 -0.1853421 -0.8197655 -0.5665889 -0.08343559 -0.285642 -0.941659 0.1780084 0.9350427 -0.301552 0.1864447 0.301362 0.9344578 0.1896566 -0.8756664 0.3075035 0.3723575 0.01434153 -0.06128656 0.9980172 -0.03117376 0.001625835 0.9995127 0.01094371 0.1783784 0.9839012 -0.2070481 -0.7218465 0.660355 0.01145952 0.02092105 0.9997155 0.04335361 -0.01831215 0.998892 -1.51624e-4 0.08842599 0.9960828 -7.24254e-4 -0.1413257 0.9899629 0.02511382 -0.006746113 0.9996619 -0.02093571 -0.07789075 0.9967421 0.01304113 -0.02402895 0.9996262 -0.1909806 -0.02803808 0.9811934 -0.016999 0.07027786 0.9973827 -0.05658787 -0.2105551 0.9759428 1.30041e-4 -0.08366 0.9964944 0.2077957 -0.01146399 0.9781051 -0.01153093 -0.02141779 0.9997041 -0.03727614 0.01001667 0.9992548 0.09803497 -0.02633821 0.9948344 -0.001588404 0.0128836 0.9999158 0.003067135 0.01140791 0.9999303 -0.006635308 -0.0092628 0.9999352 -0.03031337 0.0187689 0.9993643 -0.01840877 -0.01198774 0.9997587 -0.04758292 0.008894085 0.9988277 -1.21091e-7 0 1 0.1166514 0 0.993173 0 0.008497118 0.9999639 -0.04503041 0.01209986 0.9989123 0.04863411 -0.004594147 0.9988061 -0.004254341 0.009423136 0.9999466 5.7725e-7 0 1 0.001184344 0.001488149 0.9999982 0.00275588 -0.008533596 0.9999599 0.006008684 -0.004023194 0.9999739 0.05066055 0.04618424 0.9976476 0.03068673 0.01188892 0.9994584 0.04126763 0.02547061 0.9988235 0.01151889 0.002569198 0.9999304 0.04641854 0.005487918 0.998907 0.1287502 0.005220532 0.9916633 -0.1332139 -2.18805e-4 0.9910874 0.01378011 0.02131718 0.9996778 -2.39344e-4 0.002211451 0.9999976 0.02627921 -0.02395451 0.9993677 -3.1886e-4 -4.15683e-4 0.9999999 -0.08148491 -0.02248275 0.996421 0.1386061 -0.1663594 0.976275 -1.26564e-6 0 1 -0.002963244 -0.01181077 0.9999259 0.003004312 0.001777827 0.9999939 0.04020404 -0.01410365 0.9990921 -0.01559114 -2.09839e-5 0.9998785 3.11506e-4 0.002786278 0.9999961 -0.08883565 -0.1041496 0.9905862 -0.007531464 -0.05299884 0.9985663 -0.03043091 -0.005688071 0.9995207 -0.002789378 0.002565145 0.9999929 -0.002783358 0.01305627 0.999911 0 -0.008497118 0.999964 0.117201 4.01424e-5 0.9931083 4.03534e-4 3.57642e-4 0.9999999 0.004471659 -0.007974803 0.9999582 -0.0114181 0.003472924 0.9999288 -0.04316294 -0.02672523 0.9987106 -0.00995928 -0.003212034 0.9999453 -0.01331782 0.0243079 0.9996159 -0.3069809 0.9336719 -0.1844443 0.9361522 0.2960279 -0.1897013 0.3015516 -0.9350428 -0.1864449 -0.9366014 -0.3020527 -0.177601 -0.3371491 -0.9180831 0.208456 0.9312229 -0.3163466 0.1809658 0.2875019 0.9406603 0.1802797 -0.9230564 0.3449966 0.1701303</float_array>
          <technique_common>
            <accessor source="#_81031_00-ASM_Base_-_DynaArm-mesh-normals-array" count="3780" stride="3">
              <param name="X" type="float"/>
              <param name="Y" type="float"/>
              <param name="Z" type="float"/>
            </accessor>
          </technique_common>
        </source>
        <vertices id="_81031_00-ASM_Base_-_DynaArm-mesh-vertices">
          <input semantic="POSITION" source="#_81031_00-ASM_Base_-_DynaArm-mesh-positions"/>
        </vertices>
        <triangles count="3926">
          <input semantic="VERTEX" source="#_81031_00-ASM_Base_-_DynaArm-mesh-vertices" offset="0"/>
          <input semantic="NORMAL" source="#_81031_00-ASM_Base_-_DynaArm-mesh-normals" offset="1"/>
          <p>1 0 2 0 0 0 0 1 3 1 4 1 1 2 0 2 4 2 3 3 0 3 2 3 2 4 5 4 3 4 5 5 2 5 1 5 4 6 5 6 1 6 6 7 75 7 7 7 5 8 4 8 12 8 14 9 18 9 16 9 5 10 17 10 16 10 12 11 15 11 17 11 16 12 15 12 14 12 16 13 18 13 5 13 15 14 12 14 14 14 17 15 5 15 12 15 19 16 102 16 20 16 21 17 96 17 22 17 11 18 24 18 25 18 11 19 26 19 24 19 27 20 28 20 26 20 27 21 29 21 30 21 25 22 10 22 11 22 30 23 28 23 27 23 29 24 32 24 31 24 10 25 33 25 32 25 26 26 11 26 27 26 32 27 29 27 10 27 31 28 30 28 29 28 41 29 34 29 35 29 45 30 36 30 34 30 34 31 41 31 45 31 12 32 37 32 38 32 12 33 39 33 37 33 118 34 40 34 39 34 118 35 41 35 42 35 38 36 36 36 12 36 42 37 40 37 118 37 39 38 12 38 118 38 41 39 35 39 43 39 41 40 43 40 42 40 44 41 45 41 14 41 14 42 12 42 44 42 12 43 36 43 44 43 46 44 117 44 47 44 48 45 47 45 117 45 10 46 29 46 49 46 50 47 46 47 49 47 49 48 29 48 50 48 11 49 52 49 51 49 52 50 53 50 51 50 52 51 54 51 53 51 53 52 27 52 55 52 55 53 27 53 11 53 56 54 57 54 58 54 59 55 58 55 57 55 134 56 60 56 61 56 134 57 62 57 60 57 134 58 136 58 63 58 61 59 59 59 57 59 63 60 62 60 134 60 136 61 56 61 64 61 56 62 58 62 65 62 61 63 57 63 134 63 65 64 64 64 56 64 64 65 63 65 136 65 66 66 67 66 68 66 67 67 69 67 68 67 7 68 75 68 70 68 70 69 69 69 7 69 56 70 7 70 71 70 69 71 67 71 71 71 67 72 57 72 56 72 71 73 7 73 69 73 73 74 6 74 72 74 72 75 74 75 73 75 66 76 70 76 75 76 9 77 76 77 77 77 8 78 78 78 79 78 9 79 79 79 76 79 8 80 80 80 78 80 81 81 82 81 80 81 77 82 83 82 9 82 80 83 8 83 81 83 79 84 9 84 8 84 81 85 84 85 82 85 81 86 83 86 84 86 85 87 84 87 83 87 83 88 86 88 87 88 9 89 83 89 87 89 9 90 86 90 145 90 86 91 83 91 145 91 9 92 145 92 89 92 90 93 89 93 145 93 8 94 91 94 92 94 93 95 94 95 95 95 8 96 95 96 91 96 93 97 98 97 94 97 97 98 98 98 96 98 98 99 93 99 96 99 95 100 8 100 93 100 96 101 99 101 97 101 21 102 100 102 99 102 21 103 92 103 100 103 99 104 96 104 21 104 22 105 81 105 101 105 101 106 21 106 22 106 101 107 81 107 8 107 21 108 8 108 92 108 103 109 104 109 102 109 18 110 3 110 5 110 3 111 18 111 102 111 102 112 4 112 3 112 93 113 8 113 105 113 20 114 96 114 19 114 93 115 19 115 96 115 105 116 106 116 19 116 19 117 107 117 108 117 106 118 109 118 110 118 111 119 109 119 106 119 112 120 111 120 106 120 108 121 103 121 102 121 19 122 110 122 107 122 4 123 104 123 112 123 108 124 102 124 19 124 106 125 4 125 112 125 110 126 19 126 106 126 4 127 106 127 12 127 113 128 118 128 12 128 113 129 114 129 115 129 116 130 117 130 118 130 117 131 13 131 118 131 118 132 113 132 115 132 116 133 115 133 114 133 119 134 120 134 114 134 114 135 120 135 121 135 114 136 10 136 119 136 117 137 122 137 123 137 10 138 47 138 124 138 117 139 116 139 122 139 124 140 119 140 10 140 121 141 116 141 114 141 121 142 122 142 116 142 114 143 125 143 10 143 126 144 127 144 128 144 126 145 53 145 129 145 11 146 130 146 131 146 129 147 127 147 126 147 131 148 132 148 11 148 128 149 130 149 126 149 53 150 54 150 133 150 11 151 125 151 130 151 53 152 133 152 129 152 130 153 128 153 131 153 53 154 126 154 134 154 130 155 135 155 126 155 134 156 57 156 53 156 135 157 136 157 134 157 56 158 136 158 7 158 7 159 137 159 6 159 138 160 6 160 137 160 23 161 140 161 137 161 23 162 73 162 141 162 73 163 74 163 142 163 137 164 139 164 138 164 73 165 142 165 141 165 141 166 140 166 23 166 23 167 137 167 143 167 145 168 23 168 144 168 144 169 146 169 147 169 148 170 146 170 144 170 9 171 149 171 150 171 147 172 90 172 145 172 144 173 143 173 148 173 150 174 143 174 9 174 88 175 149 175 9 175 147 176 145 176 144 176 150 177 148 177 143 177 138 178 72 178 6 178 135 179 130 179 136 179 132 180 52 180 11 180 125 181 11 181 10 181 123 182 48 182 117 182 104 183 4 183 102 183 9 184 89 184 88 184 77 185 85 185 83 185 66 186 6 186 73 186 68 187 70 187 66 187 53 188 55 188 51 188 47 189 10 189 46 189 38 190 34 190 36 190 25 191 33 191 10 191 14 192 45 192 41 192 13 193 41 193 118 193 117 194 46 194 50 194 8 195 151 195 105 195 151 196 8 196 9 196 143 197 151 197 9 197 17 198 153 198 152 198 152 199 15 199 16 199 15 200 152 200 153 200 17 201 15 201 153 201 152 202 16 202 17 202 154 203 19 203 93 203 93 204 105 204 154 204 155 205 154 205 105 205 105 206 19 206 155 206 19 207 154 207 155 207 156 208 108 208 107 208 110 209 109 209 156 209 157 210 156 210 109 210 157 211 112 211 104 211 108 212 156 212 158 212 158 213 103 213 108 213 158 214 104 214 103 214 104 215 158 215 157 215 111 216 112 216 157 216 109 217 111 217 157 217 156 218 107 218 110 218 157 219 158 219 156 219 159 220 21 220 101 220 101 221 8 221 159 221 160 222 159 222 8 222 8 223 21 223 160 223 21 224 159 224 160 224 161 225 99 225 100 225 92 226 91 226 161 226 162 227 161 227 91 227 162 228 94 228 98 228 99 229 161 229 163 229 163 230 97 230 99 230 163 231 98 231 97 231 98 232 163 232 162 232 95 233 94 233 162 233 91 234 95 234 162 234 161 235 100 235 92 235 162 236 163 236 161 236 164 237 87 237 86 237 86 238 9 238 164 238 165 239 164 239 9 239 9 240 87 240 165 240 87 241 164 241 165 241 166 242 84 242 85 242 77 243 76 243 166 243 167 244 166 244 76 244 167 245 78 245 80 245 84 246 166 246 168 246 168 247 82 247 84 247 168 248 80 248 82 248 80 249 168 249 167 249 79 250 78 250 167 250 76 251 79 251 167 251 166 252 85 252 77 252 167 253 168 253 166 253 144 254 23 254 169 254 170 255 169 255 23 255 144 256 169 256 171 256 171 257 143 257 144 257 143 258 171 258 170 258 23 259 143 259 170 259 170 260 171 260 169 260 172 261 89 261 90 261 147 262 146 262 172 262 173 263 172 263 146 263 173 264 150 264 149 264 89 265 172 265 174 265 174 266 88 266 89 266 174 231 149 231 88 231 149 267 174 267 173 267 148 233 150 233 173 233 146 268 148 268 173 268 172 269 90 269 147 269 173 236 174 236 172 236 175 270 66 270 75 270 176 271 175 271 75 271 66 272 175 272 177 272 177 273 6 273 66 273 6 274 177 274 176 274 75 275 6 275 176 275 176 276 177 276 175 276 178 277 141 277 142 277 74 278 72 278 178 278 179 279 178 279 72 279 179 280 139 280 137 280 141 281 178 281 180 281 180 282 140 282 141 282 180 283 137 283 140 283 137 284 180 284 179 284 138 233 139 233 179 233 72 285 138 285 179 285 178 286 142 286 74 286 179 287 180 287 178 287 181 288 71 288 67 288 67 289 56 289 181 289 182 290 181 290 56 290 71 291 181 291 183 291 183 292 56 292 71 292 56 293 183 293 182 293 182 294 183 294 181 294 68 295 185 295 184 295 184 296 69 296 70 296 69 297 184 297 185 297 68 298 69 298 185 298 184 299 70 299 68 299 186 300 135 300 134 300 187 301 186 301 134 301 135 302 186 302 188 302 188 303 126 303 135 303 126 304 188 304 187 304 134 305 126 305 187 305 187 306 188 306 186 306 189 307 64 307 65 307 58 278 59 278 189 278 190 308 189 308 59 308 190 309 60 309 62 309 64 310 189 310 191 310 191 311 63 311 64 311 191 312 62 312 63 312 62 313 191 313 190 313 61 314 60 314 190 314 59 315 61 315 190 315 189 316 65 316 58 316 190 317 191 317 189 317 192 318 11 318 51 318 51 319 55 319 192 319 193 320 192 320 55 320 193 321 55 321 11 321 11 322 192 322 193 322 194 323 128 323 127 323 129 262 133 262 194 262 195 324 194 324 133 324 195 325 52 325 132 325 128 326 194 326 196 326 196 266 131 266 128 266 196 312 132 312 131 312 132 327 196 327 195 327 54 328 52 328 195 328 133 329 54 329 195 329 194 330 127 330 129 330 195 331 196 331 194 331 10 332 198 332 197 332 10 333 49 333 198 333 49 334 46 334 198 334 197 335 198 335 46 335 46 336 10 336 197 336 199 337 25 337 24 337 26 243 28 243 199 243 200 338 199 338 28 338 200 339 31 339 32 339 25 340 199 340 201 340 201 341 33 341 25 341 201 342 32 342 33 342 32 343 201 343 200 343 30 344 31 344 200 344 28 345 30 345 200 345 199 346 24 346 26 346 200 347 201 347 199 347 115 348 116 348 202 348 203 349 202 349 116 349 115 350 202 350 204 350 204 351 118 351 115 351 118 352 204 352 203 352 116 353 118 353 203 353 203 354 204 354 202 354 205 355 121 355 120 355 119 356 124 356 205 356 206 357 205 357 124 357 206 358 48 358 123 358 121 359 205 359 207 359 207 230 122 230 121 230 207 231 123 231 122 231 123 360 207 360 206 360 47 361 48 361 206 361 124 362 47 362 206 362 205 363 120 363 119 363 206 364 207 364 205 364 208 365 44 365 36 365 209 366 208 366 36 366 44 367 208 367 210 367 210 368 45 368 44 368 45 369 210 369 209 369 36 370 45 370 209 370 209 371 210 371 208 371 211 372 38 372 37 372 39 373 40 373 211 373 212 374 211 374 40 374 212 375 43 375 35 375 38 376 211 376 213 376 213 377 34 377 38 377 213 378 35 378 34 378 35 379 213 379 212 379 42 380 43 380 212 380 40 381 42 381 212 381 211 382 37 382 39 382 212 383 213 383 211 383 81 384 214 384 83 384 81 385 22 385 214 385 214 386 96 386 20 386 214 387 22 387 96 387 102 388 18 388 20 388 41 389 13 389 14 389 117 390 50 390 13 390 215 391 29 391 27 391 27 392 53 392 215 392 215 393 53 393 57 393 23 394 66 394 73 394 216 395 83 395 214 395 217 396 214 396 20 396 218 397 20 397 18 397 219 398 18 398 14 398 220 399 14 399 13 399 221 400 13 400 50 400 222 401 50 401 29 401 223 402 29 402 215 402 224 403 215 403 57 403 225 404 57 404 67 404 226 405 67 405 66 405 227 406 66 406 23 406 228 407 23 407 145 407 229 408 145 408 83 408 83 409 216 409 229 409 145 410 229 410 228 410 23 411 228 411 227 411 66 412 227 412 226 412 67 413 226 413 225 413 57 414 225 414 224 414 215 415 224 415 223 415 29 416 223 416 222 416 50 417 222 417 221 417 13 418 221 418 220 418 14 419 220 419 219 419 18 420 219 420 218 420 20 421 218 421 217 421 214 422 217 422 216 422 230 423 231 423 218 423 231 424 232 424 217 424 232 425 233 425 216 425 234 426 229 426 216 426 217 427 218 427 231 427 216 428 233 428 234 428 235 429 228 429 229 429 236 430 227 430 228 430 237 431 238 431 226 431 216 432 217 432 232 432 228 433 235 433 236 433 227 434 236 434 237 434 238 435 239 435 225 435 239 436 240 436 224 436 240 437 241 437 223 437 242 438 222 438 223 438 243 439 221 439 222 439 229 440 234 440 235 440 225 441 226 441 238 441 223 442 224 442 240 442 222 443 242 443 243 443 244 444 230 444 219 444 226 445 227 445 237 445 223 446 241 446 242 446 245 447 220 447 221 447 220 448 245 448 244 448 224 449 225 449 239 449 219 450 220 450 244 450 221 451 243 451 245 451 218 452 219 452 230 452 246 453 7 453 136 453 247 454 136 454 130 454 248 455 130 455 125 455 249 456 250 456 114 456 251 457 252 457 143 457 246 458 251 458 137 458 136 459 247 459 246 459 130 460 248 460 247 460 125 461 250 461 248 461 250 462 125 462 114 462 253 463 249 463 114 463 254 464 253 464 113 464 254 465 12 465 106 465 255 466 106 466 105 466 257 467 256 467 151 467 151 468 252 468 257 468 106 469 255 469 254 469 105 470 256 470 255 470 256 471 105 471 151 471 143 472 137 472 251 472 137 473 7 473 246 473 113 474 12 474 254 474 114 475 113 475 253 475 151 476 143 476 252 476 258 477 259 477 257 477 260 478 258 478 252 478 261 479 260 479 251 479 247 480 261 480 246 480 263 481 262 481 248 481 264 482 263 482 250 482 253 483 264 483 249 483 266 484 265 484 254 484 267 485 266 485 255 485 259 486 267 486 256 486 256 487 257 487 259 487 255 488 256 488 267 488 254 489 255 489 266 489 253 490 254 490 265 490 250 491 249 491 264 491 248 492 250 492 263 492 247 493 248 493 262 493 251 494 246 494 261 494 252 495 251 495 260 495 257 496 252 496 258 496 247 497 268 497 261 497 268 498 247 498 262 498 253 499 269 499 264 499 269 500 253 500 265 500 273 501 274 501 275 501 275 502 270 502 273 502 270 503 272 503 271 503 272 504 265 504 271 504 271 505 273 505 270 505 271 506 265 506 266 506 266 507 267 507 271 507 277 508 272 508 276 508 274 509 258 509 260 509 270 510 276 510 272 510 260 511 261 511 274 511 268 512 278 512 274 512 268 513 262 513 276 513 277 514 262 514 263 514 259 515 279 515 271 515 259 516 258 516 273 516 276 517 278 517 268 517 263 518 264 518 277 518 269 519 280 519 277 519 269 520 265 520 272 520 273 521 279 521 259 521 274 522 261 522 268 522 272 523 280 523 269 523 273 524 258 524 274 524 277 525 264 525 269 525 276 526 262 526 277 526 271 527 267 527 259 527 271 528 283 528 275 528 283 529 284 529 270 529 284 530 276 530 270 530 281 531 276 531 286 531 272 532 281 532 287 532 281 533 286 533 287 533 287 534 284 534 272 534 276 535 284 535 286 535 272 536 277 536 281 536 272 537 284 537 288 537 282 538 272 538 288 538 283 539 288 539 284 539 271 540 282 540 283 540 274 541 290 541 289 541 291 542 289 542 290 542 271 543 275 543 292 543 291 544 290 544 271 544 292 545 291 545 271 545 275 546 285 546 292 546 272 547 294 547 293 547 272 548 282 548 294 548 271 549 293 549 295 549 282 550 297 550 294 550 293 551 296 551 272 551 293 552 271 552 296 552 295 553 297 553 271 553 273 554 271 554 290 554 297 555 282 555 271 555 289 556 285 556 274 556 274 557 285 557 275 557 270 558 275 558 283 558 279 559 298 559 299 559 299 560 271 560 279 560 299 561 300 561 271 561 296 562 271 562 300 562 300 563 272 563 296 563 280 564 272 564 301 564 280 565 302 565 303 565 303 566 277 566 280 566 277 567 303 567 304 567 304 568 281 568 277 568 276 569 281 569 304 569 278 570 276 570 305 570 306 571 307 571 278 571 307 572 274 572 278 572 290 573 274 573 308 573 307 574 308 574 274 574 309 575 273 575 290 575 290 576 308 576 309 576 309 577 298 577 279 577 279 578 273 578 309 578 305 579 306 579 278 579 304 580 305 580 276 580 301 581 302 581 280 581 272 582 300 582 301 582 283 583 282 583 310 583 288 584 283 584 311 584 282 585 288 585 313 585 313 586 310 586 282 586 312 587 313 587 288 587 311 588 312 588 288 588 310 589 311 589 283 589 310 590 313 590 311 590 313 591 312 591 311 591 301 592 314 592 302 592 303 593 315 593 304 593 307 594 316 594 308 594 316 595 307 595 306 595 315 596 303 596 302 596 314 597 301 597 300 597 317 598 299 598 298 598 318 599 298 599 309 599 319 600 320 600 284 600 286 601 284 601 321 601 322 602 287 602 286 602 287 603 322 603 323 603 287 604 323 604 319 604 321 605 322 605 286 605 320 606 321 606 284 606 284 607 287 607 319 607 324 608 325 608 295 608 297 609 295 609 325 609 294 610 297 610 326 610 294 611 326 611 327 611 294 612 327 612 328 612 328 613 293 613 294 613 324 614 295 614 293 614 293 615 328 615 324 615 325 616 326 616 297 616 329 617 330 617 291 617 289 618 291 618 330 618 285 619 289 619 331 619 285 620 331 620 332 620 285 621 332 621 333 621 333 622 292 622 285 622 291 623 333 623 329 623 333 624 291 624 292 624 330 625 331 625 289 625 327 626 326 626 334 626 336 627 335 627 325 627 336 628 324 628 328 628 337 629 327 629 334 629 337 630 328 630 327 630 328 631 337 631 336 631 325 632 324 632 336 632 335 633 326 633 325 633 334 634 326 634 335 634 337 635 335 635 336 635 337 636 334 636 335 636 340 637 339 637 330 637 340 638 329 638 333 638 338 639 332 639 331 639 340 640 332 640 338 640 340 641 333 641 332 641 330 642 329 642 340 642 339 643 331 643 330 643 338 644 331 644 339 644 339 645 340 645 338 645 343 646 342 646 320 646 343 647 319 647 323 647 341 648 322 648 321 648 344 649 322 649 341 649 344 650 323 650 322 650 323 651 344 651 343 651 320 652 319 652 343 652 342 653 321 653 320 653 341 654 321 654 342 654 342 655 344 655 341 655 342 656 343 656 344 656 346 657 381 657 349 657 354 658 357 658 358 658 360 659 361 659 308 659 391 660 362 660 306 660 362 661 363 661 364 661 364 662 363 662 306 662 391 663 354 663 362 663 366 664 345 664 347 664 345 665 348 665 347 665 353 666 346 666 349 666 359 667 357 667 367 667 367 668 351 668 368 668 367 669 353 669 351 669 368 670 318 670 367 670 369 671 318 671 309 671 356 672 371 672 369 672 370 673 356 673 367 673 367 674 318 674 370 674 369 675 309 675 356 675 370 676 371 676 356 676 361 677 309 677 308 677 391 678 306 678 305 678 352 679 372 679 304 679 302 680 314 680 373 680 373 681 314 681 345 681 345 682 374 682 375 682 314 683 375 683 376 683 345 684 376 684 374 684 314 685 346 685 375 685 376 686 345 686 314 686 375 687 346 687 345 687 300 688 299 688 377 688 349 689 377 689 299 689 299 690 317 690 378 690 317 691 379 691 378 691 353 692 349 692 380 692 379 693 317 693 353 693 380 694 379 694 353 694 349 695 299 695 378 695 378 696 380 696 349 696 353 697 317 697 365 697 298 698 365 698 317 698 381 699 346 699 382 699 314 700 300 700 384 700 383 701 346 701 314 701 384 702 383 702 314 702 347 703 315 703 302 703 347 704 348 704 386 704 348 705 387 705 385 705 386 706 348 706 385 706 315 707 386 707 385 707 304 708 315 708 385 708 385 709 352 709 304 709 387 710 350 710 352 710 305 711 304 711 388 711 304 712 372 712 388 712 350 713 354 713 389 713 389 714 372 714 350 714 389 715 354 715 355 715 355 716 390 716 389 716 388 717 389 717 390 717 390 718 391 718 305 718 363 719 316 719 306 719 362 720 358 720 392 720 392 721 363 721 362 721 359 722 361 722 360 722 359 723 360 723 358 723 308 724 316 724 393 724 316 725 392 725 393 725 393 726 360 726 308 726 358 727 393 727 392 727 390 728 305 728 388 728 387 729 348 729 350 729 383 730 382 730 346 730 382 731 384 731 381 731 365 732 351 732 353 732 377 733 381 733 300 733 300 734 381 734 384 734 373 735 366 735 302 735 302 736 366 736 347 736 361 737 356 737 309 737 369 738 370 738 318 738 368 739 298 739 318 739 358 740 362 740 354 740 359 741 358 741 357 741 354 742 391 742 355 742 356 743 359 743 367 743 350 744 372 744 352 744 346 745 348 745 345 745 394 746 360 746 393 746 395 747 394 747 393 747 360 748 394 748 396 748 396 749 358 749 360 749 358 750 396 750 395 750 393 751 358 751 395 751 395 752 396 752 394 752 397 753 356 753 361 753 398 754 397 754 361 754 356 755 397 755 399 755 399 756 359 756 356 756 359 757 399 757 398 757 361 758 359 758 398 758 398 759 399 759 397 759 401 760 400 760 316 760 400 761 392 761 316 761 400 762 363 762 392 762 363 763 400 763 401 763 316 764 363 764 401 764 402 765 355 765 391 765 403 766 402 766 391 766 355 767 402 767 404 767 404 768 390 768 355 768 390 769 404 769 403 769 391 770 390 770 403 770 403 771 404 771 402 771 389 772 388 772 405 772 406 773 405 773 388 773 389 774 405 774 407 774 407 775 372 775 389 775 372 776 407 776 406 776 388 777 372 777 406 777 406 778 407 778 405 778 387 779 352 779 408 779 409 780 408 780 352 780 387 781 408 781 410 781 410 782 385 782 387 782 385 783 410 783 409 783 352 784 385 784 409 784 409 785 410 785 408 785 412 786 411 786 386 786 411 787 347 787 386 787 411 788 315 788 347 788 315 789 411 789 412 789 386 790 315 790 412 790 375 791 374 791 413 791 414 792 413 792 374 792 375 793 413 793 415 793 415 794 376 794 375 794 376 795 415 795 414 795 374 796 376 796 414 796 414 797 415 797 413 797 417 798 416 798 382 798 416 799 384 799 382 799 416 800 383 800 384 800 383 801 416 801 417 801 382 802 383 802 417 802 418 803 377 803 349 803 419 804 418 804 349 804 377 805 418 805 420 805 420 806 381 806 377 806 381 807 420 807 419 807 349 808 381 808 419 808 419 809 420 809 418 809 421 810 378 810 379 810 422 811 421 811 379 811 378 812 421 812 423 812 423 813 380 813 378 813 380 814 423 814 422 814 379 815 380 815 422 815 422 816 423 816 421 816 369 817 371 817 424 817 425 818 424 818 371 818 369 819 424 819 426 819 426 820 370 820 369 820 370 821 426 821 425 821 371 822 370 822 425 822 425 823 426 823 424 823 427 824 428 824 353 824 429 825 427 825 357 825 430 826 429 826 357 826 431 827 430 827 354 827 432 828 431 828 350 828 433 829 432 829 348 829 434 830 433 830 346 830 428 831 434 831 353 831 346 832 353 832 434 832 348 833 346 833 433 833 350 834 348 834 432 834 354 835 350 835 431 835 357 836 354 836 430 836 367 837 357 837 427 837 353 838 367 838 427 838 428 839 427 839 435 839 427 840 429 840 435 840 429 841 430 841 435 841 430 842 436 842 435 842 431 843 432 843 436 843 433 844 434 844 437 844 436 845 430 845 431 845 434 846 428 846 437 846 433 847 437 847 436 847 436 848 432 848 433 848 435 849 437 849 428 849 439 850 436 850 437 850 439 851 440 851 436 851 435 852 436 852 440 852 438 853 437 853 435 853 435 854 440 854 438 854 438 855 439 855 437 855 440 856 439 856 438 856 441 857 362 857 364 857 306 858 362 858 443 858 443 859 362 859 441 859 443 860 442 860 306 860 442 861 364 861 306 861 364 862 442 862 441 862 443 863 441 863 442 863 444 864 298 864 368 864 351 865 365 865 446 865 444 866 365 866 298 866 446 867 365 867 444 867 446 868 445 868 351 868 445 869 368 869 351 869 368 870 445 870 444 870 446 871 444 871 445 871 366 872 449 872 448 872 366 873 373 873 449 873 373 874 345 874 447 874 449 875 373 875 447 875 448 876 345 876 366 876 447 877 345 877 448 877 448 878 449 878 447 878 233 879 232 879 450 879 232 880 451 880 450 880 231 881 230 881 452 881 230 882 453 882 452 882 454 883 245 883 243 883 455 884 242 884 241 884 241 885 240 885 456 885 240 886 457 886 456 886 239 887 238 887 458 887 238 888 459 888 458 888 460 889 236 889 235 889 233 890 450 890 461 890 461 891 234 891 233 891 454 892 243 892 473 892 243 893 242 893 473 893 242 894 462 894 463 894 463 895 473 895 242 895 465 896 476 896 464 896 464 897 245 897 465 897 453 898 230 898 464 898 230 899 244 899 464 899 466 900 232 900 231 900 466 901 451 901 232 901 466 902 231 902 452 902 460 903 235 903 467 903 235 904 234 904 467 904 234 905 485 905 467 905 236 906 468 906 469 906 468 907 236 907 470 907 459 908 238 908 469 908 238 909 237 909 469 909 471 910 240 910 239 910 471 911 457 911 240 911 471 912 239 912 458 912 469 913 237 913 236 913 467 914 472 914 460 914 464 915 244 915 245 915 461 916 485 916 234 916 460 917 470 917 236 917 456 918 455 918 241 918 455 919 462 919 242 919 454 920 465 920 245 920 475 921 474 921 476 921 474 922 464 922 476 922 476 923 477 923 478 923 477 924 479 924 478 924 477 925 464 925 479 925 478 926 475 926 476 926 474 927 479 927 464 927 475 928 478 928 480 928 479 929 480 929 478 929 466 930 482 930 481 930 466 931 483 931 482 931 483 932 519 932 484 932 519 933 466 933 481 933 481 934 484 934 519 934 484 935 482 935 483 935 485 936 486 936 467 936 485 937 472 937 488 937 467 938 486 938 472 938 472 939 486 939 488 939 488 940 487 940 485 940 488 941 486 941 489 941 487 942 488 942 489 942 487 943 486 943 485 943 469 944 468 944 490 944 468 945 511 945 491 945 511 946 469 946 492 946 469 947 493 947 492 947 492 948 491 948 511 948 491 949 490 949 468 949 490 950 493 950 469 950 471 951 495 951 494 951 495 952 506 952 496 952 496 953 506 953 471 953 471 954 497 954 496 954 496 955 494 955 495 955 494 956 497 956 471 956 494 957 496 957 498 957 497 958 498 958 496 958 499 959 500 959 473 959 501 960 499 960 462 960 463 961 462 961 499 961 473 962 501 962 462 962 473 963 463 963 499 963 500 964 501 964 473 964 477 965 476 965 465 965 454 966 473 966 502 966 473 967 462 967 502 967 502 968 503 968 501 968 503 969 502 969 462 969 499 970 503 970 500 970 503 971 499 971 501 971 456 972 504 972 505 972 456 973 457 973 498 973 498 974 504 974 456 974 455 975 505 975 503 975 503 976 462 976 455 976 505 977 455 977 456 977 457 978 506 978 498 978 506 979 457 979 471 979 506 980 507 980 498 980 507 981 494 981 498 981 494 982 507 982 497 982 507 983 506 983 495 983 459 984 469 984 508 984 495 985 471 985 458 985 459 986 509 986 510 986 459 987 508 987 492 987 492 988 509 988 459 988 458 989 510 989 507 989 507 990 495 990 458 990 510 991 458 991 459 991 491 992 492 992 508 992 511 993 508 993 469 993 508 994 490 994 491 994 490 995 508 995 511 995 511 996 468 996 470 996 465 997 454 997 512 997 454 998 502 998 501 998 501 999 512 999 454 999 465 1000 513 1000 475 1000 475 1001 477 1001 465 1001 512 1002 513 1002 465 1002 477 1003 475 1003 480 1003 515 1004 480 1004 479 1004 474 1005 514 1005 515 1005 515 1006 479 1006 474 1006 514 1007 474 1007 475 1007 453 1008 464 1008 477 1008 483 1009 466 1009 452 1009 452 1010 453 1010 516 1010 453 1011 477 1011 480 1011 480 1012 516 1012 453 1012 452 1013 517 1013 518 1013 518 1014 483 1014 452 1014 516 1015 517 1015 452 1015 518 1016 519 1016 483 1016 519 1017 451 1017 466 1017 520 1018 451 1018 519 1018 519 1019 518 1019 520 1019 520 1020 518 1020 482 1020 482 1021 518 1021 481 1021 482 1022 484 1022 520 1022 520 1023 484 1023 451 1023 461 1024 450 1024 521 1024 450 1025 451 1025 484 1025 484 1026 521 1026 450 1026 461 1027 522 1027 523 1027 523 1028 485 1028 461 1028 521 1029 522 1029 461 1029 523 1030 524 1030 485 1030 524 1031 472 1031 485 1031 487 1032 472 1032 524 1032 524 1033 523 1033 487 1033 523 1034 486 1034 487 1034 487 1035 489 1035 472 1035 460 1036 525 1036 526 1036 460 1037 472 1037 489 1037 489 1038 525 1038 460 1038 470 1039 526 1039 490 1039 490 1040 511 1040 470 1040 526 1041 470 1041 460 1041 515 1042 514 1042 527 1042 514 1043 528 1043 527 1043 529 1044 530 1044 528 1044 528 1045 514 1045 529 1045 531 1046 515 1046 527 1046 527 1047 532 1047 531 1047 534 1048 535 1048 533 1048 533 1049 500 1049 534 1049 536 1050 537 1050 535 1050 535 1051 534 1051 536 1051 533 1052 538 1052 500 1052 539 1053 538 1053 533 1053 533 1054 540 1054 539 1054 542 1055 543 1055 541 1055 541 1056 497 1056 542 1056 544 1057 545 1057 543 1057 543 1058 542 1058 544 1058 541 1059 546 1059 497 1059 547 1060 546 1060 541 1060 541 1061 548 1061 547 1061 550 1062 551 1062 549 1062 549 1063 493 1063 550 1063 552 1064 553 1064 551 1064 551 1065 550 1065 552 1065 549 1066 554 1066 493 1066 555 1067 554 1067 549 1067 549 1068 556 1068 555 1068 558 1069 559 1069 557 1069 557 1070 486 1070 558 1070 560 1071 590 1071 559 1071 559 1072 558 1072 560 1072 557 1073 561 1073 486 1073 562 1074 561 1074 557 1074 557 1075 563 1075 562 1075 564 1076 481 1076 565 1076 566 1077 567 1077 564 1077 564 1078 565 1078 566 1078 481 1079 564 1079 568 1079 568 1080 521 1080 481 1080 569 1081 521 1081 568 1081 568 1082 570 1082 569 1082 561 1083 562 1083 563 1083 563 1084 571 1084 561 1084 563 1085 557 1085 559 1085 590 1086 563 1086 559 1086 571 1087 563 1087 590 1087 560 1088 523 1088 590 1088 552 1089 572 1089 553 1089 556 1090 549 1090 551 1090 553 1091 556 1091 551 1091 553 1092 573 1092 556 1092 554 1093 555 1093 556 1093 556 1094 573 1094 554 1094 573 1095 732 1095 554 1095 544 1096 507 1096 545 1096 548 1097 541 1097 543 1097 545 1098 548 1098 543 1098 574 1099 548 1099 545 1099 546 1100 547 1100 548 1100 548 1101 574 1101 546 1101 574 1102 575 1102 546 1102 536 1103 503 1103 537 1103 540 1104 533 1104 535 1104 537 1105 540 1105 535 1105 537 1106 576 1106 540 1106 538 1107 539 1107 540 1107 540 1108 576 1108 538 1108 576 1109 577 1109 538 1109 532 1110 527 1110 528 1110 530 1111 532 1111 528 1111 578 1112 532 1112 530 1112 515 1113 531 1113 532 1113 532 1114 578 1114 515 1114 566 1115 598 1115 567 1115 564 1116 567 1116 570 1116 570 1117 568 1117 564 1117 579 1118 580 1118 570 1118 570 1119 567 1119 579 1119 521 1120 569 1120 570 1120 570 1121 580 1121 521 1121 523 1122 584 1122 581 1122 522 1123 521 1123 587 1123 560 1124 558 1124 523 1124 582 1125 523 1125 581 1125 583 1126 582 1126 581 1126 585 1127 581 1127 584 1127 586 1128 584 1128 522 1128 588 1129 587 1129 521 1129 484 1130 481 1130 521 1130 584 1131 523 1131 522 1131 486 1132 523 1132 558 1132 523 1133 582 1133 589 1133 589 1134 590 1134 523 1134 593 1135 590 1135 589 1135 589 1136 591 1136 593 1136 593 1137 591 1137 583 1137 583 1138 581 1138 593 1138 583 1139 591 1139 589 1139 589 1140 582 1140 583 1140 581 1141 585 1141 592 1141 592 1142 593 1142 581 1142 596 1143 593 1143 592 1143 592 1144 594 1144 596 1144 596 1145 594 1145 586 1145 586 1146 522 1146 596 1146 594 1147 592 1147 585 1147 584 1148 594 1148 585 1148 586 1149 594 1149 584 1149 522 1150 587 1150 595 1150 595 1151 596 1151 522 1151 580 1152 596 1152 595 1152 595 1153 597 1153 580 1153 580 1154 597 1154 588 1154 588 1155 521 1155 580 1155 588 1156 597 1156 595 1156 595 1157 587 1157 588 1157 565 1158 481 1158 518 1158 517 1159 516 1159 602 1159 565 1160 518 1160 598 1160 566 1161 565 1161 598 1161 600 1162 598 1162 517 1162 601 1163 600 1163 517 1163 603 1164 602 1164 516 1164 604 1165 516 1165 515 1165 605 1166 604 1166 515 1166 598 1167 518 1167 517 1167 515 1168 516 1168 480 1168 598 1169 599 1169 606 1169 606 1170 567 1170 598 1170 609 1171 567 1171 606 1171 606 1172 607 1172 609 1172 609 1173 607 1173 601 1173 601 1174 517 1174 609 1174 607 1175 606 1175 599 1175 599 1176 598 1176 600 1176 600 1177 607 1177 599 1177 601 1178 607 1178 600 1178 517 1179 602 1179 608 1179 608 1180 609 1180 517 1180 612 1181 609 1181 608 1181 608 1182 610 1182 612 1182 612 1183 610 1183 603 1183 603 1184 516 1184 612 1184 603 1185 610 1185 608 1185 608 1186 602 1186 603 1186 516 1187 604 1187 611 1187 611 1188 612 1188 516 1188 578 1189 612 1189 611 1189 611 1190 613 1190 578 1190 578 1191 613 1191 605 1191 605 1192 515 1192 578 1192 605 1193 613 1193 611 1193 611 1194 604 1194 605 1194 475 1195 614 1195 529 1195 513 1196 617 1196 634 1196 614 1197 475 1197 634 1197 615 1198 614 1198 634 1198 618 1199 617 1199 513 1199 619 1200 513 1200 512 1200 512 1201 635 1201 620 1201 512 1202 538 1202 577 1202 514 1203 475 1203 529 1203 501 1204 500 1204 538 1204 634 1205 475 1205 513 1205 538 1206 512 1206 501 1206 577 1207 635 1207 512 1207 529 1208 614 1208 623 1208 623 1209 530 1209 529 1209 626 1210 530 1210 623 1210 623 1211 624 1211 626 1211 626 1212 624 1212 615 1212 615 1213 634 1213 626 1213 615 1214 624 1214 623 1214 623 1215 614 1215 615 1215 634 1216 616 1216 625 1216 625 1217 626 1217 634 1217 629 1218 626 1218 625 1218 625 1219 627 1219 629 1219 629 1220 627 1220 621 1220 621 1221 617 1221 629 1221 617 1222 618 1222 628 1222 628 1223 629 1223 617 1223 632 1224 629 1224 628 1224 628 1225 630 1225 632 1225 632 1226 630 1226 619 1226 619 1227 512 1227 632 1227 619 1228 630 1228 628 1228 618 1229 513 1229 628 1229 628 1230 513 1230 619 1230 512 1231 620 1231 631 1231 631 1232 632 1232 512 1232 576 1233 632 1233 631 1233 631 1234 633 1234 576 1234 576 1235 633 1235 622 1235 622 1236 577 1236 576 1236 616 1237 627 1237 625 1237 636 1238 634 1238 617 1238 616 1239 634 1239 636 1239 636 1240 627 1240 616 1240 621 1241 627 1241 636 1241 636 1242 617 1242 621 1242 620 1243 633 1243 631 1243 635 1244 633 1244 620 1244 622 1245 633 1245 635 1245 635 1246 577 1246 622 1246 505 1247 640 1247 637 1247 505 1248 504 1248 639 1248 503 1249 505 1249 644 1249 638 1250 637 1250 640 1250 640 1251 505 1251 639 1251 641 1252 640 1252 639 1252 642 1253 639 1253 504 1253 504 1254 660 1254 643 1254 645 1255 644 1255 505 1255 504 1256 546 1256 575 1256 536 1257 534 1257 503 1257 503 1258 661 1258 646 1258 498 1259 497 1259 546 1259 644 1260 661 1260 503 1260 546 1261 504 1261 498 1261 575 1262 660 1262 504 1262 500 1263 503 1263 534 1263 503 1264 646 1264 649 1264 649 1265 537 1265 503 1265 649 1266 650 1266 652 1266 652 1267 537 1267 649 1267 652 1268 650 1268 647 1268 647 1269 644 1269 652 1269 644 1270 645 1270 651 1270 651 1271 652 1271 644 1271 655 1272 652 1272 651 1272 651 1273 653 1273 655 1273 655 1274 653 1274 638 1274 638 1275 640 1275 655 1275 653 1276 651 1276 645 1276 645 1277 505 1277 637 1277 637 1278 653 1278 645 1278 638 1279 653 1279 637 1279 640 1280 641 1280 654 1280 654 1281 655 1281 640 1281 658 1282 655 1282 654 1282 654 1283 656 1283 658 1283 658 1284 656 1284 642 1284 642 1285 504 1285 658 1285 642 1286 656 1286 654 1286 641 1287 639 1287 654 1287 654 1288 639 1288 642 1288 504 1289 643 1289 657 1289 657 1290 658 1290 504 1290 574 1291 658 1291 657 1291 657 1292 659 1292 574 1292 574 1293 659 1293 648 1293 648 1294 575 1294 574 1294 643 1295 659 1295 657 1295 660 1296 659 1296 643 1296 648 1297 659 1297 660 1297 660 1298 575 1298 648 1298 646 1299 650 1299 649 1299 661 1300 650 1300 646 1300 647 1301 650 1301 661 1301 661 1302 644 1302 647 1302 662 1303 578 1303 530 1303 663 1304 612 1304 578 1304 664 1305 665 1305 629 1305 662 1306 626 1306 629 1306 662 1307 530 1307 626 1307 664 1308 629 1308 632 1308 632 1309 666 1309 664 1309 632 1310 576 1310 666 1310 576 1311 537 1311 668 1311 537 1312 667 1312 668 1312 668 1313 666 1313 576 1313 667 1314 655 1314 658 1314 667 1315 652 1315 655 1315 545 1316 670 1316 671 1316 671 1317 574 1317 545 1317 669 1318 658 1318 574 1318 670 1319 675 1319 673 1319 670 1320 545 1320 675 1320 678 1321 679 1321 573 1321 573 1322 677 1322 678 1322 672 1323 673 1323 679 1323 678 1324 672 1324 679 1324 573 1325 553 1325 677 1325 553 1326 680 1326 677 1326 681 1327 682 1327 683 1327 680 1328 684 1328 683 1328 680 1329 686 1329 684 1329 681 1330 683 1330 571 1330 571 1331 688 1331 681 1331 689 1332 690 1332 596 1332 688 1333 593 1333 596 1333 590 1334 593 1334 688 1334 579 1335 741 1335 689 1335 689 1336 580 1336 579 1336 689 1337 596 1337 580 1337 691 1338 579 1338 567 1338 663 1339 692 1339 612 1339 691 1340 609 1340 612 1340 567 1341 609 1341 691 1341 692 1342 691 1342 612 1342 691 1343 741 1343 579 1343 690 1344 688 1344 596 1344 571 1345 590 1345 688 1345 682 1346 680 1346 683 1346 553 1347 686 1347 680 1347 672 1348 670 1348 673 1348 671 1349 669 1349 574 1349 669 1350 667 1350 658 1350 537 1351 652 1351 667 1351 665 1352 662 1352 629 1352 662 1353 663 1353 578 1353 675 1354 693 1354 694 1354 694 1355 676 1355 675 1355 675 1356 545 1356 695 1356 695 1357 693 1357 675 1357 507 1358 696 1358 695 1358 695 1359 545 1359 507 1359 673 1360 697 1360 698 1360 698 1361 674 1361 673 1361 673 1362 675 1362 699 1362 699 1363 697 1363 673 1363 676 1364 700 1364 699 1364 699 1365 675 1365 676 1365 679 1366 701 1366 702 1366 702 1367 509 1367 679 1367 679 1368 673 1368 703 1368 703 1369 701 1369 679 1369 674 1370 704 1370 703 1370 703 1371 673 1371 674 1371 573 1372 705 1372 730 1372 730 1373 732 1373 573 1373 573 1374 679 1374 706 1374 706 1375 705 1375 573 1375 509 1376 707 1376 706 1376 706 1377 679 1377 509 1377 686 1378 708 1378 709 1378 709 1379 687 1379 686 1379 710 1380 708 1380 686 1380 686 1381 553 1381 710 1381 572 1382 711 1382 710 1382 710 1383 553 1383 572 1383 684 1384 712 1384 713 1384 713 1385 685 1385 684 1385 684 1386 686 1386 714 1386 714 1387 712 1387 684 1387 687 1388 715 1388 714 1388 714 1389 686 1389 687 1389 683 1390 716 1390 726 1390 726 1391 727 1391 683 1391 683 1392 684 1392 717 1392 717 1393 716 1393 683 1393 685 1394 718 1394 717 1394 717 1395 684 1395 685 1395 571 1396 719 1396 720 1396 720 1397 561 1397 571 1397 571 1398 683 1398 721 1398 721 1399 719 1399 571 1399 727 1400 722 1400 721 1400 721 1401 683 1401 727 1401 720 1402 719 1402 721 1402 722 1403 525 1403 721 1403 721 1404 525 1404 720 1404 712 1405 714 1405 715 1405 715 1406 526 1406 723 1406 723 1407 712 1407 715 1407 713 1408 712 1408 723 1408 702 1409 701 1409 703 1409 704 1410 724 1410 703 1410 703 1411 724 1411 702 1411 697 1412 699 1412 700 1412 700 1413 510 1413 725 1413 725 1414 697 1414 700 1414 698 1415 697 1415 725 1415 718 1416 716 1416 717 1416 685 1417 727 1417 728 1417 718 1418 685 1418 728 1418 728 1419 716 1419 718 1419 726 1420 716 1420 728 1420 728 1421 727 1421 726 1421 490 1422 526 1422 687 1422 526 1423 685 1423 723 1423 715 1424 687 1424 526 1424 713 1425 723 1425 685 1425 722 1426 727 1426 525 1426 720 1427 525 1427 561 1427 552 1428 550 1428 572 1428 550 1429 490 1429 572 1429 727 1430 526 1430 525 1430 489 1431 486 1431 561 1431 687 1432 572 1432 490 1432 561 1433 525 1433 489 1433 727 1434 685 1434 526 1434 493 1435 490 1435 550 1435 711 1436 708 1436 710 1436 572 1437 687 1437 729 1437 711 1438 572 1438 729 1438 729 1439 708 1439 711 1439 709 1440 708 1440 729 1440 729 1441 687 1441 709 1441 707 1442 705 1442 706 1442 731 1443 705 1443 707 1443 730 1444 705 1444 731 1444 731 1445 732 1445 730 1445 507 1446 510 1446 676 1446 510 1447 674 1447 725 1447 700 1448 676 1448 510 1448 698 1449 725 1449 674 1449 674 1450 510 1450 724 1450 704 1451 674 1451 724 1451 510 1452 509 1452 724 1452 702 1453 724 1453 509 1453 509 1454 731 1454 707 1454 509 1455 554 1455 732 1455 544 1456 542 1456 507 1456 507 1457 733 1457 696 1457 492 1458 493 1458 554 1458 676 1459 733 1459 507 1459 554 1460 509 1460 492 1460 732 1461 731 1461 509 1461 497 1462 507 1462 542 1462 696 1463 693 1463 695 1463 733 1464 693 1464 696 1464 694 1465 693 1465 733 1465 733 1466 676 1466 694 1466 734 1467 777 1467 678 1467 664 1468 666 1468 735 1468 814 1469 735 1469 666 1469 736 1470 801 1470 662 1470 662 1471 665 1471 736 1471 664 1472 735 1472 737 1472 737 1473 665 1473 664 1473 801 1474 739 1474 663 1474 663 1475 662 1475 801 1475 738 1476 740 1476 691 1476 691 1477 692 1477 738 1477 782 1478 689 1478 741 1478 741 1479 742 1479 782 1479 740 1480 743 1480 741 1480 741 1481 691 1481 740 1481 689 1482 745 1482 744 1482 744 1483 690 1483 689 1483 782 1484 745 1484 689 1484 747 1485 681 1485 746 1485 681 1486 688 1486 746 1486 744 1487 764 1487 688 1487 688 1488 690 1488 744 1488 747 1489 748 1489 682 1489 677 1490 680 1490 749 1490 672 1491 751 1491 750 1491 751 1492 672 1492 678 1492 670 1493 817 1493 671 1493 752 1494 817 1494 670 1494 670 1495 672 1495 752 1495 753 1496 669 1496 754 1496 669 1497 671 1497 754 1497 666 1498 668 1498 814 1498 668 1499 669 1499 755 1499 669 1500 753 1500 755 1500 667 1501 669 1501 668 1501 750 1502 752 1502 672 1502 749 1503 734 1503 677 1503 682 1504 681 1504 747 1504 678 1505 677 1505 734 1505 744 1506 745 1506 756 1506 756 1507 790 1507 744 1507 745 1508 782 1508 788 1508 759 1509 747 1509 746 1509 759 1510 758 1510 747 1510 746 1511 760 1511 759 1511 761 1512 746 1512 688 1512 762 1513 761 1513 688 1513 763 1514 762 1514 764 1514 763 1515 764 1515 760 1515 763 1516 760 1516 746 1516 746 1517 761 1517 763 1517 688 1518 764 1518 762 1518 762 1519 763 1519 761 1519 765 1520 760 1520 764 1520 747 1521 766 1521 757 1521 766 1522 767 1522 757 1522 768 1523 766 1523 758 1523 758 1524 766 1524 747 1524 765 1525 768 1525 759 1525 760 1526 765 1526 759 1526 758 1527 759 1527 768 1527 764 1528 769 1528 765 1528 749 1529 757 1529 767 1529 764 1530 744 1530 770 1530 769 1531 776 1531 773 1531 773 1532 774 1532 772 1532 774 1533 778 1533 771 1533 771 1534 778 1534 767 1534 778 1535 777 1535 767 1535 771 1536 772 1536 774 1536 773 1537 772 1537 769 1537 779 1538 778 1538 774 1538 779 1539 773 1539 776 1539 775 1540 750 1540 778 1540 778 1541 750 1541 777 1541 776 1542 775 1542 779 1542 774 1543 773 1543 779 1543 778 1544 779 1544 775 1544 744 1545 790 1545 770 1545 742 1546 780 1546 781 1546 781 1547 782 1547 742 1547 784 1548 785 1548 786 1548 785 1549 784 1549 783 1549 783 1550 770 1550 785 1550 784 1551 786 1551 781 1551 787 1552 788 1552 786 1552 785 1553 789 1553 787 1553 785 1554 790 1554 789 1554 786 1555 788 1555 782 1555 782 1556 781 1556 786 1556 770 1557 790 1557 785 1557 786 1558 785 1558 787 1558 794 1559 795 1559 742 1559 742 1560 743 1560 794 1560 793 1561 794 1561 743 1561 796 1562 794 1562 793 1562 740 1563 797 1563 792 1563 792 1564 797 1564 796 1564 791 1565 797 1565 740 1565 791 1566 798 1566 797 1566 793 1567 792 1567 796 1567 743 1568 740 1568 793 1568 740 1569 792 1569 793 1569 800 1570 742 1570 741 1570 800 1571 799 1571 743 1571 743 1572 742 1572 800 1572 741 1573 743 1573 799 1573 741 1574 799 1574 800 1574 795 1575 780 1575 742 1575 798 1576 791 1576 801 1576 808 1577 803 1577 802 1577 808 1578 804 1578 803 1578 795 1579 803 1579 804 1579 798 1580 809 1580 802 1580 798 1581 737 1581 809 1581 804 1582 806 1582 795 1582 802 1583 809 1583 808 1583 807 1584 806 1584 804 1584 808 1585 807 1585 804 1585 809 1586 805 1586 808 1586 737 1587 805 1587 809 1587 807 1588 808 1588 805 1588 810 1589 736 1589 665 1589 810 1590 737 1590 736 1590 737 1591 810 1591 811 1591 665 1592 737 1592 811 1592 810 1593 665 1593 811 1593 738 1594 813 1594 812 1594 813 1595 738 1595 692 1595 813 1596 692 1596 663 1596 663 1597 739 1597 812 1597 739 1598 738 1598 812 1598 663 1599 812 1599 813 1599 816 1600 814 1600 668 1600 668 1601 755 1601 815 1601 814 1602 816 1602 815 1602 755 1603 814 1603 815 1603 668 1604 815 1604 816 1604 819 1605 818 1605 754 1605 820 1606 754 1606 671 1606 819 1607 671 1607 817 1607 754 1608 820 1608 819 1608 817 1609 818 1609 819 1609 819 1610 820 1610 671 1610 738 1611 739 1611 801 1611 807 1612 805 1612 821 1612 821 1613 735 1613 814 1613 821 1614 814 1614 755 1614 822 1615 755 1615 753 1615 823 1616 818 1616 817 1616 823 1617 817 1617 752 1617 754 1618 818 1618 753 1618 748 1619 747 1619 757 1619 767 1620 777 1620 734 1620 775 1621 752 1621 750 1621 798 1622 801 1622 737 1622 791 1623 740 1623 738 1623 805 1624 737 1624 735 1624 775 1625 823 1625 752 1625 757 1626 749 1626 748 1626 734 1627 749 1627 767 1627 818 1628 823 1628 753 1628 755 1629 822 1629 821 1629 735 1630 821 1630 805 1630 736 1631 737 1631 801 1631 738 1632 801 1632 791 1632 824 1633 825 1633 749 1633 824 1634 749 1634 680 1634 825 1635 680 1635 682 1635 748 1636 749 1636 825 1636 682 1637 748 1637 825 1637 825 1638 824 1638 680 1638 751 1639 678 1639 826 1639 827 1640 826 1640 777 1640 827 1641 777 1641 750 1641 678 1642 777 1642 826 1642 750 1643 751 1643 827 1643 827 1644 751 1644 826 1644 745 1645 788 1645 828 1645 828 1646 756 1646 745 1646 833 1647 756 1647 828 1647 756 1648 833 1648 834 1648 756 1649 834 1649 847 1649 847 1650 830 1650 756 1650 830 1651 847 1651 848 1651 848 1652 831 1652 830 1652 831 1653 848 1653 837 1653 831 1654 837 1654 832 1654 841 1655 837 1655 836 1655 837 1656 842 1656 838 1656 844 1657 839 1657 838 1657 839 1658 844 1658 845 1658 845 1659 840 1659 839 1659 840 1660 845 1660 846 1660 837 1661 841 1661 842 1661 829 1662 841 1662 840 1662 840 1663 846 1663 829 1663 849 1664 842 1664 841 1664 841 1665 829 1665 849 1665 849 1666 843 1666 842 1666 832 1667 828 1667 788 1667 788 1668 831 1668 832 1668 831 1669 788 1669 787 1669 787 1670 830 1670 831 1670 830 1671 787 1671 789 1671 830 1672 789 1672 790 1672 790 1673 756 1673 830 1673 848 1674 836 1674 837 1674 836 1675 848 1675 847 1675 847 1676 835 1676 836 1676 838 1677 832 1677 837 1677 835 1678 847 1678 834 1678 828 1679 832 1679 833 1679 838 1680 842 1680 843 1680 836 1681 840 1681 841 1681 840 1682 836 1682 835 1682 835 1683 839 1683 840 1683 839 1684 835 1684 834 1684 839 1685 834 1685 833 1685 838 1686 833 1686 832 1686 833 1687 838 1687 839 1687 843 1688 844 1688 838 1688 850 1689 843 1689 849 1689 851 1690 850 1690 849 1690 852 1691 851 1691 829 1691 853 1692 852 1692 846 1692 845 1693 854 1693 853 1693 854 1694 844 1694 843 1694 843 1695 855 1695 854 1695 843 1696 850 1696 855 1696 845 1697 844 1697 854 1697 846 1698 845 1698 853 1698 829 1699 846 1699 852 1699 849 1700 829 1700 851 1700 855 1701 853 1701 854 1701 855 1702 850 1702 857 1702 850 1703 851 1703 858 1703 851 1704 852 1704 858 1704 852 1705 853 1705 856 1705 856 1706 858 1706 852 1706 858 1707 857 1707 850 1707 855 1708 856 1708 853 1708 860 1709 861 1709 855 1709 855 1710 859 1710 860 1710 856 1711 861 1711 862 1711 856 1712 855 1712 861 1712 864 1713 856 1713 862 1713 864 1714 865 1714 858 1714 865 1715 866 1715 857 1715 864 1716 858 1716 856 1716 857 1717 858 1717 865 1717 865 1718 864 1718 863 1718 866 1719 865 1719 867 1719 863 1720 867 1720 865 1720 866 1721 859 1721 857 1721 864 1722 862 1722 863 1722 855 1723 857 1723 859 1723 862 1724 870 1724 869 1724 870 1725 862 1725 861 1725 860 1726 859 1726 868 1726 868 1727 871 1727 860 1727 860 1728 871 1728 861 1728 871 1729 872 1729 861 1729 870 1730 861 1730 872 1730 869 1731 870 1731 873 1731 874 1732 871 1732 868 1732 875 1733 870 1733 872 1733 870 1734 875 1734 873 1734 872 1735 876 1735 875 1735 874 1736 877 1736 871 1736 877 1737 876 1737 872 1737 872 1738 871 1738 877 1738 880 1739 874 1739 878 1739 880 1740 878 1740 881 1740 877 1741 874 1741 880 1741 883 1742 884 1742 882 1742 881 1743 878 1743 882 1743 882 1744 878 1744 883 1744 882 1745 886 1745 885 1745 880 1746 881 1746 887 1746 889 1747 882 1747 885 1747 885 1748 891 1748 889 1748 882 1749 888 1749 887 1749 887 1750 881 1750 882 1750 889 1751 888 1751 882 1751 891 1752 886 1752 890 1752 892 1753 889 1753 891 1753 892 1754 891 1754 890 1754 890 1755 893 1755 892 1755 896 1756 894 1756 893 1756 893 1757 890 1757 896 1757 896 1758 897 1758 895 1758 895 1759 894 1759 896 1759 899 1760 895 1760 897 1760 899 1761 897 1761 898 1761 898 1762 900 1762 899 1762 901 1763 902 1763 903 1763 904 1764 903 1764 902 1764 902 1765 901 1765 898 1765 890 1766 886 1766 896 1766 891 1767 885 1767 886 1767 886 1768 905 1768 896 1768 905 1769 897 1769 896 1769 906 1770 903 1770 904 1770 902 1771 908 1771 907 1771 902 1772 909 1772 908 1772 897 1773 909 1773 898 1773 897 1774 905 1774 909 1774 909 1775 902 1775 898 1775 907 1776 904 1776 902 1776 904 1777 907 1777 906 1777 927 1778 911 1778 900 1778 900 1779 898 1779 927 1779 927 1780 913 1780 912 1780 912 1781 911 1781 927 1781 914 1782 912 1782 913 1782 913 1783 915 1783 914 1783 918 1784 916 1784 915 1784 915 1785 913 1785 918 1785 918 1786 920 1786 917 1786 917 1787 916 1787 918 1787 921 1788 917 1788 920 1788 921 1789 920 1789 919 1789 919 1790 922 1790 921 1790 925 1791 926 1791 924 1791 925 1792 923 1792 922 1792 919 1793 925 1793 922 1793 924 1794 923 1794 925 1794 927 1795 928 1795 929 1795 933 1796 932 1796 920 1796 929 1797 930 1797 918 1797 920 1798 932 1798 925 1798 927 1799 898 1799 901 1799 932 1800 933 1800 937 1800 932 1801 926 1801 925 1801 927 1802 929 1802 913 1802 901 1803 928 1803 927 1803 925 1804 919 1804 920 1804 920 1805 918 1805 930 1805 918 1806 913 1806 929 1806 931 1807 933 1807 920 1807 930 1808 931 1808 920 1808 932 1809 935 1809 936 1809 936 1810 940 1810 926 1810 932 1811 936 1811 926 1811 937 1812 934 1812 935 1812 935 1813 932 1813 937 1813 938 1814 926 1814 940 1814 940 1815 939 1815 938 1815 924 1816 926 1816 938 1816 936 1817 935 1817 941 1817 935 1818 934 1818 942 1818 971 1819 942 1819 934 1819 936 1820 943 1820 940 1820 934 1821 937 1821 971 1821 942 1822 941 1822 935 1822 941 1823 943 1823 936 1823 946 1824 944 1824 939 1824 939 1825 940 1825 946 1825 945 1826 946 1826 947 1826 947 1827 948 1827 945 1827 945 1828 944 1828 946 1828 949 1829 945 1829 948 1829 948 1830 950 1830 949 1830 952 1831 953 1831 949 1831 949 1832 953 1832 954 1832 944 1833 945 1833 949 1833 958 1834 953 1834 959 1834 952 1835 959 1835 953 1835 956 1836 957 1836 914 1836 949 1837 950 1837 952 1837 875 1838 877 1838 880 1838 877 1839 875 1839 876 1839 887 1840 888 1840 880 1840 889 1841 955 1841 880 1841 955 1842 892 1842 893 1842 893 1843 895 1843 899 1843 895 1844 893 1844 894 1844 912 1845 957 1845 899 1845 956 1846 914 1846 915 1846 949 1847 954 1847 944 1847 958 1848 959 1848 875 1848 880 1849 955 1849 960 1849 889 1850 892 1850 955 1850 899 1851 900 1851 912 1851 899 1852 957 1852 961 1852 912 1853 914 1853 957 1853 880 1854 958 1854 875 1854 899 1855 955 1855 893 1855 915 1856 917 1856 921 1856 917 1857 915 1857 916 1857 924 1858 962 1858 921 1858 944 1859 954 1859 938 1859 888 1860 889 1860 880 1860 899 1861 961 1861 955 1861 921 1862 922 1862 924 1862 921 1863 962 1863 963 1863 938 1864 939 1864 944 1864 880 1865 960 1865 958 1865 911 1866 912 1866 900 1866 921 1867 956 1867 915 1867 954 1868 962 1868 938 1868 923 1869 924 1869 922 1869 924 1870 938 1870 962 1870 921 1871 963 1871 956 1871 951 1872 952 1872 950 1872 959 1873 952 1873 964 1873 964 1874 965 1874 959 1874 965 1875 873 1875 959 1875 959 1876 873 1876 875 1876 967 1877 964 1877 952 1877 950 1878 948 1878 970 1878 967 1879 951 1879 950 1879 970 1880 967 1880 950 1880 952 1881 951 1881 967 1881 968 1882 965 1882 967 1882 967 1883 965 1883 964 1883 967 1884 969 1884 968 1884 946 1885 940 1885 943 1885 943 1886 947 1886 946 1886 947 1887 943 1887 970 1887 947 1888 970 1888 948 1888 974 1889 971 1889 973 1889 971 1890 972 1890 973 1890 966 1891 873 1891 965 1891 965 1892 975 1892 974 1892 971 1893 974 1893 975 1893 966 1894 965 1894 974 1894 968 1895 975 1895 965 1895 969 1896 976 1896 975 1896 967 1897 976 1897 969 1897 976 1898 967 1898 970 1898 970 1899 943 1899 976 1899 975 1900 968 1900 969 1900 879 1901 866 1901 980 1901 862 1902 966 1902 863 1902 866 1903 867 1903 980 1903 879 1904 859 1904 866 1904 966 1905 867 1905 863 1905 867 1906 966 1906 980 1906 873 1907 966 1907 862 1907 874 1908 868 1908 859 1908 859 1909 879 1909 874 1909 862 1910 869 1910 873 1910 977 1911 979 1911 966 1911 981 1912 978 1912 879 1912 879 1913 980 1913 981 1913 980 1914 966 1914 979 1914 977 1915 966 1915 974 1915 979 1916 981 1916 980 1916 978 1917 982 1917 879 1917 983 1918 905 1918 886 1918 886 1919 882 1919 884 1919 884 1920 983 1920 886 1920 884 1921 984 1921 983 1921 883 1922 985 1922 984 1922 878 1923 985 1923 883 1923 985 1924 982 1924 906 1924 985 1925 878 1925 982 1925 879 1926 982 1926 878 1926 878 1927 874 1927 879 1927 984 1928 884 1928 883 1928 906 1929 982 1929 986 1929 910 1930 906 1930 986 1930 987 1931 973 1931 972 1931 933 1932 988 1932 972 1932 972 1933 988 1933 987 1933 903 1934 906 1934 910 1934 933 1935 972 1935 937 1935 903 1936 910 1936 928 1936 972 1937 971 1937 937 1937 928 1938 901 1938 903 1938 989 1939 990 1939 910 1939 910 1940 990 1940 928 1940 990 1941 989 1941 991 1941 977 1942 954 1942 953 1942 979 1943 953 1943 958 1943 958 1944 960 1944 981 1944 978 1945 960 1945 955 1945 954 1946 974 1946 973 1946 973 1947 962 1947 954 1947 986 1948 955 1948 961 1948 992 1949 963 1949 993 1949 962 1950 987 1950 993 1950 987 1951 962 1951 973 1951 993 1952 963 1952 962 1952 994 1953 956 1953 963 1953 991 1954 957 1954 956 1954 986 1955 961 1955 989 1955 957 1956 991 1956 989 1956 989 1957 961 1957 957 1957 989 1958 910 1958 986 1958 956 1959 994 1959 991 1959 963 1960 992 1960 994 1960 982 1961 978 1961 955 1961 986 1962 982 1962 955 1962 978 1963 981 1963 960 1963 981 1964 979 1964 958 1964 979 1965 977 1965 953 1965 977 1966 974 1966 954 1966 993 1967 987 1967 988 1967 931 1968 998 1968 933 1968 995 1969 996 1969 929 1969 930 1970 996 1970 997 1970 931 1971 930 1971 997 1971 930 1972 929 1972 996 1972 995 1973 929 1973 928 1973 988 1974 933 1974 998 1974 993 1975 999 1975 1000 1975 994 1976 1000 1976 1001 1976 1001 1977 991 1977 994 1977 1000 1978 994 1978 992 1978 1000 1979 992 1979 993 1979 1002 1980 990 1980 991 1980 1002 1981 991 1981 1001 1981 1002 1982 928 1982 990 1982 988 1983 998 1983 1003 1983 999 1984 993 1984 1003 1984 1003 1985 993 1985 988 1985 1005 1986 1002 1986 1001 1986 1004 1987 999 1987 1003 1987 1004 1988 1000 1988 999 1988 1001 1989 1000 1989 1005 1989 1000 1990 1004 1990 1005 1990 1006 1991 1004 1991 1003 1991 1005 1992 1004 1992 1006 1992 1008 1993 1009 1993 1006 1993 1011 1994 1012 1994 997 1994 1011 1995 1009 1995 1012 1995 1003 1996 998 1996 1013 1996 1013 1997 1006 1997 1003 1997 998 1998 931 1998 1014 1998 1014 1999 1013 1999 998 1999 1015 2000 931 2000 1010 2000 931 2001 1015 2001 1014 2001 1002 2002 1016 2002 1019 2002 1002 2003 1007 2003 1016 2003 1017 2004 995 2004 1018 2004 928 2005 1019 2005 995 2005 1019 2006 928 2006 1002 2006 1018 2007 1007 2007 1017 2007 996 2008 1017 2008 1020 2008 996 2009 995 2009 1017 2009 1007 2010 1005 2010 1022 2010 1007 2011 1022 2011 1021 2011 1005 2012 1023 2012 1022 2012 1021 2013 1017 2013 1007 2013 1023 2014 1011 2014 996 2014 1011 2015 1005 2015 1009 2015 1013 2016 1015 2016 1006 2016 931 2017 997 2017 1024 2017 1024 2018 997 2018 1008 2018 1024 2019 1010 2019 931 2019 1010 2020 1006 2020 1015 2020 1011 2021 997 2021 996 2021 1021 2022 1020 2022 1017 2022 1020 2023 1023 2023 996 2023 1018 2024 1016 2024 1007 2024 1006 2025 1009 2025 1005 2025 1002 2026 1005 2026 1007 2026 1031 2027 1030 2027 1015 2027 1013 2028 1027 2028 1031 2028 1013 2029 1026 2029 1027 2029 1014 2030 1026 2030 1013 2030 1014 2031 1025 2031 1026 2031 1015 2032 1025 2032 1014 2032 1015 2033 1030 2033 1025 2033 1015 2034 1013 2034 1031 2034 1031 2035 1028 2035 1006 2035 1006 2036 1028 2036 1008 2036 1006 2037 1030 2037 1031 2037 1010 2038 1030 2038 1006 2038 1010 2039 1029 2039 1030 2039 1024 2040 1029 2040 1010 2040 1024 2041 1008 2041 1028 2041 1009 2042 1034 2042 1012 2042 1009 2043 1033 2043 1034 2043 1008 2044 1033 2044 1009 2044 1008 2045 1032 2045 1033 2045 997 2046 1032 2046 1008 2046 1012 2047 1032 2047 997 2047 1035 2048 1036 2048 1023 2048 1036 2049 1011 2049 1023 2049 1036 2050 1037 2050 1011 2050 1038 2051 1035 2051 1005 2051 1005 2052 1035 2052 1023 2052 1005 2053 1037 2053 1038 2053 1011 2054 1037 2054 1005 2054 1043 2055 1039 2055 1021 2055 1039 2056 1040 2056 1020 2056 1041 2057 1023 2057 1020 2057 1022 2058 1043 2058 1021 2058 1023 2059 1041 2059 1022 2059 1020 2060 1040 2060 1041 2060 1021 2061 1039 2061 1020 2061 1042 2062 1043 2062 995 2062 1016 2063 1044 2063 1019 2063 1019 2064 1044 2064 1042 2064 995 2065 1043 2065 1018 2065 1019 2066 1042 2066 995 2066 1016 2067 1018 2067 1044 2067 1018 2068 1043 2068 1044 2068 1022 2069 1041 2069 1035 2069 1040 2070 1035 2070 1041 2070 1033 2071 1024 2071 1028 2071 1033 2072 1029 2072 1024 2072 1045 2073 1022 2073 1035 2073 1044 2074 1043 2074 1022 2074 1045 2075 1044 2075 1022 2075 1034 2076 1045 2076 1038 2076 1034 2077 1038 2077 1037 2077 1035 2078 1038 2078 1045 2078 1034 2079 1037 2079 1012 2079 1037 2080 1032 2080 1012 2080 1031 2081 1046 2081 1034 2081 1046 2082 1031 2082 1027 2082 1028 2083 1034 2083 1033 2083 1032 2084 1029 2084 1033 2084 1027 2085 769 2085 1046 2085 769 2086 764 2086 1048 2086 1049 2087 783 2087 784 2087 784 2088 1050 2088 1049 2088 764 2089 770 2089 783 2089 783 2090 1051 2090 764 2090 780 2091 1052 2091 1050 2091 1050 2092 781 2092 780 2092 780 2093 795 2093 1053 2093 1054 2094 1053 2094 795 2094 1045 2095 1054 2095 806 2095 1053 2096 1052 2096 780 2096 1044 2097 1045 2097 806 2097 806 2098 807 2098 1044 2098 1042 2099 807 2099 821 2099 821 2100 1043 2100 1042 2100 821 2101 822 2101 1040 2101 1040 2102 1039 2102 821 2102 822 2103 1035 2103 1040 2103 753 2104 1037 2104 1036 2104 1036 2105 822 2105 753 2105 1029 2106 823 2106 1030 2106 823 2107 1026 2107 1025 2107 776 2108 1027 2108 1026 2108 1026 2109 823 2109 776 2109 823 2110 775 2110 776 2110 769 2111 1027 2111 776 2111 1030 2112 823 2112 1025 2112 1029 2113 1032 2113 823 2113 823 2114 1032 2114 753 2114 1032 2115 1037 2115 753 2115 1036 2116 1035 2116 822 2116 1039 2117 1043 2117 821 2117 1042 2118 1044 2118 807 2118 795 2119 806 2119 1054 2119 784 2120 781 2120 1050 2120 1049 2121 1051 2121 783 2121 764 2122 1051 2122 1048 2122 1047 2123 1045 2123 1034 2123 1034 2124 1046 2124 1047 2124 1028 2125 1031 2125 1034 2125 1046 2126 769 2126 1055 2126 1048 2127 1055 2127 769 2127 1048 2128 1051 2128 1056 2128 1047 2129 1046 2129 1057 2129 1055 2130 1057 2130 1046 2130 1049 2131 1050 2131 1058 2131 1052 2132 1053 2132 1059 2132 1054 2133 1045 2133 1060 2133 1045 2134 1047 2134 1061 2134 1049 2135 1056 2135 1051 2135 1052 2136 1058 2136 1050 2136 1054 2137 1059 2137 1053 2137 1061 2138 1060 2138 1045 2138 1057 2139 1062 2139 1047 2139 1062 2140 1061 2140 1047 2140 1058 2141 1052 2141 1063 2141 1049 2142 1058 2142 1064 2142 1056 2143 1049 2143 1065 2143 1048 2144 1056 2144 1066 2144 1067 2145 1055 2145 1048 2145 1057 2146 1055 2146 1067 2146 1062 2147 1057 2147 1068 2147 1061 2148 1062 2148 1069 2148 1060 2149 1061 2149 1070 2149 1054 2150 1060 2150 1071 2150 1059 2151 1054 2151 1072 2151 1052 2152 1059 2152 1073 2152 1073 2153 1063 2153 1052 2153 1072 2154 1073 2154 1059 2154 1071 2155 1072 2155 1054 2155 1070 2156 1071 2156 1060 2156 1069 2157 1070 2157 1061 2157 1068 2158 1069 2158 1062 2158 1067 2159 1068 2159 1057 2159 1066 2160 1067 2160 1048 2160 1065 2161 1066 2161 1056 2161 1064 2162 1065 2162 1049 2162 1063 2163 1064 2163 1058 2163 1073 2164 1067 2164 1066 2164 1066 2165 1065 2165 1073 2165 1065 2166 1064 2166 1073 2166 1064 2167 1063 2167 1073 2167 1072 2168 1071 2168 1073 2168 1071 2169 1070 2169 1073 2169 1070 2170 1069 2170 1073 2170 1069 2171 1068 2171 1073 2171 1068 2172 1067 2172 1073 2172 1074 2173 909 2173 905 2173 1074 2174 905 2174 983 2174 984 2175 906 2175 1075 2175 983 2176 984 2176 1074 2176 1075 2177 1074 2177 984 2177 985 2178 906 2178 984 2178 906 2179 907 2179 1075 2179 798 2180 802 2180 1076 2180 798 2181 1076 2181 797 2181 802 2182 1078 2182 1076 2182 803 2183 795 2183 1077 2183 795 2184 794 2184 1077 2184 1078 2185 802 2185 803 2185 803 2186 1077 2186 1078 2186 908 2187 909 2187 1076 2187 907 2188 908 2188 1078 2188 1078 2189 1077 2189 907 2189 1076 2190 1078 2190 908 2190 1074 2191 1075 2191 796 2191 796 2192 797 2192 1074 2192 794 2193 796 2193 1075 2193 1074 2194 797 2194 1076 2194 1076 2195 909 2195 1074 2195 1077 2196 794 2196 1075 2196 1075 2197 907 2197 1077 2197 943 2198 1080 2198 1079 2198 1081 2199 971 2199 975 2199 1081 2200 975 2200 976 2200 976 2201 943 2201 1079 2201 1080 2202 943 2202 941 2202 1079 2203 1081 2203 976 2203 942 2204 971 2204 1082 2204 971 2205 1081 2205 1082 2205 765 2206 769 2206 1085 2206 769 2207 1083 2207 1085 2207 1083 2208 769 2208 772 2208 768 2209 765 2209 1085 2209 1084 2210 1083 2210 772 2210 767 2211 766 2211 1080 2211 772 2212 771 2212 1084 2212 1080 2213 771 2213 767 2213 1080 2214 1084 2214 771 2214 941 2215 942 2215 1084 2215 1080 2216 941 2216 1084 2216 1083 2217 1084 2217 942 2217 1081 2218 1079 2218 766 2218 1082 2219 1081 2219 1085 2219 768 2220 1085 2220 1081 2220 766 2221 768 2221 1081 2221 766 2222 1079 2222 1080 2222 942 2223 1082 2223 1085 2223 1085 2224 1083 2224 942 2224 1087 2225 1088 2225 1086 2225 1086 2226 1088 2226 1087 2226 1090 2227 1089 2227 1091 2227 1089 2228 1090 2228 1091 2228 1092 2229 1093 2229 1094 2229 1095 2230 1094 2230 1096 2230 1097 2231 1096 2231 1098 2231 1099 2232 1098 2232 1100 2232 1101 2233 1100 2233 1102 2233 1103 2234 1102 2234 1104 2234 1105 2235 1104 2235 1106 2235 1107 2236 1108 2236 1106 2236 1107 2237 1106 2237 1109 2237 1107 2238 1109 2238 1110 2238 1111 2239 1110 2239 1112 2239 1113 2240 1112 2240 1093 2240 1093 2241 1092 2241 1113 2241 1112 2242 1113 2242 1111 2242 1110 2243 1111 2243 1107 2243 1106 2244 1108 2244 1105 2244 1104 2245 1105 2245 1103 2245 1102 2246 1103 2246 1101 2246 1100 2247 1101 2247 1099 2247 1098 2248 1099 2248 1097 2248 1096 2249 1097 2249 1095 2249 1094 2250 1095 2250 1092 2250 1108 2251 1107 2251 1114 2251 1105 2252 1108 2252 1115 2252 1103 2253 1116 2253 1101 2253 1101 2254 1117 2254 1099 2254 1097 2255 1118 2255 1095 2255 1095 2256 1119 2256 1092 2256 1105 2257 1120 2257 1103 2257 1099 2258 1121 2258 1097 2258 1092 2259 1122 2259 1113 2259 1111 2260 1123 2260 1107 2260 1113 2261 1124 2261 1111 2261 1114 2262 1115 2262 1108 2262 1115 2263 1120 2263 1105 2263 1120 2264 1116 2264 1103 2264 1116 2265 1117 2265 1101 2265 1117 2266 1121 2266 1099 2266 1121 2267 1118 2267 1097 2267 1118 2268 1119 2268 1095 2268 1119 2269 1122 2269 1092 2269 1122 2270 1124 2270 1113 2270 1124 2271 1123 2271 1111 2271 1123 2272 1114 2272 1107 2272 1121 2273 1117 2273 1098 2273 1117 2274 1116 2274 1100 2274 1116 2275 1120 2275 1102 2275 1120 2276 1115 2276 1104 2276 1114 2277 1123 2277 1109 2277 1119 2278 1118 2278 1094 2278 1118 2279 1121 2279 1096 2279 1100 2280 1098 2280 1117 2280 1104 2281 1102 2281 1120 2281 1109 2282 1106 2282 1114 2282 1123 2283 1124 2283 1110 2283 1122 2284 1119 2284 1093 2284 1096 2285 1094 2285 1118 2285 1102 2286 1100 2286 1116 2286 1115 2287 1114 2287 1106 2287 1110 2288 1109 2288 1123 2288 1124 2289 1122 2289 1112 2289 1094 2290 1093 2290 1119 2290 1106 2291 1104 2291 1115 2291 1112 2292 1110 2292 1124 2292 1098 2293 1096 2293 1121 2293 1093 2294 1112 2294 1122 2294 1125 23 1126 23 1127 23 1128 23 1129 23 1126 23 1130 23 1131 23 1132 23 1133 2295 1134 2295 1131 2295 1135 23 1136 23 1137 23 1138 2296 1139 2296 1136 2296 1140 2297 1141 2297 1142 2297 1126 2298 1125 2298 1128 2298 1143 2299 1144 2299 1129 2299 1145 23 1146 23 1147 23 1148 2300 1149 2300 1146 2300 1150 23 1151 23 1149 23 1152 23 1153 23 1151 23 1154 23 1155 23 1156 23 1157 23 1158 23 1155 23 1159 23 1132 23 1160 23 1131 23 1130 23 1133 23 1136 23 1135 23 1138 23 1161 23 1162 23 1139 23 1163 23 1164 23 1162 23 1165 23 1166 23 1164 23 1140 23 1167 23 1168 23 1129 23 1128 23 1143 23 1169 2301 1147 2301 1144 2301 1146 23 1145 23 1148 23 1151 23 1150 23 1152 23 1170 23 1156 23 1153 23 1155 23 1154 23 1157 23 1171 23 1172 23 1158 23 1173 23 1174 23 1172 23 1175 2302 1176 2302 1174 2302 1177 2303 1160 2303 1176 2303 1132 2304 1159 2304 1130 2304 1178 2305 1137 2305 1134 2305 1139 2304 1138 2304 1161 2304 1164 23 1163 23 1165 23 1179 23 1168 23 1166 23 1142 2306 1167 2306 1140 2306 1144 23 1143 23 1169 23 1149 2298 1148 2298 1150 2298 1156 23 1170 23 1154 23 1172 23 1171 23 1173 23 1176 23 1175 23 1177 23 1134 23 1133 23 1178 23 1162 23 1161 23 1163 23 1168 23 1179 23 1140 23 1180 2307 1142 2307 1181 2307 1182 2308 1127 2308 1180 2308 1147 23 1169 23 1145 23 1158 23 1157 23 1171 23 1160 23 1177 23 1159 23 1166 23 1165 23 1179 23 1181 2309 1183 2309 1180 2309 1127 23 1182 23 1125 23 1174 23 1173 23 1175 23 1142 2310 1141 2310 1181 2310 1153 23 1152 23 1170 23 1180 23 1183 23 1182 23 1137 23 1178 23 1135 23 1184 2311 1167 2311 1142 2311 1185 2312 1168 2312 1167 2312 1167 2313 1184 2313 1185 2313 1185 2314 1186 2314 1166 2314 1166 2315 1168 2315 1185 2315 1186 2316 1164 2316 1166 2316 1186 2317 1187 2317 1162 2317 1162 2318 1164 2318 1186 2318 1187 2319 1139 2319 1162 2319 1187 2320 1188 2320 1136 2320 1136 2321 1139 2321 1187 2321 1188 2322 1137 2322 1136 2322 1188 2323 1189 2323 1134 2323 1134 2324 1137 2324 1188 2324 1189 2325 1131 2325 1134 2325 1189 2326 1190 2326 1132 2326 1132 2327 1131 2327 1189 2327 1190 2328 1160 2328 1132 2328 1190 2329 1191 2329 1176 2329 1176 2330 1160 2330 1190 2330 1191 2331 1174 2331 1176 2331 1191 2332 1192 2332 1172 2332 1172 2333 1174 2333 1191 2333 1192 2334 1158 2334 1172 2334 1192 2335 1193 2335 1155 2335 1155 2336 1158 2336 1192 2336 1193 2337 1156 2337 1155 2337 1193 2338 1194 2338 1153 2338 1153 2339 1156 2339 1193 2339 1194 2340 1151 2340 1153 2340 1194 2341 1195 2341 1149 2341 1149 2342 1151 2342 1194 2342 1195 2343 1146 2343 1149 2343 1195 2344 1196 2344 1147 2344 1147 2345 1146 2345 1195 2345 1196 2346 1144 2346 1147 2346 1196 2347 1197 2347 1129 2347 1129 2348 1144 2348 1196 2348 1197 2349 1126 2349 1129 2349 1197 2350 1198 2350 1127 2350 1127 2351 1126 2351 1197 2351 1198 2352 1180 2352 1127 2352 1142 2353 1180 2353 1198 2353 1198 2354 1184 2354 1142 2354 1190 2355 1177 2355 1175 2355 1175 2356 1173 2356 1191 2356 1191 2357 1173 2357 1171 2357 1171 2358 1157 2358 1192 2358 1192 2359 1157 2359 1154 2359 1154 2360 1170 2360 1193 2360 1193 2361 1170 2361 1152 2361 1152 2362 1150 2362 1194 2362 1194 2363 1150 2363 1148 2363 1148 2364 1145 2364 1195 2364 1195 2365 1145 2365 1169 2365 1169 2366 1143 2366 1196 2366 1196 2367 1143 2367 1128 2367 1128 2368 1125 2368 1197 2368 1197 2369 1125 2369 1182 2369 1182 2370 1183 2370 1198 2370 1198 2371 1183 2371 1181 2371 1181 2372 1141 2372 1184 2372 1184 2373 1141 2373 1140 2373 1140 2374 1179 2374 1185 2374 1185 2375 1179 2375 1165 2375 1165 2376 1163 2376 1186 2376 1186 2377 1163 2377 1161 2377 1161 2378 1138 2378 1187 2378 1187 2379 1138 2379 1135 2379 1135 2380 1178 2380 1188 2380 1188 2381 1178 2381 1133 2381 1133 2382 1130 2382 1189 2382 1189 2383 1130 2383 1159 2383 1159 2384 1177 2384 1190 2384 1159 2385 1190 2385 1189 2385 1133 2386 1189 2386 1188 2386 1135 2387 1188 2387 1187 2387 1161 2388 1187 2388 1186 2388 1165 2389 1186 2389 1185 2389 1140 2390 1185 2390 1184 2390 1181 2391 1184 2391 1198 2391 1182 2392 1198 2392 1197 2392 1128 2393 1197 2393 1196 2393 1169 2394 1196 2394 1195 2394 1148 2395 1195 2395 1194 2395 1152 2396 1194 2396 1193 2396 1154 2397 1193 2397 1192 2397 1171 2398 1192 2398 1191 2398 1175 2399 1191 2399 1190 2399 1199 2400 1200 2400 1201 2400 1202 2401 1199 2401 1203 2401 1204 2402 1202 2402 1205 2402 1206 2403 1204 2403 1207 2403 1208 2404 1206 2404 1209 2404 1210 2405 1208 2405 1211 2405 1212 2406 1210 2406 1213 2406 1214 2407 1212 2407 1215 2407 1216 2408 1214 2408 1217 2408 1218 2409 1216 2409 1219 2409 1220 2410 1218 2410 1221 2410 1200 2411 1220 2411 1222 2411 1222 2412 1201 2412 1200 2412 1221 2413 1222 2413 1220 2413 1219 2414 1221 2414 1218 2414 1217 2415 1219 2415 1216 2415 1215 2416 1217 2416 1214 2416 1213 2417 1215 2417 1212 2417 1211 2418 1213 2418 1210 2418 1209 2419 1211 2419 1208 2419 1207 2420 1209 2420 1206 2420 1205 2421 1207 2421 1204 2421 1203 2422 1205 2422 1202 2422 1201 2423 1203 2423 1199 2423 1200 23 1223 23 1224 23 1199 23 1225 23 1223 23 1206 23 1226 23 1227 23 1208 23 1228 23 1226 23 1220 23 1224 23 1229 23 1223 2424 1200 2424 1199 2424 1226 23 1206 23 1208 23 1210 23 1230 23 1228 23 1212 23 1231 23 1230 23 1214 23 1232 23 1231 23 1218 23 1229 23 1233 23 1224 23 1220 23 1200 23 1202 23 1234 23 1225 23 1204 2425 1227 2425 1234 2425 1228 23 1208 23 1210 23 1231 2426 1212 2426 1214 2426 1229 23 1218 23 1220 23 1234 2427 1202 2427 1204 2427 1230 2428 1210 2428 1212 2428 1216 2429 1233 2429 1232 2429 1225 2430 1199 2430 1202 2430 1232 2431 1214 2431 1216 2431 1227 2432 1204 2432 1206 2432 1233 2433 1216 2433 1218 2433 1225 2434 1234 2434 1205 2434 1234 2435 1227 2435 1207 2435 1227 2436 1226 2436 1209 2436 1226 2437 1228 2437 1211 2437 1228 2438 1230 2438 1213 2438 1230 2439 1231 2439 1215 2439 1231 2440 1232 2440 1217 2440 1232 2441 1233 2441 1219 2441 1233 2442 1229 2442 1221 2442 1229 2443 1224 2443 1222 2443 1224 2444 1223 2444 1201 2444 1223 2445 1225 2445 1203 2445 1203 2446 1201 2446 1223 2446 1201 2447 1222 2447 1224 2447 1222 2448 1221 2448 1229 2448 1221 2449 1219 2449 1233 2449 1219 2450 1217 2450 1232 2450 1217 2451 1215 2451 1231 2451 1215 2452 1213 2452 1230 2452 1213 2453 1211 2453 1228 2453 1211 2454 1209 2454 1226 2454 1209 2455 1207 2455 1227 2455 1207 2456 1205 2456 1234 2456 1205 2457 1203 2457 1225 2457 1236 2458 1237 2458 1235 2458 1237 2459 1238 2459 1235 2459 1238 2460 1239 2460 1235 2460 1240 2461 1237 2461 1236 2461 1241 2462 1235 2462 1239 2462 1235 2463 1241 2463 1236 2463 1243 2464 1239 2464 1238 2464 1247 2465 1238 2465 1237 2465 1246 2466 1237 2466 1240 2466 1244 2467 1240 2467 1236 2467 1245 2468 1236 2468 1241 2468 1242 2469 1241 2469 1239 2469 1241 2470 1242 2470 1245 2470 1236 2471 1245 2471 1244 2471 1240 2472 1244 2472 1246 2472 1237 2473 1246 2473 1247 2473 1238 2474 1247 2474 1243 2474 1239 2475 1243 2475 1242 2475 1242 2476 1248 2476 1249 2476 1245 2477 1249 2477 1244 2477 1246 2478 1244 2478 1250 2478 1246 2479 1250 2479 1247 2479 1243 2480 1247 2480 1248 2480 1248 2481 1242 2481 1243 2481 1249 2482 1245 2482 1242 2482 1251 2483 1247 2483 1250 2483 1253 2484 1249 2484 1248 2484 1244 2485 1249 2485 1252 2485 1252 2486 1254 2486 1244 2486 1250 2487 1244 2487 1254 2487 1247 2488 1255 2488 1248 2488 1255 2489 1247 2489 1251 2489 1250 2490 1255 2490 1251 2490 1248 2491 1256 2491 1257 2491 1249 2492 1257 2492 1258 2492 1252 2493 1258 2493 1254 2493 1250 2494 1259 2494 1255 2494 1255 2495 1260 2495 1256 2495 1256 2496 1248 2496 1255 2496 1259 2497 1250 2497 1254 2497 1258 2498 1252 2498 1249 2498 1257 2499 1249 2499 1253 2499 1257 2500 1253 2500 1248 2500 1259 2501 1260 2501 1255 2501 1263 2502 1257 2502 1256 2502 1265 2503 1259 2503 1254 2503 1260 2504 1267 2504 1262 2504 1256 2505 1262 2505 1263 2505 1262 2506 1256 2506 1260 2506 1261 2507 1254 2507 1258 2507 1258 2508 1264 2508 1261 2508 1259 2509 1266 2509 1267 2509 1257 2510 1268 2510 1264 2510 1264 2511 1258 2511 1257 2511 1268 2512 1257 2512 1263 2512 1267 2513 1260 2513 1259 2513 1266 2514 1259 2514 1265 2514 1265 2515 1254 2515 1261 2515 1267 2516 1266 2516 1262 2516 1264 2517 1269 2517 1270 2517 1261 2518 1270 2518 1271 2518 1262 2519 1272 2519 1273 2519 1263 2520 1273 2520 1268 2520 1274 2521 1266 2521 1271 2521 1272 2522 1262 2522 1274 2522 1274 2523 1262 2523 1266 2523 1269 2524 1264 2524 1268 2524 1273 2525 1263 2525 1262 2525 1271 2526 1266 2526 1265 2526 1271 2527 1265 2527 1261 2527 1270 2528 1261 2528 1264 2528 1268 2529 1270 2529 1269 2529 1272 2530 1274 2530 1271 2530 1270 2531 1277 2531 1276 2531 1268 2532 1278 2532 1277 2532 1280 2533 1272 2533 1271 2533 1276 2534 1271 2534 1270 2534 1279 2535 1273 2535 1272 2535 1277 2536 1270 2536 1268 2536 1278 2537 1281 2537 1282 2537 1276 2538 1277 2538 1283 2538 1279 2539 1284 2539 1281 2539 1281 2540 1278 2540 1279 2540 1284 2541 1279 2541 1280 2541 1284 2542 1280 2542 1275 2542 1283 2543 1275 2543 1276 2543 1282 2544 1277 2544 1278 2544 1284 2545 1275 2545 1283 2545 1281 2546 1277 2546 1282 2546 1281 2547 1284 2547 1287 2547 1277 2548 1281 2548 1288 2548 1283 2549 1277 2549 1285 2549 1283 2550 1289 2550 1286 2550 1286 2551 1284 2551 1283 2551 1288 2552 1285 2552 1277 2552 1287 2553 1288 2553 1281 2553 1286 2554 1287 2554 1284 2554 1285 2555 1289 2555 1283 2555 1291 2556 1288 2556 1287 2556 1290 2557 1291 2557 1289 2557 1287 2558 1286 2558 1291 2558 1291 2559 1290 2559 1288 2559 1289 2560 1285 2560 1290 2560 1288 2561 1290 2561 1285 2561 1291 2562 1286 2562 1289 2562 1280 2563 1279 2563 1272 2563 1280 2564 1271 2564 1275 2564 1278 2565 1273 2565 1279 2565 1275 2566 1271 2566 1276 2566 1268 2567 1273 2567 1278 2567 1293 2568 1294 2568 1292 2568 1294 2569 1295 2569 1292 2569 1295 2570 1296 2570 1292 2570 1297 2571 1294 2571 1293 2571 1298 2572 1296 2572 1295 2572 1296 2573 1298 2573 1292 2573 1300 2574 1298 2574 1295 2574 1304 2575 1295 2575 1294 2575 1303 2576 1294 2576 1297 2576 1301 2577 1297 2577 1293 2577 1302 2578 1293 2578 1292 2578 1299 2579 1292 2579 1298 2579 1292 2580 1299 2580 1302 2580 1293 2581 1302 2581 1301 2581 1297 2582 1301 2582 1303 2582 1294 2583 1303 2583 1304 2583 1295 2584 1304 2584 1300 2584 1298 2585 1300 2585 1299 2585 1299 2586 1305 2586 1306 2586 1302 2587 1306 2587 1307 2587 1303 2588 1307 2588 1308 2588 1303 2589 1308 2589 1304 2589 1300 2590 1304 2590 1305 2590 1305 2591 1299 2591 1300 2591 1307 2592 1303 2592 1301 2592 1307 2593 1301 2593 1302 2593 1306 2594 1302 2594 1299 2594 1311 2595 1306 2595 1305 2595 1307 2596 1306 2596 1309 2596 1305 2597 1304 2597 1310 2597 1307 2598 1312 2598 1308 2598 1305 2599 1313 2599 1311 2599 1304 2600 1308 2600 1312 2600 1304 2601 1312 2601 1310 2601 1313 2602 1305 2602 1310 2602 1306 2603 1314 2603 1315 2603 1309 2604 1315 2604 1316 2604 1312 2605 1316 2605 1317 2605 1310 2606 1317 2606 1313 2606 1317 2607 1310 2607 1312 2607 1316 2608 1312 2608 1307 2608 1316 2609 1307 2609 1309 2609 1315 2610 1309 2610 1306 2610 1314 2611 1306 2611 1311 2611 1314 2612 1311 2612 1313 2612 1313 2613 1317 2613 1318 2613 1316 2614 1319 2614 1320 2614 1316 2615 1320 2615 1317 2615 1318 2616 1324 2616 1313 2616 1326 2617 1314 2617 1313 2617 1319 2618 1316 2618 1315 2618 1315 2619 1321 2619 1319 2619 1317 2620 1322 2620 1318 2620 1321 2621 1315 2621 1314 2621 1319 2622 1323 2622 1320 2622 1317 2623 1320 2623 1322 2623 1313 2624 1325 2624 1326 2624 1314 2625 1327 2625 1321 2625 1327 2626 1314 2626 1326 2626 1325 2627 1313 2627 1324 2627 1324 2628 1318 2628 1322 2628 1319 2629 1321 2629 1323 2629 1321 2630 1327 2630 1323 2630 1324 2631 1322 2631 1325 2631 1323 2632 1328 2632 1329 2632 1320 2633 1329 2633 1330 2633 1325 2634 1331 2634 1332 2634 1326 2635 1332 2635 1333 2635 1327 2636 1333 2636 1328 2636 1331 2637 1322 2637 1330 2637 1331 2638 1325 2638 1322 2638 1333 2639 1327 2639 1326 2639 1332 2640 1326 2640 1325 2640 1330 2641 1322 2641 1320 2641 1329 2642 1320 2642 1323 2642 1328 2643 1323 2643 1327 2643 1331 2644 1330 2644 1332 2644 1330 2645 1340 2645 1332 2645 1334 2646 1340 2646 1330 2646 1339 2647 1333 2647 1332 2647 1336 2648 1328 2648 1337 2648 1334 2649 1335 2649 1341 2649 1334 2650 1341 2650 1340 2650 1339 2651 1340 2651 1338 2651 1336 2652 1337 2652 1338 2652 1336 2653 1341 2653 1335 2653 1338 2654 1340 2654 1344 2654 1336 2655 1338 2655 1345 2655 1341 2656 1336 2656 1346 2656 1341 2657 1342 2657 1343 2657 1343 2658 1340 2658 1341 2658 1346 2659 1342 2659 1341 2659 1345 2660 1346 2660 1336 2660 1344 2661 1345 2661 1338 2661 1343 2662 1344 2662 1340 2662 1346 2663 1344 2663 1347 2663 1346 2664 1345 2664 1344 2664 1347 2665 1343 2665 1342 2665 1344 2666 1343 2666 1347 2666 1347 2667 1342 2667 1346 2667 1336 2668 1335 2668 1329 2668 1338 2669 1337 2669 1333 2669 1340 2670 1339 2670 1332 2670 1338 2671 1333 2671 1339 2671 1334 2672 1329 2672 1335 2672 1328 2673 1333 2673 1337 2673 1329 2674 1328 2674 1336 2674 1330 2675 1329 2675 1334 2675 1348 2676 1349 2676 1350 2676 1354 2677 1348 2677 1351 2677 1352 2678 1353 2678 1354 2678 1353 2679 1355 2679 1354 2679 1356 2680 1355 2680 1353 2680 1558 2681 1357 2681 1356 2681 1356 2682 1358 2682 1558 2682 1361 2683 1357 2683 1359 2683 1362 2684 1363 2684 1361 2684 1361 2685 1360 2685 1362 2685 1364 2686 1536 2686 1365 2686 1536 2687 1364 2687 1363 2687 1363 2688 1362 2688 1536 2688 1366 2689 1364 2689 1365 2689 1367 2690 1366 2690 1368 2690 1369 2691 1370 2691 1522 2691 1369 2692 1367 2692 1370 2692 1349 2693 1369 2693 1522 2693 1522 2694 1350 2694 1349 2694 1368 2695 1370 2695 1367 2695 1365 2696 1368 2696 1366 2696 1359 2697 1360 2697 1361 2697 1558 2698 1359 2698 1357 2698 1353 2699 1358 2699 1356 2699 1351 2700 1352 2700 1354 2700 1350 2701 1351 2701 1348 2701 1361 2702 78 2702 1375 2702 1422 2703 1375 2703 82 2703 79 2702 78 2702 1361 2702 1375 2704 1422 2704 1361 2704 1376 2702 1377 2702 76 2702 1361 2702 76 2702 79 2702 1376 2705 85 2705 1377 2705 76 2702 1361 2702 1376 2702 1363 2702 150 2702 1378 2702 1363 2706 1379 2706 148 2706 148 2702 150 2702 1363 2702 1379 2707 1380 2707 146 2707 146 2708 148 2708 1379 2708 1381 2709 94 2709 1382 2709 1381 2710 95 2710 94 2710 91 2711 95 2711 1361 2711 95 2712 1381 2712 1361 2712 1383 2713 108 2713 107 2713 1383 2714 1384 2714 109 2714 1356 2702 109 2702 111 2702 107 2715 1384 2715 1383 2715 109 2716 1356 2716 1383 2716 1371 2717 38 2717 37 2717 1385 2718 1354 2718 1386 2718 37 2719 1354 2719 1371 2719 1385 2720 40 2720 42 2720 37 2702 1386 2702 1354 2702 1386 2721 40 2721 1385 2721 1355 2722 1387 2722 1371 2722 1366 2723 1390 2723 1408 2723 1355 2724 1356 2724 1391 2724 1355 2725 1391 2725 1393 2725 1356 2726 1392 2726 1391 2726 1395 2727 1372 2727 1394 2727 1389 2728 1396 2728 54 2728 133 2729 54 2729 1396 2729 1389 2730 52 2730 1397 2730 54 2731 52 2731 1389 2731 133 2732 1396 2732 1398 2732 1399 2733 1400 2733 1401 2733 1398 2734 1403 2734 1402 2734 1400 2735 1369 2735 1401 2735 1369 2736 1402 2736 1401 2736 1402 2737 1369 2737 1398 2737 1401 2738 1403 2738 1399 2738 1403 2739 1398 2739 1399 2739 1400 2740 1390 2740 1404 2740 64 2741 65 2741 1390 2741 1400 2742 59 2742 61 2742 65 2743 1404 2743 1390 2743 1404 2744 59 2744 1400 2744 1405 2745 1406 2745 1390 2745 1406 2746 1405 2746 1407 2746 1407 2747 1366 2747 1408 2747 1408 2748 1406 2748 1407 2748 1366 2749 1409 2749 1374 2749 1407 2750 1410 2750 1411 2750 1410 2751 1374 2751 1411 2751 1407 2752 1411 2752 1409 2752 1410 2753 1413 2753 1416 2753 1413 2754 1410 2754 1412 2754 1412 2755 1414 2755 1413 2755 1416 2756 1374 2756 1410 2756 138 2757 1374 2757 1414 2757 1415 2758 141 2758 142 2758 1374 2759 1416 2759 1414 2759 1412 2760 1417 2760 72 2760 142 2761 1412 2761 1415 2761 142 2762 1417 2762 1412 2762 72 2763 1414 2763 1412 2763 1418 2764 1415 2764 1412 2764 1418 2765 1412 2765 1419 2765 1379 2766 1418 2766 1419 2766 1415 2767 1379 2767 1363 2767 1420 2768 1373 2768 89 2768 89 2769 90 2769 1420 2769 1420 2770 90 2770 1380 2770 1378 2771 88 2771 1373 2771 88 2772 89 2772 1373 2772 1376 2773 1361 2773 1373 2773 1420 2774 1421 2774 1388 2774 1373 2775 1421 2775 1376 2775 1388 2776 1373 2776 1420 2776 1421 2777 1420 2777 1376 2777 1376 2778 1422 2778 85 2778 1422 2779 84 2779 85 2779 1423 2780 1426 2780 1422 2780 1426 2781 1361 2781 1422 2781 1423 2782 1425 2782 1424 2782 91 2783 1361 2783 1424 2783 1361 2784 1426 2784 1424 2784 1424 2785 1425 2785 99 2785 99 2786 100 2786 1424 2786 97 2787 99 2787 1425 2787 100 2788 1427 2788 1424 2788 1382 2789 97 2789 1425 2789 1381 2790 1382 2790 1425 2790 1356 2791 1381 2791 1383 2791 1383 2792 1428 2792 1429 2792 1356 2793 1430 2793 1434 2793 1430 2794 1356 2794 111 2794 108 2795 1383 2795 1429 2795 111 2796 112 2796 1430 2796 1429 2797 103 2797 108 2797 1429 2798 1430 2798 1431 2798 1431 2799 103 2799 1429 2799 112 2800 1431 2800 1430 2800 1429 2801 1432 2801 1433 2801 1433 2802 1430 2802 1429 2802 1392 2803 1434 2803 1433 2803 1392 2804 1356 2804 1434 2804 1433 2805 1432 2805 1392 2805 1432 2806 1435 2806 1393 2806 1393 2807 1436 2807 1387 2807 1393 2808 1435 2808 1436 2808 1435 2809 1437 2809 1436 2809 1437 2810 1371 2810 1436 2810 1387 2811 1355 2811 1393 2811 1371 2812 34 2812 38 2812 1371 2813 1437 2813 1438 2813 43 2814 1438 2814 1437 2814 1385 2815 42 2815 43 2815 1438 2816 34 2816 1371 2816 43 2817 1437 2817 1385 2817 1439 2818 1354 2818 1440 2818 1385 2819 1437 2819 1441 2819 1442 2820 1439 2820 1440 2820 1354 2821 1385 2821 1440 2821 1442 2822 1440 2822 1441 2822 1441 2823 1437 2823 1442 2823 1442 2824 48 2824 1439 2824 1444 2825 1349 2825 1443 2825 1443 2826 124 2826 1444 2826 1442 2827 47 2827 48 2827 1444 2828 124 2828 47 2828 1349 2829 1444 2829 1447 2829 47 2830 1442 2830 1444 2830 1446 2831 1442 2831 1445 2831 1442 2832 1446 2832 1444 2832 1447 2833 1446 2833 1445 2833 1445 2834 1349 2834 1447 2834 1349 2835 1445 2835 1448 2835 1372 2836 1349 2836 25 2836 1445 2702 31 2702 1448 2702 1372 2837 1449 2837 28 2837 25 2838 24 2838 1372 2838 1448 2702 33 2702 1349 2702 1394 2839 30 2839 31 2839 24 2840 1449 2840 1372 2840 31 2841 1445 2841 1394 2841 1394 2842 28 2842 30 2842 33 2843 25 2843 1349 2843 28 2844 1394 2844 1372 2844 1348 2702 120 2702 1443 2702 1443 2702 1349 2702 1348 2702 1348 2702 1354 2702 121 2702 121 2702 120 2702 1348 2702 122 2702 1354 2702 1439 2702 122 2702 121 2702 1354 2702 1381 2845 1356 2845 1357 2845 1374 2846 138 2846 139 2846 1415 2847 1363 2847 140 2847 1364 2702 139 2702 1450 2702 1364 2848 1366 2848 1374 2848 1363 2702 1450 2702 140 2702 139 2849 1364 2849 1374 2849 1450 2702 1363 2702 1364 2702 1367 2850 1390 2850 1366 2850 1367 2702 1369 2702 1451 2702 1390 2851 1367 2851 63 2851 1369 2702 60 2702 1451 2702 1451 2702 63 2702 1367 2702 1400 2852 61 2852 60 2852 60 2853 1369 2853 1400 2853 1369 2702 127 2702 1398 2702 1369 2702 131 2702 128 2702 1389 2854 1397 2854 131 2854 1369 2702 128 2702 127 2702 131 2855 1369 2855 1389 2855 1369 2856 1349 2856 1372 2856 1372 2857 1389 2857 1369 2857 63 2858 64 2858 1390 2858 140 2859 141 2859 1415 2859 1357 2860 1361 2860 1381 2860 1393 2861 1392 2861 1432 2861 1425 2862 1428 2862 1381 2862 1424 2863 1427 2863 91 2863 1420 2864 1380 2864 1419 2864 1419 2865 1380 2865 1379 2865 1414 2866 72 2866 138 2866 1409 2867 1366 2867 1407 2867 1405 2868 1390 2868 1400 2868 1399 2869 1398 2869 1396 2869 1396 2870 1389 2870 1395 2870 1378 2871 1373 2871 1363 2871 82 2872 84 2872 1422 2872 1361 2873 1363 2873 1373 2873 1371 2874 1354 2874 1355 2874 31 2875 30 2875 1452 2875 1448 2876 31 2876 1452 2876 33 2877 1448 2877 1453 2877 25 2878 33 2878 1453 2878 24 2879 25 2879 1454 2879 1449 2880 24 2880 1454 2880 28 2881 1449 2881 1454 2881 30 2882 28 2882 1452 2882 1454 2883 1452 2883 28 2883 1453 2884 1454 2884 25 2884 1452 2885 1453 2885 1448 2885 48 2886 47 2886 1455 2886 1439 2887 48 2887 1455 2887 122 2888 1439 2888 1539 2888 121 2889 122 2889 1539 2889 120 2890 121 2890 1456 2890 1443 2891 120 2891 1456 2891 124 2892 1443 2892 1456 2892 47 2893 124 2893 1455 2893 1456 2894 1455 2894 124 2894 1539 2895 1456 2895 121 2895 1455 2896 1539 2896 1439 2896 52 2897 54 2897 1457 2897 1397 2898 52 2898 1457 2898 131 2899 1397 2899 1458 2899 128 2900 131 2900 1458 2900 127 2890 128 2890 1459 2890 1398 2901 127 2901 1459 2901 133 2902 1398 2902 1459 2902 54 2903 133 2903 1457 2903 1459 2904 1457 2904 133 2904 1458 2905 1459 2905 128 2905 1457 2906 1458 2906 1397 2906 43 2907 42 2907 1460 2907 1438 2908 43 2908 1460 2908 34 2909 1438 2909 1461 2909 38 2910 34 2910 1461 2910 37 2911 38 2911 1462 2911 1386 2912 37 2912 1462 2912 40 2913 1386 2913 1462 2913 42 2914 40 2914 1462 2914 1462 2915 1460 2915 42 2915 1461 2916 1462 2916 38 2916 1460 2917 1461 2917 1438 2917 60 2918 61 2918 1463 2918 1451 2919 60 2919 1463 2919 63 2920 1451 2920 1464 2920 64 2921 63 2921 1464 2921 65 2922 64 2922 1465 2922 1404 2923 65 2923 1465 2923 59 2924 1404 2924 1465 2924 61 2893 59 2893 1463 2893 1465 2925 1463 2925 59 2925 1464 2926 1465 2926 64 2926 1463 2927 1464 2927 1451 2927 112 2928 111 2928 1466 2928 1431 2929 112 2929 1466 2929 103 2909 1431 2909 1467 2909 108 2910 103 2910 1467 2910 107 2930 108 2930 1559 2930 1384 2931 107 2931 1559 2931 109 2932 1384 2932 1559 2932 111 2933 109 2933 1466 2933 1559 2934 1466 2934 109 2934 1467 2935 1559 2935 108 2935 1466 2936 1467 2936 1431 2936 139 2937 138 2937 1468 2937 1450 2938 139 2938 1468 2938 140 2920 1450 2920 1469 2920 141 2921 140 2921 1469 2921 142 2939 141 2939 1470 2939 1417 2940 142 2940 1470 2940 72 2892 1417 2892 1470 2892 138 2893 72 2893 1468 2893 1470 2941 1468 2941 72 2941 1469 2926 1470 2926 141 2926 1468 2927 1469 2927 1450 2927 94 2942 95 2942 1471 2942 1382 2943 94 2943 1471 2943 97 2944 1382 2944 1472 2944 99 2945 97 2945 1472 2945 100 2946 99 2946 1473 2946 1427 2947 100 2947 1473 2947 91 2892 1427 2892 1473 2892 95 2948 91 2948 1471 2948 1473 2949 1471 2949 91 2949 1472 2950 1473 2950 99 2950 1471 2951 1472 2951 1382 2951 150 2952 148 2952 1474 2952 1378 2953 150 2953 1474 2953 88 2954 1378 2954 1475 2954 89 2955 88 2955 1475 2955 90 2946 89 2946 1476 2946 1380 2956 90 2956 1476 2956 146 2957 1380 2957 1476 2957 148 2948 146 2948 1474 2948 1476 2958 1474 2958 146 2958 1475 2959 1476 2959 89 2959 1474 2960 1475 2960 1378 2960 78 2875 79 2875 1477 2875 1375 2876 78 2876 1477 2876 82 2877 1375 2877 1478 2877 84 2878 82 2878 1478 2878 85 2879 84 2879 1479 2879 1377 2880 85 2880 1479 2880 76 2881 1377 2881 1479 2881 79 2882 76 2882 1477 2882 1479 2883 1477 2883 76 2883 1478 2884 1479 2884 84 2884 1477 2885 1478 2885 1375 2885 1480 2961 1481 2961 1445 2961 1481 2962 1394 2962 1445 2962 1482 2963 1480 2963 1442 2963 1442 2964 1437 2964 1482 2964 1483 2965 1437 2965 1435 2965 1437 2966 1483 2966 1482 2966 1484 2967 1483 2967 1435 2967 1484 2968 1432 2968 1429 2968 1429 2969 1485 2969 1484 2969 1485 2970 1428 2970 1425 2970 1425 2971 1486 2971 1485 2971 1485 2972 1429 2972 1428 2972 1487 2973 1486 2973 1423 2973 1423 2974 1422 2974 1487 2974 1487 2975 1376 2975 1420 2975 1420 2976 1488 2976 1487 2976 1487 2977 1422 2977 1376 2977 1489 2978 1419 2978 1412 2978 1489 2979 1488 2979 1419 2979 1488 2980 1420 2980 1419 2980 1490 2981 1489 2981 1412 2981 1491 2982 1490 2982 1410 2982 1410 2983 1407 2983 1491 2983 1492 2984 1491 2984 1405 2984 1405 2985 1400 2985 1492 2985 1491 2986 1407 2986 1405 2986 1493 2987 1399 2987 1396 2987 1399 2988 1493 2988 1492 2988 1493 2989 1395 2989 1394 2989 1394 2990 1481 2990 1493 2990 1396 2991 1395 2991 1493 2991 1400 2992 1399 2992 1492 2992 1412 2993 1410 2993 1490 2993 1425 2994 1423 2994 1486 2994 1435 2995 1432 2995 1484 2995 1445 2996 1442 2996 1480 2996 1494 2997 1495 2997 1488 2997 1495 2702 1496 2702 1487 2702 1497 2702 1490 2702 1491 2702 1487 2998 1488 2998 1495 2998 1498 2702 1486 2702 1487 2702 1499 2702 1491 2702 1492 2702 1491 2999 1499 2999 1497 2999 1487 2702 1496 2702 1498 2702 1500 2702 1485 2702 1486 2702 1501 2702 1502 2702 1483 2702 1503 2702 1493 2702 1481 2702 1504 2702 1492 2702 1493 2702 1497 2702 1505 2702 1490 2702 1505 2702 1494 2702 1489 2702 1486 2702 1498 2702 1500 2702 1506 2702 1484 2702 1485 2702 1484 3000 1506 3000 1501 3000 1502 2702 1507 2702 1482 2702 1493 2702 1503 2702 1504 2702 1489 2702 1490 2702 1505 2702 1485 2702 1500 2702 1506 2702 1482 2702 1483 2702 1502 2702 1492 2702 1504 2702 1499 2702 1483 2702 1484 2702 1501 2702 1507 3001 1508 3001 1480 3001 1508 2702 1509 2702 1481 2702 1488 3002 1489 3002 1494 3002 1481 3003 1480 3003 1508 3003 1480 3004 1482 3004 1507 3004 1481 2702 1509 2702 1503 2702 1510 3005 1374 3005 1409 3005 1510 3006 1511 3006 1374 3006 1511 3007 1411 3007 1374 3007 1411 3008 1511 3008 1512 3008 1512 3009 1409 3009 1411 3009 1409 3010 1512 3010 1510 3010 1513 3011 1514 3011 1392 3011 1514 3012 1391 3012 1392 3012 1391 3013 1514 3013 1515 3013 1515 3014 1393 3014 1391 3014 1392 3015 1393 3015 1513 3015 1393 3016 1515 3016 1513 3016 1516 3017 1517 3017 1406 3017 1517 3018 1518 3018 1390 3018 1518 3019 1516 3019 1408 3019 1408 3020 1390 3020 1518 3020 1390 3021 1406 3021 1517 3021 1406 3022 1408 3022 1516 3022 1519 3023 1520 3023 1401 3023 1520 3024 1521 3024 1403 3024 1521 3025 1522 3025 1402 3025 1522 3026 1519 3026 1401 3026 1401 3027 1402 3027 1522 3027 1402 3028 1403 3028 1521 3028 1403 3029 1401 3029 1520 3029 1523 3030 1524 3030 1389 3030 1524 3031 1525 3031 1395 3031 1525 3032 1526 3032 1372 3032 1526 3033 1523 3033 1389 3033 1389 3034 1372 3034 1526 3034 1372 3035 1395 3035 1525 3035 1395 3036 1389 3036 1524 3036 1527 3037 1511 3037 1413 3037 1511 3038 1528 3038 1416 3038 1528 3039 1529 3039 1414 3039 1529 3040 1527 3040 1414 3040 1414 3041 1416 3041 1528 3041 1416 3042 1413 3042 1511 3042 1413 3043 1414 3043 1527 3043 1530 3044 1531 3044 1447 3044 1531 3045 1532 3045 1446 3045 1532 3046 1533 3046 1444 3046 1533 3047 1530 3047 1444 3047 1444 3048 1446 3048 1532 3048 1446 3049 1447 3049 1531 3049 1447 3050 1444 3050 1530 3050 1534 3051 1535 3051 1418 3051 1535 3052 1536 3052 1415 3052 1536 3053 1537 3053 1379 3053 1537 3054 1534 3054 1379 3054 1379 3055 1415 3055 1536 3055 1415 3056 1418 3056 1535 3056 1418 3057 1379 3057 1534 3057 1538 3058 1539 3058 1440 3058 1539 3059 1540 3059 1440 3059 1540 3060 1541 3060 1441 3060 1541 3061 1538 3061 1385 3061 1385 3062 1441 3062 1541 3062 1441 3063 1440 3063 1540 3063 1440 3064 1385 3064 1538 3064 1542 3065 1475 3065 1388 3065 1475 3066 1543 3066 1373 3066 1543 3067 1544 3067 1421 3067 1544 3068 1542 3068 1421 3068 1421 3069 1373 3069 1543 3069 1373 3070 1388 3070 1475 3070 1388 3071 1421 3071 1542 3071 1545 3072 1546 3072 1371 3072 1546 3073 1547 3073 1436 3073 1547 3074 1548 3074 1436 3074 1548 3075 1545 3075 1387 3075 1387 3076 1436 3076 1548 3076 1436 3077 1371 3077 1546 3077 1371 3078 1387 3078 1545 3078 1549 3079 1550 3079 1426 3079 1550 3080 1551 3080 1424 3080 1551 3081 1552 3081 1424 3081 1552 3082 1549 3082 1423 3082 1423 3083 1424 3083 1552 3083 1424 3084 1426 3084 1550 3084 1426 3085 1423 3085 1549 3085 1556 3086 1553 3086 1430 3086 1553 3087 1554 3087 1430 3087 1554 3088 1514 3088 1434 3088 1514 3089 1555 3089 1434 3089 1555 3090 1556 3090 1433 3090 1430 3091 1433 3091 1556 3091 1433 3092 1434 3092 1555 3092 1434 3093 1430 3093 1554 3093 1557 3094 1558 3094 1381 3094 1558 3095 1559 3095 1383 3095 1559 3096 1560 3096 1428 3096 1560 3097 1557 3097 1381 3097 1381 3098 1428 3098 1560 3098 1428 3099 1383 3099 1559 3099 1383 3100 1381 3100 1558 3100 1514 3101 1545 3101 1515 3101 1545 3102 1562 3102 1515 3102 1513 3103 1562 3103 1555 3103 1513 3104 1515 3104 1562 3104 1514 3105 1513 3105 1555 3105 1353 3106 1545 3106 1514 3106 1453 3107 1531 3107 1530 3107 1526 3108 1564 3108 1452 3108 1452 3109 1564 3109 1531 3109 1530 3110 1454 3110 1453 3110 1452 3111 1454 3111 1526 3111 1453 3112 1452 3112 1531 3112 1526 3113 1530 3113 1350 3113 1536 3114 1474 3114 1537 3114 1535 3115 1566 3115 1470 3115 1474 3116 1566 3116 1534 3116 1535 3117 1534 3117 1566 3117 1470 3118 1536 3118 1535 3118 1534 3119 1537 3119 1474 3119 1568 3120 1470 3120 1566 3120 1476 3121 1566 3121 1474 3121 1476 3122 1475 3122 1566 3122 1468 3123 1470 3123 1568 3123 1553 3124 1467 3124 1466 3124 1563 3125 1559 3125 1467 3125 1467 3126 1553 3126 1563 3126 1522 3127 1459 3127 1458 3127 1523 3128 1522 3128 1458 3128 1457 3129 1565 3129 1523 3129 1459 3130 1565 3130 1457 3130 1458 3131 1457 3131 1523 3131 1559 3132 1563 3132 1560 3132 1557 3133 1563 3133 1472 3133 1557 3134 1560 3134 1563 3134 1558 3135 1557 3135 1472 3135 1554 3136 1466 3136 1353 3136 1514 3137 1554 3137 1353 3137 1554 3138 1553 3138 1466 3138 1563 3139 1553 3139 1556 3139 1552 3140 1551 3140 1473 3140 1471 3141 1473 3141 1551 3141 1572 3142 1473 3142 1472 3142 1551 3143 1550 3143 1471 3143 1550 3144 1360 3144 1471 3144 1473 3145 1572 3145 1552 3145 1545 3146 1353 3146 1462 3146 1546 3147 1462 3147 1461 3147 1561 3148 1461 3148 1460 3148 1546 3149 1545 3149 1462 3149 1461 3150 1561 3150 1546 3150 1545 3151 1548 3151 1562 3151 1561 3152 1547 3152 1546 3152 1543 3153 1362 3153 1360 3153 1543 3154 1475 3154 1362 3154 1538 3155 1456 3155 1539 3155 1460 3156 1462 3156 1541 3156 1541 3157 1570 3157 1460 3157 1539 3158 1570 3158 1540 3158 1570 3159 1541 3159 1540 3159 1456 3160 1350 3160 1530 3160 1456 3161 1530 3161 1533 3161 1455 3162 1456 3162 1533 3162 1533 3163 1532 3163 1455 3163 1368 3164 1468 3164 1529 3164 1529 3165 1528 3165 1368 3165 1524 3166 1523 3166 1565 3166 1350 3167 1522 3167 1523 3167 1523 3168 1526 3168 1350 3168 1564 3169 1526 3169 1525 3169 1463 3170 1565 3170 1520 3170 1370 3171 1463 3171 1519 3171 1519 3172 1522 3172 1370 3172 1520 3173 1519 3173 1463 3173 1459 3174 1522 3174 1521 3174 1565 3175 1521 3175 1520 3175 1521 3176 1565 3176 1459 3176 1518 3177 1517 3177 1465 3177 1464 3178 1368 3178 1518 3178 1517 3179 1567 3179 1463 3179 1516 3180 1518 3180 1368 3180 1463 3181 1465 3181 1517 3181 1543 3182 1573 3182 1544 3182 1573 3183 1566 3183 1542 3183 1542 3184 1566 3184 1475 3184 1542 3185 1544 3185 1573 3185 1468 3186 1568 3186 1527 3186 1568 3187 1569 3187 1527 3187 1569 3188 1511 3188 1527 3188 1512 3189 1511 3189 1569 3189 1512 3190 1569 3190 1516 3190 1510 3191 1516 3191 1511 3191 1510 3192 1512 3192 1516 3192 1569 3193 1567 3193 1517 3193 1569 3194 1517 3194 1516 3194 1565 3195 1564 3195 1524 3195 1525 3196 1524 3196 1564 3196 1570 3197 1532 3197 1531 3197 1531 3198 1564 3198 1570 3198 1570 3199 1455 3199 1532 3199 1561 3200 1562 3200 1547 3200 1562 3201 1548 3201 1547 3201 1571 3202 1556 3202 1555 3202 1555 3203 1562 3203 1571 3203 1571 3204 1563 3204 1556 3204 1572 3205 1573 3205 1552 3205 1573 3206 1549 3206 1552 3206 1549 3207 1573 3207 1550 3207 1550 3208 1478 3208 1477 3208 1573 3209 1479 3209 1478 3209 1543 3210 1477 3210 1479 3210 1478 3211 1550 3211 1573 3211 1479 3212 1573 3212 1543 3212 1477 3213 1543 3213 1550 3213 1370 3214 1464 3214 1463 3214 1368 3215 1464 3215 1370 3215 1365 3216 1468 3216 1368 3216 1365 3217 1536 3217 1469 3217 1469 3218 1468 3218 1365 3218 1536 3219 1470 3219 1469 3219 1474 3220 1536 3220 1362 3220 1558 3221 1472 3221 1471 3221 1471 3222 1359 3222 1558 3222 1359 3223 1471 3223 1360 3223 1559 3224 1558 3224 1358 3224 1352 3225 1462 3225 1353 3225 1456 3226 1538 3226 1351 3226 1350 3227 1456 3227 1351 3227 1351 3228 1538 3228 1352 3228 1352 3229 1538 3229 1462 3229 1353 3230 1466 3230 1358 3230 1358 3231 1466 3231 1559 3231 1527 3232 1529 3232 1468 3232 1518 3233 1465 3233 1464 3233 1528 3234 1511 3234 1368 3234 1538 3235 1541 3235 1462 3235 1475 3236 1474 3236 1362 3236 1368 3237 1511 3237 1516 3237 1463 3238 1567 3238 1565 3238 1550 3239 1543 3239 1360 3239 1454 3240 1530 3240 1526 3240 1563 3241 1572 3241 1472 3241 1570 3242 1539 3242 1455 3242 1561 3243 1460 3243 1570 3243 1574 3244 1564 3244 1565 3244 1565 3245 1575 3245 1576 3245 1577 3246 1575 3246 1567 3246 1565 3247 1567 3247 1575 3247 1577 3248 1567 3248 1569 3248 1578 3249 1579 3249 1569 3249 1580 3250 1578 3250 1568 3250 1580 3251 1568 3251 1566 3251 1566 3252 1581 3252 1580 3252 1566 3253 1582 3253 1581 3253 1583 3254 1582 3254 1573 3254 1582 3255 1566 3255 1573 3255 1583 3256 1573 3256 1572 3256 1584 3257 1585 3257 1563 3257 1572 3258 1563 3258 1585 3258 1584 3259 1563 3259 1571 3259 1571 3260 1586 3260 1584 3260 1586 3261 1571 3261 1562 3261 1562 3262 1587 3262 1586 3262 1587 3263 1562 3263 1561 3263 1561 3264 1588 3264 1589 3264 1590 3265 1588 3265 1570 3265 1588 3266 1561 3266 1570 3266 1590 3267 1570 3267 1564 3267 1564 3268 1574 3268 1590 3268 1561 3269 1589 3269 1587 3269 1572 3270 1585 3270 1583 3270 1569 3271 1568 3271 1578 3271 1569 3272 1579 3272 1577 3272 1565 3273 1576 3273 1574 3273 1591 3274 1590 3274 1574 3274 1591 3275 1574 3275 1592 3275 1595 3276 1588 3276 1590 3276 1653 3277 1589 3277 1594 3277 1594 3278 1593 3278 1653 3278 1589 3279 1595 3279 1594 3279 1595 3280 1589 3280 1588 3280 1587 3281 1589 3281 1596 3281 1596 3282 1589 3282 1653 3282 1587 3283 1597 3283 1600 3283 1599 3284 1584 3284 1600 3284 1600 3285 1598 3285 1599 3285 1600 3286 1584 3286 1586 3286 1585 3287 1584 3287 1601 3287 1601 3288 1584 3288 1599 3288 1585 3289 1602 3289 1605 3289 1605 3290 1583 3290 1585 3290 1693 3291 1603 3291 1605 3291 1605 3292 1604 3292 1693 3292 1603 3293 1583 3293 1605 3293 1581 3294 1582 3294 1603 3294 1606 3295 1580 3295 1607 3295 1581 3296 1608 3296 1607 3296 1607 3297 1580 3297 1581 3297 1578 3298 1580 3298 1609 3298 1606 3299 1610 3299 1609 3299 1609 3300 1580 3300 1606 3300 1610 3301 1606 3301 1642 3301 1579 3302 1578 3302 1609 3302 1611 3303 1577 3303 1612 3303 1579 3304 1613 3304 1612 3304 1612 3305 1577 3305 1579 3305 1575 3306 1577 3306 1614 3306 1611 3307 1615 3307 1614 3307 1614 3308 1577 3308 1611 3308 1616 3309 1576 3309 1575 3309 1592 3310 1574 3310 1618 3310 1618 3311 1617 3311 1592 3311 1574 3312 1576 3312 1618 3312 1576 3313 1616 3313 1618 3313 1575 3314 1614 3314 1616 3314 1609 3315 1613 3315 1579 3315 1603 3316 1608 3316 1581 3316 1582 3317 1583 3317 1603 3317 1601 3318 1602 3318 1585 3318 1600 3319 1586 3319 1587 3319 1596 3320 1597 3320 1587 3320 1590 3321 1619 3321 1595 3321 1591 3322 1619 3322 1590 3322 1639 3323 1611 3323 1612 3323 1612 3324 1620 3324 1639 3324 1621 3325 1609 3325 1610 3325 1610 3326 1641 3326 1621 3326 1620 3327 1612 3327 1613 3327 1609 3328 1621 3328 1622 3328 1622 3329 1613 3329 1609 3329 1613 3330 1622 3330 1620 3330 1643 3331 1617 3331 1618 3331 1618 3332 1625 3332 1643 3332 1623 3333 1614 3333 1615 3333 1615 3334 1645 3334 1623 3334 1614 3335 1623 3335 1624 3335 1624 3336 1616 3336 1614 3336 1625 3337 1618 3337 1616 3337 1616 3338 1624 3338 1625 3338 1647 3339 1593 3339 1594 3339 1594 3340 1628 3340 1647 3340 1591 3341 1592 3341 1649 3341 1649 3342 1627 3342 1591 3342 1595 3343 1619 3343 1626 3343 1626 3344 1628 3344 1595 3344 1627 3345 1626 3345 1619 3345 1619 3346 1591 3346 1627 3346 1594 3347 1595 3347 1628 3347 1600 3348 1629 3348 1651 3348 1651 3349 1598 3349 1600 3349 1631 3350 1596 3350 1653 3350 1653 3351 1652 3351 1631 3351 1600 3352 1597 3352 1630 3352 1631 3353 1630 3353 1597 3353 1597 3354 1596 3354 1631 3354 1630 3355 1629 3355 1600 3355 1655 3356 1604 3356 1605 3356 1605 3357 1634 3357 1655 3357 1632 3358 1601 3358 1599 3358 1599 3359 1657 3359 1632 3359 1632 3360 1633 3360 1602 3360 1605 3361 1602 3361 1633 3361 1602 3362 1601 3362 1632 3362 1633 3363 1634 3363 1605 3363 1635 3364 1606 3364 1607 3364 1607 3365 1638 3365 1635 3365 1693 3366 1661 3366 1637 3366 1637 3367 1603 3367 1693 3367 1638 3368 1607 3368 1608 3368 1608 3369 1636 3369 1638 3369 1603 3370 1637 3370 1636 3370 1636 3371 1608 3371 1603 3371 1640 3372 1611 3372 1639 3372 1641 3373 1610 3373 1642 3373 1644 3374 1617 3374 1643 3374 1645 3375 1615 3375 1646 3375 1648 3376 1593 3376 1647 3376 1649 3377 1592 3377 1650 3377 1688 3378 1598 3378 1651 3378 1652 3379 1653 3379 1654 3379 1656 3380 1604 3380 1655 3380 1657 3381 1599 3381 1658 3381 1660 3382 1606 3382 1659 3382 1606 3383 1635 3383 1659 3383 1661 3384 1693 3384 1662 3384 1633 3385 1632 3385 1500 3385 1663 3386 1664 3386 1657 3386 1498 3387 1496 3387 1634 3387 1496 3388 1665 3388 1655 3388 1655 3389 1634 3389 1496 3389 1663 3390 1666 3390 1655 3390 1655 3391 1665 3391 1663 3391 1628 3392 1626 3392 1508 3392 1667 3393 1668 3393 1649 3393 1509 3394 1627 3394 1649 3394 1649 3395 1668 3395 1509 3395 1508 3396 1626 3396 1627 3396 1627 3397 1509 3397 1508 3397 1669 3398 1667 3398 1670 3398 1497 3399 1622 3399 1621 3399 1621 3400 1505 3400 1497 3400 1671 3401 1672 3401 1641 3401 1671 3402 1674 3402 1639 3402 1639 3403 1673 3403 1671 3403 1497 3404 1499 3404 1620 3404 1624 3405 1623 3405 1504 3405 1675 3406 1673 3406 1645 3406 1673 3407 1639 3407 1645 3407 1645 3408 1639 3408 1620 3408 1620 3409 1623 3409 1645 3409 1623 3410 1620 3410 1499 3410 1623 3411 1499 3411 1504 3411 1676 3412 1675 3412 1645 3412 1503 3413 1509 3413 1625 3413 1509 3414 1668 3414 1643 3414 1643 3415 1625 3415 1509 3415 1676 3416 1677 3416 1643 3416 1643 3417 1668 3417 1676 3417 1501 3418 1630 3418 1631 3418 1631 3419 1502 3419 1501 3419 1507 3420 1502 3420 1628 3420 1502 3421 1631 3421 1628 3421 1652 3422 1647 3422 1628 3422 1628 3423 1631 3423 1652 3423 1647 3424 1652 3424 1678 3424 1647 3425 1678 3425 1669 3425 1679 3426 1678 3426 1652 3426 1679 3427 1681 3427 1651 3427 1651 3428 1680 3428 1679 3428 1664 3429 1680 3429 1657 3429 1680 3430 1651 3430 1657 3430 1657 3431 1651 3431 1629 3431 1629 3432 1632 3432 1657 3432 1632 3433 1629 3433 1506 3433 1632 3434 1506 3434 1500 3434 1501 3435 1506 3435 1629 3435 1638 3436 1636 3436 1495 3436 1682 3437 1665 3437 1661 3437 1496 3438 1637 3438 1661 3438 1661 3439 1665 3439 1496 3439 1495 3440 1636 3440 1637 3440 1637 3441 1496 3441 1495 3441 1683 3442 1682 3442 1684 3442 1494 3443 1505 3443 1638 3443 1505 3444 1621 3444 1638 3444 1641 3445 1635 3445 1638 3445 1638 3446 1621 3446 1641 3446 1635 3447 1641 3447 1672 3447 1672 3448 1659 3448 1635 3448 1659 3449 1672 3449 1683 3449 1684 3450 1659 3450 1683 3450 1661 3451 1684 3451 1682 3451 1495 3452 1494 3452 1638 3452 1629 3453 1630 3453 1501 3453 1652 3454 1681 3454 1679 3454 1625 3455 1624 3455 1503 3455 1645 3456 1677 3456 1676 3456 1504 3457 1503 3457 1624 3457 1620 3458 1622 3458 1497 3458 1641 3459 1674 3459 1671 3459 1670 3460 1647 3460 1669 3460 1649 3461 1670 3461 1667 3461 1508 3462 1507 3462 1628 3462 1634 3463 1633 3463 1498 3463 1657 3464 1666 3464 1663 3464 1500 3465 1498 3465 1633 3465 1646 3466 1644 3466 1677 3466 1677 3467 1645 3467 1646 3467 1644 3468 1643 3468 1677 3468 1688 3469 1651 3469 1681 3469 1681 3470 1654 3470 1688 3470 1654 3471 1681 3471 1652 3471 1648 3472 1647 3472 1670 3472 1670 3473 1650 3473 1648 3473 1670 3474 1649 3474 1650 3474 1642 3475 1640 3475 1674 3475 1639 3476 1674 3476 1640 3476 1674 3477 1641 3477 1642 3477 1659 3478 1684 3478 1685 3478 1684 3479 1662 3479 1685 3479 1685 3480 1660 3480 1659 3480 1684 3481 1661 3481 1662 3481 1657 3482 1658 3482 1686 3482 1686 3483 1666 3483 1657 3483 1686 3484 1656 3484 1666 3484 1656 3485 1655 3485 1666 3485 1644 3486 1687 3486 1592 3486 1650 3487 1592 3487 1687 3487 1592 3488 1617 3488 1644 3488 1598 3489 1658 3489 1599 3489 1658 3490 1598 3490 1688 3490 1654 3491 1653 3491 1689 3491 1593 3492 1648 3492 1689 3492 1653 3493 1593 3493 1689 3493 1646 3494 1615 3494 1690 3494 1611 3495 1640 3495 1690 3495 1615 3496 1611 3496 1690 3496 1660 3497 1691 3497 1642 3497 1642 3498 1606 3498 1660 3498 1656 3499 1692 3499 1693 3499 1604 3500 1656 3500 1693 3500 1662 3501 1693 3501 1692 3501 1694 3502 1695 3502 1644 3502 1695 3503 1687 3503 1644 3503 1694 3504 1644 3504 1646 3504 1696 3505 1646 3505 1690 3505 1690 3506 1697 3506 1696 3506 1697 3507 1690 3507 1640 3507 1640 3508 1698 3508 1697 3508 1698 3509 1640 3509 1642 3509 1642 3510 1699 3510 1698 3510 1699 3511 1642 3511 1691 3511 1691 3512 1700 3512 1699 3512 1701 3513 1700 3513 1660 3513 1701 3514 1685 3514 1662 3514 1662 3515 1702 3515 1701 3515 1702 3516 1662 3516 1692 3516 1692 3517 1703 3517 1702 3517 1704 3518 1703 3518 1656 3518 1704 3519 1686 3519 1658 3519 1658 3520 1705 3520 1704 3520 1706 3521 1705 3521 1688 3521 1705 3522 1658 3522 1688 3522 1688 3523 1654 3523 1707 3523 1708 3524 1707 3524 1654 3524 1709 3525 1708 3525 1689 3525 1689 3526 1648 3526 1709 3526 1709 3527 1648 3527 1650 3527 1710 3528 1650 3528 1687 3528 1687 3529 1695 3529 1710 3529 1650 3530 1710 3530 1709 3530 1654 3531 1689 3531 1708 3531 1707 3532 1706 3532 1688 3532 1656 3533 1686 3533 1704 3533 1703 3534 1692 3534 1656 3534 1660 3535 1685 3535 1701 3535 1691 3536 1660 3536 1700 3536 1646 3537 1696 3537 1694 3537 1665 3538 1725 3538 1712 3538 1725 3539 1713 3539 1712 3539 1715 3540 1716 3540 1714 3540 1714 3541 1713 3541 1715 3541 1715 3542 1665 3542 1716 3542 1717 3543 1718 3543 1668 3543 1720 3544 1668 3544 1719 3544 1719 3545 1721 3545 1722 3545 1720 3546 1717 3546 1668 3546 1722 3547 1720 3547 1719 3547 1718 3548 1722 3548 1721 3548 1727 3549 1723 3549 1724 3549 1723 3550 1725 3550 1724 3550 1665 3551 1727 3551 1726 3551 1726 3552 1725 3552 1665 3552 1729 3553 1730 3553 1728 3553 1731 3554 1728 3554 1668 3554 1668 3555 1718 3555 1732 3555 1731 3556 1729 3556 1728 3556 1732 3557 1731 3557 1668 3557 1730 3558 1732 3558 1718 3558 1736 3559 1711 3559 1723 3559 1683 3560 1735 3560 1734 3560 1736 3561 1737 3561 1738 3561 1738 3562 1734 3562 1736 3562 1723 3563 1737 3563 1736 3563 1739 3564 1723 3564 1683 3564 1683 3565 1734 3565 1738 3565 1738 3566 1739 3566 1683 3566 1715 3567 1713 3567 1740 3567 1713 3568 1711 3568 1741 3568 1711 3569 1742 3569 1741 3569 1741 3570 1740 3570 1713 3570 1742 3571 1711 3571 1743 3571 1743 3572 1715 3572 1742 3572 1745 3573 1721 3573 1747 3573 1746 3574 1721 3574 1719 3574 1746 3575 1747 3575 1721 3575 1719 3576 1745 3576 1749 3576 1748 3577 1746 3577 1719 3577 1749 3578 1748 3578 1719 3578 1747 3579 1749 3579 1745 3579 1750 3580 1733 3580 1751 3580 1728 3581 1730 3581 1752 3581 1728 3582 1751 3582 1733 3582 1752 3583 1730 3583 1750 3583 1715 3584 1753 3584 1680 3584 1680 3585 1664 3585 1715 3585 1744 3586 1678 3586 1679 3586 1665 3587 1715 3587 1663 3587 1753 3588 1679 3588 1680 3588 1679 3589 1753 3589 1744 3589 1664 3590 1663 3590 1715 3590 1719 3591 1669 3591 1678 3591 1678 3592 1744 3592 1719 3592 1667 3593 1719 3593 1668 3593 1667 3594 1669 3594 1719 3594 1682 3595 1727 3595 1665 3595 1754 3596 1735 3596 1671 3596 1728 3597 1754 3597 1673 3597 1673 3598 1675 3598 1728 3598 1672 3599 1671 3599 1735 3599 1671 3600 1673 3600 1754 3600 1672 3601 1735 3601 1683 3601 1668 3602 1728 3602 1676 3602 1728 3603 1675 3603 1676 3603 1682 3604 1683 3604 1727 3604 1744 2702 1753 2702 1755 2702 1743 3605 1753 3605 1715 3605 1735 3606 1754 3606 1756 3606 1733 3607 1754 3607 1728 3607 1727 3608 1683 3608 1723 3608 1725 3609 1723 3609 1711 3609 1712 3610 1716 3610 1665 3610 1713 3611 1725 3611 1711 3611 1767 3612 1736 3612 1734 3612 1734 3613 1757 3613 1767 3613 1745 3614 1770 3614 1760 3614 1745 3615 1719 3615 1770 3615 1759 3616 1758 3616 1730 3616 1730 3617 1718 3617 1759 3617 1759 3618 1718 3618 1721 3618 1745 3619 1760 3619 1761 3619 1721 3620 1761 3620 1759 3620 1750 3621 1730 3621 1758 3621 1758 3622 1762 3622 1750 3622 1761 3623 1721 3623 1745 3623 1762 3624 1763 3624 1733 3624 1733 3625 1750 3625 1762 3625 1764 3626 1765 3626 1711 3626 1711 3627 1766 3627 1764 3627 1736 3628 1767 3628 1766 3628 1766 3629 1711 3629 1736 3629 1765 3630 1768 3630 1711 3630 1768 3631 1769 3631 1711 3631 1769 3632 1743 3632 1711 3632 1743 3633 1769 3633 1771 3633 1771 3634 1753 3634 1743 3634 1772 3635 1744 3635 1755 3635 1773 3636 1755 3636 1753 3636 1753 3637 1771 3637 1773 3637 1755 3638 1773 3638 1772 3638 1719 3639 1744 3639 1772 3639 1772 3640 1770 3640 1719 3640 1774 3641 1754 3641 1733 3641 1733 3642 1763 3642 1774 3642 1775 3643 1735 3643 1756 3643 1776 3644 1756 3644 1754 3644 1754 3645 1774 3645 1776 3645 1756 3646 1776 3646 1775 3646 1757 3647 1734 3647 1735 3647 1735 3648 1775 3648 1757 3648 1778 3649 1777 3649 1728 3649 1779 3650 1778 3650 1752 3650 1780 3651 1779 3651 1750 3651 1777 3652 1780 3652 1751 3652 1751 3653 1728 3653 1777 3653 1750 3654 1751 3654 1780 3654 1752 3655 1750 3655 1779 3655 1728 3656 1752 3656 1778 3656 1782 3657 1781 3657 1748 3657 1760 3658 1782 3658 1749 3658 1761 3659 1760 3659 1747 3659 1781 3660 1761 3660 1746 3660 1746 3661 1748 3661 1781 3661 1747 3662 1746 3662 1761 3662 1749 3663 1747 3663 1760 3663 1748 3664 1749 3664 1782 3664 1766 3665 1785 3665 1723 3665 1783 3666 1766 3666 1739 3666 1784 3667 1783 3667 1738 3667 1785 3668 1784 3668 1737 3668 1737 3669 1723 3669 1785 3669 1738 3670 1737 3670 1784 3670 1739 3671 1738 3671 1783 3671 1723 3672 1739 3672 1766 3672 1768 3673 1765 3673 1741 3673 1786 3674 1768 3674 1742 3674 1787 3675 1786 3675 1715 3675 1765 3676 1787 3676 1740 3676 1740 3677 1741 3677 1765 3677 1715 3678 1740 3678 1787 3678 1742 3679 1715 3679 1786 3679 1741 3680 1742 3680 1768 3680 1789 3681 1788 3681 1720 3681 1790 3682 1789 3682 1722 3682 1791 3683 1790 3683 1718 3683 1788 3684 1791 3684 1717 3684 1717 3685 1720 3685 1788 3685 1718 3686 1717 3686 1791 3686 1722 3687 1718 3687 1790 3687 1720 3688 1722 3688 1789 3688 1793 3689 1792 3689 1731 3689 1794 3690 1793 3690 1732 3690 1795 3691 1794 3691 1730 3691 1792 3692 1795 3692 1729 3692 1729 3693 1731 3693 1792 3693 1730 3694 1729 3694 1795 3694 1732 3695 1730 3695 1794 3695 1731 3696 1732 3696 1793 3696 1796 3697 1764 3697 1714 3697 1797 3698 1796 3698 1716 3698 1798 3699 1797 3699 1712 3699 1764 3700 1798 3700 1713 3700 1712 3701 1713 3701 1798 3701 1716 3702 1712 3702 1797 3702 1714 3703 1716 3703 1796 3703 1713 3704 1714 3704 1764 3704 1761 3705 1781 3705 1772 3705 1781 3706 1782 3706 1770 3706 1782 3707 1760 3707 1770 3707 1787 3708 1765 3708 1771 3708 1787 3709 1771 3709 1769 3709 1769 3710 1786 3710 1787 3710 1768 3711 1786 3711 1769 3711 1767 3712 1757 3712 1784 3712 1783 3713 1784 3713 1757 3713 1784 3714 1785 3714 1767 3714 1757 3715 1775 3715 1783 3715 1767 3716 1785 3716 1766 3716 1766 3717 1783 3717 1775 3717 1762 3718 1780 3718 1777 3718 1777 3719 1763 3719 1762 3719 1762 3720 1758 3720 1779 3720 1778 3721 1774 3721 1763 3721 1763 3722 1777 3722 1778 3722 1779 3723 1780 3723 1762 3723 1778 3724 1758 3724 1774 3724 1778 3725 1779 3725 1758 3725 1696 3726 1758 3726 1792 3726 1792 3727 1694 3727 1696 3727 1758 3728 1795 3728 1792 3728 1793 3729 1695 3729 1694 3729 1696 3730 1697 3730 1758 3730 1794 3731 1758 3731 1759 3731 1759 3732 1695 3732 1793 3732 1792 3733 1793 3733 1694 3733 1794 3734 1795 3734 1758 3734 1793 3735 1794 3735 1759 3735 1774 3736 1697 3736 1698 3736 1698 23 1776 23 1774 23 1699 23 1775 23 1776 23 1766 3737 1775 3737 1700 3737 1776 23 1698 23 1699 23 1700 3738 1799 3738 1800 3738 1800 3739 1766 3739 1700 3739 1799 3740 1700 3740 1701 3740 1701 3741 1702 3741 1801 3741 1801 3742 1799 3742 1701 3742 1764 3743 1802 3743 1801 3743 1801 3744 1703 3744 1764 3744 1702 3745 1703 3745 1801 3745 1764 3746 1766 3746 1802 3746 1796 3747 1797 3747 1704 3747 1707 3748 1773 3748 1771 3748 1704 3749 1705 3749 1796 3749 1771 3750 1706 3750 1707 3750 1764 3751 1703 3751 1798 3751 1705 3752 1771 3752 1796 3752 1771 3753 1705 3753 1706 3753 1703 3754 1797 3754 1798 3754 1771 3755 1765 3755 1796 3755 1797 3756 1703 3756 1704 3756 1765 3757 1764 3757 1796 3757 1772 3758 1773 3758 1707 3758 1789 3759 1772 3759 1709 3759 1791 3760 1788 3760 1710 3760 1708 23 1709 23 1772 23 1710 3761 1695 3761 1791 3761 1789 3762 1761 3762 1772 3762 1709 3763 1788 3763 1789 3763 1791 3764 1695 3764 1759 3764 1790 3765 1759 3765 1761 3765 1707 3766 1708 3766 1772 3766 1790 3767 1791 3767 1759 3767 1789 3768 1790 3768 1761 3768 1788 3769 1709 3769 1710 3769 1800 3770 1802 3770 1766 3770 1699 23 1700 23 1775 23 1697 23 1774 23 1758 23 1770 3771 1772 3771 1781 3771 1801 3772 1802 3772 1726 3772 1799 3773 1801 3773 1727 3773 1800 3774 1799 3774 1724 3774 1802 3775 1800 3775 1725 3775 1724 3776 1725 3776 1800 3776 1727 3777 1724 3777 1799 3777 1726 3778 1727 3778 1801 3778 1725 3779 1726 3779 1802 3779</p>
        </triangles>
      </mesh>
    </geometry>
  </library_geometries>
  <library_visual_scenes>
    <visual_scene id="Scene" name="Scene">
      <node id="_81031_00-ASM_Base_-_DynaArm" name="081031 00-ASM Base - DynaArm" type="NODE">
        <matrix sid="transform">0.001 0 0 0 0 0.001 0 0 0 0 0.001 0 0 0 0 1</matrix>
        <instance_geometry url="#_81031_00-ASM_Base_-_DynaArm-mesh" name="081031 00-ASM Base - DynaArm"/>
      </node>
    </visual_scene>
  </library_visual_scenes>
  <scene>
    <instance_visual_scene url="#Scene"/>
  </scene>
</COLLADA>