<?xml version="1.0" encoding="utf-8"?>
<COLLADA xmlns="http://www.collada.org/2005/11/COLLADASchema" version="1.4.1" xmlns:xsi="http://www.w3.org/2001/XMLSchema-instance">
  <asset>
    <contributor>
      <author>Blender User</author>
      <authoring_tool>Blender 2.90.1 commit date:2020-09-23, commit time:06:43, hash:3e85bb34d0d7</authoring_tool>
    </contributor>
    <created>2020-11-18T10:34:32</created>
    <modified>2020-11-18T10:34:32</modified>
    <unit name="meter" meter="1"/>
    <up_axis>Z_UP</up_axis>
  </asset>
  <library_images/>
  <library_geometries>
    <geometry id="Ft_Sensor-mesh" name="Ft Sensor">
      <mesh>
        <source id="Ft_Sensor-mesh-positions">
          <float_array id="Ft_Sensor-mesh-positions-array" count="2646">-0.02062183 3.87601e-4 0.004796147 -0.02311158 -2.32474e-4 0.00402832 -0.02075177 -0.001465439 0.004113078 -0.02160596 0.001604914 0.004044115 -0.02311253 3.55294e-4 5.60121e-5 -0.02183341 -0.001707732 2.9727e-5 -0.0198155 -7.96304e-5 3.67015e-4 -0.02118885 0.001643598 4.60321e-5 -0.01413524 -0.01620292 1.73869e-4 -0.01010781 -0.01719635 1.38135e-4 -0.01021587 -0.02160179 1.03914e-4 -0.01653951 -0.01672399 3.07635e-5 -0.01724463 -0.01006227 1.74029e-4 -0.02121263 -0.01100969 8.84667e-5 -0.01631015 -0.01417058 2.0748e-4 -0.01421129 -0.01398569 3.29309e-4 -0.009380698 -0.02005916 4.09026e-4 -0.007684528 -0.02088046 3.67052e-4 0.01334398 -0.02004927 1.61826e-4 0.004972815 -0.02336001 9.46685e-5 0.008659601 -0.02102828 1.32027e-5 0.01415419 -0.01632273 1.98144e-4 0.01005452 -0.01725399 1.73679e-4 0.0139898 -0.01419639 1.80828e-4 0.01619547 -0.01414704 1.97346e-4 0.01713764 -0.01013928 2.0642e-4 0.01661163 -0.01639878 7.95417e-5 0.02033847 -0.009387135 -1.92572e-6 0.02088123 -0.00769937 3.94314e-4 0.01930493 0.0143907 1.46363e-4 0.02106899 0.007945179 9.08162e-6 0.02314889 0.005910813 1.23298e-4 0.01634615 0.01417857 2.11451e-4 0.0172159 0.01008999 2.63414e-4 0.01419425 0.01398038 2.20279e-4 0.01392638 0.01583182 1.08385e-4 0.01010942 0.01719462 1.37965e-4 0.01148128 0.02096295 5.81468e-5 0.01592391 0.01684498 1.91888e-4 0.009428143 0.02005177 4.0239e-4 -0.001450538 0.02207797 2.05038e-4 0.007509171 0.02083432 3.96636e-4 -0.00497955 0.02353686 1.498e-4 -0.007946372 0.02106904 9.15907e-6 -0.004974603 0.01928824 2.05464e-4 0.006016612 0.0195387 4.00439e-4 -3.82082e-5 0.01992475 3.01765e-4 8.78085e-5 0.02335816 -4.61421e-6 0.001422226 0.02149277 1.97472e-4 -0.01341038 0.01975816 9.39711e-5 -0.009700298 0.01936829 4.7372e-4 -0.01621693 0.01415526 1.94545e-4 -0.01719427 0.0100854 1.70606e-4 -0.01398336 0.01418954 1.84722e-4 -0.02121239 0.01100087 8.61185e-5 -0.01676672 0.01642137 3.26135e-5 -0.01423174 0.01636052 2.38753e-4 -0.009600937 0.01787221 4.16563e-4 -0.02011603 0.009409964 3.88873e-4 -0.02083718 0.007508158 3.67588e-4 -0.01928693 -0.004969835 2.05469e-4 -0.02103 -0.008654832 1.07904e-5 -0.02360522 -0.003813385 1.05745e-4 -0.02355235 0.003915548 9.28094e-5 -0.01954334 0.006014883 4.29236e-4 0.00144124 -0.02154356 1.06591e-4 2.41911e-4 -0.0232653 1.59069e-4 -0.002966225 -0.02376008 1.66943e-4 -0.0013929 -0.02213877 1.03498e-4 -5.06742e-4 -0.02038919 2.49827e-4 -0.00601679 -0.01953697 4.06744e-4 0.004969775 -0.01928782 3.05361e-4 -8.47069e-6 -0.01977729 1.80728e-4 0.01953667 -0.006015062 4.00475e-4 0.02215611 0.001436471 2.1895e-4 0.01991009 4.92779e-5 2.14554e-4 0.01927942 0.004900276 3.56223e-4 0.02355504 -2.3378e-4 -1.17319e-5 0.02168387 -0.01049381 8.74833e-5 0.02146035 -0.001411914 2.03882e-4 -0.02088981 -0.007310986 0.001985967 0.01968932 -0.009561121 0.002054393 0.02107238 0.007946729 0.001965522 -0.00795859 0.02107059 0.001970708 -0.02030402 -0.009430289 0.001997292 0.007311046 -0.02088981 0.001985967 0.009432435 -0.02030211 0.001996517 0.004757046 0.02360403 4.93812e-4 -0.01643049 -0.01617628 0.007540345 -0.01503151 -0.01621121 0.008136391 -0.01412498 -0.01491361 0.007566988 -0.0160768 -0.01428776 0.007583677 -0.001271307 -0.02222901 0.00759226 6.45031e-4 -0.02290177 0.007506549 0.001220166 -0.02118545 0.007562398 -2.35249e-4 -0.02093821 0.008137583 0.01486277 -0.0160439 0.008134901 0.01616489 -0.01643991 0.007544159 0.01615834 -0.01423811 0.007558226 0.01415818 -0.01496231 0.007561922 0.02093821 -2.35249e-4 0.008137583 0.02222901 -0.001271307 0.00759226 0.02290177 6.45031e-4 0.007506549 0.02118545 0.001220166 0.007562398 0.01496231 0.01415818 0.007561922 0.0160439 0.01486277 0.008134901 0.01643991 0.01616489 0.007544159 0.01423811 0.01615834 0.007558226 -0.001220166 0.02118545 0.007562398 2.35249e-4 0.02093821 0.008137583 0.001271307 0.02222901 0.00759226 -6.45031e-4 0.02290177 0.007506549 -0.01621121 0.01503151 0.008136391 -0.01491361 0.01412498 0.007566988 -0.01428776 0.0160768 0.007583677 -0.01617628 0.01643049 0.007540345 0.02351844 0.005506396 0.03087925 0.01925522 0.01411712 0.03092652 0.01668208 0.01713627 0.03097945 0.007888734 0.02255266 0.03094637 -9.5735e-4 0.02413249 0.03055942 -0.009004414 0.02213269 0.03093463 -0.01729595 0.01688504 0.03091096 -0.02251541 0.0081743 0.03090393 -0.02368998 -1.30396e-4 0.03099197 -0.02126759 -0.01138073 0.03088021 -0.01450872 -0.0189864 0.03091502 -0.008229315 -0.02243041 0.03085279 -7.12873e-4 -0.02384024 0.0309934 0.006745994 -0.02292281 0.03084558 0.01211541 -0.02051621 0.03092253 0.01664566 -0.0170018 0.03093719 0.02108979 -0.01112604 0.03096127 0.02336138 -0.005105376 0.03088063 -0.01625627 0.01675111 0.03082841 0.02301925 -7.0447e-4 0.03078651 -0.01683038 -0.01651674 0.03053849 -2.05951e-4 -0.01966398 0.03092408 0.009579658 -0.01730775 0.03098362 0.01964938 6.98373e-4 0.03091979 0.01701438 -0.009949028 0.03096878 0.01687139 0.01033198 0.03098523 0.01374554 0.01559543 0.03088957 0.01053309 0.01641905 0.03096419 0.01478874 0.0140435 0.03083086 0.01447224 0.01699763 0.03060156 0.001440227 0.02207791 0.03055703 0.004331886 0.01910066 0.03095221 -0.004572033 0.01917397 0.03098183 -9.68139e-4 0.0204029 0.03085082 -0.001634955 0.02227556 0.03069585 -0.01377475 0.01520133 0.03087091 -0.01411294 0.01372051 0.0309534 -0.01551389 0.01371729 0.03073942 -0.01694148 0.01470613 0.03068059 -0.01837009 0.006663262 0.03096705 -0.02123421 -0.001627385 0.03094059 -0.01962971 -3.42232e-4 0.03094124 -0.0218445 0.001699328 0.03095853 -0.0143786 -0.01686835 0.03066271 -0.01051884 -0.01660543 0.03093773 -0.01367735 -0.0153883 0.03090447 -0.01665562 -0.01479554 0.03067415 -0.01494884 -0.01414686 0.03056573 -0.01698368 -0.009714007 0.03093981 0.00163573 -0.02227377 0.03067976 9.93478e-4 -0.02085226 0.03053051 -6.76611e-4 -0.02061808 0.03061324 0.01448214 -0.01636171 0.03056687 0.01551359 -0.01371818 0.03074586 0.01418453 -0.01491045 0.03062909 0.01693719 -0.01470994 0.03066307 0.02115243 -0.001119434 0.03054273 0.0220893 0.001715481 0.03063416 0.02049642 -5.5121e-6 0.03051036 0.02061337 0.001241743 0.03086465 -0.02063471 -4.10364e-4 0.02620738 -0.02158421 -0.001592755 0.02695173 -0.0231176 2.27852e-4 0.02697312 -0.02075845 0.001475155 0.0269013 0.01925659 8.17325e-4 0.02812296 0.01839762 -0.005686223 0.02813619 0.01418215 -0.0132128 0.02816903 0.007222175 -0.0178706 0.02808296 -0.002047538 -0.01930344 0.0280615 -0.009586572 -0.01667428 0.02808833 -0.01485258 -0.01224631 0.02809053 -0.01709187 -0.008231461 0.02821952 -0.01900666 -0.003061115 0.02805912 -0.01869064 0.004760921 0.02805644 -0.01536405 0.01179873 0.02813023 -0.008776545 0.01717227 0.02809035 -1.75624e-4 0.01939851 0.02814197 0.009838104 0.01664823 0.02815347 0.01689934 0.00943166 0.02806365 0.01812714 -0.003407835 0.02831822 0.01206135 -0.01366597 0.02830237 -0.01315158 0.01254868 0.02829188 0.004948616 -0.01746582 0.02830082 -0.01773655 0.004430174 0.02829891 0.01609921 0.008920013 0.02832829 -0.01501458 -0.01029491 0.02829045 -0.005736172 -0.01757335 0.02829515 -0.005784571 0.01729732 0.02827471 0.006339192 0.01735723 0.02836811 -0.005788743 -0.01729667 0.0297091 -0.0105524 -0.01566994 0.02973097 -0.01773273 -0.004446268 0.02969706 -0.0188927 -1.06758e-4 0.02976077 -0.01501327 0.0102995 0.02968621 -0.005639672 0.01799368 0.02974653 -0.00239551 0.01801097 0.02970296 0.001541972 0.01874387 0.02972489 0.01205837 0.0136674 0.02971005 0.01812583 0.003408372 0.02969503 0.01641249 -0.008882641 0.02971237 0.00958091 -0.01541787 0.02968811 0.003001511 -0.01795411 0.0297138 -0.01694905 -0.009456336 0.02981674 3.70711e-4 -0.01944345 0.02983164 0.01919674 -8.31763e-4 0.02984297 -0.01148337 0.01527011 0.02982091 -0.0170722 0.008947372 0.02987343 0.008008718 0.01739037 0.02984303 0.01610773 0.01083695 0.02986925 0.01140081 -0.01547193 0.02984768 -0.002843499 0.01883912 0.03184306 -0.009287834 0.01663047 0.03188025 -0.01614367 0.01053518 0.0318253 -0.01892644 0.002045154 0.03189688 -0.01851463 -0.004200458 0.03192073 -0.01628452 -0.009938359 0.03177982 -0.01126438 -0.01533317 0.03192108 -0.004641711 -0.01858443 0.03179836 0.002754092 -0.01888507 0.03188073 0.01006728 -0.0163213 0.0318126 0.01723462 -0.008536279 0.03188216 0.01915276 0.001091837 0.03177028 0.01701873 0.008532702 0.03187549 0.01243084 0.01443928 0.03193777 0.005695462 0.01837193 0.03176367 -0.01568299 -0.01336503 0.0298748 -0.01400214 -0.01537591 0.02988725 -0.01485562 -0.01669734 0.02914941 -0.01495712 -0.01660108 0.02998429 -0.01740419 -0.01570981 0.02913796 -0.01659935 -0.01582449 0.02968281 -0.01577442 -0.01404356 0.02924966 -0.01406174 -0.01485562 0.0283994 -0.01416456 -0.01489174 0.029217 -0.01465564 -0.01665329 0.02814871 -0.01602196 -0.01670873 0.02808952 -0.01671552 -0.01577442 0.02849966 -0.0159679 -0.01406925 0.02821469 -0.01467424 -0.01412862 0.02750939 -0.01359438 -0.01602613 0.02756845 -0.01560693 -0.01693683 0.02725744 -0.01709783 -0.01628792 0.027184 -0.01659649 -0.01488888 0.02753686 -0.01680785 -0.01469963 0.02693033 -0.01484942 -0.01385647 0.02671104 -0.01403284 -0.01538497 0.02690422 -0.01488304 -0.01454639 0.02292162 -0.01656717 -0.01477372 0.02346915 -0.01598483 -0.01656711 0.02346909 -0.01412528 -0.01593387 0.02348881 9.20204e-4 -0.02077794 0.02683275 -3.58643e-4 -0.02013099 0.02670508 -3.94394e-4 -0.0204361 0.02730196 -0.001681208 -0.02189314 0.02693831 -0.001234054 -0.02214962 0.0275461 -4.94069e-4 -0.02338939 0.02714931 0.001848399 -0.02185225 0.02746075 0.001214921 -0.02126216 0.02809202 -3.61444e-4 -0.02039885 0.02811902 -0.002046048 -0.02204006 0.02800339 5.2393e-4 -0.02306777 0.02802437 4.87793e-4 -0.02296495 0.02884197 0.001335918 -0.02135509 0.02887469 6.47104e-4 -0.01996517 0.02869319 -4.45047e-4 -0.0205301 0.02930772 -0.001363575 -0.02111369 0.02915883 -0.001317739 -0.02227389 0.02877438 -4.16558e-4 -0.0229966 0.02967977 0.001461327 -0.02318292 0.02942734 0.00129348 -0.02209931 0.02996701 3.50364e-5 -0.01965677 0.0297119 -0.001460075 -0.02207756 0.03029727 -4.29994e-4 -0.02334374 0.03038096 4.69877e-4 -0.02089935 0.0229218 -0.001187443 -0.02114468 0.02346879 -6.05716e-4 -0.02293705 0.02346885 0.001228213 -0.02234518 0.02348923 0.01538497 -0.01403284 0.02690422 0.01385647 -0.01484942 0.02671104 0.01469963 -0.01680785 0.02693033 0.01488888 -0.01659649 0.02753686 0.01628792 -0.01709783 0.027184 0.01693683 -0.01560693 0.02725744 0.01602613 -0.01359438 0.02756845 0.01412862 -0.01467424 0.02750939 0.01406925 -0.0159679 0.02821469 0.01577442 -0.01671552 0.02849966 0.01670873 -0.01602196 0.02808952 0.01665329 -0.01465564 0.02814871 0.01485562 -0.01406174 0.0283994 0.01489174 -0.01416456 0.029217 0.01404356 -0.01577442 0.02924966 0.01473248 -0.01716434 0.02906823 0.01582396 -0.01659965 0.02968245 0.01672673 -0.0160337 0.02955645 0.01669734 -0.01485562 0.02914941 0.0155884 -0.01393175 0.0298711 0.01335138 -0.01570832 0.02989381 0.01614749 -0.01691627 0.030339 0.01454639 -0.01488304 0.02292162 0.01477372 -0.01656717 0.02346915 0.01656711 -0.01598483 0.02346909 0.01593387 -0.01412528 0.02348881 0.02305614 6.58198e-4 0.03009337 0.02077686 9.18958e-4 0.02683287 0.02013075 -3.58407e-4 0.02670502 0.0204361 -3.94519e-4 0.02730196 0.02189314 -0.001681208 0.02693831 0.02214962 -0.001234054 0.0275461 0.02338939 -4.94069e-4 0.02714931 0.02185225 0.001848399 0.02746075 0.02126216 0.001214921 0.02809202 0.02039885 -3.61444e-4 0.02811902 0.02204006 -0.002046048 0.02800339 0.02306777 5.2393e-4 0.02802437 0.02296495 4.87793e-4 0.02884197 0.02135509 0.001335918 0.02887469 0.01996517 6.47104e-4 0.02869319 0.0205301 -4.45047e-4 0.02930772 0.02111369 -0.001363575 0.02915883 0.02227389 -0.001317739 0.02877438 0.02299529 -4.18659e-4 0.02968257 0.02318292 0.001461327 0.02942734 0.02107763 0.001113116 0.03008705 0.01965677 3.50364e-5 0.0297119 0.02253979 -0.001810193 0.03007757 0.02090001 4.70876e-4 0.0229218 0.02114468 -0.001187443 0.02346879 0.02293705 -6.05716e-4 0.02346885 0.02234518 0.001228213 0.02348923 0.01660352 0.0166651 0.03035449 0.01403284 0.01538497 0.02690422 0.01484942 0.01385647 0.02671104 0.01680785 0.01469963 0.02693033 0.01659649 0.01488888 0.02753686 0.01709783 0.01628792 0.027184 0.01560693 0.01693683 0.02725744 0.01359438 0.01602613 0.02756845 0.01467424 0.01412862 0.02750939 0.0159679 0.01406925 0.02821469 0.01671552 0.01577442 0.02849966 0.01602196 0.01670873 0.02808952 0.01465564 0.01665329 0.02814871 0.01406174 0.01485562 0.0283994 0.01416456 0.01489174 0.029217 0.01577442 0.01404356 0.02924966 0.01716434 0.01473248 0.02906823 0.0165987 0.01581853 0.02969002 0.01605874 0.01673251 0.029549 0.01485562 0.01669734 0.02914941 0.01394665 0.01558524 0.02988648 0.01482445 0.01382762 0.02993422 0.01673763 0.01456445 0.03031915 0.01488304 0.01454639 0.02292162 0.01656717 0.01477372 0.02346915 0.01598483 0.01656711 0.02346909 0.01412528 0.01593387 0.02348881 5.62033e-4 0.02058136 0.03041893 -9.20204e-4 0.02077794 0.02683275 3.58643e-4 0.02013099 0.02670508 3.94394e-4 0.0204361 0.02730196 0.001681208 0.02189314 0.02693831 0.001234054 0.02214962 0.0275461 4.94069e-4 0.02338939 0.02714931 -0.001848399 0.02185225 0.02746075 -0.001214921 0.02126216 0.02809202 3.61444e-4 0.02039885 0.02811902 0.002046048 0.02204006 0.02800339 -5.2393e-4 0.02306777 0.02802437 -4.87793e-4 0.02296495 0.02884197 -0.001335918 0.02135509 0.02887469 -6.47104e-4 0.01996517 0.02869319 0.001363575 0.02111369 0.02915883 0.001317739 0.02227389 0.02877438 4.16558e-4 0.0229966 0.02967977 -0.001461327 0.02318292 0.02942734 -0.00129348 0.02209931 0.02996701 -0.001030266 0.02081602 0.02989536 5.33206e-4 0.02041053 0.02955466 2.59173e-4 0.02347087 0.03056913 6.05716e-4 0.02293705 0.02346885 -0.001228213 0.02234518 0.02348923 -4.69877e-4 0.02089935 0.0229218 0.001187443 0.02114468 0.02346879 -0.01538497 0.01403284 0.02690422 -0.01385647 0.01484942 0.02671104 -0.01469963 0.01680785 0.02693033 -0.01488888 0.01659649 0.02753686 -0.01628792 0.01709783 0.027184 -0.01693683 0.01560693 0.02725744 -0.01602613 0.01359438 0.02756845 -0.01412862 0.01467424 0.02750939 -0.01406925 0.0159679 0.02821469 -0.01577442 0.01671552 0.02849966 -0.01670873 0.01602196 0.02808952 -0.01665329 0.01465564 0.02814871 -0.01485562 0.01406174 0.0283994 -0.01489174 0.01416456 0.029217 -0.01404356 0.01577442 0.02924966 -0.01473248 0.01716434 0.02906823 -0.01672673 0.0160337 0.02955645 -0.01669734 0.01485562 0.02914941 -0.0155884 0.01393175 0.0298711 -0.01382839 0.01480537 0.02993208 -0.01437681 0.01651728 0.03024917 -0.01590371 0.01671898 0.02993494 -0.01477372 0.01656717 0.02346915 -0.01656711 0.01598483 0.02346909 -0.01593387 0.01412528 0.02348881 -0.01454639 0.01488304 0.02292162 0.009905159 -0.00268042 0.03191095 0.0147534 0.00118637 0.03190141 -0.009826362 -0.01223534 0.03179341 0.003030836 -0.009863615 0.03188294 0.01461696 4.41685e-4 0.03142505 0.01651781 -0.0010311 0.03168761 0.01737636 -2.6545e-4 0.03161972 0.0152049 -0.001108288 0.03160881 0.01246488 0.01140952 0.03175455 8.79057e-4 0.01681357 0.03171026 8.73869e-4 0.01462417 0.03179687 -0.001046895 0.01667624 0.03190666 -1.73284e-4 0.01035141 0.0319339 -0.001129269 0.01470172 0.03179085 -0.01028174 0.00105983 0.03188163 -0.0142185 -6.97923e-4 0.03193521 -0.01534837 0.001639008 0.0319482 -0.01744359 -1.42878e-5 0.03195029 -0.01605957 -0.001609802 0.03194189 -0.009579777 -0.003702223 0.0318554 8.76772e-4 -0.01690804 0.03191804 9.70216e-4 -0.01446813 0.03180491 -8.60183e-4 -0.01679944 0.03170442 -0.001101672 -0.01518136 0.03161257 -0.008422136 0.005870163 0.03176438 0.003876984 0.009469509 0.03181374 -0.004781603 0.009150028 0.03182631 0.009967625 0.002221465 0.03175985 0.007654607 0.006839275 0.0318557 -0.002212882 -0.01000589 0.03175365 -0.01236581 -0.01172167 0.03172898 -0.01112967 -0.009798586 0.03165835 -0.009770095 -0.01112484 0.03146839 -0.006670832 -0.007811129 0.03182274 -0.01229584 0.009884595 0.03172844 -0.01241195 0.01201635 0.0316261 -0.01041436 0.01221221 0.03167349 -0.009774386 0.01075839 0.0318529 -0.01108109 0.009651899 0.03192651 0.01099246 0.01259386 0.03187286 0.01116889 0.009792983 0.03163051 0.009458243 0.01163941 0.03166621 0.007546782 -0.006960988 0.03183919 0.00986582 -0.01099467 0.03168916 0.01097649 -0.009765386 0.0314933 0.01228857 -0.009813666 0.03170806 0.01250076 -0.01201474 0.03157496 0.01051837 -0.01232689 0.03170102 -0.01474183 0.001238763 0.0279991 -0.01478856 -0.001325249 0.02799743 -0.01745986 2.76484e-4 0.02799314 0.002941906 0.009997129 0.02802473 0.009141623 0.004242122 0.02805334 0.009735107 -0.003136575 0.02810853 0.004338383 -0.009160399 0.02811563 -0.002631783 -0.009815752 0.02807682 -0.007428228 -0.006801426 0.02807652 -0.009971141 -0.00184828 0.02803254 -0.008742809 0.005160868 0.02802371 -0.004154562 0.009168505 0.02809864 -0.00955969 -0.01199418 0.02839082 -0.00996685 -0.01010131 0.0284698 -0.01134639 -0.009840786 0.02824723 -0.01240533 -0.01089382 0.02860021 -0.01242333 -0.01185244 0.02846175 -0.01051026 -0.01227313 0.02895927 -0.01081138 -0.01239287 0.03089797 -0.01270711 -0.01117193 0.0309025 -0.0126487 -0.01063483 0.03024899 -0.01105964 -0.009698152 0.03014051 -0.009671986 -0.01068544 0.02994275 -0.009781897 -0.01200532 0.03033572 -0.01178979 -0.01249718 0.03005021 -0.01233738 -0.01058006 0.02954173 -0.01019293 -0.0101453 0.02928936 -0.01210308 -0.01282161 0.03130388 -0.01027995 -0.009323298 0.03081017 -0.01053661 -0.01311928 0.02942472 -0.01316839 -0.01049149 0.0290755 -0.01165312 -0.01300412 0.02822095 -0.01199638 0.00956279 0.02838981 -0.01048773 0.01002496 0.02816611 -0.009840786 0.01134639 0.02824723 -0.01107263 0.01255792 0.02840876 -0.01252275 0.0116077 0.02908211 -0.01226943 0.01050233 0.0289579 -0.009592771 0.01061874 0.03093349 -0.01090425 0.009578347 0.0308004 -0.01239311 0.01081168 0.03089743 -0.0118218 0.01245009 0.03045976 -0.009846925 0.0114932 0.03043365 -0.0113855 0.009603559 0.02986395 -0.01246726 0.010414 0.03026139 -0.01222455 0.01185083 0.02978503 -0.01030886 0.01232409 0.02973169 -0.009778678 0.01046723 0.02959948 -0.0106433 0.009909689 0.0291804 -0.01048415 0.01296085 0.03109055 -0.01081216 0.01305848 0.02908343 -0.009171366 0.01050823 0.02884805 -0.01300412 0.01165312 0.02822095 -0.001540482 0.0157988 0.02825075 1.74064e-4 0.01442974 0.02815854 0.001524806 0.01545321 0.02861452 8.01401e-4 0.01690882 0.02884 -5.89958e-4 0.0171287 0.02911788 -0.001260638 0.01535409 0.02907127 6.75098e-4 0.01426523 0.03090691 -9.35716e-4 0.01443964 0.03077179 -0.001235306 0.01618665 0.03094971 6.8587e-4 0.01690429 0.03068095 4.37587e-4 0.01444125 0.03031414 -0.0016281 0.01596713 0.03027218 -0.001101374 0.01650762 0.02991217 6.18842e-4 0.01710081 0.02991539 8.4629e-4 0.01460868 0.02936112 -0.001781344 0.01661407 0.03141176 0.001540243 0.01718598 0.0310955 0.001906394 0.01476204 0.02994906 -0.001720547 0.01471799 0.0295751 -7.02721e-4 0.01390051 0.02868396 1.79008e-4 0.01774507 0.02822381 0.00955969 0.01199418 0.02839082 0.00996685 0.01010131 0.0284698 0.01134639 0.009840786 0.02824723 0.01240533 0.01089382 0.02860021 0.01242333 0.01185244 0.02846175 0.01051026 0.01227313 0.02895927 0.01019293 0.0101453 0.02928936 0.009823262 0.01095533 0.03110867 0.01081138 0.01239287 0.03089803 0.01270711 0.01117193 0.0309025 0.0126487 0.01063483 0.03024899 0.01105964 0.009698152 0.03014051 0.009671986 0.01068544 0.02994275 0.009781897 0.01200532 0.03033572 0.01178979 0.01249718 0.03005021 0.01233738 0.01058006 0.02954173 0.01210504 0.0128197 0.03130275 0.01027995 0.009323298 0.03081017 0.01053661 0.01311928 0.02942472 0.01316839 0.01049149 0.0290755 0.01165312 0.01300412 0.02822095 0.0157988 0.001540482 0.02825075 0.01622229 0.001366615 0.03113657 0.01699084 -5.96382e-4 0.03061246 0.01444137 -4.44168e-4 0.03031325 0.01588004 0.001437664 0.03016757 0.01702767 3.12593e-4 0.02978223 0.01609224 -0.001274585 0.02954018 0.01434946 -5.09018e-4 0.02951198 0.01535391 0.00126034 0.02907192 0.01712846 5.90134e-4 0.02911835 0.01690781 -8.03239e-4 0.0288397 0.01545172 -0.00152564 0.02861267 0.0144295 -1.7431e-4 0.02815812 0.01545619 -0.001935362 0.03097546 0.01377415 5.84815e-4 0.03072917 0.01644182 -0.001872599 0.03004354 0.0147202 0.001721262 0.02957361 0.01390033 7.02541e-4 0.02868402 0.01774507 -1.79008e-4 0.02822381 0.01199638 -0.00956279 0.02838981 0.01048773 -0.01002496 0.02816611 0.009840786 -0.01134639 0.02824723 0.01107263 -0.01255792 0.02840876 0.01239311 -0.01081168 0.03089743 0.0118218 -0.01245009 0.03045976 0.009846925 -0.0114932 0.03043365 0.0113855 -0.009603559 0.02986395 0.01246726 -0.010414 0.03026139 0.01222455 -0.01185083 0.02978503 0.01030886 -0.01232409 0.02973169 0.009778678 -0.01046723 0.02959948 0.0106433 -0.009909689 0.0291804 0.01226943 -0.01050233 0.0289579 0.01252275 -0.0116077 0.02908211 0.01048415 -0.01296085 0.03109055 0.009495973 -0.00976175 0.03076124 0.01081216 -0.01305848 0.02908343 0.009171366 -0.01050823 0.02884805 0.01300412 -0.01165312 0.02822095 0.001540482 -0.0157988 0.02825075 -1.74064e-4 -0.01442974 0.02815854 -0.001524806 -0.01545321 0.02861452 -8.01401e-4 -0.01690882 0.02884 7.80801e-4 -0.01440984 0.03084713 0.001235306 -0.01618665 0.03094971 -6.8587e-4 -0.01690429 0.03068095 -6.00455e-4 -0.01432913 0.0305047 0.0016281 -0.01596713 0.03027218 0.001101374 -0.01650762 0.02991217 -6.18842e-4 -0.01710081 0.02991539 -8.4629e-4 -0.01460868 0.02936112 0.001260638 -0.01535409 0.02907127 5.89958e-4 -0.0171287 0.02911788 0.001781344 -0.01661407 0.03141176 -0.001540243 -0.01718598 0.0310955 -0.001906394 -0.01476204 0.02994906 0.001720547 -0.01471799 0.0295751 7.02721e-4 -0.01390051 0.02868396 -1.79008e-4 -0.01774507 0.02822381 -0.007974922 0.02074784 5.73135e-4 0.01931768 0.009723007 4.20538e-4 0.02056008 0.008480966 5.61968e-4 0.02013146 0.006551146 5.31717e-4 -0.01885718 -0.009555399 5.85534e-4 -0.02049219 -0.008704483 5.62784e-4 -0.02047765 -0.0071249 5.29787e-4 -0.009304046 -0.01838505 5.12641e-4 0.009562373 -0.01882708 5.74026e-4 0.008704721 -0.02049207 5.62733e-4 0.00657922 -0.02016985 5.37639e-4 0.01974439 -0.009434103 5.75673e-4 -0.01151114 5.02622e-4 4.76579e-4 0.005325496 -0.0102297 4.87026e-4 -0.006085336 -0.009535074 4.79913e-4 0.008156478 -0.01750254 5.04556e-4 0.006865739 0.01777744 5.28579e-4 0.0113067 -5.02703e-4 4.86272e-4 0.01809978 -0.00902009 5.12642e-4 0.01791971 -0.006827414 5.28579e-4 0.01725262 -0.007758319 5.21366e-4 0.006562173 -0.01780092 5.62635e-4 -0.008067429 -0.01722437 5.36088e-4 -0.006831049 -0.017919 5.27708e-4 -0.01910036 -0.006296157 5.2364e-4 -0.01741594 -0.008538126 5.18705e-4 -0.0175454 -0.007270574 4.96713e-4 -0.01792037 0.006827712 5.30929e-4 -0.01726084 0.007749259 5.2248e-4 -0.01811659 0.009045183 5.16197e-4 -0.007387816 0.01751405 5.12682e-4 -0.006336688 0.01897251 5.29021e-4 -0.005227267 0.01004409 4.92627e-4 0.006190896 0.009717583 4.76583e-4 0.008163511 0.01727986 5.31362e-4 0.01721191 0.008126139 5.49081e-4 0.01855981 0.006551384 5.31031e-4 -0.005469679 0.007208943 -0.00151509 -0.008748173 0.002995312 -0.00153625 -0.008022189 -0.004661977 -0.001434266 -0.003508329 -0.008341372 -0.00151509 0.001780033 -0.009073793 -0.00153625 0.008048474 -0.004616379 -0.001434266 0.008978009 0.001132369 -0.00151509 0.00696814 0.006078481 -0.00153625 -2.63129e-5 0.009278416 -0.001434266 -0.005592882 0.007164239 -0.007486045 -0.009240388 0.001021683 -0.007582783 -0.007181048 -0.00554192 -0.007505655 -0.003407955 -0.008425712 -0.007486045 0.003735363 -0.008513271 -0.007582783 0.008389949 -0.003448009 -0.007505655 0.009000837 0.001261472 -0.007486045 0.005504965 0.007491588 -0.007582783 -0.001208901 0.00898993 -0.007505655 -0.007084727 0.001450359 -0.009518682 -0.004799306 -0.005402326 -0.00952059 0.002287387 -0.006863653 -0.009515702 0.007078468 -0.001455187 -0.009520292 0.004798293 0.005410134 -0.009518921 -0.002280116 0.006860911 -0.009517073 0.009022653 0.01823365 4.84419e-4 -0.00430721 -6.09244e-4 -0.009499013 -1.95646e-4 0.004309594 -0.009514629 -8.26961e-5 -0.004243016 -0.009514391 0.004451215 2.69022e-4 -0.00949645 6.09244e-4 0.00430721 -0.007501006 0.004243016 8.27743e-5 -0.007487595 -2.69024e-4 -0.004451215 -0.007503986 -0.004309535 1.95576e-4 -0.007487356 0.006398797 -0.003550887 -0.007499098 1.16885e-4 -0.007200002 -0.007503092 -1.24233e-4 0.007316946 -0.007498919 -0.006293833 0.003498792 -0.007503092 0.006176948 0.00370121 -0.007503092 -0.00627458 -0.003766059 -0.007499098 -0.005129575 0.005007863 -3.6947e-5 -2.30074e-4 0.007118463 -2.04385e-5 0.005192041 0.005033969 -1.29465e-5 0.007051408 -0.001959145 -4.63225e-5 0.002947747 -0.006442606 0 -0.001671552 -0.006967723 -7.20344e-6 -0.006069839 -0.00371468 -7.92421e-6 -0.007053315 6.68452e-4 0 -0.009502351 -4.35224e-4 0.001962602 -0.00428915 -0.008174657 0.001990199 0.003866851 -0.008464872 0.00199002 0.009272933 -9.74883e-4 0.001956522 0.005497992 0.007501661 0.001969397 -0.003796696 0.008527576 0.001967072 0.008034527 -0.01935154 4.6988e-4 0.007176637 -0.01894134 4.58111e-4 0.007844984 -0.01893955 0.001569211 0.01936459 -0.007999897 4.77688e-4 0.01893955 -0.007844984 0.001569211 0.01935154 0.008034527 4.6988e-4 0.01827269 0.007840692 4.5978e-4 0.01893955 0.007844984 0.001569211 0.007999897 0.01936459 4.77688e-4 0.007844984 0.01893955 0.001569211 -0.008034527 0.01935154 4.6988e-4 -0.007844984 0.01893955 0.001569211 -0.01936423 0.007999956 4.80104e-4 -0.01893955 0.007844984 0.001569211 -0.01934963 -0.008036017 4.77559e-4 -0.01893955 -0.007844984 0.001569211 -0.007999897 -0.01936459 4.77688e-4 -0.007844984 -0.01893955 0.001569211 -0.008123457 -0.01908808 0.006581485 -0.007269501 -0.01862329 0.006096899 -0.008115053 -0.01933467 0.005439341 -0.007031261 -0.01870328 0.001568257 -0.007829725 -0.01984369 0.001858294 -0.008315026 -0.0197798 0.001675844 -0.008299708 -0.01819235 0.001534521 -0.008450627 -0.01822304 0.001256227 -0.007030725 -0.01850771 0.001503527 -0.00845921 -0.01831209 0.002083599 -0.008639931 -0.01912569 0.00201261 -0.007671773 -0.01984077 0.001972138 -0.007013142 -0.01853609 0.00203371 -0.008682191 -0.01905792 0.001997172 -0.01907479 -0.008317053 0.00652939 -0.01823043 -0.007515668 0.00590837 -0.01929527 -0.00716871 0.005638301 -0.01902312 -0.008520424 0.005449235 -0.01810956 -0.008289098 0.001988351 -0.01799118 -0.008094787 0.001731455 -0.01874506 -0.00868839 0.001452684 -0.01957899 -0.008494675 0.001934349 -0.01987218 -0.007989585 0.001440584 -0.01886886 -0.006940186 0.001463949 -0.01829016 -0.007133007 0.00184518 -0.01901853 -0.006925046 0.002054929 -0.01984584 -0.008174896 0.00205028 -0.01908808 0.008123457 0.006581485 -0.01862329 0.007269501 0.006096899 -0.01933467 0.008115053 0.005439341 -0.01945465 0.007174134 0.001582682 -0.01979821 0.007581412 0.001439929 -0.01967912 0.008351385 0.001616537 -0.01867038 0.008699297 0.001454472 -0.01901167 0.008673906 0.00197345 -0.01806455 0.007627248 0.001737594 -0.01830518 0.007166922 0.00151205 -0.01977658 0.007417917 0.00190103 -0.01809394 0.0074476 0.001919627 -0.01906567 0.00879383 0.002074301 -0.007515668 0.01823043 0.00590837 -0.00716871 0.01929527 0.005638301 -0.008317053 0.01907479 0.00652939 -0.008520424 0.01902312 0.005449235 -0.008289098 0.01810956 0.001988351 -0.008094787 0.01799118 0.001731455 -0.00868839 0.01874506 0.001452684 -0.008494675 0.01957899 0.001934349 -0.007989585 0.01987218 0.001440584 -0.006940186 0.01886886 0.001463949 -0.007133007 0.01829016 0.00184518 -0.006925046 0.01901853 0.002054929 -0.008174896 0.01984584 0.00205028 0.008123457 0.01908808 0.006581485 0.007269501 0.01862329 0.006096899 0.008115053 0.01933467 0.005439341 0.007173717 0.01833474 0.001536548 0.006984174 0.01895254 0.001423716 0.007768094 0.01983273 0.001766324 0.008233368 0.01980537 0.001425087 0.008458971 0.01831191 0.001464188 0.00776124 0.01800674 0.00144416 0.008617639 0.01853191 0.00197649 0.007999122 0.01988279 0.001899898 0.007077157 0.01837092 0.002118825 0.01823043 0.007515668 0.00590837 0.01907479 0.008317053 0.00652939 0.01929527 0.00716871 0.005638301 0.01902312 0.008520424 0.005449235 0.01807022 0.008069455 0.001530945 0.01795774 0.008043825 0.00173527 0.01961588 0.008436262 0.001512765 0.01990151 0.008161723 0.001272559 0.01883053 0.006933629 0.001211702 0.01833653 0.007091164 0.002020239 0.01926612 0.007036507 0.001996159 0.01975208 0.008340954 0.001984655 0.01908808 -0.008123457 0.006581485 0.01862329 -0.007269501 0.006096899 0.01933467 -0.008115053 0.005439341 0.01833474 -0.007173717 0.001536548 0.01895254 -0.006984174 0.001423716 0.01983273 -0.007768094 0.001766324 0.01980537 -0.008233368 0.001425087 0.01831191 -0.008458971 0.001464188 0.01800674 -0.00776124 0.00144416 0.01853191 -0.008617639 0.00197649 0.01988279 -0.007999122 0.001899898 0.01837092 -0.007077157 0.002118825 0.00716871 -0.01929527 0.005638301 0.008317053 -0.01907479 0.00652939 0.007515668 -0.01823043 0.00590837 0.008520424 -0.01902312 0.005449235 0.008069455 -0.01807022 0.001530945 0.008043825 -0.01795774 0.00173527 0.008436262 -0.01961588 0.001512765 0.008161723 -0.01990151 0.001272559 0.006933629 -0.01883053 0.001211702 0.007091164 -0.01833653 0.002020239 0.007036507 -0.01926612 0.001996159 0.008340954 -0.01975208 0.001984655 0.01900535 0.004845499 0.01100349 0.01946133 -0.002065956 0.001999974 0.01894634 0.004903972 0.001999974 0.01749444 0.008772432 0.01099997 0.01384812 0.01354175 0.001997649 0.01329648 0.01436018 0.01099997 0.008189558 0.01753306 0.001999974 0.007402777 0.01811659 0.01099997 0.001190781 0.01953446 0.001999974 2.26647e-4 0.01933145 0.01100122 -0.006889522 0.018467 0.001998245 -0.006915628 0.01816093 0.01099818 -0.01317244 0.0148279 0.01100015 -0.01210534 0.01531404 0.001998186 -0.01795816 0.007309496 0.002000033 -0.01843047 0.006582558 0.01099997 -0.0195682 3.13162e-4 0.001999974 -0.01843047 -0.006582558 0.001999974 -0.01690346 -0.01043683 0.01100027 -0.01501893 -0.01222389 0.001999676 -0.008045136 -0.01800864 0.002000987 -0.008988082 -0.01716375 0.01099866 -8.67857e-4 -0.01947331 0.01100134 5.65092e-4 -0.01956254 0.001999974 0.007402777 -0.01811659 0.001999974 0.007931888 -0.01768243 0.01099914 0.01329648 -0.01436018 0.001999974 0.01493388 -0.01256066 0.01100116 0.01749444 -0.008772432 0.001999974 0.01863926 -0.005228936 0.01100015 -0.01933962 -3.15187e-5 0.002001404 -0.009048938 -0.01708638 0.002000927 -0.01756298 -0.007506728 0.001999974 0.00956732 -0.01661103 0.001999974 0.001437783 -0.01920771 0.001996338 0.01817286 -0.006072819 0.001999795 0.01501721 -0.01196706 0.001999676 3.58547e-4 0.01930296 0.001998245 0.01771402 0.008030712 0.00200659 0.01911437 -5.25521e-4 0.001999974 -0.01406562 0.01302373 0.01099997 -0.0194292 0.002399861 0.01099926 -0.01528602 -0.011725 0.01099967 0.01364165 0.01346713 0.01099997 0.007344841 0.01780557 0.01099807</float_array>
          <technique_common>
            <accessor source="#Ft_Sensor-mesh-positions-array" count="882" stride="3">
              <param name="X" type="float"/>
              <param name="Y" type="float"/>
              <param name="Z" type="float"/>
            </accessor>
          </technique_common>
        </source>
        <source id="Ft_Sensor-mesh-normals">
          <float_array id="Ft_Sensor-mesh-normals-array" count="5184">0.2034964 0.3260332 -0.9231965 0.3452357 -0.2751962 -0.8972622 0.8477879 0.5246532 0.07742643 -0.6355453 0.7621837 0.1231196 -0.7730733 -0.629952 -0.07428562 0.5559326 -0.8297239 0.04997438 0.7704861 -0.6305647 -0.09348535 -0.7487511 -0.6574484 -0.08445984 -0.9716367 0.1387159 -0.1915208 0.4609338 0.8702601 -0.1737455 0.04888731 0.04841649 -0.9976302 0.06485986 0.06309902 -0.9958975 0.05751198 0.004953205 -0.9983325 0.02229052 -0.003069996 -0.9997469 -0.006914317 0.007937014 -0.9999446 0.008470594 0.07022005 -0.9974957 0.05541318 0.1647695 -0.9847744 0.3450663 -0.001173675 -0.9385776 0.05772906 -0.125878 -0.9903646 0.007682025 -0.007549166 -0.9999421 -0.08884477 0.03565704 -0.9954071 0.007477402 5.06116e-4 -0.9999719 -0.06928104 0.01854443 -0.9974249 -0.04757624 0.02007639 -0.9986659 0.003948569 0.008886754 -0.9999527 0.03953766 -0.03261852 -0.9986856 0.198387 0.1630994 -0.9664581 0.1027655 0.04928642 -0.9934839 -0.2828325 -0.05701696 -0.9574732 0.07512247 0.00330764 -0.9971689 -0.002875149 -0.0133199 -0.9999073 -0.0177502 -0.05867719 -0.9981193 -0.0308448 -0.06474286 -0.9974252 -0.01354748 -0.01624429 -0.9997764 0.03763729 0.008151054 -0.9992582 -0.02122521 -0.01069539 -0.9997176 -0.1852871 0.04666399 -0.9815759 0.02878081 -0.03608828 -0.9989342 0.03747606 -0.04749387 -0.9981683 0.02617639 0.02548253 -0.9993326 -0.04441899 -0.6420958 -0.7653366 0.01134532 -0.07687896 -0.996976 -0.03449696 -0.1210103 -0.9920517 0.02331089 -0.02960008 -0.9992901 -0.02016657 -0.1219314 -0.9923337 0.06275725 -0.3226917 -0.9444214 -0.04076337 0.1056288 -0.9935698 -0.004504442 0.006963491 -0.9999656 0.02915918 0.02820354 -0.9991769 0.02120155 7.89533e-4 -0.9997749 0.05775833 -0.05720925 -0.9966902 0.05660855 -0.05616098 -0.9968158 0.07942634 -0.06159675 -0.9949359 0.1850045 -0.0591796 -0.9809542 -0.02592486 -0.2040971 -0.9786073 0.1030753 0.04829275 -0.9935006 0.08480191 0.01252311 -0.9963192 -0.09172737 -0.001039087 -0.9957836 -0.04053467 -0.001964211 -0.9991762 0.03106272 0.05286407 -0.9981186 -0.08595252 -0.02618551 -0.9959551 0.1787078 -0.05994617 -0.9820743 -0.03340077 -0.007975578 -0.9994102 -0.01118326 0.008953034 -0.9998974 0.2273387 -2.09497e-4 -0.9738157 0.128019 0.04656356 -0.9906781 0.004206597 -0.04317641 -0.9990586 -0.02875095 0.0651611 -0.9974605 -0.02148079 0.1210484 -0.9924142 -0.04064148 -0.07938116 -0.9960156 -0.01176983 -0.01632118 -0.9997975 0.01931113 0.05774515 -0.9981446 -0.01435333 0.09055352 -0.9957882 -0.03808337 -0.02674716 -0.9989166 -0.03378534 -0.02854776 -0.9990214 -0.1075673 -0.04998242 -0.9929407 -0.3464397 0.003497302 -0.9380657 0.02791917 -0.02755612 -0.9992303 -0.01487755 0.02725571 -0.9995179 -0.1079983 0.01008325 -0.9941 -0.1488531 0.01189005 -0.9887879 -0.04159921 0.001270234 -0.9991336 -0.01402252 -0.02070176 -0.9996874 0.02996206 -0.03527462 -0.9989285 0.1063994 0.04501086 -0.9933043 -0.07696098 -0.1959148 -0.9775963 0.02473205 0.03334134 -0.999138 0.05652123 0.1610808 -0.9853215 0.8755024 -0.4261556 0.2277873 -0.9014648 0.3497754 -0.2549874 -0.712194 -0.7019806 0.001772284 0.696805 -0.7172438 0.004916608 0.935658 0.2573396 -0.2414961 -0.2579194 0.9353793 -0.241957 0.3296627 0.9140464 0.2363086 -0.5138828 -0.8578568 -0.00252372 -0.862069 0.5067899 0.001089334 -0.2281055 0.9735814 0.01035392 -0.9146456 0.3279879 0.2363208 0.4299201 0.8723785 0.2326472 -0.1646596 -0.2089486 -0.9639646 0.08042842 0.3582122 -0.9301695 -0.01230436 0.06390297 -0.9978803 0.497931 -0.4287217 0.7538318 0.01324921 0.8419138 -0.5394495 0.9960085 -0.08890354 -0.007969856 -0.2104707 0.9773373 -0.02267122 -0.9993662 -0.03481018 0.007454872 0.09439438 -0.9873096 -0.1277092 0.9824794 -0.1832443 -0.03399646 -0.305382 -0.9522143 -0.005465865 -0.8349627 0.5423195 -0.09341806 0.05614858 0.9957181 -0.07343691 -0.1142185 -0.3311979 -0.9366227 0.390328 -0.05200225 -0.9192062 -0.0942533 -0.03560018 -0.9949116 0.567403 0.82344 7.08323e-4 -0.820195 0.5718402 0.01670646 -0.5082116 -0.8608311 0.02628284 0.8925856 -0.4504378 -0.01992064 0.7920901 -0.6064377 -0.06947493 -0.1907789 -0.9796969 -0.06162518 -0.946854 0.3187256 -0.043379 0.3279861 0.9424694 -0.06462681 0.0758785 0.3357691 -0.9388831 -0.3422874 0.1449173 -0.9283525 0.0312851 0.9994833 0.007379472 -0.9833902 -0.1813607 -0.007210373 0.02246648 -0.9996725 -0.0122562 0.996927 0.07693469 -0.01475733 0.3383982 -0.935154 -0.1047558 -0.9982098 -0.002607047 -0.0597524 0.2664699 0.9621212 -0.05759048 0.8562677 0.5078532 -0.0942918 -0.4119876 0.00457859 -0.911178 0.1398262 -0.3908527 -0.9097707 0.6843195 0.7264806 -0.06271219 -0.487287 0.8725765 0.03408443 -0.7660172 -0.6427631 0.008573949 0.5248983 -0.8500089 0.04434746 0.967042 -0.2169482 -0.1332793 -0.3190228 -0.9451582 -0.0700035 -0.938446 0.324124 -0.1194273 0.6038339 0.7932927 -0.07791852 -0.3357697 0.07587844 -0.938883 -0.1449175 -0.3422887 -0.928352 0.9889774 0.1402319 -0.04752779 -0.09177303 0.9956742 -0.01451623 -0.9862722 -0.1557661 0.05480951 0.4515906 -0.8919967 0.02019745 0.002393305 -0.9957309 -0.09227353 -0.9622429 0.2655794 -0.05963456 -0.5082755 0.856124 -0.09331578 0.9350302 0.3383502 -0.1060091 0.3908531 0.139827 -0.9097705 -0.004577875 -0.4119878 -0.9111779 0.8346448 0.5492974 0.04050225 -0.732402 0.6780317 -0.062132 -0.8147298 -0.5783926 0.04095715 0.6408535 -0.7674989 0.0158919 0.9452871 -0.3190113 -0.06829601 -0.3263906 -0.9410336 -0.08902245 -0.7930734 0.6043222 -0.07634949 0.2167227 0.9671791 -0.1326497 -0.0758785 -0.3357691 -0.9388831 0.3422874 -0.1449173 -0.9283525 0.9718993 0.2338997 -0.02650874 -0.01531565 0.9998596 0.006815791 -0.9860466 -0.109696 -0.1252157 -0.02425384 -0.999701 0.003122866 0.9952392 -0.05816835 -0.07820093 -0.1830896 -0.9823086 -0.03934413 -0.952244 0.3053048 0.004528701 0.5426445 0.8348538 -0.09250032 -0.3311982 0.1142178 -0.9366227 -0.05200153 -0.3903283 -0.919206 0.997745 0.0661931 -0.01111835 0.9107717 0.4128735 -0.005514562 0.7611312 0.6485604 0.006993174 0.6432491 0.7655389 -0.01345098 0.5243316 0.8513411 0.01716876 0.3652699 0.9308859 -0.005425214 0.1751078 0.9844196 0.01597911 -0.006237268 0.9998046 -0.01875865 -0.4089036 0.9125008 -0.0118401 -0.5347768 0.8449172 0.01134604 -0.7046463 0.7091947 -0.02272593 -0.7731175 0.6338542 -0.02276819 -0.949499 0.3135637 -0.01138591 -0.9999703 0.006834506 -0.00355935 -0.977303 -0.2106547 0.02243709 -0.9489179 -0.3154752 -0.005494356 -0.7741143 -0.6329818 -0.009008944 -0.6105465 -0.7917791 -0.017856 -0.1845371 -0.9827647 0.01093381 -0.2852638 -0.9584205 -0.007397413 0.05027186 -0.9987159 -0.006272017 0.408968 -0.9125454 0.002481579 0.3678186 -0.9298633 -0.007988393 0.75325 -0.6575471 -0.01569938 0.9356133 -0.352862 0.01077681 0.9834939 -0.1795806 -0.02215379 0.9998828 -0.01479971 0.003934204 0.7975558 -0.6032378 0.002993345 0.6128756 -0.7900809 0.01248431 0.1222175 -0.9924783 0.007063746 -0.4808136 -0.8767914 0.007435977 -0.7474955 -0.6642668 4.89501e-4 -0.9900287 0.1401736 0.01394438 -0.8577501 0.5139521 0.01087266 -0.2405917 0.9705419 0.01281219 0.8961732 0.4436718 0.005389988 0.06496042 -0.1071054 0.9921233 0.02941149 0.06875163 0.9972001 -0.06081175 -0.09719657 0.9934056 -0.2238371 0.003438472 0.9746205 0.7239985 0.6422377 -0.2517082 -0.001262426 -0.02003061 0.9997986 -0.002277851 -0.03472989 0.9993942 0.002949535 0.003870069 0.9999883 -0.04335093 -0.001773893 0.9990584 0.02430164 2.13197e-4 0.9997047 0.5473666 0.3389627 0.765176 0.03285539 0.03766661 0.9987502 0.2108898 0.1584681 0.9645794 0.02693873 0.01452207 0.9995316 0.1539833 0.1216252 0.9805593 -8.25773e-4 0.002552866 0.9999965 -0.1493356 -0.2365741 0.9600686 -0.9993234 -0.02778214 0.02410304 -0.06517416 0.06884646 0.9954962 0.004083096 0.09412741 0.9955518 0.01751482 0.1482692 0.9887919 -0.05604898 -0.05619692 0.9968453 0.03110975 0.06251919 0.9975588 0.007211565 0.08503943 0.9963516 0.03124332 0.05626821 0.9979267 -0.03992289 0.06464517 0.9971094 -0.1505774 0.08922028 0.984564 -0.01598364 0.001813828 0.9998707 0.3833646 -0.03522169 0.9229252 -0.1505424 0.09271532 0.9842464 -0.0114988 -0.001273632 0.9999331 0.06672459 -0.09417974 0.9933168 -0.01471948 0.03820335 0.9991616 -0.01247304 -0.003675639 0.9999155 0.01710855 -0.006244719 0.9998342 0.004553854 -0.006202578 0.9999705 -0.01211971 0.006759345 0.9999038 -0.01314806 0.00706762 0.9998887 0.003774821 -0.004364013 0.9999834 0.008851468 0.009347438 0.9999172 -0.03303509 0.1202024 0.9921997 -0.07884269 0.1226737 0.9893105 -0.06145983 -0.1324676 0.9892801 0.08105498 -0.04681056 0.9956099 0.1420043 0.3933281 0.9083654 0.006267845 -0.05179631 0.9986381 -0.1706472 -0.1603751 0.9721931 -0.01810246 -0.4452474 0.8952246 -0.005768716 0.2046239 0.9788237 -0.02842056 0.03145158 0.9991012 -0.01997721 -0.343035 0.9391102 -0.03773099 0.08747535 0.9954519 0.02506154 0.02764111 0.9993037 0.08935111 -0.02437663 0.9957019 0.1562536 -0.1558957 0.9753366 0.01327216 -0.06428658 0.9978433 -0.8551335 0.04701703 -0.5162715 -0.05406743 -0.03746837 0.9978342 -0.01427435 0.4641216 0.8856565 5.30663e-4 -0.004505276 0.9999898 -0.1386057 0.04225265 0.9894459 -0.1653192 -0.001438558 0.9862391 0.001744985 -0.004619717 0.9999879 0.02143144 0.04164642 0.9989026 -0.0175448 0.02001142 0.9996458 0.1954525 -0.1364732 0.9711712 -0.810814 -0.0883072 0.5786042 0.8949386 0.06564885 0.4413334 0.007153153 -0.01338118 0.999885 0.003390371 0.1171389 0.9931098 -0.01268196 -0.07728773 0.9969283 0.02230417 0.001472234 0.9997501 -0.001006245 -0.007860898 0.9999687 -0.6206361 0.7747671 0.1206107 0.5195428 0.853591 -0.03818058 0.7039192 -0.7093145 0.03702378 -0.6717184 -0.7275329 -0.1396081 -0.9681638 -0.1399267 0.207556 0.464504 -0.8686413 0.1723324 0.7554377 0.6343289 0.1641365 -0.755117 0.6516339 0.07191491 0.3483242 0.2828854 0.8936701 0.2008482 -0.3267024 0.9235397 -0.9646646 0.2382155 -0.1125867 -0.6988462 0.7058262 -0.1158597 -0.2341001 0.9722113 0.001617133 0.2837118 0.9569028 -0.06200677 0.7278869 0.682846 -0.06246674 0.9566328 0.2700787 0.1091395 0.9841871 -0.1769826 0.007284343 0.855917 -0.5163661 -0.02778738 0.4929138 -0.861737 -0.1201882 -0.008503854 -0.9957327 -0.09189265 -0.3968471 -0.9175888 0.02330845 -0.6885153 -0.7165493 0.1118206 -0.9579229 -0.2767485 0.07611972 -0.9573887 -0.2611296 0.123362 -0.6983484 -0.6858683 0.2046809 -0.2523394 -0.9174776 0.307506 0.2377738 -0.9254613 0.2949321 0.6145954 -0.7516625 0.2393246 0.8889381 -0.4220478 0.1779466 0.9684376 -0.03903675 0.2461805 0.9321225 0.3414621 -0.1206294 0.8545853 0.4695178 0.2218944 0.6320692 0.7516006 0.1886404 0.3283763 0.9407418 0.08469867 -0.1495847 0.9644829 0.2177088 -0.5361166 0.7959003 0.2812861 -0.8325247 0.4675751 0.2971133 -0.9811177 0.1298692 0.1433246 0.3102596 -0.03903943 0.94985 -0.06553673 0.1052659 0.9922823 0.1023887 -0.1920508 0.9760293 -0.1265555 0.1624084 0.9785742 -0.2153265 0.09158754 0.9722378 0.07231372 -0.1263394 0.9893479 0.1229016 -0.06451714 0.9903196 0.1082689 0.01699548 0.9939764 -0.1502895 -0.4399784 0.8853429 0.04148811 -0.282759 0.9582933 -0.09024757 0.05182468 0.9945701 -0.1159333 -0.01212817 0.993183 0.0720753 -0.0441581 0.9964212 0.2667417 0.07959812 0.9604755 -0.008095324 0.0845474 0.9963866 -0.2429774 0.01015317 0.9699789 -0.08567821 -0.108586 0.990388 -0.06989055 0.2476004 0.9663381 -0.07402074 -0.08852195 0.9933201 0.07835119 0.08594679 0.9932141 0.200454 0.1841717 0.9622364 0.1763463 0.6451726 0.7434073 -0.1456069 -0.1127927 0.9828919 8.03238e-4 -0.1321547 0.9912288 -0.07333678 -0.9792563 0.1888883 -0.4305982 -0.549378 -0.7160789 -0.3177216 -0.9326946 0.1706863 -0.7211354 -0.4597774 0.518236 -0.416339 -0.3909094 0.8208847 -0.9545888 -0.04676014 -0.2942339 -0.88347 0.3317217 0.3308196 -0.5128399 0.7944306 -0.325385 -0.5913829 0.717584 0.3678853 -0.01055133 0.9042852 -0.4267986 -9.95563e-4 0.8954905 -0.4450795 -0.09142822 0.5166453 -0.851304 0.3701488 0.7652543 0.526665 0.5353649 0.6219963 -0.5714062 0.6815613 0.4022012 0.611317 0.7682285 0.1268882 -0.6274745 0.8191981 -0.1134029 0.5621872 0.6291648 -0.3709813 -0.6830261 0.6574242 -0.6883715 0.3064932 0.4547833 -0.8511792 -0.2620423 0.3549331 -0.9190238 0.1715162 0.009721815 -0.9491688 -0.3146175 -0.81677 0.4609813 -0.3469626 -0.5374831 -0.1314367 -0.8329684 -0.3129141 -0.9128056 -0.2624328 0.9217708 0.2433409 0.3018675 -0.3277115 -0.07376635 -0.9418937 -0.04311817 -0.03060382 -0.9986012 0.2470259 0.3015992 -0.9208779 0.08508491 -0.01326602 -0.9962855 -0.004743695 -0.07056462 -0.997496 -0.1968841 0.1659972 -0.9662721 0.03323513 0.07176411 -0.9968678 -0.1133726 0.03514927 -0.9929307 -0.03782361 0.05389821 -0.9978299 -0.01390814 0.1044458 -0.9944334 0.06855732 0.04200416 -0.9967626 0.08453059 -0.08468288 -0.9928159 0.07897245 -0.2147184 -0.973478 0.08002531 -0.2183295 -0.9725885 -0.1012701 0.9621709 -0.2529259 -0.3235372 0.9448674 0.05049073 -0.4195058 0.8961429 -0.1447168 -0.6503641 0.7296082 0.2114202 -0.7379745 0.6508266 -0.1783775 -0.9576351 0.1951805 -0.2117535 -0.9565857 -0.200128 -0.2118786 -0.907557 -0.3581254 0.219287 -0.7307252 -0.6778595 0.08091509 -0.69288 -0.7116922 -0.1158079 -0.4407624 -0.8976084 -0.005260229 -0.298965 -0.8755382 -0.379543 0.3338328 -0.9264478 -0.1739258 0.7197436 -0.6644334 0.2012398 0.7779334 -0.5957817 -0.1996592 0.904872 -0.3081716 -0.2936618 0.9411823 0.2496696 -0.2276862 0.9541987 0.2753118 -0.1170818 0.7487782 0.5781931 0.3240741 0.6128956 0.7565392 -0.2280515 0.4947169 0.8543447 0.159218 0.2030623 0.949166 -0.2405193 0.05514115 0.9960647 0.06938648 0.9592785 -0.1886658 0.2102141 0.3271778 -0.9366158 -0.1253216 -0.04206126 -0.9504759 0.3079391 -0.9965853 -0.06551331 0.05025607 -0.9318169 0.3070477 0.1934914 -0.7108947 -0.6683796 0.218855 0.7346521 -0.1271219 0.6664282 -0.7842598 0.5982815 -0.1643046 0.3608226 0.9304749 -0.06343168 0.4710985 -0.4083744 -0.7818546 -0.4654578 -0.8796932 -0.09741121 -0.9399898 0.3250146 -0.1038495 -0.04203295 0.9984842 0.03553396 0.5159657 0.6352961 -0.5746114 -0.8548772 -0.4804168 0.1959201 -0.5877484 0.2990019 -0.7517645 0.4006537 0.9148131 -0.05092877 0.8962691 -0.22473 -0.3823589 0.3324158 -0.8680074 -0.3688671 -0.8832955 -0.4675545 0.03437995 0.3346689 -0.8601145 -0.3849675 0.6358811 -0.03338521 -0.7710648 -0.02696686 0.9605605 -0.2767604 -0.4282361 0.8865458 0.1750722 -0.2962887 -0.8294137 -0.4735884 -0.9185739 0.3578479 -0.1678304 0.4436631 0.7446137 -0.4987118 -0.7644336 -0.6384099 0.08985638 0.1625791 -0.5632516 -0.8101332 -0.8830774 0.3716019 0.2865073 0.1231715 0.9546467 0.2710694 0.9374101 -0.3471217 -0.02772808 0.899744 -0.3550624 0.2537547 -0.7383607 -0.6188386 -0.2680715 -0.8489528 0.3088584 0.4288191 0.3455193 0.8949745 0.2822005 0.7139173 -0.6905005 -0.1163231 -0.3875002 -0.9169425 0.09518533 0.8597427 -0.4244191 -0.2840969 -0.3617854 0.5399363 0.759987 0.01856899 0.154392 0.9878352 -0.8661752 -0.4898673 0.09884655 0.2989363 -0.7337833 0.6100814 0.7980365 0.3911575 0.4584034 0.661582 -0.1679223 0.7308293 -0.3123461 -0.6205521 0.7192741 0.2246788 0.7270141 0.648822 -0.5592299 0.4889155 0.6694951 -0.889555 -0.446656 0.0958662 -0.8830733 -0.4602015 0.09163004 0.1871998 -0.9667261 0.1743471 0.3994777 -0.9155178 0.04737979 0.9494376 0.3082816 0.0594204 0.8828624 0.4677114 -0.04242724 -0.3210372 0.9389587 0.1236599 -0.7095198 0.6985135 -0.09306317 -0.1187554 0.3194569 0.94013 0.2960093 0.09607386 0.9503412 0.5339257 -0.1050008 -0.8389865 -0.4647328 0.7804957 0.4181506 0.5590332 0.4986056 0.662476 0.7548531 -0.6012316 -0.2621397 0.4631322 0.5087165 -0.7257522 -0.545377 0.7590869 0.3554589 -0.4498093 -0.831531 0.325926 0.5426911 -0.5100377 -0.667344 0.3701406 0.9236004 -0.0997917 -0.879693 0.4654576 -0.09741371 -0.3508821 -0.290149 -0.8903344 0.5151466 -0.8459407 0.1378707 0.1531821 0.8410311 0.5188468 -0.07747519 0.4348538 -0.8971621 -0.7999577 -0.3621941 0.4784173 -0.8279788 -0.3839113 0.408734 0.856965 -0.4927248 0.1511071 -0.1260258 -0.6272959 -0.7685164 0.7746707 0.2262325 -0.5905118 0.3587131 0.9317502 -0.05627286 -0.5608062 0.2442601 -0.7910965 0.762615 0.5592348 -0.3250769 0.6446933 -0.4080363 -0.6464341 -0.3699036 -0.8180745 -0.4403697 -0.4761555 0.7736709 0.4179824 0.7255038 0.6111629 0.316424 0.7318066 -0.5494682 -0.4031674 0.02070635 -0.4292506 0.9029481 0.3540258 0.9001885 -0.2536269 0.7662149 -0.17466 0.6183919 -0.8970628 -0.433202 0.08726096 -0.9203865 0.3453897 0.1832888 0.3381543 0.8537241 0.3959886 0.6976506 -0.7164241 0.004511415 -0.5359696 -0.8421031 0.05999082 -0.3953088 -0.6935867 -0.6022197 0.4765499 -0.1092343 0.8723349 -0.2579808 -0.4969947 0.8285181 0.4629803 -0.8729056 -0.1539005 -0.4639607 0.22706 0.8562618 -0.7292587 -0.2433834 -0.6394892 0.1731371 -0.4904428 0.8541015 0.7222227 0.4964871 0.4815548 -0.4677689 0.7956497 0.3848819 -0.8724846 -0.3594822 0.330973 -0.456313 -0.8862104 0.08006155 0.2192372 -0.9456721 0.2400823 0.7986694 -0.6015546 -0.01610368 0.9323285 0.3026117 0.1979639 0.7785983 0.6252608 0.05323296 -0.3059697 0.9437624 0.1252805 -0.5468147 0.8370492 -0.01850241 -0.897614 -0.4250925 0.1165573 -0.7957261 -0.5732694 0.1954032 -0.111185 0.3119958 0.9435554 0.2989439 0.09705561 0.9493224 -0.7447458 0.1718524 0.6448416 0.2997913 0.9471363 -0.1142724 0.8680083 0.3324122 -0.3688681 0.2247285 0.8962691 -0.3823596 -0.9148144 0.400651 -0.0509268 -0.2990015 -0.587747 -0.7517657 0.480415 -0.8548783 0.1959201 -0.635298 0.5159621 -0.5746126 -0.9984841 -0.04203146 0.03553885 -0.3250149 -0.9399898 -0.1038492 0.8796926 -0.4654589 -0.09741199 0.3509221 0.2901667 -0.8903129 -0.5131725 0.8480339 0.1322594 0.5686733 0.1513085 -0.8085272 0.3380719 0.8925419 0.2984569 0.6164962 -0.774479 0.1418267 -0.668627 -0.2576823 -0.6975227 -0.3578472 -0.9185745 -0.1678286 0.829414 -0.2962895 -0.4735875 -0.8865456 -0.4282346 0.1750776 -0.9605594 -0.02696698 -0.276764 0.03338593 0.6358815 -0.7710644 0.8601148 0.3346692 -0.3849666 0.4675571 -0.8832942 0.03437995 -0.5591001 -0.8151908 0.1512321 -0.896734 0.358972 -0.2588579 0.3470115 0.9001933 0.2631258 0.3466418 0.8950345 0.2806292 0.5790507 -0.7336755 -0.3555569 -0.2752801 -0.7749243 0.5689579 -0.7863183 0.1841791 0.5897303 0.891027 0.4497022 -0.06195783 0.916943 -0.3874988 0.09518539 0.4244168 0.8597438 -0.2840971 -0.5399358 -0.3617877 0.7599861 -0.1543921 0.01856756 0.9878352 0.489866 -0.8661762 0.09884446 0.7337813 0.2989363 0.6100837 -0.3911552 0.7980377 0.4584033 0.1471536 0.6271738 0.7648522 -0.4593573 0.8753535 -0.1508222 0.6295959 -0.3173119 0.70917 -0.3878687 0.7408147 0.5484082 -0.6294013 -0.4370425 0.6425325 0.4466555 -0.8895553 0.09586662 0.4602013 -0.8830735 0.09163045 0.9667263 0.1872002 0.1743463 0.9155172 0.3994788 0.04738026 -0.3082796 0.9494383 0.05941981 -0.4677115 0.8828623 -0.042427 -0.9389584 -0.3210379 0.1236604 -0.6985133 -0.7095198 -0.09306365 0.6378093 -0.7338747 0.2337247 -0.0960747 0.2960095 0.950341 -0.3194557 -0.1187579 0.9401302 0.8193493 -0.2264179 0.5266894 0.6012668 0.754889 -0.2619559 -0.5087149 0.4631336 -0.7257524 -0.7590891 -0.5453775 0.3554536 0.8315367 -0.4498029 0.3259205 0.5100358 0.5426896 -0.6673466 -0.9236007 0.3701401 -0.09979051 -0.4654585 -0.8796924 -0.09741532 0.2901442 -0.3508844 -0.890335 0.8459458 0.5151373 0.1378747 -0.8423202 0.154168 0.5164582 -0.9926678 0.08777087 -0.083108 0.3218525 -0.6603074 0.6785317 0.5695372 -0.5327761 -0.6259211 0.4981223 0.8287848 0.254931 -0.01109391 0.5431127 -0.8395865 -0.9253815 0.1914601 0.3271272 0.6510206 0.3640448 -0.6660658 -0.1398499 -0.6188942 -0.7729244 -0.2257636 0.7760027 -0.5889403 -0.9317502 0.3587136 -0.05626744 -0.2442619 -0.5608065 -0.7910956 -0.5592341 0.7626167 -0.3250741 0.4080088 0.6447089 -0.6464359 0.8179435 -0.3696258 -0.440846 -0.6988554 -0.3091597 -0.6449973 0.3352515 -0.8766108 0.3451955 -0.1271439 -0.5413696 0.8311158 -0.9088835 0.1924829 -0.3699743 0.5200511 0.7221224 -0.4561645 0.429251 0.02070724 0.9029479 -0.9001882 0.3540185 -0.2536379 0.1746636 0.7662118 0.6183949 0.4332028 -0.8970625 0.08726006 -0.3453881 -0.9203871 0.1832887 -0.8537248 0.3381559 0.3959857 0.7164226 0.6976525 0.004449486 0.8421124 -0.5359405 0.06011998 0.6933416 -0.3950875 -0.602647 0.1092026 0.4765537 0.8723368 0.4969975 -0.2579762 0.8285178 0.872901 0.4629876 -0.1539049 -0.2270585 -0.4639616 0.8562618 0.243382 -0.72926 -0.6394882 0.4904484 0.1731377 0.8540983 -0.4175713 0.3719944 0.8290082 0.8862091 -0.4562935 0.08018517 0.9457271 0.2187962 0.2402679 0.6015731 0.7986553 -0.01610946 -0.3026114 0.9323286 0.1979641 -0.625263 0.7785966 0.05323266 -0.9437631 -0.3059674 0.1252806 -0.8370484 -0.5468161 -0.01850193 0.4248694 -0.8977615 0.1162342 0.573507 -0.7955541 0.195406 -0.09701997 0.2988373 0.9493595 -0.3121787 -0.1112434 0.9434879 -0.9827259 -0.06565904 0.1730281 -0.05370539 -0.7940778 0.605439 -0.3324158 0.8680074 -0.3688671 -0.8962694 0.2247301 -0.3823581 -0.4006517 -0.9148141 -0.05092602 0.5877459 -0.2990029 -0.7517659 0.8548772 0.4804168 0.1959201 -0.5159663 -0.635295 -0.5746122 0.04203295 -0.9984841 0.0355339 0.9399895 -0.3250156 -0.1038495 0.4654578 0.8796932 -0.09741121 -0.2923071 0.3559443 -0.8876149 -0.8635473 -0.4973624 0.08316767 0.2518005 -0.6691778 -0.6991407 0.9185745 -0.3578467 -0.1678298 0.2962887 0.8294137 -0.4735884 0.4282369 -0.8865454 0.1750725 0.02696692 -0.9605604 -0.2767608 -0.6358824 0.03338682 -0.7710635 -0.3346689 0.8601145 -0.3849675 0.8832955 0.4675545 0.03437995 -0.1518544 -0.9882006 0.01999765 -0.993821 -0.06497031 0.08999276 -0.7752932 0.2124775 0.5947888 0.8841602 0.4371016 -0.1649335 0.7880415 -0.2810936 0.5477016 -0.1768413 -0.7794559 0.600979 -0.4497014 0.8910276 -0.0619567 0.3875002 0.9169425 0.09518533 -0.8597427 0.4244191 -0.2840969 0.3617854 -0.5399363 0.759987 -0.01856905 -0.1543922 0.9878352 0.8661752 0.4898673 0.09884655 -0.2989363 0.7337833 0.6100814 -0.7980369 -0.3911577 0.4584024 -0.6271749 0.1471536 0.7648515 -0.8805104 -0.4538831 -0.1367173 0.3343275 0.6604645 0.6723183 -0.326686 0.9315837 -0.1594621 -0.7793769 -0.3840991 0.4950147 0.4062071 -0.5285487 0.7454074 0.8877856 -0.4226364 0.1822509 0.889555 0.446656 0.0958662 0.8830733 0.4602015 0.09163004 -0.1871998 0.9667261 0.1743471 -0.3994777 0.9155178 0.04737979 -0.9494376 -0.3082816 0.0594204 -0.8828624 -0.4677114 -0.04242724 0.3210372 -0.9389587 0.1236599 0.7095198 -0.6985135 -0.09306317 -0.3079716 0.9220892 -0.2343184 0.8238536 0.5576431 -0.1014863 0.8794559 0.4439057 0.1717709 0.1187554 -0.3194569 0.94013 -0.2960093 -0.09607386 0.9503412 -0.2901066 0.2553393 -0.9223016 0.004873037 0.9179907 0.3965723 -0.7548531 0.6012316 -0.2621397 -0.4631322 -0.5087165 -0.7257522 0.545377 -0.7590869 0.3554589 0.4498093 0.831531 0.325926 -0.5426911 0.5100377 -0.667344 -0.3701406 -0.9236004 -0.0997917 0.879693 -0.4654576 -0.09741371 0.4680254 0.33854 -0.8162984 -0.5246697 0.7933825 0.3086522 -0.1531821 -0.8410311 0.5188468 0.07747519 -0.4348538 -0.8971621 0.9767205 0.1953895 0.08854472 -0.857299 0.5097382 -0.07214802 0.2058087 0.9586929 -0.1963433 -0.7746707 -0.2262325 -0.5905118 -0.3587131 -0.9317502 -0.05627286 0.5608062 -0.2442601 -0.7910965 -0.762615 -0.5592348 -0.3250769 -0.6446933 0.4080363 -0.6464341 0.3699036 0.8180745 -0.4403697 0.9362568 0.3405519 0.08630108 0.4767267 -0.7769096 0.41127 -0.7454738 -0.6338745 0.2060874 -0.6965041 0.6079913 -0.3810889 0.3079765 0.8762534 0.3705813 -0.3540258 -0.9001885 -0.2536269 -0.7662149 0.17466 0.6183919 0.8970628 0.433202 0.08726096 0.9203865 -0.3453897 0.1832888 -0.3381543 -0.8537241 0.3959886 -0.6976506 0.7164241 0.004511415 0.5359696 0.8421031 0.05999082 0.3953088 0.6935867 -0.6022197 -0.4765499 0.1092343 0.8723349 0.2579808 0.4969947 0.8285181 -0.4629803 0.8729056 -0.1539005 0.4639607 -0.22706 0.8562618 0.9665793 0.1326467 -0.2193844 -0.7770003 -0.4975103 0.3856866 0.4919124 -0.7291073 0.4758412 0.9078741 0.1646834 0.3855438 -0.9323285 -0.3026117 0.1979639 -0.7785983 -0.6252608 0.05323296 0.3059697 -0.9437624 0.1252805 0.5468147 -0.8370492 -0.01850241 0.897614 0.4250925 0.1165573 0.456313 0.8862104 0.08006155 -0.2192372 0.9456721 0.2400823 -0.7986694 0.6015546 -0.01610368 0.7957261 0.5732694 0.1954032 0.111185 -0.3119958 0.9435554 -0.2989439 -0.09705561 0.9493224 -0.3100966 -0.5183823 -0.7969441 -0.8680083 -0.3324122 -0.3688681 -0.2247285 -0.8962691 -0.3823596 0.9148144 -0.400651 -0.0509268 0.2990015 0.587747 -0.7517657 -0.480415 0.8548783 0.1959201 0.635298 -0.5159621 -0.5746126 0.9984841 0.04203146 0.03553885 0.3250149 0.9399898 -0.1038492 -0.8796926 0.4654589 -0.09741199 -0.4723149 -0.3402509 -0.8131101 0.5250122 -0.796389 0.3002113 -0.1279267 -0.9916729 -0.01482373 0.668627 0.2576823 -0.6975227 0.3578472 0.9185745 -0.1678286 -0.829414 0.2962895 -0.4735875 0.8865456 0.4282346 0.1750776 0.9605594 0.02696698 -0.276764 -0.03338593 -0.6358815 -0.7710644 -0.8601148 -0.3346692 -0.3849666 -0.4675571 0.8832942 0.03437995 0.8773458 -0.3198485 0.357717 0.5583727 0.8152695 0.153479 0.6777338 -0.5359407 -0.5034326 -0.2178544 -0.8167085 0.5343471 -0.4356101 0.8879015 -0.1479012 0.2752801 0.7749243 0.5689579 0.7863183 -0.1841791 0.5897303 -0.891027 -0.4497022 -0.06195783 -0.916943 0.3874988 0.09518539 -0.4244168 -0.8597438 -0.2840971 0.5399358 0.3617877 0.7599861 0.1543921 -0.01856756 0.9878352 -0.489866 0.8661762 0.09884446 -0.7337813 -0.2989363 0.6100837 0.3911552 -0.7980377 0.4584033 -0.1471536 -0.6271738 0.7648522 0.4593573 -0.8753535 -0.1508222 -0.6558851 0.3317987 0.6780298 -0.9525321 -0.285651 -0.105291 0.6327206 0.4382305 0.6384503 -0.9667263 -0.1872002 0.1743463 -0.9155172 -0.3994788 0.04738026 0.3082796 -0.9494383 0.05941981 0.4677115 -0.8828623 -0.042427 0.9389584 0.3210379 0.1236604 0.6985133 0.7095198 -0.09306365 -0.9235732 -0.3315533 0.1925749 -0.6113691 0.7410566 -0.2776021 -0.4373533 0.8636018 0.2508268 -0.4466555 0.8895553 0.09586662 -0.4602013 0.8830735 0.09163045 0.3194557 0.1187579 0.9401302 0.0960747 -0.2960095 0.950341 0.009498476 -5.34628e-4 0.9999548 0.4326623 -0.5407006 0.7214197 0.01947379 0.1249843 0.9919676 0.02665126 0.02844482 0.9992401 -0.06053709 -0.03146862 0.9976698 -0.07954639 0.4400446 0.8944458 0.09297025 -0.02516114 0.9953509 0.05149936 0.0307911 0.9981983 -0.109737 0.03340268 0.9933993 -0.06496757 -0.0609619 0.9960236 -0.01154881 0.03955894 0.9991506 -0.01634621 0.01626878 0.9997341 -0.003221511 0.003869295 0.9999874 -0.01259279 -0.02533519 0.9995998 0.1213009 -0.4059317 0.9058176 -0.003347277 0.0265972 0.9996407 0.3301648 0.04153621 -0.943009 -0.001023769 0.03230994 0.9994775 -0.001767456 0.03249049 0.9994705 0.01142054 0.03884994 0.9991799 0.01267695 -0.004044353 0.9999115 0.01323527 8.35742e-4 0.9999122 -0.01322978 0.009752035 0.999865 -0.03378862 0.001590549 0.9994278 -0.001601994 -0.006647646 0.9999766 -0.01240503 0.0169931 0.9997787 0.01507204 -0.003283143 0.999881 0.008096039 -0.01405405 0.9998686 0.01449674 -0.02189528 0.9996552 -0.1526597 0.05160647 0.9869306 0.01902341 -8.26732e-4 0.9998187 0.02498334 0.02958792 0.99925 -0.03500312 -0.1641741 0.9858102 0.04188221 0.06282752 0.9971452 -0.004180371 -0.01506137 0.9998779 0.02174788 0.00656116 0.999742 -0.01237189 -0.03062939 0.9994543 -0.1013585 0.2652218 0.9588451 0.06158602 5.15349e-4 0.9981017 0.01704847 -0.05772036 0.9981873 -0.02283215 0.03109043 0.9992558 -0.03814995 -0.03983646 0.9984777 -0.02751278 0.1116701 0.9933644 0.04304295 0.06616431 0.9968799 0.04258096 0.009334564 0.9990495 0.002181947 -0.02370524 0.9997166 -0.02531462 -0.02587115 0.9993448 -0.3956847 0.2764189 0.8758004 0.01836508 -0.1232769 0.9922024 -0.01556259 0.04838675 0.9987075 0.02519214 1.71604e-4 0.9996826 -0.134267 0.1346582 0.9817534 0.0335347 0.04974699 0.9981988 -0.03238689 -0.03847849 0.9987345 0.101578 -0.1231487 0.987176 -0.01961302 -0.04174631 0.9989358 0.01936018 0.04357975 0.9988623 0.01322221 -0.03354376 0.9993498 -0.01051062 -0.04914259 0.9987366 -0.003245353 0.1210649 0.9926393 0.03193378 -0.05997341 0.9976891 -0.08848625 -0.005500853 0.9960623 0.0129776 0.03457814 0.9993178 0.2358717 -0.5523116 0.7995727 0.02783524 0.04302787 0.9986861 0.04510688 0.02248179 0.9987292 0.05989426 -0.04970914 0.9969663 0.02450966 -0.02307891 0.9994332 0.1316709 0.03886157 0.9905315 -0.0256173 -0.03697526 0.9989878 -0.01906985 -0.06217956 0.9978829 -0.1753823 0.1527813 0.9725733 0.03242295 0.02477848 0.999167 0.06016474 0.02108198 0.9979658 0.03225332 0.02426797 0.9991851 -0.1639067 -0.08272862 0.9830009 0.0092417 -0.03465694 0.9993566 0.00905168 -0.01307469 0.9998736 -0.02036029 0.009802401 0.9997447 -0.8965283 -0.4329372 -0.09382277 -0.442724 0.8932406 -0.07820987 0.7547488 0.6544692 0.04499369 0.6183083 -0.783633 -0.06011837 0.329935 -0.9327682 0.1452117 0.5011822 0.8364256 0.2218309 -0.9899248 0.0179522 0.1404516 -0.001968145 -6.22289e-4 0.999998 -0.2143764 -0.9732499 -0.0826289 -0.5713951 -0.8202379 0.02678531 -0.6630114 -0.7131095 0.2277956 -0.8935974 -0.4466712 -0.04436886 -0.9989767 0.01405489 0.04299086 -0.7228779 0.647899 0.2401552 -0.5406538 0.8406839 -0.03072732 -0.0284276 0.9980901 0.05484557 -0.09336346 0.9840717 0.1512816 0.4416388 0.8971844 -0.003920614 0.8160979 0.5778397 -0.009251654 0.8816161 0.4537655 0.1298081 0.9888266 0.1459257 -0.03045761 0.9640609 -0.1686916 0.2052551 0.9325714 -0.3608019 -0.01152241 0.6644072 -0.7395128 0.1080929 0.6545975 -0.751035 0.0863052 0.2367001 -0.9324023 0.2731285 0.1161184 -0.993128 0.01461493 0.528261 0.8405929 0.1197661 -0.875578 0.4827128 -0.01875084 -0.98126 -0.07760512 0.1763701 -0.002896606 0.003770351 0.9999887 -0.001278519 0.007373452 0.999972 -0.001483738 0.003374516 0.9999933 0.01453626 -0.03533208 0.99927 -0.01106733 0.003199577 0.9999337 0.002910614 0.004735887 0.9999846 -0.005675375 0.001232147 0.9999831 0.9360502 0.2966768 -0.18919 0.6015849 -0.7816343 0.1647529 -0.5133146 -0.4189243 -0.7490064 -0.962485 -0.2092854 0.1726914 -0.2582247 0.9489322 0.1812396 0.8581707 0.3563653 0.3695225 -0.8631222 0.2087472 0.4598312 0.5730096 0.6416389 0.5098625 0.479461 -0.09444922 -0.8724659 0.1170357 -0.992906 -0.02098661 -0.943431 -0.191654 -0.2705676 -0.5461702 0.2073641 -0.8116022 0.4330338 -0.1368344 0.8909311 0.1000772 0.3793683 -0.9198175 0.3110773 0.389275 -0.8670041 -0.4050536 0.8808165 -0.2451405 0.1344544 -0.9017103 -0.4109022 -0.05264627 0.6533247 -0.7552452 0.4369621 0.6806362 -0.5880463 -0.5338405 0.6702789 -0.5155003 0.6746379 -0.4549818 -0.5812534 -0.2740334 0.9523542 0.1338929 0.5046194 -0.6885715 -0.5207961 -0.8676373 -0.07415831 -0.491636 0.8477037 0.3482711 0.4001321 0.5093796 -0.8457808 0.1587047 -0.587108 -0.7883941 -0.1836822 -0.7747002 0.01745468 0.632088 0.6439625 0.5783826 -0.5007855 -0.03430247 -0.7478205 -0.6630142 0.4566702 -0.1662998 0.8739547 0.4717139 -0.1347385 0.8713964 -0.1199418 0.4813808 0.8682664 -0.8942233 0.236819 0.3798441 0.2251898 -0.7491884 0.6229016 -0.3290739 -0.6073212 0.7230985 0.5000899 -0.8600819 -0.100844 0.1945265 0.2985643 0.9343548 -0.673838 0.2388224 0.6992183 -0.08064478 -4.66251e-4 0.9967429 0.2534599 -0.03261578 0.9667959 -0.173123 -0.07819402 0.9817913 -0.9037228 -0.4121373 -0.1158795 -0.6355308 0.7347516 -0.2371516 -0.605672 0.7821604 -0.1462413 0.07833802 -0.6079466 -0.790104 -0.8967741 -0.3208631 -0.3047018 0.9476713 -0.3084356 0.08238214 -0.3523058 -0.710483 -0.6091753 -0.9201278 -0.282078 0.271656 -0.417338 0.5563952 -0.7185077 0.6222409 0.564614 0.5422429 0.1277917 -0.6057124 -0.7853547 -0.8389223 -0.5430551 0.03606641 -0.3375757 0.9255135 0.171661 0.3082968 0.5562108 -0.7717399 0.429193 -0.8570318 -0.2851138 0.8512904 0.2471149 -0.4628596 0.8807123 0.4047027 -0.2460927 -0.4158819 0.8622528 -0.289072 -0.7614141 -0.1729198 -0.6247778 0.6467801 -0.7626025 -0.01063328 0.9187083 -0.2551214 -0.3014767 0.5363422 0.6861198 -0.4915046 0.9969146 0.05144166 -0.05928814 -0.929441 -0.3449518 -0.1309486 -0.3814816 0.3726728 0.8459237 0.5216352 0.8169131 -0.2460684 0.9130609 -0.258733 -0.3152414 -0.4866993 0.861876 -0.1424562 0.2080923 0.7883383 0.5789823 -0.8237114 -0.5445303 0.1580703 -0.3035288 0.9488905 -0.08647203 -0.506945 0.1966854 0.8392388 -0.4995293 -0.5921956 0.6322776 0.6165734 -0.7272701 0.3015218 0.8042387 0.2451555 -0.5413862 0.2112013 -0.7899748 0.575616 -0.7646687 0.5000703 0.4064623 -0.2195814 -0.476415 0.8513594 0.4067373 -0.9041846 -0.1304419 0.9013931 -0.2137036 0.3765918 0.5323565 0.595324 0.6018188 0.1933098 0.9805577 -0.03373211 -5.03942e-4 0.0802685 0.9967731 -0.0232715 -0.1553088 0.9875918 0.1906045 -0.1528671 0.9696915 0.03692102 0.9238991 -0.3808508 0.1235374 0.9664808 -0.2250631 0.1147391 -0.8995386 -0.4215039 -0.6722593 -0.02767717 -0.7397982 -0.9555993 0.2764801 0.1019259 0.8196219 0.1954196 -0.5385454 0.3053569 -0.9155485 -0.2617787 -0.8747477 -0.4822723 -0.04722321 -0.06252026 0.8608872 0.5049402 0.3409675 0.4387602 -0.8314029 0.7503904 -0.3635936 0.5520092 0.8867288 -0.3611516 0.2885857 0.2890082 -0.8355426 -0.4672718 -0.1241586 -0.9802523 0.1539162 -0.8975585 -0.4345037 -0.07480221 -0.775723 0.06872838 -0.62732 0.9184018 0.3809689 -0.1067749 0.7374858 -0.6489923 0.1868792 -0.2451962 -0.6867283 -0.6843122 -0.854843 -0.4615741 0.2370506 0.5571137 0.02544111 -0.8300466 0.8385717 -0.305079 -0.4513583 0.244035 0.3360841 -0.9096672 -0.5183766 0.7611248 0.3898397 -0.2722562 0.1685343 -0.9473505 0.4535566 -0.8908569 0.02569705 0.07283884 -0.9971948 0.01723247 0.7511641 0.3651275 0.5499404 0.1877049 -0.947933 0.2572745 -0.8769786 0.2326269 0.420468 0.08315485 0.9639057 0.2529252 0.2387943 -0.6887419 -0.6845523 -0.4456691 -0.2329209 0.8643651 0.3215532 0.3432922 0.8824705 -0.5695095 0.8110955 -0.1333532 0.8673717 -0.3374224 0.3658037 0.0922423 0.5763898 0.8119521 0.01739054 0.9593535 -0.2816709 0.2874903 0.4129644 0.8641816 -0.4093492 -0.09389501 0.9075335 0.2996613 -0.4973456 0.8141563 0.9773656 0.1527076 0.1464138 -0.3073228 -0.0182721 0.9514299 0.03796887 -0.0197252 0.9990843 0.6868293 0.6428747 -0.3390837 -0.9368695 -0.2977948 -0.1832867 -0.5980308 0.7749851 0.204346 0.5576969 0.2977616 -0.7747982 0.9439815 0.2189739 0.2468792 0.2582222 -0.9489374 0.1812155 -0.8581707 -0.3563653 0.3695225 0.8631222 -0.2087472 0.4598312 -0.5730096 -0.6416389 0.5098625 -0.479461 0.09444922 -0.8724659 -0.1170357 0.992906 -0.02098661 0.943431 0.191654 -0.2705676 0.5461702 -0.2073641 -0.8116022 -0.4330338 0.1368344 0.8909311 0.4095414 -0.7657314 0.4959148 -0.3110773 -0.389275 -0.8670041 0.4050536 -0.8808165 -0.2451405 -0.1344544 0.9017103 -0.4109022 0.05264627 -0.6533247 -0.7552452 -0.4369838 -0.6806381 -0.5880281 0.5527412 -0.4797864 -0.6813826 -0.7111189 0.5984414 -0.3690227 -0.36411 -0.3671463 -0.8559367 0.3694417 -0.8998763 -0.2318096 -0.5046194 0.6885715 -0.5207961 0.8676373 0.07415831 -0.491636 -0.8477037 -0.3482711 0.4001321 -0.5093796 0.8457808 0.1587047 0.587108 0.7883941 -0.1836822 0.7747002 -0.01745468 0.632088 -0.6439625 -0.5783826 -0.5007855 0.03430247 0.7478205 -0.6630142 -0.4566702 0.1662998 0.8739547 -0.4717139 0.1347385 0.8713964 0.1199418 -0.4813808 0.8682664 0.8942233 -0.236819 0.3798441 -0.2251898 0.7491884 0.6229016 0.3290739 0.6073212 0.7230985 -0.5000899 0.8600819 -0.100844 -0.1941113 -0.2979526 0.9346364 0.5909072 -0.2962226 0.7503873 0.08064478 4.66251e-4 0.9967429 -0.2534599 0.03261578 0.9667959 0.173123 0.07819402 0.9817913 0.01168268 0.6101662 -0.7921873 0.7982112 0.4998871 -0.3361129 0.3266174 -0.9271962 -0.1833807 0.5644043 0.8150842 -0.1307123 0.9819942 -0.1604835 -0.09966266 0.3604621 -0.3427302 -0.867527 -0.3628569 -0.8872047 0.2849607 -0.9822023 0.1710605 -0.07756912 -0.452267 0.8889971 0.07168561 0.3617411 0.8062486 -0.4680884 0.3809771 -0.9183818 -0.1069178 -0.6490061 -0.7375035 0.1867614 -0.6865193 0.2455856 -0.6843822 -0.4612262 0.8544797 0.2390288 -0.3554583 -0.4874507 -0.797522 -0.3049459 -0.838643 -0.4513159 0.3812516 -0.4211076 -0.8229919 0.7734091 0.527221 0.3519608 -0.7127354 0.4957462 -0.4962298 -0.7119553 -0.6028671 -0.3600986 0.1298551 0.3565616 -0.9252035 -0.8676627 -0.413428 0.2761137 0.3350678 -0.7566712 -0.5614075 0.6445442 0.1557615 -0.7485327 -0.6632865 0.7473059 0.03981226 -0.7888168 -0.4268979 0.4421834 -0.6569427 0.7539312 0.003751456 0.8327734 0.5527142 -0.03155153 -0.6670833 -0.4874809 -0.5633491 -0.9230609 0.2791371 0.2646527 0.3020805 0.7110372 0.6349596 0.3434229 -0.321877 0.8823016 0.8114456 0.5691956 -0.1325614 -0.3366936 -0.8658066 0.3701573 0.5631379 -0.1162233 0.8181492 -0.6248328 0.255739 0.7376867 0.3178852 -0.1708307 0.9326124 -0.08817398 0.3535176 0.931263 0.4399473 -0.5396923 0.7177594 -0.01842778 0.3062071 0.9517866 -0.0198509 -0.03810995 0.9990764 -0.1536175 0.689734 -0.7075795 0.9163677 0.2509503 -0.3119201 0.874616 0.4303756 0.2232127 0.3886952 -0.4767801 -0.7884141 -0.1543928 -0.9389275 0.3075354 -0.9476713 0.3084356 0.08238214 0.3523058 0.710483 -0.6091753 0.9201278 0.282078 0.271656 0.417338 -0.5563952 -0.7185077 -0.6222409 -0.564614 0.5422429 -0.1277917 0.6057124 -0.7853547 0.8389223 0.5430551 0.03606641 0.3375757 -0.9255135 0.171661 -0.3082968 -0.5562108 -0.7717399 -0.429193 0.8570318 -0.2851138 -0.8512904 -0.2471149 -0.4628596 -0.8807123 -0.4047027 -0.2460927 0.4158819 -0.8622528 -0.289072 0.7614141 0.1729198 -0.6247778 -0.6467801 0.7626025 -0.01063328 -0.9187083 0.2551214 -0.3014767 -0.6447051 -0.6121307 -0.4578771 -0.9953863 -0.09531015 -0.01105469 0.9106478 0.2472119 -0.3310692 -0.2645926 -0.6856923 -0.678098 -0.9130609 0.258733 -0.3152414 0.4866993 -0.861876 -0.1424562 -0.2080923 -0.7883383 0.5789823 0.8237114 0.5445303 0.1580703 0.3035288 -0.9488905 -0.08647203 0.506945 -0.1966854 0.8392388 0.4995293 0.5921956 0.6322776 -0.6165734 0.7272701 0.3015218 -0.8042387 -0.2451555 -0.5413862 -0.2112013 0.7899748 0.575616 0.43309 -0.08203744 0.8976096 0.2195814 0.476415 0.8513594 -0.399964 0.9097099 -0.1116094 -0.8698371 0.1806697 0.4590666 -0.1476833 -0.6328393 0.7600685 5.03942e-4 -0.0802685 0.9967731 0.0232715 0.1553088 0.9875918 -0.1906045 0.1528671 0.9696915 0.3331896 -0.9348279 -0.1228075 -0.1113495 0.8906021 -0.4409411 0.6489522 0.05379611 -0.7589249 0.9388222 -0.262811 0.2225838 -0.80504 -0.237331 -0.543677 -0.3053569 0.9155485 -0.2617787 0.8747477 0.4822723 -0.04722321 0.06358796 -0.8541718 0.5160885 -0.3970348 -0.4246928 -0.8136335 -0.7503904 0.3635936 0.5520092 -0.8867288 0.3611516 0.2885857 -0.2890082 0.8355426 -0.4672718 0.1241586 0.9802523 0.1539162 0.8975585 0.4345037 -0.07480221 0.775723 -0.06872838 -0.62732 -0.9184018 -0.3809689 -0.1067749 -0.7374858 0.6489923 0.1868792 0.2451962 0.6867283 -0.6843122 0.854843 0.4615741 0.2370506 -0.4827851 -0.0221017 -0.8754599 -0.8385717 0.305079 -0.4513583 -0.244035 -0.3360841 -0.9096672 0.5183766 -0.7611248 0.3898397 0.4115456 -0.07580626 -0.9082311 -0.4535566 0.8908569 0.02569705 0.09626466 -0.8095122 -0.5791572 -0.00634849 0.869636 0.4936528 -0.7527793 -0.3826786 0.5356122 -0.1877049 0.947933 0.2572745 -0.2387943 0.6887419 -0.6845523 0.4456691 0.2329209 0.8643651 -0.3215559 -0.3432924 0.8824694 0.5695117 -0.8110941 -0.1333525 -0.8673717 0.3374224 0.3658037 -0.0922423 -0.5763898 0.8119521 -0.01739054 -0.9593535 -0.2816709 -0.2396557 -0.448309 0.861153 0.423179 0.04788321 0.90478 -0.2996613 0.4973456 0.8141563 -0.956261 -0.2345229 0.1748251 0.3073249 0.01827263 0.9514293 -0.03797012 0.01972573 0.9990842 -0.609168 0.774235 -0.1716815 0.7062849 0.7078316 0.01166588 0.8958848 -0.1927068 -0.400318 0.8848044 -0.4405266 -0.1518473 -0.9638119 -0.2664516 -0.008374512 -0.9623047 0.003187179 -0.2719554 -0.426136 -0.8285145 -0.3632797 0.2669947 -0.9636661 -0.007838964 -0.1338191 -0.9127092 -0.3860757 0.8288549 -0.424479 -0.3644407 0.8355119 -0.549238 -0.01604992 0.4067557 0.8890576 -0.2100629 -0.3524829 -0.8922721 -0.2821461 -0.8713079 0.4530022 -0.1887107 0.4625763 0.03365218 -0.8859407 0.8926414 -0.3511769 -0.2826061 -0.4471281 -0.8702685 -0.2066619 0.2700021 -0.9601332 -0.07241052 0.004854261 -0.00151509 -0.9999871 0.002413809 0.02941709 -0.9995644 -0.006617188 0.007004857 -0.9999536 -0.01169919 -0.00680387 -0.9999085 -0.0318762 0.00483185 -0.9994802 0.002323091 -0.00150603 -0.9999962 -0.7676015 0.5940462 0.2406178 0.08613079 0.193365 -0.977339 -0.1616701 0.1904352 -0.9682961 -0.06569439 -0.0265361 -0.9974869 0.07624936 -0.06749695 -0.9948016 -0.02775228 0.02762991 -0.999233 -0.003233075 0.004743099 -0.9999836 0.1503019 0.01392334 -0.9885421 0.1303852 0.01139688 -0.9913979 -0.03351181 -0.01545333 -0.9993188 -0.1986001 0.2578197 -0.9455617 -0.1424636 -0.2020317 -0.968962 -0.03546965 0.05183392 -0.9980257 0.186833 0.2945904 -0.937182 0.1859879 -0.1786407 -0.966176 -0.00516355 0.002872884 -0.9999826 0.01489859 -0.03553581 -0.9992574 -0.03832185 0.0553072 -0.9977338 0.9868609 0.1105586 -0.1178238 0.3618077 0.2441214 -0.8997222 0.1249261 -0.2147932 -0.9686369 -0.2302441 -0.09016227 -0.9689471 -0.1837847 0.1971278 -0.9629973 -0.0356391 -0.02926808 -0.9989361 0.01251542 0.009649276 -0.9998751 0.01264476 0.007807075 -0.9998896 0.0144385 0.007472515 -0.9998679 0.02683466 -0.01755636 -0.9994858 0.02331483 -0.3973144 -0.9173864 -0.1038832 0.08343362 0.9910838 0.0171625 -0.2443294 -0.9695404 -0.001382052 -0.005761325 -0.9999825 -0.01694887 0.07590651 -0.9969709 0.04596471 0.01597607 -0.9988154 0.1259476 -0.9210153 -0.3686031 -0.02700519 -0.005127012 -0.9996222 -0.1941454 -0.1550881 -0.9686359 -0.04231923 0.04168218 -0.9982343 0.04151731 0.01348894 -0.9990468 -0.00192815 -0.01830083 -0.9998307 0.03395444 0.003604292 -0.999417 -0.2019903 -0.2807315 -0.9382908 0.01199954 -0.06680262 -0.9976941 -0.1961211 0.04389768 -0.9795967 0.1207444 0.3096197 -0.943163 -0.1683317 -0.1415591 -0.9755129 4.46406e-4 0.1054797 -0.9944214 0.1697796 0.1766451 -0.9695212 -0.0961129 -0.1051353 -0.9898025 0.06262362 0.0650168 -0.9959172 0.04876732 -0.1438719 -0.988394 -0.1065557 -0.02812767 -0.9939089 0.02314227 0.01913768 -0.9995491 -0.03315109 0.02486908 -0.999141 -0.6221882 0.4871793 -0.6128117 -0.8376426 -0.4528828 -0.3053719 -0.3953776 -0.467681 -0.7905384 -0.1109154 -0.7831549 -0.6118549 0.8105665 -0.4984439 -0.3074668 0.6029907 -0.1086084 -0.7903205 0.7335207 0.2954527 -0.6120907 0.02678269 0.9516967 -0.3058695 -0.2076688 0.5770984 -0.7898299 0.2201356 0.5077209 -0.8329226 0.8115547 0.4058246 -0.4203394 0.3299992 -0.4450296 -0.8324958 -0.05485099 -0.9053567 -0.4210947 -0.5497661 -0.06321734 -0.8329231 -0.7572289 0.4994083 -0.4209463 -0.8551394 0.5093118 -0.0966342 -0.9501183 -0.2991372 -0.08827459 -0.6318137 -0.7751203 3.30194e-4 -0.6070565 -0.7940545 0.03098189 -0.01350712 -0.9952282 -0.09663486 0.73412 -0.6732574 -0.08827453 0.9871807 -0.1596062 3.30096e-4 0.9911997 -0.1286993 0.03098171 0.8686467 0.4859166 -0.09663474 0.2159982 0.9723952 -0.08827447 -0.3553671 0.9347268 3.2988e-4 -0.3841431 0.9227536 0.03098189 0.414801 0.9031538 0.1106944 0.9263532 0.3764749 0.01168656 0.5747534 -0.8108052 0.1106953 -0.1371397 -0.9904829 0.01168656 -0.9895547 -0.09234982 0.1106936 -0.789214 0.6140074 0.0116865 -0.4517419 0.4013844 -0.7967558 -0.6298538 -0.2098525 -0.7478276 -0.1215416 -0.5920497 -0.7966837 0.4965559 -0.4405094 -0.7479196 0.5735808 0.190663 -0.7966509 0.1331145 0.6504244 -0.7478159 -0.3070058 0.730637 -0.6098501 0.135009 0.6437224 -0.7532557 0.6733708 0.3678849 -0.6412741 0.7860832 -0.09942084 -0.6100727 0.4900705 -0.4388709 -0.7531423 -0.01808768 -0.7671855 -0.6411704 -0.4791345 -0.6310477 -0.6100893 -0.6251211 -0.2049809 -0.7531311 -0.6552872 0.3992165 -0.6412682 0.006043672 0.04372513 0.9990254 0.00440073 -0.003616034 -0.9999839 -0.001339137 -0.002058804 -0.999997 0.001818299 0.002152502 -0.9999961 -0.0061028 0.004555344 -0.999971 9.72331e-4 0.001387596 -0.9999986 -5.49973e-4 -0.001414954 -0.9999989 1.0392e-4 -0.0043841 -0.9999904 -0.01145559 -0.003603398 -0.9999279 2.12051e-4 0.004480779 -0.9999899 0.009683489 0.00350821 -0.999947 -0.7506791 -0.6461573 -0.1377023 -0.6353572 -0.7295569 0.2531164 -0.7087821 0.7053815 -0.008055031 -0.7053905 0.7087736 0.008017718 0.7295569 0.635278 -0.2533155 0.6461958 0.7506608 0.1376215 0.6207433 -0.7434258 -0.2489899 0.7434448 -0.6206453 0.2491773 -2.78862e-4 -0.003337204 0.9999945 -2.14163e-4 -7.42407e-4 0.9999998 -7.58528e-4 2.14196e-4 0.9999997 -8.01321e-4 0.004271626 0.9999907 0.006611704 7.51318e-4 0.9999779 4.47177e-4 -0.003179252 0.9999949 7.93334e-4 0.003861546 0.9999923 3.05525e-4 -6.15662e-4 0.9999998 8.6024e-4 4.41456e-4 0.9999995 -0.007030427 5.29748e-4 0.9999752 0.5240918 -0.8469502 0.08946007 -0.358632 -0.9330019 -0.02984398 -0.4957014 -0.8639669 0.08855122 -0.9633314 -0.2557443 -0.08116334 -0.9951429 -0.03038924 0.09363275 -0.7357493 0.6726042 -0.07922601 -0.4997395 0.8601831 0.1017132 -0.1126748 0.9919595 -0.05762559 0.471603 0.8776739 0.08531886 0.9753407 0.2189009 -0.02815788 0.9948102 0.002695679 0.1017132 0.9123298 -0.4049743 -0.06041634 0.5945012 0.8038004 -0.02175909 0.3956123 -0.9182257 -0.01877748 0.7878441 -0.5017152 0.3571884 0.6748379 -0.2933937 0.6771367 0.5838595 0.1295432 0.8014529 0.7376752 0.4985171 0.4553198 0.02982121 0.8377259 0.5452762 -0.07854855 0.6808555 0.7281937 -0.510058 0.4742785 0.7175659 -0.6912961 0.5012812 0.5204104 -0.7661977 -0.3420444 0.5440099 -0.2287585 -0.5922833 0.7725737 -0.09794372 -0.886303 0.4526301 0.2325967 -0.5462431 0.8046846 -0.6180093 -0.1679823 0.7680146 0.3686865 0.4986622 0.7844784 -1.46321e-4 -0.003662884 -0.9999934 0.001702249 -5.84933e-4 -0.9999985 1.07483e-4 -0.001304149 -0.9999992 -0.005129396 -7.69203e-4 -0.9999867 -5.87665e-4 -0.08148574 -0.9966744 -0.01396012 -0.0578311 -0.9982288 -0.04851359 0.06521481 -0.9966914 -0.1508153 0.009347617 -0.9885178 0.06302547 0.01455777 -0.9979058 0.07967782 -0.03428578 -0.9962309 0.4200661 0.8711979 -0.2540841 -0.9785717 0.06818777 -0.1942881 0.7456911 -0.4934051 -0.4477682 6.01771e-4 0.007317662 -0.9999731 -0.03921741 -0.07844358 -0.9961469 -0.06224381 -0.03340679 -0.9975018 0.02258706 -0.06218928 -0.9978088 -0.04800575 -0.03467047 -0.9982452 -0.5969643 0.7285879 -0.3358473 -0.6271913 -0.7670075 -0.1353906 0.7441364 0.06593781 -0.6647655 0.07647401 -0.001355767 -0.9970707 4.31175e-4 -0.04142433 -0.9991416 -0.03825539 -0.02995479 -0.998819 -0.1044729 -0.07805722 -0.9914598 -0.02749097 0.2039749 -0.9785901 0.08599948 -0.02737927 -0.9959189 -0.8595085 0.4487053 -0.2447631 0.1768554 -0.9788848 -0.1025028 0.8457462 0.1602295 -0.5089595 -0.02251183 -0.06254184 -0.9977884 0.03508412 -0.04334849 -0.9984438 -0.03469467 -0.03732037 -0.9987009 -0.01242321 -0.03798729 -0.999201 0.03392869 -0.05624073 -0.9978406 -0.695306 -0.6308653 -0.3443233 0.8068585 -0.5801432 -0.1114153 -0.1684368 0.7325596 -0.6595343 -0.001921415 0.03804874 -0.9992741 0.04201811 -0.00848335 -0.9990809 -0.001557409 0.07381528 -0.9972708 0.05066174 0.07150346 -0.996153 -0.1964038 -0.9288063 -0.3142365 0.9428594 0.3309547 -0.03853756 -0.5286635 0.3894529 -0.7542158 0.06975531 0.0192629 -0.9973781 0.05209988 0.02088314 -0.9984236 -0.003138959 -0.006921291 -0.9999711 0.08287912 -0.02027851 -0.9963533 0.05733764 -0.03398883 -0.9977761 0.609746 -0.7161235 -0.339672 0.6273613 0.7668437 -0.135531 -0.7454854 -0.07037055 -0.6627968 -0.06257086 -0.02026808 -0.9978348 0.01722472 -0.01558548 -0.9997302 0.003075659 -0.0698933 -0.9975497 -0.02765238 -0.07977294 -0.9964295 -0.02230912 0.02966284 -0.999311 0.9357671 -0.1253252 -0.3295962 -0.3903642 0.9205475 -0.01443386 -0.356459 -0.5479086 -0.7567914 -0.02989107 0.06657272 -0.9973338 0.01174628 0.07521736 -0.997098 0.002859413 0.01715081 -0.9998489 0.01899194 0.06089824 -0.9979634 -0.03054589 0.05922389 -0.9977773 0.5517038 0.747744 -0.3694617 -0.7682394 0.6258335 -0.1346871 0.1498269 -0.7751944 -0.6136983 0.5472447 -0.8172878 0.1804547 -0.5472447 0.8172878 -0.1804547 -0.1037385 0.3127504 0.9441534 0.8803056 -0.05046796 -0.471715 -0.2294929 -0.9460406 0.22878 -0.1006742 -0.3123203 -0.9446274 -0.3604776 -0.87328 0.3277773 -0.1566134 -0.9545321 -0.2536548 0.9468547 -0.2299506 0.2249202 0.7652857 0.04975217 0.6417653 0.3883593 0.5669147 -0.7264881 -0.4004678 0.1595772 0.9023085 0.3405336 -0.08709007 -0.9361903 -0.8272624 0.5382215 -0.1611043 -0.3492952 -0.004180431 0.9370035 -0.4434282 -0.6360964 0.631469 -0.3591019 -0.5258604 0.7710491 -0.3687348 0.2150084 -0.9043263 -0.9955355 -0.09218257 -0.02028745 0.1885797 0.9809654 0.04631119 0.1558086 0.9819433 0.10729 0.5142774 -0.4937675 -0.7012221 0.892437 -0.4479784 -0.05358886 -0.56953 -0.503031 -0.6500735 -6.74482e-4 0.6129639 0.7901107 -0.9805506 -0.1960121 -0.009991407 0.7385889 -0.6552219 0.1586524 0.2993375 0.1910129 -0.9348323 -0.521156 -0.547793 -0.654461 0.4170298 -0.3803296 -0.8254912 0.4555987 0.7433052 0.4898238 -0.545693 0.0185061 0.8377808 0.08345794 -0.547437 0.832675 0.7305134 -0.2109576 -0.6494975 -0.2561827 0.6578919 -0.7082011 -0.1350636 0.8191856 0.5573982 0.2303687 -0.156031 0.9605128 -0.01180142 0.3321192 -0.9431637 0.6424424 0.005462646 -0.7663146 -0.02948886 -0.7843209 0.6196541 -0.8131186 0.5390177 -0.2197686 -0.2685666 0.03036093 -0.9627826 0.7632306 0.621296 0.1773994 -0.7053629 0.6691665 0.2338367 -0.5110788 -0.8282855 -0.2296552 -0.2133871 -0.1798912 0.9602631 -0.8172876 -0.5472436 0.180459 0.8172877 0.5472437 -0.1804587 0.05923736 0.3743388 0.9253981 0.4986464 0.1197775 -0.85849 -0.6997734 -0.5237705 -0.4857795 -0.5837124 -0.4952578 0.643428 0.1335887 0.3789491 -0.9157247 -0.6096039 -0.6529076 0.4495497 0.3466825 -0.91996 0.1829886 0.5574106 -0.2947353 -0.7761601 0.7433131 0.1228523 0.6575658 -0.007155895 0.7903875 -0.6125655 -0.02902215 0.8302592 -0.5566215 0.5505452 -0.3781745 0.7442339 0.142312 -0.4945901 0.8573961 0.02031081 -0.7132663 -0.7005988 -0.2398003 -0.9185262 -0.3143334 -0.5440534 -0.1067349 0.8322342 -0.8812771 0.4308767 0.1941548 -0.3553279 0.8633643 -0.3582516 0.6175052 0.507661 0.6008059 0.7615702 0.5027194 0.4090039 0.6129676 6.76363e-4 0.7901078 -0.6552217 -0.7385886 0.1586549 -0.1960147 0.9805502 -0.009986698 0.1910121 -0.2993362 -0.9348328 -0.5477943 0.5211591 -0.6544575 -0.3803283 -0.4170289 -0.8254922 0.7433066 -0.4555963 0.4898239 0.01850336 0.5456907 0.8377824 -0.5474357 -0.08345794 0.8326758 -0.2109586 -0.7305124 -0.6494984 0.6578911 0.2561818 -0.7082021 0.819185 0.1350631 0.5573991 -0.1560304 -0.2303686 0.9605128 0.3321167 0.0118007 -0.9431645 0.03036057 0.2685666 -0.9627825 0.005463123 -0.6424416 -0.7663153 -0.7843217 0.02948808 0.6196531 0.5390186 0.8131182 -0.2197673 0.6691663 0.7053627 0.2338378 -0.8282855 0.5110798 -0.2296537 -0.1798914 0.2133871 0.960263 0.6212957 -0.7632318 0.1773947 -0.5472447 0.8172878 0.1804547 0.5472447 -0.8172878 -0.1804547 0.2884087 0.2569571 0.9223847 0.4307494 -0.0325371 -0.901885 -0.0376144 0.02046173 0.9990828 -0.05198448 0.1832688 -0.9816875 0.01437962 0.9981148 -0.05966722 -0.1296738 0.9250014 -0.3571514 -0.8364957 -0.3595635 0.4135082 -0.8964096 -0.1463745 -0.4183593 0.7876211 -0.4142349 0.4561386 -0.5862138 0.08274394 -0.8059199 0.9058455 -0.3861414 0.1741803 0.46669 0.1644232 -0.8690026 0.1374171 -0.8066715 0.5748023 -0.7047702 -0.5876927 -0.397387 -0.5173715 0.1316123 0.8455796 -0.6985105 0.5000551 0.5118867 0.5408208 0.4663071 0.7000504 0.5911964 -0.1635417 -0.7897729 6.74482e-4 -0.6129639 0.7901107 0.9805506 0.1960121 -0.009991407 -0.7385889 0.6552219 0.1586524 -0.2993375 -0.1910129 -0.9348323 -0.2309558 0.9729505 -0.005173265 -0.7850017 -0.3902537 -0.4811178 -0.6386242 0.581834 -0.5036154 0.2295535 -0.4946712 0.8382158 0.8069523 0.4248473 0.4102838 0.05263775 0.5189447 0.8531856 -0.684984 -0.07897531 -0.724265 0.2205057 -0.9417598 -0.2539016 0.2967924 -0.3613349 -0.8839409 -0.8859474 0.332879 0.3229382 -0.0424326 -0.3017799 -0.9524329 -0.1699138 0.2198069 0.9606323 0.8457711 -0.3188375 -0.4278012 -0.6040872 -0.6748127 0.4239183 -0.1213461 0.9562856 -0.2660697 0.7093462 -0.633835 0.3083524 0.8172876 0.5472436 0.180459 -0.8172877 -0.5472437 -0.1804587 0.2569536 -0.2884064 0.9223864 -0.0325374 -0.4307469 -0.9018861 0.02046185 0.03761482 0.9990829 0.1832668 0.05198431 -0.9816878 0.998115 -0.01437956 -0.05966484 0.9250026 0.1296755 -0.3571476 -0.3595623 0.8364935 0.4135138 -0.1463758 0.8964082 -0.4183616 -0.4142343 -0.7876183 0.4561439 0.08274501 0.5862097 -0.8059228 -0.3861411 -0.9058454 0.1741819 0.1644232 -0.4666872 -0.8690041 0.4663076 -0.5408194 0.7000513 -0.1635421 -0.5911964 -0.7897726 -0.806673 -0.1374174 0.5748002 -0.5876907 0.7047712 -0.3973879 0.131609 0.5173701 0.8455811 0.5000556 0.6985082 0.5118895 -0.6129676 -6.76363e-4 0.7901078 0.1960147 -0.9805502 -0.009986698 0.6552217 0.7385886 0.1586549 -0.1910121 0.2993362 -0.9348328 0.9729508 0.230955 -0.005170464 -0.3902505 0.7850066 -0.4811127 0.5818334 0.6386248 -0.5036153 -0.4946713 -0.2295536 0.8382156 0.4248489 -0.8069516 0.4102835 0.5189468 -0.05263859 0.8531844 -0.07897531 0.684985 -0.7242641 -0.9417598 -0.2205044 -0.2539021 -0.3613353 -0.296792 -0.8839408 0.3328797 0.885946 0.3229409 -0.3017816 0.04243272 -0.9524323 0.2198073 0.1699136 0.9606321 -0.3188379 -0.8457708 -0.4278016 -0.6748142 0.6040873 0.4239157 0.9562859 0.1213462 -0.2660683 -0.6338351 -0.7093461 0.3083523 0.9972628 0.0736888 -0.006062388 0.9303213 0.3666683 -0.00752753 0.8183775 0.5740294 -0.0273627 0.5759432 0.8165618 -0.03894233 0.2747415 0.9607561 -0.03827589 -0.1309585 0.9913529 0.008327364 -0.5172682 0.8556901 -0.01510697 -0.8055969 0.5890311 -0.06368821 -0.9739987 0.2241364 -0.03300631 -0.9852787 -0.162562 0.05291044 -0.8532124 -0.5159671 -0.07620155 -0.6383256 -0.7695286 0.01913601 -0.1775742 -0.9839332 -0.01851534 0.2067044 -0.9774758 0.04259598 0.5374498 -0.8432469 0.009085893 0.7992507 -0.6004631 -0.02534705 0.9595217 -0.2814098 -0.01125502 0.9962739 -0.03623002 0.07826679 0.8906733 -0.4501267 0.06392896 0.589515 -0.8059579 0.05388915 0.1993106 -0.9792922 0.03552842 -0.2730672 -0.9600253 0.0615276 -0.647579 -0.7619895 0.003684818 -0.9777621 -0.1923757 0.08350318 -0.9719206 0.2320873 -0.03880691 -0.8431539 0.5376719 -8.14711e-4 -0.4699527 0.8822268 0.02864491 -0.1616569 0.9862926 0.03307831 0.1667918 0.9851773 0.04008024 0.5374561 0.8432567 -0.007692277 0.7994952 0.6006463 -0.005613684 0.933296 0.3590881 -0.003789305 2.79074e-4 2.61629e-4 -1 8.28855e-4 -0.001191735 -0.9999989 1.42095e-4 1.33883e-4 -1 0.008507192 0.001403331 -0.9999629 3.17086e-4 -1.54755e-4 -1 1.29996e-4 -2.15205e-4 -1 0.004750549 -0.001087009 -0.9999882 0 0 -1 -5.77145e-4 -6.8535e-4 -0.9999997 -4.32785e-6 2.93464e-5 -1 0.01247078 0.002815842 -0.9999183 0.003774702 -0.002837359 -0.9999889 0.004525244 -0.02139866 -0.9997608 -0.006639778 -4.90604e-4 -0.9999778 -0.001487076 0.01288503 -0.999916 7.81446e-5 2.53575e-5 -1 -0.001364767 -0.006913721 -0.9999753 0.001396894 0.001463413 -0.999998 0.001787483 -5.24122e-4 -0.9999983 0.001064002 0.003714144 -0.9999926 0.5816441 -0.8095675 -0.07931518 0.8882607 -0.4484436 -0.09945619 0.9803077 0.1928799 -0.04235863 0.6098538 0.765655 0.2045752 0.8801568 0.4746832 -1.90441e-4 0.6535933 0.7568431 0.002090215 0.2735595 0.9618337 0.006422758 -0.1993844 0.9796709 -0.02215796 -0.590344 0.8070742 -0.01119935 -0.8813716 0.4718655 0.02295953 -0.9987707 0.03630661 -0.03374767 -0.9833605 -0.1610031 0.08414417 -0.8488504 -0.5280952 -0.02384501 -0.5671284 -0.8231429 -0.02830576 -0.2095992 -0.9777874 2.66434e-5 -0.2204458 -0.9753591 0.008849561 -0.5762816 -0.8170068 -0.01998859 -0.8155965 -0.5722635 -0.0855382 -0.9852845 0.1672208 0.03537982 -0.8924881 0.4510539 0.003959178 -0.6479495 0.7604029 0.04414653 -0.3037807 0.9509744 0.05800986 0.1976792 0.9770434 0.07943004 0.6313369 0.7751301 -0.02423119 0.9728913 0.2312283 0.003990232 0.9810035 -0.1845918 0.05965059 0.8069671 -0.5900412 0.02560681 0.3024328 -0.9450013 0.124527 0.161727 -0.9868203 0.005494594 -8.35973e-4 -0.00595355 0.9999819 0.002807557 0.003046452 0.9999914 1.99876e-6 0 1 -0.003483057 -0.005460679 0.9999791 0.002038896 0.001674294 0.9999966 3.70744e-4 -2.59813e-4 1 -4.10025e-4 -1.58962e-4 1 0.004217624 -0.002198934 0.9999887 5.14742e-4 -3.63104e-4 0.9999998</float_array>
          <technique_common>
            <accessor source="#Ft_Sensor-mesh-normals-array" count="1728" stride="3">
              <param name="X" type="float"/>
              <param name="Y" type="float"/>
              <param name="Z" type="float"/>
            </accessor>
          </technique_common>
        </source>
        <vertices id="Ft_Sensor-mesh-vertices">
          <input semantic="POSITION" source="#Ft_Sensor-mesh-positions"/>
        </vertices>
        <triangles count="1728">
          <input semantic="VERTEX" source="#Ft_Sensor-mesh-vertices" offset="0"/>
          <input semantic="NORMAL" source="#Ft_Sensor-mesh-normals" offset="1"/>
          <p>0 0 2 0 1 0 0 1 1 1 3 1 5 2 4 2 1 2 6 3 5 3 2 3 7 4 6 4 0 4 4 5 7 5 3 5 3 6 1 6 4 6 0 7 3 7 7 7 2 8 0 8 6 8 1 9 2 9 5 9 8 10 10 10 11 10 11 11 13 11 14 11 14 12 12 12 15 12 13 13 12 13 14 13 8 14 9 14 10 14 15 15 9 15 8 15 16 16 17 16 10 16 9 17 16 17 10 17 20 18 18 18 19 18 21 19 22 19 23 19 27 20 26 20 24 20 23 21 25 21 24 21 25 22 27 22 24 22 18 23 21 23 26 23 21 24 18 24 22 24 78 25 26 25 27 25 27 26 28 26 78 26 29 27 31 27 30 27 29 28 30 28 629 28 32 29 629 29 33 29 32 30 33 30 34 30 32 31 29 31 629 31 34 32 36 32 35 32 36 33 37 33 35 33 38 34 35 34 37 34 29 35 32 35 38 35 36 36 39 36 37 36 48 37 41 37 45 37 44 38 43 38 40 38 42 39 40 39 43 39 41 40 48 40 37 40 48 41 45 41 46 41 47 42 40 42 42 42 46 43 44 43 40 43 47 44 37 44 48 44 49 45 43 45 50 45 43 46 49 46 42 46 53 47 52 47 51 47 56 48 57 48 53 48 51 49 52 49 54 49 51 50 54 50 55 50 49 51 57 51 56 51 56 52 55 52 49 52 54 53 58 53 59 53 54 54 52 54 58 54 7 55 59 55 64 55 60 56 61 56 5 56 62 57 63 57 4 57 5 58 61 58 62 58 63 59 59 59 7 59 61 60 13 60 62 60 63 61 54 61 59 61 62 62 4 62 5 62 63 63 7 63 4 63 7 64 64 64 6 64 6 65 60 65 5 65 67 66 68 66 66 66 68 67 17 67 70 67 71 68 20 68 65 68 69 69 70 69 72 69 19 70 65 70 20 70 72 71 71 71 65 71 70 72 69 72 68 72 79 73 28 73 73 73 79 74 73 74 75 74 76 75 30 75 74 75 28 76 79 76 78 76 31 77 74 77 30 77 75 78 76 78 74 78 78 79 79 79 77 79 31 80 77 80 74 80 67 81 17 81 68 81 19 82 66 82 65 82 61 83 12 83 13 83 50 84 57 84 49 84 39 85 41 85 37 85 20 86 22 86 18 86 17 87 67 87 10 87 80 88 61 88 60 88 81 89 28 89 27 89 629 90 30 90 82 90 50 91 43 91 83 91 80 92 84 92 61 92 85 93 86 93 20 93 12 94 61 94 84 94 83 95 43 95 44 95 82 96 30 96 76 96 81 97 27 97 25 97 22 98 20 98 86 98 85 99 20 99 71 99 29 100 38 100 37 100 87 101 37 101 47 101 67 102 66 102 19 102 26 103 78 103 18 103 47 104 42 104 87 104 11 105 14 105 88 105 8 106 11 106 89 106 15 107 8 107 90 107 14 108 15 108 90 108 91 109 88 109 14 109 90 110 91 110 14 110 89 111 90 111 8 111 88 112 89 112 11 112 89 113 91 113 90 113 89 114 88 114 91 114 65 115 69 115 72 115 66 116 68 116 92 116 65 117 66 117 93 117 69 118 65 118 94 118 68 119 69 119 92 119 95 120 92 120 69 120 94 121 95 121 69 121 93 122 94 122 65 122 92 123 93 123 66 123 95 124 93 124 92 124 95 125 94 125 93 125 26 126 21 126 97 126 24 127 26 127 98 127 23 128 24 128 98 128 21 129 23 129 99 129 98 130 99 130 23 130 97 131 98 131 26 131 96 132 97 132 21 132 99 133 96 133 21 133 96 134 98 134 97 134 96 135 99 135 98 135 79 136 75 136 100 136 77 137 79 137 101 137 74 138 77 138 102 138 75 139 74 139 103 139 103 140 100 140 75 140 102 141 103 141 74 141 101 142 102 142 77 142 100 143 101 143 79 143 100 144 102 144 101 144 100 145 103 145 102 145 34 146 35 146 107 146 32 147 34 147 104 147 38 148 32 148 106 148 35 149 38 149 107 149 106 150 107 150 38 150 105 151 106 151 32 151 104 152 105 152 32 152 107 153 104 153 34 153 105 154 104 154 107 154 105 155 107 155 106 155 46 156 40 156 108 156 48 157 46 157 109 157 47 158 48 158 110 158 40 159 47 159 111 159 111 160 108 160 40 160 110 161 111 161 47 161 109 162 110 162 48 162 108 163 109 163 46 163 109 164 111 164 110 164 109 165 108 165 111 165 51 166 55 166 112 166 53 167 51 167 113 167 56 168 53 168 113 168 55 169 56 169 115 169 115 170 112 170 55 170 114 171 115 171 56 171 113 172 114 172 56 172 112 173 113 173 51 173 112 174 114 174 113 174 112 175 115 175 114 175 116 176 77 176 31 176 31 177 29 177 116 177 29 178 118 178 117 178 29 179 37 179 118 179 37 180 119 180 118 180 37 181 87 181 119 181 87 182 120 182 119 182 87 183 42 183 120 183 42 184 49 184 121 184 49 185 122 185 121 185 49 186 55 186 122 186 55 187 54 187 122 187 54 188 63 188 123 188 63 189 62 189 124 189 62 190 125 190 124 190 125 191 62 191 13 191 125 192 13 192 11 192 126 193 11 193 10 193 67 194 128 194 127 194 127 195 10 195 67 195 128 196 67 196 19 196 18 197 130 197 129 197 129 198 19 198 18 198 131 199 18 199 78 199 78 200 133 200 132 200 78 201 77 201 133 201 77 202 116 202 133 202 132 203 131 203 78 203 131 204 130 204 18 204 129 205 128 205 19 205 127 206 126 206 10 206 126 207 125 207 11 207 124 208 123 208 63 208 123 209 122 209 54 209 121 210 120 210 42 210 117 211 116 211 29 211 134 212 121 212 122 212 121 213 395 213 120 213 395 214 119 214 120 214 116 215 135 215 133 215 125 216 126 216 136 216 138 217 137 217 130 217 137 218 126 218 130 218 132 219 139 219 140 219 139 220 132 220 117 220 141 221 139 221 117 221 141 222 144 222 142 222 142 223 143 223 141 223 368 224 144 224 141 224 142 225 119 225 143 225 142 226 145 226 119 226 119 227 147 227 143 227 118 228 119 228 145 228 368 229 141 229 118 229 119 230 146 230 147 230 149 231 148 231 147 231 146 232 149 232 147 232 395 233 146 233 119 233 121 234 148 234 150 234 148 235 149 235 150 235 395 236 121 236 150 236 152 237 148 237 151 237 151 238 153 238 152 238 121 239 134 239 151 239 154 240 122 240 155 240 153 241 155 241 152 241 151 242 148 242 121 242 122 243 154 243 134 243 155 244 153 244 154 244 125 245 164 245 157 245 124 246 125 246 156 246 157 247 156 247 125 247 122 248 158 248 155 248 158 249 122 249 123 249 157 250 155 250 158 250 124 251 158 251 123 251 126 252 159 252 136 252 126 253 160 253 159 253 160 254 161 254 159 254 162 255 163 255 164 255 160 256 163 256 161 256 164 257 125 257 162 257 163 258 160 258 164 258 130 259 167 259 166 259 165 260 128 260 129 260 165 261 129 261 130 261 130 262 126 262 167 262 166 263 165 263 130 263 126 264 127 264 167 264 168 265 170 265 138 265 140 266 138 266 170 266 140 267 169 267 171 267 131 268 140 268 171 268 170 269 169 269 140 269 168 270 138 270 131 270 140 271 131 271 132 271 135 272 172 272 132 272 135 273 116 273 173 273 175 274 116 274 117 274 132 275 172 275 174 275 132 276 133 276 135 276 175 277 173 277 116 277 174 278 175 278 117 278 174 279 117 279 132 279 130 280 131 280 138 280 127 281 128 281 167 281 136 282 162 282 125 282 117 283 118 283 141 283 137 284 160 284 126 284 156 285 157 285 176 285 124 286 156 286 177 286 158 287 124 287 178 287 157 288 158 288 179 288 179 289 176 289 157 289 178 290 179 290 158 290 177 291 178 291 124 291 176 292 177 292 156 292 176 293 178 293 177 293 176 294 179 294 178 294 140 295 139 295 181 295 138 296 140 296 182 296 137 297 138 297 183 297 160 298 137 298 184 298 164 299 160 299 186 299 157 300 164 300 187 300 155 301 157 301 189 301 152 302 155 302 190 302 148 303 152 303 191 303 147 304 148 304 192 304 143 305 147 305 193 305 141 306 143 306 193 306 139 307 141 307 194 307 194 308 180 308 139 308 193 309 194 309 141 309 192 310 193 310 147 310 191 311 192 311 148 311 190 312 191 312 152 312 189 313 190 313 155 313 188 314 189 314 157 314 187 315 188 315 157 315 186 316 187 316 164 316 185 317 186 317 160 317 184 318 185 318 160 318 183 319 184 319 137 319 182 320 183 320 138 320 181 321 182 321 140 321 180 322 181 322 139 322 181 323 180 323 195 323 191 324 197 324 203 324 182 325 196 325 198 325 197 326 191 326 190 326 190 327 189 327 199 327 198 328 183 328 182 328 182 329 181 329 195 329 180 330 200 330 195 330 185 331 184 331 202 331 184 332 183 332 198 332 190 333 199 333 197 333 188 334 187 334 199 334 195 335 196 335 182 335 200 336 180 336 194 336 192 337 203 337 204 337 199 338 189 338 188 338 186 339 202 339 201 339 192 340 191 340 203 340 202 341 186 341 185 341 204 342 200 342 193 342 200 343 194 343 193 343 204 344 193 344 192 344 201 345 187 345 186 345 198 346 202 346 184 346 202 347 217 347 205 347 206 348 201 348 202 348 202 349 205 349 206 349 206 350 207 350 201 350 187 351 201 351 207 351 199 352 187 352 207 352 208 353 209 353 199 353 210 354 203 354 197 354 197 355 209 355 210 355 203 356 210 356 211 356 211 357 204 357 203 357 204 358 211 358 212 358 204 359 212 359 213 359 213 360 200 360 204 360 200 361 213 361 214 361 214 362 195 362 200 362 195 363 214 363 215 363 215 364 196 364 195 364 196 365 215 365 216 365 216 366 198 366 196 366 198 367 216 367 217 367 217 368 202 368 198 368 197 369 199 369 209 369 207 370 208 370 199 370 219 371 206 371 205 371 214 372 224 372 220 372 218 373 208 373 207 373 218 374 207 374 206 374 223 375 224 375 213 375 220 376 215 376 214 376 219 377 205 377 217 377 222 378 221 378 209 378 223 379 213 379 212 379 209 380 208 380 222 380 210 381 209 381 221 381 211 382 210 382 212 382 214 383 213 383 224 383 216 384 215 384 225 384 225 385 217 385 216 385 217 386 225 386 219 386 212 387 210 387 226 387 210 388 227 388 226 388 210 389 221 389 227 389 221 390 228 390 227 390 221 391 222 391 228 391 222 392 208 392 229 392 208 393 218 393 230 393 218 394 231 394 230 394 218 395 232 395 231 395 232 396 218 396 206 396 206 397 233 397 232 397 206 398 219 398 233 398 219 399 225 399 235 399 225 400 236 400 235 400 236 401 225 401 215 401 215 402 220 402 236 402 220 403 224 403 237 403 224 404 238 404 237 404 224 405 239 405 238 405 224 406 223 406 239 406 223 407 240 407 239 407 223 408 212 408 240 408 212 409 226 409 240 409 237 410 236 410 220 410 235 411 234 411 219 411 234 412 233 412 219 412 230 413 229 413 208 413 229 414 228 414 222 414 163 415 242 415 161 415 136 416 241 416 162 416 242 417 243 417 244 417 243 418 245 418 244 418 245 419 247 419 246 419 247 420 248 420 249 420 248 421 250 421 249 421 250 422 251 422 243 422 251 423 252 423 243 423 254 424 255 424 248 424 255 425 250 425 248 425 256 426 257 426 251 426 257 427 259 427 258 427 259 428 260 428 254 428 254 429 260 429 261 429 254 430 258 430 259 430 258 431 251 431 257 431 251 432 250 432 256 432 250 433 255 433 256 433 248 434 253 434 254 434 243 435 249 435 250 435 246 436 244 436 245 436 163 437 241 437 242 437 163 438 162 438 241 438 159 439 161 439 242 439 136 440 159 440 244 440 241 441 136 441 246 441 241 442 246 442 247 442 242 443 241 443 249 443 243 444 242 444 249 444 245 445 243 445 252 445 247 446 245 446 253 446 248 447 247 447 253 447 253 448 252 448 258 448 256 449 255 449 261 449 257 450 256 450 259 450 261 451 255 451 254 451 258 452 254 452 253 452 251 453 258 453 252 453 252 454 253 454 245 454 247 455 249 455 241 455 136 456 244 456 246 456 242 457 244 457 159 457 262 458 265 458 261 458 261 459 260 459 262 459 263 460 262 460 260 460 260 461 259 461 263 461 264 462 263 462 259 462 259 463 256 463 264 463 265 464 264 464 256 464 256 465 261 465 265 465 262 466 264 466 265 466 262 467 263 467 264 467 167 468 128 468 287 468 288 469 128 469 165 469 288 470 287 470 128 470 268 471 269 471 267 471 271 472 270 472 276 472 272 473 271 473 276 473 274 474 272 474 273 474 275 475 274 475 282 475 276 476 275 476 277 476 278 477 276 477 277 477 279 478 278 478 280 478 281 479 279 479 280 479 284 480 282 480 283 480 284 481 283 481 285 481 286 482 284 482 285 482 286 483 285 483 166 483 287 484 286 484 167 484 167 485 286 485 166 485 283 486 282 486 281 486 282 487 277 487 275 487 276 488 273 488 272 488 270 489 271 489 269 489 268 490 270 490 269 490 266 491 268 491 267 491 165 492 285 492 283 492 287 493 288 493 283 493 286 494 287 494 281 494 286 495 280 495 278 495 282 496 284 496 277 496 281 497 282 497 274 497 278 498 279 498 273 498 276 499 278 499 273 499 275 500 276 500 270 500 274 501 275 501 268 501 272 502 274 502 268 502 272 503 268 503 266 503 270 504 268 504 275 504 274 505 273 505 279 505 274 506 279 506 281 506 278 507 277 507 284 507 278 508 284 508 286 508 286 509 281 509 280 509 283 510 281 510 287 510 283 511 288 511 165 511 166 512 285 512 165 512 266 513 267 513 289 513 290 514 289 514 267 514 267 515 269 515 290 515 291 516 290 516 269 516 269 517 271 517 291 517 292 518 291 518 271 518 271 519 272 519 292 519 289 520 292 520 266 520 272 521 266 521 292 521 289 522 291 522 292 522 289 523 290 523 291 523 171 524 314 524 131 524 314 525 168 525 131 525 295 526 294 526 300 526 297 527 295 527 296 527 298 528 297 528 303 528 299 529 304 529 305 529 300 530 299 530 305 530 303 531 302 531 311 531 304 532 303 532 311 532 305 533 304 533 306 533 307 534 305 534 306 534 308 535 307 535 309 535 310 536 308 536 309 536 313 537 170 537 168 537 314 538 313 538 168 538 170 539 313 539 312 539 312 540 311 540 310 540 311 541 306 541 304 541 305 542 301 542 300 542 304 543 299 543 298 543 303 544 304 544 298 544 303 545 297 545 296 545 300 546 296 546 295 546 300 547 294 547 293 547 171 548 169 548 312 548 314 549 171 549 310 549 313 550 314 550 309 550 313 551 309 551 307 551 312 552 313 552 306 552 311 553 312 553 306 553 310 554 311 554 302 554 307 555 308 555 301 555 305 556 307 556 301 556 301 557 302 557 296 557 298 558 299 558 293 558 297 559 298 559 295 559 293 560 299 560 300 560 296 561 300 561 301 561 303 562 296 562 302 562 302 563 301 563 308 563 302 564 308 564 310 564 307 565 306 565 313 565 314 566 310 566 309 566 312 567 310 567 171 567 315 568 318 568 293 568 293 569 294 569 315 569 316 570 315 570 294 570 294 571 295 571 316 571 317 572 316 572 295 572 295 573 298 573 317 573 318 574 317 574 298 574 298 575 293 575 318 575 170 576 312 576 169 576 315 577 316 577 317 577 315 578 317 578 318 578 174 579 339 579 175 579 322 580 323 580 321 580 325 581 324 581 330 581 326 582 325 582 330 582 328 583 326 583 327 583 329 584 328 584 336 584 330 585 329 585 331 585 332 586 330 586 331 586 333 587 332 587 334 587 335 588 333 588 334 588 338 589 336 589 337 589 338 590 337 590 319 590 340 591 338 591 339 591 340 592 339 592 174 592 341 593 340 593 172 593 341 594 172 594 135 594 135 595 319 595 341 595 174 596 172 596 340 596 319 597 339 597 338 597 337 598 336 598 335 598 336 599 331 599 329 599 330 600 327 600 326 600 324 601 325 601 323 601 322 602 324 602 323 602 320 603 322 603 321 603 173 604 319 604 135 604 339 605 173 605 175 605 173 606 339 606 319 606 341 607 319 607 337 607 340 608 341 608 335 608 340 609 334 609 332 609 336 610 338 610 331 610 335 611 336 611 328 611 332 612 333 612 327 612 330 613 332 613 327 613 329 614 330 614 324 614 328 615 329 615 322 615 326 616 328 616 322 616 326 617 322 617 320 617 324 618 322 618 329 618 328 619 327 619 333 619 328 620 333 620 335 620 332 621 331 621 338 621 332 622 338 622 340 622 340 623 335 623 334 623 337 624 335 624 341 624 320 625 321 625 342 625 343 626 342 626 321 626 321 627 323 627 343 627 344 628 343 628 323 628 323 629 325 629 344 629 345 630 344 630 325 630 325 631 326 631 345 631 342 632 345 632 320 632 326 633 320 633 345 633 342 634 343 634 344 634 342 635 344 635 345 635 368 636 118 636 346 636 145 637 346 637 118 637 349 638 348 638 354 638 351 639 349 639 350 639 352 640 351 640 357 640 353 641 358 641 359 641 354 642 353 642 359 642 357 643 356 643 365 643 358 644 357 644 365 644 359 645 358 645 360 645 361 646 359 646 360 646 362 647 361 647 363 647 364 648 362 648 363 648 366 649 365 649 364 649 365 650 360 650 358 650 359 651 355 651 354 651 358 652 353 652 352 652 357 653 358 653 352 653 357 654 351 654 350 654 354 655 350 655 349 655 354 656 348 656 347 656 346 657 145 657 364 657 368 658 346 658 363 658 368 659 363 659 361 659 366 660 367 660 360 660 365 661 366 661 360 661 364 662 365 662 356 662 361 663 362 663 355 663 359 664 361 664 355 664 355 665 356 665 350 665 352 666 353 666 347 666 351 667 352 667 349 667 347 668 353 668 354 668 350 669 354 669 355 669 357 670 350 670 356 670 356 671 355 671 362 671 356 672 362 672 364 672 361 673 360 673 367 673 361 674 367 674 368 674 346 675 364 675 363 675 366 676 364 676 145 676 366 677 145 677 142 677 369 678 372 678 347 678 347 679 348 679 369 679 370 680 369 680 348 680 348 681 349 681 370 681 371 682 370 682 349 682 349 683 352 683 371 683 372 684 371 684 352 684 352 685 347 685 372 685 367 686 144 686 368 686 142 687 144 687 367 687 367 688 366 688 142 688 369 689 371 689 372 689 369 690 370 690 371 690 149 691 146 691 373 691 373 692 393 692 149 692 376 693 377 693 375 693 379 694 378 694 384 694 380 695 379 695 384 695 382 696 380 696 381 696 383 697 382 697 389 697 384 698 383 698 385 698 386 699 384 699 385 699 387 700 386 700 394 700 388 701 387 701 394 701 391 702 389 702 390 702 391 703 390 703 392 703 393 704 391 704 392 704 146 705 394 705 373 705 373 706 394 706 393 706 390 707 389 707 388 707 389 708 385 708 383 708 384 709 381 709 380 709 378 710 379 710 377 710 376 711 378 711 377 711 374 712 376 712 375 712 150 713 149 713 393 713 150 714 392 714 390 714 146 715 395 715 390 715 394 716 146 716 388 716 393 717 394 717 386 717 389 718 391 718 385 718 388 719 389 719 382 719 386 720 387 720 381 720 384 721 386 721 381 721 383 722 384 722 378 722 382 723 383 723 376 723 380 724 382 724 376 724 380 725 376 725 374 725 378 726 376 726 383 726 382 727 381 727 387 727 382 728 387 728 388 728 386 729 385 729 391 729 386 730 391 730 393 730 390 731 388 731 146 731 390 732 395 732 150 732 393 733 392 733 150 733 396 734 399 734 377 734 377 735 379 735 396 735 397 736 396 736 379 736 379 737 380 737 397 737 398 738 397 738 374 738 374 739 375 739 398 739 399 740 398 740 375 740 375 741 377 741 399 741 380 742 374 742 397 742 398 743 396 743 397 743 398 744 399 744 396 744 151 745 134 745 420 745 402 746 401 746 407 746 404 747 402 747 403 747 405 748 404 748 410 748 406 749 411 749 412 749 407 750 406 750 412 750 410 751 409 751 417 751 411 752 410 752 417 752 412 753 411 753 413 753 414 754 412 754 413 754 415 755 414 755 421 755 416 756 415 756 421 756 134 757 421 757 420 757 418 758 417 758 416 758 417 759 413 759 411 759 412 760 408 760 407 760 411 761 406 761 405 761 410 762 411 762 405 762 410 763 404 763 403 763 407 764 403 764 402 764 407 765 401 765 400 765 421 766 134 766 154 766 154 767 153 767 418 767 421 768 154 768 416 768 420 769 421 769 414 769 418 770 419 770 413 770 417 771 418 771 413 771 416 772 417 772 409 772 414 773 415 773 408 773 412 774 414 774 408 774 408 775 409 775 403 775 405 776 406 776 400 776 404 777 405 777 402 777 400 778 406 778 407 778 403 779 407 779 408 779 410 780 403 780 409 780 409 781 408 781 415 781 409 782 415 782 416 782 414 783 413 783 419 783 414 784 419 784 420 784 418 785 416 785 154 785 422 786 425 786 401 786 401 787 402 787 422 787 423 788 422 788 402 788 402 789 405 789 423 789 424 790 423 790 405 790 405 791 400 791 424 791 419 792 151 792 420 792 153 793 151 793 419 793 419 794 418 794 153 794 425 795 424 795 400 795 400 796 401 796 425 796 425 797 423 797 424 797 425 798 422 798 423 798 429 799 234 799 235 799 427 800 426 800 430 800 426 801 433 801 430 801 426 802 236 802 431 802 237 803 238 803 432 803 431 804 433 804 426 804 427 805 432 805 238 805 432 806 431 806 236 806 432 807 236 807 237 807 238 808 239 808 434 808 239 809 435 809 436 809 435 810 239 810 240 810 227 811 438 811 437 811 436 812 465 812 239 812 240 813 437 813 435 813 226 814 227 814 437 814 439 815 437 815 438 815 438 816 465 816 436 816 436 817 439 817 438 817 437 818 240 818 226 818 440 819 464 819 442 819 442 820 441 820 440 820 464 821 229 821 442 821 229 822 230 822 443 822 444 823 443 823 230 823 443 824 442 824 229 824 445 825 440 825 441 825 441 826 230 826 445 826 441 827 444 827 230 827 429 828 447 828 446 828 446 829 234 829 429 829 428 830 232 830 448 830 428 831 449 831 447 831 448 832 449 832 428 832 447 833 429 833 428 833 448 834 232 834 233 834 446 835 233 835 234 835 446 836 448 836 233 836 464 837 440 837 450 837 465 838 438 838 451 838 426 839 427 839 453 839 427 840 454 840 453 840 428 841 429 841 455 841 456 842 231 842 232 842 230 843 456 843 457 843 456 844 230 844 231 844 459 845 445 845 457 845 458 846 428 846 459 846 459 847 457 847 458 847 428 848 456 848 232 848 228 849 229 849 460 849 229 850 464 850 460 850 228 851 460 851 461 851 438 852 227 852 462 852 227 853 228 853 461 853 227 854 461 854 462 854 452 855 463 855 464 855 464 856 450 856 452 856 452 857 438 857 463 857 438 858 462 858 463 858 239 859 465 859 434 859 427 860 434 860 466 860 467 861 451 861 454 861 467 862 465 862 451 862 466 863 454 863 427 863 454 864 466 864 467 864 426 865 468 865 470 865 468 866 429 866 469 866 469 867 470 867 468 867 236 868 426 868 471 868 471 869 472 869 236 869 472 870 235 870 236 870 429 871 473 871 469 871 235 872 472 872 473 872 473 873 429 873 235 873 470 874 471 874 426 874 457 875 445 875 230 875 455 876 459 876 428 876 238 877 434 877 427 877 441 878 442 878 474 878 444 879 441 879 475 879 443 880 444 880 476 880 442 881 443 881 476 881 476 882 474 882 442 882 475 883 476 883 444 883 474 884 475 884 441 884 474 885 476 885 475 885 477 886 451 886 438 886 477 887 454 887 451 887 454 888 477 888 478 888 478 889 453 889 454 889 479 890 426 890 453 890 468 891 479 891 480 891 480 892 429 892 468 892 455 893 429 893 481 893 480 894 481 894 429 894 459 895 455 895 481 895 445 896 459 896 482 896 482 897 483 897 445 897 440 898 445 898 483 898 483 899 484 899 440 899 450 900 440 900 484 900 452 901 450 901 485 901 484 902 485 902 450 902 438 903 452 903 477 903 485 904 477 904 452 904 481 905 482 905 459 905 479 906 468 906 426 906 453 907 478 907 479 907 480 908 479 908 484 908 479 909 478 909 484 909 478 910 477 910 484 910 477 911 485 911 484 911 483 912 482 912 484 912 482 913 481 913 484 913 481 914 480 914 484 914 501 915 493 915 456 915 493 916 502 916 457 916 502 917 458 917 457 917 502 918 497 918 458 918 497 919 498 919 492 919 498 920 494 920 493 920 503 921 497 921 496 921 503 922 504 922 498 922 504 923 499 923 498 923 504 924 487 924 500 924 487 925 486 925 500 925 486 926 491 926 500 926 490 927 488 927 489 927 428 928 501 928 456 928 490 929 491 929 505 929 491 930 486 930 505 930 500 931 499 931 504 931 498 932 497 932 503 932 493 933 492 933 498 933 492 934 458 934 497 934 457 935 456 935 493 935 501 936 428 936 492 936 502 937 493 937 494 937 497 938 502 938 496 938 494 939 498 939 499 939 495 940 494 940 499 940 496 941 495 941 500 941 496 942 500 942 491 942 504 943 503 943 490 943 487 944 504 944 488 944 504 945 489 945 488 945 490 946 489 946 504 946 491 947 490 947 503 947 491 948 503 948 496 948 499 949 500 949 495 949 495 950 496 950 502 950 494 951 495 951 502 951 492 952 493 952 501 952 458 953 492 953 428 953 488 954 505 954 486 954 490 955 505 955 488 955 486 956 487 956 488 956 463 957 462 957 512 957 464 958 463 958 512 958 464 959 512 959 513 959 523 960 462 960 461 960 523 961 512 961 462 961 518 962 515 962 514 962 515 963 520 963 516 963 520 964 521 964 516 964 521 965 517 965 516 965 517 966 510 966 518 966 524 967 520 967 519 967 520 968 524 968 525 968 525 969 506 969 522 969 506 970 511 970 522 970 510 971 526 971 509 971 510 972 511 972 526 972 511 973 506 973 526 973 522 974 521 974 525 974 521 975 520 975 525 975 519 976 510 976 524 976 519 977 518 977 510 977 514 978 513 978 518 978 461 979 460 979 514 979 512 980 523 980 516 980 513 981 512 981 516 981 518 982 513 982 517 982 515 983 518 983 519 983 522 984 517 984 521 984 517 985 522 985 511 985 508 986 525 986 524 986 507 987 506 987 525 987 525 988 508 988 507 988 524 989 509 989 508 989 510 990 509 990 524 990 511 991 510 991 517 991 515 992 519 992 520 992 516 993 517 993 513 993 523 994 515 994 516 994 515 995 523 995 461 995 514 996 515 996 461 996 513 997 514 997 460 997 513 998 460 998 464 998 508 999 526 999 506 999 509 1000 526 1000 508 1000 506 1001 507 1001 508 1001 439 1002 436 1002 533 1002 533 1003 534 1003 439 1003 542 1004 543 1004 435 1004 543 1005 436 1005 435 1005 543 1006 533 1006 436 1006 534 1007 538 1007 535 1007 540 1008 536 1008 535 1008 536 1009 540 1009 544 1009 544 1010 545 1010 537 1010 545 1011 538 1011 537 1011 539 1012 538 1012 545 1012 545 1013 531 1013 539 1013 531 1014 540 1014 539 1014 531 1015 530 1015 540 1015 530 1016 529 1016 540 1016 529 1017 541 1017 540 1017 546 1018 527 1018 532 1018 527 1019 547 1019 531 1019 547 1020 530 1020 531 1020 547 1021 529 1021 530 1021 439 1022 542 1022 437 1022 531 1023 532 1023 527 1023 532 1024 541 1024 546 1024 541 1025 529 1025 546 1025 537 1026 536 1026 544 1026 535 1027 538 1027 540 1027 435 1028 437 1028 542 1028 535 1029 542 1029 439 1029 543 1030 542 1030 536 1030 533 1031 543 1031 537 1031 534 1032 533 1032 537 1032 540 1033 538 1033 539 1033 544 1034 540 1034 541 1034 546 1035 528 1035 527 1035 528 1036 546 1036 529 1036 532 1037 531 1037 545 1037 541 1038 532 1038 545 1038 541 1039 545 1039 544 1039 534 1040 537 1040 538 1040 543 1041 536 1041 537 1041 542 1042 535 1042 536 1042 439 1043 534 1043 535 1043 547 1044 528 1044 529 1044 547 1045 527 1045 528 1045 467 1046 466 1046 555 1046 564 1047 557 1047 434 1047 557 1048 565 1048 466 1048 565 1049 555 1049 466 1049 565 1050 561 1050 555 1050 561 1051 562 1051 556 1051 562 1052 558 1052 557 1052 566 1053 561 1053 560 1053 566 1054 567 1054 562 1054 567 1055 563 1055 562 1055 567 1056 549 1056 554 1056 549 1057 548 1057 554 1057 548 1058 553 1058 554 1058 552 1059 550 1059 551 1059 467 1060 564 1060 465 1060 552 1061 553 1061 568 1061 553 1062 548 1062 568 1062 554 1063 563 1063 567 1063 562 1064 561 1064 566 1064 557 1065 556 1065 562 1065 556 1066 555 1066 561 1066 466 1067 434 1067 557 1067 434 1068 465 1068 564 1068 564 1069 467 1069 556 1069 565 1070 557 1070 558 1070 561 1071 565 1071 560 1071 558 1072 562 1072 563 1072 559 1073 558 1073 563 1073 560 1074 559 1074 554 1074 560 1075 554 1075 553 1075 567 1076 566 1076 552 1076 549 1077 567 1077 550 1077 567 1078 551 1078 550 1078 552 1079 551 1079 567 1079 553 1080 552 1080 566 1080 553 1081 566 1081 560 1081 563 1082 554 1082 559 1082 559 1083 560 1083 565 1083 558 1084 559 1084 565 1084 556 1085 557 1085 564 1085 555 1086 556 1086 467 1086 550 1087 568 1087 548 1087 552 1088 568 1088 550 1088 548 1089 549 1089 550 1089 582 1090 433 1090 431 1090 433 1091 582 1091 583 1091 583 1092 573 1092 570 1092 584 1093 576 1093 572 1093 576 1094 585 1094 572 1094 585 1095 573 1095 572 1095 585 1096 578 1096 573 1096 578 1097 579 1097 574 1097 579 1098 580 1098 575 1098 580 1099 576 1099 575 1099 586 1100 569 1100 577 1100 569 1101 587 1101 578 1101 587 1102 579 1102 578 1102 587 1103 580 1103 579 1103 432 1104 427 1104 570 1104 578 1105 577 1105 569 1105 577 1106 576 1106 586 1106 576 1107 580 1107 586 1107 575 1108 574 1108 579 1108 574 1109 573 1109 578 1109 572 1110 571 1110 584 1110 570 1111 573 1111 571 1111 570 1112 430 1112 583 1112 430 1113 433 1113 583 1113 431 1114 432 1114 582 1114 432 1115 570 1115 571 1115 582 1116 432 1116 571 1116 572 1117 583 1117 582 1117 571 1118 573 1118 574 1118 584 1119 571 1119 574 1119 576 1120 584 1120 575 1120 586 1121 581 1121 569 1121 581 1122 586 1122 580 1122 577 1123 578 1123 585 1123 576 1124 577 1124 585 1124 574 1125 575 1125 584 1125 583 1126 572 1126 573 1126 582 1127 571 1127 572 1127 427 1128 430 1128 570 1128 587 1129 581 1129 580 1129 587 1130 569 1130 581 1130 603 1131 473 1131 472 1131 603 1132 604 1132 473 1132 604 1133 469 1133 473 1133 604 1134 470 1134 469 1134 604 1135 596 1135 470 1135 596 1136 593 1136 592 1136 593 1137 598 1137 594 1137 598 1138 599 1138 594 1138 599 1139 595 1139 594 1139 595 1140 602 1140 596 1140 605 1141 598 1141 597 1141 598 1142 605 1142 606 1142 606 1143 588 1143 600 1143 588 1144 601 1144 600 1144 602 1145 607 1145 591 1145 602 1146 601 1146 607 1146 601 1147 588 1147 607 1147 600 1148 599 1148 606 1148 599 1149 598 1149 606 1149 597 1150 602 1150 605 1150 597 1151 596 1151 602 1151 592 1152 470 1152 596 1152 472 1153 471 1153 592 1153 604 1154 603 1154 594 1154 596 1155 604 1155 595 1155 593 1156 596 1156 597 1156 600 1157 595 1157 599 1157 595 1158 600 1158 601 1158 590 1159 606 1159 605 1159 589 1160 588 1160 606 1160 606 1161 590 1161 589 1161 605 1162 591 1162 590 1162 602 1163 591 1163 605 1163 601 1164 602 1164 595 1164 593 1165 597 1165 598 1165 594 1166 595 1166 604 1166 603 1167 593 1167 594 1167 593 1168 603 1168 472 1168 592 1169 593 1169 472 1169 470 1170 592 1170 471 1170 590 1171 607 1171 588 1171 591 1172 607 1172 590 1172 588 1173 589 1173 590 1173 449 1174 612 1174 447 1174 622 1175 623 1175 448 1175 623 1176 449 1176 448 1176 623 1177 615 1177 449 1177 612 1178 616 1178 613 1178 618 1179 614 1179 613 1179 614 1180 618 1180 624 1180 624 1181 625 1181 615 1181 625 1182 616 1182 615 1182 617 1183 616 1183 625 1183 625 1184 621 1184 617 1184 621 1185 618 1185 617 1185 621 1186 611 1186 618 1186 611 1187 610 1187 618 1187 610 1188 619 1188 618 1188 626 1189 608 1189 620 1189 608 1190 627 1190 621 1190 627 1191 611 1191 621 1191 627 1192 610 1192 611 1192 447 1193 622 1193 446 1193 621 1194 620 1194 608 1194 620 1195 619 1195 626 1195 619 1196 610 1196 626 1196 615 1197 614 1197 624 1197 613 1198 616 1198 618 1198 612 1199 449 1199 615 1199 448 1200 446 1200 622 1200 613 1201 622 1201 447 1201 623 1202 622 1202 614 1202 618 1203 616 1203 617 1203 624 1204 618 1204 619 1204 626 1205 609 1205 608 1205 609 1206 626 1206 610 1206 620 1207 621 1207 625 1207 619 1208 620 1208 625 1208 619 1209 625 1209 624 1209 612 1210 615 1210 616 1210 623 1211 614 1211 615 1211 622 1212 613 1212 614 1212 447 1213 612 1213 613 1213 627 1214 609 1214 610 1214 627 1215 608 1215 609 1215 628 1216 50 1216 83 1216 630 1217 629 1217 82 1217 82 1218 631 1218 630 1218 82 1219 76 1219 631 1219 633 1220 84 1220 80 1220 80 1221 634 1221 633 1221 84 1222 633 1222 632 1222 637 1223 86 1223 85 1223 85 1224 638 1224 637 1224 86 1225 637 1225 636 1225 81 1226 639 1226 28 1226 44 1227 628 1227 83 1227 12 1228 84 1228 632 1228 60 1229 634 1229 80 1229 9 1230 635 1230 16 1230 22 1231 86 1231 636 1231 71 1232 638 1232 85 1232 25 1233 639 1233 81 1233 64 1234 660 1234 640 1234 641 1235 15 1235 642 1235 644 1236 76 1236 661 1236 76 1237 645 1237 661 1237 75 1238 643 1238 645 1238 643 1239 641 1239 645 1239 23 1240 646 1240 25 1240 646 1241 639 1241 25 1241 23 1242 643 1242 646 1242 75 1243 73 1243 647 1243 643 1244 75 1244 647 1244 647 1245 648 1245 643 1245 648 1246 646 1246 643 1246 71 1247 641 1247 638 1247 649 1248 638 1248 641 1248 641 1249 643 1249 649 1249 22 1250 643 1250 23 1250 22 1251 636 1251 643 1251 641 1252 72 1252 70 1252 15 1253 650 1253 9 1253 650 1254 635 1254 9 1254 641 1255 651 1255 650 1255 650 1256 15 1256 641 1256 651 1257 641 1257 70 1257 652 1258 60 1258 6 1258 12 1259 653 1259 15 1259 652 1260 634 1260 60 1260 654 1261 6 1261 15 1261 12 1262 632 1262 653 1262 654 1263 652 1263 6 1263 6 1264 64 1264 640 1264 640 1265 15 1265 6 1265 640 1266 642 1266 15 1266 660 1267 52 1267 53 1267 52 1268 660 1268 58 1268 64 1269 655 1269 656 1269 657 1270 58 1270 660 1270 660 1271 656 1271 657 1271 656 1272 660 1272 64 1272 660 1273 57 1273 658 1273 659 1274 44 1274 46 1274 658 1275 46 1275 660 1275 659 1276 628 1276 44 1276 658 1277 659 1277 46 1277 57 1278 660 1278 53 1278 46 1279 661 1279 660 1279 661 1280 46 1280 644 1280 34 1281 662 1281 36 1281 46 1282 45 1282 644 1282 662 1283 39 1283 36 1283 34 1284 644 1284 662 1284 33 1285 663 1285 34 1285 76 1286 664 1286 631 1286 76 1287 644 1287 664 1287 663 1288 644 1288 34 1288 644 1289 663 1289 664 1289 33 1290 629 1290 663 1290 653 1291 654 1291 15 1291 71 1292 72 1292 641 1292 645 1293 76 1293 75 1293 660 1294 665 1294 666 1294 667 1295 642 1295 640 1295 642 1296 667 1296 668 1296 642 1297 668 1297 669 1297 670 1298 645 1298 641 1298 645 1299 670 1299 671 1299 645 1300 671 1300 672 1300 673 1301 660 1301 661 1301 660 1302 673 1302 665 1302 672 1303 673 1303 661 1303 672 1304 661 1304 645 1304 669 1305 670 1305 641 1305 669 1306 641 1306 642 1306 666 1307 667 1307 640 1307 666 1308 640 1308 660 1308 674 1309 675 1309 666 1309 667 1310 675 1310 676 1310 677 1311 668 1311 667 1311 667 1312 676 1312 677 1312 677 1313 678 1313 669 1313 670 1314 678 1314 679 1314 680 1315 671 1315 670 1315 670 1316 679 1316 680 1316 680 1317 681 1317 672 1317 673 1318 681 1318 682 1318 674 1319 665 1319 673 1319 673 1320 682 1320 674 1320 673 1321 672 1321 681 1321 672 1322 671 1322 680 1322 670 1323 669 1323 678 1323 669 1324 668 1324 677 1324 667 1325 666 1325 675 1325 666 1326 665 1326 674 1326 674 1327 688 1327 683 1327 675 1328 683 1328 684 1328 677 1329 684 1329 685 1329 678 1330 685 1330 686 1330 680 1331 686 1331 687 1331 681 1332 687 1332 688 1332 688 1333 674 1333 682 1333 688 1334 682 1334 681 1334 687 1335 681 1335 680 1335 686 1336 680 1336 679 1336 686 1337 679 1337 678 1337 685 1338 678 1338 677 1338 684 1339 677 1339 676 1339 684 1340 676 1340 675 1340 683 1341 675 1341 674 1341 689 1342 39 1342 662 1342 690 1343 683 1343 688 1343 688 1344 691 1344 690 1344 692 1345 693 1345 685 1345 693 1346 686 1346 685 1346 685 1347 684 1347 692 1347 688 1348 687 1348 691 1348 693 1349 691 1349 687 1349 693 1350 687 1350 686 1350 690 1351 692 1351 684 1351 690 1352 684 1352 683 1352 695 1353 694 1353 693 1353 691 1354 693 1354 694 1354 696 1355 695 1355 693 1355 693 1356 692 1356 696 1356 697 1357 696 1357 690 1357 692 1358 690 1358 696 1358 691 1359 694 1359 697 1359 697 1360 690 1360 691 1360 698 1361 695 1361 696 1361 694 1362 700 1362 701 1362 696 1363 699 1363 698 1363 701 1364 697 1364 694 1364 698 1365 702 1365 695 1365 703 1366 696 1366 697 1366 694 1367 695 1367 702 1367 702 1368 700 1368 694 1368 696 1369 703 1369 699 1369 697 1370 701 1370 703 1370 701 1371 700 1371 704 1371 700 1372 706 1372 705 1372 706 1373 700 1373 702 1373 702 1374 707 1374 706 1374 702 1375 698 1375 707 1375 698 1376 708 1376 707 1376 708 1377 698 1377 699 1377 699 1378 709 1378 708 1378 699 1379 703 1379 709 1379 703 1380 711 1380 710 1380 711 1381 703 1381 701 1381 701 1382 704 1382 711 1382 710 1383 709 1383 703 1383 705 1384 704 1384 700 1384 717 1385 712 1385 704 1385 712 1386 711 1386 704 1386 712 1387 710 1387 711 1387 712 1388 713 1388 710 1388 713 1389 714 1389 709 1389 714 1390 708 1390 709 1390 714 1391 707 1391 708 1391 714 1392 715 1392 707 1392 715 1393 716 1393 706 1393 716 1394 705 1394 706 1394 716 1395 717 1395 705 1395 704 1396 705 1396 717 1396 706 1397 707 1397 715 1397 709 1398 710 1398 713 1398 713 1399 712 1399 714 1399 712 1400 717 1400 714 1400 717 1401 716 1401 714 1401 716 1402 715 1402 714 1402 718 1403 637 1403 638 1403 638 1404 719 1404 718 1404 649 1405 643 1405 719 1405 638 1406 649 1406 719 1406 718 1407 643 1407 636 1407 636 1408 637 1408 718 1408 718 1409 719 1409 720 1409 643 1410 718 1410 720 1410 719 1411 643 1411 720 1411 647 1412 646 1412 648 1412 721 1413 28 1413 639 1413 721 1414 647 1414 73 1414 721 1415 639 1415 646 1415 721 1416 73 1416 28 1416 721 1417 646 1417 722 1417 647 1418 721 1418 722 1418 646 1419 647 1419 722 1419 723 1420 630 1420 631 1420 631 1421 664 1421 723 1421 723 1422 663 1422 629 1422 724 1423 664 1423 663 1423 663 1424 723 1424 724 1424 629 1425 630 1425 723 1425 723 1426 664 1426 725 1426 724 1427 723 1427 725 1427 664 1428 724 1428 725 1428 726 1429 41 1429 39 1429 45 1430 41 1430 726 1430 726 1431 39 1431 689 1431 644 1432 689 1432 662 1432 726 1433 644 1433 45 1433 726 1434 689 1434 727 1434 644 1435 726 1435 727 1435 689 1436 644 1436 727 1436 728 1437 57 1437 50 1437 728 1438 658 1438 57 1438 50 1439 628 1439 728 1439 728 1440 628 1440 659 1440 728 1441 659 1441 729 1441 658 1442 728 1442 729 1442 659 1443 658 1443 729 1443 64 1444 59 1444 730 1444 64 1445 730 1445 655 1445 655 1446 657 1446 656 1446 730 1447 59 1447 58 1447 657 1448 730 1448 58 1448 730 1449 657 1449 731 1449 655 1450 730 1450 731 1450 657 1451 655 1451 731 1451 732 1452 633 1452 634 1452 653 1453 732 1453 654 1453 732 1454 653 1454 632 1454 632 1455 633 1455 732 1455 652 1456 732 1456 634 1456 732 1457 652 1457 733 1457 654 1458 732 1458 733 1458 652 1459 654 1459 733 1459 70 1460 17 1460 734 1460 734 1461 17 1461 16 1461 651 1462 635 1462 650 1462 734 1463 16 1463 635 1463 70 1464 734 1464 651 1464 734 1465 635 1465 735 1465 651 1466 734 1466 735 1466 635 1467 651 1467 735 1467 738 1468 737 1468 736 1468 736 1469 737 1469 738 1469 739 1470 744 1470 740 1470 741 1471 743 1471 742 1471 742 1472 743 1472 744 1472 744 1473 739 1473 742 1473 748 1474 742 1474 739 1474 742 1475 748 1475 745 1475 742 1476 745 1476 746 1476 746 1477 741 1477 742 1477 741 1478 746 1478 747 1478 741 1479 747 1479 748 1479 748 1480 740 1480 741 1480 748 1481 739 1481 740 1481 749 1482 746 1482 745 1482 740 1483 747 1483 746 1483 741 1484 740 1484 749 1484 749 1485 745 1485 741 1485 745 1486 743 1486 741 1486 748 1487 744 1487 743 1487 743 1488 745 1488 748 1488 747 1489 740 1489 744 1489 744 1490 748 1490 747 1490 749 1491 740 1491 746 1491 751 1492 752 1492 750 1492 750 1493 752 1493 753 1493 750 1494 753 1494 751 1494 751 1495 753 1495 752 1495 759 1496 755 1496 754 1496 758 1497 759 1497 760 1497 756 1498 758 1498 757 1498 759 1499 754 1499 760 1499 758 1500 760 1500 761 1500 757 1501 758 1501 761 1501 755 1502 756 1502 757 1502 757 1503 754 1503 755 1503 761 1504 762 1504 757 1504 754 1505 757 1505 762 1505 760 1506 754 1506 756 1506 754 1507 762 1507 756 1507 762 1508 761 1508 759 1508 761 1509 760 1509 755 1509 755 1510 759 1510 761 1510 759 1511 758 1511 762 1511 758 1512 756 1512 762 1512 756 1513 755 1513 760 1513 765 1514 764 1514 763 1514 763 1515 764 1515 765 1515 766 1516 772 1516 767 1516 767 1517 768 1517 766 1517 769 1518 771 1518 770 1518 772 1519 774 1519 775 1519 775 1520 771 1520 772 1520 775 1521 770 1521 771 1521 770 1522 768 1522 769 1522 768 1523 770 1523 773 1523 773 1524 766 1524 768 1524 766 1525 773 1525 774 1525 774 1526 772 1526 766 1526 775 1527 773 1527 770 1527 773 1528 772 1528 771 1528 771 1529 774 1529 773 1529 773 1530 767 1530 772 1530 775 1531 768 1531 767 1531 767 1532 773 1532 775 1532 775 1533 769 1533 768 1533 774 1534 771 1534 769 1534 769 1535 775 1535 774 1535 776 1536 777 1536 778 1536 778 1537 779 1537 776 1537 778 1538 777 1538 779 1538 776 1539 779 1539 777 1539 785 1540 781 1540 780 1540 784 1541 785 1541 786 1541 782 1542 784 1542 783 1542 785 1543 780 1543 786 1543 784 1544 786 1544 787 1544 783 1545 784 1545 787 1545 781 1546 782 1546 783 1546 783 1547 780 1547 781 1547 787 1548 788 1548 783 1548 780 1549 783 1549 788 1549 787 1550 786 1550 781 1550 786 1551 780 1551 782 1551 780 1552 788 1552 782 1552 788 1553 787 1553 785 1553 785 1554 784 1554 788 1554 784 1555 782 1555 788 1555 782 1556 781 1556 786 1556 781 1557 785 1557 787 1557 791 1558 790 1558 789 1558 789 1559 790 1559 791 1559 792 1560 797 1560 793 1560 792 1561 793 1561 794 1561 796 1562 795 1562 797 1562 792 1563 796 1563 797 1563 800 1564 796 1564 792 1564 796 1565 800 1565 798 1565 796 1566 798 1566 799 1566 799 1567 795 1567 796 1567 795 1568 799 1568 800 1568 800 1569 794 1569 795 1569 800 1570 792 1570 794 1570 799 1571 798 1571 794 1571 797 1572 798 1572 800 1572 800 1573 793 1573 797 1573 799 1574 794 1574 793 1574 793 1575 800 1575 799 1575 795 1576 794 1576 798 1576 798 1577 797 1577 795 1577 801 1578 803 1578 802 1578 802 1579 803 1579 804 1579 802 1580 804 1580 801 1580 801 1581 804 1581 803 1581 807 1582 805 1582 806 1582 809 1583 806 1583 805 1583 808 1584 809 1584 810 1584 806 1585 808 1585 807 1585 809 1586 805 1586 810 1586 808 1587 810 1587 811 1587 807 1588 808 1588 811 1588 805 1589 807 1589 812 1589 812 1590 810 1590 805 1590 811 1591 812 1591 807 1591 806 1592 811 1592 810 1592 810 1593 812 1593 806 1593 812 1594 811 1594 809 1594 811 1595 806 1595 809 1595 808 1596 806 1596 812 1596 809 1597 808 1597 812 1597 815 1598 814 1598 813 1598 813 1599 814 1599 815 1599 816 1600 821 1600 817 1600 816 1601 817 1601 818 1601 820 1602 819 1602 821 1602 816 1603 820 1603 821 1603 824 1604 820 1604 816 1604 820 1605 824 1605 822 1605 820 1606 822 1606 823 1606 823 1607 819 1607 820 1607 819 1608 823 1608 824 1608 824 1609 818 1609 819 1609 824 1610 816 1610 818 1610 823 1611 822 1611 818 1611 819 1612 818 1612 822 1612 822 1613 821 1613 819 1613 821 1614 822 1614 824 1614 824 1615 817 1615 821 1615 823 1616 818 1616 817 1616 817 1617 824 1617 823 1617 827 1618 825 1618 826 1618 826 1619 825 1619 828 1619 826 1620 828 1620 827 1620 827 1621 828 1621 825 1621 831 1622 829 1622 830 1622 833 1623 830 1623 829 1623 832 1624 833 1624 834 1624 830 1625 832 1625 831 1625 833 1626 829 1626 834 1626 832 1627 834 1627 835 1627 831 1628 832 1628 835 1628 829 1629 831 1629 836 1629 836 1630 834 1630 829 1630 835 1631 836 1631 831 1631 830 1632 835 1632 834 1632 834 1633 836 1633 830 1633 836 1634 835 1634 833 1634 835 1635 830 1635 833 1635 832 1636 830 1636 836 1636 833 1637 832 1637 836 1637 837 1638 838 1638 839 1638 840 1639 839 1639 875 1639 840 1640 875 1640 841 1640 842 1641 841 1641 843 1641 844 1642 843 1642 845 1642 846 1643 845 1643 847 1643 849 1644 847 1644 850 1644 849 1645 850 1645 851 1645 852 1646 851 1646 853 1646 878 1647 853 1647 854 1647 855 1648 854 1648 856 1648 855 1649 856 1649 857 1649 859 1650 857 1650 860 1650 859 1651 860 1651 861 1651 862 1652 861 1652 863 1652 864 1653 863 1653 865 1653 866 1654 865 1654 838 1654 838 1655 837 1655 866 1655 865 1656 866 1656 864 1656 863 1657 864 1657 862 1657 861 1658 862 1658 859 1658 857 1659 859 1659 858 1659 857 1660 858 1660 855 1660 854 1661 855 1661 878 1661 853 1662 878 1662 852 1662 851 1663 852 1663 849 1663 847 1664 849 1664 848 1664 847 1665 848 1665 846 1665 845 1666 846 1666 844 1666 843 1667 844 1667 842 1667 841 1668 842 1668 840 1668 839 1669 840 1669 837 1669 854 1670 867 1670 869 1670 861 1671 871 1671 870 1671 854 1672 869 1672 856 1672 867 1673 854 1673 853 1673 865 1674 873 1674 872 1674 863 1675 870 1675 873 1675 867 1676 853 1676 851 1676 870 1677 863 1677 861 1677 857 1678 868 1678 871 1678 847 1679 874 1679 850 1679 838 1680 876 1680 875 1680 873 1681 865 1681 863 1681 871 1682 861 1682 860 1682 875 1683 839 1683 838 1683 874 1684 847 1684 845 1684 838 1685 872 1685 876 1685 871 1686 860 1686 857 1686 868 1687 857 1687 856 1687 872 1688 838 1688 865 1688 874 1689 845 1689 843 1689 848 1690 877 1690 850 1690 877 1691 878 1691 851 1691 878 1692 855 1692 867 1692 869 1693 855 1693 879 1693 879 1694 856 1694 869 1694 879 1695 858 1695 868 1695 858 1696 859 1696 868 1696 859 1697 862 1697 871 1697 862 1698 864 1698 870 1698 872 1699 873 1699 864 1699 866 1700 837 1700 876 1700 837 1701 875 1701 876 1701 837 1702 880 1702 841 1702 880 1703 881 1703 843 1703 874 1704 881 1704 846 1704 874 1705 843 1705 881 1705 843 1706 841 1706 880 1706 841 1707 875 1707 837 1707 876 1708 872 1708 866 1708 864 1709 866 1709 872 1709 873 1710 870 1710 864 1710 870 1711 871 1711 862 1711 871 1712 868 1712 859 1712 868 1713 856 1713 879 1713 869 1714 867 1714 855 1714 867 1715 851 1715 878 1715 851 1716 850 1716 877 1716 850 1717 874 1717 848 1717 846 1718 848 1718 874 1718 844 1719 846 1719 881 1719 858 1720 879 1720 855 1720 840 1721 842 1721 880 1721 842 1722 844 1722 881 1722 880 1723 837 1723 840 1723 849 1724 852 1724 878 1724 881 1725 880 1725 842 1725 878 1726 877 1726 849 1726 877 1727 848 1727 849 1727</p>
        </triangles>
      </mesh>
    </geometry>
  </library_geometries>
  <library_visual_scenes>
    <visual_scene id="Scene" name="Scene">
      <node id="Ft_Sensor" name="Ft Sensor" type="NODE">
        <matrix sid="transform">1 0 0 0 0 1 0 0 0 0 1 0 0 0 0 1</matrix>
        <instance_geometry url="#Ft_Sensor-mesh" name="Ft Sensor"/>
      </node>
    </visual_scene>
  </library_visual_scenes>
  <scene>
    <instance_visual_scene url="#Scene"/>
  </scene>
</COLLADA>