<?xml version="1.0" encoding="utf-8"?>
<COLLADA xmlns="http://www.collada.org/2005/11/COLLADASchema" version="1.4.1" xmlns:xsi="http://www.w3.org/2001/XMLSchema-instance">
  <asset>
    <contributor>
      <author>Blender User</author>
      <authoring_tool>Blender 2.90.1 commit date:2020-09-23, commit time:06:43, hash:3e85bb34d0d7</authoring_tool>
    </contributor>
    <created>2020-10-05T21:36:00</created>
    <modified>2020-10-05T21:36:00</modified>
    <unit name="meter" meter="1"/>
    <up_axis>Z_UP</up_axis>
  </asset>
  <library_images/>
  <library_geometries>
    <geometry id="Link05-mesh" name="Link05">
      <mesh>
        <source id="Link05-mesh-positions">
          <float_array id="Link05-mesh-positions-array" count="2874">0.007129967 0.01979827 0.02227932 0.005285561 0.01979887 0.02384448 0.006660819 0.01980209 0.02567529 0.008727133 0.01980239 0.02436661 0.005306541 0.0220018 0.02424234 0.007153034 0.0220012 0.025716 0.008727133 0.02199858 0.02363336 0.006624996 0.0219987 0.02232486 0.006704986 0.02199828 0.01986193 0.007724285 0.02200102 0.02815693 0.01065337 0.02199995 0.02573168 0.01058256 0.02200347 0.02182352 0.003564596 0.02200794 0.02179741 0.003298521 0.02199834 0.02601385 0.01108407 0.01979291 0.02418321 0.009939432 0.01979994 0.02122408 0.007295012 0.01980167 0.01986193 0.003339946 0.01979881 0.02191191 0.003970563 0.01979923 0.02693724 0.008810758 0.01980161 0.02780485 0.006162583 0.01962584 0.02900272 0.009841024 0.01961195 0.02831774 0.01176607 0.01964998 0.02554857 0.003409326 0.01962965 0.02040284 0.01200848 0.01961654 0.023184 0.01061797 0.01962584 0.02044486 0.001998782 0.01961058 0.02315694 0.002722024 0.01960271 0.02693027 0.007143557 0.01961743 0.018817 0.00781399 0.01949995 0.03164547 0.01331114 0.01949995 0.02839154 0.003074765 0.01949995 0.01753038 -2.92755e-4 0.01949995 0.02156436 0.0144518 0.01949995 0.02210617 0.01125437 0.01949995 0.01774191 0.007195651 0.01949995 0.01643526 3.76173e-5 0.01949995 0.02696448 0.002745568 0.01949995 0.03025805 -5.15618e-4 0.02050155 0.02311772 2.00292e-4 0.02049839 0.02732068 0.003074765 0.0205 0.03046959 0.007195651 0.02049928 0.03156471 0.01125454 0.02049815 0.03025788 0.01396238 0.0205 0.02696448 0.01429271 0.02049928 0.02156436 0.01092517 0.02050006 0.01753038 0.005627155 0.02049607 0.0164349 0.00115472 0.02049881 0.01919412 -0.03449428 0.02033066 0.03237068 0.01392734 0.02045249 0.01414448 -0.02941298 0.02033817 0.01054072 -0.03019613 0.02038788 0.03277945 0.01394683 0.02034848 0.03747665 0.01424294 0.02027183 0.03419566 0.0171315 0.02046525 0.01629495 0.0155704 0.02048838 0.0324217 -0.0311259 0.019679 0.03330391 -0.03005832 0.01969933 0.03505611 -0.02983438 0.02041643 0.0150218 -0.03018176 0.01978123 0.01359212 -0.03165346 0.019674 0.01485556 0.01822966 0.0197584 0.01526921 0.0145325 0.01980245 0.01301699 0.01546275 0.01972693 0.01457178 0.01372963 0.02023947 0.01018226 0.01442742 0.01921778 0.00975418 0.0151416 0.01701128 0.01434266 0.01995468 0.01749551 0.01561343 0.01901608 0.01702743 0.01488679 0.01438623 0.01699924 0.009746372 -0.02919799 0.01947867 0.009566843 -0.03009808 0.01911252 0.0101841 -0.0306617 0.0170089 0.01436913 -0.03484421 0.02024662 0.01583838 -0.03519171 0.01938104 0.01511222 -0.03538644 0.01699972 0.01517367 -0.03544014 0.01950383 0.0320878 -0.03480297 0.01914 0.03309303 -0.03068768 0.01701873 0.03363418 -0.02919995 0.02038967 0.03752273 -0.03009802 0.0193299 0.03756529 -0.03525781 0.01699942 0.03288573 -0.02936488 0.01934647 0.03842657 -0.02982205 0.01699966 0.03833526 0.01360845 0.01951497 0.03843039 0.01459747 0.0191313 0.03779637 0 0.01699995 0.03849995 0.01439005 0.016999 0.03825336 0.01512616 0.01700878 0.03368967 0.01602989 0.0195499 0.03322172 0.01474785 0.019369 0.03456932 0.01795667 0.02009171 0.03237313 0.01904618 0.01895493 0.03280276 0.01989853 0.01702082 0.03252089 -0.02985084 0.01700001 0.009663581 0 0.01699995 0.009499967 0.01993548 -0.01500016 0.0106604 0.01986074 -0.01700091 0.03818923 0.01966333 0.01499927 0.009967923 0.01985102 0.0169993 0.009057819 0.01991283 -0.01499921 0.009616911 0.01978403 -0.01700174 0.009889543 0.01974594 -0.0169993 0.008919358 0.01980143 0.01500028 0.009072422 0.01982271 0.01499807 0.03839176 0.01984864 0.01699692 0.03898829 0.01497495 -0.01499998 0.005582988 0.01497495 -0.01499998 0.009499967 0.01497495 -0.01249998 0.009499967 0.01497495 -0.01249998 0.005582988 0.01984947 -0.01500618 0.03895413 0.01976037 -0.01499974 0.03798294 0.01987415 0.01499933 0.03741586 0.01497495 0.01499998 0.04241698 0.01497495 0.01499998 0.03849995 0.01497495 -0.01499998 0.04241698 0.01497495 -0.01499998 0.03849995 0.01497495 -0.01249998 0.03849995 0.01497495 -0.01249998 0.04241698 0.01497495 0.01499998 0.005582988 0.01497495 0.01499998 0.009499967 0.01497495 0.01249998 0.009499967 0.01497495 0.01249998 0.005582988 0.01497495 0.01249998 0.03849995 0.01497495 0.01249998 0.04241698 0.013475 -0.01249998 0.004562973 0.013475 -0.01249998 0.008128941 0.01099997 -0.01249998 0.009534716 0.01326394 -0.01450085 0.004342257 0.013475 -0.01449996 0.008128941 0.01244455 -0.01699995 0.003938794 0.013475 -0.01249998 0.03987103 0.01099997 -0.01249998 0.03846526 0.013475 -0.01249998 0.043437 0.01336151 -0.01450127 0.04361927 0.013475 -0.01449996 0.03987103 0.0125361 -0.01699995 0.04402476 0.01099997 -0.01449996 0.03844207 0.01241838 -0.01449996 0.04145807 0.008524954 -0.01449996 0.04409998 0.01061165 -0.0144965 0.04276257 0.009721159 -0.01449644 0.04075193 0.01133757 -0.01450085 0.03987067 0.008524954 -0.01449996 0.03987103 0.01228004 -0.01700621 0.04073262 0.01138836 -0.01700413 0.04276257 0.009581565 -0.01699995 0.04145807 0.01056718 -0.01699995 0.03991824 0.008524954 -0.01249998 0.03987103 0.008524954 -0.01249998 0.04409998 0.007024943 -0.01249998 0.04409998 0.007024943 -0.01249998 0.03849995 0.007024943 -0.01499998 0.03849995 0.007024943 -0.01499998 0.04409998 -0.007024943 -0.01499998 0.03849995 -0.007024943 -0.01499998 0.04409998 -0.007024943 -0.01249998 0.03849995 -0.007024943 -0.01249998 0.04409998 -0.008524954 -0.01249998 0.03987103 -0.01099997 -0.01249998 0.03846526 -0.008524954 -0.01249998 0.04409998 -0.008524954 -0.01449996 0.04409998 -0.008524954 -0.01449996 0.03987103 -0.01099997 -0.01449996 0.03844207 -0.013475 -0.01449996 0.03987103 -0.01228004 -0.01449477 0.04073262 -0.013475 -0.01449996 0.04409998 -0.009581565 -0.01449996 0.04145807 -0.01138836 -0.01449579 0.04276257 -0.01056718 -0.01449996 0.03991824 -0.01133757 -0.01699906 0.03987067 -0.009721219 -0.01700425 0.04075187 -0.01061159 -0.01700413 0.04276257 -0.01241838 -0.01699995 0.04145807 -0.013475 -0.01249998 0.03987103 -0.013475 -0.01249998 0.04409998 -0.01497495 -0.01249998 0.04409998 -0.01497495 -0.01249998 0.03849995 -0.01497495 -0.01499998 0.03849995 -0.01497495 -0.01499998 0.04409998 -0.02902495 -0.01499998 0.03849995 -0.02902495 -0.01499998 0.04409998 -0.02873933 -0.01249814 0.03820079 -0.02902495 -0.01249998 0.04409998 -0.03052496 -0.01249998 0.03987103 -0.03301376 -0.01249998 0.03848761 -0.03052496 -0.01249998 0.04409998 -0.03052496 -0.01449996 0.04409998 -0.03052496 -0.01449996 0.03987103 -0.03353905 -0.01699995 0.04403591 -0.01027506 -0.01700013 0.04411804 -0.03505134 -0.01449817 0.0432657 -0.03299999 -0.01449996 0.03844207 -0.0326066 -0.01449704 0.03994286 -0.03547495 -0.01449996 0.03987103 -0.03162479 -0.01450121 0.04181158 -0.03430008 -0.01449996 0.04071128 -0.03377002 -0.01450091 0.04254055 -0.03315806 -0.01699995 0.03988158 -0.03172969 -0.01700216 0.04070836 -0.03263425 -0.01699674 0.04278248 -0.0344122 -0.01700204 0.04125469 -0.03547495 -0.01249998 0.03987103 -0.03547495 -0.01249998 0.04282498 0.013475 0.01249998 0.008128941 0.01099997 0.01249998 0.009534716 0.013475 0.01249998 0.004562973 0.01336157 0.01450037 0.004380762 0.013475 0.01449996 0.008128941 0.01247209 0.01699995 0.003945231 0.013475 0.01249998 0.043437 0.013475 0.01249998 0.03987103 0.01099997 0.01249998 0.03846526 0.01326489 0.01450097 0.04365795 0.013475 0.01449996 0.03987103 0.01243907 0.01699995 0.04403591 0.01099997 0.01449996 0.03844207 0.0113883 0.0144965 0.04276257 0.01228004 0.01449477 0.04073262 0.008524954 0.01449996 0.04409998 0.008524954 0.01449996 0.03987103 0.009581565 0.01449996 0.04145807 0.01056718 0.01449996 0.03991824 0.01133757 0.01699906 0.03987067 0.01241838 0.01699995 0.04145807 0.01061159 0.01700413 0.04276257 0.009721219 0.01700425 0.04075187 0.008524954 0.01249998 0.03987103 0.008524954 0.01249998 0.04409998 0.007024943 0.01249998 0.04409998 0.007024943 0.01249998 0.03849995 0.007024943 0.01499998 0.03849995 0.007024943 0.01499998 0.04409998 -0.007024943 0.01499998 0.04409998 -0.007024943 0.01499998 0.03849995 -0.007024943 0.01249998 0.03849995 -0.007024943 0.01249998 0.04409998 -0.008524954 0.01249998 0.04409998 -0.008524954 0.01249998 0.03987103 -0.01099997 0.01249998 0.03846526 -0.008524954 0.01449996 0.04409998 -0.008524954 0.01449996 0.03987103 -0.01099997 0.01449996 0.03844207 -0.013475 0.01449996 0.04409998 -0.01061159 0.01449579 0.04276257 -0.01241838 0.01449996 0.04145807 -0.013475 0.01449996 0.03987103 -0.009721159 0.01449644 0.04075193 -0.01133757 0.01450085 0.03987067 -0.01056718 0.01699995 0.03991824 -0.009581565 0.01699995 0.04145807 -0.01138836 0.01700413 0.04276257 -0.01228004 0.01700621 0.04073262 -0.013475 0.01249998 0.03987103 -0.013475 0.01249998 0.04409998 0.01099997 0.01449996 0.009557843 0.0124697 0.0144959 0.006801307 0.01148313 0.01449996 0.005395829 0.008524954 0.01449996 0.008128941 0.01089012 0.01449871 0.008151769 0.009593844 0.01449751 0.006250917 0.008524954 0.01449996 0.003899991 0.012353 0.01700168 0.006142675 0.01131629 0.01699906 0.008113324 0.009570538 0.01699829 0.007098019 0.01029413 0.01699995 0.005459487 0.008524954 0.01249998 0.008128941 0.008524954 0.01249998 0.003899991 0.007024943 0.01249998 0.003899991 0.007024943 0.01249998 0.009499967 0.007024943 0.01499998 0.009499967 0.007024943 0.01499998 0.003899991 -0.007024943 0.01499998 0.009499967 -0.007024943 0.01499998 0.003899991 -0.007024943 0.01249998 0.009499967 -0.007024943 0.01249998 0.003899991 -0.008524954 0.01249998 0.008128941 -0.01099997 0.01249998 0.009534716 -0.008524954 0.01249998 0.003899991 -0.008524954 0.01449996 0.003899991 -0.008524954 0.01449996 0.008128941 -0.01099997 0.01449996 0.009557843 -0.013475 0.01449996 0.008128941 -0.01128792 0.01449996 0.008097827 -0.013475 0.01449996 0.003899991 -0.01236367 0.01449644 0.006191074 -0.009578049 0.0144996 0.007140338 -0.01029413 0.01449996 0.005459487 -0.009593904 0.01700294 0.006250917 -0.01091414 0.01700079 0.008143603 -0.01230406 0.01699995 0.007183134 -0.01195782 0.01699817 0.005529642 -0.013475 0.01249998 0.008128941 -0.013475 0.01249998 0.003899991 0.01099997 -0.01449996 0.009557843 0.012353 -0.01449793 0.006142675 0.008524954 -0.01449996 0.003899991 0.008524954 -0.01449996 0.008128941 0.009570538 -0.01450109 0.007098019 0.01131629 -0.01450091 0.008113324 0.01029413 -0.01449996 0.005459487 0.01148313 -0.01699995 0.005395829 0.0124697 -0.01700335 0.006801307 0.01089012 -0.0170015 0.008151769 0.009593844 -0.0170024 0.006250917 0.008524954 -0.01249998 0.008128941 0.008524954 -0.01249998 0.003899991 0.007024943 -0.01249998 0.003899991 0.007024943 -0.01249998 0.009499967 0.007024943 -0.01499998 0.009499967 0.007024943 -0.01499998 0.003899991 -0.007024943 -0.01499998 0.003899991 -0.007024943 -0.01499998 0.009499967 -0.007024943 -0.01249998 0.009499967 -0.007024943 -0.01249998 0.003899991 -0.008524954 -0.01249998 0.003899991 -0.008524954 -0.01249998 0.008128941 -0.01099997 -0.01249998 0.009534716 -0.008524954 -0.01449996 0.003899991 -0.008524954 -0.01449996 0.008128941 -0.01099997 -0.01449996 0.009557843 -0.013475 -0.01449996 0.003899991 -0.01195782 -0.01450496 0.005529642 -0.013475 -0.01449996 0.008128941 -0.01230406 -0.01449996 0.007183134 -0.01091414 -0.0144993 0.008143603 -0.009593904 -0.01449704 0.006250917 -0.01029413 -0.01699995 0.005459487 -0.009578049 -0.01700043 0.007140338 -0.01128792 -0.01699995 0.008097827 -0.01236367 -0.01700347 0.006191074 -0.013475 -0.01249998 0.008128941 -0.013475 -0.01249998 0.003899991 -0.01497495 -0.01249998 0.003899991 -0.01555693 -0.01250028 0.009495317 -0.01497495 -0.01499998 0.009499967 -0.01497495 -0.01499998 0.003899991 -0.02902495 -0.01499998 0.003899991 -0.02902495 -0.01499998 0.009499967 -0.02884846 -0.01249909 0.009682178 -0.02902495 -0.01249998 0.003899991 -0.03052496 -0.01249998 0.003899991 -0.03052496 -0.01249998 0.008128941 -0.03300738 -0.01249998 0.009518086 -0.03052496 -0.01449996 0.003899991 -0.03052496 -0.01449996 0.008128941 -0.03318768 -0.01699995 0.003919303 -0.0352289 -0.01450073 0.004769444 -0.03436356 -0.01699995 0.004419207 -0.03299999 -0.01449996 0.009557843 -0.03373861 -0.01449579 0.005502045 -0.03238719 -0.01449853 0.008015096 -0.03170865 -0.01449888 0.006050467 -0.03547495 -0.01449996 0.008128941 -0.03424042 -0.01449996 0.007405817 -0.03238719 -0.01700079 0.005384862 -0.03170865 -0.01700133 0.007349431 -0.03373861 -0.01700413 0.007897853 -0.03424042 -0.01699995 0.005994141 -0.03547495 -0.01249998 0.008128941 -0.03622496 -0.01249814 0.005690097 0.01861041 -0.01930403 0.009530007 0.0186029 -0.02037131 0.01029157 0.01973414 -0.01934051 0.01021218 -0.02199995 -0.01699995 0.009499967 -0.03482276 -0.0190919 0.009555518 0 -0.01699995 0.009499967 -0.03524744 -0.01699936 0.009754419 -0.03543823 -0.01950949 0.01056391 -0.03442132 -0.02033841 0.01019448 0.0197677 -0.01923376 0.03777998 0.01851618 -0.02027463 0.03802663 -0.0345757 -0.020397 0.03747671 -0.03443163 -0.01953274 0.03843009 0.006028294 -0.02081453 0.02947926 0.009346067 -0.02086704 0.02904683 0.01265096 -0.02079808 0.02405828 0.01160538 -0.02084827 0.0272715 0.003061473 -0.02085286 0.02795684 0.001500785 -0.02081221 0.02310436 0.001761257 -0.02079969 0.02571594 0.01187902 -0.0205 0.02133554 0.0102275 -0.0209456 0.01935845 0.002527236 -0.02083295 0.02077758 0.004488468 -0.02081197 0.01902735 0.006988346 -0.02079963 0.01848804 0 -0.01699995 0.03849995 -0.0353102 -0.01699888 0.03833234 -0.03541713 -0.01935845 0.0377199 0.01727688 -0.02099996 0.01439189 0.01102548 -0.02099996 0.01038986 0.01931351 -0.02099996 0.03080481 0.02029633 -0.02099996 0.01940256 0.003817558 -0.02099996 0.01029592 -0.001481175 -0.02099996 0.01277506 0.02101671 -0.02099996 0.02520811 -0.005313515 -0.02099996 0.01719516 -0.007187902 -0.02099996 0.02437722 -0.001054644 -0.02099996 0.03553473 0.01548117 -0.02099996 0.03522485 -0.005049884 -0.02099996 0.03126138 0.004333257 -0.02099996 0.03781366 0.01018238 -0.02099996 0.03770405 0.02101671 -0.02349996 0.0227918 0.0187 -0.02349996 0.0159657 0.01174306 -0.02349996 0.01062303 0.004333257 -0.02349996 0.01018625 -0.00221318 -0.02349996 0.01320385 -0.005789637 -0.02349996 0.01830565 -0.007187902 -0.02349996 0.02362269 -0.005313515 -0.02349996 0.03080481 -0.001481175 -0.02349996 0.03522485 0.003817558 -0.02349996 0.03770405 0.01102548 -0.02349996 0.03761011 0.01727688 -0.02349996 0.03360801 0.02029633 -0.02349996 0.02859741 0.01143968 -0.02349621 0.02659809 0.007441997 -0.02349621 0.02913576 0.009661078 -0.02349621 0.01958525 0.003530085 -0.02349996 0.02767425 0.004178881 -0.02349931 0.01958799 0.01196688 -0.02349996 0.02306699 0.001864194 -0.02349579 0.02444201 0.01213574 -0.02530556 0.02444207 0.01067423 -0.02529996 0.02053004 0.007442057 -0.0253067 0.01886427 0.002587974 -0.02530092 0.0211789 0.002585232 -0.0253067 0.02666103 0.006066977 -0.02529996 0.0289669 0.009598076 -0.02530598 0.02843964 0.009019374 -0.02529966 0.02191728 0.004243314 -0.02529996 0.02364385 0.009604752 -0.02529966 0.02527695 0.007513105 -0.02529996 0.02673178 0.005005717 -0.02529984 0.02609199 0.005500316 -0.0253005 0.02147948 0.009604752 -0.02800047 0.02272301 0.006624817 -0.02799957 0.02112752 0.004386842 -0.02800506 0.0229789 0.004580616 -0.02799922 0.02552461 0.007409512 -0.02800047 0.02687191 0.009439468 -0.02799999 0.02533221 -0.04061788 -0.0144999 0.00886327 -0.03697496 -0.01449996 0.006194949 -0.03697496 -0.01449996 0.009024977 -0.03705722 -0.01249998 0.00982064 -0.04067498 -0.01249998 0.009027659 -0.04094076 -0.01699656 0.009120762 -0.04113435 -0.01249998 0.01051145 -0.04109942 -0.01449996 0.01052504 -0.03687101 -0.01449996 0.01052498 -0.03532367 -0.01249974 0.0102443 -0.03546524 -0.01249998 0.01299995 -0.03317856 0.01249998 0.009485781 -0.03570675 0.01250034 0.01081156 -0.03544211 -0.01449996 0.01299995 -0.03796499 -0.01449614 0.01155996 -0.03694283 -0.01449853 0.01346528 -0.03960013 -0.01449996 0.01241129 -0.03687101 -0.01449996 0.01547497 -0.04109996 -0.01449996 0.01547497 -0.0389145 -0.01449996 0.01436918 -0.03699982 -0.01699995 0.01241129 -0.037669 -0.01699948 0.0143665 -0.03959149 -0.01700025 0.01360583 -0.0387603 -0.0170058 0.01159703 -0.03687101 -0.01249998 0.01547497 -0.04109996 -0.01249998 0.01547497 -0.04109996 -0.01249998 0.01697498 -0.03549998 -0.01249998 0.01697498 -0.03549998 -0.01499998 0.01697498 -0.04109996 -0.01499998 0.01697498 -0.04109996 -0.01499998 0.03102499 -0.03549998 -0.01499998 0.03102499 -0.03549998 -0.01249998 0.03102499 -0.04109996 -0.01249998 0.03102499 -0.03688323 -0.01699882 0.03466224 -0.04094415 -0.01699846 0.03887861 -0.03785538 -0.01699411 0.03639602 -0.03957277 -0.01700323 0.03560632 -0.04109996 -0.01699995 0.02399998 -0.03889662 -0.01699864 0.03362566 -0.03795027 -0.01450085 0.03358834 -0.0370118 -0.01449829 0.03575849 -0.03926163 -0.01449996 0.03605455 -0.03959149 -0.0144996 0.0344153 -0.04109942 -0.01449996 0.03747493 -0.04109996 -0.01449996 0.032525 -0.04109996 -0.01249998 0.032525 -0.03687101 -0.01249998 0.032525 -0.03546524 -0.01249998 0.03499996 -0.03687101 -0.01449996 0.032525 -0.03697496 -0.01449996 0.04180496 -0.03697496 -0.01249998 0.04180496 -0.03697496 -0.01449996 0.038975 -0.04067677 -0.0144999 0.03904497 -0.03697496 -0.01249998 0.038975 -0.04100108 -0.01248878 0.03821194 -0.03544211 -0.01449996 0.03499996 -0.03687101 -0.01449996 0.03747498 -0.03687101 -0.01249998 0.03747498 -0.03506803 -0.01250016 0.0378617 -0.03563231 0.0125001 0.03702527 -0.03339689 0.0124998 0.03851574 -0.0149182 0.0125001 0.004500269 -0.01475 0.01249998 0.009499967 -0.01475 0.001999974 0.009499967 -0.01475 0.001999974 0.004899978 -0.01497495 0.01499998 0.004899978 -0.01497495 0.01499998 0.003899991 -0.02902531 0.01500266 0.004150032 -0.02926665 0.01249998 0.004899978 -0.02902495 0.01249998 0.003899991 -0.02974998 0.001999974 0.004899978 -0.02974998 0.01249998 0.009499967 -0.02974998 0.001999974 0.009499967 -0.03052496 0.01249998 0.008128941 -0.03052496 0.01249998 0.003899991 -0.03052496 0.01449996 0.008128941 -0.03052496 0.01449996 0.003899991 -0.03357654 0.01699995 0.003940999 -0.03523671 0.01449579 0.004834294 -0.03299999 0.01449996 0.009557843 -0.03547495 0.01449996 0.008128941 -0.03547495 0.01249998 0.008128941 -0.03547495 0.01249998 0.005174994 -0.03170865 0.01449906 0.007349431 -0.03373861 0.01449495 0.007897913 -0.03424042 0.01449996 0.005994141 -0.03238719 0.01449853 0.005384862 -0.03170865 0.01700109 0.006050467 -0.03238719 0.01700091 0.008015096 -0.03424042 0.01699995 0.007405817 -0.03373861 0.01700413 0.005502045 -0.01590472 0.001981973 0.009856164 -0.02851396 0.001766741 0.01003164 -0.01585 -0.01249998 0.01024997 -0.03697496 0.01449996 0.006194949 -0.03697496 0.01249998 0.006194949 -0.03697496 0.01449996 0.009024977 -0.04067409 0.0144999 0.008927881 -0.03697496 0.01249998 0.009024977 -0.04099798 0.01248544 0.009789109 -0.03546524 0.01249998 0.01299995 -0.04109942 0.01449996 0.01052498 -0.03687101 0.01449996 0.01052498 -0.04100131 0.01699829 0.009173095 -0.03544211 0.01449996 0.01299995 -0.03687101 0.01449996 0.01547497 -0.037669 0.01450037 0.0143665 -0.04109996 0.01449996 0.01547497 -0.03699982 0.01449996 0.01241129 -0.03959149 0.01449966 0.01360583 -0.0387603 0.01449304 0.01159703 -0.03796499 0.01700383 0.01155996 -0.03694283 0.01700145 0.01346528 -0.0389145 0.01699995 0.01436918 -0.03960013 0.01699995 0.01241129 -0.03687101 0.01249998 0.01547497 -0.04109996 0.01249998 0.01547497 -0.04109996 0.01249998 0.01697498 -0.03549998 0.01249998 0.01697498 -0.03549998 0.01499998 0.01697498 -0.04109996 0.01499998 0.01697498 -0.03549998 0.01499998 0.03102499 -0.04109996 0.01499998 0.03102499 -0.03549998 0.01249998 0.03102499 -0.04109996 0.01249998 0.03102499 -0.03546524 0.01249998 0.03499996 -0.03687101 0.01249998 0.032525 -0.04109996 0.01249998 0.032525 -0.04109996 0.01449996 0.032525 -0.03687101 0.01449996 0.032525 -0.0409401 0.01699811 0.03887909 -0.04109942 0.01449996 0.03747493 -0.03544211 0.01449996 0.03499996 -0.03687101 0.01449996 0.03747498 -0.04113435 0.01249998 0.03748852 -0.03785538 0.01450484 0.03639602 -0.03691041 0.01449996 0.03505647 -0.03766852 0.01449894 0.03369671 -0.03983676 0.01449602 0.03483951 -0.03795027 0.01699894 0.03358834 -0.0370118 0.01700162 0.03575849 -0.03926163 0.01699995 0.03605455 -0.03959149 0.01700037 0.0344153 -0.03564995 0.01699995 0.006699979 0 0.01699995 0.04409998 -0.03267663 0.01699995 0.04409998 -0.0326876 0.01700001 0.03987294 -0.03162479 0.0169987 0.04181158 -0.03430008 0.01699995 0.04071128 -0.03379744 0.01699995 0.04390627 -0.03377002 0.01699918 0.04254055 -0.03497481 0.01449912 0.04340457 -0.03172069 0.01449835 0.04073262 -0.03203833 0.01449996 0.04235458 -0.03401529 0.01449817 0.04233956 -0.03362745 0.01449877 0.03997832 -0.04067498 0.01249998 0.03897225 -0.04063457 0.0144999 0.03909564 -0.03697496 0.01449996 0.038975 -0.03697496 0.01449996 0.04180496 -0.03697496 0.01249998 0.038975 -0.03697496 0.01249998 0.04180496 -0.03547495 0.01249998 0.04282498 -0.03547495 0.01249998 0.03987103 -0.03547495 0.01449996 0.03987103 -0.03052496 0.01449996 0.04409998 -0.03052496 0.01449996 0.03987103 -0.03299999 0.01449996 0.03844207 -0.03052496 0.01249998 0.03987103 -0.03052496 0.01249998 0.04409998 -0.01501578 0.01499831 0.04393124 -0.01497495 0.01249998 0.04409998 -0.02902495 0.01499998 0.04369997 -0.02902495 0.01249998 0.04409998 -0.02950829 0.01249998 0.04309999 -0.01482498 0.01249998 0.04309999 -0.01475 0.01249998 0.03849995 -0.02974998 0.01249998 0.03849995 -0.02974998 0.001999974 0.04309999 -0.01475 0.001999974 0.04309999 -0.01475 0.001999974 0.03849995 -0.02974998 0.001999974 0.03849995 -0.02855992 0.001813769 0.03803241 -0.01581156 -0.01249867 0.03834694 -0.01593679 0.001987814 0.03809708 -0.02846473 0.001699626 0.005120098 -0.01605713 0.001850306 0.005120098 -0.01604998 0.001099944 0.01001995 -0.01603156 0.001849532 0.04287981 -0.02843278 0.001640975 0.0428797 -0.01604998 0.001099944 0.03797996 0.01199996 0.01249998 0.03649997 0.01199996 -0.01349997 0.03649997 -0.02799999 -0.01349997 0.03649997 -0.02799999 0.01249998 0.03649997 -0.02799999 -0.01349997 0.0115 -0.02799999 0.01249998 0.0115 0.01199996 -0.01349997 0.0115 0.01199996 0.01249998 0.0115 0.004434347 0.0189954 0.008102536 0.004566848 0.01699995 0.007951974 0.002808868 0.01699256 0.007472515 0.002590715 0.01900535 0.006792664 0.003268539 0.0169999 0.005527138 0.003722667 0.01899999 0.005353868 0.00524199 0.01900339 0.006150364 0.005331158 0.0169999 0.006121158 -0.0166406 0.01899939 0.006310999 -0.01168918 0.01900339 0.005534708 0.01450324 0.01887637 0.001159369 0.009585797 0.01900124 0.006701648 0.0130003 0.01899999 0.009247004 -0.02092486 0.01900011 0.008953511 -0.01772272 0.01899999 0.00804603 -0.01072269 0.01899999 0.00804603 0.01152819 0.01900672 0.007924318 -0.01919448 0.01899999 0.007379651 0.01426815 0.01900082 0.008336126 0.01177155 0.0189976 0.00544852 -0.009643137 0.01900118 0.006311237 -0.01219451 0.01899999 0.007379651 -0.01715975 0.01898407 0.002017974 -0.02133005 0.01899862 0.004865348 -0.01868915 0.01900535 0.005534708 0.01406621 0.01700103 0.008883118 -0.02127158 0.0169996 0.004861652 -0.02116042 0.01699966 0.008718788 -0.01665389 0.01699995 0.00697726 -0.01842468 0.01699668 0.007985234 -0.01919448 0.01699995 0.006020307 -0.01749056 0.01699626 0.005437493 0.0123952 0.01700067 0.006920039 0.009982526 0.01699662 0.007663667 0.01055026 0.01700049 0.005359888 -0.009585738 0.0169996 0.006701648 -0.01152819 0.01699209 0.007924318 -0.01177155 0.01700246 0.00544852 0.01450014 0.01694011 0.002023696 -0.0159648 0.01757961 1.75313e-4 -0.002199947 0.01649999 0 0.01449996 0.01673996 4.85154e-6 -0.01556724 0.01645785 0.00197488 -0.01665568 0.01702469 0.002110183 -0.01456409 0.01426988 0 -0.01449996 0.007152557 7.72969e-7 -0.01449996 0.01303589 0.001999974 -0.01449996 0.004535138 0.001999974 -0.01449996 -0.004555463 0.001999974 -0.01449996 -0.004281997 0 -0.01471227 -0.01472473 -1.8899e-5 -0.01461875 -0.01447618 0.001991569 -0.01626664 -0.01816827 4.89853e-4 -0.01616328 -0.01693391 0.001877784 -0.01741969 -0.01900297 0.002285301 0.01450067 -0.01892304 0.001396417 0.01449996 -0.01684659 9.18159e-6 0.004422247 -0.01649999 0 -0.003449916 -0.01649999 0 0.01450079 -0.01693171 0.002042651 -0.002362072 -0.01649999 0.001999974 0.005670428 -0.01232457 0.001987218 0.01406645 -0.01899957 0.008882939 0.01426827 -0.01699924 0.008336007 0.0130003 -0.01699995 0.009247004 -0.02092486 -0.01699984 0.008953511 -0.02116042 -0.01900029 0.008718788 -0.02132445 -0.01699793 0.004852294 -0.02124333 -0.01899892 0.00478357 0.01219451 -0.01899999 0.007379651 0.005243003 -0.0190013 0.007338106 0.009982526 -0.01900339 0.007663667 -0.009585797 -0.0190013 0.006701648 0.003268539 -0.01900029 0.005527138 0.002963602 -0.01900392 0.00765264 -0.01842468 -0.01900327 0.007985234 0.009949386 -0.01899999 0.005869388 -0.01665389 -0.01899999 0.00697726 -0.01919448 -0.01899999 0.006020307 0.004830539 -0.01899999 0.005649387 0.01168912 -0.01900506 0.005534708 -0.01749056 -0.01900255 0.005437552 -0.01177155 -0.01899772 0.00544846 -0.01152819 -0.01900786 0.007924318 -0.01694941 -0.01699995 0.005869388 -0.01168918 -0.01699697 0.005534708 0.003722667 -0.01699995 0.005353868 0.009585797 -0.0169987 0.006701648 0.00524199 -0.01699656 0.006150364 0.01152819 -0.01699322 0.007924318 0.004478096 -0.01699781 0.008029282 0.00258696 -0.01699525 0.00681436 0.01177155 -0.01700222 0.00544852 -0.01724612 -0.01699471 0.007876873 -0.01072269 -0.01699995 0.00804603 -0.009643137 -0.01699852 0.006311237 -0.01919448 -0.01699995 0.007379651 -0.01219451 -0.01699995 0.007379651 -0.01868915 -0.01699477 0.005534708 -0.01019924 0.005269825 0.001999974 -0.008653879 -0.002654194 0.002001047 -0.01085358 -0.004686594 0.001999974 -0.005200743 0.005313277 0.001999974 -0.00836873 0.002191722 0.002003133 -0.007154941 -0.002795219 0.001999914 -0.008941829 -0.00403589 0.001999974 -0.005200743 -0.005200743 0.001999974 -0.007397294 -0.004429996 0.002000451 -0.009705662 -0.00573337 0.001999974 -0.008078694 -0.009101688 0.002001643 -0.006409585 -0.007785439 0.002004921 -0.007430315 -0.006538271 0.001999974 -0.009067714 -0.007304072 0.002002656 -0.00573337 0.009705662 0.001999974 -0.004686594 0.01085358 0.001999974 -0.005269825 -0.01019924 0.001999974 -9.62885e-4 0.01196044 0.002006113 -0.002654194 0.008653879 0.002000987 -0.001740157 0.004897415 0.001996695 -0.002795219 0.007154941 0.001999795 -0.00403589 0.008941829 0.001999974 -0.004429996 0.007397294 0.002000451 0.002296447 -0.004655301 0.001996815 -0.002191781 -0.00836867 0.002005279 0.002191781 0.00836867 0.002005934 0.002654194 -0.008653879 0.002000927 0.001247882 0.01141571 0.002005755 0.005269825 0.01019924 0.001999974 0.002164602 0.004566669 0.001999974 0.005313277 0.005313277 0.001999974 0.005313277 -0.005200743 0.001999974 0.004429996 -0.007397294 0.002000451 0.002795219 -0.007154941 0.001999795 0.00573337 -0.009705662 0.001999974 0.00403589 -0.008941829 0.001999974 0.004435479 0.002422153 0.001999974 0.00503695 -8.36674e-4 0.002002358 0.008653879 0.002654194 0.002000927 0.008941829 0.00403589 0.001999974 0.007154941 0.002795219 0.001999795 0.007397294 0.004429996 0.002000451 0.00836867 -0.002191781 0.002005279 0.009203791 -0.004045069 0.001999974 0.007319569 -0.01096105 0.002001583 0.01182317 -0.001017391 0.002002835 0.01207166 0.005286037 0.001999974 -0.002202332 -0.004547595 0.002000212 -0.004450082 -0.002408564 0.002000212 -0.004996657 0.001269996 0.002000749 0.01214855 6.53533e-4 0.001999974 0.01055639 0.0012874 0.001995742 0.009861946 -8.00788e-4 0.002001702 0.007785439 -0.006409585 0.002004921 0.006538271 -0.007430315 0.001999974 0.007304072 -0.009067714 0.002002656 0.009101688 -0.008078694 0.002001643 -2.66616e-4 -0.009705662 0.001999974 -0.001247823 -0.01141571 0.002009153 6.53533e-4 -0.01214855 0.001999974 0.0012874 -0.01055639 0.001995742 -0.01214855 -6.53533e-4 0.001999974 -0.01055639 -0.0012874 0.001995742 -0.01141571 0.001247823 0.002009153 -0.009705662 2.66616e-4 0.001999974 -0.0072636 0.009071111 0.002001345 -0.007785439 0.006409585 0.002004921 -0.006538271 0.007430315 0.001999974 -0.009101688 0.008078694 0.002001643 -3.44502e-4 0.00961256 0.001998603 0.006409585 0.007785439 0.002004921 0.007430315 0.006538271 0.001999974 0.009067714 0.007304072 0.002002596 0.008078694 0.009101688 0.002001643 0.007730364 -0.004846036 0.002002179 0.006686627 -0.003353595 0.001999974 -0.004045069 -0.009203791 0.001999974 -0.004846036 -0.007730364 0.002001821 -0.003353595 -0.006686627 0.001999974 -0.009203791 0.004045069 0.001999974 -0.006686627 0.003353595 0.001999974 -0.007730364 0.004846036 0.002002179 0.004045069 0.009203791 0.001999974 0.004846036 0.007730364 0.002002179 0.003353595 0.006686627 0.001999974 0.006974875 0.01046597 0.002000391 0.006585419 0.01187872 0.001999974 0.005158066 0.01166874 0.002005219 0.01046597 -0.006974875 0.002000153 0.01187872 -0.006585419 0.001999974 0.01019924 -0.005269825 0.001999974 0.0116688 -0.005158066 0.002003669 -0.005158066 -0.0116688 0.00200653 -0.006585419 -0.01187872 0.001999974 -0.006974875 -0.01046597 0.002000451 -0.01046597 0.006974875 0.002000331 -0.01187872 0.006585419 0.001999974 -0.01166874 0.005158066 0.002005219 0.0119602 0.007059574 0.001998066 0.0104503 0.004782736 0.002006411 0.009866118 0.006716847 0.002001166 0.004686594 -0.01085358 0.001999974 -0.01232206 -0.005669891 0.00200504 -0.01096105 -0.007319509 0.002005338 -0.005669891 0.01232206 0.00200504 -0.007319509 0.01096105 0.002005338 0.009705662 2.66616e-4 0 0.01052707 -0.001261293 -2.64438e-6 0.01214855 -6.53533e-4 0 0.01141577 0.001247823 -1.14477e-5 0.006409585 -0.007785439 -4.94404e-6 0.008078694 -0.009101688 -1.68164e-6 0.009067714 -0.007304072 -2.66524e-6 0.007430315 -0.006538271 0 -0.0012874 -0.01055639 4.22886e-6 -6.53533e-4 -0.01214855 0 0.001247823 -0.01141571 -9.16725e-6 2.66638e-4 -0.009705662 -6.79122e-7 -0.009101629 -0.008078873 6.18808e-7 -0.007304072 -0.009067714 -2.64776e-6 -0.006538271 -0.007430315 0 -0.007785439 -0.006409645 -5.06447e-6 -0.01141571 -0.001247823 -9.19323e-6 -0.009705662 -2.66616e-4 0 -0.01055639 0.0012874 4.22886e-6 -0.01214855 6.53533e-4 0 -0.008288204 0.006510734 5.76393e-7 -0.006415367 0.007673859 -2.59365e-6 -0.007330775 0.008985638 0 -0.008890211 0.008568942 -3.77853e-7 -2.66616e-4 0.009705662 0 0.0012874 0.01055639 4.22537e-6 6.53533e-4 0.01214855 0 -0.001247823 0.01141571 -9.19442e-6 0.006538271 0.007430315 0 0.007785439 0.006409585 -4.11916e-6 0.009101688 0.008078694 -1.23452e-6 0.007304072 0.009067714 -1.95415e-6 0.008527636 -0.00475502 -6.81576e-6 0.006704211 -0.003825306 1.71738e-6 0.007688581 -0.002137362 9.4075e-7 0.009203791 -0.0029549 0 -0.00475502 -0.008527517 -1.05867e-5 -0.003823757 -0.006703913 -4.27086e-6 -0.00213766 -0.007687866 -1.22739e-6 -0.0029549 -0.009203791 0 -0.008527636 0.00475502 -6.81282e-6 -0.006703913 0.003823578 -2.08573e-6 -0.007690131 0.002136707 8.10003e-6 -0.009203791 0.002954721 -3.15235e-7 0.00475502 0.008527636 -6.80507e-6 0.003826618 0.006704509 3.98281e-6 0.002136766 0.007690131 5.50044e-6 0.0029549 0.009203791 0 0.01232653 0.006297051 -1.461e-6 0.01154506 0.004796147 0 0.00990051 0.005215704 1.89621e-6 0.01040697 0.007217228 -1.16416e-5 0.006297051 -0.01232653 -3.46472e-6 0.004796147 -0.01154506 0 0.005237638 -0.009914219 -3.469e-6 0.007212579 -0.01038396 -9.81008e-6 -0.01232653 -0.006297051 -2.77428e-6 -0.01154506 -0.004796147 0 -0.009914219 -0.005237638 -3.61042e-6 -0.01038396 -0.007212579 -9.81008e-6 -0.006297051 0.01232653 -2.77428e-6 -0.004796147 0.01154506 0 -0.005237638 0.009914219 -4.5759e-6 -0.007212579 0.01038396 -9.81008e-6 0.002510666 -0.00448966 2.26658e-5 -6.70933e-4 -0.005049288 7.82936e-5 0.004548847 -0.002343893 5.40032e-5 0.00511378 0.001357495 2.26045e-5 0.001574754 0.004962861 2.62479e-5 -0.002952635 0.004338026 2.87333e-5 -0.005230844 2.90024e-4 3.99768e-5 -0.003580391 -0.003663837 1.89937e-5 0.008527755 0.004602968 1.46352e-4 0.006960868 0.004109323 1.01525e-4 0.007009744 0.002748429 1.1642e-4 0.008893191 0.002632081 1.66938e-4 0.004534423 -0.008598446 1.60257e-4 0.004254639 -0.007116436 1.49729e-4 0.002852499 -0.006964325 1.38791e-4 0.002544045 -0.008815228 1.46066e-4 -0.008966863 -0.004185259 1.1031e-4 -0.007871448 -0.00471425 9.3014e-5 -0.006832242 -0.00383836 1.51764e-4 -0.007534921 -0.002371847 1.00541e-4 -0.009031713 -0.002800166 6.85141e-5 -0.004587829 0.008520126 1.6782e-4 -0.004198789 0.007027149 3.62883e-5 -0.002754807 0.006988942 1.22333e-4 -0.00262624 0.008941769 9.95252e-5 0.007147073 0.0106166 1.21486e-4 0.006819725 0.01182878 1.54621e-4 0.005536437 0.01216286 7.73405e-5 0.004840612 0.01090359 1.3669e-4 0.005782485 0.009786725 1.01214e-4 0.01064634 -0.007148683 1.29019e-4 0.01182878 -0.006819725 1.54643e-4 0.0121333 -0.005660593 1.3515e-4 0.01129943 -0.004861295 1.30407e-4 0.01017963 -0.005100846 1.2689e-4 0.00981307 -0.00621581 5.78161e-5 -0.007202029 -0.01085615 1.0013e-4 -0.006681144 -0.0119642 1.07535e-4 -0.005360186 -0.01208376 1.07459e-4 -0.004909455 -0.01046079 1.62402e-4 -0.006489634 -0.009860575 4.11097e-5 0.008844494 -0.009499967 0 -0.009786009 0.005717873 9.01494e-5 -0.01067709 0.007151007 1.3338e-4 -0.01182794 0.006821036 1.51978e-4 -0.01212185 0.005616724 1.61947e-4 -0.0111317 0.004824817 9.8702e-5</float_array>
          <technique_common>
            <accessor source="#Link05-mesh-positions-array" count="958" stride="3">
              <param name="X" type="float"/>
              <param name="Y" type="float"/>
              <param name="Z" type="float"/>
            </accessor>
          </technique_common>
        </source>
        <source id="Link05-mesh-normals">
          <float_array id="Link05-mesh-normals-array" count="5643">-7.07498e-4 0.9999991 -0.001221776 -9.40295e-4 0.9999988 -0.001252174 0.7954267 0.1003649 -0.5976817 -0.5302301 0.1341764 -0.8371695 -0.7785164 0.1987459 0.5953256 0.6414257 0.1315665 0.7558197 0.818964 -0.1095186 0.5632973 -0.5234333 -0.1375209 0.8408957 -0.7822031 -0.1973046 -0.5909562 0.61893 -0.1241734 -0.7755686 1.64943e-4 1 -1.74942e-4 -0.001765847 0.9999982 8.61581e-4 3.52399e-4 0.9999995 -9.76815e-4 -0.001710653 0.9999982 9.18216e-4 3.48062e-4 1 -1.02298e-5 0.003016352 0.9999955 -8.25536e-5 0.002931952 0.9999957 4.10157e-4 2.91718e-4 0.9999974 0.00229007 -6.46018e-4 0.9999991 0.001225054 -7.222e-4 0.9999997 2.41552e-4 0.9187176 -0.1713656 -0.3557978 0.4553126 0.1075547 -0.8838114 -0.4566313 -0.1226545 -0.8811605 -0.9623795 -0.2433814 0.1207943 -0.1712718 -0.2376422 0.956134 0.8290024 -0.2036411 0.5208505 0.9789441 0.2033732 -0.01754546 0.6263765 0.1883489 0.756424 -0.4234474 0.2376711 0.8741881 -0.9932464 0.09778028 -0.06245636 -0.5246366 0.009238183 -0.8512762 0.4479986 0.1203359 -0.8858987 0.05106377 0.9657031 0.2545781 0.07576245 0.994917 0.06633579 -0.04486006 0.9925481 -0.1132954 0.1392918 0.9865906 0.08506941 0.1936938 0.9810438 0.00597918 0.16188 0.9836573 -0.07882457 -0.2455679 0.9620341 -0.1191091 -0.1555828 0.9873082 0.03188431 0.08422845 0.9791518 -0.184844 -0.1247593 0.992065 0.01556795 -0.1521887 0.9582791 0.24195 0.07872271 0.9853008 -0.1516085 0.1349679 0.9895948 -0.04985785 -0.01908123 0.9944239 0.1037164 -0.08425343 0.9833236 -0.1611711 0.03108686 0.9981362 0.05251562 -0.04737216 0.9980943 -0.03954511 0.05178099 0.9986143 0.009397745 0.01744759 0.9989476 -0.04242026 0.03147035 0.9988706 0.03559893 0.01574397 0.9986795 -0.04890304 -0.03911536 0.9991487 -0.01311296 -0.02541536 0.9991954 0.03102535 0.1030213 0.994673 -0.003508031 0.04016482 0.9990488 -0.0169813 -0.01316386 0.9986855 -0.04953765 -0.03812003 0.999229 0.009392976 -0.03782701 0.9988002 0.03110241 -0.01570355 0.9982298 0.05736678 -0.05034816 0.9987271 0.003080427 0.04802602 0.9982262 -0.03518676 -0.01513099 0.9989459 -0.04333853 0.01132959 0.9991148 0.04051572 0.9515252 0.3020118 -0.05821317 0.7685414 0.1002089 -0.6319038 0.2622399 0.1163428 -0.9579638 -0.4445311 0.4882866 -0.7509783 -0.91794 0.3600468 -0.1665908 -0.7921969 0.1885727 0.5804004 -0.3049117 0.09998935 0.9471173 0.2380663 0.3751971 0.8958525 0.7107284 0.3779512 0.5933113 0.8532516 -0.3739187 0.3635195 0.4858413 -0.378445 0.787869 -0.1927422 -0.303127 0.9332548 -0.7624673 -0.1163364 0.6364822 -0.9802304 -0.1885612 -0.05994325 -0.7162132 -0.3742105 -0.5890715 -0.2961848 -0.2576392 -0.9197264 0.2560052 0.08050799 -0.9633172 0.734875 -0.100008 -0.6707885 0.98083 -0.1001786 -0.167143 -0.0111643 0.9996837 -0.02253454 -8.11067e-4 0.9997584 -0.02196496 -3.03072e-4 0.9998471 -0.01748812 -0.003973245 0.9999847 0.003874361 -0.003412127 0.9999731 -0.006507277 -0.002424478 0.9999956 -0.001734554 0.0947507 0.9953925 -0.01470112 -0.003398835 0.9999935 0.001320958 -0.03458356 0.9993924 -0.004350006 -0.002940237 0.9999934 0.002185046 9.80854e-4 0.9997022 0.02438312 2.61557e-4 0.9999801 -0.006317853 0.001403808 0.9999976 0.001719534 -0.003569245 0.9999936 3.71923e-4 -0.001799106 0.999971 0.007406651 0.001817941 0.999921 -0.0124408 0.01137208 0.9999353 -3.31478e-4 0.008279323 0.9999433 -0.006712079 -0.04264211 0.9950695 0.08954656 0.006363213 0.9999798 2.57412e-4 0.006213963 0.9998112 0.01841014 0.001837074 0.9985514 -0.05377519 -0.4767304 0.8330005 0.280782 -0.3340713 0.8888133 -0.3136994 0.4684278 0.8505641 -0.23899 0.1112101 0.8699587 -0.480421 0.4580721 0.5654757 -0.6858624 0.7918343 0.5962274 -0.1323308 0.6635562 0.7445433 -0.07313317 0.9866145 -0.01775735 -0.1621006 0.9809135 0.1834513 -0.0644561 0.8554504 -0.0577532 -0.5146545 0.5062477 0.2608688 -0.8219859 0.2435128 0.05289798 -0.9684542 0.1361935 0.1757327 -0.9749715 -0.003787755 0.7493522 -0.6621608 0.00628668 0.3900926 -0.9207543 -0.7820458 0.6174902 -0.0843231 -0.8510241 0.5109617 -0.1211457 -0.6437812 -0.1011484 -0.7584951 -0.1520605 0.5556383 -0.8174006 -0.1086414 0.6641549 -0.739659 -0.1678255 -0.01171803 -0.9857472 -0.08377754 0.1486587 -0.9853335 -0.6598438 0.7513343 0.01014733 -0.9230864 0.3842475 -0.0162869 -0.07993358 0.6584694 0.7483506 -0.1266775 0.5383203 0.8331652 -0.8511285 -0.0757094 0.5194694 -0.881237 0.4350091 0.1849008 -0.7586378 0.6461861 0.08314061 -0.9974989 -0.07031142 0.007244646 -0.9965898 0.08110904 -0.01517009 -0.07310438 0.1110086 0.9911271 -0.161064 -0.06118285 0.9850457 -0.626241 0.5166215 0.5838873 -0.8184677 0.1194632 0.5619957 -0.9819294 -0.05662184 0.1805785 -0.9753493 0.2200146 0.01695466 -0.6360386 0.5602618 0.530624 -0.756894 0.1224852 0.6419571 -0.002635776 0.6550437 0.7555865 0.001422345 0.7527276 0.6583306 0.8724321 0.4840617 0.06742799 0.856154 0.5108726 0.07752305 0.01709604 -0.06489902 0.9977454 -0.005518138 -0.03778737 0.9992706 -2.02165e-4 0.02874714 0.9995868 0.5974068 0.4867349 0.6373338 0.5682134 0.1192218 0.8141989 0.9888957 0.1375708 0.05621045 0.9853704 -0.06182795 0.1588162 0.5425361 0.6828071 0.4893149 0.1275619 0.678882 0.7230818 0.5590693 0.5641282 0.6076191 0.7268653 -0.1344883 0.6734833 0.2173573 0.5204091 0.8257907 0.2377992 -0.0366584 0.9706224 0.1603534 0.123304 0.9793277 0.1642264 0.9863164 0.01448458 0.7959312 0.6053154 -0.009325861 0.7223423 0.691533 -0.001948177 0.5359903 0.8441872 -0.007897257 0.9157531 0.4014865 0.01431286 0.004776298 0.08314728 -0.9965259 -0.005477845 -0.03756809 -0.9992791 0.0171262 0.003187477 -0.9998483 -0.9863335 0.155416 -0.05470138 -0.9828439 -0.07335489 -0.169225 -0.6170585 0.517432 -0.5928769 -0.5953667 0.1258304 -0.7935397 0.9999783 -0.001568436 0.006408214 0.9986909 0.05075126 0.006399154 0.9999878 -0.003765821 0.003215968 0.9950241 0.04052376 -0.09102183 0.9984573 0.007789075 -0.05497741 0.9999871 -0.00372678 0.003445267 0.9982076 -0.02864086 0.05254942 0.9952263 -0.0972343 -0.008374512 0.9999479 0.006659805 0.007734179 0.9975089 -0.06711763 -0.0217123 0.9997689 -0.02147138 -0.001133859 0.9991353 -0.04157543 -3.0949e-4 0.9972868 -0.07342433 -0.005293071 0.9968121 -0.06946128 -0.03925508 0.988047 -0.02341902 0.1523638 0.999728 0.008568763 -0.02169018 -1.60129e-4 1 0 1 0 0 0.9986116 -0.002792298 0.05260509 -3.95564e-4 -1 0 0.005623459 0.9999655 0.006121516 -4.96274e-5 1 0 7.74309e-4 -0.9999992 -9.86102e-4 -1.48985e-4 -1 0 0 1 0 -2.32077e-7 1 1.32241e-6 -0.9935789 0.09868061 0.05534577 -1 0 0 0.6182128 0.212353 -0.7567822 0.6094218 0.1575824 -0.7770283 0.5870419 0 -0.8095565 0.5620234 0.03190428 -0.8265058 0.5627791 -0.05133014 -0.8250121 -2.32077e-7 1 0 -0.9983972 0.05659615 0 -0.9995424 0 -0.03025305 0.5840782 -0.06159716 0.8093568 0.5617825 0.04341465 0.826145 0.5783523 -0.05071067 0.8142095 0.5975249 0 0.8018505 0.5974102 -0.2841851 0.7498934 -0.4938865 0 0.8695265 -0.4999767 -0.01002657 0.8659808 0.001784563 0.9999985 -1.89866e-4 -0.001277744 0.9999991 6.02453e-4 5.33171e-4 0.9999998 3.55111e-4 -4.1999e-4 1 -2.78808e-4 -0.00130254 0.9999967 -0.002255976 -0.0029639 0.9999957 0 -4.20168e-4 0.9999997 7.29193e-4 0.002738714 0.9999963 -1.91904e-5 6.16669e-4 0.9999935 0.003557085 -0.8209354 -0.1164929 0.5590122 -0.5762017 -0.1784632 -0.7975854 0.9021153 -0.1630093 -0.3995198 0.4743667 -0.1296501 0.870728 0.8376258 0.1045127 0.5361531 0.576236 0.1784836 -0.7975561 -0.9029908 0.1647212 -0.3968306 -0.4242279 0.1477859 0.8934149 0.4999762 -0.01002633 0.8659812 0.4938865 0 0.8695263 2.32077e-7 1 0 -2.32077e-7 1 0 -0.493886 0 0.8695268 -0.4999767 -0.01002693 0.8659808 -0.001943171 0.9999926 -0.003364205 -0.001295268 0.9999986 0.001090705 -8.8145e-7 1 0 0.002668976 0.9999961 -7.89563e-4 -0.004369974 0.9999905 0 0.001787662 0.9999982 -7.16172e-4 4.18225e-6 1 4.55998e-6 3.94633e-6 1 -7.19193e-6 0 0.9999952 0.003112435 -0.8376277 -0.1044873 0.5361551 -0.5762416 -0.1784348 -0.797563 0.9030129 -0.1647658 -0.3967618 0.4243081 -0.1478102 0.8933727 0.8209309 0.1165372 0.5590096 0.5762398 0.1784351 -0.7975642 -0.9021267 0.1629706 -0.3995099 -0.4743138 0.1296324 0.8707594 0.4999764 -0.01002591 0.8659811 0.4938871 0 0.8695262 2.32077e-7 1 -1.32241e-6 0.9930282 -0.1076382 0.04805296 -7.67197e-4 0.9999998 2.72031e-4 -3.81086e-4 0.9999998 6.85086e-4 -0.003531277 -0.0240578 0.9997044 -0.006092786 -0.01827907 0.9998145 0 0 1 0 0.009047687 0.9999592 1.94026e-6 0 1 0 0.009047687 0.9999591 0 0.009047687 0.9999591 -0.177894 0.1897264 0.9655867 0.09812122 0.1277498 0.9869409 0.006531715 -0.01959091 0.9997867 0.004088521 -0.02631521 0.9996454 -0.4858419 0 0.8740467 -0.4998677 -0.02316296 0.865792 3.54089e-7 1 9.67959e-7 -0.002339065 0.9999964 -0.001340925 -0.001132965 0.9999994 0 5.50564e-4 0.9999995 -8.0771e-4 0.001328527 0.9999965 -0.002298831 0.00210911 0.9999978 -9.13375e-5 0.001458644 0.9999979 0.001467823 4.21187e-4 0.9999998 -5.87915e-4 -0.00290358 0.9999558 -0.008954167 -0.8731855 -0.1655983 0.4583932 -0.3130018 -0.2317315 -0.9210486 0.9553673 -0.1029435 -0.2769044 0.4107208 -0.112661 0.904774 0.7335904 0.1126865 0.6701843 0.6357549 0.2175144 -0.74061 -0.8959527 0.2101807 -0.3912708 -0.4988702 0.0887953 0.862116 0.4999355 -0.01626366 0.86591 0.4899907 0 0.8717278 0.9760776 0.1800377 -0.1218971 0 -1 0 -2.32077e-7 -1 0 -0.9983969 -0.05660182 0 -0.9995427 0 0.03024333 0.585778 -0.02046173 -0.8102132 0.5829047 0.06631404 -0.80983 0.5617801 -0.04340726 -0.8261471 0.5690762 0.03959071 -0.8213313 0.5975045 0 -0.8018657 -2.32077e-7 -1 -1.32241e-6 -0.993636 -0.09824222 -0.05510026 0.6086458 -0.1466129 0.7797788 0.5873353 0 0.8093437 0.5620171 -0.03227233 0.8264958 0.5619749 0.06095677 0.8249052 0.6214203 -0.2314404 0.7485134 -0.4999764 0.01002591 0.8659811 -0.4938871 0 0.8695262 0.001636266 -0.9999974 0.001581013 8.8145e-7 -1 0 -0.001491248 -0.9999988 -5.96714e-4 0.001943171 -0.9999926 -0.003364205 0.004753232 -0.9999886 5.31143e-4 5.69816e-4 -0.9999926 0.003816068 -3.94633e-6 -1 -7.19193e-6 -0.002668976 -0.9999961 -7.89563e-4 -4.18225e-6 -1 4.55998e-6 -0.8209303 -0.1165375 0.5590103 -0.576236 -0.1784836 -0.7975561 0.9021267 -0.1629706 -0.3995099 0.4743138 -0.1296324 0.8707594 0.8376277 0.1044873 0.5361551 0.5762017 0.1784632 -0.7975854 -0.902989 0.1647784 -0.396811 -0.42431 0.1478098 0.8933718 0.493886 0 0.8695268 0.4999767 0.01002693 0.8659808 2.32077e-7 -1 0 -2.32077e-7 -1 0 -0.4999762 0.01002633 0.8659812 -0.4938865 0 0.8695263 0 -0.9999952 0.003112435 -0.00178802 -0.9999982 -7.14988e-4 8.81453e-7 -1 0 0.001707255 -0.9999985 4.48806e-4 4.20168e-4 -0.9999997 7.29193e-4 0.0029639 -0.9999957 0 4.1999e-4 -1 -2.78808e-4 0.00130254 -0.9999967 -0.002255976 -0.002738714 -0.9999963 -1.91904e-5 -0.8376258 -0.1045127 0.5361531 -0.5762398 -0.1784351 -0.7975642 0.9029908 -0.1647212 -0.3968306 0.4242279 -0.1477859 0.8934149 0.8209354 0.1164929 0.5590122 0.5762413 0.1784347 -0.7975633 -0.902139 0.1629964 -0.3994714 -0.4743667 0.1296501 0.870728 0.4938865 0 0.8695265 0.4999767 0.01002657 0.8659808 -0.4938868 0 -0.8695263 -0.4999753 0.01002597 -0.8659816 -9.81394e-4 -0.9999971 -0.002199292 0.004348635 -0.9999906 -2.35835e-4 5.11471e-4 -0.9999964 0.002670586 -5.42241e-4 -0.9999994 9.39305e-4 -5.42803e-4 -0.9999994 9.97003e-4 -0.002294957 -0.9999974 0 0.00692439 -0.9998991 0.01240724 4.95441e-4 -0.9999996 8.58235e-4 1.93136e-4 -0.9999994 -0.001131236 -0.3101554 -0.1713154 0.9351229 -0.873308 -0.1614906 -0.4596236 0.5003275 -0.09850513 -0.8602147 0.9073834 -0.1272392 0.4005818 0.4061124 0.1702823 0.8978178 0.8103055 0.1947817 -0.5526888 -0.646566 0.09857535 -0.7564624 -0.8131547 0.112239 0.5711234 0.4999747 0.0100255 -0.8659821 0.4938871 0 -0.8695262 2.32077e-7 -1 0 -2.32077e-7 -1 0 -0.4938862 0 -0.8695266 -0.4999753 0.01002568 -0.8659816 -1.89654e-4 -1 3.67448e-5 4.15604e-7 -1 -2.27224e-6 1.29664e-4 -1 2.26485e-4 2.65019e-5 -0.9999983 0.001835584 -0.003172755 -0.999995 0 3.40493e-4 -1 0 -1.3744e-4 -1 -1.55638e-4 0 -1 9.42517e-7 9.90373e-4 -0.9999976 -0.002019882 -0.2845545 -0.2157266 0.9340721 -0.8027985 -0.2041348 -0.5602175 0.5671356 -0.06974625 -0.8206661 0.9734348 -0.103989 0.203988 0.3268289 0.1916541 0.9254467 0.8579115 0.1715058 -0.4843282 -0.486642 0.08864623 -0.8690923 -0.9118881 0.1322786 0.388539 0.499975 0.0100252 -0.8659819 0.4938876 0 -0.8695258 -0.499975 -0.0100252 -0.8659819 -0.4938876 0 -0.8695258 0.001079499 0.9999995 0 2.43566e-4 0.9999998 -6.0016e-4 -4.3636e-4 0.9999999 4.95472e-4 3.98699e-4 0.9999997 -6.90636e-4 -4.32077e-4 0.9999997 -7.5016e-4 0.002476632 0.9999969 -3.77618e-4 2.14237e-4 1 -2.41131e-4 -4.46661e-4 0.9999992 0.001274526 -3.80586e-4 0.9999983 -0.001823544 -0.3101366 -0.1713067 0.9351307 -0.8732939 -0.1615202 -0.4596403 0.500307 -0.09849065 -0.8602283 0.90737 -0.1272253 0.4006164 0.4061129 0.1702826 0.8978175 0.8103258 0.1947312 -0.552677 -0.6466004 0.09857332 -0.7564333 -0.8131774 0.1122409 0.5710908 0.4938862 0 -0.8695266 0.4999753 -0.01002568 -0.8659816 2.32077e-7 1 0 -2.32077e-7 1 0 -0.4999747 -0.0100255 -0.8659821 -0.4938871 0 -0.8695262 7.95402e-7 1 0 -2.62162e-4 1 -3.25134e-4 2.86052e-4 0.9999999 4.95462e-4 0.005333721 0.999984 -0.001901209 -2.66681e-4 1 4.6191e-4 2.91622e-4 0.999999 0.001401007 0.002753198 0.9999963 0 -0.00261259 0.9999936 -0.002439677 0 0.9999954 0.003064811 -0.2842981 -0.2158166 0.9341295 -0.8027928 -0.2041308 -0.560227 0.5671297 -0.06974959 -0.8206698 0.9733893 -0.1040588 0.2041692 0.3268116 0.1919099 0.9253999 0.8579117 0.1715059 -0.4843278 -0.4866403 0.08865159 -0.8690928 -0.9118863 0.1322762 0.3885442 0.4938868 0 -0.8695263 0.4999753 -0.01002597 -0.8659816 -1.31355e-4 1 4.69241e-5 -7.49253e-5 1 1.31481e-4 -0.9689517 -0.225774 -0.1007916 0.9975192 -0.0703957 0 0.9995345 0 -0.03050792 -3.93029e-4 1 -1.39229e-4 -1.96867e-4 1 -3.51751e-4 0.003399491 -0.01019841 -0.9999423 0 0 -1 0 -0.0194078 -0.9998117 -1.21266e-7 0 -1 0 -0.01940786 -0.9998117 0.09216839 0.1291727 -0.9873296 0 -0.009662926 -0.9999533 4.27201e-4 -0.01355278 -0.9999082 -0.1787263 0.182883 -0.9667528 -0.001901865 -0.005705058 -0.9999819 -0.3912307 -0.006485462 -0.9202699 -0.4999094 -0.0190767 -0.8658677 -0.4883387 0 -0.8726543 -0.001013815 0.9999888 -0.004635393 7.09101e-4 0.9999991 0.001227557 7.79202e-4 0.9999997 8.08277e-5 9.22106e-4 0.9999997 0 0.00143814 0.999999 2.85112e-4 -1.33923e-4 1 -2.29125e-4 -9.72666e-4 0.9999995 5.60471e-4 -0.003867208 0.9999918 0.001169204 3.74474e-7 1 -2.04737e-6 -0.2566756 -0.1828808 0.9490376 -0.9319409 -0.1670545 -0.3218367 0.3100366 -0.123124 -0.9427183 0.9572092 -0.1422926 0.2519993 0.31 0.1231337 0.9427291 0.9572083 0.1422923 -0.2520024 -0.2566561 0.1828207 -0.9490544 -0.9319106 0.1670948 0.3219035 0.4905723 0 -0.8714006 0.4999408 -0.01536411 -0.8659233 0.8159559 0.521015 -0.2505185 0.9973278 0 0.07305788 0.5115918 -0.1281083 -0.8496248 0.4285039 -0.5268045 -0.7340719 0 -0.02653706 -0.9996479 -5.46116e-4 -0.01745146 -0.9998477 -0.01912051 0.09077054 -0.9956883 0.01949381 0.1445549 -0.9893049 -0.8259694 -0.1151747 -0.5518236 -0.6273251 -0.5056381 -0.5922781 0.001129925 -0.580845 -0.8140134 -0.002237558 -0.4567466 -0.889594 0.6736984 -0.7389916 0.00468111 0.639698 -0.7686232 0.002196848 0.3346855 -0.1833606 0.9243185 -0.005254507 -0.7404698 0.6720691 -0.7764861 -0.6301212 0.004106163 -0.6329664 -0.7741616 -0.005243301 -0.006371974 -0.9973622 0.07230603 0.03334277 -0.9989364 0.03185057 0.001672267 -0.9981606 0.06060183 0.08008927 -0.9967808 0.003723978 0.07104235 -0.9974448 0.007547974 -0.003840982 -0.9994587 0.03267502 -0.009233593 -0.9999411 0.005710124 0.1613665 -0.9830709 0.08679044 -0.01579427 -0.9997692 -0.01456326 -0.01414555 -0.9998965 0.002664089 -0.00910592 -0.9978407 -0.0650475 -0.01239204 -0.9999209 -0.002217173 -5.25891e-4 -0.9986867 -0.05123156 -0.007537484 -0.9997636 -0.02039974 -0.1086578 -0.9910379 -0.07770043 -0.02237921 -0.9962332 -0.08377695 0.006038963 -0.1095299 0.9939652 -0.004743158 0.03690379 0.9993076 0.01561802 -0.05599623 0.9983089 -0.9971748 0.07508444 -0.002191543 -0.9989807 0.0451371 5.23968e-4 -0.5410048 -0.580798 0.608266 -0.5957947 -0.1763566 0.7835349 0.5044307 -0.8311337 -0.2340226 0.04555207 0.99896 -0.002002716 0.005413889 0.99998 -0.003262639 3.20299e-4 0.9996981 -0.02457016 0.003671646 0.9999768 -0.005735456 -0.009720921 0.9997369 -0.02077692 -0.01525712 0.9997961 -0.0132277 0.0210362 0.9995267 0.02244782 0.02454417 0.9996942 -0.003045558 -0.009423434 0.9997393 -0.02079945 -0.0202443 0.9997376 -0.01072967 -0.01434248 0.9997811 -0.01523029 -0.021986 0.9997549 -0.002595663 0.005546331 0.9993987 -0.03422898 -0.01313036 0.9998385 0.01227504 -0.008664727 0.9997526 0.02048617 0.006872415 0.9998686 0.01468861 -0.02246385 0.9997305 -0.005862534 -0.006843864 0.999593 0.02769607 -0.01790094 0.9997929 0.009684085 0.01408392 0.9998263 0.01221185 -0.02346318 0.9996982 0.007286906 4.18524e-4 0.9997506 0.0223332 0.004820585 0.9998486 0.01672548 0.01727217 0.9998371 0.005255877 0.01761186 0.9997518 0.01364976 0.9346386 -0.1607127 -0.3172097 0.6021155 -0.1508102 -0.7840365 0.05866789 -0.07599252 -0.995381 -0.4181581 -0.04648083 -0.9071843 -0.8148575 -0.09856462 -0.57122 -0.9646741 0.07101386 -0.2536944 -0.964793 -0.07599264 0.251793 -0.7549489 -0.0399419 0.6545662 -0.4234452 -0.03994125 0.9050409 0.01302027 -0.04647988 0.9988344 0.5326087 -0.1554975 0.8319547 0.8505017 -0.1181883 0.5125217 0.9854331 -0.1181897 0.122282 0.9499745 0.1181887 0.2891021 0.7502563 0.118188 0.6504976 0.4212945 0.1082379 0.9004419 0.0187273 -0.03124296 0.9993364 -0.3892392 0.03994184 0.9202705 -0.7298935 0.03994089 0.682393 -0.9539716 0.04648053 0.2962731 -0.964793 0.0759927 -0.2517931 -0.7511129 0.1082388 -0.6512401 -0.4235758 -0.03124368 -0.9053218 0.01302051 0.04648077 -0.9988344 0.5376071 0.07599252 -0.8397641 0.8453955 0.1605417 -0.5094437 0.9854332 0.1181889 -0.1222822 -3.72659e-4 -1 -2.23989e-4 7.67276e-4 -0.9999996 5.07678e-4 -4.22302e-6 -1 7.17868e-5 -6.68047e-4 -0.9999997 -6.32992e-4 -2.23358e-4 -1 -3.48974e-4 -5.73067e-6 -1 -4.395e-4 1.70746e-4 -1 -3.64417e-4 -2.7238e-4 -1 3.54128e-4 -2.20472e-4 -1 -3.48762e-4 -3.90237e-4 -0.9999994 -0.001102328 0 -1 -2.33156e-7 -6.41438e-4 -0.9999994 9.65987e-4 4.54625e-4 -1 1.19305e-4 6.20456e-5 -1 4.30438e-5 3.33101e-5 -1 7.23781e-5 0 -1 4.17028e-7 4.76706e-4 -0.9999999 -1.2425e-4 -2.46372e-5 -0.9999998 7.17454e-4 5.60545e-4 -0.9999998 5.48583e-4 0.9220094 -0.1762948 -0.3447011 0.448856 -0.2036437 -0.8700906 -0.3977088 -0.3844448 -0.8330847 -0.9287092 -0.3708081 -8.60923e-4 -0.5432809 -0.1762282 0.8208469 0.144333 -0.2007378 0.9689543 0.8055447 -0.2994028 0.5113276 0.9689597 0.2006205 0.1444597 0.5113509 0.299362 0.805545 -0.3446242 0.1764054 0.922017 -0.8701984 0.2034094 0.4487533 -0.8330937 0.3845968 -0.3975428 -6.76373e-4 0.3706851 -0.9287585 0.8207556 0.1764069 -0.5433608 -4.73802e-5 -0.9999973 0.002343475 -0.001071453 -0.9999989 -0.001035571 9.60182e-4 -0.9999995 -2.52782e-4 0.00121355 -0.9999979 0.001690208 -0.001246273 -0.9999973 -0.001989245 -3.82556e-5 -1 -2.45148e-5 0.002595901 -0.9999961 -9.96745e-4 -0.002990663 -0.9999936 -0.001993477 0.002583026 -0.9999962 -0.001052439 1.20145e-4 -1 3.1146e-4 -8.65398e-5 -0.9999973 0.002312302 -0.002210617 -0.9999976 3.68982e-4 -0.001880168 -0.9999976 -0.001216411 0.4659948 -0.1586784 -0.8704425 -0.6286844 -0.1627568 -0.7604383 -0.9945557 -0.07142388 0.0758807 -0.4268693 -0.1211577 0.8961604 0.6041872 -0.02068144 0.7965741 0.9962196 -0.05968785 0.06311851 0.5708842 0.02067911 0.8207702 -0.2467886 0.05965584 0.9672314 -0.9511118 0.08751004 0.2961899 -0.8621424 0.0773403 -0.5007286 0.1214414 0.1779311 -0.9765206 0.9724285 0.1602249 -0.1694425 1.19623e-4 -1 -1.71309e-4 -4.07691e-4 -1 -1.00092e-4 0.004106819 -0.9999896 0.001999199 -3.89527e-4 -1 1.70156e-4 -0.5908973 -0.006775021 -0.8067184 -0.6318557 0.04154771 -0.7739717 -0.6294503 0.09626162 -0.7710552 -0.5793533 -0.08701735 -0.8104183 -0.9991552 -0.04109686 0 -0.9343538 0.302634 -0.1881372 2.07079e-5 1 0 0.0441851 0.08308702 -0.9955623 0.1989662 0.3693128 -0.9077559 -0.7608218 0.03155118 -0.6481934 -0.9965771 -0.01793909 -0.08069866 -0.9540635 0.0502783 -0.2953557 1.05871e-5 0.006785154 0.999977 0.1570433 0.3410293 0.9268422 0 1 -4.75994e-7 5.82421e-5 1 -1.02393e-4 -9.84963e-5 1 -9.18817e-5 -1.37731e-4 1 6.93333e-5 6.12256e-4 0.9999997 5.7328e-4 -0.2991687 -0.00328058 -0.9541946 -0.4643775 0.01297801 -0.8855423 -0.8659822 -0.01002532 0.4999746 -0.8916997 0.07422912 0.4464993 0.002263903 0.9999966 -0.001306891 -0.001656949 0.9999978 0.001316428 -2.58038e-7 0.9999932 -0.003700852 -4.05935e-4 0.9999997 7.38928e-4 0.001180648 0.9999992 6.81208e-4 0.001162409 0.9999991 6.23953e-4 7.72578e-6 1 2.16668e-6 0 1 -1.08915e-5 2.36676e-7 1 0 -0.8674931 -0.1762385 0.4651838 -0.4079919 -0.2023535 -0.8902785 0.9327151 -0.1528308 -0.326627 0.4580072 -0.132148 0.8790714 0.9086801 0.1825283 0.3754783 0.3617722 0.1812433 -0.914479 -0.9345229 0.1560742 -0.3198561 -0.415739 0.1450161 0.8978483 -0.8695259 0 -0.4938876 -0.8659819 -0.01002788 -0.4999747 0 1 -8.66187e-7 2.53902e-7 1 0 0 -1 -1.66696e-6 -0.005419492 -0.999976 0.004314601 -4.67823e-5 -1 -1.50373e-5 0.004228711 -0.9999893 0.001917719 7.49536e-4 -0.9999989 0.001344382 2.57672e-5 -0.9999999 -5.48112e-4 -3.34912e-5 -1 3.7841e-4 -6.43204e-4 -0.999989 -0.0046615 0.001310467 -0.9999976 0.001802444 -3.54752e-4 -0.9999963 -0.002702951 0.001678466 -0.9999971 0.001772642 4.97184e-6 -1 -1.55497e-5 -0.001097321 -0.999985 -0.005372941 -1.87097e-6 -1 6.58839e-6 -4.14349e-5 -1 3.00739e-4 1.96271e-5 -0.9999947 0.003280937 2.97802e-6 -0.9999967 -0.002564549 -2.97396e-4 -0.999997 0.002463161 -9.29982e-4 -0.9999991 0.00104171 4.11966e-4 -0.9999979 -0.001999914 0.003203094 -0.9999949 -2.54892e-4 -1.71025e-4 -0.9999995 -0.001044034 3.46002e-4 -0.9999993 -0.001202464 -0.005578875 -0.9999599 0.007014453 -2.73167e-4 -0.9999979 -0.002098858 0.003895282 -0.9999877 0.003089368 1.52974e-4 -1 1.0001e-4 -1.78451e-4 -1 1.75763e-4 -0.0482282 -0.9986602 -0.01876127 -0.002772152 -0.9999955 0.001187503 3.64286e-4 -1 8.05752e-5 -8.71604e-5 -0.9999933 -0.00365436 2.0523e-4 -1 2.43147e-5 0.00260663 -0.9999955 0.001483976 -5.48368e-4 -1 5.34255e-5 -0.004999041 -0.9999874 6.72129e-4 4.31305e-4 -1 4.83184e-5 -0.001926958 -0.9999982 -2.5182e-4 -1.91184e-4 -0.9999999 -4.47153e-4 9.05815e-4 -0.9999989 -0.001189351 0 -1 1.37847e-6 0.001303493 -0.9999958 -0.002560555 -8.44679e-6 -0.9999959 -0.002891421 -0.001768231 -0.9999979 -0.001166164 -2.40987e-4 -0.9999995 0.001100301 -9.52175e-5 -1 3.55852e-4 -7.20076e-5 -1 5.43057e-4 5.25507e-5 -0.9999891 -0.004669368 -1.15161e-4 -1 -2.07239e-4 -4.58835e-5 -1 3.69157e-4 2.25526e-4 -0.9999985 0.001722633 -1.59816e-4 -0.9999999 6.00754e-4 -4.82511e-4 -1 3.72871e-5 -4.27235e-4 -1 3.15947e-5 6.99103e-4 -0.9999966 -0.00251913 2.27388e-6 -0.9999967 0.002584517 -4.22988e-5 -1 1.70694e-5 -0.004434704 -0.9999897 -0.001019895 2.20252e-4 -1 -3.60192e-4 -8.16392e-5 -0.9999999 5.13777e-4 -4.97608e-4 -0.9999999 3.57503e-5 3.87027e-5 -0.9999999 -5.75434e-4 -0.8960786 -0.2160755 0.3877556 -0.127569 -0.2047922 -0.9704567 0.976696 -0.0861957 -0.1965587 0.444428 -0.1552007 0.8822678 0.9342467 0.1588768 0.3192825 0.4147644 0.1101871 -0.9032326 -0.8597406 0.1673375 -0.4825394 -0.449937 0.1835283 0.8739989 -0.9993398 -0.03446942 -0.01149123 -0.9992364 -0.0375806 -0.01069927 -0.998079 -0.06195503 1.09623e-4 -0.9993678 -0.03372871 0.01124185 -0.9992693 -0.0367605 0.01046663 -0.997991 -0.0633561 -1.08924e-4 0 1 1.73237e-6 2.53902e-7 1 0 -0.6045446 0.02800458 0.7960789 -0.6047655 0 0.7964036 -0.5611897 0.0630607 0.8252816 -0.5690699 -0.09245032 0.8170756 -0.597701 0.01060312 0.8016489 1.8869e-5 1 0 0.01889896 0 0.9998214 -0.173277 0.3529048 0.9194745 -0.871626 0.06090825 0.4863727 -0.9929085 0.005032837 0.1187748 -5.20343e-4 0.9999998 3.00372e-4 4.7348e-4 0.9999997 -5.74559e-4 0 0.9999997 8.28397e-4 0.001460552 0.9999986 8.42873e-4 4.0436e-4 0.9999991 -0.001342713 -2.45989e-4 1 4.87274e-7 -2.27123e-7 0.9999995 9.6294e-4 1.51619e-4 1 1.96469e-4 -8.86065e-4 0.999999 -0.001147031 -0.1638751 0.3464747 -0.9236344 6.5333e-6 0 -1 5.0388e-5 1 -8.47949e-5 1.03832e-4 1 6.62733e-6 -5.95478e-5 1 -1.05634e-4 9.40024e-5 1 5.305e-5 0.002745747 0.9999963 1.90045e-4 -0.8659824 -0.01002532 0.499974 -0.8695249 0 0.4938892 -0.8695263 0 -0.4938865 -0.8659816 -0.01002788 -0.4999753 -0.2914589 -0.005543291 0.9565674 -0.554685 0.01531302 0.8319196 -1.08412e-4 -1 0 -3.24771e-5 -1 -2.97417e-5 2.46232e-7 -1 0 0.9993261 0.01473003 -0.03362333 -0.9997422 -0.02270746 0 -1.90768e-4 -1 0 0.9717538 -0.02333849 0.2348405 -0.02750015 0.1572092 -0.9871824 0 -0.03803694 -0.9992763 -0.02784466 0.001281678 -0.9996114 0.05093473 -0.2911768 -0.9553124 -0.9934847 0.04573172 -0.1043876 3.02033e-7 -1 0 -3.26726e-6 -1 3.10289e-6 7.40126e-7 -1 0 0.1123405 0.1532365 -0.9817832 0 0.02050668 -0.9997898 0.1314335 0.09857529 -0.9864118 -0.07815563 -0.2344668 -0.9689773 -0.01763713 -0.1437441 -0.9894578 0 0.02261346 -0.9997443 -0.1897441 -0.2158925 -0.9578036 9.15624e-5 0.02172148 -0.9997642 0.09799677 -0.1368852 -0.9857277 0.003951609 0.01185488 -0.9999219 1.21266e-7 0 -1 -0.3840557 0 -0.9233099 -0.4552707 0 -0.8903531 -0.4985689 0.07563519 -0.8635441 0.4999549 -0.0134409 -0.8659472 0.5087037 0 -0.8609417 0.9973952 0 0.07213079 0.9929494 -0.1185392 0 0.002526164 -0.9999951 0.00188893 3.58743e-4 -0.9999998 6.20964e-4 -0.002340793 -0.9999891 0.004055082 7.67898e-4 -0.9999998 0 0.002505421 -0.9999959 0.001449048 9.19851e-4 -0.9999996 1.68873e-4 7.9031e-4 -0.9999997 7.79673e-6 -0.003120362 -0.9999935 -0.001806437 3.08234e-4 -0.9999944 0.003336429 -0.2566776 -0.1828339 0.9490461 -0.9319175 -0.1671099 -0.3218759 0.3100085 -0.1230921 -0.9427318 0.9572092 -0.1422925 0.2519991 0.3100359 0.1231236 0.9427187 0.9572272 0.142261 -0.2519483 -0.2567663 0.1828569 -0.9490177 -0.9319419 0.1670784 0.3218216 -0.008737087 -0.004910111 -0.9999498 0.009261071 0.008066177 -0.9999246 -0.2949435 0.01672148 -0.9553685 0.008736252 -1.57145e-4 -0.9999619 -0.008736968 -0.007688283 -0.9999323 0.09275001 0.01242125 -0.995612 0 -0.004251837 -0.9999911 0.04262685 0.03751164 -0.9983867 -0.008736848 -0.004654526 -0.9999511 -0.008736252 -0.005820393 -0.999945 0.008737087 0.004910111 -0.9999498 0.02367234 0 -0.9997198 0.008646547 -1.59063e-4 -0.9999627 0.03942739 -0.01010531 -0.9991713 -0.01401412 0.07364374 -0.9971862 0.3971906 0.01316314 -0.9176417 0.004135489 0 -0.9999915 0 -0.001868426 -0.9999983 1.83812e-4 -0.001290202 -0.9999992 0.09931635 0 -0.995056 8.54143e-5 1 -4.13677e-4 -0.9321053 -0.01336604 -0.3619406 -0.01344484 -0.02723217 -0.9995387 0.04362875 0.02344137 -0.9987728 -0.6155367 -0.05482351 -0.7861992 -0.6163839 0 -0.7874459 -0.5607763 -0.07381129 -0.8246708 -0.5737096 0.08991712 -0.8141083 -0.5942217 0.001106798 -0.8043006 2.36663e-5 -1 0 0.02623343 0 -0.9996559 -0.1725605 -0.3636084 -0.9154299 9.00928e-5 -1 1.50259e-4 -7.57777e-5 -1 1.35968e-4 0.003222942 -0.9999927 -0.002071738 -0.1771047 -0.3455521 0.9215356 4.94538e-6 0.1418845 0.9898833 -0.995045 -0.01416862 -0.0984106 -0.8724082 -0.06673926 -0.4842002 -0.8661255 -0.4906188 0.09549832 -0.8659821 0.01002532 0.4999747 -2.74622e-4 -1 -1.59981e-4 2.23185e-4 -1 3.33799e-4 0 -1 -3.539e-4 -1.91649e-4 -1 -4.87274e-7 -2.57053e-7 -0.9999791 -0.006482601 0.003826916 -0.9999927 2.61244e-4 -7.64715e-7 -1 1.20694e-6 -0.003775119 -0.9999914 0.001754224 -6.79519e-5 -1 1.79271e-4 -0.8674929 -0.1762398 0.4651834 -0.4079906 -0.2023484 -0.8902803 0.932716 -0.1528291 -0.3266254 0.4580106 -0.1320854 0.8790789 0.908721 0.182494 0.3753958 0.3617779 0.1812419 -0.9144769 -0.9345253 0.1560719 -0.3198498 -0.4158161 0.1449768 0.8978189 -0.8659821 0.01002788 -0.4999746 -0.8695259 0 -0.4938876 0 -1 -1.73237e-6 2.53902e-7 -1 0 -0.9999499 -0.004909396 0.008736848 -0.9999508 -0.004700005 -0.008736848 -0.9947854 0.06055265 -0.08207076 -0.9999346 -0.007390618 0.008736729 -0.9999752 -0.007052719 0 -0.9999861 -0.005293846 0 -0.9980503 0.03558611 -0.05127722 -0.9999499 0.004909098 -0.008736848 -0.99381 -0.01771724 0.1096718 -0.9903486 -0.01775449 0.1374567 0 -1 8.66186e-7 2.53904e-7 -1 0 -0.9987835 0.04931026 0 -0.9993342 0.03461533 0.01153755 -0.9974218 0.07173335 0.002055883 -0.9992319 0.03918683 -1.09792e-4 -0.9997443 0.02145177 -0.007149875 -0.997976 0.06359285 1.08928e-4 -0.8695257 0 0.4938877 -0.8659823 0.01002788 0.4999741 -0.8659811 0.01002573 -0.4999762 -0.8550417 -0.5137429 -0.07051211 9.97452e-6 -0.006785631 -0.999977 -0.08268159 0.1696075 -0.9820373 -0.003049492 -0.9999939 -0.001760363 0.002390742 -0.9999937 0.002646327 2.86731e-5 -0.9999998 7.62573e-4 -1.74189e-7 -0.9999898 -0.004542112 0 -0.9999997 -9.02688e-4 7.16501e-4 -0.9999997 -4.12847e-4 -0.00313127 -0.9999951 5.356e-7 3.38737e-4 -0.9999982 -0.001893222 1.44104e-4 -0.999993 0.00375688 -0.9144222 -0.08590233 0.3955414 -0.1275718 -0.2047128 -0.9704732 0.9722335 -0.1283552 -0.1956709 0.4474815 0.1065856 0.8879189 0.4642824 0.09049314 0.8810522 0.6000445 0.2334633 -0.7651416 -0.8102186 0.1276776 -0.5720528 -0.8607099 -0.1695898 0.4800185 -7.35726e-5 0.9999977 0.002126634 -8.64199e-4 0.9999989 -0.001199603 -0.002128958 0.9999977 4.09351e-4 0.001144826 0.9999994 3.58742e-6 -6.72435e-4 0.9999998 1.61186e-4 0.002007603 0.999998 1.68345e-4 -0.001687824 0.9999986 3.61577e-4 -0.006296038 0.9999778 0.002211213 8.06126e-4 0.9999998 -1.25553e-4 -1.91153e-4 1 -8.57495e-7 6.90232e-4 0.9999997 -3.40844e-4 -4.63827e-4 0.9999994 -0.001045107 -5.50784e-4 0.9999999 3.37806e-4 -7.00761e-4 0.9999998 2.49669e-4 -0.001633942 0.9999987 1.08234e-5 -0.001629114 0.9999919 0.003689646 9.784e-5 0.9999977 0.002150237 0.002291858 0.9999974 -1.70851e-5 4.12277e-4 1 -3.03087e-6 3.94815e-4 1 -5.68482e-5 -4.37819e-4 1 0 1.67237e-5 0.9999948 0.003246605 -2.04054e-4 0.9999999 -4.25395e-4 -3.66315e-4 1 2.06709e-4 6.80627e-5 1 8.78791e-5 6.4286e-4 0.999989 -0.004661202 -1.27052e-4 0.9999994 0.001091122 5.24878e-4 0.9999783 -0.006579577 -3.43892e-4 1 -2.2104e-4 6.37042e-4 0.9999971 -0.002310097 1.87097e-6 1 6.58839e-6 -9.49663e-6 1 -7.93092e-5 -0.01389503 0.9998796 -0.006919443 -1.99725e-4 1 -3.03988e-4 1.42826e-4 0.9999998 -5.79071e-4 9.98392e-5 0.9999999 -5.73158e-4 3.80089e-4 0.9999998 4.70584e-4 -4.37435e-4 0.9999998 5.61725e-4 0.002094745 0.9999912 0.003666043 -0.004476964 0.9999889 0.001559495 -0.003427922 0.9999801 -0.005317151 -3.29217e-4 0.9999967 -0.0025568 -0.4061512 0.9116606 -0.06258028 6.1553e-4 0.9999995 -7.55962e-4 -5.7201e-4 0.9999995 -8.22193e-4 -6.25534e-4 0.9999993 0.001031756 5.31332e-5 1 -2.44485e-4 -5.98513e-6 0.9999998 -7.30201e-4 -1.54864e-4 0.9999994 -0.001116394 -9.99238e-5 0.9999806 -0.006234467 -9.74281e-5 0.9999998 -7.03361e-4 4.52524e-6 1 5.61774e-4 -6.01216e-5 0.9999994 0.001083493 1.64776e-4 1 4.1997e-4 2.76747e-4 0.9999965 -0.002644538 2.67544e-4 0.9999893 0.004621624 -9.6863e-4 0.9999977 0.00193417 -0.004122734 0.9999868 -0.003095924 -0.002062797 0.9999977 -7.00844e-4 0.001414179 0.9999977 -0.001645207 5.74813e-4 0.9999999 1.22042e-5 -1.52066e-5 1 3.03218e-5 2.34572e-4 1 1.70524e-4 -4.82807e-4 1 -3.85636e-5 1.51412e-4 1 2.12455e-4 4.89542e-4 0.9999992 0.001248121 7.30889e-5 0.9999999 6.36752e-4 3.24898e-5 0.9999999 -5.33093e-4 0 0.9999952 0.003113985 -3.233e-4 0.9999998 7.2424e-4 -4.74627e-4 0.9999999 -3.56382e-4 -0.1691504 -0.1167014 0.9786568 -0.8639711 -0.1712176 0.4735383 -0.3180851 -0.1507465 -0.9360008 0.9580078 -0.07165002 -0.277646 0.4570852 -0.1347079 0.8791626 0.964149 0.2128725 0.1584359 0.007487416 0.0793696 -0.9968172 -0.9742708 0.1197505 -0.1909355 -0.3621729 0.1746477 0.9156031 -0.9540715 -0.05010843 0.2953586 -0.9965388 0.01794463 0.08117002 -0.7209422 -0.02813947 0.6924237 1.70505e-5 -1 0 0.03288322 -0.06217992 0.9975232 -7.27592e-4 0 0.9999998 -0.6230487 -0.06997382 0.7790469 -0.5950154 -0.003097057 0.8037085 -0.5723169 0.1063175 0.8131114 -0.6227564 -0.07644438 0.7786725 -0.5623084 0 0.8269277 -6.30575e-5 -1 -9.8392e-5 -4.15658e-5 -1 7.00512e-5 1.86415e-5 -1 -5.75456e-6 -2.11867e-7 -1 -5.34291e-5 0.9695533 -0.2027751 -0.1372903 2.26702e-4 -1 -1.97223e-4 9.10305e-4 -0.9999982 0.001716136 -9.58847e-4 -0.9999993 8.31503e-4 0.00138092 -0.9999991 0 -6.42239e-4 -0.9999998 -1.55641e-4 6.14296e-4 -0.9999993 -0.001063585 6.45094e-5 -0.9999998 -7.57532e-4 -0.001571476 -0.9999987 -5.21393e-4 -5.91771e-4 -0.9999993 -0.00102669 0.5462681 0 0.8376104 0.4988722 -0.06717252 0.8640686 -0.4957587 0.1300103 0.8586738 -0.426768 0 0.9043611 0.0051499 0.01808893 0.9998232 0.005612492 0.01683735 0.9998426 -0.02106559 0.07399141 0.9970365 -0.02041643 0.263372 0.9644783 -1.94026e-6 0 1 0.09221369 -0.1190356 0.9885987 -0.0161128 -0.2242971 0.9743877 -0.0875867 0.06568992 0.9939886 0 -0.08398693 0.9964669 0.2061308 0.1545974 0.9662349 -0.1530363 -0.1317116 0.9794039 0.1998816 0.1720299 0.9646 0.8981743 -0.0694577 -0.4341182 -0.9885981 -0.02616631 -0.1482877 -2.13964e-7 -1 0 2.46233e-7 -1 0 0 -1 -2.42531e-6 -6.89868e-7 -1 0 9.16054e-7 -1 0 3.27719e-7 -1 5.83558e-7 4.96638e-5 -1 2.77156e-5 0 -0.233374 0.9723871 -0.01569402 -0.3167571 0.948377 0.9998672 0 0.0163024 0.9999746 0.007142901 0 -0.9986229 0 0.05246394 -0.9997354 0.02300941 0 -0.008737087 0.004910111 0.9999498 -0.008737027 0.006427764 0.9999412 0.008736968 -0.007688283 0.9999323 0.009261071 0 0.9999572 0.008737981 -1.31126e-4 0.9999619 -0.008736968 0.007688283 0.9999323 0.1002988 -0.01376712 0.9948621 0 0.003935217 0.9999923 0.04078328 -0.03588932 0.9985233 0.36652 0.006351351 0.9303885 -0.008737206 0.005475282 0.9999469 0.008737087 -0.004910111 0.9999498 0 0.06106758 0.9981337 0.06694793 -0.0159192 0.9976295 0.02231812 0 0.9997509 -0.01121699 0.1199901 0.9927118 -0.1799423 0 0.9836772 0.001138091 -0.001108169 0.9999988 -0.3215038 0.004988908 0.9468952 -0.1798958 0.01540994 0.983565 0.004329204 0 0.9999907 0.1074202 0 0.9942137 -0.005283713 0.01182985 0.9999161 -0.0113011 0.01714658 0.9997891 -0.2275702 -0.9737617 0 0 -0.8269891 -0.562218 0.006943106 -0.5716125 -0.8204944 0.02388668 -0.9993496 0.02701669 0.1137422 -0.9935104 0 -0.1902049 -0.981677 0.01150745 0.01059681 0.1809142 0.9834418 0.9855301 -0.1673257 -0.02706611 -0.05340075 -0.9984871 0.01310831 0.01200592 -0.9884031 -0.1513779 0.1165993 -0.993179 0 0.008405089 -0.5004232 0.8657402 -0.2671091 -0.9632785 -0.0273382 0 -0.8256191 0.564228 -0.1545615 -0.9879832 0 0.01990365 -0.9993954 -0.02850705 0.9915774 -0.1285323 0.01592987 0.01661896 -0.9883739 0.1511322 -0.05707728 -0.9977881 -0.0340777 0.003280699 0.1303513 -0.9914625 -0.9234002 -0.03552216 -0.3821916 0.5657361 -0.2081588 -0.7978802 0.7796401 -0.12387 0.6138547 -0.4639843 -0.0335536 0.8852078 -0.2738393 0.1445433 0.9508519 0.9570931 0.1803569 0.2268133 0.2616989 0.08988595 -0.960955 -0.9223346 -0.03220665 -0.3850476 -0.07619881 0.8730847 -0.4815776 -1.26168e-4 0.9995566 -0.02977931 3.21392e-4 0.9999972 -0.002358019 0.001329481 0.9999775 -0.006585836 -0.002875745 0.9999613 0.008316695 6.21043e-4 0.9996116 -0.02786111 5.85218e-6 1 -1.54117e-4 0.01908296 0.9889858 -0.1467755 0 1 1.38482e-5 0 1 -3.40568e-4 0.001374065 0.999975 -0.006931304 1.81041e-4 0.9999936 -0.003605484 0.001678586 0.9999933 0.003245115 0.01808446 0.9996963 -0.01674133 -3.36184e-5 0.9999998 6.62268e-4 -0.00102669 0.9999927 0.003682792 0.002681016 0.9999905 -0.003422558 -5.10814e-4 0.9999909 0.004251897 -6.80952e-4 0.9999631 0.008569777 0.003295183 0.9999868 -0.003957331 2.96944e-5 1 -6.60578e-5 0.004454255 0.9999817 -0.004098534 -2.24814e-4 1 -3.46254e-4 -5.4535e-4 0.9999985 0.001715779 -2.83069e-4 0.9999998 6.28104e-4 -9.07817e-4 0.999979 -0.006429612 -0.003060579 0.9999933 0.00206381 0.57578 0.1611071 0.8015747 -0.9896267 0.1050093 0.09804165 -0.9991562 -0.0292865 0.02879554 -0.008504152 -0.1834756 0.9829875 -0.004628777 -0.1160035 0.993238 -0.836438 -0.168253 -0.5215962 0.409686 -0.1160947 -0.9048091 0.949478 -0.176414 0.2595567 -0.3438262 -0.2489167 0.9054414 -0.8671152 0.1626527 0.4708029 0.3204424 0.1458901 0.9359663 0.9039261 0.2404153 -0.3537207 -0.4853731 0.195961 -0.8520635 -0.9298406 -0.3567671 -0.09007674 0.5107628 -0.2876874 -0.8101589 0.4701578 -0.3239324 0.8209869 -0.6073701 0.3395482 0.7181981 0.9280272 0.293654 0.2292007 -0.2784538 0.3310292 -0.9016004 -0.8421871 -0.1263896 -0.5241628 0.409991 -0.1095861 -0.9054824 0.9632432 -0.05102437 0.2637408 -0.3547455 -0.02566516 0.9346107 -0.4913581 0.1531462 0.8573877 0.9522713 0.290939 -0.09237909 -0.5156133 0.2564076 -0.8175563 -3.66547e-4 -0.9999882 0.004849076 -0.001980125 -0.99974 0.02271777 -7.34393e-4 -0.9999629 0.008589625 0.001380383 -0.9999986 -9.95447e-4 -4.74509e-4 -0.9997584 0.02198112 1.29763e-4 -1 1.06829e-4 -3.27955e-4 -0.9999925 -0.003860175 -7.08445e-4 -0.9999897 -0.004501342 1.88784e-5 -0.9999916 0.004118084 -7.2404e-4 -0.9999981 -0.001860201 0.002239584 -0.9997037 0.02424025 0.003324925 -0.9997522 0.02201592 5.46879e-4 -0.9999859 -0.005283415 -0.002568304 -0.9999578 0.008827626 -0.001389026 -0.9999985 -0.001124382 1.79441e-4 -1 1.81143e-5 4.05687e-4 -0.9999642 -0.008454144 -0.002740025 -0.9999536 -0.009243667 0.001034677 -0.9996582 0.02612668 -0.007588148 -0.9999299 0.009097397 -7.7985e-4 -0.9999913 -0.004112184 0.001081645 -0.9999978 0.001833915 -0.002173662 -0.9999965 0.00151968 -0.009508013 -0.9999207 0.008271872 -0.001284062 -0.9999957 0.002641081 -0.5119221 -0.01340728 -0.8589273 -0.5549888 -0.180996 -0.8119286 -0.001709699 0.1390077 -0.9902898 0.008180141 0.475395 -0.8797345 -0.01390004 0.7908706 -0.6118255 0.002082467 -0.2284046 0.9735642 -0.4627155 -0.7945924 -0.393087 -0.8880838 -0.2467299 -0.3878551 -0.9209783 -0.3877339 -0.03823024 -0.9432452 -0.2952973 -0.1519483 -0.9996082 -0.009004116 0.02650105 -1 0 4.04913e-6 -1 0 4.19257e-6 -1 -7.95378e-7 0 -0.9988284 0.02022749 0.04396408 -0.9999271 0.01197099 0.001636683 -0.8458359 0.532784 -0.02651435 -0.8942335 0.3654569 -0.2584332 -0.8341932 0.4414674 -0.3304971 -0.009616136 -0.9043825 -0.4266146 0.0108723 -0.5554898 -0.8314523 0 -0.02647852 -0.9996494 -0.004348635 -0.2508282 -0.9680219 -0.01997941 -0.1372943 -0.9903288 -0.007538616 -0.04149699 0.9991103 -0.0023368 0.007553577 0.9999688 -0.005334377 -0.1101331 0.9939026 1 1.82754e-5 -3.94483e-4 1 0 -8.99675e-5 0.9981572 -0.01878798 0.05770146 0.9999989 -0.001552879 6.40855e-5 1 6.47041e-5 -3.9256e-4 0.9976698 0.02648973 0.06287527 0.9952501 -0.09115588 0.03417354 0.9952408 -0.09063488 0.03579539 0.575819 0.1610756 0.801553 -0.008504271 -0.1834841 0.9829859 -0.004626989 -0.1160035 0.993238 -0.989759 0.105209 0.09647923 -0.9989285 -0.04122549 0.02103364 -0.499392 0.009498059 -0.8663241 -0.5393645 0.1648995 -0.8257688 -0.002167046 -0.9996955 -0.02458047 -5.48171e-4 -0.9997962 -0.0201807 -8.3971e-4 -0.9999823 0.005899965 -4.7942e-4 -0.9997704 0.02142655 -5.77441e-4 -0.9999257 0.01217907 0.001346826 -0.9999982 -0.001428008 -3.05475e-4 -0.9999982 -0.001880347 -0.001500666 -0.9998534 0.01705938 -7.81957e-5 -0.9999986 -0.001716494 4.44394e-7 -0.9999918 0.004056155 -0.001389026 -0.9999985 -0.001125335 -3.13723e-4 -0.9999999 -3.41885e-4 3.40661e-5 -0.9999998 -7.94286e-4 -0.0025779 -0.9999907 0.003459155 7.27496e-4 -0.9999951 -0.003059864 -9.86343e-4 -0.9999995 1.07541e-4 0.002507507 -0.9999969 1.85229e-4 8.66045e-4 -0.9999176 -0.0128107 0.01543003 -0.9998375 -0.009325325 4.94734e-4 -0.9999895 -0.004587233 0.001892805 -0.9999793 -0.006155073 -7.97551e-4 -0.9999916 -0.004016339 -0.001149594 -0.9999988 0.001042425 -2.4254e-4 -0.999984 0.005672514 8.3927e-4 -0.9999989 0.001210927 0.001174747 0.999621 0.02750766 4.55389e-4 0.9997557 0.02209889 3.09199e-4 0.9999973 -0.002307116 0.001374065 0.999975 -0.006934106 0.001329481 0.9999775 -0.006587505 3.8227e-5 0.9997848 0.02074259 -0.002875745 0.9999613 0.008315443 -0.0018 0.9998952 0.01437026 1.59629e-4 0.9999952 -0.003111839 -3.54471e-5 0.9999893 0.004625022 1.471e-4 0.9999998 7.41749e-4 0.001718699 0.9999935 0.003203749 -0.01305758 0.9998623 0.01024895 0.001653432 0.9994648 -0.03267228 0.002708017 0.9999907 -0.003383636 -3.59125e-4 0.9999964 0.002676844 -4.03103e-5 0.9999998 7.9664e-4 -4.44822e-4 0.9999948 0.003222644 -7.48583e-4 0.999996 -0.002731621 -1.61874e-4 0.9998638 0.01650923 -1.80534e-4 0.9998638 0.01650547 4.66462e-4 0.9999999 4.14387e-4 -0.002090036 0.999995 -0.002393841 0.001236617 0.9999973 0.00197649 8.55931e-4 0.9999979 -0.001892507 -0.004673898 0.9998992 0.01340562 -0.001806318 0.9999957 0.00233078 -0.9039803 -0.2182648 -0.3676686 0.5241593 -0.2424209 -0.8163879 0.7830202 -0.1250125 0.609304 -0.4604296 -0.1251916 0.8788241 -0.9620165 0.1388018 0.2350707 -0.07763731 0.1035068 0.9915941 0.9613704 0.2379757 0.1383283 -0.1316138 0.2780293 -0.9515134 0.243084 -0.1939039 -0.9504269 0.9494729 -0.1764219 0.2595702 -0.1869933 -0.1585479 0.9694824 -0.964825 -0.2212271 -0.1420259 -0.8708999 0.1333389 0.4730266 0.320341 0.1459337 0.9359942 -0.4809637 0.2366918 -0.8441866 -0.9522242 -0.2910454 -0.09252983 0.5107631 -0.2876875 -0.8101587 0.4798034 -0.2611504 0.8376093 -0.9632539 0.05098462 0.2637093 0.188899 0.03447997 0.981391 0.9824088 0.1858941 -0.01778715 -0.1245331 0.2211872 -0.9672476 -0.8421882 -0.1263175 -0.5241783 0.9632404 -0.05102837 0.2637503 -0.3547385 -0.02567124 0.9346131 -0.4913359 0.153069 0.8574141 0.9522711 0.2909318 -0.09240496 -0.515525 0.256376 -0.8176218 1.70182e-6 -1.96238e-4 1 7.37089e-4 -4.74409e-4 0.9999997 3.25499e-4 2.99824e-4 1 -1.79072e-4 5.25967e-4 0.9999998 2.87965e-4 -8.46689e-4 0.9999997 -7.78292e-4 -0.001491606 0.9999987 -0.001595079 0.002658724 0.9999953 -0.002748966 5.81054e-4 0.9999961 0.01389396 -0.004585087 0.999893 7.01265e-4 0.001982331 0.9999979 -7.54376e-4 -9.62767e-4 0.9999994 -0.001398205 -8.30777e-4 0.9999987 0.001077115 -8.86049e-4 0.9999991 -7.90513e-4 -2.69004e-4 0.9999997 5.25967e-4 1.79034e-4 0.9999999 -8.38202e-4 7.77669e-5 0.9999997 3.41587e-4 -3.58558e-4 0.9999999 9.59827e-4 0.001106023 0.999999 0.001600801 5.55671e-4 0.9999986 -6.22489e-4 0.002625107 0.9999964 4.44567e-4 4.14647e-5 1 -8.53223e-4 0.001016497 0.9999992 -1.2649e-4 -2.80988e-4 1 -3.41572e-4 3.57747e-4 0.9999999 -0.001515448 8.8471e-4 0.9999985 0.001281559 0.002848446 0.9999951 4.11531e-4 -0.004239618 0.9999909 -0.005141913 0.001759648 0.9999852 -3.75623e-4 -3.39201e-4 0.9999999 6.19226e-5 -1.88518e-5 1 -0.001245856 -0.006109595 0.9999806 -4.16089e-4 0.003467381 0.9999939 -0.001583337 -0.003188192 0.9999938 -6.26705e-4 6.11491e-4 0.9999997 0.001453995 -0.002197206 0.9999966 -0.007228255 -0.001822054 0.9999722 -0.01115274 6.25751e-4 0.9999377 -5.8618e-5 -6.27908e-5 1 -8.84316e-5 -1.68534e-4 1 9.82659e-4 2.45226e-4 0.9999995 0 0 1 -0.001148402 -6.15704e-4 0.9999992 -0.002673745 -4.43799e-5 0.9999965 0.001542747 -0.001642167 0.9999976 0.003849089 0.001567602 0.9999914 0.001646995 7.97733e-4 0.9999984 -2.60046e-4 0.00284487 0.999996 -0.002204298 0.002131342 0.9999953 -0.00905013 -1.50216e-4 0.9999591 -0.0139597 5.58793e-4 0.9999024 -0.001471638 -5.56427e-4 0.9999988 0.004621267 0.01354062 0.9998977 8.43597e-4 -5.37518e-4 0.9999996 -0.002734303 -0.001502454 0.9999952 0.001624345 -6.73526e-4 0.9999985 -0.00198245 7.01293e-4 0.9999979 0.002186298 -0.001367449 0.9999967 7.23233e-4 -0.00291258 0.9999955 0.002484917 -0.001722037 0.9999955 -0.00581628 -5.28305e-4 0.999983 0.003804981 -0.002636909 0.9999893 0.00462532 0.002706468 0.9999857 0.0026021 0.001620113 0.9999954 6.59395e-4 -0.00319612 0.9999947 8.83236e-4 -0.003357172 0.999994 -9.98636e-4 0.002499043 0.9999964 -0.005749464 -0.002605438 0.9999801 1.7019e-7 0 1 0.003156483 -0.003841519 0.9999877 8.54355e-4 0.003590106 0.9999932 0.002142012 -0.001290917 0.999997 -0.003408193 -8.55252e-4 0.9999939 -0.001917183 -3.18208e-4 0.9999982 4.34303e-4 0.001142978 0.9999994 -0.005309641 -0.01702553 0.999841 -1.91576e-7 0 1 0.002613008 0.001650869 0.9999952 -0.0015679 7.17974e-4 0.9999986 0.0010643 -3.76517e-4 0.9999995 -1.54636e-5 3.22577e-4 1 -6.70712e-4 -3.91087e-4 0.9999997 -0.001649677 0.001587867 0.9999974 -4.00173e-4 -0.002292037 0.9999973 0.002136945 -0.002638936 0.9999943 -7.61698e-4 0.004344284 0.9999904 -0.003375768 -9.86007e-4 0.9999938 0.001556694 -0.002690136 0.9999952 -5.69e-4 9.83404e-4 0.9999994 -0.01586979 0.005037963 0.9998615 -2.88238e-4 -0.002845883 0.999996 7.34525e-4 0.001537084 0.9999986 -0.002305686 -9.22297e-4 0.999997 -0.002441048 -8.11135e-4 0.9999967 1.39053e-4 -0.002265453 0.9999974 -6.48816e-4 -0.001766741 0.9999983 0.001175642 5.77851e-4 0.9999992 -0.001019418 7.57889e-4 0.9999992 6.72909e-4 -5.00397e-4 0.9999997 -0.00171566 -0.002066016 0.9999964 -0.00640124 0.007875978 0.9999486 -0.001315236 5.39142e-4 0.9999991 4.24059e-4 -8.14112e-4 0.9999997 -4.61611e-4 0.002823948 0.999996 3.82669e-4 4.75707e-4 0.9999998 6.55965e-4 8.15529e-4 0.9999995 0.004730343 0.003844976 0.9999815 -2.41861e-4 1.83403e-4 1 0.00104171 0.001224696 0.9999988 0.001009106 -7.65092e-4 0.9999993 -4.2858e-5 0.004930138 0.9999879 -0.001033186 -8.39805e-4 0.9999992 0.007198989 -0.008857071 0.9999349 0.004924356 4.37726e-5 0.999988 -4.31411e-4 -6.15555e-4 0.9999998 -7.36007e-4 -0.001050412 0.9999992 4.77944e-4 -0.003204166 0.9999948 -8.39771e-4 0.001033246 0.9999992 -0.002705931 -4.56707e-4 0.9999963 0.005650937 -0.01352369 0.9998926 3.65492e-4 -0.003528356 0.9999938 -0.003270089 0.002938985 0.9999904 -9.24083e-4 0.00388962 0.9999921 -0.0631237 -0.01188081 0.997935 -0.002379894 -0.001934409 0.9999954 1.86796e-4 1.51854e-4 1 -0.00138843 2.61827e-4 0.9999991 -0.004059672 -0.003710269 0.9999849 -8.09631e-4 -7.39922e-4 0.9999995 -8.56746e-4 -5.94126e-4 0.9999995 0.0116049 0.005355954 0.9999184 -2.13128e-4 -8.66616e-5 1 -0.002584934 0.003304719 0.9999913 1.63268e-7 0 1 0.006447255 -0.03774237 0.9992668 0.006468892 -0.008039653 0.9999468 0.002000808 -0.003109633 0.9999932 -0.0323016 -0.03027623 0.9990195 -0.002755045 -8.16332e-4 0.9999959 -0.001584649 -0.00112158 0.9999982 0.01901835 -0.0116502 0.9997513 1.76692e-4 0.004912853 0.999988 -5.12884e-4 -0.00380969 0.9999927 0.001504123 0.007806241 0.9999684 -0.003139793 -0.008265435 0.9999609 -0.001962959 0.002604186 0.9999947 4.17515e-4 0.00830084 0.9999656 2.35442e-4 -2.14717e-4 1 -0.01148474 3.57267e-4 0.999934 7.00125e-4 -8.61532e-4 0.9999994 -1.84274e-5 -5.14724e-4 0.9999999 -1.59955e-4 9.36516e-4 0.9999996 -2.75624e-4 9.10873e-4 0.9999997 -0.001006126 0.002401113 0.9999966 -2.39168e-4 -2.12716e-6 1 -0.001100718 -0.001415967 0.9999985 -0.001347601 -6.21911e-4 0.999999 6.62735e-4 -0.003374397 0.9999941 8.33069e-4 -0.001000225 0.9999992 -1.05434e-4 -5.02091e-5 1 0 0 1 -5.02764e-4 -0.001268804 0.9999992 -7.70684e-5 -8.47362e-4 0.9999997 5.6617e-4 -5.16072e-4 0.9999998 0.8664448 0.4654787 0.1805635 -0.348911 0.9303969 0.1123515 -0.90897 -0.3489505 0.2280505 0.4860721 -0.8445236 0.2247533 0.9219341 -0.307277 -0.2358359 -0.3660089 -0.9202401 -0.1385484 -0.9740462 0.1894748 -0.1238279 0.1079299 0.976133 -0.1884558 0.603724 0.7661356 0.2203488 -0.858895 0.4726566 0.1972187 -0.4197617 -0.8979865 0.1319854 0.7704767 -0.6301939 -0.09602832 0.6301937 -0.7704769 0.0960282 -0.7661349 -0.6037251 -0.2203482 -0.4726573 0.8588946 -0.1972186 0.8979869 0.419761 -0.1319856 0.9202187 0.366 0.1387139 -0.3491739 0.9088475 0.2281972 -0.844664 -0.4857737 0.2248708 0.4766087 -0.8698881 0.1270397 0.8446167 -0.4858425 -0.2248994 -0.4765788 -0.8699074 -0.1270188 -0.9202187 0.3659999 -0.1387139 0.3491739 0.9088475 -0.2281972 0.4727815 0.8588154 0.1972662 -0.897985 0.4197652 0.1319859 -0.6301848 -0.7704838 -0.09603053 0.7662914 -0.6034499 0.2205577 0.4197615 -0.8979882 -0.1319755 -0.7704769 -0.6301938 0.09602636 -0.6037248 0.766135 -0.2203488 0.8588504 0.4726331 -0.1974689 0.9088495 0.3491699 0.2281951 -0.4858441 0.8446162 0.2248977 -0.8699026 -0.4765758 0.1270629 0.3659999 -0.9202187 0.1387138 0.9088477 -0.3491737 -0.2281967 -0.4858422 -0.844617 -0.2248991 -0.8699027 0.4765757 -0.1270629 0.3659999 0.9202191 -0.1387118 0.9461764 0.2768022 0.1677229 -0.5194522 0.8369016 0.1725262 -0.8189042 -0.5715811 0.05187451 0.2580187 -0.9655913 0.03255653 0.4687076 -0.8681696 -0.1630789 -0.9096177 -0.4020257 -0.1047429 -0.6322534 0.772795 0.05516964 0.774809 0.6106754 -0.1635439 0.8658208 0.4971085 0.05689948 -0.4801309 0.8769174 0.02214157 -0.9201866 -0.3659868 0.1389616 0.3516986 -0.9150233 0.1975864 -0.2301888 -0.9340544 -0.2730484 -0.7175279 0.6347886 -0.2867006 0.9470282 0.2500706 -0.2015002 0.6302283 0.7704495 -0.09602099 -0.7661055 0.6037417 0.2204053 -0.4726308 -0.8588966 0.1972739 0.897965 -0.4198058 0.1319923 0.6037147 -0.766121 -0.2204254 -0.8588876 -0.4726516 -0.1972634 -0.4197583 0.8979794 -0.132045 0.7704735 0.630191 0.09607338 -0.4725151 0.8687816 -0.1481497 0.8129315 0.5683413 -0.1270068 0.5560331 -0.8040642 -0.2104949 -0.8899666 -0.4004058 -0.2182539 -0.4703595 -0.8719413 0.1359426 0.8570364 -0.4997323 0.1255238 0.4443457 0.869494 0.2157247 -0.9196934 0.344749 0.1879156 0.868835 0.472508 -0.1478584 0.5684081 -0.8129912 -0.1263232 -0.8040916 -0.5560517 -0.2103408 -0.4004054 0.8899668 -0.2182539 -0.8720131 0.4701992 0.1360362 -0.5002554 -0.8568433 0.1247562 0.8693666 -0.4447156 0.2154763 0.3444754 0.9198263 0.187767 0.472515 -0.8687816 -0.1481495 -0.8129914 -0.5683847 -0.1264271 -0.5557758 0.8040561 -0.2112038 0.889868 0.4005844 -0.2183285 0.4704578 0.871883 0.135976 -0.8561733 0.5013203 0.1250818 -0.4445589 -0.8693652 0.2158045 0.9196976 -0.3447349 0.1879213 -0.8687818 -0.4725149 -0.1481482 -0.5683122 0.8128904 -0.1273996 0.803988 0.5560603 -0.2107142 0.4003499 -0.8899992 -0.2182237 0.8718028 -0.4706859 0.1357011 0.4998987 0.8568493 0.1261381 -0.8696218 0.4441335 0.2156465 -0.3447514 -0.9196922 0.1879175 -0.9856581 -0.0621128 -0.1569081 -0.2935035 0.9435008 -0.1538246 0.9387994 0.2830238 -0.19635 0.1580297 -0.9673742 -0.1980249 -0.4190229 -0.8712866 0.2554987 0.9509599 -0.2392711 0.1960222 0.2449119 0.9593772 0.1400488 -0.8805608 0.4586161 0.1195166 0.8217941 0.5509025 -0.1454683 0.7342729 -0.6695551 -0.1119795 -0.6093448 -0.7701618 -0.1885468 -0.6237002 0.7564137 -0.1970697 -0.8914889 0.4206967 0.1681129 -0.2280677 -0.9609898 0.1564731 0.9555955 -0.258395 0.1416659 0.4573235 0.877715 0.1430788 0.5501432 -0.8223545 -0.145175 -0.6695557 -0.7342742 -0.1119674 -0.7703993 0.6091202 -0.1883014 0.7563273 0.6239617 -0.1965728 0.4207671 0.8915116 0.1678156 -0.9609884 0.2280816 0.1564619 -0.2583931 -0.9555962 0.1416652 0.8780159 -0.4574189 0.1409113 -0.8223541 -0.5501436 -0.1451755 -0.7342786 0.6695591 -0.1119185 0.6091197 0.7703998 -0.1883015 0.6239616 -0.7563275 -0.1965728 0.8915116 -0.4207668 0.1678162 0.2281619 0.9609792 0.1564003 -0.9556218 0.2583131 0.1416385 -0.4574202 -0.8780152 0.1409115 -0.171802 0.9830602 0.06385004 -0.7247428 0.6887043 -0.02084064 -0.7884349 0.566173 -0.2404552 -0.9801306 0.1506827 0.1289917 -0.707399 -0.6945151 0.1312839 0.1342304 -0.9718652 0.1935466 0.8631115 -0.4853686 0.139485 0.9113053 0.3795593 0.1595542 0.4258353 0.8987202 0.1047199 0.02308708 0.9716629 -0.2352406 0.6811032 0.715707 -0.1544736 0.9714642 0.144366 -0.1881905 0.718542 -0.6453551 -0.2592571 -0.08298289 -0.9815595 -0.1722061 -0.6853935 -0.7257655 0.05916339 -0.956314 -0.1766825 -0.2329095 -0.9705172 -0.1782546 0.1622401 0.2968087 -0.9504659 0.09230011 0.9728707 0.03241646 -0.2290676 0.06241255 0.9976117 -0.0295909 -0.9707953 0.2022047 -0.1291112 0.0936498 0.9956052 2.12343e-4 0.9865927 -0.1462517 -0.07242619 -0.2404399 -0.9419208 -0.2344653 -0.1080718 0.9821391 0.154024 -0.9806541 -0.1846792 0.06489551 -0.10574 -0.9845744 -0.1393995 0.9863109 -0.1643399 0.01353716 0.2029759 0.9743869 -0.09680354 0.9943094 -0.09356594 -0.05093431 -0.1458086 -0.9836989 -0.1052444 -0.9470098 0.2417312 -0.2115152 0.9987869 0.04624831 -0.0169081 0.4326011 0.8983126 -0.076752 -0.6453196 0.7624785 0.04678863 -0.8997491 -0.4281352 0.08456909 0.2747207 -0.9613382 0.01890617 0.9641795 -0.2007814 -0.1733343 -0.09193098 -0.9756587 -0.1990948 -0.9584285 0.1420177 -0.2474792 0.2422441 0.9490313 -0.2016371 0.2127549 -0.9642743 0.1578311 0.9669125 0.246024 0.06747162 0.03679746 0.982819 -0.1808666 -0.9974898 0.06535202 -0.02726191 -0.2016008 -0.9679894 -0.1495112 -0.9956049 0.09365165 -4.84732e-4 0.1461132 0.9856963 -0.08398741 0.9432417 -0.2407754 -0.2287405 -0.9604614 -0.2563694 -0.1085755 -0.2516196 -0.9678093 -0.005730986 0.8752144 -0.4813059 0.04841917 0.7637911 0.6420044 0.06673598 -0.5197204 0.8540824 0.02083528 -0.149649 0.9570466 -0.2483287 0.9775654 0.07505697 -0.1968057 0.14121 -0.9652975 -0.2196831 -0.9576988 -0.2640292 -0.1144624 -0.2639793 0.957717 -0.1144256 -0.9671932 0.25397 -0.006053924 -0.6918829 -0.7216717 0.02209156 0.2085887 -0.9738483 -0.09005749 0.9499889 -0.3099713 -0.03793376 0.745391 0.6665539 0.009916305 0.9534196 0.1491088 -0.2622168 0.07514625 -0.9824931 -0.1704712 -0.968902 -0.1419866 -0.2026542 -0.2640134 0.9577044 -0.1144526 0.8887019 0.416468 -0.1917382 0.09002423 0.9947099 -0.04947602 -0.9629704 0.2659286 0.04438602 -0.358573 -0.9314255 0.06222605 0.8136546 -0.5809322 0.0220015 0.149243 -0.9545536 -0.2579809 -0.9804861 -0.07539379 -0.1815564 -0.1418061 0.9701152 -0.1968953 0.9622624 0.2652761 -0.06065976 0.003523826 -1.28921e-4 -0.9999938 0.003133714 -0.004009723 -0.9999871 0.01413565 -5.72208e-4 -0.9998999 -0.008732497 0.003552973 -0.9999557 -0.002496063 3.8884e-4 -0.9999969 -0.03773975 0.005879104 -0.9992703 -0.008478581 -0.08645689 -0.9962196 0.02914541 0.02766585 -0.9991923 1.33231e-4 -0.005984902 -0.9999821 0.01092916 0.01659685 -0.9998025 -0.03407245 -0.02492237 -0.9991087 6.02304e-4 0.003866314 -0.9999924 -0.06134343 -0.009682595 -0.9980698 0.01582616 0.003647327 -0.9998682 -0.0136485 -0.08761382 -0.9960611 0.003859996 0.00253123 -0.9999894 -0.0181182 0.006159126 -0.999817 -0.02348089 -0.00276637 -0.9997205 0.002927184 0.003216207 -0.9999907 -0.002552032 0.001640021 -0.9999954 0 0 -1 0.003958344 -7.28739e-4 -0.9999919 0.1321749 0.08074402 -0.9879324 -0.001821339 -0.002441942 -0.9999954 -0.003325998 -0.003879666 -0.999987 -0.005474567 0.03569364 -0.9993479 -0.001718103 1.16572e-4 -0.9999985 0.06026506 0.03072887 -0.9977094 0.005856156 -0.009461581 -0.9999381 -0.01343941 -0.03514671 -0.9992919 0.01991683 -0.003598451 -0.9997953 0.006223618 0.007111191 -0.9999554 -0.06186771 0.01963424 -0.9978913 -0.003238141 -0.01994508 -0.9997959 0.004984259 0.001128435 -0.999987 -0.07316106 -0.1297324 -0.9888463 0.02725219 -0.01636141 -0.9994947 0.03796666 -0.01614093 -0.9991487 -0.001783251 -0.001998484 -0.9999965 -1.41888e-4 6.75989e-5 -1 0.01841849 -0.02175098 -0.9995937 -0.005610048 0.002672731 -0.9999807 0.0181185 -0.02221149 -0.9995892 -0.00143975 -0.00155723 -0.9999978 0.06374621 -0.01002919 -0.9979158 -0.004008591 5.26682e-4 -0.9999919 0.002280235 9.43961e-4 -0.999997 0.00118494 -0.001943588 -0.9999975 0.003067195 0.001453876 -0.9999943 9.81894e-4 -0.001233458 -0.9999988 -0.004987895 0.002053141 -0.9999855 0.09690427 -0.01105749 -0.9952324 0.001486003 -0.001364767 -0.999998 -0.002339065 3.44816e-4 -0.9999972 0.003920674 -0.01376551 -0.9998977 0.01139038 -0.02106571 -0.9997133 0.02976483 -0.1675552 -0.9854133 -0.05149924 -0.01552468 -0.9985525 -0.0019207 0.001688659 -0.9999967 0.002643048 -3.55997e-4 -0.9999966 -0.005444228 2.86542e-4 -0.9999852 -0.02186477 -0.003821313 -0.9997537 -0.02522212 0.04411989 -0.9987078 -0.01650547 -0.005962371 -0.9998461 -0.006064534 -0.004942417 -0.9999694 -0.09244859 -0.02753788 -0.9953366 -0.1803288 0.007477343 -0.983578 0.031735 0.08120256 -0.9961923 0.03524464 0.005003869 -0.9993663 0.05594575 -0.008919298 -0.998394 0.02928853 -0.002197027 -0.9995687 -0.006025791 0.1203042 -0.9927189 0.005673348 0.1484593 -0.9889023 0.002384006 -0.04654598 -0.9989133 0.002699851 -0.04693269 -0.9988945 -0.1572905 0.03872585 -0.9867929 0.1396182 -0.02716112 -0.9898329 -0.04054665 -0.01475208 -0.9990687 0.07511979 -0.027857 -0.9967854 0.1445986 -0.02308201 -0.9892212 -0.2370971 0.9566203 -0.1693006 -0.04704111 0.1223061 -0.9913771 0.02533042 0.08502024 -0.9960573 0.1225919 -0.06531983 -0.9903053 -0.007425725 -0.1261335 -0.9919856 0.04651969 0.09968912 -0.9939306 0.03822398 -0.01057451 -0.9992133 0.02701765 -0.02044498 -0.999426 -0.01753944 0.009768307 -0.9997985 -0.005045413 -7.17331e-4 -0.999987 -0.009727001 0.00843054 -0.9999172 -0.00583285 -0.03117096 -0.9994971 -0.04229134 0.01628941 -0.9989725 0.02171611 0.0678513 -0.9974592 -0.004762649 -0.006625592 -0.9999668 -0.07541805 0.07161796 -0.9945768 -0.03151434 0.01880782 -0.9993264 -0.03155189 0.07622581 -0.9965913 5.33007e-4 -0.0168789 -0.9998574 0.2201241 -0.1669214 -0.9610842 0.03649717 0.02684712 -0.9989731 0.01641237 0.01887488 -0.9996872 0.07880896 -0.005692124 -0.9968735 0.02872455 -0.0367546 -0.9989115 -0.02011549 -0.02691507 -0.9994354 0.1527203 0.01101219 -0.9882082 0.01436775 -0.05250942 -0.9985171 0.01719236 -0.1543688 -0.9878637 0.006097555 0.02804225 -0.9995881 0.02535539 -0.01847052 -0.9995079 -0.01673525 -0.04723304 -0.9987437 0.0155285 6.1823e-4 -0.9998793 -0.04856812 0.003295183 -0.9988145 -0.1263309 0.06858497 -0.9896144 0.0342853 -0.1365972 -0.9900332 0.03406411 -0.1742834 -0.9841063 -0.06600314 -0.01094233 -0.9977595 0.05383723 -0.02140271 -0.9983204 0.2143387 0.2706647 -0.9385093 -0.0246219 0.02752923 -0.9993178 -0.00104475 4.24283e-4 -0.9999994 -0.008493363 0.003449022 -0.999958 -0.005320489 0.004018783 -0.9999778 -0.01065677 -0.004066944 -0.999935 0.005085706 -4.53988e-4 -0.9999871 1.45474e-4 -1.09775e-5 -1 -6.43163e-4 -0.001953005 -0.9999979 -0.002221107 1.67607e-4 -0.9999976 0.009137928 -0.005772888 -0.9999416 -0.1096314 0.04842495 -0.992792 -3.96926e-4 0.01182949 -0.99993 0.005277395 0.02766758 -0.9996032 2.94893e-4 0.001694798 -0.9999985 0.004897177 0.02814596 -0.9995919 0.006442248 -0.002501964 -0.9999762 3.94014e-4 0.001801729 -0.9999983 -0.002399921 0.002592682 -0.9999938 0.008833706 0.001037955 -0.9999605 0.03713536 -0.007249593 -0.999284 0.001452207 -7.60912e-4 -0.9999987 0.02814823 -0.01474875 -0.999495 -0.002741754 -0.002662479 -0.9999928 0.00115931 -0.006268262 -0.9999797 4.64363e-4 0.003403007 -0.9999941 0.4262552 0.5878645 -0.6875477 0.002231419 0.02529019 -0.9996777 -0.1754052 -0.02602887 -0.9841522 -0.05909985 -0.001262605 -0.9982514 0.02487272 0.05268603 -0.9983013 0.03698313 -0.08819085 -0.9954168 -0.008601129 0.02276962 -0.9997038 0.02744984 0.01486396 -0.9995127 0.005990684 0.007172584 -0.9999564 -0.03789699 -0.05301117 -0.9978746 -0.05588757 0.02494651 -0.9981254 0.01843321 0.04289013 -0.9989098 -0.008865237 0.04915118 -0.998752 -1.77321e-4 -1.10202e-4 -1 0.002246499 0.005321204 -0.9999833 0.02460032 -0.01122009 -0.9996345 -0.02537953 0.0672729 -0.9974119 -1.45698e-4 8.07781e-4 -0.9999998 -0.0224148 -0.01020014 -0.9996967 0.01580572 0.01036477 -0.9998214 0.03760027 0.05491721 -0.9977827 0.01310902 0.02544713 -0.9995902 -0.05709052 -0.106138 -0.9927111 8.91699e-4 -5.63335e-4 -0.9999995 5.85991e-4 3.37446e-4 -0.9999998 0.002088725 -2.63692e-4 -0.9999979 0.2717778 -0.9547464 -0.1208143 0.971475 -0.2371162 -0.003525435 0.6256554 0.7790701 0.04006552 -0.5510549 0.8310267 0.07571947 -0.8477003 -0.5284773 0.04600197 -0.9584875 -0.1498864 -0.242561 -0.07511508 0.9784768 -0.1922004 0.968884 0.1417965 -0.2028737 0.264011 -0.9576574 -0.1148502</float_array>
          <technique_common>
            <accessor source="#Link05-mesh-normals-array" count="1881" stride="3">
              <param name="X" type="float"/>
              <param name="Y" type="float"/>
              <param name="Z" type="float"/>
            </accessor>
          </technique_common>
        </source>
        <vertices id="Link05-mesh-vertices">
          <input semantic="POSITION" source="#Link05-mesh-positions"/>
        </vertices>
        <triangles count="2100">
          <input semantic="VERTEX" source="#Link05-mesh-vertices" offset="0"/>
          <input semantic="NORMAL" source="#Link05-mesh-normals" offset="1"/>
          <p>1 0 2 0 0 0 2 1 3 1 0 1 2 2 1 2 4 2 3 3 2 3 5 3 0 4 3 4 6 4 1 5 0 5 7 5 7 6 4 6 1 6 6 7 7 7 0 7 5 8 6 8 3 8 4 9 5 9 2 9 8 10 7 10 6 10 6 11 11 11 8 11 10 12 6 12 5 12 6 13 10 13 11 13 5 14 9 14 10 14 7 15 8 15 12 15 12 16 4 16 7 16 4 17 12 17 13 17 13 18 5 18 4 18 5 19 13 19 9 19 11 20 14 20 15 20 11 21 15 21 16 21 8 22 16 22 17 22 13 23 17 23 18 23 9 24 18 24 19 24 10 25 19 25 14 25 14 26 11 26 10 26 19 27 10 27 9 27 18 28 9 28 13 28 17 29 13 29 12 29 17 30 12 30 8 30 16 31 8 31 11 31 20 32 21 32 19 32 21 33 22 33 14 33 28 34 23 34 17 34 14 35 19 35 21 35 22 36 24 36 14 36 24 37 25 37 15 37 23 38 26 38 17 38 26 39 27 39 18 39 25 40 28 40 16 40 18 41 17 41 26 41 27 42 20 42 18 42 16 43 15 43 25 43 15 44 14 44 24 44 19 45 18 45 20 45 17 46 16 46 28 46 29 47 30 47 21 47 31 48 32 48 23 48 30 49 33 49 24 49 34 50 28 50 25 50 22 51 21 51 30 51 28 52 34 52 35 52 26 53 23 53 32 53 37 54 20 54 27 54 24 55 22 55 30 55 33 56 25 56 24 56 35 57 31 57 28 57 36 58 27 58 26 58 27 59 36 59 37 59 20 60 37 60 29 60 26 61 32 61 36 61 25 62 33 62 34 62 23 63 28 63 31 63 21 64 20 64 29 64 36 65 32 65 38 65 37 66 36 66 39 66 29 67 37 67 40 67 30 68 29 68 42 68 33 69 30 69 43 69 34 70 33 70 44 70 35 71 34 71 45 71 31 72 35 72 46 72 32 73 31 73 47 73 47 74 38 74 32 74 46 75 47 75 31 75 45 76 46 76 35 76 44 77 45 77 34 77 43 78 44 78 33 78 42 79 43 79 30 79 41 80 42 80 29 80 40 81 41 81 29 81 39 82 40 82 37 82 38 83 39 83 36 83 38 84 48 84 51 84 49 85 50 85 46 85 47 86 50 86 58 86 58 87 48 87 38 87 50 88 47 88 46 88 58 89 38 89 47 89 42 90 52 90 53 90 39 91 38 91 51 91 58 92 73 92 48 92 79 93 40 93 39 93 79 94 52 94 41 94 44 95 54 95 49 95 43 96 42 96 55 96 51 97 79 97 39 97 41 98 40 98 79 98 49 99 46 99 45 99 44 100 55 100 54 100 49 101 45 101 44 101 53 102 55 102 42 102 44 103 43 103 55 103 42 104 41 104 52 104 49 105 64 105 50 105 57 106 51 106 56 106 60 107 58 107 59 107 49 108 63 108 62 108 63 109 54 109 61 109 54 110 63 110 49 110 62 111 65 111 64 111 49 112 62 112 64 112 66 113 69 113 65 113 65 114 62 114 66 114 62 115 63 115 66 115 67 116 68 116 61 116 66 117 63 117 61 117 61 118 68 118 66 118 64 119 70 119 50 119 70 120 64 120 65 120 50 121 59 121 58 121 59 122 50 122 71 122 60 123 59 123 72 123 73 124 58 124 60 124 60 125 74 125 73 125 72 126 75 126 74 126 74 127 60 127 72 127 73 128 76 128 48 128 76 129 73 129 74 129 48 130 56 130 51 130 56 131 48 131 77 131 57 132 56 132 78 132 79 133 51 133 57 133 57 134 80 134 79 134 75 135 81 135 76 135 75 136 76 136 74 136 78 137 56 137 77 137 77 138 81 138 78 138 77 139 48 139 76 139 77 140 76 140 81 140 78 141 83 141 80 141 80 142 57 142 78 142 82 143 79 143 80 143 82 144 80 144 83 144 84 145 79 145 82 145 79 146 84 146 52 146 53 147 52 147 85 147 85 148 90 148 53 148 86 149 87 149 84 149 82 150 83 150 86 150 86 151 84 151 82 151 85 152 52 152 84 152 85 153 84 153 87 153 88 154 90 154 85 154 85 155 87 155 88 155 89 156 55 156 53 156 89 157 91 157 55 157 53 158 90 158 89 158 89 159 90 159 88 159 89 160 92 160 91 160 88 161 93 161 92 161 92 162 89 162 88 162 54 163 55 163 91 163 67 164 61 164 92 164 91 165 92 165 61 165 91 166 61 166 54 166 92 167 93 167 67 167 70 168 65 168 95 168 95 169 94 169 70 169 65 170 69 170 95 170 72 171 59 171 71 171 71 172 94 172 72 172 71 173 50 173 70 173 71 174 70 174 94 174 111 175 96 175 67 175 96 176 111 176 97 176 67 177 93 177 111 177 97 178 111 178 110 178 96 179 98 179 67 179 93 180 112 180 111 180 105 181 104 181 112 181 99 182 67 182 98 182 112 183 93 183 105 183 100 184 96 184 101 184 370 185 363 185 101 185 97 186 370 186 96 186 101 187 96 187 370 187 101 188 102 188 100 188 98 189 103 189 99 189 98 190 96 190 100 190 106 191 107 191 100 191 108 192 107 192 106 192 106 192 109 192 108 192 111 193 112 193 104 193 113 194 114 194 104 194 115 195 110 195 111 195 111 196 116 196 115 196 116 192 117 192 118 192 118 192 115 192 116 192 119 197 103 197 98 197 98 198 120 198 119 198 120 192 121 192 122 192 122 192 119 192 120 192 123 192 114 192 113 192 113 192 124 192 123 192 109 199 125 199 126 199 126 199 108 199 109 199 126 200 127 200 108 200 125 201 128 201 129 201 129 202 126 202 125 202 102 203 106 203 100 203 102 204 128 204 106 204 109 205 106 205 128 205 128 206 125 206 109 206 128 207 102 207 130 207 118 199 117 199 131 199 117 208 132 208 131 208 131 199 133 199 118 199 134 209 133 209 131 209 131 210 135 210 134 210 136 211 115 211 134 211 118 212 133 212 134 212 110 213 115 213 136 213 134 214 115 214 118 214 136 215 97 215 110 215 135 216 131 216 132 216 132 217 137 217 135 217 134 218 138 218 140 218 139 219 140 219 141 219 134 220 135 220 138 220 142 221 138 221 135 221 137 222 143 222 141 222 141 223 143 223 139 223 142 224 135 224 137 224 141 225 142 225 137 225 140 226 139 226 134 226 138 227 142 227 144 227 140 228 138 228 145 228 141 229 140 229 146 229 142 230 141 230 147 230 146 231 147 231 141 231 145 232 146 232 140 232 144 233 145 233 138 233 147 234 144 234 142 234 143 235 137 235 132 235 132 236 148 236 143 236 149 192 139 192 143 192 143 192 148 192 149 192 150 199 149 199 148 199 148 199 151 199 150 199 148 237 132 237 151 237 151 202 152 202 153 202 153 202 150 202 151 202 153 199 152 199 154 199 154 199 155 199 153 199 154 192 156 192 157 192 157 192 155 192 154 192 157 199 156 199 158 199 156 238 159 238 158 238 158 199 160 199 157 199 161 202 160 202 158 202 158 202 162 202 161 202 162 239 158 239 159 239 159 240 163 240 162 240 163 241 164 241 165 241 166 242 168 242 165 242 161 243 162 243 167 243 165 244 169 244 163 244 165 245 164 245 166 245 161 246 167 246 168 246 169 247 167 247 162 247 169 248 162 248 163 248 168 249 166 249 161 249 167 250 169 250 171 250 168 251 167 251 172 251 165 252 168 252 173 252 169 253 165 253 170 253 173 254 170 254 165 254 172 255 173 255 168 255 171 256 172 256 167 256 170 257 171 257 169 257 164 258 163 258 159 258 159 259 174 259 164 259 175 192 166 192 164 192 164 192 174 192 175 192 176 199 175 199 174 199 174 199 177 199 176 199 174 260 159 260 177 260 177 202 178 202 179 202 179 202 176 202 177 202 180 199 181 199 179 199 179 199 178 199 180 199 180 261 182 261 183 261 183 192 181 192 180 192 183 262 182 262 184 262 182 263 185 263 184 263 184 199 186 199 183 199 187 202 186 202 184 202 184 202 188 202 187 202 181 264 189 264 190 264 189 265 181 265 187 265 183 266 186 266 187 266 190 267 155 267 179 267 155 266 161 266 166 266 187 266 181 266 183 266 166 266 179 266 155 266 176 268 179 268 166 268 190 269 179 269 181 269 153 270 155 270 190 270 187 271 191 271 189 271 157 266 160 266 161 266 136 272 134 272 139 272 161 266 155 266 157 266 139 273 153 273 136 273 150 268 153 268 139 268 190 274 136 274 153 274 166 266 175 266 176 266 139 266 149 266 150 266 188 275 184 275 185 275 185 276 192 276 188 276 192 277 194 277 196 277 196 278 193 278 192 278 187 279 188 279 195 279 195 280 191 280 187 280 193 281 188 281 192 281 191 282 197 282 196 282 193 283 195 283 188 283 196 284 194 284 191 284 195 285 197 285 191 285 195 286 193 286 199 286 197 287 195 287 200 287 196 288 197 288 201 288 193 289 196 289 198 289 201 290 198 290 196 290 200 291 201 291 197 291 199 292 200 292 195 292 198 293 199 293 193 293 194 294 192 294 185 294 185 295 202 295 194 295 203 296 191 296 194 296 194 192 202 192 203 192 122 297 121 297 204 297 121 298 205 298 204 298 204 297 206 297 122 297 207 299 206 299 204 299 204 300 208 300 207 300 103 301 119 301 99 301 209 302 119 302 207 302 122 303 206 303 207 303 119 304 209 304 99 304 207 305 119 305 122 305 124 297 210 297 211 297 211 297 123 297 124 297 211 306 212 306 123 306 210 307 213 307 214 307 214 202 211 202 210 202 105 308 213 308 113 308 124 309 113 309 213 309 213 310 210 310 124 310 213 311 105 311 215 311 113 312 104 312 105 312 214 313 216 313 212 313 212 314 211 314 214 314 213 315 217 315 218 315 219 316 220 316 221 316 219 317 221 317 217 317 216 318 214 318 218 318 218 319 214 319 213 319 213 320 219 320 217 320 222 321 220 321 216 321 218 322 222 322 216 322 222 323 221 323 220 323 224 324 223 324 218 324 225 325 224 325 217 325 226 326 225 326 221 326 223 327 226 327 222 327 221 328 222 328 226 328 217 329 221 329 225 329 218 330 217 330 224 330 222 331 218 331 223 331 220 332 227 332 212 332 212 333 216 333 220 333 219 192 228 192 227 192 227 192 220 192 219 192 229 297 230 297 227 297 230 334 212 334 227 334 227 297 228 297 229 297 231 202 230 202 229 202 229 202 232 202 231 202 231 297 232 297 233 297 233 297 234 297 231 297 235 192 234 192 233 192 233 192 236 192 235 192 236 297 237 297 238 297 238 297 235 297 236 297 238 335 239 335 235 335 237 202 240 202 241 202 241 202 238 202 237 202 241 336 242 336 239 336 239 337 238 337 241 337 240 338 243 338 244 338 243 339 245 339 244 339 243 340 246 340 245 340 240 341 244 341 247 341 248 342 246 342 242 342 247 343 241 343 240 343 248 344 245 344 246 344 242 345 241 345 247 345 247 346 248 346 242 346 250 347 249 347 247 347 251 348 250 348 244 348 252 349 251 349 245 349 249 350 252 350 248 350 245 351 248 351 252 351 244 352 245 352 251 352 247 353 244 353 250 353 248 354 247 354 249 354 246 355 253 355 239 355 239 356 242 356 246 356 243 192 254 192 253 192 253 192 246 192 243 192 208 357 204 357 205 357 205 358 255 358 208 358 207 359 256 359 257 359 207 360 208 360 256 360 208 361 259 361 256 361 255 362 258 362 259 362 258 363 260 363 259 363 260 364 258 364 261 364 207 365 257 365 260 365 259 366 208 366 255 366 260 367 261 367 207 367 262 368 265 368 257 368 263 369 262 369 256 369 264 370 263 370 259 370 265 371 264 371 260 371 260 372 257 372 265 372 259 373 260 373 264 373 256 374 259 374 263 374 257 375 256 375 262 375 258 376 255 376 205 376 205 377 266 377 258 377 267 192 261 192 258 192 258 192 266 192 267 192 268 297 267 297 266 297 266 297 269 297 268 297 266 378 205 378 269 378 269 202 270 202 271 202 271 202 268 202 269 202 271 297 270 297 272 297 272 297 273 297 271 297 272 192 274 192 275 192 275 192 273 192 272 192 275 297 274 297 276 297 274 379 277 379 276 379 276 297 278 297 275 297 279 202 278 202 276 202 276 202 280 202 279 202 280 380 276 380 277 380 277 381 281 381 280 381 281 382 283 382 286 382 281 383 282 383 283 383 286 384 280 384 281 384 282 385 285 385 283 385 285 386 282 386 284 386 279 387 280 387 286 387 279 388 286 388 287 388 284 389 279 389 287 389 287 390 285 390 284 390 288 391 291 391 287 391 289 392 288 392 286 392 290 393 289 393 283 393 291 394 290 394 285 394 285 395 287 395 291 395 283 396 285 396 290 396 286 397 283 397 289 397 287 398 286 398 288 398 282 399 281 399 277 399 277 400 292 400 282 400 293 192 284 192 282 192 282 192 292 192 293 192 129 401 294 401 127 401 127 402 126 402 129 402 296 403 297 403 298 403 294 404 299 404 298 404 296 405 298 405 300 405 298 406 297 406 294 406 294 407 129 407 299 407 295 408 129 408 128 408 128 409 296 409 300 409 295 410 299 410 129 410 300 411 295 411 128 411 295 412 300 412 301 412 299 413 295 413 302 413 298 414 299 414 303 414 300 415 298 415 304 415 304 416 301 416 300 416 303 417 304 417 298 417 302 418 303 418 299 418 301 419 302 419 295 419 297 420 305 420 127 420 127 421 294 421 297 421 296 192 306 192 305 192 305 192 297 192 296 192 307 199 308 199 305 199 308 422 127 422 305 422 305 199 306 199 307 199 309 202 308 202 307 202 307 202 310 202 309 202 309 199 310 199 311 199 311 199 312 199 309 199 313 192 312 192 311 192 311 192 314 192 313 192 314 199 315 199 316 199 316 199 313 199 314 199 316 423 317 423 313 423 315 202 318 202 319 202 319 202 316 202 315 202 319 424 320 424 317 424 317 425 316 425 319 425 321 426 323 426 324 426 323 427 325 427 324 427 320 428 319 428 325 428 324 429 322 429 321 429 325 430 323 430 320 430 319 431 326 431 325 431 326 432 319 432 318 432 318 433 322 433 326 433 322 434 318 434 321 434 326 435 322 435 327 435 325 436 326 436 328 436 324 437 325 437 329 437 322 438 324 438 330 438 330 439 327 439 322 439 329 440 330 440 324 440 328 441 329 441 325 441 327 442 328 442 326 442 323 443 331 443 317 443 317 444 320 444 323 444 321 192 332 192 331 192 331 192 323 192 321 192 333 445 334 445 331 445 334 446 317 446 331 446 331 199 332 199 333 199 335 447 334 447 333 447 333 202 336 202 335 202 337 199 338 199 335 199 335 199 336 199 337 199 339 448 338 448 337 448 337 449 340 449 339 449 340 199 341 199 342 199 342 450 339 450 340 450 342 451 343 451 339 451 341 202 344 202 345 202 345 202 342 202 341 202 130 452 310 452 296 452 307 453 306 453 296 453 130 454 336 454 311 454 311 453 336 453 321 453 296 453 310 453 307 453 321 453 318 453 311 453 314 455 311 455 318 455 130 456 311 456 310 456 296 457 128 457 130 457 333 453 332 453 321 453 346 458 337 458 336 458 321 453 336 453 333 453 336 459 130 459 346 459 340 455 337 455 344 455 346 460 347 460 344 460 344 461 337 461 346 461 344 453 341 453 340 453 318 453 315 453 314 453 347 462 346 462 348 462 345 463 349 463 343 463 343 464 342 464 345 464 344 465 347 465 350 465 349 466 345 466 351 466 345 467 352 467 351 467 352 468 345 468 344 468 350 469 352 469 344 469 347 470 353 470 354 470 349 471 351 471 354 471 354 472 350 472 347 472 354 473 353 473 349 473 352 474 350 474 355 474 351 475 352 475 356 475 354 476 351 476 357 476 350 477 354 477 358 477 358 478 355 478 350 478 357 479 358 479 354 479 356 480 357 480 351 480 355 481 356 481 352 481 353 482 359 482 343 482 343 483 349 483 353 483 347 484 360 484 359 484 359 485 353 485 347 485 363 486 361 486 101 486 361 487 363 487 362 487 365 488 364 488 366 488 366 489 361 489 365 489 365 490 367 490 364 490 366 491 101 491 361 491 365 492 368 492 367 492 365 493 369 493 368 493 369 494 361 494 362 494 361 495 369 495 365 495 371 496 362 496 363 496 363 497 370 497 371 497 97 498 371 498 370 498 373 499 372 499 371 499 368 500 372 500 388 500 372 501 368 501 369 501 371 502 374 502 375 502 375 503 377 503 371 503 371 504 372 504 374 504 376 505 362 505 371 505 371 506 377 506 376 506 378 507 374 507 372 507 372 508 379 508 380 508 362 509 381 509 382 509 380 510 378 510 372 510 369 511 383 511 379 511 362 512 385 512 384 512 379 513 372 513 369 513 384 514 369 514 362 514 384 515 383 515 369 515 376 516 381 516 362 516 382 517 385 517 362 517 373 518 371 518 386 518 386 519 387 519 373 519 371 520 97 520 386 520 387 521 367 521 368 521 387 522 368 522 388 522 388 523 372 523 373 523 388 524 373 524 387 524 381 525 376 525 382 525 390 526 385 526 382 526 392 527 389 527 382 527 390 528 393 528 385 528 389 529 390 529 382 529 384 530 393 530 394 530 394 531 396 531 383 531 376 532 377 532 395 532 376 533 395 533 392 533 384 534 385 534 393 534 383 535 384 535 394 535 396 536 379 536 383 536 397 537 380 537 379 537 382 538 376 538 392 538 378 539 400 539 398 539 398 540 401 540 374 540 375 541 402 541 399 541 396 542 397 542 379 542 378 543 380 543 400 543 374 544 378 544 398 544 399 545 391 545 377 545 397 546 400 546 380 546 401 547 402 547 374 547 377 548 375 548 399 548 391 549 395 549 377 549 375 550 374 550 402 550 392 551 403 551 404 551 389 552 404 552 405 552 390 553 405 553 406 553 393 554 406 554 407 554 396 555 407 555 408 555 396 556 408 556 409 556 397 557 409 557 410 557 400 558 410 558 411 558 398 559 411 559 412 559 401 560 412 560 413 560 399 561 413 561 414 561 391 562 414 562 415 562 395 563 415 563 403 563 415 564 395 564 391 564 414 565 391 565 399 565 413 566 399 566 402 566 413 567 402 567 401 567 412 568 401 568 398 568 411 569 398 569 400 569 410 570 400 570 397 570 409 571 397 571 396 571 407 572 396 572 394 572 407 573 394 573 393 573 406 574 393 574 390 574 405 575 390 575 389 575 404 576 389 576 392 576 403 577 392 577 395 577 415 578 414 578 416 578 411 579 419 579 417 579 411 297 410 297 419 297 420 580 406 580 405 580 404 581 421 581 418 581 414 582 413 582 416 582 413 583 412 583 417 583 417 584 412 584 411 584 405 585 404 585 418 585 417 586 416 586 413 586 410 587 422 587 419 587 421 588 404 588 403 588 415 589 416 589 421 589 409 590 408 590 422 590 408 591 407 591 420 591 407 592 406 592 420 592 421 593 403 593 415 593 410 594 409 594 422 594 420 595 422 595 408 595 418 596 420 596 405 596 421 597 423 597 424 597 418 598 424 598 425 598 420 599 425 599 426 599 422 600 426 600 427 600 419 601 427 601 428 601 417 602 428 602 429 602 416 603 429 603 423 603 423 604 421 604 416 604 429 605 416 605 417 605 428 606 417 606 419 606 427 607 419 607 422 607 426 608 422 608 420 608 425 609 420 609 418 609 424 610 418 610 421 610 425 611 430 611 435 611 424 612 423 612 430 612 426 613 431 613 434 613 430 614 425 614 424 614 429 615 433 615 432 615 428 616 434 616 433 616 428 617 427 617 434 617 423 618 429 618 432 618 434 619 427 619 426 619 426 620 435 620 431 620 426 621 425 621 435 621 432 622 430 622 423 622 433 623 429 623 428 623 430 624 436 624 437 624 435 625 437 625 438 625 431 626 438 626 439 626 434 627 439 627 440 627 432 628 440 628 441 628 432 629 441 629 436 629 440 630 432 630 433 630 440 631 433 631 434 631 439 632 434 632 431 632 438 633 431 633 435 633 437 634 435 634 430 634 436 635 430 635 432 635 441 636 440 636 437 636 440 637 439 637 437 637 439 638 438 638 437 638 436 639 441 639 437 639 442 640 443 640 447 640 360 641 347 641 443 641 443 642 347 642 447 642 348 643 447 643 347 643 443 644 444 644 445 644 445 645 360 645 443 645 444 646 443 646 442 646 444 647 442 647 446 647 446 648 445 648 444 648 442 649 447 649 446 649 448 650 447 650 449 650 447 651 448 651 446 651 448 652 449 652 450 652 450 653 445 653 448 653 445 654 446 654 448 654 359 655 451 655 343 655 451 656 359 656 445 656 445 657 452 657 451 657 360 658 445 658 359 658 453 659 343 659 451 659 451 660 454 660 453 660 450 661 455 661 452 661 452 662 445 662 450 662 455 663 450 663 456 663 449 664 458 664 456 664 456 665 450 665 449 665 459 666 457 666 461 666 457 667 459 667 455 667 456 668 457 668 455 668 460 669 461 669 458 669 460 670 459 670 461 670 458 671 449 671 460 671 457 672 456 672 462 672 461 673 457 673 463 673 458 674 461 674 464 674 456 675 458 675 465 675 464 676 465 676 458 676 463 677 464 677 461 677 462 678 463 678 457 678 465 679 462 679 456 679 459 680 466 680 452 680 452 681 455 681 459 681 460 453 467 453 466 453 466 453 459 453 460 453 468 682 469 682 466 682 469 683 452 683 466 683 466 199 467 199 468 199 470 266 469 266 468 266 468 266 471 266 470 266 470 199 471 199 472 199 472 199 473 199 470 199 474 453 473 453 472 453 472 453 475 453 474 453 346 684 130 684 327 684 190 685 173 685 172 685 190 686 387 686 173 686 190 687 172 687 171 687 171 688 386 688 190 688 170 689 173 689 387 689 387 690 386 690 170 690 386 691 171 691 170 691 144 692 97 692 136 692 190 693 146 693 145 693 145 694 144 694 136 694 146 695 190 695 386 695 144 696 147 696 97 696 147 697 146 697 386 697 386 698 97 698 147 698 145 699 136 699 190 699 200 700 190 700 189 700 190 701 200 701 199 701 201 702 189 702 477 702 199 703 387 703 190 703 201 704 200 704 189 704 477 705 387 705 201 705 387 706 198 706 201 706 387 707 199 707 198 707 387 708 477 708 478 708 477 709 479 709 478 709 477 710 480 710 481 710 480 711 476 711 481 711 481 712 479 712 477 712 478 713 476 713 387 713 480 714 464 714 463 714 447 715 367 715 465 715 463 716 476 716 480 716 367 717 462 717 465 717 476 718 463 718 462 718 447 719 465 719 464 719 462 720 367 720 476 720 464 721 480 721 447 721 355 722 348 722 346 722 130 723 102 723 302 723 327 724 130 724 301 724 102 725 101 725 302 725 301 726 304 726 327 726 302 727 301 727 130 727 101 728 303 728 302 728 303 729 101 729 366 729 366 730 304 730 303 730 327 731 330 731 355 731 327 732 304 732 328 732 366 733 329 733 328 733 329 297 366 297 364 297 364 734 330 734 329 734 364 735 355 735 330 735 367 736 348 736 358 736 355 737 358 737 348 737 364 738 357 738 356 738 357 739 364 739 367 739 367 740 387 740 476 740 367 741 358 741 357 741 356 742 355 742 364 742 328 743 304 743 366 743 348 744 367 744 447 744 327 745 355 745 346 745 483 746 482 746 476 746 484 747 483 747 478 747 485 748 484 748 479 748 482 749 485 749 481 749 479 750 481 750 485 750 478 751 479 751 484 751 476 752 478 752 483 752 481 753 476 753 482 753 472 202 471 202 480 202 447 754 471 754 460 754 468 202 467 202 460 202 471 755 447 755 480 755 477 756 486 756 487 756 460 202 471 202 468 202 487 757 472 757 477 757 475 202 472 202 487 202 480 758 477 758 472 758 460 759 449 759 447 759 487 202 488 202 475 202 475 199 488 199 489 199 489 760 474 760 475 760 489 761 490 761 474 761 488 266 487 266 491 266 491 266 489 266 488 266 477 762 191 762 492 762 493 763 492 763 191 763 191 764 203 764 493 764 191 765 477 765 189 765 492 766 495 766 477 766 495 767 492 767 494 767 495 768 494 768 496 768 496 769 497 769 495 769 494 202 492 202 493 202 493 202 496 202 494 202 497 770 477 770 495 770 486 771 477 771 497 771 498 772 491 772 482 772 487 773 485 773 482 773 482 774 491 774 487 774 483 775 499 775 498 775 482 776 483 776 498 776 487 777 486 777 485 777 486 778 499 778 483 778 486 779 484 779 485 779 483 780 484 780 486 780 486 781 497 781 500 781 500 782 499 782 486 782 496 783 202 783 501 783 500 784 496 784 501 784 185 785 501 785 202 785 202 199 496 199 493 199 493 199 203 199 202 199 501 786 490 786 500 786 497 787 496 787 500 787 491 788 498 788 490 788 490 789 489 789 491 789 499 790 500 790 490 790 490 791 498 791 499 791 503 792 501 792 185 792 501 793 503 793 502 793 504 794 293 794 292 794 292 795 505 795 504 795 292 796 277 796 505 796 505 192 506 192 507 192 507 797 504 797 505 797 504 798 508 798 509 798 509 799 508 799 510 799 511 800 512 800 510 800 508 801 504 801 511 801 507 802 513 802 504 802 511 803 504 803 513 803 511 804 510 804 508 804 514 805 511 805 513 805 513 202 515 202 514 202 511 806 514 806 516 806 514 807 453 807 516 807 511 297 517 297 512 297 516 808 517 808 511 808 518 202 519 202 517 202 517 202 516 202 518 202 520 809 510 809 519 809 512 453 517 453 519 453 520 810 273 810 509 810 273 453 279 453 284 453 519 811 510 811 512 811 284 453 509 453 273 453 504 812 509 812 284 812 520 813 509 813 510 813 271 814 273 814 209 814 519 815 521 815 520 815 275 453 278 453 279 453 273 816 520 816 209 816 209 817 207 817 261 817 279 453 273 453 275 453 261 818 271 818 209 818 268 819 271 819 261 819 284 820 293 820 504 820 261 453 267 453 268 453 518 821 516 821 453 821 453 822 522 822 518 822 523 823 522 823 453 823 453 824 524 824 523 824 521 825 523 825 524 825 524 826 525 826 521 826 522 827 527 827 526 827 526 828 518 828 522 828 522 829 523 829 527 829 519 830 518 830 526 830 528 831 523 831 521 831 529 832 521 832 519 832 519 833 526 833 529 833 528 834 527 834 523 834 529 835 528 835 521 835 530 836 533 836 529 836 531 837 530 837 526 837 532 838 531 838 527 838 533 839 532 839 528 839 528 840 529 840 533 840 527 841 528 841 532 841 526 842 527 842 531 842 529 843 526 843 530 843 308 844 277 844 274 844 308 845 505 845 277 845 334 846 534 846 506 846 100 847 269 847 205 847 274 848 108 848 127 848 98 849 100 849 121 849 100 850 274 850 269 850 506 453 505 453 308 453 274 851 100 851 108 851 506 852 313 852 317 852 205 853 121 853 100 853 270 453 269 453 274 453 274 854 127 854 308 854 506 453 309 453 313 453 274 453 272 453 270 453 100 855 107 855 108 855 506 856 317 856 334 856 308 453 309 453 506 453 309 453 312 453 313 453 339 857 343 857 515 857 338 858 339 858 334 858 515 859 535 859 339 859 453 860 514 860 515 860 334 861 335 861 338 861 515 862 343 862 453 862 121 863 120 863 98 863 339 864 536 864 334 864 334 865 536 865 534 865 535 866 534 866 536 866 536 867 339 867 535 867 546 868 521 868 537 868 538 869 537 869 521 869 521 870 525 870 538 870 521 871 546 871 520 871 546 872 537 872 540 872 540 873 537 873 539 873 539 202 537 202 538 202 538 202 541 202 539 202 540 874 539 874 541 874 541 875 542 875 540 875 541 876 524 876 454 876 524 877 453 877 454 877 524 297 541 297 538 297 538 297 525 297 524 297 542 878 541 878 454 878 544 879 542 879 454 879 454 880 545 880 544 880 544 881 546 881 542 881 542 882 546 882 540 882 545 883 454 883 543 883 543 884 547 884 545 884 547 885 548 885 549 885 550 886 552 886 549 886 549 887 548 887 550 887 550 888 544 888 552 888 544 889 545 889 553 889 545 890 551 890 553 890 551 891 545 891 547 891 544 892 553 892 552 892 547 893 549 893 551 893 555 894 554 894 551 894 556 895 555 895 549 895 557 896 556 896 552 896 554 897 557 897 553 897 552 898 553 898 557 898 549 899 552 899 556 899 551 900 549 900 555 900 553 901 551 901 554 901 548 902 547 902 543 902 543 903 558 903 548 903 559 453 550 453 548 453 548 453 558 453 559 453 560 297 559 297 558 297 558 904 561 904 560 904 558 905 543 905 561 905 561 266 562 266 563 266 563 266 560 266 561 266 563 297 562 297 564 297 564 297 565 297 563 297 564 453 566 453 567 453 567 453 565 453 564 453 469 906 568 906 566 906 451 907 561 907 543 907 469 908 502 908 568 908 502 909 474 909 490 909 451 910 566 910 561 910 562 202 561 202 566 202 502 911 469 911 474 911 473 202 474 202 469 202 566 202 564 202 562 202 566 912 451 912 452 912 469 202 470 202 473 202 566 913 452 913 469 913 543 914 454 914 451 914 490 915 501 915 502 915 567 916 566 916 569 916 566 917 568 917 569 917 569 297 570 297 567 297 571 266 570 266 569 266 569 266 572 266 571 266 563 918 565 918 546 918 573 919 565 919 571 919 567 202 570 202 571 202 565 920 573 920 546 920 546 921 544 921 550 921 571 202 565 202 567 202 550 922 563 922 546 922 560 202 563 202 550 202 571 923 574 923 573 923 550 202 559 202 560 202 572 924 569 924 568 924 568 925 575 925 572 925 576 926 575 926 568 926 568 927 502 927 576 927 577 928 574 928 576 928 576 929 502 929 577 929 575 930 576 930 578 930 574 931 581 931 578 931 575 932 579 932 580 932 578 933 576 933 574 933 571 934 572 934 580 934 580 935 572 935 575 935 581 936 574 936 571 936 580 937 581 937 571 937 578 938 579 938 575 938 583 939 582 939 580 939 584 940 583 940 578 940 585 941 584 941 581 941 582 942 585 942 581 942 581 943 580 943 582 943 578 944 581 944 584 944 579 945 578 945 583 945 580 946 579 946 583 946 520 947 291 947 265 947 554 948 586 948 546 948 546 949 557 949 554 949 81 950 586 950 555 950 81 951 555 951 556 951 554 952 555 952 586 952 546 953 81 953 556 953 556 954 557 954 546 954 546 955 585 955 582 955 582 956 81 956 546 956 583 957 589 957 81 957 582 958 583 958 81 958 573 959 584 959 585 959 573 960 583 960 584 960 585 961 546 961 573 961 93 962 88 962 105 962 88 963 87 963 105 963 215 964 224 964 225 964 215 965 105 965 224 965 224 966 105 966 87 966 86 967 587 967 226 967 587 968 215 968 225 968 87 969 223 969 224 969 225 970 226 970 587 970 87 971 86 971 223 971 226 972 223 972 86 972 588 973 251 973 252 973 587 199 86 199 250 199 252 974 249 974 83 974 252 975 83 975 588 975 587 976 250 976 251 976 249 977 250 977 86 977 249 978 86 978 83 978 588 979 83 979 590 979 591 980 589 980 573 980 573 981 592 981 593 981 592 982 588 982 593 982 589 983 590 983 83 983 573 984 593 984 591 984 589 985 83 985 78 985 78 986 81 986 589 986 66 987 68 987 99 987 99 988 69 988 66 988 68 989 67 989 99 989 262 990 99 990 209 990 265 991 262 991 209 991 262 992 263 992 69 992 95 993 69 993 263 993 263 994 264 994 95 994 291 995 94 995 290 995 265 996 291 996 288 996 94 997 289 997 290 997 289 998 94 998 95 998 95 999 288 999 289 999 95 1000 265 1000 288 1000 533 1001 291 1001 520 1001 533 1002 530 1002 291 1002 586 1003 532 1003 533 1003 533 1004 520 1004 586 1004 75 1005 72 1005 531 1005 72 1006 94 1006 531 1006 75 1007 586 1007 81 1007 586 1008 75 1008 532 1008 94 1009 530 1009 531 1009 531 1010 532 1010 75 1010 530 1011 94 1011 291 1011 264 1012 265 1012 95 1012 262 1013 69 1013 99 1013 590 1014 593 1014 588 1014 251 1015 588 1015 587 1015 583 1016 573 1016 589 1016 546 1017 586 1017 520 1017 265 199 209 199 520 199 594 1018 588 1018 592 1018 590 1019 589 1019 595 1019 593 1020 590 1020 596 1020 591 1021 593 1021 597 1021 589 1022 591 1022 598 1022 597 1023 598 1023 591 1023 596 1024 597 1024 593 1024 595 1025 596 1025 590 1025 598 1026 595 1026 589 1026 573 1027 577 1027 599 1027 577 1028 573 1028 574 1028 600 1029 573 1029 599 1029 601 1030 602 1030 600 1030 602 202 601 202 603 202 603 202 604 202 602 202 601 1031 600 1031 599 1031 599 1032 603 1032 601 1032 605 1033 594 1033 602 1033 573 1034 600 1034 602 1034 592 1035 573 1035 594 1035 602 1036 594 1036 573 1036 602 1037 604 1037 605 1037 603 1038 502 1038 503 1038 503 1039 606 1039 603 1039 502 1040 599 1040 577 1040 502 1041 603 1041 599 1041 606 297 605 297 604 297 604 297 603 297 606 297 607 1042 594 1042 605 1042 605 192 606 192 607 192 608 1043 594 1043 596 1043 594 1044 597 1044 596 1044 608 1045 596 1045 595 1045 595 1046 609 1046 608 1046 594 1047 607 1047 598 1047 610 1048 609 1048 595 1048 595 1049 598 1049 610 1049 598 1050 597 1050 594 1050 598 1051 607 1051 610 1051 607 1052 606 1052 503 1052 503 1053 610 1053 607 1053 609 1054 610 1054 503 1054 503 1055 611 1055 609 1055 608 202 609 202 611 202 611 202 612 202 608 202 232 1056 215 1056 587 1056 215 1057 232 1057 219 1057 229 266 228 266 219 266 587 1058 613 1058 233 1058 233 1059 613 1059 243 1059 219 266 232 266 229 266 243 266 240 266 233 266 236 1060 233 1060 240 1060 587 266 233 266 232 266 219 1061 213 1061 215 1061 614 266 254 266 243 266 588 1062 615 1062 613 1062 243 1063 613 1063 614 1063 613 1064 587 1064 588 1064 616 1065 615 1065 608 1065 588 1066 594 1066 608 1066 608 1067 615 1067 588 1067 608 266 612 266 616 266 240 266 237 266 236 266 616 1068 617 1068 615 1068 613 1069 618 1069 614 1069 618 1070 619 1070 253 1070 619 1071 239 1071 253 1071 618 1072 254 1072 614 1072 253 1073 254 1073 618 1073 617 1074 612 1074 611 1074 616 1072 612 1072 617 1072 611 1075 620 1075 617 1075 611 1076 503 1076 620 1076 621 266 618 266 617 266 615 1077 617 1077 618 1077 618 1078 613 1078 615 1078 618 266 621 266 622 266 623 1079 619 1079 618 1079 618 1080 622 1080 623 1080 617 1081 620 1081 624 1081 624 1082 621 1082 617 1082 230 1083 159 1083 156 1083 623 1084 235 1084 239 1084 623 266 230 266 235 266 230 1085 177 1085 159 1085 239 1086 619 1086 623 1086 104 1087 151 1087 132 1087 623 266 177 266 230 266 234 266 235 266 230 266 156 1088 123 1088 212 1088 111 1089 104 1089 117 1089 104 1090 156 1090 151 1090 230 266 231 266 234 266 156 1091 104 1091 123 1091 182 1092 625 1092 624 1092 132 1093 117 1093 104 1093 152 266 151 266 156 266 156 1094 212 1094 230 1094 180 1095 178 1095 626 1095 624 1096 185 1096 182 1096 156 266 154 266 152 266 104 1097 114 1097 123 1097 626 1098 182 1098 180 1098 626 1099 178 1099 177 1099 503 1100 185 1100 624 1100 623 1101 627 1101 177 1101 177 1102 627 1102 626 1102 624 1103 620 1103 503 1103 117 1104 116 1104 111 1104 627 1105 625 1105 182 1105 182 1106 626 1106 627 1106 515 1107 513 1107 628 1107 513 1108 507 1108 629 1108 629 1109 628 1109 513 1109 506 1110 534 1110 629 1110 629 1111 507 1111 506 1111 628 1112 535 1112 515 1112 535 1113 630 1113 534 1113 629 1114 534 1114 630 1114 630 1115 535 1115 628 1115 628 1116 629 1116 630 1116 623 1117 622 1117 631 1117 621 1118 632 1118 631 1118 632 1119 621 1119 625 1119 631 1120 622 1120 621 1120 621 1121 624 1121 625 1121 631 1122 627 1122 623 1122 631 1123 633 1123 627 1123 633 1124 631 1124 632 1124 632 1125 625 1125 633 1125 625 1126 627 1126 633 1126 634 453 635 453 636 453 636 453 637 453 634 453 637 192 636 192 638 192 638 192 639 192 637 192 639 266 638 266 640 266 640 266 641 266 639 266 641 202 640 202 635 202 635 202 634 202 641 202 641 297 634 297 637 297 637 297 639 297 641 297 640 199 638 199 636 199 636 199 635 199 640 199 642 1127 648 1127 649 1127 645 1128 642 1128 644 1128 647 1129 645 1129 646 1129 648 1130 647 1130 649 1130 646 1131 649 1131 647 1131 644 1132 646 1132 645 1132 643 1133 644 1133 642 1133 649 1134 643 1134 642 1134 651 1135 652 1135 650 1135 651 1136 647 1136 652 1136 647 1137 653 1137 661 1137 648 1138 658 1138 653 1138 648 1139 654 1139 658 1139 661 1140 652 1140 647 1140 655 1141 654 1141 656 1141 662 1142 654 1142 642 1142 657 1143 656 1143 654 1143 657 1144 650 1144 656 1144 653 1145 647 1145 648 1145 651 1146 645 1146 647 1146 654 1147 660 1147 658 1147 660 1148 652 1148 661 1148 662 1149 657 1149 654 1149 648 1150 642 1150 654 1150 660 1151 661 1151 658 1151 651 1152 662 1152 645 1152 662 1153 642 1153 645 1153 652 1154 664 1154 650 1154 655 1155 656 1155 659 1155 664 1156 666 1156 650 1156 665 1157 655 1157 659 1157 650 1158 663 1158 651 1158 657 1159 663 1159 650 1159 666 1160 664 1160 665 1160 659 1161 666 1161 665 1161 667 1162 660 1162 654 1162 669 1163 655 1163 665 1163 665 1164 668 1164 669 1164 667 1165 654 1165 655 1165 655 1166 669 1166 667 1166 656 1167 650 1167 670 1167 659 1168 656 1168 671 1168 666 1169 659 1169 672 1169 650 1170 666 1170 673 1170 673 1171 670 1171 650 1171 672 1172 673 1172 666 1172 671 1173 672 1173 659 1173 670 1174 671 1174 656 1174 658 1175 661 1175 674 1175 653 1176 658 1176 675 1176 661 1177 653 1177 676 1177 676 1178 674 1178 661 1178 675 1179 676 1179 653 1179 674 1180 675 1180 658 1180 657 1181 662 1181 677 1181 663 1182 657 1182 678 1182 651 1183 663 1183 679 1183 662 1184 651 1184 679 1184 679 1185 677 1185 662 1185 678 1186 679 1186 663 1186 677 1187 678 1187 657 1187 667 1188 643 1188 675 1188 677 1189 644 1189 643 1189 643 1190 667 1190 677 1190 667 1191 675 1191 674 1191 667 1192 671 1192 678 1192 676 1193 643 1193 649 1193 677 1194 646 1194 644 1194 671 1195 670 1195 678 1195 671 1196 667 1196 669 1196 676 1197 675 1197 643 1197 677 1198 680 1198 646 1198 649 1199 680 1199 676 1199 667 1200 678 1200 677 1200 680 1201 649 1201 646 1201 669 1202 672 1202 671 1202 672 1203 669 1203 668 1203 668 1204 685 1204 673 1204 673 1205 685 1205 680 1205 673 1206 680 1206 679 1206 674 1207 676 1207 680 1207 670 1208 679 1208 678 1208 679 1209 670 1209 673 1209 680 1210 677 1210 679 1210 674 1211 680 1211 667 1211 673 1212 672 1212 668 1212 668 1213 665 1213 685 1213 665 1214 664 1214 685 1214 682 1215 681 1215 683 1215 652 1216 683 1216 681 1216 652 1217 681 1217 664 1217 685 1218 684 1218 680 1218 681 1219 684 1219 685 1219 664 1220 681 1220 685 1220 684 1221 681 1221 686 1221 688 1222 684 1222 686 1222 688 1223 686 1223 687 1223 689 1224 688 1224 687 1224 690 1225 689 1225 687 1225 687 1226 691 1226 690 1226 691 1227 692 1227 693 1227 693 1228 690 1228 691 1228 693 1229 692 1229 695 1229 692 1230 694 1230 695 1230 695 1231 694 1231 696 1231 697 1232 696 1232 694 1232 694 1233 698 1233 697 1233 700 1234 699 1234 698 1234 698 1235 694 1235 700 1235 694 1236 692 1236 700 1236 702 1237 693 1237 695 1237 701 1238 703 1238 702 1238 702 1239 695 1239 701 1239 680 1240 701 1240 698 1240 698 1241 683 1241 680 1241 704 1242 697 1242 701 1242 683 1243 652 1243 680 1243 697 1244 698 1244 701 1244 667 1245 680 1245 652 1245 652 1246 660 1246 667 1246 701 1247 705 1247 704 1247 704 1248 705 1248 706 1248 704 1249 706 1249 707 1249 707 1250 708 1250 704 1250 708 1251 707 1251 709 1251 709 1252 710 1252 708 1252 695 1253 710 1253 709 1253 695 1254 696 1254 710 1254 714 1255 697 1255 715 1255 715 1256 697 1256 722 1256 713 1257 704 1257 712 1257 704 1258 717 1258 725 1258 722 1259 718 1259 715 1259 704 1260 713 1260 711 1260 717 1195 719 1195 725 1195 712 1261 718 1261 713 1261 716 1262 704 1262 714 1262 714 1263 715 1263 716 1263 717 1264 704 1264 708 1264 708 1265 720 1265 717 1265 720 1266 708 1266 710 1266 718 1267 712 1267 721 1267 704 1268 711 1268 722 1268 716 1269 712 1269 704 1269 710 1270 696 1270 723 1270 723 1271 696 1271 697 1271 723 1272 697 1272 724 1272 722 1273 697 1273 704 1273 704 1274 725 1274 714 1274 697 1275 714 1275 724 1275 724 1276 725 1276 719 1276 723 1277 720 1277 710 1277 721 1278 715 1278 718 1278 719 1279 723 1279 724 1279 727 1280 701 1280 726 1280 727 1281 728 1281 701 1281 728 1282 729 1282 734 1282 729 1283 728 1283 730 1283 730 1284 731 1284 729 1284 734 1285 701 1285 728 1285 730 1286 706 1286 731 1286 737 1287 706 1287 732 1287 727 1288 733 1288 728 1288 707 1289 706 1289 735 1289 706 1290 730 1290 732 1290 706 1291 705 1291 731 1291 705 1292 701 1292 734 1292 736 1293 735 1293 706 1293 705 1294 734 1294 731 1294 727 1295 732 1295 733 1295 737 1296 736 1296 706 1296 727 1297 737 1297 732 1297 727 1298 726 1298 735 1298 701 1299 695 1299 726 1299 695 1300 740 1300 726 1300 709 1301 707 1301 738 1301 707 1302 735 1302 738 1302 735 1303 739 1303 727 1303 736 1304 739 1304 735 1304 740 1305 695 1305 709 1305 738 1306 740 1306 709 1306 732 1307 730 1307 712 1307 733 1308 732 1308 716 1308 728 1309 733 1309 715 1309 730 1310 728 1310 721 1310 721 1311 712 1311 730 1311 715 1312 721 1312 728 1312 716 1313 715 1313 733 1313 712 1314 716 1314 732 1314 738 1315 735 1315 717 1315 740 1316 738 1316 720 1316 726 1317 740 1317 723 1317 735 1318 726 1318 719 1318 723 1319 719 1319 726 1319 720 1320 723 1320 740 1320 717 1173 720 1173 738 1173 719 1321 717 1321 735 1321 731 1322 734 1322 711 1322 729 1323 731 1323 713 1323 734 1324 729 1324 718 1324 722 1325 711 1325 734 1325 718 1326 722 1326 734 1326 713 1327 718 1327 729 1327 711 1328 713 1328 731 1328 736 1329 737 1329 714 1329 739 1182 736 1182 725 1182 727 1330 739 1330 724 1330 737 1331 727 1331 724 1331 724 1332 714 1332 737 1332 725 1333 724 1333 739 1333 714 1334 725 1334 736 1334 836 1335 741 1335 744 1335 745 1336 742 1336 746 1336 748 1337 746 1337 749 1337 743 1338 749 1338 747 1338 747 1339 742 1339 743 1339 743 266 750 266 748 266 835 1340 752 1340 751 1340 753 1341 752 1341 748 1341 748 266 750 266 753 266 750 1342 693 1342 754 1342 752 1343 835 1343 748 1343 750 1344 754 1344 753 1344 751 1345 754 1345 693 1345 758 1346 756 1346 759 1346 759 1347 761 1347 760 1347 759 1348 756 1348 762 1348 763 1349 762 1349 756 1349 763 1350 756 1350 744 1350 744 1351 761 1351 763 1351 764 1352 765 1352 767 1352 768 1353 766 1353 769 1353 760 1354 770 1354 771 1354 773 1355 775 1355 772 1355 774 1356 772 1356 764 1356 775 1357 773 1357 776 1357 774 1358 773 1358 772 1358 767 1359 774 1359 764 1359 767 1360 775 1360 776 1360 680 1361 768 1361 828 1361 779 1362 840 1362 780 1362 771 1363 781 1363 782 1363 781 1364 771 1364 777 1364 840 1365 782 1365 780 1365 779 1366 781 1366 777 1366 782 1367 840 1367 771 1367 777 1368 778 1368 783 1368 783 1369 784 1369 786 1369 785 1370 703 1370 701 1370 786 1371 832 1371 701 1371 748 1372 788 1372 789 1372 789 1373 790 1373 746 1373 744 1374 790 1374 760 1374 770 1375 777 1375 771 1375 772 1376 778 1376 764 1376 787 1377 792 1377 791 1377 792 1378 787 1378 779 1378 779 1379 793 1379 792 1379 793 1380 779 1380 783 1380 786 1381 793 1381 783 1381 701 1382 791 1382 786 1382 680 1383 787 1383 791 1383 791 1384 701 1384 680 1384 772 266 775 266 795 266 775 1385 785 1385 796 1385 794 1386 829 1386 772 1386 797 1387 796 1387 785 1387 795 1388 794 1388 772 1388 794 1389 797 1389 829 1389 796 1390 795 1390 775 1390 797 1391 785 1391 829 1391 767 1392 765 1392 798 1392 702 1393 703 1393 800 1393 799 1394 765 1394 702 1394 800 1395 799 1395 702 1395 765 1396 799 1396 798 1396 703 1397 801 1397 800 1397 703 1398 767 1398 801 1398 767 1399 798 1399 801 1399 690 1400 742 1400 803 1400 689 1401 802 1401 804 1401 802 1402 689 1402 690 1402 804 1403 805 1403 745 1403 804 1404 745 1404 689 1404 803 1405 802 1405 690 1405 742 1406 805 1406 803 1406 805 1407 742 1407 745 1407 755 1408 688 1408 806 1408 807 1409 836 1409 744 1409 744 1410 755 1410 808 1410 808 1411 807 1411 744 1411 807 1412 809 1412 836 1412 806 1413 808 1413 755 1413 809 1414 806 1414 688 1414 809 1415 688 1415 836 1415 680 1416 684 1416 758 1416 758 1417 768 1417 680 1417 759 1418 810 1418 758 1418 759 1419 766 1419 810 1419 768 1420 810 1420 766 1420 771 1421 812 1421 811 1421 771 1422 841 1422 812 1422 811 1423 826 1423 771 1423 841 1424 813 1424 812 1424 811 1425 814 1425 826 1425 814 1426 680 1426 826 1426 680 1427 814 1427 813 1427 841 1428 680 1428 813 1428 772 1429 829 1429 815 1429 829 1430 784 1430 815 1430 815 1431 816 1431 772 1431 816 1432 778 1432 772 1432 816 1433 783 1433 778 1433 817 1434 757 1434 765 1434 748 1435 835 1435 818 1435 835 1436 757 1436 818 1436 764 1437 819 1437 765 1437 764 1438 748 1438 819 1438 748 1439 818 1439 819 1439 820 1440 741 1440 745 1440 790 1441 744 1441 821 1441 790 1442 821 1442 745 1442 744 1443 822 1443 821 1443 744 1444 741 1444 822 1444 820 1445 822 1445 741 1445 823 1446 769 1446 766 1446 771 1447 769 1447 824 1447 760 1448 771 1448 825 1448 824 1449 825 1449 771 1449 760 1450 825 1450 766 1450 769 1451 823 1451 824 1451 680 1452 827 1452 826 1452 827 1453 680 1453 828 1453 828 1454 768 1454 769 1454 785 1455 701 1455 829 1455 701 1456 830 1456 829 1456 830 1457 701 1457 832 1457 784 1458 831 1458 832 1458 784 1459 829 1459 831 1459 832 1460 786 1460 784 1460 702 1461 833 1461 834 1461 834 1462 693 1462 702 1462 834 1463 835 1463 693 1463 702 1464 757 1464 833 1464 688 1465 837 1465 836 1465 689 1466 838 1466 837 1466 837 1467 688 1467 689 1467 689 1468 741 1468 838 1468 779 1469 787 1469 840 1469 680 1470 841 1470 839 1470 842 1471 767 1471 703 1471 690 1472 693 1472 843 1472 844 1473 843 1473 693 1473 693 1474 750 1474 844 1474 690 1475 843 1475 743 1475 845 1476 756 1476 758 1476 846 1477 684 1477 688 1477 755 1478 846 1478 688 1478 846 1479 845 1479 684 1479 845 1480 758 1480 684 1480 842 1481 775 1481 767 1481 839 1482 787 1482 680 1482 817 1483 818 1483 757 1483 743 1484 742 1484 690 1484 745 1485 741 1485 689 1485 783 1486 779 1486 777 1486 840 1487 841 1487 771 1487 771 1488 826 1488 769 1488 760 1489 766 1489 759 1489 702 1490 765 1490 757 1490 764 1491 788 1491 748 1491 761 1492 744 1492 760 1492 748 1493 789 1493 746 1493 744 1494 756 1494 755 1494 751 1495 693 1495 835 1495 749 1496 743 1496 748 1496 746 1497 790 1497 745 1497 848 1498 847 1498 793 1498 849 1499 848 1499 786 1499 850 1500 849 1500 791 1500 847 1501 850 1501 792 1501 792 1502 793 1502 847 1502 791 1503 792 1503 850 1503 786 1504 791 1504 849 1504 793 1505 786 1505 848 1505 852 1506 851 1506 796 1506 853 1507 852 1507 797 1507 854 1508 853 1508 794 1508 851 1509 854 1509 794 1509 794 1510 795 1510 851 1510 797 1511 794 1511 853 1511 796 1512 797 1512 852 1512 795 1513 796 1513 851 1513 856 1514 855 1514 799 1514 857 1515 856 1515 800 1515 858 1516 857 1516 801 1516 855 1517 858 1517 798 1517 798 1518 799 1518 855 1518 801 1519 798 1519 858 1519 800 1520 801 1520 857 1520 799 1521 800 1521 856 1521 860 1522 859 1522 751 1522 861 1523 860 1523 752 1523 862 1524 861 1524 752 1524 859 1525 862 1525 754 1525 753 1526 754 1526 862 1526 752 1527 753 1527 862 1527 751 1528 752 1528 860 1528 754 1529 751 1529 859 1529 863 1530 866 1530 802 1530 864 1531 863 1531 803 1531 865 1532 864 1532 805 1532 866 1533 865 1533 804 1533 804 1534 802 1534 866 1534 805 1535 804 1535 865 1535 803 1536 805 1536 864 1536 802 1537 803 1537 863 1537 867 1538 870 1538 809 1538 868 1539 867 1539 807 1539 869 1540 868 1540 806 1540 870 1541 869 1541 806 1541 806 1542 809 1542 870 1542 808 1543 806 1543 868 1543 807 1544 808 1544 868 1544 809 1545 807 1545 867 1545 871 1546 874 1546 810 1546 872 1547 871 1547 810 1547 873 1548 872 1548 768 1548 874 1549 873 1549 758 1549 768 1550 758 1550 873 1550 810 1551 768 1551 872 1551 758 1552 810 1552 874 1552 876 1553 875 1553 811 1553 877 1554 876 1554 813 1554 878 1555 877 1555 814 1555 875 1556 878 1556 811 1556 814 1557 811 1557 878 1557 813 1558 814 1558 877 1558 812 1559 813 1559 876 1559 811 1560 812 1560 876 1560 815 1561 784 1561 879 1561 816 1562 815 1562 880 1562 783 1563 816 1563 881 1563 784 1564 783 1564 882 1564 881 1565 882 1565 783 1565 880 1566 881 1566 816 1566 879 1567 880 1567 815 1567 882 1568 879 1568 784 1568 818 1569 817 1569 883 1569 819 1570 818 1570 884 1570 765 1571 819 1571 885 1571 817 1572 765 1572 886 1572 885 1573 886 1573 765 1573 884 1574 885 1574 819 1574 883 1575 884 1575 818 1575 886 1576 883 1576 817 1576 822 1577 820 1577 887 1577 821 1578 822 1578 888 1578 745 1579 821 1579 889 1579 820 1580 745 1580 890 1580 889 1581 890 1581 745 1581 888 1582 889 1582 821 1582 887 1583 888 1583 822 1583 890 1584 887 1584 820 1584 824 1585 823 1585 891 1585 825 1586 824 1586 892 1586 766 1587 825 1587 893 1587 823 1588 766 1588 894 1588 893 1589 894 1589 766 1589 892 1590 893 1590 825 1590 891 1591 892 1591 824 1591 894 1592 891 1592 823 1592 787 1593 839 1593 895 1593 840 1594 787 1594 896 1594 841 1595 840 1595 897 1595 839 1596 841 1596 898 1596 898 1597 895 1597 839 1597 897 1598 898 1598 841 1598 896 1599 897 1599 840 1599 895 1600 896 1600 787 1600 842 1601 703 1601 900 1601 775 1602 842 1602 901 1602 785 1603 775 1603 902 1603 703 1604 785 1604 899 1604 902 1605 899 1605 785 1605 901 1606 902 1606 775 1606 900 1607 901 1607 842 1607 899 1608 900 1608 703 1608 743 1609 843 1609 904 1609 750 1610 743 1610 905 1610 844 1611 750 1611 906 1611 843 1612 844 1612 903 1612 906 1613 903 1613 844 1613 905 1614 906 1614 750 1614 904 1615 905 1615 743 1615 903 1616 904 1616 843 1616 756 1617 845 1617 908 1617 755 1618 756 1618 909 1618 846 1619 755 1619 910 1619 845 1620 846 1620 907 1620 910 1621 907 1621 846 1621 909 1622 910 1622 755 1622 908 1623 909 1623 756 1623 907 1624 908 1624 845 1624 911 1625 912 1625 764 1625 913 1626 911 1626 764 1626 913 1627 764 1627 778 1627 914 1628 913 1628 778 1628 915 1629 914 1629 777 1629 916 1630 915 1630 760 1630 917 1631 916 1631 790 1631 789 1632 918 1632 917 1632 912 1633 918 1633 788 1633 788 1634 764 1634 912 1634 789 1635 788 1635 918 1635 790 1636 789 1636 917 1636 760 1637 790 1637 916 1637 770 1638 760 1638 915 1638 777 1639 770 1639 915 1639 778 1640 777 1640 914 1640 919 1641 922 1641 780 1641 920 1642 919 1642 782 1642 921 1643 920 1643 782 1643 922 1644 921 1644 781 1644 779 1645 780 1645 922 1645 781 1646 779 1646 922 1646 782 1647 781 1647 921 1647 780 1648 782 1648 919 1648 923 1649 926 1649 776 1649 924 1650 923 1650 773 1650 925 1651 924 1651 773 1651 926 1652 925 1652 774 1652 767 1653 776 1653 926 1653 774 1654 767 1654 926 1654 773 1655 774 1655 925 1655 776 1656 773 1656 923 1656 927 1657 931 1657 747 1657 928 1658 927 1658 747 1658 929 1659 928 1659 749 1659 930 1660 929 1660 746 1660 931 1661 930 1661 742 1661 742 1662 747 1662 931 1662 746 1663 742 1663 930 1663 749 1664 746 1664 929 1664 747 1665 749 1665 928 1665 932 1666 935 1666 762 1666 933 1667 932 1667 763 1667 934 1668 933 1668 763 1668 935 1669 934 1669 761 1669 759 1670 762 1670 935 1670 761 1671 759 1671 935 1671 763 1672 761 1672 934 1672 762 1673 763 1673 932 1673 937 1674 936 1674 826 1674 938 1675 937 1675 827 1675 939 1676 938 1676 828 1676 940 1677 939 1677 769 1677 936 1678 940 1678 826 1678 769 1679 826 1679 940 1679 828 1680 769 1680 939 1680 827 1681 828 1681 938 1681 826 1682 827 1682 937 1682 942 1683 941 1683 829 1683 943 1684 942 1684 830 1684 944 1685 943 1685 832 1685 945 1686 944 1686 831 1686 946 1687 945 1687 831 1687 941 1688 946 1688 829 1688 831 1689 829 1689 946 1689 832 1690 831 1690 944 1690 830 1691 832 1691 943 1691 829 1692 830 1692 942 1692 948 1693 947 1693 835 1693 949 1694 948 1694 834 1694 950 1695 949 1695 833 1695 951 1696 950 1696 757 1696 947 1697 951 1697 835 1697 757 1698 835 1698 951 1698 833 1699 757 1699 950 1699 834 1700 833 1700 949 1700 835 1701 834 1701 948 1701 895 1702 683 1702 698 1702 848 1703 849 1703 882 1703 849 1704 850 1704 895 1704 847 1705 895 1705 850 1705 882 1706 847 1706 848 1706 921 1707 847 1707 882 1707 892 1708 876 1708 919 1708 914 1709 921 1709 881 1709 891 1710 875 1710 892 1710 872 1711 938 1711 894 1711 935 1712 874 1712 871 1712 894 1713 871 1713 872 1713 935 1714 682 1714 874 1714 872 1715 873 1715 938 1715 871 1716 894 1716 935 1716 682 1717 873 1717 874 1717 935 1718 894 1718 893 1718 934 1719 893 1719 915 1719 885 1720 911 1720 858 1720 700 1721 855 1721 856 1721 856 1722 699 1722 700 1722 700 1723 885 1723 855 1723 857 1724 858 1724 699 1724 885 1725 858 1725 855 1725 856 1726 857 1726 699 1726 934 1727 915 1727 916 1727 886 1728 885 1728 700 1728 933 1729 934 1729 916 1729 917 1730 889 1730 888 1730 917 1731 890 1731 889 1731 888 1732 933 1732 917 1732 888 1733 887 1733 933 1733 953 1734 887 1734 890 1734 890 1735 917 1735 930 1735 918 1736 861 1736 862 1736 951 1737 859 1737 860 1737 918 1738 951 1738 861 1738 860 1739 861 1739 951 1739 905 1740 862 1740 859 1740 691 1741 687 1741 866 1741 863 1742 931 1742 691 1742 866 1743 863 1743 691 1743 931 1744 863 1744 864 1744 687 1745 890 1745 865 1745 890 1746 931 1746 864 1746 890 1747 864 1747 865 1747 865 1748 866 1748 687 1748 952 1749 901 1749 852 1749 880 1750 854 1750 851 1750 851 1751 852 1751 901 1751 851 1752 901 1752 880 1752 946 1753 952 1753 853 1753 852 1754 853 1754 952 1754 909 1755 868 1755 869 1755 869 1756 870 1756 909 1756 933 1757 867 1757 868 1757 933 1758 953 1758 867 1758 867 1759 953 1759 870 1759 875 1760 876 1760 892 1760 876 1761 877 1761 897 1761 917 1762 933 1762 916 1762 917 1763 918 1763 930 1763 911 1764 885 1764 912 1764 881 1765 913 1765 914 1765 914 1766 915 1766 892 1766 897 1767 922 1767 919 1767 922 1768 897 1768 847 1768 847 1769 921 1769 922 1769 914 1770 892 1770 920 1770 920 1771 921 1771 914 1771 919 1772 920 1772 892 1772 901 1773 926 1773 923 1773 926 1774 901 1774 858 1774 911 1775 880 1775 925 1775 880 1776 924 1776 925 1776 880 1777 901 1777 923 1777 911 1778 925 1778 926 1778 923 1779 924 1779 880 1779 926 1780 858 1780 911 1780 905 1781 931 1781 927 1781 918 1782 905 1782 928 1782 918 1783 928 1783 929 1783 927 1784 928 1784 905 1784 868 1785 909 1785 932 1785 935 1786 932 1786 909 1786 932 1787 933 1787 868 1787 882 1788 946 1788 879 1788 879 1789 946 1789 854 1789 913 1790 881 1790 880 1790 854 1791 880 1791 879 1791 918 1792 884 1792 883 1792 886 1793 951 1793 883 1793 883 1794 951 1794 918 1794 891 1795 894 1795 940 1795 915 1796 893 1796 892 1796 936 1797 683 1797 878 1797 936 1798 937 1798 683 1798 878 1799 940 1799 936 1799 682 1800 683 1800 938 1800 894 1801 938 1801 939 1801 941 1802 698 1802 952 1802 941 1803 942 1803 698 1803 952 1804 946 1804 941 1804 882 1805 849 1805 944 1805 849 1806 943 1806 944 1806 945 1807 946 1807 882 1807 944 1808 945 1808 882 1808 950 1809 951 1809 886 1809 700 1810 692 1810 948 1810 947 1811 692 1811 859 1811 859 1812 951 1812 947 1812 947 1813 948 1813 692 1813 886 1814 700 1814 949 1814 949 1815 950 1815 886 1815 687 1816 870 1816 954 1816 954 1817 955 1817 687 1817 870 1818 953 1818 954 1818 955 1819 956 1819 687 1819 890 1820 687 1820 957 1820 890 1821 957 1821 953 1821 847 1822 897 1822 896 1822 896 1823 895 1823 847 1823 877 1824 683 1824 898 1824 897 1825 877 1825 898 1825 895 1826 898 1826 683 1826 900 1827 699 1827 858 1827 901 1828 900 1828 858 1828 699 1829 900 1829 899 1829 952 1830 699 1830 902 1830 899 1831 902 1831 699 1831 952 1832 902 1832 901 1832 931 1833 905 1833 904 1833 691 1834 904 1834 903 1834 904 1835 691 1835 931 1835 859 1836 692 1836 906 1836 692 1837 691 1837 903 1837 692 1838 903 1838 906 1838 905 1839 859 1839 906 1839 935 1840 909 1840 908 1840 682 1841 908 1841 907 1841 908 1842 682 1842 935 1842 870 1843 686 1843 910 1843 909 1844 870 1844 910 1844 686 1845 907 1845 910 1845 956 1846 957 1846 687 1846 948 1847 949 1847 700 1847 943 1848 849 1848 698 1848 942 1849 943 1849 698 1849 939 1850 940 1850 894 1850 937 1851 938 1851 683 1851 913 1852 880 1852 911 1852 885 1853 918 1853 912 1853 918 1854 885 1854 884 1854 918 1855 929 1855 930 1855 878 1856 875 1856 940 1856 853 1857 854 1857 946 1857 686 1858 681 1858 682 1858 870 1859 687 1859 686 1859 862 1860 905 1860 918 1860 930 1861 931 1861 890 1861 887 1862 953 1862 933 1862 907 1863 686 1863 682 1863 893 1864 934 1864 935 1864 873 1865 682 1865 938 1865 875 1866 891 1866 940 1866 882 1867 881 1867 921 1867 897 1868 919 1868 876 1868 698 1869 699 1869 952 1869 683 1870 877 1870 878 1870 698 1871 849 1871 895 1871 955 1872 954 1872 836 1872 956 1873 955 1873 837 1873 957 1874 956 1874 838 1874 953 1875 957 1875 741 1875 954 1876 953 1876 836 1876 741 1877 836 1877 953 1877 838 1878 741 1878 957 1878 837 1879 838 1879 956 1879 836 1880 837 1880 955 1880</p>
        </triangles>
      </mesh>
    </geometry>
  </library_geometries>
  <library_visual_scenes>
    <visual_scene id="Scene" name="Scene">
      <node id="Link05" name="Link05" type="NODE">
        <matrix sid="transform">1 0 0 0 0 1 0 0 0 0 1 0 0 0 0 1</matrix>
        <instance_geometry url="#Link05-mesh" name="Link05"/>
      </node>
    </visual_scene>
  </library_visual_scenes>
  <scene>
    <instance_visual_scene url="#Scene"/>
  </scene>
</COLLADA>