<?xml version="1.0" encoding="utf-8"?>
<COLLADA xmlns="http://www.collada.org/2005/11/COLLADASchema" version="1.4.1" xmlns:xsi="http://www.w3.org/2001/XMLSchema-instance">
  <asset>
    <contributor>
      <author>Blender User</author>
      <authoring_tool>Blender 2.90.1 commit date:2020-09-23, commit time:06:43, hash:3e85bb34d0d7</authoring_tool>
    </contributor>
    <created>2020-10-05T21:35:33</created>
    <modified>2020-10-05T21:35:33</modified>
    <unit name="meter" meter="1"/>
    <up_axis>Z_UP</up_axis>
  </asset>
  <library_images/>
  <library_geometries>
    <geometry id="Link05-mesh" name="Link05">
      <mesh>
        <source id="Link05-mesh-positions">
          <float_array id="Link05-mesh-positions-array" count="4974">0.006554722 0.01979994 0.02241295 0.008587002 0.01979994 0.02355474 0.007775068 0.01979994 0.02258062 0.005454361 0.01979994 0.02342736 0.005538642 0.01979994 0.02469265 0.00622487 0.01979994 0.02541935 0.007207155 0.01979994 0.02560383 0.008292973 0.01979994 0.0250222 0.005412936 0.02199995 0.02355474 0.005580604 0.02199995 0.02477508 0.006554722 0.02199995 0.02558696 0.007775068 0.02199995 0.02541935 0.008587002 0.02199995 0.02444517 0.008292973 0.02199995 0.02297776 0.007207155 0.02199995 0.02239608 0.00622487 0.02199995 0.02258062 0.009775876 0.02199995 0.02106052 0.007517993 0.02199995 0.01999026 0.008937716 0.02199995 0.02754837 0.01065337 0.02199995 0.02573168 0.01097351 0.02199995 0.02325356 0.005763888 0.02199995 0.02019572 0.004060566 0.02199995 0.02122408 0.003195762 0.02199995 0.0227639 0.003026425 0.02199995 0.02474635 0.004224061 0.02199995 0.02693939 0.006481945 0.02199995 0.02800965 0.01100969 0.01979994 0.02348196 0.009939432 0.01979994 0.02122408 0.00823605 0.01979994 0.02019572 0.006481945 0.01979994 0.01999026 0.004224061 0.01979994 0.02106052 0.003026425 0.01979994 0.02325356 0.003346621 0.01979994 0.02573168 0.005062222 0.01979994 0.02754837 0.007517993 0.01979994 0.02800965 0.009775876 0.01979994 0.02693939 0.01080417 0.01979994 0.02523607 0.006352424 0.01979994 0.02901208 0.008545041 0.01979994 0.02875524 0.01067423 0.01979994 0.02746987 0.01175528 0.01979994 0.02554506 0.006066977 0.01979994 0.01903307 0.0033257 0.01979994 0.02053004 0.01196688 0.01979994 0.02306699 0.01046985 0.01979994 0.02032566 0.001987874 0.01979994 0.02335244 0.00224471 0.01979994 0.02554506 0.008545041 0.01979994 0.01924467 0.003530085 0.01979994 0.02767425 0.002033054 0.01949995 0.02306699 0.003530085 0.01949995 0.02032566 0.006352424 0.01949995 0.01898783 0.008545041 0.01949995 0.01924467 0.01067423 0.01949995 0.02053004 0.01201212 0.01949995 0.02335244 0.01175528 0.01949995 0.02554506 0.01046985 0.01949995 0.02767425 0.008545041 0.01949995 0.02875524 0.006066977 0.01949995 0.0289669 0.0033257 0.01949995 0.02746987 0.00224471 0.01949995 0.02554506 0.008067309 0.01949995 0.03142362 0.01011556 0.01949995 0.03082221 0.005932629 0.01949995 0.03142362 0.01191145 0.01949995 0.02966809 0.01330935 0.01949995 0.02805477 0.003884375 0.01949995 0.01717776 0.002088487 0.01949995 0.01833188 6.90598e-4 0.01949995 0.01994514 0.01419615 0.01949995 0.02611297 0.01449996 0.01949995 0.02399998 0.01419615 0.01949995 0.021887 0.01191145 0.01949995 0.01833188 0.01011556 0.01949995 0.01717776 0.008067309 0.01949995 0.01657629 -1.96197e-4 0.01949995 0.021887 -5e-4 0.01949995 0.02399998 6.90598e-4 0.01949995 0.02805477 0.002088487 0.01949995 0.02966809 0.003884375 0.01949995 0.03082221 0.01330935 0.01949995 0.01994514 0.005932629 0.01949995 0.01657629 -1.96197e-4 0.01949995 0.02611297 -5e-4 0.0205 0.02399998 -1.96197e-4 0.0205 0.02611297 6.90598e-4 0.0205 0.02805477 0.002088487 0.0205 0.02966809 0.003884375 0.0205 0.03082221 0.005932629 0.0205 0.03142362 0.008067309 0.0205 0.03142362 0.01011556 0.0205 0.03082221 0.01191145 0.0205 0.02966809 0.01330935 0.0205 0.02805477 0.01419615 0.0205 0.02611297 0.01449996 0.0205 0.02399998 0.01419615 0.0205 0.021887 0.01330935 0.0205 0.01994514 0.01191145 0.0205 0.01833188 0.01011556 0.0205 0.01717776 0.008067309 0.0205 0.01657629 0.005932629 0.0205 0.01657629 0.003884375 0.0205 0.01717776 0.002088487 0.0205 0.01833188 6.90598e-4 0.0205 0.01994514 -1.96197e-4 0.0205 0.021887 -0.03449243 0.02044773 0.03180062 -0.03101205 0.02045434 0.03242188 0.01360028 0.02047693 0.01386946 -0.02881729 0.02044588 0.01050782 -0.02935278 0.02047544 0.01433366 -0.02926993 0.02045172 0.03411531 0.01334261 0.02044618 0.03748214 0.01382148 0.02046543 0.03384697 -0.03422802 0.020433 0.01586186 -0.02891486 0.02047854 0.03717523 0.0171315 0.02046525 0.01629495 0.01633119 0.02049708 0.03179031 0.01343435 0.0204665 0.01078569 -0.03000324 0.02029526 0.03362953 -0.03186768 0.02038609 0.03231078 -0.0298857 0.01992559 0.03498673 -0.03037595 0.0199182 0.03388172 -0.03122174 0.01966309 0.03341543 -0.03202241 0.01991021 0.03288841 -0.03016179 0.01928466 0.0350486 -0.03061258 0.01928573 0.03403252 -0.03205966 0.01930129 0.03315895 -0.03140836 0.02044618 0.01575052 -0.03004705 0.02029526 0.01442754 -0.02931076 0.02038609 0.01313227 -0.03198671 0.01992559 0.01511424 -0.0313338 0.01966309 0.01464921 -0.03038716 0.0199182 0.01413279 -0.02988839 0.01991021 0.01297754 -0.03204858 0.01928466 0.01483815 -0.03059405 0.01928573 0.01394331 -0.03015893 0.01930129 0.01294034 0.01459354 0.02034956 0.01459121 0.01728081 0.02028453 0.01572746 0.01427698 0.02007901 0.01307398 0.01587307 0.0200622 0.01502358 0.01499527 0.01986366 0.01423317 0.01781624 0.01987683 0.01536303 0.01466119 0.0193265 0.01298254 0.01518869 0.01932573 0.01407635 0.01632028 0.0193904 0.01482039 0.01788556 0.01908826 0.01488703 0.01408034 0.02017349 0.01073896 0.01443177 0.01970595 0.01055955 0.01463454 0.0192753 0.01098299 0.01390743 0.02005004 0.01021677 0.01328384 0.02030622 0.01023846 0.01354467 0.01983296 0.009788632 0.01319229 0.01935595 0.00952965 0.01462084 0.01880264 0.01022607 0.01631844 0.01700013 0.0148015 0.01477622 0.0169999 0.01351076 0.01856315 0.01983278 0.0160402 0.0197128 0.01840305 0.01605284 0.01995134 0.01699626 0.01573145 0.01874274 0.01927608 0.01542317 0.01947247 0.01822608 0.0154134 0.01890689 0.01794999 0.01494717 0.01895928 0.01699995 0.01490187 0.01424592 0.01900857 0.00974965 0.0138269 0.01888817 0.009519696 0.01388049 0.01700001 0.00952208 0.0145415 0.01700001 0.009949147 -0.02905189 0.01982915 0.009776294 -0.02866637 0.01929378 0.00951898 -0.02941274 0.0203076 0.01087617 -0.02986103 0.01983314 0.01060485 -0.03012388 0.01934504 0.01095604 -0.0301795 0.01699995 0.01294726 -0.03065603 0.01699995 0.01398533 -0.03182035 0.01699995 0.01478809 -0.03434932 0.01985973 0.01513636 -0.0340169 0.01927584 0.01486545 -0.03478318 0.02005004 0.01559251 -0.03476297 0.02030754 0.01622611 -0.03521126 0.01983296 0.01595526 -0.03547394 0.0193448 0.0163058 -0.03468567 0.01883155 0.01486831 -0.03512239 0.01917225 0.01518487 -0.03531461 0.01869606 0.01525193 -0.03548556 0.0189718 0.0157749 -0.03549546 0.01700001 0.01567375 -0.0350508 0.01700001 0.01495844 -0.03521716 0.01983463 0.03205388 -0.03548431 0.01928162 0.03166162 -0.03412377 0.0203076 0.03241276 -0.03438574 0.01986092 0.03284776 -0.03404623 0.01935231 0.03312283 -0.03175085 0.01699995 0.03322184 -0.03026819 0.01699995 0.0345385 -0.0295912 0.02016049 0.03727108 -0.02993315 0.01969933 0.03744626 -0.03013449 0.01927584 0.03701692 -0.03475415 0.02005314 0.03243523 -0.03546792 0.01884943 0.03241711 -0.0353915 0.01700001 0.03270083 -0.03467082 0.01888358 0.03313279 -0.03473049 0.01700001 0.03312784 -0.03509593 0.01900863 0.03290027 -0.02940744 0.02005004 0.03778314 -0.02878385 0.02030622 0.03776144 -0.02904468 0.01983296 0.03821128 -0.02869325 0.01934999 0.03847223 -0.03012084 0.01880264 0.03777384 -0.02974593 0.01900857 0.03825026 -0.02932691 0.01888817 0.03848028 -0.02932757 0.01700001 0.038495 -0.03004151 0.01700001 0.03805083 0.01355385 0.01983463 0.03821718 0.01316136 0.01928573 0.0384832 0.01386123 0.02035576 0.03498512 0.01438277 0.0199033 0.0350663 0.01435083 0.01985889 0.03738337 0.01464611 0.01932585 0.03509342 0.01462352 0.01934301 0.03704756 0.01400935 0.02020233 0.03748649 0 0.01699995 0.03849995 0.01391708 0.01884943 0.03846788 0.0142008 0.01700001 0.03839153 0.01440024 0.01900863 0.03809589 0.01463276 0.01888358 0.03767085 0.01462781 0.01700001 0.03773045 0.01467806 0.01700001 0.03506177 0.0155524 0.02035129 0.03266233 0.01470392 0.02007019 0.0339083 0.01589721 0.01988834 0.03306406 0.01643234 0.01937478 0.03316986 0.01570445 0.01932877 0.03350007 0.01503682 0.01934278 0.03411632 0.0173034 0.02038449 0.03200191 0.01514422 0.01699995 0.03402948 0.01633924 0.01700013 0.03319668 0.01804786 0.01919257 0.03301954 0.0172466 0.02001184 0.03269541 0.01859295 0.0180518 0.0331273 0.01933485 0.01699995 0.03298938 0.01934057 0.01822179 0.03273046 0.01843833 0.01955652 0.0325722 0.01819509 0.02003604 0.03197002 0.01929628 0.01909863 0.03200095 0.01985639 0.0178734 0.03199547 0.01998525 0.01699805 0.03193223 -0.02943319 0.02005004 0.01024252 -0.02932792 0.01699995 0.009505033 -0.02942758 0.01880604 0.009531199 0 0.01699995 0.009499967 -0.03013271 0.01888328 0.01032894 -0.02990025 0.01900857 0.009904026 -0.03004735 0.01700001 0.009955465 0.01998126 -0.01499998 0.03691047 0.01998567 -0.01499998 0.01114159 0.0199843 -0.01700001 0.03730088 0.01997232 0.01499998 0.01106601 0.01997506 0.01499998 0.03689146 0.01997828 0.01699995 0.009704649 0.01997828 -0.01499998 0.009704649 0.0199843 -0.01700001 0.01069909 0.01995897 -0.01883614 0.03728735 0.01994884 -0.01887667 0.01070588 0.01993829 -0.01699995 0.009481132 0.01993829 0.01499998 0.009481132 0.01954388 -0.01499998 0.008744776 0.01937478 -0.01699995 0.008584976 0.0193932 0.01699995 0.03939265 0.01984179 0.01499998 0.03891623 0.01995456 0.01699995 0.03847932 0.01946967 -0.01499998 0.01011198 0.01938796 0.01499998 0.01003026 0.01839852 -0.01499998 0.009514093 0.018417 0.01499998 0.009533166 0.01497495 -0.01499998 0.005582988 0.01497495 -0.01499998 0.009499967 0.01497495 -0.01249998 0.009499967 0.01497495 -0.01249998 0.005582988 0.01940506 -0.01499998 0.03937828 0.01984179 -0.01699995 0.03891623 0.01995456 -0.01499998 0.03847932 0.01839852 0.01499998 0.03848588 0.01841706 -0.01499998 0.03846681 0.01938796 -0.01499998 0.0379697 0.01946967 0.01499998 0.03788793 0.01497495 0.01499998 0.04241698 0.01497495 0.01499998 0.03849995 0.01497495 -0.01499998 0.04241698 0.01497495 -0.01499998 0.03849995 0.01497495 -0.01249998 0.03849995 0.01497495 -0.01249998 0.04241698 0.01951014 0.01699995 0.008693635 0.01940506 0.01499998 0.008621692 0.01497495 0.01499998 0.005582988 0.01497495 0.01499998 0.009499967 0.01497495 0.01249998 0.009499967 0.01497495 0.01249998 0.005582988 0.01497495 0.01249998 0.03849995 0.01497495 0.01249998 0.04241698 0.013475 -0.01249998 0.004562973 0.013475 -0.01249998 0.008128941 0.01099997 -0.01249998 0.009534716 0.01346522 -0.01449996 0.004546165 0.013475 -0.01449996 0.008128941 0.01244455 -0.01699995 0.003938794 0.01224416 -0.01449996 0.003967106 0.013475 -0.01249998 0.03987103 0.01099997 -0.01249998 0.03846526 0.013475 -0.01249998 0.043437 0.01347225 -0.01449996 0.04344683 0.013475 -0.01449996 0.03987103 0.0125361 -0.01699995 0.04402476 0.01229029 -0.01449996 0.04402822 0.01099997 -0.01449996 0.03844207 0.01241838 -0.01449996 0.04145807 0.01148313 -0.01449996 0.04260408 0.008524954 -0.01449996 0.04409998 0.01003831 -0.01449996 0.04235458 0.009646713 -0.01449996 0.04112517 0.01177102 -0.01449996 0.04014253 0.008524954 -0.01449996 0.03987103 0.01000791 -0.01449996 0.04036313 0.01074808 -0.01449996 0.03995889 0.01105648 -0.01699995 0.03991037 0.01199203 -0.01699995 0.04036313 0.01235324 -0.01699995 0.04112517 0.01196163 -0.01699995 0.04235458 0.01051682 -0.01699995 0.04260408 0.009581565 -0.01699995 0.04145807 0.01006311 -0.01699995 0.04030793 0.008524954 -0.01249998 0.03987103 0.008524954 -0.01249998 0.04409998 0.007024943 -0.01249998 0.04409998 0.007024943 -0.01249998 0.03849995 0.007024943 -0.01499998 0.03849995 0.007024943 -0.01499998 0.04409998 -0.007024943 -0.01499998 0.03849995 -0.007024943 -0.01499998 0.04409998 -0.007024943 -0.01249998 0.03849995 -0.007024943 -0.01249998 0.04409998 -0.008524954 -0.01249998 0.03987103 -0.01099997 -0.01249998 0.03846526 -0.008524954 -0.01249998 0.04409998 -0.008524954 -0.01449996 0.04409998 -0.008524954 -0.01449996 0.03987103 -0.01099997 -0.01449996 0.03844207 -0.013475 -0.01449996 0.03987103 -0.01199203 -0.01449996 0.04036313 -0.01235324 -0.01449996 0.04112517 -0.013475 -0.01449996 0.04409998 -0.009581565 -0.01449996 0.04145807 -0.01196163 -0.01449996 0.04235458 -0.01051682 -0.01449996 0.04260408 -0.01006311 -0.01449996 0.04030793 -0.01105648 -0.01449996 0.03991037 -0.01074808 -0.01699995 0.03995889 -0.01000791 -0.01699995 0.04036313 -0.009646713 -0.01699995 0.04112517 -0.01003831 -0.01699995 0.04235458 -0.01148313 -0.01699995 0.04260408 -0.01241838 -0.01699995 0.04145807 -0.01177102 -0.01699995 0.04014253 -0.013475 -0.01249998 0.03987103 -0.013475 -0.01249998 0.04409998 -0.01497495 -0.01249998 0.04409998 -0.01497495 -0.01249998 0.03849995 -0.01497495 -0.01499998 0.03849995 -0.01497495 -0.01499998 0.04409998 -0.02902495 -0.01499998 0.03849995 -0.02902495 -0.01499998 0.04409998 -0.02877497 -0.01249998 0.03849995 -0.02902495 -0.01249998 0.04409998 -0.03052496 -0.01249998 0.03987103 -0.03301376 -0.01249998 0.03848761 -0.03052496 -0.01249998 0.04409998 -0.03052496 -0.01449996 0.04409998 -0.03052496 -0.01449996 0.03987103 -0.03353905 -0.01699995 0.04403591 -0.02199995 -0.01699995 0.04409998 0 -0.01699995 0.04409998 -0.03356879 -0.01449996 0.04399877 -0.03299999 -0.01449996 0.03844207 -0.03305649 -0.01449996 0.03991037 -0.03206312 -0.01449996 0.04030793 -0.03547495 -0.01449996 0.03987103 -0.03213745 -0.01449996 0.04239094 -0.03161036 -0.01449996 0.04124349 -0.03430008 -0.01449996 0.04071128 -0.03547495 -0.01449996 0.04282498 -0.03419756 -0.01449996 0.04195398 -0.03337562 -0.01449996 0.04263901 -0.03315806 -0.01699995 0.03988158 -0.03200793 -0.01699995 0.04036307 -0.03164672 -0.01699995 0.04112517 -0.03203833 -0.01699995 0.04235458 -0.03348314 -0.01699995 0.04260408 -0.03423297 -0.01699995 0.04188442 -0.03430408 -0.01699995 0.04081678 -0.03547495 -0.01249998 0.03987103 -0.03547495 -0.01249998 0.04282498 0.013475 0.01249998 0.008128941 0.01099997 0.01249998 0.009534716 0.013475 0.01249998 0.004562973 0.01347225 0.01449996 0.004553139 0.013475 0.01449996 0.008128941 0.01247209 0.01699995 0.003945231 0.01229029 0.01449996 0.003971695 0.013475 0.01249998 0.043437 0.013475 0.01249998 0.03987103 0.01099997 0.01249998 0.03846526 0.01346558 0.01449996 0.04345476 0.013475 0.01449996 0.03987103 0.01243907 0.01699995 0.04403591 0.01224416 0.01449996 0.04403287 0.01099997 0.01449996 0.03844207 0.01196163 0.01449996 0.04235458 0.01235324 0.01449996 0.04112517 0.01199203 0.01449996 0.04036313 0.008524954 0.01449996 0.04409998 0.008524954 0.01449996 0.03987103 0.009581565 0.01449996 0.04145807 0.01051682 0.01449996 0.04260408 0.01006311 0.01449996 0.04030793 0.01105648 0.01449996 0.03991037 0.01177102 0.01699995 0.04014253 0.01074808 0.01699995 0.03995889 0.01241838 0.01699995 0.04145807 0.01148313 0.01699995 0.04260408 0.01003831 0.01699995 0.04235458 0.009646713 0.01699995 0.04112517 0.01000791 0.01699995 0.04036313 0.008524954 0.01249998 0.03987103 0.008524954 0.01249998 0.04409998 0.007024943 0.01249998 0.04409998 0.007024943 0.01249998 0.03849995 0.007024943 0.01499998 0.03849995 0.007024943 0.01499998 0.04409998 -0.007024943 0.01499998 0.04409998 -0.007024943 0.01499998 0.03849995 -0.007024943 0.01249998 0.03849995 -0.007024943 0.01249998 0.04409998 -0.008524954 0.01249998 0.04409998 -0.008524954 0.01249998 0.03987103 -0.01099997 0.01249998 0.03846526 -0.008524954 0.01449996 0.04409998 -0.008524954 0.01449996 0.03987103 -0.01099997 0.01449996 0.03844207 -0.013475 0.01449996 0.04409998 -0.01148313 0.01449996 0.04260408 -0.01003831 0.01449996 0.04235458 -0.01241838 0.01449996 0.04145807 -0.013475 0.01449996 0.03987103 -0.009646713 0.01449996 0.04112517 -0.01177102 0.01449996 0.04014253 -0.01000791 0.01449996 0.04036313 -0.01074808 0.01449996 0.03995889 -0.01105648 0.01699995 0.03991037 -0.01006311 0.01699995 0.04030793 -0.009581565 0.01699995 0.04145807 -0.01051682 0.01699995 0.04260408 -0.01196163 0.01699995 0.04235458 -0.01235324 0.01699995 0.04112517 -0.01199203 0.01699995 0.04036313 -0.013475 0.01249998 0.03987103 -0.013475 0.01249998 0.04409998 0.01099997 0.01449996 0.009557843 0.01223301 0.01449996 0.006115496 0.01148313 0.01449996 0.005395829 0.01230406 0.01449996 0.007183134 0.01137566 0.01449996 0.008038997 0.008524954 0.01449996 0.008128941 0.01034599 0.01449996 0.007897555 0.009660899 0.01449996 0.007075607 0.008524954 0.01449996 0.003899991 0.01003831 0.01449996 0.005645394 0.01196163 0.01699995 0.005645394 0.01233899 0.01699995 0.007075607 0.01165395 0.01699995 0.007897555 0.01082515 0.01699995 0.008053243 0.009908974 0.01699995 0.007562458 0.009646713 0.01699995 0.006525158 0.01029413 0.01699995 0.005459487 0.008524954 0.01249998 0.008128941 0.008524954 0.01249998 0.003899991 0.007024943 0.01249998 0.003899991 0.007024943 0.01249998 0.009499967 0.007024943 0.01499998 0.009499967 0.007024943 0.01499998 0.003899991 -0.007024943 0.01499998 0.009499967 -0.007024943 0.01499998 0.003899991 -0.007024943 0.01249998 0.009499967 -0.007024943 0.01249998 0.003899991 -0.008524954 0.01249998 0.008128941 -0.01099997 0.01249998 0.009534716 -0.008524954 0.01249998 0.003899991 -0.008524954 0.01449996 0.003899991 -0.008524954 0.01449996 0.008128941 -0.01099997 0.01449996 0.009557843 -0.009908974 0.01449996 0.007562458 -0.013475 0.01449996 0.008128941 -0.01128792 0.01449996 0.008097827 -0.01233899 0.01449996 0.007075607 -0.013475 0.01449996 0.003899991 -0.01196163 0.01449996 0.005645394 -0.009646713 0.01449996 0.006525158 -0.01029413 0.01449996 0.005459487 -0.01003831 0.01699995 0.005645394 -0.009660899 0.01699995 0.007075607 -0.01034599 0.01699995 0.007897555 -0.01137566 0.01699995 0.008038997 -0.01230406 0.01699995 0.007183134 -0.01223301 0.01699995 0.006115496 -0.01148313 0.01699995 0.005395829 -0.013475 0.01249998 0.008128941 -0.013475 0.01249998 0.003899991 0.01099997 -0.01449996 0.009557843 0.01196163 -0.01449996 0.005645394 0.01233899 -0.01449996 0.007075607 0.008524954 -0.01449996 0.003899991 0.008524954 -0.01449996 0.008128941 0.009646713 -0.01449996 0.006525158 0.009908974 -0.01449996 0.007562458 0.01082515 -0.01449996 0.008053243 0.01165395 -0.01449996 0.007897555 0.01029413 -0.01449996 0.005459487 0.01148313 -0.01699995 0.005395829 0.01223301 -0.01699995 0.006115496 0.01230406 -0.01699995 0.007183134 0.01137566 -0.01699995 0.008038997 0.01034599 -0.01699995 0.007897555 0.009660899 -0.01699995 0.007075607 0.01003831 -0.01699995 0.005645394 0.008524954 -0.01249998 0.008128941 0.008524954 -0.01249998 0.003899991 0.007024943 -0.01249998 0.003899991 0.007024943 -0.01249998 0.009499967 0.007024943 -0.01499998 0.009499967 0.007024943 -0.01499998 0.003899991 -0.007024943 -0.01499998 0.003899991 -0.007024943 -0.01499998 0.009499967 -0.007024943 -0.01249998 0.009499967 -0.007024943 -0.01249998 0.003899991 -0.008524954 -0.01249998 0.003899991 -0.008524954 -0.01249998 0.008128941 -0.01099997 -0.01249998 0.009534716 -0.008524954 -0.01449996 0.003899991 -0.008524954 -0.01449996 0.008128941 -0.01099997 -0.01449996 0.009557843 -0.013475 -0.01449996 0.003899991 -0.01223301 -0.01449996 0.006115496 -0.01148313 -0.01449996 0.005395829 -0.013475 -0.01449996 0.008128941 -0.01230406 -0.01449996 0.007183134 -0.01137566 -0.01449996 0.008038997 -0.01034599 -0.01449996 0.007897555 -0.009660899 -0.01449996 0.007075607 -0.01003831 -0.01449996 0.005645394 -0.01029413 -0.01699995 0.005459487 -0.009646713 -0.01699995 0.006525158 -0.009908974 -0.01699995 0.007562458 -0.01128792 -0.01699995 0.008097827 -0.01233899 -0.01699995 0.007075607 -0.01196163 -0.01699995 0.005645394 -0.013475 -0.01249998 0.008128941 -0.013475 -0.01249998 0.003899991 -0.01497495 -0.01249998 0.003899991 -0.01497495 -0.01249998 0.009499967 -0.01497495 -0.01499998 0.009499967 -0.01497495 -0.01499998 0.003899991 -0.02902495 -0.01499998 0.003899991 -0.02902495 -0.01499998 0.009499967 -0.02889996 -0.01249998 0.009499967 -0.02902495 -0.01249998 0.003899991 -0.03052496 -0.01249998 0.003899991 -0.03052496 -0.01249998 0.008128941 -0.03300738 -0.01249998 0.009518086 -0.03052496 -0.01449996 0.003899991 -0.03052496 -0.01449996 0.008128941 -0.03318768 -0.01699995 0.003919303 -0.03339028 -0.01449996 0.003971695 -0.03436356 -0.01699995 0.004419207 -0.03545981 -0.01449996 0.005132913 -0.03299999 -0.01449996 0.009557843 -0.03305649 -0.01449996 0.005310356 -0.03415739 -0.01449996 0.005928933 -0.03200793 -0.01449996 0.007636845 -0.03161036 -0.01449996 0.006643474 -0.03206312 -0.01449996 0.005707919 -0.03547495 -0.01449996 0.008128941 -0.03424042 -0.01449996 0.007405817 -0.03294348 -0.01449996 0.008089542 -0.03294348 -0.01699995 0.005310356 -0.03200793 -0.01699995 0.005763113 -0.03161036 -0.01699995 0.006756484 -0.03206312 -0.01699995 0.007692039 -0.03305649 -0.01699995 0.008089542 -0.03415739 -0.01699995 0.007471024 -0.03424042 -0.01699995 0.005994141 -0.03547495 -0.01249998 0.008128941 -0.03547495 -0.01249998 0.005174994 0.01957237 -0.01699995 0.00992763 0.01940077 -0.01876544 0.009799957 0.01877886 -0.01699995 0.009507954 0.01833611 -0.01939404 0.009533047 0.01888561 -0.01906067 0.009577989 0.01830887 -0.02017003 0.01006758 0.01903033 -0.0198642 0.01007318 0.01966804 -0.01906466 0.01011949 0.01856362 -0.02044862 0.01074904 0.01957833 -0.01971828 0.01070582 -0.02199995 -0.01699995 0.009499967 -0.03404372 -0.0193386 0.009525656 -0.03468185 -0.01887786 0.009520232 0 -0.01699995 0.009499967 -0.03473049 -0.01700001 0.00952208 -0.0353915 -0.01700001 0.009949147 -0.03546869 -0.01880604 0.01022237 -0.03439623 -0.01982641 0.009784936 -0.03475743 -0.02005004 0.01021677 -0.03509593 -0.01900857 0.00974965 -0.03522378 -0.01982867 0.01059794 -0.03548073 -0.01929581 0.01098322 -0.03447997 -0.02045071 0.01081848 -0.03414356 -0.02028059 0.01020288 0.01830798 -0.02047592 0.03724896 0.01900094 -0.02020597 0.03729027 0.01959168 -0.01970088 0.03729444 0.01957237 -0.01699995 0.03807234 0.01952302 -0.01883196 0.03812241 0.01877892 -0.01700001 0.03849196 0.0185641 -0.0201593 0.03789401 0.0193699 -0.01952284 0.03792685 0.01828634 -0.0198974 0.03819817 0.01865875 -0.01919704 0.03847038 -0.03417104 -0.0204488 0.03748124 -0.0343948 -0.01983582 0.03822207 -0.03401654 -0.01929229 0.03848093 -0.03476297 -0.02030754 0.03712385 -0.03521126 -0.01983296 0.0373947 -0.03547394 -0.0193448 0.03704416 0.006287693 -0.0205 0.02951329 0.008699536 -0.0205 0.02923077 0.01251327 -0.0205 0.02471226 0.0110417 -0.0205 0.02781689 0.003183066 -0.0205 0.02804172 0.001486659 -0.0205 0.02328771 0.001769185 -0.0205 0.02569955 0.01187902 -0.0205 0.02133554 0.009381115 -0.0205 0.01897656 0.002550363 -0.0205 0.02076715 0.004335522 -0.0205 0.01912093 0.006999969 -0.0205 0.01849997 -0.03478318 -0.02005004 0.03775745 -0.02199995 -0.01699995 0.03849995 -0.03477758 -0.01880604 0.03846871 0 -0.01699995 0.03849995 -0.03549546 -0.01699995 0.03767621 -0.03548276 -0.01888334 0.03767096 -0.03525024 -0.01900857 0.03809595 -0.0350508 -0.01700001 0.03839153 0.001536369 -0.02099996 0.02297365 0.002550363 -0.02099996 0.02076715 0.004618823 -0.02099996 0.01897656 0.006999969 -0.02099996 0.01849997 0.009664416 -0.02099996 0.01912093 0.01144957 -0.02099996 0.02076715 0.01251327 -0.02099996 0.02328771 0.01187902 -0.02099996 0.02666437 0.009381115 -0.02099996 0.02902334 0.005973696 -0.02099996 0.02946358 0.002958238 -0.02099996 0.02781689 0.001769185 -0.02099996 0.02569955 0.01636779 -0.02099996 0.01359593 0.01832622 -0.02099996 0.01577097 0.01399999 -0.02099996 0.01187562 0.01132619 -0.02099996 0.0106852 0.008463382 -0.02099996 0.01007664 0.01978963 -0.02099996 0.02969431 0.01978963 -0.02099996 0.01830565 0.005536556 -0.02099996 0.01007664 0 -0.02099996 0.01187562 0.01832622 -0.02099996 0.03222894 0.02069401 -0.02099996 0.02691072 0.02099996 -0.02099996 0.02399998 0.02069401 -0.02099996 0.02108919 0.002673745 -0.02099996 0.0106852 -0.002367794 -0.02099996 0.01359593 -0.004326224 -0.02099996 0.01577097 -0.005789637 -0.02099996 0.01830565 -0.006694018 -0.02099996 0.02108919 -0.006999969 -0.02099996 0.02399998 -0.006694018 -0.02099996 0.02691072 -0.002367794 -0.02099996 0.03440397 0.01399999 -0.02099996 0.03612434 -0.005789637 -0.02099996 0.02969431 -0.004326224 -0.02099996 0.03222894 0 -0.02099996 0.03612434 0.002673745 -0.02099996 0.03731477 0.005536556 -0.02099996 0.03792327 0.008463382 -0.02099996 0.03792327 0.01132619 -0.02099996 0.03731477 0.01636779 -0.02099996 0.03440397 0.02099996 -0.02349996 0.02399998 0.02069401 -0.02349996 0.02108919 0.01978963 -0.02349996 0.01830565 0.01832622 -0.02349996 0.01577097 0.01636779 -0.02349996 0.01359593 0.01399999 -0.02349996 0.01187562 0.01132619 -0.02349996 0.0106852 0.008463382 -0.02349996 0.01007664 0.005536556 -0.02349996 0.01007664 0.002673745 -0.02349996 0.0106852 0 -0.02349996 0.01187562 -0.002367794 -0.02349996 0.01359593 -0.004326224 -0.02349996 0.01577097 -0.005789637 -0.02349996 0.01830565 -0.006694018 -0.02349996 0.02108919 -0.006999969 -0.02349996 0.02399998 -0.006694018 -0.02349996 0.02691072 -0.005789637 -0.02349996 0.02969431 -0.004326224 -0.02349996 0.03222894 -0.002367794 -0.02349996 0.03440397 0 -0.02349996 0.03612434 0.002673745 -0.02349996 0.03731477 0.005536556 -0.02349996 0.03792327 0.008463382 -0.02349996 0.03792327 0.01132619 -0.02349996 0.03731477 0.01399999 -0.02349996 0.03612434 0.01636779 -0.02349996 0.03440397 0.01832622 -0.02349996 0.03222894 0.01978963 -0.02349996 0.02969431 0.02069401 -0.02349996 0.02691072 0.01067423 -0.02349996 0.02746987 0.006352424 -0.02349996 0.02901208 0.008545041 -0.02349996 0.02875524 0.008545041 -0.02349996 0.01924467 0.01046985 -0.02349996 0.02032566 0.003530085 -0.02349996 0.02767425 0.006066977 -0.02349996 0.01903307 0.01196688 -0.02349996 0.02306699 0.001987874 -0.02349996 0.02335244 0.00224471 -0.02349996 0.02554506 0.01175528 -0.02349996 0.02554506 0.0033257 -0.02349996 0.02053004 0.01201212 -0.02529996 0.02335244 0.01067423 -0.02529996 0.02053004 0.008545041 -0.02529996 0.01924467 0.006352424 -0.02529996 0.01898783 0.003530085 -0.02529996 0.02032566 0.002033054 -0.02529996 0.02306699 0.00224471 -0.02529996 0.02554506 0.0033257 -0.02529996 0.02746987 0.006066977 -0.02529996 0.0289669 0.008545041 -0.02529996 0.02875524 0.01046985 -0.02529996 0.02767425 0.01175528 -0.02529996 0.02554506 0.008190512 -0.02529996 0.0214883 0.006486833 -0.02529996 0.02126818 0.009439468 -0.02529996 0.02266776 0.004243314 -0.02529996 0.02364385 0.00456047 -0.02529996 0.02533221 0.009020805 -0.02529996 0.02590841 0.007513105 -0.02529996 0.02673178 0.005809426 -0.02529996 0.02651166 0.009756624 -0.02529996 0.02435612 0.004979133 -0.02529996 0.0220915 0.009756624 -0.02799999 0.02364385 0.009020805 -0.02799999 0.0220915 0.007513105 -0.02799999 0.02126818 0.005809426 -0.02799999 0.0214883 0.004775166 -0.02799999 0.02238357 0.004268169 -0.02799999 0.02348685 0.004384577 -0.02799999 0.02484977 0.004979133 -0.02799999 0.02590841 0.006486833 -0.02799999 0.02673178 0.008190512 -0.02799999 0.02651166 0.009439468 -0.02799999 0.02533221 -0.04061788 -0.0144999 0.00886327 -0.03697496 -0.01449996 0.006194949 -0.04016041 -0.01700001 0.008380472 -0.03697496 -0.01249998 0.006194949 -0.03697496 -0.01449996 0.009024977 -0.03697496 -0.01249998 0.009024977 -0.04067498 -0.01249998 0.009027659 -0.04105138 -0.01700001 0.009799957 -0.04113435 -0.01249998 0.01051145 -0.04109942 -0.01449996 0.01052504 -0.03687101 -0.01449996 0.01052498 -0.03687101 -0.01249998 0.01052498 -0.03544878 -0.01249998 0.01079416 -0.03436583 -0.01249998 0.009673297 -0.03546524 -0.01249998 0.01299995 -0.03400033 0.01249998 0.009552955 -0.03496968 0.01249998 0.01011198 -0.03545045 0.01249998 0.01103204 -0.03544211 -0.01449996 0.01299995 -0.03835648 -0.01449996 0.01161038 -0.03736311 -0.01449996 0.01200789 -0.03691041 -0.01449996 0.01294344 -0.03730791 -0.01449996 0.01393687 -0.03960013 -0.01449996 0.01241129 -0.03687101 -0.01449996 0.01547497 -0.03824347 -0.01449996 0.01438957 -0.04109996 -0.01449996 0.01547497 -0.03939098 -0.01449996 0.01386249 -0.03824347 -0.01699995 0.01161038 -0.03699982 -0.01699995 0.01241129 -0.03720897 -0.01699995 0.01386249 -0.03835648 -0.01699995 0.01438957 -0.03929203 -0.01699995 0.01393681 -0.03965324 -0.01699995 0.01317477 -0.03939098 -0.01699995 0.01213747 -0.03687101 -0.01249998 0.01547497 -0.04109996 -0.01249998 0.01547497 -0.04109996 -0.01249998 0.01697498 -0.03549998 -0.01249998 0.01697498 -0.03549998 -0.01499998 0.01697498 -0.04109996 -0.01499998 0.01697498 -0.04109996 -0.01499998 0.03102499 -0.03549998 -0.01499998 0.03102499 -0.03549998 -0.01249998 0.03102499 -0.04109996 -0.01249998 0.03102499 -0.03730791 -0.01699995 0.0340631 -0.04017925 -0.01700001 0.03959727 -0.04105138 -0.01700001 0.03820002 -0.03835648 -0.01699995 0.03638958 -0.03736311 -0.01699995 0.03599202 -0.03929203 -0.01699995 0.03593683 -0.03965324 -0.01699995 0.03517478 -0.04109996 -0.01699995 0.02399998 -0.03939098 -0.01699995 0.03413748 -0.03824347 -0.01699995 0.0336104 -0.03691041 -0.01699995 0.03505647 -0.03835648 -0.01449996 0.0336104 -0.03736311 -0.01449996 0.0340079 -0.03691041 -0.01449996 0.03494346 -0.03759413 -0.01449996 0.03624045 -0.03926163 -0.01449996 0.03605455 -0.03965324 -0.01449996 0.03482514 -0.03929203 -0.01449996 0.0340631 -0.04109942 -0.01449996 0.03747493 -0.04109996 -0.01449996 0.032525 -0.04109996 -0.01249998 0.032525 -0.03687101 -0.01249998 0.032525 -0.03546524 -0.01249998 0.03499996 -0.03687101 -0.01449996 0.032525 -0.03697496 -0.01449996 0.04180496 -0.03697496 -0.01249998 0.04180496 -0.03697496 -0.01449996 0.038975 -0.04067677 -0.0144999 0.03904497 -0.03697496 -0.01249998 0.038975 -0.04067075 -0.01249998 0.03897154 -0.04115098 -0.01249998 0.03751707 -0.03544211 -0.01449996 0.03499996 -0.03687101 -0.01449996 0.03747498 -0.03687101 -0.01249998 0.03747498 -0.03446882 -0.01249998 0.03827416 -0.03539675 -0.01249998 0.03724253 -0.03544878 0.01249998 0.03720581 -0.03436583 0.01249998 0.03832668 -0.03300762 0.01249998 0.03847908 -0.01489996 0.01249998 0.004899978 -0.01497495 0.01249998 0.003899991 -0.01475 0.01249998 0.009499967 -0.01475 0.001999974 0.009499967 -0.01475 0.001999974 0.004899978 -0.01497495 0.01499998 0.004899978 -0.01497495 0.01499998 0.003899991 -0.02902495 0.01499998 0.004899978 -0.02902495 0.01499998 0.003899991 -0.02902495 0.01249998 0.004899978 -0.02902495 0.01249998 0.003899991 -0.02974998 0.001999974 0.004899978 -0.02974998 0.01249998 0.004899978 -0.02974998 0.01249998 0.009499967 -0.02974998 0.001999974 0.009499967 -0.03052496 0.01249998 0.008128941 -0.03299999 0.01249998 0.009531557 -0.03052496 0.01249998 0.003899991 -0.03052496 0.01449996 0.008128941 -0.03052496 0.01449996 0.003899991 -0.03357654 0.01699995 0.003940999 -0.03363788 0.01449996 0.004013061 -0.03299999 0.01449996 0.009557843 -0.03547495 0.01449996 0.008128941 -0.03547495 0.01249998 0.008128941 -0.03547495 0.01449996 0.005174994 -0.03547495 0.01249998 0.005174994 -0.03206312 0.01449996 0.007692039 -0.03305649 0.01449996 0.008089542 -0.03161036 0.01449996 0.006756484 -0.03415739 0.01449996 0.007471024 -0.03424042 0.01449996 0.005994141 -0.03294348 0.01449996 0.005310356 -0.03200793 0.01449996 0.005763113 -0.03305649 0.01699995 0.005310356 -0.03206312 0.01699995 0.005707919 -0.03161036 0.01699995 0.006643474 -0.03200793 0.01699995 0.007636845 -0.03294348 0.01699995 0.008089542 -0.03424042 0.01699995 0.007405817 -0.03415739 0.01699995 0.005928933 -0.01585 0.001999974 0.009499967 -0.01585 -0.01249998 0.009499967 -0.02864998 0.001999974 0.009499967 -0.02851665 0.001999974 0.01017332 -0.02864998 -0.01249998 0.01024997 -0.01585 -0.01249998 0.01024997 -0.01591664 0.001999974 0.01009666 -0.04016041 0.01700001 0.008380472 -0.03697496 0.01449996 0.006194949 -0.03697496 0.01249998 0.006194949 -0.03697496 0.01449996 0.009024977 -0.04067409 0.0144999 0.008927881 -0.03697496 0.01249998 0.009024977 -0.04067075 0.01249998 0.009028375 -0.03687101 0.01249998 0.01052498 -0.04115098 0.01249998 0.01048284 -0.03546524 0.01249998 0.01299995 -0.04109942 0.01449996 0.01052498 -0.03687101 0.01449996 0.01052498 -0.04105138 0.01700001 0.009799957 -0.03544211 0.01449996 0.01299995 -0.03687101 0.01449996 0.01547497 -0.03720897 0.01449996 0.01386249 -0.03835648 0.01449996 0.01438957 -0.04109996 0.01449996 0.01547497 -0.03929203 0.01449996 0.01393681 -0.03699982 0.01449996 0.01241129 -0.03965324 0.01449996 0.01317477 -0.03939098 0.01449996 0.01213747 -0.03824347 0.01449996 0.01161038 -0.03835648 0.01699995 0.01161038 -0.03736311 0.01699995 0.01200789 -0.03691041 0.01699995 0.01294344 -0.03730791 0.01699995 0.01393687 -0.03824347 0.01699995 0.01438957 -0.03939098 0.01699995 0.01386249 -0.03960013 0.01699995 0.01241129 -0.03687101 0.01249998 0.01547497 -0.04109996 0.01249998 0.01547497 -0.04109996 0.01249998 0.01697498 -0.03549998 0.01249998 0.01697498 -0.03549998 0.01499998 0.01697498 -0.04109996 0.01499998 0.01697498 -0.03549998 0.01499998 0.03102499 -0.04109996 0.01499998 0.03102499 -0.03549998 0.01249998 0.03102499 -0.04109996 0.01249998 0.03102499 -0.03546524 0.01249998 0.03499996 -0.03687101 0.01249998 0.032525 -0.04109996 0.01249998 0.032525 -0.04109996 0.01449996 0.032525 -0.03687101 0.01449996 0.032525 -0.04109996 0.01699995 0.02399998 -0.04105138 0.01700001 0.03820002 -0.04109942 0.01449996 0.03747493 -0.03544211 0.01449996 0.03499996 -0.03687101 0.01449996 0.03747498 -0.03687101 0.01249998 0.03747498 -0.04113435 0.01249998 0.03748852 -0.03736311 0.01449996 0.03599202 -0.03835648 0.01449996 0.03638958 -0.03929203 0.01449996 0.03593683 -0.03691041 0.01449996 0.03505647 -0.03730791 0.01449996 0.0340631 -0.03965324 0.01449996 0.03517478 -0.03939098 0.01449996 0.03413748 -0.03824347 0.01449996 0.0336104 -0.03835648 0.01699995 0.0336104 -0.03736311 0.01699995 0.0340079 -0.03691041 0.01699995 0.03494346 -0.03759413 0.01699995 0.03624045 -0.03926163 0.01699995 0.03605455 -0.03965324 0.01699995 0.03482514 -0.03929203 0.01699995 0.0340631 -0.02199995 0.01699995 0.004624962 -0.03564995 0.01699995 0.006699979 -0.03305649 0.01699995 0.03991037 -0.04017925 0.01700001 0.03959727 0 0.01699995 0.04409998 -0.03267663 0.01699995 0.04409998 -0.03206312 0.01699995 0.04030793 -0.03213745 0.01699995 0.04239094 -0.03161036 0.01699995 0.04124349 -0.03430008 0.01699995 0.04071128 -0.03379744 0.01699995 0.04390627 -0.03419756 0.01699995 0.04195398 -0.03337562 0.01699995 0.04263901 -0.03356879 0.01449996 0.04399877 -0.03294348 0.01449996 0.03991037 -0.03200793 0.01449996 0.04036307 -0.03164672 0.01449996 0.04112517 -0.03203833 0.01449996 0.04235458 -0.03348314 0.01449996 0.04260408 -0.03423297 0.01449996 0.04188442 -0.03424042 0.01449996 0.04059416 -0.04067498 0.01249998 0.03897225 -0.04063457 0.0144999 0.03909564 -0.03697496 0.01449996 0.038975 -0.03697496 0.01449996 0.04180496 -0.03697496 0.01249998 0.038975 -0.03697496 0.01249998 0.04180496 -0.03547495 0.01249998 0.04282498 -0.03547495 0.01449996 0.04282498 -0.03547495 0.01249998 0.03987103 -0.03547495 0.01449996 0.03987103 -0.03052496 0.01449996 0.04409998 -0.03052496 0.01449996 0.03987103 -0.03299999 0.01449996 0.03844207 -0.03052496 0.01249998 0.03987103 -0.03052496 0.01249998 0.04409998 -0.01497495 0.01499998 0.04409998 -0.01497495 0.01249998 0.04409998 -0.02902495 0.01499998 0.04409998 -0.02902495 0.01249998 0.04409998 -0.02902495 0.01499998 0.04309999 -0.01497495 0.01499998 0.04309999 -0.02902495 0.01249998 0.04309999 -0.01482498 0.01249998 0.04309999 -0.01475 0.01249998 0.03849995 -0.02974998 0.01249998 0.04309999 -0.02974998 0.01249998 0.03849995 -0.02974998 0.001999974 0.04309999 -0.01475 0.001999974 0.04309999 -0.01475 0.001999974 0.03849995 -0.02974998 0.001999974 0.03849995 -0.02864998 0.001999974 0.03849995 -0.01585 -0.01249998 0.03849995 -0.01585 0.001999974 0.03849995 -0.01585 -0.01249998 0.03775 -0.02864998 -0.01249998 0.03775 -0.02858328 0.001999974 0.0379033 -0.01598328 0.001999974 0.03782665 -0.02844995 0.001999974 0.005119979 -0.01604998 0.001999974 0.005119979 -0.02844995 0.001099944 0.01001995 -0.01604998 0.001099944 0.01001995 -0.01604998 0.001099944 0.005119979 -0.02844995 0.001099944 0.005119979 -0.01604998 0.001999974 0.04287999 -0.02844995 0.001999974 0.04287999 -0.01604998 0.001099944 0.04287999 -0.01604998 0.001099944 0.03797996 -0.02844995 0.001099944 0.04287999 -0.02844995 0.001099944 0.03797996 0.01199996 0.01249998 0.03649997 0.01199996 -0.01349997 0.03649997 -0.02799999 -0.01349997 0.03649997 -0.02799999 0.01249998 0.03649997 -0.02799999 -0.01349997 0.0115 -0.02799999 0.01249998 0.0115 0.01199996 -0.01349997 0.0115 0.01199996 0.01249998 0.0115 0.005338072 0.01899999 0.00664556 0.005338072 0.01699995 0.006754398 0.004955291 0.01899999 0.007602155 0.004566848 0.01699995 0.007951974 0.003847718 0.01899999 0.008065879 0.003370225 0.01699995 0.007853209 0.002744138 0.01899999 0.007165253 0.002710521 0.01699995 0.007061719 0.002812623 0.01899999 0.006137132 0.002949416 0.01699995 0.005869388 0.003722667 0.01899999 0.005353868 0.003831624 0.01699995 0.005396842 0.004902124 0.01899999 0.005744636 0.004830539 0.01699995 0.005649387 -0.01694941 0.01899999 0.005869388 -0.01105439 0.01899999 0.005361855 0.01449996 0.01899999 0.002499997 0.00988543 0.01899999 0.005957484 0.01094555 0.01899999 0.005361855 -0.01211452 0.01899999 0.005957484 0.009744167 0.01899999 0.007165253 0.01084774 0.01899999 0.008065879 0.0130003 0.01899999 0.009247004 -0.01991701 0.01899999 0.009266793 -0.01772272 0.01899999 0.00804603 -0.01072269 0.01899999 0.00804603 -0.00971055 0.01899999 0.007061719 0.01211452 0.01899999 0.007442474 -0.01671051 0.01899999 0.007061719 -0.01919448 0.01899999 0.007379651 0.01396971 0.01899999 0.008687913 0.01219451 0.01899999 0.006020307 -0.009949386 0.01899999 0.005869388 0.01445043 0.01899999 0.007767856 -0.02088797 0.01899999 0.00876969 -0.021447 0.01899999 0.00780034 -0.01219451 0.01899999 0.007379651 -0.01755279 0.01899576 0.002424359 -0.0214473 0.01899999 0.005332291 -0.01911455 0.01899999 0.005957484 -0.01805442 0.01899999 0.005361855 -0.0208171 0.01899999 0.004390776 0.01291704 0.01699995 0.009266793 0.01388794 0.01699995 0.00876969 0.01446366 0.01699995 0.00775665 -0.02077412 0.01699995 0.004356861 -0.02141863 0.01699995 0.005233645 -0.02146679 0.01699995 0.007717013 -0.02096968 0.01699995 0.008687913 -0.02000033 0.01699995 0.009247004 -0.01665389 0.01699995 0.00697726 -0.0176382 0.01699995 0.007989406 -0.01901549 0.01699995 0.007625997 -0.01919448 0.01699995 0.006020307 -0.01794558 0.01699995 0.005361855 -0.01704466 0.01699995 0.005797803 0.01219451 0.01699995 0.007379651 0.01072269 0.01699995 0.00804603 0.00971055 0.01699995 0.007061719 0.009949386 0.01699995 0.005869388 0.01105439 0.01699995 0.005361855 0.01211452 0.01699995 0.005957484 -0.009744167 0.01699995 0.007165253 -0.01084774 0.01699995 0.008065879 -0.01211452 0.01699995 0.007442474 -0.01219451 0.01699995 0.006020307 -0.01094555 0.01699995 0.005361855 -0.00988543 0.01699995 0.005957484 0.01449996 0.01698702 0.002286732 -0.01748144 0.01700454 0.002467453 -0.01579016 0.01704281 3.65472e-5 -0.002199947 0.01649999 0 0.01449996 0.01673996 4.85154e-6 0.01449996 0.01796942 4.77458e-4 -0.01617711 0.01794868 4.48598e-4 0.01449996 0.0186935 0.001245975 -0.01682919 0.01879739 0.001437902 -0.01671206 0.0169478 0.002245962 -0.01611393 0.01676738 0.002068638 0.01449996 0.0165649 0.002001166 -0.01561897 0.01651263 0.001990199 -0.009853661 0.01649987 0.001999974 -0.01668906 0.01790088 0.0016703 -0.01633584 0.01719301 0.001765429 -0.01711875 0.01764285 0.00218904 -0.01586377 0.01678949 0.001553297 -0.01456409 0.01426988 0 -0.01478183 0.01485329 0.001999974 -0.01449996 0.00714451 0 -0.01449996 0.01303589 0.001999974 -0.01449996 0.004535138 0.001999974 -0.01449996 0.001699984 0 -0.01449996 -0.004555463 0.001999974 -0.01449996 -0.004281997 0 -0.01449996 -0.01303589 0 -0.01449996 -0.01303589 0.001999974 -0.014835 -0.01499778 0.00197637 -0.01567679 -0.01661825 0.001177847 -0.01499783 -0.0154404 -2.816e-5 -0.01581352 -0.0171104 6.2879e-5 -0.01660329 -0.01691299 0.002210259 -0.01635926 -0.01719188 0.001799106 -0.01601332 -0.01686483 0.001738488 -0.01739251 -0.01765751 0.002381145 -0.01692807 -0.01750242 0.002099335 -0.0173462 -0.01700109 0.002436757 -0.01578795 -0.01662385 0.001996695 -0.01641869 -0.01838612 7.90074e-4 -0.01741969 -0.01900297 0.002285301 0.01449996 -0.0189855 0.001990973 0.01449996 -0.01827627 7.14843e-4 0.01449996 -0.01684659 9.18159e-6 0.004422247 -0.01649999 0 -0.003449916 -0.01649999 0 0.01449996 -0.01669776 0.00200957 -0.002362072 -0.01649999 0.001999974 0.006397426 -0.01649999 0.001999974 0.01449996 -0.0169965 0.002392768 0.01446366 -0.01899999 0.00775665 0.01445043 -0.01699995 0.007767856 0.01396971 -0.01699995 0.008687913 0.01388794 -0.01899999 0.00876969 0.0130003 -0.01699995 0.009247004 0.01291704 -0.01899999 0.009266793 -0.01991701 -0.01699995 0.009266793 -0.02000033 -0.01899999 0.009247004 -0.02088797 -0.01699995 0.00876969 -0.02096968 -0.01899999 0.008687913 -0.021447 -0.01699995 0.00780034 -0.02146679 -0.01899999 0.007717013 -0.0214473 -0.01699995 0.005332291 -0.02141863 -0.01899999 0.005233645 -0.02080345 -0.01699995 0.004375934 -0.02078986 -0.01899999 0.004372596 0.01219451 -0.01899999 0.007379651 0.005338072 -0.01899999 0.006754398 0.01072269 -0.01899999 0.00804603 0.00971055 -0.01899999 0.007061719 -0.00988543 -0.01899999 0.005957484 0.003831624 -0.01899999 0.005396842 0.01105439 -0.01899999 0.005361855 -0.009744167 -0.01899999 0.007165253 0.003722667 -0.01899999 0.00804603 0.002710521 -0.01899999 0.007061719 -0.0176382 -0.01899999 0.007989406 -0.01084774 -0.01899999 0.008065879 0.009949386 -0.01899999 0.005869388 0.004902124 -0.01899999 0.007655262 -0.01665389 -0.01899999 0.00697726 -0.01919448 -0.01899999 0.006020307 0.004830539 -0.01899999 0.005649387 0.01211452 -0.01899999 0.005957484 0.002949416 -0.01899999 0.005869388 -0.01901549 -0.01899999 0.007625997 -0.01704466 -0.01899999 0.005797803 -0.01794558 -0.01899999 0.005361855 -0.01094555 -0.01899999 0.005361855 -0.01219451 -0.01899999 0.006020307 -0.01211452 -0.01899999 0.007442474 -0.01694941 -0.01699995 0.005869388 -0.01105439 -0.01699995 0.005361855 0.003722667 -0.01699995 0.005353868 0.00988543 -0.01699995 0.005957484 0.01094555 -0.01699995 0.005361855 0.009744167 -0.01699995 0.007165253 -0.01211452 -0.01699995 0.005957484 0.005338072 -0.01699995 0.00664556 0.004902124 -0.01699995 0.005744636 0.01084774 -0.01699995 0.008065879 0.01211452 -0.01699995 0.007442474 -0.00971055 -0.01699995 0.007061719 0.003847718 -0.01699995 0.008065879 0.002812623 -0.01699995 0.006137132 0.01219451 -0.01699995 0.006020307 -0.01772272 -0.01699995 0.00804603 -0.01072269 -0.01699995 0.00804603 0.004955291 -0.01699995 0.007602155 -0.01671051 -0.01699995 0.007061719 -0.009949386 -0.01699995 0.005869388 0.002744138 -0.01699995 0.007165253 -0.01919448 -0.01699995 0.007379651 -0.01219451 -0.01699995 0.007379651 -0.01911455 -0.01699995 0.005957484 -0.01805442 -0.01699995 0.005361855 -0.009500741 0.004862487 0.001999974 -0.009500741 -0.002056241 0.001999974 -0.01085358 -0.004686594 0.001999974 -0.009500741 -0.009500741 0.001999974 -0.005200743 0.005313277 0.001999974 -0.009500741 0.001749992 0.001999974 -0.007414519 -0.002621173 0.001999974 -0.00698173 -0.003308713 0.001999974 -0.008191227 -0.002481758 0.001999974 -0.008878767 -0.002914547 0.001999974 -0.008941829 -0.00403589 0.001999974 -0.005200743 -0.005200743 0.001999974 -0.007957041 -0.004555046 0.001999974 -0.007121205 -0.004085421 0.001999974 -0.009705662 -0.00573337 0.001999974 -0.006366789 -0.01000982 0.001999974 -0.007544875 -0.009019851 0.001999974 -0.006706476 -0.008492112 0.001999974 -0.006570637 -0.007330775 0.001999974 -0.007430315 -0.006538271 0.001999974 -0.009019851 -0.0080114 0.001999974 -0.008492112 -0.008849859 0.001999974 -0.008754611 -0.006887733 0.001999974 -0.00573337 0.009705662 0.001999974 -0.004686594 0.01085358 0.001999974 -0.005269825 -0.01019924 0.001999974 -0.001253008 0.01116186 0.001999974 -0.002056241 0.009263277 0.001999974 -0.002422153 0.004435479 0.001999974 -0.002481758 0.008191227 0.001999974 -0.002914547 0.008878767 0.001999974 -0.002621173 0.007414519 0.001999974 -0.003308713 0.00698173 0.001999974 -0.00403589 0.008941829 0.001999974 -0.004555046 0.007957041 0.001999974 -0.004085421 0.007121205 0.001999974 9.33006e-4 -0.004966855 0.001999974 -0.002701342 -0.009010136 0.001999974 0.002701342 0.009010136 0.001999974 0 0.004999995 0.001999974 0.001749992 -0.009500741 0.001999974 0.001313328 0.01085358 0.001999974 0.005269825 0.01019924 0.001999974 0.002164602 0.004566669 0.001999974 0.005313277 0.005313277 0.001999974 0.005313277 -0.005200743 0.001999974 0.004555046 -0.007957041 0.001999974 0.003308713 -0.00698173 0.001999974 0.00573337 -0.009705662 0.001999974 0.00403589 -0.008941829 0.001999974 0.004085421 -0.007121205 0.001999974 0.002481758 -0.008191227 0.001999974 0.002621173 -0.007414519 0.001999974 0.002914547 -0.008878767 0.001999974 0.005464076 0.01194179 0.001999974 0.004435479 0.002422153 0.001999974 0.00473392 -0.0016433 0.001999974 0.004999995 0 0.001999974 0.01010954 0.005023479 0.001999974 0.009263277 0.001749992 0.001999974 0.008941829 0.00403589 0.001999974 0.007121205 0.004085421 0.001999974 0.00698173 0.003308713 0.001999974 0.007414519 0.002621173 0.001999974 0.008878767 0.002914547 0.001999974 0.007957041 0.004555046 0.001999974 0.008191227 0.002481758 0.001999974 0.009010136 -0.002701342 0.001999974 0.009746968 0.006161868 0.001999974 0.009203791 -0.004045069 0.001999974 0.01000982 -0.006366789 0.001999974 0.009263277 -0.009500741 0.001999974 0.01123321 -0.001241683 0.001999974 0.01207166 0.005286037 0.001999974 0.01194179 -0.005464076 0.001999974 -0.002202332 -0.004547595 0.002000212 -0.004450082 -0.002408564 0.002000212 -0.004999995 0 0.001999974 -0.004566669 0.002164602 0.001999974 0.003522992 -0.00359112 0.001999974 0.01214855 6.53533e-4 0.001999974 0.01116186 0.001253008 0.001999974 0.01020133 0.001010119 0.001999974 0.009705662 -2.66616e-4 0.001999974 0.01045882 -0.001141667 0.001999974 0.01207166 -7.13948e-4 0.001999974 0.007330775 -0.006570637 0.001999974 0.008492112 -0.006706476 0.001999974 0.006538271 -0.007430315 0.001999974 0.0080114 -0.009019851 0.001999974 0.008849859 -0.008492112 0.001999974 0.006887733 -0.008754611 0.001999974 0.009019851 -0.007544875 0.001999974 -2.66616e-4 -0.009705662 0.001999974 -7.13948e-4 -0.01207166 0.001999974 6.53533e-4 -0.01214855 0.001999974 -0.001313328 -0.01085358 0.001999974 0.001253008 -0.01116186 0.001999974 0.001010119 -0.01020133 0.001999974 -0.01207166 7.13948e-4 0.001999974 -0.01214855 -6.53533e-4 0.001999974 -0.01116186 -0.001253008 0.001999974 -0.01085358 0.001313328 0.001999974 -0.01020133 -0.001010119 0.001999974 -0.009705662 2.66616e-4 0.001999974 -0.0080114 0.009019851 0.001999974 -0.007330775 0.006570637 0.001999974 -0.006538271 0.007430315 0.001999974 -0.009019851 0.007544875 0.001999974 -0.008492112 0.006706476 0.001999974 -0.006887733 0.008754611 0.001999974 -0.008849859 0.008492112 0.001999974 -6.53533e-4 0.01214855 0.001999974 -0.001010119 0.01020133 0.001999974 2.66616e-4 0.009705662 0.001999974 7.13948e-4 0.01207166 0.001999974 0.006570637 0.007330775 0.001999974 0.006706476 0.008492112 0.001999974 0.007430315 0.006538271 0.001999974 0.008754611 0.006887733 0.001999974 0.007544875 0.009019851 0.001999974 0.009019851 0.0080114 0.001999974 0.008492112 0.008849859 0.001999974 0.007733345 -0.002205669 0.001999974 0.008233249 -0.004741668 0.001999974 0.007286012 -0.004571676 0.001999974 0.006686627 -0.003353595 0.001999974 -0.002205669 -0.007733345 0.001999974 -0.004045069 -0.009203791 0.001999974 -0.004741668 -0.008233249 0.001999974 -0.004571676 -0.007286012 0.001999974 -0.003353595 -0.006686627 0.001999974 -0.009010136 0.002701342 0.001999974 -0.009203791 0.004045069 0.001999974 -0.006686627 0.003353595 0.001999974 -0.007733345 0.002205669 0.001999974 -0.007286012 0.004571676 0.001999974 -0.008233249 0.004741668 0.001999974 0.004045069 0.009203791 0.001999974 0.004571676 0.007286012 0.001999974 0.004741668 0.008233249 0.001999974 0.003353595 0.006686627 0.001999974 0.002205669 0.007733345 0.001999974 0.007076919 0.01087993 0.001999974 0.006585419 0.01187872 0.001999974 0.006366789 0.01000982 0.001999974 0.004972457 0.01113271 0.001999974 0.01087993 -0.007076919 0.001999974 0.01187872 -0.006585419 0.001999974 0.01019924 -0.005269825 0.001999974 0.01113271 -0.004972457 0.001999974 -0.005464076 -0.01194179 0.001999974 -0.006585419 -0.01187872 0.001999974 -0.007076919 -0.01087993 0.001999974 -0.004972457 -0.01113271 0.001999974 -0.01087993 0.007076919 0.001999974 -0.01000982 0.006366789 0.001999974 -0.01187872 0.006585419 0.001999974 -0.01194179 0.005464076 0.001999974 -0.01113271 0.004972457 0.001999974 -0.01019924 0.005269825 0.001999974 0.01224172 0.006233215 0.001999974 0.01123321 0.004758238 0.001999974 0.01154506 0.007203817 0.001999974 0.01020139 0.007010161 0.001999974 0.007203817 -0.01154506 0.001999974 0.007010161 -0.01020139 0.001999974 0.006233215 -0.01224172 0.001999974 0.005286037 -0.01207166 0.001999974 0.004686594 -0.01085358 0.001999974 -0.01224172 -0.006233215 0.001999974 -0.01154506 -0.007203817 0.001999974 -0.01020139 -0.007010161 0.001999974 -0.01207166 -0.005286037 0.001999974 -0.006233215 0.01224172 0.001999974 -0.005286037 0.01207166 0.001999974 -0.007203817 0.01154506 0.001999974 -0.007010161 0.01020139 0.001999974 0.009705662 2.66616e-4 0 0.01020133 -0.001010119 0 0.01116186 -0.001253008 0 0.01214855 -6.53533e-4 0 0.01207166 7.13948e-4 0 0.01085358 0.001313328 0 0.006706476 -0.008492112 0 0.006570637 -0.007330775 0 0.007544875 -0.009019851 0 0.008492112 -0.008849859 0 0.009019851 -0.0080114 0 0.008754611 -0.006887733 0 0.007430315 -0.006538271 0 -0.001253008 -0.01116186 0 -6.53533e-4 -0.01214855 0 7.13948e-4 -0.01207166 0 0.001313328 -0.01085358 0 2.66616e-4 -0.009705662 0 -0.001010119 -0.01020133 0 -0.008849859 -0.008492112 0 -0.009019851 -0.007544875 0 -0.0080114 -0.009019851 0 -0.006887733 -0.008754611 0 -0.006538271 -0.007430315 0 -0.007330775 -0.006570637 0 -0.008492112 -0.006706476 0 -0.01207166 -7.13948e-4 0 -0.01085358 -0.001313328 0 -0.009705662 -2.66616e-4 0 -0.01020133 0.001010119 0 -0.01116186 0.001253008 0 -0.01214855 6.53533e-4 0 -0.008754611 0.006887733 0 -0.009019851 0.0080114 0 -0.007430315 0.006538271 0 -0.006570637 0.007330775 0 -0.00663644 0.008319318 0 -0.007330775 0.008985638 0 -0.008492112 0.008849859 0 -0.001313328 0.01085358 0 -2.66616e-4 0.009705662 0 0.001010119 0.01020133 0 0.001253008 0.01116186 0 6.53533e-4 0.01214855 0 -7.13948e-4 0.01207166 0 0.006538271 0.007430315 0 0.007330775 0.006570637 0 0.008492112 0.006706476 0 0.009019851 0.007544875 0 0.008849859 0.008492112 0 0.0080114 0.009019851 0 0.006887733 0.008754611 0 0.009010136 -0.004298567 0 0.007947623 -0.00478661 0 0.006928265 -0.004213929 0 0.006758272 -0.003266692 0 0.007286012 -0.002428293 0 0.009203791 -0.0029549 0 -0.004298567 -0.009010136 0 -0.00478661 -0.007947623 0 -0.004213929 -0.006928265 0 -0.003266692 -0.006758272 0 -0.002428293 -0.007286012 0 -0.002258241 -0.008233249 0 -0.0029549 -0.009203791 0 -0.009010136 0.004298567 0 -0.007947623 0.00478661 0 -0.006928265 0.004213929 0 -0.006758272 0.003266692 0 -0.007286012 0.002428293 0 -0.008233249 0.002258241 0 -0.009203791 0.0029549 0 0.004298567 0.009010136 0 0.00478661 0.007947623 0 0.004213929 0.006928265 0 0.003266692 0.006758272 0 0.002428293 0.007286012 0 0.002258241 0.008233249 0 0.0029549 0.009203791 0 0.01224172 0.005766689 0 0.01154506 0.004796147 0 0.01039445 0.004891097 0 0.009760141 0.005652129 0 0.01010954 0.006976425 0 0.01123321 0.007241725 0 0.01207166 0.006713926 0 0.005766689 -0.01224172 0 0.004796147 -0.01154506 0 0.004891097 -0.01039445 0 0.005652129 -0.009760141 0 0.006976425 -0.01010954 0 0.007241725 -0.01123321 0 0.006713926 -0.01207166 0 -0.01224172 -0.005766689 0 -0.01154506 -0.004796147 0 -0.01039445 -0.004891097 0 -0.009760141 -0.005652129 0 -0.01010954 -0.006976425 0 -0.01123321 -0.007241725 0 -0.01207166 -0.006713926 0 -0.005766689 0.01224172 0 -0.004796147 0.01154506 0 -0.004891097 0.01039445 0 -0.005652129 0.009760141 0 -0.006976425 0.01010954 0 -0.007241725 0.01123321 0 -0.006713926 0.01207166 0 0.00166738 -0.004814147 1.85335e-5 7.32464e-5 -0.00507003 6.45513e-5 0.003048121 -0.004059851 5.26639e-5 0.004045069 -0.002938926 1.99952e-4 0.004755258 -0.001545071 1.99952e-4 0.005076169 7.96771e-5 5.26639e-5 0.004815876 0.001670897 1.33445e-5 0.004058659 0.0030393 6.45513e-5 0.002920806 0.004144787 6.45513e-5 0.001545071 0.004755258 1.99952e-4 0 0.004999995 1.99952e-4 -0.001720249 0.004818797 1.86394e-5 -0.002938926 0.004045069 1.99952e-4 -0.004045069 0.002938926 1.99952e-4 -0.004874825 0.001480698 1.85336e-5 -0.00507003 -7.32464e-5 6.45513e-5 -0.004796862 -0.001544475 8.01058e-5 -0.004078686 -0.003016114 5.45301e-5 -0.002952873 -0.004134297 1.23359e-5 -0.001492977 -0.004821956 7.61559e-5 -0.003715872 0.003684878 5.70555e-7 9.70272e-4 0.005165278 2.39262e-7 0.004612565 -0.002518892 3.0306e-7 0.008862495 0.004108011 3.30008e-4 0.008014976 0.004555165 3.30008e-4 0.00715512 0.00413233 3.30008e-4 0.006974875 0.003347933 3.27029e-4 0.00736761 0.002655148 3.30008e-4 0.008152008 0.002474844 3.27029e-4 0.008954763 0.002993464 3.35774e-4 0.009392738 0.003213107 4.93244e-6 0.008584201 0.00226736 4.71933e-7 0.007517158 0.002196729 9.08544e-7 0.006767511 0.00291574 5.89875e-7 0.006764054 0.0042032 4.93246e-6 0.007825195 0.004853069 1.96683e-7 0.008861303 0.004589498 1.81585e-6 0.004108011 -0.008862495 3.30008e-4 0.004555165 -0.008014976 3.30008e-4 0.00413233 -0.00715512 3.30008e-4 0.003347933 -0.006974875 3.27029e-4 0.002655148 -0.00736761 3.30008e-4 0.002474844 -0.008152008 3.27029e-4 0.002993464 -0.008954763 3.35774e-4 0.003248155 -0.009340643 3.93309e-7 0.002204596 -0.008586525 4.9324e-6 0.002302885 -0.007346272 5.89877e-7 0.003124833 -0.006662726 1.81587e-6 0.004550218 -0.007042288 5.54649e-6 0.004840552 -0.008251786 4.71947e-7 0.004270017 -0.009155809 1.81591e-6 -0.008862495 -0.004108011 3.30008e-4 -0.008014976 -0.004555165 3.30008e-4 -0.00715512 -0.00413233 3.30008e-4 -0.006974875 -0.003347933 3.27029e-4 -0.00736761 -0.002655148 3.30008e-4 -0.008152008 -0.002474844 3.27029e-4 -0.008954763 -0.002993464 3.35774e-4 -0.009340941 -0.003248095 1.24228e-7 -0.008770823 -0.00234282 3.34862e-7 -0.007295072 -0.002261102 1.71148e-6 -0.006604969 -0.003787338 2.77896e-6 -0.007842421 -0.00491321 4.93251e-6 -0.009156048 -0.004270136 1.58919e-6 -0.004108011 0.008862495 3.30008e-4 -0.004555165 0.008014976 3.30008e-4 -0.00413233 0.00715512 3.30008e-4 -0.003347933 0.006974875 3.27029e-4 -0.002655148 0.00736761 3.30008e-4 -0.002474844 0.008152008 3.27029e-4 -0.002993464 0.008954763 3.35774e-4 -0.003443479 0.009388864 6.69552e-7 -0.002342939 0.008770763 4.38751e-7 -0.002159059 0.007748067 1.81556e-7 -0.002912521 0.006702482 2.77895e-6 -0.004362225 0.00690931 3.85592e-7 -0.004852771 0.007825195 4.71944e-7 -0.004589498 0.008861303 1.81585e-6 0.007064521 0.01081329 3.35774e-4 0.006632328 0.01184481 3.30008e-4 0.00552529 0.01197093 3.35774e-4 0.004944801 0.01101499 3.30008e-4 0.005367577 0.01015514 3.30008e-4 0.006311774 0.009991765 3.30008e-4 0.007235884 0.01029676 4.93239e-6 0.00571233 0.009603559 1.39091e-6 0.004586219 0.01084238 4.44092e-6 0.005063176 0.01199197 0 0.006056427 0.01238822 1.2716e-6 0.007155597 0.01176983 2.11801e-6 0.01081329 -0.007064521 3.35774e-4 0.01184481 -0.006632328 3.30008e-4 0.01197093 -0.00552529 3.35774e-4 0.01101499 -0.004944801 3.30008e-4 0.01015514 -0.005367577 3.30008e-4 0.009991765 -0.006311774 3.30008e-4 0.01029676 -0.007235884 4.93239e-6 0.00961095 -0.005943477 5.53157e-7 0.01023012 -0.004844367 2.118e-6 0.01170319 -0.00476402 4.93241e-6 0.01238822 -0.006056427 1.2716e-6 0.01176983 -0.007155597 2.11801e-6 -0.007064521 -0.01081329 3.35774e-4 -0.006632328 -0.01184481 3.30008e-4 -0.00552529 -0.01197093 3.35774e-4 -0.004944801 -0.01101499 3.30008e-4 -0.005367577 -0.01015514 3.30008e-4 -0.006311774 -0.009991765 3.30008e-4 -0.007387697 -0.01094353 1.81591e-6 -0.006587922 -0.00970143 1.64819e-6 -0.005138456 -0.009910285 1.58913e-6 -0.004647314 -0.01082521 5.89893e-7 -0.004910469 -0.01186132 1.81587e-6 -0.005825221 -0.01235276 4.71942e-7 -0.006861329 -0.01208949 1.81588e-6 0.008844494 -0.009499967 0 0.008233249 -0.002258241 0 0.001699984 -0.009499967 0 -0.009646832 0.006174802 1.31124e-7 -0.009499967 0.001699984 0 -0.009909391 0.005137801 4.89363e-7 -0.009499967 -0.009499967 0 -0.009499967 0.008844494 0 -0.01029676 0.007235884 4.93239e-6 -0.01176983 0.007155597 2.11801e-6 -0.01241374 0.005842387 4.44076e-6 -0.01128697 0.004606723 4.44089e-6 -0.01081329 0.007064521 3.35774e-4 -0.009991765 0.006311774 3.30008e-4 -0.01015514 0.005367577 3.30008e-4 -0.01101499 0.004944801 3.30008e-4 -0.01197093 0.00552529 3.35774e-4 -0.01184481 0.006632328 3.30008e-4</float_array>
          <technique_common>
            <accessor source="#Link05-mesh-positions-array" count="1658" stride="3">
              <param name="X" type="float"/>
              <param name="Y" type="float"/>
              <param name="Z" type="float"/>
            </accessor>
          </technique_common>
        </source>
        <source id="Link05-mesh-normals">
          <float_array id="Link05-mesh-normals-array" count="8331">0 1 0 0 1 -7.89898e-7 0 1 6.03502e-7 0 1 -1.89271e-6 0 1 2.19294e-6 0.9975343 0.02261644 -0.06643599 0.7269876 0.01184302 -0.6865485 0.1844097 0.04716223 -0.9817172 -0.4716585 0.04790371 -0.8804791 -0.9774313 0.07925897 -0.1958217 -0.7665378 0.06512624 0.6388884 -0.1359514 0.04790353 0.9895567 0.6770873 0.04555147 0.7344917 0.7679734 -0.02261614 0.6400824 0.1844096 -0.04716235 0.9817174 -0.4716603 -0.04790413 0.8804782 -0.9774312 -0.07925814 0.1958225 -0.7665399 -0.06512606 -0.6388859 -0.1359544 -0.04790401 -0.9895563 0.6398001 -0.03743481 -0.7676292 0.9905996 -0.01380985 -0.136094 0 1 1.22988e-6 0 1 -2.37977e-6 0 1 3.28778e-7 0 1 2.36084e-7 -1.41571e-7 1 0 5.57018e-7 1 0 -1.07821e-6 1 0 -1.05933e-6 1 0 0 1 -6.55715e-7 -4.90035e-7 1 6.02387e-7 0 1 -6.5349e-7 0.9032295 -0.02959465 -0.4281362 0.5166523 -0.02520823 -0.8558242 0.1161682 -0.05470615 -0.9917219 -0.4276678 -0.05532038 -0.9022416 -0.8772742 -0.02959537 -0.4790765 -0.9880312 -0.08661258 0.1276431 -0.724307 -0.0866124 0.6840158 -0.1839206 -0.08661234 0.9791178 0.4267148 -0.08661246 0.9002294 0.8546724 -0.05764025 0.515958 0.9923387 0.04185444 0.1162418 0.9913237 0.02959537 0.1280688 0.7243077 0.0866118 0.6840152 0.1839206 0.08661234 0.9791178 -0.4267147 0.08661264 0.9002293 -0.8743607 0.0866124 0.4774846 -0.994717 0.05763995 -0.08494633 -0.8711439 -0.04185497 -0.4892408 -0.5166528 0.02520823 -0.8558239 -0.1161687 0.05470621 -0.9917218 0.4276685 0.05532008 -0.9022414 0.8772745 0.02959537 -0.4790759 0 1 -1.59265e-6 0 1 1.30736e-6 0 1 1.68062e-6 0 1 1.29973e-6 0 1 -1.29973e-6 0 1 -2.10079e-6 0 1 4.20157e-7 0 1 -1.51262e-6 0 1 1.75262e-6 0 1 -2.38898e-6 0 1 4.31799e-7 0 1 1.2129e-6 0 1 3.67637e-6 0 1 -3.03227e-7 0 1 -6.98152e-7 -0.8720763 0.2619368 -0.4133668 -0.4625517 0.2619386 -0.8470149 0.08290195 0.2252132 -0.9707762 0.4896691 0 -0.8719084 0.8470158 0.2619412 -0.4625487 0.9707753 0.2252172 0.08290123 0.8719103 0 0.4896659 0.5035412 0.2252162 0.8341007 0.1163426 0 0.9932091 -0.4133704 0.2619342 0.8720753 -0.8341053 0.2252113 0.5035358 -0.9932093 0 0.1163418 -0.9707766 -0.2252116 0.08290135 -0.8719056 0 0.4896742 -0.462548 -0.261937 0.8470174 0.08290117 -0.2252116 0.9707766 0.4896644 0 0.871911 0.8341022 -0.2252164 0.5035387 0.993209 0 0.1163445 0.8720741 -0.2619405 -0.4133691 0.5035378 -0.2252165 -0.8341027 0.1163413 0 -0.9932093 -0.4133678 -0.2619324 -0.8720772 -0.8470165 -0.2619327 -0.4625523 0 1 -1.38735e-6 0 1 6.93699e-7 0 1 6.93698e-7 0 1 1.33416e-6 0 1 -1.13338e-6 0 1 -8.98684e-7 0 1 6.37751e-7 0 1 1.06002e-6 0 1 1.61376e-7 0 1 -1.35354e-6 0 1 -6.93818e-7 0 1 1.11742e-6 0.9898215 0 -0.1423147 0.9096324 0 -0.4154143 0.7557501 0 -0.6548601 0.5406413 0 -0.8412533 0.281731 0 -0.9594935 0 0 -1 -0.2817341 0 -0.9594925 -0.5406438 0 -0.8412517 -0.7557501 0 -0.6548601 -0.9096326 0 -0.4154137 -0.9898215 0 -0.1423144 -0.9898215 0 0.1423147 -0.9096326 0 0.4154137 -0.7557501 0 0.6548601 -0.5406425 0 0.8412525 -0.281731 0 0.9594935 0 0 1 0.2817341 0 0.9594925 0.5406425 0 0.8412525 0.7557501 0 0.6548601 0.9096324 0 0.4154143 0.9898215 0 0.1423147 0.9898215 0 0.1423151 0.909632 0 0.4154151 0.7557493 0 0.6548612 0.540641 0 0.8412535 0.2817301 0 0.9594938 -0.2817332 0 0.9594928 -0.540641 0 0.8412535 -0.7557493 0 0.6548612 -0.9096311 0 0.4154172 -0.9898215 0 -0.1423147 -0.9096311 0 -0.4154172 -0.7557493 0 -0.6548612 -0.5406398 0 -0.8412542 -0.2817301 0 -0.9594938 0.2817332 0 -0.9594928 0.5406422 0 -0.8412528 0.7557493 0 -0.6548612 0.909632 0 -0.4154151 0.9898214 0 -0.1423149 -0.001742064 0.9999981 -8.93874e-4 -1.45731e-4 0.9999727 -0.007398962 -8.10587e-4 0.9999997 -1.17447e-4 6.13125e-4 0.9999706 -0.007651031 -0.00163114 0.9999986 -4.09387e-4 -8.30697e-4 0.9999967 0.002407491 -0.001256108 0.9999974 -0.00195533 -7.51832e-4 0.9999998 -3.42452e-4 -0.005230545 0.9999009 0.01307564 -0.001474678 0.9999988 6.74104e-4 0.004516243 0.9999725 0.005891799 -0.001435935 0.9999983 -0.001244544 -0.001596868 0.9999987 2.29681e-4 -0.004704535 0.9999884 -0.001000404 -5.71926e-4 0.9999998 4.94239e-4 7.07692e-4 0.9999677 0.008017659 0.005722403 0.9999775 -0.003521561 0.00410819 0.9999712 0.00639218 4.61296e-4 0.9999998 3.99208e-4 -0.003305733 0.9999595 -0.008379518 -3.94085e-4 0.9999991 0.001344084 0.00267142 0.9999878 -0.004156112 -5.02568e-4 0.9999997 7.82194e-4 0.006326377 0.9999759 -0.002888441 0.001563251 0.9999847 -0.005323231 0.00845915 0.9999629 -0.001617729 0 0.9999606 0.008883833 -0.01484757 0.9986112 -0.05055081 0.004150986 0.9999849 -0.003596186 -0.004250764 0.9999389 0.01021379 9.78257e-4 0.9999995 1.41178e-4 0 0.9999638 -0.008519172 6.10671e-4 0.9999998 2.78978e-4 0.002077162 0.9999729 0.007073998 0.009286582 0.999956 -0.001336097 -4.65829e-4 0.9999943 -0.003360569 -0.4838861 0.718988 0.4989096 -0.3707218 0.8874522 0.2738505 -0.4472073 0.7588023 0.4735237 -0.1406057 0.7887308 0.5984428 -0.8397459 0.3974635 0.3699318 -0.5318266 0.3794484 0.7570861 -0.4193354 0.389908 0.8198351 -0.8369362 0.4017054 0.3717132 -0.155442 0.7824504 0.6030002 -0.4850336 0.7311 0.4798284 -0.5947899 0.7610749 0.2588249 -0.260591 0.9620744 -0.08065509 -0.4443973 0.7156075 -0.5389036 -0.5914838 0.754918 -0.283277 -0.423646 0.3925703 -0.816341 -0.845654 0.3868079 -0.3677624 -0.844203 0.3970913 -0.3600555 -0.5196681 0.3967059 -0.7566832 -0.5738676 0.7788446 -0.2531347 -0.4545618 0.7657041 -0.4550504 -0.08878332 0.8089167 -0.5811811 -0.2803278 0.8777428 -0.3885666 0.5470442 -0.2539135 -0.7976658 0.2832546 0.9321975 -0.2253324 0.3605728 0.7278963 -0.5832274 0.1796262 0.7761544 -0.6044162 0.7926138 0.454182 -0.406795 0.5570829 0.4107105 -0.7217864 0.194624 0.4003906 -0.8954378 0.4487837 0.5188335 -0.7276023 0.8213689 0.4107162 -0.3958098 0.6398634 0.7223334 -0.2623154 0.001089572 0.9529319 -0.3031826 0.3611268 0.7244738 -0.5871332 0.1363842 0.5207349 -0.8427541 0.4113992 0.9111065 -0.02521526 0.7908731 0.6105445 -0.04189682 0.889907 0.4559608 -0.01286137 0.9128736 0.4076159 -0.02260917 0.500613 0.8656418 -0.007128298 0.3704026 0.8690076 -0.3280667 0.2818507 0.7380359 -0.6130769 0.3454968 0.8706988 -0.3500224 0.9972653 -0.03380137 -0.06572234 0.9987599 0.04415065 -0.02301138 0.9998823 -0.007945835 -0.01312631 0.6401206 0.07245814 -0.7648499 0.8993937 -0.05402749 -0.4337879 0.5491678 0.006186664 -0.8356893 0.7399762 0.5922238 -0.3189141 0.8845747 0.2411524 -0.3992158 0.3764941 0.5028113 -0.7780957 0.4506846 0.3209586 -0.8329881 0.6236008 0.04089462 -0.7806726 0.118298 0.05376332 -0.9915216 0.3878949 0.842844 -0.3730303 0.3675649 0.9097482 -0.1930139 0.6400093 0.07173919 -0.765011 0.4706879 0.3802815 -0.7961401 0.7422806 0.5198078 -0.4228705 0.4941005 0.7121632 -0.4986864 0.044025 0.007864773 -0.9989995 0.03798335 0.01240932 -0.9992014 0.5308172 0.4844017 -0.695405 0.9465193 0.265692 -0.1830551 0.8041015 0.3466193 -0.4829865 0.6671405 0.6446638 -0.3732724 0.2280766 0.3290078 -0.9163706 0.6781408 0.4727604 -0.5626925 0.3694391 0.3548591 -0.8588306 0.5425649 0.01430982 -0.839892 0.7964423 0.05743008 -0.6019814 0.4845632 -0.01554077 -0.8746183 1.48218e-4 0.6889601 -0.7247992 -0.001585304 0.7647955 -0.6442713 -4.1293e-4 0.4329625 -0.9014119 2.11809e-4 0.4770005 -0.8789031 0.001382231 0.9595928 -0.2813892 -0.5339899 0.8415778 -0.0812506 -0.7176669 0.6957014 -0.03088515 -0.6361809 0.7715377 0.001900017 -0.9136669 0.4064003 -0.007196664 -0.8876237 0.4598804 -0.02518469 -0.2395744 0.9706066 -0.02295655 -0.9174119 0.006994545 -0.3978775 -0.6889234 0.005333542 -0.7248146 -0.2535318 -0.004138827 -0.9673182 -0.5665758 0.06064218 -0.8217751 -0.9086977 0.01695442 -0.4171105 -0.02805578 0.7859875 -0.6176056 -0.01966243 0.3971608 -0.9175384 -0.01447689 0.414067 -0.9101313 -0.02769637 0.7865466 -0.6169095 -0.6125508 0.7388986 -0.280732 -0.2595797 0.7783414 -0.5716669 -0.422501 0.8442968 -0.32963 -0.05261802 -0.03863012 -0.9978673 -0.01493084 0.02040779 -0.9996802 -0.01391851 0.01451444 -0.9997978 -0.692347 0.5062869 -0.5141295 -0.3602615 0.3439307 -0.8671352 -0.2102353 0.310476 -0.9270414 -0.9161144 0.3371972 -0.2168697 -0.8564575 0.2851816 -0.430293 -0.5334254 0.0970155 -0.8402652 -0.5026108 0.5162441 -0.6934512 -0.8455218 0.3531621 -0.4004617 -0.8485799 -0.04070991 -0.5274987 -0.5296722 0.0639705 -0.8457867 -0.9469461 0.0212084 -0.3206921 -0.7268353 0.6868119 -3.37468e-4 -0.6449599 0.7642042 0.004324555 -0.9007602 0.4343155 0.00117737 -0.8807197 0.4736378 -3.7189e-4 -0.2314213 0.9728422 -0.004736065 -0.1506524 0.523956 0.8383163 -0.02689331 0.7054988 0.7082008 0.001899003 0.7715416 0.6361762 -0.006183981 0.4063575 0.9136934 -0.0248906 0.4626483 0.8861925 -0.02313172 0.9714058 0.2362962 -0.2877749 -0.01243734 0.9576174 -0.6833356 0.08302837 0.7253681 -0.9130529 -0.04789721 0.4050192 -0.6625916 0.06533914 0.7461254 -0.6457012 0.7635757 0.004726886 -0.9175845 0.3970941 0.01884329 -0.9085906 0.4174371 0.01446968 -0.7952411 0.6049513 0.04032164 -0.4204372 0.9064021 0.04083997 -0.2810247 0.7490979 0.5998979 -0.5733261 0.7805945 0.2489369 -0.3316121 0.8563964 0.3957505 -0.9995539 -0.02946418 0.004899561 -0.9994906 0.03191125 -5.44787e-4 -0.9991677 -0.04033261 0.006100773 -0.9999874 0.005021989 -2.05705e-5 -0.01409471 0.02543121 0.9995772 -0.01703643 0.04386949 0.998892 -0.03153944 -0.001612305 0.9995012 -0.5288415 0.4835847 0.6974759 -0.789413 0.3789463 0.4829356 -0.9302284 0.3094539 0.1972647 -0.2369042 0.3350294 0.9119384 -0.6823936 0.4718657 0.5582847 -0.365141 0.3571956 0.8596997 -0.5425524 0.01498901 0.8398883 -0.4833543 -0.01577818 0.8752827 -0.800224 0.05849856 0.5968415 -0.3657155 0.8740885 0.3197212 -0.2818495 0.7380409 0.6130714 -0.3480114 0.8755531 0.3351042 -0.997346 -0.0340107 0.06437581 -0.9988871 0.04153186 0.02235418 -0.9998817 -0.006750166 0.0138266 -0.5308175 0.4844011 0.6954052 -0.9467812 0.2649714 0.1827441 -0.804272 0.3451308 0.4837678 -0.6691673 0.639748 0.3780711 -0.2281985 0.3290308 0.916332 -0.6769896 0.4729399 0.5639263 -0.369447 0.3548523 0.8588299 -0.5282704 0.006819605 0.8490489 -0.7964487 0.05742907 0.601973 -0.484564 -0.01554113 0.8746178 -1.27129e-4 0.6889591 0.7248002 0.001684486 0.768972 0.6392802 4.33488e-4 0.4358739 0.9000076 -1.4002e-4 0.4752637 0.8798434 -0.001315176 0.9593446 0.2822347 0.3430088 0.9385926 0.03726923 0.6546271 0.7559137 0.007608056 0.7124485 0.7013384 0.02327305 0.8894267 0.4565943 0.02102196 0.90968 0.4152531 0.006868898 0.4783459 0.8755617 0.0676546 0.28011 0.7760136 0.5651029 0.005659699 -0.02524399 0.9996653 0.006982684 0.007817983 0.9999452 0.007632076 -0.04009997 0.9991666 -1.68757e-4 0.009746551 0.9999525 -2.48525e-4 0.008772492 0.9999616 0.6689639 0.4998962 0.5500828 0.4829259 0.3789466 0.7894189 0.1975176 0.3095356 0.9301476 0.9141855 0.3325683 0.2316536 0.5892511 0.5120367 0.6249814 0.8599055 0.3563259 0.3655056 0.8398824 0.01498895 0.5425614 0.8752815 -0.01577806 0.4833562 0.5968277 0.05850243 0.8002339 0.9998788 0.01363056 0.007529675 0.9993142 0.03528225 0.01124197 0.9998208 -0.002015888 0.01882392 0.3722475 0.8023143 0.4666087 0.4033703 0.9120569 0.07378911 0.4529964 0.7523968 0.4782192 0.5732805 0.3715081 0.7302954 0.8327951 0.4664088 0.2981864 0.1636571 0.8633701 0.477293 0.06474399 0.9732279 0.2205353 0.1270409 0.7024084 0.7003449 0.8474525 0.4027915 0.3458084 0.6065897 0.4625239 0.6466224 0.3292357 0.5071348 0.7965038 0.6051436 0.7469354 0.2754792 0.3454631 0.8371304 0.4241086 0.9110612 0.02652442 0.411417 0.5710604 0.04891818 0.8194493 0.4134261 -0.005916535 0.9105186 0.6783093 0.003867745 0.7347664 0.9284589 0.00769633 0.3713557 0.2073205 0.3999115 0.8927985 0.1345245 0.475493 0.8693732 0.107821 0.1444674 0.9836177 0.42753 0.1854953 0.8847654 0.3034313 0.5920995 0.7465572 0.486567 0.4197505 0.7661999 0.3363094 0.8178286 0.4669608 0.6486034 0.5058729 0.5686882 0.8373072 0.1095782 0.5356392 0.8485368 0.08723044 0.5218968 0.8323942 0.3786748 0.4046301 0.606254 0.7231455 0.3309332 0.3548312 0.7959554 0.4904589 0.4014836 0.2744154 0.873789 0.06880128 -0.08187299 0.9942652 0.02596998 0.01027458 0.99961 0.1142429 0.9934454 0.003859519 0.9858021 0.1678789 -0.00329864 0.7793046 0.6266067 -0.006975471 0.6480967 0.7615399 0.005257844 0.3639962 0.9314001 8.07017e-4 0.403755 0.9148641 -0.002343595 0.9094804 0.4157088 0.005622506 0.9893113 0.1458044 -0.00208801 -0.612406 0.7390533 -0.2806408 -0.2523359 0.7781744 -0.5751273 -0.4039488 0.8519307 -0.333226 -0.02446192 0.0131458 -0.9996144 -0.001256346 0.01963567 -0.9998064 2.38059e-4 0.01127314 -0.9999365 -1.72612e-4 0.006142616 -0.9999812 0.001594781 -0.0012362 -0.999998 -0.9998947 0.008893549 -0.01146364 -0.9989838 0.04185223 -0.01673209 -0.9983591 -0.03652358 -0.04410547 -0.6952958 0.4844011 -0.5309609 -0.2065561 0.2990297 -0.9316201 -0.4745337 0.3660271 -0.800526 -0.9162586 0.3286428 -0.2290509 -0.5593311 0.4722677 -0.6812577 -0.8607726 0.3528056 -0.366877 -0.5305967 -0.01699507 -0.8474541 -0.882544 0.05265218 -0.4672728 -0.6125588 0.02461898 -0.7900416 0.9999995 0.001049935 1.71021e-4 0.9999989 0.001547217 1.71021e-4 0.9954522 -0.03692257 0.08781629 0.9999977 -4.49412e-4 -0.002094507 0.9998431 0.00484085 0.01704281 0.9999907 4.55621e-4 0.004313588 0.9999977 2.09191e-4 0.002139866 0.9969673 -0.04186463 0.06560182 0.9999901 7.97117e-5 0.004474222 0.9999677 0.006531417 0.004686951 0.9999866 4.53795e-4 -0.005161583 0.999821 -0.01891613 -3.53817e-4 0.9999046 -0.0137844 -0.001001358 0.9999993 -8.84044e-4 8.91462e-4 0.9991629 -0.01575285 -0.03775322 0.9996148 -0.01758337 -0.02147394 0.8461753 -0.02904421 -0.5321127 0.9106957 0.02784794 -0.4121383 0.850072 0.06622689 0.522486 0.8940027 -7.3025e-4 -0.448061 0.4873933 -0.001051306 -0.873182 0.4557464 2.83771e-4 -0.8901097 0.8709355 0.0010342 -0.4913963 0 1 1.50685e-6 0 1 -6.83699e-7 0 1 2.0391e-6 1 0 0 0.851382 0.06570202 0.5204152 0.4557576 -2.8377e-4 0.8901039 0.8724421 -0.001045644 0.4887164 0.89187 4.72446e-4 0.4522918 0.4874001 0.001051306 0.8731783 0 -1 -6.86917e-7 0 -1 0 0 1 -2.34256e-6 0.8494634 -0.02566945 -0.527023 0.9070642 0.02880346 -0.420006 0 -1 1.36233e-6 0 -1 -5.16741e-7 0 -1 -2.25475e-6 -2.32077e-7 1 1.32241e-6 -0.9999846 0.00484848 0.002719461 -1 0 0 0.5689642 0.01756757 -0.8221747 0.5724841 0.02951037 -0.8193846 0.5661126 0 -0.824328 0.5623045 0.004218637 -0.8269196 0.5566806 -0.02555024 -0.8303336 0.4280598 0.04452925 -0.9026529 -2.32077e-7 1 0 -0.9999991 0.001362979 0 -0.9999997 0 -7.62863e-4 0.560965 -0.01872152 0.827628 0.5623072 0.003307461 0.8269219 0.5654425 -0.02681416 0.8243519 0.5653097 0 0.8248789 0.5718751 -0.06404453 0.817837 0.4409921 0.04212969 0.8965218 -0.4938865 0 0.8695265 -0.4999767 -0.01002657 0.8659808 0 1 5.92945e-7 4.50056e-7 1 7.14984e-7 -4.90798e-7 1 0 -5.06831e-7 1 0 3.98816e-7 1 0 5.42673e-7 1 1.39086e-6 8.30257e-7 1 0 -4.28347e-7 1 2.34191e-6 3.68733e-7 1 4.45452e-7 0 1 0 0 1 -1.95991e-6 2.4116e-7 1 0 -0.1765539 -0.04086947 0.9834421 -0.8965188 -0.04033124 0.4411661 -0.7719498 -0.08486688 -0.6299929 0.1698186 -0.06563919 -0.9832869 0.9508028 -0.06511211 -0.3028773 0.9031212 0.03347367 0.428079 0.479259 -0.008792936 0.8776295 0.3713922 0.02780324 0.9280598 0.9223546 0.01183629 0.3861634 0.7719481 0.08486706 -0.6299951 -0.1698188 0.06563913 -0.983287 -0.9508019 0.06511324 -0.3028798 -0.9031215 -0.03347337 0.4280783 -0.4352166 0.04086953 0.8993977 0.4999762 -0.01002633 0.8659812 0.4938865 0 0.8695263 2.32077e-7 1 0 -2.32077e-7 1 0 -0.493886 0 0.8695268 -0.4999767 -0.01002693 0.8659808 3.98816e-7 1 2.18045e-6 5.42675e-7 1 -6.95432e-7 4.50055e-7 1 0 -8.8145e-7 1 0 3.12761e-7 1 0 -2.89893e-7 1 4.94062e-7 -2.49978e-7 1 0 -5.41145e-7 1 0 0 1 0 -4.05836e-7 1 2.21883e-6 0 1 -1.96525e-6 -0.3713915 -0.02780318 0.92806 -0.9223544 -0.01183629 0.3861637 -0.7719473 -0.084867 -0.6299961 0.1698185 -0.06563901 -0.983287 0.9508017 -0.06511324 -0.3028804 0.9031212 0.03347337 0.4280792 0.4352161 -0.04086953 0.8993979 0.1765544 0.04086959 0.9834421 0.8965193 0.04033124 0.4411652 0.7719503 0.08486694 -0.6299924 -0.169819 0.06563931 -0.9832869 -0.9508029 0.06511211 -0.3028767 -0.9031214 -0.03347367 0.4280785 -0.4792598 0.008792996 0.877629 0.4999764 -0.01002591 0.8659811 0.4938871 0 0.8695262 2.32077e-7 1 -1.32241e-6 0.9940568 -0.09940654 0.04437762 4.16454e-7 1 0 0 1 -1.24732e-6 -0.005551457 -0.01950037 0.9997944 -0.006092786 -0.01827907 0.9998145 1.94026e-6 0 1 -0.03323316 0.01445263 0.9993432 0.01904869 4.95165e-4 0.9998185 0.006531715 -0.01959091 0.9997867 0.005996346 -0.02106171 0.9997602 -0.4858419 0 0.8740467 -0.4998677 -0.02316296 0.865792 -2.49978e-7 1 -1.22817e-6 3.54089e-7 1 9.67959e-7 -3.88451e-7 1 0 4.18862e-7 1 -1.27684e-6 -8.58038e-7 1 0 -2.97171e-7 1 0 -4.05836e-7 1 2.21883e-6 6.90235e-7 1 1.62724e-6 4.49282e-7 1 -4.84011e-7 -5.32331e-7 1 2.22266e-6 7.92711e-7 1 0 4.01009e-7 1 0 0 1 -1.39012e-6 -0.3715325 0.00439161 0.9284096 -0.9001002 -0.01025223 0.4355626 -0.908309 -0.029944 -0.417227 -0.1964318 0.006484091 -0.9804961 0.6401584 -0.01679623 -0.7680594 0.9965423 -0.01183462 -0.08223992 0.5411622 -0.03168499 0.8403212 0.6319556 0.0316841 0.7743567 0.9977805 -0.004389822 -0.0664457 0.6923896 0.01025336 -0.721451 -0.1701479 0.02107918 -0.9851931 -0.9524444 0.02819287 -0.3034053 -0.9036031 -0.007144689 0.4283112 -0.386159 0.01183509 0.9223563 0.4999355 -0.01626366 0.86591 0.4899907 0 0.8717278 -2.32077e-7 -1 0 -0.9999992 -0.001363992 0 -0.9999997 0 7.62864e-4 0.5656457 -4.60495e-5 -0.8246484 0.5600219 0.02266103 -0.8281679 0.5623069 -0.003306806 -0.8269221 0.5591666 0.02108335 -0.8287872 0.5653077 0 -0.8248801 0.4410022 -0.04158025 -0.8965423 -2.32077e-7 -1 -1.32241e-6 -0.9999858 -0.004658341 -0.002612948 0.571127 -0.02074635 0.8205996 0.5665751 0 0.8240101 0.5623039 -0.004731535 0.8269172 0.5549598 0.03467696 0.8311542 0.5827963 -0.06226444 0.8102293 0.427533 -0.03442758 0.903344 -0.4999764 0.01002591 0.8659811 -0.4938871 0 0.8695262 0 -1 -8.21851e-7 -5.42675e-7 -1 -6.95432e-7 8.8145e-7 -1 0 2.89893e-7 -1 4.94062e-7 -3.98816e-7 -1 2.18045e-6 -5.41294e-7 -1 2.97814e-7 2.45064e-7 -1 0 2.49978e-7 -1 0 4.05836e-7 -1 2.21883e-6 -3.12761e-7 -1 0 0 -1 -7.28963e-7 5.41145e-7 -1 0 -0.1765544 -0.04086959 0.9834421 -0.8965193 -0.04033124 0.4411652 -0.7719503 -0.08486694 -0.6299924 0.169819 -0.06563931 -0.9832869 0.9508029 -0.06511211 -0.3028767 0.9031214 0.03347367 0.4280785 0.4792598 -0.008792996 0.877629 0.3713915 0.02780318 0.92806 0.9223544 0.01183629 0.3861637 0.7719473 0.084867 -0.6299961 -0.1698185 0.06563901 -0.983287 -0.9508017 0.06511324 -0.3028804 -0.9031212 -0.03347337 0.4280792 -0.4352161 0.04086953 0.8993979 0.493886 0 0.8695268 0.4999767 0.01002693 0.8659808 2.32077e-7 -1 0 -2.32077e-7 -1 0 -0.4999762 0.01002633 0.8659812 -0.4938865 0 0.8695263 0 -1 -1.47394e-6 2.89892e-7 -1 4.94061e-7 0 -1 -1.25474e-6 8.81453e-7 -1 0 -4.50056e-7 -1 7.14984e-7 4.28347e-7 -1 2.34191e-6 -5.42673e-7 -1 1.39086e-6 -8.30257e-7 -1 0 5.06831e-7 -1 0 -3.98816e-7 -1 0 0 -1 0 -3.68733e-7 -1 4.45452e-7 -0.3713922 -0.02780324 0.9280598 -0.9223546 -0.01183629 0.3861634 -0.7719481 -0.08486706 -0.6299951 0.1698188 -0.06563913 -0.983287 0.9508019 -0.06511324 -0.3028798 0.9031215 0.03347337 0.4280783 0.4352166 -0.04086953 0.8993977 0.1765539 0.04086947 0.9834421 0.8965188 0.04033124 0.4411661 0.7719498 0.08486688 -0.6299929 -0.1698186 0.06563919 -0.9832869 -0.9508028 0.06511211 -0.3028773 -0.9031212 -0.03347367 0.428079 -0.479259 0.008792936 0.8776295 0.4938865 0 0.8695265 0.4999767 0.01002657 0.8659808 -0.4938868 0 -0.8695263 -0.4999753 0.01002597 -0.8659816 -5.8538e-7 -1 0 -4.23934e-7 -1 0 4.19188e-7 -1 0 4.62462e-7 -1 0 4.71813e-7 -1 -6.44299e-7 0 -1 0 8.19855e-7 -1 0 -4.12995e-7 -1 -2.25798e-6 2.41161e-7 -1 -1.12572e-6 -0.1104466 -0.07775515 0.9908359 -0.9653389 -0.05688434 0.2547255 -0.7680621 -0.0167948 -0.6401551 -0.1845016 -0.03503602 -0.9822076 0.4719037 -0.03558659 -0.8809316 0.9683526 -0.04840189 -0.2448481 0.853605 -0.04878997 0.5186309 0.1699203 0.0557608 0.983879 0.9650703 0.06156593 0.2546549 0.767269 0.04840183 -0.6394965 0.1360212 0.03558701 -0.9900667 -0.6774035 0.03383761 -0.7348331 -0.9976488 0.0167942 0.06644362 -0.691164 0.06040537 0.7201691 0.4999747 0.0100255 -0.8659821 0.4938871 0 -0.8695262 2.32077e-7 -1 0 -2.32077e-7 -1 0 -0.4938862 0 -0.8695266 -0.4999753 0.01002568 -0.8659816 -2.30038e-7 -1 0 4.15604e-7 -1 -2.27224e-6 -3.93774e-7 -1 -2.15289e-6 4.19701e-7 -1 0 4.71813e-7 -1 6.44299e-7 8.19858e-7 -1 0 -8.30257e-7 -1 0 -3.4281e-7 -1 0 -6.09807e-7 -1 0 0 -1 9.42517e-7 0 -1 0 -0.1699206 -0.05576092 0.9838789 -0.9650703 -0.06156593 0.2546549 -0.7672696 -0.04840183 -0.6394957 -0.136054 -0.02807176 -0.9903036 0.6777781 0.006483018 -0.735238 0.9976488 -0.0167942 0.06644356 0.6911647 -0.06040543 0.7201685 0.1104463 0.07775491 0.9908359 0.9653388 0.05688434 0.2547258 0.6970291 0.02107971 -0.716733 -0.3612348 0.06156694 -0.9304403 -0.9683526 0.04840189 -0.2448481 -0.8536045 0.04878997 0.5186318 0.499975 0.0100252 -0.8659819 0.4938876 0 -0.8695258 -0.499975 -0.0100252 -0.8659819 -0.4938876 0 -0.8695258 0 1 -4.10989e-7 0 1 7.09046e-7 8.30257e-7 1 0 3.53588e-7 1 1.40717e-6 3.4281e-7 1 0 6.09807e-7 1 0 3.93774e-7 1 -2.15289e-6 -4.19188e-7 1 -1.14592e-6 -5.80294e-7 1 0 2.44643e-7 1 -6.40323e-7 -4.62462e-7 1 0 0 1 3.19009e-7 0 1 -7.13731e-7 -0.1104463 -0.07775491 0.9908359 -0.9653388 -0.05688434 0.2547258 -0.7680616 -0.0167948 -0.6401558 0.4719033 -0.03558659 -0.8809319 0.8536045 -0.04878997 0.5186318 0.1699206 0.05576092 0.9838789 0.7672696 0.04840183 -0.6394957 0.1360213 0.03558707 -0.9900666 -0.6774041 0.03383761 -0.7348325 -0.9976488 0.0167942 0.06644356 -0.6911647 0.06040543 0.7201685 0.4938862 0 -0.8695266 0.4999753 -0.01002568 -0.8659816 2.32077e-7 1 0 -2.32077e-7 1 0 -0.4999747 -0.0100255 -0.8659821 -0.4938871 0 -0.8695262 2.62307e-7 1 0 7.95402e-7 1 0 4.23934e-7 1 0 -4.19188e-7 1 0 -4.71813e-7 1 -6.44299e-7 6.70238e-7 1 0 4.12995e-7 1 -2.25798e-6 -4.62462e-7 1 0 -8.19855e-7 1 0 0 1 -1.25475e-6 0 1 1.96525e-6 0 1 0 -0.1699203 -0.0557608 0.983879 -0.767269 -0.04840183 -0.6394965 -0.1360537 -0.0280717 -0.9903038 0.6777773 0.006483018 -0.7352387 0.9976488 -0.0167942 0.06644362 0.691164 -0.06040537 0.7201691 0.1104466 0.07775515 0.9908359 0.9653389 0.05688434 0.2547255 0.6970297 0.02107971 -0.7167323 -0.3612352 0.061567 -0.9304401 -0.853605 0.04878997 0.5186309 0.4938868 0 -0.8695263 0.4999753 -0.01002597 -0.8659816 2.32077e-7 1 0 0.9987524 -0.04993796 0 0.999751 0 -0.02231585 4.4111e-7 1 3.05589e-7 0 1 0 0.003399491 -0.01019841 -0.9999423 0 -0.0194078 -0.9998117 -1.21266e-7 0 -1 0 -0.01940786 -0.9998117 0.01803946 0.0127573 -0.9997559 0 -0.009662926 -0.9999533 4.27201e-4 -0.01355278 -0.9999082 -0.02502655 0.01892828 -0.9995076 -0.001901865 -0.005705058 -0.9999819 -0.3912086 -0.0124107 -0.9202184 -0.4890386 0.03437972 -0.8715844 -0.4999094 -0.0190767 -0.8658677 -0.4883387 0 -0.8726543 -3.23019e-7 1 2.35644e-7 -3.98814e-7 1 -3.27067e-6 -5.54404e-7 1 -5.45011e-7 -3.12757e-7 1 0 -8.58037e-7 1 0 -1.53785e-7 1 0 5.74011e-7 1 0 3.2775e-7 1 0 -3.8596e-7 1 0 3.74474e-7 1 -2.04737e-6 -0.371479 -0.01679325 0.9282895 -0.9000993 -0.01025259 0.4355643 -0.9282865 -0.01679509 -0.3714864 -0.4355586 -0.01025366 -0.900102 0.4662595 -0.02107918 -0.8843969 0.9979221 -0.0316807 0.0561074 0.489808 0.006481111 0.8718063 0.466259 0.02108013 0.8843971 0.9979218 0.0316807 -0.05611234 0.4898095 -0.006482005 -0.8718055 -0.3714794 0.01679325 -0.9282893 -0.9000992 0.01025289 -0.4355644 -0.9282866 0.01679515 0.3714864 -0.4355594 0.01025342 0.9001017 0.4905723 0 -0.8714006 0.4999408 -0.01536411 -0.8659233 0.9999713 0.007581293 0 0.9999872 0 0.005060613 0.9041184 -0.01865941 -0.4268747 0.8821024 -0.002886056 -0.4710488 0.7546351 -0.02594888 -0.6556314 0.4674322 0.01846265 -0.8838362 0.09880304 -0.02869254 -0.9946933 0.4007095 -0.01038414 -0.9161463 0.339662 -0.4483521 -0.8268072 0.5321835 -0.3485272 -0.7715632 0.3489041 -0.8145593 -0.4634213 0.6980881 -0.5288363 -0.4827063 0.874436 -0.3849343 -0.2952754 0.5496698 -0.7812084 -0.2959333 0.5261341 -0.3754602 -0.7630288 0.2419699 -0.5561563 -0.7950728 1.26059e-4 -0.01163315 -0.9999324 0 -0.01098155 -0.9999398 1.27442e-4 -0.0128358 -0.9999177 -0.001738786 9.63736e-4 -0.999998 4.25616e-4 -0.01055157 -0.9999443 -0.5425729 -0.01320189 -0.8399051 -0.7956631 -0.05721426 -0.6030315 -0.4882317 0.01479476 -0.8725887 -0.5311114 -0.4843991 -0.6951822 -0.9313985 -0.2991935 -0.2073166 -0.8005366 -0.3659835 -0.4745495 -0.2264695 -0.3245258 -0.9183652 -0.6812711 -0.4722725 -0.5593108 -0.3666926 -0.3509101 -0.8616257 -3.10325e-4 -0.9638383 -0.2664878 9.74568e-4 -0.9255124 -0.3787161 -4.70346e-4 -0.6772252 -0.7357756 7.16828e-4 -0.5672879 -0.8235194 -3.72277e-4 -0.4691829 -0.8831011 0.5841091 -0.8116723 -0.002204656 0.9152297 -0.4029325 -1.98161e-4 0.9204275 -0.3909136 2.44142e-4 0.6498278 -0.7600815 1.69177e-4 0.362887 -0.9318298 0.0025388 0.8820545 -0.01087188 0.4710221 0.384231 -0.03008317 0.9227468 0.4674938 0.01156866 0.8839207 0.8863232 -0.01562827 0.4628035 0.3294561 -0.8927242 0.3074122 0.5728623 -0.6738585 0.46663 0.8459756 -0.3560646 0.3969174 0.3664659 -0.5043743 0.7818628 0.470292 -0.3352648 0.8163474 0.3773108 -0.5029116 0.7776352 0.841753 -0.3113783 0.4410164 0.5578743 -0.7269985 0.4003118 0.001484036 -0.8979065 0.4401839 -5.8993e-4 -0.7580301 0.6522194 -7.58395e-4 -0.7705604 0.6373665 9.59408e-4 -0.4305462 0.9025682 -3.6738e-7 -0.3623046 0.9320598 -0.2882623 -0.7302432 -0.6193946 -0.5755472 -0.7778155 -0.2524852 -0.3282369 -0.8490474 -0.4139797 -0.2337086 -0.9723027 0.002777159 -0.7268568 -0.686789 2.30055e-4 -0.900918 -0.433989 -5.81114e-4 -0.8807235 -0.4736309 3.35897e-4 -0.6410108 -0.7675271 -0.002719223 3.078e-4 -0.9999966 0.002627491 0.001049578 -0.999998 0.001739084 -5.00084e-4 -0.9999924 0.003883302 0.00624895 -0.99998 -9.71885e-4 0.002047002 -0.9999975 9.70506e-4 -8.93548e-4 -0.9999979 0.001885473 -0.001371145 -0.9999991 1.61738e-4 0.002871215 -0.9999913 -0.003040075 -0.001188576 -0.9999991 7.16952e-4 -0.001194775 -0.9999992 -5.02883e-4 -0.002368271 -0.9999456 -0.01016056 -0.001400053 -0.9999991 8.76728e-5 3.19981e-5 -0.9999816 -0.006082713 -0.001030147 -0.9999989 -0.001118004 0.005923986 -0.9999818 -0.001112937 0.001021742 -0.9999865 -0.005103647 -0.6125562 -0.7388953 0.2807289 -0.2516279 -0.7816159 0.570754 -0.4044589 -0.8516942 0.3332118 -0.004904925 0.01741409 0.9998365 -0.008304536 0.04146158 0.9991057 2.21159e-4 -0.01159054 0.9999329 0 -0.008308947 0.9999655 4.2575e-4 -0.009853839 0.9999514 -0.9997787 0.02090609 -0.002348721 -0.9998134 -0.01931637 2.24467e-4 -0.9991043 0.04215145 -0.003746092 -0.9999772 -0.006763339 3.00947e-5 -0.6954015 -0.484403 0.5308206 -0.2065349 -0.2998601 0.9313578 -0.4736019 -0.3677365 0.8002945 -0.9162913 -0.3285576 0.229042 -0.5571179 -0.4719377 0.6832969 -0.8607721 -0.3527805 0.3669023 -0.8492593 -0.00720942 0.5279269 -0.6030199 -0.05721336 0.7956718 -0.8752277 0.01576185 0.4834545 -0.9107765 0.1508132 -0.3843715 -0.677918 0 -0.7351375 -0.2243795 0.1508114 -0.9627616 0.1962702 0 -0.9805499 0.6758398 0.1763228 -0.7156472 0.8698281 0.4655132 -0.1633912 0.7997463 0.4655119 0.3790838 0.4879071 0.3297622 0.8082101 0.1127808 -0.2456755 0.962769 -0.4216163 0.1763246 0.8894658 -0.8463061 0.150813 0.5109028 -0.9932091 0 0.1163438 -0.9849773 -0.1508133 0.08411413 -0.871909 0 0.4896681 -0.4717715 -0.1763236 0.8639107 0.1261183 -0.1763219 0.9762196 0.6076655 -0.4655122 0.6434602 0.8698276 -0.4655134 0.1633931 0.8697786 -0.3297638 -0.367071 0.6571414 0.245674 -0.7126075 0.2243787 -0.1508149 -0.9627612 -0.1962723 0 -0.9805495 -0.6470042 -0.1508154 -0.7474225 -0.9086455 0 -0.4175685 -6.39162e-7 1 -3.4816e-7 0 1 0 6.71876e-7 1 0 0 1 0 0 1 -2.95131e-7 -1.92822e-7 1 -5.94325e-7 -2.1756e-7 1 1.16786e-6 -1.30183e-7 1 5.91198e-7 0 1 2.91966e-7 0 1 2.97162e-7 -2.102e-7 1 0 -2.21432e-7 1 -1.15151e-6 -7.55966e-7 1 0 5.65037e-7 1 1.23113e-6 -2.1939e-7 1 -3.48159e-7 -2.09402e-7 1 0 1.29418e-7 1 -1.17544e-6 0 1 -2.94079e-7 2.20993e-7 1 1.18629e-6 0 1 2.33684e-7 1.93947e-7 1 1.23113e-6 2.15477e-7 1 -7.9522e-7 1.8945e-7 1 -1.16786e-6 1.65463e-7 1 8.91488e-7 0 1 -5.83931e-7 0 1 -2.91966e-7 0 1 0 2.10641e-7 1 0 3.58515e-7 1 1.4023e-6 0 1 0 0 1 0 -1.29417e-7 1 0 -1.62569e-7 1 1.16786e-6 -1.46847e-7 1 -9.72663e-7 1.29418e-7 1 -5.87722e-7 -2.09402e-7 1 0 0 1 0 0.9945219 0 -0.1045287 0.9510567 0 -0.3090165 0.8660253 0 -0.5000004 0.7431436 0 -0.669132 0.587785 0 -0.8090172 0.4067369 0 -0.9135454 0.2079119 0 -0.9781476 -0.2079114 0 -0.9781477 -0.4067357 0 -0.913546 -0.5877853 0 -0.809017 -0.7431451 0 -0.6691305 -0.8660255 0 -0.5 -0.9510567 0 -0.3090165 -0.9945219 0 -0.1045287 -0.994522 0 0.1045284 -0.9510567 0 0.3090168 -0.866025 0 0.5000008 -0.7431451 0 0.6691305 -0.587785 0 0.8090172 -0.4067357 0 0.913546 -0.2079114 0 0.9781477 0.2079095 0 0.9781481 0.4067378 0 0.9135451 0.587785 0 0.8090172 0.743144 0 0.6691315 0.8660255 0 0.5 0.9510568 0 0.3090162 0.9945219 0 0.1045287 0.994522 0 0.1045284 0.9510567 0 0.3090168 0.8660254 0 0.5 0.7431451 0 0.6691305 0.5877854 0 0.8090169 0.4067364 0 0.9135456 0.2079114 0 0.9781477 -0.2079095 0 0.9781481 -0.4067381 0 0.9135449 -0.5877854 0 0.8090169 -0.866026 0 0.4999992 -0.9510568 0 0.3090162 -0.9945219 0 0.1045283 -0.9945219 0 -0.1045283 -0.8660257 0 -0.4999996 -0.7431446 0 -0.6691309 -0.5877854 0 -0.8090169 -0.4067373 0 -0.9135452 -0.2079119 0 -0.9781476 0.2079114 0 -0.9781477 0.4067364 0 -0.9135456 0.5877857 0 -0.8090166 0.7431451 0 -0.6691305 0.866026 0 -0.4999992 0.9945219 0 -0.1045287 0 -1 -3.62334e-7 0 -1 1.1041e-6 0 -1 -5.60476e-7 0 -1 -5.55129e-7 0 -1 -2.54653e-7 0 -1 2.78973e-7 0 -1 -5.47504e-7 0 -1 2.73752e-7 0 -1 -8.10595e-7 0 -1 1.1041e-6 0 -1 -8.40715e-7 0 -1 -5.57946e-7 0 -1 5.67417e-7 0 -1 1.11026e-6 0 -1 -1.1041e-6 0 -1 5.52052e-7 0 -1 -1.11438e-6 0 -1 1.01397e-6 0 -1 1.45884e-6 0 -1 -5.06985e-7 0 -1 -1.45884e-6 0 -1 -2.80238e-7 0.9027021 -0.04518985 -0.4278867 0.5164337 -0.03849732 -0.8554615 0.1163423 0 -0.9932092 -0.4278861 -0.0451886 -0.9027024 -0.876763 -0.04518854 -0.4787951 -0.9956349 -0.03849631 0.08502423 -0.871908 0 0.48967 -0.4787946 -0.04518944 0.8767632 0.08502423 -0.03849637 0.995635 0.4896689 0 0.8719086 0.8554618 -0.03849726 0.516433 0.9932091 0 0.1163432 0.995635 0.03849738 0.08502411 0.8719082 0 0.4896696 0.5164323 0.03849703 0.8554624 0.1163426 0 0.9932091 -0.4278861 0.0451886 0.9027024 -0.8554626 0.03849619 0.5164319 -0.9932091 0 0.1163431 -0.9027018 0.04518908 -0.4278872 -0.4787956 0.04518938 -0.8767626 0.08502238 0.03849631 -0.9956351 0.4896705 0 -0.8719077 0.8767626 0.04519003 -0.4787956 0 -1 0 0 -1 -1.53774e-6 -3.41083e-7 -1 -1.39046e-6 3.93188e-7 -1 1.86541e-6 0 -1 -2.2935e-6 3.9881e-7 -1 3.10438e-6 6.1421e-7 -1 -1.35869e-6 -6.62423e-7 -1 1.46535e-6 -7.29513e-7 -1 2.20151e-6 0 -1 1.02516e-6 0 -1 0 7.26975e-7 -1 1.82936e-6 7.95603e-7 -1 0 0 -1 -1.05106e-6 -8.49434e-7 -1 0 8.55416e-7 -1 -1.46535e-6 0.9025552 -0.04864537 -0.4278175 0.4787197 -0.04864436 -0.8766193 -0.1279726 -0.04864436 -0.9905841 -0.6541468 -0.03232562 -0.7556765 -0.9083965 0.0234608 -0.4174513 -0.9962742 -0.01412403 0.08507877 -0.871498 -0.03067743 0.4894388 -0.4787191 -0.04864406 0.8766196 0.1279721 -0.0486446 0.9905842 0.6857829 -0.04864478 0.7261788 0.9816472 -0.04864442 0.1843976 0.9025555 0.04864412 0.4278169 0.4787191 0.04864448 0.8766196 -0.1279721 0.04864454 0.9905842 -0.6857829 0.04864454 0.7261788 -0.9823376 0.03102248 0.1845279 -0.9035011 0.0165838 -0.4282651 -0.4787197 0.048644 -0.8766193 0.1279723 0.04864436 -0.9905841 0.6857829 0.04864478 -0.7261788 0.9816471 0.04864442 -0.1843984 0 -1 -1.60219e-6 0 -1 4.00548e-7 -2.34766e-6 -1 -2.07471e-6 1.59545e-6 -1 3.11839e-6 -5.41759e-6 -1 0 0 -1 -8.38918e-6 0 -1 1.98042e-6 -0.5902391 0.04763066 -0.805822 -0.5739372 0.01286727 -0.8187983 -0.5739177 0.01551949 -0.818766 -0.5623101 0 -0.8269265 -0.5641555 -0.01169192 -0.8255859 2.07079e-5 1 0 0.0441851 0.08308702 -0.9955623 -7.29067e-4 0 -0.9999998 -0.8458294 -0.05223417 -0.53089 -0.9145973 0.007111489 -0.4043037 -0.9998293 -0.01748961 -0.005960702 -0.954866 0.02913641 -0.2956044 1.05871e-5 0.006785154 0.999977 -0.003172457 0 0.999995 2.87844e-7 1 0 -2.18236e-7 1 -4.30903e-7 -2.51695e-7 1 0 0 1 0 2.5209e-7 1 1.09895e-6 6.53897e-7 1 -4.52338e-7 6.63525e-7 1 -6.47973e-7 -0.113512 -0.003122508 -0.9935317 -0.7191663 -0.005177319 -0.6948187 -0.8862955 0.00434786 -0.4630998 -0.4995982 0.003134489 -0.8662516 -0.8659822 -0.01002532 0.4999746 -0.8695256 0 0.4938877 -6.90767e-7 1 8.17669e-7 0 1 1.02576e-6 -2.20248e-7 1 0 -6.24665e-7 1 -6.14082e-7 -2.21859e-7 1 5.45014e-7 -2.57591e-7 1 0 -7.02926e-7 1 -1.10941e-6 -6.46325e-7 1 0 4.79711e-7 1 -1.61408e-7 0 1 -1.58513e-6 2.36676e-7 1 0 1.78431e-7 1 0 -0.371479 -0.0167945 0.9282895 -0.8985022 -0.06040638 0.4347929 -0.9281117 -0.0256766 -0.3714154 -0.4355614 0.009543895 -0.9001085 0.4173362 -0.01886707 -0.9085564 0.9877136 -0.06446951 -0.1423568 0.5408483 -0.04673337 0.8398209 0.4173371 0.01886701 0.9085559 0.9680647 0.05418038 0.244776 0.9033876 0.0230093 -0.4282075 0.4355683 -0.009541034 -0.9001052 -0.4173337 0.0188657 -0.9085575 -0.9876385 0.06563931 -0.1423435 -0.5405599 0.0568847 0.8393802 -0.8695259 0 -0.4938876 -0.8659819 -0.01002788 -0.4999747 0 1 -8.66187e-7 2.53902e-7 1 0 0 -1 -1.66696e-6 9.50099e-6 -1 -5.17682e-6 -6.06425e-5 -1 -4.87664e-5 9.82559e-6 -1 7.16389e-6 0 -1 -8.11359e-7 0 -1 -2.09483e-7 0 -1 1.53417e-6 -9.62033e-5 -1 3.11053e-5 1.60667e-5 -1 -4.64801e-6 8.92458e-6 -1 1.02363e-5 -1.94182e-6 -1 9.33167e-7 -2.26059e-6 -1 0 0 -1 8.11362e-7 0 -1 3.34273e-7 0 -1 1.88288e-6 -1.39871e-6 -1 0 0 -1 -7.1152e-7 -7.90865e-7 -1 6.57111e-6 0 -1 -1.62031e-6 0 -1 9.7759e-7 3.21851e-6 -1 -1.29858e-6 0 -1 -3.06186e-7 2.29544e-6 -1 4.28033e-6 -2.404e-4 -1 9.35791e-5 3.61109e-6 -1 2.87392e-5 1.35245e-5 -1 1.56909e-5 0 -1 2.6127e-6 0 -1 -2.4108e-6 2.89331e-6 -1 0 2.64884e-6 -1 -1.34629e-5 -1.83925e-6 -1 -6.02446e-6 5.20925e-6 -1 -1.12369e-5 1.18383e-5 -1 -6.32112e-6 1.42957e-5 -1 -2.29521e-6 -3.04901e-5 -1 1.99824e-5 5.29538e-5 -1 1.10781e-5 0 -1 -2.90262e-7 -4.16602e-6 -1 -2.89909e-6 0 -1 0 6.07144e-6 -1 1.22715e-5 -4.29839e-6 -1 8.80424e-6 0 -1 1.81439e-7 1.76171e-5 -1 -5.19823e-6 -4.80102e-6 -1 7.5266e-6 1.82007e-5 -1 4.67306e-6 -1.65748e-5 -1 -4.27185e-7 2.21604e-5 -1 2.99303e-6 0 -1 1.31914e-6 0 -1 -2.62077e-6 0 -1 1.37847e-6 2.1283e-6 -1 -1.18608e-5 0 -1 1.08963e-5 0 -1 -2.33691e-6 -1.24221e-6 -1 -1.8898e-6 -5.93163e-7 -1 -4.22927e-6 0 -1 2.27341e-6 0 -1 -6.35414e-7 0 -1 1.64909e-5 0 -1 2.87892e-6 0 -1 -2.28042e-6 0 -1 8.7848e-7 0 -1 1.2647e-6 0 -1 -9.64269e-7 1.78588e-5 -1 -1.58192e-6 0 -1 -1.7105e-6 4.85094e-6 -1 -8.35522e-6 0 -1 -3.13816e-6 2.44084e-6 -1 -9.82265e-6 1.58781e-6 -1 -1.27929e-5 -7.18378e-6 -1 4.31127e-7 1.89865e-5 -1 -1.23303e-6 0 -1 3.44169e-6 0 -1 -1.11666e-6 0 -1 -4.68e-6 4.86773e-6 -1 7.0813e-6 0 -1 -3.60251e-7 -0.3714778 -0.01679456 0.92829 -0.900099 -0.01025295 0.4355647 -0.884397 -0.02107876 -0.4662593 0.1103023 -0.09266304 -0.9895691 0.9519661 -0.04241216 -0.3032521 0.9033879 -0.02300924 0.4282069 0.4355703 0.009538769 0.9001042 0.4173298 0.01886719 0.9085593 0.9689186 0.03426593 0.2449956 0.9035906 0.009175956 -0.4282988 0.4352867 0.03706288 -0.8995288 -0.3709139 0.05781304 -0.9268661 -0.8994305 -0.03988468 -0.4352401 -0.9282891 0.01679468 0.3714801 -0.435554 0.01025301 0.9001042 -0.9999321 -0.01105964 -0.003687918 -0.999922 -0.01201754 -0.003421664 -0.999816 -0.01918482 1.09856e-4 -0.9999319 -0.01107072 0.003687918 -0.999922 -0.01201754 0.003421664 -0.9998161 -0.01918393 -1.09109e-4 0 1 1.73237e-6 2.53902e-7 1 0 -0.5622846 -0.009521842 0.8268891 -0.5623079 0 0.826928 -0.5623111 0 0.8269259 -0.5243336 0.00641328 0.8514888 -0.5555143 -0.02763473 0.8310477 -0.5967251 0.05805921 0.8003427 1.8869e-5 1 0 0.01889896 0 0.9998214 -9.26671e-4 0.03668457 0.9993265 -0.9309351 0.01619094 0.3648257 -0.8471737 -0.05177479 0.5287874 -0.9994562 -0.02533048 -0.02111136 -0.9492428 0.02655065 0.313422 -6.90768e-7 1 8.1767e-7 1.86768e-7 1 0 -6.21679e-7 1 9.36186e-7 -2.21853e-7 1 5.45014e-7 3.67093e-7 1 -4.70426e-7 -6.48599e-7 1 -2.04735e-6 -6.46323e-7 1 2.69863e-6 3.44667e-7 1 5.08098e-7 -2.20251e-7 1 -1.39384e-6 -0.009833216 0.02080172 -0.9997353 6.5333e-6 0 -1 2.53128e-7 1 -1.10348e-6 2.96939e-7 1 -1.12432e-6 6.38681e-7 1 0 0 1 1.43324e-6 -2.16895e-7 1 0 6.28674e-7 1 0 -2.51979e-7 1 1.06632e-6 -0.8659824 -0.01002532 0.499974 -0.8695249 0 0.4938892 -0.8695263 0 -0.4938865 -0.8659816 -0.01002788 -0.4999753 -0.7435122 -5.65064e-4 0.6687221 -0.1451381 -0.001479268 0.9894104 -0.1115044 3.67356e-4 0.993764 -0.7191709 0.001504659 0.6948317 -6.53559e-7 -1 0 0 -1 2.42532e-6 -2.1034e-7 -1 0 2.46232e-7 -1 0 0.9993669 0.0142765 -0.03258818 -0.9995504 -0.02998673 0 -0.9971994 0 0.07478934 0 0 -1 -2.84996e-7 -1 0 -0.003887295 0.01166236 -0.9999246 0 0.02050668 -0.9997898 1.21266e-7 0 -1 0 0.02050662 -0.9997897 0 0.02261346 -0.9997443 -0.0362901 -0.02790558 -0.9989517 9.15624e-5 0.02172148 -0.9997642 0.01904916 -0.01198512 -0.9997467 0.003951609 0.01185488 -0.9999219 -0.4930473 0 -0.8700025 -0.4999684 0.01139479 -0.8659687 0.4999684 0.0113911 -0.8659688 0.4930476 0 -0.8700025 -2.49976e-7 -1 0 -4.05834e-7 -1 -2.21883e-6 3.7904e-7 -1 -1.03617e-6 3.64245e-7 -1 -1.43773e-7 -8.58034e-7 -1 0 6.27698e-7 -1 6.18836e-7 -1.74629e-7 -1 -7.534e-7 -5.32326e-7 -1 0 7.54392e-7 -1 0 -2.93477e-7 -1 0 -4.17906e-7 -1 4.10826e-7 6.87537e-7 -1 0 0 -1 8.43142e-7 -0.3714794 -0.01679325 0.9282893 -0.9000995 -0.01025259 0.4355639 -0.9282867 -0.01679509 -0.3714859 -0.4355588 -0.01025372 -0.9001019 0.4662603 -0.02107918 -0.8843965 0.9979221 -0.0316807 0.05610734 0.4898089 0.00648117 0.8718057 0.4662587 0.02108013 0.8843973 0.9979218 0.0316807 -0.05611234 0.4898086 -0.006482005 -0.871806 -0.371479 0.01679325 -0.9282895 -0.900099 0.01025289 -0.4355649 -0.9282863 0.01679515 0.3714869 -0.4355592 0.01025342 0.9001018 -0.008737087 -0.004910111 -0.9999498 0.009261071 0.008066177 -0.9999246 0.008737027 0.003099918 -0.999957 -0.008736968 -0.007688283 -0.9999323 0.00917834 6.2919e-4 -0.9999577 0 -5.13413e-4 -0.9999999 0.01153832 0.01015347 -0.9998819 -0.008736848 -0.004654526 -0.9999511 -0.008737206 -0.00160104 -0.9999606 0.008737087 0.004910111 -0.9999498 0.004123806 0 -0.9999916 0.008736908 -1.3557e-4 -0.9999619 -0.004409134 -2.58456e-4 -0.9999903 0 0 -1 -0.009714007 0 -0.9999529 -0.02139484 5.44753e-4 -0.999771 -0.007967054 5.40878e-4 -0.9999681 0.009634852 0 -0.9999536 0.9809033 -0.01004654 -0.1942365 0.9485566 -0.0163545 -0.3161854 0 1 -3.53112e-6 -0.9938156 0 -0.1110427 -0.9999895 -0.004597723 0 -0.006084084 -0.01060181 -0.9999254 0 -0.00528723 -0.9999861 -0.5622985 0.006399929 -0.8269097 -0.5623096 0 -0.8269269 -0.534494 -0.01125532 -0.8450973 -0.5623108 0 -0.8269261 -0.5590047 0.015289 -0.8290235 -0.5933558 -0.0539546 -0.80313 2.36663e-5 -1 0 0.02623343 0 -0.9996559 -9.28102e-4 -0.05019283 -0.9987391 2.43484e-7 -1 7.96077e-7 2.3615e-7 -1 -8.25014e-7 0 -1 2.4984e-6 6.72207e-7 -1 0 -2.16895e-7 -1 0 6.53826e-7 -1 0 -2.51979e-7 -1 -1.06632e-6 3.61922e-7 -1 0 -0.009833812 -0.02080219 0.9997353 5.85533e-6 0 1 -0.9492426 -0.02655059 -0.3134223 -0.9994561 0.02533268 0.02111154 -0.9364622 -0.01915764 -0.3502451 -0.8455838 0.05751305 -0.5307356 -0.8659821 0.01002532 0.4999747 -7.33938e-7 -1 -1.44795e-6 -2.41999e-7 -1 4.48363e-7 1.8677e-7 -1 0 3.67091e-7 -1 4.70428e-7 3.44668e-7 -1 -5.08098e-7 -2.20251e-7 -1 1.58534e-6 -3.04567e-7 -1 0 -7.64715e-7 -1 1.20694e-6 0 -1 2.07159e-7 -5.66982e-7 -1 9.53861e-7 -0.3714794 -0.01679456 0.9282893 -0.8985025 -0.06040638 0.4347923 -0.9281119 -0.0256766 -0.3714148 -0.4355614 0.009543895 -0.9001084 0.4173361 -0.01886707 -0.9085564 0.9877136 -0.06446951 -0.1423565 0.5408486 -0.04673337 0.8398208 0.4173371 0.01886701 0.9085559 0.9680646 0.05418038 0.2447765 0.9033873 0.0230093 -0.4282082 0.4355682 -0.009541034 -0.9001052 -0.4173333 0.01886564 -0.9085577 -0.9876385 0.06563931 -0.1423438 -0.5405595 0.05688464 0.8393805 -0.8659821 0.01002788 -0.4999746 -0.8695259 0 -0.4938876 0 -1 -1.73237e-6 2.53902e-7 -1 0 -0.9999499 -0.004909396 0.008736848 -0.9999619 1.11579e-4 -0.008736968 -0.9999642 -0.003995537 0.007466137 -0.9999619 -1.12165e-4 0.008736968 -0.9999979 -0.002047538 0 -0.9999979 0.002047896 0 -0.9999641 0.003994762 -0.007466137 -0.9999499 0.004909098 -0.008736848 -0.9999718 5.47184e-6 -0.007528305 -0.9995316 -0.002036035 0.03053653 0 -1 8.66186e-7 2.53904e-7 -1 0 -0.9999321 0.01106631 0.003687918 -0.999922 0.01201754 0.003421664 -0.999816 0.01918238 -1.09855e-4 -0.9999321 0.01106184 -0.003687918 -0.999922 0.01201957 -0.003421664 -0.999816 0.01918607 1.0911e-4 -0.8695257 0 0.4938877 -0.8659823 0.01002788 0.4999741 -0.8659811 0.01002573 -0.4999762 -0.8695262 0 -0.493887 9.97452e-6 -0.006785631 -0.999977 -0.003170549 0 -0.999995 -6.90767e-7 -1 -8.17669e-7 -2.21857e-7 -1 -5.45014e-7 -6.24665e-7 -1 1.22816e-6 -2.20248e-7 -1 0 0 -1 -1.41161e-6 4.39979e-7 -1 -2.07102e-7 0 -1 1.58513e-6 -2.57585e-7 -1 0 -7.02926e-7 -1 1.10941e-6 2.99195e-7 -1 4.67673e-7 1.7843e-7 -1 -1.32237e-6 -6.46331e-7 -1 -2.69865e-6 -0.3714782 -0.01679456 0.9282898 -0.9000994 -0.01025295 0.4355641 -0.8843975 -0.02107876 -0.4662586 0.1103024 -0.09266316 -0.9895691 0.9519662 -0.04241216 -0.3032515 0.9033882 -0.02300924 0.4282061 0.4355707 0.009538769 0.9001041 0.4173294 0.01886713 0.9085594 0.9689185 0.03426593 0.2449958 0.9035903 0.009175956 -0.4282996 0.4352864 0.03706288 -0.8995289 -0.3709135 0.05781298 -0.9268662 -0.89943 -0.03988462 -0.4352412 -0.9282888 0.01679468 0.3714807 -0.4355536 0.01025295 0.9001045 0 1 -9.36763e-6 1.81367e-5 1 -4.68261e-6 5.19682e-6 1 3.30727e-6 7.44231e-6 1 1.15495e-5 -4.39671e-6 1 -8.46402e-7 -5.95044e-7 1 -1.18487e-6 -2.56901e-6 1 -8.74206e-7 1.74725e-5 1 2.90728e-6 -2.91929e-6 1 -8.21475e-7 3.81223e-5 1 -6.99653e-6 0 1 2.9026e-7 -7.50915e-6 1 1.87826e-6 -4.62283e-6 1 1.0483e-5 0 1 -1.81437e-7 0 1 -6.50054e-7 -7.43005e-6 1 5.84339e-6 -9.29855e-6 1 5.973e-6 1.35563e-5 1 -4.18762e-6 1.59369e-6 1 -1.39562e-5 1.81314e-5 1 -2.43079e-6 1.87765e-6 1 9.96011e-6 6.2762e-5 1 -7.58164e-7 0.002535939 0.9999968 -2.86243e-4 -4.22974e-5 1 5.11963e-5 -3.21598e-4 1 -1.93654e-4 9.70132e-6 1 -6.82073e-6 5.21436e-6 1 1.72579e-5 -1.35817e-5 1 6.72149e-6 0 1 1.53417e-6 -2.98023e-6 1 2.12787e-5 -3.6693e-6 1 2.27627e-5 0 1 1.9878e-6 9.20031e-7 1 2.48902e-6 7.90888e-7 1 6.06599e-6 4.7975e-7 1 2.65984e-6 0 1 8.11362e-7 0 1 1.41912e-6 5.70851e-7 1 2.8107e-6 0 1 6.44695e-6 2.84589e-5 1 3.11692e-5 -1.3337e-5 1 -4.05295e-6 -6.56379e-6 1 1.43331e-5 2.20318e-6 1 4.77586e-6 3.0487e-6 1 -5.93059e-7 0 1 2.42199e-6 -1.6151e-5 1 9.99051e-6 2.8967e-6 1 -1.16979e-6 0 1 -3.12655e-7 -2.45351e-5 1 -1.28027e-5 1.24261e-5 1 2.53998e-6 -2.76868e-5 1 1.20666e-5 6.46714e-5 1 5.63931e-6 -3.93398e-7 1 -2.80368e-5 0.003216505 0.9999946 6.30399e-4 0 1 -1.88577e-6 0 1 1.01126e-6 -5.20219e-6 1 -2.47237e-6 -2.11274e-4 1 4.83675e-5 -1.71278e-6 1 -1.18178e-5 0 1 1.2647e-6 -1.32609e-6 1 -1.00255e-5 -2.9721e-5 1 1.51745e-5 0 1 4.46563e-7 -2.88511e-7 1 8.81101e-7 0 1 -2.62077e-6 0 1 7.49122e-6 -3.81249e-7 1 1.74e-6 0 1 -2.33691e-6 -2.53703e-7 1 2.71336e-6 0 1 2.27341e-6 0 1 1.98878e-6 0 1 5.73343e-6 0 1 5.31163e-7 1.7146e-5 1 -2.66631e-6 -2.03073e-5 1 1.14309e-5 -3.85444e-4 1 3.21392e-6 3.51593e-6 1 -7.1347e-6 2.17369e-6 1 8.01321e-7 -5.47621e-5 1 -2.6615e-6 3.4051e-5 1 -4.5632e-5 3.69176e-6 1 -7.03013e-6 -5.51718e-6 1 -9.52116e-6 4.68385e-7 1 1.81287e-6 3.18309e-6 1 -1.45155e-5 0 1 -9.1762e-7 0 1 -2.38164e-6 9.58845e-6 1 -3.77007e-6 5.70186e-6 1 -6.74332e-6 5.73552e-6 1 3.24821e-6 -0.1702703 0.02087992 0.9851762 -0.3714795 -0.0167939 0.9282893 -0.9001005 -0.01025223 0.4355618 -0.9083092 -0.029944 -0.4172265 -0.1964319 0.006484091 -0.9804961 0.6401587 -0.01679623 -0.7680591 0.9965423 -0.01183462 -0.08223974 0.5412427 -0.02645462 0.8404502 0.4662573 0.02107822 0.8843981 0.9996921 0.02413487 -0.005766749 0.6923894 0.01025336 -0.7214511 -0.1701478 0.02107918 -0.9851931 -0.9524444 0.02819287 -0.3034058 -0.9036028 -0.007144689 0.4283118 -0.4355536 0.01025366 0.9001044 -0.9548662 -0.02913641 0.295604 -0.9998293 0.01749187 0.005960881 -0.8473274 0.04820168 0.528879 -0.9135605 -0.006629705 0.4066492 1.70505e-5 -1 0 0.03288322 -0.06217992 0.9975232 -7.27592e-4 0 0.9999998 -0.5623106 0 0.8269261 -0.5941881 -0.05282461 0.8025896 -0.5595045 0.01703274 0.8286524 -0.5622845 0.009529888 0.826889 -0.5623084 0 0.8269277 -0.5242735 -0.01644176 0.8513912 2.87843e-7 -1 -1.00313e-6 2.52091e-7 -1 -1.09895e-6 -2.18237e-7 -1 4.30904e-7 -2.51694e-7 -1 0 0 -1 0 6.53898e-7 -1 4.52336e-7 6.63523e-7 -1 6.47971e-7 -2.96781e-7 -1 0 4.19136e-7 -1 0 -4.50054e-7 -1 0 -8.30262e-7 -1 0 4.70777e-7 -1 0 7.54392e-7 -1 0 3.27752e-7 -1 0 -3.98817e-7 -1 2.18046e-6 -3.12756e-7 -1 0 -5.42668e-7 -1 0 7.46604e-7 -1 0 3.74474e-7 -1 2.04737e-6 0.491353 0 0.8709605 0.4999516 0.01410424 0.8659386 -0.4999215 0.01792275 0.8658853 -0.4890545 0 0.8722532 0.0051499 0.01808893 0.9998232 0.005612492 0.01683735 0.9998426 -1.94026e-6 0 1 0.01803904 -0.002620637 0.999834 -0.03322374 -0.0285927 0.9990389 -0.9872003 -0.05923146 -0.1480783 -2.13964e-7 -1 0 2.46233e-7 -1 0 0 -1 -2.42531e-6 -6.89868e-7 -1 0 -2.84856e-7 -1 0 -2.42356e-7 0 1 -2.11843e-7 0 1 0.9998672 0 0.0163024 0.9999746 0.007142901 0 -0.008737087 0.004910111 0.9999498 -0.008737027 0.006427764 0.9999412 0.008736968 -0.007688283 0.9999323 0.009261071 0 0.9999572 0.008735179 -0.003100037 0.9999572 -0.008736968 0.007688283 0.9999323 0.00917381 -6.2922e-4 0.9999577 0 5.13413e-4 0.9999999 0.01154416 -0.01015341 0.9998818 -0.008734583 0.00160104 0.9999607 0.008737087 -0.004910111 0.9999498 -0.002914965 -1.95959e-4 0.9999958 0.004124641 0 0.9999915 -0.005308926 3.43288e-4 0.9999859 -0.006417393 0 0.9999794 0.009636938 0 0.9999536 0 1 0 0 1 4.83168e-6 0.9937797 -0.008566796 0.1110345 0.9863743 -0.006273508 0.164397 0.006084084 -0.01060181 0.9999254 0 -0.00528723 0.9999861 -0.9809033 -0.0100466 0.194237 0 -1 -2.75605e-7 0 -1 -3.33393e-7 0 -1 0 0 -1 0 0 -1 -1.38191e-7 0.005998492 -0.167515 0.9858513 0 -0.08487755 0.9963914 0.9891818 -0.1442815 -0.02650117 -0.999913 0 -0.01319128 -0.9972682 -0.07386553 0 0 -1 1.38196e-7 0 -1 0 0.9999131 0 0.01319128 0.9972676 -0.07387351 0 -0.005998969 -0.1675151 -0.9858512 0 -0.08487755 -0.9963914 -0.9891816 -0.1442823 0.02650153 -0.9282293 -0.02021443 -0.3714588 -0.3847635 -0.08601206 -0.918999 0.6307964 -0.06842237 -0.7729259 0.9975857 -0.02021414 0.06643879 0.6512845 -0.05676513 0.7567075 -0.3143201 -0.03393268 0.9487105 -0.9000869 0.01148545 0.435559 -0.9084839 0.02270931 0.4173027 -0.2451274 0.00746119 0.9694622 0.4717325 0.04459655 0.8806132 0.9797027 0.04071992 0.1962767 0.7680113 0.0202142 -0.6401173 0.08194565 0.08601194 -0.9929184 -0.838769 0.06842225 -0.5401713 0 1 6.91518e-7 0 1 -3.3759e-6 0 1 1.07166e-6 0 1 2.10885e-6 0 1 1.40603e-6 0 1 -2.9002e-6 0 1 1.38482e-5 0 1 -1.58394e-6 0 1 -3.35908e-5 0 1 -2.83054e-6 0 1 -3.93127e-6 0 1 3.24177e-6 0 1 -2.45566e-6 0 1 6.15073e-7 0 1 3.67055e-6 0 1 -2.36934e-6 0 1 1.15449e-6 0 1 4.22831e-7 0 1 7.52062e-7 0 1 -5.80798e-6 0 1 -3.1558e-6 0 1 -3.16699e-7 -1.27991e-4 0.9999994 -0.001194775 0 1 1.11628e-6 6.07953e-4 0.999999 -0.001323997 0 1 -1.30878e-6 0 1 3.87888e-7 4.73302e-4 0.9999991 -0.001346468 0.4557224 -0.01016557 0.890064 0.8693025 -0.01533931 0.4940425 0.8862992 0.003265321 0.4631017 0.4995443 0.01498639 0.8661587 -0.8057081 -0.007263004 -0.5922682 -0.8309081 0.01551961 -0.5561934 -0.999951 0.009900629 1.31311e-4 -0.9997224 -0.01337993 -0.01939237 -0.8900653 -0.01016682 0.4557198 -0.4995436 -0.01498639 0.8661592 -0.4557211 0.01016515 0.8900647 -0.8661615 0.01498562 0.4995394 6.01909e-4 0.009881794 0.999951 -6.01909e-4 -0.009881794 0.999951 -0.697143 0.01053243 -0.7168548 0.4113111 -0.07508301 -0.9083974 0.997697 -0.03812897 0.05609774 0.4898058 0.007803618 0.8717967 -0.4173038 -0.02270835 0.9084834 -0.9798791 -0.03603929 0.1963118 -0.9487103 0.0339328 0.3143205 -0.4355579 -0.01148599 0.9000875 0.4662153 0.02537029 0.8843075 0.9910396 0.07508283 -0.1104688 0.254953 0.03812903 -0.9662015 -0.7168529 -0.0105313 -0.697145 -0.9976969 -0.03812897 -0.05609911 -0.4415038 0.01053231 -0.8971976 0.6319559 -0.03183901 -0.7743502 0.9929732 -0.02270984 0.1161406 0.4896947 -0.02270901 0.8715982 -0.4662138 -0.02537095 0.8843082 -0.9976969 0.03812891 0.0560984 -0.4898063 -0.007803082 0.8717965 0.4173021 0.02270907 0.9084842 0.9802634 0.02270966 0.1963873 0.6969569 0.02537089 -0.7166641 -0.4122265 0.03478419 -0.9104171 -0.6969575 -0.02537095 -0.7166635 0.4122264 -0.03478419 -0.9104173 0.9976969 -0.03812891 0.0560984 0.4898064 0.007803082 0.8717964 -0.4173029 -0.02270913 0.9084837 -0.9802634 -0.02270966 0.1963875 -0.9929732 0.02270984 0.1161406 -0.489694 0.02270895 0.8715986 0.4662141 0.02537095 0.8843082 0.9976969 0.03812897 -0.05609911 0.441504 -0.01053231 -0.8971976 -0.631956 0.03183901 -0.7743501 0 -1 -3.98233e-6 0 -1 6.16694e-5 0 -1 -6.09972e-7 0 -1 2.66977e-6 0 -1 2.29582e-6 0 -1 -3.75838e-7 0 -1 -7.97528e-7 0 -1 5.99368e-6 1.98148e-4 -0.9999883 0.004848659 0.00141251 -0.9999823 0.005797743 0 -1 -1.28049e-6 0 -1 -1.48064e-6 -5.64421e-4 -0.9999974 0.002235591 -0.001156032 -0.9999992 5.31685e-4 0 -1 -2.30116e-7 0 -1 1.83984e-7 0 -1 2.16912e-6 0 -1 2.80874e-6 5.31491e-4 -0.9999988 -0.001494765 -5.55814e-4 -0.9999991 -0.001300811 7.37529e-4 -0.9999465 0.01032286 -0.001453518 -0.9999957 0.00258857 0 -1 -4.97846e-7 0 -1 -1.77121e-7 7.10047e-4 -0.9999988 -0.00146687 0 -1 -1.60558e-6 -4.1929e-4 -0.9999997 7.4178e-4 -0.00180602 -0.9999956 0.00235778 0 -1 -2.73184e-7 0 -1 6.26837e-6 0 -1 -1.16691e-6 -0.497698 0.004008352 -0.8673412 -0.5156894 -0.03701788 -0.8559755 -4.97069e-4 0.05478012 -0.9984984 0.002610921 0.3587933 -0.9334135 5.76021e-4 0.4142521 -0.910162 -0.001476645 0.7584891 -0.6516841 1.52763e-4 0.7278404 -0.6857466 0.001767098 0.971414 -0.2373852 3.36224e-4 0.9804244 -0.1968959 -5.039e-5 -0.7010494 0.7131128 1.62178e-4 -0.2939856 0.9558098 -0.001880407 -0.5603099 0.8282809 -9.00933e-4 0.3200122 0.947413 8.8764e-4 -0.9679956 0.2509658 -0.5949081 -0.4050101 -0.6942991 -0.4741849 -0.8392341 -0.2661481 -0.3895463 -0.6604405 -0.6419285 -0.284865 -0.2426953 -0.9273354 -0.802251 -0.264188 -0.5353485 -0.8148677 -0.454886 -0.3592624 -0.6250771 -0.6421037 -0.4438261 -0.9308382 -0.3504163 -0.1036761 -0.600565 -0.7834089 -0.159976 -0.7347446 -0.561431 -0.3807174 -0.892244 -0.2388132 -0.3832349 -0.5654764 -0.0381065 -0.8238837 -0.7345705 -0.1194877 -0.6679289 -0.6129798 -0.3976057 -0.6827632 -0.8923797 -0.4499939 0.03411763 -0.9143336 -0.4038879 -0.02947479 -0.986238 -0.1529621 -0.06274914 -0.9996082 -0.008997738 0.02650481 -1 -2.1398e-7 -1.42938e-7 -1 2.14493e-7 0 -0.8801661 0.4735131 -0.03305977 -0.8973017 0.4338374 -0.08145523 -0.9787181 0.20223 0.03484237 -0.9857309 0.1683294 2.28481e-7 -0.8578507 0.5013178 -0.1130161 -0.5419129 0.108868 -0.8333537 -0.3109265 0.3384017 -0.8881493 -0.3982311 0.6318162 -0.6649966 -0.9240995 0.3465808 -0.1610031 -0.6058171 0.5308627 -0.5925965 -0.4550438 0.5878192 -0.6688826 -0.6636082 0.4744387 -0.5783876 -0.5345472 0.07078945 -0.8421688 -0.8501553 0.2192338 -0.4787197 -0.7601739 0.6236886 -0.1820663 -0.679152 0.7287982 -0.08721184 -0.6916893 0.719062 -0.06719976 0.001923739 -0.874079 -0.4857802 -0.003026962 -0.9237077 -0.3830865 0.002779722 -0.4962102 -0.868198 -6.09205e-4 -0.4426106 -0.8967137 0 -0.02647852 -0.9996494 -0.001058757 -0.08122628 -0.9966952 -0.002449989 -0.05324059 -0.9985788 -3.61956e-4 0.01270347 0.9999192 0 0.04833984 0.998831 -3.86931e-4 0.01540845 0.9998813 0.001103103 0.5920787 0.8058794 3.67625e-4 0.9316315 0.3634046 -0.00149095 0.7887283 0.6147402 1 0 1.40293e-6 1 0 -2.32044e-6 0.9999794 -0.001276612 0.006293952 1 -3.72152e-6 -2.25234e-6 1 -2.70601e-6 2.56731e-7 1 -7.36217e-6 1.95499e-6 1 8.15099e-6 -1.28887e-6 1 -4.1233e-6 -7.98258e-6 1 -6.16568e-6 -2.56476e-6 1 -1.10964e-6 6.44758e-6 0.9999777 -7.04987e-4 0.006640672 0.9999343 0.006559729 0.009404122 0.9999361 0.006560206 0.009221076 0.8862988 0.003265321 0.4631024 0.499545 0.01498639 0.8661583 0.4557217 -0.01016557 0.8900643 -0.8661613 0.01498562 0.49954 -0.4995429 -0.01498633 0.8661596 -0.999951 0.009900629 1.31316e-4 -0.9997224 -0.01337993 -0.01939231 -0.829424 0.01565098 -0.5584003 -0.8075984 -0.004491984 -0.5897157 -0.5051187 -0.001977562 -0.8630476 -0.4863278 0.1078059 -0.8671005 -0.5251618 0.0710169 -0.848034 -1.99334e-4 -0.9999881 -0.004877328 -2.09082e-5 -0.9999907 -0.004318058 0 -1 1.66007e-6 0 -1 9.18327e-6 0 -1 4.01165e-6 0 -1 -1.11628e-6 0 -1 -3.01939e-6 0 -1 8.60176e-7 0 -1 -1.55715e-6 0 -1 7.2304e-7 0 -1 -3.67327e-6 0 -1 8.58876e-7 0 -1 -2.80906e-6 0 -1 5.75289e-7 0 -1 7.15493e-7 0 -1 -1.31225e-6 0 -1 -1.49354e-6 -3.17013e-4 -0.9999995 9.11163e-4 5.54089e-4 -0.9999996 7.86274e-4 -6.66998e-4 -0.9999563 -0.00933367 0.001914739 -0.9999951 -0.002499639 0 -1 -4.80185e-7 0 -1 -3.00008e-6 -4.31592e-4 -0.9999996 8.93454e-4 0.001533389 -0.9999952 -0.002728819 0 -1 4.70767e-6 4.60607e-4 -0.9999996 -8.15799e-4 0 -1 6.49516e-6 0 -1 -2.26715e-6 0 -1 1.17038e-6 0 -1 2.58305e-6 3.91354e-4 0.9999896 0.004546642 6.37069e-7 0.9999994 0.001181542 0 1 -4.21988e-6 0 1 -1.22364e-6 0 1 -2.42995e-6 -1.29561e-6 0.9999994 0.001176416 0 1 4.26515e-6 0 1 1.88703e-6 0 1 4.58648e-6 -5.00033e-4 0.9999998 6.45232e-4 -3.80393e-4 0.9999997 7.22354e-4 0 1 -5.27981e-7 0 1 9.70842e-7 0 1 -3.39557e-7 0 1 -2.31991e-6 0 1 1.3289e-6 0 1 -1.74278e-6 0 1 1.50412e-6 0 1 6.36017e-6 0 1 4.75048e-7 -1.44474e-4 1 -3.0186e-4 1.54515e-4 1 -3.36282e-4 0 1 -1.35615e-6 0 1 -2.46838e-7 1.23343e-4 1 -3.44672e-4 -0.386156 -0.01424616 -0.9223235 0.6319575 -0.03183871 -0.7743487 0.9975858 -0.0202142 0.06643891 0.651284 -0.05676507 0.756708 -0.314321 -0.03393274 0.9487102 -0.9000868 0.01148545 0.4355592 -0.245127 0.00746119 0.9694622 0.4717327 0.04459661 0.8806132 0.9797028 0.04071992 0.1962763 0.6969573 0.02537071 -0.7166638 -0.314369 0.02904719 -0.9488564 -0.9000777 0.01234263 -0.4355545 -0.6971428 0.01053243 -0.7168549 0.4113115 -0.07508313 -0.9083972 0.997697 -0.03812897 0.0560978 0.4898061 0.007803678 0.8717966 -0.4173036 -0.02270835 0.9084835 -0.9487102 0.0339328 0.3143209 -0.4355589 -0.01148599 0.9000869 0.4662151 0.02537029 0.8843076 0.9910395 0.07508283 -0.1104689 -0.716853 -0.0105313 -0.6971449 -0.441504 0.01053231 -0.8971976 0.631956 -0.03183901 -0.7743501 0.489694 -0.02270895 0.8715986 -0.4662141 -0.02537095 0.8843082 -0.4898064 -0.007803082 0.8717964 0.4173029 0.02270913 0.9084837 0.9802634 0.02270966 0.1963875 0.6969575 0.02537095 -0.7166635 -0.4122264 0.03478419 -0.9104173 -0.6969569 -0.02537089 -0.7166641 0.4122265 -0.03478419 -0.9104171 0.4898063 0.007803082 0.8717965 -0.4173021 -0.02270907 0.9084842 -0.9802634 -0.02270966 0.1963873 -0.4896947 0.02270901 0.8715982 0.4662138 0.02537095 0.8843082 0.4415038 -0.01053231 -0.8971976 -0.6319559 0.03183901 -0.7743502 0 0 1 7.68566e-7 0 1 -1.23965e-7 0 1 -7.57164e-7 0 1 0 0 1 -3.30764e-7 0 1 0 0 1 -5.472e-7 0 1 -2.55283e-7 0 1 1.45777e-7 0 1 0 0 1 0 0 1 0 0 1 0 0 1 0 0 1 -2.35839e-7 0 1 -2.3553e-7 0 1 0 0 1 2.12528e-7 0 1 1.39201e-4 -5.31127e-4 0.9999999 0 0 1 0 0 1 0 0 1 2.78149e-7 0 1 -0.00116986 4.78985e-4 0.9999992 -0.01422494 -0.002386927 0.999896 0 0 1 -0.001684427 0.005041718 0.9999859 0.009672999 -0.01367908 0.9998597 -5.8618e-5 -6.27908e-5 1 2.22318e-7 0 1 -7.92059e-5 7.29743e-5 1 0 0 1 1.50568e-6 1.76351e-6 1 0 0 1 0 0 1 -3.36153e-7 0 1 -0.002877652 1.61789e-4 0.9999959 -4.57581e-4 -7.59715e-6 1 -0.00221306 2.51816e-4 0.9999976 2.13716e-7 0 1 1.61256e-7 0 1 -1.65381e-7 0 1 -4.03774e-7 0 1 -1.86169e-7 0 1 0 0 1 5.16322e-7 0 1 0 0 1 -1.25812e-7 0 1 1.93527e-7 0 1 0 0 1 1.7019e-7 0 1 -2.37185e-7 0 1 -3.45835e-7 0 1 -1.91576e-7 0 1 0 0 1 1.85628e-7 0 1 -4.88844e-5 -1.03323e-4 1 -1.28765e-5 -2.27243e-4 1 -1.5565e-7 0 1 -1.32479e-7 0 1 7.57164e-7 0 1 1.66521e-7 0 1 0 0 1 3.4778e-7 0 1 -7.51868e-5 -8.94153e-5 1 -1.10104e-4 -6.93665e-5 1 -2.42611e-5 -1.36146e-4 1 -1.35467e-4 -5.32237e-5 1 2.42321e-7 0 1 0 0 1 -9.56889e-7 0 1 0 0 1 1.55957e-7 0 1 1.597e-7 0 1 0 0 1 -1.17199e-4 -5.76427e-5 1 -4.29972e-4 3.51021e-4 1 -1.29618e-5 -2.33322e-4 1 -9.53904e-4 6.36169e-4 0.9999994 0 0 1 -4.12947e-4 8.39597e-4 0.9999996 -0.003001391 1.68748e-4 0.9999955 -3.43458e-7 0 1 -1.48225e-7 0 1 -1.24767e-7 0 1 -2.4284e-7 0 1 -0.002126038 -0.001942992 0.999996 -0.00157386 -0.002765893 0.9999949 -0.002411961 -0.001186847 0.9999965 -2.70438e-7 0 1 0 0 1 0 0 1 -1.61832e-7 0 1 1.63268e-7 0 1 0 0 1 0 0 1 1.93547e-5 -1.33988e-4 1 0.001457273 -7.82353e-4 0.9999987 0 0 1 2.62448e-7 0 1 -1.30588e-7 0 1 0 0 1 2.13585e-7 0 1 0 0 1 0 0 1 0 0 1 -9.71251e-6 0 1 -2.73323e-7 0 1 1.32739e-7 0 1 0 0 1 0 0 1 -1.23599e-4 -8.88276e-5 1 -0.002960026 5.32601e-4 0.9999955 -7.47729e-5 -3.68278e-5 1 -3.43902e-4 5.46658e-4 0.9999999 0 0 1 0 0 1 0 0 1 -1.36541e-5 -8.83767e-7 1 0 0 1 0 0 1 0 0 1 1.5342e-5 -4.02306e-4 1 0 0 1 -6.97226e-5 -5.9812e-5 1 0 0 1 0 0 1 0 0 1 0.9278986 0.3602485 0.09604805 0.2450068 0.9689874 0.03217637 -0.5192025 0.8545415 0.01369816 -0.9977516 -0.05610269 0.03666478 -0.4415045 -0.8972019 -0.01012772 0.6699174 -0.734671 0.1070949 0.9278986 -0.3602485 -0.09604805 0.2445846 -0.967319 -0.06687623 -0.5184893 -0.853366 0.05417996 -0.9977515 0.05610269 -0.03666478 -0.5327174 0.8462781 0.005082726 0.1281188 0.9917066 -0.01017731 0.7567996 0.6513636 -0.05458861 0.9929925 0.1161433 0.02183622 0.5316768 0.8446249 0.06267929 -0.1765458 0.9834307 0.04118013 -0.8449614 0.5318878 0.05599868 -0.9718565 -0.2294158 0.05351144 -0.2547644 -0.9654905 0.0540685 0.6776284 -0.7350803 0.02183628 0.7350805 -0.6776281 -0.02183634 -0.1161439 -0.9929924 -0.02183628 -0.8446245 -0.5316775 -0.06267893 -0.9834305 0.1765469 -0.04117959 -0.5318877 0.8449614 -0.05599915 0.2294154 0.9718565 -0.05351126 0.9654905 0.2547644 -0.05406826 0.8533664 0.5184884 -0.05418038 -0.05610239 0.9977516 0.03666478 -0.8972018 0.4415049 -0.0101282 -0.7346712 -0.6699173 0.1070945 0.3602486 -0.9278985 0.09604853 0.967319 -0.2445845 0.06687653 0.7346711 -0.6699173 -0.1070945 -0.3602486 -0.9278985 -0.09604853 -0.967319 -0.2445845 -0.06687653 -0.8533664 0.5184884 0.05418038 0.05610239 0.9977516 -0.03666478 0.8972018 0.4415049 0.0101282 0.9834305 0.1765469 0.04117959 0.5318877 0.8449614 0.05599915 -0.2294154 0.9718565 0.05351126 -0.9654905 0.2547644 0.05406826 -0.7350805 -0.6776281 0.02183634 0.1161439 -0.9929924 0.02183628 0.8446244 -0.5316775 0.06267893 0.9718565 -0.2294157 -0.05351144 0.2547644 -0.9654905 -0.0540685 -0.6776284 -0.7350803 -0.02183628 -0.9929925 0.1161433 -0.02183622 -0.5316767 0.8446249 -0.06267929 0.1765458 0.9834307 -0.04118013 0.8449614 0.5318878 -0.05599868 0.9977516 0.05610269 0.03666478 0.4415045 0.8972019 -0.01012772 -0.6699174 0.734671 0.1070949 -0.9278986 -0.3602485 0.09604805 -0.2445845 -0.967319 0.06687623 0.5184893 -0.853366 -0.05417996 0.9977515 -0.05610269 -0.03666478 0.4415045 -0.8972019 0.01012772 -0.6699173 -0.7346711 -0.107095 -0.9278986 0.3602485 -0.09604805 -0.2445846 0.967319 -0.06687623 0.5184893 0.853366 0.05417996 0.9718565 0.2294158 0.05351144 0.2547644 0.9654905 0.0540685 -0.6776284 0.7350803 0.02183628 -0.9976011 -0.06644064 0.01943731 -0.6907353 -0.7197241 0.0698719 0.115987 -0.9916463 0.05643308 0.8449614 -0.5318878 0.05599868 0.9834305 -0.1765469 -0.04117959 0.5318877 -0.8449614 -0.05599915 -0.2293105 -0.9714136 -0.06141942 -0.9648092 -0.2545846 -0.06580191 -0.7350805 0.6776281 -0.02183634 0.1161439 0.9929924 -0.02183628 0.8446245 0.5316775 -0.06267893 0.7346712 0.6699173 0.1070945 -0.3602486 0.9278985 0.09604853 -0.967319 0.2445845 0.06687653 -0.8533664 -0.5184884 -0.05418038 0.05610239 -0.9977516 0.03666478 0.8972018 -0.4415049 -0.0101282 0.8533664 -0.5184884 0.05418038 -0.05610239 -0.9977516 -0.03666478 -0.8972018 -0.4415049 0.0101282 -0.7346711 0.6699173 -0.1070945 0.3602486 0.9278985 -0.09604853 0.967319 0.2445845 -0.06687653 0.7350805 0.6776281 0.02183634 -0.1161439 0.9929924 0.02183628 -0.8446244 0.5316775 0.06267893 -0.9834305 -0.1765469 0.04117959 -0.5318877 -0.8449614 0.05599915 0.2294154 -0.9718565 0.05351126 0.9654905 -0.2547644 0.05406826 0.9929925 -0.1161433 -0.02183622 0.5316767 -0.8446249 -0.06267929 -0.1765458 -0.9834307 -0.04118013 -0.8449614 -0.5318878 -0.05599868 -0.9718565 0.2294157 -0.05351144 -0.2547644 0.9654905 -0.0540685 0.6776284 0.7350803 -0.02183628 -0.5824754 0.8115191 -0.04646962 0.1764972 0.9831646 -0.04728955 0.8942816 0.4400679 -0.08124476 0.7359285 -0.6710639 -0.08990246 -0.3611385 -0.9301877 -0.06580239 -0.9867942 -0.1422236 -0.07752305 -0.5824742 -0.8115198 0.04646968 0.1762636 -0.9818601 0.06987142 0.8462675 -0.53271 0.007174432 0.9833602 0.1765328 0.04288458 0.4886821 0.8697947 0.06816971 -0.4170909 0.908021 0.03915661 -0.9867942 0.1422236 0.07752311 0.8115191 0.5824753 -0.04646992 0.9831644 -0.1764975 -0.0472899 0.4400687 -0.8942812 -0.08124518 -0.6710637 -0.7359288 -0.08990252 -0.9301877 0.3611385 -0.06580239 -0.1422227 0.9867942 -0.07752287 -0.8115197 0.5824744 0.0464695 -0.9818601 -0.1762634 0.06987118 -0.532711 -0.8462669 0.007174551 0.1765332 -0.9833601 0.04288434 0.8697946 -0.4886822 0.06816965 0.9080212 0.4170901 0.03915673 0.1422227 0.9867942 0.07752287 0.5824754 -0.8115191 -0.04646962 -0.1764972 -0.9831646 -0.04728955 -0.8942816 -0.4400679 -0.08124476 -0.7359285 0.6710639 -0.08990246 0.3611385 0.9301877 -0.06580239 0.9867942 0.1422236 -0.07752305 0.5824742 0.8115198 0.04646968 -0.1762636 0.9818601 0.06987142 -0.8462675 0.53271 0.007174432 -0.9833602 -0.1765328 0.04288458 -0.4886821 -0.8697947 0.06816971 0.4170909 -0.908021 0.03915661 0.9867942 -0.1422236 0.07752311 -0.8115191 -0.5824753 -0.04646992 -0.9831644 0.1764975 -0.0472899 -0.4400687 0.8942812 -0.08124518 0.6710637 0.7359288 -0.08990252 0.9301877 -0.3611385 -0.06580239 0.1422227 -0.9867942 -0.07752287 0.8115197 -0.5824744 0.0464695 0.9818601 0.1762634 0.06987118 0.532711 0.8462669 0.007174551 -0.1765332 0.9833601 0.04288434 -0.8697946 0.4886822 0.06816965 -0.9080212 -0.4170901 0.03915673 -0.1422227 -0.9867942 0.07752287 -0.9834305 0.1765468 -0.04117971 -0.5315313 0.8443945 -0.06687623 0.229407 0.9718216 0.05418008 0.9504271 0.3027572 -0.07089787 0.8810237 -0.4719554 -0.03248631 0.142645 -0.9897222 0.01012796 -0.8103533 -0.5816365 -0.07089805 -0.9834306 -0.1765468 0.04117977 -0.531531 -0.8443948 0.06687599 0.229407 -0.9718214 -0.05418038 0.9644504 -0.2544885 0.07121187 0.7664493 0.6388137 0.06687611 0.08212912 0.995148 -0.05417948 -0.8103533 0.5816367 0.07089787 0.176546 0.9834306 -0.04117971 0.8924788 0.4391798 -0.1029702 0.7366178 -0.6716921 -0.07889199 -0.3616788 -0.9315816 -0.03666478 -0.9897221 -0.1426448 0.01012796 -0.5816373 0.8103528 -0.07089793 -0.1765455 0.9834307 0.04118007 -0.8443937 0.5315325 0.06687629 -0.9718216 -0.2294065 -0.05417984 -0.254966 -0.9662547 0.03666418 0.640238 -0.7681599 -0.005082786 0.9931957 -0.08196794 0.08272689 0.581637 0.8103531 0.07089751 0.9834305 -0.1765468 -0.04117971 0.4391793 -0.892479 -0.1029703 -0.6716923 -0.7366176 -0.07889181 -0.9315809 0.3616805 -0.03666478 -0.142645 0.9897222 0.01012796 0.8103533 0.5816365 -0.07089805 0.9834306 0.1765468 0.04117977 0.531531 0.8443948 0.06687599 -0.229407 0.9718214 -0.05418038 -0.966255 0.2549647 0.03666436 -0.7681601 -0.6402378 -0.005082428 -0.08196824 -0.9931956 0.08272731 0.8103533 -0.5816367 0.07089787 -0.176546 -0.9834306 -0.04117971 -0.8924788 -0.4391798 -0.1029702 -0.7366178 0.6716921 -0.07889199 0.3616788 0.9315816 -0.03666478 0.9897221 0.1426448 0.01012796 0.5816373 -0.8103528 -0.07089793 0.1765455 -0.9834307 0.04118007 0.8443937 -0.5315325 0.06687629 0.9718216 0.2294065 -0.05417984 0.254966 0.9662547 0.03666418 -0.640238 0.7681599 -0.005082786 -0.9931957 0.08196794 0.08272689 -0.581637 -0.8103531 0.07089751 -0.157935 0.9872936 0.01754724 -0.4745288 0.8735197 -0.1085633 -0.7485442 0.662685 0.02302479 -0.8479791 0.5271772 -0.0549156 -0.8909164 0.4539444 0.01422739 -0.9810654 0.1936744 -0.001043081 -0.9856957 -0.1623585 -0.04520702 -0.8746235 -0.4845466 0.01576763 -0.6938213 -0.7141627 -0.0926485 -0.4017447 -0.9147672 0.04245209 -0.1562424 -0.9864747 -0.04956001 0.1047253 -0.9945012 -1.42021e-7 0.5387687 -0.8419899 0.02795636 0.706238 -0.7062378 -0.04956048 0.8665496 -0.4977156 0.03702896 0.9858374 -0.1270611 -0.1094536 0.9823964 0.1819249 -0.04243516 0.8983805 0.4378395 0.03477627 0.7003349 0.7084279 -0.08752733 0.4249944 0.9047729 0.02767652 0.1552697 0.9843693 -0.08311623 0.13171 0.9850542 -0.1109985 0.6852708 0.7200863 -0.1089938 0.9721195 0.2219294 -0.07570421 0.9801644 -0.196192 -0.0280447 0.7244486 -0.6841495 -0.08434301 0.2256608 -0.968268 -0.1073982 -0.1962694 -0.9805501 -3.46466e-7 -0.6824972 -0.7226986 -0.1091079 -0.9690055 -0.2258325 -0.1001402 -0.9866414 0.1597201 -0.03206586 -0.4668532 0.8789203 -0.09771066 0.8495066 -0.4489311 -0.2771269 0.4661326 -0.8148738 -0.3445306 0.1236839 -0.9713301 -0.2030278 -0.9699963 0.1764177 -0.1672844 -0.6252121 0.6185584 -0.4759154 -0.4770126 0.2430504 -0.8446215 -0.395539 -0.7859762 -0.4751741 -0.0837562 -0.5288155 -0.8445941 0.3962029 -0.3962029 -0.8282793 -0.9956556 -0.08219683 0.04374527 -0.466576 -0.8843356 -0.01605153 0.4412029 -0.897278 0.01523751 0.9744933 -0.2240092 0.01351326 0.8699148 0.4931374 0.007988989 0.2240093 0.9744933 0.0135135 -0.5426838 0.8398859 0.009274721 -0.9975044 0.05608779 -0.04288583 -0.532657 0.8461836 0.01581108 0.1766902 0.9842324 -0.00819689 0.8462179 0.5326796 -0.01296061 0.9842326 -0.1766898 -0.008196949 0.4897704 -0.8717302 -0.01455086 -0.4663025 -0.8844763 -0.01624572 -0.6585971 0.5653975 -0.4965639 -0.05381006 0.809056 -0.5852631 0.5697702 0.5937743 -0.5681498 0.841623 0.004080653 -0.5400503 0.3540877 -0.583517 -0.7308419 -0.1978285 -0.7813757 -0.5918751 -0.825079 -0.3196066 -0.465936 -0.5849772 -0.05261409 -0.8093414 -0.2850869 -0.5403473 -0.7916758 0.3569957 -0.726025 -0.587743 0.6179736 -0.1390846 -0.7737985 0.5578692 0.312919 -0.7686766 0.1364646 0.6067302 -0.7831065 -0.3341115 0.5303242 -0.7791827 -0.08219742 0.9956556 0.04374456 -0.8843359 0.4665754 -0.01605099 -0.8972783 -0.4412024 0.01523721 -0.224009 -0.9744935 0.01351308 0.4931387 -0.8699141 0.007989227 0.9744934 -0.2240089 0.01351332 0.839886 0.5426837 0.009274601 0.05608868 0.9975043 -0.04288691 0.8461833 0.5326574 0.01581096 0.9842324 -0.1766901 -0.008197009 0.5326803 -0.8462174 -0.01296073 -0.1766896 -0.9842326 -0.008197069 -0.87173 -0.4897706 -0.0145505 -0.8844762 0.4663026 -0.01624673 0.5247033 0.7287194 -0.4400619 0.6801462 -0.0564838 -0.7308973 0.5159585 -0.6193445 -0.5917765 -0.2128475 -0.8048021 -0.5540665 -0.8057657 -0.1910657 -0.5605672 -0.6309435 0.3972194 -0.6664286 -0.1092317 0.6100023 -0.7848349 -0.06381273 0.7281919 -0.6823962 -0.5945551 0.3136876 -0.7403407 -0.5447111 -0.2678413 -0.7947018 -0.1740151 -0.7673785 -0.6171298 0.3174768 -0.56585 -0.7609353 0.865565 -0.197176 -0.4603465 0.4858627 0.3049536 -0.8191097 0.9956556 0.08219683 0.04374527 0.466576 0.8843356 -0.01605153 -0.4412029 0.897278 0.01523751 -0.9744933 0.2240092 0.01351326 -0.8699148 -0.4931374 0.007988989 -0.2240093 -0.9744933 0.0135135 0.5426838 -0.8398859 0.009274721 0.9975044 -0.05608779 -0.04288583 0.532657 -0.8461836 0.01581108 -0.1766902 -0.9842324 -0.00819689 -0.8462179 -0.5326796 -0.01296061 -0.9842326 0.1766898 -0.008196949 -0.4897704 0.8717302 -0.01455086 0.4663025 0.8844763 -0.01624572 0.7353739 -0.4629803 -0.494848 0.0497139 -0.8897406 -0.4537513 -0.8211386 -0.3715654 -0.4332095 -0.6350317 0.6973203 -0.3323841 0.3384259 0.6879413 -0.6420317 0.6100799 0.1092381 -0.7847737 0.728199 0.06381297 -0.6823887 0.3775304 0.7155628 -0.5877422 -0.279361 0.5681381 -0.7740651 -0.5645588 0.1266491 -0.8156185 -0.6866353 -0.3865656 -0.6157101 -0.1392295 -0.6185986 -0.7732729 0.3167405 -0.5038471 -0.8036253 0.08219742 -0.9956556 0.04374456 0.8843359 -0.4665754 -0.01605099 0.8972783 0.4412024 0.01523721 0.224009 0.9744935 0.01351308 -0.4931387 0.8699141 0.007989227 -0.9744934 0.2240089 0.01351332 -0.839886 -0.5426837 0.009274601 -0.05608868 -0.9975043 -0.04288691 -0.8461833 -0.5326574 0.01581096 -0.9842324 0.1766901 -0.008197009 -0.5326803 0.8462174 -0.01296073 0.1766896 0.9842326 -0.008197069 0.87173 0.4897706 -0.0145505 0.8844762 -0.4663026 -0.01624673 -0.4429274 -0.7885078 -0.4266978 -0.7940164 -0.142585 -0.5909379 -0.7121225 0.511933 -0.4804229 0.1092914 0.7587656 -0.6421296 0.6024655 0.3227403 -0.7299823 0.7814355 -0.1977989 -0.5918059 0.3566422 -0.7758507 -0.5204442 0.05189973 -0.5759455 -0.8158391 0.5403473 -0.2850871 -0.7916756 0.6490082 0.3191251 -0.6906139 0.1969942 0.8648012 -0.4618573 -0.285468 0.5097657 -0.8115708 -0.6202996 0.139626 -0.7718375 -0.5038233 -0.3167251 -0.8036463 -0.9221345 -0.3862245 0.02232897 -0.1131016 -0.9934377 0.01701587 0.8544794 -0.5190052 0.02232927 0.8966345 0.4408845 0.04083454 0.1704626 0.9852335 -0.0160526 -0.7372289 0.6754288 0.01701706 -0.7745949 0.6321559 -0.0195412 0.170161 0.9852824 -0.01624643 0.952166 0.3033118 -0.03717535 0.8544071 -0.5191206 0.02241623 -0.05612951 -0.9982323 -0.01954138 -0.8971287 -0.4414707 -0.01624673 -0.3936697 0.8668301 -0.3059902 0.697138 0.6345278 -0.3337261 0.5639078 -0.23695 -0.7911149 0.3225799 -0.8070423 -0.4945958 -0.4234039 -0.7532107 -0.5033915 -0.916966 -0.05075711 -0.3957236 -0.5402173 -0.2308605 -0.8092395 -0.06909036 -0.5689262 -0.8194813 0.7116765 -0.4287987 -0.5564604 0.5682341 0.2794069 -0.7739781 0.09566503 0.5529203 -0.8277242 -0.4171265 0.3879957 -0.8218667 -0.3862245 0.9221346 0.02232915 -0.9934378 0.1131015 0.01701599 -0.5190052 -0.8544794 0.0223295 0.4408846 -0.8966346 0.04083424 0.9852334 -0.1704627 -0.016052 0.6754292 0.7372285 0.01701664 0.6321555 0.7745952 -0.0195409 0.9852824 -0.1701607 -0.01624596 0.3033113 -0.9521661 -0.03717535 -0.5191208 -0.8544069 0.02241575 -0.9982322 0.05613058 -0.01954191 -0.4414696 0.8971291 -0.01624703 0.7908895 0.4181461 -0.4468197 0.7530366 -0.4234941 -0.5035759 0.05063682 -0.9145506 -0.4012896 -0.8316155 -0.4398472 -0.3390432 -0.7532106 0.4234021 -0.5033931 -0.05075722 0.9169645 -0.3957269 -0.2308603 0.5402181 -0.8092392 -0.5689273 0.06909227 -0.8194804 -0.2761601 -0.463149 -0.8421571 0.2650401 -0.5390177 -0.7995085 0.592279 -0.1024733 -0.7991902 0.3879963 0.4171277 -0.8218657 0.9221345 0.3862245 0.02232897 0.1131016 0.9934377 0.01701587 -0.8544794 0.5190052 0.02232927 -0.8966345 -0.4408845 0.04083454 -0.1704626 -0.9852335 -0.0160526 0.7372289 -0.6754288 0.01701706 0.7745949 -0.6321559 -0.0195412 -0.170161 -0.9852824 -0.01624643 -0.952166 -0.3033118 -0.03717535 -0.8544071 0.5191206 0.02241623 0.05612951 0.9982323 -0.01954138 0.8971287 0.4414707 -0.01624673 0.7201668 -0.4637588 -0.5160307 -0.1093641 -0.7588101 -0.6420646 -0.6024957 -0.3226575 -0.7299939 -0.7814618 0.1977863 -0.5917753 -0.4086904 0.7620657 -0.5022231 0.1828072 0.7228123 -0.6664263 0.6291725 0.2890047 -0.7215388 0.6728315 0.2857125 -0.6823973 0.07514768 0.6239946 -0.7778069 -0.496142 0.2963523 -0.8160995 -0.64898 -0.3191102 -0.6906473 -0.1378334 -0.7966439 -0.5885241 0.4651125 -0.4316238 -0.7728981 0.002774775 -1.28921e-4 -0.9999963 -3.64995e-4 5.68592e-5 -1 -1.35889e-5 -1.18423e-4 -1 -0.004502475 -5.19778e-4 -0.9999898 2.08346e-5 1.81089e-5 -1 -1.49805e-4 -1.36601e-4 -1 -3.23408e-4 -5.07823e-5 -1 0 0 -1 2.18832e-5 1.32958e-5 -1 -5.43172e-5 -3.48678e-4 -1 0 0 -1 -8.7978e-5 6.31469e-5 -1 -3.4108e-5 -6.3668e-5 -1 0.002129018 0.003969967 -0.9999899 0 0 -1 0 0 -1 0 0 -1 -0.005320489 -0.01178669 -0.9999164 0 0 -1 0.001691043 2.81629e-4 -0.9999986 0.006161868 -0.003878772 -0.9999735 1.26426e-4 2.26961e-5 -1 0.003617823 -0.00820899 -0.9999598 0.006121873 -0.003920972 -0.9999736 -4.00872e-4 9.46071e-5 -1 5.23653e-5 9.32037e-5 -1 0.002409994 -0.01342469 -0.9999071 -4.79679e-4 6.91341e-5 -0.9999999 -1.79503e-4 3.90785e-4 -1 0.0040946 0.001847147 -0.99999 0.001862287 0.001716732 -0.9999968 4.66033e-4 -0.001444935 -0.9999989 0.004191875 -8.17352e-4 -0.9999909 3.82352e-4 -0.001619696 -0.9999986 0.002998709 -7.91271e-4 -0.9999952 -2.58091e-5 2.48935e-4 -1 1.0004e-4 -1.22878e-4 -1 1.04261e-4 -1.14339e-4 -1 2.90687e-4 -3.04024e-5 -1 -0.009701311 0.0137183 -0.9998589 0.00159192 -1.87533e-4 -0.9999988 5.12549e-4 1.20991e-4 -0.9999999 1.44653e-4 -1.56918e-4 -1 6.44548e-4 -0.004290878 -0.9999906 -3.6483e-5 -1.38261e-4 -1 -1.12671e-4 -4.29172e-5 -1 -2.91493e-4 0.001234769 -0.9999993 -0.01114135 -0.002290725 -0.9999353 0.06525582 -0.03772437 -0.9971553 0.0231384 0.0286594 -0.9993215 0.006850659 0.04459518 -0.9989817 -0.04081153 0.0750932 -0.9963411 -0.002370953 0.03179109 -0.9994918 -0.01095426 0.06519913 -0.9978122 -8.00899e-4 0.02028834 -0.9997938 -0.06353265 -0.03503739 -0.9973645 -0.09067231 -0.01290905 -0.9957972 -0.01551985 -0.01597487 -0.999752 4.5092e-4 -0.002090156 -0.9999978 -0.01439011 1.45517e-4 -0.9998965 0.003165662 0.002010166 -0.999993 -4.09581e-4 6.30438e-6 -1 9.28306e-4 -0.002493917 -0.9999965 -8.86659e-4 -0.00263971 -0.9999961 -0.003755211 -0.004358291 -0.9999836 -0.0086717 0.003349602 -0.9999568 -0.002132356 -0.003805458 -0.9999905 6.00328e-4 0.00437808 -0.9999903 9.91042e-5 0.001505553 -0.9999989 -0.004178702 0.005748808 -0.9999748 0.001711785 -0.003400206 -0.9999929 -4.07333e-4 9.3725e-5 -1 -0.0320416 -9.59147e-4 -0.9994861 -0.003641545 0.006172299 -0.9999743 -0.005695998 0.002828121 -0.9999799 0.002582192 0.003973126 -0.9999889 -0.001539051 -5.1524e-4 -0.9999987 0.004179954 -6.77208e-4 -0.9999911 7.68391e-4 0.004680991 -0.9999887 0.002204835 -0.004336059 -0.9999882 0.002560198 3.07961e-5 -0.9999967 0.001294732 -4.89524e-4 -0.9999991 -4.54688e-5 -0.002074003 -0.9999979 2.14524e-4 2.09176e-4 -1 6.60188e-4 -9.5151e-5 -0.9999999 1.32277e-4 -2.87971e-4 -1 2.75893e-4 -8.14817e-5 -1 -1.1583e-4 7.29129e-5 -1 -1.50669e-4 -2.70481e-5 -1 -0.03991472 0.02242553 -0.9989515 -8.62478e-4 0.004804313 -0.9999881 -2.32608e-4 -0.001613914 -0.9999988 -0.007642328 0.006909728 -0.999947 -6.32243e-4 -2.90414e-4 -0.9999998 8.24818e-4 3.78872e-4 -0.9999997 2.51472e-4 0.001744806 -0.9999985 -4.95664e-5 -7.87415e-5 -1 3.63782e-5 -2.02641e-4 -1 -1.30121e-4 -2.33593e-5 -1 -0.002233982 0.002506017 -0.9999944 0.001605808 -0.001822948 -0.9999971 4.44202e-4 0.004132628 -0.9999914 2.86684e-4 2.66405e-4 -1 0.01117736 -0.008417904 -0.9999022 0.002429306 6.20332e-4 -0.999997 -0.001842439 -0.001247882 -0.9999976 0.004749715 -8.6805e-4 -0.9999884 0.001024484 -0.001310884 -0.9999987 -0.006316423 -5.15588e-4 -0.99998 0.002299726 1.28212e-4 -0.9999974 0.001914918 -8.07991e-5 -0.9999982 -2.52435e-4 -0.001469135 -0.9999989 0.00266546 0.002473354 -0.9999934 0.002511084 0.002416372 -0.999994 5.32914e-4 -4.78157e-4 -0.9999998 0.003098011 0.00142306 -0.9999942 -0.001022875 6.93996e-5 -0.9999995 0.001037538 -0.001446783 -0.9999985 0.001076698 7.30481e-4 -0.9999992 -9.21111e-4 5.97626e-4 -0.9999994 0.001253604 -0.003687143 -0.9999924 6.84425e-4 0.02247637 -0.9997472 -0.006852209 3.2782e-4 -0.9999765 7.84518e-4 -0.002153456 -0.9999974 0 0.001527786 -0.9999989 0.001382112 0 -0.9999991 -0.002794921 -1.90509e-4 -0.9999961 2.2701e-4 4.32707e-4 -0.9999999 0.001147389 2.05987e-4 -0.9999994 2.64307e-4 4.19881e-4 -1 5.92641e-6 7.18095e-5 -1 5.1272e-5 4.27337e-5 -1 1.11903e-5 6.43147e-5 -1 4.37445e-4 -3.61021e-5 -1 0 0 -1 2.69717e-4 -1.41323e-4 -1 2.52274e-4 -3.02679e-4 -1 0.004939973 0.004504442 -0.9999777 -0.001484155 -7.36266e-4 -0.9999987 0.003288686 -8.94462e-5 -0.9999946 -4.8773e-5 -7.42618e-4 -0.9999998 1.30327e-4 0.002580463 -0.9999967 7.26505e-4 0.001149535 -0.9999992 5.89437e-4 -3.21024e-4 -0.9999998 -1.06364e-4 0.001324057 -0.9999992 -0.001274108 -0.001566052 -0.999998 -3.19824e-4 0.005576252 -0.9999845 0.01675337 -0.03095912 -0.9993803 -0.01433938 -0.0194115 -0.9997088 0.049371 0.01212632 -0.9987069 0.002752065 0.004371941 -0.9999867 0.01818442 0.007522404 -0.9998064 0.03265565 -0.004504203 -0.9994565 -9.93913e-4 2.62264e-4 -0.9999995 1.24731e-4 4.72698e-4 -0.9999999 -0.002201437 0.01220548 -0.9999232 0.001139879 0.003014922 -0.9999949 9.28115e-4 8.45571e-5 -0.9999996 -1.66574e-4 4.63016e-4 -0.9999999 9.96757e-5 -3.70693e-4 -1 0 0 -1 0.01017755 -0.001977741 -0.9999464 -2.39109e-4 -5.23419e-5 -1 -6.73889e-5 2.39374e-4 -1 2.19215e-5 1.43746e-5 -1 2.12921e-4 7.20939e-4 -0.9999998 -5.27356e-4 0.002937555 -0.9999956 1.65467e-4 2.30533e-4 -1 -4.85821e-5 -1.28495e-4 -1 8.91699e-4 -5.63335e-4 -0.9999995 2.58711e-4 4.10991e-4 -0.9999999 0.003549933 -5.15056e-5 -0.9999938 -0.70721 -0.4306064 -0.5607426 -0.722759 0.1827623 -0.6664963 -0.3007197 0.7759338 -0.5545217 0.6990367 0.6374229 -0.3240983 0.8032742 -0.3946638 -0.4460842 0.05075722 -0.9169645 -0.3957269 0.2308603 -0.5402181 -0.8092392 0.5656842 -0.06873178 -0.8217526 0.3099121 0.5182834 -0.7970802 -0.3191236 0.649006 -0.6906167 -0.6624357 0.1146119 -0.7402994 -0.3879963 -0.4171277 -0.8218657 0.3862245 -0.9221346 0.02232915 0.9934378 -0.1131015 0.01701599 0.5190052 0.8544794 0.0223295 -0.4408846 0.8966346 0.04083424 -0.9852334 0.1704627 -0.016052 -0.6754292 -0.7372285 0.01701664 -0.6321555 -0.7745952 -0.0195409 -0.9852824 0.1701607 -0.01624596 -0.3033113 0.9521661 -0.03717535 0.5191208 0.8544069 0.02241575 0.9982322 -0.05613058 -0.01954191 0.4414696 -0.8971291 -0.01624703</float_array>
          <technique_common>
            <accessor source="#Link05-mesh-normals-array" count="2777" stride="3">
              <param name="X" type="float"/>
              <param name="Y" type="float"/>
              <param name="Z" type="float"/>
            </accessor>
          </technique_common>
        </source>
        <vertices id="Link05-mesh-vertices">
          <input semantic="POSITION" source="#Link05-mesh-positions"/>
        </vertices>
        <triangles count="3500">
          <input semantic="VERTEX" source="#Link05-mesh-vertices" offset="0"/>
          <input semantic="NORMAL" source="#Link05-mesh-normals" offset="1"/>
          <p>1 0 2 0 0 0 3 0 4 0 0 0 4 1 5 1 0 1 5 2 6 2 0 2 6 3 7 3 0 3 7 4 1 4 0 4 4 5 3 5 8 5 5 6 4 6 9 6 6 7 5 7 10 7 7 8 6 8 11 8 1 9 7 9 12 9 2 10 1 10 13 10 0 11 2 11 14 11 3 12 0 12 15 12 15 13 8 13 3 13 14 14 15 14 0 14 13 15 14 15 2 15 12 16 13 16 1 16 11 17 12 17 7 17 10 18 11 18 6 18 9 19 10 19 5 19 8 20 9 20 4 20 17 0 14 0 13 0 18 0 11 0 10 0 13 21 16 21 17 21 19 22 12 22 11 22 12 23 19 23 20 23 20 24 13 24 12 24 21 25 15 25 14 25 11 0 18 0 19 0 15 26 21 26 22 26 22 0 8 0 15 0 14 27 17 27 21 27 8 28 22 28 23 28 13 29 20 29 16 29 8 30 23 30 24 30 24 0 9 0 8 0 25 0 10 0 9 0 9 31 24 31 25 31 10 0 25 0 26 0 10 0 26 0 18 0 20 32 27 32 28 32 16 33 28 33 29 33 17 34 29 34 30 34 21 35 30 35 31 35 22 36 31 36 32 36 24 37 32 37 33 37 25 38 33 38 34 38 26 39 34 39 35 39 18 40 35 40 36 40 19 41 36 41 37 41 19 42 37 42 27 42 27 43 20 43 19 43 36 44 19 44 18 44 35 45 18 45 26 45 34 46 26 46 25 46 33 47 25 47 24 47 32 48 24 48 23 48 32 49 23 49 22 49 31 50 22 50 21 50 30 51 21 51 17 51 29 52 17 52 16 52 28 53 16 53 20 53 38 0 39 0 35 0 39 54 40 54 36 54 36 55 35 55 39 55 40 56 41 56 37 56 42 57 43 57 31 57 37 0 36 0 40 0 41 0 44 0 27 0 44 0 45 0 28 0 43 58 46 58 32 58 46 0 47 0 33 0 27 59 37 59 41 59 45 60 48 60 29 60 32 0 31 0 43 0 33 0 32 0 46 0 49 61 38 61 34 61 29 62 28 62 45 62 48 63 42 63 30 63 47 64 49 64 33 64 28 0 27 0 44 0 35 65 34 65 38 65 30 66 29 66 48 66 34 67 33 67 49 67 31 68 30 68 42 68 50 69 46 69 43 69 51 70 43 70 42 70 52 71 42 71 48 71 53 72 48 72 45 72 54 73 45 73 44 73 55 74 44 74 41 74 56 75 41 75 40 75 57 76 40 76 39 76 58 77 39 77 38 77 59 78 38 78 49 78 60 79 49 79 47 79 61 80 47 80 46 80 46 81 50 81 61 81 47 82 61 82 60 82 49 83 60 83 59 83 38 84 59 84 58 84 39 85 58 85 57 85 40 86 57 86 56 86 41 87 56 87 55 87 44 88 55 88 54 88 45 89 54 89 53 89 48 90 53 90 52 90 42 91 52 91 51 91 43 92 51 92 50 92 62 0 63 0 58 0 59 93 64 93 62 93 63 94 65 94 57 94 57 0 58 0 63 0 65 0 66 0 57 0 67 95 68 95 51 95 68 0 69 0 51 0 66 0 70 0 56 0 70 96 71 96 55 96 74 97 53 97 54 97 75 0 52 0 53 0 69 0 76 0 50 0 56 0 57 0 66 0 55 98 71 98 72 98 54 0 73 0 74 0 53 0 74 0 75 0 50 0 51 0 69 0 76 0 77 0 50 0 78 99 60 99 61 99 80 0 59 0 60 0 55 0 56 0 70 0 81 0 54 0 55 0 75 100 82 100 52 100 82 0 67 0 52 0 83 0 61 0 50 0 60 0 78 0 79 0 59 0 80 0 64 0 55 0 72 0 81 0 50 101 77 101 83 101 60 102 79 102 80 102 54 0 81 0 73 0 61 103 83 103 78 103 51 0 52 0 67 0 58 104 59 104 62 104 83 105 77 105 84 105 78 106 83 106 85 106 79 107 78 107 86 107 80 108 79 108 87 108 64 109 80 109 88 109 62 110 64 110 89 110 63 111 62 111 90 111 65 112 63 112 91 112 66 113 65 113 92 113 70 114 66 114 93 114 71 115 70 115 94 115 72 116 71 116 95 116 81 117 72 117 96 117 73 118 81 118 97 118 74 119 73 119 98 119 75 120 74 120 99 120 82 121 75 121 100 121 67 122 82 122 101 122 68 123 67 123 102 123 69 124 68 124 103 124 76 125 69 125 104 125 77 126 76 126 105 126 105 127 84 127 77 127 104 128 105 128 76 128 103 129 104 129 69 129 102 130 103 130 68 130 101 131 102 131 67 131 100 121 101 121 82 121 99 132 100 132 75 132 98 133 99 133 74 133 97 134 98 134 73 134 96 135 97 135 81 135 95 116 96 116 72 116 94 136 95 136 71 136 93 137 94 137 70 137 92 138 93 138 66 138 91 139 92 139 65 139 90 140 91 140 63 140 89 110 90 110 62 110 88 141 89 141 64 141 87 142 88 142 80 142 86 143 87 143 79 143 85 144 86 144 78 144 84 145 85 145 83 145 84 146 106 146 107 146 108 147 109 147 102 147 110 148 84 148 105 148 104 149 109 149 110 149 128 150 106 150 84 150 84 151 107 151 111 151 109 152 103 152 102 152 110 153 105 153 104 153 110 154 128 154 84 154 86 155 85 155 111 155 91 156 112 156 113 156 104 157 103 157 109 157 85 158 84 158 111 158 128 159 114 159 106 159 115 160 87 160 86 160 115 161 112 161 89 161 97 162 116 162 108 162 92 163 91 163 113 163 93 164 92 164 117 164 111 165 115 165 86 165 89 166 88 166 115 166 108 167 99 167 98 167 88 168 87 168 115 168 116 169 97 169 96 169 108 170 100 170 99 170 95 171 117 171 116 171 112 172 90 172 89 172 108 173 102 173 101 173 108 174 98 174 97 174 113 175 117 175 92 175 95 176 94 176 117 176 108 177 101 177 100 177 94 178 93 178 117 178 91 179 90 179 112 179 96 180 95 180 116 180 108 181 118 181 109 181 119 182 111 182 107 182 121 183 111 183 119 183 122 184 119 184 107 184 123 185 107 185 120 185 125 186 121 186 122 186 126 187 122 187 123 187 124 188 127 188 123 188 122 189 126 189 125 189 120 190 124 190 123 190 107 191 123 191 122 191 119 192 122 192 121 192 129 193 110 193 130 193 132 194 128 194 129 194 133 195 129 195 130 195 135 196 131 196 132 196 136 197 133 197 134 197 134 198 137 198 136 198 133 199 136 199 132 199 130 200 134 200 133 200 129 201 133 201 132 201 128 202 132 202 131 202 110 203 129 203 128 203 138 204 108 204 116 204 140 205 108 205 138 205 142 206 138 206 141 206 141 207 139 207 143 207 144 208 140 208 142 208 145 209 142 209 141 209 141 210 143 210 146 210 141 211 146 211 145 211 142 212 145 212 144 212 138 213 142 213 140 213 141 214 116 214 139 214 116 215 141 215 138 215 146 216 143 216 147 216 148 217 118 217 108 217 140 218 149 218 148 218 149 219 140 219 144 219 144 220 150 220 149 220 108 221 140 221 148 221 118 222 148 222 151 222 152 223 151 223 153 223 151 224 152 224 118 224 157 225 168 225 155 225 155 226 144 226 157 226 150 227 144 227 155 227 156 228 157 228 145 228 144 229 145 229 157 229 145 230 146 230 156 230 161 231 158 231 159 231 162 232 159 232 160 232 147 233 143 233 161 233 147 234 161 234 162 234 163 235 162 235 160 235 147 236 163 236 164 236 139 237 158 237 143 237 139 238 116 238 158 238 160 239 164 239 163 239 162 240 163 240 147 240 159 241 162 241 161 241 158 242 161 242 143 242 156 243 146 243 147 243 147 244 164 244 156 244 153 245 151 245 165 245 155 246 149 246 150 246 165 247 149 247 155 247 151 248 148 248 149 248 153 249 166 249 154 249 165 250 151 250 149 250 165 251 166 251 153 251 168 252 167 252 166 252 165 253 155 253 168 253 166 254 165 254 168 254 169 255 152 255 153 255 152 256 169 256 109 256 154 257 170 257 169 257 169 258 153 258 154 258 109 259 118 259 152 259 109 260 130 260 110 260 134 261 171 261 172 261 171 262 134 262 130 262 173 263 137 263 134 263 134 264 172 264 173 264 109 265 171 265 130 265 136 266 137 266 174 266 132 267 136 267 175 267 135 268 132 268 176 268 175 269 176 269 132 269 174 270 175 270 136 270 114 271 128 271 131 271 177 272 131 272 135 272 135 273 178 273 177 273 131 274 177 274 114 274 180 275 179 275 181 275 177 276 179 276 114 276 179 277 180 277 114 277 176 278 188 278 183 278 183 279 135 279 176 279 178 280 135 280 183 280 181 281 179 281 184 281 177 282 183 282 184 282 183 283 177 283 178 283 181 284 186 284 182 284 186 285 184 285 185 285 183 286 185 286 184 286 184 287 179 287 177 287 184 288 186 288 181 288 188 289 187 289 185 289 188 290 185 290 183 290 186 291 185 291 187 291 189 292 180 292 181 292 180 293 189 293 106 293 182 294 190 294 189 294 189 295 181 295 182 295 106 296 114 296 180 296 106 297 120 297 107 297 124 298 191 298 192 298 191 299 124 299 120 299 193 300 127 300 124 300 124 301 192 301 193 301 106 302 191 302 120 302 123 303 127 303 194 303 126 304 123 304 194 304 125 305 126 305 195 305 194 306 195 306 126 306 196 307 111 307 121 307 197 308 121 308 125 308 125 309 198 309 197 309 121 310 197 310 196 310 111 311 196 311 115 311 191 312 199 312 192 312 106 313 189 313 199 313 199 314 191 314 106 314 187 315 200 315 190 315 186 316 190 316 182 316 187 317 201 317 200 317 187 318 190 318 186 318 194 319 127 319 202 319 202 320 127 320 193 320 202 321 203 321 194 321 192 322 199 322 204 322 204 323 189 323 200 323 190 324 200 324 189 324 192 325 202 325 193 325 204 326 199 326 189 326 204 327 202 327 192 327 201 328 203 328 202 328 202 329 204 329 201 329 204 330 200 330 201 330 115 331 196 331 205 331 206 332 205 332 207 332 205 333 206 333 115 333 195 334 213 334 209 334 209 335 125 335 195 335 198 336 125 336 209 336 207 337 205 337 210 337 209 338 197 338 198 338 210 339 197 339 209 339 205 340 196 340 197 340 207 341 211 341 208 341 210 342 205 342 197 342 210 343 211 343 207 343 213 344 212 344 211 344 210 345 209 345 213 345 211 346 210 346 213 346 214 347 206 347 207 347 206 348 214 348 112 348 208 349 215 349 214 349 214 350 207 350 208 350 112 351 115 351 206 351 216 352 112 352 221 352 221 353 217 353 216 353 217 354 221 354 218 354 217 355 218 355 220 355 220 356 219 356 217 356 216 357 113 357 112 357 112 358 214 358 221 358 222 359 223 359 215 359 208 360 211 360 212 360 222 361 224 361 223 361 208 362 212 362 222 362 222 363 215 363 208 363 218 364 221 364 225 364 225 365 214 365 223 365 215 366 223 366 214 366 218 367 226 367 220 367 225 368 221 368 214 368 225 369 226 369 218 369 224 370 227 370 226 370 226 371 225 371 224 371 225 372 223 372 224 372 228 373 219 373 226 373 226 374 219 374 220 374 226 375 227 375 228 375 229 376 117 376 113 376 230 377 113 377 216 377 231 378 229 378 230 378 233 379 231 379 230 379 234 380 230 380 217 380 229 381 239 381 235 381 229 382 235 382 117 382 231 383 239 383 229 383 217 384 219 384 234 384 230 385 234 385 233 385 231 386 233 386 232 386 216 387 217 387 230 387 113 388 230 388 229 388 228 389 236 389 234 389 236 390 237 390 233 390 232 391 233 391 237 391 233 392 234 392 236 392 234 393 219 393 228 393 239 394 231 394 232 394 232 395 238 395 239 395 240 396 238 396 232 396 242 397 240 397 241 397 238 398 243 398 239 398 243 399 238 399 242 399 244 400 235 400 239 400 245 401 243 401 242 401 246 402 242 402 241 402 241 403 247 403 246 403 242 404 246 404 245 404 243 405 245 405 244 405 239 406 243 406 244 406 240 407 242 407 238 407 237 408 241 408 240 408 240 409 232 409 237 409 116 410 117 410 235 410 160 411 159 411 246 411 159 412 158 412 245 412 244 413 245 413 158 413 116 414 235 414 244 414 244 415 158 415 116 415 245 416 246 416 159 416 246 417 247 417 160 417 171 418 248 418 172 418 169 419 248 419 109 419 248 420 171 420 109 420 250 421 170 421 249 421 154 422 166 422 251 422 170 423 154 423 251 423 251 424 249 424 170 424 166 425 167 425 251 425 174 426 137 426 252 426 252 427 137 427 173 427 252 428 254 428 174 428 172 429 248 429 253 429 250 430 169 430 170 430 253 431 169 431 250 431 172 432 252 432 173 432 253 433 248 433 169 433 253 434 252 434 172 434 250 435 249 435 254 435 252 436 253 436 254 436 253 437 250 437 254 437 255 438 256 438 160 438 256 439 255 439 257 439 282 440 281 440 257 440 160 441 247 441 255 441 257 442 255 442 282 442 256 443 258 443 160 443 247 444 259 444 255 444 271 445 270 445 259 445 260 446 160 446 258 446 259 447 247 447 271 447 261 448 256 448 262 448 263 449 264 449 262 449 257 450 263 450 256 450 262 451 256 451 263 451 262 452 265 452 261 452 258 453 266 453 260 453 267 454 265 454 268 454 265 455 267 455 261 455 270 456 271 456 269 456 258 457 256 457 272 457 273 458 272 458 274 458 274 459 275 459 273 459 272 460 273 460 258 460 274 461 272 461 267 461 261 0 272 0 256 0 276 0 277 0 274 0 261 462 267 462 272 462 274 463 267 463 276 463 278 464 277 464 276 464 276 464 279 464 278 464 281 465 282 465 280 465 283 466 284 466 285 466 286 467 285 467 255 467 255 468 259 468 286 468 285 469 286 469 283 469 283 470 286 470 270 470 287 471 288 471 283 471 283 471 270 471 287 471 286 471 259 471 270 471 289 0 280 0 284 0 284 0 280 0 282 0 282 0 255 0 285 0 282 472 285 472 284 472 284 0 290 0 289 0 290 464 291 464 292 464 292 464 289 464 290 464 293 473 266 473 294 473 266 474 293 474 260 474 275 475 294 475 266 475 295 476 294 476 275 476 258 471 273 471 266 471 266 477 273 477 275 477 275 471 296 471 295 471 296 464 297 464 298 464 298 464 295 464 296 464 299 464 288 464 287 464 287 464 300 464 299 464 279 0 301 0 302 0 302 0 278 0 279 0 302 478 303 478 278 478 301 479 304 479 305 479 305 480 302 480 301 480 268 481 276 481 267 481 268 482 304 482 276 482 279 483 276 483 304 483 304 484 301 484 279 484 304 485 268 485 306 485 306 486 307 486 304 486 292 0 291 0 308 0 291 487 309 487 308 487 308 0 310 0 292 0 311 488 310 488 308 488 308 489 312 489 311 489 313 490 289 490 311 490 292 491 310 491 311 491 280 492 289 492 313 492 311 493 289 493 292 493 313 494 281 494 280 494 313 495 311 495 314 495 312 496 308 496 309 496 309 497 315 497 312 497 311 498 316 498 317 498 317 0 314 0 311 0 318 499 319 499 320 499 311 500 312 500 316 500 321 501 316 501 312 501 315 502 322 502 323 502 322 503 320 503 323 503 320 504 322 504 318 504 321 505 312 505 315 505 323 506 324 506 315 506 324 507 321 507 315 507 314 508 317 508 319 508 319 509 318 509 314 509 321 510 324 510 325 510 316 511 321 511 326 511 317 512 316 512 328 512 319 513 317 513 329 513 320 514 319 514 330 514 323 515 320 515 330 515 324 516 323 516 331 516 331 517 325 517 324 517 330 518 331 518 323 518 329 519 330 519 319 519 328 520 329 520 317 520 327 521 328 521 316 521 326 522 327 522 316 522 325 523 326 523 321 523 322 524 315 524 309 524 309 525 332 525 322 525 333 464 318 464 322 464 322 464 332 464 333 464 334 0 333 0 332 0 332 0 335 0 334 0 332 526 309 526 335 526 335 480 336 480 337 480 337 480 334 480 335 480 337 0 336 0 338 0 338 0 339 0 337 0 338 464 340 464 341 464 341 464 339 464 338 464 341 0 340 0 342 0 340 527 343 527 342 527 342 0 344 0 341 0 345 480 344 480 342 480 342 480 346 480 345 480 346 528 342 528 343 528 343 529 347 529 346 529 347 530 348 530 349 530 348 531 350 531 349 531 351 532 353 532 350 532 345 533 346 533 352 533 349 534 356 534 347 534 350 504 348 504 351 504 345 535 352 535 354 535 347 536 356 536 355 536 355 537 352 537 346 537 351 538 354 538 353 538 355 539 346 539 347 539 354 540 351 540 345 540 355 541 356 541 357 541 352 542 355 542 358 542 354 543 352 543 360 543 353 544 354 544 361 544 350 545 353 545 362 545 349 546 350 546 362 546 356 547 349 547 363 547 363 548 357 548 356 548 362 549 363 549 349 549 361 550 362 550 353 550 360 551 361 551 354 551 359 552 360 552 352 552 358 553 359 553 352 553 357 554 358 554 355 554 348 555 347 555 343 555 343 556 364 556 348 556 365 464 351 464 348 464 348 464 364 464 365 464 366 0 365 0 364 0 364 0 367 0 366 0 364 557 343 557 367 557 367 480 368 480 369 480 369 480 366 480 367 480 370 0 371 0 369 0 369 0 368 0 370 0 370 558 372 558 373 558 373 464 371 464 370 464 373 559 372 559 374 559 372 560 375 560 374 560 374 0 376 0 373 0 377 480 376 480 374 480 374 480 378 480 377 480 371 561 379 561 380 561 379 562 371 562 377 562 373 121 376 121 377 121 380 121 339 121 369 121 339 121 345 121 351 121 377 121 371 121 373 121 351 121 369 121 339 121 366 563 369 563 351 563 380 121 369 121 371 121 337 121 339 121 381 121 377 564 382 564 379 564 341 121 344 121 345 121 339 121 380 121 381 121 313 565 314 565 318 565 345 121 339 121 341 121 318 566 337 566 313 566 334 563 337 563 318 563 381 567 313 567 337 567 351 121 365 121 366 121 318 121 333 121 334 121 378 568 374 568 375 568 375 569 383 569 378 569 383 570 384 570 385 570 383 571 386 571 389 571 377 572 388 572 387 572 389 573 384 573 383 573 377 574 378 574 388 574 387 575 382 575 377 575 385 576 378 576 383 576 390 577 391 577 389 577 390 578 382 578 392 578 385 579 388 579 378 579 389 580 386 580 390 580 392 581 391 581 390 581 387 582 392 582 382 582 385 583 384 583 393 583 388 584 385 584 394 584 387 585 388 585 396 585 392 586 387 586 396 586 391 587 392 587 397 587 389 588 391 588 398 588 384 589 389 589 393 589 399 590 393 590 389 590 398 591 399 591 389 591 397 592 398 592 391 592 396 593 397 593 392 593 395 594 396 594 388 594 394 595 395 595 388 595 393 596 394 596 385 596 386 597 383 597 375 597 375 598 400 598 386 598 401 464 390 464 386 464 386 464 400 464 401 464 298 471 297 471 402 471 297 599 403 599 402 599 402 471 404 471 298 471 405 600 404 600 402 600 402 601 406 601 405 601 294 602 295 602 293 602 407 603 295 603 405 603 298 604 404 604 405 604 295 605 407 605 293 605 405 606 295 606 298 606 407 607 405 607 408 607 300 471 409 471 410 471 410 471 299 471 300 471 410 608 411 608 299 608 409 609 412 609 413 609 413 480 410 480 409 480 269 610 412 610 287 610 300 611 287 611 412 611 412 612 409 612 300 612 412 613 269 613 414 613 287 614 270 614 269 614 414 615 415 615 412 615 413 616 416 616 411 616 411 617 410 617 413 617 412 618 415 618 417 618 413 619 418 619 419 619 412 471 417 471 418 471 420 620 421 620 422 620 420 621 422 621 423 621 416 622 413 622 419 622 418 623 413 623 412 623 415 624 420 624 423 624 416 625 425 625 424 625 424 626 421 626 416 626 419 627 425 627 416 627 423 628 417 628 415 628 424 629 422 629 421 629 426 630 427 630 425 630 428 631 426 631 419 631 429 632 428 632 417 632 430 633 429 633 423 633 431 634 430 634 422 634 432 635 431 635 422 635 427 636 432 636 424 636 424 637 425 637 427 637 422 638 424 638 432 638 423 639 422 639 430 639 417 640 423 640 429 640 418 641 417 641 428 641 419 642 418 642 428 642 425 643 419 643 426 643 421 644 433 644 411 644 411 645 416 645 421 645 420 464 434 464 433 464 433 464 421 464 420 464 435 471 436 471 433 471 436 646 411 646 433 646 433 471 434 471 435 471 437 480 436 480 435 480 435 480 438 480 437 480 437 471 438 471 439 471 439 471 440 471 437 471 441 464 440 464 439 464 439 464 442 464 441 464 442 471 443 471 444 471 444 471 441 471 442 471 444 647 445 647 441 647 443 480 446 480 447 480 447 480 444 480 443 480 447 648 448 648 445 648 445 649 444 649 447 649 446 650 449 650 450 650 449 651 452 651 450 651 450 652 451 652 446 652 449 653 453 653 452 653 446 654 451 654 454 654 455 655 453 655 448 655 447 656 454 656 456 656 454 657 447 657 446 657 455 658 452 658 453 658 448 659 447 659 456 659 448 660 457 660 455 660 456 661 457 661 448 661 459 662 458 662 457 662 460 663 459 663 456 663 461 664 460 664 451 664 462 665 461 665 450 665 463 666 462 666 452 666 464 667 463 667 452 667 458 668 464 668 455 668 455 669 457 669 458 669 452 670 455 670 464 670 450 671 452 671 462 671 451 672 450 672 461 672 454 673 451 673 460 673 456 674 454 674 460 674 457 675 456 675 459 675 453 676 465 676 445 676 445 677 448 677 453 677 449 464 466 464 465 464 465 464 453 464 449 464 406 678 402 678 403 678 403 679 467 679 406 679 405 471 468 471 469 471 469 471 408 471 405 471 405 680 406 680 470 680 406 681 471 681 470 681 467 682 472 682 473 682 470 471 468 471 405 471 472 683 474 683 473 683 475 684 476 684 474 684 467 685 473 685 471 685 474 686 472 686 475 686 408 471 469 471 476 471 471 687 406 687 467 687 476 688 475 688 408 688 477 689 483 689 469 689 478 690 477 690 468 690 479 691 478 691 470 691 480 692 479 692 471 692 481 693 480 693 473 693 482 694 481 694 474 694 483 695 482 695 476 695 476 696 469 696 483 696 474 697 476 697 482 697 473 698 474 698 481 698 471 699 473 699 480 699 470 700 471 700 479 700 468 701 470 701 478 701 469 702 468 702 477 702 472 703 467 703 403 703 403 704 484 704 472 704 485 464 475 464 472 464 472 464 484 464 485 464 486 471 485 471 484 471 484 471 487 471 486 471 484 705 403 705 487 705 487 480 488 480 489 480 489 480 486 480 487 480 489 471 488 471 490 471 490 471 491 471 489 471 490 464 492 464 493 464 493 464 491 464 490 464 493 471 492 471 494 471 492 706 495 706 494 706 494 471 496 471 493 471 497 480 496 480 494 480 494 480 498 480 497 480 498 707 494 707 495 707 495 708 499 708 498 708 499 709 502 709 500 709 499 710 501 710 502 710 500 711 498 711 499 711 501 712 503 712 502 712 504 713 505 713 503 713 503 714 501 714 504 714 497 715 498 715 506 715 497 716 506 716 507 716 500 717 506 717 498 717 504 718 497 718 507 718 507 719 505 719 504 719 508 720 514 720 507 720 509 721 508 721 506 721 510 722 509 722 500 722 511 723 510 723 502 723 512 724 511 724 502 724 513 725 512 725 503 725 514 726 513 726 505 726 505 727 507 727 514 727 503 728 505 728 513 728 502 729 503 729 512 729 500 730 502 730 510 730 506 731 500 731 509 731 507 732 506 732 508 732 501 733 499 733 495 733 495 734 515 734 501 734 516 464 504 464 501 464 501 464 515 464 516 464 305 735 517 735 303 735 303 736 302 736 305 736 304 737 307 737 518 737 304 738 518 738 519 738 520 739 521 739 522 739 517 740 524 740 523 740 520 741 522 741 526 741 523 742 522 742 521 742 523 743 521 743 517 743 517 744 305 744 525 744 519 745 305 745 304 745 307 746 520 746 526 746 519 747 525 747 305 747 526 748 518 748 307 748 525 749 524 749 517 749 518 750 526 750 527 750 519 751 518 751 528 751 525 752 519 752 529 752 524 692 525 692 530 692 523 753 524 753 531 753 522 694 523 694 532 694 526 754 522 754 533 754 533 755 527 755 526 755 532 697 533 697 522 697 531 756 532 756 523 756 530 757 531 757 524 757 529 758 530 758 525 758 528 759 529 759 519 759 527 760 528 760 518 760 521 761 534 761 303 761 303 762 517 762 521 762 520 464 535 464 534 464 534 464 521 464 520 464 536 0 537 0 534 0 537 763 303 763 534 763 534 0 535 0 536 0 538 480 537 480 536 480 536 480 539 480 538 480 538 0 539 0 540 0 540 0 541 0 538 0 542 464 541 464 540 464 540 464 543 464 542 464 543 0 544 0 545 0 545 0 542 0 543 0 545 764 546 764 542 764 544 480 547 480 548 480 548 480 545 480 544 480 548 765 549 765 546 765 546 766 545 766 548 766 550 767 551 767 552 767 550 768 553 768 554 768 553 769 555 769 554 769 549 770 548 770 556 770 547 771 558 771 557 771 554 772 551 772 550 772 555 773 553 773 549 773 548 774 557 774 556 774 557 775 548 775 547 775 547 776 552 776 558 776 552 777 547 777 550 777 556 778 555 778 549 778 558 779 552 779 559 779 557 721 558 721 560 721 556 780 557 780 561 780 555 781 556 781 562 781 554 782 555 782 562 782 551 783 554 783 563 783 552 784 551 784 564 784 564 785 559 785 552 785 563 786 564 786 551 786 562 787 563 787 554 787 561 788 562 788 556 788 560 731 561 731 557 731 559 789 560 789 558 789 553 790 565 790 546 790 546 791 549 791 553 791 550 464 566 464 565 464 565 464 553 464 550 464 567 0 568 0 565 0 568 792 546 792 565 792 565 0 566 0 567 0 569 480 568 480 567 480 567 480 570 480 569 480 571 0 572 0 569 0 569 0 570 0 571 0 573 793 572 793 571 793 571 794 574 794 573 794 574 0 575 0 576 0 576 795 573 795 574 795 576 796 577 796 573 796 575 480 578 480 579 480 579 480 576 480 575 480 306 797 539 797 520 797 536 110 535 110 520 110 306 798 570 798 540 798 540 110 570 110 550 110 520 110 539 110 536 110 550 110 547 110 540 110 543 799 540 799 547 799 306 800 540 800 539 800 520 801 307 801 306 801 567 110 566 110 550 110 580 802 571 802 570 802 550 110 570 110 567 110 570 803 306 803 580 803 574 799 571 799 578 799 580 804 581 804 578 804 578 805 571 805 580 805 578 110 575 110 574 110 547 110 544 110 543 110 581 806 580 806 582 806 582 807 583 807 581 807 579 808 584 808 577 808 577 809 576 809 579 809 578 810 581 810 585 810 583 0 586 0 585 0 584 811 579 811 587 811 579 812 588 812 587 812 585 0 581 0 583 0 587 813 592 813 584 813 588 814 579 814 578 814 585 815 589 815 578 815 583 816 590 816 591 816 584 817 592 817 591 817 589 818 588 818 578 818 591 0 586 0 583 0 591 819 590 819 584 819 589 820 585 820 593 820 588 821 589 821 594 821 587 822 588 822 595 822 592 823 587 823 596 823 591 824 592 824 597 824 586 825 591 825 599 825 585 826 586 826 599 826 599 827 593 827 585 827 598 828 599 828 591 828 597 829 598 829 591 829 596 830 597 830 592 830 595 831 596 831 587 831 594 832 595 832 588 832 593 833 594 833 589 833 590 834 600 834 577 834 577 835 584 835 590 835 583 836 601 836 600 836 600 837 590 837 583 837 262 838 264 838 609 838 609 839 602 839 262 839 602 840 609 840 603 840 604 841 602 841 603 841 606 842 605 842 604 842 603 843 606 843 604 843 608 844 605 844 606 844 609 845 606 845 603 845 610 846 607 846 608 846 611 847 608 847 609 847 609 848 264 848 611 848 608 849 611 849 610 849 606 850 609 850 608 850 605 851 608 851 607 851 613 852 614 852 612 852 613 853 612 853 615 853 615 854 605 854 613 854 614 855 616 855 612 855 615 856 604 856 605 856 617 857 616 857 614 857 621 858 618 858 617 858 614 859 621 859 617 859 619 860 620 860 621 860 618 861 622 861 623 861 621 862 622 862 618 862 619 863 614 863 613 863 621 864 620 864 622 864 621 865 614 865 619 865 610 866 624 866 625 866 625 867 607 867 610 867 607 868 625 868 619 868 619 869 605 869 607 869 605 870 619 870 613 870 627 871 610 871 611 871 628 872 611 872 264 872 264 873 263 873 628 873 611 874 628 874 627 874 610 875 627 875 626 875 257 876 629 876 630 876 631 877 635 877 630 877 630 878 629 878 631 878 630 879 263 879 257 879 632 880 626 880 627 880 632 881 627 881 628 881 633 882 628 882 263 882 635 883 632 883 633 883 633 884 630 884 635 884 632 885 635 885 634 885 263 886 630 886 633 886 628 887 633 887 632 887 626 888 632 888 636 888 632 889 634 889 637 889 637 890 636 890 632 890 635 891 638 891 637 891 637 892 634 892 635 892 625 893 620 893 619 893 622 894 620 894 624 894 620 895 625 895 624 895 624 896 636 896 639 896 622 897 639 897 640 897 641 898 623 898 622 898 622 899 640 899 641 899 639 900 622 900 624 900 626 901 642 901 643 901 643 902 645 902 626 902 626 903 636 903 642 903 644 904 610 904 626 904 626 905 645 905 644 905 646 906 642 906 636 906 636 907 647 907 648 907 610 908 649 908 650 908 648 909 646 909 636 909 624 910 651 910 647 910 610 911 653 911 652 911 647 912 636 912 624 912 652 913 624 913 610 913 652 914 651 914 624 914 644 915 649 915 610 915 650 916 653 916 610 916 639 917 654 917 640 917 637 918 654 918 636 918 654 919 639 919 636 919 656 920 638 920 655 920 655 921 661 921 656 921 638 922 635 922 657 922 657 923 655 923 638 923 635 924 631 924 657 924 618 925 623 925 658 925 659 926 623 926 641 926 658 927 617 927 618 927 658 928 623 928 659 928 640 929 654 929 660 929 656 930 637 930 638 930 660 931 637 931 656 931 640 932 659 932 641 932 660 933 654 933 637 933 660 934 659 934 640 934 661 935 658 935 659 935 660 936 656 936 661 936 659 937 660 937 661 937 662 938 647 938 651 938 663 939 651 939 652 939 664 940 652 940 653 940 665 941 653 941 650 941 666 942 650 942 649 942 668 943 649 943 644 943 669 944 644 944 645 944 670 945 645 945 643 945 670 946 643 946 642 946 671 947 642 947 646 947 672 948 646 948 648 948 673 949 648 949 647 949 647 950 662 950 673 950 648 951 673 951 672 951 646 952 672 952 671 952 642 953 671 953 670 953 645 954 670 954 669 954 644 955 669 955 668 955 649 956 668 956 667 956 649 957 667 957 666 957 650 958 666 958 665 958 653 959 665 959 664 959 652 960 664 960 663 960 651 961 663 961 662 961 674 962 666 962 667 962 667 0 675 0 674 0 676 963 677 963 666 963 678 964 665 964 666 964 666 965 677 965 678 965 680 0 675 0 667 0 678 966 681 966 665 966 669 967 683 967 679 967 684 968 685 968 668 968 674 969 676 969 666 969 681 970 687 970 664 970 664 971 687 971 682 971 688 0 689 0 663 0 668 972 669 972 684 972 668 973 685 973 686 973 664 974 665 974 681 974 663 975 664 975 688 975 690 976 662 976 663 976 686 977 680 977 668 977 682 978 688 978 664 978 663 979 689 979 690 979 691 980 692 980 662 980 693 981 673 981 662 981 667 982 668 982 680 982 662 983 692 983 693 983 696 984 697 984 672 984 672 985 697 985 694 985 698 986 699 986 671 986 701 987 702 987 670 987 670 988 702 988 695 988 690 989 691 989 662 989 672 990 673 990 696 990 671 991 672 991 698 991 671 992 699 992 700 992 695 993 703 993 670 993 703 994 683 994 669 994 693 0 696 0 673 0 700 0 701 0 671 0 669 995 670 995 703 995 694 996 698 996 672 996 679 997 684 997 669 997 670 998 671 998 701 998 685 999 704 999 705 999 686 1000 705 1000 706 1000 680 1001 706 1001 707 1001 675 1002 707 1002 708 1002 674 1003 708 1003 709 1003 676 1004 709 1004 710 1004 677 1005 710 1005 711 1005 678 110 711 110 712 110 681 1006 712 1006 713 1006 687 1007 713 1007 714 1007 682 1008 714 1008 715 1008 688 1009 715 1009 716 1009 689 1010 716 1010 717 1010 690 1011 717 1011 718 1011 691 1012 718 1012 719 1012 692 1013 719 1013 720 1013 693 1014 720 1014 721 1014 696 1015 721 1015 722 1015 697 1016 722 1016 723 1016 694 1017 723 1017 724 1017 698 1018 724 1018 725 1018 699 1019 725 1019 726 1019 700 121 726 121 727 121 701 1020 727 1020 728 1020 702 1021 728 1021 729 1021 695 1022 729 1022 730 1022 703 1023 730 1023 731 1023 683 1024 731 1024 732 1024 679 1025 732 1025 733 1025 684 1026 733 1026 704 1026 704 1027 685 1027 684 1027 733 1028 684 1028 679 1028 732 1029 679 1029 683 1029 731 1030 683 1030 703 1030 730 1031 703 1031 695 1031 729 1032 695 1032 702 1032 728 1033 702 1033 701 1033 727 121 701 121 700 121 726 1034 700 1034 699 1034 725 1035 699 1035 698 1035 724 1036 698 1036 694 1036 723 1016 694 1016 697 1016 722 1037 697 1037 696 1037 721 1038 696 1038 693 1038 720 1039 693 1039 692 1039 719 1040 692 1040 691 1040 718 1011 691 1011 690 1011 717 1041 690 1041 689 1041 716 1042 689 1042 688 1042 715 1043 688 1043 682 1043 714 1044 682 1044 687 1044 713 1045 687 1045 681 1045 712 110 681 110 678 110 711 1046 678 1046 677 1046 710 1047 677 1047 676 1047 709 1048 676 1048 674 1048 708 1049 674 1049 675 1049 707 1050 675 1050 680 1050 706 1000 680 1000 686 1000 705 1051 686 1051 685 1051 727 471 735 471 736 471 711 471 710 471 737 471 709 1052 738 1052 737 1052 732 1053 731 1053 734 1053 734 1054 731 1054 730 1054 729 471 728 471 736 471 736 471 728 471 727 471 726 471 725 471 735 471 724 471 739 471 735 471 723 471 722 471 739 471 740 1055 712 1055 711 1055 737 471 710 471 709 471 708 471 707 471 738 471 706 1056 741 1056 738 1056 730 471 729 471 734 471 727 1057 726 1057 735 1057 735 1058 725 1058 724 1058 739 471 724 471 723 471 709 471 708 471 738 471 738 1059 707 1059 706 1059 705 471 704 471 741 471 736 471 734 471 729 471 721 1060 743 1060 739 1060 720 1061 719 1061 742 1061 742 1062 719 1062 718 1062 741 1063 706 1063 705 1063 733 1064 744 1064 741 1064 739 471 722 471 721 471 718 1065 717 1065 742 1065 717 1066 716 1066 745 1066 714 1067 713 1067 740 1067 741 471 704 471 733 471 721 1068 720 1068 743 1068 745 1069 742 1069 717 1069 745 471 715 471 714 471 733 471 732 471 744 471 742 1070 743 1070 720 1070 740 1071 745 1071 714 1071 734 1072 744 1072 732 1072 740 471 713 471 712 471 745 1073 716 1073 715 1073 737 471 740 471 711 471 741 1074 746 1074 747 1074 738 1075 747 1075 748 1075 737 1076 748 1076 749 1076 740 1077 749 1077 750 1077 745 1078 750 1078 751 1078 742 1079 751 1079 752 1079 743 1080 752 1080 753 1080 739 1081 753 1081 754 1081 735 1082 754 1082 755 1082 736 1083 755 1083 756 1083 734 1084 756 1084 757 1084 744 1085 757 1085 746 1085 746 1086 741 1086 744 1086 757 1087 744 1087 734 1087 756 1088 734 1088 736 1088 755 1089 736 1089 735 1089 754 1090 735 1090 739 1090 753 1091 739 1091 743 1091 752 1092 743 1092 742 1092 751 1093 742 1093 745 1093 750 1094 745 1094 740 1094 749 1095 740 1095 737 1095 748 1096 737 1096 738 1096 747 1097 738 1097 741 1097 748 1098 758 1098 759 1098 747 471 760 471 758 471 747 471 746 471 760 471 751 1099 761 1099 762 1099 758 1100 748 1100 747 1100 755 1101 764 1101 763 1101 754 471 765 471 764 471 754 1102 753 1102 765 1102 746 1103 757 1103 766 1103 757 1104 756 1104 763 1104 763 1105 756 1105 755 1105 762 1106 752 1106 751 1106 750 1107 767 1107 761 1107 750 1108 749 1108 759 1108 766 471 760 471 746 471 763 1109 766 1109 757 1109 764 1110 755 1110 754 1110 762 471 765 471 753 471 761 1111 751 1111 750 1111 759 471 767 471 750 471 762 1112 753 1112 752 1112 759 1113 749 1113 748 1113 760 1114 768 1114 769 1114 758 1115 769 1115 770 1115 759 1116 770 1116 771 1116 767 1117 771 1117 772 1117 767 1118 772 1118 773 1118 761 1119 773 1119 774 1119 762 1120 774 1120 775 1120 765 1121 775 1121 776 1121 764 1122 776 1122 777 1122 763 1123 777 1123 778 1123 766 1124 778 1124 768 1124 778 1125 766 1125 763 1125 777 1126 763 1126 764 1126 776 1127 764 1127 765 1127 775 1128 765 1128 762 1128 774 1129 762 1129 761 1129 773 1130 761 1130 767 1130 771 1131 767 1131 759 1131 770 1132 759 1132 758 1132 769 1133 758 1133 760 1133 768 1134 760 1134 766 1134 778 1135 777 1135 771 1135 777 1136 776 1136 771 1136 776 471 775 471 771 471 775 1137 774 1137 771 1137 774 1138 773 1138 771 1138 773 1139 772 1139 771 1139 770 1140 769 1140 771 1140 769 471 768 471 771 471 768 1141 778 1141 771 1141 779 1142 780 1142 781 1142 601 1143 583 1143 780 1143 780 1144 583 1144 781 1144 780 1145 782 1145 601 1145 582 1146 781 1146 583 1146 780 480 783 480 784 480 784 480 782 480 780 480 783 1147 780 1147 779 1147 783 1148 779 1148 785 1148 785 1149 784 1149 783 1149 781 1150 786 1150 779 1150 779 1151 786 1151 785 1151 787 1152 786 1152 788 1152 786 1153 787 1153 785 1153 787 1154 788 1154 789 1154 789 1155 790 1155 787 1155 784 1156 791 1156 792 1156 790 1157 785 1157 787 1157 790 1158 784 1158 785 1158 600 1159 792 1159 577 1159 792 1160 600 1160 784 1160 790 1161 793 1161 791 1161 600 0 601 0 782 0 782 0 784 0 600 0 791 1162 784 1162 790 1162 794 1163 577 1163 792 1163 795 1164 792 1164 791 1164 791 1165 796 1165 795 1165 792 1166 795 1166 794 1166 789 1167 797 1167 793 1167 793 1168 790 1168 789 1168 797 1169 789 1169 799 1169 788 1170 802 1170 798 1170 798 1171 789 1171 788 1171 797 1172 800 1172 801 1172 798 1173 799 1173 789 1173 803 1174 801 1174 804 1174 801 1175 803 1175 797 1175 799 1176 800 1176 797 1176 805 1177 806 1177 802 1177 805 1178 803 1178 804 1178 802 1179 788 1179 805 1179 804 1180 806 1180 805 1180 799 1181 798 1181 807 1181 800 1182 799 1182 808 1182 801 1183 800 1183 809 1183 804 1184 801 1184 809 1184 806 1185 804 1185 810 1185 802 1186 806 1186 812 1186 798 1187 802 1187 813 1187 813 1188 807 1188 798 1188 812 1189 813 1189 802 1189 811 1190 812 1190 806 1190 810 1191 811 1191 806 1191 809 1192 810 1192 804 1192 808 1193 809 1193 800 1193 807 1194 808 1194 799 1194 803 1195 814 1195 793 1195 793 1196 797 1196 803 1196 805 110 815 110 814 110 814 110 803 110 805 110 816 1197 817 1197 814 1197 817 1198 793 1198 814 1198 814 0 815 0 816 0 818 121 817 121 816 121 816 121 819 121 818 121 818 0 819 0 820 0 820 0 821 0 818 0 822 110 821 110 820 110 820 110 823 110 822 110 580 1199 306 1199 559 1199 604 1200 268 1200 265 1200 262 1201 602 1201 265 1201 265 1202 602 1202 604 1202 361 471 381 471 380 471 380 1203 362 1203 361 1203 361 471 360 471 381 471 380 471 655 471 362 471 381 1204 360 1204 359 1204 657 1205 359 1205 358 1205 359 471 657 471 381 471 363 471 362 471 655 471 655 471 657 471 357 471 357 471 363 471 655 471 657 471 358 471 357 471 281 1206 629 1206 257 1206 631 1207 629 1207 281 1207 631 1208 281 1208 313 1208 631 1209 327 1209 326 1209 327 1210 631 1210 313 1210 381 1211 330 1211 329 1211 328 1212 327 1212 313 1212 330 471 381 471 657 471 657 1213 325 1213 331 1213 326 1214 325 1214 631 1214 329 1215 328 1215 313 1215 331 471 330 471 657 471 657 1216 631 1216 325 1216 329 1217 313 1217 381 1217 396 471 380 471 379 471 379 471 397 471 396 471 380 1218 396 1218 395 1218 398 1219 379 1219 825 1219 395 471 655 471 380 471 398 1220 397 1220 379 1220 825 1221 658 1221 399 1221 399 1222 658 1222 661 1222 661 1223 655 1223 393 1223 661 1224 393 1224 399 1224 655 1225 394 1225 393 1225 655 1226 395 1226 394 1226 399 1227 398 1227 825 1227 658 1228 826 1228 827 1228 827 1229 828 1229 658 1229 826 1230 829 1230 827 1230 826 1231 830 1231 829 1231 826 1232 831 1232 832 1232 831 471 824 471 833 471 824 1233 658 1233 834 1233 832 1234 830 1234 826 1234 833 1235 832 1235 831 1235 828 1236 834 1236 658 1236 810 1237 809 1237 824 1237 831 471 811 471 810 471 807 1238 813 1238 786 1238 781 1239 617 1239 807 1239 810 471 824 471 831 471 831 1240 812 1240 811 1240 786 1241 781 1241 807 1241 617 1242 808 1242 807 1242 824 471 809 471 808 471 786 1243 813 1243 812 1243 808 1244 617 1244 824 1244 812 1245 831 1245 786 1245 594 1246 582 1246 580 1246 306 471 268 471 528 471 559 1247 533 1247 532 1247 559 1248 306 1248 527 1248 268 1249 604 1249 529 1249 529 471 528 471 268 471 527 1250 533 1250 559 1250 528 471 527 471 306 471 615 1251 531 1251 530 1251 604 1252 530 1252 529 1252 530 1253 604 1253 615 1253 615 1254 532 1254 531 1254 594 1255 564 1255 563 1255 559 1256 564 1256 594 1256 559 1257 532 1257 560 1257 615 1258 562 1258 561 1258 562 471 615 471 612 471 612 1259 563 1259 562 1259 615 1260 561 1260 560 1260 612 1261 594 1261 563 1261 582 471 594 471 593 471 617 1262 582 1262 599 1262 593 1263 599 1263 582 1263 598 1264 597 1264 616 1264 612 1265 597 1265 596 1265 598 1266 616 1266 617 1266 597 1267 612 1267 616 1267 596 471 595 471 612 471 617 1268 658 1268 824 1268 617 1269 599 1269 598 1269 595 1270 594 1270 612 1270 560 1271 532 1271 615 1271 582 1272 617 1272 781 1272 825 1273 826 1273 658 1273 559 1274 594 1274 580 1274 836 1275 835 1275 833 1275 837 1276 836 1276 824 1276 838 1277 837 1277 834 1277 839 1278 838 1278 827 1278 840 1279 839 1279 830 1279 841 1280 840 1280 832 1280 835 1281 841 1281 832 1281 832 1282 833 1282 835 1282 830 1283 832 1283 840 1283 829 1284 830 1284 839 1284 827 1285 829 1285 839 1285 828 1286 827 1286 838 1286 834 1287 828 1287 838 1287 824 1288 834 1288 837 1288 833 1289 824 1289 836 1289 820 480 819 480 831 480 786 1290 819 1290 805 1290 816 480 815 480 805 480 819 1291 786 1291 831 1291 826 1292 842 1292 843 1292 805 480 819 480 816 480 843 1293 820 1293 826 1293 823 480 820 480 843 480 831 1294 826 1294 820 1294 805 1295 788 1295 786 1295 843 480 844 480 823 480 823 0 844 0 845 0 845 1296 822 1296 823 1296 845 1297 846 1297 822 1297 844 121 843 121 847 121 847 121 845 121 844 121 825 1298 390 1298 848 1298 849 1299 848 1299 390 1299 390 1300 401 1300 849 1300 379 1301 382 1301 390 1301 390 1302 825 1302 379 1302 848 1303 851 1303 825 1303 851 1304 848 1304 850 1304 851 1305 850 1305 852 1305 852 1306 853 1306 851 1306 850 480 848 480 849 480 849 480 852 480 850 480 853 1307 826 1307 851 1307 851 1308 826 1308 825 1308 842 1309 826 1309 854 1309 826 1310 853 1310 854 1310 855 1311 847 1311 836 1311 843 1312 841 1312 835 1312 835 0 847 0 843 0 855 1313 837 1313 838 1313 835 1314 836 1314 847 1314 843 1315 840 1315 841 1315 838 1316 856 1316 855 1316 836 1317 837 1317 855 1317 843 1318 842 1318 840 1318 842 1319 856 1319 838 1319 842 0 839 0 840 0 838 0 839 0 842 0 842 1320 854 1320 857 1320 857 1321 856 1321 842 1321 852 1322 400 1322 858 1322 858 1323 859 1323 852 1323 857 1324 852 1324 859 1324 375 1325 858 1325 400 1325 400 0 852 0 849 0 854 1326 853 1326 857 1326 849 0 401 0 400 0 859 1327 846 1327 857 1327 853 1328 852 1328 857 1328 847 1329 855 1329 846 1329 846 1330 845 1330 847 1330 856 1331 857 1331 846 1331 846 1332 855 1332 856 1332 860 1333 859 1333 858 1333 861 1334 858 1334 375 1334 375 1335 862 1335 861 1335 858 1336 861 1336 860 1336 863 1337 516 1337 515 1337 864 1338 516 1338 863 1338 515 1339 865 1339 863 1339 515 1340 495 1340 865 1340 865 464 866 464 867 464 867 1341 863 1341 865 1341 863 1342 868 1342 869 1342 869 1343 864 1343 863 1343 870 471 871 471 869 471 869 471 868 471 870 471 872 464 873 464 871 464 871 464 870 464 872 464 868 1344 863 1344 872 1344 874 110 875 110 872 110 867 110 874 110 863 110 872 110 863 110 874 110 872 110 870 110 868 110 876 480 875 480 874 480 874 480 877 480 876 480 875 471 876 471 878 471 876 1345 879 1345 878 1345 873 471 872 471 875 471 875 471 880 471 873 471 878 471 880 471 875 471 881 480 882 480 880 480 880 480 878 480 881 480 883 1346 871 1346 882 1346 873 110 880 110 882 110 883 1347 491 1347 869 1347 491 110 497 110 504 110 882 110 871 110 873 110 504 110 869 110 491 110 864 1348 869 1348 504 1348 883 1349 869 1349 871 1349 489 1350 491 1350 407 1350 882 1351 884 1351 883 1351 493 110 496 110 497 110 491 1352 883 1352 407 1352 407 1353 408 1353 475 1353 497 110 491 110 493 110 475 1354 489 1354 407 1354 486 1348 489 1348 475 1348 504 110 516 110 864 110 475 110 485 110 486 110 881 1355 878 1355 879 1355 879 1356 885 1356 881 1356 886 1357 885 1357 879 1357 879 1358 887 1358 886 1358 888 464 886 464 887 464 887 464 889 464 888 464 885 1359 891 1359 890 1359 890 1360 881 1360 885 1360 885 1361 886 1361 893 1361 893 1362 891 1362 885 1362 882 1363 881 1363 892 1363 888 1364 884 1364 894 1364 882 1365 896 1365 895 1365 890 1366 892 1366 881 1366 894 1367 886 1367 888 1367 895 1368 884 1368 882 1368 882 1369 892 1369 896 1369 894 1370 893 1370 886 1370 895 1371 894 1371 884 1371 898 1372 897 1372 895 1372 899 1373 898 1373 896 1373 900 1374 899 1374 892 1374 901 1375 900 1375 890 1375 902 1376 901 1376 891 1376 903 1377 902 1377 894 1377 897 1378 903 1378 894 1378 894 1379 895 1379 897 1379 893 1380 894 1380 902 1380 891 1381 893 1381 902 1381 890 1382 891 1382 901 1382 892 1383 890 1383 900 1383 896 1384 892 1384 899 1384 895 1385 896 1385 898 1385 537 1386 495 1386 492 1386 537 1387 865 1387 495 1387 568 110 904 110 866 110 274 1388 487 1388 403 1388 492 1389 278 1389 303 1389 275 1390 274 1390 297 1390 274 1391 492 1391 487 1391 866 110 865 110 537 110 492 1392 274 1392 278 1392 866 1393 542 1393 546 1393 403 1394 297 1394 274 1394 488 110 487 110 492 110 492 1395 303 1395 537 1395 905 110 904 110 568 110 866 110 538 110 542 110 492 110 490 110 488 110 274 1396 277 1396 278 1396 866 1397 546 1397 568 1397 537 110 538 110 866 110 538 110 541 110 542 110 573 1398 577 1398 877 1398 568 110 569 110 905 110 572 1399 573 1399 905 1399 877 110 906 110 573 110 879 1400 876 1400 877 1400 905 110 569 110 572 110 577 1401 794 1401 879 1401 877 1402 577 1402 879 1402 297 1403 296 1403 275 1403 906 1404 907 1404 908 1404 908 1405 573 1405 906 1405 905 1406 573 1406 908 1406 908 0 909 0 905 0 910 1407 904 1407 905 1407 905 1408 909 1408 910 1408 907 1409 910 1409 909 1409 909 1410 908 1410 907 1410 911 1411 888 1411 912 1411 913 1412 912 1412 888 1412 883 1413 884 1413 888 1413 888 1414 889 1414 913 1414 888 1415 911 1415 883 1415 911 1416 912 1416 915 1416 915 1417 912 1417 914 1417 914 480 912 480 913 480 913 480 916 480 914 480 915 1418 914 1418 916 1418 916 1419 917 1419 915 1419 916 1420 887 1420 795 1420 887 1421 794 1421 795 1421 887 1422 879 1422 794 1422 918 1423 916 1423 796 1423 887 471 916 471 913 471 919 1424 917 1424 918 1424 913 471 889 471 887 471 796 1425 920 1425 918 1425 917 1426 916 1426 918 1426 795 1427 796 1427 916 1427 921 1428 919 1428 918 1428 918 1429 922 1429 921 1429 923 1430 917 1430 919 1430 921 1431 923 1431 919 1431 917 1432 923 1432 915 1432 915 1433 923 1433 911 1433 922 1168 918 1168 920 1168 920 1434 924 1434 922 1434 924 1435 925 1435 926 1435 927 1436 926 1436 925 1436 928 1437 929 1437 927 1437 927 471 925 471 928 471 928 1438 931 1438 929 1438 928 1439 921 1439 931 1439 921 1440 922 1440 933 1440 922 1441 930 1441 933 1441 930 1442 922 1442 924 1442 921 1443 932 1443 931 1443 924 1444 926 1444 930 1444 933 471 932 471 921 471 935 1445 934 1445 933 1445 936 1446 935 1446 930 1446 937 1447 936 1447 926 1447 938 1448 937 1448 926 1448 939 1449 938 1449 927 1449 940 1450 939 1450 931 1450 934 1451 940 1451 932 1451 932 1452 933 1452 934 1452 931 1453 932 1453 940 1453 929 1454 931 1454 939 1454 927 1455 929 1455 939 1455 926 1456 927 1456 938 1456 930 1457 926 1457 936 1457 933 1458 930 1458 935 1458 925 1459 924 1459 920 1459 920 1460 941 1460 925 1460 942 110 928 110 925 110 925 110 941 110 942 110 943 471 942 471 941 471 941 1461 944 1461 943 1461 941 1462 920 1462 944 1462 944 121 945 121 946 121 946 121 943 121 944 121 946 471 945 471 947 471 947 471 948 471 946 471 947 110 949 110 950 110 950 110 948 110 947 110 817 1463 951 1463 949 1463 791 1464 944 1464 920 1464 817 1465 860 1465 951 1465 860 1466 822 1466 846 1466 791 1467 949 1467 944 1467 945 480 944 480 949 480 860 1468 817 1468 822 1468 821 480 822 480 817 480 949 480 947 480 945 480 949 1469 791 1469 793 1469 817 480 818 480 821 480 949 1470 793 1470 817 1470 920 1471 796 1471 791 1471 846 1472 859 1472 860 1472 950 1473 949 1473 952 1473 949 1474 951 1474 952 1474 952 471 953 471 950 471 954 121 953 121 952 121 952 121 955 121 954 121 946 480 948 480 956 480 957 1475 948 1475 954 1475 950 480 953 480 954 480 948 1476 957 1476 956 1476 923 1477 921 1477 928 1477 954 480 948 480 950 480 928 1478 946 1478 923 1478 943 480 946 480 928 480 956 1479 923 1479 946 1479 954 1480 958 1480 957 1480 928 480 942 480 943 480 955 1481 952 1481 951 1481 951 1482 959 1482 955 1482 960 1483 959 1483 951 1483 951 1484 961 1484 960 1484 962 1485 958 1485 960 1485 960 1486 961 1486 962 1486 959 1487 960 1487 963 1487 964 1488 963 1488 960 1488 958 471 965 471 964 471 959 1489 966 1489 967 1489 964 1490 960 1490 958 1490 958 1491 968 1491 965 1491 954 1492 969 1492 968 1492 954 1493 955 1493 970 1493 955 1494 967 1494 970 1494 967 1495 955 1495 959 1495 968 1496 958 1496 954 1496 970 1497 969 1497 954 1497 963 1498 966 1498 959 1498 972 1499 971 1499 970 1499 973 1500 972 1500 967 1500 974 1501 973 1501 966 1501 975 1502 974 1502 964 1502 976 1503 975 1503 968 1503 977 1504 976 1504 969 1504 971 1505 977 1505 969 1505 969 1506 970 1506 971 1506 968 1507 969 1507 976 1507 965 1508 968 1508 975 1508 964 1509 965 1509 975 1509 963 1510 964 1510 974 1510 966 1511 963 1511 974 1511 967 1512 966 1512 973 1512 970 1513 967 1513 972 1513 883 1514 978 1514 483 1514 934 1515 911 1515 923 1515 934 1516 979 1516 911 1516 923 1517 940 1517 934 1517 201 1518 979 1518 936 1518 934 0 935 0 979 0 201 1519 937 1519 938 1519 201 1520 936 1520 937 1520 935 0 936 0 979 0 923 1521 956 1521 939 1521 956 1522 201 1522 938 1522 939 1523 940 1523 923 1523 938 1524 939 1524 956 1524 956 0 977 0 971 0 971 1525 201 1525 956 1525 971 1526 972 1526 201 1526 956 1527 976 1527 977 1527 980 1528 973 1528 974 1528 973 1529 980 1529 201 1529 972 1530 973 1530 201 1530 957 1531 975 1531 976 1531 957 1532 974 1532 975 1532 976 1533 956 1533 957 1533 980 1534 957 1534 981 1534 269 0 271 0 241 0 241 1535 237 1535 269 1535 247 1536 241 1536 271 1536 269 1537 237 1537 228 1537 236 1538 228 1538 237 1538 228 1539 227 1539 269 1539 414 0 428 0 429 0 414 0 269 0 428 0 428 1540 269 1540 224 1540 222 0 982 0 431 0 982 0 414 0 430 0 224 1541 426 1541 428 1541 222 1542 431 1542 432 1542 430 0 431 0 982 0 224 1543 222 1543 427 1543 432 0 427 0 222 0 427 1544 426 1544 224 1544 414 1545 429 1545 430 1545 212 1546 463 1546 464 1546 983 0 462 0 463 0 982 0 222 0 460 0 464 1547 458 1547 212 1547 463 1548 212 1548 983 1548 982 1549 460 1549 461 1549 459 0 460 0 222 0 983 1550 461 1550 462 1550 458 1551 222 1551 212 1551 458 0 459 0 222 0 983 1552 986 1552 985 1552 986 1553 212 1553 213 1553 983 1554 212 1554 986 1554 980 1555 984 1555 213 1555 987 1556 980 1556 981 1556 981 1557 988 1557 989 1557 988 1558 983 1558 990 1558 984 1559 986 1559 213 1559 981 1560 989 1560 987 1560 988 0 990 0 989 0 980 1561 195 1561 194 1561 980 1562 213 1562 195 1562 194 1563 203 1563 980 1563 980 1564 203 1564 201 1564 164 0 260 0 293 0 156 1565 164 1565 293 1565 293 1566 168 1566 156 1566 164 1567 160 1567 260 1567 293 1568 477 1568 478 1568 477 1569 293 1569 407 1569 483 0 477 0 407 0 478 1570 479 1570 167 1570 168 1571 157 1571 156 1571 167 1572 479 1572 480 1572 251 1573 481 1573 482 1573 251 1574 167 1574 480 1574 480 0 481 0 251 0 167 1575 168 1575 478 1575 978 1576 513 1576 514 1576 978 1577 249 1577 512 1577 483 1578 508 1578 509 1578 483 1579 514 1579 508 1579 512 0 513 0 978 0 514 0 483 0 978 0 249 1580 511 1580 512 1580 251 1581 510 1581 511 1581 511 1582 249 1582 251 1582 251 1583 509 1583 510 1583 251 0 483 0 509 0 897 0 978 0 883 0 883 1584 903 1584 897 1584 897 1585 898 1585 978 1585 898 0 899 0 978 0 979 1586 902 1586 903 1586 903 0 883 0 979 0 901 0 176 0 174 0 175 0 174 0 176 0 188 1587 176 1587 901 1587 174 1588 254 1588 901 1588 187 1589 979 1589 201 1589 979 1590 188 1590 902 1590 249 1591 899 1591 900 1591 187 1592 188 1592 979 1592 254 1593 249 1593 900 1593 901 1594 902 1594 188 1594 900 1595 901 1595 254 1595 899 1596 249 1596 978 1596 482 0 483 0 251 0 478 1597 168 1597 293 1597 985 1598 990 1598 983 1598 461 1599 983 1599 982 1599 227 1600 224 1600 269 1600 974 1601 957 1601 980 1601 911 1602 979 1602 883 1602 483 0 407 0 883 0 991 1603 983 1603 988 1603 984 1604 980 1604 992 1604 986 1605 984 1605 993 1605 985 1606 986 1606 995 1606 990 1607 985 1607 995 1607 989 1608 990 1608 996 1608 987 1609 989 1609 997 1609 980 1610 987 1610 998 1610 998 1611 992 1611 980 1611 997 1612 998 1612 987 1612 996 1613 997 1613 989 1613 995 1614 996 1614 990 1614 994 1615 995 1615 986 1615 993 1616 994 1616 986 1616 992 1617 993 1617 984 1617 957 1618 962 1618 999 1618 962 1619 957 1619 958 1619 981 1620 957 1620 1000 1620 1000 1621 957 1621 999 1621 1001 1622 1002 1622 1000 1622 1002 480 1001 480 1003 480 1003 480 1004 480 1002 480 1001 1623 1000 1623 999 1623 999 1624 1003 1624 1001 1624 1005 1625 1006 1625 1002 1625 981 1626 1000 1626 1002 1626 988 1627 981 1627 1006 1627 1002 1628 1006 1628 981 1628 1002 1629 1004 1629 1005 1629 1006 1630 991 1630 988 1630 1003 1631 860 1631 861 1631 861 1632 1007 1632 1003 1632 961 1633 999 1633 962 1633 961 1634 1003 1634 999 1634 1007 1635 861 1635 862 1635 961 1636 951 1636 860 1636 1007 471 1005 471 1004 471 1004 471 1003 471 1007 471 860 1637 1003 1637 961 1637 1008 464 1006 464 1005 464 1005 464 1007 464 1008 464 1009 1638 991 1638 995 1638 991 471 996 471 995 471 1006 1639 997 1639 996 1639 1009 1640 995 1640 994 1640 994 1641 1010 1641 1009 1641 996 1642 991 1642 1006 1642 1006 1643 1008 1643 998 1643 1011 1644 992 1644 998 1644 1011 1645 1010 1645 993 1645 993 1646 992 1646 1011 1646 1010 1647 994 1647 993 1647 998 1648 997 1648 1006 1648 998 1649 1008 1649 1011 1649 1008 1650 1007 1650 862 1650 862 1651 1011 1651 1008 1651 1010 1652 1011 1652 862 1652 862 1653 1012 1653 1010 1653 1009 480 1010 480 1012 480 1012 480 1013 480 1009 480 438 1654 414 1654 982 1654 414 1655 438 1655 420 1655 435 121 434 121 420 121 982 121 1014 121 439 121 439 121 1014 121 449 121 420 121 438 121 435 121 449 121 446 121 439 121 442 1656 439 1656 446 1656 982 121 439 121 438 121 420 1657 415 1657 414 1657 1015 121 466 121 449 121 983 121 1016 121 1014 121 449 121 1014 121 1015 121 1014 121 982 121 983 121 1017 1656 1016 1656 1009 1656 983 1658 991 1658 1009 1658 1009 121 1016 121 983 121 1009 121 1013 121 1017 121 446 121 443 121 442 121 1016 471 1018 471 1019 471 1019 471 1014 471 1016 471 1017 464 1020 464 1018 464 1018 464 1016 464 1017 464 1019 1659 1021 1659 1015 1659 1015 480 1014 480 1019 480 1021 1660 1022 1660 465 1660 1022 1661 445 1661 465 1661 1021 1662 466 1662 1015 1662 465 1663 466 1663 1021 1663 1023 471 1013 471 1012 471 1017 471 1013 471 1023 471 1012 471 1024 471 1023 471 1012 1664 862 1664 1024 1664 1023 471 1020 471 1017 471 1025 1665 1021 1665 1020 1665 1018 1666 1020 1666 1021 1666 1021 121 1019 121 1018 121 1021 121 1025 121 1026 121 1020 121 1023 121 1025 121 1027 1667 1022 1667 1021 1667 1021 1668 1026 1668 1027 1668 1023 480 1024 480 1028 480 1028 480 1025 480 1023 480 436 1669 343 1669 340 1669 1027 1670 441 1670 445 1670 1027 121 436 121 441 121 436 1671 367 1671 343 1671 445 1672 1022 1672 1027 1672 283 1673 335 1673 309 1673 1027 121 367 121 436 121 440 121 441 121 436 121 340 1674 299 1674 411 1674 284 1675 283 1675 291 1675 283 1676 340 1676 335 1676 436 121 437 121 440 121 340 1677 283 1677 299 1677 372 121 1029 121 1028 121 309 1678 291 1678 283 1678 336 121 335 121 340 121 340 1679 411 1679 436 1679 370 121 368 121 1030 121 1028 1680 375 1680 372 1680 340 121 338 121 336 121 283 1681 288 1681 299 1681 1030 121 372 121 370 121 1030 121 368 121 367 121 862 1682 375 1682 1028 1682 1027 121 1031 121 367 121 367 121 1031 121 1030 121 1028 1683 1024 1683 862 1683 291 1684 290 1684 284 1684 372 1685 1030 1685 1032 1685 1032 1686 1033 1686 372 1686 1034 1687 1029 1687 372 1687 372 1688 1033 1688 1034 1688 1035 1689 1034 1689 1033 1689 1033 1690 1032 1690 1035 1690 1031 1691 1035 1691 1032 1691 1032 480 1030 480 1031 480 877 471 874 471 1036 471 874 1692 867 1692 1037 1692 1037 1693 1036 1693 874 1693 906 1694 1036 1694 907 1694 866 1695 904 1695 1037 1695 1037 471 867 471 866 471 904 1696 910 1696 1037 1696 1036 471 906 471 877 471 910 1697 907 1697 1038 1697 1038 1698 1039 1698 910 1698 1037 1699 910 1699 1039 1699 1039 464 1040 464 1037 464 1036 110 1037 110 1040 110 1040 110 1041 110 1036 110 907 1700 1036 1700 1041 1700 1041 1701 1038 1701 907 1701 1039 471 1038 471 1041 471 1041 471 1040 471 1039 471 1027 471 1026 471 1042 471 1025 471 1043 471 1042 471 1043 471 1025 471 1029 471 1042 471 1026 471 1025 471 1029 1702 1034 1702 1043 1702 1025 471 1028 471 1029 471 1031 1703 1042 1703 1035 1703 1042 471 1031 471 1027 471 1035 1704 1042 1704 1044 1704 1044 1705 1045 1705 1035 1705 1045 471 1044 471 1046 471 1046 471 1047 471 1045 471 1034 1706 1035 1706 1045 1706 1045 1707 1047 1707 1034 1707 1043 1708 1034 1708 1047 1708 1047 480 1046 480 1043 480 1042 121 1043 121 1046 121 1046 121 1044 121 1042 121 1048 110 1049 110 1050 110 1050 110 1051 110 1048 110 1051 464 1050 464 1052 464 1052 464 1053 464 1051 464 1053 121 1052 121 1054 121 1054 121 1055 121 1053 121 1055 480 1054 480 1049 480 1049 480 1048 480 1055 480 1055 471 1048 471 1051 471 1051 471 1053 471 1055 471 1054 0 1052 0 1050 0 1050 0 1049 0 1054 0 1058 1709 1056 1709 1057 1709 1060 1710 1058 1710 1059 1710 1062 1711 1060 1711 1061 1711 1064 1712 1062 1712 1063 1712 1066 1713 1064 1713 1065 1713 1068 1714 1066 1714 1069 1714 1056 1715 1068 1715 1069 1715 1069 1716 1057 1716 1056 1716 1067 1717 1069 1717 1066 1717 1065 1718 1067 1718 1066 1718 1063 1719 1065 1719 1064 1719 1061 1720 1063 1720 1062 1720 1059 1721 1061 1721 1060 1721 1057 1722 1059 1722 1058 1722 1071 0 1072 0 1070 0 1071 1723 1066 1723 1072 1723 1066 1724 1073 1724 1074 1724 1070 0 1075 0 1071 0 1056 1725 1077 1725 1076 1725 1056 1726 1078 1726 1077 1726 1074 1727 1072 1727 1066 1727 1079 1728 1078 1728 1080 1728 1082 0 1078 0 1060 0 1083 0 1077 0 1078 0 1081 1729 1080 1729 1078 1729 1081 1730 1084 1730 1080 1730 1076 1731 1066 1731 1068 1731 1071 1732 1064 1732 1066 1732 1078 1733 1058 1733 1060 1733 1078 1734 1086 1734 1083 1734 1060 1735 1088 1735 1082 1735 1068 0 1056 0 1076 0 1089 0 1072 0 1087 0 1072 1736 1074 1736 1087 1736 1071 1737 1062 1737 1064 1737 1082 1738 1081 1738 1078 1738 1056 0 1058 0 1078 0 1089 1739 1087 1739 1083 1739 1066 1740 1076 1740 1073 1740 1085 1741 1091 1741 1090 1741 1085 0 1090 0 1079 0 1071 1742 1088 1742 1062 1742 1088 0 1060 0 1062 0 1086 1743 1089 1743 1083 1743 1075 1744 1070 1744 1084 1744 1072 1745 1093 1745 1070 1745 1079 1746 1080 1746 1085 1746 1093 1747 1096 1747 1070 1747 1097 0 1095 0 1096 0 1095 0 1097 0 1094 0 1094 1748 1091 1748 1085 1748 1084 1749 1092 1749 1075 1749 1081 0 1092 0 1084 0 1096 1750 1093 1750 1097 1750 1085 0 1095 0 1094 0 1078 1751 1098 1751 1099 1751 1086 1752 1099 1752 1100 1752 1100 1753 1089 1753 1086 1753 1099 1754 1086 1754 1078 1754 1097 1755 1101 1755 1102 1755 1102 1756 1094 1756 1097 1756 1103 1757 1091 1757 1094 1757 1094 1758 1102 1758 1103 1758 1091 1759 1103 1759 1104 1759 1090 1760 1104 1760 1105 1760 1105 1761 1079 1761 1090 1761 1104 1762 1090 1762 1091 1762 1098 1763 1078 1763 1079 1763 1079 1764 1105 1764 1098 1764 1080 1765 1084 1765 1106 1765 1085 1766 1080 1766 1108 1766 1095 1767 1085 1767 1109 1767 1096 1768 1095 1768 1109 1768 1070 1769 1096 1769 1110 1769 1084 1770 1070 1770 1106 1770 1111 1771 1106 1771 1070 1771 1110 1772 1111 1772 1070 1772 1109 1773 1110 1773 1096 1773 1108 1774 1109 1774 1085 1774 1107 1775 1108 1775 1080 1775 1106 1776 1107 1776 1080 1776 1083 1777 1087 1777 1112 1777 1077 1778 1083 1778 1112 1778 1076 1779 1077 1779 1113 1779 1073 1780 1076 1780 1114 1780 1074 1781 1073 1781 1115 1781 1087 1782 1074 1782 1116 1782 1117 1783 1112 1783 1087 1783 1116 1784 1117 1784 1087 1784 1115 1785 1116 1785 1074 1785 1114 1786 1115 1786 1073 1786 1113 1787 1114 1787 1076 1787 1112 1788 1113 1788 1077 1788 1081 1789 1082 1789 1118 1789 1092 1790 1081 1790 1119 1790 1075 1791 1092 1791 1121 1791 1071 1792 1075 1792 1121 1792 1088 1793 1071 1793 1122 1793 1082 1794 1088 1794 1123 1794 1123 1795 1118 1795 1082 1795 1122 1796 1123 1796 1088 1796 1121 1797 1122 1797 1071 1797 1120 1798 1121 1798 1092 1798 1119 1799 1120 1799 1092 1799 1118 1800 1119 1800 1081 1800 1098 1801 1059 1801 1113 1801 1118 1802 1061 1802 1059 1802 1112 471 1099 471 1098 471 1059 471 1098 471 1118 471 1098 471 1113 471 1112 471 1059 1803 1114 1803 1113 1803 1057 1804 1116 1804 1115 1804 1098 1805 1107 1805 1119 1805 1115 1806 1059 1806 1057 1806 1118 1807 1065 1807 1063 1807 1107 471 1106 471 1119 471 1107 471 1098 471 1105 471 1115 471 1114 471 1059 471 1067 1808 1065 1808 1118 1808 1123 1809 1124 1809 1067 1809 1057 1810 1124 1810 1116 1810 1098 1811 1119 1811 1118 1811 1102 1812 1101 1812 1109 1812 1124 1813 1069 1813 1067 1813 1124 1814 1057 1814 1069 1814 1103 1815 1109 1815 1108 1815 1109 1816 1103 1816 1102 1816 1112 1817 1100 1817 1099 1817 1063 471 1061 471 1118 471 1108 1818 1107 1818 1105 1818 1104 471 1103 471 1108 471 1101 1819 1125 1819 1110 1819 1111 1820 1125 1820 1124 1820 1111 1821 1124 1821 1122 1821 1117 1822 1116 1822 1124 1822 1100 1823 1112 1823 1117 1823 1106 1824 1121 1824 1120 1824 1111 1825 1110 1825 1125 1825 1122 1826 1106 1826 1111 1826 1124 1827 1123 1827 1122 1827 1117 1828 1124 1828 1100 1828 1120 471 1119 471 1106 471 1105 471 1104 471 1108 471 1067 1829 1118 1829 1123 1829 1106 1830 1122 1830 1121 1830 1110 1831 1109 1831 1101 1831 1101 1832 1097 1832 1125 1832 1097 1833 1093 1833 1125 1833 1127 1834 1126 1834 1128 1834 1129 1835 1128 1835 1126 1835 1126 1836 1130 1836 1129 1836 1131 1837 1130 1837 1132 1837 1131 1838 1129 1838 1130 1838 1072 1839 1131 1839 1132 1839 1132 1840 1093 1840 1072 1840 1133 1841 1134 1841 1124 1841 1135 1842 1134 1842 1136 1842 1134 1843 1135 1843 1124 1843 1137 1844 1135 1844 1136 1844 1125 1845 1133 1845 1124 1845 1138 1846 1133 1846 1140 1846 1141 1847 1136 1847 1134 1847 1139 1848 1134 1848 1133 1848 1125 1849 1140 1849 1133 1849 1138 1850 1093 1850 1132 1850 1138 1851 1130 1851 1139 1851 1130 1852 1134 1852 1139 1852 1130 1853 1126 1853 1141 1853 1136 1854 1141 1854 1126 1854 1141 1855 1134 1855 1130 1855 1132 1856 1130 1856 1138 1856 1140 1857 1125 1857 1093 1857 1138 1858 1140 1858 1093 1858 1139 1859 1133 1859 1138 1859 1136 1860 1142 1860 1143 1860 1136 1861 1126 1861 1142 1861 1145 1862 1143 1862 1142 1862 1145 1863 1142 1863 1144 1863 1146 1864 1145 1864 1144 1864 1146 480 1144 480 1147 480 1148 480 1146 480 1147 480 1147 480 1149 480 1148 480 1149 480 1150 480 1151 480 1151 1865 1148 1865 1149 1865 1152 1866 1154 1866 1153 1866 1154 1867 1155 1867 1153 1867 1150 1868 1154 1868 1152 1868 1152 1869 1151 1869 1150 1869 1153 1870 1162 1870 1152 1870 1161 1871 1160 1871 1159 1871 1160 1872 1161 1872 1156 1872 1157 1873 1156 1873 1162 1873 1155 1874 1163 1874 1158 1874 1157 1875 1158 1875 1163 1875 1163 1876 1156 1876 1157 1876 1160 1877 1156 1877 1163 1877 1164 1878 1159 1878 1160 1878 1160 1879 1163 1879 1164 1879 1158 1880 1153 1880 1155 1880 1162 1881 1153 1881 1158 1881 1162 1882 1158 1882 1157 1882 1163 1883 1166 1883 1165 1883 1165 1884 1164 1884 1163 1884 1167 1885 1163 1885 1155 1885 1163 1886 1167 1886 1166 1886 1169 1887 1168 1887 1167 1887 1167 1888 1155 1888 1169 1888 1155 1889 1154 1889 1169 1889 1171 1890 1152 1890 1162 1890 1170 1891 1172 1891 1171 1891 1171 1892 1162 1892 1170 1892 1170 1893 1162 1893 1156 1893 1173 1894 1156 1894 1161 1894 1173 1895 1170 1895 1156 1895 1135 1896 1170 1896 1167 1896 1167 1897 1128 1897 1135 1897 1174 1898 1165 1898 1173 1898 1165 1899 1166 1899 1170 1899 1128 1900 1129 1900 1124 1900 1166 1901 1167 1901 1170 1901 1124 1902 1135 1902 1128 1902 1170 1903 1173 1903 1165 1903 1129 1904 1131 1904 1124 1904 1131 1905 1072 1905 1124 1905 1100 1906 1124 1906 1072 1906 1072 1907 1089 1907 1100 1907 1173 1908 1175 1908 1174 1908 1174 1909 1175 1909 1176 1909 1177 1910 1176 1910 1178 1910 1178 1911 1179 1911 1177 1911 1176 1752 1177 1752 1174 1752 1179 1763 1178 1763 1180 1763 1180 1764 1181 1764 1179 1764 1181 1761 1180 1761 1182 1761 1183 1912 1182 1912 1184 1912 1184 1759 1185 1759 1183 1759 1182 1913 1183 1913 1181 1913 1185 1914 1184 1914 1186 1914 1186 1915 1187 1915 1185 1915 1187 1916 1186 1916 1188 1916 1188 1917 1189 1917 1187 1917 1159 1918 1189 1918 1188 1918 1188 1919 1161 1919 1159 1919 1159 1920 1164 1920 1189 1920 1193 471 1192 471 1191 471 1194 1921 1165 1921 1195 1921 1195 1922 1165 1922 1196 1922 1190 1923 1177 1923 1179 1923 1192 471 1179 471 1191 471 1179 1924 1200 1924 1201 1924 1196 1925 1202 1925 1195 1925 1179 1926 1192 1926 1190 1926 1200 471 1204 471 1201 471 1187 1927 1189 1927 1205 1927 1191 1928 1202 1928 1193 1928 1195 1929 1197 1929 1194 1929 1190 1930 1174 1930 1177 1930 1203 1931 1191 1931 1179 1931 1198 471 1179 471 1197 471 1197 1932 1208 1932 1199 1932 1200 1933 1179 1933 1181 1933 1185 1934 1205 1934 1209 1934 1205 1935 1185 1935 1187 1935 1202 1936 1191 1936 1206 1936 1174 1937 1190 1937 1207 1937 1198 471 1203 471 1179 471 1195 471 1208 471 1197 471 1189 1938 1164 1938 1211 1938 1210 1939 1164 1939 1165 1939 1210 1940 1165 1940 1212 1940 1207 1941 1165 1941 1174 1941 1179 1942 1201 1942 1197 1942 1209 471 1200 471 1181 471 1183 1943 1185 1943 1209 1943 1210 1944 1211 1944 1164 1944 1207 1945 1196 1945 1165 1945 1199 1946 1198 1946 1197 1946 1212 471 1213 471 1210 471 1165 1947 1194 1947 1212 1947 1214 1948 1201 1948 1204 1948 1213 1949 1214 1949 1204 1949 1211 1950 1205 1950 1189 1950 1206 471 1195 471 1202 471 1181 471 1183 471 1209 471 1204 1951 1210 1951 1213 1951 1216 1952 1173 1952 1215 1952 1216 1953 1217 1953 1173 1953 1217 1954 1218 1954 1219 1954 1215 1955 1221 1955 1216 1955 1220 1956 1223 1956 1222 1956 1220 0 1217 0 1223 0 1222 0 1224 0 1220 0 1225 0 1224 0 1178 0 1219 1957 1173 1957 1217 1957 1222 0 1178 0 1224 0 1226 1958 1178 1958 1227 1958 1216 1959 1228 1959 1217 1959 1180 0 1178 0 1230 0 1178 1960 1232 1960 1227 1960 1178 0 1222 0 1232 0 1178 0 1176 0 1225 0 1175 1961 1173 1961 1229 1961 1173 1962 1219 1962 1229 1962 1231 0 1230 0 1178 0 1231 1963 1233 1963 1230 1963 1227 1964 1234 1964 1226 1964 1175 1965 1229 1965 1225 1965 1216 1966 1235 1966 1228 1966 1217 1967 1220 1967 1218 1967 1176 0 1175 0 1225 0 1216 1968 1227 1968 1235 1968 1236 1969 1184 1969 1182 1969 1236 0 1182 0 1180 0 1226 1738 1231 1738 1178 1738 1216 1970 1234 1970 1227 1970 1221 1971 1215 1971 1233 1971 1173 1972 1161 1972 1215 1972 1161 1973 1239 1973 1215 1973 1188 1974 1238 1974 1239 1974 1238 0 1188 0 1186 0 1186 1748 1184 1748 1236 1748 1180 0 1230 0 1236 0 1233 1975 1237 1975 1221 1975 1231 0 1237 0 1233 0 1239 1976 1161 1976 1188 1976 1236 0 1238 0 1186 0 1232 1709 1222 1709 1191 1709 1227 1977 1232 1977 1203 1977 1235 1978 1227 1978 1198 1978 1228 1979 1235 1979 1199 1979 1217 1980 1228 1980 1208 1980 1223 1981 1217 1981 1206 1981 1222 1982 1223 1982 1206 1982 1206 1716 1191 1716 1222 1716 1195 1983 1206 1983 1217 1983 1208 1984 1195 1984 1217 1984 1199 1985 1208 1985 1228 1985 1198 1986 1199 1986 1235 1986 1203 1987 1198 1987 1227 1987 1191 1988 1203 1988 1232 1988 1230 1989 1233 1989 1204 1989 1236 1990 1230 1990 1209 1990 1238 1991 1236 1991 1205 1991 1239 1992 1238 1992 1205 1992 1215 1993 1239 1993 1211 1993 1233 1770 1215 1770 1204 1770 1210 1994 1204 1994 1215 1994 1211 1995 1210 1995 1215 1995 1205 1996 1211 1996 1239 1996 1209 1997 1205 1997 1236 1997 1200 1775 1209 1775 1230 1775 1204 1998 1200 1998 1230 1998 1225 1777 1229 1777 1190 1777 1224 1999 1225 1999 1190 1999 1220 2000 1224 2000 1192 2000 1218 1780 1220 1780 1193 1780 1219 2001 1218 2001 1202 2001 1229 2002 1219 2002 1196 2002 1207 1783 1190 1783 1229 1783 1196 2003 1207 2003 1229 2003 1202 2004 1196 2004 1219 2004 1193 2005 1202 2005 1218 2005 1192 2006 1193 2006 1220 2006 1190 2007 1192 2007 1224 2007 1231 2008 1226 2008 1197 2008 1237 2009 1231 2009 1201 2009 1221 1791 1237 1791 1213 1791 1216 2010 1221 2010 1213 2010 1234 2011 1216 2011 1212 2011 1226 2012 1234 2012 1194 2012 1194 1795 1197 1795 1226 1795 1212 2013 1194 2013 1234 2013 1213 2014 1212 2014 1216 2014 1214 1798 1213 1798 1237 1798 1201 2015 1214 2015 1237 2015 1197 2016 1201 2016 1231 2016 1396 121 1240 121 1244 121 1245 2017 1241 2017 1246 2017 1246 2018 1241 2018 1248 2018 1251 121 1247 121 1253 121 1249 121 1248 121 1241 121 1242 121 1252 121 1250 121 1253 2019 1252 2019 1251 2019 1247 121 1251 121 1246 121 1250 121 1241 121 1242 121 1250 121 1249 121 1241 121 1242 121 1254 121 1251 121 1255 121 1257 121 1256 121 1255 2020 1258 2020 1257 2020 1259 121 1258 121 1251 121 1251 121 1254 121 1259 121 1254 121 1243 121 1260 121 1258 121 1255 121 1251 121 1254 2021 1262 2021 1259 2021 1260 2022 1262 2022 1254 2022 1261 121 1260 121 1243 121 1243 2023 1256 2023 1261 2023 1266 121 1264 121 1267 121 1268 2024 1267 2024 1269 2024 1267 121 1270 121 1269 121 1269 121 1271 121 1268 121 1267 121 1264 121 1273 121 1271 121 1272 121 1268 121 1273 121 1270 121 1267 121 1274 121 1273 121 1264 121 1244 2025 1275 2025 1274 2025 1274 121 1264 121 1244 121 1244 2026 1272 2026 1275 2026 1267 2027 1268 2027 1279 2027 1276 2028 1277 2028 1280 2028 1281 2029 1278 2029 1282 2029 1279 2030 1283 2030 1284 2030 1286 121 1288 121 1285 121 1287 2031 1285 2031 1276 2031 1288 121 1286 121 1289 121 1285 2032 1290 2032 1286 2032 1287 121 1290 121 1285 121 1276 2033 1292 2033 1287 2033 1276 2034 1280 2034 1291 2034 1291 121 1292 121 1276 121 1280 2035 1293 2035 1291 2035 1280 121 1288 121 1289 121 1289 121 1293 121 1280 121 1135 2036 1281 2036 1294 2036 1299 121 1298 121 1300 121 1284 121 1302 121 1301 121 1303 2037 1302 2037 1295 2037 1300 121 1304 121 1299 121 1284 2038 1301 2038 1305 2038 1302 121 1284 121 1295 121 1295 121 1299 121 1306 121 1298 121 1305 121 1300 121 1306 121 1303 121 1295 121 1304 121 1306 121 1299 121 1305 121 1298 121 1284 121 1295 2039 1297 2039 1307 2039 1307 2040 1309 2040 1312 2040 1311 2041 1172 2041 1170 2041 1312 2042 1314 2042 1170 2042 1137 2043 1143 2043 1145 2043 1137 2044 1136 2044 1143 2044 1151 2045 1152 2045 1243 2045 1251 2046 1315 2046 1316 2046 1318 2047 1246 2047 1317 2047 1316 2048 1317 2048 1246 2048 1244 121 1318 121 1268 121 1283 2049 1295 2049 1284 2049 1285 2050 1296 2050 1319 2050 1319 2051 1276 2051 1285 2051 1313 121 1321 121 1320 121 1299 121 1322 121 1321 121 1321 2052 1313 2052 1299 2052 1299 121 1323 121 1322 121 1323 121 1299 121 1307 121 1324 121 1323 121 1307 121 1312 2053 1324 2053 1307 2053 1170 2054 1320 2054 1325 2054 1135 2055 1313 2055 1320 2055 1320 2056 1170 2056 1135 2056 1285 121 1288 121 1328 121 1288 121 1311 121 1329 121 1326 121 1310 121 1285 121 1326 121 1327 121 1310 121 1330 2057 1329 2057 1311 2057 1328 2058 1326 2058 1285 2058 1329 2059 1331 2059 1288 2059 1327 121 1332 121 1310 121 1311 2060 1332 2060 1330 2060 1331 121 1328 121 1288 121 1332 121 1311 121 1310 121 1280 121 1277 121 1333 121 1171 121 1172 121 1335 121 1336 2061 1277 2061 1171 2061 1335 121 1334 121 1171 121 1277 121 1336 121 1333 121 1334 121 1336 121 1171 121 1172 121 1337 121 1335 121 1172 2062 1280 2062 1337 2062 1280 2063 1338 2063 1337 2063 1280 121 1333 121 1338 121 1148 2064 1241 2064 1341 2064 1146 2065 1340 2065 1339 2065 1241 2066 1343 2066 1341 2066 1146 2067 1339 2067 1342 2067 1340 2068 1146 2068 1148 2068 1342 2069 1344 2069 1245 2069 1342 121 1245 121 1146 121 1341 2070 1340 2070 1148 2070 1241 121 1344 121 1343 121 1344 121 1241 121 1245 121 1263 121 1145 121 1345 121 1346 121 1396 121 1244 121 1244 2071 1263 2071 1347 2071 1347 121 1346 121 1244 121 1349 121 1348 121 1396 121 1350 121 1347 121 1263 121 1263 2072 1345 2072 1350 2072 1351 121 1345 121 1145 121 1145 2073 1348 2073 1351 2073 1346 121 1349 121 1396 121 1348 121 1145 121 1396 121 1135 2074 1137 2074 1352 2074 1352 2075 1355 2075 1135 2075 1137 2076 1266 2076 1352 2076 1267 121 1353 121 1266 121 1267 2077 1354 2077 1353 2077 1267 121 1278 121 1354 121 1281 121 1354 121 1278 121 1385 2078 1356 2078 1357 2078 1284 2079 1358 2079 1356 2079 1284 2080 1308 2080 1358 2080 1356 121 1385 121 1284 121 1308 121 1359 121 1358 121 1357 121 1360 121 1385 121 1308 2081 1361 2081 1359 2081 1360 2082 1135 2082 1385 2082 1135 2083 1362 2083 1361 2083 1135 2084 1360 2084 1362 2084 1308 2085 1135 2085 1361 2085 1363 121 1307 121 1297 121 1285 121 1310 121 1364 121 1364 121 1365 121 1285 121 1310 2086 1309 2086 1364 2086 1365 121 1366 121 1285 121 1366 121 1297 121 1285 121 1366 121 1363 121 1297 121 1367 121 1277 121 1276 121 1368 121 1265 121 1277 121 1251 2087 1255 2087 1369 2087 1369 2088 1370 2088 1251 2088 1255 121 1265 121 1369 121 1276 121 1371 121 1367 121 1276 121 1251 121 1371 121 1251 2089 1370 2089 1371 2089 1245 121 1372 121 1373 121 1373 121 1240 121 1245 121 1318 121 1244 121 1374 121 1318 121 1374 121 1375 121 1244 121 1376 121 1374 121 1244 121 1240 121 1377 121 1375 121 1245 121 1318 121 1377 121 1376 121 1244 121 1245 2090 1375 2090 1372 2090 1373 121 1377 121 1240 121 1378 121 1282 121 1278 121 1284 121 1282 121 1380 121 1279 121 1284 121 1381 121 1379 2091 1381 2091 1284 2091 1279 2092 1381 2092 1382 2092 1282 121 1378 121 1380 121 1382 121 1278 121 1279 121 1380 121 1379 121 1284 121 1135 2093 1384 2093 1383 2093 1135 2094 1383 2094 1385 2094 1384 2095 1135 2095 1294 2095 1281 121 1386 121 1294 121 1386 121 1281 121 1282 121 1311 2096 1170 2096 1387 2096 1311 2097 1387 2097 1310 2097 1170 2098 1388 2098 1387 2098 1388 2099 1170 2099 1314 2099 1309 121 1389 121 1390 121 1309 2100 1310 2100 1389 2100 1312 2101 1390 2101 1314 2101 1390 2102 1312 2102 1309 2102 1171 2103 1391 2103 1392 2103 1392 2104 1152 2104 1171 2104 1243 2105 1152 2105 1393 2105 1243 121 1393 121 1255 121 1392 2106 1393 2106 1152 2106 1171 2107 1265 2107 1394 2107 1394 121 1391 121 1171 121 1145 2108 1395 2108 1396 2108 1145 2109 1397 2109 1395 2109 1146 2110 1398 2110 1397 2110 1397 2111 1145 2111 1146 2111 1240 121 1396 121 1400 121 1146 121 1399 121 1398 121 1146 2112 1240 2112 1399 2112 1400 2113 1399 2113 1240 2113 1299 121 1313 121 1402 121 1402 121 1298 121 1299 121 1135 2114 1404 2114 1403 2114 1135 2115 1308 2115 1404 2115 1311 121 1406 121 1405 121 1405 121 1172 121 1311 121 1311 121 1288 121 1406 121 1405 121 1407 121 1172 121 1409 121 1280 121 1172 121 1148 2116 1151 2116 1410 2116 1411 2117 1410 2117 1151 2117 1243 2118 1412 2118 1411 2118 1411 2119 1151 2119 1243 2119 1243 2120 1254 2120 1412 2120 1148 121 1413 121 1242 121 1415 2121 1264 2121 1266 2121 1145 2122 1417 2122 1416 2122 1416 2123 1137 2123 1145 2123 1263 2124 1417 2124 1145 2124 1416 2125 1414 2125 1137 2125 1415 2126 1266 2126 1137 2126 1414 2127 1415 2127 1137 2127 1410 121 1413 121 1148 121 1409 2128 1288 2128 1280 2128 1408 121 1409 121 1172 121 1407 121 1408 121 1172 121 1403 2129 1401 2129 1135 2129 1401 2130 1313 2130 1135 2130 1368 121 1369 121 1265 121 1355 2131 1281 2131 1135 2131 1325 2132 1312 2132 1170 2132 1242 2133 1241 2133 1148 2133 1245 2134 1240 2134 1146 2134 1307 2135 1299 2135 1295 2135 1298 121 1308 121 1284 121 1285 2136 1297 2136 1296 2136 1284 2137 1385 2137 1282 2137 1279 2138 1278 2138 1267 2138 1171 2139 1277 2139 1265 2139 1276 2140 1315 2140 1251 2140 1272 2141 1244 2141 1268 2141 1251 2142 1316 2142 1246 2142 1244 2143 1264 2143 1263 2143 1256 2144 1243 2144 1255 2144 1252 121 1242 121 1251 121 1246 2145 1318 2145 1245 2145 1419 2146 1418 2146 1323 2146 1420 2147 1419 2147 1324 2147 1421 2148 1420 2148 1312 2148 1422 2149 1421 2149 1320 2149 1423 2150 1422 2150 1320 2150 1418 2151 1423 2151 1322 2151 1322 2152 1323 2152 1418 2152 1321 2153 1322 2153 1423 2153 1320 2154 1321 2154 1423 2154 1325 2155 1320 2155 1421 2155 1312 2156 1325 2156 1421 2156 1324 2157 1312 2157 1420 2157 1323 2158 1324 2158 1419 2158 1424 2159 1425 2159 1328 2159 1426 2160 1424 2160 1331 2160 1427 2161 1426 2161 1329 2161 1428 2162 1427 2162 1330 2162 1429 2163 1428 2163 1332 2163 1430 2164 1429 2164 1327 2164 1425 2165 1430 2165 1326 2165 1326 2166 1328 2166 1425 2166 1327 2167 1326 2167 1430 2167 1332 2168 1327 2168 1429 2168 1330 2169 1332 2169 1428 2169 1329 2170 1330 2170 1427 2170 1331 2171 1329 2171 1426 2171 1328 2172 1331 2172 1424 2172 1432 2173 1431 2173 1336 2173 1433 2174 1432 2174 1335 2174 1434 2175 1433 2175 1335 2175 1435 2176 1434 2176 1338 2176 1436 2177 1435 2177 1333 2177 1431 2178 1436 2178 1336 2178 1333 2179 1336 2179 1436 2179 1338 2180 1333 2180 1435 2180 1337 2181 1338 2181 1434 2181 1335 2182 1337 2182 1434 2182 1334 2183 1335 2183 1432 2183 1336 2184 1334 2184 1432 2184 1437 2185 1438 2185 1260 2185 1439 2186 1437 2186 1261 2186 1440 2187 1439 2187 1256 2187 1441 2188 1440 2188 1257 2188 1442 2189 1441 2189 1258 2189 1443 2190 1442 2190 1259 2190 1438 2191 1443 2191 1262 2191 1262 2192 1260 2192 1438 2192 1259 2193 1262 2193 1443 2193 1258 2194 1259 2194 1442 2194 1257 2195 1258 2195 1441 2195 1256 2196 1257 2196 1440 2196 1261 2197 1256 2197 1439 2197 1260 2198 1261 2198 1437 2198 1444 2199 1449 2199 1340 2199 1445 2200 1444 2200 1340 2200 1446 2201 1445 2201 1343 2201 1447 2202 1446 2202 1344 2202 1448 2203 1447 2203 1342 2203 1449 2204 1448 2204 1342 2204 1339 2205 1340 2205 1449 2205 1342 2206 1339 2206 1449 2206 1344 2207 1342 2207 1447 2207 1343 2208 1344 2208 1446 2208 1341 2209 1343 2209 1445 2209 1340 2210 1341 2210 1445 2210 1450 2211 1451 2211 1348 2211 1452 2212 1450 2212 1349 2212 1453 2213 1452 2213 1346 2213 1454 2214 1453 2214 1347 2214 1455 2215 1454 2215 1350 2215 1456 2216 1455 2216 1345 2216 1451 2217 1456 2217 1351 2217 1351 2218 1348 2218 1451 2218 1345 2219 1351 2219 1456 2219 1350 2220 1345 2220 1455 2220 1347 2221 1350 2221 1454 2221 1346 2222 1347 2222 1453 2222 1349 2223 1346 2223 1452 2223 1348 2224 1349 2224 1450 2224 1458 2225 1457 2225 1353 2225 1459 2226 1458 2226 1354 2226 1460 2227 1459 2227 1281 2227 1461 2228 1460 2228 1281 2228 1462 2229 1461 2229 1352 2229 1457 2230 1462 2230 1352 2230 1352 2231 1266 2231 1457 2231 1355 2232 1352 2232 1461 2232 1281 2233 1355 2233 1461 2233 1354 2234 1281 2234 1459 2234 1353 2235 1354 2235 1458 2235 1266 2236 1353 2236 1457 2236 1464 2237 1463 2237 1356 2237 1465 2238 1464 2238 1358 2238 1466 2239 1465 2239 1359 2239 1467 2240 1466 2240 1361 2240 1468 2241 1467 2241 1362 2241 1469 2242 1468 2242 1360 2242 1463 2243 1469 2243 1357 2243 1357 2244 1356 2244 1463 2244 1360 2245 1357 2245 1469 2245 1362 2246 1360 2246 1468 2246 1361 2247 1362 2247 1467 2247 1359 2248 1361 2248 1466 2248 1358 2249 1359 2249 1465 2249 1356 2250 1358 2250 1464 2250 1364 2251 1309 2251 1470 2251 1365 2252 1364 2252 1471 2252 1366 2253 1365 2253 1472 2253 1363 2254 1366 2254 1474 2254 1307 2255 1363 2255 1641 2255 1309 2256 1307 2256 1475 2256 1641 2257 1475 2257 1307 2257 1474 2258 1641 2258 1363 2258 1473 2259 1474 2259 1366 2259 1472 2260 1473 2260 1366 2260 1471 2261 1472 2261 1365 2261 1470 2262 1471 2262 1364 2262 1475 2263 1470 2263 1309 2263 1369 2264 1368 2264 1476 2264 1370 2265 1369 2265 1477 2265 1371 2266 1370 2266 1478 2266 1367 2267 1371 2267 1480 2267 1277 2268 1367 2268 1481 2268 1368 2269 1277 2269 1482 2269 1481 2270 1482 2270 1277 2270 1480 2271 1481 2271 1367 2271 1479 2272 1480 2272 1371 2272 1478 2273 1479 2273 1371 2273 1477 2274 1478 2274 1370 2274 1476 2275 1477 2275 1369 2275 1482 2276 1476 2276 1368 2276 1377 2277 1373 2277 1483 2277 1376 2278 1377 2278 1484 2278 1374 2279 1376 2279 1485 2279 1375 2280 1374 2280 1487 2280 1372 2281 1375 2281 1488 2281 1373 2282 1372 2282 1489 2282 1488 2283 1489 2283 1372 2283 1487 2284 1488 2284 1375 2284 1486 2285 1487 2285 1374 2285 1485 2286 1486 2286 1374 2286 1484 2287 1485 2287 1376 2287 1483 2288 1484 2288 1377 2288 1489 2289 1483 2289 1373 2289 1380 2290 1378 2290 1490 2290 1379 2291 1380 2291 1491 2291 1381 2292 1379 2292 1492 2292 1382 2293 1381 2293 1494 2293 1278 2294 1382 2294 1495 2294 1378 2295 1278 2295 1496 2295 1495 2296 1496 2296 1278 2296 1494 2297 1495 2297 1382 2297 1493 2298 1494 2298 1381 2298 1492 2299 1493 2299 1381 2299 1491 2300 1492 2300 1379 2300 1490 2301 1491 2301 1380 2301 1496 2302 1490 2302 1378 2302 1313 2303 1401 2303 1497 2303 1402 2304 1313 2304 1498 2304 1298 2305 1402 2305 1498 2305 1308 2306 1298 2306 1500 2306 1404 2307 1308 2307 1501 2307 1403 2308 1404 2308 1501 2308 1401 2309 1403 2309 1503 2309 1503 2310 1497 2310 1401 2310 1502 2311 1503 2311 1403 2311 1501 2312 1502 2312 1403 2312 1500 2313 1501 2313 1308 2313 1499 2314 1500 2314 1298 2314 1498 2315 1499 2315 1298 2315 1497 2316 1498 2316 1313 2316 1408 2317 1407 2317 1504 2317 1409 2318 1408 2318 1505 2318 1288 2319 1409 2319 1506 2319 1406 2320 1288 2320 1508 2320 1405 2321 1406 2321 1508 2321 1407 2322 1405 2322 1510 2322 1510 2323 1504 2323 1407 2323 1509 2324 1510 2324 1405 2324 1508 2325 1509 2325 1405 2325 1507 2326 1508 2326 1288 2326 1506 2327 1507 2327 1288 2327 1505 2328 1506 2328 1409 2328 1504 2329 1505 2329 1408 2329 1413 2330 1410 2330 1511 2330 1242 2331 1413 2331 1512 2331 1254 2332 1242 2332 1513 2332 1412 2333 1254 2333 1515 2333 1411 2334 1412 2334 1515 2334 1410 2335 1411 2335 1517 2335 1517 2336 1511 2336 1410 2336 1516 2337 1517 2337 1411 2337 1515 2338 1516 2338 1411 2338 1514 2339 1515 2339 1254 2339 1513 2340 1514 2340 1254 2340 1512 2341 1513 2341 1242 2341 1511 2342 1512 2342 1413 2342 1415 2343 1414 2343 1518 2343 1264 2344 1415 2344 1519 2344 1263 2345 1264 2345 1520 2345 1417 2346 1263 2346 1522 2346 1416 2347 1417 2347 1522 2347 1414 2348 1416 2348 1524 2348 1524 2349 1518 2349 1414 2349 1523 2350 1524 2350 1416 2350 1522 2351 1523 2351 1416 2351 1521 2352 1522 2352 1263 2352 1520 2353 1521 2353 1263 2353 1519 2354 1520 2354 1264 2354 1518 2355 1519 2355 1415 2355 1525 2356 1526 2356 1276 2356 1527 2357 1525 2357 1276 2357 1528 2358 1527 2358 1319 2358 1528 2359 1319 2359 1296 2359 1296 2360 1529 2360 1528 2360 1530 2361 1529 2361 1296 2361 1531 2362 1530 2362 1297 2362 1532 2363 1531 2363 1295 2363 1533 2364 1532 2364 1295 2364 1534 2365 1533 2365 1283 2365 1535 2366 1534 2366 1283 2366 1536 2367 1535 2367 1279 2367 1537 2368 1536 2368 1268 2368 1538 2369 1537 2369 1268 2369 1539 2370 1538 2370 1318 2370 1540 2371 1539 2371 1318 2371 1541 2372 1540 2372 1317 2372 1316 2373 1542 2373 1541 2373 1543 2374 1542 2374 1316 2374 1544 2375 1543 2375 1315 2375 1526 2376 1544 2376 1315 2376 1315 2377 1276 2377 1526 2377 1316 2378 1315 2378 1543 2378 1317 2379 1316 2379 1541 2379 1318 2380 1317 2380 1540 2380 1268 2381 1318 2381 1538 2381 1279 2382 1268 2382 1536 2382 1283 2383 1279 2383 1535 2383 1295 2384 1283 2384 1533 2384 1297 2385 1295 2385 1531 2385 1296 2386 1297 2386 1530 2386 1276 2387 1319 2387 1527 2387 1539 2388 1545 2388 1538 2388 1537 2389 1545 2389 1536 2389 1536 2390 1546 2390 1535 2390 1530 2391 1547 2391 1529 2391 1527 2392 1528 2392 1547 2392 1528 2393 1529 2393 1547 2393 1533 2394 1534 2394 1546 2394 1534 2395 1535 2395 1546 2395 1537 2396 1538 2396 1545 2396 1548 2397 1554 2397 1300 2397 1549 2398 1548 2398 1300 2398 1550 2399 1549 2399 1305 2399 1551 2400 1550 2400 1301 2400 1552 2401 1551 2401 1302 2401 1553 2402 1552 2402 1303 2402 1554 2403 1553 2403 1306 2403 1304 2404 1300 2404 1554 2404 1306 2405 1304 2405 1554 2405 1303 2406 1306 2406 1553 2406 1302 2407 1303 2407 1552 2407 1301 2408 1302 2408 1551 2408 1305 2409 1301 2409 1550 2409 1300 2410 1305 2410 1549 2410 1555 2411 1556 2411 1554 2411 1556 2412 1557 2412 1553 2412 1557 2413 1558 2413 1552 2413 1558 2414 1559 2414 1551 2414 1559 2415 1560 2415 1549 2415 1560 2416 1561 2416 1549 2416 1561 2417 1555 2417 1548 2417 1554 2418 1548 2418 1555 2418 1548 2419 1549 2419 1561 2419 1549 2420 1550 2420 1559 2420 1550 2421 1551 2421 1559 2421 1551 2422 1552 2422 1558 2422 1552 2423 1553 2423 1557 2423 1553 2424 1554 2424 1556 2424 1562 2425 1568 2425 1289 2425 1563 2426 1562 2426 1289 2426 1564 2427 1563 2427 1286 2427 1565 2428 1564 2428 1290 2428 1566 2429 1565 2429 1287 2429 1567 2430 1566 2430 1292 2430 1568 2431 1567 2431 1291 2431 1293 2432 1289 2432 1568 2432 1291 2433 1293 2433 1568 2433 1292 2434 1291 2434 1567 2434 1287 2435 1292 2435 1566 2435 1290 2436 1287 2436 1565 2436 1286 2437 1290 2437 1564 2437 1289 2438 1286 2438 1563 2438 1569 2439 1570 2439 1568 2439 1570 2440 1571 2440 1566 2440 1571 2441 1572 2441 1566 2441 1572 2442 1573 2442 1564 2442 1573 2443 1574 2443 1563 2443 1574 2444 1575 2444 1562 2444 1575 2445 1569 2445 1568 2445 1568 2446 1562 2446 1575 2446 1562 2447 1563 2447 1574 2447 1563 2448 1564 2448 1573 2448 1564 2449 1565 2449 1572 2449 1565 2450 1566 2450 1572 2450 1566 2451 1567 2451 1570 2451 1567 2452 1568 2452 1570 2452 1576 2453 1582 2453 1250 2453 1577 2454 1576 2454 1250 2454 1578 2455 1577 2455 1252 2455 1579 2456 1578 2456 1253 2456 1580 2457 1579 2457 1247 2457 1581 2458 1580 2458 1246 2458 1582 2459 1581 2459 1248 2459 1249 2460 1250 2460 1582 2460 1248 2461 1249 2461 1582 2461 1246 2462 1248 2462 1581 2462 1247 2463 1246 2463 1580 2463 1253 2464 1247 2464 1579 2464 1252 2465 1253 2465 1578 2465 1250 2466 1252 2466 1577 2466 1583 2467 1584 2467 1582 2467 1584 2468 1585 2468 1581 2468 1585 2469 1586 2469 1579 2469 1586 2470 1587 2470 1578 2470 1587 2471 1588 2471 1576 2471 1588 2472 1583 2472 1582 2472 1582 2473 1576 2473 1588 2473 1576 2474 1577 2474 1587 2474 1577 2475 1578 2475 1587 2475 1578 2476 1579 2476 1586 2476 1579 2477 1580 2477 1585 2477 1580 2478 1581 2478 1585 2478 1581 2479 1582 2479 1584 2479 1589 2480 1595 2480 1273 2480 1590 2481 1589 2481 1273 2481 1591 2482 1590 2482 1274 2482 1592 2483 1591 2483 1275 2483 1593 2484 1592 2484 1272 2484 1594 2485 1593 2485 1271 2485 1595 2486 1594 2486 1269 2486 1270 2487 1273 2487 1595 2487 1269 2488 1270 2488 1595 2488 1271 2489 1269 2489 1594 2489 1272 2490 1271 2490 1593 2490 1275 2491 1272 2491 1592 2491 1274 2492 1275 2492 1591 2492 1273 2493 1274 2493 1590 2493 1596 2494 1597 2494 1595 2494 1597 2495 1598 2495 1594 2495 1598 2496 1599 2496 1593 2496 1599 2497 1600 2497 1591 2497 1600 2498 1601 2498 1590 2498 1601 2499 1602 2499 1590 2499 1602 2500 1596 2500 1589 2500 1595 2501 1589 2501 1596 2501 1589 2502 1590 2502 1602 2502 1590 2503 1591 2503 1600 2503 1591 2504 1592 2504 1599 2504 1592 2505 1593 2505 1599 2505 1593 2506 1594 2506 1598 2506 1594 2507 1595 2507 1597 2507 1604 2508 1603 2508 1383 2508 1605 2509 1604 2509 1384 2509 1606 2510 1605 2510 1294 2510 1607 2511 1606 2511 1282 2511 1608 2512 1607 2512 1282 2512 1603 2513 1608 2513 1385 2513 1385 2514 1383 2514 1603 2514 1282 2515 1385 2515 1608 2515 1386 2516 1282 2516 1606 2516 1294 2517 1386 2517 1606 2517 1384 2518 1294 2518 1605 2518 1383 2519 1384 2519 1604 2519 1609 2520 1610 2520 1608 2520 1610 2521 1611 2521 1607 2521 1611 2522 1612 2522 1605 2522 1612 2523 1613 2523 1605 2523 1613 2524 1614 2524 1604 2524 1614 2525 1609 2525 1603 2525 1603 2526 1604 2526 1614 2526 1604 2527 1605 2527 1613 2527 1605 2528 1606 2528 1611 2528 1606 2529 1607 2529 1611 2529 1607 2530 1608 2530 1610 2530 1608 2531 1603 2531 1609 2531 1616 2532 1615 2532 1387 2532 1617 2533 1616 2533 1388 2533 1618 2534 1617 2534 1314 2534 1619 2535 1618 2535 1389 2535 1620 2536 1619 2536 1389 2536 1615 2537 1620 2537 1310 2537 1310 2538 1387 2538 1615 2538 1389 2539 1310 2539 1620 2539 1390 2540 1389 2540 1618 2540 1314 2541 1390 2541 1618 2541 1388 2542 1314 2542 1617 2542 1387 2543 1388 2543 1616 2543 1621 2544 1622 2544 1620 2544 1622 2545 1623 2545 1619 2545 1623 2546 1624 2546 1618 2546 1624 2547 1625 2547 1617 2547 1625 2548 1626 2548 1616 2548 1626 2549 1621 2549 1615 2549 1615 2550 1616 2550 1626 2550 1616 2551 1617 2551 1625 2551 1617 2552 1618 2552 1624 2552 1618 2553 1619 2553 1623 2553 1619 2554 1620 2554 1622 2554 1620 2555 1615 2555 1621 2555 1628 2556 1627 2556 1393 2556 1629 2557 1628 2557 1392 2557 1630 2558 1629 2558 1391 2558 1631 2559 1630 2559 1265 2559 1632 2560 1631 2560 1265 2560 1627 2561 1632 2561 1255 2561 1255 2562 1393 2562 1627 2562 1265 2563 1255 2563 1632 2563 1394 2564 1265 2564 1630 2564 1391 2565 1394 2565 1630 2565 1392 2566 1391 2566 1629 2566 1393 2567 1392 2567 1628 2567 1633 2568 1634 2568 1627 2568 1634 2569 1635 2569 1631 2569 1635 2570 1636 2570 1630 2570 1636 2571 1637 2571 1630 2571 1637 2572 1638 2572 1629 2572 1638 2573 1639 2573 1628 2573 1639 2574 1633 2574 1627 2574 1627 2575 1628 2575 1639 2575 1628 2576 1629 2576 1638 2576 1629 2577 1630 2577 1637 2577 1630 2578 1631 2578 1635 2578 1631 2579 1632 2579 1634 2579 1632 2580 1627 2580 1634 2580 1497 2581 1128 2581 1167 2581 1475 110 1419 110 1420 110 1420 110 1421 110 1475 110 1422 110 1423 110 1497 110 1421 110 1422 110 1497 110 1418 110 1497 110 1423 110 1475 110 1418 110 1419 110 1557 2582 1418 2582 1475 2582 1492 2583 1464 2583 1560 2583 1531 2584 1557 2584 1641 2584 1491 110 1463 110 1492 110 1496 110 1459 110 1460 110 1460 2585 1612 2585 1496 2585 1597 2586 1457 2586 1458 2586 1496 110 1458 110 1459 110 1597 2587 1127 2587 1457 2587 1127 2588 1462 2588 1457 2588 1460 2589 1461 2589 1612 2589 1458 2590 1496 2590 1597 2590 1127 2591 1461 2591 1462 2591 1597 2592 1496 2592 1495 2592 1598 2593 1495 2593 1546 2593 1480 2594 1525 2594 1642 2594 1642 110 1434 110 1435 110 1169 2595 1431 2595 1432 2595 1432 2596 1168 2596 1169 2596 1169 2597 1481 2597 1431 2597 1434 110 1642 110 1168 110 1436 110 1431 110 1481 110 1481 110 1435 110 1436 110 1433 110 1434 110 1168 110 1432 110 1433 110 1168 110 1599 2598 1546 2598 1536 2598 1482 2599 1481 2599 1169 2599 1600 2600 1599 2600 1545 2600 1539 2601 1487 2601 1486 2601 1600 2602 1486 2602 1485 2602 1539 2603 1644 2603 1488 2603 1486 2604 1600 2604 1539 2604 1644 2605 1645 2605 1489 2605 1485 2606 1484 2606 1600 2606 1488 2607 1487 2607 1539 2607 1645 2608 1483 2608 1489 2608 1489 110 1488 110 1644 110 1645 2609 1484 2609 1483 2609 1644 2610 1539 2610 1585 2610 1543 2611 1441 2611 1442 2611 1634 2612 1646 2612 1439 2612 1543 2613 1634 2613 1441 2613 1439 2614 1440 2614 1634 2614 1440 2615 1441 2615 1634 2615 1646 110 1438 110 1437 110 1514 110 1443 110 1438 110 1437 110 1439 110 1646 110 1514 110 1442 110 1443 110 1438 110 1646 110 1514 110 1149 2616 1584 2616 1583 2616 1149 110 1147 110 1449 110 1445 2617 1584 2617 1149 2617 1449 110 1444 110 1149 110 1584 2618 1445 2618 1446 2618 1149 110 1444 110 1445 110 1147 110 1644 110 1448 110 1644 2619 1584 2619 1446 2619 1644 110 1446 110 1447 110 1448 110 1449 110 1147 110 1646 2620 1154 2620 1150 2620 1640 110 1507 110 1426 110 1507 110 1425 110 1424 110 1472 110 1430 110 1425 110 1424 110 1426 110 1507 110 1425 110 1507 110 1472 110 1622 2621 1640 2621 1428 2621 1427 110 1428 110 1640 110 1428 2622 1429 2622 1622 2622 1521 110 1454 110 1455 110 1647 110 1455 110 1456 110 1455 110 1647 110 1521 110 1521 110 1453 110 1454 110 1600 2623 1452 2623 1453 2623 1600 2624 1643 2624 1452 2624 1643 2625 1450 2625 1452 2625 1647 110 1451 110 1450 110 1450 2626 1643 2626 1647 2626 1469 2627 1610 2627 1468 2627 1463 110 1464 110 1492 110 1467 110 1500 110 1466 110 1465 110 1466 110 1500 110 1500 110 1464 110 1465 110 1539 2628 1600 2628 1545 2628 1540 2629 1585 2629 1539 2629 1541 2630 1542 2630 1585 2630 1543 2631 1586 2631 1542 2631 1525 2632 1480 2632 1526 2632 1480 2633 1544 2633 1526 2633 1527 2634 1472 2634 1525 2634 1474 2635 1547 2635 1530 2635 1530 2636 1531 2636 1474 2636 1492 2637 1531 2637 1532 2637 1532 2638 1533 2638 1492 2638 1500 2639 1555 2639 1561 2639 1555 2640 1500 2640 1418 2640 1418 2641 1556 2641 1555 2641 1418 2642 1557 2642 1556 2642 1560 2643 1500 2643 1561 2643 1531 2644 1492 2644 1559 2644 1558 2645 1557 2645 1531 2645 1559 2646 1558 2646 1531 2646 1560 2647 1559 2647 1492 2647 1507 2648 1569 2648 1575 2648 1569 2649 1507 2649 1642 2649 1525 2650 1472 2650 1572 2650 1472 2651 1573 2651 1572 2651 1472 2652 1507 2652 1574 2652 1525 2653 1571 2653 1570 2653 1525 2654 1572 2654 1571 2654 1574 2655 1573 2655 1472 2655 1570 2656 1642 2656 1525 2656 1575 2657 1574 2657 1507 2657 1514 2658 1583 2658 1588 2658 1543 2659 1514 2659 1587 2659 1543 2660 1587 2660 1586 2660 1588 2661 1587 2661 1514 2661 1453 2662 1521 2662 1602 2662 1596 2663 1602 2663 1521 2663 1601 2664 1600 2664 1453 2664 1475 2665 1622 2665 1470 2665 1622 2666 1471 2666 1470 2666 1471 2667 1622 2667 1430 2667 1547 2668 1474 2668 1473 2668 1430 110 1472 110 1471 110 1547 2669 1473 2669 1472 2669 1543 2670 1478 2670 1477 2670 1543 2671 1479 2671 1478 2671 1482 2672 1634 2672 1476 2672 1477 2673 1634 2673 1543 2673 1477 2674 1476 2674 1634 2674 1491 2675 1490 2675 1610 2675 1490 2676 1496 2676 1610 2676 1546 2677 1494 2677 1493 2677 1493 2678 1492 2678 1546 2678 1494 2679 1546 2679 1495 2679 1609 2680 1128 2680 1468 2680 1609 2681 1614 2681 1128 2681 1468 2682 1610 2682 1609 2682 1127 2683 1128 2683 1613 2683 1496 2684 1612 2684 1611 2684 1621 2685 1167 2685 1640 2685 1621 2686 1626 2686 1167 2686 1640 2687 1622 2687 1621 2687 1475 2688 1421 2688 1624 2688 1421 2689 1625 2689 1624 2689 1623 2690 1622 2690 1475 2690 1624 2691 1623 2691 1475 2691 1635 2692 1634 2692 1482 2692 1169 2693 1154 2693 1639 2693 1633 2694 1154 2694 1646 2694 1646 2695 1634 2695 1633 2695 1633 2696 1639 2696 1154 2696 1482 2697 1169 2697 1637 2697 1637 2698 1636 2698 1482 2698 1169 2699 1638 2699 1637 2699 1636 2700 1635 2700 1482 2700 1144 2701 1647 2701 1648 2701 1648 2702 1649 2702 1144 2702 1647 2703 1643 2703 1648 2703 1649 2704 1650 2704 1144 2704 1644 2705 1147 2705 1651 2705 1147 2706 1144 2706 1651 2706 1644 2707 1651 2707 1645 2707 1418 110 1499 110 1498 110 1418 110 1500 110 1499 110 1498 110 1497 110 1418 110 1467 2708 1128 2708 1502 2708 1500 110 1467 110 1501 110 1497 2709 1503 2709 1128 2709 1503 2710 1502 2710 1128 2710 1502 110 1501 110 1467 110 1642 110 1507 110 1506 110 1505 110 1168 110 1642 110 1506 110 1505 110 1642 110 1168 110 1505 110 1504 110 1640 110 1168 110 1509 110 1509 110 1508 110 1640 110 1510 110 1509 110 1168 110 1640 110 1508 110 1507 110 1168 110 1504 110 1510 110 1583 2711 1513 2711 1512 2711 1583 2712 1514 2712 1513 2712 1149 110 1512 110 1511 110 1512 2713 1149 2713 1583 2713 1646 110 1150 110 1516 110 1150 110 1149 110 1517 110 1150 110 1517 110 1516 110 1149 110 1511 110 1517 110 1514 110 1646 110 1515 110 1516 110 1515 110 1646 110 1596 2714 1520 2714 1519 2714 1127 2715 1519 2715 1518 2715 1519 2716 1127 2716 1596 2716 1521 2717 1520 2717 1596 2717 1647 110 1142 110 1523 110 1521 110 1647 110 1522 110 1523 110 1522 110 1647 110 1142 110 1524 110 1523 110 1524 110 1142 110 1518 110 1650 2718 1651 2718 1144 2718 1639 2719 1638 2719 1169 2719 1625 2720 1421 2720 1167 2720 1626 2721 1625 2721 1167 2721 1611 2722 1610 2722 1496 2722 1613 2723 1612 2723 1127 2723 1614 2724 1613 2724 1128 2724 1602 2725 1601 2725 1453 2725 1599 2726 1598 2726 1546 2726 1570 2727 1569 2727 1642 2727 1546 2728 1492 2728 1533 2728 1547 2729 1472 2729 1527 2729 1480 2730 1543 2730 1544 2730 1543 2731 1480 2731 1479 2731 1542 2732 1586 2732 1585 2732 1540 2733 1541 2733 1585 2733 1469 2734 1463 2734 1610 2734 1456 110 1451 110 1647 110 1429 2735 1430 2735 1622 2735 1426 110 1427 110 1640 110 1142 2736 1126 2736 1127 2736 1647 110 1144 110 1142 110 1447 110 1448 110 1644 110 1442 2737 1514 2737 1543 2737 1585 2738 1584 2738 1644 2738 1484 2739 1645 2739 1600 2739 1600 2740 1645 2740 1643 2740 1518 2741 1142 2741 1127 2741 1536 2742 1545 2742 1599 2742 1597 2743 1596 2743 1127 2743 1435 110 1481 110 1642 110 1642 110 1481 110 1480 110 1495 2744 1598 2744 1597 2744 1461 2745 1127 2745 1612 2745 1463 2746 1491 2746 1610 2746 1641 2747 1474 2747 1531 2747 1475 2748 1641 2748 1557 2748 1500 2749 1560 2749 1464 2749 1167 2750 1168 2750 1640 2750 1128 2751 1467 2751 1468 2751 1167 2752 1421 2752 1497 2752 1648 2753 1643 2753 1653 2753 1643 2754 1645 2754 1654 2754 1645 2755 1651 2755 1655 2755 1651 2756 1650 2756 1656 2756 1650 2757 1649 2757 1657 2757 1649 2758 1648 2758 1652 2758 1652 2759 1657 2759 1649 2759 1657 2760 1656 2760 1650 2760 1656 2761 1655 2761 1651 2761 1655 2762 1654 2762 1645 2762 1654 2763 1653 2763 1643 2763 1653 2764 1652 2764 1648 2764 1657 2765 1652 2765 1395 2765 1656 2766 1657 2766 1397 2766 1655 2767 1656 2767 1398 2767 1654 2768 1655 2768 1400 2768 1653 2769 1654 2769 1400 2769 1652 2770 1653 2770 1396 2770 1396 2771 1395 2771 1652 2771 1400 2772 1396 2772 1653 2772 1399 2773 1400 2773 1655 2773 1398 2774 1399 2774 1655 2774 1397 2775 1398 2775 1656 2775 1395 2776 1397 2776 1657 2776</p>
        </triangles>
      </mesh>
    </geometry>
  </library_geometries>
  <library_visual_scenes>
    <visual_scene id="Scene" name="Scene">
      <node id="Link05" name="Link05" type="NODE">
        <matrix sid="transform">1 0 0 0 0 1 0 0 0 0 1 0 0 0 0 1</matrix>
        <instance_geometry url="#Link05-mesh" name="Link05"/>
      </node>
    </visual_scene>
  </library_visual_scenes>
  <scene>
    <instance_visual_scene url="#Scene"/>
  </scene>
</COLLADA>