<?xml version="1.0" encoding="utf-8"?>
<COLLADA xmlns="http://www.collada.org/2005/11/COLLADASchema" version="1.4.1" xmlns:xsi="http://www.w3.org/2001/XMLSchema-instance">
  <asset>
    <contributor>
      <author>Blender User</author>
      <authoring_tool>Blender 2.80.75 commit date:2019-07-29, commit time:14:47, hash:f6cb5f54494e</authoring_tool>
    </contributor>
    <created>2019-11-08T10:29:01</created>
    <modified>2019-11-08T10:29:01</modified>
    <unit name="meter" meter="1"/>
    <up_axis>Z_UP</up_axis>
  </asset>
  <library_cameras>
    <camera id="Camera_001_001-camera" name="Camera.003">
      <optics>
        <technique_common>
          <perspective>
            <xfov sid="xfov">49.13434</xfov>
            <aspect_ratio>1.777778</aspect_ratio>
            <znear sid="znear">0.1</znear>
            <zfar sid="zfar">100</zfar>
          </perspective>
        </technique_common>
      </optics>
      <extra>
        <technique profile="blender">
          <shiftx sid="shiftx" type="float">0</shiftx>
          <shifty sid="shifty" type="float">0</shifty>
          <dof_distance sid="dof_distance" type="float">10</dof_distance>
        </technique>
      </extra>
    </camera>
    <camera id="Camera_001-camera" name="Camera.003">
      <optics>
        <technique_common>
          <perspective>
            <xfov sid="xfov">49.13434</xfov>
            <aspect_ratio>1.777778</aspect_ratio>
            <znear sid="znear">0.1</znear>
            <zfar sid="zfar">100</zfar>
          </perspective>
        </technique_common>
      </optics>
      <extra>
        <technique profile="blender">
          <shiftx sid="shiftx" type="float">0</shiftx>
          <shifty sid="shifty" type="float">0</shifty>
          <dof_distance sid="dof_distance" type="float">10</dof_distance>
        </technique>
      </extra>
    </camera>
    <camera id="Camera-camera" name="Camera.001">
      <optics>
        <technique_common>
          <perspective>
            <xfov sid="xfov">49.13434</xfov>
            <aspect_ratio>1.777778</aspect_ratio>
            <znear sid="znear">0.1</znear>
            <zfar sid="zfar">100</zfar>
          </perspective>
        </technique_common>
      </optics>
      <extra>
        <technique profile="blender">
          <shiftx sid="shiftx" type="float">0</shiftx>
          <shifty sid="shifty" type="float">0</shifty>
          <dof_distance sid="dof_distance" type="float">10</dof_distance>
        </technique>
      </extra>
    </camera>
  </library_cameras>
  <library_lights>
    <light id="Lamp_001_001-light" name="Lamp.002">
      <technique_common>
        <point>
          <color sid="color">1 1 1</color>
          <constant_attenuation>1</constant_attenuation>
          <linear_attenuation>0</linear_attenuation>
          <quadratic_attenuation>0.00111109</quadratic_attenuation>
        </point>
      </technique_common>
      <extra>
        <technique profile="blender">
          <type sid="type" type="int">0</type>
          <flag sid="flag" type="int">0</flag>
          <mode sid="mode" type="int">8192</mode>
          <gamma sid="blender_gamma" type="float">1</gamma>
          <red sid="red" type="float">1</red>
          <green sid="green" type="float">1</green>
          <blue sid="blue" type="float">1</blue>
          <shadow_r sid="blender_shadow_r" type="float">0</shadow_r>
          <shadow_g sid="blender_shadow_g" type="float">0</shadow_g>
          <shadow_b sid="blender_shadow_b" type="float">0</shadow_b>
          <energy sid="blender_energy" type="float">1</energy>
          <dist sid="blender_dist" type="float">29.99998</dist>
          <spotsize sid="spotsize" type="float">75</spotsize>
          <spotblend sid="spotblend" type="float">0.15</spotblend>
          <att1 sid="att1" type="float">0</att1>
          <att2 sid="att2" type="float">1</att2>
          <falloff_type sid="falloff_type" type="int">2</falloff_type>
          <clipsta sid="clipsta" type="float">1.000799</clipsta>
          <clipend sid="clipend" type="float">30.002</clipend>
          <bias sid="bias" type="float">1</bias>
          <soft sid="soft" type="float">3</soft>
          <bufsize sid="bufsize" type="int">2880</bufsize>
          <samp sid="samp" type="int">3</samp>
          <buffers sid="buffers" type="int">1</buffers>
          <area_shape sid="area_shape" type="int">1</area_shape>
          <area_size sid="area_size" type="float">0.1</area_size>
          <area_sizey sid="area_sizey" type="float">0.1</area_sizey>
          <area_sizez sid="area_sizez" type="float">1</area_sizez>
        </technique>
      </extra>
    </light>
    <light id="Lamp_001-light" name="Lamp.002">
      <technique_common>
        <point>
          <color sid="color">1 1 1</color>
          <constant_attenuation>1</constant_attenuation>
          <linear_attenuation>0</linear_attenuation>
          <quadratic_attenuation>0.00111109</quadratic_attenuation>
        </point>
      </technique_common>
      <extra>
        <technique profile="blender">
          <type sid="type" type="int">0</type>
          <flag sid="flag" type="int">0</flag>
          <mode sid="mode" type="int">8192</mode>
          <gamma sid="blender_gamma" type="float">1</gamma>
          <red sid="red" type="float">1</red>
          <green sid="green" type="float">1</green>
          <blue sid="blue" type="float">1</blue>
          <shadow_r sid="blender_shadow_r" type="float">0</shadow_r>
          <shadow_g sid="blender_shadow_g" type="float">0</shadow_g>
          <shadow_b sid="blender_shadow_b" type="float">0</shadow_b>
          <energy sid="blender_energy" type="float">1</energy>
          <dist sid="blender_dist" type="float">29.99998</dist>
          <spotsize sid="spotsize" type="float">75</spotsize>
          <spotblend sid="spotblend" type="float">0.15</spotblend>
          <att1 sid="att1" type="float">0</att1>
          <att2 sid="att2" type="float">1</att2>
          <falloff_type sid="falloff_type" type="int">2</falloff_type>
          <clipsta sid="clipsta" type="float">1.000799</clipsta>
          <clipend sid="clipend" type="float">30.002</clipend>
          <bias sid="bias" type="float">1</bias>
          <soft sid="soft" type="float">3</soft>
          <bufsize sid="bufsize" type="int">2880</bufsize>
          <samp sid="samp" type="int">3</samp>
          <buffers sid="buffers" type="int">1</buffers>
          <area_shape sid="area_shape" type="int">1</area_shape>
          <area_size sid="area_size" type="float">0.1</area_size>
          <area_sizey sid="area_sizey" type="float">0.1</area_sizey>
          <area_sizez sid="area_sizez" type="float">1</area_sizez>
        </technique>
      </extra>
    </light>
    <light id="Lamp-light" name="Lamp">
      <technique_common>
        <point>
          <color sid="color">1 1 1</color>
          <constant_attenuation>1</constant_attenuation>
          <linear_attenuation>0</linear_attenuation>
          <quadratic_attenuation>0.00111109</quadratic_attenuation>
        </point>
      </technique_common>
      <extra>
        <technique profile="blender">
          <type sid="type" type="int">0</type>
          <flag sid="flag" type="int">0</flag>
          <mode sid="mode" type="int">8192</mode>
          <gamma sid="blender_gamma" type="float">1</gamma>
          <red sid="red" type="float">1</red>
          <green sid="green" type="float">1</green>
          <blue sid="blue" type="float">1</blue>
          <shadow_r sid="blender_shadow_r" type="float">0</shadow_r>
          <shadow_g sid="blender_shadow_g" type="float">0</shadow_g>
          <shadow_b sid="blender_shadow_b" type="float">0</shadow_b>
          <energy sid="blender_energy" type="float">1</energy>
          <dist sid="blender_dist" type="float">29.99998</dist>
          <spotsize sid="spotsize" type="float">75</spotsize>
          <spotblend sid="spotblend" type="float">0.15</spotblend>
          <att1 sid="att1" type="float">0</att1>
          <att2 sid="att2" type="float">1</att2>
          <falloff_type sid="falloff_type" type="int">2</falloff_type>
          <clipsta sid="clipsta" type="float">1.000799</clipsta>
          <clipend sid="clipend" type="float">30.002</clipend>
          <bias sid="bias" type="float">1</bias>
          <soft sid="soft" type="float">3</soft>
          <bufsize sid="bufsize" type="int">2880</bufsize>
          <samp sid="samp" type="int">3</samp>
          <buffers sid="buffers" type="int">1</buffers>
          <area_shape sid="area_shape" type="int">1</area_shape>
          <area_size sid="area_size" type="float">0.1</area_size>
          <area_sizey sid="area_sizey" type="float">0.1</area_sizey>
          <area_sizez sid="area_sizez" type="float">1</area_sizez>
        </technique>
      </extra>
    </light>
  </library_lights>
  <library_images/>
  <library_geometries>
    <geometry id="Cylinder-mesh" name="Cylinder">
      <mesh>
        <source id="Cylinder-mesh-positions">
          <float_array id="Cylinder-mesh-positions-array" count="12000">0 0.04999995 -5e-5 0 0.04999995 5e-5 1.57079e-4 0.04999971 -5e-5 1.57079e-4 0.04999971 5e-5 3.14157e-4 0.04999881 -5e-5 3.14157e-4 0.04999881 5e-5 4.71232e-4 0.04999756 -5e-5 4.71232e-4 0.04999756 5e-5 6.28302e-4 0.04999583 -5e-5 6.28302e-4 0.04999583 5e-5 7.85366e-4 0.04999381 -5e-5 7.85366e-4 0.04999381 5e-5 9.42422e-4 0.04999107 -5e-5 9.42422e-4 0.04999107 5e-5 0.001099467 0.04998791 -5e-5 0.001099467 0.04998791 5e-5 0.001256406 0.04998403 -5e-5 0.001256406 0.04998403 5e-5 0.001413524 0.04997998 -5e-5 0.001413524 0.04997998 5e-5 0.001570463 0.04997509 -5e-5 0.001570463 0.04997509 5e-5 0.001727521 0.04997009 -5e-5 0.001727521 0.04997009 5e-5 0.00188446 0.04996424 -5e-5 0.00188446 0.04996424 5e-5 0.002041459 0.0499581 -5e-5 0.002041459 0.0499581 5e-5 0.002198398 0.04995161 -5e-5 0.002198398 0.04995161 5e-5 0.002355217 0.04994446 -5e-5 0.002355217 0.04994446 5e-5 0.002512156 0.04993683 -5e-5 0.002512156 0.04993683 5e-5 0.002669036 0.04992866 -5e-5 0.002669036 0.04992866 5e-5 0.002825856 0.04992008 -5e-5 0.002825856 0.04992008 5e-5 0.002982676 0.0499109 -5e-5 0.002982676 0.0499109 5e-5 0.003139436 0.04990112 -5e-5 0.003139436 0.04990112 5e-5 0.003296256 0.04989123 -5e-5 0.003296256 0.04989123 5e-5 0.003452897 0.04988062 -5e-5 0.003452897 0.04988062 5e-5 0.003609657 0.04986935 -5e-5 0.003609657 0.04986935 5e-5 0.003766298 0.04985791 -5e-5 0.003766298 0.04985791 5e-5 0.003922939 0.04984581 -5e-5 0.003922939 0.04984581 5e-5 0.004079461 0.04983311 -5e-5 0.004079461 0.04983311 5e-5 0.004236042 0.04982018 -5e-5 0.004236042 0.04982018 5e-5 0.004392445 0.04980665 -5e-5 0.004392445 0.04980665 5e-5 0.004548907 0.0497924 -5e-5 0.004548907 0.0497924 5e-5 0.004705369 0.0497781 -5e-5 0.004705369 0.0497781 5e-5 0.004861772 0.04976302 -5e-5 0.004861772 0.04976302 5e-5 0.005018055 0.04974734 -5e-5 0.005018055 0.04974734 5e-5 0.005174279 0.04973149 -5e-5 0.005174279 0.04973149 5e-5 0.005330443 0.04971504 -5e-5 0.005330443 0.04971504 5e-5 0.005486667 0.04969805 -5e-5 0.005486667 0.04969805 5e-5 0.005642712 0.04968053 -5e-5 0.005642712 0.04968053 5e-5 0.005798757 0.04966259 -5e-5 0.005798757 0.04966259 5e-5 0.005954802 0.04964411 -5e-5 0.005954802 0.04964411 5e-5 0.006110787 0.04962497 -5e-5 0.006110787 0.04962497 5e-5 0.006266593 0.04960554 -5e-5 0.006266593 0.04960554 5e-5 0.00642246 0.0495857 -5e-5 0.00642246 0.0495857 5e-5 0.006578207 0.04956537 -5e-5 0.006578207 0.04956537 5e-5 0.006733894 0.04954445 -5e-5 0.006733894 0.04954445 5e-5 0.006889462 0.04952299 -5e-5 0.006889462 0.04952299 5e-5 0.00704503 0.04950118 -5e-5 0.00704503 0.04950118 5e-5 0.007200419 0.04947865 -5e-5 0.007200419 0.04947865 5e-5 0.007355928 0.04945594 -5e-5 0.007355928 0.04945594 5e-5 0.007511258 0.04943239 -5e-5 0.007511258 0.04943239 5e-5 0.007666528 0.04940873 -5e-5 0.007666528 0.04940873 5e-5 0.007821679 0.04938441 -5e-5 0.007821679 0.04938441 5e-5 0.00797683 0.04935956 -5e-5 0.00797683 0.04935956 5e-5 0.008131802 0.0493341 -5e-5 0.008131802 0.0493341 5e-5 0.008286774 0.0493083 -5e-5 0.008286774 0.0493083 5e-5 0.008441627 0.04928219 -5e-5 0.008441627 0.04928219 5e-5 0.00859642 0.04925543 -5e-5 0.00859642 0.04925543 5e-5 0.008751153 0.04922819 -5e-5 0.008751153 0.04922819 5e-5 0.008905708 0.04920047 -5e-5 0.008905708 0.04920047 5e-5 0.009060263 0.04917222 -5e-5 0.009060263 0.04917222 5e-5 0.009214699 0.04914355 -5e-5 0.009214699 0.04914355 5e-5 0.009369015 0.04911416 -5e-5 0.009369015 0.04911416 5e-5 0.009523272 0.04908466 -5e-5 0.009523272 0.04908466 5e-5 0.009677469 0.0490545 -5e-5 0.009677469 0.0490545 5e-5 0.009831488 0.04902368 -5e-5 0.009831488 0.04902368 5e-5 0.009985446 0.04899275 -5e-5 0.009985446 0.04899275 5e-5 0.01013916 0.0489611 -5e-5 0.01013916 0.0489611 5e-5 0.01029294 0.04892885 -5e-5 0.01029294 0.04892885 5e-5 0.0104466 0.04889643 -5e-5 0.0104466 0.04889643 5e-5 0.01060014 0.04886341 -5e-5 0.01060014 0.04886341 5e-5 0.01075381 0.04882985 -5e-5 0.01075381 0.04882985 5e-5 0.01090711 0.0487957 -5e-5 0.01090711 0.0487957 5e-5 0.01106017 0.04876112 -5e-5 0.01106017 0.04876112 5e-5 0.01121354 0.04872632 -5e-5 0.01121354 0.04872632 5e-5 0.01136636 0.04869079 -5e-5 0.01136636 0.04869079 5e-5 0.01151943 0.04865491 -5e-5 0.01151943 0.04865491 5e-5 0.01167207 0.04861843 -5e-5 0.01167207 0.04861843 5e-5 0.01182472 0.04858154 -5e-5 0.01182472 0.04858154 5e-5 0.01197749 0.04854398 -5e-5 0.01197749 0.04854398 5e-5 0.01212996 0.0485062 -5e-5 0.01212996 0.0485062 5e-5 0.01228225 0.04846793 -5e-5 0.01228225 0.04846793 5e-5 0.01243448 0.04842913 -5e-5 0.01243448 0.04842913 5e-5 0.01258653 0.04838985 -5e-5 0.01258653 0.04838985 5e-5 0.01273834 0.04834985 -5e-5 0.01273834 0.04834985 5e-5 0.01289016 0.0483098 -5e-5 0.01289016 0.0483098 5e-5 0.01304203 0.04826903 -5e-5 0.01304203 0.04826903 5e-5 0.01319342 0.04822766 -5e-5 0.01319342 0.04822766 5e-5 0.01334506 0.04818618 -5e-5 0.01334506 0.04818618 5e-5 0.01349622 0.04814398 -5e-5 0.01349622 0.04814398 5e-5 0.01364737 0.0481013 -5e-5 0.01364737 0.0481013 5e-5 0.01379859 0.04805827 -5e-5 0.01379859 0.04805827 5e-5 0.01394951 0.04801464 -5e-5 0.01394951 0.04801464 5e-5 0.01410031 0.04797059 -5e-5 0.01410031 0.04797059 5e-5 0.01425093 0.04792588 -5e-5 0.01425093 0.04792588 5e-5 0.01440125 0.04788088 -5e-5 0.01440125 0.04788088 5e-5 0.01455157 0.0478354 -5e-5 0.01455157 0.0478354 5e-5 0.01470196 0.04778963 -5e-5 0.01470196 0.04778963 5e-5 0.01485186 0.0477432 -5e-5 0.01485186 0.0477432 5e-5 0.01500195 0.04769629 -5e-5 0.01500195 0.04769629 5e-5 0.01515156 0.04764878 -5e-5 0.01515156 0.04764878 5e-5 0.01530116 0.0476011 -5e-5 0.01530116 0.0476011 5e-5 0.01545065 0.04755282 -5e-5 0.01545065 0.04755282 5e-5 0.01560014 0.04750382 -5e-5 0.01560014 0.04750382 5e-5 0.01574927 0.04745477 -5e-5 0.01574927 0.04745477 5e-5 0.0158981 0.04740506 -5e-5 0.0158981 0.04740506 5e-5 0.01604712 0.04735469 -5e-5 0.01604712 0.04735469 5e-5 0.01619583 0.04730427 -5e-5 0.01619583 0.04730427 5e-5 0.01634418 0.04725313 -5e-5 0.01634418 0.04725313 5e-5 0.01649272 0.04720157 -5e-5 0.01649272 0.04720157 5e-5 0.01664096 0.04714936 -5e-5 0.01664096 0.04714936 5e-5 0.01678884 0.04709678 -5e-5 0.01678884 0.04709678 5e-5 0.01693665 0.04704385 -5e-5 0.01693665 0.04704385 5e-5 0.01708441 0.04699057 -5e-5 0.01708441 0.04699057 5e-5 0.01723212 0.04693669 -5e-5 0.01723212 0.04693669 5e-5 0.01737946 0.04688233 -5e-5 0.01737946 0.04688233 5e-5 0.01752668 0.04682749 -5e-5 0.01752668 0.04682749 5e-5 0.01767373 0.04677218 -5e-5 0.01767373 0.04677218 5e-5 0.01782035 0.04671645 -5e-5 0.01782035 0.04671645 5e-5 0.01796722 0.04666018 -5e-5 0.01796722 0.04666018 5e-5 0.01811373 0.04660356 -5e-5 0.01811373 0.04660356 5e-5 0.01826006 0.04654628 -5e-5 0.01826006 0.04654628 5e-5 0.01840621 0.04648882 -5e-5 0.01840621 0.04648882 5e-5 0.01855212 0.04643058 -5e-5 0.01855212 0.04643058 5e-5 0.01869773 0.04637223 -5e-5 0.01869773 0.04637223 5e-5 0.01884353 0.0463131 -5e-5 0.01884353 0.0463131 5e-5 0.01898872 0.0462538 -5e-5 0.01898872 0.0462538 5e-5 0.0191341 0.04619377 -5e-5 0.0191341 0.04619377 5e-5 0.01927918 0.04613345 -5e-5 0.01927918 0.04613345 5e-5 0.01942402 0.04607284 -5e-5 0.01942402 0.04607284 5e-5 0.01956862 0.04601138 -5e-5 0.01956862 0.04601138 5e-5 0.0197131 0.04594969 -5e-5 0.0197131 0.04594969 5e-5 0.01985716 0.04588752 -5e-5 0.01985716 0.04588752 5e-5 0.02000141 0.04582512 -5e-5 0.02000141 0.04582512 5e-5 0.02014511 0.04576206 -5e-5 0.02014511 0.04576206 5e-5 0.02028894 0.04569852 -5e-5 0.02028894 0.04569852 5e-5 0.02043241 0.04563438 -5e-5 0.02043241 0.04563438 5e-5 0.0205757 0.04557013 -5e-5 0.0205757 0.04557013 5e-5 0.02071875 0.04550528 -5e-5 0.02071875 0.04550528 5e-5 0.02086156 0.04543977 -5e-5 0.02086156 0.04543977 5e-5 0.02100414 0.04537421 -5e-5 0.02100414 0.04537421 5e-5 0.02114665 0.04530799 -5e-5 0.02114665 0.04530799 5e-5 0.02128893 0.04524117 -5e-5 0.02128893 0.04524117 5e-5 0.02143085 0.04517424 -5e-5 0.02143085 0.04517424 5e-5 0.02157258 0.04510653 -5e-5 0.02157258 0.04510653 5e-5 0.02171427 0.0450387 -5e-5 0.02171427 0.0450387 5e-5 0.02185571 0.04497027 -5e-5 0.02185571 0.04497027 5e-5 0.02199691 0.04490137 -5e-5 0.02199691 0.04490137 5e-5 0.02213788 0.04483205 -5e-5 0.02213788 0.04483205 5e-5 0.02227842 0.04476225 -5e-5 0.02227842 0.04476225 5e-5 0.02241909 0.04469192 -5e-5 0.02241909 0.04469192 5e-5 0.0225594 0.04462122 -5e-5 0.0225594 0.04462122 5e-5 0.02269947 0.04455024 -5e-5 0.02269947 0.04455024 5e-5 0.02283912 0.04447877 -5e-5 0.02283912 0.04447877 5e-5 0.02297896 0.04440683 -5e-5 0.02297896 0.04440683 5e-5 0.02311813 0.04433441 -5e-5 0.02311813 0.04433441 5e-5 0.02325749 0.04426157 -5e-5 0.02325749 0.04426157 5e-5 0.02339643 0.04418826 -5e-5 0.02339643 0.04418826 5e-5 0.02353513 0.04411453 -5e-5 0.02353513 0.04411453 5e-5 0.02367359 0.04404038 -5e-5 0.02367359 0.04404038 5e-5 0.02381169 0.04396563 -5e-5 0.02381169 0.04396563 5e-5 0.02394986 0.04389077 -5e-5 0.02394986 0.04389077 5e-5 0.02408742 0.04381531 -5e-5 0.02408742 0.04381531 5e-5 0.02422517 0.04373925 -5e-5 0.02422517 0.04373925 5e-5 0.02436244 0.04366314 -5e-5 0.02436244 0.04366314 5e-5 0.02449947 0.04358637 -5e-5 0.02449947 0.04358637 5e-5 0.02463614 0.04350918 -5e-5 0.02463614 0.04350918 5e-5 0.02477288 0.04343158 -5e-5 0.02477288 0.04343158 5e-5 0.02490901 0.04335337 -5e-5 0.02490901 0.04335337 5e-5 0.02504527 0.04327487 -5e-5 0.02504527 0.04327487 5e-5 0.02518111 0.04319614 -5e-5 0.02518111 0.04319614 5e-5 0.02531665 0.04311668 -5e-5 0.02531665 0.04311668 5e-5 0.02545183 0.04303693 -5e-5 0.02545183 0.04303693 5e-5 0.02558708 0.04295676 -5e-5 0.02558708 0.04295676 5e-5 0.02572172 0.04287636 -5e-5 0.02572172 0.04287636 5e-5 0.02585649 0.0427953 -5e-5 0.02585649 0.0427953 5e-5 0.02599078 0.04271388 -5e-5 0.02599078 0.04271388 5e-5 0.02612489 0.04263198 -5e-5 0.02612489 0.04263198 5e-5 0.02625846 0.04254961 -5e-5 0.02625846 0.04254961 5e-5 0.02639222 0.04246681 -5e-5 0.02639222 0.04246681 5e-5 0.02652531 0.04238379 -5e-5 0.02652531 0.04238379 5e-5 0.02665853 0.04230034 -5e-5 0.02665853 0.04230034 5e-5 0.02679127 0.04221642 -5e-5 0.02679127 0.04221642 5e-5 0.02692377 0.04213196 -5e-5 0.02692377 0.04213196 5e-5 0.02705579 0.04204726 -5e-5 0.02705579 0.04204726 5e-5 0.02718794 0.04196184 -5e-5 0.02718794 0.04196184 5e-5 0.02731961 0.04187643 -5e-5 0.02731961 0.04187643 5e-5 0.02745091 0.04179018 -5e-5 0.02745091 0.04179018 5e-5 0.02758204 0.04170382 -5e-5 0.02758204 0.04170382 5e-5 0.02771306 0.04161703 -5e-5 0.02771306 0.04161703 5e-5 0.02784371 0.04152977 -5e-5 0.02784371 0.04152977 5e-5 0.02797389 0.04144191 -5e-5 0.02797389 0.04144191 5e-5 0.02810406 0.04135406 -5e-5 0.02810406 0.04135406 5e-5 0.02823388 0.04126536 -5e-5 0.02823388 0.04126536 5e-5 0.02836322 0.04117643 -5e-5 0.02836322 0.04117643 5e-5 0.02849251 0.04108721 -5e-5 0.02849251 0.04108721 5e-5 0.02862155 0.04099762 -5e-5 0.02862155 0.04099762 5e-5 0.02875018 0.0409075 -5e-5 0.02875018 0.0409075 5e-5 0.02887845 0.04081696 -5e-5 0.02887845 0.04081696 5e-5 0.0290066 0.04072588 -5e-5 0.0290066 0.04072588 5e-5 0.02913445 0.04063469 -5e-5 0.02913445 0.04063469 5e-5 0.02926176 0.04054296 -5e-5 0.02926176 0.04054296 5e-5 0.0293892 0.04045087 -5e-5 0.0293892 0.04045087 5e-5 0.0295161 0.0403583 -5e-5 0.0295161 0.0403583 5e-5 0.02964276 0.04026538 -5e-5 0.02964276 0.04026538 5e-5 0.02976912 0.0401721 -5e-5 0.02976912 0.0401721 5e-5 0.02989512 0.04007834 -5e-5 0.02989512 0.04007834 5e-5 0.03002095 0.03998404 -5e-5 0.03002095 0.03998404 5e-5 0.03014642 0.03988975 -5e-5 0.03014642 0.03988975 5e-5 0.03027153 0.03979486 -5e-5 0.03027153 0.03979486 5e-5 0.03039646 0.03969955 -5e-5 0.03039646 0.03969955 5e-5 0.03052103 0.03960371 -5e-5 0.03052103 0.03960371 5e-5 0.03064525 0.03950756 -5e-5 0.03064525 0.03950756 5e-5 0.03076905 0.03941112 -5e-5 0.03076905 0.03941112 5e-5 0.03089272 0.03931427 -5e-5 0.03089272 0.03931427 5e-5 0.03101629 0.03921717 -5e-5 0.03101629 0.03921717 5e-5 0.03113931 0.03911954 -5e-5 0.03113931 0.03911954 5e-5 0.03126204 0.03902155 -5e-5 0.03126204 0.03902155 5e-5 0.03138428 0.03892314 -5e-5 0.03138428 0.03892314 5e-5 0.03150641 0.03882426 -5e-5 0.03150641 0.03882426 5e-5 0.03162837 0.03872501 -5e-5 0.03162837 0.03872501 5e-5 0.03174996 0.03862541 -5e-5 0.03174996 0.03862541 5e-5 0.03187114 0.0385257 -5e-5 0.03187114 0.0385257 5e-5 0.03199183 0.0384252 -5e-5 0.03199183 0.0384252 5e-5 0.03211236 0.03832465 -5e-5 0.03211236 0.03832465 5e-5 0.03223282 0.03822362 -5e-5 0.03223282 0.03822362 5e-5 0.03235268 0.03812199 -5e-5 0.03235268 0.03812199 5e-5 0.03247231 0.03802031 -5e-5 0.03247231 0.03802031 5e-5 0.03259158 0.03791815 -5e-5 0.03259158 0.03791815 5e-5 0.03271055 0.03781557 -5e-5 0.03271055 0.03781557 5e-5 0.03282922 0.03771257 -5e-5 0.03282922 0.03771257 5e-5 0.03294754 0.0376091 -5e-5 0.03294754 0.0376091 5e-5 0.03306531 0.03750538 -5e-5 0.03306531 0.03750538 5e-5 0.03318297 0.03740131 -5e-5 0.03318297 0.03740131 5e-5 0.03330034 0.03729707 -5e-5 0.03330034 0.03729707 5e-5 0.03341752 0.03719228 -5e-5 0.03341752 0.03719228 5e-5 0.03353404 0.03708714 -5e-5 0.03353404 0.03708714 5e-5 0.03365033 0.03698158 -5e-5 0.03365033 0.03698158 5e-5 0.03376638 0.03687566 -5e-5 0.03376638 0.03687566 5e-5 0.03388226 0.03676939 -5e-5 0.03388226 0.03676939 5e-5 0.03399759 0.03666263 -5e-5 0.03399759 0.03666263 5e-5 0.03411257 0.03655564 -5e-5 0.03411257 0.03655564 5e-5 0.03422725 0.03644829 -5e-5 0.03422725 0.03644829 5e-5 0.03434163 0.03634077 -5e-5 0.03434163 0.03634077 5e-5 0.03445541 0.03623265 -5e-5 0.03445541 0.03623265 5e-5 0.03456926 0.03612411 -5e-5 0.03456926 0.03612411 5e-5 0.03468257 0.03601551 -5e-5 0.03468257 0.03601551 5e-5 0.03479558 0.03590637 -5e-5 0.03479558 0.03590637 5e-5 0.03490811 0.03579688 -5e-5 0.03490811 0.03579688 5e-5 0.03502047 0.03568691 -5e-5 0.03502047 0.03568691 5e-5 0.03513222 0.03557682 -5e-5 0.03513222 0.03557682 5e-5 0.0352438 0.03546625 -5e-5 0.0352438 0.03546625 5e-5 0.03535521 0.03535521 -5e-5 0.03535521 0.03535521 5e-5 0.03546613 0.03524392 -5e-5 0.03546613 0.03524392 5e-5 0.0355767 0.03513234 -5e-5 0.0355767 0.03513234 5e-5 0.03568691 0.03502053 -5e-5 0.03568691 0.03502053 5e-5 0.03579676 0.03490829 -5e-5 0.03579676 0.03490829 5e-5 0.03590625 0.0347957 -5e-5 0.03590625 0.0347957 5e-5 0.03601539 0.03468269 -5e-5 0.03601539 0.03468269 5e-5 0.03612411 0.03456938 -5e-5 0.03612411 0.03456938 5e-5 0.03623259 0.03445553 -5e-5 0.03623259 0.03445553 5e-5 0.03634065 0.03434175 -5e-5 0.03634065 0.03434175 5e-5 0.03644824 0.03422737 -5e-5 0.03644824 0.03422737 5e-5 0.03655552 0.03411275 -5e-5 0.03655552 0.03411275 5e-5 0.03666251 0.03399771 -5e-5 0.03666251 0.03399771 5e-5 0.03676933 0.03388226 -5e-5 0.03676933 0.03388226 5e-5 0.03687536 0.0337665 -5e-5 0.03687536 0.0337665 5e-5 0.03698146 0.03365051 -5e-5 0.03698146 0.03365051 5e-5 0.03708702 0.03353416 -5e-5 0.03708702 0.03353416 5e-5 0.03719198 0.03341764 -5e-5 0.03719198 0.03341764 5e-5 0.03729695 0.03330045 -5e-5 0.03729695 0.03330045 5e-5 0.03740119 0.03318309 -5e-5 0.03740119 0.03318309 5e-5 0.03750526 0.03306543 -5e-5 0.03750526 0.03306543 5e-5 0.0376091 0.03294754 -5e-5 0.0376091 0.03294754 5e-5 0.03771245 0.03282934 -5e-5 0.03771245 0.03282934 5e-5 0.03781545 0.03271067 -5e-5 0.03781545 0.03271067 5e-5 0.03791803 0.03259176 -5e-5 0.03791803 0.03259176 5e-5 0.03802019 0.03247243 -5e-5 0.03802019 0.03247243 5e-5 0.03812187 0.03235286 -5e-5 0.03812187 0.03235286 5e-5 0.0382235 0.03223294 -5e-5 0.0382235 0.03223294 5e-5 0.03832453 0.03211247 -5e-5 0.03832453 0.03211247 5e-5 0.03842508 0.03199195 -5e-5 0.03842508 0.03199195 5e-5 0.03852558 0.03187114 -5e-5 0.03852558 0.03187114 5e-5 0.03862535 0.03175008 -5e-5 0.03862535 0.03175008 5e-5 0.03872489 0.03162837 -5e-5 0.03872489 0.03162837 5e-5 0.03882426 0.03150659 -5e-5 0.03882426 0.03150659 5e-5 0.03892302 0.03138446 -5e-5 0.03892302 0.03138446 5e-5 0.03902143 0.03126204 -5e-5 0.03902143 0.03126204 5e-5 0.03911948 0.03113943 -5e-5 0.03911948 0.03113943 5e-5 0.03921711 0.03101629 -5e-5 0.03921711 0.03101629 5e-5 0.03931427 0.03089284 -5e-5 0.03931427 0.03089284 5e-5 0.039411 0.03076922 -5e-5 0.039411 0.03076922 5e-5 0.0395075 0.03064543 -5e-5 0.0395075 0.03064543 5e-5 0.03960371 0.03052115 -5e-5 0.03960371 0.03052115 5e-5 0.03969943 0.03039658 -5e-5 0.03969943 0.03039658 5e-5 0.03979474 0.03027153 -5e-5 0.03979474 0.03027153 5e-5 0.03988963 0.03014642 -5e-5 0.03988963 0.03014642 5e-5 0.03998398 0.03002107 -5e-5 0.03998398 0.03002107 5e-5 0.04007828 0.0298953 -5e-5 0.04007828 0.0298953 5e-5 0.04017198 0.02976924 -5e-5 0.04017198 0.02976924 5e-5 0.04026532 0.02964282 -5e-5 0.04026532 0.02964282 5e-5 0.04035818 0.02951622 -5e-5 0.04035818 0.02951622 5e-5 0.04045075 0.02938932 -5e-5 0.04045075 0.02938932 5e-5 0.0405429 0.02926212 -5e-5 0.0405429 0.02926212 5e-5 0.04063463 0.02913457 -5e-5 0.04063463 0.02913457 5e-5 0.04072576 0.0290066 -5e-5 0.04072576 0.0290066 5e-5 0.0408169 0.0288785 -5e-5 0.0408169 0.0288785 5e-5 0.04090738 0.02875036 -5e-5 0.04090738 0.02875036 5e-5 0.0409975 0.02862167 -5e-5 0.0409975 0.02862167 5e-5 0.04108721 0.02849256 -5e-5 0.04108721 0.02849256 5e-5 0.04117637 0.02836352 -5e-5 0.04117637 0.02836352 5e-5 0.04126524 0.028234 -5e-5 0.04126524 0.028234 5e-5 0.04135394 0.02810424 -5e-5 0.04135394 0.02810424 5e-5 0.04144185 0.027974 -5e-5 0.04144185 0.027974 5e-5 0.04152971 0.02784383 -5e-5 0.04152971 0.02784383 5e-5 0.04161679 0.02771306 -5e-5 0.04161679 0.02771306 5e-5 0.04170382 0.02758216 -5e-5 0.04170382 0.02758216 5e-5 0.04179012 0.02745103 -5e-5 0.04179012 0.02745103 5e-5 0.04187613 0.02731961 -5e-5 0.04187613 0.02731961 5e-5 0.04196172 0.02718812 -5e-5 0.04196172 0.02718812 5e-5 0.04204714 0.02705597 -5e-5 0.04204714 0.02705597 5e-5 0.04213196 0.02692389 -5e-5 0.04213196 0.02692389 5e-5 0.0422163 0.02679139 -5e-5 0.0422163 0.02679139 5e-5 0.04230028 0.02665865 -5e-5 0.04230028 0.02665865 5e-5 0.04238379 0.02652543 -5e-5 0.04238379 0.02652543 5e-5 0.04246675 0.02639234 -5e-5 0.04246675 0.02639234 5e-5 0.04254961 0.02625882 -5e-5 0.04254961 0.02625882 5e-5 0.04263192 0.02612501 -5e-5 0.04263192 0.02612501 5e-5 0.04271382 0.0259909 -5e-5 0.04271382 0.0259909 5e-5 0.04279524 0.02585661 -5e-5 0.04279524 0.02585661 5e-5 0.04287624 0.02572184 -5e-5 0.04287624 0.02572184 5e-5 0.04295665 0.0255872 -5e-5 0.04295665 0.0255872 5e-5 0.04303687 0.02545195 -5e-5 0.04303687 0.02545195 5e-5 0.04311662 0.02531677 -5e-5 0.04311662 0.02531677 5e-5 0.04319608 0.02518123 -5e-5 0.04319608 0.02518123 5e-5 0.04327481 0.02504539 -5e-5 0.04327481 0.02504539 5e-5 0.04335331 0.02490913 -5e-5 0.04335331 0.02490913 5e-5 0.04343152 0.024773 -5e-5 0.04343152 0.024773 5e-5 0.04350894 0.0246362 -5e-5 0.04350894 0.0246362 5e-5 0.04358631 0.02449959 -5e-5 0.04358631 0.02449959 5e-5 0.04366308 0.02436256 -5e-5 0.04366308 0.02436256 5e-5 0.04373919 0.02422523 -5e-5 0.04373919 0.02422523 5e-5 0.04381525 0.02408754 -5e-5 0.04381525 0.02408754 5e-5 0.04389071 0.02394992 -5e-5 0.04389071 0.02394992 5e-5 0.04396557 0.02381187 -5e-5 0.04396557 0.02381187 5e-5 0.04404038 0.02367371 -5e-5 0.04404038 0.02367371 5e-5 0.04411453 0.02353525 -5e-5 0.04411453 0.02353525 5e-5 0.04418826 0.02339649 -5e-5 0.04418826 0.02339649 5e-5 0.04426151 0.02325755 -5e-5 0.04426151 0.02325755 5e-5 0.04433435 0.02311843 -5e-5 0.04433435 0.02311843 5e-5 0.04440677 0.02297902 -5e-5 0.04440677 0.02297902 5e-5 0.04447877 0.02283918 -5e-5 0.04447877 0.02283918 5e-5 0.04455024 0.02269953 -5e-5 0.04455024 0.02269953 5e-5 0.04462116 0.02255946 -5e-5 0.04462116 0.02255946 5e-5 0.04469192 0.02241915 -5e-5 0.04469192 0.02241915 5e-5 0.04476225 0.0222786 -5e-5 0.04476225 0.0222786 5e-5 0.04483199 0.02213788 -5e-5 0.04483199 0.02213788 5e-5 0.04490137 0.02199697 -5e-5 0.04490137 0.02199697 5e-5 0.04497021 0.02185577 -5e-5 0.04497021 0.02185577 5e-5 0.04503864 0.02171427 -5e-5 0.04503864 0.02171427 5e-5 0.04510653 0.02157264 -5e-5 0.04510653 0.02157264 5e-5 0.04517424 0.02143085 -5e-5 0.04517424 0.02143085 5e-5 0.04524111 0.02128893 -5e-5 0.04524111 0.02128893 5e-5 0.04530799 0.02114671 -5e-5 0.04530799 0.02114671 5e-5 0.04537421 0.02100414 -5e-5 0.04537421 0.02100414 5e-5 0.04543977 0.02086162 -5e-5 0.04543977 0.02086162 5e-5 0.04550528 0.02071875 -5e-5 0.04550528 0.02071875 5e-5 0.04557013 0.0205757 -5e-5 0.04557013 0.0205757 5e-5 0.04563438 0.02043241 -5e-5 0.04563438 0.02043241 5e-5 0.04569852 0.02028894 -5e-5 0.04569852 0.02028894 5e-5 0.04576206 0.02014511 -5e-5 0.04576206 0.02014511 5e-5 0.04582512 0.02000141 -5e-5 0.04582512 0.02000141 5e-5 0.04588752 0.01985716 -5e-5 0.04588752 0.01985716 5e-5 0.04594969 0.0197131 -5e-5 0.04594969 0.0197131 5e-5 0.04601138 0.01956862 -5e-5 0.04601138 0.01956862 5e-5 0.04607284 0.01942402 -5e-5 0.04607284 0.01942402 5e-5 0.04613345 0.01927918 -5e-5 0.04613345 0.01927918 5e-5 0.04619377 0.0191341 -5e-5 0.04619377 0.0191341 5e-5 0.0462538 0.01898872 -5e-5 0.0462538 0.01898872 5e-5 0.0463131 0.01884353 -5e-5 0.0463131 0.01884353 5e-5 0.04637223 0.01869773 -5e-5 0.04637223 0.01869773 5e-5 0.04643058 0.01855212 -5e-5 0.04643058 0.01855212 5e-5 0.04648882 0.01840615 -5e-5 0.04648882 0.01840615 5e-5 0.04654628 0.01826006 -5e-5 0.04654628 0.01826006 5e-5 0.04660356 0.01811373 -5e-5 0.04660356 0.01811373 5e-5 0.04666024 0.01796722 -5e-5 0.04666024 0.01796722 5e-5 0.04671645 0.01782035 -5e-5 0.04671645 0.01782035 5e-5 0.04677218 0.01767367 -5e-5 0.04677218 0.01767367 5e-5 0.04682749 0.01752644 -5e-5 0.04682749 0.01752644 5e-5 0.04688233 0.01737946 -5e-5 0.04688233 0.01737946 5e-5 0.04693669 0.01723206 -5e-5 0.04693669 0.01723206 5e-5 0.04699057 0.01708436 -5e-5 0.04699057 0.01708436 5e-5 0.04704385 0.01693665 -5e-5 0.04704385 0.01693665 5e-5 0.04709684 0.01678884 -5e-5 0.04709684 0.01678884 5e-5 0.04714936 0.0166409 -5e-5 0.04714936 0.0166409 5e-5 0.04720157 0.01649266 -5e-5 0.04720157 0.01649266 5e-5 0.04725313 0.01634413 -5e-5 0.04725313 0.01634413 5e-5 0.04730427 0.01619577 -5e-5 0.04730427 0.01619577 5e-5 0.04735475 0.01604712 -5e-5 0.04735475 0.01604712 5e-5 0.04740512 0.01589804 -5e-5 0.04740512 0.01589804 5e-5 0.04745483 0.01574921 -5e-5 0.04745483 0.01574921 5e-5 0.04750388 0.0155999 -5e-5 0.04750388 0.0155999 5e-5 0.04755282 0.01545059 -5e-5 0.04755282 0.01545059 5e-5 0.04760116 0.0153011 -5e-5 0.04760116 0.0153011 5e-5 0.04764878 0.01515156 -5e-5 0.04764878 0.01515156 5e-5 0.04769635 0.01500189 -5e-5 0.04769635 0.01500189 5e-5 0.04774326 0.0148518 -5e-5 0.04774326 0.0148518 5e-5 0.04778963 0.0147019 -5e-5 0.04778963 0.0147019 5e-5 0.0478354 0.01455152 -5e-5 0.0478354 0.01455152 5e-5 0.04788088 0.01440113 -5e-5 0.04788088 0.01440113 5e-5 0.04792588 0.01425081 -5e-5 0.04792588 0.01425081 5e-5 0.04797065 0.01410019 -5e-5 0.04797065 0.01410019 5e-5 0.0480147 0.01394945 -5e-5 0.0480147 0.01394945 5e-5 0.04805827 0.01379853 -5e-5 0.04805827 0.01379853 5e-5 0.0481013 0.01364731 -5e-5 0.0481013 0.01364731 5e-5 0.04814404 0.01349622 -5e-5 0.04814404 0.01349622 5e-5 0.04818618 0.01334494 -5e-5 0.04818618 0.01334494 5e-5 0.04822772 0.0131933 -5e-5 0.04822772 0.0131933 5e-5 0.04826909 0.01304191 -5e-5 0.04826909 0.01304191 5e-5 0.0483098 0.01289016 -5e-5 0.0483098 0.01289016 5e-5 0.04834991 0.01273822 -5e-5 0.04834991 0.01273822 5e-5 0.04838985 0.01258641 -5e-5 0.04838985 0.01258641 5e-5 0.04842919 0.01243436 -5e-5 0.04842919 0.01243436 5e-5 0.04846799 0.01228213 -5e-5 0.04846799 0.01228213 5e-5 0.0485062 0.01212978 -5e-5 0.0485062 0.01212978 5e-5 0.04854404 0.01197737 -5e-5 0.04854404 0.01197737 5e-5 0.0485816 0.0118246 -5e-5 0.0485816 0.0118246 5e-5 0.04861843 0.01167196 -5e-5 0.04861843 0.01167196 5e-5 0.04865491 0.01151931 -5e-5 0.04865491 0.01151931 5e-5 0.04869091 0.01136618 -5e-5 0.04869091 0.01136618 5e-5 0.04872632 0.01121336 -5e-5 0.04872632 0.01121336 5e-5 0.04876118 0.01106005 -5e-5 0.04876118 0.01106005 5e-5 0.0487957 0.01090699 -5e-5 0.0487957 0.01090699 5e-5 0.04882985 0.01075363 -5e-5 0.04882985 0.01075363 5e-5 0.04886341 0.01060009 -5e-5 0.04886341 0.01060009 5e-5 0.04889649 0.01044642 -5e-5 0.04889649 0.01044642 5e-5 0.04892885 0.01029276 -5e-5 0.04892885 0.01029276 5e-5 0.04896116 0.01013898 -5e-5 0.04896116 0.01013898 5e-5 0.04899275 0.009985327 -5e-5 0.04899275 0.009985327 5e-5 0.04902368 0.009831368 -5e-5 0.04902368 0.009831368 5e-5 0.04905456 0.00967729 -5e-5 0.04905456 0.00967729 5e-5 0.04908472 0.009523093 -5e-5 0.04908472 0.009523093 5e-5 0.04911416 0.009368836 -5e-5 0.04911416 0.009368836 5e-5 0.04914355 0.00921452 -5e-5 0.04914355 0.00921452 5e-5 0.04917228 0.009060084 -5e-5 0.04917228 0.009060084 5e-5 0.04920047 0.008905529 -5e-5 0.04920047 0.008905529 5e-5 0.04922825 0.008750915 -5e-5 0.04922825 0.008750915 5e-5 0.04925549 0.008596241 -5e-5 0.04925549 0.008596241 5e-5 0.04928225 0.008441448 -5e-5 0.04928225 0.008441448 5e-5 0.04930835 0.008286595 -5e-5 0.04930835 0.008286595 5e-5 0.0493341 0.008131623 -5e-5 0.0493341 0.008131623 5e-5 0.04935956 0.007976591 -5e-5 0.04935956 0.007976591 5e-5 0.04938441 0.0078215 -5e-5 0.04938441 0.0078215 5e-5 0.04940873 0.00766623 -5e-5 0.04940873 0.00766623 5e-5 0.04943239 0.00751096 -5e-5 0.04943239 0.00751096 5e-5 0.04945594 0.00735569 -5e-5 0.04945594 0.00735569 5e-5 0.04947865 0.0072003 -5e-5 0.04947865 0.0072003 5e-5 0.04950118 0.007044792 -5e-5 0.04950118 0.007044792 5e-5 0.04952299 0.006889224 -5e-5 0.04952299 0.006889224 5e-5 0.04954445 0.006733596 -5e-5 0.04954445 0.006733596 5e-5 0.04956537 0.006577908 -5e-5 0.04956537 0.006577908 5e-5 0.0495857 0.006422162 -5e-5 0.0495857 0.006422162 5e-5 0.04960554 0.006266415 -5e-5 0.04960554 0.006266415 5e-5 0.04962497 0.006110489 -5e-5 0.04962497 0.006110489 5e-5 0.04964411 0.005954623 -5e-5 0.04964411 0.005954623 5e-5 0.04966259 0.005798578 -5e-5 0.04966259 0.005798578 5e-5 0.04968059 0.005642533 -5e-5 0.04968059 0.005642533 5e-5 0.04969805 0.005486369 -5e-5 0.04969805 0.005486369 5e-5 0.04971504 0.005330204 -5e-5 0.04971504 0.005330204 5e-5 0.04973155 0.0051741 -5e-5 0.04973155 0.0051741 5e-5 0.04974734 0.005017817 -5e-5 0.04974734 0.005017817 5e-5 0.04976308 0.004861474 -5e-5 0.04976308 0.004861474 5e-5 0.0497781 0.004705131 -5e-5 0.0497781 0.004705131 5e-5 0.04979246 0.004548728 -5e-5 0.04979246 0.004548728 5e-5 0.04980665 0.004392266 -5e-5 0.04980665 0.004392266 5e-5 0.04982024 0.004235804 -5e-5 0.04982024 0.004235804 5e-5 0.04983311 0.004079163 -5e-5 0.04983311 0.004079163 5e-5 0.04984587 0.003922641 -5e-5 0.04984587 0.003922641 5e-5 0.04985791 0.003766 -5e-5 0.04985791 0.003766 5e-5 0.04986935 0.003609359 -5e-5 0.04986935 0.003609359 5e-5 0.04988062 0.003452718 -5e-5 0.04988062 0.003452718 5e-5 0.04989123 0.003295958 -5e-5 0.04989123 0.003295958 5e-5 0.04990112 0.003139138 -5e-5 0.04990112 0.003139138 5e-5 0.04991096 0.002982378 -5e-5 0.04991096 0.002982378 5e-5 0.04992008 0.002825558 -5e-5 0.04992008 0.002825558 5e-5 0.04992872 0.002668738 -5e-5 0.04992872 0.002668738 5e-5 0.04993683 0.002511858 -5e-5 0.04993683 0.002511858 5e-5 0.04994446 0.002354979 -5e-5 0.04994446 0.002354979 5e-5 0.04995161 0.0021981 -5e-5 0.04995161 0.0021981 5e-5 0.0499581 0.002041161 -5e-5 0.0499581 0.002041161 5e-5 0.0499643 0.001884162 -5e-5 0.0499643 0.001884162 5e-5 0.04997009 0.001727223 -5e-5 0.04997009 0.001727223 5e-5 0.04997515 0.001570165 -5e-5 0.04997515 0.001570165 5e-5 0.04997998 0.001413226 -5e-5 0.04997998 0.001413226 5e-5 0.04998403 0.001256108 -5e-5 0.04998403 0.001256108 5e-5 0.04998791 0.00109905 -5e-5 0.04998791 0.00109905 5e-5 0.04999113 9.42113e-4 -5e-5 0.04999113 9.42113e-4 5e-5 0.04999381 7.85054e-4 -5e-5 0.04999381 7.85054e-4 5e-5 0.04999583 6.27988e-4 -5e-5 0.04999583 6.27988e-4 5e-5 0.04999756 4.70915e-4 -5e-5 0.04999756 4.70915e-4 5e-5 0.04999881 3.13838e-4 -5e-5 0.04999881 3.13838e-4 5e-5 0.04999971 1.56758e-4 -5e-5 0.04999971 1.56758e-4 5e-5 0.04999995 -3.24051e-7 -5e-5 0.04999995 -3.24051e-7 5e-5 0.04999971 -1.57406e-4 -5e-5 0.04999971 -1.57406e-4 5e-5 0.04999881 -3.14486e-4 -5e-5 0.04999881 -3.14486e-4 5e-5 0.04999756 -4.71563e-4 -5e-5 0.04999756 -4.71563e-4 5e-5 0.04999583 -6.28636e-4 -5e-5 0.04999583 -6.28636e-4 5e-5 0.04999381 -7.85702e-4 -5e-5 0.04999381 -7.85702e-4 5e-5 0.04999107 -9.42761e-4 -5e-5 0.04999107 -9.42761e-4 5e-5 0.04998785 -0.001099765 -5e-5 0.04998785 -0.001099765 5e-5 0.04998397 -0.001256704 -5e-5 0.04998397 -0.001256704 5e-5 0.04997998 -0.001413822 -5e-5 0.04997998 -0.001413822 5e-5 0.04997509 -0.00157088 -5e-5 0.04997509 -0.00157088 5e-5 0.04997009 -0.001727879 -5e-5 0.04997009 -0.001727879 5e-5 0.04996424 -0.001884818 -5e-5 0.04996424 -0.001884818 5e-5 0.0499581 -0.002041757 -5e-5 0.0499581 -0.002041757 5e-5 0.04995161 -0.002198696 -5e-5 0.04995161 -0.002198696 5e-5 0.04994446 -0.002355635 -5e-5 0.04994446 -0.002355635 5e-5 0.04993683 -0.002512574 -5e-5 0.04993683 -0.002512574 5e-5 0.04992866 -0.002669394 -5e-5 0.04992866 -0.002669394 5e-5 0.04992002 -0.002826273 -5e-5 0.04992002 -0.002826273 5e-5 0.0499109 -0.002983093 -5e-5 0.0499109 -0.002983093 5e-5 0.04990112 -0.003139853 -5e-5 0.04990112 -0.003139853 5e-5 0.04989117 -0.003296554 -5e-5 0.04989117 -0.003296554 5e-5 0.04988056 -0.003453314 -5e-5 0.04988056 -0.003453314 5e-5 0.04986929 -0.003609955 -5e-5 0.04986929 -0.003609955 5e-5 0.04985791 -0.003766655 -5e-5 0.04985791 -0.003766655 5e-5 0.04984581 -0.003923237 -5e-5 0.04984581 -0.003923237 5e-5 0.04983305 -0.004079878 -5e-5 0.04983305 -0.004079878 5e-5 0.04982018 -0.0042364 -5e-5 0.04982018 -0.0042364 5e-5 0.04980659 -0.004392862 -5e-5 0.04980659 -0.004392862 5e-5 0.0497924 -0.004549384 -5e-5 0.0497924 -0.004549384 5e-5 0.04977804 -0.004705727 -5e-5 0.04977804 -0.004705727 5e-5 0.04976302 -0.00486207 -5e-5 0.04976302 -0.00486207 5e-5 0.04974728 -0.005018413 -5e-5 0.04974728 -0.005018413 5e-5 0.04973149 -0.005174696 -5e-5 0.04973149 -0.005174696 5e-5 0.04971498 -0.00533092 -5e-5 0.04971498 -0.00533092 5e-5 0.04969799 -0.005487084 -5e-5 0.04969799 -0.005487084 5e-5 0.04968047 -0.005643129 -5e-5 0.04968047 -0.005643129 5e-5 0.04966253 -0.005799174 -5e-5 0.04966253 -0.005799174 5e-5 0.04964405 -0.005955219 -5e-5 0.04964405 -0.005955219 5e-5 0.04962491 -0.006111145 -5e-5 0.04962491 -0.006111145 5e-5 0.04960548 -0.006267011 -5e-5 0.04960548 -0.006267011 5e-5 0.0495857 -0.006422877 -5e-5 0.0495857 -0.006422877 5e-5 0.04956531 -0.006578624 -5e-5 0.04956531 -0.006578624 5e-5 0.04954439 -0.006734251 -5e-5 0.04954439 -0.006734251 5e-5 0.04952281 -0.006889939 -5e-5 0.04952281 -0.006889939 5e-5 0.04950112 -0.007045388 -5e-5 0.04950112 -0.007045388 5e-5 0.04947865 -0.007200956 -5e-5 0.04947865 -0.007200956 5e-5 0.04945588 -0.007356286 -5e-5 0.04945588 -0.007356286 5e-5 0.04943233 -0.007511675 -5e-5 0.04943233 -0.007511675 5e-5 0.04940867 -0.007666945 -5e-5 0.04940867 -0.007666945 5e-5 0.04938411 -0.007822155 -5e-5 0.04938411 -0.007822155 5e-5 0.0493595 -0.007977247 -5e-5 0.0493595 -0.007977247 5e-5 0.04933404 -0.008132278 -5e-5 0.04933404 -0.008132278 5e-5 0.0493083 -0.00828725 -5e-5 0.0493083 -0.00828725 5e-5 0.04928213 -0.008442103 -5e-5 0.04928213 -0.008442103 5e-5 0.04925537 -0.008596897 -5e-5 0.04925537 -0.008596897 5e-5 0.04922813 -0.008751571 -5e-5 0.04922813 -0.008751571 5e-5 0.04920017 -0.008906185 -5e-5 0.04920017 -0.008906185 5e-5 0.04917216 -0.00906074 -5e-5 0.04917216 -0.00906074 5e-5 0.04914343 -0.009215176 -5e-5 0.04914343 -0.009215176 5e-5 0.04911404 -0.009369492 -5e-5 0.04911404 -0.009369492 5e-5 0.04908454 -0.009523749 -5e-5 0.04908454 -0.009523749 5e-5 0.04905438 -0.009677886 -5e-5 0.04905438 -0.009677886 5e-5 0.04902356 -0.009831964 -5e-5 0.04902356 -0.009831964 5e-5 0.04899263 -0.009985923 -5e-5 0.04899263 -0.009985923 5e-5 0.04896104 -0.01013982 -5e-5 0.04896104 -0.01013982 5e-5 0.04892873 -0.0102936 -5e-5 0.04892873 -0.0102936 5e-5 0.04889637 -0.01044726 -5e-5 0.04889637 -0.01044726 5e-5 0.04886329 -0.01060062 -5e-5 0.04886329 -0.01060062 5e-5 0.04882973 -0.0107541 -5e-5 0.04882973 -0.0107541 5e-5 0.0487957 -0.01090759 -5e-5 0.0487957 -0.01090759 5e-5 0.04876101 -0.01106089 -5e-5 0.04876101 -0.01106089 5e-5 0.0487262 -0.01121383 -5e-5 0.0487262 -0.01121383 5e-5 0.04869055 -0.01136702 -5e-5 0.04869055 -0.01136702 5e-5 0.04865479 -0.01151978 -5e-5 0.04865479 -0.01151978 5e-5 0.04861819 -0.01167255 -5e-5 0.04861819 -0.01167255 5e-5 0.04858142 -0.01182544 -5e-5 0.04858142 -0.01182544 5e-5 0.04854393 -0.01197797 -5e-5 0.04854393 -0.01197797 5e-5 0.0485062 -0.01213032 -5e-5 0.0485062 -0.01213032 5e-5 0.04846781 -0.0122826 -5e-5 0.04846781 -0.0122826 5e-5 0.04842901 -0.01243484 -5e-5 0.04842901 -0.01243484 5e-5 0.04838967 -0.01258707 -5e-5 0.04838967 -0.01258707 5e-5 0.04834973 -0.012739 -5e-5 0.04834973 -0.012739 5e-5 0.04830968 -0.01289069 -5e-5 0.04830968 -0.01289069 5e-5 0.04826891 -0.01304239 -5e-5 0.04826891 -0.01304239 5e-5 0.04822754 -0.01319414 -5e-5 0.04822754 -0.01319414 5e-5 0.048186 -0.01334542 -5e-5 0.048186 -0.01334542 5e-5 0.04814386 -0.01349675 -5e-5 0.04814386 -0.01349675 5e-5 0.048101 -0.01364809 -5e-5 0.048101 -0.01364809 5e-5 0.04805809 -0.01379913 -5e-5 0.04805809 -0.01379913 5e-5 0.04801452 -0.01394999 -5e-5 0.04801452 -0.01394999 5e-5 0.04797047 -0.01410079 -5e-5 0.04797047 -0.01410079 5e-5 0.04792577 -0.01425147 -5e-5 0.04792577 -0.01425147 5e-5 0.0478807 -0.01440197 -5e-5 0.0478807 -0.01440197 5e-5 0.04783535 -0.01455211 -5e-5 0.04783535 -0.01455211 5e-5 0.04778945 -0.01470232 -5e-5 0.04778945 -0.01470232 5e-5 0.04774302 -0.01485258 -5e-5 0.04774302 -0.01485258 5e-5 0.04769611 -0.01500231 -5e-5 0.04769611 -0.01500231 5e-5 0.0476486 -0.01515209 -5e-5 0.0476486 -0.01515209 5e-5 0.04760092 -0.01530188 -5e-5 0.04760092 -0.01530188 5e-5 0.04755264 -0.01545137 -5e-5 0.04755264 -0.01545137 5e-5 0.04750365 -0.01560068 -5e-5 0.04750365 -0.01560068 5e-5 0.04745453 -0.01574987 -5e-5 0.04745453 -0.01574987 5e-5 0.04740488 -0.01589888 -5e-5 0.04740488 -0.01589888 5e-5 0.04735451 -0.01604771 -5e-5 0.04735451 -0.01604771 5e-5 0.04730403 -0.01619637 -5e-5 0.04730403 -0.01619637 5e-5 0.04725295 -0.0163449 -5e-5 0.04725295 -0.0163449 5e-5 0.04720127 -0.01649332 -5e-5 0.04720127 -0.01649332 5e-5 0.0471493 -0.01664131 -5e-5 0.0471493 -0.01664131 5e-5 0.04709661 -0.01678955 -5e-5 0.04709661 -0.01678955 5e-5 0.0470438 -0.01693743 -5e-5 0.0470438 -0.01693743 5e-5 0.04699039 -0.01708513 -5e-5 0.04699039 -0.01708513 5e-5 0.04693645 -0.01723259 -5e-5 0.04693645 -0.01723259 5e-5 0.04688209 -0.01737987 -5e-5 0.04688209 -0.01737987 5e-5 0.04682707 -0.01752728 -5e-5 0.04682707 -0.01752728 5e-5 0.04677194 -0.01767408 -5e-5 0.04677194 -0.01767408 5e-5 0.04671621 -0.01782113 -5e-5 0.04671621 -0.01782113 5e-5 0.04665982 -0.01796782 -5e-5 0.04665982 -0.01796782 5e-5 0.04660332 -0.01811414 -5e-5 0.04660332 -0.01811414 5e-5 0.04654616 -0.01826047 -5e-5 0.04654616 -0.01826047 5e-5 0.04648858 -0.01840662 -5e-5 0.04648858 -0.01840662 5e-5 0.04643034 -0.01855272 -5e-5 0.04643034 -0.01855272 5e-5 0.04637181 -0.01869851 -5e-5 0.04637181 -0.01869851 5e-5 0.04631286 -0.01884394 -5e-5 0.04631286 -0.01884394 5e-5 0.04625362 -0.0189895 -5e-5 0.04625362 -0.0189895 5e-5 0.04619354 -0.0191347 -5e-5 0.04619354 -0.0191347 5e-5 0.04613322 -0.01927959 -5e-5 0.04613322 -0.01927959 5e-5 0.0460726 -0.01942443 -5e-5 0.0460726 -0.01942443 5e-5 0.04601114 -0.01956903 -5e-5 0.04601114 -0.01956903 5e-5 0.04594945 -0.01971364 -5e-5 0.04594945 -0.01971364 5e-5 0.04588747 -0.01985794 -5e-5 0.04588747 -0.01985794 5e-5 0.04582464 -0.02000182 -5e-5 0.04582464 -0.02000182 5e-5 0.04576176 -0.02014589 -5e-5 0.04576176 -0.02014589 5e-5 0.04569828 -0.02028954 -5e-5 0.04569828 -0.02028954 5e-5 0.04563421 -0.02043282 -5e-5 0.04563421 -0.02043282 5e-5 0.04556971 -0.02057611 -5e-5 0.04556971 -0.02057611 5e-5 0.0455048 -0.02071923 -5e-5 0.0455048 -0.02071923 5e-5 0.04543966 -0.02086222 -5e-5 0.04543966 -0.02086222 5e-5 0.04537373 -0.02100485 -5e-5 0.04537373 -0.02100485 5e-5 0.04530751 -0.02114731 -5e-5 0.04530751 -0.02114731 5e-5 0.04524087 -0.02128934 -5e-5 0.04524087 -0.02128934 5e-5 0.04517394 -0.02143156 -5e-5 0.04517394 -0.02143156 5e-5 0.04510641 -0.02157336 -5e-5 0.04510641 -0.02157336 5e-5 0.0450384 -0.02171498 -5e-5 0.0450384 -0.02171498 5e-5 0.04496979 -0.02185618 -5e-5 0.04496979 -0.02185618 5e-5 0.04490107 -0.02199751 -5e-5 0.04490107 -0.02199751 5e-5 0.04483175 -0.02213847 -5e-5 0.04483175 -0.02213847 5e-5 0.04476177 -0.0222792 -5e-5 0.04476177 -0.0222792 5e-5 0.04469174 -0.02241975 -5e-5 0.04469174 -0.02241975 5e-5 0.04462105 -0.02256006 -5e-5 0.04462105 -0.02256006 5e-5 0.04455 -0.02270013 -5e-5 0.04455 -0.02270013 5e-5 0.04447829 -0.02283996 -5e-5 0.04447829 -0.02283996 5e-5 0.04440647 -0.02297937 -5e-5 0.04440647 -0.02297937 5e-5 0.04433405 -0.02311897 -5e-5 0.04433405 -0.02311897 5e-5 0.04426103 -0.02325809 -5e-5 0.04426103 -0.02325809 5e-5 0.0441879 -0.0233969 -5e-5 0.0441879 -0.0233969 5e-5 0.04411423 -0.0235356 -5e-5 0.04411423 -0.0235356 5e-5 0.04404002 -0.02367419 -5e-5 0.04404002 -0.02367419 5e-5 0.04396528 -0.02381253 -5e-5 0.04396528 -0.02381253 5e-5 0.04389023 -0.02395033 -5e-5 0.04389023 -0.02395033 5e-5 0.04381477 -0.02408826 -5e-5 0.04381477 -0.02408826 5e-5 0.04373908 -0.02422583 -5e-5 0.04373908 -0.02422583 5e-5 0.04366254 -0.0243631 -5e-5 0.04366254 -0.0243631 5e-5 0.04358583 -0.02450013 -5e-5 0.04358583 -0.02450013 5e-5 0.04350864 -0.02463698 -5e-5 0.04350864 -0.02463698 5e-5 0.04343122 -0.02477335 -5e-5 0.04343122 -0.02477335 5e-5 0.04335314 -0.02490985 -5e-5 0.04335314 -0.02490985 5e-5 0.0432747 -0.02504593 -5e-5 0.0432747 -0.02504593 5e-5 0.04319578 -0.02518177 -5e-5 0.04319578 -0.02518177 5e-5 0.04311645 -0.02531737 -5e-5 0.04311645 -0.02531737 5e-5 0.04303658 -0.02545267 -5e-5 0.04303658 -0.02545267 5e-5 0.04295653 -0.02558755 -5e-5 0.04295653 -0.02558755 5e-5 0.04287588 -0.02572256 -5e-5 0.04287588 -0.02572256 5e-5 0.04279488 -0.02585715 -5e-5 0.04279488 -0.02585715 5e-5 0.04271346 -0.02599138 -5e-5 0.04271346 -0.02599138 5e-5 0.04263138 -0.02612555 -5e-5 0.04263138 -0.02612555 5e-5 0.04254931 -0.02625936 -5e-5 0.04254931 -0.02625936 5e-5 0.04246658 -0.02639269 -5e-5 0.04246658 -0.02639269 5e-5 0.04238349 -0.02652615 -5e-5 0.04238349 -0.02652615 5e-5 0.04229974 -0.02665919 -5e-5 0.04229974 -0.02665919 5e-5 0.04221594 -0.02679193 -5e-5 0.04221594 -0.02679193 5e-5 0.0421316 -0.02692443 -5e-5 0.0421316 -0.02692443 5e-5 0.04204672 -0.02705669 -5e-5 0.04204672 -0.02705669 5e-5 0.04196161 -0.02718847 -5e-5 0.04196161 -0.02718847 5e-5 0.04187577 -0.02732032 -5e-5 0.04187577 -0.02732032 5e-5 0.04178977 -0.02745175 -5e-5 0.04178977 -0.02745175 5e-5 0.04170346 -0.02758294 -5e-5 0.04170346 -0.02758294 5e-5 0.04161643 -0.02771377 -5e-5 0.04161643 -0.02771377 5e-5 0.04152917 -0.02784425 -5e-5 0.04152917 -0.02784425 5e-5 0.0414415 -0.02797472 -5e-5 0.0414415 -0.02797472 5e-5 0.04135358 -0.02810478 -5e-5 0.04135358 -0.02810478 5e-5 0.04126507 -0.0282346 -5e-5 0.04126507 -0.0282346 5e-5 0.04117614 -0.02836406 -5e-5 0.04117614 -0.02836406 5e-5 0.04108685 -0.02849328 -5e-5 0.04108685 -0.02849328 5e-5 0.04099696 -0.02862221 -5e-5 0.04099696 -0.02862221 5e-5 0.04090702 -0.02875083 -5e-5 0.04090702 -0.02875083 5e-5 0.0408163 -0.02887928 -5e-5 0.0408163 -0.02887928 5e-5 0.04072535 -0.02900737 -5e-5 0.04072535 -0.02900737 5e-5 0.04063421 -0.02913498 -5e-5 0.04063421 -0.02913498 5e-5 0.04054248 -0.02926266 -5e-5 0.04054248 -0.02926266 5e-5 0.04045033 -0.02938973 -5e-5 0.04045033 -0.02938973 5e-5 0.04035764 -0.02951681 -5e-5 0.04035764 -0.02951681 5e-5 0.0402649 -0.02964347 -5e-5 0.0402649 -0.02964347 5e-5 0.04017156 -0.02976965 -5e-5 0.04017156 -0.02976965 5e-5 0.04007786 -0.0298959 -5e-5 0.04007786 -0.0298959 5e-5 0.03998363 -0.03002148 -5e-5 0.03998363 -0.03002148 5e-5 0.03988903 -0.03014713 -5e-5 0.03988903 -0.03014713 5e-5 0.03979408 -0.0302723 -5e-5 0.03979408 -0.0302723 5e-5 0.03969883 -0.03039699 -5e-5 0.03969883 -0.03039699 5e-5 0.03960329 -0.03052169 -5e-5 0.03960329 -0.03052169 5e-5 0.03950721 -0.03064578 -5e-5 0.03950721 -0.03064578 5e-5 0.03941071 -0.03076994 -5e-5 0.03941071 -0.03076994 5e-5 0.03931385 -0.03089362 -5e-5 0.03931385 -0.03089362 5e-5 0.03921645 -0.03101694 -5e-5 0.03921645 -0.03101694 5e-5 0.039119 -0.03113991 -5e-5 0.039119 -0.03113991 5e-5 0.03902089 -0.03126275 -5e-5 0.03902089 -0.03126275 5e-5 0.03892236 -0.03138518 -5e-5 0.03892236 -0.03138518 5e-5 0.03882378 -0.03150731 -5e-5 0.03882378 -0.03150731 5e-5 0.0387246 -0.03162914 -5e-5 0.0387246 -0.03162914 5e-5 0.03862506 -0.0317505 -5e-5 0.03862506 -0.0317505 5e-5 0.0385251 -0.03187185 -5e-5 0.0385251 -0.03187185 5e-5 0.03842473 -0.03199273 -5e-5 0.03842473 -0.03199273 5e-5 0.03832387 -0.03211325 -5e-5 0.03832387 -0.03211325 5e-5 0.03822278 -0.03223335 -5e-5 0.03822278 -0.03223335 5e-5 0.03812152 -0.03235346 -5e-5 0.03812152 -0.03235346 5e-5 0.03801953 -0.03247284 -5e-5 0.03801953 -0.03247284 5e-5 0.03791749 -0.03259211 -5e-5 0.03791749 -0.03259211 5e-5 0.03781491 -0.03271108 -5e-5 0.03781491 -0.03271108 5e-5 0.03771179 -0.03282994 -5e-5 0.03771179 -0.03282994 5e-5 0.03760862 -0.03294819 -5e-5 0.03760862 -0.03294819 5e-5 0.03750497 -0.03306621 -5e-5 0.03750497 -0.03306621 5e-5 0.0374009 -0.03318387 -5e-5 0.0374009 -0.03318387 5e-5 0.03729647 -0.03330123 -5e-5 0.03729647 -0.03330123 5e-5 0.03719151 -0.03341805 -5e-5 0.03719151 -0.03341805 5e-5 0.0370863 -0.03353494 -5e-5 0.0370863 -0.03353494 5e-5 0.03698074 -0.03365129 -5e-5 0.03698074 -0.03365129 5e-5 0.03687489 -0.03376728 -5e-5 0.03687489 -0.03376728 5e-5 0.03676873 -0.03388291 -5e-5 0.03676873 -0.03388291 5e-5 0.03666216 -0.03399831 -5e-5 0.03666216 -0.03399831 5e-5 0.03655511 -0.03411316 -5e-5 0.03655511 -0.03411316 5e-5 0.03644776 -0.03422778 -5e-5 0.03644776 -0.03422778 5e-5 0.03633987 -0.03434216 -5e-5 0.03633987 -0.03434216 5e-5 0.03623199 -0.03445631 -5e-5 0.03623199 -0.03445631 5e-5 0.03612357 -0.03456979 -5e-5 0.03612357 -0.03456979 5e-5 0.03601479 -0.0346831 -5e-5 0.03601479 -0.0346831 5e-5 0.03590548 -0.03479611 -5e-5 0.03590548 -0.03479611 5e-5 0.0357961 -0.03490889 -5e-5 0.0357961 -0.03490889 5e-5 0.03568631 -0.035021 -5e-5 0.03568631 -0.035021 5e-5 0.0355761 -0.03513312 -5e-5 0.0355761 -0.03513312 5e-5 0.03546535 -0.0352447 -5e-5 0.03546535 -0.0352447 5e-5 0.03535467 -0.03535598 -5e-5 0.03535467 -0.03535598 5e-5 0.03524339 -0.03546679 -5e-5 0.03524339 -0.03546679 5e-5 0.03513181 -0.03557723 -5e-5 0.03513181 -0.03557723 5e-5 0.03501987 -0.03568756 -5e-5 0.03501987 -0.03568756 5e-5 0.03490746 -0.03579729 -5e-5 0.03490746 -0.03579729 5e-5 0.03479474 -0.03590697 -5e-5 0.03479474 -0.03590697 5e-5 0.03468179 -0.03601592 -5e-5 0.03468179 -0.03601592 5e-5 0.03456848 -0.03612488 -5e-5 0.03456848 -0.03612488 5e-5 0.034455 -0.03623312 -5e-5 0.034455 -0.03623312 5e-5 0.03434079 -0.03634119 -5e-5 0.03434079 -0.03634119 5e-5 0.03422647 -0.03644907 -5e-5 0.03422647 -0.03644907 5e-5 0.03411179 -0.03655642 -5e-5 0.03411179 -0.03655642 5e-5 0.03399688 -0.03666341 -5e-5 0.03399688 -0.03666341 5e-5 0.0338816 -0.03676986 -5e-5 0.0338816 -0.03676986 5e-5 0.03376591 -0.03687626 -5e-5 0.03376591 -0.03687626 5e-5 0.03364986 -0.03698199 -5e-5 0.03364986 -0.03698199 5e-5 0.03353351 -0.03708755 -5e-5 0.03353351 -0.03708755 5e-5 0.03341668 -0.03719288 -5e-5 0.03341668 -0.03719288 5e-5 0.03329986 -0.03729748 -5e-5 0.03329986 -0.03729748 5e-5 0.0331825 -0.03740209 -5e-5 0.0331825 -0.03740209 5e-5 0.03306484 -0.03750616 -5e-5 0.03306484 -0.03750616 5e-5 0.03294682 -0.03760987 -5e-5 0.03294682 -0.03760987 5e-5 0.03282845 -0.03771317 -5e-5 0.03282845 -0.03771317 5e-5 0.03270971 -0.03781598 -5e-5 0.03270971 -0.03781598 5e-5 0.03259074 -0.03791856 -5e-5 0.03259074 -0.03791856 5e-5 0.03247141 -0.03802073 -5e-5 0.03247141 -0.03802073 5e-5 0.03235203 -0.03812277 -5e-5 0.03235203 -0.03812277 5e-5 0.03223192 -0.03822422 -5e-5 0.03223192 -0.03822422 5e-5 0.03211182 -0.03832525 -5e-5 0.03211182 -0.03832525 5e-5 0.0319913 -0.03842598 -5e-5 0.0319913 -0.03842598 5e-5 0.03187042 -0.03852611 -5e-5 0.03187042 -0.03852611 5e-5 0.03174901 -0.03862619 -5e-5 0.03174901 -0.03862619 5e-5 0.03162771 -0.03872579 -5e-5 0.03162771 -0.03872579 5e-5 0.03150588 -0.03882473 -5e-5 0.03150588 -0.03882473 5e-5 0.03138375 -0.03892374 -5e-5 0.03138375 -0.03892374 5e-5 0.03126132 -0.03902196 -5e-5 0.03126132 -0.03902196 5e-5 0.03113842 -0.03911995 -5e-5 0.03113842 -0.03911995 5e-5 0.03101551 -0.03921777 -5e-5 0.03101551 -0.03921777 5e-5 0.03089213 -0.03931504 -5e-5 0.03089213 -0.03931504 5e-5 0.03076851 -0.0394119 -5e-5 0.03076851 -0.0394119 5e-5 0.03064453 -0.03950834 -5e-5 0.03064453 -0.03950834 5e-5 0.03052026 -0.03960436 -5e-5 0.03052026 -0.03960436 5e-5 0.0303955 -0.03970015 -5e-5 0.0303955 -0.03970015 5e-5 0.03027081 -0.03979521 -5e-5 0.03027081 -0.03979521 5e-5 0.03014564 -0.03989017 -5e-5 0.03014564 -0.03989017 5e-5 0.03001999 -0.03998482 -5e-5 0.03001999 -0.03998482 5e-5 0.02989441 -0.04007875 -5e-5 0.02989441 -0.04007875 5e-5 0.02976816 -0.04017251 -5e-5 0.02976816 -0.04017251 5e-5 0.02964198 -0.04026579 -5e-5 0.02964198 -0.04026579 5e-5 0.02951532 -0.0403589 -5e-5 0.02951532 -0.0403589 5e-5 0.02938818 -0.04045128 -5e-5 0.02938818 -0.04045128 5e-5 0.02926117 -0.04054337 -5e-5 0.02926117 -0.04054337 5e-5 0.02913343 -0.0406351 -5e-5 0.02913343 -0.0406351 5e-5 0.02900582 -0.0407266 -5e-5 0.02900582 -0.0407266 5e-5 0.02887773 -0.04081737 -5e-5 0.02887773 -0.04081737 5e-5 0.02874916 -0.04090791 -5e-5 0.02874916 -0.04090791 5e-5 0.02862066 -0.04099822 -5e-5 0.02862066 -0.04099822 5e-5 0.02849179 -0.04108786 -5e-5 0.02849179 -0.04108786 5e-5 0.02836251 -0.04117721 -5e-5 0.02836251 -0.04117721 5e-5 0.02823305 -0.04126614 -5e-5 0.02823305 -0.04126614 5e-5 0.02810323 -0.04135441 -5e-5 0.02810323 -0.04135441 5e-5 0.02797317 -0.04144269 -5e-5 0.02797317 -0.04144269 5e-5 0.02784276 -0.04153037 -5e-5 0.02784276 -0.04153037 5e-5 0.02771222 -0.04161763 -5e-5 0.02771222 -0.04161763 5e-5 0.02758139 -0.04170429 -5e-5 0.02758139 -0.04170429 5e-5 0.0274502 -0.04179096 -5e-5 0.0274502 -0.04179096 5e-5 0.02731877 -0.04187697 -5e-5 0.02731877 -0.04187697 5e-5 0.02718693 -0.04196262 -5e-5 0.02718693 -0.04196262 5e-5 0.02705514 -0.04204761 -5e-5 0.02705514 -0.04204761 5e-5 0.02692288 -0.04213243 -5e-5 0.02692288 -0.04213243 5e-5 0.02679038 -0.04221677 -5e-5 0.02679038 -0.04221677 5e-5 0.02665764 -0.04230082 -5e-5 0.02665764 -0.04230082 5e-5 0.0265246 -0.04238426 -5e-5 0.0265246 -0.04238426 5e-5 0.02639114 -0.04246759 -5e-5 0.02639114 -0.04246759 5e-5 0.02625775 -0.04255008 -5e-5 0.02625775 -0.04255008 5e-5 0.02612394 -0.04263252 -5e-5 0.02612394 -0.04263252 5e-5 0.02598989 -0.04271423 -5e-5 0.02598989 -0.04271423 5e-5 0.02585554 -0.04279571 -5e-5 0.02585554 -0.04279571 5e-5 0.02572101 -0.04287678 -5e-5 0.02572101 -0.04287678 5e-5 0.025586 -0.04295748 -5e-5 0.025586 -0.04295748 5e-5 0.02545106 -0.04303765 -5e-5 0.02545106 -0.04303765 5e-5 0.02531576 -0.0431174 -5e-5 0.02531576 -0.0431174 5e-5 0.02518016 -0.04319655 -5e-5 0.02518016 -0.04319655 5e-5 0.02504432 -0.04327559 -5e-5 0.02504432 -0.04327559 5e-5 0.02490824 -0.04335409 -5e-5 0.02490824 -0.04335409 5e-5 0.02477174 -0.04343193 -5e-5 0.02477174 -0.04343193 5e-5 0.02463537 -0.04350972 -5e-5 0.02463537 -0.04350972 5e-5 0.02449852 -0.04358685 -5e-5 0.02449852 -0.04358685 5e-5 0.02436149 -0.04366368 -5e-5 0.02436149 -0.04366368 5e-5 0.02422416 -0.04373997 -5e-5 0.02422416 -0.04373997 5e-5 0.02408665 -0.04381585 -5e-5 0.02408665 -0.04381585 5e-5 0.02394872 -0.04389131 -5e-5 0.02394872 -0.04389131 5e-5 0.02381086 -0.04396635 -5e-5 0.02381086 -0.04396635 5e-5 0.02367264 -0.04404073 -5e-5 0.02367264 -0.04404073 5e-5 0.02353399 -0.04411488 -5e-5 0.02353399 -0.04411488 5e-5 0.02339524 -0.04418861 -5e-5 0.02339524 -0.04418861 5e-5 0.02325648 -0.04426211 -5e-5 0.02325648 -0.04426211 5e-5 0.0231173 -0.04433476 -5e-5 0.0231173 -0.04433476 5e-5 0.02297776 -0.04440712 -5e-5 0.02297776 -0.04440712 5e-5 0.02283829 -0.04447931 -5e-5 0.02283829 -0.04447931 5e-5 0.02269846 -0.04455065 -5e-5 0.02269846 -0.04455065 5e-5 0.02255839 -0.04462194 -5e-5 0.02255839 -0.04462194 5e-5 0.02241808 -0.04469239 -5e-5 0.02241808 -0.04469239 5e-5 0.02227759 -0.04476279 -5e-5 0.02227759 -0.04476279 5e-5 0.02213662 -0.04483234 -5e-5 0.02213662 -0.04483234 5e-5 0.02199584 -0.04490172 -5e-5 0.02199584 -0.04490172 5e-5 0.02185451 -0.04497075 -5e-5 0.02185451 -0.04497075 5e-5 0.02171325 -0.04503899 -5e-5 0.02171325 -0.04503899 5e-5 0.02157169 -0.045107 -5e-5 0.02157169 -0.045107 5e-5 0.02142989 -0.04517453 -5e-5 0.02142989 -0.04517453 5e-5 0.02128767 -0.04524183 -5e-5 0.02128767 -0.04524183 5e-5 0.02114564 -0.04530847 -5e-5 0.02114564 -0.04530847 5e-5 0.021003 -0.04537469 -5e-5 0.021003 -0.04537469 5e-5 0.02086049 -0.04544049 -5e-5 0.02086049 -0.04544049 5e-5 0.02071768 -0.04550576 -5e-5 0.02071768 -0.04550576 5e-5 0.02057451 -0.04557061 -5e-5 0.02057451 -0.04557061 5e-5 0.02043128 -0.04563504 -5e-5 0.02043128 -0.04563504 5e-5 0.02028787 -0.045699 -5e-5 0.02028787 -0.045699 5e-5 0.02014416 -0.04576236 -5e-5 0.02014416 -0.04576236 5e-5 0.02000015 -0.0458256 -5e-5 0.02000015 -0.0458256 5e-5 0.01985627 -0.04588812 -5e-5 0.01985627 -0.04588812 5e-5 0.01971197 -0.04595035 -5e-5 0.01971197 -0.04595035 5e-5 0.01956743 -0.04601204 -5e-5 0.01956743 -0.04601204 5e-5 0.0194227 -0.04607313 -5e-5 0.0194227 -0.04607313 5e-5 0.01927793 -0.04613411 -5e-5 0.01927793 -0.04613411 5e-5 0.01913303 -0.04619443 -5e-5 0.01913303 -0.04619443 5e-5 0.01898777 -0.04625415 -5e-5 0.01898777 -0.04625415 5e-5 0.01884222 -0.04631376 -5e-5 0.01884222 -0.04631376 5e-5 0.01869678 -0.04637271 -5e-5 0.01869678 -0.04637271 5e-5 0.01855099 -0.04643118 -5e-5 0.01855099 -0.04643118 5e-5 0.01840502 -0.04648905 -5e-5 0.01840502 -0.04648905 5e-5 0.01825881 -0.04654669 -5e-5 0.01825881 -0.04654669 5e-5 0.01811254 -0.04660379 -5e-5 0.01811254 -0.04660379 5e-5 0.01796609 -0.04666066 -5e-5 0.01796609 -0.04666066 5e-5 0.0178194 -0.04671669 -5e-5 0.0178194 -0.04671669 5e-5 0.01767235 -0.04677248 -5e-5 0.01767235 -0.04677248 5e-5 0.01752549 -0.04682791 -5e-5 0.01752549 -0.04682791 5e-5 0.01737833 -0.04688256 -5e-5 0.01737833 -0.04688256 5e-5 0.01723074 -0.04693692 -5e-5 0.01723074 -0.04693692 5e-5 0.0170834 -0.04699099 -5e-5 0.0170834 -0.04699099 5e-5 0.01693546 -0.04704427 -5e-5 0.01693546 -0.04704427 5e-5 0.01678758 -0.04709744 -5e-5 0.01678758 -0.04709744 5e-5 0.01663959 -0.04714977 -5e-5 0.01663959 -0.04714977 5e-5 0.01649153 -0.04720199 -5e-5 0.01649153 -0.04720199 5e-5 0.01634317 -0.04725337 -5e-5 0.01634317 -0.04725337 5e-5 0.01619464 -0.04730463 -5e-5 0.01619464 -0.04730463 5e-5 0.01604574 -0.04735529 -5e-5 0.01604574 -0.04735529 5e-5 0.01589709 -0.04740548 -5e-5 0.01589709 -0.04740548 5e-5 0.01574808 -0.04745519 -5e-5 0.01574808 -0.04745519 5e-5 0.01559889 -0.04750442 -5e-5 0.01559889 -0.04750442 5e-5 0.01544958 -0.04755318 -5e-5 0.01544958 -0.04755318 5e-5 0.01530003 -0.04760152 -5e-5 0.01530003 -0.04760152 5e-5 0.0151503 -0.04764932 -5e-5 0.0151503 -0.04764932 5e-5 0.0150007 -0.04769665 -5e-5 0.0150007 -0.04769665 5e-5 0.01485061 -0.04774343 -5e-5 0.01485061 -0.04774343 5e-5 0.01470071 -0.04778999 -5e-5 0.01470071 -0.04778999 5e-5 0.01455032 -0.04783576 -5e-5 0.01455032 -0.04783576 5e-5 0.01440018 -0.04788142 -5e-5 0.01440018 -0.04788142 5e-5 0.01424968 -0.04792624 -5e-5 0.01424968 -0.04792624 5e-5 0.01409906 -0.04797095 -5e-5 0.01409906 -0.04797095 5e-5 0.01394826 -0.04801487 -5e-5 0.01394826 -0.04801487 5e-5 0.01379734 -0.04805845 -5e-5 0.01379734 -0.04805845 5e-5 0.0136463 -0.04810172 -5e-5 0.0136463 -0.04810172 5e-5 0.0134949 -0.04814434 -5e-5 0.0134949 -0.04814434 5e-5 0.01334381 -0.04818654 -5e-5 0.01334381 -0.04818654 5e-5 0.01319217 -0.0482282 -5e-5 0.01319217 -0.0482282 5e-5 0.01304078 -0.04826939 -5e-5 0.01304078 -0.04826939 5e-5 0.01288884 -0.04831016 -5e-5 0.01288884 -0.04831016 5e-5 0.01273721 -0.04835039 -5e-5 0.01273721 -0.04835039 5e-5 0.01258522 -0.04839015 -5e-5 0.01258522 -0.04839015 5e-5 0.01243317 -0.04842931 -5e-5 0.01243317 -0.04842931 5e-5 0.01228094 -0.04846829 -5e-5 0.01228094 -0.04846829 5e-5 0.01212865 -0.04850643 -5e-5 0.01212865 -0.04850643 5e-5 0.01197618 -0.04854434 -5e-5 0.01197618 -0.04854434 5e-5 0.01182359 -0.04858171 -5e-5 0.01182359 -0.04858171 5e-5 0.01167076 -0.04861879 -5e-5 0.01167076 -0.04861879 5e-5 0.01151812 -0.04865521 -5e-5 0.01151812 -0.04865521 5e-5 0.01136523 -0.04869115 -5e-5 0.01136523 -0.04869115 5e-5 0.01121217 -0.04872643 -5e-5 0.01121217 -0.04872643 5e-5 0.01105886 -0.04876142 -5e-5 0.01105886 -0.04876142 5e-5 0.0109058 -0.04879593 -5e-5 0.0109058 -0.04879593 5e-5 0.01075232 -0.04883015 -5e-5 0.01075232 -0.04883015 5e-5 0.01059877 -0.04886353 -5e-5 0.01059877 -0.04886353 5e-5 0.01044523 -0.04889667 -5e-5 0.01044523 -0.04889667 5e-5 0.01029157 -0.04892933 -5e-5 0.01029157 -0.04892933 5e-5 0.01013779 -0.0489614 -5e-5 0.01013779 -0.0489614 5e-5 0.009984135 -0.04899299 -5e-5 0.009984135 -0.04899299 5e-5 0.009830117 -0.0490241 -5e-5 0.009830117 -0.0490241 5e-5 0.009676098 -0.0490548 -5e-5 0.009676098 -0.0490548 5e-5 0.009521901 -0.0490849 -5e-5 0.009521901 -0.0490849 5e-5 0.009367644 -0.04911458 -5e-5 0.009367644 -0.04911458 5e-5 0.009213328 -0.04914379 -5e-5 0.009213328 -0.04914379 5e-5 0.009058892 -0.04917252 -5e-5 0.009058892 -0.04917252 5e-5 0.008904337 -0.04920071 -5e-5 0.008904337 -0.04920071 5e-5 0.008749723 -0.04922837 -5e-5 0.008749723 -0.04922837 5e-5 0.008595049 -0.04925549 -5e-5 0.008595049 -0.04925549 5e-5 0.008440256 -0.04928243 -5e-5 0.008440256 -0.04928243 5e-5 0.008285403 -0.04930853 -5e-5 0.008285403 -0.04930853 5e-5 0.008130431 -0.04933434 -5e-5 0.008130431 -0.04933434 5e-5 0.007975399 -0.04935961 -5e-5 0.007975399 -0.04935961 5e-5 0.007820308 -0.04938459 -5e-5 0.007820308 -0.04938459 5e-5 0.007665038 -0.04940891 -5e-5 0.007665038 -0.04940891 5e-5 0.007509768 -0.04943275 -5e-5 0.007509768 -0.04943275 5e-5 0.007354438 -0.049456 -5e-5 0.007354438 -0.049456 5e-5 0.007199048 -0.04947882 -5e-5 0.007199048 -0.04947882 5e-5 0.0070436 -0.04950124 -5e-5 0.0070436 -0.04950124 5e-5 0.006888031 -0.04952323 -5e-5 0.006888031 -0.04952323 5e-5 0.006732404 -0.04954463 -5e-5 0.006732404 -0.04954463 5e-5 0.006576776 -0.04956555 -5e-5 0.006576776 -0.04956555 5e-5 0.006420969 -0.04958575 -5e-5 0.006420969 -0.04958575 5e-5 0.006265223 -0.04960572 -5e-5 0.006265223 -0.04960572 5e-5 0.006109297 -0.04962515 -5e-5 0.006109297 -0.04962515 5e-5 0.005953371 -0.04964429 -5e-5 0.005953371 -0.04964429 5e-5 0.005797386 -0.04966259 -5e-5 0.005797386 -0.04966259 5e-5 0.005641341 -0.04968065 -5e-5 0.005641341 -0.04968065 5e-5 0.005485177 -0.04969817 -5e-5 0.005485177 -0.04969817 5e-5 0.005329072 -0.04971516 -5e-5 0.005329072 -0.04971516 5e-5 0.005172789 -0.04973167 -5e-5 0.005172789 -0.04973167 5e-5 0.005016565 -0.04974746 -5e-5 0.005016565 -0.04974746 5e-5 0.004860222 -0.0497632 -5e-5 0.004860222 -0.0497632 5e-5 0.004703879 -0.04977822 -5e-5 0.004703879 -0.04977822 5e-5 0.004547536 -0.04979258 -5e-5 0.004547536 -0.04979258 5e-5 0.004391074 -0.04980677 -5e-5 0.004391074 -0.04980677 5e-5 0.004234552 -0.04982036 -5e-5 0.004234552 -0.04982036 5e-5 0.00407803 -0.04983323 -5e-5 0.00407803 -0.04983323 5e-5 0.003921449 -0.04984593 -5e-5 0.003921449 -0.04984593 5e-5 0.003764808 -0.04985803 -5e-5 0.003764808 -0.04985803 5e-5 0.003608167 -0.04986941 -5e-5 0.003608167 -0.04986941 5e-5 0.003451406 -0.04988068 -5e-5 0.003451406 -0.04988068 5e-5 0.003294706 -0.04989129 -5e-5 0.003294706 -0.04989129 5e-5 0.003137946 -0.04990124 -5e-5 0.003137946 -0.04990124 5e-5 0.002981185 -0.04991102 -5e-5 0.002981185 -0.04991102 5e-5 0.002824366 -0.04992014 -5e-5 0.002824366 -0.04992014 5e-5 0.002667546 -0.04992878 -5e-5 0.002667546 -0.04992878 5e-5 0.002510607 -0.04993689 -5e-5 0.002510607 -0.04993689 5e-5 0.002353787 -0.04994446 -5e-5 0.002353787 -0.04994446 5e-5 0.002196848 -0.04995167 -5e-5 0.002196848 -0.04995167 5e-5 0.002039909 -0.04995816 -5e-5 0.002039909 -0.04995816 5e-5 0.00188297 -0.0499643 -5e-5 0.00188297 -0.0499643 5e-5 0.001725912 -0.04997009 -5e-5 0.001725912 -0.04997009 5e-5 0.001568973 -0.04997515 -5e-5 0.001568973 -0.04997515 5e-5 0.001411974 -0.04998004 -5e-5 0.001411974 -0.04998004 5e-5 0.001254916 -0.04998403 -5e-5 0.001254916 -0.04998403 5e-5 0.001097798 -0.04998791 -5e-5 0.001097798 -0.04998791 5e-5 9.40895e-4 -0.04999113 -5e-5 9.40895e-4 -0.04999113 5e-5 7.83836e-4 -0.04999381 -5e-5 7.83836e-4 -0.04999381 5e-5 6.2677e-4 -0.04999589 -5e-5 6.2677e-4 -0.04999589 5e-5 4.69697e-4 -0.04999756 -5e-5 4.69697e-4 -0.04999756 5e-5 3.1262e-4 -0.04999881 -5e-5 3.1262e-4 -0.04999881 5e-5 1.5554e-4 -0.04999971 -5e-5 1.5554e-4 -0.04999971 5e-5 -1.54217e-6 -0.04999995 -5e-5 -1.54217e-6 -0.04999995 5e-5 -1.58624e-4 -0.04999971 -5e-5 -1.58624e-4 -0.04999971 5e-5 -3.15704e-4 -0.04999881 -5e-5 -3.15704e-4 -0.04999881 5e-5 -4.72781e-4 -0.04999756 -5e-5 -4.72781e-4 -0.04999756 5e-5 -6.29854e-4 -0.04999583 -5e-5 -6.29854e-4 -0.04999583 5e-5 -7.8692e-4 -0.04999381 -5e-5 -7.8692e-4 -0.04999381 5e-5 -9.43979e-4 -0.04999107 -5e-5 -9.43979e-4 -0.04999107 5e-5 -0.001100957 -0.04998785 -5e-5 -0.001100957 -0.04998785 5e-5 -0.001257956 -0.04998397 -5e-5 -0.001257956 -0.04998397 5e-5 -0.001415014 -0.04997992 -5e-5 -0.001415014 -0.04997992 5e-5 -0.001572012 -0.04997509 -5e-5 -0.001572012 -0.04997509 5e-5 -0.001729071 -0.04997009 -5e-5 -0.001729071 -0.04997009 5e-5 -0.00188601 -0.04996418 -5e-5 -0.00188601 -0.04996418 5e-5 -0.002042949 -0.04995805 -5e-5 -0.002042949 -0.04995805 5e-5 -0.002199888 -0.04995155 -5e-5 -0.002199888 -0.04995155 5e-5 -0.002356827 -0.0499444 -5e-5 -0.002356827 -0.0499444 5e-5 -0.002513766 -0.04993677 -5e-5 -0.002513766 -0.04993677 5e-5 -0.002670586 -0.0499286 -5e-5 -0.002670586 -0.0499286 5e-5 -0.002827405 -0.04991996 -5e-5 -0.002827405 -0.04991996 5e-5 -0.002984285 -0.04991084 -5e-5 -0.002984285 -0.04991084 5e-5 -0.003141105 -0.049901 -5e-5 -0.003141105 -0.049901 5e-5 -0.003297865 -0.04989111 -5e-5 -0.003297865 -0.04989111 5e-5 -0.003454566 -0.0498805 -5e-5 -0.003454566 -0.0498805 5e-5 -0.003611207 -0.04986923 -5e-5 -0.003611207 -0.04986923 5e-5 -0.003767848 -0.04985779 -5e-5 -0.003767848 -0.04985779 5e-5 -0.003924489 -0.04984563 -5e-5 -0.003924489 -0.04984563 5e-5 -0.00408113 -0.04983294 -5e-5 -0.00408113 -0.04983294 5e-5 -0.004237592 -0.04982 -5e-5 -0.004237592 -0.04982 5e-5 -0.004394114 -0.04980653 -5e-5 -0.004394114 -0.04980653 5e-5 -0.004550576 -0.04979228 -5e-5 -0.004550576 -0.04979228 5e-5 -0.004706919 -0.04977792 -5e-5 -0.004706919 -0.04977792 5e-5 -0.004863381 -0.0497629 -5e-5 -0.004863381 -0.0497629 5e-5 -0.005019605 -0.04974716 -5e-5 -0.005019605 -0.04974716 5e-5 -0.005175948 -0.04973137 -5e-5 -0.005175948 -0.04973137 5e-5 -0.005332112 -0.04971486 -5e-5 -0.005332112 -0.04971486 5e-5 -0.005488276 -0.04969769 -5e-5 -0.005488276 -0.04969769 5e-5 -0.005644381 -0.04968035 -5e-5 -0.005644381 -0.04968035 5e-5 -0.005800426 -0.04966235 -5e-5 -0.005800426 -0.04966235 5e-5 -0.005956411 -0.04964393 -5e-5 -0.005956411 -0.04964393 5e-5 -0.006112337 -0.04962486 -5e-5 -0.006112337 -0.04962486 5e-5 -0.006268203 -0.0496053 -5e-5 -0.006268203 -0.0496053 5e-5 -0.006424069 -0.04958558 -5e-5 -0.006424069 -0.04958558 5e-5 -0.006579816 -0.04956495 -5e-5 -0.006579816 -0.04956495 5e-5 -0.006735444 -0.04954421 -5e-5 -0.006735444 -0.04954421 5e-5 -0.006891131 -0.04952263 -5e-5 -0.006891131 -0.04952263 5e-5 -0.00704658 -0.04950094 -5e-5 -0.00704658 -0.04950094 5e-5 -0.007202148 -0.04947853 -5e-5 -0.007202148 -0.04947853 5e-5 -0.007357478 -0.0494557 -5e-5 -0.007357478 -0.0494557 5e-5 -0.007512867 -0.04943215 -5e-5 -0.007512867 -0.04943215 5e-5 -0.007668077 -0.04940843 -5e-5 -0.007668077 -0.04940843 5e-5 -0.007823348 -0.04938393 -5e-5 -0.007823348 -0.04938393 5e-5 -0.007978439 -0.04935932 -5e-5 -0.007978439 -0.04935932 5e-5 -0.008133471 -0.04933393 -5e-5 -0.008133471 -0.04933393 5e-5 -0.008288443 -0.04930818 -5e-5 -0.008288443 -0.04930818 5e-5 -0.008443295 -0.04928189 -5e-5 -0.008443295 -0.04928189 5e-5 -0.008598089 -0.04925513 -5e-5 -0.008598089 -0.04925513 5e-5 -0.008752763 -0.04922789 -5e-5 -0.008752763 -0.04922789 5e-5 -0.008907377 -0.04919999 -5e-5 -0.008907377 -0.04919999 5e-5 -0.009061932 -0.04917192 -5e-5 -0.009061932 -0.04917192 5e-5 -0.009216368 -0.04914319 -5e-5 -0.009216368 -0.04914319 5e-5 -0.009370684 -0.04911386 -5e-5 -0.009370684 -0.04911386 5e-5 -0.009524941 -0.0490843 -5e-5 -0.009524941 -0.0490843 5e-5 -0.009679079 -0.0490542 -5e-5 -0.009679079 -0.0490542 5e-5 -0.009833157 -0.04902333 -5e-5 -0.009833157 -0.04902333 5e-5 -0.009987115 -0.04899233 -5e-5 -0.009987115 -0.04899233 5e-5 -0.01014101 -0.04896068 -5e-5 -0.01014101 -0.04896068 5e-5 -0.01029479 -0.04892849 -5e-5 -0.01029479 -0.04892849 5e-5 -0.01044827 -0.04889607 -5e-5 -0.01044827 -0.04889607 5e-5 -0.01060181 -0.04886299 -5e-5 -0.01060181 -0.04886299 5e-5 -0.01075536 -0.04882931 -5e-5 -0.01075536 -0.04882931 5e-5 -0.01090878 -0.04879546 -5e-5 -0.01090878 -0.04879546 5e-5 -0.01106184 -0.04876095 -5e-5 -0.01106184 -0.04876095 5e-5 -0.01121515 -0.04872596 -5e-5 -0.01121515 -0.04872596 5e-5 -0.01136815 -0.04869025 -5e-5 -0.01136815 -0.04869025 5e-5 -0.0115211 -0.04865431 -5e-5 -0.0115211 -0.04865431 5e-5 -0.01167374 -0.04861789 -5e-5 -0.01167374 -0.04861789 5e-5 -0.01182663 -0.04858118 -5e-5 -0.01182663 -0.04858118 5e-5 -0.01197916 -0.04854375 -5e-5 -0.01197916 -0.04854375 5e-5 -0.01213163 -0.0485059 -5e-5 -0.01213163 -0.0485059 5e-5 -0.01228392 -0.04846733 -5e-5 -0.01228392 -0.04846733 5e-5 -0.01243615 -0.04842871 -5e-5 -0.01243615 -0.04842871 5e-5 -0.01258826 -0.04838937 -5e-5 -0.01258826 -0.04838937 5e-5 -0.01274019 -0.04834944 -5e-5 -0.01274019 -0.04834944 5e-5 -0.01289182 -0.04830914 -5e-5 -0.01289182 -0.04830914 5e-5 -0.01304376 -0.04826843 -5e-5 -0.01304376 -0.04826843 5e-5 -0.01319515 -0.04822731 -5e-5 -0.01319515 -0.04822731 5e-5 -0.01334679 -0.04818552 -5e-5 -0.01334679 -0.04818552 5e-5 -0.01349788 -0.04814332 -5e-5 -0.01349788 -0.04814332 5e-5 -0.01364928 -0.0481007 -5e-5 -0.01364928 -0.0481007 5e-5 -0.01380032 -0.04805773 -5e-5 -0.01380032 -0.04805773 5e-5 -0.01395124 -0.04801416 -5e-5 -0.01395124 -0.04801416 5e-5 -0.01410198 -0.04796993 -5e-5 -0.01410198 -0.04796993 5e-5 -0.0142526 -0.04792559 -5e-5 -0.0142526 -0.04792559 5e-5 -0.0144031 -0.04788053 -5e-5 -0.0144031 -0.04788053 5e-5 -0.0145533 -0.04783505 -5e-5 -0.0145533 -0.04783505 5e-5 -0.01470369 -0.04778891 -5e-5 -0.01470369 -0.04778891 5e-5 -0.01485359 -0.04774266 -5e-5 -0.01485359 -0.04774266 5e-5 -0.01500368 -0.04769557 -5e-5 -0.01500368 -0.04769557 5e-5 -0.01515322 -0.04764837 -5e-5 -0.01515322 -0.04764837 5e-5 -0.01530289 -0.04760038 -5e-5 -0.01530289 -0.04760038 5e-5 -0.0154525 -0.04755204 -5e-5 -0.0154525 -0.04755204 5e-5 -0.01560181 -0.04750347 -5e-5 -0.01560181 -0.04750347 5e-5 -0.015751 -0.04745405 -5e-5 -0.015751 -0.04745405 5e-5 -0.01590001 -0.04740434 -5e-5 -0.01590001 -0.04740434 5e-5 -0.01604866 -0.04735434 -5e-5 -0.01604866 -0.04735434 5e-5 -0.01619756 -0.04730349 -5e-5 -0.01619756 -0.04730349 5e-5 -0.01634591 -0.04725235 -5e-5 -0.01634591 -0.04725235 5e-5 -0.01649445 -0.04720079 -5e-5 -0.01649445 -0.04720079 5e-5 -0.01664263 -0.04714888 -5e-5 -0.01664263 -0.04714888 5e-5 -0.0167905 -0.04709637 -5e-5 -0.0167905 -0.04709637 5e-5 -0.01693838 -0.04704338 -5e-5 -0.01693838 -0.04704338 5e-5 -0.01708608 -0.04698979 -5e-5 -0.01708608 -0.04698979 5e-5 -0.01723366 -0.04693603 -5e-5 -0.01723366 -0.04693603 5e-5 -0.01738119 -0.04688149 -5e-5 -0.01738119 -0.04688149 5e-5 -0.01752841 -0.04682672 -5e-5 -0.01752841 -0.04682672 5e-5 -0.01767534 -0.04677134 -5e-5 -0.01767534 -0.04677134 5e-5 -0.01782226 -0.04671561 -5e-5 -0.01782226 -0.04671561 5e-5 -0.01796895 -0.04665935 -5e-5 -0.01796895 -0.04665935 5e-5 -0.01811546 -0.04660284 -5e-5 -0.01811546 -0.04660284 5e-5 -0.01826179 -0.04654574 -5e-5 -0.01826179 -0.04654574 5e-5 -0.01840794 -0.04648792 -5e-5 -0.01840794 -0.04648792 5e-5 -0.01855385 -0.04643005 -5e-5 -0.01855385 -0.04643005 5e-5 -0.01869964 -0.0463714 -5e-5 -0.01869964 -0.0463714 5e-5 -0.01884526 -0.04631257 -5e-5 -0.01884526 -0.04631257 5e-5 -0.01899063 -0.04625314 -5e-5 -0.01899063 -0.04625314 5e-5 -0.01913583 -0.04619324 -5e-5 -0.01913583 -0.04619324 5e-5 -0.01928091 -0.04613292 -5e-5 -0.01928091 -0.04613292 5e-5 -0.01942569 -0.04607206 -5e-5 -0.01942569 -0.04607206 5e-5 -0.01957035 -0.04601085 -5e-5 -0.01957035 -0.04601085 5e-5 -0.01971483 -0.04594916 -5e-5 -0.01971483 -0.04594916 5e-5 -0.01985907 -0.04588699 -5e-5 -0.01985907 -0.04588699 5e-5 -0.02000308 -0.04582417 -5e-5 -0.02000308 -0.04582417 5e-5 -0.02014702 -0.0457611 -5e-5 -0.02014702 -0.0457611 5e-5 -0.02029067 -0.04569756 -5e-5 -0.02029067 -0.04569756 5e-5 -0.02043414 -0.04563379 -5e-5 -0.02043414 -0.04563379 5e-5 -0.02057743 -0.04556936 -5e-5 -0.02057743 -0.04556936 5e-5 -0.02072048 -0.04550451 -5e-5 -0.02072048 -0.04550451 5e-5 -0.02086329 -0.04543918 -5e-5 -0.02086329 -0.04543918 5e-5 -0.0210058 -0.04537338 -5e-5 -0.0210058 -0.04537338 5e-5 -0.02114838 -0.04530704 -5e-5 -0.02114838 -0.04530704 5e-5 -0.0212906 -0.04524052 -5e-5 -0.0212906 -0.04524052 5e-5 -0.02143251 -0.04517322 -5e-5 -0.02143251 -0.04517322 5e-5 -0.02157431 -0.04510587 -5e-5 -0.02157431 -0.04510587 5e-5 -0.02171587 -0.04503768 -5e-5 -0.02171587 -0.04503768 5e-5 -0.02185744 -0.04496932 -5e-5 -0.02185744 -0.04496932 5e-5 -0.02199864 -0.04490035 -5e-5 -0.02199864 -0.04490035 5e-5 -0.02213943 -0.04483103 -5e-5 -0.02213943 -0.04483103 5e-5 -0.02228033 -0.0447613 -5e-5 -0.02228033 -0.0447613 5e-5 -0.02242082 -0.0446912 -5e-5 -0.02242082 -0.0446912 5e-5 -0.02256113 -0.04462051 -5e-5 -0.02256113 -0.04462051 5e-5 -0.0227012 -0.04454946 -5e-5 -0.0227012 -0.04454946 5e-5 -0.02284103 -0.04447788 -5e-5 -0.02284103 -0.04447788 5e-5 -0.02298069 -0.04440575 -5e-5 -0.02298069 -0.04440575 5e-5 -0.02312004 -0.04433333 -5e-5 -0.02312004 -0.04433333 5e-5 -0.02325922 -0.04426062 -5e-5 -0.02325922 -0.04426062 5e-5 -0.02339816 -0.04418718 -5e-5 -0.02339816 -0.04418718 5e-5 -0.02353686 -0.04411345 -5e-5 -0.02353686 -0.04411345 5e-5 -0.02367532 -0.0440393 -5e-5 -0.02367532 -0.0440393 5e-5 -0.0238136 -0.04396486 -5e-5 -0.0238136 -0.04396486 5e-5 -0.02395159 -0.04388982 -5e-5 -0.02395159 -0.04388982 5e-5 -0.02408927 -0.04381436 -5e-5 -0.02408927 -0.04381436 5e-5 -0.0242269 -0.04373848 -5e-5 -0.0242269 -0.04373848 5e-5 -0.02436417 -0.04366213 -5e-5 -0.02436417 -0.04366213 5e-5 -0.0245012 -0.04358536 -5e-5 -0.0245012 -0.04358536 5e-5 -0.02463787 -0.04350823 -5e-5 -0.02463787 -0.04350823 5e-5 -0.02477461 -0.04343038 -5e-5 -0.02477461 -0.04343038 5e-5 -0.02491074 -0.04335254 -5e-5 -0.02491074 -0.04335254 5e-5 -0.025047 -0.04327404 -5e-5 -0.025047 -0.04327404 5e-5 -0.02518284 -0.043195 -5e-5 -0.02518284 -0.043195 5e-5 -0.02531838 -0.04311585 -5e-5 -0.02531838 -0.04311585 5e-5 -0.02545374 -0.0430361 -5e-5 -0.02545374 -0.0430361 5e-5 -0.02558881 -0.04295581 -5e-5 -0.02558881 -0.04295581 5e-5 -0.02572363 -0.04287523 -5e-5 -0.02572363 -0.04287523 5e-5 -0.02585822 -0.0427941 -5e-5 -0.02585822 -0.0427941 5e-5 -0.02599251 -0.04271262 -5e-5 -0.02599251 -0.04271262 5e-5 -0.02612656 -0.04263097 -5e-5 -0.02612656 -0.04263097 5e-5 -0.02626037 -0.04254847 -5e-5 -0.02626037 -0.04254847 5e-5 -0.02639389 -0.04246592 -5e-5 -0.02639389 -0.04246592 5e-5 -0.02652722 -0.04238265 -5e-5 -0.02652722 -0.04238265 5e-5 -0.02666026 -0.04229927 -5e-5 -0.02666026 -0.04229927 5e-5 -0.026793 -0.0422151 -5e-5 -0.026793 -0.0422151 5e-5 -0.0269255 -0.04213076 -5e-5 -0.0269255 -0.04213076 5e-5 -0.02705752 -0.04204607 -5e-5 -0.02705752 -0.04204607 5e-5 -0.02718967 -0.04196089 -5e-5 -0.02718967 -0.04196089 5e-5 -0.02732115 -0.0418753 -5e-5 -0.02732115 -0.0418753 5e-5 -0.02745258 -0.04178923 -5e-5 -0.02745258 -0.04178923 5e-5 -0.02758377 -0.04170262 -5e-5 -0.02758377 -0.04170262 5e-5 -0.02771461 -0.0416159 -5e-5 -0.02771461 -0.0416159 5e-5 -0.02784544 -0.04152864 -5e-5 -0.02784544 -0.04152864 5e-5 -0.02797555 -0.04144096 -5e-5 -0.02797555 -0.04144096 5e-5 -0.02810579 -0.04135268 -5e-5 -0.02810579 -0.04135268 5e-5 -0.02823555 -0.04126435 -5e-5 -0.02823555 -0.04126435 5e-5 -0.02836507 -0.04117548 -5e-5 -0.02836507 -0.04117548 5e-5 -0.02849411 -0.04108595 -5e-5 -0.02849411 -0.04108595 5e-5 -0.02862322 -0.04099643 -5e-5 -0.02862322 -0.04099643 5e-5 -0.02875185 -0.04090631 -5e-5 -0.02875185 -0.04090631 5e-5 -0.02888005 -0.04081577 -5e-5 -0.02888005 -0.04081577 5e-5 -0.02900815 -0.04072481 -5e-5 -0.02900815 -0.04072481 5e-5 -0.02913612 -0.04063344 -5e-5 -0.02913612 -0.04063344 5e-5 -0.02926367 -0.04054158 -5e-5 -0.02926367 -0.04054158 5e-5 -0.02939087 -0.0404495 -5e-5 -0.02939087 -0.0404495 5e-5 -0.02951771 -0.04035711 -5e-5 -0.02951771 -0.04035711 5e-5 -0.02964437 -0.04026407 -5e-5 -0.02964437 -0.04026407 5e-5 -0.02977079 -0.04017066 -5e-5 -0.02977079 -0.04017066 5e-5 -0.02989685 -0.04007709 -5e-5 -0.02989685 -0.04007709 5e-5 -0.03002262 -0.03998297 -5e-5 -0.03002262 -0.03998297 5e-5 -0.03014791 -0.03988844 -5e-5 -0.03014791 -0.03988844 5e-5 -0.03027307 -0.03979355 -5e-5 -0.03027307 -0.03979355 5e-5 -0.03039813 -0.03969824 -5e-5 -0.03039813 -0.03969824 5e-5 -0.0305227 -0.03960239 -5e-5 -0.0305227 -0.03960239 5e-5 -0.03064692 -0.03950649 -5e-5 -0.03064692 -0.03950649 5e-5 -0.03077071 -0.03940999 -5e-5 -0.03077071 -0.03940999 5e-5 -0.03089439 -0.03931295 -5e-5 -0.03089439 -0.03931295 5e-5 -0.03101778 -0.03921586 -5e-5 -0.03101778 -0.03921586 5e-5 -0.03114098 -0.03911823 -5e-5 -0.03114098 -0.03911823 5e-5 -0.03126353 -0.03902018 -5e-5 -0.03126353 -0.03902018 5e-5 -0.03138595 -0.03892177 -5e-5 -0.03138595 -0.03892177 5e-5 -0.03150808 -0.03882282 -5e-5 -0.03150808 -0.03882282 5e-5 -0.03162992 -0.03872364 -5e-5 -0.03162992 -0.03872364 5e-5 -0.03175157 -0.03862404 -5e-5 -0.03175157 -0.03862404 5e-5 -0.03187263 -0.03852427 -5e-5 -0.03187263 -0.03852427 5e-5 -0.03199344 -0.03842401 -5e-5 -0.03199344 -0.03842401 5e-5 -0.03211402 -0.03832328 -5e-5 -0.03211402 -0.03832328 5e-5 -0.03223443 -0.03822219 -5e-5 -0.03223443 -0.03822219 5e-5 -0.03235435 -0.03812056 -5e-5 -0.03235435 -0.03812056 5e-5 -0.03247398 -0.03801894 -5e-5 -0.03247398 -0.03801894 5e-5 -0.03259325 -0.03791666 -5e-5 -0.03259325 -0.03791666 5e-5 -0.03271222 -0.03781414 -5e-5 -0.03271222 -0.03781414 5e-5 -0.03283083 -0.03771114 -5e-5 -0.03283083 -0.03771114 5e-5 -0.03294909 -0.03760766 -5e-5 -0.03294909 -0.03760766 5e-5 -0.03306698 -0.03750395 -5e-5 -0.03306698 -0.03750395 5e-5 -0.03318464 -0.03739988 -5e-5 -0.03318464 -0.03739988 5e-5 -0.03330194 -0.03729552 -5e-5 -0.03330194 -0.03729552 5e-5 -0.03341913 -0.03719079 -5e-5 -0.03341913 -0.03719079 5e-5 -0.03353565 -0.03708565 -5e-5 -0.03353565 -0.03708565 5e-5 -0.033652 -0.03698009 -5e-5 -0.033652 -0.03698009 5e-5 -0.03376799 -0.03687417 -5e-5 -0.03376799 -0.03687417 5e-5 -0.03388381 -0.03676784 -5e-5 -0.03388381 -0.03676784 5e-5 -0.0339992 -0.03666114 -5e-5 -0.0339992 -0.03666114 5e-5 -0.03411424 -0.03655409 -5e-5 -0.03411424 -0.03655409 5e-5 -0.03422886 -0.03644675 -5e-5 -0.03422886 -0.03644675 5e-5 -0.03434324 -0.03633922 -5e-5 -0.03434324 -0.03633922 5e-5 -0.03445702 -0.03623116 -5e-5 -0.03445702 -0.03623116 5e-5 -0.03457087 -0.03612262 -5e-5 -0.03457087 -0.03612262 5e-5 -0.03468418 -0.03601396 -5e-5 -0.03468418 -0.03601396 5e-5 -0.03479713 -0.03590482 -5e-5 -0.03479713 -0.03590482 5e-5 -0.03490978 -0.03579533 -5e-5 -0.03490978 -0.03579533 5e-5 -0.03502202 -0.03568542 -5e-5 -0.03502202 -0.03568542 5e-5 -0.03513383 -0.03557527 -5e-5 -0.03513383 -0.03557527 5e-5 -0.03524541 -0.0354647 -5e-5 -0.03524541 -0.0354647 5e-5 -0.03535676 -0.03535372 -5e-5 -0.03535676 -0.03535372 5e-5 -0.03546774 -0.03524237 -5e-5 -0.03546774 -0.03524237 5e-5 -0.03557825 -0.03513073 -5e-5 -0.03557825 -0.03513073 5e-5 -0.0356884 -0.03501898 -5e-5 -0.0356884 -0.03501898 5e-5 -0.03579831 -0.03490668 -5e-5 -0.03579831 -0.03490668 5e-5 -0.0359078 -0.03479403 -5e-5 -0.0359078 -0.03479403 5e-5 -0.03601694 -0.03468108 -5e-5 -0.03601694 -0.03468108 5e-5 -0.0361256 -0.03456777 -5e-5 -0.0361256 -0.03456777 5e-5 -0.03623414 -0.03445392 -5e-5 -0.03623414 -0.03445392 5e-5 -0.0363422 -0.03434008 -5e-5 -0.0363422 -0.03434008 5e-5 -0.03644979 -0.03422576 -5e-5 -0.03644979 -0.03422576 5e-5 -0.03655707 -0.03411108 -5e-5 -0.03655707 -0.03411108 5e-5 -0.03666406 -0.03399586 -5e-5 -0.03666406 -0.03399586 5e-5 -0.03677088 -0.03388071 -5e-5 -0.03677088 -0.03388071 5e-5 -0.03687691 -0.03376483 -5e-5 -0.03687691 -0.03376483 5e-5 -0.03698301 -0.03364878 -5e-5 -0.03698301 -0.03364878 5e-5 -0.03708851 -0.0335325 -5e-5 -0.03708851 -0.0335325 5e-5 -0.03719365 -0.03341597 -5e-5 -0.03719365 -0.03341597 5e-5 -0.0372985 -0.03329885 -5e-5 -0.0372985 -0.03329885 5e-5 -0.03740274 -0.03318142 -5e-5 -0.03740274 -0.03318142 5e-5 -0.03750681 -0.0330637 -5e-5 -0.03750681 -0.0330637 5e-5 -0.03761065 -0.03294593 -5e-5 -0.03761065 -0.03294593 5e-5 -0.037714 -0.03282743 -5e-5 -0.037714 -0.03282743 5e-5 -0.03781694 -0.03270894 -5e-5 -0.03781694 -0.03270894 5e-5 -0.03791952 -0.03258997 -5e-5 -0.03791952 -0.03258997 5e-5 -0.03802168 -0.0324707 -5e-5 -0.03802168 -0.0324707 5e-5 -0.03812336 -0.03235089 -5e-5 -0.03812336 -0.03235089 5e-5 -0.03822487 -0.03223121 -5e-5 -0.03822487 -0.03223121 5e-5 -0.03832602 -0.03211081 -5e-5 -0.03832602 -0.03211081 5e-5 -0.03842651 -0.03199023 -5e-5 -0.03842651 -0.03199023 5e-5 -0.03852701 -0.03186953 -5e-5 -0.03852701 -0.03186953 5e-5 -0.03862679 -0.03174835 -5e-5 -0.03862679 -0.03174835 5e-5 -0.03872632 -0.03162682 -5e-5 -0.03872632 -0.03162682 5e-5 -0.03882563 -0.03150486 -5e-5 -0.03882563 -0.03150486 5e-5 -0.03892421 -0.03138273 -5e-5 -0.03892421 -0.03138273 5e-5 -0.0390228 -0.03126049 -5e-5 -0.0390228 -0.03126049 5e-5 -0.03912085 -0.0311377 -5e-5 -0.03912085 -0.0311377 5e-5 -0.03921824 -0.03101468 -5e-5 -0.03921824 -0.03101468 5e-5 -0.0393157 -0.03089118 -5e-5 -0.0393157 -0.03089118 5e-5 -0.03941237 -0.03076756 -5e-5 -0.03941237 -0.03076756 5e-5 -0.03950881 -0.0306437 -5e-5 -0.03950881 -0.0306437 5e-5 -0.03960508 -0.03051942 -5e-5 -0.03960508 -0.03051942 5e-5 -0.03970056 -0.03039485 -5e-5 -0.03970056 -0.03039485 5e-5 -0.03979605 -0.03026998 -5e-5 -0.03979605 -0.03026998 5e-5 -0.03989094 -0.03014481 -5e-5 -0.03989094 -0.03014481 5e-5 -0.03998523 -0.0300194 -5e-5 -0.03998523 -0.0300194 5e-5 -0.04007953 -0.02989345 -5e-5 -0.04007953 -0.02989345 5e-5 -0.04017323 -0.02976757 -5e-5 -0.04017323 -0.02976757 5e-5 -0.04026657 -0.02964121 -5e-5 -0.04026657 -0.02964121 5e-5 -0.04035925 -0.02951455 -5e-5 -0.04035925 -0.02951455 5e-5 -0.040452 -0.02938765 -5e-5 -0.040452 -0.02938765 5e-5 -0.04054409 -0.02926027 -5e-5 -0.04054409 -0.02926027 5e-5 -0.04063582 -0.0291329 -5e-5 -0.04063582 -0.0291329 5e-5 -0.04072695 -0.02900511 -5e-5 -0.04072695 -0.02900511 5e-5 -0.04081785 -0.02887696 -5e-5 -0.04081785 -0.02887696 5e-5 -0.04090857 -0.02874869 -5e-5 -0.04090857 -0.02874869 5e-5 -0.04099851 -0.02862 -5e-5 -0.04099851 -0.02862 5e-5 -0.0410884 -0.02849102 -5e-5 -0.0410884 -0.02849102 5e-5 -0.04117769 -0.02836167 -5e-5 -0.04117769 -0.02836167 5e-5 -0.04126656 -0.02823239 -5e-5 -0.04126656 -0.02823239 5e-5 -0.04135507 -0.02810239 -5e-5 -0.04135507 -0.02810239 5e-5 -0.04144299 -0.0279724 -5e-5 -0.04144299 -0.0279724 5e-5 -0.0415306 -0.02784222 -5e-5 -0.0415306 -0.02784222 5e-5 -0.04161787 -0.02771157 -5e-5 -0.04161787 -0.02771157 5e-5 -0.04170489 -0.02758055 -5e-5 -0.04170489 -0.02758055 5e-5 -0.04179126 -0.02744942 -5e-5 -0.04179126 -0.02744942 5e-5 -0.04187721 -0.02731812 -5e-5 -0.04187721 -0.02731812 5e-5 -0.04196298 -0.02718651 -5e-5 -0.04196298 -0.02718651 5e-5 -0.04204797 -0.02705436 -5e-5 -0.04204797 -0.02705436 5e-5 -0.04213297 -0.02692228 -5e-5 -0.04213297 -0.02692228 5e-5 -0.04221731 -0.02678984 -5e-5 -0.04221731 -0.02678984 5e-5 -0.04230111 -0.02665704 -5e-5 -0.04230111 -0.02665704 5e-5 -0.0423848 -0.02652388 -5e-5 -0.0423848 -0.02652388 5e-5 -0.04246789 -0.02639079 -5e-5 -0.04246789 -0.02639079 5e-5 -0.04255062 -0.02625703 -5e-5 -0.04255062 -0.02625703 5e-5 -0.04263269 -0.0261234 -5e-5 -0.04263269 -0.0261234 5e-5 -0.04271471 -0.02598935 -5e-5 -0.04271471 -0.02598935 5e-5 -0.04279619 -0.02585506 -5e-5 -0.04279619 -0.02585506 5e-5 -0.04287701 -0.02572029 -5e-5 -0.04287701 -0.02572029 5e-5 -0.04295778 -0.02558565 -5e-5 -0.04295778 -0.02558565 5e-5 -0.04303795 -0.0254504 -5e-5 -0.04303795 -0.0254504 5e-5 -0.0431177 -0.02531528 -5e-5 -0.0431177 -0.02531528 5e-5 -0.04319679 -0.02517968 -5e-5 -0.04319679 -0.02517968 5e-5 -0.04327589 -0.0250439 -5e-5 -0.04327589 -0.0250439 5e-5 -0.04335433 -0.02490764 -5e-5 -0.04335433 -0.02490764 5e-5 -0.04343235 -0.02477151 -5e-5 -0.04343235 -0.02477151 5e-5 -0.04350996 -0.02463477 -5e-5 -0.04350996 -0.02463477 5e-5 -0.04358696 -0.0244981 -5e-5 -0.04358696 -0.0244981 5e-5 -0.04366374 -0.02436107 -5e-5 -0.04366374 -0.02436107 5e-5 -0.04374021 -0.0242238 -5e-5 -0.04374021 -0.0242238 5e-5 -0.04381603 -0.02408611 -5e-5 -0.04381603 -0.02408611 5e-5 -0.04389137 -0.02394849 -5e-5 -0.04389137 -0.02394849 5e-5 -0.04396653 -0.0238105 -5e-5 -0.04396653 -0.0238105 5e-5 -0.04404091 -0.02367228 -5e-5 -0.04404091 -0.02367228 5e-5 -0.04411518 -0.02353382 -5e-5 -0.04411518 -0.02353382 5e-5 -0.04418879 -0.02339512 -5e-5 -0.04418879 -0.02339512 5e-5 -0.04426223 -0.02325618 -5e-5 -0.04426223 -0.02325618 5e-5 -0.04433488 -0.023117 -5e-5 -0.04433488 -0.023117 5e-5 -0.0444073 -0.02297765 -5e-5 -0.0444073 -0.02297765 5e-5 -0.04447937 -0.02283793 -5e-5 -0.04447937 -0.02283793 5e-5 -0.04455095 -0.02269816 -5e-5 -0.04455095 -0.02269816 5e-5 -0.04462206 -0.02255809 -5e-5 -0.04462206 -0.02255809 5e-5 -0.04469269 -0.02241784 -5e-5 -0.04469269 -0.02241784 5e-5 -0.04476279 -0.02227729 -5e-5 -0.04476279 -0.02227729 5e-5 -0.04483246 -0.02213639 -5e-5 -0.04483246 -0.02213639 5e-5 -0.04490178 -0.02199566 -5e-5 -0.04490178 -0.02199566 5e-5 -0.04497087 -0.02185446 -5e-5 -0.04497087 -0.02185446 5e-5 -0.04503911 -0.02171289 -5e-5 -0.04503911 -0.02171289 5e-5 -0.0451073 -0.02157133 -5e-5 -0.0451073 -0.02157133 5e-5 -0.04517465 -0.02142953 -5e-5 -0.04517465 -0.02142953 5e-5 -0.04524195 -0.02128762 -5e-5 -0.04524195 -0.02128762 5e-5 -0.04530853 -0.02114546 -5e-5 -0.04530853 -0.02114546 5e-5 -0.04537475 -0.02100282 -5e-5 -0.04537475 -0.02100282 5e-5 -0.04544055 -0.02086037 -5e-5 -0.04544055 -0.02086037 5e-5 -0.04550582 -0.0207175 -5e-5 -0.04550582 -0.0207175 5e-5 -0.04557067 -0.02057445 -5e-5 -0.04557067 -0.02057445 5e-5 -0.0456351 -0.02043122 -5e-5 -0.0456351 -0.02043122 5e-5 -0.045699 -0.02028775 -5e-5 -0.045699 -0.02028775 5e-5 -0.04576241 -0.0201441 -5e-5 -0.04576241 -0.0201441 5e-5 -0.0458256 -0.0200001 -5e-5 -0.0458256 -0.0200001 5e-5 -0.04588824 -0.01985615 -5e-5 -0.04588824 -0.01985615 5e-5 -0.04595035 -0.01971191 -5e-5 -0.04595035 -0.01971191 5e-5 -0.04601204 -0.01956743 -5e-5 -0.04601204 -0.01956743 5e-5 -0.04607313 -0.01942265 -5e-5 -0.04607313 -0.01942265 5e-5 -0.04613411 -0.01927793 -5e-5 -0.04613411 -0.01927793 5e-5 -0.04619443 -0.01913297 -5e-5 -0.04619443 -0.01913297 5e-5 -0.04625415 -0.01898777 -5e-5 -0.04625415 -0.01898777 5e-5 -0.0463137 -0.01884222 -5e-5 -0.0463137 -0.01884222 5e-5 -0.04637271 -0.01869678 -5e-5 -0.04637271 -0.01869678 5e-5 -0.04643118 -0.01855105 -5e-5 -0.04643118 -0.01855105 5e-5 -0.04648905 -0.01840502 -5e-5 -0.04648905 -0.01840502 5e-5 -0.04654663 -0.01825881 -5e-5 -0.04654663 -0.01825881 5e-5 -0.04660379 -0.01811254 -5e-5 -0.04660379 -0.01811254 5e-5 -0.04666066 -0.01796615 -5e-5 -0.04666066 -0.01796615 5e-5 -0.04671669 -0.01781946 -5e-5 -0.04671669 -0.01781946 5e-5 -0.04677248 -0.01767247 -5e-5 -0.04677248 -0.01767247 5e-5 -0.04682785 -0.01752561 -5e-5 -0.04682785 -0.01752561 5e-5 -0.04688251 -0.01737833 -5e-5 -0.04688251 -0.01737833 5e-5 -0.04693686 -0.01723086 -5e-5 -0.04693686 -0.01723086 5e-5 -0.04699093 -0.01708352 -5e-5 -0.04699093 -0.01708352 5e-5 -0.04704421 -0.01693582 -5e-5 -0.04704421 -0.01693582 5e-5 -0.04709738 -0.01678794 -5e-5 -0.04709738 -0.01678794 5e-5 -0.04714971 -0.01663976 -5e-5 -0.04714971 -0.01663976 5e-5 -0.04720193 -0.01649171 -5e-5 -0.04720193 -0.01649171 5e-5 -0.04725337 -0.01634335 -5e-5 -0.04725337 -0.01634335 5e-5 -0.04730457 -0.01619482 -5e-5 -0.04730457 -0.01619482 5e-5 -0.04735523 -0.01604616 -5e-5 -0.04735523 -0.01604616 5e-5 -0.04740542 -0.01589733 -5e-5 -0.04740542 -0.01589733 5e-5 -0.04745513 -0.01574832 -5e-5 -0.04745513 -0.01574832 5e-5 -0.0475043 -0.01559919 -5e-5 -0.0475043 -0.01559919 5e-5 -0.04755312 -0.01544988 -5e-5 -0.04755312 -0.01544988 5e-5 -0.0476014 -0.01530039 -5e-5 -0.0476014 -0.01530039 5e-5 -0.04764926 -0.0151506 -5e-5 -0.04764926 -0.0151506 5e-5 -0.04769659 -0.01500082 -5e-5 -0.04769659 -0.01500082 5e-5 -0.04774338 -0.01485109 -5e-5 -0.04774338 -0.01485109 5e-5 -0.04778993 -0.01470088 -5e-5 -0.04778993 -0.01470088 5e-5 -0.0478357 -0.01455086 -5e-5 -0.0478357 -0.01455086 5e-5 -0.0478813 -0.01440054 -5e-5 -0.0478813 -0.01440054 5e-5 -0.04792612 -0.01425004 -5e-5 -0.04792612 -0.01425004 5e-5 -0.04797089 -0.01409924 -5e-5 -0.04797089 -0.01409924 5e-5 -0.04801476 -0.0139485 -5e-5 -0.04801476 -0.0139485 5e-5 -0.04805845 -0.01379776 -5e-5 -0.04805845 -0.01379776 5e-5 -0.0481016 -0.01364672 -5e-5 -0.0481016 -0.01364672 5e-5 -0.04814422 -0.0134955 -5e-5 -0.04814422 -0.0134955 5e-5 -0.04818642 -0.01334404 -5e-5 -0.04818642 -0.01334404 5e-5 -0.04822808 -0.01319277 -5e-5 -0.04822808 -0.01319277 5e-5 -0.04826927 -0.01304101 -5e-5 -0.04826927 -0.01304101 5e-5 -0.04831004 -0.0128895 -5e-5 -0.04831004 -0.0128895 5e-5 -0.04835027 -0.01273769 -5e-5 -0.04835027 -0.01273769 5e-5 -0.04839003 -0.01258558 -5e-5 -0.04839003 -0.01258558 5e-5 -0.04842931 -0.01243346 -5e-5 -0.04842931 -0.01243346 5e-5 -0.04846817 -0.01228129 -5e-5 -0.04846817 -0.01228129 5e-5 -0.04850631 -0.01212894 -5e-5 -0.04850631 -0.01212894 5e-5 -0.04854416 -0.01197654 -5e-5 -0.04854416 -0.01197654 5e-5 -0.0485816 -0.01182413 -5e-5 -0.0485816 -0.01182413 5e-5 -0.04861867 -0.01167148 -5e-5 -0.04861867 -0.01167148 5e-5 -0.04865509 -0.01151853 -5e-5 -0.04865509 -0.01151853 5e-5 -0.04869103 -0.01136577 -5e-5 -0.04869103 -0.01136577 5e-5 -0.04872632 -0.01121258 -5e-5 -0.04872632 -0.01121258 5e-5 -0.0487613 -0.01105964 -5e-5 -0.0487613 -0.01105964 5e-5 -0.04879581 -0.01090621 -5e-5 -0.04879581 -0.01090621 5e-5 -0.04882997 -0.01075291 -5e-5 -0.04882997 -0.01075291 5e-5 -0.04886353 -0.01059961 -5e-5 -0.04886353 -0.01059961 5e-5 -0.04889661 -0.01044607 -5e-5 -0.04889661 -0.01044607 5e-5 -0.04892915 -0.01029241 -5e-5 -0.04892915 -0.01029241 5e-5 -0.04896128 -0.01013869 -5e-5 -0.04896128 -0.01013869 5e-5 -0.04899287 -0.009984791 -5e-5 -0.04899287 -0.009984791 5e-5 -0.0490238 -0.009830832 -5e-5 -0.0490238 -0.009830832 5e-5 -0.04905462 -0.009676814 -5e-5 -0.04905462 -0.009676814 5e-5 -0.04908478 -0.009522676 -5e-5 -0.04908478 -0.009522676 5e-5 -0.04911428 -0.009368419 -5e-5 -0.04911428 -0.009368419 5e-5 -0.04914367 -0.009214103 -5e-5 -0.04914367 -0.009214103 5e-5 -0.04917234 -0.009059667 -5e-5 -0.04917234 -0.009059667 5e-5 -0.04920059 -0.008905112 -5e-5 -0.04920059 -0.008905112 5e-5 -0.04922831 -0.008750557 -5e-5 -0.04922831 -0.008750557 5e-5 -0.04925549 -0.008595824 -5e-5 -0.04925549 -0.008595824 5e-5 -0.04928231 -0.00844109 -5e-5 -0.04928231 -0.00844109 5e-5 -0.04930841 -0.008286237 -5e-5 -0.04930841 -0.008286237 5e-5 -0.04933416 -0.008131265 -5e-5 -0.04933416 -0.008131265 5e-5 -0.04935956 -0.007976233 -5e-5 -0.04935956 -0.007976233 5e-5 -0.04938447 -0.007821142 -5e-5 -0.04938447 -0.007821142 5e-5 -0.04940879 -0.007665932 -5e-5 -0.04940879 -0.007665932 5e-5 -0.04943257 -0.007510662 -5e-5 -0.04943257 -0.007510662 5e-5 -0.049456 -0.007355332 -5e-5 -0.049456 -0.007355332 5e-5 -0.04947865 -0.007199943 -5e-5 -0.04947865 -0.007199943 5e-5 -0.04950124 -0.007044494 -5e-5 -0.04950124 -0.007044494 5e-5 -0.04952311 -0.006888926 -5e-5 -0.04952311 -0.006888926 5e-5 -0.04954451 -0.006733357 -5e-5 -0.04954451 -0.006733357 5e-5 -0.04956543 -0.00657773 -5e-5 -0.04956543 -0.00657773 5e-5 -0.0495857 -0.006421983 -5e-5 -0.0495857 -0.006421983 5e-5 -0.0496056 -0.006266117 -5e-5 -0.0496056 -0.006266117 5e-5 -0.04962503 -0.00611031 -5e-5 -0.04962503 -0.00611031 5e-5 -0.04964417 -0.005954325 -5e-5 -0.04964417 -0.005954325 5e-5 -0.04966259 -0.005798399 -5e-5 -0.04966259 -0.005798399 5e-5 -0.04968059 -0.005642354 -5e-5 -0.04968059 -0.005642354 5e-5 -0.04969805 -0.005486309 -5e-5 -0.04969805 -0.005486309 5e-5 -0.04971504 -0.005330145 -5e-5 -0.04971504 -0.005330145 5e-5 -0.04973155 -0.005173861 -5e-5 -0.04973155 -0.005173861 5e-5 -0.0497474 -0.005017638 -5e-5 -0.0497474 -0.005017638 5e-5 -0.04976308 -0.004861295 -5e-5 -0.04976308 -0.004861295 5e-5 -0.0497781 -0.004704952 -5e-5 -0.0497781 -0.004704952 5e-5 -0.04979246 -0.004548609 -5e-5 -0.04979246 -0.004548609 5e-5 -0.04980671 -0.004392147 -5e-5 -0.04980671 -0.004392147 5e-5 -0.04982024 -0.004235625 -5e-5 -0.04982024 -0.004235625 5e-5 -0.04983311 -0.004079163 -5e-5 -0.04983311 -0.004079163 5e-5 -0.04984587 -0.003922641 -5e-5 -0.04984587 -0.003922641 5e-5 -0.04985797 -0.003766 -5e-5 -0.04985797 -0.003766 5e-5 -0.04986935 -0.003609359 -5e-5 -0.04986935 -0.003609359 5e-5 -0.04988062 -0.003452718 -5e-5 -0.04988062 -0.003452718 5e-5 -0.04989123 -0.003295958 -5e-5 -0.04989123 -0.003295958 5e-5 -0.04990112 -0.003139257 -5e-5 -0.04990112 -0.003139257 5e-5 -0.04991096 -0.002982378 -5e-5 -0.04991096 -0.002982378 5e-5 -0.04992008 -0.002825677 -5e-5 -0.04992008 -0.002825677 5e-5 -0.04992872 -0.002668738 -5e-5 -0.04992872 -0.002668738 5e-5 -0.04993683 -0.002511978 -5e-5 -0.04993683 -0.002511978 5e-5 -0.04994446 -0.002355039 -5e-5 -0.04994446 -0.002355039 5e-5 -0.04995161 -0.0021981 -5e-5 -0.04995161 -0.0021981 5e-5 -0.0499581 -0.002041161 -5e-5 -0.0499581 -0.002041161 5e-5 -0.0499643 -0.001884222 -5e-5 -0.0499643 -0.001884222 5e-5 -0.04997009 -0.001727283 -5e-5 -0.04997009 -0.001727283 5e-5 -0.04997515 -0.001570284 -5e-5 -0.04997515 -0.001570284 5e-5 -0.04997998 -0.001413345 -5e-5 -0.04997998 -0.001413345 5e-5 -0.04998403 -0.001256287 -5e-5 -0.04998403 -0.001256287 5e-5 -0.04998791 -0.001099288 -5e-5 -0.04998791 -0.001099288 5e-5 -0.04999107 -9.42293e-4 -5e-5 -0.04999107 -9.42293e-4 5e-5 -0.04999381 -7.85246e-4 -5e-5 -0.04999381 -7.85246e-4 5e-5 -0.04999583 -6.28192e-4 -5e-5 -0.04999583 -6.28192e-4 5e-5 -0.04999756 -4.71131e-4 -5e-5 -0.04999756 -4.71131e-4 5e-5 -0.04999881 -3.14066e-4 -5e-5 -0.04999881 -3.14066e-4 5e-5 -0.04999971 -1.56998e-4 -5e-5 -0.04999971 -1.56998e-4 5e-5 -0.04999995 0 -5e-5 -0.04999995 0 5e-5 -0.04999971 1.57142e-4 -5e-5 -0.04999971 1.57142e-4 5e-5 -0.04999881 3.1421e-4 -5e-5 -0.04999881 3.1421e-4 5e-5 -0.04999756 4.71276e-4 -5e-5 -0.04999756 4.71276e-4 5e-5 -0.04999583 6.28336e-4 -5e-5 -0.04999583 6.28336e-4 5e-5 -0.04999381 7.85391e-4 -5e-5 -0.04999381 7.85391e-4 5e-5 -0.04999107 9.42437e-4 -5e-5 -0.04999107 9.42437e-4 5e-5 -0.04998791 0.001099467 -5e-5 -0.04998791 0.001099467 5e-5 -0.04998403 0.001256406 -5e-5 -0.04998403 0.001256406 5e-5 -0.04997998 0.001413345 -5e-5 -0.04997998 0.001413345 5e-5 -0.04997515 0.001570463 -5e-5 -0.04997515 0.001570463 5e-5 -0.04997009 0.001727402 -5e-5 -0.04997009 0.001727402 5e-5 -0.04996424 0.00188446 -5e-5 -0.04996424 0.00188446 5e-5 -0.0499581 0.002041399 -5e-5 -0.0499581 0.002041399 5e-5 -0.04995161 0.002198338 -5e-5 -0.04995161 0.002198338 5e-5 -0.04994446 0.002355158 -5e-5 -0.04994446 0.002355158 5e-5 -0.04993683 0.002512097 -5e-5 -0.04993683 0.002512097 5e-5 -0.04992866 0.002668917 -5e-5 -0.04992866 0.002668917 5e-5 -0.04992008 0.002825677 -5e-5 -0.04992008 0.002825677 5e-5 -0.04991096 0.002982616 -5e-5 -0.04991096 0.002982616 5e-5 -0.04990112 0.003139317 -5e-5 -0.04990112 0.003139317 5e-5 -0.04989123 0.003296077 -5e-5 -0.04989123 0.003296077 5e-5 -0.04988062 0.003452837 -5e-5 -0.04988062 0.003452837 5e-5 -0.04986935 0.003609538 -5e-5 -0.04986935 0.003609538 5e-5 -0.04985791 0.003766179 -5e-5 -0.04985791 0.003766179 5e-5 -0.04984587 0.00392276 -5e-5 -0.04984587 0.00392276 5e-5 -0.04983311 0.004079282 -5e-5 -0.04983311 0.004079282 5e-5 -0.04982024 0.004235804 -5e-5 -0.04982024 0.004235804 5e-5 -0.04980665 0.004392266 -5e-5 -0.04980665 0.004392266 5e-5 -0.04979246 0.004548788 -5e-5 -0.04979246 0.004548788 5e-5 -0.0497781 0.00470519 -5e-5 -0.0497781 0.00470519 5e-5 -0.04976308 0.004861474 -5e-5 -0.04976308 0.004861474 5e-5 -0.04974734 0.005017817 -5e-5 -0.04974734 0.005017817 5e-5 -0.04973155 0.0051741 -5e-5 -0.04973155 0.0051741 5e-5 -0.04971504 0.005330204 -5e-5 -0.04971504 0.005330204 5e-5 -0.04969805 0.005486369 -5e-5 -0.04969805 0.005486369 5e-5 -0.04968059 0.005642533 -5e-5 -0.04968059 0.005642533 5e-5 -0.04966259 0.005798578 -5e-5 -0.04966259 0.005798578 5e-5 -0.04964411 0.005954504 -5e-5 -0.04964411 0.005954504 5e-5 -0.04962503 0.006110489 -5e-5 -0.04962503 0.006110489 5e-5 -0.04960554 0.006266355 -5e-5 -0.04960554 0.006266355 5e-5 -0.0495857 0.006422102 -5e-5 -0.0495857 0.006422102 5e-5 -0.04956537 0.006577849 -5e-5 -0.04956537 0.006577849 5e-5 -0.04954451 0.006733477 -5e-5 -0.04954451 0.006733477 5e-5 -0.04952311 0.006889164 -5e-5 -0.04952311 0.006889164 5e-5 -0.04950118 0.007044613 -5e-5 -0.04950118 0.007044613 5e-5 -0.04947865 0.007200062 -5e-5 -0.04947865 0.007200062 5e-5 -0.049456 0.007355511 -5e-5 -0.049456 0.007355511 5e-5 -0.04943257 0.0075109 -5e-5 -0.04943257 0.0075109 5e-5 -0.04940879 0.007666051 -5e-5 -0.04940879 0.007666051 5e-5 -0.04938447 0.007821321 -5e-5 -0.04938447 0.007821321 5e-5 -0.04935956 0.007976412 -5e-5 -0.04935956 0.007976412 5e-5 -0.04933416 0.008131444 -5e-5 -0.04933416 0.008131444 5e-5 -0.04930835 0.008286356 -5e-5 -0.04930835 0.008286356 5e-5 -0.04928225 0.008441209 -5e-5 -0.04928225 0.008441209 5e-5 -0.04925549 0.008596003 -5e-5 -0.04925549 0.008596003 5e-5 -0.04922825 0.008750677 -5e-5 -0.04922825 0.008750677 5e-5 -0.04920053 0.008905291 -5e-5 -0.04920053 0.008905291 5e-5 -0.04917234 0.009059786 -5e-5 -0.04917234 0.009059786 5e-5 -0.04914361 0.009214222 -5e-5 -0.04914361 0.009214222 5e-5 -0.04911422 0.009368538 -5e-5 -0.04911422 0.009368538 5e-5 -0.04908478 0.009522795 -5e-5 -0.04908478 0.009522795 5e-5 -0.04905462 0.009676933 -5e-5 -0.04905462 0.009676933 5e-5 -0.0490238 0.009831011 -5e-5 -0.0490238 0.009831011 5e-5 -0.04899281 0.00998497 -5e-5 -0.04899281 0.00998497 5e-5 -0.04896122 0.01013875 -5e-5 -0.04896122 0.01013875 5e-5 -0.04892915 0.01029253 -5e-5 -0.04892915 0.01029253 5e-5 -0.04889655 0.01044619 -5e-5 -0.04889655 0.01044619 5e-5 -0.04886353 0.01059979 -5e-5 -0.04886353 0.01059979 5e-5 -0.04882997 0.01075321 -5e-5 -0.04882997 0.01075321 5e-5 -0.04879575 0.01090639 -5e-5 -0.04879575 0.01090639 5e-5 -0.04876124 0.01105982 -5e-5 -0.04876124 0.01105982 5e-5 -0.04872632 0.01121294 -5e-5 -0.04872632 0.01121294 5e-5 -0.04869097 0.01136595 -5e-5 -0.04869097 0.01136595 5e-5 -0.04865503 0.01151865 -5e-5 -0.04865503 0.01151865 5e-5 -0.04861861 0.0116716 -5e-5 -0.04861861 0.0116716 5e-5 -0.0485816 0.01182425 -5e-5 -0.0485816 0.01182425 5e-5 -0.04854416 0.01197665 -5e-5 -0.04854416 0.01197665 5e-5 -0.04850631 0.01212912 -5e-5 -0.04850631 0.01212912 5e-5 -0.04846811 0.01228141 -5e-5 -0.04846811 0.01228141 5e-5 -0.04842931 0.01243364 -5e-5 -0.04842931 0.01243364 5e-5 -0.04839003 0.01258569 -5e-5 -0.04839003 0.01258569 5e-5 -0.04835021 0.01273781 -5e-5 -0.04835021 0.01273781 5e-5 -0.04830998 0.01288968 -5e-5 -0.04830998 0.01288968 5e-5 -0.04826927 0.01304119 -5e-5 -0.04826927 0.01304119 5e-5 -0.04822796 0.01319289 -5e-5 -0.04822796 0.01319289 5e-5 -0.04818636 0.01334416 -5e-5 -0.04818636 0.01334416 5e-5 -0.04814422 0.01349568 -5e-5 -0.04814422 0.01349568 5e-5 -0.04810154 0.01364684 -5e-5 -0.04810154 0.01364684 5e-5 -0.04805845 0.01379776 -5e-5 -0.04805845 0.01379776 5e-5 -0.04801476 0.01394861 -5e-5 -0.04801476 0.01394861 5e-5 -0.04797083 0.01409935 -5e-5 -0.04797083 0.01409935 5e-5 -0.04792612 0.01425004 -5e-5 -0.04792612 0.01425004 5e-5 -0.0478813 0.01440066 -5e-5 -0.0478813 0.01440066 5e-5 -0.04783564 0.01455098 -5e-5 -0.04783564 0.01455098 5e-5 -0.04778987 0.014701 -5e-5 -0.04778987 0.014701 5e-5 -0.04774338 0.01485127 -5e-5 -0.04774338 0.01485127 5e-5 -0.04769659 0.01500099 -5e-5 -0.04769659 0.01500099 5e-5 -0.0476492 0.0151509 -5e-5 -0.0476492 0.0151509 5e-5 -0.0476014 0.01530051 -5e-5 -0.0476014 0.01530051 5e-5 -0.04755306 0.01545 -5e-5 -0.04755306 0.01545 5e-5 -0.04750412 0.01559931 -5e-5 -0.04750412 0.01559931 5e-5 -0.04745507 0.01574844 -5e-5 -0.04745507 0.01574844 5e-5 -0.04740536 0.01589745 -5e-5 -0.04740536 0.01589745 5e-5 -0.04735517 0.01604628 -5e-5 -0.04735517 0.01604628 5e-5 -0.04730457 0.01619488 -5e-5 -0.04730457 0.01619488 5e-5 -0.04725337 0.01634347 -5e-5 -0.04725337 0.01634347 5e-5 -0.04720187 0.01649183 -5e-5 -0.04720187 0.01649183 5e-5 -0.04714965 0.01663988 -5e-5 -0.04714965 0.01663988 5e-5 -0.04709726 0.01678806 -5e-5 -0.04709726 0.01678806 5e-5 -0.04704415 0.01693594 -5e-5 -0.04704415 0.01693594 5e-5 -0.04699093 0.01708364 -5e-5 -0.04699093 0.01708364 5e-5 -0.04693681 0.01723116 -5e-5 -0.04693681 0.01723116 5e-5 -0.04688251 0.01737838 -5e-5 -0.04688251 0.01737838 5e-5 -0.04682785 0.01752573 -5e-5 -0.04682785 0.01752573 5e-5 -0.04677248 0.01767259 -5e-5 -0.04677248 0.01767259 5e-5 -0.04671669 0.01781958 -5e-5 -0.04671669 0.01781958 5e-5 -0.0466606 0.01796627 -5e-5 -0.0466606 0.01796627 5e-5 -0.04660373 0.01811259 -5e-5 -0.04660373 0.01811259 5e-5 -0.04654657 0.01825892 -5e-5 -0.04654657 0.01825892 5e-5 -0.046489 0.01840502 -5e-5 -0.046489 0.01840502 5e-5 -0.04643112 0.01855117 -5e-5 -0.04643112 0.01855117 5e-5 -0.04637265 0.0186969 -5e-5 -0.04637265 0.0186969 5e-5 -0.0463137 0.01884233 -5e-5 -0.0463137 0.01884233 5e-5 -0.04625409 0.01898789 -5e-5 -0.04625409 0.01898789 5e-5 -0.04619437 0.01913315 -5e-5 -0.04619437 0.01913315 5e-5 -0.04613405 0.01927798 -5e-5 -0.04613405 0.01927798 5e-5 -0.04607307 0.01942276 -5e-5 -0.04607307 0.01942276 5e-5 -0.04601204 0.01956743 -5e-5 -0.04601204 0.01956743 5e-5 -0.04595029 0.01971203 -5e-5 -0.04595029 0.01971203 5e-5 -0.04588812 0.01985633 -5e-5 -0.04588812 0.01985633 5e-5 -0.04582554 0.02000015 -5e-5 -0.04582554 0.02000015 5e-5 -0.04576236 0.02014422 -5e-5 -0.04576236 0.02014422 5e-5 -0.045699 0.02028787 -5e-5 -0.045699 0.02028787 5e-5 -0.04563504 0.02043128 -5e-5 -0.04563504 0.02043128 5e-5 -0.04557061 0.02057451 -5e-5 -0.04557061 0.02057451 5e-5 -0.04550576 0.02071762 -5e-5 -0.04550576 0.02071762 5e-5 -0.04544049 0.02086049 -5e-5 -0.04544049 0.02086049 5e-5 -0.04537469 0.02100294 -5e-5 -0.04537469 0.02100294 5e-5 -0.04530853 0.02114558 -5e-5 -0.04530853 0.02114558 5e-5 -0.04524189 0.02128762 -5e-5 -0.04524189 0.02128762 5e-5 -0.04517459 0.02142965 -5e-5 -0.04517459 0.02142965 5e-5 -0.04510718 0.02157163 -5e-5 -0.04510718 0.02157163 5e-5 -0.04503905 0.02171301 -5e-5 -0.04503905 0.02171301 5e-5 -0.04497081 0.02185446 -5e-5 -0.04497081 0.02185446 5e-5 -0.04490172 0.02199578 -5e-5 -0.04490172 0.02199578 5e-5 -0.0448324 0.0221365 -5e-5 -0.0448324 0.0221365 5e-5 -0.04476279 0.02227741 -5e-5 -0.04476279 0.02227741 5e-5 -0.04469257 0.02241796 -5e-5 -0.04469257 0.02241796 5e-5 -0.044622 0.02255821 -5e-5 -0.044622 0.02255821 5e-5 -0.04455071 0.02269828 -5e-5 -0.04455071 0.02269828 5e-5 -0.04447937 0.02283811 -5e-5 -0.04447937 0.02283811 5e-5 -0.04440724 0.02297765 -5e-5 -0.04440724 0.02297765 5e-5 -0.04433482 0.02311712 -5e-5 -0.04433482 0.02311712 5e-5 -0.04426217 0.0232563 -5e-5 -0.04426217 0.0232563 5e-5 -0.04418873 0.02339524 -5e-5 -0.04418873 0.02339524 5e-5 -0.044115 0.02353394 -5e-5 -0.044115 0.02353394 5e-5 -0.04404085 0.0236724 -5e-5 -0.04404085 0.0236724 5e-5 -0.04396647 0.02381062 -5e-5 -0.04396647 0.02381062 5e-5 -0.04389137 0.02394855 -5e-5 -0.04389137 0.02394855 5e-5 -0.04381603 0.02408641 -5e-5 -0.04381603 0.02408641 5e-5 -0.04374015 0.02422392 -5e-5 -0.04374015 0.02422392 5e-5 -0.04366374 0.02436119 -5e-5 -0.04366374 0.02436119 5e-5 -0.0435869 0.02449822 -5e-5 -0.0435869 0.02449822 5e-5 -0.0435099 0.02463489 -5e-5 -0.0435099 0.02463489 5e-5 -0.04343229 0.02477163 -5e-5 -0.04343229 0.02477163 5e-5 -0.04335427 0.02490776 -5e-5 -0.04335427 0.02490776 5e-5 -0.04327577 0.02504402 -5e-5 -0.04327577 0.02504402 5e-5 -0.04319673 0.0251798 -5e-5 -0.04319673 0.0251798 5e-5 -0.04311758 0.0253154 -5e-5 -0.04311758 0.0253154 5e-5 -0.04303789 0.0254507 -5e-5 -0.04303789 0.0254507 5e-5 -0.04295772 0.02558577 -5e-5 -0.04295772 0.02558577 5e-5 -0.04287695 0.02572059 -5e-5 -0.04287695 0.02572059 5e-5 -0.04279601 0.02585518 -5e-5 -0.04279601 0.02585518 5e-5 -0.04271459 0.02598947 -5e-5 -0.04271459 0.02598947 5e-5 -0.04263263 0.02612358 -5e-5 -0.04263263 0.02612358 5e-5 -0.04255056 0.02625733 -5e-5 -0.04255056 0.02625733 5e-5 -0.04246783 0.02639091 -5e-5 -0.04246783 0.02639091 5e-5 -0.04238474 0.02652418 -5e-5 -0.04238474 0.02652418 5e-5 -0.04230099 0.02665716 -5e-5 -0.04230099 0.02665716 5e-5 -0.04221725 0.02678996 -5e-5 -0.04221725 0.02678996 5e-5 -0.04213285 0.0269224 -5e-5 -0.04213285 0.0269224 5e-5 -0.04204791 0.02705448 -5e-5 -0.04204791 0.02705448 5e-5 -0.04196292 0.02718663 -5e-5 -0.04196292 0.02718663 5e-5 -0.04187721 0.02731812 -5e-5 -0.04187721 0.02731812 5e-5 -0.04179126 0.02744954 -5e-5 -0.04179126 0.02744954 5e-5 -0.04170483 0.02758067 -5e-5 -0.04170483 0.02758067 5e-5 -0.04161787 0.02771157 -5e-5 -0.04161787 0.02771157 5e-5 -0.04153054 0.02784234 -5e-5 -0.04153054 0.02784234 5e-5 -0.04144299 0.02797245 -5e-5 -0.04144299 0.02797245 5e-5 -0.04135495 0.02810269 -5e-5 -0.04135495 0.02810269 5e-5 -0.0412665 0.02823251 -5e-5 -0.0412665 0.02823251 5e-5 -0.04117757 0.02836197 -5e-5 -0.04117757 0.02836197 5e-5 -0.04108828 0.02849102 -5e-5 -0.04108828 0.02849102 5e-5 -0.04099839 0.02862012 -5e-5 -0.04099839 0.02862012 5e-5 -0.04090827 0.02874881 -5e-5 -0.04090827 0.02874881 5e-5 -0.04081779 0.02887696 -5e-5 -0.04081779 0.02887696 5e-5 -0.0407269 0.02900511 -5e-5 -0.0407269 0.02900511 5e-5 -0.04063576 0.02913302 -5e-5 -0.04063576 0.02913302 5e-5 -0.04054403 0.02926051 -5e-5 -0.04054403 0.02926051 5e-5 -0.04045188 0.02938777 -5e-5 -0.04045188 0.02938777 5e-5 -0.04035919 0.02951467 -5e-5 -0.04035919 0.02951467 5e-5 -0.04026645 0.02964133 -5e-5 -0.04026645 0.02964133 5e-5 -0.04017317 0.02976769 -5e-5 -0.04017317 0.02976769 5e-5 -0.04007941 0.02989375 -5e-5 -0.04007941 0.02989375 5e-5 -0.03998517 0.03001952 -5e-5 -0.03998517 0.03001952 5e-5 -0.03989064 0.03014487 -5e-5 -0.03989064 0.03014487 5e-5 -0.03979593 0.03027004 -5e-5 -0.03979593 0.03027004 5e-5 -0.03970044 0.03039497 -5e-5 -0.03970044 0.03039497 5e-5 -0.03960496 0.03051954 -5e-5 -0.03960496 0.03051954 5e-5 -0.0395087 0.03064382 -5e-5 -0.0395087 0.03064382 5e-5 -0.03941226 0.03076761 -5e-5 -0.03941226 0.03076761 5e-5 -0.03931558 0.03089123 -5e-5 -0.03931558 0.03089123 5e-5 -0.03921818 0.0310148 -5e-5 -0.03921818 0.0310148 5e-5 -0.03912073 0.03113782 -5e-5 -0.03912073 0.03113782 5e-5 -0.03902274 0.03126055 -5e-5 -0.03902274 0.03126055 5e-5 -0.03892415 0.03138285 -5e-5 -0.03892415 0.03138285 5e-5 -0.03882557 0.03150492 -5e-5 -0.03882557 0.03150492 5e-5 -0.03872627 0.03162688 -5e-5 -0.03872627 0.03162688 5e-5 -0.03862679 0.03174841 -5e-5 -0.03862679 0.03174841 5e-5 -0.03852689 0.03186959 -5e-5 -0.03852689 0.03186959 5e-5 -0.03842645 0.03199028 -5e-5 -0.03842645 0.03199028 5e-5 -0.03832572 0.03211086 -5e-5 -0.03832572 0.03211086 5e-5 -0.03822469 0.03223127 -5e-5 -0.03822469 0.03223127 5e-5 -0.03812325 0.03235101 -5e-5 -0.03812325 0.03235101 5e-5 -0.03802162 0.03247082 -5e-5 -0.03802162 0.03247082 5e-5 -0.0379194 0.03259009 -5e-5 -0.0379194 0.03259009 5e-5 -0.03781688 0.03270906 -5e-5 -0.03781688 0.03270906 5e-5 -0.03771394 0.03282767 -5e-5 -0.03771394 0.03282767 5e-5 -0.03761059 0.03294599 -5e-5 -0.03761059 0.03294599 5e-5 -0.03750675 0.03306382 -5e-5 -0.03750675 0.03306382 5e-5 -0.03740268 0.03318148 -5e-5 -0.03740268 0.03318148 5e-5 -0.03729844 0.03329885 -5e-5 -0.03729844 0.03329885 5e-5 -0.03719347 0.03341597 -5e-5 -0.03719347 0.03341597 5e-5 -0.03708851 0.0335325 -5e-5 -0.03708851 0.0335325 5e-5 -0.03698295 0.03364884 -5e-5 -0.03698295 0.03364884 5e-5 -0.03687691 0.03376483 -5e-5 -0.03687691 0.03376483 5e-5 -0.03677082 0.03388071 -5e-5 -0.03677082 0.03388071 5e-5 -0.03666406 0.03399586 -5e-5 -0.03666406 0.03399586 5e-5 -0.03655707 0.03411108 -5e-5 -0.03655707 0.03411108 5e-5 -0.03644979 0.0342257 -5e-5 -0.03644979 0.0342257 5e-5 -0.0363422 0.03434008 -5e-5 -0.0363422 0.03434008 5e-5 -0.03623414 0.03445386 -5e-5 -0.03623414 0.03445386 5e-5 -0.0361256 0.03456771 -5e-5 -0.0361256 0.03456771 5e-5 -0.036017 0.03468102 -5e-5 -0.036017 0.03468102 5e-5 -0.03590786 0.03479397 -5e-5 -0.03590786 0.03479397 5e-5 -0.03579837 0.03490644 -5e-5 -0.03579837 0.03490644 5e-5 -0.0356884 0.03501892 -5e-5 -0.0356884 0.03501892 5e-5 -0.03557837 0.03513067 -5e-5 -0.03557837 0.03513067 5e-5 -0.0354678 0.03524225 -5e-5 -0.0354678 0.03524225 5e-5 -0.03535676 0.03535372 -5e-5 -0.03535676 0.03535372 5e-5 -0.03524553 0.03546458 -5e-5 -0.03524553 0.03546458 5e-5 -0.03513395 0.03557515 -5e-5 -0.03513395 0.03557515 5e-5 -0.03502202 0.0356853 -5e-5 -0.03502202 0.0356853 5e-5 -0.0349099 0.03579515 -5e-5 -0.0349099 0.03579515 5e-5 -0.03479731 0.03590446 -5e-5 -0.03479731 0.03590446 5e-5 -0.03468436 0.03601378 -5e-5 -0.03468436 0.03601378 5e-5 -0.03457105 0.03612256 -5e-5 -0.03457105 0.03612256 5e-5 -0.03445732 0.03623098 -5e-5 -0.03445732 0.03623098 5e-5 -0.03434342 0.03633904 -5e-5 -0.03434342 0.03633904 5e-5 -0.03422904 0.03644675 -5e-5 -0.03422904 0.03644675 5e-5 -0.03411442 0.03655391 -5e-5 -0.03411442 0.03655391 5e-5 -0.03399944 0.0366609 -5e-5 -0.03399944 0.0366609 5e-5 -0.03388392 0.03676772 -5e-5 -0.03388392 0.03676772 5e-5 -0.03376835 0.03687381 -5e-5 -0.03376835 0.03687381 5e-5 -0.03365242 0.03697991 -5e-5 -0.03365242 0.03697991 5e-5 -0.03353589 0.03708541 -5e-5 -0.03353589 0.03708541 5e-5 -0.03341943 0.03719043 -5e-5 -0.03341943 0.03719043 5e-5 -0.03330224 0.0372954 -5e-5 -0.03330224 0.0372954 5e-5 -0.03318506 0.03739964 -5e-5 -0.03318506 0.03739964 5e-5 -0.03306746 0.03750371 -5e-5 -0.03306746 0.03750371 5e-5 -0.03294926 0.03760755 -5e-5 -0.03294926 0.03760755 5e-5 -0.03283113 0.0377109 -5e-5 -0.03283113 0.0377109 5e-5 -0.03271234 0.03781384 -5e-5 -0.03271234 0.03781384 5e-5 -0.03259336 0.03791642 -5e-5 -0.03259336 0.03791642 5e-5 -0.03247416 0.03801864 -5e-5 -0.03247416 0.03801864 5e-5 -0.03235471 0.03812026 -5e-5 -0.03235471 0.03812026 5e-5 -0.0322346 0.03822171 -5e-5 -0.0322346 0.03822171 5e-5 -0.03211456 0.03832298 -5e-5 -0.03211456 0.03832298 5e-5 -0.03199404 0.03842347 -5e-5 -0.03199404 0.03842347 5e-5 -0.03187298 0.03852397 -5e-5 -0.03187298 0.03852397 5e-5 -0.03175199 0.03862375 -5e-5 -0.03175199 0.03862375 5e-5 -0.03163033 0.03872328 -5e-5 -0.03163033 0.03872328 5e-5 -0.03150868 0.03882265 -5e-5 -0.03150868 0.03882265 5e-5 -0.03138655 0.03892141 -5e-5 -0.03138655 0.03892141 5e-5 -0.031264 0.03901988 -5e-5 -0.031264 0.03901988 5e-5 -0.0311414 0.03911787 -5e-5 -0.0311414 0.03911787 5e-5 -0.03101831 0.0392155 -5e-5 -0.03101831 0.0392155 5e-5 -0.03089505 0.03931272 -5e-5 -0.03089505 0.03931272 5e-5 -0.03077137 0.03940945 -5e-5 -0.03077137 0.03940945 5e-5 -0.03064727 0.03950589 -5e-5 -0.03064727 0.03950589 5e-5 -0.03052318 0.03960216 -5e-5 -0.03052318 0.03960216 5e-5 -0.03039842 0.03969782 -5e-5 -0.03039842 0.03969782 5e-5 -0.03027379 0.03979313 -5e-5 -0.03027379 0.03979313 5e-5 -0.03014862 0.03988808 -5e-5 -0.03014862 0.03988808 5e-5 -0.03002297 0.03998237 -5e-5 -0.03002297 0.03998237 5e-5 -0.02989739 0.04007667 -5e-5 -0.02989739 0.04007667 5e-5 -0.0297712 0.04017043 -5e-5 -0.0297712 0.04017043 5e-5 -0.02964502 0.04026371 -5e-5 -0.02964502 0.04026371 5e-5 -0.02951842 0.04035651 -5e-5 -0.02951842 0.04035651 5e-5 -0.02939128 0.0404492 -5e-5 -0.02939128 0.0404492 5e-5 -0.02926427 0.04054135 -5e-5 -0.02926427 0.04054135 5e-5 -0.02913659 0.04063308 -5e-5 -0.02913659 0.04063308 5e-5 -0.02900898 0.04072421 -5e-5 -0.02900898 0.04072421 5e-5 -0.02888089 0.04081529 -5e-5 -0.02888089 0.04081529 5e-5 -0.02875256 0.04090583 -5e-5 -0.02875256 0.04090583 5e-5 -0.0286237 0.04099589 -5e-5 -0.0286237 0.04099589 5e-5 -0.02849495 0.04108566 -5e-5 -0.02849495 0.04108566 5e-5 -0.02836579 0.04117482 -5e-5 -0.02836579 0.04117482 5e-5 -0.02823621 0.04126369 -5e-5 -0.02823621 0.04126369 5e-5 -0.02810651 0.04135239 -5e-5 -0.02810651 0.04135239 5e-5 -0.02797645 0.0414403 -5e-5 -0.02797645 0.0414403 5e-5 -0.02784597 0.0415281 -5e-5 -0.02784597 0.0415281 5e-5 -0.02771556 0.04161524 -5e-5 -0.02771556 0.04161524 5e-5 -0.02758467 0.04170227 -5e-5 -0.02758467 0.04170227 5e-5 -0.02745354 0.04178857 -5e-5 -0.02745354 0.04178857 5e-5 -0.02732211 0.04187458 -5e-5 -0.02732211 0.04187458 5e-5 -0.02719026 0.04196023 -5e-5 -0.02719026 0.04196023 5e-5 -0.02705854 0.04204559 -5e-5 -0.02705854 0.04204559 5e-5 -0.0269261 0.04213041 -5e-5 -0.0269261 0.04213041 5e-5 -0.02679365 0.04221481 -5e-5 -0.02679365 0.04221481 5e-5 -0.02666091 0.04229873 -5e-5 -0.02666091 0.04229873 5e-5 -0.02652806 0.04238224 -5e-5 -0.02652806 0.04238224 5e-5 -0.02639478 0.04246526 -5e-5 -0.02639478 0.04246526 5e-5 -0.02626127 0.04254812 -5e-5 -0.02626127 0.04254812 5e-5 -0.02612727 0.04263043 -5e-5 -0.02612727 0.04263043 5e-5 -0.02599322 0.04271227 -5e-5 -0.02599322 0.04271227 5e-5 -0.02585893 0.04279375 -5e-5 -0.02585893 0.04279375 5e-5 -0.02572453 0.04287475 -5e-5 -0.02572453 0.04287475 5e-5 -0.02558976 0.04295516 -5e-5 -0.02558976 0.04295516 5e-5 -0.02545464 0.04303532 -5e-5 -0.02545464 0.04303532 5e-5 -0.02531915 0.04311507 -5e-5 -0.02531915 0.04311507 5e-5 -0.02518361 0.04319459 -5e-5 -0.02518361 0.04319459 5e-5 -0.02504777 0.04327332 -5e-5 -0.02504777 0.04327332 5e-5 -0.02491194 0.04335176 -5e-5 -0.02491194 0.04335176 5e-5 -0.02477562 0.04343003 -5e-5 -0.02477562 0.04343003 5e-5 -0.02463907 0.04350745 -5e-5 -0.02463907 0.04350745 5e-5 -0.02450209 0.04358482 -5e-5 -0.02450209 0.04358482 5e-5 -0.024365 0.04366159 -5e-5 -0.024365 0.04366159 5e-5 -0.02422773 0.0437377 -5e-5 -0.02422773 0.0437377 5e-5 -0.02409029 0.04381376 -5e-5 -0.02409029 0.04381376 5e-5 -0.02395266 0.04388928 -5e-5 -0.02395266 0.04388928 5e-5 -0.02381449 0.04396408 -5e-5 -0.02381449 0.04396408 5e-5 -0.02367645 0.04403889 -5e-5 -0.02367645 0.04403889 5e-5 -0.02353799 0.04411298 -5e-5 -0.02353799 0.04411298 5e-5 -0.02339929 0.04418677 -5e-5 -0.02339929 0.04418677 5e-5 -0.02326035 0.04426002 -5e-5 -0.02326035 0.04426002 5e-5 -0.02312105 0.04433292 -5e-5 -0.02312105 0.04433292 5e-5 -0.02298182 0.04440534 -5e-5 -0.02298182 0.04440534 5e-5 -0.02284204 0.04447728 -5e-5 -0.02284204 0.04447728 5e-5 -0.02270239 0.04454869 -5e-5 -0.02270239 0.04454869 5e-5 -0.02256232 0.04461973 -5e-5 -0.02256232 0.04461973 5e-5 -0.02242207 0.04469043 -5e-5 -0.02242207 0.04469043 5e-5 -0.02228134 0.04476082 -5e-5 -0.02228134 0.04476082 5e-5 -0.0221408 0.04483056 -5e-5 -0.0221408 0.04483056 5e-5 -0.02199989 0.04489988 -5e-5 -0.02199989 0.04489988 5e-5 -0.02185875 0.04496878 -5e-5 -0.02185875 0.04496878 5e-5 -0.02171725 0.04503715 -5e-5 -0.02171725 0.04503715 5e-5 -0.02157557 0.04510504 -5e-5 -0.02157557 0.04510504 5e-5 -0.02143383 0.04517281 -5e-5 -0.02143383 0.04517281 5e-5 -0.02129197 0.04523986 -5e-5 -0.02129197 0.04523986 5e-5 -0.02114975 0.04530656 -5e-5 -0.02114975 0.04530656 5e-5 -0.02100718 0.04537278 -5e-5 -0.02100718 0.04537278 5e-5 -0.02086466 0.04543834 -5e-5 -0.02086466 0.04543834 5e-5 -0.02072185 0.04550385 -5e-5 -0.02072185 0.04550385 5e-5 -0.0205788 0.04556876 -5e-5 -0.0205788 0.04556876 5e-5 -0.02043551 0.04563301 -5e-5 -0.02043551 0.04563301 5e-5 -0.0202921 0.04569715 -5e-5 -0.0202921 0.04569715 5e-5 -0.02014833 0.04576063 -5e-5 -0.02014833 0.04576063 5e-5 -0.02000457 0.04582375 -5e-5 -0.02000457 0.04582375 5e-5 -0.0198605 0.04588615 -5e-5 -0.0198605 0.04588615 5e-5 -0.01971626 0.0459485 -5e-5 -0.01971626 0.0459485 5e-5 -0.01957184 0.04601001 -5e-5 -0.01957184 0.04601001 5e-5 -0.01942718 0.04607141 -5e-5 -0.01942718 0.04607141 5e-5 -0.0192824 0.04613208 -5e-5 -0.0192824 0.04613208 5e-5 -0.01913738 0.04619246 -5e-5 -0.01913738 0.04619246 5e-5 -0.01899218 0.04625231 -5e-5 -0.01899218 0.04625231 5e-5 -0.01884675 0.04631197 -5e-5 -0.01884675 0.04631197 5e-5 -0.01870119 0.04637092 -5e-5 -0.01870119 0.04637092 5e-5 -0.0185554 0.04642945 -5e-5 -0.0185554 0.04642945 5e-5 -0.01840949 0.04648751 -5e-5 -0.01840949 0.04648751 5e-5 -0.01826328 0.0465449 -5e-5 -0.01826328 0.0465449 5e-5 -0.01811707 0.04660207 -5e-5 -0.01811707 0.04660207 5e-5 -0.01797056 0.04665893 -5e-5 -0.01797056 0.04665893 5e-5 -0.01782387 0.04671514 -5e-5 -0.01782387 0.04671514 5e-5 -0.01767688 0.04677093 -5e-5 -0.01767688 0.04677093 5e-5 -0.01753002 0.04682624 -5e-5 -0.01753002 0.04682624 5e-5 -0.01738286 0.04688102 -5e-5 -0.01738286 0.04688102 5e-5 -0.01723533 0.04693526 -5e-5 -0.01723533 0.04693526 5e-5 -0.01708799 0.04698932 -5e-5 -0.01708799 0.04698932 5e-5 -0.01694029 0.0470426 -5e-5 -0.01694029 0.0470426 5e-5 -0.01679223 0.04709559 -5e-5 -0.01679223 0.04709559 5e-5 -0.01664417 0.0471481 -5e-5 -0.01664417 0.0471481 5e-5 -0.01649618 0.04720032 -5e-5 -0.01649618 0.04720032 5e-5 -0.01634782 0.04725188 -5e-5 -0.01634782 0.04725188 5e-5 -0.01619929 0.04730308 -5e-5 -0.01619929 0.04730308 5e-5 -0.01605045 0.04735368 -5e-5 -0.01605045 0.04735368 5e-5 -0.0159018 0.04740387 -5e-5 -0.0159018 0.04740387 5e-5 -0.01575279 0.04745364 -5e-5 -0.01575279 0.04745364 5e-5 -0.01560366 0.04750281 -5e-5 -0.01560366 0.04750281 5e-5 -0.01545435 0.04755163 -5e-5 -0.01545435 0.04755163 5e-5 -0.01530492 0.04759997 -5e-5 -0.01530492 0.04759997 5e-5 -0.01515513 0.04764783 -5e-5 -0.01515513 0.04764783 5e-5 -0.01500535 0.0476951 -5e-5 -0.01500535 0.0476951 5e-5 -0.01485562 0.04774188 -5e-5 -0.01485562 0.04774188 5e-5 -0.01470541 0.0477885 -5e-5 -0.01470541 0.0477885 5e-5 -0.01455539 0.04783427 -5e-5 -0.01455539 0.04783427 5e-5 -0.01440507 0.04787999 -5e-5 -0.01440507 0.04787999 5e-5 -0.01425457 0.04792493 -5e-5 -0.01425457 0.04792493 5e-5 -0.01410377 0.04796952 -5e-5 -0.01410377 0.04796952 5e-5 -0.01395303 0.04801344 -5e-5 -0.01395303 0.04801344 5e-5 -0.01380223 0.04805701 -5e-5 -0.01380223 0.04805701 5e-5 -0.01365125 0.04810029 -5e-5 -0.01365125 0.04810029 5e-5 -0.01350009 0.04814291 -5e-5 -0.01350009 0.04814291 5e-5 -0.01334857 0.04818511 -5e-5 -0.01334857 0.04818511 5e-5 -0.01319736 0.04822683 -5e-5 -0.01319736 0.04822683 5e-5 -0.0130456 0.04826802 -5e-5 -0.0130456 0.04826802 5e-5 -0.01289409 0.04830873 -5e-5 -0.01289409 0.04830873 5e-5 -0.01274228 0.04834908 -5e-5 -0.01274228 0.04834908 5e-5 -0.01259016 0.04838865 -5e-5 -0.01259016 0.04838865 5e-5 -0.01243805 0.04842799 -5e-5 -0.01243805 0.04842799 5e-5 -0.01228588 0.04846698 -5e-5 -0.01228588 0.04846698 5e-5 -0.01213353 0.04850518 -5e-5 -0.01213353 0.04850518 5e-5 -0.01198112 0.04854321 -5e-5 -0.01198112 0.04854321 5e-5 -0.01182878 0.04858046 -5e-5 -0.01182878 0.04858046 5e-5 -0.01167607 0.04861754 -5e-5 -0.01167607 0.04861754 5e-5 -0.01152312 0.04865396 -5e-5 -0.01152312 0.04865396 5e-5 -0.01137042 0.04868996 -5e-5 -0.01137042 0.04868996 5e-5 -0.01121723 0.04872524 -5e-5 -0.01121723 0.04872524 5e-5 -0.01106429 0.04876041 -5e-5 -0.01106429 0.04876041 5e-5 -0.01091086 0.04879492 -5e-5 -0.01091086 0.04879492 5e-5 -0.01075768 0.04882884 -5e-5 -0.01075768 0.04882884 5e-5 -0.01060426 0.04886233 -5e-5 -0.01060426 0.04886233 5e-5 -0.01045072 0.04889541 -5e-5 -0.01045072 0.04889541 5e-5 -0.01029706 0.0489282 -5e-5 -0.01029706 0.0489282 5e-5 -0.01014328 0.04896008 -5e-5 -0.01014328 0.04896008 5e-5 -0.00998944 0.04899173 -5e-5 -0.00998944 0.04899173 5e-5 -0.009835481 0.04902303 -5e-5 -0.009835481 0.04902303 5e-5 -0.009681463 0.04905354 -5e-5 -0.009681463 0.04905354 5e-5 -0.009527325 0.0490837 -5e-5 -0.009527325 0.0490837 5e-5 -0.009373068 0.04911357 -5e-5 -0.009373068 0.04911357 5e-5 -0.009218752 0.04914259 -5e-5 -0.009218752 0.04914259 5e-5 -0.009064316 0.04917132 -5e-5 -0.009064316 0.04917132 5e-5 -0.008909821 0.0491997 -5e-5 -0.008909821 0.0491997 5e-5 -0.008755207 0.04922729 -5e-5 -0.008755207 0.04922729 5e-5 -0.008600533 0.04925465 -5e-5 -0.008600533 0.04925465 5e-5 -0.008445739 0.04928129 -5e-5 -0.008445739 0.04928129 5e-5 -0.008290886 0.04930782 -5e-5 -0.008290886 0.04930782 5e-5 -0.008135974 0.04933357 -5e-5 -0.008135974 0.04933357 5e-5 -0.007980942 0.0493589 -5e-5 -0.007980942 0.0493589 5e-5 -0.007825851 0.04938364 -5e-5 -0.007825851 0.04938364 5e-5 -0.007670581 0.04940789 -5e-5 -0.007670581 0.04940789 5e-5 -0.00751543 0.04943192 -5e-5 -0.00751543 0.04943192 5e-5 -0.007360041 0.04945528 -5e-5 -0.007360041 0.04945528 5e-5 -0.007204711 0.04947817 -5e-5 -0.007204711 0.04947817 5e-5 -0.007049143 0.04950058 -5e-5 -0.007049143 0.04950058 5e-5 -0.006893694 0.04952234 -5e-5 -0.006893694 0.04952234 5e-5 -0.006738007 0.04954367 -5e-5 -0.006738007 0.04954367 5e-5 -0.006582379 0.04956459 -5e-5 -0.006582379 0.04956459 5e-5 -0.006426692 0.04958522 -5e-5 -0.006426692 0.04958522 5e-5 -0.006270885 0.04960519 -5e-5 -0.006270885 0.04960519 5e-5 -0.006115019 0.04962462 -5e-5 -0.006115019 0.04962462 5e-5 -0.005959033 0.04964339 -5e-5 -0.005959033 0.04964339 5e-5 -0.005803108 0.04966205 -5e-5 -0.005803108 0.04966205 5e-5 -0.005647063 0.04968005 -5e-5 -0.005647063 0.04968005 5e-5 -0.005491018 0.04969739 -5e-5 -0.005491018 0.04969739 5e-5 -0.005334854 0.04971456 -5e-5 -0.005334854 0.04971456 5e-5 -0.00517863 0.04973089 -5e-5 -0.00517863 0.04973089 5e-5 -0.005022346 0.04974699 -5e-5 -0.005022346 0.04974699 5e-5 -0.004866123 0.04976242 -5e-5 -0.004866123 0.04976242 5e-5 -0.00470972 0.0497775 -5e-5 -0.00470972 0.0497775 5e-5 -0.004553318 0.04979223 -5e-5 -0.004553318 0.04979223 5e-5 -0.004396915 0.04980611 -5e-5 -0.004396915 0.04980611 5e-5 -0.004240453 0.04981964 -5e-5 -0.004240453 0.04981964 5e-5 -0.004083931 0.04983294 -5e-5 -0.004083931 0.04983294 5e-5 -0.00392735 0.04984533 -5e-5 -0.00392735 0.04984533 5e-5 -0.003770709 0.04985743 -5e-5 -0.003770709 0.04985743 5e-5 -0.003614068 0.04986912 -5e-5 -0.003614068 0.04986912 5e-5 -0.003457427 0.04988008 -5e-5 -0.003457427 0.04988008 5e-5 -0.003300726 0.04989087 -5e-5 -0.003300726 0.04989087 5e-5 -0.003143966 0.04990082 -5e-5 -0.003143966 0.04990082 5e-5 -0.002987146 0.04991066 -5e-5 -0.002987146 0.04991066 5e-5 -0.002830386 0.04991978 -5e-5 -0.002830386 0.04991978 5e-5 -0.002673566 0.04992824 -5e-5 -0.002673566 0.04992824 5e-5 -0.002516627 0.04993659 -5e-5 -0.002516627 0.04993659 5e-5 -0.002359807 0.04994428 -5e-5 -0.002359807 0.04994428 5e-5 -0.002202928 0.04995143 -5e-5 -0.002202928 0.04995143 5e-5 -0.002045989 0.04995805 -5e-5 -0.002045989 0.04995805 5e-5 -0.00188905 0.04996412 -5e-5 -0.00188905 0.04996412 5e-5 -0.001732051 0.04996997 -5e-5 -0.001732051 0.04996997 5e-5 -0.001574993 0.04997497 -5e-5 -0.001574993 0.04997497 5e-5 -0.001418054 0.0499798 -5e-5 -0.001418054 0.0499798 5e-5 -0.001261055 0.04998391 -5e-5 -0.001261055 0.04998391 5e-5 -0.001103997 0.04998779 -5e-5 -0.001103997 0.04998779 5e-5 -9.47029e-4 0.04999101 -5e-5 -9.47029e-4 0.04999101 5e-5 -7.89982e-4 0.04999375 -5e-5 -7.89982e-4 0.04999375 5e-5 -6.32928e-4 0.04999577 -5e-5 -6.32928e-4 0.04999577 5e-5 -4.75868e-4 0.0499975 -5e-5 -4.75868e-4 0.0499975 5e-5 -3.18802e-4 0.04999876 -5e-5 -3.18802e-4 0.04999876 5e-5 -1.61734e-4 0.04999971 -5e-5 -1.61734e-4 0.04999971 5e-5</float_array>
          <technique_common>
            <accessor source="#Cylinder-mesh-positions-array" count="4000" stride="3">
              <param name="X" type="float"/>
              <param name="Y" type="float"/>
              <param name="Z" type="float"/>
            </accessor>
          </technique_common>
        </source>
        <source id="Cylinder-mesh-normals">
          <float_array id="Cylinder-mesh-normals-array" count="13938">0.001517772 0.9999989 0 0.005359768 0.9999856 0 0.007944822 0.9999685 0 0.01102787 0.9999393 0 0.0132336 0.9999125 0 0.01743113 0.9998481 0 0.02013516 0.9997974 0 0.0243234 0.9997043 0 0.02614331 0.9996582 0 0.0307725 0.9995265 0 0.03219395 0.9994817 0 0.03686249 0.9993204 0 0.03909778 0.9992354 0 0.04169368 0.9991304 0 0.04552179 0.9989634 0 0.04855632 0.9988206 0 0.05202454 0.9986459 0 0.0546503 0.9985057 0 0.05843269 0.9982914 0 0.06188195 0.9980835 0 0.06332272 0.9979931 0 0.06757718 0.9977141 0 0.07132464 0.9974532 0 0.07321923 0.997316 0 0.07701551 0.99703 0 0.08049261 0.9967553 0 0.08267652 0.9965765 0 0.08615529 0.9962818 0 0.09035372 0.9959098 0 0.09140157 0.9958142 0 0.09597235 0.9953841 0 0.09945225 0.9950424 0 0.1013215 0.9948538 0 0.1047634 0.9944972 0 0.1080998 0.9941402 0 0.111575 0.9937561 0 0.1141786 0.9934603 0 0.1176565 0.9930545 0 0.1214203 0.9926013 0 0.1236856 0.9923216 0 0.1266963 0.9919416 0 0.1294278 0.9915888 0 0.1331827 0.9910916 0 0.1362883 0.9906693 0 0.1391959 0.9902649 0 0.1434412 0.9896589 0 0.1445549 0.9894968 0 0.1495375 0.9887561 0 0.1510074 0.9885327 0 0.1548506 0.987938 0 0.1581599 0.9874136 0 0.1617363 0.9868341 0 0.1642988 0.9864107 0 0.1665681 0.98603 0 0.1703408 0.9853852 0 0.1733743 0.9848561 0 0.176536 0.9842942 0 0.1798212 0.9836993 0 0.1825241 0.9832015 0 0.1867167 0.9824138 0 0.1882061 0.9821296 0 0.191955 0.9814038 0 0.1958442 0.9806351 0 0.1973333 0.9803365 0 0.2015948 0.9794691 0 0.2048834 0.9787865 0 0.2068123 0.9783807 0 0.2102329 0.9776514 0 0.2134489 0.9769543 0 0.2174346 0.9760749 0 0.2199153 0.975519 0 0.2217319 0.9751077 0 0.2260232 0.9741219 0 0.228649 0.973509 0 0.232013 0.9727127 0 0.235248 0.9719355 0 0.2384953 0.9711437 0 0.2408594 0.97056 0 0.2437181 0.9698461 0 0.2469764 0.9690216 0 0.2501446 0.9682086 0 0.2543333 0.9671167 0 0.2554464 0.9668232 0 0.2593509 0.9657832 0 0.2631497 0.9647551 0 0.2643043 0.9644394 0 0.2688137 0.9631923 0 0.2713819 0.9624718 0 0.2741214 0.9616951 0 0.2777259 0.9606604 0 0.2803984 0.9598837 0 0.2842215 0.9587587 0 0.2866678 0.9580301 0 0.2896001 0.9571478 0 0.291603 0.9565395 0 0.2957545 0.955264 0 0.2984421 0.9544278 0 0.3022205 0.9532381 0 0.3039931 0.9526743 0 0.3073341 0.9516018 0 0.3112345 0.9503331 0 0.3127896 0.9498226 0 0.3166902 0.9485291 0 0.3199858 0.9474224 0 0.3214477 0.9469274 0 0.3257928 0.9454412 0 0.3280265 0.9446686 0 0.3322048 0.9432073 0 0.3346601 0.9423389 0 0.3370245 0.941496 0 0.3395349 0.9405935 0 0.3427951 0.9394102 0 0.3461368 0.9381842 0 0.3490625 0.9370995 0 0.3520745 0.9359721 0 0.3551659 0.9348034 0 0.3578771 0.9337688 0 0.3604837 0.9327656 0 0.3645105 0.9311993 0 0.3658858 0.9306598 0 0.3703938 0.9288749 0 0.3721658 0.9281663 0 0.3756359 0.9267673 0 0.3782942 0.9256854 0 0.3814701 0.9243811 0 0.3839142 0.9233689 0 0.3863582 0.9223489 0 0.3908441 0.920457 0 0.3926916 0.9196704 0 0.3961051 0.9182052 0 0.3974753 0.917613 0 0.4017117 0.9157662 0 0.4042223 0.9146608 0 0.4078121 0.9130659 0 0.409458 0.9123291 0 0.4128908 0.9107806 0 0.41664 0.9090716 0 0.4180732 0.9084134 0 0.4214044 0.9068729 0 0.4247921 0.905291 0 0.4268469 0.9043239 0 0.4306657 0.9025116 0 0.4321907 0.9017822 0 0.4355151 0.9001815 0 0.438535 0.8987141 0 0.4412792 0.89737 0 0.444659 0.8957 0 0.447345 0.8943616 0 0.4496707 0.8931945 0 0.4523288 0.8918514 0 0.4554209 0.8902763 0 0.4576101 0.8891531 0 0.4614601 0.8871611 0 0.4633517 0.8861744 0 0.4666645 0.8844345 0 0.4693918 0.88299 0 0.4721153 0.8815369 0 0.4755493 0.8796892 0 0.4768195 0.8790013 0 0.4807854 0.8768385 0 0.4832291 0.8754941 0 0.4852042 0.8744009 0 0.4887707 0.8724123 0 0.4916058 0.870818 0 0.4937356 0.8696121 0 0.4977109 0.8673431 0 0.499366 0.8663911 0 0.5017376 0.8650199 0 0.5054548 0.8628532 0 0.5079519 0.8613855 0 0.5100768 0.8601289 0 0.5128129 0.8585004 0 0.5155838 0.8568393 0 0.5184471 0.8551098 0 0.5211937 0.8534386 0 0.52472 0.8512749 0 0.5262123 0.8503533 0 0.5293825 0.8483833 0 0.5310187 0.8473602 0 0.5343723 0.8452492 0 0.5375044 0.843261 0 0.5398215 0.8417796 0 0.542746 0.8398969 0 0.5444619 0.8387856 0 0.5485904 0.8360913 0 0.5502781 0.8349815 0 0.5521578 0.8337396 0 0.5556594 0.8314101 0 0.5590302 0.8291474 0 0.5596371 0.8287379 0 0.5640684 0.8257281 0 0.5664072 0.8241255 0 0.5684063 0.8227481 0 0.5702921 0.821442 0 0.5738076 0.8189902 0 0.5766663 0.8169798 0 0.5790566 0.8152874 0 0.5809345 0.8139503 0 0.584394 0.8114701 0 0.5858657 0.8104082 0 0.5893267 0.8078948 0 0.5915099 0.8062977 0 0.5939145 0.8045282 0 0.5968033 0.8023876 0 0.599626 0.8002805 0 0.6009984 0.7992503 0 0.6043036 0.7967542 0 0.6065303 0.7950605 0 0.6097838 0.7925678 0 0.6118437 0.7909788 0 0.6143859 0.7890058 0 0.6165708 0.7872995 0 0.6182207 0.7860046 0 0.6216394 0.7833037 0 0.6239218 0.7814869 0 0.6268971 0.779102 0 0.6292445 0.7772074 0 0.6311528 0.7756586 0 0.6336669 0.773606 0 0.6356106 0.7720098 0 0.6394825 0.7688058 0 0.6408389 0.7676754 0 0.6427711 0.7660584 0 0.6463201 0.7630664 0 0.648054 0.7615945 0 0.6505063 0.7595009 0 0.6530068 0.7573522 0 0.6554844 0.7552087 0 0.6581113 0.7529208 0 0.6606937 0.7506557 0 0.6625336 0.7490323 0 0.6642913 0.7474738 0 0.666741 0.7452896 0 0.6697438 0.7425923 0 0.672127 0.740436 0 0.6741214 0.7386206 0 0.676082 0.7368264 0 0.6790849 0.7340598 0 0.6812337 0.7320661 0 0.6834019 0.7300424 0 0.6851249 0.7284256 0 0.6886625 0.725082 0 0.6900659 0.7237465 0 0.6921043 0.7217975 0 0.6946704 0.7193282 0 0.69718 0.7168961 0 0.6996438 0.7144919 0 0.7015936 0.7125774 0 0.7038815 0.7103175 0 0.7059669 0.7082449 0 0.7082393 0.7059724 0 0.7103082 0.7038909 0 0.7123801 0.7017939 0 0.7146765 0.6994552 0 0.7168928 0.6971835 0 0.7193047 0.6946947 0 0.721574 0.6923374 0 0.7237899 0.6900204 0 0.7252632 0.6884717 0 0.7283788 0.6851747 0 0.7298958 0.6835585 0 0.7322699 0.6810146 0 0.7341966 0.678937 0 0.7370602 0.6758272 0 0.7380768 0.6747167 0 0.7406215 0.6719225 0 0.742994 0.6692981 0 0.7448713 0.6672082 0 0.7474742 0.6642909 0 0.7490425 0.662522 0 0.7507568 0.6605789 0 0.752797 0.6582528 0 0.7551904 0.6555055 0 0.7571826 0.6532033 0 0.7596278 0.6503582 0 0.7616217 0.6480219 0 0.7630982 0.6462827 0 0.7660706 0.6427565 0 0.7676745 0.6408401 0 0.7691001 0.6391285 0 0.771555 0.6361627 0 0.7739456 0.6332522 0 0.7749578 0.6320129 0 0.7775719 0.6287941 0 0.7794321 0.6264868 0 0.7811285 0.6243704 0 0.7835848 0.621285 0 0.7856598 0.6186589 0 0.7873787 0.6164696 0 0.7888264 0.6146162 0 0.7909225 0.6119164 0 0.7929276 0.6093158 0 0.7952241 0.6063156 0 0.7968805 0.6041371 0 0.7987971 0.6016005 0 0.8002882 0.5996155 0 0.8025314 0.5966098 0 0.8044776 0.5939831 0 0.806181 0.5916692 0 0.8080883 0.5890614 0 0.8097949 0.5867133 0 0.8118497 0.5838665 0 0.8142896 0.5804591 0 0.8149845 0.5794829 0 0.8170213 0.5766076 0 0.8191162 0.5736278 0 0.8210875 0.5708025 0 0.8226555 0.5685402 0 0.8245733 0.5657553 0 0.8257321 0.5640625 0 0.8285692 0.5598866 0 0.8291527 0.5590223 0 0.8320977 0.5546292 0 0.832913 0.553404 0 0.8351636 0.5500016 0 0.836775 0.5475471 0 0.838177 0.5453984 0 0.8398765 0.5427775 0 0.8415214 0.5402238 0 0.8436046 0.536965 0 0.8450655 0.534663 0 0.8471838 0.5312998 0 0.8485957 0.5290419 0 0.8498773 0.5269806 0 0.8517339 0.5239747 0 0.8534158 0.5212309 0 0.855086 0.5184863 0 0.8570058 0.515307 0 0.8585191 0.5127817 0 0.8599494 0.5103793 0 0.861377 0.5079663 0 0.862851 0.5054586 0 0.8650261 0.5017269 0 0.8663771 0.4993906 0 0.867335 0.4977248 0 0.8700398 0.4929816 0 0.870402 0.4923417 0 0.8724135 0.4887686 0 0.8745191 0.4849913 0 0.8753806 0.4834344 0 0.8769246 0.480628 0 0.8788374 0.4771216 0 0.8796291 0.4756602 0 0.8815189 0.4721489 0 0.8830957 0.4691929 0 0.884592 0.4663657 0 0.8859114 0.4638547 0 0.8874016 0.4609973 0 0.8889808 0.4579446 0 0.8902796 0.4554143 0 0.8920137 0.4520087 0 0.8930265 0.4500043 0 0.8942076 0.4476526 0 0.8960742 0.4439042 0 0.8971588 0.4417081 0 0.8988645 0.4382271 0 0.900252 0.4353694 0 0.9016947 0.4323735 0 0.9024543 0.430786 0 0.9044658 0.426546 0 0.9050801 0.4252412 0 0.9069417 0.4212563 0 0.9083435 0.4182249 0 0.9091493 0.4164703 0 0.9107868 0.412877 0 0.9123477 0.4094166 0 0.9130579 0.4078301 0 0.9146609 0.4042223 0 0.9157617 0.4017223 0 0.9175972 0.3975116 0 0.9182031 0.39611 0 0.9196718 0.392688 0 0.9204578 0.390842 0 0.9223664 0.3863164 0 0.9233753 0.3838987 0 0.9243971 0.3814318 0 0.9256767 0.3783155 0 0.9267651 0.3756413 0 0.9281694 0.3721581 0 0.9289133 0.3702974 0 0.9306201 0.365987 0 0.9311982 0.3645133 0 0.9326213 0.360857 0 0.9338957 0.3575456 0 0.9348423 0.3550632 0 0.9360827 0.3517804 0 0.9369517 0.3494592 0 0.938228 0.3460179 0 0.939391 0.3428478 0 0.9405424 0.3396763 0 0.9413672 0.3373842 0 0.9424075 0.3344669 0 0.9432927 0.3319625 0 0.9446656 0.3280349 0 0.9454595 0.3257398 0 0.9467737 0.3219001 0 0.9474726 0.319837 0 0.948525 0.3167025 0 0.9498937 0.3125732 0 0.9503759 0.3111039 0 0.9515079 0.3076246 0 0.9527692 0.3036954 0 0.9531286 0.3025658 0 0.9544308 0.2984327 0 0.9553596 0.2954456 0 0.9565379 0.2916083 0 0.9571759 0.2895073 0 0.9580227 0.2866925 0 0.9586549 0.2845717 0 0.9598458 0.2805284 0 0.960757 0.2773917 0 0.9616864 0.2741519 0 0.9623656 0.2717583 0 0.9633295 0.2683212 0 0.9643571 0.2646043 0 0.9647709 0.2630917 0 0.9658499 0.2591028 0 0.9667686 0.255653 0 0.9672068 0.2539905 0 0.968114 0.2505101 0 0.9690076 0.2470311 0 0.9699484 0.2433107 0 0.9704471 0.2413138 0 0.9711501 0.2384694 0 0.9720511 0.2347697 0 0.9726913 0.2321026 0 0.9734438 0.2289264 0 0.9742012 0.2256814 0 0.9750146 0.222141 0 0.9755981 0.2195644 0 0.9760906 0.2173643 0 0.9769231 0.2135914 0 0.9775791 0.2105687 0 0.9784664 0.2064065 0 0.9787203 0.205199 0 0.9795211 0.2013415 0 0.9803415 0.1973082 0 0.9805831 0.1961044 0 0.9813941 0.192005 0 0.9822065 0.1878043 0 0.9824222 0.1866729 0 0.9831315 0.1829001 0 0.9837651 0.1794612 0 0.9842339 0.1768722 0 0.9848446 0.1734392 0 0.9853865 0.1703335 0 0.9860322 0.1665552 0 0.986468 0.1639543 0 0.9868407 0.1616954 0 0.9873989 0.1582514 0 0.9879549 0.1547424 0 0.988532 0.1510121 0 0.9887471 0.1495967 0 0.9894386 0.1449531 0 0.9897101 0.1430878 0 0.9902524 0.1392854 0 0.9906845 0.1361775 0 0.9910796 0.1332714 0 0.9915829 0.1294736 0 0.9919349 0.126749 0 0.9923279 0.1236342 0 0.9925899 0.1215133 0 0.9930598 0.1176114 0 0.9934135 0.1145846 0 0.9938063 0.1111275 0 0.9941298 0.108194 0 0.9944536 0.1051769 0 0.9949007 0.1008594 0 0.9950144 0.09973239 0 0.9954195 0.09560376 0 0.9957794 0.09177982 0 0.9959501 0.0899083 0 0.9962502 0.08651888 0 0.9966064 0.08231532 0 0.9967287 0.08082085 0 0.9970627 0.07659095 0 0.9973177 0.07319384 0 0.9974513 0.07135051 0 0.9977158 0.06755268 0 0.9979933 0.06332045 0 0.9980607 0.0622487 0 0.9983158 0.05801415 0 0.9984857 0.05501282 0 0.9986646 0.05166339 0 0.9988201 0.04856449 0 0.9989635 0.04552054 0 0.9991306 0.04168915 0 0.9992205 0.03947746 0 0.9993342 0.03648549 0 0.9994691 0.03258496 0 0.9995375 0.03041076 0 0.9996594 0.02609771 0 0.9997044 0.02431422 0 0.9997884 0.0205689 0 0.9998542 0.0170803 0 0.9999129 0.01320123 0 0.9999389 0.01105868 0 0.9999686 0.007932186 0 0.9999855 0.005384624 0 0.9999989 0.001505374 0 0.9999989 -0.001563251 0 0.9999858 -0.005326688 0 0.9999686 -0.007932186 0 0.9999395 -0.01100081 0 0.9999122 -0.01325911 0 0.9998481 -0.01742756 0 0.9997899 -0.0205022 0 0.999704 -0.02433264 0 0.9996685 -0.02575075 0 0.9995258 -0.03079253 0 0.9994817 -0.03219234 0 0.9993193 -0.03689032 0 0.9992358 -0.03908777 0 0.9991307 -0.04168921 0 0.9989643 -0.04550313 0 0.9988201 -0.04856443 0 0.9986466 -0.05200994 0 0.9984868 -0.05499219 0 0.9983125 -0.05807185 0 0.9980787 -0.06196027 0 0.9979646 -0.06377214 0 0.9977197 -0.06749504 0 0.9974472 -0.07140809 0 0.9973471 -0.07279336 0 0.9970272 -0.07705187 0 0.9967312 -0.0807901 0 0.9966037 -0.08234667 0 0.9962502 -0.08651888 0 0.995948 -0.08993172 0 0.9957708 -0.09187221 0 0.9954174 -0.09562528 0 0.9950029 -0.09984701 0 0.9948853 -0.1010116 0 0.9944638 -0.1050797 0 0.9941343 -0.1081535 0 0.9937583 -0.1115546 0 0.9934531 -0.1142417 0 0.9930598 -0.1176114 0 0.992601 -0.1214221 0 0.9923163 -0.123727 0 0.9919918 -0.1263023 0 0.9915457 -0.1297583 0 0.9910939 -0.1331652 0 0.9905757 -0.1369665 0 0.9903565 -0.1385427 0 0.9897342 -0.1429207 0 0.9894301 -0.1450106 0 0.9887558 -0.1495401 0 0.988532 -0.1510117 0 0.9877679 -0.1559311 0 0.9875886 -0.1570637 0 0.9868407 -0.1616964 0 0.9864211 -0.164236 0 0.9860225 -0.1666125 0 0.9853869 -0.1703315 0 0.9848446 -0.1734392 0 0.9841024 -0.1776022 0 0.9838977 -0.1787327 0 0.9831317 -0.182899 0 0.9824113 -0.1867298 0 0.982121 -0.1882511 0 0.981391 -0.1920207 0 0.9806498 -0.1957704 0 0.9803304 -0.1973639 0 0.9795801 -0.2010545 0 0.9787087 -0.2052544 0 0.9784547 -0.2064619 0 0.977537 -0.2107638 0 0.97693 -0.2135601 0 0.9762834 -0.2164968 0 0.9753922 -0.2204773 0 0.9750114 -0.2221549 0 0.9740277 -0.2264291 0 0.9736052 -0.2282388 0 0.9725621 -0.2326434 0 0.9721758 -0.2342524 0 0.9710984 -0.2386798 0 0.970669 -0.2404203 0 0.9696844 -0.2443608 0 0.9690023 -0.2470519 0 0.9681993 -0.2501801 0 0.9672173 -0.25395 0 0.966786 -0.2555876 0 0.9657228 -0.2595758 0 0.9648664 -0.262741 0 0.9642304 -0.2650654 0 0.9633569 -0.2682231 0 0.96223 -0.2722379 0 0.9618273 -0.2736573 0 0.9607433 -0.2774394 0 0.9598912 -0.2803729 0 0.9587013 -0.284415 0 0.9580697 -0.2865356 0 0.9572084 -0.2893999 0 0.956354 -0.2922108 0 0.9554008 -0.2953126 0 0.9542885 -0.2988873 0 0.9533152 -0.3019772 0 0.9527453 -0.3037706 0 0.9516094 -0.3073101 0 0.9502561 -0.3114699 0 0.9498561 -0.3126877 0 0.9486011 -0.3164745 0 0.9473325 -0.3202518 0 0.9467799 -0.321882 0 0.9456469 -0.3251954 0 0.9445005 -0.3285102 0 0.94343 -0.3315717 0 0.9422868 -0.3348071 0 0.9416494 -0.3365954 0 0.9404129 -0.3400348 0 0.9391813 -0.3434217 0 0.9381384 -0.3462606 0 0.9369456 -0.3494754 0 0.9360678 -0.3518198 0 0.9350408 -0.3545401 0 0.9335277 -0.3585055 0 0.9327666 -0.3604813 0 0.9314731 -0.3638104 0 0.9303962 -0.3665556 0 0.9289933 -0.3700967 0 0.9279944 -0.3725942 0 0.926803 -0.375548 0 0.9260456 -0.3774119 0 0.9241232 -0.3820949 0 0.9232528 -0.3841931 0 0.9223476 -0.3863614 0 0.9204561 -0.3908463 0 0.9197412 -0.3925254 0 0.9186969 -0.3949633 0 0.9166251 -0.3997482 0 0.9162938 -0.4005068 0 0.9146867 -0.4041637 0 0.9129628 -0.4080427 0 0.9120014 -0.4101874 0 0.9106466 -0.4131865 0 0.909893 -0.414843 0 0.9078494 -0.4192963 0 0.9068196 -0.4215189 0 0.9053758 -0.4246114 0 0.9045633 -0.4263396 0 0.9028671 -0.4299198 0 0.901461 -0.4328604 0 0.8996658 -0.4365791 0 0.8990876 -0.4377689 0 0.8973589 -0.4413016 0 0.8955295 -0.4450024 0 0.8949084 -0.4462499 0 0.8930473 -0.4499629 0 0.8918501 -0.4523311 0 0.8899675 -0.4560242 0 0.8888978 -0.4581055 0 0.8875753 -0.4606629 0 0.8855805 -0.4644858 0 0.8846613 -0.4662344 0 0.8831321 -0.4691244 0 0.8814988 -0.4721863 0 0.8799242 -0.4751141 0 0.8783319 -0.4780514 0 0.877201 -0.4801234 0 0.8759774 -0.4823521 0 0.873569 -0.4867005 0 0.8725863 -0.48846 0 0.8710026 -0.4912785 0 0.8695575 -0.4938318 0 0.8679304 -0.4966858 0 0.8663852 -0.4993764 0 0.8646742 -0.5023332 0 0.8631497 -0.5049482 0 0.8611709 -0.5083157 0 0.8600408 -0.5102254 0 0.8585576 -0.5127171 0 0.856625 -0.5159395 0 0.8550097 -0.5186123 0 0.8531842 -0.5216098 0 0.8522472 -0.5231392 0 0.8498317 -0.5270544 0 0.8488064 -0.528704 0 0.846448 -0.5324714 0 0.8454055 -0.534125 0 0.8436046 -0.536965 0 0.8417725 -0.5398325 0 0.8399857 -0.5426086 0 0.8380939 -0.5455261 0 0.8367484 -0.5475876 0 0.8352784 -0.5498272 0 0.8327969 -0.5535789 0 0.8313809 -0.5557032 0 0.8299017 -0.5579099 0 0.8283043 -0.5602785 0 0.8262607 -0.563288 0 0.8242588 -0.5662134 0 0.8226842 -0.5684987 0 0.8204872 -0.5716649 0 0.8194465 -0.5731559 0 0.8168507 -0.5768493 0 0.8153398 -0.5789828 0 0.8137257 -0.5812491 0 0.8120032 -0.583653 0 0.8096671 -0.5868895 0 0.8079425 -0.5892614 0 0.8066451 -0.5910362 0 0.8040713 -0.5945329 0 0.802882 -0.5961381 0 0.7999897 -0.6000139 0 0.7989333 -0.6014197 0 0.796707 -0.6043658 0 0.7948071 -0.6068623 0 0.7934539 -0.6086304 0 0.7908683 -0.6119864 0 0.7894302 -0.6138404 0 0.7872936 -0.6165784 0 0.7849286 -0.6195863 0 0.7835345 -0.6213483 0 0.7815529 -0.6238392 0 0.7790552 -0.6269553 0 0.7779682 -0.6283036 0 0.775544 -0.6312937 0 0.7731742 -0.6341939 0 0.7718486 -0.6358065 0 0.7693755 -0.6387969 0 0.7670761 -0.6415562 0 0.7652422 -0.6437427 0 0.7641861 -0.6449959 0 0.7606576 -0.6491535 0 0.7596532 -0.6503285 0 0.7573445 -0.6530157 0 0.7553606 -0.6553094 0 0.7534822 -0.6574684 0 0.7512328 -0.6600373 0 0.7490425 -0.662522 0 0.7470716 -0.6647436 0 0.7440445 -0.6681302 0 0.7432774 -0.6689833 0 0.7406072 -0.6719384 0 0.738466 -0.6742908 0 0.7368112 -0.6760986 0 0.7345002 -0.6786086 0 0.7316824 -0.6816458 0 0.7298814 -0.6835739 0 0.7276132 -0.6859877 0 0.7264058 -0.6872661 0 0.7232208 -0.6906169 0 0.7213859 -0.6925333 0 0.7189288 -0.6950838 0 0.717701 -0.6963515 0 0.7144559 -0.6996805 0 0.7129753 -0.7011893 0 0.7099319 -0.7042703 0 0.7088447 -0.7053646 0 0.7056009 -0.7086095 0 0.703654 -0.7105428 0 0.7019732 -0.7122035 0 0.6985353 -0.7155756 0 0.697375 -0.7167065 0 0.6944433 -0.7195475 0 0.6929436 -0.7209918 0 0.6902008 -0.7236179 0 0.6874799 -0.7262035 0 0.6861528 -0.7274575 0 0.6833892 -0.7300543 0 0.6812481 -0.7320527 0 0.6786202 -0.7344893 0 0.6767299 -0.7362315 0 0.6736683 -0.7390339 0 0.6719253 -0.740619 0 0.6695969 -0.7427248 0 0.667057 -0.7450067 0 0.6651925 -0.746672 0 0.6625336 -0.7490323 0 0.6601183 -0.7511617 0 0.6575241 -0.7534336 0 0.6549822 -0.7556444 0 0.6530068 -0.7573522 0 0.6503346 -0.7596479 0 0.6493749 -0.7604685 0 0.64545 -0.7638026 0 0.6435409 -0.7654118 0 0.6413003 -0.7672901 0 0.6381433 -0.7699178 0 0.6359889 -0.7716983 0 0.6344476 -0.7729659 0 0.6306372 -0.7760778 0 0.6295164 -0.7769872 0 0.6260106 -0.7798146 0 0.6235693 -0.7817682 0 0.6223171 -0.7827653 0 0.6191257 -0.785292 0 0.6167529 -0.7871569 0 0.6139929 -0.7893117 0 0.611645 -0.7911324 0 0.6089464 -0.7932114 0 0.6063238 -0.7952179 0 0.6043633 -0.796709 0 0.601651 -0.7987592 0 0.5990256 -0.8007301 0 0.5964001 -0.8026873 0 0.5942881 -0.8042522 0 0.592063 -0.8058918 0 0.5882472 -0.8086811 0 0.5868147 -0.8097214 0 0.5834766 -0.8121301 0 0.582283 -0.8129863 0 0.5784278 -0.8157336 0 0.5759711 -0.8174701 0 0.5745682 -0.8184567 0 0.5712715 -0.8207612 0 0.568319 -0.8228083 0 0.5662045 -0.824265 0 0.5625495 -0.8267637 0 0.5613361 -0.827588 0 0.5579583 -0.829869 0 0.5557181 -0.8313708 0 0.5525085 -0.8335074 0 0.5509479 -0.8345398 0 0.5475917 -0.8367457 0 0.5449354 -0.838478 0 0.5420823 -0.8403255 0 0.539833 -0.8417723 0 0.5369908 -0.8435881 0 0.5346943 -0.8450457 0 0.5315917 -0.8470008 0 0.5295248 -0.8482946 0 0.52605 -0.8504537 0 0.5242545 -0.8515617 0 0.5207563 -0.8537055 0 0.5185704 -0.855035 0 0.5158562 -0.8566752 0 0.5132348 -0.8582482 0 0.5105929 -0.8598227 0 0.5077872 -0.8614826 0 0.5043945 -0.8634734 0 0.5026421 -0.8644948 0 0.4996863 -0.8662065 0 0.4958273 -0.8684211 0 0.4950165 -0.8688836 0 0.4910013 -0.8711589 0 0.4890595 -0.8722505 0 0.4856247 -0.8741675 0 0.4831373 -0.8755446 0 0.4801021 -0.8772127 0 0.4779156 -0.8784059 0 0.4741608 -0.8804383 0 0.4717661 -0.8817238 0 0.469236 -0.8830729 0 0.4676603 -0.8839083 0 0.4630393 -0.8863377 0 0.460491 -0.8876644 0 0.4592135 -0.8883259 0 0.4547581 -0.890615 0 0.4532901 -0.891363 0 0.4490197 -0.893522 0 0.4476913 -0.8941882 0 0.4429162 -0.896563 0 0.4419059 -0.8970614 0 0.4387162 -0.8986257 0 0.4352962 -0.9002873 0 0.4328881 -0.9014477 0 0.4299781 -0.9028394 0 0.4275643 -0.903985 0 0.4246264 -0.9053688 0 0.4212276 -0.9069551 0 0.4190543 -0.9079612 0 0.4156704 -0.9095154 0 0.4126079 -0.9109088 0 0.4102499 -0.9119732 0 0.4073194 -0.9132859 0 0.4036776 -0.9149013 0 0.4019603 -0.9156571 0 0.3986956 -0.9170834 0 0.3956735 -0.9183914 0 0.3925452 -0.9197328 0 0.3893409 -0.9210938 0 0.3877298 -0.9217731 0 0.384325 -0.9231979 0 0.3805692 -0.9247525 0 0.3787777 -0.9254878 0 0.375518 -0.9268151 0 0.3722481 -0.9281333 0 0.3688721 -0.9294803 0 0.3667635 -0.9303143 0 0.3636556 -0.9315335 0 0.3616465 -0.9323154 0 0.3570992 -0.9340665 0 0.3545749 -0.9350276 0 0.352981 -0.9356306 0 0.3484658 -0.9373216 0 0.3457632 -0.9383218 0 0.3440502 -0.9389513 0 0.3392855 -0.9406836 0 0.3380193 -0.9411392 0 0.3336896 -0.9426831 0 0.3321845 -0.9432144 0 0.3275233 -0.9448432 0 0.3259547 -0.9453854 0 0.3222165 -0.9466661 0 0.3197871 -0.9474895 0 0.3164384 -0.9486132 0 0.3133836 -0.9496266 0 0.3104161 -0.9506009 0 0.3076949 -0.9514852 0 0.304111 -0.9526366 0 0.3015304 -0.9534566 0 0.2980062 -0.954564 0 0.2961875 -0.9551299 0 0.291603 -0.9565395 0 0.2905085 -0.9568725 0 0.2857603 -0.9583012 0 0.2842255 -0.9587575 0 0.2799832 -0.960005 0 0.2773756 -0.9607616 0 0.2750911 -0.9614182 0 0.2710797 -0.962557 0 0.2689113 -0.9631649 0 0.2650133 -0.9642448 0 0.2624427 -0.9649476 0 0.2592567 -0.9658085 0 0.2563461 -0.9665851 0 0.2530798 -0.9674455 0 0.2496997 -0.9683234 0 0.2477521 -0.9688235 0 0.2433164 -0.969947 0 0.2412838 -0.9704547 0 0.2378869 -0.971293 0 0.2354981 -0.9718749 0 0.2319906 -0.9727181 0 0.2288455 -0.9734628 0 0.2249612 -0.9743677 0 0.2225986 -0.9749102 0 0.2198701 -0.9755291 0 0.2172598 -0.9761138 0 0.2124966 -0.9771619 0 0.2109839 -0.9774895 0 0.2079017 -0.9781498 0 0.2041563 -0.9789384 0 0.2013077 -0.9795281 0 0.1979897 -0.9802041 0 0.195482 -0.9807074 0 0.1915897 -0.9814752 0 0.1889381 -0.981989 0 0.1859841 -0.9825528 0 0.1828908 -0.9831333 0 0.1794298 -0.9837709 0 0.1761029 -0.9843718 0 0.1730014 -0.9849216 0 0.171149 -0.9852452 0 0.1665911 -0.9860261 0 0.164277 -0.9864143 0 0.1608678 -0.986976 0 0.1586602 -0.9873332 0 0.1547355 -0.987956 0 0.1518285 -0.9884069 0 0.147975 -0.9889912 0 0.1457301 -0.9893245 0 0.1423183 -0.989821 0 0.1400153 -0.9901493 0 0.1361625 -0.9906866 0 0.1332324 -0.9910849 0 0.1289837 -0.9916467 0 0.1271405 -0.9918847 0 0.123661 -0.9923246 0 0.1214665 -0.9925956 0 0.1165111 -0.9931894 0 0.1149694 -0.9933691 0 0.1115317 -0.993761 0 0.1081645 -0.9941331 0 0.1050367 -0.9944685 0 0.1009457 -0.994892 0 0.09978991 -0.9950085 0 0.09563267 -0.9954167 0 0.09184724 -0.9957732 0 0.08994352 -0.9959469 0 0.08649861 -0.9962521 0 0.08233094 -0.9966052 0 0.08046245 -0.9967577 0 0.07701551 -0.99703 0 0.07284146 -0.9973435 0 0.0713514 -0.9974513 0 0.06752622 -0.9977176 0 0.06372487 -0.9979676 0 0.06190544 -0.9980821 0 0.05803292 -0.9983147 0 0.05502843 -0.9984848 0 0.05160695 -0.9986675 0 0.04821431 -0.9988371 0 0.04588305 -0.9989469 0 0.04169356 -0.9991304 0 0.03911262 -0.9992348 0 0.03645586 -0.9993354 0 0.03259748 -0.9994686 0 0.03076082 -0.9995268 0 0.02577418 -0.9996678 0 0.02429568 -0.9997049 0 0.02053302 -0.9997892 0 0.01705145 -0.9998547 0 0.01363658 -0.999907 0 0.01062458 -0.9999436 0 0.007944703 -0.9999685 0 0.005359709 -0.9999856 0 0.001517772 -0.9999989 0 -0.001517772 -0.9999989 0 -0.005359709 -0.9999856 0 -0.007944703 -0.9999685 0 -0.01102769 -0.9999392 0 -0.01323348 -0.9999125 0 -0.01743084 -0.9998481 0 -0.02052319 -0.9997894 0 -0.0243141 -0.9997044 0 -0.02615332 -0.999658 0 -0.03037023 -0.9995387 0 -0.03220605 -0.9994813 0 -0.03726518 -0.9993054 0 -0.0390653 -0.9992367 0 -0.04171735 -0.9991295 0 -0.04550445 -0.9989642 0 -0.0485565 -0.9988206 0 -0.05202472 -0.9986458 0 -0.05500781 -0.9984861 0 -0.05805456 -0.9983135 0 -0.0622366 -0.9980614 0 -0.06334692 -0.9979916 0 -0.06755131 -0.9977158 0 -0.07137846 -0.9974494 0 -0.07321894 -0.997316 0 -0.07701021 -0.9970303 0 -0.08083879 -0.9967272 0 -0.08236181 -0.9966025 0 -0.08609795 -0.9962867 0 -0.09034335 -0.9959108 0 -0.09182369 -0.9957753 0 -0.09556108 -0.9954236 0 -0.09986537 -0.995001 0 -0.1008702 -0.9948996 0 -0.1051388 -0.9944577 0 -0.1089136 -0.9940513 0 -0.1107822 -0.9938448 0 -0.1145529 -0.9934172 0 -0.1173036 -0.9930962 0 -0.1213964 -0.9926041 0 -0.1241517 -0.9922633 0 -0.1258791 -0.9920456 0 -0.1309422 -0.99139 0 -0.1324148 -0.9911944 0 -0.1369812 -0.9905737 0 -0.1385791 -0.9903514 0 -0.1425662 -0.9897853 0 -0.145406 -0.9893721 0 -0.1494808 -0.9887647 0 -0.1510316 -0.988529 0 -0.1559026 -0.9877725 0 -0.1571084 -0.9875814 0 -0.1616046 -0.9868556 0 -0.1639066 -0.9864759 0 -0.1673751 -0.9858933 0 -0.1703614 -0.9853817 0 -0.1734386 -0.9848447 0 -0.1772058 -0.9841738 0 -0.1790639 -0.9838375 0 -0.1828883 -0.9831338 0 -0.1863733 -0.982479 0 -0.1882061 -0.9821296 0 -0.1920031 -0.9813944 0 -0.1961623 -0.9805715 0 -0.1973333 -0.9803365 0 -0.2014433 -0.9795002 0 -0.2048636 -0.9787906 0 -0.2069647 -0.9783485 0 -0.2106183 -0.9775685 0 -0.2139678 -0.9768408 0 -0.2158289 -0.9764313 0 -0.2198476 -0.9755343 0 -0.2226018 -0.9749096 0 -0.2268512 -0.9739295 0 -0.228823 -0.9734681 0 -0.232013 -0.9727127 0 -0.2339119 -0.9722578 0 -0.2383094 -0.9711893 0 -0.2409265 -0.9705435 0 -0.2451678 -0.9694808 0 -0.2462637 -0.9692029 0 -0.2503833 -0.9681468 0 -0.2539044 -0.9672294 0 -0.2567008 -0.9664909 0 -0.2588995 -0.9659043 0 -0.2623764 -0.9649657 0 -0.2654281 -0.9641307 0 -0.2689113 -0.9631649 0 -0.2710797 -0.962557 0 -0.2739727 -0.9617375 0 -0.2773756 -0.9607616 0 -0.2812027 -0.9596484 0 -0.2827422 -0.9591959 0 -0.2868272 -0.9579824 0 -0.2897125 -0.9571138 0 -0.2930551 -0.9560956 0 -0.2950613 -0.9554784 0 -0.2991286 -0.9542129 0 -0.3012327 -0.9535507 0 -0.3049769 -0.9523598 0 -0.3075633 -0.9515277 0 -0.3096871 -0.9508386 0 -0.3141061 -0.949388 0 -0.3164554 -0.9486074 0 -0.319041 -0.9477409 0 -0.3229549 -0.9464144 0 -0.3257839 -0.9454443 0 -0.3280265 -0.9446686 0 -0.3309672 -0.9436423 0 -0.3345221 -0.9423879 0 -0.3373122 -0.9413928 0 -0.3407247 -0.9401631 0 -0.3426048 -0.9394797 0 -0.3465527 -0.9380306 0 -0.3490095 -0.9371193 0 -0.3523641 -0.935863 0 -0.354671 -0.9349912 0 -0.3581492 -0.9336645 0 -0.3601328 -0.932901 0 -0.3635183 -0.9315871 0 -0.3675482 -0.9300045 0 -0.3690012 -0.929429 0 -0.3732231 -0.9277417 0 -0.3745837 -0.9271932 0 -0.3784218 -0.9256333 0 -0.3813708 -0.9244222 0 -0.3839039 -0.9233731 0 -0.3871986 -0.9219964 0 -0.3900054 -0.9208126 0 -0.392661 -0.9196833 0 -0.3958207 -0.9183278 0 -0.3995738 -0.9167011 0 -0.4012766 -0.9159569 0 -0.4045311 -0.9145243 0 -0.4064866 -0.9136568 0 -0.4100785 -0.9120503 0 -0.4128908 -0.9107806 0 -0.416004 -0.9093629 0 -0.4190433 -0.9079663 0 -0.4217526 -0.906711 0 -0.4239256 -0.905697 0 -0.4280423 -0.9037587 0 -0.4293286 -0.9031485 0 -0.4336706 -0.9010715 0 -0.435276 -0.9002971 0 -0.4385924 -0.8986862 0 -0.4416004 -0.897212 0 -0.4439797 -0.8960369 0 -0.4464578 -0.8948048 0 -0.4499471 -0.8930553 0 -0.4523665 -0.8918322 0 -0.4556678 -0.8901499 0 -0.4585837 -0.8886514 0 -0.4611451 -0.8873248 0 -0.4633375 -0.886182 0 -0.4670168 -0.8842484 0 -0.4693918 -0.88299 0 -0.4720848 -0.8815532 0 -0.4743162 -0.8803545 0 -0.4777333 -0.8785051 0 -0.4804557 -0.8770191 0 -0.4829781 -0.8756325 0 -0.4860743 -0.8739175 0 -0.4887707 -0.8724123 0 -0.4913358 -0.8709703 0 -0.494631 -0.8691031 0 -0.4965011 -0.8680362 0 -0.4993482 -0.8664014 0 -0.5026421 -0.8644948 0 -0.5045711 -0.8633702 0 -0.50761 -0.8615871 0 -0.5107003 -0.8597589 0 -0.5133204 -0.8581971 0 -0.5159683 -0.8566078 0 -0.5187244 -0.8549416 0 -0.5204795 -0.8538743 0 -0.5245295 -0.8513923 0 -0.5261432 -0.8503961 0 -0.5294469 -0.8483432 0 -0.5313194 -0.8471716 0 -0.5352358 -0.8447027 0 -0.5369646 -0.8436048 0 -0.54004 -0.8416393 0 -0.5419431 -0.8404152 0 -0.5453966 -0.8381783 0 -0.5478441 -0.8365806 0 -0.5506836 -0.834714 0 -0.5527455 -0.8333501 0 -0.5550261 -0.8318331 0 -0.5586662 -0.8293926 0 -0.5609867 -0.8278248 0 -0.562984 -0.8264678 0 -0.5657845 -0.8245533 0 -0.5696035 -0.8219196 0 -0.5702466 -0.8214736 0 -0.573794 -0.8189997 0 -0.5766914 -0.8169621 0 -0.5789821 -0.8153403 0 -0.5812317 -0.8137382 0 -0.5841554 -0.8116419 0 -0.5866472 -0.8098427 0 -0.5887622 -0.8083063 0 -0.592003 -0.8059358 0 -0.5940262 -0.8044458 0 -0.5962533 -0.8027964 0 -0.5991537 -0.8006341 0 -0.6021289 -0.798399 0 -0.6041224 -0.7968916 0 -0.6063359 -0.7952086 0 -0.6095753 -0.7927281 0 -0.6113379 -0.7913697 0 -0.6146222 -0.7888217 0 -0.6170409 -0.7869312 0 -0.6186434 -0.7856721 0 -0.6212443 -0.7836171 0 -0.6245775 -0.780963 0 -0.626487 -0.7794319 0 -0.6292874 -0.7771728 0 -0.6313225 -0.7755205 0 -0.6336528 -0.7736176 0 -0.6360644 -0.7716361 0 -0.638567 -0.7695663 0 -0.6411149 -0.767445 0 -0.6431787 -0.7657162 0 -0.6462916 -0.7630907 0 -0.6476193 -0.7619642 0 -0.6509724 -0.7591014 0 -0.652789 -0.7575398 0 -0.6556707 -0.755047 0 -0.6582977 -0.7527577 0 -0.6603202 -0.7509841 0 -0.6625336 -0.7490323 0 -0.6649021 -0.7469305 0 -0.6665734 -0.7454395 0 -0.6697438 -0.7425923 0 -0.6719397 -0.740606 0 -0.6743087 -0.7384495 0 -0.6764751 -0.7364655 0 -0.6787073 -0.7344089 0 -0.681206 -0.7320919 0 -0.6835896 -0.7298666 0 -0.6851105 -0.7284393 0 -0.6884629 -0.7252717 0 -0.6902416 -0.723579 0 -0.6921269 -0.7217758 0 -0.6948729 -0.7191326 0 -0.696963 -0.7171071 0 -0.6996526 -0.7144832 0 -0.7015981 -0.7125729 0 -0.7038815 -0.7103175 0 -0.7061338 -0.7080785 0 -0.7080723 -0.7061401 0 -0.7106842 -0.7035112 0 -0.7123814 -0.7017925 0 -0.7146596 -0.6994725 0 -0.7170887 -0.696982 0 -0.7191216 -0.6948844 0 -0.7217652 -0.692138 0 -0.7236022 -0.6902173 0 -0.7254576 -0.6882669 0 -0.7282117 -0.6853523 0 -0.7300875 -0.6833537 0 -0.7326215 -0.6806363 0 -0.7334856 -0.679705 0 -0.7374067 -0.675449 0 -0.738235 -0.6745437 0 -0.740773 -0.6717555 0 -0.7422974 -0.6700707 0 -0.745224 -0.6668143 0 -0.7474952 -0.6642673 0 -0.7492194 -0.6623219 0 -0.7504293 -0.6609507 0 -0.7534641 -0.6574892 0 -0.7550793 -0.6556336 0 -0.7573301 -0.6530323 0 -0.7594672 -0.6505457 0 -0.7620851 -0.647477 0 -0.7627839 -0.6466537 0 -0.7658516 -0.6430175 0 -0.7679032 -0.6405659 0 -0.7688087 -0.6394789 0 -0.7719475 -0.6356863 0 -0.7734992 -0.6337974 0 -0.775459 -0.631398 0 -0.7779493 -0.6283271 0 -0.7787287 -0.6273608 0 -0.7814236 -0.624001 0 -0.7838884 -0.6209017 0 -0.7851962 -0.6192471 0 -0.787571 -0.6162239 0 -0.7890218 -0.6143653 0 -0.7907545 -0.6121336 0 -0.7934871 -0.6085871 0 -0.794528 -0.6072275 0 -0.7969021 -0.6041085 0 -0.7991295 -0.6011591 0 -0.8005372 -0.5992831 0 -0.8023165 -0.5968988 0 -0.8043437 -0.5941644 0 -0.8068384 -0.5907723 0 -0.807537 -0.589817 0 -0.8102756 -0.586049 0 -0.8115867 -0.584232 0 -0.8140136 -0.580846 0 -0.8156307 -0.5785728 0 -0.8166254 -0.5771682 0 -0.819497 -0.5730836 0 -0.8205878 -0.5715205 0 -0.8228568 -0.5682488 0 -0.8242046 -0.5662923 0 -0.8264473 -0.5630141 0 -0.8284432 -0.5600731 0 -0.8294553 -0.5585731 0 -0.8315883 -0.5553925 0 -0.8330509 -0.5531965 0 -0.8351104 -0.5500824 0 -0.8366663 -0.5477131 0 -0.8379403 -0.5457618 0 -0.8407956 -0.5413529 0 -0.8412054 -0.5407158 0 -0.8434951 -0.5371369 0 -0.8455433 -0.5339069 0 -0.8467608 -0.5319741 0 -0.8483909 -0.5293704 0 -0.8503482 -0.5262204 0 -0.8520651 -0.5234358 0 -0.8531839 -0.5216104 0 -0.854932 -0.5187403 0 -0.8573634 -0.5147117 0 -0.8578075 -0.5139713 0 -0.8600986 -0.5101277 0 -0.861279 -0.5081325 0 -0.8636541 -0.5040848 0 -0.8642231 -0.5031089 0 -0.8665522 -0.4990865 0 -0.867688 -0.4971093 0 -0.8695969 -0.4937624 0 -0.8711664 -0.490988 0 -0.8725616 -0.4885041 0 -0.8735908 -0.4866614 0 -0.8758728 -0.4825421 0 -0.8771415 -0.480232 0 -0.878327 -0.4780602 0 -0.8804547 -0.4741304 0 -0.8812537 -0.4726437 0 -0.8833001 -0.4688081 0 -0.8842575 -0.4669997 0 -0.8863258 -0.4630621 0 -0.8873184 -0.4611574 0 -0.8888241 -0.4582485 0 -0.8901293 -0.455708 0 -0.891689 -0.4526486 0 -0.8931101 -0.4498383 0 -0.8948853 -0.4462963 0 -0.896186 -0.4436786 0 -0.8971345 -0.4417575 0 -0.8983852 -0.4392086 0 -0.9006054 -0.4346378 0 -0.9010711 -0.4336717 0 -0.9031389 -0.4293485 0 -0.9037837 -0.4279897 0 -0.9055684 -0.4242006 0 -0.9069543 -0.4212291 0 -0.9078903 -0.4192079 0 -0.9095873 -0.4155129 0 -0.910765 -0.4129251 0 -0.9119591 -0.4102811 0 -0.9134672 -0.4069127 0 -0.9147081 -0.4041153 0 -0.9158573 -0.401504 0 -0.9169334 -0.3990405 0 -0.9184695 -0.3954921 0 -0.9196718 -0.392688 0 -0.9211436 -0.389223 0 -0.9217426 -0.3878024 0 -0.9232634 -0.3841679 0 -0.9246948 -0.3807095 0 -0.9256186 -0.3784577 0 -0.9266837 -0.3758424 0 -0.9280818 -0.3723763 0 -0.92952 -0.3687717 0 -0.9304472 -0.3664262 0 -0.9314032 -0.3639892 0 -0.9322686 -0.3617672 0 -0.9340678 -0.3570959 0 -0.9349755 -0.3547124 0 -0.935752 -0.3526591 0 -0.9374204 -0.3481997 0 -0.9382365 -0.3459948 0 -0.938942 -0.3440753 0 -0.9405609 -0.339625 0 -0.9411531 -0.3379808 0 -0.9427728 -0.3334358 0 -0.9432193 -0.3321709 0 -0.9448173 -0.3275982 0 -0.9454152 -0.3258684 0 -0.9465501 -0.3225567 0 -0.9475781 -0.3195242 0 -0.9486011 -0.3164745 0 -0.9496117 -0.3134291 0 -0.9506159 -0.3103699 0 -0.9515919 -0.3073642 0 -0.9525279 -0.3044515 0 -0.9535317 -0.3012931 0 -0.9545196 -0.2981482 0 -0.9551546 -0.2961077 0 -0.956402 -0.2920536 0 -0.9570477 -0.2899307 0 -0.9583078 -0.2857381 0 -0.958722 -0.2843455 0 -0.960104 -0.2796434 0 -0.9605605 -0.2780713 0 -0.9615219 -0.2747284 0 -0.9624891 -0.2713204 0 -0.9632799 -0.2684995 0 -0.9641268 -0.2654426 0 -0.9650569 -0.2620407 0 -0.9656567 -0.2598217 0 -0.9666249 -0.2561959 0 -0.967469 -0.2529897 0 -0.968236 -0.2500383 0 -0.9689012 -0.2474482 0 -0.9699754 -0.2432031 0 -0.970515 -0.241041 0 -0.971167 -0.2384005 0 -0.9718219 -0.2357167 0 -0.9727733 -0.2317588 0 -0.9734377 -0.2289527 0 -0.9743969 -0.2248352 0 -0.9748351 -0.2229273 0 -0.9756002 -0.2195547 0 -0.9761461 -0.217115 0 -0.9768708 -0.2138304 0 -0.9775713 -0.2106049 0 -0.9783023 -0.2071825 0 -0.9788553 -0.204554 0 -0.9795807 -0.2010522 0 -0.9803304 -0.1973639 0 -0.9806351 -0.1958444 0 -0.9813911 -0.1920196 0 -0.9821317 -0.1881953 0 -0.9824222 -0.1866729 0 -0.9832044 -0.1825083 0 -0.9836934 -0.1798533 0 -0.9842926 -0.1765455 0 -0.9849251 -0.1729813 0 -0.9853076 -0.1707898 0 -0.986032 -0.1665562 0 -0.9864773 -0.163898 0 -0.9869053 -0.1613007 0 -0.9873447 -0.1585892 0 -0.9879456 -0.1548014 0 -0.9884108 -0.1518036 0 -0.9888835 -0.1486927 0 -0.9894887 -0.1446105 0 -0.9896607 -0.1434283 0 -0.9902524 -0.1392854 0 -0.9906705 -0.1362795 0 -0.9910939 -0.1331656 0 -0.991635 -0.1290747 0 -0.9918973 -0.1270427 0 -0.9923163 -0.1237274 0 -0.992608 -0.1213647 0 -0.9930899 -0.1173573 0 -0.9934135 -0.1145846 0 -0.9937968 -0.1112114 0 -0.9941343 -0.1081535 0 -0.9944579 -0.1051366 0 -0.9948599 -0.1012606 0 -0.9950487 -0.09938853 0 -0.9954195 -0.09560376 0 -0.9957762 -0.09181481 0 -0.9959106 -0.09034407 0 -0.9962858 -0.08610892 0 -0.9966012 -0.08237832 0 -0.9967262 -0.08085095 0 -0.9970316 -0.07699382 0 -0.9973431 -0.07284826 0 -0.9974513 -0.07135051 0 -0.9977158 -0.06755268 0 -0.9979903 -0.06336832 0 -0.9980637 -0.06220167 0 -0.9983133 -0.05805808 0 -0.998488 -0.05497121 0 -0.9986636 -0.05168312 0 -0.9988201 -0.04856443 0 -0.9989642 -0.04550319 0 -0.9991306 -0.04168915 0 -0.99922 -0.03949248 0 -0.9993342 -0.03648549 0 -0.9994686 -0.03259718 0 -0.9995375 -0.03041076 0 -0.9996591 -0.02610766 0 -0.9997042 -0.02432334 0 -0.9997968 -0.02015602 0 -0.9998481 -0.01742893 0 -0.9999129 -0.01320225 0 -0.9999389 -0.01105958 0 -0.9999685 -0.007932782 0 -0.9999855 -0.005385041 0 -0.9999989 -0.001506149 0 -0.9999989 0.001562654 0 -0.9999858 0.005327105 0 -0.9999686 0.007932722 0 -0.9999396 0.0110017 0 -0.9999121 0.01326006 0 -0.9998481 0.01742905 0 -0.999797 0.02015155 0 -0.999704 0.02433264 0 -0.9996572 0.02618533 0 -0.9995386 0.03037613 0 -0.9994701 0.03255182 0 -0.9993203 0.03686243 0 -0.9992359 0.03908777 0 -0.9991307 0.04168921 0 -0.9989627 0.04553765 0 -0.9988201 0.04856443 0 -0.9986466 0.05200994 0 -0.9985068 0.05462956 0 -0.998315 0.05802798 0 -0.9980557 0.06232982 0 -0.9979918 0.06334441 0 -0.9977197 0.06749504 0 -0.9974492 0.07138097 0 -0.9973136 0.07325154 0 -0.997056 0.0766775 0 -0.9967216 0.08090877 0 -0.9966064 0.08231604 0 -0.9962474 0.08655112 0 -0.995948 0.08993148 0 -0.995774 0.09183776 0 -0.995414 0.0956614 0 -0.9949991 0.09988415 0 -0.9948891 0.100974 0 -0.9944596 0.1051196 0 -0.994136 0.1081367 0 -0.9938063 0.1111275 0 -0.9934135 0.1145846 0 -0.9930545 0.1176561 0 -0.9926373 0.1211249 0 -0.9922723 0.1240799 0 -0.9919361 0.1267394 0 -0.9915978 0.1293598 0 -0.991133 0.1328735 0 -0.9906846 0.1361771 0 -0.9901969 0.139679 0 -0.9897105 0.1430847 0 -0.9895045 0.1445023 0 -0.988875 0.1487488 0 -0.9883932 0.1519176 0 -0.9879636 0.1546869 0 -0.9873447 0.1585892 0 -0.9869053 0.1613007 0 -0.9864016 0.1643539 0 -0.986032 0.1665562 0 -0.9853869 0.1703315 0 -0.9848446 0.1734392 0 -0.9843041 0.1764806 0 -0.9837529 0.1795282 0 -0.9831315 0.1829001 0 -0.982401 0.1867846 0 -0.9821958 0.1878601 0 -0.981391 0.1920207 0 -0.9806387 0.1958261 0 -0.9802634 0.1976966 0 -0.9795498 0.2012017 0 -0.9789407 0.2041451 0 -0.9782319 0.207515 0 -0.9776596 0.2101949 0 -0.9769003 0.2136958 0 -0.9760421 0.2175818 0 -0.975625 0.2194446 0 -0.974886 0.2227048 0 -0.9743452 0.2250591 0 -0.9734306 0.2289823 0 -0.9727864 0.2317041 0 -0.9718484 0.2356073 0 -0.9712337 0.2381286 0 -0.9705374 0.2409509 0 -0.9698572 0.2436742 0 -0.9690218 0.2469753 0 -0.9682119 0.2501316 0 -0.9673839 0.2533146 0 -0.9666498 0.256102 0 -0.9657729 0.2593894 0 -0.9649282 0.2625139 0 -0.9641268 0.2654426 0 -0.9634119 0.2680256 0 -0.9623855 0.2716876 0 -0.9615866 0.274502 0 -0.9605512 0.2781036 0 -0.9600638 0.2797812 0 -0.9587706 0.2841814 0 -0.9583543 0.285582 0 -0.9569351 0.2903019 0 -0.956402 0.2920536 0 -0.9553028 0.2956294 0 -0.9545031 0.298201 0 -0.9534663 0.3014999 0 -0.952574 0.3043073 0 -0.9514909 0.307677 0 -0.9503589 0.3111562 0 -0.9498184 0.3128022 0 -0.9486011 0.3164745 0 -0.9475781 0.3195242 0 -0.9466344 0.3223093 0 -0.9454389 0.3257996 0 -0.9446917 0.32796 0 -0.9432193 0.3321709 0 -0.9427533 0.333491 0 -0.9411531 0.3379808 0 -0.940672 0.3393176 0 -0.9389024 0.3441836 0 -0.9381558 0.3462134 0 -0.9375234 0.347922 0 -0.935752 0.3526591 0 -0.934878 0.3549693 0 -0.93405 0.3571425 0 -0.9322397 0.3618416 0 -0.9314534 0.3638606 0 -0.9303452 0.366685 0 -0.9295797 0.3686215 0 -0.9280835 0.3723722 0 -0.926803 0.375548 0 -0.9254784 0.3788005 0 -0.9247498 0.3805759 0 -0.9231967 0.3843278 0 -0.9217101 0.3878796 0 -0.9212225 0.3890364 0 -0.919614 0.3928233 0 -0.9185306 0.3953499 0 -0.9168827 0.3991568 0 -0.9158475 0.4015264 0 -0.9148346 0.4038288 0 -0.9132965 0.4072954 0 -0.9119808 0.4102329 0 -0.9108515 0.4127345 0 -0.9095873 0.4155129 0 -0.9079144 0.4191556 0 -0.9070869 0.4209434 0 -0.9053758 0.4246114 0 -0.9038438 0.4278627 0 -0.9032564 0.4291015 0 -0.9009508 0.4339213 0 -0.9004371 0.4349865 0 -0.8985313 0.4389095 0 -0.8971345 0.4417575 0 -0.8963471 0.4433532 0 -0.8947258 0.4466161 0 -0.8931333 0.4497921 0 -0.8913593 0.4532977 0 -0.8906247 0.454739 0 -0.8884969 0.4588826 0 -0.8875033 0.4608014 0 -0.8863521 0.4630118 0 -0.8842575 0.4669997 0 -0.8830122 0.4693502 0 -0.8815429 0.4721039 0 -0.8804278 0.4741802 0 -0.8782891 0.4781303 0 -0.8775041 0.4795691 0 -0.8755462 0.4831343 0 -0.8737629 0.486352 0 -0.872367 0.4888517 0 -0.8711636 0.4909931 0 -0.8695998 0.4937573 0 -0.8676851 0.4971145 0 -0.866402 0.4993472 0 -0.8643993 0.5028061 0 -0.8634807 0.504382 0 -0.8616522 0.5074993 0 -0.859952 0.5103751 0 -0.8580077 0.5136368 0 -0.8569545 0.5153923 0 -0.855086 0.5184863 0 -0.853287 0.5214416 0 -0.8521466 0.5233033 0 -0.8501381 0.5265598 0 -0.8485776 0.5290712 0 -0.8463371 0.5326477 0 -0.8456967 0.5336638 0 -0.8433411 0.5373787 0 -0.8413336 0.5405163 0 -0.8407727 0.5413884 0 -0.837859 0.5458867 0 -0.8369076 0.5473443 0 -0.8349508 0.5503247 0 -0.8329396 0.5533639 0 -0.8316969 0.55523 0 -0.8295978 0.5583613 0 -0.8283544 0.5602045 0 -0.8264186 0.5630564 0 -0.8242626 0.5662078 0 -0.8224658 0.5688146 0 -0.8207349 0.5713093 0 -0.8191162 0.5736278 0 -0.8170213 0.5766076 0 -0.8155509 0.5786854 0 -0.8142695 0.5804871 0 -0.8117203 0.5840464 0 -0.8099528 0.5864951 0 -0.8077024 0.5895904 0 -0.8066451 0.5910362 0 -0.8045097 0.5939396 0 -0.8023928 0.5967963 0 -0.8004549 0.5993931 0 -0.7984351 0.602081 0 -0.7972646 0.6036302 0 -0.7946678 0.6070446 0 -0.7934871 0.6085871 0 -0.7907545 0.6121336 0 -0.7889993 0.6143941 0 -0.7875429 0.6162599 0 -0.7853921 0.6189985 0 -0.7836582 0.6211922 0 -0.7814735 0.6239385 0 -0.7788592 0.6271989 0 -0.7778184 0.6284893 0 -0.7753174 0.631572 0 -0.7738113 0.6334162 0 -0.7716063 0.6361004 0 -0.7689796 0.6392735 0 -0.7674316 0.641131 0 -0.7658951 0.6429655 0 -0.7631425 0.6462303 0 -0.7622565 0.6472752 0 -0.7593199 0.6507176 0 -0.7575348 0.6527948 0 -0.7552383 0.6554504 0 -0.7531544 0.657844 0 -0.7506055 0.6607507 0 -0.7490281 0.6625382 0 -0.7473276 0.6644558 0 -0.7448646 0.6672157 0 -0.742969 0.6693259 0 -0.7406178 0.6719266 0 -0.7382354 0.6745433 0 -0.7372193 0.6756536 0 -0.7336733 0.6795025 0 -0.7326215 0.6806363 0 -0.7298958 0.6835585 0 -0.7284044 0.6851475 0 -0.7252922 0.6884413 0 -0.7237467 0.6900659 0 -0.7217797 0.692123 0 -0.7191505 0.6948544 0 -0.7167372 0.6973434 0 -0.7148541 0.6992737 0 -0.7127465 0.7014219 0 -0.7103226 0.7038763 0 -0.7084475 0.7057636 0 -0.7059848 0.708227 0 -0.7038815 0.7103175 0 -0.701381 0.7127867 0 -0.6996784 0.714458 0 -0.6967896 0.7172756 0 -0.6952652 0.7187534 0 -0.6925635 0.721357 0 -0.6901913 0.723627 0 -0.6880724 0.7256421 0 -0.6855507 0.728025 0 -0.683147 0.7302809 0 -0.6812209 0.732078 0 -0.6789127 0.734219 0 -0.6764361 0.7365013 0 -0.6747352 0.7380599 0 -0.6713282 0.7411603 0 -0.6697086 0.7426241 0 -0.6671895 0.7448881 0 -0.6646654 0.7471412 0 -0.662706 0.7488797 0 -0.6599574 0.7513031 0 -0.6582576 0.7527929 0 -0.6550396 0.7555946 0 -0.6530354 0.7573275 0 -0.6507817 0.759265 0 -0.6482061 0.761465 0 -0.6454643 0.7637906 0 -0.6444068 0.7646829 0 -0.6406151 0.7678623 0 -0.6386721 0.7694791 0 -0.6362493 0.7714836 0 -0.6334115 0.7738152 0 -0.6322041 0.774802 0 -0.629001 0.7774046 0 -0.6263033 0.7795796 0 -0.6241621 0.7812948 0 -0.6216112 0.7833259 0 -0.6191039 0.7853092 0 -0.6162914 0.7875182 0 -0.6137964 0.7894644 0 -0.6125425 0.7904378 0 -0.6089007 0.7932465 0 -0.6070457 0.794667 0 -0.6043633 0.796709 0 -0.6006367 0.7995221 0 -0.6000427 0.7999681 0 -0.5965816 0.8025525 0 -0.5942728 0.8042635 0 -0.5914565 0.8063369 0 -0.5890526 0.8080948 0 -0.5870636 0.8095408 0 -0.5836529 0.8120033 0 -0.5812173 0.8137484 0 -0.5792479 0.8151514 0 -0.5764868 0.8171066 0 -0.5732637 0.8193711 0 -0.5715393 0.8205748 0 -0.5683525 0.8227853 0 -0.5655793 0.824694 0 -0.5642599 0.8255973 0 -0.5602468 0.8283258 0 -0.5584373 0.8295468 0 -0.5554102 0.8315766 0 -0.5534116 0.832908 0 -0.5500135 0.8351559 0 -0.5475785 0.8367544 0 -0.5449354 0.838478 0 -0.5433892 0.8394809 0 -0.5394781 0.8419997 0 -0.5374183 0.8433159 0 -0.5343723 0.8452492 0 -0.5320209 0.8467312 0 -0.5289883 0.8486292 0 -0.5270605 0.8498278 0 -0.5235791 0.8519772 0 -0.5210847 0.8535051 0 -0.5187373 0.8549337 0 -0.5160216 0.8565756 0 -0.5126088 0.8586223 0 -0.51028 0.8600084 0 -0.5074328 0.8616914 0 -0.5057372 0.8626877 0 -0.5017376 0.8650199 0 -0.4999282 0.866067 0 -0.4976518 0.867377 0 -0.4934917 0.8697506 0 -0.4916786 0.8707768 0 -0.4885979 0.8725091 0 -0.4851983 0.8744041 0 -0.4837614 0.8751999 0 -0.4810528 0.8766916 0 -0.4765264 0.8791603 0 -0.4760126 0.8794386 0 -0.4718203 0.8816947 0 -0.4696877 0.8828327 0 -0.4663676 0.8845911 0 -0.4638226 0.8859282 0 -0.4612991 0.8872448 0 -0.4577631 0.8890742 0 -0.4551197 0.8904303 0 -0.4526305 0.8916982 0 -0.4500794 0.8929886 0 -0.4472398 0.8944141 0 -0.4443659 0.8958455 0 -0.4414168 0.8973022 0 -0.4386833 0.8986418 0 -0.4350602 0.9004014 0 -0.4325106 0.9016289 0 -0.4309859 0.9023587 0 -0.4276245 0.9039565 0 -0.4243036 0.90552 0 -0.4212496 0.9069448 0 -0.4182249 0.9083436 0 -0.4166314 0.9090756 0 -0.4132056 0.9106379 0 -0.409458 0.9123291 0 -0.4079415 0.9130081 0 -0.4040639 0.9147309 0 -0.4018716 0.9156961 0 -0.3977698 0.9174853 0 -0.396471 0.9180473 0 -0.3921651 0.9198948 0 -0.3903872 0.9206507 0 -0.3868153 0.9221572 0 -0.3843711 0.9231788 0 -0.3810262 0.9245643 0 -0.3792698 0.9252862 0 -0.3753668 0.9268764 0 -0.3725799 0.9280001 0 -0.3697183 0.929144 0 -0.365696 0.9307343 0 -0.3641126 0.9313549 0 -0.3615354 0.9323585 0 -0.3578233 0.9337893 0 -0.3549786 0.9348745 0 -0.3523162 0.9358811 0 -0.3488618 0.9371743 0 -0.3454678 0.9384307 0 -0.3440502 0.9389513 0 -0.3396807 0.9405408 0 -0.3370733 0.9414784 0 -0.3342666 0.9424787 0 -0.3322814 0.9431803 0 -0.328281 0.9445802 0 -0.3258912 0.9454074 0 -0.3219913 0.9467427 0 -0.3197613 0.9474981 0 -0.3167968 0.9484935 0 -0.31347 0.9495981 0 -0.3104375 0.9505938 0 -0.3078093 0.9514482 0 -0.3044593 0.9525254 0 -0.3009523 0.9536392 0 -0.2984595 0.9544223 0 -0.2961897 0.9551292 0 -0.2920475 0.9564039 0 -0.2906427 0.9568318 0 -0.2864611 0.9580919 0 -0.2832996 0.9590315 0 -0.2800844 0.9599754 0 -0.2774734 0.9607334 0 -0.2752125 0.9613834 0 -0.2713781 0.9624729 0 -0.2683981 0.9633082 0 -0.2658699 0.964009 0 -0.2620398 0.9650571 0 -0.2593958 0.9657711 0 -0.2568686 0.9664464 0 -0.2521933 0.9676769 0 -0.250402 0.9681419 0 -0.2478494 0.9687986 0 -0.2435622 0.9698854 0 -0.2417516 0.9703382 0 -0.2377873 0.9713173 0 -0.2355841 0.971854 0 -0.2317355 0.9727788 0 -0.2293893 0.9733349 0 -0.2248597 0.9743912 0 -0.2236692 0.9746652 0 -0.2195289 0.9756061 0 -0.2161154 0.9763679 0 -0.2136315 0.9769144 0 -0.2106213 0.9775678 0 -0.2083327 0.978058 0 -0.203338 0.9791087 0 -0.2015147 0.9794856 0 -0.1988601 0.980028 0 -0.1947062 0.9808617 0 -0.1920058 0.9813938 0 -0.1897383 0.9818347 0 -0.1852053 0.9826999 0 -0.1828908 0.9831333 0 -0.1802996 0.9836118 0 -0.1760352 0.9843839 0 -0.1741746 0.9847148 0 -0.169628 0.9855083 0 -0.1684814 0.9857048 0 -0.1639686 0.9864656 0 -0.1612593 0.9869121 0 -0.1575248 0.987515 0 -0.1546893 0.9879633 0 -0.1526743 0.9882766 0 -0.1486696 0.988887 0 -0.1457786 0.9893173 0 -0.1425894 0.989782 0 -0.1386267 0.9903447 0 -0.1361667 0.990686 0 -0.1331594 0.9910947 0 -0.130993 0.9913833 0 -0.1271396 0.9918849 0 -0.1236847 0.9923216 0 -0.1198989 0.9927861 0 -0.1184056 0.9929654 0 -0.1145949 0.9934124 0 -0.1108244 0.99384 0 -0.1089144 0.9940512 0 -0.1043254 0.9945432 0 -0.1021424 0.9947699 0 -0.09863018 0.9951242 0 -0.09597271 0.995384 0 -0.09342247 0.9956266 0 -0.08874344 0.9960546 0 -0.08615469 0.9962819 0 -0.08428585 0.9964417 0 -0.07926124 0.996854 0 -0.07701551 0.99703 0 -0.07404458 0.997255 0 -0.07017493 0.9975347 0 -0.06868451 0.9976384 0 -0.06334674 0.9979916 0 -0.06225979 0.99806 0 -0.05807679 0.9983122 0 -0.05424803 0.9985276 0 -0.0527417 0.9986082 0 -0.04897201 0.9988002 0 -0.04554539 0.9989624 0 -0.04214364 0.9991116 0 -0.03901785 0.9992385 0 -0.03687208 0.99932 0 -0.03219401 0.9994816 0 -0.03074884 0.9995272 0 -0.02618682 0.9996572 0 -0.02430498 0.9997047 0 -0.02050083 0.9997899 0 -0.01745587 0.9998477 0 -0.01323449 0.9999125 0 -0.01102858 0.9999393 0 -0.007945239 0.9999685 0 0 0 1 -0.005739569 0.9999836 0 -0.001474082 0.999999 0 0 0 -1 0.005359768 0.9999856 0 0.01102787 0.9999393 0 0.01323366 0.9999125 0 0.01743113 0.9998481 0 0.02013516 0.9997974 0 0.02432334 0.9997042 0 0.02614337 0.9996582 0 0.03909772 0.9992355 0 0.04855638 0.9988206 0 0.05202472 0.9986458 0 0.05464988 0.9985056 0 0.05843293 0.9982914 0 0.06188243 0.9980835 0 0.06332296 0.9979932 0 0.06757748 0.9977141 0 0.0713244 0.9974532 0 0.07321894 0.997316 0 0.08049291 0.9967552 0 0.08267682 0.9965765 0 0.08615469 0.9962819 0 0.09035336 0.9959098 0 0.095972 0.995384 0 0.09945297 0.9950423 0 0.1047641 0.9944971 0 0.1115742 0.9937562 0 0.1141778 0.9934604 0 0.1236838 0.9923217 0 0.1266954 0.9919417 0 0.1294268 0.991589 0 0.1331836 0.9910914 0 0.1391968 0.9902647 0 0.1434391 0.9896591 0 0.1445538 0.989497 0 0.1495364 0.9887562 0 0.1548517 0.9879378 0 0.170342 0.9853851 0 0.1733756 0.9848558 0 0.17982 0.9836996 0 0.1867154 0.9824141 0 0.1882048 0.9821299 0 0.1919578 0.9814033 0 0.195847 0.9806345 0 0.1973362 0.980336 0 0.2015976 0.9794685 0 0.2048863 0.9787858 0 0.2102359 0.9776507 0 0.2134459 0.9769549 0 0.2217288 0.9751085 0 0.2384919 0.9711445 0 0.246973 0.9690225 0 0.2501411 0.9682094 0 0.26881 0.9631932 0 0.2713744 0.9624739 0 0.2804023 0.9598826 0 0.2842255 0.9587575 0 0.2896041 0.9571465 0 0.291607 0.9565383 0 0.2957504 0.9552653 0 0.298438 0.9544291 0 0.3039889 0.9526756 0 0.3112388 0.9503318 0 0.3166815 0.9485319 0 0.3257883 0.9454427 0 0.3280221 0.9446701 0 0.3321957 0.9432105 0 0.3346693 0.9423357 0 0.337029 0.9414944 0 0.3395395 0.9405919 0 0.3427998 0.9394085 0 0.3490719 0.9370959 0 0.3520696 0.9359738 0 0.3551755 0.9347997 0 0.3604788 0.9327674 0 0.3645155 0.9311974 0 0.3703839 0.9288788 0 0.375646 0.9267632 0 0.3839039 0.9233731 0 0.3863479 0.9223532 0 0.3926811 0.9196748 0 0.3960945 0.9182097 0 0.3974858 0.9176084 0 0.404233 0.9146561 0 0.4078014 0.9130707 0 0.4094688 0.9123243 0 0.416651 0.9090666 0 0.4180622 0.9084184 0 0.4213934 0.9068781 0 0.424781 0.9052962 0 0.4268581 0.9043186 0 0.4306882 0.9025009 0 0.4412677 0.8973756 0 0.4446706 0.8956943 0 0.4473334 0.8943673 0 0.4496823 0.8931887 0 0.4523404 0.8918455 0 0.4554326 0.8902703 0 0.4614838 0.8871487 0 0.4633637 0.8861683 0 0.4666526 0.8844408 0 0.4693799 0.8829964 0 0.4721032 0.8815432 0 0.4755614 0.8796826 0 0.4768316 0.8789947 0 0.4832413 0.8754873 0 0.4887583 0.8724192 0 0.4937232 0.8696192 0 0.501725 0.8650272 0 0.5054422 0.8628606 0 0.5079646 0.861378 0 0.5128001 0.858508 0 0.5212066 0.8534307 0 0.524733 0.8512669 0 0.5262253 0.8503453 0 0.5293695 0.8483914 0 0.5310317 0.847352 0 0.5343854 0.845241 0 0.5375175 0.8432525 0 0.5398346 0.8417711 0 0.5444752 0.8387771 0 0.5486037 0.8360826 0 0.5502914 0.8349726 0 0.5590034 0.8291654 0 0.5596505 0.8287289 0 0.5640415 0.8257465 0 0.5663802 0.8241441 0 0.5703057 0.8214326 0 0.573794 0.8189997 0 0.5766937 0.8169606 0 0.5790703 0.8152776 0 0.5844078 0.8114603 0 0.5858795 0.8103982 0 0.5893405 0.8078848 0 0.5915238 0.8062877 0 0.5968171 0.8023773 0 0.5996398 0.80027 0 0.6010262 0.7992294 0 0.6065442 0.7950499 0 0.6118577 0.790968 0 0.6165849 0.7872884 0 0.6182488 0.7859824 0 0.6216535 0.7832924 0 0.6239359 0.7814756 0 0.6269113 0.7790908 0 0.6292586 0.7771961 0 0.6336953 0.7735828 0 0.6356249 0.7719982 0 0.6394968 0.7687939 0 0.6408674 0.7676516 0 0.6427426 0.7660823 0 0.6480253 0.7616187 0 0.6505206 0.7594887 0 0.6530354 0.7573275 0 0.6554701 0.7552212 0 0.6581256 0.7529082 0 0.6606793 0.7506684 0 0.6625192 0.749045 0 0.6643201 0.7474483 0 0.6667553 0.7452768 0 0.6697149 0.7426183 0 0.6741358 0.7386075 0 0.6791138 0.7340331 0 0.6812192 0.7320796 0 0.6833875 0.7300559 0 0.6851105 0.7284393 0 0.6886336 0.7251095 0 0.6900514 0.7237604 0 0.6921188 0.7217836 0 0.6946849 0.7193142 0 0.6971656 0.7169102 0 0.6996582 0.7144777 0 0.7016081 0.7125631 0 0.7082538 0.7059579 0 0.7103226 0.7038763 0 0.7123657 0.7018086 0 0.714662 0.69947 0 0.7169217 0.6971538 0 0.7193337 0.6946648 0 0.7215884 0.6923224 0 0.7252922 0.6884413 0 0.7284077 0.685144 0 0.7299102 0.683543 0 0.7322555 0.6810302 0 0.734211 0.6789214 0 0.7370457 0.6758429 0 0.7380336 0.674764 0 0.7406072 0.6719384 0 0.7448857 0.6671922 0 0.7507711 0.6605625 0 0.7528256 0.65822 0 0.7552192 0.6554725 0 0.757197 0.6531867 0 0.7596564 0.6503248 0 0.7615931 0.6480556 0 0.7630411 0.6463501 0 0.771498 0.6362317 0 0.7811003 0.6244058 0 0.7856879 0.6186231 0 0.7873506 0.6165056 0 0.7929556 0.6092794 0 0.7951963 0.6063522 0 0.7987692 0.6016375 0 0.8002604 0.5996526 0 0.8025869 0.5965353 0 0.8045052 0.5939456 0 0.8061532 0.5917068 0 0.8080608 0.5890992 0 0.8098222 0.5866753 0 0.8118771 0.5838284 0 0.8142621 0.5804975 0 0.8149572 0.5795212 0 0.8169939 0.5766463 0 0.8211146 0.5707635 0 0.8245462 0.5657946 0 0.8320443 0.5547093 0 0.8328863 0.5534442 0 0.8351371 0.550042 0 0.8367484 0.5475876 0 0.8382036 0.5453577 0 0.8399029 0.5427367 0 0.8415477 0.5401829 0 0.8435784 0.5370062 0 0.8450917 0.5346216 0 0.8485437 0.5291254 0 0.8498255 0.5270643 0 0.8517856 0.5238906 0 0.8534673 0.5211466 0 0.8551117 0.518444 0 0.8584935 0.5128244 0 0.8599748 0.5103365 0 0.8614023 0.5079233 0 0.866402 0.4993472 0 0.8673601 0.4976813 0 0.8703773 0.4923856 0 0.8744945 0.4850355 0 0.8754051 0.4833901 0 0.878813 0.4771663 0 0.879605 0.475705 0 0.8815429 0.4721039 0 0.8830717 0.4692381 0 0.8859351 0.4638093 0 0.8874253 0.4609517 0 0.8971359 0.4417547 0 0.9016721 0.4324206 0 0.9024766 0.4307388 0 0.9091275 0.4165182 0 0.910765 0.4129251 0 0.912326 0.4094648 0 0.9157829 0.4016737 0 0.9176183 0.3974628 0 0.9223458 0.3863656 0 0.9233548 0.3839481 0 0.9243767 0.3814812 0 0.925697 0.3782659 0 0.9289332 0.3702475 0 0.9306003 0.3660371 0 0.9326602 0.3607562 0 0.9360635 0.3518311 0 0.9369706 0.3494083 0 0.9394283 0.3427457 0 0.9413855 0.3373329 0 0.9433107 0.331911 0 0.9454416 0.3257916 0 0.946756 0.321952 0 0.9474551 0.3198889 0 0.9485424 0.3166503 0 0.9503589 0.3111562 0 0.9514909 0.307677 0 0.952786 0.3036429 0 0.9553923 0.2953398 0 0.9580386 0.2866393 0 0.9598614 0.280475 0 0.9607725 0.2773382 0 0.9617018 0.2740985 0 0.9633145 0.2683749 0 0.9643276 0.2647119 0 0.9647415 0.2631996 0 0.9667543 0.2557072 0 0.9681281 0.2504559 0 0.9690353 0.2469224 0 0.9699621 0.2432562 0 0.9704337 0.2413683 0 0.9720378 0.2348244 0 0.974214 0.2256264 0 0.9750021 0.222196 0 0.9761028 0.2173091 0 0.9769473 0.213481 0 0.977591 0.2105134 0 0.9784547 0.2064619 0 0.9787087 0.2052544 0 0.9795325 0.2012859 0 0.9803304 0.1973639 0 0.9805719 0.19616 0 0.9814049 0.1919492 0 0.9821958 0.1878601 0 0.9824115 0.1867287 0 0.9842439 0.1768161 0 0.9864773 0.163898 0 0.987408 0.158195 0 0.9879637 0.1546859 0 0.9894469 0.1448963 0 0.9897183 0.143031 0 0.9902603 0.1392286 0 0.9910873 0.1332145 0 0.9915978 0.1293598 0 0.9919421 0.1266921 0 0.994136 0.1081367 0 0.9944596 0.1051196 0 0.9948891 0.100974 0 0.9950029 0.09984701 0 0.995414 0.0956611 0 0.995774 0.09183722 0 0.9959449 0.0899657 0 0.996724 0.08087837 0 0.9970583 0.07664853 0 0.9973135 0.07325142 0 0.9974472 0.07140809 0 0.9977197 0.06749504 0 0.9980571 0.06230634 0 0.9983125 0.05807185 0 0.9984825 0.05507051 0 0.9986675 0.05160564 0 0.9994708 0.03252714 0 0.9996579 0.02615553 0 0.9997897 0.02051097 0 0.9998552 0.01702243 0 0.9999122 0.01325911 0 0.9999395 0.01100081 0 0.9999859 0.005326688 0 0.9999989 0.001563251 0 0.9999989 -0.001505374 0 0.9999855 -0.005384624 0 0.9999389 -0.01105868 0 0.9999129 -0.01320123 0 0.9997886 -0.02056008 0 0.9995276 -0.03073471 0 0.9993215 -0.03683251 0 0.9992336 -0.03914558 0 0.9986436 -0.05206769 0 0.9983158 -0.05801415 0 0.9980858 -0.06184488 0 0.9979682 -0.0637145 0 0.9977158 -0.06755268 0 0.9974513 -0.07135051 0 0.9970227 -0.07710945 0 0.9959532 -0.08987432 0 0.9957762 -0.09181481 0 0.995423 -0.09556794 0 0.9950144 -0.09973239 0 0.9948969 -0.1008969 0 0.9944579 -0.1051369 0 0.9941405 -0.1080963 0 0.9937519 -0.1116118 0 0.9934596 -0.1141846 0 0.9915382 -0.1298152 0 0.9910863 -0.1332221 0 0.9903486 -0.1385995 0 0.989726 -0.1429773 0 0.9894385 -0.1449539 0 0.9864305 -0.1641797 0 0.9860129 -0.1666688 0 0.9853772 -0.1703877 0 0.9841125 -0.1775461 0 0.9839079 -0.1786767 0 0.982422 -0.1866739 0 0.9821317 -0.1881953 0 0.9803415 -0.1973082 0 0.9795687 -0.20111 0 0.9784664 -0.2064065 0 0.9775251 -0.2108191 0 0.9769178 -0.2136154 0 0.9762711 -0.2165519 0 0.9754171 -0.2203672 0 0.975024 -0.2220998 0 0.9740404 -0.2263742 0 0.9736182 -0.2281839 0 0.9725753 -0.2325887 0 0.9721626 -0.2343071 0 0.9706825 -0.2403657 0 0.9689884 -0.2471063 0 0.9672459 -0.2538417 0 0.9668146 -0.2554793 0 0.9633419 -0.2682768 0 0.9622452 -0.2721843 0 0.9607277 -0.2774928 0 0.9563378 -0.2922637 0 0.9515926 -0.3073625 0 0.9486185 -0.3164224 0 0.94735 -0.3201998 0 0.945629 -0.3252472 0 0.9445184 -0.3284586 0 0.9434483 -0.3315201 0 0.942305 -0.3347557 0 0.9416678 -0.336544 0 0.9403944 -0.340086 0 0.9369646 -0.3494246 0 0.9360869 -0.351769 0 0.93506 -0.3544895 0 0.9335471 -0.3584551 0 0.9328055 -0.3603804 0 0.9314534 -0.3638606 0 0.9303764 -0.3666057 0 0.9290132 -0.3700467 0 0.9280145 -0.3725444 0 0.9268231 -0.3754982 0 0.9223682 -0.3863121 0 0.9186759 -0.3950122 0 0.9166463 -0.3996995 0 0.9163151 -0.4004582 0 0.9146653 -0.4042122 0 0.9129413 -0.408091 0 0.912023 -0.4101392 0 0.9098711 -0.4148909 0 0.9078716 -0.4192487 0 0.9046078 -0.4262448 0 0.9028221 -0.4300142 0 0.9014384 -0.4329075 0 0.8996432 -0.436626 0 0.8991103 -0.4377221 0 0.8973818 -0.441255 0 0.8955756 -0.4449095 0 0.8918034 -0.4524233 0 0.8875989 -0.4606172 0 0.8856044 -0.4644404 0 0.8831561 -0.4690792 0 0.8799485 -0.4750693 0 0.8783075 -0.4780961 0 0.8725616 -0.4885041 0 0.8663601 -0.4994198 0 0.8646491 -0.5023765 0 0.8631245 -0.5049914 0 0.8611455 -0.5083586 0 0.8600662 -0.5101825 0 0.8585322 -0.5127598 0 0.8566507 -0.515897 0 0.8532357 -0.5215256 0 0.8522732 -0.5230972 0 0.8487804 -0.5287457 0 0.8464742 -0.5324299 0 0.8454317 -0.5340837 0 0.8435784 -0.5370062 0 0.8399593 -0.5426495 0 0.8381203 -0.5454854 0 0.8352519 -0.5498677 0 0.8327701 -0.553619 0 0.8313274 -0.5557832 0 0.8298749 -0.5579497 0 0.8283312 -0.5602388 0 0.8262337 -0.5633276 0 0.8205143 -0.571626 0 0.8194735 -0.573117 0 0.816878 -0.5768107 0 0.8137531 -0.5812107 0 0.8096946 -0.5868515 0 0.8079976 -0.5891859 0 0.8066728 -0.5909985 0 0.7967349 -0.6043291 0 0.7934819 -0.608594 0 0.7908123 -0.6120589 0 0.7849568 -0.6195507 0 0.7835627 -0.6213127 0 0.7790269 -0.6269905 0 0.7779399 -0.6283386 0 0.7755156 -0.6313285 0 0.7732025 -0.6341592 0 0.7693185 -0.6388654 0 0.7651851 -0.6438105 0 0.7642432 -0.6449283 0 0.7596961 -0.6502783 0 0.7573588 -0.6529991 0 0.7553749 -0.6552929 0 0.7511898 -0.6600864 0 0.7470573 -0.6647598 0 0.7440157 -0.6681622 0 0.7406215 -0.6719225 0 0.7367824 -0.6761301 0 0.7344857 -0.6786242 0 0.7316969 -0.6816303 0 0.7298524 -0.6836047 0 0.7276421 -0.685957 0 0.7264347 -0.6872355 0 0.7176721 -0.6963813 0 0.7144705 -0.6996657 0 0.7129608 -0.701204 0 0.7099175 -0.7042849 0 0.7088302 -0.7053791 0 0.6985208 -0.7155898 0 0.6973606 -0.7167206 0 0.6929581 -0.7209779 0 0.6874654 -0.7262171 0 0.6786058 -0.7345027 0 0.6736827 -0.7390208 0 0.6719397 -0.740606 0 0.6696113 -0.7427118 0 0.6671003 -0.744968 0 0.6651781 -0.7466848 0 0.6624905 -0.7490704 0 0.6574954 -0.7534586 0 0.6454643 -0.7637906 0 0.6435552 -0.7653997 0 0.6412861 -0.767302 0 0.6381574 -0.7699059 0 0.6344334 -0.7729775 0 0.6223312 -0.7827541 0 0.6191116 -0.7853031 0 0.6167389 -0.7871679 0 0.611659 -0.7911216 0 0.6016788 -0.7987381 0 0.5963863 -0.8026977 0 0.5942743 -0.8042625 0 0.5920491 -0.8059019 0 0.5882335 -0.8086912 0 0.5784142 -0.8157433 0 0.5759575 -0.8174797 0 0.5745546 -0.8184664 0 0.5683055 -0.8228177 0 0.562536 -0.8267728 0 0.5613495 -0.8275789 0 0.5579717 -0.82986 0 0.5524818 -0.8335251 0 0.5475785 -0.8367544 0 0.5398461 -0.8417637 0 0.5369777 -0.8435964 0 0.5346812 -0.8450539 0 0.5316047 -0.8469926 0 0.5295378 -0.8482865 0 0.526063 -0.8504457 0 0.5242803 -0.8515458 0 0.5185447 -0.8550506 0 0.515869 -0.8566676 0 0.5132476 -0.8582406 0 0.5077999 -0.8614751 0 0.5026295 -0.864502 0 0.4996738 -0.8662137 0 0.495029 -0.8688765 0 0.4910137 -0.8711519 0 0.4890471 -0.8722574 0 0.4831495 -0.8755379 0 0.4801143 -0.877206 0 0.4779278 -0.8783993 0 0.471754 -0.8817302 0 0.4692239 -0.8830793 0 0.4676483 -0.8839147 0 0.4605147 -0.8876522 0 0.4477029 -0.8941825 0 0.4352849 -0.9002928 0 0.4328994 -0.9014423 0 0.4275531 -0.9039903 0 0.4246376 -0.9053635 0 0.4190433 -0.9079663 0 0.4125971 -0.9109138 0 0.4102607 -0.9119684 0 0.4073086 -0.9132907 0 0.3987062 -0.9170788 0 0.3956945 -0.9183823 0 0.3925557 -0.9197283 0 0.3893305 -0.9210982 0 0.3877195 -0.9217775 0 0.3843044 -0.9232065 0 0.375523 -0.9268131 0 0.3688621 -0.9294842 0 0.3636507 -0.9315354 0 0.3616319 -0.932321 0 0.3571041 -0.9340646 0 0.3545845 -0.935024 0 0.3529905 -0.935627 0 0.3484705 -0.9373198 0 0.3457537 -0.9383253 0 0.3440456 -0.9389531 0 0.3392947 -0.9406802 0 0.3380147 -0.941141 0 0.333685 -0.9426847 0 0.33218 -0.9432161 0 0.3222121 -0.9466676 0 0.3164341 -0.9486145 0 0.3133794 -0.9496281 0 0.3076992 -0.9514838 0 0.3041194 -0.952634 0 0.2905126 -0.9568712 0 0.2799871 -0.9600037 0 0.2773718 -0.9607627 0 0.2689075 -0.963166 0 0.2650096 -0.9642459 0 0.2624391 -0.9649486 0 0.2592531 -0.9658095 0 0.2477555 -0.9688226 0 0.2288423 -0.9734635 0 0.224958 -0.9743685 0 0.2226049 -0.9749088 0 0.2109809 -0.9774902 0 0.1889367 -0.9819893 0 0.1761016 -0.984372 0 0.1730026 -0.9849214 0 0.1711465 -0.9852456 0 0.1665899 -0.9860262 0 0.1642758 -0.9864144 0 0.1608654 -0.9869763 0 0.158658 -0.9873337 0 0.1547344 -0.9879561 0 0.1457322 -0.9893241 0 0.1400163 -0.9901493 0 0.1361635 -0.9906864 0 0.1289847 -0.9916467 0 0.1236601 -0.9923247 0 0.1214656 -0.9925957 0 0.1115325 -0.9937609 0 0.09979063 -0.9950085 0 0.09184688 -0.9957731 0 0.07701581 -0.99703 0 0.06752598 -0.9977176 0 0.06190526 -0.9980821 0 0.05502867 -0.9984848 0 0.04821443 -0.998837 0 0.04169368 -0.9991304 0 0.03911268 -0.9992349 0 0.03645592 -0.9993353 0 0.03259754 -0.9994686 0 0.0307607 -0.9995269 0 0.02577424 -0.9996678 0 0.02429568 -0.9997049 0 0.02053302 -0.9997892 0 0.01705151 -0.9998547 0 0.01363652 -0.999907 0 0.01062458 -0.9999436 0 0.007944703 -0.9999685 0 0.005359709 -0.9999856 0 0.001517772 -0.9999989 0 -0.001517772 -0.9999989 0 -0.005359709 -0.9999856 0 -0.007944703 -0.9999685 0 -0.01102769 -0.9999393 0 -0.01323342 -0.9999125 0 -0.02052325 -0.9997894 0 -0.0243141 -0.9997044 0 -0.02615326 -0.999658 0 -0.03037029 -0.9995388 0 -0.03220599 -0.9994813 0 -0.04855638 -0.9988206 0 -0.05202454 -0.9986459 0 -0.05500799 -0.998486 0 -0.06223642 -0.9980615 0 -0.06755161 -0.9977158 0 -0.07321947 -0.9973159 0 -0.07701051 -0.9970303 0 -0.08083909 -0.9967272 0 -0.08236271 -0.9966025 0 -0.08609855 -0.9962866 0 -0.09034371 -0.9959107 0 -0.09182333 -0.9957754 0 -0.09556037 -0.9954237 0 -0.1008694 -0.9948998 0 -0.1051395 -0.9944575 0 -0.1089144 -0.9940512 0 -0.1107829 -0.9938447 0 -0.1173027 -0.9930962 0 -0.1213955 -0.9926042 0 -0.1241509 -0.9922634 0 -0.1309431 -0.9913899 0 -0.1324138 -0.9911946 0 -0.1385802 -0.9903513 0 -0.145407 -0.989372 0 -0.1510306 -0.9885291 0 -0.1559036 -0.9877724 0 -0.1571106 -0.9875811 0 -0.1616069 -0.9868552 0 -0.1673775 -0.9858929 0 -0.170365 -0.9853811 0 -0.1734411 -0.9848443 0 -0.1772044 -0.9841741 0 -0.1790626 -0.9838377 0 -0.1828908 -0.9831333 0 -0.1863746 -0.9824787 0 -0.1882048 -0.9821299 0 -0.1973362 -0.980336 0 -0.2069676 -0.9783479 0 -0.2106213 -0.9775678 0 -0.2158259 -0.9764319 0 -0.226848 -0.9739302 0 -0.2288166 -0.9734696 0 -0.2383128 -0.9711885 0 -0.2462602 -0.9692038 0 -0.2503868 -0.968146 0 -0.2539079 -0.9672285 0 -0.2689075 -0.963166 0 -0.2811989 -0.9596496 0 -0.2897085 -0.957115 0 -0.3012285 -0.953552 0 -0.3049812 -0.9523584 0 -0.3075591 -0.9515291 0 -0.3141104 -0.9493864 0 -0.3164598 -0.948606 0 -0.3229594 -0.9464129 0 -0.3257973 -0.9454398 0 -0.3309627 -0.9436439 0 -0.3345313 -0.9423847 0 -0.337326 -0.941388 0 -0.3407294 -0.9401615 0 -0.3426141 -0.9394763 0 -0.3465573 -0.9380288 0 -0.3523546 -0.9358667 0 -0.3546614 -0.9349948 0 -0.3581541 -0.9336625 0 -0.3635281 -0.9315832 0 -0.3675581 -0.9300006 0 -0.3689912 -0.9294329 0 -0.3732281 -0.9277396 0 -0.3745786 -0.9271952 0 -0.3784067 -0.9256396 0 -0.3813861 -0.9244159 0 -0.3871883 -0.9220007 0 -0.3926715 -0.9196789 0 -0.3958312 -0.9183233 0 -0.3995631 -0.9167057 0 -0.4012659 -0.9159616 0 -0.4045418 -0.9145195 0 -0.4064758 -0.9136615 0 -0.4100893 -0.9120453 0 -0.4129018 -0.9107757 0 -0.4217416 -0.9067161 0 -0.4239146 -0.9057023 0 -0.4280648 -0.9037482 0 -0.4293398 -0.9031431 0 -0.433682 -0.9010661 0 -0.4352874 -0.9002916 0 -0.4464693 -0.8947989 0 -0.4556913 -0.8901379 0 -0.4585719 -0.8886574 0 -0.4611332 -0.887331 0 -0.4693799 -0.8829964 0 -0.4804679 -0.8770123 0 -0.4887583 -0.8724192 0 -0.4965136 -0.868029 0 -0.5026295 -0.864502 0 -0.5045585 -0.8633775 0 -0.5076352 -0.8615721 0 -0.5106875 -0.8597664 0 -0.5132949 -0.8582123 0 -0.5159811 -0.8565999 0 -0.5187373 -0.8549337 0 -0.5245423 -0.8513844 0 -0.5313324 -0.8471635 0 -0.5352489 -0.8446944 0 -0.5369777 -0.8435964 0 -0.5419564 -0.8404067 0 -0.550697 -0.8347054 0 -0.5527722 -0.8333324 0 -0.5586528 -0.8294017 0 -0.5629705 -0.8264769 0 -0.5657709 -0.8245625 0 -0.569617 -0.8219102 0 -0.570233 -0.821483 0 -0.576705 -0.8169525 0 -0.5789958 -0.8153306 0 -0.5841417 -0.8116517 0 -0.5866334 -0.8098527 0 -0.588776 -0.8082964 0 -0.59404 -0.8044355 0 -0.6113238 -0.7913806 0 -0.6146363 -0.7888108 0 -0.6170549 -0.7869201 0 -0.6212302 -0.7836281 0 -0.6265153 -0.7794092 0 -0.6293016 -0.7771613 0 -0.6313366 -0.7755089 0 -0.6336386 -0.7736293 0 -0.6385955 -0.7695426 0 -0.6463201 -0.7630664 0 -0.6476479 -0.76194 0 -0.6509581 -0.7591138 0 -0.6556851 -0.7550346 0 -0.658312 -0.7527452 0 -0.6603059 -0.7509968 0 -0.6625192 -0.749045 0 -0.6665303 -0.745478 0 -0.6697149 -0.7426183 0 -0.6743232 -0.7384364 0 -0.6787217 -0.7343956 0 -0.6812349 -0.732065 0 -0.6851394 -0.7284121 0 -0.688434 -0.7252991 0 -0.6901983 -0.7236203 0 -0.6921414 -0.721762 0 -0.6949019 -0.7191046 0 -0.6996671 -0.714469 0 -0.7016127 -0.7125586 0 -0.7061193 -0.7080929 0 -0.7081012 -0.7061111 0 -0.7106987 -0.7034965 0 -0.7146741 -0.6994577 0 -0.7171031 -0.6969671 0 -0.7191505 -0.6948544 0 -0.7217507 -0.6921532 0 -0.725472 -0.6882517 0 -0.7282261 -0.6853369 0 -0.7300731 -0.6833692 0 -0.7382206 -0.6745594 0 -0.7422686 -0.6701025 0 -0.7452384 -0.6667982 0 -0.7534784 -0.6574728 0 -0.7573588 -0.6529991 0 -0.7594957 -0.6505122 0 -0.7620708 -0.6474937 0 -0.7628124 -0.6466199 0 -0.7658231 -0.6430515 0 -0.7678747 -0.6406002 0 -0.7719759 -0.6356519 0 -0.7734708 -0.633832 0 -0.7779777 -0.628292 0 -0.7787005 -0.6273959 0 -0.7838602 -0.6209374 0 -0.7851681 -0.6192827 0 -0.7875429 -0.6162599 0 -0.7890498 -0.6143293 0 -0.7907264 -0.6121698 0 -0.7935151 -0.6085506 0 -0.7968743 -0.6041453 0 -0.7991016 -0.6011961 0 -0.8075095 -0.5898548 0 -0.8139862 -0.5808843 0 -0.8156582 -0.5785343 0 -0.8165981 -0.5772069 0 -0.8194698 -0.5731225 0 -0.8228297 -0.568288 0 -0.8265012 -0.5629351 0 -0.8294285 -0.558613 0 -0.8330243 -0.5532366 0 -0.8351371 -0.550042 0 -0.8366398 -0.5477536 0 -0.8379139 -0.5458025 0 -0.8411791 -0.5407568 0 -0.8434689 -0.5371781 0 -0.8455171 -0.5339484 0 -0.8467086 -0.5320571 0 -0.8483648 -0.5294121 0 -0.8503742 -0.5261786 0 -0.8520393 -0.523478 0 -0.8531581 -0.5216526 0 -0.8573379 -0.5147542 0 -0.8601495 -0.5100421 0 -0.8642483 -0.5030657 0 -0.8665773 -0.4990431 0 -0.872537 -0.4885482 0 -0.8736153 -0.4866172 0 -0.8770928 -0.4803211 0 -0.8783028 -0.4781049 0 -0.8804063 -0.4742202 0 -0.8812295 -0.4726886 0 -0.8863496 -0.4630166 0 -0.8888005 -0.4582943 0 -0.8901529 -0.4556621 0 -0.8931333 -0.4497921 0 -0.9005827 -0.4346847 0 -0.9037613 -0.4280369 0 -0.9056128 -0.4241056 0 -0.9107868 -0.412877 0 -0.9120025 -0.4101848 0 -0.9135102 -0.406816 0 -0.9146867 -0.4041637 0 -0.9158361 -0.4015525 0 -0.9169545 -0.3989918 0 -0.9184905 -0.3954432 0 -0.9217012 -0.3879008 0 -0.9295398 -0.3687217 0 -0.9405424 -0.3396763 0 -0.9411347 -0.3380321 0 -0.9427546 -0.3334873 0 -0.9453973 -0.3259201 0 -0.9495772 -0.3135336 0 -0.9505817 -0.3104745 0 -0.9545031 -0.298201 0 -0.9551382 -0.2961605 0 -0.9582919 -0.2857913 0 -0.960545 -0.2781248 0 -0.9615526 -0.2746213 0 -0.9625043 -0.2712667 0 -0.9641415 -0.2653886 0 -0.9650715 -0.2619869 0 -0.9656857 -0.2597136 0 -0.9666392 -0.2561418 0 -0.9674832 -0.2529356 0 -0.9689151 -0.2473938 0 -0.9718351 -0.2356619 0 -0.9727864 -0.2317041 0 -0.9743841 -0.2248901 0 -0.9756126 -0.2194997 0 -0.9768829 -0.213775 0 -0.9788437 -0.2046095 0 -0.9803415 -0.1973082 0 -0.9806239 -0.1959 0 -0.982401 -0.1867846 0 -0.9837037 -0.1797973 0 -0.9849152 -0.1730375 0 -0.9853173 -0.1707336 0 -0.9860225 -0.1666125 0 -0.986468 -0.1639543 0 -0.9879546 -0.1547449 0 -0.988402 -0.1518602 0 -0.988875 -0.1487492 0 -0.9896526 -0.143485 0 -0.9902603 -0.1392286 0 -0.9916424 -0.1290178 0 -0.9923092 -0.1237844 0 -0.992601 -0.1214218 0 -0.9930966 -0.1173002 0 -0.9941405 -0.1080963 0 -0.9944639 -0.1050794 0 -0.9948542 -0.1013179 0 -0.995043 -0.09944587 0 -0.995414 -0.0956611 0 -0.9957708 -0.09187221 0 -0.9962908 -0.08605146 0 -0.9967216 -0.08090853 0 -0.9974472 -0.07140809 0 -0.9977197 -0.06749504 0 -0.9980601 -0.06225931 0 -0.9983099 -0.05811583 0 -0.9984848 -0.05502891 0 -0.9986666 -0.05162537 0 -0.9994705 -0.03253936 0 -0.9996576 -0.02616554 0 -0.9999121 -0.01326012 0 -0.9999395 -0.01100164 0 -0.9999858 -0.005327105 0 -0.9999989 -0.001564085 0 -0.9999989 0.001504778 0 -0.9999855 0.005385041 0 -0.9999389 0.01105964 0 -0.9999129 0.01320213 0 -0.9996587 0.02612745 0 -0.9994682 0.03260964 0 -0.9993225 0.03680461 0 -0.9992336 0.03914558 0 -0.9986436 0.05206769 0 -0.9985035 0.05468726 0 -0.9983184 0.05797034 0 -0.9980593 0.06227207 0 -0.9977158 0.06755268 0 -0.9974532 0.07132339 0 -0.9973177 0.07319396 0 -0.9970604 0.07661992 0 -0.9967262 0.08085119 0 -0.9959532 0.08987408 0 -0.9957793 0.09178036 0 -0.9954195 0.095604 0 -0.9950106 0.09976947 0 -0.9949007 0.1008594 0 -0.9944536 0.1051769 0 -0.9941298 0.108194 0 -0.9926512 0.1210107 0 -0.9919288 0.1267964 0 -0.9915829 0.1294736 0 -0.9911407 0.1328166 0 -0.9901888 0.1397358 0 -0.9897023 0.1431415 0 -0.9888836 0.1486922 0 -0.9884019 0.1518611 0 -0.9879547 0.1547434 0 -0.9863921 0.1644102 0 -0.983142 0.1828441 0 -0.9824222 0.1866729 0 -0.9822065 0.1878043 0 -0.9806498 0.1957704 0 -0.9782201 0.2075704 0 -0.9776714 0.2101395 0 -0.9768882 0.2137511 0 -0.9756002 0.2195547 0 -0.9743198 0.2251691 0 -0.9734178 0.2290373 0 -0.9727733 0.2317588 0 -0.9698709 0.2436196 0 -0.9649429 0.2624601 0 -0.9641415 0.2653886 0 -0.9623552 0.2717949 0 -0.9615713 0.2745556 0 -0.9587548 0.2842347 0 -0.9583702 0.2855288 0 -0.9552865 0.2956821 0 -0.9545196 0.2981482 0 -0.9534496 0.3015524 0 -0.9525572 0.3043599 0 -0.951474 0.3077294 0 -0.9503759 0.3111039 0 -0.9498355 0.3127499 0 -0.9466168 0.3223612 0 -0.9454567 0.3257479 0 -0.9432374 0.3321194 0 -0.9389211 0.3441326 0 -0.9381746 0.3461624 0 -0.9322592 0.3617912 0 -0.9295994 0.3685715 0 -0.9268231 0.3754982 0 -0.9254987 0.378751 0 -0.9217308 0.3878303 0 -0.9195931 0.3928723 0 -0.9158688 0.4014779 0 -0.913275 0.4073437 0 -0.9119591 0.4102811 0 -0.9095655 0.4155609 0 -0.9078924 0.4192034 0 -0.907109 0.4208958 0 -0.9053534 0.4246589 0 -0.9038662 0.4278154 0 -0.9032787 0.4290542 0 -0.9009281 0.4339683 0 -0.9004597 0.4349395 0 -0.8963241 0.4433997 0 -0.8884733 0.4589284 0 -0.8874797 0.460847 0 -0.8863283 0.4630572 0 -0.8842336 0.467045 0 -0.8829882 0.4693953 0 -0.8782404 0.4782196 0 -0.8775285 0.4795246 0 -0.8755218 0.4831787 0 -0.8723917 0.4888076 0 -0.8711884 0.4909491 0 -0.8599012 0.5104607 0 -0.8569801 0.5153498 0 -0.8551117 0.518444 0 -0.8521724 0.5232612 0 -0.8501639 0.526518 0 -0.8486035 0.5290295 0 -0.8433148 0.5374199 0 -0.8413863 0.5404343 0 -0.8407991 0.5413475 0 -0.8378326 0.5459274 0 -0.8369341 0.5473037 0 -0.832913 0.553404 0 -0.8263916 0.5630959 0 -0.8224387 0.5688539 0 -0.820762 0.5712704 0 -0.8190889 0.5736666 0 -0.8154963 0.5787624 0 -0.8077299 0.5895527 0 -0.8066728 0.5909985 0 -0.8045374 0.5939021 0 -0.8004271 0.5994302 0 -0.7984072 0.6021179 0 -0.7972924 0.6035934 0 -0.7875992 0.616188 0 -0.7836865 0.6211567 0 -0.7788875 0.6271638 0 -0.77779 0.6285243 0 -0.7715779 0.6361349 0 -0.769008 0.6392392 0 -0.76746 0.6410969 0 -0.7659236 0.6429316 0 -0.7631282 0.6462472 0 -0.7622849 0.6472415 0 -0.7592912 0.6507509 0 -0.7575061 0.652828 0 -0.7552525 0.6554339 0 -0.7531257 0.6578767 0 -0.7490425 0.662522 0 -0.7429978 0.6692939 0 -0.7382497 0.6745275 0 -0.7299102 0.683543 0 -0.72839 0.6851629 0 -0.7252777 0.6884565 0 -0.7237611 0.6900507 0 -0.7218086 0.6920928 0 -0.7191216 0.6948844 0 -0.7167082 0.6973732 0 -0.7103082 0.7038909 0 -0.708433 0.7057781 0 -0.7059558 0.7082559 0 -0.7038959 0.7103032 0 -0.7013665 0.7128009 0 -0.6967751 0.7172896 0 -0.6952507 0.7187674 0 -0.692549 0.7213709 0 -0.6880868 0.7256284 0 -0.6855651 0.7280113 0 -0.6831325 0.7302945 0 -0.6811776 0.7321183 0 -0.6789271 0.7342057 0 -0.6764506 0.7364881 0 -0.674764 0.7380336 0 -0.6713426 0.7411472 0 -0.6646941 0.7471156 0 -0.6627203 0.748867 0 -0.6599718 0.7512905 0 -0.6582719 0.7527804 0 -0.6550253 0.755607 0 -0.6530068 0.7573522 0 -0.6481631 0.7615015 0 -0.6454785 0.7637785 0 -0.6444211 0.7646709 0 -0.6406294 0.7678502 0 -0.6387147 0.7694437 0 -0.6334257 0.7738035 0 -0.6322324 0.7747789 0 -0.6290151 0.7773931 0 -0.6263174 0.7795682 0 -0.6216253 0.7833148 0 -0.6138105 0.7894535 0 -0.6088868 0.7932572 0 -0.5965954 0.8025422 0 -0.594259 0.8042739 0 -0.5914428 0.8063471 0 -0.5890388 0.8081048 0 -0.5836391 0.8120132 0 -0.5812447 0.8137288 0 -0.5764731 0.8171161 0 -0.5732501 0.8193805 0 -0.5715528 0.8205653 0 -0.5683661 0.8227759 0 -0.5584506 0.8295378 0 -0.5554236 0.8315676 0 -0.5534383 0.8328903 0 -0.5475917 0.8367457 0 -0.5433627 0.8394981 0 -0.539465 0.8420082 0 -0.5289753 0.8486373 0 -0.5270475 0.8498359 0 -0.5235662 0.851985 0 -0.5187116 0.8549493 0 -0.5160087 0.8565833 0 -0.5125961 0.85863 0 -0.5074201 0.8616988 0 -0.5057246 0.862695 0 -0.501725 0.8650272 0 -0.4999156 0.8660742 0 -0.4916911 0.8707699 0 -0.4851861 0.874411 0 -0.4760004 0.8794451 0 -0.4718083 0.8817012 0 -0.4696756 0.8828391 0 -0.4638345 0.885922 0 -0.4577749 0.8890682 0 -0.4551315 0.8904243 0 -0.4500678 0.8929944 0 -0.4472514 0.8944084 0 -0.4414283 0.8972966 0 -0.4350489 0.9004069 0 -0.4324993 0.9016343 0 -0.4276133 0.9039618 0 -0.4243258 0.9055096 0 -0.4182358 0.9083384 0 -0.4166204 0.9090806 0 -0.4132165 0.9106329 0 -0.407963 0.9129985 0 -0.4040746 0.9147261 0 -0.3977804 0.9174807 0 -0.3964499 0.9180564 0 -0.386805 0.9221616 0 -0.3792799 0.9252821 0 -0.3725749 0.9280021 0 -0.3697083 0.9291479 0 -0.3615257 0.9323622 0 -0.3523257 0.9358775 0 -0.345463 0.9384324 0 -0.3440456 0.9389531 0 -0.3396761 0.9405425 0 -0.3370825 0.9414752 0 -0.334262 0.9424803 0 -0.3282855 0.9445786 0 -0.3259001 0.9454042 0 -0.3197658 0.9474967 0 -0.3168055 0.9484906 0 -0.3134742 0.9495967 0 -0.3044551 0.9525267 0 -0.300944 0.9536419 0 -0.2961938 0.9551278 0 -0.2906467 0.9568305 0 -0.2864571 0.9580931 0 -0.2833036 0.9590304 0 -0.2800883 0.9599743 0 -0.2684018 0.9633071 0 -0.2658662 0.96401 0 -0.2593922 0.9657722 0 -0.2568649 0.9664474 0 -0.2521968 0.9676761 0 -0.2504091 0.9681402 0 -0.2478424 0.9688004 0 -0.2435588 0.9698861 0 -0.241755 0.9703374 0 -0.2355875 0.9718531 0 -0.231742 0.9727773 0 -0.229386 0.9733355 0 -0.2248629 0.9743905 0 -0.2161123 0.9763686 0 -0.2106183 0.9775685 0 -0.2033409 0.979108 0 -0.2015119 0.9794862 0 -0.1920031 0.9813944 0 -0.1897369 0.981835 0 -0.1803009 0.9836115 0 -0.176034 0.9843841 0 -0.1696244 0.9855088 0 -0.1612604 0.9869119 0 -0.1546903 0.9879631 0 -0.1457775 0.9893175 0 -0.1386258 0.9903449 0 -0.1331603 0.9910945 0 -0.130992 0.9913835 0 -0.1271387 0.991885 0 -0.1198997 0.9927861 0 -0.1184065 0.9929652 0 -0.1145958 0.9934122 0 -0.1021431 0.9947698 0 -0.09342318 0.9956266 0 -0.0887444 0.9960545 0 -0.0861544 0.9962819 0 -0.07926064 0.996854 0 -0.07017469 0.9975348 0 -0.06868499 0.9976384 0 -0.06334716 0.9979916 0 -0.06226027 0.99806 0 -0.04897189 0.9988002 0 -0.04554545 0.9989623 0 -0.04214346 0.9991116 0 -0.03901791 0.9992385 0 -0.03687202 0.99932 0 -0.03219395 0.9994817 0 -0.0307489 0.9995272 0 -0.02618676 0.9996572 0 -0.02430498 0.9997047 0 -0.02050077 0.9997899 0 -0.01745587 0.9998477 0 -0.01323443 0.9999125 0 -0.01102858 0.9999393 0 -0.007945239 0.9999685 0 0 0 1 0 0 1 -2.67698e-7 0 1 4.92219e-7 0 1 7.26609e-7 0 1 6.63426e-7 0 1 1.45322e-6 0 1 1.41942e-6 0 1 -8.03094e-7 0 1 -1.08991e-6 0 1 -9.53674e-7 0 1 -2.26056e-6 0 1 -1.96888e-6 0 1 -2.51691e-6 0 1 -4.78707e-6 0 1 -3.39084e-6 0 1 -1.80845e-6 0 1 2.5699e-6 0 1 4.43892e-6 0 1 5.08626e-6 0 1 1.82194e-6 0 1 6.8772e-6 0 1 3.5903e-6 0 1 -3.96977e-6 0 1 -6.42475e-6 0 1 -4.43892e-6 0 1 -4.32107e-6 0 1 4.98246e-6 0 1 4.24592e-6 0 1 -3.90625e-6 0 1 4.03538e-6 0 1 -6.02816e-6 0 1 6.42475e-6 0 1 3.78513e-6 0 1 6.97545e-6 0 1 2.17014e-5 0 1 -1.74386e-5 0 1 1.84257e-5 0 1 1.31968e-5 0 1 -6.68878e-6 0 1 -1.252e-5 0 1 8.71931e-6 0 1 -4.35965e-6 0 1 -4.6503e-6 0 1 9.3006e-6 0 1 9.12675e-6 0 1 1.2207e-5 0 1 -7.8125e-6 0 1 1.13554e-5 0 1 1.45756e-5 0 1 -7.68947e-6 0 1 -1.39509e-5 0 1 1.12249e-5 0 1 1.71327e-5 0 1 -8.00461e-6 0 1 7.2338e-6 0 1 6.92598e-6 0 1 1.08507e-5 0 1 9.25652e-6 0 1 7.8755e-6 0 1 1.01725e-5 0 1 8.60408e-6 0 1 1.29346e-5 0 1 -6.64328e-6 0 1 8.41864e-6 0 1 -7.1543e-6 0 1 -2.03451e-5 0 1 8.17207e-6 0 1 9.76562e-6 0 1 7.3982e-6 0 1 -1.60092e-5 0 1 9.96492e-6 0 1 -8.91838e-6 0 1 -1.2207e-5 0 1 -1.69837e-5 0 1 9.62131e-6 0 1 7.79691e-6 0 1 -9.04225e-6 0 1 -8.08747e-6 0 1 -1.45756e-5 0 1 -9.7901e-6 0 1 1.20937e-5 0 1 1.5082e-5 0 1 -7.7505e-6 0 1 9.83942e-6 0 1 9.43539e-6 0 1 -6.39321e-6 0 1 8.81772e-6 0 1 7.54831e-6 0 1 -9.43539e-6 0 1 7.51202e-6 0 1 -9.74127e-6 0 1 -1.44676e-5 0 1 -7.01302e-6 0 1 7.48324e-6 0 1 9.93957e-6 0 1 -1.10973e-5 0 1 -4.11184e-5 0 1 -2.04248e-5 0 1 -7.3564e-6 0 1 1.59765e-5 0 1 1.56094e-5 0 1 -2.36742e-5 0 1 2.10155e-5 0 1 -2.47819e-5 0 1 1.78981e-5 0 1 1.78571e-5 0 1 2.18838e-5 0 1 6.5984e-6 0 1 1.68828e-5 0 1 -1.57988e-5 0 1 -2.28854e-5 0 1 2.61397e-5 0 1 7.44757e-6 0 1 -2.15889e-5 0 1 7.52196e-6 0 1 2.25428e-5 0 1 -1.70882e-5 0 1 3.76393e-5 0 1 1.29386e-5 0 1 -1.71845e-5 0 1 2.27936e-5 0 1 -1.71501e-5 0 1 2.33508e-5 0 1 -1.87276e-5 0 1 -8.06279e-6 0 1 -1.71509e-5 0 1 7.04756e-6 0 1 -1.81863e-5 0 1 1.69771e-5 0 1 7.22648e-6 0 1 -1.75122e-5 0 1 2.35549e-5 0 1 1.52087e-5 0 1 1.17675e-5 0 1 -1.86261e-5 0 1 -2.34039e-5 0 1 3.02957e-5 0 1 1.72747e-5 0 1 -2.64606e-5 0 1 -7.30311e-6 0 1 -1.8513e-5 0 1 4.75647e-5 0 1 2.04382e-5 0 1 2.05322e-5 0 1 -1.64995e-5 0 1 1.68373e-5 0 1 2.36742e-5 0 1 -2.25469e-5 0 1 -1.11131e-5 0 1 7.1217e-6 0 1 1.51405e-5 0 1 -7.2071e-6 0 1 1.36582e-5 0 1 1.27655e-5 0 1 -9.52744e-6 0 1 -7.90739e-6 0 1 1.22838e-5 0 1 8.93879e-6 0 1 -3.22831e-5 0 1 6.54313e-6 0 1 1.23226e-5 0 1 8.29352e-6 0 1 -7.31507e-6 0 1 7.62939e-6 0 1 -1.27239e-5 0 1 -7.71986e-6 0 1 7.18061e-6 0 1 -1.11607e-5 0 1 7.71986e-6 0 1 7.73515e-6 0 1 -6.06561e-6 0 1 -6.8772e-6 0 1 1.44676e-5 0 1 7.59971e-6 0 1 -8.56634e-6 0 1 -3.1002e-5 0 1 -1.5024e-5 0 1 -8.34669e-6 0 1 -8.71931e-6 0 1 -8.95929e-6 0 1 7.37028e-6 0 1 -6.2004e-6 0 1 -7.8755e-6 0 1 8.49185e-6 0 1 -9.76562e-6 0 1 7.07654e-6 0 1 -1.12249e-5 0 1 6.64328e-6 0 1 -9.48119e-6 0 1 -6.97545e-6 0 1 -1.08507e-5 0 1 -1.68373e-5 0 1 3.53827e-6 0 1 -8.64215e-6 0 1 1.17658e-5 0 1 1.28495e-5 0 1 4.6503e-5 0 1 -7.07654e-6 0 1 3.6169e-6 0 1 7.7505e-6 0 1 -9.86427e-6 0 1 -3.53827e-6 0 1 -1.20563e-5 0 1 4.35965e-6 0 1 6.68878e-6 0 1 -6.34131e-6 0 1 -5.3074e-6 0 1 -5.81287e-6 0 1 8.13802e-6 0 1 3.93775e-6 0 1 -6.5984e-6 0 1 -3.36746e-6 0 1 -3.93775e-6 0 1 6.02816e-6 0 1 -8.87784e-6 0 1 -1.86367e-6 0 1 3.5641e-6 0 1 -1.19093e-5 0 1 -5.74449e-6 0 1 -4.98246e-6 0 1 -4.28317e-6 0 1 3.34439e-6 0 1 2.34751e-6 0 1 2.51691e-6 0 1 -1.6496e-6 0 1 -2.54313e-6 0 1 1.05233e-6 0 1 -2.90644e-6 0 1 -1.19677e-6 0 1 1.19677e-6 0 1 -7.92664e-7 0 1 5.35396e-7 0 1 8.71931e-7 0 1 -2.72478e-7 0 1 0 0 1 4.48788e-7 0 1 -5.86877e-7 0 1 8.24799e-7 0 1 6.4931e-7 0 1 1.17375e-6 0 1 1.32685e-6 0 1 -1.07079e-6 0 1 4.52112e-6 0 1 3.8147e-6 0 1 1.00885e-6 0 1 3.6991e-6 0 1 -2.0516e-6 0 1 2.49123e-6 0 1 1.89256e-6 0 1 -5.1398e-6 0 1 -2.06899e-6 0 1 1.68373e-6 0 1 -3.67129e-6 0 1 1.63853e-6 0 1 4.83447e-6 0 1 -4.83447e-6 0 1 -4.74059e-6 0 1 -4.52112e-6 0 1 3.21238e-6 0 1 -4.60643e-6 0 1 -3.5641e-6 0 1 -5.42535e-6 0 1 -5.08626e-6 0 1 3.67129e-6 0 1 3.46299e-6 0 1 4.78707e-6 0 1 4.60643e-6 0 1 -3.75601e-6 0 1 -6.18078e-6 0 1 -1.05007e-5 0 1 8.79786e-6 0 1 1.07315e-5 0 1 -2.63936e-5 0 1 -7.45468e-6 0 1 1.06148e-5 0 1 1.91483e-5 0 1 -1.71327e-5 0 1 2.01353e-5 0 1 -1.07315e-5 0 1 -1.13554e-5 0 1 -2.41127e-5 0 1 9.3451e-6 0 1 7.45468e-6 0 1 -8.24103e-6 0 1 1.60092e-5 0 1 9.04225e-6 0 1 -1.46301e-5 0 1 -1.33776e-5 0 1 1.05574e-5 0 1 8.95929e-6 0 1 -6.53219e-6 0 1 1.97285e-5 0 1 -1.23616e-5 0 1 -6.76993e-6 0 1 1.10973e-5 0 1 -7.67436e-6 0 1 7.16743e-6 0 1 2.42624e-5 0 1 8.83767e-6 0 1 7.44048e-6 0 1 4.59559e-5 0 1 7.34258e-6 0 1 1.55627e-5 0 1 6.84107e-6 0 1 -1.22838e-5 0 1 -1.51994e-5 0 1 -7.97194e-6 0 1 8.97988e-6 0 1 5.5212e-5 0 1 -1.35752e-5 0 1 -1.80636e-5 0 1 2.08056e-5 0 1 -2.99904e-5 0 1 -1.88936e-5 0 1 -4.11726e-5 0 1 3.86757e-5 0 1 2.38732e-5 0 1 1.6293e-5 0 1 7.7409e-6 0 1 6.33874e-5 0 1 -1.51625e-5 0 1 8.39828e-6 0 1 -6.39059e-6 0 1 -1.56328e-5 0 1 -1.61875e-5 0 1 1.878e-5 0 1 -2.02462e-5 0 1 2.08438e-5 0 1 1.72414e-5 0 1 -2.21474e-5 0 1 -8.55813e-6 0 1 1.90215e-5 0 1 -1.51332e-5 0 1 -2.78738e-5 0 1 -1.44231e-5 0 1 -1.89394e-5 0 1 -7.16737e-6 0 1 1.92107e-5 0 1 1.87381e-5 0 1 1.45244e-5 0 1 -1.88536e-5 0 1 1.90694e-5 0 1 3.2438e-5 0 1 -2.36956e-5 0 1 2.26922e-5 0 1 3.83671e-5 0 1 -7.61916e-6 0 1 -3.36022e-5 0 1 1.73322e-5 0 1 -1.73853e-5 0 1 2.41593e-5 0 1 1.52924e-5 0 1 -1.90781e-5 0 1 -8.11267e-6 0 1 2.71032e-5 0 1 -9.1161e-6 0 1 1.71703e-5 0 1 -1.38889e-5 0 1 -2.6801e-5 0 1 2.12152e-5 0 1 -2.56148e-5 0 1 2.4395e-5 0 1 -2.00064e-5 0 1 -7.00673e-6 0 1 1.44944e-5 0 1 2.12296e-5 0 1 -4.76372e-5 0 1 -8.79786e-6 0 1 1.47964e-5 0 1 -8.15501e-6 0 1 6.81719e-6 0 1 7.3564e-6 0 1 -1.91483e-5 0 1 -8.22368e-6 0 1 1.98287e-5 0 1 -1.58791e-5 0 1 1.11289e-5 0 1 -8.89806e-6 0 1 -1.24403e-5 0 1 -9.8147e-6 0 1 1.49094e-5 0 1 -9.0843e-6 0 1 -8.20641e-6 0 1 2.41127e-5 0 1 1.72843e-5 0 1 -8.49185e-6 0 1 -7.48324e-6 0 1 -1.10346e-5 0 1 -1.51405e-5 0 1 -1.32866e-5 0 1 1.19824e-5 0 1 -7.3982e-6 0 1 -7.42633e-6 0 1 8.03755e-6 0 1 1.12897e-5 0 1 7.93953e-6 0 1 -1.0389e-5 0 1 -7.34258e-6 0 1 1.02796e-5 0 1 -1.09726e-5 0 1 -2.12296e-5 0 1 -1.43612e-5 0 1 -9.39002e-6 0 1 1.35634e-5 0 1 1.99298e-5 0 1 -1.00677e-5 0 1 5.1398e-5 0 1 -8.13802e-6 0 1 -1.01725e-5 0 1 7.68947e-6 0 1 -7.62939e-6 0 1 -7.93953e-6 0 1 6.10352e-6 0 1 4.17334e-6 0 1 5.95465e-6 0 1 4.28317e-6 0 1 -3.01408e-6 0 1 3.90625e-6 0 1 -6.78168e-6 0 1 6.51042e-6 0 1 -4.47964e-6 0 1 3.48772e-6 0 1 3.41455e-6 0 1 4.1032e-6 0 1 6.78168e-6 0 1 3.39084e-6 0 1 4.13798e-6 0 1 2.08667e-6 0 1 1.75641e-6 0 1 -6.10352e-6 0 1 -2.34751e-6 0 1 2.06899e-6 0 1 -2.39354e-6 0 1 2.30321e-6 0 1 -1.79515e-6 0 1 -1.27157e-6 0 1 -1.01725e-6 0 1 1.27157e-6 0 1 -1.03449e-6 0 1 -4.76837e-7 0 1 -4.84406e-7 0 1 2.46109e-7 0 1 0 0 1 2.33851e-7 0 1 2.37491e-7 0 1 -4.83447e-7 0 1 -1.47073e-6 0 1 1.34513e-6 0 1 1.34143e-6 0 1 -9.46282e-7 0 1 -2.77433e-6 0 1 -2.87224e-6 0 1 -1.89993e-6 0 1 2.09114e-6 0 1 1.96888e-6 0 1 -1.90735e-6 0 1 1.92616e-6 0 1 -1.88526e-6 0 1 -2.79018e-6 0 1 3.6956e-6 0 1 -1.86189e-6 0 1 -1.82025e-6 0 1 1.79186e-6 0 1 -1.89808e-6 0 1 3.747e-6 0 1 1.94099e-6 0 1 -3.67215e-6 0 1 3.77644e-6 0 1 -3.56105e-6 0 1 -6.15734e-6 0 1 4.01162e-6 0 1 -5.70835e-6 0 1 -4.12487e-6 0 1 5.88069e-6 0 1 -1.8744e-6 0 1 -1.86456e-6 0 1 -2.71645e-6 0 1 -3.09039e-6 0 1 2.83062e-6 0 1 1.8889e-6 0 1 2.98643e-6 0 1 3.47531e-6 0 1 -1.96097e-6 0 1 9.1955e-7 0 1 1.31968e-6 0 1 9.86427e-7 0 1 -1.52113e-6 0 1 9.48119e-7 0 1 -6.89663e-7 0 1 -4.53793e-7 0 1 -2.21142e-7 0 1 2.29455e-7 0 1 -1.23055e-7 0 1 -8.13802e-7 0 1 4.88281e-7 0 1 4.80592e-7 0 1 9.24775e-7 0 1 9.59295e-7 0 1 -9.66894e-7 0 1 1.80178e-6 0 1 8.89401e-7 0 1 1.88526e-6 0 1 -9.61184e-7 0 1 -2.63224e-6 0 1 -1.91108e-6 0 1 2.63224e-6 0 1 1.96491e-6 0 1 -1.92997e-6 0 1 4.06055e-6 0 1 -3.65754e-6 0 1 1.88344e-6 0 1 -1.8513e-6 0 1 -2.67003e-6 0 1 1.8753e-6 0 1 -5.45185e-6 0 1 -1.95014e-6 0 1 6.16679e-6 0 1 -3.78558e-6 0 1 1.8513e-6 0 1 3.06252e-6 0 1 1.87755e-6 0 1 3.79064e-6 0 1 2.79617e-6 0 1 -2.06461e-6 0 1 1.76753e-6 0 1 -1.8726e-6 0 1 1.99706e-6 0 1 2.4976e-6 0 1 -9.44451e-7 0 1 -3.1604e-6 0 1 -1.94923e-6 0 1 1.35634e-6 0 1 9.23027e-7 0 1 -4.5805e-7 0 1 -4.74059e-7 0 1 -2.49633e-7 0 1 0 0 1 1.20623e-7 0 1 -1.19501e-7 0 1 1.76914e-7 0 1 -3.60355e-7 0 1 -2.3657e-7 0 1 4.80828e-7 0 1 7.2231e-7 0 1 7.30413e-7 0 1 4.8071e-7 0 1 -6.88205e-7 0 1 7.22844e-7 0 1 -7.37307e-7 0 1 4.72397e-7 0 1 -7.42351e-7 0 1 9.41265e-7 0 1 7.07526e-7 0 1 9.52802e-7 0 1 -4.77106e-7 0 1 -1.40184e-6 0 1 9.56396e-7 0 1 -1.43086e-6 0 1 -7.25529e-7 0 1 -4.88098e-7 0 1 4.7707e-7 0 1 -4.83806e-7 0 1 7.09711e-7 0 1 -7.12819e-7 0 1 7.08167e-7 0 1 -4.72912e-7 0 1 -6.94568e-7 0 1 -9.48579e-7 0 1 -7.1648e-7 0 1 7.33706e-7 0 1 -4.78707e-7 0 1 -2.35771e-7 0 1 3.5903e-7 0 1 1.21222e-7 0 1 0 0 1 1.20504e-7 0 1 0 0 1 0 0 1 0 0 1 -2.42323e-7 0 1 4.82253e-7 0 1 -2.38652e-7 0 1 -7.11003e-7 0 1 -1.40791e-6 0 1 -1.46879e-6 0 1 1.47611e-6 0 1 -1.42815e-6 0 1 -9.46518e-7 0 1 1.43411e-6 0 1 -1.48339e-6 0 1 9.57154e-7 0 1 -1.41055e-6 0 1 9.70407e-7 0 1 -9.54585e-7 0 1 4.7803e-7 0 1 9.54563e-7 0 1 1.39521e-6 0 1 1.41633e-6 0 1 -1.47336e-6 0 1 4.78297e-7 0 1 -4.77303e-7 0 1 7.09969e-7 0 1 -4.76488e-7 0 1 4.78355e-7 0 1 4.70973e-7 0 1 7.14384e-7 0 1 -7.50624e-7 0 1 2.40414e-7 0 1 -4.77537e-7 0 1 -6.89176e-7 0 1 -3.74162e-7 0 1 -2.40889e-7 0 1 -2.35316e-7 0 1 -1.81248e-7 0 1 1.19794e-7 0 1 0 0 1 0 0 1 0 0 1 0 0 1 1.19735e-7 0 1 0 0 1 -1.7978e-7 0 1 3.60788e-7 0 1 3.59561e-7 0 1 3.58454e-7 0 1 1.788e-7 0 1 -1.19242e-7 0 1 1.19691e-7 0 1 1.77557e-7 0 1 1.79284e-7 0 1 0 0 1 0 0 1 0 0 1 0 0 1 0 0 1 0 0 1 0 0 1 0 0 1 -1.77751e-7 0 1 0 0 1 -1.78465e-7 0 1 0 0 1 -2.37751e-7 0 1 1.19439e-7 0 1 0 0 1 3.57879e-7 0 1 2.39147e-7 0 1 3.5922e-7 0 1 2.38001e-7 0 1 0 0 1 1.78408e-7 0 1 -1.80078e-7 0 1 0 0 1 0 0 1 0 0 1 0 0 1 0 0 1 0 0 1 0 0 1 0 0 1 0 0 1 0 0 1 0 0 1 0 0 1 0 0 1 0 0 1 0 0 1 0 0 1 0 0 1 0 0 1 0 0 1 0 0 1 0 0 1 0 0 1 0 0 1 0 0 1 0 0 1 0 0 1 0 0 1 0 0 1 0 0 1 0 0 1 0 0 1 0 0 1 0 0 1 0 0 1 0 0 1 0 0 1 0 0 1 0 0 1 0 0 1 0 0 1 0 0 1 0 0 1 -0.005739569 0.9999836 0 -1.69542e-6 0 -1 -5.86877e-7 0 -1 -6.63426e-7 0 -1 -5.40134e-7 0 -1 -7.35363e-7 0 -1 9.24775e-7 0 -1 -1.32685e-6 0 -1 -9.84438e-7 0 -1 -2.44141e-6 0 -1 1.69542e-6 0 -1 -2.97732e-6 0 -1 -2.39354e-6 0 -1 9.76562e-7 0 -1 -8.13802e-6 0 -1 6.42475e-6 0 -1 -2.71267e-6 0 -1 -3.48772e-6 0 -1 -2.32515e-6 0 -1 3.25521e-6 0 -1 2.21946e-6 0 -1 -2.23982e-6 0 -1 2.0516e-6 0 -1 5.48631e-6 0 -1 4.56338e-6 0 -1 -9.96492e-6 0 -1 -1.82194e-6 0 -1 1.19093e-5 0 -1 6.68878e-6 0 -1 5.08626e-6 0 -1 -5.61243e-6 0 -1 3.87525e-6 0 -1 -3.72734e-6 0 -1 -3.5903e-6 0 -1 -5.3074e-6 0 -1 -6.78168e-6 0 -1 9.04225e-6 0 -1 -4.88281e-6 0 -1 -8.00461e-6 0 -1 4.83447e-6 0 -1 -6.68878e-6 0 -1 4.88281e-6 0 -1 -5.88291e-6 0 -1 1.26826e-5 0 -1 -1.01725e-5 0 -1 -6.10352e-6 0 -1 -8.41864e-6 0 -1 -7.18061e-6 0 -1 9.48119e-6 0 -1 -1.47964e-5 0 -1 -1.2207e-5 0 -1 8.56634e-6 0 -1 3.39084e-6 0 -1 -8.49185e-6 0 -1 1.2207e-5 0 -1 -8.87784e-6 0 -1 7.62939e-6 0 -1 -1.10973e-5 0 -1 -7.2338e-6 0 -1 -8.71931e-6 0 -1 7.28778e-6 0 -1 -1.09726e-5 0 -1 1.08507e-5 0 -1 1.84257e-5 0 -1 1.00677e-5 0 -1 -7.3982e-6 0 -1 1.24403e-5 0 -1 6.85307e-6 0 -1 -1.5501e-5 0 -1 1.43612e-5 0 -1 6.97545e-6 0 -1 7.84388e-6 0 -1 -2.19452e-5 0 -1 1.31082e-5 0 -1 1.40513e-5 0 -1 -7.65931e-6 0 -1 1.21312e-5 0 -1 -1.02796e-5 0 -1 -1.05007e-5 0 -1 6.32079e-6 0 -1 -1.02258e-5 0 -1 -1.36582e-5 0 -1 -7.31507e-6 0 -1 8.31117e-6 0 -1 -5.07305e-5 0 -1 -2.14629e-5 0 -1 -9.43539e-6 0 -1 -1.37544e-5 0 -1 -8.02105e-6 0 -1 1.97285e-5 0 -1 6.72332e-6 0 -1 -7.82816e-6 0 -1 5.81287e-6 0 -1 -1.35634e-5 0 -1 -1.04445e-5 0 -1 -9.57414e-6 0 -1 1.0016e-5 0 -1 -1.33776e-5 0 -1 3.353e-5 0 -1 7.03195e-6 0 -1 6.12745e-5 0 -1 2.26778e-5 0 -1 2.91511e-5 0 -1 1.2776e-5 0 -1 -1.66489e-5 0 -1 -1.91366e-5 0 -1 2.23694e-5 0 -1 -1.88822e-5 0 -1 6.31313e-5 0 -1 2.05727e-5 0 -1 -7.03354e-6 0 -1 1.42337e-5 0 -1 -1.87857e-5 0 -1 -2.03782e-5 0 -1 -9.22373e-6 0 -1 -1.27291e-5 0 -1 3.80402e-5 0 -1 -1.46921e-5 0 -1 1.87575e-5 0 -1 2.3347e-5 0 -1 2.05491e-5 0 -1 -2.35538e-5 0 -1 -6.40697e-5 0 -1 2.09925e-5 0 -1 -1.86428e-5 0 -1 6.76224e-5 0 -1 -1.54957e-5 0 -1 1.45298e-5 0 -1 -1.87924e-5 0 -1 7.58012e-6 0 -1 -3.30169e-5 0 -1 8.69735e-6 0 -1 -1.30523e-5 0 -1 2.07156e-5 0 -1 1.34318e-5 0 -1 -1.55871e-5 0 -1 3.26355e-5 0 -1 -4.93705e-5 0 -1 -3.19826e-5 0 -1 -1.54784e-5 0 -1 3.85208e-5 0 -1 -1.86414e-5 0 -1 1.67437e-5 0 -1 -1.22011e-5 0 -1 -1.75871e-5 0 -1 7.71891e-6 0 -1 -2.80647e-5 0 -1 -3.5251e-5 0 -1 6.14553e-5 0 -1 2.78272e-5 0 -1 1.91777e-5 0 -1 -4.76372e-5 0 -1 -1.8848e-5 0 -1 5.87406e-5 0 -1 7.72368e-6 0 -1 1.58068e-5 0 -1 1.76056e-5 0 -1 -2.17618e-5 0 -1 1.77759e-5 0 -1 1.52439e-5 0 -1 9.21285e-6 0 -1 -1.60256e-5 0 -1 1.65344e-5 0 -1 1.0389e-5 0 -1 -9.75343e-6 0 -1 -1.45756e-5 0 -1 8.49185e-6 0 -1 -9.48119e-6 0 -1 6.53766e-6 0 -1 -6.27006e-6 0 -1 1.58791e-5 0 -1 -6.73491e-6 0 -1 8.73881e-6 0 -1 -1.26826e-5 0 -1 -1.75957e-5 0 -1 -7.62939e-6 0 -1 1.17658e-5 0 -1 1.66934e-5 0 -1 -1.0334e-5 0 -1 -1.43612e-5 0 -1 -7.78137e-6 0 -1 9.62131e-6 0 -1 -8.07077e-6 0 -1 7.57025e-6 0 -1 -2.01353e-5 0 -1 1.20563e-5 0 -1 8.24103e-6 0 -1 -8.31117e-6 0 -1 1.6276e-5 0 -1 1.22838e-5 0 -1 1.252e-5 0 -1 7.34258e-6 0 -1 7.90739e-6 0 -1 -6.55411e-6 0 -1 1.10346e-5 0 -1 -8.20641e-6 0 -1 -1.77557e-5 0 -1 6.82911e-6 0 -1 9.86427e-6 0 -1 -1.1489e-5 0 -1 1.45756e-5 0 -1 1.13554e-5 0 -1 -6.92598e-6 0 -1 -1.31968e-5 0 -1 -9.21285e-6 0 -1 2.21946e-5 0 -1 1.07315e-5 0 -1 1.31968e-5 0 -1 -4.83447e-6 0 -1 2.5699e-5 0 -1 3.78513e-6 0 -1 8.13802e-6 0 -1 -3.21238e-6 0 -1 9.12675e-6 0 -1 -6.34131e-6 0 -1 -1.13554e-5 0 -1 7.51202e-6 0 -1 5.3074e-6 0 -1 -5.67769e-6 0 -1 3.46299e-6 0 -1 -3.67129e-6 0 -1 -1.39509e-5 0 -1 5.67769e-6 0 -1 3.53827e-6 0 -1 -6.51042e-6 0 -1 1.16257e-5 0 -1 -4.47964e-6 0 -1 -5.25034e-6 0 -1 -2.08667e-6 0 -1 3.6991e-6 0 -1 -1.84955e-6 0 -1 2.30321e-6 0 -1 1.73149e-6 0 -1 2.26056e-6 0 -1 -2.59724e-6 0 -1 -2.30321e-6 0 -1 1.84955e-6 0 -1 -1.565e-6 0 -1 -2.54313e-6 0 -1 1.29862e-6 0 -1 -1.74386e-6 0 -1 2.44141e-6 0 -1 1.08991e-6 0 -1 7.26609e-7 0 -1 -5.17247e-7 0 -1 -4.69501e-7 0 -1 1.2207e-6 0 -1 3.17891e-7 0 -1 1.27157e-6 0 -1 -6.29228e-7 0 -1 4.84406e-7 0 -1 -7.44331e-7 0 -1 7.35363e-7 0 -1 2.77433e-6 0 -1 -9.24775e-7 0 -1 1.35634e-6 0 -1 -1.16257e-6 0 -1 -1.6496e-6 0 -1 3.13001e-6 0 -1 1.14084e-6 0 -1 -1.6276e-6 0 -1 7.18061e-6 0 -1 -3.8147e-6 0 -1 3.09039e-6 0 -1 1.66082e-6 0 -1 -1.95313e-6 0 -1 -4.20932e-6 0 -1 -4.98246e-6 0 -1 4.20932e-6 0 -1 -4.24592e-6 0 -1 4.28317e-6 0 -1 4.93213e-6 0 -1 4.35965e-6 0 -1 -3.41455e-6 0 -1 5.03383e-6 0 -1 -3.64389e-6 0 -1 -3.6991e-6 0 -1 -3.51281e-6 0 -1 7.68947e-6 0 -1 4.78707e-6 0 -1 6.26002e-6 0 -1 7.07654e-6 0 -1 -1.16257e-5 0 -1 -7.12819e-6 0 -1 1.65519e-5 0 -1 4.6503e-6 0 -1 1.23616e-5 0 -1 -8.56634e-6 0 -1 8.87784e-6 0 -1 4.26447e-6 0 -1 3.77051e-6 0 -1 -8.64215e-6 0 -1 1.35634e-5 0 -1 -1.5024e-5 0 -1 -7.90739e-6 0 -1 1.68373e-5 0 -1 9.66894e-6 0 -1 -1.12249e-5 0 -1 1.5024e-5 0 -1 8.95929e-6 0 -1 -1.34698e-5 0 -1 -1.5751e-5 0 -1 -8.95929e-6 0 -1 9.39002e-6 0 -1 7.02563e-6 0 -1 -6.42475e-6 0 -1 1.0334e-5 0 -1 1.52588e-5 0 -1 -1.11607e-5 0 -1 1.69102e-5 0 -1 6.64328e-6 0 -1 -8.47343e-6 0 -1 8.02105e-6 0 -1 -7.8125e-6 0 -1 1.06437e-5 0 -1 -6.67735e-6 0 -1 1.60751e-5 0 -1 9.7901e-6 0 -1 -9.64506e-6 0 -1 -1.51994e-5 0 -1 1.4102e-5 0 -1 1.75562e-5 0 -1 2.0668e-5 0 -1 -2.68471e-5 0 -1 -2.29779e-5 0 -1 -1.5053e-5 0 -1 1.53036e-5 0 -1 -2.16713e-5 0 -1 1.34931e-5 0 -1 -4.8676e-5 0 -1 2.25469e-5 0 -1 -2.18226e-5 0 -1 2.57626e-5 0 -1 1.60421e-5 0 -1 -7.42633e-6 0 -1 -4.74924e-5 0 -1 -2.62164e-5 0 -1 1.76853e-5 0 -1 7.64807e-6 0 -1 3.82966e-5 0 -1 -1.71975e-5 0 -1 1.86428e-5 0 -1 -6.2081e-5 0 -1 -1.33195e-5 0 -1 3.91305e-5 0 -1 -3.26379e-5 0 -1 -2.78513e-5 0 -1 8.12699e-6 0 -1 3.21295e-5 0 -1 9.08034e-6 0 -1 1.87168e-5 0 -1 1.52999e-5 0 -1 -9.34789e-6 0 -1 -1.87688e-5 0 -1 2.08247e-5 0 -1 -8.12374e-6 0 -1 2.35538e-5 0 -1 -2.05491e-5 0 -1 2.68471e-5 0 -1 2.07918e-5 0 -1 -7.56842e-6 0 -1 1.7337e-5 0 -1 2.32515e-5 0 -1 -1.8814e-5 0 -1 1.49665e-5 0 -1 -6.3004e-5 0 -1 -2.00321e-5 0 -1 -1.99936e-5 0 -1 -2.60417e-5 0 -1 1.67381e-5 0 -1 -2.58478e-5 0 -1 -2.52423e-5 0 -1 -7.83601e-6 0 -1 -2.46063e-5 0 -1 -5.08958e-5 0 -1 2.4376e-5 0 -1 -7.9154e-6 0 -1 1.95313e-5 0 -1 -1.86679e-5 0 -1 -1.56563e-5 0 -1 -2.57838e-5 0 -1 2.5531e-5 0 -1 -1.65519e-5 0 -1 -7.61452e-6 0 -1 -1.878e-5 0 -1 8.69989e-6 0 -1 1.18371e-5 0 -1 1.878e-5 0 -1 -6.64328e-6 0 -1 8.00461e-6 0 -1 7.73515e-6 0 -1 6.4142e-6 0 -1 -7.06374e-6 0 -1 1.12249e-5 0 -1 -1.95313e-5 0 -1 -1.05574e-5 0 -1 1.77557e-5 0 -1 1.02796e-5 0 -1 6.6546e-6 0 -1 -7.07654e-6 0 -1 2.17014e-5 0 -1 -9.66894e-6 0 -1 -1.12897e-5 0 -1 8.10425e-6 0 -1 -7.71986e-6 0 -1 1.82535e-5 0 -1 1.47964e-5 0 -1 9.00058e-6 0 -1 -1.53789e-5 0 -1 9.57414e-6 0 -1 -1.27655e-5 0 -1 -1.0389e-5 0 -1 6.95062e-6 0 -1 -1.252e-5 0 -1 7.54102e-6 0 -1 9.96492e-6 0 -1 -3.90625e-6 0 -1 6.34131e-6 0 -1 -7.7505e-6 0 -1 -7.68947e-6 0 -1 1.06148e-5 0 -1 -7.57025e-6 0 -1 7.7505e-6 0 -1 3.4386e-6 0 -1 3.5641e-6 0 -1 6.51042e-5 0 -1 3.48772e-6 0 -1 -6.26002e-6 0 -1 -6.02816e-6 0 -1 6.51042e-6 0 -1 3.84473e-6 0 -1 -6.5984e-6 0 -1 4.06901e-6 0 -1 3.75601e-6 0 -1 7.8755e-6 0 -1 -2.94145e-6 0 -1 1.79515e-6 0 -1 -3.34439e-6 0 -1 3.2992e-6 0 -1 9.68812e-7 0 -1 -8.4771e-7 0 -1 -3.05176e-6 0 -1 -5.98384e-7 0 -1 8.36098e-7 0 -1 -2.34751e-7 0 -1 2.37491e-7 0 -1 -4.64146e-7 0 -1 4.60643e-7 0 -1 1.60619e-6 0 -1 9.9853e-7 0 -1 -4.79648e-7 0 -1 9.48119e-7 0 -1 1.6496e-6 0 -1 -1.79515e-6 0 -1 2.02187e-6 0 -1 -1.91859e-6 0 -1 -1.93762e-6 0 -1 1.85306e-6 0 -1 -2.86802e-6 0 -1 -2.56652e-6 0 -1 1.98287e-6 0 -1 -1.80511e-6 0 -1 -1.80012e-6 0 -1 2.51367e-6 0 -1 -3.85232e-6 0 -1 1.96689e-6 0 -1 2.03028e-6 0 -1 1.94923e-6 0 -1 -1.83134e-6 0 -1 -1.9027e-6 0 -1 -1.88708e-6 0 -1 3.74252e-6 0 -1 1.88982e-6 0 -1 -1.91073e-6 0 -1 -1.88947e-6 0 -1 -5.77634e-6 0 -1 5.37773e-6 0 -1 -1.84058e-6 0 -1 5.41325e-6 0 -1 5.50321e-6 0 -1 -3.81703e-6 0 -1 -5.93655e-6 0 -1 -1.97335e-6 0 -1 1.79763e-6 0 -1 -1.8726e-6 0 -1 -1.95998e-6 0 -1 2.01665e-6 0 -1 1.96888e-6 0 -1 3.76325e-6 0 -1 3.00481e-6 0 -1 -2.79018e-6 0 -1 3.6169e-6 0 -1 -1.89624e-6 0 -1 1.89624e-6 0 -1 -3.20184e-6 0 -1 -2.88924e-6 0 -1 -8.99229e-7 0 -1 1.90735e-6 0 -1 -9.33616e-7 0 -1 -9.46282e-7 0 -1 1.41942e-6 0 -1 4.54638e-7 0 -1 -4.78707e-7 0 -1 4.74982e-7 0 -1 5.06516e-7 0 -1 -2.29455e-7 0 -1 0 0 -1 1.24055e-7 0 -1 0 0 -1 0 0 -1 -6.70716e-7 0 -1 -8.00461e-7 0 -1 7.65331e-7 0 -1 4.57192e-7 0 -1 1.00885e-6 0 -1 -9.72672e-7 0 -1 4.80592e-7 0 -1 1.89256e-6 0 -1 -1.47073e-6 0 -1 9.70738e-7 0 -1 -9.41719e-7 0 -1 2.64651e-6 0 -1 -9.50889e-7 0 -1 -2.85545e-6 0 -1 -1.85306e-6 0 -1 1.89993e-6 0 -1 -1.9869e-6 0 -1 1.83048e-6 0 -1 1.8726e-6 0 -1 1.92997e-6 0 -1 -1.7935e-6 0 -1 3.1502e-6 0 -1 -1.91953e-6 0 -1 1.87981e-6 0 -1 -3.27157e-6 0 -1 3.66784e-6 0 -1 -1.91202e-6 0 -1 -1.95704e-6 0 -1 1.90549e-6 0 -1 -2.8871e-6 0 -1 1.9869e-6 0 -1 3.85327e-6 0 -1 -3.84473e-6 0 -1 -1.86902e-6 0 -1 1.81559e-6 0 -1 -3.80494e-6 0 -1 -3.75195e-6 0 -1 5.92923e-6 0 -1 5.74865e-6 0 -1 -6.23193e-6 0 -1 5.3355e-6 0 -1 1.89854e-6 0 -1 4.0823e-6 0 -1 3.72823e-6 0 -1 3.83154e-6 0 -1 -2.07118e-6 0 -1 -2.61813e-6 0 -1 2.68471e-6 0 -1 1.90085e-6 0 -1 -3.08551e-6 0 -1 2.89781e-6 0 -1 -1.93379e-6 0 -1 1.85658e-6 0 -1 1.93762e-6 0 -1 -1.86189e-6 0 -1 1.85482e-6 0 -1 2.95034e-6 0 -1 2.62517e-6 0 -1 9.92442e-7 0 -1 2.87224e-6 0 -1 1.82194e-6 0 -1 -9.1955e-7 0 -1 9.74613e-7 0 -1 -9.7852e-7 0 -1 9.31834e-7 0 -1 9.49963e-7 0 -1 2.3703e-7 0 -1 1.70489e-7 0 -1 0 0 -1 -2.39706e-7 0 -1 2.38885e-7 0 -1 -2.39471e-7 0 -1 -2.38885e-7 0 -1 -7.22844e-7 0 -1 -2.3726e-7 0 -1 -7.50624e-7 0 -1 9.55073e-7 0 -1 -7.00045e-7 0 -1 4.81302e-7 0 -1 -7.27015e-7 0 -1 6.92107e-7 0 -1 4.71456e-7 0 -1 1.37689e-6 0 -1 1.43817e-6 0 -1 9.43738e-7 0 -1 1.40284e-6 0 -1 4.77981e-7 0 -1 9.68566e-7 0 -1 1.42494e-6 0 -1 -1.48177e-6 0 -1 -9.43111e-7 0 -1 9.56359e-7 0 -1 9.5449e-7 0 -1 1.45254e-6 0 -1 -9.57649e-7 0 -1 9.60475e-7 0 -1 -6.99543e-7 0 -1 4.7777e-7 0 -1 0 0 -1 -2.38768e-7 0 -1 1.82877e-7 0 -1 0 0 -1 0 0 -1 0 0 -1 -1.19443e-7 0 -1 1.21342e-7 0 -1 3.5589e-7 0 -1 3.59824e-7 0 -1 7.21243e-7 0 -1 2.39002e-7 0 -1 -4.75444e-7 0 -1 7.06119e-7 0 -1 -4.78004e-7 0 -1 4.70179e-7 0 -1 -9.55073e-7 0 -1 4.78004e-7 0 -1 -6.91861e-7 0 -1 4.77712e-7 0 -1 6.95186e-7 0 -1 -9.53209e-7 0 -1 -1.47938e-6 0 -1 9.58251e-7 0 -1 -9.50643e-7 0 -1 -4.72904e-7 0 -1 -1.43571e-6 0 -1 9.44694e-7 0 -1 4.80322e-7 0 -1 9.43396e-7 0 -1 -1.46349e-6 0 -1 4.73026e-7 0 -1 -4.72454e-7 0 -1 7.26069e-7 0 -1 -4.83686e-7 0 -1 3.56931e-7 0 -1 -2.42203e-7 0 -1 -1.74386e-7 0 -1 -1.75641e-7 0 -1 1.20504e-7 0 -1 0 0 -1 0 0 -1 0 0 -1 -1.78042e-7 0 -1 -1.19388e-7 0 -1 1.19723e-7 0 -1 -3.58602e-7 0 -1 3.56259e-7 0 -1 1.19779e-7 0 -1 -2.38073e-7 0 -1 -1.19415e-7 0 -1 1.79342e-7 0 -1 1.79186e-7 0 -1 1.19311e-7 0 -1 -1.19465e-7 0 -1 1.79383e-7 0 -1 0 0 -1 -1.78694e-7 0 -1 0 0 -1 0 0 -1 0 0 -1 0 0 -1 0 0 -1 0 0 -1 1.19399e-7 0 -1 0 0 -1 -1.7889e-7 0 -1 3.55955e-7 0 -1 -3.58433e-7 0 -1 -1.19454e-7 0 -1 1.1968e-7 0 -1 1.78042e-7 0 -1 -2.38564e-7 0 -1 1.1945e-7 0 -1 -1.79895e-7 0 -1 -1.19699e-7 0 -1 1.19611e-7 0 -1 -1.1956e-7 0 -1 -1.19238e-7 0 -1 0 0 -1 0 0 -1 0 0 -1 0 0 -1 0 0 -1 0 0 -1 0 0 -1 0 0 -1 0 0 -1 0 0 -1 0 0 -1 0 0 -1 0 0 -1 0 0 -1 0 0 -1 0 0 -1 0 0 -1 0 0 -1 0 0 -1 0 0 -1 0 0 -1 0 0 -1 0 0 -1 0 0 -1 0 0 -1 0 0 -1 0 0 -1 0 0 -1 0 0 -1 0 0 -1 0 0 -1 0 0 -1 0 0 -1 0 0 -1 0 0 -1 0 0 -1 0 0 -1 0 0 -1 0 0 -1 0 0 -1</float_array>
          <technique_common>
            <accessor source="#Cylinder-mesh-normals-array" count="4646" stride="3">
              <param name="X" type="float"/>
              <param name="Y" type="float"/>
              <param name="Z" type="float"/>
            </accessor>
          </technique_common>
        </source>
        <vertices id="Cylinder-mesh-vertices">
          <input semantic="POSITION" source="#Cylinder-mesh-positions"/>
        </vertices>
        <triangles count="7996">
          <input semantic="VERTEX" source="#Cylinder-mesh-vertices" offset="0"/>
          <input semantic="NORMAL" source="#Cylinder-mesh-normals" offset="1"/>
          <p>1 0 2 0 0 0 3 1 4 1 2 1 5 2 6 2 4 2 7 3 8 3 6 3 9 4 10 4 8 4 11 5 12 5 10 5 13 6 14 6 12 6 15 7 16 7 14 7 17 8 18 8 16 8 19 9 20 9 18 9 21 10 22 10 20 10 23 11 24 11 22 11 25 12 26 12 24 12 27 13 28 13 26 13 29 14 30 14 28 14 31 15 32 15 30 15 33 16 34 16 32 16 35 17 36 17 34 17 37 18 38 18 36 18 39 19 40 19 38 19 41 20 42 20 40 20 43 21 44 21 42 21 45 22 46 22 44 22 47 23 48 23 46 23 49 24 50 24 48 24 51 25 52 25 50 25 53 26 54 26 52 26 55 27 56 27 54 27 57 28 58 28 56 28 59 29 60 29 58 29 61 30 62 30 60 30 63 31 64 31 62 31 65 32 66 32 64 32 67 33 68 33 66 33 69 34 70 34 68 34 71 35 72 35 70 35 73 36 74 36 72 36 75 37 76 37 74 37 77 38 78 38 76 38 79 39 80 39 78 39 81 40 82 40 80 40 83 41 84 41 82 41 85 42 86 42 84 42 87 43 88 43 86 43 89 44 90 44 88 44 91 45 92 45 90 45 93 46 94 46 92 46 95 47 96 47 94 47 97 48 98 48 96 48 99 49 100 49 98 49 101 50 102 50 100 50 103 51 104 51 102 51 105 52 106 52 104 52 107 53 108 53 106 53 109 54 110 54 108 54 111 55 112 55 110 55 113 56 114 56 112 56 115 57 116 57 114 57 117 58 118 58 116 58 119 59 120 59 118 59 121 60 122 60 120 60 123 61 124 61 122 61 125 62 126 62 124 62 127 63 128 63 126 63 129 64 130 64 128 64 131 65 132 65 130 65 133 66 134 66 132 66 135 67 136 67 134 67 137 68 138 68 136 68 139 69 140 69 138 69 141 70 142 70 140 70 143 71 144 71 142 71 145 72 146 72 144 72 147 73 148 73 146 73 149 74 150 74 148 74 151 75 152 75 150 75 153 76 154 76 152 76 155 77 156 77 154 77 157 78 158 78 156 78 159 79 160 79 158 79 161 80 162 80 160 80 163 81 164 81 162 81 165 82 166 82 164 82 167 83 168 83 166 83 169 84 170 84 168 84 171 85 172 85 170 85 173 86 174 86 172 86 175 87 176 87 174 87 177 88 178 88 176 88 179 89 180 89 178 89 181 90 182 90 180 90 183 91 184 91 182 91 185 92 186 92 184 92 187 93 188 93 186 93 189 94 190 94 188 94 191 95 192 95 190 95 193 96 194 96 192 96 195 97 196 97 194 97 197 98 198 98 196 98 199 99 200 99 198 99 201 100 202 100 200 100 203 101 204 101 202 101 205 102 206 102 204 102 207 103 208 103 206 103 209 104 210 104 208 104 211 105 212 105 210 105 213 106 214 106 212 106 215 107 216 107 214 107 217 108 218 108 216 108 219 109 220 109 218 109 221 110 222 110 220 110 223 111 224 111 222 111 225 112 226 112 224 112 227 113 228 113 226 113 229 114 230 114 228 114 231 115 232 115 230 115 233 116 234 116 232 116 235 117 236 117 234 117 237 118 238 118 236 118 239 119 240 119 238 119 241 120 242 120 240 120 243 121 244 121 242 121 245 122 246 122 244 122 247 123 248 123 246 123 249 124 250 124 248 124 251 125 252 125 250 125 253 126 254 126 252 126 255 127 256 127 254 127 257 128 258 128 256 128 259 129 260 129 258 129 261 130 262 130 260 130 263 131 264 131 262 131 265 132 266 132 264 132 267 133 268 133 266 133 269 134 270 134 268 134 271 135 272 135 270 135 273 136 274 136 272 136 275 137 276 137 274 137 277 138 278 138 276 138 279 139 280 139 278 139 281 140 282 140 280 140 283 141 284 141 282 141 285 142 286 142 284 142 287 143 288 143 286 143 289 144 290 144 288 144 291 145 292 145 290 145 293 146 294 146 292 146 295 147 296 147 294 147 297 148 298 148 296 148 299 149 300 149 298 149 301 150 302 150 300 150 303 151 304 151 302 151 305 152 306 152 304 152 307 153 308 153 306 153 309 154 310 154 308 154 311 155 312 155 310 155 313 156 314 156 312 156 315 157 316 157 314 157 317 158 318 158 316 158 319 159 320 159 318 159 321 160 322 160 320 160 323 161 324 161 322 161 325 162 326 162 324 162 327 163 328 163 326 163 329 164 330 164 328 164 331 165 332 165 330 165 333 166 334 166 332 166 335 167 336 167 334 167 337 168 338 168 336 168 339 169 340 169 338 169 341 170 342 170 340 170 343 171 344 171 342 171 345 172 346 172 344 172 347 173 348 173 346 173 349 174 350 174 348 174 351 175 352 175 350 175 353 176 354 176 352 176 355 177 356 177 354 177 357 178 358 178 356 178 359 179 360 179 358 179 361 180 362 180 360 180 363 181 364 181 362 181 365 182 366 182 364 182 367 183 368 183 366 183 369 184 370 184 368 184 371 185 372 185 370 185 373 186 374 186 372 186 375 187 376 187 374 187 377 188 378 188 376 188 379 189 380 189 378 189 381 190 382 190 380 190 383 191 384 191 382 191 385 192 386 192 384 192 387 193 388 193 386 193 389 194 390 194 388 194 391 195 392 195 390 195 393 196 394 196 392 196 395 197 396 197 394 197 397 198 398 198 396 198 399 199 400 199 398 199 401 200 402 200 400 200 403 201 404 201 402 201 405 202 406 202 404 202 407 203 408 203 406 203 409 204 410 204 408 204 411 205 412 205 410 205 413 206 414 206 412 206 415 207 416 207 414 207 417 208 418 208 416 208 419 209 420 209 418 209 421 210 422 210 420 210 423 211 424 211 422 211 425 212 426 212 424 212 427 213 428 213 426 213 429 214 430 214 428 214 431 215 432 215 430 215 433 216 434 216 432 216 435 217 436 217 434 217 437 218 438 218 436 218 439 219 440 219 438 219 441 220 442 220 440 220 443 221 444 221 442 221 445 222 446 222 444 222 447 223 448 223 446 223 449 224 450 224 448 224 451 225 452 225 450 225 453 226 454 226 452 226 455 227 456 227 454 227 457 228 458 228 456 228 459 229 460 229 458 229 461 230 462 230 460 230 463 231 464 231 462 231 465 232 466 232 464 232 467 233 468 233 466 233 469 234 470 234 468 234 471 235 472 235 470 235 473 236 474 236 472 236 475 237 476 237 474 237 477 238 478 238 476 238 479 239 480 239 478 239 481 240 482 240 480 240 483 241 484 241 482 241 485 242 486 242 484 242 487 243 488 243 486 243 489 244 490 244 488 244 491 245 492 245 490 245 493 246 494 246 492 246 495 247 496 247 494 247 497 248 498 248 496 248 499 249 500 249 498 249 501 250 502 250 500 250 503 251 504 251 502 251 505 252 506 252 504 252 507 253 508 253 506 253 509 254 510 254 508 254 511 255 512 255 510 255 513 256 514 256 512 256 515 257 516 257 514 257 517 258 518 258 516 258 519 259 520 259 518 259 521 260 522 260 520 260 523 261 524 261 522 261 525 262 526 262 524 262 527 263 528 263 526 263 529 264 530 264 528 264 531 265 532 265 530 265 533 266 534 266 532 266 535 267 536 267 534 267 537 268 538 268 536 268 539 269 540 269 538 269 541 270 542 270 540 270 543 271 544 271 542 271 545 272 546 272 544 272 547 273 548 273 546 273 549 274 550 274 548 274 551 275 552 275 550 275 553 276 554 276 552 276 555 277 556 277 554 277 557 278 558 278 556 278 559 279 560 279 558 279 561 280 562 280 560 280 563 281 564 281 562 281 565 282 566 282 564 282 567 283 568 283 566 283 569 284 570 284 568 284 571 285 572 285 570 285 573 286 574 286 572 286 575 287 576 287 574 287 577 288 578 288 576 288 579 289 580 289 578 289 581 290 582 290 580 290 583 291 584 291 582 291 585 292 586 292 584 292 587 293 588 293 586 293 589 294 590 294 588 294 591 295 592 295 590 295 593 296 594 296 592 296 595 297 596 297 594 297 597 298 598 298 596 298 599 299 600 299 598 299 601 300 602 300 600 300 603 301 604 301 602 301 605 302 606 302 604 302 607 303 608 303 606 303 609 304 610 304 608 304 611 305 612 305 610 305 613 306 614 306 612 306 615 307 616 307 614 307 617 308 618 308 616 308 619 309 620 309 618 309 621 310 622 310 620 310 623 311 624 311 622 311 625 312 626 312 624 312 627 313 628 313 626 313 629 314 630 314 628 314 631 315 632 315 630 315 633 316 634 316 632 316 635 317 636 317 634 317 637 318 638 318 636 318 639 319 640 319 638 319 641 320 642 320 640 320 643 321 644 321 642 321 645 322 646 322 644 322 647 323 648 323 646 323 649 324 650 324 648 324 651 325 652 325 650 325 653 326 654 326 652 326 655 327 656 327 654 327 657 328 658 328 656 328 659 329 660 329 658 329 661 330 662 330 660 330 663 331 664 331 662 331 665 332 666 332 664 332 667 333 668 333 666 333 669 334 670 334 668 334 671 335 672 335 670 335 673 336 674 336 672 336 675 337 676 337 674 337 677 338 678 338 676 338 679 339 680 339 678 339 681 340 682 340 680 340 683 341 684 341 682 341 685 342 686 342 684 342 687 343 688 343 686 343 689 344 690 344 688 344 691 345 692 345 690 345 693 346 694 346 692 346 695 347 696 347 694 347 697 348 698 348 696 348 699 349 700 349 698 349 701 350 702 350 700 350 703 351 704 351 702 351 705 352 706 352 704 352 707 353 708 353 706 353 709 354 710 354 708 354 711 355 712 355 710 355 713 356 714 356 712 356 715 357 716 357 714 357 717 358 718 358 716 358 719 359 720 359 718 359 721 360 722 360 720 360 723 361 724 361 722 361 725 362 726 362 724 362 727 363 728 363 726 363 729 364 730 364 728 364 731 365 732 365 730 365 733 366 734 366 732 366 735 367 736 367 734 367 737 368 738 368 736 368 739 369 740 369 738 369 741 370 742 370 740 370 743 371 744 371 742 371 745 372 746 372 744 372 747 373 748 373 746 373 749 374 750 374 748 374 751 375 752 375 750 375 753 376 754 376 752 376 755 377 756 377 754 377 757 378 758 378 756 378 759 379 760 379 758 379 761 380 762 380 760 380 763 381 764 381 762 381 765 382 766 382 764 382 767 383 768 383 766 383 769 384 770 384 768 384 771 385 772 385 770 385 773 386 774 386 772 386 775 387 776 387 774 387 777 388 778 388 776 388 779 389 780 389 778 389 781 390 782 390 780 390 783 391 784 391 782 391 785 392 786 392 784 392 787 393 788 393 786 393 789 394 790 394 788 394 791 395 792 395 790 395 793 396 794 396 792 396 795 397 796 397 794 397 797 398 798 398 796 398 799 399 800 399 798 399 801 400 802 400 800 400 803 401 804 401 802 401 805 402 806 402 804 402 807 403 808 403 806 403 809 404 810 404 808 404 811 405 812 405 810 405 813 406 814 406 812 406 815 407 816 407 814 407 817 408 818 408 816 408 819 409 820 409 818 409 821 410 822 410 820 410 823 411 824 411 822 411 825 412 826 412 824 412 827 413 828 413 826 413 829 414 830 414 828 414 831 415 832 415 830 415 833 416 834 416 832 416 835 417 836 417 834 417 837 418 838 418 836 418 839 419 840 419 838 419 841 420 842 420 840 420 843 421 844 421 842 421 845 422 846 422 844 422 847 423 848 423 846 423 849 424 850 424 848 424 851 425 852 425 850 425 853 426 854 426 852 426 855 427 856 427 854 427 857 428 858 428 856 428 859 429 860 429 858 429 861 430 862 430 860 430 863 431 864 431 862 431 865 432 866 432 864 432 867 433 868 433 866 433 869 434 870 434 868 434 871 435 872 435 870 435 873 436 874 436 872 436 875 437 876 437 874 437 877 438 878 438 876 438 879 439 880 439 878 439 881 440 882 440 880 440 883 441 884 441 882 441 885 442 886 442 884 442 887 443 888 443 886 443 889 444 890 444 888 444 891 445 892 445 890 445 893 446 894 446 892 446 895 447 896 447 894 447 897 448 898 448 896 448 899 449 900 449 898 449 901 450 902 450 900 450 903 451 904 451 902 451 905 452 906 452 904 452 907 453 908 453 906 453 909 454 910 454 908 454 911 455 912 455 910 455 913 456 914 456 912 456 915 457 916 457 914 457 917 458 918 458 916 458 919 459 920 459 918 459 921 460 922 460 920 460 923 461 924 461 922 461 925 462 926 462 924 462 927 463 928 463 926 463 929 464 930 464 928 464 931 465 932 465 930 465 933 466 934 466 932 466 935 467 936 467 934 467 937 468 938 468 936 468 939 469 940 469 938 469 941 470 942 470 940 470 943 471 944 471 942 471 945 472 946 472 944 472 947 473 948 473 946 473 949 474 950 474 948 474 951 475 952 475 950 475 953 476 954 476 952 476 955 477 956 477 954 477 957 478 958 478 956 478 959 479 960 479 958 479 961 480 962 480 960 480 963 481 964 481 962 481 965 482 966 482 964 482 967 483 968 483 966 483 969 484 970 484 968 484 971 485 972 485 970 485 973 486 974 486 972 486 975 487 976 487 974 487 977 488 978 488 976 488 979 489 980 489 978 489 981 490 982 490 980 490 983 491 984 491 982 491 985 492 986 492 984 492 987 493 988 493 986 493 989 494 990 494 988 494 991 495 992 495 990 495 993 496 994 496 992 496 995 497 996 497 994 497 997 498 998 498 996 498 999 499 1000 499 998 499 1001 500 1002 500 1000 500 1003 501 1004 501 1002 501 1005 502 1006 502 1004 502 1007 503 1008 503 1006 503 1009 504 1010 504 1008 504 1011 505 1012 505 1010 505 1013 506 1014 506 1012 506 1015 507 1016 507 1014 507 1017 508 1018 508 1016 508 1019 509 1020 509 1018 509 1021 510 1022 510 1020 510 1023 511 1024 511 1022 511 1025 512 1026 512 1024 512 1027 513 1028 513 1026 513 1029 514 1030 514 1028 514 1031 515 1032 515 1030 515 1033 516 1034 516 1032 516 1035 517 1036 517 1034 517 1037 518 1038 518 1036 518 1039 519 1040 519 1038 519 1041 520 1042 520 1040 520 1043 521 1044 521 1042 521 1045 522 1046 522 1044 522 1047 523 1048 523 1046 523 1049 524 1050 524 1048 524 1051 525 1052 525 1050 525 1053 526 1054 526 1052 526 1055 527 1056 527 1054 527 1057 528 1058 528 1056 528 1059 529 1060 529 1058 529 1061 530 1062 530 1060 530 1063 531 1064 531 1062 531 1065 532 1066 532 1064 532 1067 533 1068 533 1066 533 1069 534 1070 534 1068 534 1071 535 1072 535 1070 535 1073 536 1074 536 1072 536 1075 537 1076 537 1074 537 1077 538 1078 538 1076 538 1079 539 1080 539 1078 539 1081 540 1082 540 1080 540 1083 541 1084 541 1082 541 1085 542 1086 542 1084 542 1087 543 1088 543 1086 543 1089 544 1090 544 1088 544 1091 545 1092 545 1090 545 1093 546 1094 546 1092 546 1095 547 1096 547 1094 547 1097 548 1098 548 1096 548 1099 549 1100 549 1098 549 1101 550 1102 550 1100 550 1103 551 1104 551 1102 551 1105 552 1106 552 1104 552 1107 553 1108 553 1106 553 1109 554 1110 554 1108 554 1111 555 1112 555 1110 555 1113 556 1114 556 1112 556 1115 557 1116 557 1114 557 1117 558 1118 558 1116 558 1119 559 1120 559 1118 559 1121 560 1122 560 1120 560 1123 561 1124 561 1122 561 1125 562 1126 562 1124 562 1127 563 1128 563 1126 563 1129 564 1130 564 1128 564 1131 565 1132 565 1130 565 1133 566 1134 566 1132 566 1135 567 1136 567 1134 567 1137 568 1138 568 1136 568 1139 569 1140 569 1138 569 1141 570 1142 570 1140 570 1143 571 1144 571 1142 571 1145 572 1146 572 1144 572 1147 573 1148 573 1146 573 1149 574 1150 574 1148 574 1151 575 1152 575 1150 575 1153 576 1154 576 1152 576 1155 577 1156 577 1154 577 1157 578 1158 578 1156 578 1159 579 1160 579 1158 579 1161 580 1162 580 1160 580 1163 581 1164 581 1162 581 1165 582 1166 582 1164 582 1167 583 1168 583 1166 583 1169 584 1170 584 1168 584 1171 585 1172 585 1170 585 1173 586 1174 586 1172 586 1175 587 1176 587 1174 587 1177 588 1178 588 1176 588 1179 589 1180 589 1178 589 1181 590 1182 590 1180 590 1183 591 1184 591 1182 591 1185 592 1186 592 1184 592 1187 593 1188 593 1186 593 1189 594 1190 594 1188 594 1191 595 1192 595 1190 595 1193 596 1194 596 1192 596 1195 597 1196 597 1194 597 1197 598 1198 598 1196 598 1199 599 1200 599 1198 599 1201 600 1202 600 1200 600 1203 601 1204 601 1202 601 1205 602 1206 602 1204 602 1207 603 1208 603 1206 603 1209 604 1210 604 1208 604 1211 605 1212 605 1210 605 1213 606 1214 606 1212 606 1215 607 1216 607 1214 607 1217 608 1218 608 1216 608 1219 609 1220 609 1218 609 1221 610 1222 610 1220 610 1223 611 1224 611 1222 611 1225 612 1226 612 1224 612 1227 613 1228 613 1226 613 1229 614 1230 614 1228 614 1231 615 1232 615 1230 615 1233 616 1234 616 1232 616 1235 617 1236 617 1234 617 1237 618 1238 618 1236 618 1239 619 1240 619 1238 619 1241 620 1242 620 1240 620 1243 621 1244 621 1242 621 1245 622 1246 622 1244 622 1247 623 1248 623 1246 623 1249 624 1250 624 1248 624 1251 625 1252 625 1250 625 1253 626 1254 626 1252 626 1255 627 1256 627 1254 627 1257 628 1258 628 1256 628 1259 629 1260 629 1258 629 1261 630 1262 630 1260 630 1263 631 1264 631 1262 631 1265 632 1266 632 1264 632 1267 633 1268 633 1266 633 1269 634 1270 634 1268 634 1271 635 1272 635 1270 635 1273 636 1274 636 1272 636 1275 637 1276 637 1274 637 1277 638 1278 638 1276 638 1279 639 1280 639 1278 639 1281 640 1282 640 1280 640 1283 641 1284 641 1282 641 1285 642 1286 642 1284 642 1287 643 1288 643 1286 643 1289 644 1290 644 1288 644 1291 645 1292 645 1290 645 1293 646 1294 646 1292 646 1295 647 1296 647 1294 647 1297 648 1298 648 1296 648 1299 649 1300 649 1298 649 1301 650 1302 650 1300 650 1303 651 1304 651 1302 651 1305 652 1306 652 1304 652 1307 653 1308 653 1306 653 1309 654 1310 654 1308 654 1311 655 1312 655 1310 655 1313 656 1314 656 1312 656 1315 657 1316 657 1314 657 1317 658 1318 658 1316 658 1319 659 1320 659 1318 659 1321 660 1322 660 1320 660 1323 661 1324 661 1322 661 1325 662 1326 662 1324 662 1327 663 1328 663 1326 663 1329 664 1330 664 1328 664 1331 665 1332 665 1330 665 1333 666 1334 666 1332 666 1335 667 1336 667 1334 667 1337 668 1338 668 1336 668 1339 669 1340 669 1338 669 1341 670 1342 670 1340 670 1343 671 1344 671 1342 671 1345 672 1346 672 1344 672 1347 673 1348 673 1346 673 1349 674 1350 674 1348 674 1351 675 1352 675 1350 675 1353 676 1354 676 1352 676 1355 677 1356 677 1354 677 1357 678 1358 678 1356 678 1359 679 1360 679 1358 679 1361 680 1362 680 1360 680 1363 681 1364 681 1362 681 1365 682 1366 682 1364 682 1367 683 1368 683 1366 683 1369 684 1370 684 1368 684 1371 685 1372 685 1370 685 1373 686 1374 686 1372 686 1375 687 1376 687 1374 687 1377 688 1378 688 1376 688 1379 689 1380 689 1378 689 1381 690 1382 690 1380 690 1383 691 1384 691 1382 691 1385 692 1386 692 1384 692 1387 693 1388 693 1386 693 1389 694 1390 694 1388 694 1391 695 1392 695 1390 695 1393 696 1394 696 1392 696 1395 697 1396 697 1394 697 1397 698 1398 698 1396 698 1399 699 1400 699 1398 699 1401 700 1402 700 1400 700 1403 701 1404 701 1402 701 1405 702 1406 702 1404 702 1407 703 1408 703 1406 703 1409 704 1410 704 1408 704 1411 705 1412 705 1410 705 1413 706 1414 706 1412 706 1415 707 1416 707 1414 707 1417 708 1418 708 1416 708 1419 709 1420 709 1418 709 1421 710 1422 710 1420 710 1423 711 1424 711 1422 711 1425 712 1426 712 1424 712 1427 713 1428 713 1426 713 1429 714 1430 714 1428 714 1431 715 1432 715 1430 715 1433 716 1434 716 1432 716 1435 717 1436 717 1434 717 1437 718 1438 718 1436 718 1439 719 1440 719 1438 719 1441 720 1442 720 1440 720 1443 721 1444 721 1442 721 1445 722 1446 722 1444 722 1447 723 1448 723 1446 723 1449 724 1450 724 1448 724 1451 725 1452 725 1450 725 1453 726 1454 726 1452 726 1455 727 1456 727 1454 727 1457 728 1458 728 1456 728 1459 729 1460 729 1458 729 1461 730 1462 730 1460 730 1463 731 1464 731 1462 731 1465 732 1466 732 1464 732 1467 733 1468 733 1466 733 1469 734 1470 734 1468 734 1471 735 1472 735 1470 735 1473 736 1474 736 1472 736 1475 737 1476 737 1474 737 1477 738 1478 738 1476 738 1479 739 1480 739 1478 739 1481 740 1482 740 1480 740 1483 741 1484 741 1482 741 1485 742 1486 742 1484 742 1487 743 1488 743 1486 743 1489 744 1490 744 1488 744 1491 745 1492 745 1490 745 1493 746 1494 746 1492 746 1495 747 1496 747 1494 747 1497 748 1498 748 1496 748 1499 749 1500 749 1498 749 1501 750 1502 750 1500 750 1503 751 1504 751 1502 751 1505 752 1506 752 1504 752 1507 753 1508 753 1506 753 1509 754 1510 754 1508 754 1511 755 1512 755 1510 755 1513 756 1514 756 1512 756 1515 757 1516 757 1514 757 1517 758 1518 758 1516 758 1519 759 1520 759 1518 759 1521 760 1522 760 1520 760 1523 761 1524 761 1522 761 1525 762 1526 762 1524 762 1527 763 1528 763 1526 763 1529 764 1530 764 1528 764 1531 765 1532 765 1530 765 1533 766 1534 766 1532 766 1535 767 1536 767 1534 767 1537 768 1538 768 1536 768 1539 769 1540 769 1538 769 1541 770 1542 770 1540 770 1543 771 1544 771 1542 771 1545 772 1546 772 1544 772 1547 773 1548 773 1546 773 1549 774 1550 774 1548 774 1551 775 1552 775 1550 775 1553 776 1554 776 1552 776 1555 777 1556 777 1554 777 1557 778 1558 778 1556 778 1559 779 1560 779 1558 779 1561 780 1562 780 1560 780 1563 781 1564 781 1562 781 1565 782 1566 782 1564 782 1567 783 1568 783 1566 783 1569 784 1570 784 1568 784 1571 785 1572 785 1570 785 1573 786 1574 786 1572 786 1575 787 1576 787 1574 787 1577 788 1578 788 1576 788 1579 789 1580 789 1578 789 1581 790 1582 790 1580 790 1583 791 1584 791 1582 791 1585 792 1586 792 1584 792 1587 793 1588 793 1586 793 1589 794 1590 794 1588 794 1591 795 1592 795 1590 795 1593 796 1594 796 1592 796 1595 797 1596 797 1594 797 1597 798 1598 798 1596 798 1599 799 1600 799 1598 799 1601 800 1602 800 1600 800 1603 801 1604 801 1602 801 1605 802 1606 802 1604 802 1607 803 1608 803 1606 803 1609 804 1610 804 1608 804 1611 805 1612 805 1610 805 1613 806 1614 806 1612 806 1615 807 1616 807 1614 807 1617 808 1618 808 1616 808 1619 809 1620 809 1618 809 1621 810 1622 810 1620 810 1623 811 1624 811 1622 811 1625 812 1626 812 1624 812 1627 813 1628 813 1626 813 1629 814 1630 814 1628 814 1631 815 1632 815 1630 815 1633 816 1634 816 1632 816 1635 817 1636 817 1634 817 1637 818 1638 818 1636 818 1639 819 1640 819 1638 819 1641 820 1642 820 1640 820 1643 821 1644 821 1642 821 1645 822 1646 822 1644 822 1647 823 1648 823 1646 823 1649 824 1650 824 1648 824 1651 825 1652 825 1650 825 1653 826 1654 826 1652 826 1655 827 1656 827 1654 827 1657 828 1658 828 1656 828 1659 829 1660 829 1658 829 1661 830 1662 830 1660 830 1663 831 1664 831 1662 831 1665 832 1666 832 1664 832 1667 833 1668 833 1666 833 1669 834 1670 834 1668 834 1671 835 1672 835 1670 835 1673 836 1674 836 1672 836 1675 837 1676 837 1674 837 1677 838 1678 838 1676 838 1679 839 1680 839 1678 839 1681 840 1682 840 1680 840 1683 841 1684 841 1682 841 1685 842 1686 842 1684 842 1687 843 1688 843 1686 843 1689 844 1690 844 1688 844 1691 845 1692 845 1690 845 1693 846 1694 846 1692 846 1695 847 1696 847 1694 847 1697 848 1698 848 1696 848 1699 849 1700 849 1698 849 1701 850 1702 850 1700 850 1703 851 1704 851 1702 851 1705 852 1706 852 1704 852 1707 853 1708 853 1706 853 1709 854 1710 854 1708 854 1711 855 1712 855 1710 855 1713 856 1714 856 1712 856 1715 857 1716 857 1714 857 1717 858 1718 858 1716 858 1719 859 1720 859 1718 859 1721 860 1722 860 1720 860 1723 861 1724 861 1722 861 1725 862 1726 862 1724 862 1727 863 1728 863 1726 863 1729 864 1730 864 1728 864 1731 865 1732 865 1730 865 1733 866 1734 866 1732 866 1735 867 1736 867 1734 867 1737 868 1738 868 1736 868 1739 869 1740 869 1738 869 1741 870 1742 870 1740 870 1743 871 1744 871 1742 871 1745 872 1746 872 1744 872 1747 873 1748 873 1746 873 1749 874 1750 874 1748 874 1751 875 1752 875 1750 875 1753 876 1754 876 1752 876 1755 877 1756 877 1754 877 1757 878 1758 878 1756 878 1759 879 1760 879 1758 879 1761 880 1762 880 1760 880 1763 881 1764 881 1762 881 1765 882 1766 882 1764 882 1767 883 1768 883 1766 883 1769 884 1770 884 1768 884 1771 885 1772 885 1770 885 1773 886 1774 886 1772 886 1775 887 1776 887 1774 887 1777 888 1778 888 1776 888 1779 889 1780 889 1778 889 1781 890 1782 890 1780 890 1783 891 1784 891 1782 891 1785 892 1786 892 1784 892 1787 893 1788 893 1786 893 1789 894 1790 894 1788 894 1791 895 1792 895 1790 895 1793 896 1794 896 1792 896 1795 897 1796 897 1794 897 1797 898 1798 898 1796 898 1799 899 1800 899 1798 899 1801 900 1802 900 1800 900 1803 901 1804 901 1802 901 1805 902 1806 902 1804 902 1807 903 1808 903 1806 903 1809 904 1810 904 1808 904 1811 905 1812 905 1810 905 1813 906 1814 906 1812 906 1815 907 1816 907 1814 907 1817 908 1818 908 1816 908 1819 909 1820 909 1818 909 1821 910 1822 910 1820 910 1823 911 1824 911 1822 911 1825 912 1826 912 1824 912 1827 913 1828 913 1826 913 1829 914 1830 914 1828 914 1831 915 1832 915 1830 915 1833 916 1834 916 1832 916 1835 917 1836 917 1834 917 1837 918 1838 918 1836 918 1839 919 1840 919 1838 919 1841 920 1842 920 1840 920 1843 921 1844 921 1842 921 1845 922 1846 922 1844 922 1847 923 1848 923 1846 923 1849 924 1850 924 1848 924 1851 925 1852 925 1850 925 1853 926 1854 926 1852 926 1855 927 1856 927 1854 927 1857 928 1858 928 1856 928 1859 929 1860 929 1858 929 1861 930 1862 930 1860 930 1863 931 1864 931 1862 931 1865 932 1866 932 1864 932 1867 933 1868 933 1866 933 1869 934 1870 934 1868 934 1871 935 1872 935 1870 935 1873 936 1874 936 1872 936 1875 937 1876 937 1874 937 1877 938 1878 938 1876 938 1879 939 1880 939 1878 939 1881 940 1882 940 1880 940 1883 941 1884 941 1882 941 1885 942 1886 942 1884 942 1887 943 1888 943 1886 943 1889 944 1890 944 1888 944 1891 945 1892 945 1890 945 1893 946 1894 946 1892 946 1895 947 1896 947 1894 947 1897 948 1898 948 1896 948 1899 949 1900 949 1898 949 1901 950 1902 950 1900 950 1903 951 1904 951 1902 951 1905 952 1906 952 1904 952 1907 953 1908 953 1906 953 1909 954 1910 954 1908 954 1911 955 1912 955 1910 955 1913 956 1914 956 1912 956 1915 957 1916 957 1914 957 1917 958 1918 958 1916 958 1919 959 1920 959 1918 959 1921 960 1922 960 1920 960 1923 961 1924 961 1922 961 1925 962 1926 962 1924 962 1927 963 1928 963 1926 963 1929 964 1930 964 1928 964 1931 965 1932 965 1930 965 1933 966 1934 966 1932 966 1935 967 1936 967 1934 967 1937 968 1938 968 1936 968 1939 969 1940 969 1938 969 1941 970 1942 970 1940 970 1943 971 1944 971 1942 971 1945 972 1946 972 1944 972 1947 973 1948 973 1946 973 1949 974 1950 974 1948 974 1951 975 1952 975 1950 975 1953 976 1954 976 1952 976 1955 977 1956 977 1954 977 1957 978 1958 978 1956 978 1959 979 1960 979 1958 979 1961 980 1962 980 1960 980 1963 981 1964 981 1962 981 1965 982 1966 982 1964 982 1967 983 1968 983 1966 983 1969 984 1970 984 1968 984 1971 985 1972 985 1970 985 1973 986 1974 986 1972 986 1975 987 1976 987 1974 987 1977 988 1978 988 1976 988 1979 989 1980 989 1978 989 1981 990 1982 990 1980 990 1983 991 1984 991 1982 991 1985 992 1986 992 1984 992 1987 993 1988 993 1986 993 1989 994 1990 994 1988 994 1991 995 1992 995 1990 995 1993 996 1994 996 1992 996 1995 997 1996 997 1994 997 1997 998 1998 998 1996 998 1999 999 2000 999 1998 999 2001 1000 2002 1000 2000 1000 2003 1001 2004 1001 2002 1001 2005 1002 2006 1002 2004 1002 2007 1003 2008 1003 2006 1003 2009 1004 2010 1004 2008 1004 2011 1005 2012 1005 2010 1005 2013 1006 2014 1006 2012 1006 2015 1007 2016 1007 2014 1007 2017 1008 2018 1008 2016 1008 2019 1009 2020 1009 2018 1009 2021 1010 2022 1010 2020 1010 2023 1011 2024 1011 2022 1011 2025 1012 2026 1012 2024 1012 2027 1013 2028 1013 2026 1013 2029 1014 2030 1014 2028 1014 2031 1015 2032 1015 2030 1015 2033 1016 2034 1016 2032 1016 2035 1017 2036 1017 2034 1017 2037 1018 2038 1018 2036 1018 2039 1019 2040 1019 2038 1019 2041 1020 2042 1020 2040 1020 2043 1021 2044 1021 2042 1021 2045 1022 2046 1022 2044 1022 2047 1023 2048 1023 2046 1023 2049 1024 2050 1024 2048 1024 2051 1025 2052 1025 2050 1025 2053 1026 2054 1026 2052 1026 2055 1027 2056 1027 2054 1027 2057 1028 2058 1028 2056 1028 2059 1029 2060 1029 2058 1029 2061 1030 2062 1030 2060 1030 2063 1031 2064 1031 2062 1031 2065 1032 2066 1032 2064 1032 2067 1033 2068 1033 2066 1033 2069 1034 2070 1034 2068 1034 2071 1035 2072 1035 2070 1035 2073 1036 2074 1036 2072 1036 2075 1037 2076 1037 2074 1037 2077 1038 2078 1038 2076 1038 2079 1039 2080 1039 2078 1039 2081 1040 2082 1040 2080 1040 2083 1041 2084 1041 2082 1041 2085 1042 2086 1042 2084 1042 2087 1043 2088 1043 2086 1043 2089 1044 2090 1044 2088 1044 2091 1045 2092 1045 2090 1045 2093 1046 2094 1046 2092 1046 2095 1047 2096 1047 2094 1047 2097 1048 2098 1048 2096 1048 2099 1049 2100 1049 2098 1049 2101 1050 2102 1050 2100 1050 2103 1051 2104 1051 2102 1051 2105 1052 2106 1052 2104 1052 2107 1053 2108 1053 2106 1053 2109 1054 2110 1054 2108 1054 2111 1055 2112 1055 2110 1055 2113 1056 2114 1056 2112 1056 2115 1057 2116 1057 2114 1057 2117 1058 2118 1058 2116 1058 2119 1059 2120 1059 2118 1059 2121 1060 2122 1060 2120 1060 2123 1061 2124 1061 2122 1061 2125 1062 2126 1062 2124 1062 2127 1063 2128 1063 2126 1063 2129 1064 2130 1064 2128 1064 2131 1065 2132 1065 2130 1065 2133 1066 2134 1066 2132 1066 2135 1067 2136 1067 2134 1067 2137 1068 2138 1068 2136 1068 2139 1069 2140 1069 2138 1069 2141 1070 2142 1070 2140 1070 2143 1071 2144 1071 2142 1071 2145 1072 2146 1072 2144 1072 2147 1073 2148 1073 2146 1073 2149 1074 2150 1074 2148 1074 2151 1075 2152 1075 2150 1075 2153 1076 2154 1076 2152 1076 2155 1077 2156 1077 2154 1077 2157 1078 2158 1078 2156 1078 2159 1079 2160 1079 2158 1079 2161 1080 2162 1080 2160 1080 2163 1081 2164 1081 2162 1081 2165 1082 2166 1082 2164 1082 2167 1083 2168 1083 2166 1083 2169 1084 2170 1084 2168 1084 2171 1085 2172 1085 2170 1085 2173 1086 2174 1086 2172 1086 2175 1087 2176 1087 2174 1087 2177 1088 2178 1088 2176 1088 2179 1089 2180 1089 2178 1089 2181 1090 2182 1090 2180 1090 2183 1091 2184 1091 2182 1091 2185 1092 2186 1092 2184 1092 2187 1093 2188 1093 2186 1093 2189 1094 2190 1094 2188 1094 2191 1095 2192 1095 2190 1095 2193 1096 2194 1096 2192 1096 2195 1097 2196 1097 2194 1097 2197 1098 2198 1098 2196 1098 2199 1099 2200 1099 2198 1099 2201 1100 2202 1100 2200 1100 2203 1101 2204 1101 2202 1101 2205 1102 2206 1102 2204 1102 2207 1103 2208 1103 2206 1103 2209 1104 2210 1104 2208 1104 2211 1105 2212 1105 2210 1105 2213 1106 2214 1106 2212 1106 2215 1107 2216 1107 2214 1107 2217 1108 2218 1108 2216 1108 2219 1109 2220 1109 2218 1109 2221 1110 2222 1110 2220 1110 2223 1111 2224 1111 2222 1111 2225 1112 2226 1112 2224 1112 2227 1113 2228 1113 2226 1113 2229 1114 2230 1114 2228 1114 2231 1115 2232 1115 2230 1115 2233 1116 2234 1116 2232 1116 2235 1117 2236 1117 2234 1117 2237 1118 2238 1118 2236 1118 2239 1119 2240 1119 2238 1119 2241 1120 2242 1120 2240 1120 2243 1121 2244 1121 2242 1121 2245 1122 2246 1122 2244 1122 2247 1123 2248 1123 2246 1123 2249 1124 2250 1124 2248 1124 2251 1125 2252 1125 2250 1125 2253 1126 2254 1126 2252 1126 2255 1127 2256 1127 2254 1127 2257 1128 2258 1128 2256 1128 2259 1129 2260 1129 2258 1129 2261 1130 2262 1130 2260 1130 2263 1131 2264 1131 2262 1131 2265 1132 2266 1132 2264 1132 2267 1133 2268 1133 2266 1133 2269 1134 2270 1134 2268 1134 2271 1135 2272 1135 2270 1135 2273 1136 2274 1136 2272 1136 2275 1137 2276 1137 2274 1137 2277 1138 2278 1138 2276 1138 2279 1139 2280 1139 2278 1139 2281 1140 2282 1140 2280 1140 2283 1141 2284 1141 2282 1141 2285 1142 2286 1142 2284 1142 2287 1143 2288 1143 2286 1143 2289 1144 2290 1144 2288 1144 2291 1145 2292 1145 2290 1145 2293 1146 2294 1146 2292 1146 2295 1147 2296 1147 2294 1147 2297 1148 2298 1148 2296 1148 2299 1149 2300 1149 2298 1149 2301 1150 2302 1150 2300 1150 2303 1151 2304 1151 2302 1151 2305 1152 2306 1152 2304 1152 2307 1153 2308 1153 2306 1153 2309 1154 2310 1154 2308 1154 2311 1155 2312 1155 2310 1155 2313 1156 2314 1156 2312 1156 2315 1157 2316 1157 2314 1157 2317 1158 2318 1158 2316 1158 2319 1159 2320 1159 2318 1159 2321 1160 2322 1160 2320 1160 2323 1161 2324 1161 2322 1161 2325 1162 2326 1162 2324 1162 2327 1163 2328 1163 2326 1163 2329 1164 2330 1164 2328 1164 2331 1165 2332 1165 2330 1165 2333 1166 2334 1166 2332 1166 2335 1167 2336 1167 2334 1167 2337 1168 2338 1168 2336 1168 2339 1169 2340 1169 2338 1169 2341 1170 2342 1170 2340 1170 2343 1171 2344 1171 2342 1171 2345 1172 2346 1172 2344 1172 2347 1173 2348 1173 2346 1173 2349 1174 2350 1174 2348 1174 2351 1175 2352 1175 2350 1175 2353 1176 2354 1176 2352 1176 2355 1177 2356 1177 2354 1177 2357 1178 2358 1178 2356 1178 2359 1179 2360 1179 2358 1179 2361 1180 2362 1180 2360 1180 2363 1181 2364 1181 2362 1181 2365 1182 2366 1182 2364 1182 2367 1183 2368 1183 2366 1183 2369 1184 2370 1184 2368 1184 2371 1185 2372 1185 2370 1185 2373 1186 2374 1186 2372 1186 2375 1187 2376 1187 2374 1187 2377 1188 2378 1188 2376 1188 2379 1189 2380 1189 2378 1189 2381 1190 2382 1190 2380 1190 2383 1191 2384 1191 2382 1191 2385 1192 2386 1192 2384 1192 2387 1193 2388 1193 2386 1193 2389 1194 2390 1194 2388 1194 2391 1195 2392 1195 2390 1195 2393 1196 2394 1196 2392 1196 2395 1197 2396 1197 2394 1197 2397 1198 2398 1198 2396 1198 2399 1199 2400 1199 2398 1199 2401 1200 2402 1200 2400 1200 2403 1201 2404 1201 2402 1201 2405 1202 2406 1202 2404 1202 2407 1203 2408 1203 2406 1203 2409 1204 2410 1204 2408 1204 2411 1205 2412 1205 2410 1205 2413 1206 2414 1206 2412 1206 2415 1207 2416 1207 2414 1207 2417 1208 2418 1208 2416 1208 2419 1209 2420 1209 2418 1209 2421 1210 2422 1210 2420 1210 2423 1211 2424 1211 2422 1211 2425 1212 2426 1212 2424 1212 2427 1213 2428 1213 2426 1213 2429 1214 2430 1214 2428 1214 2431 1215 2432 1215 2430 1215 2433 1216 2434 1216 2432 1216 2435 1217 2436 1217 2434 1217 2437 1218 2438 1218 2436 1218 2439 1219 2440 1219 2438 1219 2441 1220 2442 1220 2440 1220 2443 1221 2444 1221 2442 1221 2445 1222 2446 1222 2444 1222 2447 1223 2448 1223 2446 1223 2449 1224 2450 1224 2448 1224 2451 1225 2452 1225 2450 1225 2453 1226 2454 1226 2452 1226 2455 1227 2456 1227 2454 1227 2457 1228 2458 1228 2456 1228 2459 1229 2460 1229 2458 1229 2461 1230 2462 1230 2460 1230 2463 1231 2464 1231 2462 1231 2465 1232 2466 1232 2464 1232 2467 1233 2468 1233 2466 1233 2469 1234 2470 1234 2468 1234 2471 1235 2472 1235 2470 1235 2473 1236 2474 1236 2472 1236 2475 1237 2476 1237 2474 1237 2477 1238 2478 1238 2476 1238 2479 1239 2480 1239 2478 1239 2481 1240 2482 1240 2480 1240 2483 1241 2484 1241 2482 1241 2485 1242 2486 1242 2484 1242 2487 1243 2488 1243 2486 1243 2489 1244 2490 1244 2488 1244 2491 1245 2492 1245 2490 1245 2493 1246 2494 1246 2492 1246 2495 1247 2496 1247 2494 1247 2497 1248 2498 1248 2496 1248 2499 1249 2500 1249 2498 1249 2501 1250 2502 1250 2500 1250 2503 1251 2504 1251 2502 1251 2505 1252 2506 1252 2504 1252 2507 1253 2508 1253 2506 1253 2509 1254 2510 1254 2508 1254 2511 1255 2512 1255 2510 1255 2513 1256 2514 1256 2512 1256 2515 1257 2516 1257 2514 1257 2517 1258 2518 1258 2516 1258 2519 1259 2520 1259 2518 1259 2521 1260 2522 1260 2520 1260 2523 1261 2524 1261 2522 1261 2525 1262 2526 1262 2524 1262 2527 1263 2528 1263 2526 1263 2529 1264 2530 1264 2528 1264 2531 1265 2532 1265 2530 1265 2533 1266 2534 1266 2532 1266 2535 1267 2536 1267 2534 1267 2537 1268 2538 1268 2536 1268 2539 1269 2540 1269 2538 1269 2541 1270 2542 1270 2540 1270 2543 1271 2544 1271 2542 1271 2545 1272 2546 1272 2544 1272 2547 1273 2548 1273 2546 1273 2549 1274 2550 1274 2548 1274 2551 1275 2552 1275 2550 1275 2553 1276 2554 1276 2552 1276 2555 1277 2556 1277 2554 1277 2557 1278 2558 1278 2556 1278 2559 1279 2560 1279 2558 1279 2561 1280 2562 1280 2560 1280 2563 1281 2564 1281 2562 1281 2565 1282 2566 1282 2564 1282 2567 1283 2568 1283 2566 1283 2569 1284 2570 1284 2568 1284 2571 1285 2572 1285 2570 1285 2573 1286 2574 1286 2572 1286 2575 1287 2576 1287 2574 1287 2577 1288 2578 1288 2576 1288 2579 1289 2580 1289 2578 1289 2581 1290 2582 1290 2580 1290 2583 1291 2584 1291 2582 1291 2585 1292 2586 1292 2584 1292 2587 1293 2588 1293 2586 1293 2589 1294 2590 1294 2588 1294 2591 1295 2592 1295 2590 1295 2593 1296 2594 1296 2592 1296 2595 1297 2596 1297 2594 1297 2597 1298 2598 1298 2596 1298 2599 1299 2600 1299 2598 1299 2601 1300 2602 1300 2600 1300 2603 1301 2604 1301 2602 1301 2605 1302 2606 1302 2604 1302 2607 1303 2608 1303 2606 1303 2609 1304 2610 1304 2608 1304 2611 1305 2612 1305 2610 1305 2613 1306 2614 1306 2612 1306 2615 1307 2616 1307 2614 1307 2617 1308 2618 1308 2616 1308 2619 1309 2620 1309 2618 1309 2621 1310 2622 1310 2620 1310 2623 1311 2624 1311 2622 1311 2625 1312 2626 1312 2624 1312 2627 1313 2628 1313 2626 1313 2629 1314 2630 1314 2628 1314 2631 1315 2632 1315 2630 1315 2633 1316 2634 1316 2632 1316 2635 1317 2636 1317 2634 1317 2637 1318 2638 1318 2636 1318 2639 1319 2640 1319 2638 1319 2641 1320 2642 1320 2640 1320 2643 1321 2644 1321 2642 1321 2645 1322 2646 1322 2644 1322 2647 1323 2648 1323 2646 1323 2649 1324 2650 1324 2648 1324 2651 1325 2652 1325 2650 1325 2653 1326 2654 1326 2652 1326 2655 1327 2656 1327 2654 1327 2657 1328 2658 1328 2656 1328 2659 1329 2660 1329 2658 1329 2661 1330 2662 1330 2660 1330 2663 1331 2664 1331 2662 1331 2665 1332 2666 1332 2664 1332 2667 1333 2668 1333 2666 1333 2669 1334 2670 1334 2668 1334 2671 1335 2672 1335 2670 1335 2673 1336 2674 1336 2672 1336 2675 1337 2676 1337 2674 1337 2677 1338 2678 1338 2676 1338 2679 1339 2680 1339 2678 1339 2681 1340 2682 1340 2680 1340 2683 1341 2684 1341 2682 1341 2685 1342 2686 1342 2684 1342 2687 1343 2688 1343 2686 1343 2689 1344 2690 1344 2688 1344 2691 1345 2692 1345 2690 1345 2693 1346 2694 1346 2692 1346 2695 1347 2696 1347 2694 1347 2697 1348 2698 1348 2696 1348 2699 1349 2700 1349 2698 1349 2701 1350 2702 1350 2700 1350 2703 1351 2704 1351 2702 1351 2705 1352 2706 1352 2704 1352 2707 1353 2708 1353 2706 1353 2709 1354 2710 1354 2708 1354 2711 1355 2712 1355 2710 1355 2713 1356 2714 1356 2712 1356 2715 1357 2716 1357 2714 1357 2717 1358 2718 1358 2716 1358 2719 1359 2720 1359 2718 1359 2721 1360 2722 1360 2720 1360 2723 1361 2724 1361 2722 1361 2725 1362 2726 1362 2724 1362 2727 1363 2728 1363 2726 1363 2729 1364 2730 1364 2728 1364 2731 1365 2732 1365 2730 1365 2733 1366 2734 1366 2732 1366 2735 1367 2736 1367 2734 1367 2737 1368 2738 1368 2736 1368 2739 1369 2740 1369 2738 1369 2741 1370 2742 1370 2740 1370 2743 1371 2744 1371 2742 1371 2745 1372 2746 1372 2744 1372 2747 1373 2748 1373 2746 1373 2749 1374 2750 1374 2748 1374 2751 1375 2752 1375 2750 1375 2753 1376 2754 1376 2752 1376 2755 1377 2756 1377 2754 1377 2757 1378 2758 1378 2756 1378 2759 1379 2760 1379 2758 1379 2761 1380 2762 1380 2760 1380 2763 1381 2764 1381 2762 1381 2765 1382 2766 1382 2764 1382 2767 1383 2768 1383 2766 1383 2769 1384 2770 1384 2768 1384 2771 1385 2772 1385 2770 1385 2773 1386 2774 1386 2772 1386 2775 1387 2776 1387 2774 1387 2777 1388 2778 1388 2776 1388 2779 1389 2780 1389 2778 1389 2781 1390 2782 1390 2780 1390 2783 1391 2784 1391 2782 1391 2785 1392 2786 1392 2784 1392 2787 1393 2788 1393 2786 1393 2789 1394 2790 1394 2788 1394 2791 1395 2792 1395 2790 1395 2793 1396 2794 1396 2792 1396 2795 1397 2796 1397 2794 1397 2797 1398 2798 1398 2796 1398 2799 1399 2800 1399 2798 1399 2801 1400 2802 1400 2800 1400 2803 1401 2804 1401 2802 1401 2805 1402 2806 1402 2804 1402 2807 1403 2808 1403 2806 1403 2809 1404 2810 1404 2808 1404 2811 1405 2812 1405 2810 1405 2813 1406 2814 1406 2812 1406 2815 1407 2816 1407 2814 1407 2817 1408 2818 1408 2816 1408 2819 1409 2820 1409 2818 1409 2821 1410 2822 1410 2820 1410 2823 1411 2824 1411 2822 1411 2825 1412 2826 1412 2824 1412 2827 1413 2828 1413 2826 1413 2829 1414 2830 1414 2828 1414 2831 1415 2832 1415 2830 1415 2833 1416 2834 1416 2832 1416 2835 1417 2836 1417 2834 1417 2837 1418 2838 1418 2836 1418 2839 1419 2840 1419 2838 1419 2841 1420 2842 1420 2840 1420 2843 1421 2844 1421 2842 1421 2845 1422 2846 1422 2844 1422 2847 1423 2848 1423 2846 1423 2849 1424 2850 1424 2848 1424 2851 1425 2852 1425 2850 1425 2853 1426 2854 1426 2852 1426 2855 1427 2856 1427 2854 1427 2857 1428 2858 1428 2856 1428 2859 1429 2860 1429 2858 1429 2861 1430 2862 1430 2860 1430 2863 1431 2864 1431 2862 1431 2865 1432 2866 1432 2864 1432 2867 1433 2868 1433 2866 1433 2869 1434 2870 1434 2868 1434 2871 1435 2872 1435 2870 1435 2873 1436 2874 1436 2872 1436 2875 1437 2876 1437 2874 1437 2877 1438 2878 1438 2876 1438 2879 1439 2880 1439 2878 1439 2881 1440 2882 1440 2880 1440 2883 1441 2884 1441 2882 1441 2885 1442 2886 1442 2884 1442 2887 1443 2888 1443 2886 1443 2889 1444 2890 1444 2888 1444 2891 1445 2892 1445 2890 1445 2893 1446 2894 1446 2892 1446 2895 1447 2896 1447 2894 1447 2897 1448 2898 1448 2896 1448 2899 1449 2900 1449 2898 1449 2901 1450 2902 1450 2900 1450 2903 1451 2904 1451 2902 1451 2905 1452 2906 1452 2904 1452 2907 1453 2908 1453 2906 1453 2909 1454 2910 1454 2908 1454 2911 1455 2912 1455 2910 1455 2913 1456 2914 1456 2912 1456 2915 1457 2916 1457 2914 1457 2917 1458 2918 1458 2916 1458 2919 1459 2920 1459 2918 1459 2921 1460 2922 1460 2920 1460 2923 1461 2924 1461 2922 1461 2925 1462 2926 1462 2924 1462 2927 1463 2928 1463 2926 1463 2929 1464 2930 1464 2928 1464 2931 1465 2932 1465 2930 1465 2933 1466 2934 1466 2932 1466 2935 1467 2936 1467 2934 1467 2937 1468 2938 1468 2936 1468 2939 1469 2940 1469 2938 1469 2941 1470 2942 1470 2940 1470 2943 1471 2944 1471 2942 1471 2945 1472 2946 1472 2944 1472 2947 1473 2948 1473 2946 1473 2949 1474 2950 1474 2948 1474 2951 1475 2952 1475 2950 1475 2953 1476 2954 1476 2952 1476 2955 1477 2956 1477 2954 1477 2957 1478 2958 1478 2956 1478 2959 1479 2960 1479 2958 1479 2961 1480 2962 1480 2960 1480 2963 1481 2964 1481 2962 1481 2965 1482 2966 1482 2964 1482 2967 1483 2968 1483 2966 1483 2969 1484 2970 1484 2968 1484 2971 1485 2972 1485 2970 1485 2973 1486 2974 1486 2972 1486 2975 1487 2976 1487 2974 1487 2977 1488 2978 1488 2976 1488 2979 1489 2980 1489 2978 1489 2981 1490 2982 1490 2980 1490 2983 1491 2984 1491 2982 1491 2985 1492 2986 1492 2984 1492 2987 1493 2988 1493 2986 1493 2989 1494 2990 1494 2988 1494 2991 1495 2992 1495 2990 1495 2993 1496 2994 1496 2992 1496 2995 1497 2996 1497 2994 1497 2997 1498 2998 1498 2996 1498 2999 1499 3000 1499 2998 1499 3001 1500 3002 1500 3000 1500 3003 1501 3004 1501 3002 1501 3005 1502 3006 1502 3004 1502 3007 1503 3008 1503 3006 1503 3009 1504 3010 1504 3008 1504 3011 1505 3012 1505 3010 1505 3013 1506 3014 1506 3012 1506 3015 1507 3016 1507 3014 1507 3017 1508 3018 1508 3016 1508 3019 1509 3020 1509 3018 1509 3021 1510 3022 1510 3020 1510 3023 1511 3024 1511 3022 1511 3025 1512 3026 1512 3024 1512 3027 1513 3028 1513 3026 1513 3029 1514 3030 1514 3028 1514 3031 1515 3032 1515 3030 1515 3033 1516 3034 1516 3032 1516 3035 1517 3036 1517 3034 1517 3037 1518 3038 1518 3036 1518 3039 1519 3040 1519 3038 1519 3041 1520 3042 1520 3040 1520 3043 1521 3044 1521 3042 1521 3045 1522 3046 1522 3044 1522 3047 1523 3048 1523 3046 1523 3049 1524 3050 1524 3048 1524 3051 1525 3052 1525 3050 1525 3053 1526 3054 1526 3052 1526 3055 1527 3056 1527 3054 1527 3057 1528 3058 1528 3056 1528 3059 1529 3060 1529 3058 1529 3061 1530 3062 1530 3060 1530 3063 1531 3064 1531 3062 1531 3065 1532 3066 1532 3064 1532 3067 1533 3068 1533 3066 1533 3069 1534 3070 1534 3068 1534 3071 1535 3072 1535 3070 1535 3073 1536 3074 1536 3072 1536 3075 1537 3076 1537 3074 1537 3077 1538 3078 1538 3076 1538 3079 1539 3080 1539 3078 1539 3081 1540 3082 1540 3080 1540 3083 1541 3084 1541 3082 1541 3085 1542 3086 1542 3084 1542 3087 1543 3088 1543 3086 1543 3089 1544 3090 1544 3088 1544 3091 1545 3092 1545 3090 1545 3093 1546 3094 1546 3092 1546 3095 1547 3096 1547 3094 1547 3097 1548 3098 1548 3096 1548 3099 1549 3100 1549 3098 1549 3101 1550 3102 1550 3100 1550 3103 1551 3104 1551 3102 1551 3105 1552 3106 1552 3104 1552 3107 1553 3108 1553 3106 1553 3109 1554 3110 1554 3108 1554 3111 1555 3112 1555 3110 1555 3113 1556 3114 1556 3112 1556 3115 1557 3116 1557 3114 1557 3117 1558 3118 1558 3116 1558 3119 1559 3120 1559 3118 1559 3121 1560 3122 1560 3120 1560 3123 1561 3124 1561 3122 1561 3125 1562 3126 1562 3124 1562 3127 1563 3128 1563 3126 1563 3129 1564 3130 1564 3128 1564 3131 1565 3132 1565 3130 1565 3133 1566 3134 1566 3132 1566 3135 1567 3136 1567 3134 1567 3137 1568 3138 1568 3136 1568 3139 1569 3140 1569 3138 1569 3141 1570 3142 1570 3140 1570 3143 1571 3144 1571 3142 1571 3145 1572 3146 1572 3144 1572 3147 1573 3148 1573 3146 1573 3149 1574 3150 1574 3148 1574 3151 1575 3152 1575 3150 1575 3153 1576 3154 1576 3152 1576 3155 1577 3156 1577 3154 1577 3157 1578 3158 1578 3156 1578 3159 1579 3160 1579 3158 1579 3161 1580 3162 1580 3160 1580 3163 1581 3164 1581 3162 1581 3165 1582 3166 1582 3164 1582 3167 1583 3168 1583 3166 1583 3169 1584 3170 1584 3168 1584 3171 1585 3172 1585 3170 1585 3173 1586 3174 1586 3172 1586 3175 1587 3176 1587 3174 1587 3177 1588 3178 1588 3176 1588 3179 1589 3180 1589 3178 1589 3181 1590 3182 1590 3180 1590 3183 1591 3184 1591 3182 1591 3185 1592 3186 1592 3184 1592 3187 1593 3188 1593 3186 1593 3189 1594 3190 1594 3188 1594 3191 1595 3192 1595 3190 1595 3193 1596 3194 1596 3192 1596 3195 1597 3196 1597 3194 1597 3197 1598 3198 1598 3196 1598 3199 1599 3200 1599 3198 1599 3201 1600 3202 1600 3200 1600 3203 1601 3204 1601 3202 1601 3205 1602 3206 1602 3204 1602 3207 1603 3208 1603 3206 1603 3209 1604 3210 1604 3208 1604 3211 1605 3212 1605 3210 1605 3213 1606 3214 1606 3212 1606 3215 1607 3216 1607 3214 1607 3217 1608 3218 1608 3216 1608 3219 1609 3220 1609 3218 1609 3221 1610 3222 1610 3220 1610 3223 1611 3224 1611 3222 1611 3225 1612 3226 1612 3224 1612 3227 1613 3228 1613 3226 1613 3229 1614 3230 1614 3228 1614 3231 1615 3232 1615 3230 1615 3233 1616 3234 1616 3232 1616 3235 1617 3236 1617 3234 1617 3237 1618 3238 1618 3236 1618 3239 1619 3240 1619 3238 1619 3241 1620 3242 1620 3240 1620 3243 1621 3244 1621 3242 1621 3245 1622 3246 1622 3244 1622 3247 1623 3248 1623 3246 1623 3249 1624 3250 1624 3248 1624 3251 1625 3252 1625 3250 1625 3253 1626 3254 1626 3252 1626 3255 1627 3256 1627 3254 1627 3257 1628 3258 1628 3256 1628 3259 1629 3260 1629 3258 1629 3261 1630 3262 1630 3260 1630 3263 1631 3264 1631 3262 1631 3265 1632 3266 1632 3264 1632 3267 1633 3268 1633 3266 1633 3269 1634 3270 1634 3268 1634 3271 1635 3272 1635 3270 1635 3273 1636 3274 1636 3272 1636 3275 1637 3276 1637 3274 1637 3277 1638 3278 1638 3276 1638 3279 1639 3280 1639 3278 1639 3281 1640 3282 1640 3280 1640 3283 1641 3284 1641 3282 1641 3285 1642 3286 1642 3284 1642 3287 1643 3288 1643 3286 1643 3289 1644 3290 1644 3288 1644 3291 1645 3292 1645 3290 1645 3293 1646 3294 1646 3292 1646 3295 1647 3296 1647 3294 1647 3297 1648 3298 1648 3296 1648 3299 1649 3300 1649 3298 1649 3301 1650 3302 1650 3300 1650 3303 1651 3304 1651 3302 1651 3305 1652 3306 1652 3304 1652 3307 1653 3308 1653 3306 1653 3309 1654 3310 1654 3308 1654 3311 1655 3312 1655 3310 1655 3313 1656 3314 1656 3312 1656 3315 1657 3316 1657 3314 1657 3317 1658 3318 1658 3316 1658 3319 1659 3320 1659 3318 1659 3321 1660 3322 1660 3320 1660 3323 1661 3324 1661 3322 1661 3325 1662 3326 1662 3324 1662 3327 1663 3328 1663 3326 1663 3329 1664 3330 1664 3328 1664 3331 1665 3332 1665 3330 1665 3333 1666 3334 1666 3332 1666 3335 1667 3336 1667 3334 1667 3337 1668 3338 1668 3336 1668 3339 1669 3340 1669 3338 1669 3341 1670 3342 1670 3340 1670 3343 1671 3344 1671 3342 1671 3345 1672 3346 1672 3344 1672 3347 1673 3348 1673 3346 1673 3349 1674 3350 1674 3348 1674 3351 1675 3352 1675 3350 1675 3353 1676 3354 1676 3352 1676 3355 1677 3356 1677 3354 1677 3357 1678 3358 1678 3356 1678 3359 1679 3360 1679 3358 1679 3361 1680 3362 1680 3360 1680 3363 1681 3364 1681 3362 1681 3365 1682 3366 1682 3364 1682 3367 1683 3368 1683 3366 1683 3369 1684 3370 1684 3368 1684 3371 1685 3372 1685 3370 1685 3373 1686 3374 1686 3372 1686 3375 1687 3376 1687 3374 1687 3377 1688 3378 1688 3376 1688 3379 1689 3380 1689 3378 1689 3381 1690 3382 1690 3380 1690 3383 1691 3384 1691 3382 1691 3385 1692 3386 1692 3384 1692 3387 1693 3388 1693 3386 1693 3389 1694 3390 1694 3388 1694 3391 1695 3392 1695 3390 1695 3393 1696 3394 1696 3392 1696 3395 1697 3396 1697 3394 1697 3397 1698 3398 1698 3396 1698 3399 1699 3400 1699 3398 1699 3401 1700 3402 1700 3400 1700 3403 1701 3404 1701 3402 1701 3405 1702 3406 1702 3404 1702 3407 1703 3408 1703 3406 1703 3409 1704 3410 1704 3408 1704 3411 1705 3412 1705 3410 1705 3413 1706 3414 1706 3412 1706 3415 1707 3416 1707 3414 1707 3417 1708 3418 1708 3416 1708 3419 1709 3420 1709 3418 1709 3421 1710 3422 1710 3420 1710 3423 1711 3424 1711 3422 1711 3425 1712 3426 1712 3424 1712 3427 1713 3428 1713 3426 1713 3429 1714 3430 1714 3428 1714 3431 1715 3432 1715 3430 1715 3433 1716 3434 1716 3432 1716 3435 1717 3436 1717 3434 1717 3437 1718 3438 1718 3436 1718 3439 1719 3440 1719 3438 1719 3441 1720 3442 1720 3440 1720 3443 1721 3444 1721 3442 1721 3445 1722 3446 1722 3444 1722 3447 1723 3448 1723 3446 1723 3449 1724 3450 1724 3448 1724 3451 1725 3452 1725 3450 1725 3453 1726 3454 1726 3452 1726 3455 1727 3456 1727 3454 1727 3457 1728 3458 1728 3456 1728 3459 1729 3460 1729 3458 1729 3461 1730 3462 1730 3460 1730 3463 1731 3464 1731 3462 1731 3465 1732 3466 1732 3464 1732 3467 1733 3468 1733 3466 1733 3469 1734 3470 1734 3468 1734 3471 1735 3472 1735 3470 1735 3473 1736 3474 1736 3472 1736 3475 1737 3476 1737 3474 1737 3477 1738 3478 1738 3476 1738 3479 1739 3480 1739 3478 1739 3481 1740 3482 1740 3480 1740 3483 1741 3484 1741 3482 1741 3485 1742 3486 1742 3484 1742 3487 1743 3488 1743 3486 1743 3489 1744 3490 1744 3488 1744 3491 1745 3492 1745 3490 1745 3493 1746 3494 1746 3492 1746 3495 1747 3496 1747 3494 1747 3497 1748 3498 1748 3496 1748 3499 1749 3500 1749 3498 1749 3501 1750 3502 1750 3500 1750 3503 1751 3504 1751 3502 1751 3505 1752 3506 1752 3504 1752 3507 1753 3508 1753 3506 1753 3509 1754 3510 1754 3508 1754 3511 1755 3512 1755 3510 1755 3513 1756 3514 1756 3512 1756 3515 1757 3516 1757 3514 1757 3517 1758 3518 1758 3516 1758 3519 1759 3520 1759 3518 1759 3521 1760 3522 1760 3520 1760 3523 1761 3524 1761 3522 1761 3525 1762 3526 1762 3524 1762 3527 1763 3528 1763 3526 1763 3529 1764 3530 1764 3528 1764 3531 1765 3532 1765 3530 1765 3533 1766 3534 1766 3532 1766 3535 1767 3536 1767 3534 1767 3537 1768 3538 1768 3536 1768 3539 1769 3540 1769 3538 1769 3541 1770 3542 1770 3540 1770 3543 1771 3544 1771 3542 1771 3545 1772 3546 1772 3544 1772 3547 1773 3548 1773 3546 1773 3549 1774 3550 1774 3548 1774 3551 1775 3552 1775 3550 1775 3553 1776 3554 1776 3552 1776 3555 1777 3556 1777 3554 1777 3557 1778 3558 1778 3556 1778 3559 1779 3560 1779 3558 1779 3561 1780 3562 1780 3560 1780 3563 1781 3564 1781 3562 1781 3565 1782 3566 1782 3564 1782 3567 1783 3568 1783 3566 1783 3569 1784 3570 1784 3568 1784 3571 1785 3572 1785 3570 1785 3573 1786 3574 1786 3572 1786 3575 1787 3576 1787 3574 1787 3577 1788 3578 1788 3576 1788 3579 1789 3580 1789 3578 1789 3581 1790 3582 1790 3580 1790 3583 1791 3584 1791 3582 1791 3585 1792 3586 1792 3584 1792 3587 1793 3588 1793 3586 1793 3589 1794 3590 1794 3588 1794 3591 1795 3592 1795 3590 1795 3593 1796 3594 1796 3592 1796 3595 1797 3596 1797 3594 1797 3597 1798 3598 1798 3596 1798 3599 1799 3600 1799 3598 1799 3601 1800 3602 1800 3600 1800 3603 1801 3604 1801 3602 1801 3605 1802 3606 1802 3604 1802 3607 1803 3608 1803 3606 1803 3609 1804 3610 1804 3608 1804 3611 1805 3612 1805 3610 1805 3613 1806 3614 1806 3612 1806 3615 1807 3616 1807 3614 1807 3617 1808 3618 1808 3616 1808 3619 1809 3620 1809 3618 1809 3621 1810 3622 1810 3620 1810 3623 1811 3624 1811 3622 1811 3625 1812 3626 1812 3624 1812 3627 1813 3628 1813 3626 1813 3629 1814 3630 1814 3628 1814 3631 1815 3632 1815 3630 1815 3633 1816 3634 1816 3632 1816 3635 1817 3636 1817 3634 1817 3637 1818 3638 1818 3636 1818 3639 1819 3640 1819 3638 1819 3641 1820 3642 1820 3640 1820 3643 1821 3644 1821 3642 1821 3645 1822 3646 1822 3644 1822 3647 1823 3648 1823 3646 1823 3649 1824 3650 1824 3648 1824 3651 1825 3652 1825 3650 1825 3653 1826 3654 1826 3652 1826 3655 1827 3656 1827 3654 1827 3657 1828 3658 1828 3656 1828 3659 1829 3660 1829 3658 1829 3661 1830 3662 1830 3660 1830 3663 1831 3664 1831 3662 1831 3665 1832 3666 1832 3664 1832 3667 1833 3668 1833 3666 1833 3669 1834 3670 1834 3668 1834 3671 1835 3672 1835 3670 1835 3673 1836 3674 1836 3672 1836 3675 1837 3676 1837 3674 1837 3677 1838 3678 1838 3676 1838 3679 1839 3680 1839 3678 1839 3681 1840 3682 1840 3680 1840 3683 1841 3684 1841 3682 1841 3685 1842 3686 1842 3684 1842 3687 1843 3688 1843 3686 1843 3689 1844 3690 1844 3688 1844 3691 1845 3692 1845 3690 1845 3693 1846 3694 1846 3692 1846 3695 1847 3696 1847 3694 1847 3697 1848 3698 1848 3696 1848 3699 1849 3700 1849 3698 1849 3701 1850 3702 1850 3700 1850 3703 1851 3704 1851 3702 1851 3705 1852 3706 1852 3704 1852 3707 1853 3708 1853 3706 1853 3709 1854 3710 1854 3708 1854 3711 1855 3712 1855 3710 1855 3713 1856 3714 1856 3712 1856 3715 1857 3716 1857 3714 1857 3717 1858 3718 1858 3716 1858 3719 1859 3720 1859 3718 1859 3721 1860 3722 1860 3720 1860 3723 1861 3724 1861 3722 1861 3725 1862 3726 1862 3724 1862 3727 1863 3728 1863 3726 1863 3729 1864 3730 1864 3728 1864 3731 1865 3732 1865 3730 1865 3733 1866 3734 1866 3732 1866 3735 1867 3736 1867 3734 1867 3737 1868 3738 1868 3736 1868 3739 1869 3740 1869 3738 1869 3741 1870 3742 1870 3740 1870 3743 1871 3744 1871 3742 1871 3745 1872 3746 1872 3744 1872 3747 1873 3748 1873 3746 1873 3749 1874 3750 1874 3748 1874 3751 1875 3752 1875 3750 1875 3753 1876 3754 1876 3752 1876 3755 1877 3756 1877 3754 1877 3757 1878 3758 1878 3756 1878 3759 1879 3760 1879 3758 1879 3761 1880 3762 1880 3760 1880 3763 1881 3764 1881 3762 1881 3765 1882 3766 1882 3764 1882 3767 1883 3768 1883 3766 1883 3769 1884 3770 1884 3768 1884 3771 1885 3772 1885 3770 1885 3773 1886 3774 1886 3772 1886 3775 1887 3776 1887 3774 1887 3777 1888 3778 1888 3776 1888 3779 1889 3780 1889 3778 1889 3781 1890 3782 1890 3780 1890 3783 1891 3784 1891 3782 1891 3785 1892 3786 1892 3784 1892 3787 1893 3788 1893 3786 1893 3789 1894 3790 1894 3788 1894 3791 1895 3792 1895 3790 1895 3793 1896 3794 1896 3792 1896 3795 1897 3796 1897 3794 1897 3797 1898 3798 1898 3796 1898 3799 1899 3800 1899 3798 1899 3801 1900 3802 1900 3800 1900 3803 1901 3804 1901 3802 1901 3805 1902 3806 1902 3804 1902 3807 1903 3808 1903 3806 1903 3809 1904 3810 1904 3808 1904 3811 1905 3812 1905 3810 1905 3813 1906 3814 1906 3812 1906 3815 1907 3816 1907 3814 1907 3817 1908 3818 1908 3816 1908 3819 1909 3820 1909 3818 1909 3821 1910 3822 1910 3820 1910 3823 1911 3824 1911 3822 1911 3825 1912 3826 1912 3824 1912 3827 1913 3828 1913 3826 1913 3829 1914 3830 1914 3828 1914 3831 1915 3832 1915 3830 1915 3833 1916 3834 1916 3832 1916 3835 1917 3836 1917 3834 1917 3837 1918 3838 1918 3836 1918 3839 1919 3840 1919 3838 1919 3841 1920 3842 1920 3840 1920 3843 1921 3844 1921 3842 1921 3845 1922 3846 1922 3844 1922 3847 1923 3848 1923 3846 1923 3849 1924 3850 1924 3848 1924 3851 1925 3852 1925 3850 1925 3853 1926 3854 1926 3852 1926 3855 1927 3856 1927 3854 1927 3857 1928 3858 1928 3856 1928 3859 1929 3860 1929 3858 1929 3861 1930 3862 1930 3860 1930 3863 1931 3864 1931 3862 1931 3865 1932 3866 1932 3864 1932 3867 1933 3868 1933 3866 1933 3869 1934 3870 1934 3868 1934 3871 1935 3872 1935 3870 1935 3873 1936 3874 1936 3872 1936 3875 1937 3876 1937 3874 1937 3877 1938 3878 1938 3876 1938 3879 1939 3880 1939 3878 1939 3881 1940 3882 1940 3880 1940 3883 1941 3884 1941 3882 1941 3885 1942 3886 1942 3884 1942 3887 1943 3888 1943 3886 1943 3889 1944 3890 1944 3888 1944 3891 1945 3892 1945 3890 1945 3893 1946 3894 1946 3892 1946 3895 1947 3896 1947 3894 1947 3897 1948 3898 1948 3896 1948 3899 1949 3900 1949 3898 1949 3901 1950 3902 1950 3900 1950 3903 1951 3904 1951 3902 1951 3905 1952 3906 1952 3904 1952 3907 1953 3908 1953 3906 1953 3909 1954 3910 1954 3908 1954 3911 1955 3912 1955 3910 1955 3913 1956 3914 1956 3912 1956 3915 1957 3916 1957 3914 1957 3917 1958 3918 1958 3916 1958 3919 1959 3920 1959 3918 1959 3921 1960 3922 1960 3920 1960 3923 1961 3924 1961 3922 1961 3925 1962 3926 1962 3924 1962 3927 1963 3928 1963 3926 1963 3929 1964 3930 1964 3928 1964 3931 1965 3932 1965 3930 1965 3933 1966 3934 1966 3932 1966 3935 1967 3936 1967 3934 1967 3937 1968 3938 1968 3936 1968 3939 1969 3940 1969 3938 1969 3941 1970 3942 1970 3940 1970 3943 1971 3944 1971 3942 1971 3945 1972 3946 1972 3944 1972 3947 1973 3948 1973 3946 1973 3949 1974 3950 1974 3948 1974 3951 1975 3952 1975 3950 1975 3953 1976 3954 1976 3952 1976 3955 1977 3956 1977 3954 1977 3957 1978 3958 1978 3956 1978 3959 1979 3960 1979 3958 1979 3961 1980 3962 1980 3960 1980 3963 1981 3964 1981 3962 1981 3965 1982 3966 1982 3964 1982 3967 1983 3968 1983 3966 1983 3969 1984 3970 1984 3968 1984 3971 1985 3972 1985 3970 1985 3973 1986 3974 1986 3972 1986 3975 1987 3976 1987 3974 1987 3977 1988 3978 1988 3976 1988 3979 1989 3980 1989 3978 1989 3981 1990 3982 1990 3980 1990 3983 1991 3984 1991 3982 1991 3985 1992 3986 1992 3984 1992 3987 1993 3988 1993 3986 1993 3989 1994 3990 1994 3988 1994 3991 1995 3992 1995 3990 1995 3993 1996 3994 1996 3992 1996 3995 1997 3996 1997 3994 1997 1637 1998 1125 1998 101 1998 3997 1999 3998 1999 3996 1999 3999 2000 0 2000 3998 2000 1854 2001 2878 2001 3902 2001 1 0 3 0 2 0 3 2002 5 2002 4 2002 5 2 7 2 6 2 7 2003 9 2003 8 2003 9 2004 11 2004 10 2004 11 2005 13 2005 12 2005 13 2006 15 2006 14 2006 15 2007 17 2007 16 2007 17 2008 19 2008 18 2008 19 9 21 9 20 9 21 10 23 10 22 10 23 11 25 11 24 11 25 2009 27 2009 26 2009 27 13 29 13 28 13 29 14 31 14 30 14 31 2010 33 2010 32 2010 33 2011 35 2011 34 2011 35 2012 37 2012 36 2012 37 2013 39 2013 38 2013 39 2014 41 2014 40 2014 41 2015 43 2015 42 2015 43 2016 45 2016 44 2016 45 2017 47 2017 46 2017 47 2018 49 2018 48 2018 49 24 51 24 50 24 51 2019 53 2019 52 2019 53 2020 55 2020 54 2020 55 2021 57 2021 56 2021 57 2022 59 2022 58 2022 59 29 61 29 60 29 61 2023 63 2023 62 2023 63 2024 65 2024 64 2024 65 32 67 32 66 32 67 2025 69 2025 68 2025 69 34 71 34 70 34 71 2026 73 2026 72 2026 73 2027 75 2027 74 2027 75 37 77 37 76 37 77 38 79 38 78 38 79 2028 81 2028 80 2028 81 2029 83 2029 82 2029 83 2030 85 2030 84 2030 85 2031 87 2031 86 2031 87 43 89 43 88 43 89 2032 91 2032 90 2032 91 2033 93 2033 92 2033 93 2034 95 2034 94 2034 95 2035 97 2035 96 2035 97 48 99 48 98 48 99 2036 101 2036 100 2036 101 50 103 50 102 50 103 51 105 51 104 51 105 52 107 52 106 52 107 53 109 53 108 53 109 2037 111 2037 110 2037 111 2038 113 2038 112 2038 113 56 115 56 114 56 115 2039 117 2039 116 2039 117 58 119 58 118 58 119 2040 121 2040 120 2040 121 2041 123 2041 122 2041 123 2042 125 2042 124 2042 125 2043 127 2043 126 2043 127 2044 129 2044 128 2044 129 2045 131 2045 130 2045 131 2046 133 2046 132 2046 133 66 135 66 134 66 135 2047 137 2047 136 2047 137 2048 139 2048 138 2048 139 69 141 69 140 69 141 70 143 70 142 70 143 2049 145 2049 144 2049 145 72 147 72 146 72 147 73 149 73 148 73 149 74 151 74 150 74 151 75 153 75 152 75 153 2050 155 2050 154 2050 155 77 157 77 156 77 157 78 159 78 158 78 159 2051 161 2051 160 2051 161 2052 163 2052 162 2052 163 81 165 81 164 81 165 82 167 82 166 82 167 83 169 83 168 83 169 84 171 84 170 84 171 85 173 85 172 85 173 2053 175 2053 174 2053 175 2054 177 2054 176 2054 177 88 179 88 178 88 179 89 181 89 180 89 181 2055 183 2055 182 2055 183 2056 185 2056 184 2056 185 92 187 92 186 92 187 2057 189 2057 188 2057 189 2058 191 2058 190 2058 191 2059 193 2059 192 2059 193 2060 195 2060 194 2060 195 97 197 97 196 97 197 2061 199 2061 198 2061 199 99 201 99 200 99 201 2062 203 2062 202 2062 203 101 205 101 204 101 205 2063 207 2063 206 2063 207 103 209 103 208 103 209 104 211 104 210 104 211 2064 213 2064 212 2064 213 2065 215 2065 214 2065 215 2066 217 2066 216 2066 217 2067 219 2067 218 2067 219 2068 221 2068 220 2068 221 2069 223 2069 222 2069 223 2070 225 2070 224 2070 225 112 227 112 226 112 227 2071 229 2071 228 2071 229 2072 231 2072 230 2072 231 2073 233 2073 232 2073 233 116 235 116 234 116 235 2074 237 2074 236 2074 237 2075 239 2075 238 2075 239 119 241 119 240 119 241 2076 243 2076 242 2076 243 121 245 121 244 121 245 2077 247 2077 246 2077 247 123 249 123 248 123 249 124 251 124 250 124 251 2078 253 2078 252 2078 253 2079 255 2079 254 2079 255 127 257 127 256 127 257 2080 259 2080 258 2080 259 2081 261 2081 260 2081 261 2082 263 2082 262 2082 263 131 265 131 264 131 265 2083 267 2083 266 2083 267 2084 269 2084 268 2084 269 2085 271 2085 270 2085 271 135 273 135 272 135 273 2086 275 2086 274 2086 275 2087 277 2087 276 2087 277 2088 279 2088 278 2088 279 2089 281 2089 280 2089 281 2090 283 2090 282 2090 283 2091 285 2091 284 2091 285 142 287 142 286 142 287 143 289 143 288 143 289 144 291 144 290 144 291 2092 293 2092 292 2092 293 2093 295 2093 294 2093 295 2094 297 2094 296 2094 297 2095 299 2095 298 2095 299 2096 301 2096 300 2096 301 2097 303 2097 302 2097 303 151 305 151 304 151 305 2098 307 2098 306 2098 307 2099 309 2099 308 2099 309 2100 311 2100 310 2100 311 2101 313 2101 312 2101 313 2102 315 2102 314 2102 315 2103 317 2103 316 2103 317 2104 319 2104 318 2104 319 159 321 159 320 159 321 2105 323 2105 322 2105 323 161 325 161 324 161 325 2106 327 2106 326 2106 327 163 329 163 328 163 329 2107 331 2107 330 2107 331 165 333 165 332 165 333 166 335 166 334 166 335 2108 337 2108 336 2108 337 2109 339 2109 338 2109 339 2110 341 2110 340 2110 341 170 343 170 342 170 343 2111 345 2111 344 2111 345 172 347 172 346 172 347 173 349 173 348 173 349 2112 351 2112 350 2112 351 2113 353 2113 352 2113 353 2114 355 2114 354 2114 355 2115 357 2115 356 2115 357 2116 359 2116 358 2116 359 2117 361 2117 360 2117 361 2118 363 2118 362 2118 363 2119 365 2119 364 2119 365 182 367 182 366 182 367 2120 369 2120 368 2120 369 2121 371 2121 370 2121 371 2122 373 2122 372 2122 373 186 375 186 374 186 375 187 377 187 376 187 377 2123 379 2123 378 2123 379 2124 381 2124 380 2124 381 2125 383 2125 382 2125 383 2126 385 2126 384 2126 385 192 387 192 386 192 387 2127 389 2127 388 2127 389 2128 391 2128 390 2128 391 2129 393 2129 392 2129 393 2130 395 2130 394 2130 395 197 397 197 396 197 397 2131 399 2131 398 2131 399 2132 401 2132 400 2132 401 2133 403 2133 402 2133 403 2134 405 2134 404 2134 405 202 407 202 406 202 407 2135 409 2135 408 2135 409 2136 411 2136 410 2136 411 2137 413 2137 412 2137 413 206 415 206 414 206 415 2138 417 2138 416 2138 417 208 419 208 418 208 419 2139 421 2139 420 2139 421 210 423 210 422 210 423 2140 425 2140 424 2140 425 2141 427 2141 426 2141 427 2142 429 2142 428 2142 429 2143 431 2143 430 2143 431 2144 433 2144 432 2144 433 2145 435 2145 434 2145 435 217 437 217 436 217 437 2146 439 2146 438 2146 439 2147 441 2147 440 2147 441 2148 443 2148 442 2148 443 2149 445 2149 444 2149 445 2150 447 2150 446 2150 447 223 449 223 448 223 449 2151 451 2151 450 2151 451 2152 453 2152 452 2152 453 2153 455 2153 454 2153 455 2154 457 2154 456 2154 457 2155 459 2155 458 2155 459 2156 461 2156 460 2156 461 2157 463 2157 462 2157 463 2158 465 2158 464 2158 465 2159 467 2159 466 2159 467 2160 469 2160 468 2160 469 234 471 234 470 234 471 2161 473 2161 472 2161 473 236 475 236 474 236 475 2162 477 2162 476 2162 477 2163 479 2163 478 2163 479 2164 481 2164 480 2164 481 2165 483 2165 482 2165 483 2166 485 2166 484 2166 485 2167 487 2167 486 2167 487 2168 489 2168 488 2168 489 2169 491 2169 490 2169 491 2170 493 2170 492 2170 493 2171 495 2171 494 2171 495 2172 497 2172 496 2172 497 248 499 248 498 248 499 249 501 249 500 249 501 2173 503 2173 502 2173 503 2174 505 2174 504 2174 505 2175 507 2175 506 2175 507 2176 509 2176 508 2176 509 2177 511 2177 510 2177 511 2178 513 2178 512 2178 513 2179 515 2179 514 2179 515 257 517 257 516 257 517 2180 519 2180 518 2180 519 2181 521 2181 520 2181 521 2182 523 2182 522 2182 523 2183 525 2183 524 2183 525 2184 527 2184 526 2184 527 2185 529 2185 528 2185 529 2186 531 2186 530 2186 531 2187 533 2187 532 2187 533 266 535 266 534 266 535 2188 537 2188 536 2188 537 268 539 268 538 268 539 269 541 269 540 269 541 2189 543 2189 542 2189 543 2190 545 2190 544 2190 545 2191 547 2191 546 2191 547 2192 549 2192 548 2192 549 2193 551 2193 550 2193 551 2194 553 2194 552 2194 553 2195 555 2195 554 2195 555 277 557 277 556 277 557 278 559 278 558 278 559 279 561 279 560 279 561 2196 563 2196 562 2196 563 281 565 281 564 281 565 282 567 282 566 282 567 283 569 283 568 283 569 284 571 284 570 284 571 2197 573 2197 572 2197 573 286 575 286 574 286 575 2198 577 2198 576 2198 577 2199 579 2199 578 2199 579 289 581 289 580 289 581 290 583 290 582 290 583 2200 585 2200 584 2200 585 2201 587 2201 586 2201 587 293 589 293 588 293 589 2202 591 2202 590 2202 591 2203 593 2203 592 2203 593 2204 595 2204 594 2204 595 2205 597 2205 596 2205 597 2206 599 2206 598 2206 599 2207 601 2207 600 2207 601 2208 603 2208 602 2208 603 2209 605 2209 604 2209 605 2210 607 2210 606 2210 607 2211 609 2211 608 2211 609 2212 611 2212 610 2212 611 305 613 305 612 305 613 2213 615 2213 614 2213 615 307 617 307 616 307 617 2214 619 2214 618 2214 619 309 621 309 620 309 621 310 623 310 622 310 623 311 625 311 624 311 625 2215 627 2215 626 2215 627 2216 629 2216 628 2216 629 2217 631 2217 630 2217 631 2218 633 2218 632 2218 633 2219 635 2219 634 2219 635 2220 637 2220 636 2220 637 2221 639 2221 638 2221 639 2222 641 2222 640 2222 641 2223 643 2223 642 2223 643 321 645 321 644 321 645 2224 647 2224 646 2224 647 2225 649 2225 648 2225 649 2226 651 2226 650 2226 651 2227 653 2227 652 2227 653 2228 655 2228 654 2228 655 327 657 327 656 327 657 2229 659 2229 658 2229 659 2230 661 2230 660 2230 661 2231 663 2231 662 2231 663 331 665 331 664 331 665 332 667 332 666 332 667 2232 669 2232 668 2232 669 2233 671 2233 670 2233 671 335 673 335 672 335 673 2234 675 2234 674 2234 675 337 677 337 676 337 677 2235 679 2235 678 2235 679 2236 681 2236 680 2236 681 340 683 340 682 340 683 2237 685 2237 684 2237 685 2238 687 2238 686 2238 687 2239 689 2239 688 2239 689 2240 691 2240 690 2240 691 345 693 345 692 345 693 2241 695 2241 694 2241 695 2242 697 2242 696 2242 697 348 699 348 698 348 699 349 701 349 700 349 701 350 703 350 702 350 703 351 705 351 704 351 705 352 707 352 706 352 707 353 709 353 708 353 709 2243 711 2243 710 2243 711 355 713 355 712 355 713 356 715 356 714 356 715 2244 717 2244 716 2244 717 2245 719 2245 718 2245 719 359 721 359 720 359 721 360 723 360 722 360 723 361 725 361 724 361 725 362 727 362 726 362 727 2246 729 2246 728 2246 729 2247 731 2247 730 2247 731 2248 733 2248 732 2248 733 366 735 366 734 366 735 367 737 367 736 367 737 2249 739 2249 738 2249 739 2250 741 2250 740 2250 741 370 743 370 742 370 743 371 745 371 744 371 745 372 747 372 746 372 747 2251 749 2251 748 2251 749 2252 751 2252 750 2252 751 2253 753 2253 752 2253 753 2254 755 2254 754 2254 755 377 757 377 756 377 757 378 759 378 758 378 759 2255 761 2255 760 2255 761 2256 763 2256 762 2256 763 381 765 381 764 381 765 2257 767 2257 766 2257 767 383 769 383 768 383 769 384 771 384 770 384 771 2258 773 2258 772 2258 773 2259 775 2259 774 2259 775 387 777 387 776 387 777 2260 779 2260 778 2260 779 389 781 389 780 389 781 2261 783 2261 782 2261 783 391 785 391 784 391 785 2262 787 2262 786 2262 787 393 789 393 788 393 789 2263 791 2263 790 2263 791 2264 793 2264 792 2264 793 2265 795 2265 794 2265 795 2266 797 2266 796 2266 797 398 799 398 798 398 799 2267 801 2267 800 2267 801 2268 803 2268 802 2268 803 2269 805 2269 804 2269 805 402 807 402 806 402 807 403 809 403 808 403 809 2270 811 2270 810 2270 811 405 813 405 812 405 813 406 815 406 814 406 815 2271 817 2271 816 2271 817 408 819 408 818 408 819 2272 821 2272 820 2272 821 2273 823 2273 822 2273 823 2274 825 2274 824 2274 825 412 827 412 826 412 827 2275 829 2275 828 2275 829 2276 831 2276 830 2276 831 2277 833 2277 832 2277 833 416 835 416 834 416 835 2278 837 2278 836 2278 837 418 839 418 838 418 839 2279 841 2279 840 2279 841 2280 843 2280 842 2280 843 2281 845 2281 844 2281 845 2282 847 2282 846 2282 847 423 849 423 848 423 849 2283 851 2283 850 2283 851 425 853 425 852 425 853 426 855 426 854 426 855 2284 857 2284 856 2284 857 2285 859 2285 858 2285 859 429 861 429 860 429 861 2286 863 2286 862 2286 863 2287 865 2287 864 2287 865 2288 867 2288 866 2288 867 2289 869 2289 868 2289 869 2290 871 2290 870 2290 871 2291 873 2291 872 2291 873 2292 875 2292 874 2292 875 2293 877 2293 876 2293 877 2294 879 2294 878 2294 879 2295 881 2295 880 2295 881 2296 883 2296 882 2296 883 441 885 441 884 441 885 442 887 442 886 442 887 2297 889 2297 888 2297 889 444 891 444 890 444 891 445 893 445 892 445 893 446 895 446 894 446 895 2298 897 2298 896 2298 897 448 899 448 898 448 899 2299 901 2299 900 2299 901 2300 903 2300 902 2300 903 451 905 451 904 451 905 452 907 452 906 452 907 2301 909 2301 908 2301 909 2302 911 2302 910 2302 911 2303 913 2303 912 2303 913 456 915 456 914 456 915 2304 917 2304 916 2304 917 2305 919 2305 918 2305 919 2306 921 2306 920 2306 921 460 923 460 922 460 923 461 925 461 924 461 925 462 927 462 926 462 927 463 929 463 928 463 929 464 931 464 930 464 931 2307 933 2307 932 2307 933 2308 935 2308 934 2308 935 2309 937 2309 936 2309 937 2310 939 2310 938 2310 939 2311 941 2311 940 2311 941 2312 943 2312 942 2312 943 2313 945 2313 944 2313 945 472 947 472 946 472 947 473 949 473 948 473 949 2314 951 2314 950 2314 951 2315 953 2315 952 2315 953 2316 955 2316 954 2316 955 2317 957 2317 956 2317 957 2318 959 2318 958 2318 959 479 961 479 960 479 961 2319 963 2319 962 2319 963 2320 965 2320 964 2320 965 2321 967 2321 966 2321 967 2322 969 2322 968 2322 969 484 971 484 970 484 971 485 973 485 972 485 973 486 975 486 974 486 975 487 977 487 976 487 977 488 979 488 978 488 979 2323 981 2323 980 2323 981 490 983 490 982 490 983 2324 985 2324 984 2324 985 492 987 492 986 492 987 2325 989 2325 988 2325 989 2326 991 2326 990 2326 991 2327 993 2327 992 2327 993 2328 995 2328 994 2328 995 497 997 497 996 497 997 2329 999 2329 998 2329 999 2330 1001 2330 1000 2330 1001 2331 1003 2331 1002 2331 1003 2332 1005 2332 1004 2332 1005 502 1007 502 1006 502 1007 2333 1009 2333 1008 2333 1009 2334 1011 2334 1010 2334 1011 505 1013 505 1012 505 1013 2335 1015 2335 1014 2335 1015 507 1017 507 1016 507 1017 508 1019 508 1018 508 1019 2336 1021 2336 1020 2336 1021 510 1023 510 1022 510 1023 2337 1025 2337 1024 2337 1025 2338 1027 2338 1026 2338 1027 513 1029 513 1028 513 1029 514 1031 514 1030 514 1031 515 1033 515 1032 515 1033 2339 1035 2339 1034 2339 1035 517 1037 517 1036 517 1037 2340 1039 2340 1038 2340 1039 2341 1041 2341 1040 2341 1041 2342 1043 2342 1042 2342 1043 2343 1045 2343 1044 2343 1045 2344 1047 2344 1046 2344 1047 523 1049 523 1048 523 1049 2345 1051 2345 1050 2345 1051 525 1053 525 1052 525 1053 526 1055 526 1054 526 1055 527 1057 527 1056 527 1057 2346 1059 2346 1058 2346 1059 2347 1061 2347 1060 2347 1061 2348 1063 2348 1062 2348 1063 2349 1065 2349 1064 2349 1065 2350 1067 2350 1066 2350 1067 2351 1069 2351 1068 2351 1069 2352 1071 2352 1070 2352 1071 2353 1073 2353 1072 2353 1073 2354 1075 2354 1074 2354 1075 537 1077 537 1076 537 1077 538 1079 538 1078 538 1079 539 1081 539 1080 539 1081 540 1083 540 1082 540 1083 2355 1085 2355 1084 2355 1085 2356 1087 2356 1086 2356 1087 543 1089 543 1088 543 1089 2357 1091 2357 1090 2357 1091 2358 1093 2358 1092 2358 1093 2359 1095 2359 1094 2359 1095 547 1097 547 1096 547 1097 548 1099 548 1098 548 1099 549 1101 549 1100 549 1101 550 1103 550 1102 550 1103 551 1105 551 1104 551 1105 2360 1107 2360 1106 2360 1107 2361 1109 2361 1108 2361 1109 2362 1111 2362 1110 2362 1111 555 1113 555 1112 555 1113 2363 1115 2363 1114 2363 1115 2364 1117 2364 1116 2364 1117 558 1119 558 1118 558 1119 2365 1121 2365 1120 2365 1121 2366 1123 2366 1122 2366 1123 561 1125 561 1124 561 1125 562 1127 562 1126 562 1127 2367 1129 2367 1128 2367 1129 2368 1131 2368 1130 2368 1131 565 1133 565 1132 565 1133 2369 1135 2369 1134 2369 1135 2370 1137 2370 1136 2370 1137 2371 1139 2371 1138 2371 1139 2372 1141 2372 1140 2372 1141 2373 1143 2373 1142 2373 1143 2374 1145 2374 1144 2374 1145 2375 1147 2375 1146 2375 1147 2376 1149 2376 1148 2376 1149 2377 1151 2377 1150 2377 1151 2378 1153 2378 1152 2378 1153 576 1155 576 1154 576 1155 2379 1157 2379 1156 2379 1157 578 1159 578 1158 578 1159 2380 1161 2380 1160 2380 1161 580 1163 580 1162 580 1163 2381 1165 2381 1164 2381 1165 2382 1167 2382 1166 2382 1167 583 1169 583 1168 583 1169 584 1171 584 1170 584 1171 585 1173 585 1172 585 1173 2383 1175 2383 1174 2383 1175 2384 1177 2384 1176 2384 1177 588 1179 588 1178 588 1179 2385 1181 2385 1180 2385 1181 590 1183 590 1182 590 1183 591 1185 591 1184 591 1185 592 1187 592 1186 592 1187 593 1189 593 1188 593 1189 2386 1191 2386 1190 2386 1191 595 1193 595 1192 595 1193 596 1195 596 1194 596 1195 597 1197 597 1196 597 1197 598 1199 598 1198 598 1199 2387 1201 2387 1200 2387 1201 600 1203 600 1202 600 1203 601 1205 601 1204 601 1205 2388 1207 2388 1206 2388 1207 2389 1209 2389 1208 2389 1209 604 1211 604 1210 604 1211 2390 1213 2390 1212 2390 1213 2391 1215 2391 1214 2391 1215 2392 1217 2392 1216 2392 1217 2393 1219 2393 1218 2393 1219 2394 1221 2394 1220 2394 1221 2395 1223 2395 1222 2395 1223 611 1225 611 1224 611 1225 612 1227 612 1226 612 1227 2396 1229 2396 1228 2396 1229 2397 1231 2397 1230 2397 1231 2398 1233 2398 1232 2398 1233 2399 1235 2399 1234 2399 1235 2400 1237 2400 1236 2400 1237 2401 1239 2401 1238 2401 1239 2402 1241 2402 1240 2402 1241 2403 1243 2403 1242 2403 1243 2404 1245 2404 1244 2404 1245 2405 1247 2405 1246 2405 1247 623 1249 623 1248 623 1249 624 1251 624 1250 624 1251 625 1253 625 1252 625 1253 2406 1255 2406 1254 2406 1255 627 1257 627 1256 627 1257 628 1259 628 1258 628 1259 2407 1261 2407 1260 2407 1261 2408 1263 2408 1262 2408 1263 2409 1265 2409 1264 2409 1265 2410 1267 2410 1266 2410 1267 2411 1269 2411 1268 2411 1269 2412 1271 2412 1270 2412 1271 635 1273 635 1272 635 1273 2413 1275 2413 1274 2413 1275 2414 1277 2414 1276 2414 1277 638 1279 638 1278 638 1279 639 1281 639 1280 639 1281 2415 1283 2415 1282 2415 1283 2416 1285 2416 1284 2416 1285 2417 1287 2417 1286 2417 1287 2418 1289 2418 1288 2418 1289 2419 1291 2419 1290 2419 1291 2420 1293 2420 1292 2420 1293 2421 1295 2421 1294 2421 1295 647 1297 647 1296 647 1297 648 1299 648 1298 648 1299 2422 1301 2422 1300 2422 1301 650 1303 650 1302 650 1303 651 1305 651 1304 651 1305 2423 1307 2423 1306 2423 1307 2424 1309 2424 1308 2424 1309 654 1311 654 1310 654 1311 2425 1313 2425 1312 2425 1313 656 1315 656 1314 656 1315 2426 1317 2426 1316 2426 1317 2427 1319 2427 1318 2427 1319 659 1321 659 1320 659 1321 660 1323 660 1322 660 1323 661 1325 661 1324 661 1325 2428 1327 2428 1326 2428 1327 663 1329 663 1328 663 1329 664 1331 664 1330 664 1331 665 1333 665 1332 665 1333 2429 1335 2429 1334 2429 1335 2430 1337 2430 1336 2430 1337 2431 1339 2431 1338 2431 1339 2432 1341 2432 1340 2432 1341 2433 1343 2433 1342 2433 1343 2434 1345 2434 1344 2434 1345 2435 1347 2435 1346 2435 1347 673 1349 673 1348 673 1349 2436 1351 2436 1350 2436 1351 2437 1353 2437 1352 2437 1353 676 1355 676 1354 676 1355 2438 1357 2438 1356 2438 1357 2439 1359 2439 1358 2439 1359 2440 1361 2440 1360 2440 1361 2441 1363 2441 1362 2441 1363 681 1365 681 1364 681 1365 2442 1367 2442 1366 2442 1367 2443 1369 2443 1368 2443 1369 684 1371 684 1370 684 1371 2444 1373 2444 1372 2444 1373 2445 1375 2445 1374 2445 1375 2446 1377 2446 1376 2446 1377 2447 1379 2447 1378 2447 1379 2448 1381 2448 1380 2448 1381 2449 1383 2449 1382 2449 1383 691 1385 691 1384 691 1385 692 1387 692 1386 692 1387 2450 1389 2450 1388 2450 1389 2451 1391 2451 1390 2451 1391 2452 1393 2452 1392 2452 1393 696 1395 696 1394 696 1395 2453 1397 2453 1396 2453 1397 698 1399 698 1398 698 1399 2454 1401 2454 1400 2454 1401 2455 1403 2455 1402 2455 1403 2456 1405 2456 1404 2456 1405 702 1407 702 1406 702 1407 703 1409 703 1408 703 1409 704 1411 704 1410 704 1411 705 1413 705 1412 705 1413 2457 1415 2457 1414 2457 1415 707 1417 707 1416 707 1417 2458 1419 2458 1418 2458 1419 2459 1421 2459 1420 2459 1421 710 1423 710 1422 710 1423 711 1425 711 1424 711 1425 2460 1427 2460 1426 2460 1427 2461 1429 2461 1428 2461 1429 714 1431 714 1430 714 1431 2462 1433 2462 1432 2462 1433 2463 1435 2463 1434 2463 1435 2464 1437 2464 1436 2464 1437 2465 1439 2465 1438 2465 1439 719 1441 719 1440 719 1441 2466 1443 2466 1442 2466 1443 721 1445 721 1444 721 1445 2467 1447 2467 1446 2467 1447 2468 1449 2468 1448 2468 1449 724 1451 724 1450 724 1451 2469 1453 2469 1452 2469 1453 2470 1455 2470 1454 2470 1455 2471 1457 2471 1456 2471 1457 728 1459 728 1458 728 1459 2472 1461 2472 1460 2472 1461 730 1463 730 1462 730 1463 2473 1465 2473 1464 2473 1465 2474 1467 2474 1466 2474 1467 733 1469 733 1468 733 1469 2475 1471 2475 1470 2475 1471 735 1473 735 1472 735 1473 2476 1475 2476 1474 2476 1475 2477 1477 2477 1476 2477 1477 2478 1479 2478 1478 2478 1479 2479 1481 2479 1480 2479 1481 2480 1483 2480 1482 2480 1483 2481 1485 2481 1484 2481 1485 742 1487 742 1486 742 1487 743 1489 743 1488 743 1489 744 1491 744 1490 744 1491 2482 1493 2482 1492 2482 1493 2483 1495 2483 1494 2483 1495 2484 1497 2484 1496 2484 1497 2485 1499 2485 1498 2485 1499 2486 1501 2486 1500 2486 1501 750 1503 750 1502 750 1503 751 1505 751 1504 751 1505 752 1507 752 1506 752 1507 2487 1509 2487 1508 2487 1509 2488 1511 2488 1510 2488 1511 755 1513 755 1512 755 1513 2489 1515 2489 1514 2489 1515 757 1517 757 1516 757 1517 2490 1519 2490 1518 2490 1519 759 1521 759 1520 759 1521 760 1523 760 1522 760 1523 761 1525 761 1524 761 1525 2491 1527 2491 1526 2491 1527 763 1529 763 1528 763 1529 2492 1531 2492 1530 2492 1531 2493 1533 2493 1532 2493 1533 2494 1535 2494 1534 2494 1535 2495 1537 2495 1536 2495 1537 2496 1539 2496 1538 2496 1539 2497 1541 2497 1540 2497 1541 770 1543 770 1542 770 1543 2498 1545 2498 1544 2498 1545 772 1547 772 1546 772 1547 773 1549 773 1548 773 1549 774 1551 774 1550 774 1551 775 1553 775 1552 775 1553 2499 1555 2499 1554 2499 1555 2500 1557 2500 1556 2500 1557 2501 1559 2501 1558 2501 1559 2502 1561 2502 1560 2502 1561 780 1563 780 1562 780 1563 2503 1565 2503 1564 2503 1565 782 1567 782 1566 782 1567 783 1569 783 1568 783 1569 784 1571 784 1570 784 1571 785 1573 785 1572 785 1573 2504 1575 2504 1574 2504 1575 2505 1577 2505 1576 2505 1577 2506 1579 2506 1578 2506 1579 789 1581 789 1580 789 1581 2507 1583 2507 1582 2507 1583 791 1585 791 1584 791 1585 792 1587 792 1586 792 1587 793 1589 793 1588 793 1589 2508 1591 2508 1590 2508 1591 795 1593 795 1592 795 1593 2509 1595 2509 1594 2509 1595 2510 1597 2510 1596 2510 1597 2511 1599 2511 1598 2511 1599 2512 1601 2512 1600 2512 1601 800 1603 800 1602 800 1603 801 1605 801 1604 801 1605 802 1607 802 1606 802 1607 2513 1609 2513 1608 2513 1609 2514 1611 2514 1610 2514 1611 2515 1613 2515 1612 2515 1613 806 1615 806 1614 806 1615 2516 1617 2516 1616 2516 1617 808 1619 808 1618 808 1619 2517 1621 2517 1620 2517 1621 2518 1623 2518 1622 2518 1623 2519 1625 2519 1624 2519 1625 812 1627 812 1626 812 1627 2520 1629 2520 1628 2520 1629 814 1631 814 1630 814 1631 2521 1633 2521 1632 2521 1633 816 1635 816 1634 816 1635 817 1637 817 1636 817 1637 2522 1639 2522 1638 2522 1639 2523 1641 2523 1640 2523 1641 2524 1643 2524 1642 2524 1643 2525 1645 2525 1644 2525 1645 2526 1647 2526 1646 2526 1647 2527 1649 2527 1648 2527 1649 2528 1651 2528 1650 2528 1651 825 1653 825 1652 825 1653 2529 1655 2529 1654 2529 1655 2530 1657 2530 1656 2530 1657 2531 1659 2531 1658 2531 1659 829 1661 829 1660 829 1661 2532 1663 2532 1662 2532 1663 831 1665 831 1664 831 1665 2533 1667 2533 1666 2533 1667 2534 1669 2534 1668 2534 1669 834 1671 834 1670 834 1671 2535 1673 2535 1672 2535 1673 2536 1675 2536 1674 2536 1675 2537 1677 2537 1676 2537 1677 838 1679 838 1678 838 1679 2538 1681 2538 1680 2538 1681 2539 1683 2539 1682 2539 1683 2540 1685 2540 1684 2540 1685 842 1687 842 1686 842 1687 2541 1689 2541 1688 2541 1689 2542 1691 2542 1690 2542 1691 2543 1693 2543 1692 2543 1693 846 1695 846 1694 846 1695 2544 1697 2544 1696 2544 1697 848 1699 848 1698 848 1699 849 1701 849 1700 849 1701 850 1703 850 1702 850 1703 851 1705 851 1704 851 1705 2545 1707 2545 1706 2545 1707 853 1709 853 1708 853 1709 854 1711 854 1710 854 1711 855 1713 855 1712 855 1713 2546 1715 2546 1714 2546 1715 2547 1717 2547 1716 2547 1717 858 1719 858 1718 858 1719 2548 1721 2548 1720 2548 1721 2549 1723 2549 1722 2549 1723 861 1725 861 1724 861 1725 2550 1727 2550 1726 2550 1727 863 1729 863 1728 863 1729 2551 1731 2551 1730 2551 1731 2552 1733 2552 1732 2552 1733 2553 1735 2553 1734 2553 1735 867 1737 867 1736 867 1737 868 1739 868 1738 868 1739 2554 1741 2554 1740 2554 1741 2555 1743 2555 1742 2555 1743 2556 1745 2556 1744 2556 1745 2557 1747 2557 1746 2557 1747 2558 1749 2558 1748 2558 1749 2559 1751 2559 1750 2559 1751 875 1753 875 1752 875 1753 876 1755 876 1754 876 1755 2560 1757 2560 1756 2560 1757 878 1759 878 1758 878 1759 2561 1761 2561 1760 2561 1761 880 1763 880 1762 880 1763 2562 1765 2562 1764 2562 1765 2563 1767 2563 1766 2563 1767 2564 1769 2564 1768 2564 1769 2565 1771 2565 1770 2565 1771 2566 1773 2566 1772 2566 1773 2567 1775 2567 1774 2567 1775 2568 1777 2568 1776 2568 1777 2569 1779 2569 1778 2569 1779 2570 1781 2570 1780 2570 1781 2571 1783 2571 1782 2571 1783 2572 1785 2572 1784 2572 1785 2573 1787 2573 1786 2573 1787 893 1789 893 1788 893 1789 894 1791 894 1790 894 1791 2574 1793 2574 1792 2574 1793 896 1795 896 1794 896 1795 2575 1797 2575 1796 2575 1797 2576 1799 2576 1798 2576 1799 899 1801 899 1800 899 1801 2577 1803 2577 1802 2577 1803 2578 1805 2578 1804 2578 1805 902 1807 902 1806 902 1807 903 1809 903 1808 903 1809 904 1811 904 1810 904 1811 905 1813 905 1812 905 1813 2579 1815 2579 1814 2579 1815 907 1817 907 1816 907 1817 908 1819 908 1818 908 1819 2580 1821 2580 1820 2580 1821 2581 1823 2581 1822 2581 1823 911 1825 911 1824 911 1825 912 1827 912 1826 912 1827 2582 1829 2582 1828 2582 1829 2583 1831 2583 1830 2583 1831 2584 1833 2584 1832 2584 1833 2585 1835 2585 1834 2585 1835 917 1837 917 1836 917 1837 918 1839 918 1838 918 1839 919 1841 919 1840 919 1841 2586 1843 2586 1842 2586 1843 921 1845 921 1844 921 1845 922 1847 922 1846 922 1847 923 1849 923 1848 923 1849 924 1851 924 1850 924 1851 925 1853 925 1852 925 1853 2587 1855 2587 1854 2587 1855 2588 1857 2588 1856 2588 1857 2589 1859 2589 1858 2589 1859 929 1861 929 1860 929 1861 930 1863 930 1862 930 1863 931 1865 931 1864 931 1865 2590 1867 2590 1866 2590 1867 933 1869 933 1868 933 1869 934 1871 934 1870 934 1871 935 1873 935 1872 935 1873 936 1875 936 1874 936 1875 937 1877 937 1876 937 1877 938 1879 938 1878 938 1879 2591 1881 2591 1880 2591 1881 940 1883 940 1882 940 1883 941 1885 941 1884 941 1885 942 1887 942 1886 942 1887 2592 1889 2592 1888 2592 1889 2593 1891 2593 1890 2593 1891 2594 1893 2594 1892 2594 1893 2595 1895 2595 1894 2595 1895 2596 1897 2596 1896 2596 1897 2597 1899 2597 1898 2597 1899 2598 1901 2598 1900 2598 1901 2599 1903 2599 1902 2599 1903 951 1905 951 1904 951 1905 952 1907 952 1906 952 1907 2600 1909 2600 1908 2600 1909 954 1911 954 1910 954 1911 2601 1913 2601 1912 2601 1913 2602 1915 2602 1914 2602 1915 957 1917 957 1916 957 1917 2603 1919 2603 1918 2603 1919 959 1921 959 1920 959 1921 2604 1923 2604 1922 2604 1923 2605 1925 2605 1924 2605 1925 962 1927 962 1926 962 1927 963 1929 963 1928 963 1929 2606 1931 2606 1930 2606 1931 965 1933 965 1932 965 1933 966 1935 966 1934 966 1935 967 1937 967 1936 967 1937 2607 1939 2607 1938 2607 1939 969 1941 969 1940 969 1941 2608 1943 2608 1942 2608 1943 971 1945 971 1944 971 1945 972 1947 972 1946 972 1947 973 1949 973 1948 973 1949 974 1951 974 1950 974 1951 2609 1953 2609 1952 2609 1953 976 1955 976 1954 976 1955 977 1957 977 1956 977 1957 2610 1959 2610 1958 2610 1959 979 1961 979 1960 979 1961 2611 1963 2611 1962 2611 1963 981 1965 981 1964 981 1965 2612 1967 2612 1966 2612 1967 983 1969 983 1968 983 1969 2613 1971 2613 1970 2613 1971 985 1973 985 1972 985 1973 2614 1975 2614 1974 2614 1975 2615 1977 2615 1976 2615 1977 2616 1979 2616 1978 2616 1979 2617 1981 2617 1980 2617 1981 2618 1983 2618 1982 2618 1983 2619 1985 2619 1984 2619 1985 2620 1987 2620 1986 2620 1987 2621 1989 2621 1988 2621 1989 2622 1991 2622 1990 2622 1991 2623 1993 2623 1992 2623 1993 2624 1995 2624 1994 2624 1995 2625 1997 2625 1996 2625 1997 2626 1999 2626 1998 2626 1999 2627 2001 2627 2000 2627 2001 2628 2003 2628 2002 2628 2003 2629 2005 2629 2004 2629 2005 2630 2007 2630 2006 2630 2007 2631 2009 2631 2008 2631 2009 2632 2011 2632 2010 2632 2011 1005 2013 1005 2012 1005 2013 2633 2015 2633 2014 2633 2015 2634 2017 2634 2016 2634 2017 2635 2019 2635 2018 2635 2019 2636 2021 2636 2020 2636 2021 2637 2023 2637 2022 2637 2023 1011 2025 1011 2024 1011 2025 1012 2027 1012 2026 1012 2027 1013 2029 1013 2028 1013 2029 1014 2031 1014 2030 1014 2031 2638 2033 2638 2032 2638 2033 2639 2035 2639 2034 2639 2035 2640 2037 2640 2036 2640 2037 1018 2039 1018 2038 1018 2039 2641 2041 2641 2040 2641 2041 1020 2043 1020 2042 1020 2043 2642 2045 2642 2044 2642 2045 1022 2047 1022 2046 1022 2047 2643 2049 2643 2048 2643 2049 2644 2051 2644 2050 2644 2051 2645 2053 2645 2052 2645 2053 2646 2055 2646 2054 2646 2055 2647 2057 2647 2056 2647 2057 2648 2059 2648 2058 2648 2059 2649 2061 2649 2060 2649 2061 2650 2063 2650 2062 2650 2063 1031 2065 1031 2064 1031 2065 2651 2067 2651 2066 2651 2067 2652 2069 2652 2068 2652 2069 2653 2071 2653 2070 2653 2071 2654 2073 2654 2072 2654 2073 1036 2075 1036 2074 1036 2075 2655 2077 2655 2076 2655 2077 2656 2079 2656 2078 2656 2079 2657 2081 2657 2080 2657 2081 1040 2083 1040 2082 1040 2083 2658 2085 2658 2084 2658 2085 2659 2087 2659 2086 2659 2087 1043 2089 1043 2088 1043 2089 2660 2091 2660 2090 2660 2091 1045 2093 1045 2092 1045 2093 2661 2095 2661 2094 2661 2095 1047 2097 1047 2096 1047 2097 2662 2099 2662 2098 2662 2099 2663 2101 2663 2100 2663 2101 2664 2103 2664 2102 2664 2103 2665 2105 2665 2104 2665 2105 1052 2107 1052 2106 1052 2107 2666 2109 2666 2108 2666 2109 2667 2111 2667 2110 2667 2111 2668 2113 2668 2112 2668 2113 2669 2115 2669 2114 2669 2115 2670 2117 2670 2116 2670 2117 2671 2119 2671 2118 2671 2119 2672 2121 2672 2120 2672 2121 2673 2123 2673 2122 2673 2123 1061 2125 1061 2124 1061 2125 1062 2127 1062 2126 1062 2127 2674 2129 2674 2128 2674 2129 1064 2131 1064 2130 1064 2131 1065 2133 1065 2132 1065 2133 2675 2135 2675 2134 2675 2135 2676 2137 2676 2136 2676 2137 1068 2139 1068 2138 1068 2139 2677 2141 2677 2140 2677 2141 1070 2143 1070 2142 1070 2143 1071 2145 1071 2144 1071 2145 2678 2147 2678 2146 2678 2147 2679 2149 2679 2148 2679 2149 1074 2151 1074 2150 1074 2151 1075 2153 1075 2152 1075 2153 2680 2155 2680 2154 2680 2155 1077 2157 1077 2156 1077 2157 1078 2159 1078 2158 1078 2159 2681 2161 2681 2160 2681 2161 2682 2163 2682 2162 2682 2163 2683 2165 2683 2164 2683 2165 1082 2167 1082 2166 1082 2167 1083 2169 1083 2168 1083 2169 1084 2171 1084 2170 1084 2171 1085 2173 1085 2172 1085 2173 2684 2175 2684 2174 2684 2175 1087 2177 1087 2176 1087 2177 1088 2179 1088 2178 1088 2179 1089 2181 1089 2180 1089 2181 2685 2183 2685 2182 2685 2183 1091 2185 1091 2184 1091 2185 1092 2187 1092 2186 1092 2187 2686 2189 2686 2188 2686 2189 1094 2191 1094 2190 1094 2191 1095 2193 1095 2192 1095 2193 1096 2195 1096 2194 1096 2195 2687 2197 2687 2196 2687 2197 2688 2199 2688 2198 2688 2199 2689 2201 2689 2200 2689 2201 1100 2203 1100 2202 1100 2203 2690 2205 2690 2204 2690 2205 2691 2207 2691 2206 2691 2207 1103 2209 1103 2208 1103 2209 2692 2211 2692 2210 2692 2211 2693 2213 2693 2212 2693 2213 1106 2215 1106 2214 1106 2215 2694 2217 2694 2216 2694 2217 2695 2219 2695 2218 2695 2219 2696 2221 2696 2220 2696 2221 2697 2223 2697 2222 2697 2223 2698 2225 2698 2224 2698 2225 2699 2227 2699 2226 2699 2227 1113 2229 1113 2228 1113 2229 2700 2231 2700 2230 2700 2231 2701 2233 2701 2232 2701 2233 2702 2235 2702 2234 2702 2235 1117 2237 1117 2236 1117 2237 2703 2239 2703 2238 2703 2239 2704 2241 2704 2240 2704 2241 2705 2243 2705 2242 2705 2243 2706 2245 2706 2244 2706 2245 2707 2247 2707 2246 2707 2247 2708 2249 2708 2248 2708 2249 2709 2251 2709 2250 2709 2251 1125 2253 1125 2252 1125 2253 2710 2255 2710 2254 2710 2255 1127 2257 1127 2256 1127 2257 2711 2259 2711 2258 2711 2259 2712 2261 2712 2260 2712 2261 2713 2263 2713 2262 2713 2263 2714 2265 2714 2264 2714 2265 2715 2267 2715 2266 2715 2267 2716 2269 2716 2268 2716 2269 2717 2271 2717 2270 2717 2271 2718 2273 2718 2272 2718 2273 1136 2275 1136 2274 1136 2275 1137 2277 1137 2276 1137 2277 2719 2279 2719 2278 2719 2279 2720 2281 2720 2280 2720 2281 2721 2283 2721 2282 2721 2283 2722 2285 2722 2284 2722 2285 2723 2287 2723 2286 2723 2287 2724 2289 2724 2288 2724 2289 1144 2291 1144 2290 1144 2291 1145 2293 1145 2292 1145 2293 1146 2295 1146 2294 1146 2295 2725 2297 2725 2296 2725 2297 1148 2299 1148 2298 1148 2299 1149 2301 1149 2300 1149 2301 2726 2303 2726 2302 2726 2303 2727 2305 2727 2304 2727 2305 2728 2307 2728 2306 2728 2307 1153 2309 1153 2308 1153 2309 1154 2311 1154 2310 1154 2311 2729 2313 2729 2312 2729 2313 1156 2315 1156 2314 1156 2315 1157 2317 1157 2316 1157 2317 1158 2319 1158 2318 1158 2319 2730 2321 2730 2320 2730 2321 1160 2323 1160 2322 1160 2323 1161 2325 1161 2324 1161 2325 2731 2327 2731 2326 2731 2327 1163 2329 1163 2328 1163 2329 1164 2331 1164 2330 1164 2331 2732 2333 2732 2332 2732 2333 1166 2335 1166 2334 1166 2335 2733 2337 2733 2336 2733 2337 2734 2339 2734 2338 2734 2339 2735 2341 2735 2340 2735 2341 2736 2343 2736 2342 2736 2343 2737 2345 2737 2344 2737 2345 2738 2347 2738 2346 2738 2347 2739 2349 2739 2348 2739 2349 1174 2351 1174 2350 1174 2351 2740 2353 2740 2352 2740 2353 1176 2355 1176 2354 1176 2355 1177 2357 1177 2356 1177 2357 2741 2359 2741 2358 2741 2359 2742 2361 2742 2360 2742 2361 2743 2363 2743 2362 2743 2363 1181 2365 1181 2364 1181 2365 2744 2367 2744 2366 2744 2367 1183 2369 1183 2368 1183 2369 1184 2371 1184 2370 1184 2371 2745 2373 2745 2372 2745 2373 2746 2375 2746 2374 2746 2375 1187 2377 1187 2376 1187 2377 2747 2379 2747 2378 2747 2379 1189 2381 1189 2380 1189 2381 2748 2383 2748 2382 2748 2383 2749 2385 2749 2384 2749 2385 2750 2387 2750 2386 2750 2387 2751 2389 2751 2388 2751 2389 1194 2391 1194 2390 1194 2391 2752 2393 2752 2392 2752 2393 2753 2395 2753 2394 2753 2395 1197 2397 1197 2396 1197 2397 2754 2399 2754 2398 2754 2399 2755 2401 2755 2400 2755 2401 2756 2403 2756 2402 2756 2403 1201 2405 1201 2404 1201 2405 2757 2407 2757 2406 2757 2407 1203 2409 1203 2408 1203 2409 1204 2411 1204 2410 1204 2411 1205 2413 1205 2412 1205 2413 1206 2415 1206 2414 1206 2415 1207 2417 1207 2416 1207 2417 1208 2419 1208 2418 1208 2419 2758 2421 2758 2420 2758 2421 2759 2423 2759 2422 2759 2423 2760 2425 2760 2424 2760 2425 1212 2427 1212 2426 1212 2427 2761 2429 2761 2428 2761 2429 1214 2431 1214 2430 1214 2431 2762 2433 2762 2432 2762 2433 2763 2435 2763 2434 2763 2435 2764 2437 2764 2436 2764 2437 2765 2439 2765 2438 2765 2439 1219 2441 1219 2440 1219 2441 2766 2443 2766 2442 2766 2443 1221 2445 1221 2444 1221 2445 1222 2447 1222 2446 1222 2447 2767 2449 2767 2448 2767 2449 2768 2451 2768 2450 2768 2451 2769 2453 2769 2452 2769 2453 1226 2455 1226 2454 1226 2455 2770 2457 2770 2456 2770 2457 2771 2459 2771 2458 2771 2459 2772 2461 2772 2460 2772 2461 2773 2463 2773 2462 2773 2463 1231 2465 1231 2464 1231 2465 2774 2467 2774 2466 2774 2467 2775 2469 2775 2468 2775 2469 1234 2471 1234 2470 1234 2471 2776 2473 2776 2472 2776 2473 1236 2475 1236 2474 1236 2475 2777 2477 2777 2476 2777 2477 2778 2479 2778 2478 2778 2479 1239 2481 1239 2480 1239 2481 2779 2483 2779 2482 2779 2483 2780 2485 2780 2484 2780 2485 2781 2487 2781 2486 2781 2487 2782 2489 2782 2488 2782 2489 2783 2491 2783 2490 2783 2491 1245 2493 1245 2492 1245 2493 2784 2495 2784 2494 2784 2495 2785 2497 2785 2496 2785 2497 1248 2499 1248 2498 1248 2499 2786 2501 2786 2500 2786 2501 2787 2503 2787 2502 2787 2503 2788 2505 2788 2504 2788 2505 1252 2507 1252 2506 1252 2507 2789 2509 2789 2508 2789 2509 2790 2511 2790 2510 2790 2511 2791 2513 2791 2512 2791 2513 2792 2515 2792 2514 2792 2515 1257 2517 1257 2516 1257 2517 2793 2519 2793 2518 2793 2519 2794 2521 2794 2520 2794 2521 2795 2523 2795 2522 2795 2523 1261 2525 1261 2524 1261 2525 1262 2527 1262 2526 1262 2527 1263 2529 1263 2528 1263 2529 2796 2531 2796 2530 2796 2531 1265 2533 1265 2532 1265 2533 2797 2535 2797 2534 2797 2535 2798 2537 2798 2536 2798 2537 1268 2539 1268 2538 1268 2539 1269 2541 1269 2540 1269 2541 1270 2543 1270 2542 1270 2543 2799 2545 2799 2544 2799 2545 1272 2547 1272 2546 1272 2547 2800 2549 2800 2548 2800 2549 2801 2551 2801 2550 2801 2551 2802 2553 2802 2552 2802 2553 2803 2555 2803 2554 2803 2555 2804 2557 2804 2556 2804 2557 2805 2559 2805 2558 2805 2559 1279 2561 1279 2560 1279 2561 2806 2563 2806 2562 2806 2563 2807 2565 2807 2564 2807 2565 1282 2567 1282 2566 1282 2567 2808 2569 2808 2568 2808 2569 2809 2571 2809 2570 2809 2571 1285 2573 1285 2572 1285 2573 2810 2575 2810 2574 2810 2575 2811 2577 2811 2576 2811 2577 2812 2579 2812 2578 2812 2579 2813 2581 2813 2580 2813 2581 2814 2583 2814 2582 2814 2583 2815 2585 2815 2584 2815 2585 1292 2587 1292 2586 1292 2587 2816 2589 2816 2588 2816 2589 2817 2591 2817 2590 2817 2591 1295 2593 1295 2592 1295 2593 1296 2595 1296 2594 1296 2595 1297 2597 1297 2596 1297 2597 1298 2599 1298 2598 1298 2599 2818 2601 2818 2600 2818 2601 1300 2603 1300 2602 1300 2603 1301 2605 1301 2604 1301 2605 2819 2607 2819 2606 2819 2607 2820 2609 2820 2608 2820 2609 2821 2611 2821 2610 2821 2611 2822 2613 2822 2612 2822 2613 1306 2615 1306 2614 1306 2615 2823 2617 2823 2616 2823 2617 1308 2619 1308 2618 1308 2619 2824 2621 2824 2620 2824 2621 1310 2623 1310 2622 1310 2623 2825 2625 2825 2624 2825 2625 1312 2627 1312 2626 1312 2627 2826 2629 2826 2628 2826 2629 2827 2631 2827 2630 2827 2631 2828 2633 2828 2632 2828 2633 2829 2635 2829 2634 2829 2635 1317 2637 1317 2636 1317 2637 2830 2639 2830 2638 2830 2639 2831 2641 2831 2640 2831 2641 2832 2643 2832 2642 2832 2643 2833 2645 2833 2644 2833 2645 2834 2647 2834 2646 2834 2647 2835 2649 2835 2648 2835 2649 2836 2651 2836 2650 2836 2651 2837 2653 2837 2652 2837 2653 1326 2655 1326 2654 1326 2655 2838 2657 2838 2656 2838 2657 1328 2659 1328 2658 1328 2659 2839 2661 2839 2660 2839 2661 1330 2663 1330 2662 1330 2663 1331 2665 1331 2664 1331 2665 2840 2667 2840 2666 2840 2667 2841 2669 2841 2668 2841 2669 1334 2671 1334 2670 1334 2671 1335 2673 1335 2672 1335 2673 1336 2675 1336 2674 1336 2675 2842 2677 2842 2676 2842 2677 2843 2679 2843 2678 2843 2679 1339 2681 1339 2680 1339 2681 2844 2683 2844 2682 2844 2683 2845 2685 2845 2684 2845 2685 2846 2687 2846 2686 2846 2687 2847 2689 2847 2688 2847 2689 1344 2691 1344 2690 1344 2691 1345 2693 1345 2692 1345 2693 2848 2695 2848 2694 2848 2695 1347 2697 1347 2696 1347 2697 2849 2699 2849 2698 2849 2699 2850 2701 2850 2700 2850 2701 1350 2703 1350 2702 1350 2703 2851 2705 2851 2704 2851 2705 1352 2707 1352 2706 1352 2707 1353 2709 1353 2708 1353 2709 1354 2711 1354 2710 1354 2711 1355 2713 1355 2712 1355 2713 2852 2715 2852 2714 2852 2715 1357 2717 1357 2716 1357 2717 1358 2719 1358 2718 1358 2719 2853 2721 2853 2720 2853 2721 2854 2723 2854 2722 2854 2723 1361 2725 1361 2724 1361 2725 1362 2727 1362 2726 1362 2727 1363 2729 1363 2728 1363 2729 2855 2731 2855 2730 2855 2731 2856 2733 2856 2732 2856 2733 2857 2735 2857 2734 2857 2735 2858 2737 2858 2736 2858 2737 2859 2739 2859 2738 2859 2739 2860 2741 2860 2740 2860 2741 2861 2743 2861 2742 2861 2743 1371 2745 1371 2744 1371 2745 1372 2747 1372 2746 1372 2747 2862 2749 2862 2748 2862 2749 1374 2751 1374 2750 1374 2751 1375 2753 1375 2752 1375 2753 1376 2755 1376 2754 1376 2755 1377 2757 1377 2756 1377 2757 1378 2759 1378 2758 1378 2759 2863 2761 2863 2760 2863 2761 1380 2763 1380 2762 1380 2763 1381 2765 1381 2764 1381 2765 1382 2767 1382 2766 1382 2767 1383 2769 1383 2768 1383 2769 1384 2771 1384 2770 1384 2771 1385 2773 1385 2772 1385 2773 1386 2775 1386 2774 1386 2775 1387 2777 1387 2776 1387 2777 1388 2779 1388 2778 1388 2779 2864 2781 2864 2780 2864 2781 2865 2783 2865 2782 2865 2783 2866 2785 2866 2784 2866 2785 1392 2787 1392 2786 1392 2787 1393 2789 1393 2788 1393 2789 2867 2791 2867 2790 2867 2791 1395 2793 1395 2792 1395 2793 1396 2795 1396 2794 1396 2795 1397 2797 1397 2796 1397 2797 2868 2799 2868 2798 2868 2799 2869 2801 2869 2800 2869 2801 1400 2803 1400 2802 1400 2803 1401 2805 1401 2804 1401 2805 1402 2807 1402 2806 1402 2807 2870 2809 2870 2808 2870 2809 2871 2811 2871 2810 2871 2811 1405 2813 1405 2812 1405 2813 1406 2815 1406 2814 1406 2815 2872 2817 2872 2816 2872 2817 1408 2819 1408 2818 1408 2819 1409 2821 1409 2820 1409 2821 2873 2823 2873 2822 2873 2823 2874 2825 2874 2824 2874 2825 2875 2827 2875 2826 2875 2827 1413 2829 1413 2828 1413 2829 2876 2831 2876 2830 2876 2831 2877 2833 2877 2832 2877 2833 2878 2835 2878 2834 2878 2835 2879 2837 2879 2836 2879 2837 2880 2839 2880 2838 2880 2839 1419 2841 1419 2840 1419 2841 2881 2843 2881 2842 2881 2843 1421 2845 1421 2844 1421 2845 1422 2847 1422 2846 1422 2847 1423 2849 1423 2848 1423 2849 2882 2851 2882 2850 2882 2851 2883 2853 2883 2852 2883 2853 1426 2855 1426 2854 1426 2855 2884 2857 2884 2856 2884 2857 1428 2859 1428 2858 1428 2859 2885 2861 2885 2860 2885 2861 1430 2863 1430 2862 1430 2863 2886 2865 2886 2864 2886 2865 1432 2867 1432 2866 1432 2867 1433 2869 1433 2868 1433 2869 2887 2871 2887 2870 2887 2871 1435 2873 1435 2872 1435 2873 2888 2875 2888 2874 2888 2875 2889 2877 2889 2876 2889 2877 1438 2879 1438 2878 1438 2879 1439 2881 1439 2880 1439 2881 2890 2883 2890 2882 2890 2883 1441 2885 1441 2884 1441 2885 2891 2887 2891 2886 2891 2887 1443 2889 1443 2888 1443 2889 2892 2891 2892 2890 2892 2891 2893 2893 2893 2892 2893 2893 2894 2895 2894 2894 2894 2895 2895 2897 2895 2896 2895 2897 1448 2899 1448 2898 1448 2899 1449 2901 1449 2900 1449 2901 2896 2903 2896 2902 2896 2903 2897 2905 2897 2904 2897 2905 2898 2907 2898 2906 2898 2907 1453 2909 1453 2908 1453 2909 2899 2911 2899 2910 2899 2911 2900 2913 2900 2912 2900 2913 1456 2915 1456 2914 1456 2915 1457 2917 1457 2916 1457 2917 2901 2919 2901 2918 2901 2919 1459 2921 1459 2920 1459 2921 2902 2923 2902 2922 2902 2923 2903 2925 2903 2924 2903 2925 2904 2927 2904 2926 2904 2927 1463 2929 1463 2928 1463 2929 1464 2931 1464 2930 1464 2931 2905 2933 2905 2932 2905 2933 2906 2935 2906 2934 2906 2935 2907 2937 2907 2936 2907 2937 2908 2939 2908 2938 2908 2939 2909 2941 2909 2940 2909 2941 2910 2943 2910 2942 2910 2943 1471 2945 1471 2944 1471 2945 2911 2947 2911 2946 2911 2947 1473 2949 1473 2948 1473 2949 2912 2951 2912 2950 2912 2951 1475 2953 1475 2952 1475 2953 1476 2955 1476 2954 1476 2955 2913 2957 2913 2956 2913 2957 2914 2959 2914 2958 2914 2959 1479 2961 1479 2960 1479 2961 2915 2963 2915 2962 2915 2963 2916 2965 2916 2964 2916 2965 2917 2967 2917 2966 2917 2967 2918 2969 2918 2968 2918 2969 1484 2971 1484 2970 1484 2971 1485 2973 1485 2972 1485 2973 1486 2975 1486 2974 1486 2975 1487 2977 1487 2976 1487 2977 1488 2979 1488 2978 1488 2979 2919 2981 2919 2980 2919 2981 1490 2983 1490 2982 1490 2983 2920 2985 2920 2984 2920 2985 1492 2987 1492 2986 1492 2987 1493 2989 1493 2988 1493 2989 1494 2991 1494 2990 1494 2991 2921 2993 2921 2992 2921 2993 2922 2995 2922 2994 2922 2995 1497 2997 1497 2996 1497 2997 2923 2999 2923 2998 2923 2999 2924 3001 2924 3000 2924 3001 2925 3003 2925 3002 2925 3003 2926 3005 2926 3004 2926 3005 1502 3007 1502 3006 1502 3007 2927 3009 2927 3008 2927 3009 2928 3011 2928 3010 2928 3011 1505 3013 1505 3012 1505 3013 1506 3015 1506 3014 1506 3015 1507 3017 1507 3016 1507 3017 2929 3019 2929 3018 2929 3019 1509 3021 1509 3020 1509 3021 2930 3023 2930 3022 2930 3023 2931 3025 2931 3024 2931 3025 2932 3027 2932 3026 2932 3027 1513 3029 1513 3028 1513 3029 1514 3031 1514 3030 1514 3031 1515 3033 1515 3032 1515 3033 2933 3035 2933 3034 2933 3035 2934 3037 2934 3036 2934 3037 2935 3039 2935 3038 2935 3039 2936 3041 2936 3040 2936 3041 1520 3043 1520 3042 1520 3043 2937 3045 2937 3044 2937 3045 2938 3047 2938 3046 2938 3047 2939 3049 2939 3048 2939 3049 2940 3051 2940 3050 2940 3051 2941 3053 2941 3052 2941 3053 1526 3055 1526 3054 1526 3055 1527 3057 1527 3056 1527 3057 2942 3059 2942 3058 2942 3059 2943 3061 2943 3060 2943 3061 2944 3063 2944 3062 2944 3063 2945 3065 2945 3064 2945 3065 2946 3067 2946 3066 2946 3067 2947 3069 2947 3068 2947 3069 2948 3071 2948 3070 2948 3071 1535 3073 1535 3072 1535 3073 1536 3075 1536 3074 1536 3075 1537 3077 1537 3076 1537 3077 2949 3079 2949 3078 2949 3079 1539 3081 1539 3080 1539 3081 2950 3083 2950 3082 2950 3083 2951 3085 2951 3084 2951 3085 2952 3087 2952 3086 2952 3087 1543 3089 1543 3088 1543 3089 2953 3091 2953 3090 2953 3091 2954 3093 2954 3092 2954 3093 1546 3095 1546 3094 1546 3095 2955 3097 2955 3096 2955 3097 2956 3099 2956 3098 2956 3099 2957 3101 2957 3100 2957 3101 1550 3103 1550 3102 1550 3103 1551 3105 1551 3104 1551 3105 2958 3107 2958 3106 2958 3107 1553 3109 1553 3108 1553 3109 1554 3111 1554 3110 1554 3111 1555 3113 1555 3112 1555 3113 1556 3115 1556 3114 1556 3115 1557 3117 1557 3116 1557 3117 2959 3119 2959 3118 2959 3119 2960 3121 2960 3120 2960 3121 2961 3123 2961 3122 2961 3123 1561 3125 1561 3124 1561 3125 2962 3127 2962 3126 2962 3127 1563 3129 1563 3128 1563 3129 1564 3131 1564 3130 1564 3131 1565 3133 1565 3132 1565 3133 2963 3135 2963 3134 2963 3135 2964 3137 2964 3136 2964 3137 2965 3139 2965 3138 2965 3139 1569 3141 1569 3140 1569 3141 2966 3143 2966 3142 2966 3143 1571 3145 1571 3144 1571 3145 2967 3147 2967 3146 2967 3147 2968 3149 2968 3148 2968 3149 2969 3151 2969 3150 2969 3151 1575 3153 1575 3152 1575 3153 1576 3155 1576 3154 1576 3155 1577 3157 1577 3156 1577 3157 2970 3159 2970 3158 2970 3159 1579 3161 1579 3160 1579 3161 1580 3163 1580 3162 1580 3163 1581 3165 1581 3164 1581 3165 1582 3167 1582 3166 1582 3167 1583 3169 1583 3168 1583 3169 2971 3171 2971 3170 2971 3171 2972 3173 2972 3172 2972 3173 1586 3175 1586 3174 1586 3175 2973 3177 2973 3176 2973 3177 2974 3179 2974 3178 2974 3179 1589 3181 1589 3180 1589 3181 1590 3183 1590 3182 1590 3183 2975 3185 2975 3184 2975 3185 2976 3187 2976 3186 2976 3187 1593 3189 1593 3188 1593 3189 1594 3191 1594 3190 1594 3191 2977 3193 2977 3192 2977 3193 2978 3195 2978 3194 2978 3195 2979 3197 2979 3196 2979 3197 2980 3199 2980 3198 2980 3199 2981 3201 2981 3200 2981 3201 2982 3203 2982 3202 2982 3203 2983 3205 2983 3204 2983 3205 1602 3207 1602 3206 1602 3207 1603 3209 1603 3208 1603 3209 2984 3211 2984 3210 2984 3211 2985 3213 2985 3212 2985 3213 1606 3215 1606 3214 1606 3215 2986 3217 2986 3216 2986 3217 1608 3219 1608 3218 1608 3219 1609 3221 1609 3220 1609 3221 1610 3223 1610 3222 1610 3223 2987 3225 2987 3224 2987 3225 2988 3227 2988 3226 2988 3227 1613 3229 1613 3228 1613 3229 1614 3231 1614 3230 1614 3231 1615 3233 1615 3232 1615 3233 1616 3235 1616 3234 1616 3235 2989 3237 2989 3236 2989 3237 1618 3239 1618 3238 1618 3239 1619 3241 1619 3240 1619 3241 2990 3243 2990 3242 2990 3243 1621 3245 1621 3244 1621 3245 2991 3247 2991 3246 2991 3247 2992 3249 2992 3248 2992 3249 1624 3251 1624 3250 1624 3251 1625 3253 1625 3252 1625 3253 2993 3255 2993 3254 2993 3255 1627 3257 1627 3256 1627 3257 2994 3259 2994 3258 2994 3259 1629 3261 1629 3260 1629 3261 1630 3263 1630 3262 1630 3263 2995 3265 2995 3264 2995 3265 1632 3267 1632 3266 1632 3267 2996 3269 2996 3268 2996 3269 2997 3271 2997 3270 2997 3271 1635 3273 1635 3272 1635 3273 2998 3275 2998 3274 2998 3275 2999 3277 2999 3276 2999 3277 3000 3279 3000 3278 3000 3279 3001 3281 3001 3280 3001 3281 3002 3283 3002 3282 3002 3283 3003 3285 3003 3284 3003 3285 3004 3287 3004 3286 3004 3287 3005 3289 3005 3288 3005 3289 1644 3291 1644 3290 1644 3291 1645 3293 1645 3292 1645 3293 3006 3295 3006 3294 3006 3295 1647 3297 1647 3296 1647 3297 1648 3299 1648 3298 1648 3299 1649 3301 1649 3300 1649 3301 1650 3303 1650 3302 1650 3303 3007 3305 3007 3304 3007 3305 3008 3307 3008 3306 3008 3307 3009 3309 3009 3308 3009 3309 3010 3311 3010 3310 3010 3311 3011 3313 3011 3312 3011 3313 1656 3315 1656 3314 1656 3315 1657 3317 1657 3316 1657 3317 3012 3319 3012 3318 3012 3319 3013 3321 3013 3320 3013 3321 3014 3323 3014 3322 3014 3323 1661 3325 1661 3324 1661 3325 3015 3327 3015 3326 3015 3327 3016 3329 3016 3328 3016 3329 1664 3331 1664 3330 1664 3331 1665 3333 1665 3332 1665 3333 1666 3335 1666 3334 1666 3335 1667 3337 1667 3336 1667 3337 1668 3339 1668 3338 1668 3339 1669 3341 1669 3340 1669 3341 3017 3343 3017 3342 3017 3343 1671 3345 1671 3344 1671 3345 3018 3347 3018 3346 3018 3347 3019 3349 3019 3348 3019 3349 1674 3351 1674 3350 1674 3351 3020 3353 3020 3352 3020 3353 3021 3355 3021 3354 3021 3355 3022 3357 3022 3356 3022 3357 1678 3359 1678 3358 1678 3359 1679 3361 1679 3360 1679 3361 3023 3363 3023 3362 3023 3363 3024 3365 3024 3364 3024 3365 3025 3367 3025 3366 3025 3367 3026 3369 3026 3368 3026 3369 3027 3371 3027 3370 3027 3371 1685 3373 1685 3372 1685 3373 3028 3375 3028 3374 3028 3375 1687 3377 1687 3376 1687 3377 1688 3379 1688 3378 1688 3379 1689 3381 1689 3380 1689 3381 3029 3383 3029 3382 3029 3383 1691 3385 1691 3384 1691 3385 3030 3387 3030 3386 3030 3387 3031 3389 3031 3388 3031 3389 3032 3391 3032 3390 3032 3391 1695 3393 1695 3392 1695 3393 3033 3395 3033 3394 3033 3395 1697 3397 1697 3396 1697 3397 1698 3399 1698 3398 1698 3399 1699 3401 1699 3400 1699 3401 3034 3403 3034 3402 3034 3403 3035 3405 3035 3404 3035 3405 3036 3407 3036 3406 3036 3407 1703 3409 1703 3408 1703 3409 3037 3411 3037 3410 3037 3411 3038 3413 3038 3412 3038 3413 3039 3415 3039 3414 3039 3415 1707 3417 1707 3416 1707 3417 1708 3419 1708 3418 1708 3419 1709 3421 1709 3420 1709 3421 1710 3423 1710 3422 1710 3423 3040 3425 3040 3424 3040 3425 1712 3427 1712 3426 1712 3427 3041 3429 3041 3428 3041 3429 1714 3431 1714 3430 1714 3431 3042 3433 3042 3432 3042 3433 3043 3435 3043 3434 3043 3435 1717 3437 1717 3436 1717 3437 1718 3439 1718 3438 1718 3439 3044 3441 3044 3440 3044 3441 3045 3443 3045 3442 3045 3443 3046 3445 3046 3444 3046 3445 3047 3447 3047 3446 3047 3447 3048 3449 3048 3448 3048 3449 3049 3451 3049 3450 3049 3451 3050 3453 3050 3452 3050 3453 3051 3455 3051 3454 3051 3455 3052 3457 3052 3456 3052 3457 3053 3459 3053 3458 3053 3459 1729 3461 1729 3460 1729 3461 3054 3463 3054 3462 3054 3463 1731 3465 1731 3464 1731 3465 1732 3467 1732 3466 1732 3467 3055 3469 3055 3468 3055 3469 1734 3471 1734 3470 1734 3471 3056 3473 3056 3472 3056 3473 1736 3475 1736 3474 1736 3475 1737 3477 1737 3476 1737 3477 1738 3479 1738 3478 1738 3479 3057 3481 3057 3480 3057 3481 3058 3483 3058 3482 3058 3483 3059 3485 3059 3484 3059 3485 3060 3487 3060 3486 3060 3487 3061 3489 3061 3488 3061 3489 3062 3491 3062 3490 3062 3491 3063 3493 3063 3492 3063 3493 1746 3495 1746 3494 1746 3495 1747 3497 1747 3496 1747 3497 3064 3499 3064 3498 3064 3499 3065 3501 3065 3500 3065 3501 3066 3503 3066 3502 3066 3503 3067 3505 3067 3504 3067 3505 3068 3507 3068 3506 3068 3507 1753 3509 1753 3508 1753 3509 3069 3511 3069 3510 3069 3511 3070 3513 3070 3512 3070 3513 3071 3515 3071 3514 3071 3515 1757 3517 1757 3516 1757 3517 3072 3519 3072 3518 3072 3519 3073 3521 3073 3520 3073 3521 3074 3523 3074 3522 3074 3523 3075 3525 3075 3524 3075 3525 3076 3527 3076 3526 3076 3527 3077 3529 3077 3528 3077 3529 3078 3531 3078 3530 3078 3531 3079 3533 3079 3532 3079 3533 1766 3535 1766 3534 1766 3535 1767 3537 1767 3536 1767 3537 3080 3539 3080 3538 3080 3539 3081 3541 3081 3540 3081 3541 3082 3543 3082 3542 3082 3543 3083 3545 3083 3544 3083 3545 3084 3547 3084 3546 3084 3547 3085 3549 3085 3548 3085 3549 1774 3551 1774 3550 1774 3551 3086 3553 3086 3552 3086 3553 3087 3555 3087 3554 3087 3555 3088 3557 3088 3556 3088 3557 3089 3559 3089 3558 3089 3559 3090 3561 3090 3560 3090 3561 1780 3563 1780 3562 1780 3563 3091 3565 3091 3564 3091 3565 3092 3567 3092 3566 3092 3567 3093 3569 3093 3568 3093 3569 3094 3571 3094 3570 3094 3571 1785 3573 1785 3572 1785 3573 3095 3575 3095 3574 3095 3575 1787 3577 1787 3576 1787 3577 1788 3579 1788 3578 1788 3579 3096 3581 3096 3580 3096 3581 1790 3583 1790 3582 1790 3583 3097 3585 3097 3584 3097 3585 1792 3587 1792 3586 1792 3587 1793 3589 1793 3588 1793 3589 1794 3591 1794 3590 1794 3591 1795 3593 1795 3592 1795 3593 3098 3595 3098 3594 3098 3595 3099 3597 3099 3596 3099 3597 3100 3599 3100 3598 3100 3599 3101 3601 3101 3600 3101 3601 1800 3603 1800 3602 1800 3603 3102 3605 3102 3604 3102 3605 3103 3607 3103 3606 3103 3607 1803 3609 1803 3608 1803 3609 3104 3611 3104 3610 3104 3611 3105 3613 3105 3612 3105 3613 3106 3615 3106 3614 3106 3615 3107 3617 3107 3616 3107 3617 1808 3619 1808 3618 1808 3619 1809 3621 1809 3620 1809 3621 1810 3623 1810 3622 1810 3623 3108 3625 3108 3624 3108 3625 3109 3627 3109 3626 3109 3627 3110 3629 3110 3628 3110 3629 1814 3631 1814 3630 1814 3631 3111 3633 3111 3632 3111 3633 1816 3635 1816 3634 1816 3635 3112 3637 3112 3636 3112 3637 3113 3639 3113 3638 3113 3639 1819 3641 1819 3640 1819 3641 1820 3643 1820 3642 1820 3643 1821 3645 1821 3644 1821 3645 3114 3647 3114 3646 3114 3647 3115 3649 3115 3648 3115 3649 3116 3651 3116 3650 3116 3651 1825 3653 1825 3652 1825 3653 3117 3655 3117 3654 3117 3655 3118 3657 3118 3656 3118 3657 3119 3659 3119 3658 3119 3659 1829 3661 1829 3660 1829 3661 3120 3663 3120 3662 3120 3663 3121 3665 3121 3664 3121 3665 3122 3667 3122 3666 3122 3667 3123 3669 3123 3668 3123 3669 1834 3671 1834 3670 1834 3671 1835 3673 1835 3672 1835 3673 3124 3675 3124 3674 3124 3675 1837 3677 1837 3676 1837 3677 3125 3679 3125 3678 3125 3679 1839 3681 1839 3680 1839 3681 1840 3683 1840 3682 1840 3683 1841 3685 1841 3684 1841 3685 3126 3687 3126 3686 3126 3687 3127 3689 3127 3688 3127 3689 3128 3691 3128 3690 3128 3691 1845 3693 1845 3692 1845 3693 3129 3695 3129 3694 3129 3695 1847 3697 1847 3696 1847 3697 3130 3699 3130 3698 3130 3699 3131 3701 3131 3700 3131 3701 1850 3703 1850 3702 1850 3703 3132 3705 3132 3704 3132 3705 3133 3707 3133 3706 3133 3707 1853 3709 1853 3708 1853 3709 3134 3711 3134 3710 3134 3711 1855 3713 1855 3712 1855 3713 3135 3715 3135 3714 3135 3715 3136 3717 3136 3716 3136 3717 1858 3719 1858 3718 1858 3719 3137 3721 3137 3720 3137 3721 3138 3723 3138 3722 3138 3723 1861 3725 1861 3724 1861 3725 3139 3727 3139 3726 3139 3727 3140 3729 3140 3728 3140 3729 3141 3731 3141 3730 3141 3731 1865 3733 1865 3732 1865 3733 3142 3735 3142 3734 3142 3735 3143 3737 3143 3736 3143 3737 1868 3739 1868 3738 1868 3739 3144 3741 3144 3740 3144 3741 3145 3743 3145 3742 3145 3743 1871 3745 1871 3744 1871 3745 1872 3747 1872 3746 1872 3747 3146 3749 3146 3748 3146 3749 1874 3751 1874 3750 1874 3751 1875 3753 1875 3752 1875 3753 3147 3755 3147 3754 3147 3755 1877 3757 1877 3756 1877 3757 3148 3759 3148 3758 3148 3759 3149 3761 3149 3760 3149 3761 1880 3763 1880 3762 1880 3763 1881 3765 1881 3764 1881 3765 3150 3767 3150 3766 3150 3767 1883 3769 1883 3768 1883 3769 1884 3771 1884 3770 1884 3771 3151 3773 3151 3772 3151 3773 1886 3775 1886 3774 1886 3775 3152 3777 3152 3776 3152 3777 3153 3779 3153 3778 3153 3779 3154 3781 3154 3780 3154 3781 3155 3783 3155 3782 3155 3783 3156 3785 3156 3784 3156 3785 1892 3787 1892 3786 1892 3787 3157 3789 3157 3788 3157 3789 3158 3791 3158 3790 3158 3791 1895 3793 1895 3792 1895 3793 3159 3795 3159 3794 3159 3795 3160 3797 3160 3796 3160 3797 3161 3799 3161 3798 3161 3799 1899 3801 1899 3800 1899 3801 1900 3803 1900 3802 1900 3803 3162 3805 3162 3804 3162 3805 3163 3807 3163 3806 3163 3807 1903 3809 1903 3808 1903 3809 3164 3811 3164 3810 3164 3811 1905 3813 1905 3812 1905 3813 3165 3815 3165 3814 3165 3815 3166 3817 3166 3816 3166 3817 3167 3819 3167 3818 3167 3819 3168 3821 3168 3820 3168 3821 1910 3823 1910 3822 1910 3823 1911 3825 1911 3824 1911 3825 1912 3827 1912 3826 1912 3827 3169 3829 3169 3828 3169 3829 3170 3831 3170 3830 3170 3831 1915 3833 1915 3832 1915 3833 3171 3835 3171 3834 3171 3835 3172 3837 3172 3836 3172 3837 3173 3839 3173 3838 3173 3839 3174 3841 3174 3840 3174 3841 3175 3843 3175 3842 3175 3843 3176 3845 3176 3844 3176 3845 3177 3847 3177 3846 3177 3847 1923 3849 1923 3848 1923 3849 3178 3851 3178 3850 3178 3851 3179 3853 3179 3852 3179 3853 3180 3855 3180 3854 3180 3855 3181 3857 3181 3856 3181 3857 1928 3859 1928 3858 1928 3859 1929 3861 1929 3860 1929 3861 3182 3863 3182 3862 3182 3863 1931 3865 1931 3864 1931 3865 3183 3867 3183 3866 3183 3867 1933 3869 1933 3868 1933 3869 3184 3871 3184 3870 3184 3871 3185 3873 3185 3872 3185 3873 1936 3875 1936 3874 1936 3875 1937 3877 1937 3876 1937 3877 3186 3879 3186 3878 3186 3879 3187 3881 3187 3880 3187 3881 1940 3883 1940 3882 1940 3883 1941 3885 1941 3884 1941 3885 3188 3887 3188 3886 3188 3887 3189 3889 3189 3888 3189 3889 1944 3891 1944 3890 1944 3891 3190 3893 3190 3892 3190 3893 1946 3895 1946 3894 1946 3895 1947 3897 1947 3896 1947 3897 3191 3899 3191 3898 3191 3899 1949 3901 1949 3900 1949 3901 3192 3903 3192 3902 3192 3903 1951 3905 1951 3904 1951 3905 1952 3907 1952 3906 1952 3907 3193 3909 3193 3908 3193 3909 1954 3911 1954 3910 1954 3911 3194 3913 3194 3912 3194 3913 1956 3915 1956 3914 1956 3915 3195 3917 3195 3916 3195 3917 3196 3919 3196 3918 3196 3919 3197 3921 3197 3920 3197 3921 1960 3923 1960 3922 1960 3923 3198 3925 3198 3924 3198 3925 3199 3927 3199 3926 3199 3927 3200 3929 3200 3928 3200 3929 1964 3931 1964 3930 1964 3931 1965 3933 1965 3932 1965 3933 1966 3935 1966 3934 1966 3935 3201 3937 3201 3936 3201 3937 1968 3939 1968 3938 1968 3939 1969 3941 1969 3940 1969 3941 3202 3943 3202 3942 3202 3943 3203 3945 3203 3944 3203 3945 3204 3947 3204 3946 3204 3947 1973 3949 1973 3948 1973 3949 3205 3951 3205 3950 3205 3951 1975 3953 1975 3952 1975 3953 1976 3955 1976 3954 1976 3955 3206 3957 3206 3956 3206 3957 3207 3959 3207 3958 3207 3959 3208 3961 3208 3960 3208 3961 3209 3963 3209 3962 3209 3963 1981 3965 1981 3964 1981 3965 1982 3967 1982 3966 1982 3967 1983 3969 1983 3968 1983 3969 3210 3971 3210 3970 3210 3971 3211 3973 3211 3972 3211 3973 3212 3975 3212 3974 3212 3975 3213 3977 3213 3976 3213 3977 3214 3979 3214 3978 3214 3979 3215 3981 3215 3980 3215 3981 3216 3983 3216 3982 3216 3983 3217 3985 3217 3984 3217 3985 3218 3987 3218 3986 3218 3987 3219 3989 3219 3988 3219 3989 3220 3991 3220 3990 3220 3991 3221 3993 3221 3992 3221 3993 3222 3995 3222 3994 3222 3995 3223 3997 3223 3996 3223 5 3224 3 3224 1 3224 1 3225 3999 3225 3997 3225 3997 1998 3995 1998 3989 1998 3995 1998 3993 1998 3989 1998 3993 1998 3991 1998 3989 1998 3989 1998 3987 1998 3981 1998 3987 3226 3985 3226 3981 3226 3985 3227 3983 3227 3981 3227 3981 1998 3979 1998 3973 1998 3979 1998 3977 1998 3973 1998 3977 3228 3975 3228 3973 3228 3973 3229 3971 3229 3969 3229 3969 3230 3967 3230 3965 3230 3965 1998 3963 1998 3961 1998 3961 3231 3959 3231 3965 3231 3959 3232 3957 3232 3965 3232 3957 1998 3955 1998 3949 1998 3955 3233 3953 3233 3949 3233 3953 1998 3951 1998 3949 1998 3949 1998 3947 1998 3945 1998 3945 3234 3943 3234 3941 3234 3941 1998 3939 1998 3937 1998 3937 1998 3935 1998 3933 1998 3933 1998 3931 1998 3925 1998 3931 1998 3929 1998 3925 1998 3929 1998 3927 1998 3925 1998 3925 1998 3923 1998 3917 1998 3923 1998 3921 1998 3917 1998 3921 3235 3919 3235 3917 3235 3917 1998 3915 1998 3913 1998 3913 1998 3911 1998 3917 1998 3911 1998 3909 1998 3917 1998 3909 1998 3907 1998 3901 1998 3907 1998 3905 1998 3901 1998 3905 1998 3903 1998 3901 1998 3901 1998 3899 1998 3897 1998 3897 3236 3895 3236 3893 3236 3893 1998 3891 1998 3889 1998 3889 1998 3887 1998 3893 1998 3887 1998 3885 1998 3893 1998 3885 1998 3883 1998 3877 1998 3883 1998 3881 1998 3877 1998 3881 1998 3879 1998 3877 1998 3877 1998 3875 1998 3869 1998 3875 3237 3873 3237 3869 3237 3873 3238 3871 3238 3869 3238 3869 1998 3867 1998 3861 1998 3867 1998 3865 1998 3861 1998 3865 3239 3863 3239 3861 3239 3861 3240 3859 3240 3853 3240 3859 3241 3857 3241 3853 3241 3857 1998 3855 1998 3853 1998 3853 1998 3851 1998 3845 1998 3851 1998 3849 1998 3845 1998 3849 3242 3847 3242 3845 3242 3845 1998 3843 1998 3837 1998 3843 3243 3841 3243 3837 3243 3841 1998 3839 1998 3837 1998 3837 1998 3835 1998 3833 1998 3833 1998 3831 1998 3837 1998 3831 1998 3829 1998 3837 1998 3829 3244 3827 3244 3821 3244 3827 1998 3825 1998 3821 1998 3825 1998 3823 1998 3821 1998 3821 1998 3819 1998 3817 1998 3817 1998 3815 1998 3813 1998 3813 1998 3811 1998 3809 1998 3809 3245 3807 3245 3805 3245 3805 1998 3803 1998 3801 1998 3801 1998 3799 1998 3797 1998 3797 1998 3795 1998 3793 1998 3793 1998 3791 1998 3797 1998 3791 3246 3789 3246 3797 3246 3789 1998 3787 1998 3785 1998 3785 1998 3783 1998 3781 1998 3781 3247 3779 3247 3777 3247 3777 1998 3775 1998 3773 1998 3773 3248 3771 3248 3769 3248 3769 3249 3767 3249 3765 3249 3765 1998 3763 1998 3761 1998 3761 1998 3759 1998 3757 1998 3757 3250 3755 3250 3753 3250 3753 3251 3751 3251 3749 3251 3749 1998 3747 1998 3741 1998 3747 3252 3745 3252 3741 3252 3745 3253 3743 3253 3741 3253 3741 3254 3739 3254 3737 3254 3737 1998 3735 1998 3741 1998 3735 1998 3733 1998 3741 1998 3733 1998 3731 1998 3729 1998 3729 1998 3727 1998 3725 1998 3725 1998 3723 1998 3717 1998 3723 1998 3721 1998 3717 1998 3721 1998 3719 1998 3717 1998 3717 1998 3715 1998 3709 1998 3715 1998 3713 1998 3709 1998 3713 3255 3711 3255 3709 3255 3709 1998 3707 1998 3701 1998 3707 1998 3705 1998 3701 1998 3705 1998 3703 1998 3701 1998 3701 1998 3699 1998 3697 1998 3697 3256 3695 3256 3693 3256 3693 1998 3691 1998 3685 1998 3691 3257 3689 3257 3685 3257 3689 1998 3687 1998 3685 1998 3685 3258 3683 3258 3681 3258 3681 3259 3679 3259 3677 3259 3677 1998 3675 1998 3673 1998 3673 1998 3671 1998 3669 1998 3669 3260 3667 3260 3665 3260 3665 3261 3663 3261 3661 3261 3661 3262 3659 3262 3657 3262 3657 3263 3655 3263 3661 3263 3655 1998 3653 1998 3661 1998 3653 1998 3651 1998 3649 1998 3649 1998 3647 1998 3645 1998 3645 3264 3643 3264 3641 3264 3641 1998 3639 1998 3637 1998 3637 1998 3635 1998 3633 1998 3633 3265 3631 3265 3637 3265 3631 1998 3629 1998 3637 1998 3629 3266 3627 3266 3621 3266 3627 1998 3625 1998 3621 1998 3625 1998 3623 1998 3621 1998 3621 3267 3619 3267 3613 3267 3619 1998 3617 1998 3613 1998 3617 3268 3615 3268 3613 3268 3613 3269 3611 3269 3609 3269 3609 1998 3607 1998 3613 1998 3607 1998 3605 1998 3613 1998 3605 1998 3603 1998 3601 1998 3601 1998 3599 1998 3605 1998 3599 1998 3597 1998 3605 1998 3597 3270 3595 3270 3593 3270 3593 1998 3591 1998 3589 1998 3589 1998 3587 1998 3585 1998 3585 3271 3583 3271 3581 3271 3581 1998 3579 1998 3577 1998 3577 3272 3575 3272 3573 3272 3573 1998 3571 1998 3569 1998 3569 1998 3567 1998 3573 1998 3567 1998 3565 1998 3573 1998 3565 1998 3563 1998 3561 1998 3561 3273 3559 3273 3557 3273 3557 1998 3555 1998 3553 1998 3553 1998 3551 1998 3557 1998 3551 3274 3549 3274 3557 3274 3549 1998 3547 1998 3545 1998 3545 1998 3543 1998 3549 1998 3543 1998 3541 1998 3549 1998 3541 3275 3539 3275 3537 3275 3537 1998 3535 1998 3533 1998 3533 1998 3531 1998 3525 1998 3531 1998 3529 1998 3525 1998 3529 1998 3527 1998 3525 1998 3525 1998 3523 1998 3521 1998 3521 1998 3519 1998 3517 1998 3517 3276 3515 3276 3513 3276 3513 3277 3511 3277 3509 3277 3509 1998 3507 1998 3505 1998 3505 1998 3503 1998 3509 1998 3503 1998 3501 1998 3509 1998 3501 3278 3499 3278 3493 3278 3499 3279 3497 3279 3493 3279 3497 1998 3495 1998 3493 1998 3493 1998 3491 1998 3485 1998 3491 1998 3489 1998 3485 1998 3489 1998 3487 1998 3485 1998 3485 1998 3483 1998 3481 1998 3481 1998 3479 1998 3485 1998 3479 3280 3477 3280 3485 3280 3477 1998 3475 1998 3469 1998 3475 3281 3473 3281 3469 3281 3473 1998 3471 1998 3469 1998 3469 1998 3467 1998 3461 1998 3467 1998 3465 1998 3461 1998 3465 1998 3463 1998 3461 1998 3461 3282 3459 3282 3457 3282 3457 1998 3455 1998 3461 1998 3455 1998 3453 1998 3461 1998 3453 3283 3451 3283 3449 3283 3449 1998 3447 1998 3453 1998 3447 1998 3445 1998 3453 1998 3445 1998 3443 1998 3441 1998 3441 3284 3439 3284 3437 3284 3437 1998 3435 1998 3429 1998 3435 1998 3433 1998 3429 1998 3433 3285 3431 3285 3429 3285 3429 3286 3427 3286 3425 3286 3425 1998 3423 1998 3429 1998 3423 1998 3421 1998 3429 1998 3421 3287 3419 3287 3413 3287 3419 1998 3417 1998 3413 1998 3417 3288 3415 3288 3413 3288 3413 1998 3411 1998 3405 1998 3411 3289 3409 3289 3405 3289 3409 1998 3407 1998 3405 1998 3405 3290 3403 3290 3401 3290 3401 1998 3399 1998 3397 1998 3397 1998 3395 1998 3389 1998 3395 3291 3393 3291 3389 3291 3393 3292 3391 3292 3389 3292 3389 1998 3387 1998 3385 1998 3385 1998 3383 1998 3389 1998 3383 3280 3381 3280 3389 3280 3381 1998 3379 1998 3373 1998 3379 3293 3377 3293 3373 3293 3377 3294 3375 3294 3373 3294 3373 1998 3371 1998 3369 1998 3369 1998 3367 1998 3365 1998 3365 3295 3363 3295 3361 3295 3361 1998 3359 1998 3365 1998 3359 3296 3357 3296 3365 3296 3357 3297 3355 3297 3353 3297 3353 3298 3351 3298 3349 3298 3349 1998 3347 1998 3345 1998 3345 3299 3343 3299 3341 3299 3341 3300 3339 3300 3333 3300 3339 1998 3337 1998 3333 1998 3337 3301 3335 3301 3333 3301 3333 1998 3331 1998 3325 1998 3331 3302 3329 3302 3325 3302 3329 3303 3327 3303 3325 3303 3325 3304 3323 3304 3321 3304 3321 3305 3319 3305 3325 3305 3319 1998 3317 1998 3325 1998 3317 3306 3315 3306 3313 3306 3313 1998 3311 1998 3309 1998 3309 1998 3307 1998 3301 1998 3307 1998 3305 1998 3301 1998 3305 3307 3303 3307 3301 3307 3301 1998 3299 1998 3293 1998 3299 1998 3297 1998 3293 1998 3297 3308 3295 3308 3293 3308 3293 1998 3291 1998 3289 1998 3289 1998 3287 1998 3285 1998 3285 3309 3283 3309 3277 3309 3283 3310 3281 3310 3277 3310 3281 3311 3279 3311 3277 3311 3277 1998 3275 1998 3269 1998 3275 1998 3273 1998 3269 1998 3273 1998 3271 1998 3269 1998 3269 3312 3267 3312 3261 3312 3267 3313 3265 3313 3261 3313 3265 1998 3263 1998 3261 1998 3261 1998 3259 1998 3253 1998 3259 3314 3257 3314 3253 3314 3257 1998 3255 1998 3253 1998 3253 1998 3251 1998 3245 1998 3251 3315 3249 3315 3245 3315 3249 1998 3247 1998 3245 1998 3245 1998 3243 1998 3241 1998 3241 1998 3239 1998 3237 1998 3237 1998 3235 1998 3233 1998 3233 3316 3231 3316 3229 3316 3229 1998 3227 1998 3221 1998 3227 1998 3225 1998 3221 1998 3225 3317 3223 3317 3221 3317 3221 3318 3219 3318 3217 3318 3217 1998 3215 1998 3221 1998 3215 1998 3213 1998 3221 1998 3213 3319 3211 3319 3209 3319 3209 3320 3207 3320 3205 3320 3205 3321 3203 3321 3201 3321 3201 3322 3199 3322 3197 3322 3197 3323 3195 3323 3189 3323 3195 3324 3193 3324 3189 3324 3193 1998 3191 1998 3189 1998 3189 1998 3187 1998 3185 1998 3185 3325 3183 3325 3181 3325 3181 1998 3179 1998 3173 1998 3179 1998 3177 1998 3173 1998 3177 1998 3175 1998 3173 1998 3173 3326 3171 3326 3169 3326 3169 1998 3167 1998 3173 1998 3167 1998 3165 1998 3173 1998 3165 1998 3163 1998 3161 1998 3161 3327 3159 3327 3157 3327 3157 3328 3155 3328 3153 3328 3153 3329 3151 3329 3157 3329 3151 1998 3149 1998 3157 1998 3149 3330 3147 3330 3145 3330 3145 3331 3143 3331 3141 3331 3141 3332 3139 3332 3133 3332 3139 1998 3137 1998 3133 1998 3137 1998 3135 1998 3133 1998 3133 1998 3131 1998 3129 1998 3129 1998 3127 1998 3133 1998 3127 1998 3125 1998 3133 1998 3125 3333 3123 3333 3121 3333 3121 1998 3119 1998 3125 1998 3119 3334 3117 3334 3125 3334 3117 1998 3115 1998 3113 1998 3113 3335 3111 3335 3109 3335 3109 1998 3107 1998 3105 1998 3105 3336 3103 3336 3101 3336 3101 3337 3099 3337 3093 3337 3099 1998 3097 1998 3093 1998 3097 1998 3095 1998 3093 1998 3093 1998 3091 1998 3089 1998 3089 3338 3087 3338 3085 3338 3085 1998 3083 1998 3081 1998 3081 1998 3079 1998 3085 1998 3079 1998 3077 1998 3085 1998 3077 1998 3075 1998 3073 1998 3073 1998 3071 1998 3077 1998 3071 1998 3069 1998 3077 1998 3069 3339 3067 3339 3061 3339 3067 3340 3065 3340 3061 3340 3065 3341 3063 3341 3061 3341 3061 3342 3059 3342 3057 3342 3057 1998 3055 1998 3053 1998 3053 1998 3051 1998 3049 1998 3049 3343 3047 3343 3053 3343 3047 1998 3045 1998 3053 1998 3045 3344 3043 3344 3041 3344 3041 3345 3039 3345 3045 3345 3039 1998 3037 1998 3045 1998 3037 1998 3035 1998 3033 1998 3033 1998 3031 1998 3037 1998 3031 1998 3029 1998 3037 1998 3029 1998 3027 1998 3025 1998 3025 1998 3023 1998 3021 1998 3021 1998 3019 1998 3013 1998 3019 1998 3017 1998 3013 1998 3017 1998 3015 1998 3013 1998 3013 3346 3011 3346 3009 3346 3009 3347 3007 3347 3005 3347 3005 3348 3003 3348 3001 3348 3001 1998 2999 1998 2997 1998 2997 3349 2995 3349 2989 3349 2995 1998 2993 1998 2989 1998 2993 3350 2991 3350 2989 3350 2989 3351 2987 3351 2981 3351 2987 3352 2985 3352 2981 3352 2985 3353 2983 3353 2981 3353 2981 3354 2979 3354 2973 3354 2979 3355 2977 3355 2973 3355 2977 1998 2975 1998 2973 1998 2973 3356 2971 3356 2969 3356 2969 1998 2967 1998 2965 1998 2965 1998 2963 1998 2961 1998 2961 1998 2959 1998 2965 1998 2959 3357 2957 3357 2965 3357 2957 1998 2955 1998 2949 1998 2955 3358 2953 3358 2949 3358 2953 3359 2951 3359 2949 3359 2949 1998 2947 1998 2941 1998 2947 1998 2945 1998 2941 1998 2945 1998 2943 1998 2941 1998 2941 1998 2939 1998 2937 1998 2937 1998 2935 1998 2941 1998 2935 1998 2933 1998 2941 1998 2933 3360 2931 3360 2929 3360 2929 1998 2927 1998 2933 1998 2927 1998 2925 1998 2933 1998 2925 3361 2923 3361 2921 3361 2921 1998 2919 1998 2925 1998 2919 1998 2917 1998 2925 1998 2917 1998 2915 1998 2913 1998 2913 1998 2911 1998 2917 1998 2911 1998 2909 1998 2917 1998 2909 3362 2907 3362 2905 3362 2905 1998 2903 1998 2901 1998 2901 3336 2899 3336 2897 3336 2897 3363 2895 3363 2893 3363 2893 1998 2891 1998 2889 1998 2889 1998 2887 1998 2885 1998 2885 3364 2883 3364 2877 3364 2883 1998 2881 1998 2877 1998 2881 3365 2879 3365 2877 3365 2877 3366 2875 3366 2873 3366 2873 1998 2871 1998 2877 1998 2871 1998 2869 1998 2877 1998 2869 3367 2867 3367 2865 3367 2865 1998 2863 1998 2861 1998 2861 3368 2859 3368 2857 3368 2857 1998 2855 1998 2861 1998 2855 1998 2853 1998 2861 1998 2853 1998 2851 1998 2845 1998 2851 1998 2849 1998 2845 1998 2849 1998 2847 1998 2845 1998 2845 1998 2843 1998 2837 1998 2843 1998 2841 1998 2837 1998 2841 3326 2839 3326 2837 3326 2837 1998 2835 1998 2833 1998 2833 1998 2831 1998 2837 1998 2831 1998 2829 1998 2837 1998 2829 1998 2827 1998 2825 1998 2825 1998 2823 1998 2821 1998 2821 1998 2819 1998 2817 1998 2817 3369 2815 3369 2813 3369 2813 1998 2811 1998 2809 1998 2809 3370 2807 3370 2813 3370 2807 1998 2805 1998 2813 1998 2805 3371 2803 3371 2801 3371 2801 3372 2799 3372 2797 3372 2797 3373 2795 3373 2793 3373 2793 1998 2791 1998 2797 1998 2791 3374 2789 3374 2797 3374 2789 1998 2787 1998 2785 1998 2785 1998 2783 1998 2789 1998 2783 1998 2781 1998 2789 1998 2781 1998 2779 1998 2773 1998 2779 1998 2777 1998 2773 1998 2777 3375 2775 3375 2773 3375 2773 1998 2771 1998 2765 1998 2771 1998 2769 1998 2765 1998 2769 3376 2767 3376 2765 3376 2765 3377 2763 3377 2761 3377 2761 3269 2759 3269 2757 3269 2757 3378 2755 3378 2753 3378 2753 3379 2751 3379 2749 3379 2749 1998 2747 1998 2745 1998 2745 1998 2743 1998 2749 1998 2743 3380 2741 3380 2749 3380 2741 1998 2739 1998 2733 1998 2739 1998 2737 1998 2733 1998 2737 1998 2735 1998 2733 1998 2733 3381 2731 3381 2729 3381 2729 3382 2727 3382 2725 3382 2725 1998 2723 1998 2721 1998 2721 1998 2719 1998 2717 1998 2717 3383 2715 3383 2713 3383 2713 1998 2711 1998 2717 1998 2711 1998 2709 1998 2717 1998 2709 1998 2707 1998 2701 1998 2707 3384 2705 3384 2701 3384 2705 1998 2703 1998 2701 1998 2701 3385 2699 3385 2697 3385 2697 1998 2695 1998 2693 1998 2693 1998 2691 1998 2689 1998 2689 1998 2687 1998 2685 1998 2685 3386 2683 3386 2677 3386 2683 3387 2681 3387 2677 3387 2681 3388 2679 3388 2677 3388 2677 3389 2675 3389 2673 3389 2673 1998 2671 1998 2677 1998 2671 1998 2669 1998 2677 1998 2669 3390 2667 3390 2665 3390 2665 1998 2663 1998 2661 1998 2661 3391 2659 3391 2653 3391 2659 3392 2657 3392 2653 3392 2657 3393 2655 3393 2653 3393 2653 1998 2651 1998 2645 1998 2651 1998 2649 1998 2645 1998 2649 1998 2647 1998 2645 1998 2645 3394 2643 3394 2637 3394 2643 3395 2641 3395 2637 3395 2641 1998 2639 1998 2637 1998 2637 3396 2635 3396 2633 3396 2633 3397 2631 3397 2637 3397 2631 1998 2629 1998 2637 1998 2629 1998 2627 1998 2621 1998 2627 3398 2625 3398 2621 3398 2625 1998 2623 1998 2621 1998 2621 3296 2619 3296 2617 3296 2617 1998 2615 1998 2613 1998 2613 1998 2611 1998 2609 1998 2609 1998 2607 1998 2613 1998 2607 3399 2605 3399 2613 3399 2605 1998 2603 1998 2601 1998 2601 3400 2599 3400 2597 3400 2597 1998 2595 1998 2589 1998 2595 1998 2593 1998 2589 1998 2593 3401 2591 3401 2589 3401 2589 1998 2587 1998 2585 1998 2585 1998 2583 1998 2581 1998 2581 3401 2579 3401 2577 3401 2577 1998 2575 1998 2581 1998 2575 1998 2573 1998 2581 1998 2573 3402 2571 3402 2569 3402 2569 1998 2567 1998 2565 1998 2565 3375 2563 3375 2561 3375 2561 1998 2559 1998 2565 1998 2559 3403 2557 3403 2565 3403 2557 1998 2555 1998 2553 1998 2553 3404 2551 3404 2549 3404 2549 1998 2547 1998 2545 1998 2545 1998 2543 1998 2541 1998 2541 1998 2539 1998 2537 1998 2537 1998 2535 1998 2533 1998 2533 3405 2531 3405 2525 3405 2531 1998 2529 1998 2525 1998 2529 3406 2527 3406 2525 3406 2525 3299 2523 3299 2521 3299 2521 1998 2519 1998 2525 1998 2519 1998 2517 1998 2525 1998 2517 1998 2515 1998 2513 1998 2513 1998 2511 1998 2509 1998 2509 3407 2507 3407 2501 3407 2507 3408 2505 3408 2501 3408 2505 3409 2503 3409 2501 3409 2501 1998 2499 1998 2493 1998 2499 1998 2497 1998 2493 1998 2497 1998 2495 1998 2493 1998 2493 1998 2491 1998 2485 1998 2491 3410 2489 3410 2485 3410 2489 1998 2487 1998 2485 1998 2485 1998 2483 1998 2481 1998 2481 1998 2479 1998 2477 1998 2477 1998 2475 1998 2473 1998 2473 3276 2471 3276 2469 3276 2469 1998 2467 1998 2465 1998 2465 3411 2463 3411 2461 3411 2461 1998 2459 1998 2453 1998 2459 3412 2457 3412 2453 3412 2457 3413 2455 3413 2453 3413 2453 3414 2451 3414 2445 3414 2451 1998 2449 1998 2445 1998 2449 3265 2447 3265 2445 3265 2445 1998 2443 1998 2441 1998 2441 1998 2439 1998 2445 1998 2439 1998 2437 1998 2445 1998 2437 1998 2435 1998 2433 1998 2433 3273 2431 3273 2429 3273 2429 3415 2427 3415 2425 3415 2425 1998 2423 1998 2421 1998 2421 3416 2419 3416 2417 3416 2417 1998 2415 1998 2413 1998 2413 1998 2411 1998 2405 1998 2411 3391 2409 3391 2405 3391 2409 1998 2407 1998 2405 1998 2405 3417 2403 3417 2397 3417 2403 3418 2401 3418 2397 3418 2401 3419 2399 3419 2397 3419 2397 3420 2395 3420 2393 3420 2393 3399 2391 3399 2397 3399 2391 3388 2389 3388 2397 3388 2389 3421 2387 3421 2385 3421 2385 3422 2383 3422 2389 3422 2383 1998 2381 1998 2389 1998 2381 3423 2379 3423 2373 3423 2379 1998 2377 1998 2373 1998 2377 1998 2375 1998 2373 1998 2373 1998 2371 1998 2369 1998 2369 3424 2367 3424 2373 3424 2367 1998 2365 1998 2373 1998 2365 3425 2363 3425 2361 3425 2361 3307 2359 3307 2357 3307 2357 3426 2355 3426 2349 3426 2355 1998 2353 1998 2349 1998 2353 3388 2351 3388 2349 3388 2349 3411 2347 3411 2345 3411 2345 1998 2343 1998 2341 1998 2341 1998 2339 1998 2337 1998 2337 1998 2335 1998 2341 1998 2335 1998 2333 1998 2341 1998 2333 3370 2331 3370 2329 3370 2329 3427 2327 3427 2325 3427 2325 1998 2323 1998 2321 1998 2321 1998 2319 1998 2325 1998 2319 1998 2317 1998 2325 1998 2317 1998 2315 1998 2313 1998 2313 1998 2311 1998 2317 1998 2311 3428 2309 3428 2317 3428 2309 1998 2307 1998 2305 1998 2305 1998 2303 1998 2309 1998 2303 1998 2301 1998 2309 1998 2301 3429 2299 3429 2297 3429 2297 3430 2295 3430 2293 3430 2293 1998 2291 1998 2289 1998 2289 1998 2287 1998 2293 1998 2287 1998 2285 1998 2293 1998 2285 3262 2283 3262 2281 3262 2281 3388 2279 3388 2277 3388 2277 3431 2275 3431 2273 3431 2273 3432 2271 3432 2269 3432 2269 3433 2267 3433 2265 3433 2265 1998 2263 1998 2269 1998 2263 1998 2261 1998 2269 1998 2261 1998 2259 1998 2257 1998 2257 1998 2255 1998 2261 1998 2255 3434 2253 3434 2261 3434 2253 3435 2251 3435 2249 3435 2249 3283 2247 3283 2253 3283 2247 3436 2245 3436 2253 3436 2245 3437 2243 3437 2241 3437 2241 1998 2239 1998 2237 1998 2237 1998 2235 1998 2233 1998 2233 1998 2231 1998 2237 1998 2231 1998 2229 1998 2237 1998 2229 1998 2227 1998 2225 1998 2225 1998 2223 1998 2229 1998 2223 1998 2221 1998 2229 1998 2221 1998 2219 1998 2217 1998 2217 1998 2215 1998 2213 1998 2213 3438 2211 3438 2209 3438 2209 3435 2207 3435 2205 3435 2205 1998 2203 1998 2201 1998 2201 1998 2199 1998 2197 1998 2197 1998 2195 1998 2189 1998 2195 1998 2193 1998 2189 1998 2193 3439 2191 3439 2189 3439 2189 3440 2187 3440 2181 3440 2187 3441 2185 3441 2181 3441 2185 3442 2183 3442 2181 3442 2181 1998 2179 1998 2177 1998 2177 3278 2175 3278 2173 3278 2173 3443 2171 3443 2169 3443 2169 1998 2167 1998 2173 1998 2167 1998 2165 1998 2173 1998 2165 3444 2163 3444 2161 3444 2161 1998 2159 1998 2157 1998 2157 1998 2155 1998 2153 1998 2153 1998 2151 1998 2157 1998 2151 1998 2149 1998 2157 1998 2149 3445 2147 3445 2145 3445 2145 3446 2143 3446 2149 3446 2143 1998 2141 1998 2149 1998 2141 1998 2139 1998 2137 1998 2137 1998 2135 1998 2141 1998 2135 1998 2133 1998 2141 1998 2133 1998 2131 1998 2129 1998 2129 1998 2127 1998 2125 1998 2125 3447 2123 3447 2121 3447 2121 3448 2119 3448 2117 3448 2117 1998 2115 1998 2113 1998 2113 1998 2111 1998 2117 1998 2111 1998 2109 1998 2117 1998 2109 1998 2107 1998 2105 1998 2105 1998 2103 1998 2109 1998 2103 3449 2101 3449 2109 3449 2101 1998 2099 1998 2097 1998 2097 1998 2095 1998 2093 1998 2093 3235 2091 3235 2089 3235 2089 1998 2087 1998 2093 1998 2087 1998 2085 1998 2093 1998 2085 1998 2083 1998 2081 1998 2081 1998 2079 1998 2085 1998 2079 1998 2077 1998 2085 1998 2077 1998 2075 1998 2073 1998 2073 3450 2071 3450 2069 3450 2069 1998 2067 1998 2065 1998 2065 3451 2063 3451 2061 3451 2061 3452 2059 3452 2057 3452 2057 3453 2055 3453 2053 3453 2053 3454 2051 3454 2049 3454 2049 3455 2047 3455 2053 3455 2047 1998 2045 1998 2053 1998 2045 3451 2043 3451 2041 3451 2041 3456 2039 3456 2037 3456 2037 1998 2035 1998 2033 1998 2033 1998 2031 1998 2037 1998 2031 1998 2029 1998 2037 1998 2029 3457 2027 3457 2025 3457 2025 1998 2023 1998 2021 1998 2021 3458 2019 3458 2017 3458 2017 1998 2015 1998 2013 1998 2013 1998 2011 1998 2009 1998 2009 1998 2007 1998 2013 1998 2007 1998 2005 1998 2013 1998 2005 3459 2003 3459 2001 3459 2001 1998 1999 1998 1997 1998 1997 1998 1995 1998 1993 1998 1993 1998 1991 1998 1997 1998 1991 1998 1989 1998 1997 1998 1989 1998 1987 1998 1985 1998 1985 3460 1983 3460 1981 3460 1981 3461 1979 3461 1977 3461 1977 3462 1975 3462 1973 3462 1973 1998 1971 1998 1965 1998 1971 1998 1969 1998 1965 1998 1969 3463 1967 3463 1965 3463 1965 3464 1963 3464 1961 3464 1961 1998 1959 1998 1957 1998 1957 1998 1955 1998 1949 1998 1955 1998 1953 1998 1949 1998 1953 3465 1951 3465 1949 3465 1949 1998 1947 1998 1941 1998 1947 1998 1945 1998 1941 1998 1945 1998 1943 1998 1941 1998 1941 3466 1939 3466 1937 3466 1937 1998 1935 1998 1933 1998 1933 1998 1931 1998 1925 1998 1931 1998 1929 1998 1925 1998 1929 3452 1927 3452 1925 3452 1925 1998 1923 1998 1921 1998 1921 3467 1919 3467 1917 3467 1917 1998 1915 1998 1909 1998 1915 1998 1913 1998 1909 1998 1913 3468 1911 3468 1909 3468 1909 3469 1907 3469 1901 3469 1907 1998 1905 1998 1901 1998 1905 1998 1903 1998 1901 1998 1901 1998 1899 1998 1897 1998 1897 3470 1895 3470 1893 3470 1893 3251 1891 3251 1889 3251 1889 1998 1887 1998 1885 1998 1885 1998 1883 1998 1877 1998 1883 3471 1881 3471 1877 3471 1881 1998 1879 1998 1877 1998 1877 1998 1875 1998 1869 1998 1875 1998 1873 1998 1869 1998 1873 1998 1871 1998 1869 1998 1869 1998 1867 1998 1865 1998 1865 1998 1863 1998 1869 1998 1863 1998 1861 1998 1869 1998 1861 1998 1859 1998 1853 1998 1859 1998 1857 1998 1853 1998 1857 3235 1855 3235 1853 3235 1853 3472 1851 3472 1849 3472 1849 1998 1847 1998 1853 1998 1847 3473 1845 3473 1853 3473 1845 1998 1843 1998 1841 1998 1841 3474 1839 3474 1837 3474 1837 3236 1835 3236 1829 3236 1835 1998 1833 1998 1829 1998 1833 1998 1831 1998 1829 1998 1829 3475 1827 3475 1821 3475 1827 1998 1825 1998 1821 1998 1825 1998 1823 1998 1821 1998 1821 3476 1819 3476 1813 3476 1819 3428 1817 3428 1813 3428 1817 3477 1815 3477 1813 3477 1813 3478 1811 3478 1805 3478 1811 3479 1809 3479 1805 3479 1809 3480 1807 3480 1805 3480 1805 3481 1803 3481 1801 3481 1801 1998 1799 1998 1797 1998 1797 1998 1795 1998 1793 1998 1793 3482 1791 3482 1789 3482 1789 3483 1787 3483 1781 3483 1787 3484 1785 3484 1781 3484 1785 3434 1783 3434 1781 3434 1781 3485 1779 3485 1777 3485 1777 1998 1775 1998 1781 1998 1775 1998 1773 1998 1781 1998 1773 1998 1771 1998 1769 1998 1769 1998 1767 1998 1765 1998 1765 3486 1763 3486 1761 3486 1761 1998 1759 1998 1757 1998 1757 3487 1755 3487 1753 3487 1753 1998 1751 1998 1757 1998 1751 3488 1749 3488 1757 3488 1749 1998 1747 1998 1745 1998 1745 1998 1743 1998 1749 1998 1743 1998 1741 1998 1749 1998 1741 1998 1739 1998 1737 1998 1737 1998 1735 1998 1733 1998 1733 1998 1731 1998 1725 1998 1731 3489 1729 3489 1725 3489 1729 3480 1727 3480 1725 3480 1725 3490 1723 3490 1721 3490 1721 1998 1719 1998 1717 1998 1717 1998 1715 1998 1713 1998 1713 3243 1711 3243 1709 3243 1709 1998 1707 1998 1701 1998 1707 3491 1705 3491 1701 3491 1705 3492 1703 3492 1701 3492 1701 1998 1699 1998 1697 1998 1697 3493 1695 3493 1693 3493 1693 1998 1691 1998 1685 1998 1691 1998 1689 1998 1685 1998 1689 1998 1687 1998 1685 1998 1685 1998 1683 1998 1681 1998 1681 3264 1679 3264 1677 3264 1677 1998 1675 1998 1673 1998 1673 1998 1671 1998 1669 1998 1669 3494 1667 3494 1665 3494 1665 3292 1663 3292 1669 3292 1663 1998 1661 1998 1669 1998 1661 3442 1659 3442 1657 3442 1657 1998 1655 1998 1661 1998 1655 1998 1653 1998 1661 1998 1653 3403 1651 3403 1649 3403 1649 3495 1647 3495 1645 3495 1645 1998 1643 1998 1637 1998 1643 1998 1641 1998 1637 1998 1641 3494 1639 3494 1637 3494 1637 1998 1635 1998 1633 1998 1633 1998 1631 1998 1629 1998 1629 1998 1627 1998 1625 1998 1625 1998 1623 1998 1629 1998 1623 1998 1621 1998 1629 1998 1621 1998 1619 1998 1617 1998 1617 1998 1615 1998 1613 1998 1613 3290 1611 3290 1609 3290 1609 1998 1607 1998 1613 1998 1607 1998 1605 1998 1613 1998 1605 3495 1603 3495 1601 3495 1601 1998 1599 1998 1597 1998 1597 1998 1595 1998 1589 1998 1595 1998 1593 1998 1589 1998 1593 3276 1591 3276 1589 3276 1589 1998 1587 1998 1585 1998 1585 3496 1583 3496 1581 3496 1581 1998 1579 1998 1577 1998 1577 3265 1575 3265 1573 3265 1573 1998 1571 1998 1569 1998 1569 3497 1567 3497 1565 3497 1565 1998 1563 1998 1557 1998 1563 3498 1561 3498 1557 3498 1561 1998 1559 1998 1557 1998 1557 1998 1555 1998 1553 1998 1553 1998 1551 1998 1557 1998 1551 1998 1549 1998 1557 1998 1549 1998 1547 1998 1545 1998 1545 3499 1543 3499 1541 3499 1541 3295 1539 3295 1537 3295 1537 1998 1535 1998 1533 1998 1533 1998 1531 1998 1525 1998 1531 3412 1529 3412 1525 3412 1529 1998 1527 1998 1525 1998 1525 1998 1523 1998 1517 1998 1523 1998 1521 1998 1517 1998 1521 3500 1519 3500 1517 3500 1517 1998 1515 1998 1513 1998 1513 1998 1511 1998 1517 1998 1511 1998 1509 1998 1517 1998 1509 1998 1507 1998 1501 1998 1507 1998 1505 1998 1501 1998 1505 3420 1503 3420 1501 3420 1501 1998 1499 1998 1497 1998 1497 3501 1495 3501 1493 3501 1493 3502 1491 3502 1489 3502 1489 1998 1487 1998 1493 1998 1487 1998 1485 1998 1493 1998 1485 1998 1483 1998 1481 1998 1481 1998 1479 1998 1477 1998 1477 3503 1475 3503 1473 3503 1473 3504 1471 3504 1469 3504 1469 1998 1467 1998 1465 1998 1465 1998 1463 1998 1469 1998 1463 1998 1461 1998 1469 1998 1461 3499 1459 3499 1457 3499 1457 1998 1455 1998 1461 1998 1455 1998 1453 1998 1461 1998 1453 1998 1451 1998 1449 1998 1449 3505 1447 3505 1445 3505 1445 3284 1443 3284 1441 3284 1441 3416 1439 3416 1437 3416 1437 3506 1435 3506 1433 3506 1433 1998 1431 1998 1437 1998 1431 3507 1429 3507 1437 3507 1429 1998 1427 1998 1421 1998 1427 1998 1425 1998 1421 1998 1425 1998 1423 1998 1421 1998 1421 1998 1419 1998 1413 1998 1419 1998 1417 1998 1413 1998 1417 1998 1415 1998 1413 1998 1413 1998 1411 1998 1409 1998 1409 1998 1407 1998 1413 1998 1407 3508 1405 3508 1413 3508 1405 3509 1403 3509 1401 3509 1401 3510 1399 3510 1397 3510 1397 1998 1395 1998 1389 1998 1395 3511 1393 3511 1389 3511 1393 1998 1391 1998 1389 1998 1389 1998 1387 1998 1385 1998 1385 3284 1383 3284 1381 3284 1381 1998 1379 1998 1377 1998 1377 3275 1375 3275 1373 3275 1373 3512 1371 3512 1369 3512 1369 1998 1367 1998 1373 1998 1367 1998 1365 1998 1373 1998 1365 3513 1363 3513 1361 3513 1361 1998 1359 1998 1365 1998 1359 3514 1357 3514 1365 3514 1357 1998 1355 1998 1349 1998 1355 3515 1353 3515 1349 3515 1353 3516 1351 3516 1349 3516 1349 3504 1347 3504 1345 3504 1345 3517 1343 3517 1341 3517 1341 3518 1339 3518 1333 3518 1339 3398 1337 3398 1333 3398 1337 1998 1335 1998 1333 1998 1333 3519 1331 3519 1329 3519 1329 1998 1327 1998 1333 1998 1327 3520 1325 3520 1333 3520 1325 1998 1323 1998 1317 1998 1323 3315 1321 3315 1317 3315 1321 1998 1319 1998 1317 1998 1317 3521 1315 3521 1309 3521 1315 1998 1313 1998 1309 1998 1313 1998 1311 1998 1309 1998 1309 1998 1307 1998 1305 1998 1305 1998 1303 1998 1309 1998 1303 1998 1301 1998 1309 1998 1301 1998 1299 1998 1293 1998 1299 1998 1297 1998 1293 1998 1297 3522 1295 3522 1293 3522 1293 1998 1291 1998 1289 1998 1289 1998 1287 1998 1293 1998 1287 1998 1285 1998 1293 1998 1285 3523 1283 3523 1281 3523 1281 3513 1279 3513 1277 3513 1277 3524 1275 3524 1273 3524 1273 1998 1271 1998 1277 1998 1271 3424 1269 3424 1277 3424 1269 1998 1267 1998 1265 1998 1265 3525 1263 3525 1261 3525 1261 1998 1259 1998 1253 1998 1259 1998 1257 1998 1253 1998 1257 3526 1255 3526 1253 3526 1253 3527 1251 3527 1249 3527 1249 1998 1247 1998 1245 1998 1245 1998 1243 1998 1237 1998 1243 3528 1241 3528 1237 3528 1241 3529 1239 3529 1237 3529 1237 1998 1235 1998 1233 1998 1233 1998 1231 1998 1229 1998 1229 1998 1227 1998 1225 1998 1225 3530 1223 3530 1229 3530 1223 1998 1221 1998 1229 1998 1221 1998 1219 1998 1217 1998 1217 3392 1215 3392 1213 3392 1213 3531 1211 3531 1205 3531 1211 1998 1209 1998 1205 1998 1209 3532 1207 3532 1205 3532 1205 3533 1203 3533 1201 3533 1201 1998 1199 1998 1205 1998 1199 3534 1197 3534 1205 3534 1197 1998 1195 1998 1193 1998 1193 1998 1191 1998 1197 1998 1191 1998 1189 1998 1197 1998 1189 1998 1187 1998 1185 1998 1185 1998 1183 1998 1189 1998 1183 1998 1181 1998 1189 1998 1181 3535 1179 3535 1177 3535 1177 3536 1175 3536 1181 3536 1175 1998 1173 1998 1181 1998 1173 3537 1171 3537 1169 3537 1169 3324 1167 3324 1173 3324 1167 1998 1165 1998 1173 1998 1165 3538 1163 3538 1161 3538 1161 1998 1159 1998 1165 1998 1159 1998 1157 1998 1165 1998 1157 3539 1155 3539 1153 3539 1153 1998 1151 1998 1149 1998 1149 3540 1147 3540 1145 3540 1145 1998 1143 1998 1141 1998 1141 3541 1139 3541 1137 3541 1137 3542 1135 3542 1133 3542 1133 1998 1131 1998 1129 1998 1129 1998 1127 1998 1133 1998 1127 1998 1125 1998 1133 1998 1125 3543 1123 3543 1117 3543 1123 1998 1121 1998 1117 1998 1121 1998 1119 1998 1117 1998 1117 3544 1115 3544 1113 3544 1113 3545 1111 3545 1117 3545 1111 1998 1109 1998 1117 1998 1109 3546 1107 3546 1101 3546 1107 1998 1105 1998 1101 1998 1105 1998 1103 1998 1101 1998 1101 3547 1099 3547 1093 3547 1099 1998 1097 1998 1093 1998 1097 3548 1095 3548 1093 3548 1093 3549 1091 3549 1089 3549 1089 3550 1087 3550 1085 3550 1085 3551 1083 3551 1081 3551 1081 1998 1079 1998 1085 1998 1079 1998 1077 1998 1085 1998 1077 1998 1075 1998 1073 1998 1073 3552 1071 3552 1069 3552 1069 3553 1067 3553 1065 3553 1065 3554 1063 3554 1069 3554 1063 1998 1061 1998 1069 1998 1061 3555 1059 3555 1053 3555 1059 1998 1057 1998 1053 1998 1057 1998 1055 1998 1053 1998 1053 1998 1051 1998 1049 1998 1049 1998 1047 1998 1053 1998 1047 1998 1045 1998 1053 1998 1045 3556 1043 3556 1041 3556 1041 1998 1039 1998 1045 1998 1039 3557 1037 3557 1045 3557 1037 1998 1035 1998 1033 1998 1033 1998 1031 1998 1037 1998 1031 1998 1029 1998 1037 1998 1029 3558 1027 3558 1025 3558 1025 1998 1023 1998 1029 1998 1023 1998 1021 1998 1029 1998 1021 3559 1019 3559 1017 3559 1017 3560 1015 3560 1013 3560 1013 3561 1011 3561 1005 3561 1011 3562 1009 3562 1005 3562 1009 1998 1007 1998 1005 1998 1005 3563 1003 3563 1001 3563 1001 3564 999 3564 1005 3564 999 1998 997 1998 1005 1998 997 1998 995 1998 989 1998 995 1998 993 1998 989 1998 993 3565 991 3565 989 3565 989 3566 987 3566 985 3566 985 1998 983 1998 981 1998 981 1998 979 1998 977 1998 977 3567 975 3567 973 3567 973 3568 971 3568 969 3568 969 1998 967 1998 965 1998 965 1998 963 1998 961 1998 961 3569 959 3569 965 3569 959 1998 957 1998 965 1998 957 1998 955 1998 949 1998 955 1998 953 1998 949 1998 953 1998 951 1998 949 1998 949 1998 947 1998 941 1998 947 1998 945 1998 941 1998 945 3570 943 3570 941 3570 941 1998 939 1998 937 1998 937 1998 935 1998 941 1998 935 1998 933 1998 941 1998 933 3571 931 3571 925 3571 931 1998 929 1998 925 1998 929 1998 927 1998 925 1998 925 3572 923 3572 921 3572 921 3573 919 3573 925 3573 919 3574 917 3574 925 3574 917 3575 915 3575 913 3575 913 1998 911 1998 909 1998 909 3576 907 3576 905 3576 905 3577 903 3577 901 3577 901 3578 899 3578 893 3578 899 1998 897 1998 893 1998 897 1998 895 1998 893 1998 893 1998 891 1998 889 1998 889 3579 887 3579 885 3579 885 1998 883 1998 877 1998 883 1998 881 1998 877 1998 881 1998 879 1998 877 1998 877 3580 875 3580 869 3580 875 1998 873 1998 869 1998 873 3329 871 3329 869 3329 869 3581 867 3581 865 3581 865 3582 863 3582 869 3582 863 1998 861 1998 869 1998 861 3583 859 3583 857 3583 857 3584 855 3584 853 3584 853 3585 851 3585 849 3585 849 3586 847 3586 845 3586 845 1998 843 1998 841 1998 841 3587 839 3587 837 3587 837 3588 835 3588 829 3588 835 3589 833 3589 829 3589 833 1998 831 1998 829 1998 829 1998 827 1998 825 1998 825 3590 823 3590 821 3590 821 1998 819 1998 813 1998 819 1998 817 1998 813 1998 817 1998 815 1998 813 1998 813 1998 811 1998 805 1998 811 1998 809 1998 805 1998 809 1998 807 1998 805 1998 805 1998 803 1998 801 1998 801 3591 799 3591 797 3591 797 1998 795 1998 793 1998 793 3592 791 3592 789 3592 789 1998 787 1998 785 1998 785 1998 783 1998 789 1998 783 1998 781 1998 789 1998 781 1998 779 1998 777 1998 777 3308 775 3308 773 3308 773 1998 771 1998 769 1998 769 1998 767 1998 773 1998 767 1998 765 1998 773 1998 765 1998 763 1998 761 1998 761 3260 759 3260 757 3260 757 3264 755 3264 753 3264 753 3593 751 3593 757 3593 751 3594 749 3594 757 3594 749 1998 747 1998 745 1998 745 1998 743 1998 741 1998 741 3300 739 3300 737 3300 737 1998 735 1998 733 1998 733 3595 731 3595 725 3595 731 3596 729 3596 725 3596 729 3597 727 3597 725 3597 725 3598 723 3598 721 3598 721 3599 719 3599 725 3599 719 1998 717 1998 725 1998 717 1998 715 1998 709 1998 715 1998 713 1998 709 1998 713 1998 711 1998 709 1998 709 1998 707 1998 701 1998 707 1998 705 1998 701 1998 705 3600 703 3600 701 3600 701 3389 699 3389 697 3389 697 3601 695 3601 693 3601 693 3320 691 3320 689 3320 689 3602 687 3602 685 3602 685 1998 683 1998 677 1998 683 1998 681 1998 677 1998 681 1998 679 1998 677 1998 677 3403 675 3403 673 3403 673 1998 671 1998 677 1998 671 1998 669 1998 677 1998 669 1998 667 1998 661 1998 667 1998 665 1998 661 1998 665 3603 663 3603 661 3603 661 1998 659 1998 653 1998 659 1998 657 1998 653 1998 657 3604 655 3604 653 3604 653 1998 651 1998 649 1998 649 3605 647 3605 645 3605 645 3606 643 3606 641 3606 641 1998 639 1998 645 1998 639 1998 637 1998 645 1998 637 3607 635 3607 629 3607 635 1998 633 1998 629 1998 633 1998 631 1998 629 1998 629 3608 627 3608 625 3608 625 1998 623 1998 629 1998 623 1998 621 1998 629 1998 621 3609 619 3609 617 3609 617 1998 615 1998 621 1998 615 3610 613 3610 621 3610 613 3611 611 3611 605 3611 611 1998 609 1998 605 1998 609 1998 607 1998 605 1998 605 1998 603 1998 597 1998 603 1998 601 1998 597 1998 601 1998 599 1998 597 1998 597 3612 595 3612 593 3612 593 1998 591 1998 589 1998 589 1998 587 1998 585 1998 585 1998 583 1998 581 1998 581 3613 579 3613 577 3613 577 3415 575 3415 573 3415 573 3614 571 3614 569 3614 569 1998 567 1998 573 1998 567 1998 565 1998 573 1998 565 3268 563 3268 561 3268 561 1998 559 1998 557 1998 557 1998 555 1998 549 1998 555 1998 553 1998 549 1998 553 3615 551 3615 549 3615 549 3616 547 3616 541 3616 547 1998 545 1998 541 1998 545 1998 543 1998 541 1998 541 1998 539 1998 537 1998 537 1998 535 1998 541 1998 535 1998 533 1998 541 1998 533 3393 531 3393 525 3393 531 1998 529 1998 525 1998 529 1998 527 1998 525 1998 525 3617 523 3617 517 3617 523 3618 521 3618 517 3618 521 1998 519 1998 517 1998 517 3619 515 3619 513 3619 513 1998 511 1998 517 1998 511 1998 509 1998 517 1998 509 3503 507 3503 505 3503 505 1998 503 1998 501 1998 501 3620 499 3620 493 3620 499 1998 497 1998 493 1998 497 1998 495 1998 493 1998 493 3621 491 3621 489 3621 489 1998 487 1998 485 1998 485 3622 483 3622 481 3622 481 3427 479 3427 477 3427 477 1998 475 1998 469 1998 475 1998 473 1998 469 1998 473 3512 471 3512 469 3512 469 1998 467 1998 465 1998 465 1998 463 1998 469 1998 463 1998 461 1998 469 1998 461 3623 459 3623 457 3623 457 1998 455 1998 461 1998 455 1998 453 1998 461 1998 453 3624 451 3624 449 3624 449 1998 447 1998 453 1998 447 1998 445 1998 453 1998 445 3625 443 3625 441 3625 441 1998 439 1998 437 1998 437 3626 435 3626 433 3626 433 3627 431 3627 429 3627 429 1998 427 1998 425 1998 425 1998 423 1998 421 1998 421 3628 419 3628 417 3628 417 1998 415 1998 413 1998 413 3491 411 3491 405 3491 411 1998 409 1998 405 1998 409 1998 407 1998 405 1998 405 1998 403 1998 401 1998 401 3629 399 3629 397 3629 397 3242 395 3242 389 3242 395 1998 393 1998 389 1998 393 3630 391 3630 389 3630 389 1998 387 1998 385 1998 385 1998 383 1998 389 1998 383 1998 381 1998 389 1998 381 3631 379 3631 377 3631 377 3632 375 3632 381 3632 375 1998 373 1998 381 1998 373 3254 371 3254 365 3254 371 1998 369 1998 365 1998 369 1998 367 1998 365 1998 365 3488 363 3488 357 3488 363 1998 361 1998 357 1998 361 1998 359 1998 357 1998 357 1998 355 1998 353 1998 353 3633 351 3633 357 3633 351 1998 349 1998 357 1998 349 3415 347 3415 345 3415 345 1998 343 1998 349 1998 343 1998 341 1998 349 1998 341 1998 339 1998 333 1998 339 1998 337 1998 333 1998 337 1998 335 1998 333 1998 333 3634 331 3634 329 3634 329 3635 327 3635 333 3635 327 1998 325 1998 333 1998 325 3252 323 3252 317 3252 323 3391 321 3391 317 3391 321 3636 319 3636 317 3636 317 1998 315 1998 313 1998 313 1998 311 1998 317 1998 311 1998 309 1998 317 1998 309 1998 307 1998 305 1998 305 1998 303 1998 301 1998 301 3637 299 3637 297 3637 297 3439 295 3439 301 3439 295 3638 293 3638 301 3638 293 3639 291 3639 289 3639 289 1998 287 1998 285 1998 285 3445 283 3445 281 3445 281 1998 279 1998 285 1998 279 1998 277 1998 285 1998 277 3640 275 3640 269 3640 275 3641 273 3641 269 3641 273 1998 271 1998 269 1998 269 1998 267 1998 261 1998 267 1998 265 1998 261 1998 265 3642 263 3642 261 3642 261 1998 259 1998 257 1998 257 1998 255 1998 253 1998 253 3643 251 3643 249 3643 249 3644 247 3644 245 3644 245 1998 243 1998 241 1998 241 1998 239 1998 245 1998 239 3645 237 3645 245 3645 237 1998 235 1998 233 1998 233 1998 231 1998 229 1998 229 1998 227 1998 225 1998 225 1998 223 1998 229 1998 223 3646 221 3646 229 3646 221 1998 219 1998 217 1998 217 1998 215 1998 221 1998 215 3647 213 3647 221 3647 213 1998 211 1998 205 1998 211 1998 209 1998 205 1998 209 3243 207 3243 205 3243 205 1998 203 1998 201 1998 201 3474 199 3474 197 3474 197 1998 195 1998 193 1998 193 3648 191 3648 189 3648 189 1998 187 1998 185 1998 185 1998 183 1998 189 1998 183 1998 181 1998 189 1998 181 3488 179 3488 173 3488 179 3266 177 3266 173 3266 177 3649 175 3649 173 3649 173 1998 171 1998 169 1998 169 1998 167 1998 173 1998 167 3650 165 3650 173 3650 165 3651 163 3651 161 3651 161 1998 159 1998 157 1998 157 3652 155 3652 149 3652 155 1998 153 1998 149 1998 153 1998 151 1998 149 1998 149 1998 147 1998 141 1998 147 3476 145 3476 141 3476 145 1998 143 1998 141 1998 141 1998 139 1998 137 1998 137 1998 135 1998 133 1998 133 1998 131 1998 125 1998 131 3653 129 3653 125 3653 129 3654 127 3654 125 3654 125 3655 123 3655 121 3655 121 1998 119 1998 125 1998 119 1998 117 1998 125 1998 117 1998 115 1998 113 1998 113 1998 111 1998 109 1998 109 1998 107 1998 101 1998 107 3656 105 3656 101 3656 105 3657 103 3657 101 3657 101 3658 99 3658 97 3658 97 3659 95 3659 93 3659 93 1998 91 1998 89 1998 89 1998 87 1998 85 1998 85 1998 83 1998 77 1998 83 1998 81 1998 77 1998 81 1998 79 1998 77 1998 77 1998 75 1998 69 1998 75 1998 73 1998 69 1998 73 1998 71 1998 69 1998 69 3660 67 3660 65 3660 65 1998 63 1998 69 1998 63 3661 61 3661 69 3661 61 1998 59 1998 57 1998 57 3662 55 3662 53 3662 53 3662 51 3662 49 3662 49 3447 47 3447 45 3447 45 3663 43 3663 41 3663 41 3660 39 3660 37 3660 37 1998 35 1998 33 1998 33 1998 31 1998 37 1998 31 3664 29 3664 37 3664 29 3462 27 3462 25 3462 25 3665 23 3665 21 3665 21 3666 19 3666 17 3666 17 1998 15 1998 21 1998 15 1998 13 1998 21 1998 13 1998 11 1998 9 1998 9 1998 7 1998 5 1998 5 1998 1 1998 3997 1998 3973 3667 3969 3667 3957 3667 3969 3668 3965 3668 3957 3668 3949 1998 3945 1998 3957 1998 3945 3669 3941 3669 3957 3669 3941 1998 3937 1998 3925 1998 3937 1998 3933 1998 3925 1998 3901 1998 3897 1998 3909 1998 3897 1998 3893 1998 3909 1998 3821 1998 3817 1998 3829 1998 3817 1998 3813 1998 3829 1998 3813 3670 3809 3670 3797 3670 3809 1998 3805 1998 3797 1998 3805 3671 3801 3671 3797 3671 3789 1998 3785 1998 3797 1998 3785 1998 3781 1998 3797 1998 3781 1998 3777 1998 3765 1998 3777 1998 3773 1998 3765 1998 3773 1998 3769 1998 3765 1998 3765 3672 3761 3672 3757 3672 3757 1998 3753 1998 3765 1998 3753 1998 3749 1998 3765 1998 3733 3673 3729 3673 3725 3673 3701 1998 3697 1998 3685 1998 3697 3674 3693 3674 3685 3674 3685 3675 3681 3675 3677 3675 3677 3676 3673 3676 3669 3676 3669 1998 3665 1998 3653 1998 3665 1998 3661 1998 3653 1998 3653 1998 3649 1998 3645 1998 3645 1998 3641 1998 3653 1998 3641 1998 3637 1998 3653 1998 3597 3677 3593 3677 3605 3677 3593 1998 3589 1998 3605 1998 3589 1998 3585 1998 3581 1998 3581 3678 3577 3678 3589 3678 3577 1998 3573 1998 3589 1998 3565 1998 3561 1998 3573 1998 3561 3679 3557 3679 3573 3679 3541 3680 3537 3680 3525 3680 3537 3681 3533 3681 3525 3681 3525 3682 3521 3682 3509 3682 3521 3473 3517 3473 3509 3473 3517 3683 3513 3683 3509 3683 3445 1998 3441 1998 3429 1998 3441 1998 3437 1998 3429 1998 3405 1998 3401 1998 3413 1998 3401 1998 3397 1998 3413 1998 3373 1998 3369 1998 3381 1998 3369 1998 3365 1998 3381 1998 3357 3684 3353 3684 3365 3684 3353 3685 3349 3685 3365 3685 3349 1998 3345 1998 3333 1998 3345 3686 3341 3686 3333 3686 3317 1998 3313 1998 3301 1998 3313 1998 3309 1998 3301 1998 3293 1998 3289 1998 3285 1998 3245 1998 3241 1998 3237 1998 3237 1998 3233 1998 3221 1998 3233 3687 3229 3687 3221 3687 3213 1998 3209 1998 3221 1998 3209 1998 3205 1998 3221 1998 3205 3688 3201 3688 3189 3688 3201 3689 3197 3689 3189 3689 3189 3690 3185 3690 3173 3690 3185 1998 3181 1998 3173 1998 3165 1998 3161 1998 3173 1998 3161 1998 3157 1998 3173 1998 3149 3691 3145 3691 3157 3691 3145 1998 3141 1998 3157 1998 3117 3692 3113 3692 3125 3692 3113 1998 3109 1998 3125 1998 3109 1998 3105 1998 3093 1998 3105 3693 3101 3693 3093 3693 3093 1998 3089 1998 3077 1998 3089 1998 3085 1998 3077 1998 3061 1998 3057 1998 3053 1998 3029 1998 3025 1998 3013 1998 3025 1998 3021 1998 3013 1998 3013 3694 3009 3694 3005 3694 3005 3695 3001 3695 3013 3695 3001 1998 2997 1998 3013 1998 2973 3696 2969 3696 2965 3696 2909 3697 2905 3697 2917 3697 2905 1998 2901 1998 2917 1998 2901 1998 2897 1998 2893 1998 2893 1998 2889 1998 2885 1998 2869 1998 2865 1998 2853 1998 2865 1998 2861 1998 2853 1998 2829 1998 2825 1998 2837 1998 2825 1998 2821 1998 2837 1998 2821 3698 2817 3698 2813 3698 2805 3699 2801 3699 2789 3699 2801 3700 2797 3700 2789 3700 2765 1998 2761 1998 2773 1998 2761 1998 2757 1998 2773 1998 2757 1998 2753 1998 2741 1998 2753 1998 2749 1998 2741 1998 2733 1998 2729 1998 2741 1998 2729 1998 2725 1998 2741 1998 2725 3701 2721 3701 2717 3701 2701 1998 2697 1998 2709 1998 2697 1998 2693 1998 2709 1998 2693 1998 2689 1998 2685 1998 2669 3702 2665 3702 2661 3702 2621 1998 2617 1998 2629 1998 2617 1998 2613 1998 2629 1998 2605 3703 2601 3703 2597 3703 2589 1998 2585 1998 2581 1998 2573 1998 2569 1998 2581 1998 2569 1998 2565 1998 2581 1998 2557 1998 2553 1998 2565 1998 2553 1998 2549 1998 2565 1998 2549 1998 2545 1998 2541 1998 2541 1998 2537 1998 2533 1998 2517 1998 2513 1998 2501 1998 2513 3704 2509 3704 2501 3704 2485 3705 2481 3705 2477 3705 2477 1998 2473 1998 2485 1998 2473 1998 2469 1998 2485 1998 2469 1998 2465 1998 2453 1998 2465 1998 2461 1998 2453 1998 2437 1998 2433 1998 2421 1998 2433 1998 2429 1998 2421 1998 2429 3706 2425 3706 2421 3706 2421 1998 2417 1998 2405 1998 2417 3707 2413 3707 2405 3707 2365 1998 2361 1998 2373 1998 2361 1998 2357 1998 2373 1998 2349 1998 2345 1998 2341 1998 2333 1998 2329 1998 2341 1998 2329 1998 2325 1998 2341 1998 2301 1998 2297 1998 2309 1998 2297 3708 2293 3708 2309 3708 2285 1998 2281 1998 2293 1998 2281 1998 2277 1998 2293 1998 2277 1998 2273 1998 2261 1998 2273 1998 2269 1998 2261 1998 2245 1998 2241 1998 2229 1998 2241 1998 2237 1998 2229 1998 2221 3709 2217 3709 2213 3709 2213 1998 2209 1998 2197 1998 2209 3710 2205 3710 2197 3710 2205 3711 2201 3711 2197 3711 2181 1998 2177 1998 2165 1998 2177 3712 2173 3712 2165 3712 2165 1998 2161 1998 2149 1998 2161 1998 2157 1998 2149 1998 2133 3713 2129 3713 2125 3713 2125 1998 2121 1998 2133 1998 2121 1998 2117 1998 2133 1998 2101 1998 2097 1998 2085 1998 2097 3714 2093 3714 2085 3714 2077 1998 2073 1998 2085 1998 2073 1998 2069 1998 2085 1998 2069 1998 2065 1998 2061 1998 2061 1998 2057 1998 2069 1998 2057 1998 2053 1998 2069 1998 2045 3715 2041 3715 2053 3715 2041 1998 2037 1998 2053 1998 2029 1998 2025 1998 2037 1998 2025 1998 2021 1998 2037 1998 2021 1998 2017 1998 2005 1998 2017 1998 2013 1998 2005 1998 2005 1998 2001 1998 1989 1998 2001 1998 1997 1998 1989 1998 1989 1998 1985 1998 1981 1998 1981 1998 1977 1998 1989 1998 1977 1998 1973 1998 1989 1998 1965 3716 1961 3716 1973 3716 1961 3717 1957 3717 1973 3717 1941 1998 1937 1998 1933 1998 1925 3718 1921 3718 1917 3718 1901 1998 1897 1998 1909 1998 1897 1998 1893 1998 1909 1998 1893 3719 1889 3719 1877 3719 1889 1998 1885 1998 1877 1998 1845 3720 1841 3720 1829 3720 1841 3721 1837 3721 1829 3721 1805 1998 1801 1998 1813 1998 1801 1998 1797 1998 1813 1998 1797 3722 1793 3722 1781 3722 1793 3723 1789 3723 1781 3723 1773 3724 1769 3724 1781 3724 1769 3674 1765 3674 1781 3674 1765 1998 1761 1998 1749 1998 1761 1998 1757 1998 1749 1998 1741 1998 1737 1998 1749 1998 1737 3710 1733 3710 1749 3710 1725 1998 1721 1998 1733 1998 1721 1998 1717 1998 1733 1998 1717 1998 1713 1998 1709 1998 1701 1998 1697 1998 1685 1998 1697 3725 1693 3725 1685 3725 1685 1998 1681 1998 1677 1998 1677 3726 1673 3726 1685 3726 1673 1998 1669 1998 1685 1998 1653 3727 1649 3727 1637 3727 1649 1998 1645 1998 1637 1998 1637 3728 1633 3728 1629 3728 1621 1998 1617 1998 1605 1998 1617 1998 1613 1998 1605 1998 1605 3729 1601 3729 1589 3729 1601 1998 1597 1998 1589 1998 1589 1998 1585 1998 1573 1998 1585 1998 1581 1998 1573 1998 1581 1998 1577 1998 1573 1998 1573 3730 1569 3730 1565 3730 1549 1998 1545 1998 1557 1998 1545 1998 1541 1998 1557 1998 1541 3731 1537 3731 1525 3731 1537 3732 1533 3732 1525 3732 1501 1998 1497 1998 1509 1998 1497 1998 1493 1998 1509 1998 1485 1998 1481 1998 1493 1998 1481 1998 1477 1998 1493 1998 1477 1998 1473 1998 1461 1998 1473 1998 1469 1998 1461 1998 1453 3733 1449 3733 1461 3733 1449 1998 1445 1998 1461 1998 1445 1998 1441 1998 1429 1998 1441 1998 1437 1998 1429 1998 1405 3734 1401 3734 1413 3734 1401 1998 1397 1998 1413 1998 1389 1998 1385 1998 1397 1998 1385 1998 1381 1998 1397 1998 1381 1998 1377 1998 1365 1998 1377 1998 1373 1998 1365 1998 1349 1998 1345 1998 1341 1998 1285 1998 1281 1998 1269 1998 1281 3735 1277 3735 1269 3735 1269 1998 1265 1998 1253 1998 1265 3736 1261 3736 1253 3736 1253 1998 1249 1998 1237 1998 1249 1998 1245 1998 1237 1998 1237 3737 1233 3737 1229 3737 1221 1998 1217 1998 1205 1998 1217 3738 1213 3738 1205 3738 1157 1998 1153 1998 1141 1998 1153 1998 1149 1998 1141 1998 1149 1998 1145 1998 1141 1998 1141 3739 1137 3739 1133 3739 1093 3740 1089 3740 1077 3740 1089 1998 1085 1998 1077 1998 1077 1998 1073 1998 1069 1998 1021 3741 1017 3741 1013 3741 989 1998 985 1998 997 1998 985 1998 981 1998 997 1998 981 1998 977 1998 965 1998 977 1998 973 1998 965 1998 973 1998 969 1998 965 1998 917 1998 913 1998 909 1998 909 1998 905 1998 917 1998 905 1998 901 1998 917 1998 893 1998 889 1998 901 1998 889 1998 885 1998 901 1998 861 1998 857 1998 869 1998 857 3742 853 3742 869 3742 853 1998 849 1998 845 1998 845 1998 841 1998 837 1998 829 1998 825 1998 821 1998 805 3736 801 3736 789 3736 801 3743 797 3743 789 3743 797 3744 793 3744 789 3744 781 1998 777 1998 789 1998 777 3745 773 3745 789 3745 765 1998 761 1998 773 1998 761 1998 757 1998 773 1998 749 3746 745 3746 757 3746 745 1998 741 1998 757 1998 741 1998 737 1998 725 1998 737 1998 733 1998 725 1998 701 3747 697 3747 693 3747 693 3726 689 3726 677 3726 689 3748 685 3748 677 3748 653 1998 649 1998 661 1998 649 1998 645 1998 661 1998 597 1998 593 1998 581 1998 593 3731 589 3731 581 3731 589 1998 585 1998 581 1998 581 1998 577 1998 565 1998 577 3749 573 3749 565 3749 565 3750 561 3750 549 3750 561 3751 557 3751 549 3751 509 1998 505 1998 517 1998 505 1998 501 1998 517 1998 493 1998 489 1998 501 1998 489 1998 485 1998 501 1998 485 1998 481 1998 477 1998 445 3752 441 3752 437 3752 437 3753 433 3753 421 3753 433 1998 429 1998 421 1998 429 3754 425 3754 421 3754 421 1998 417 1998 405 1998 417 1998 413 1998 405 1998 405 3674 401 3674 389 3674 401 3755 397 3755 389 3755 309 3756 305 3756 301 3756 293 1998 289 1998 285 1998 261 1998 257 1998 253 1998 253 1998 249 1998 261 1998 249 1998 245 1998 261 1998 237 1998 233 1998 229 1998 205 1998 201 1998 213 1998 201 3757 197 3757 213 3757 197 1998 193 1998 181 1998 193 1998 189 1998 181 1998 165 3758 161 3758 149 3758 161 1998 157 1998 149 1998 141 1998 137 1998 133 1998 117 3759 113 3759 101 3759 113 1998 109 1998 101 1998 101 3760 97 3760 85 3760 97 1998 93 1998 85 1998 93 1998 89 1998 85 1998 61 1998 57 1998 69 1998 57 1998 53 1998 69 1998 53 3761 49 3761 37 3761 49 3669 45 3669 37 3669 45 1998 41 1998 37 1998 29 1998 25 1998 37 1998 25 3762 21 3762 37 3762 13 1998 9 1998 21 1998 9 1998 5 1998 21 1998 5 1998 3997 1998 3989 1998 3989 1998 3981 1998 5 1998 3981 1998 3973 1998 5 1998 3925 1998 3917 1998 3909 1998 3893 1998 3885 1998 3909 1998 3885 1998 3877 1998 3909 1998 3877 1998 3869 1998 3845 1998 3869 3763 3861 3763 3845 3763 3861 3764 3853 3764 3845 3764 3845 1998 3837 1998 3813 1998 3837 1998 3829 1998 3813 1998 3749 3765 3741 3765 3733 3765 3733 1998 3725 1998 3749 1998 3725 3766 3717 3766 3749 3766 3717 1998 3709 1998 3701 1998 3685 1998 3677 1998 3653 1998 3677 3767 3669 3767 3653 3767 3637 3768 3629 3768 3621 3768 3621 3769 3613 3769 3605 3769 3557 3770 3549 3770 3525 3770 3549 1998 3541 1998 3525 1998 3509 1998 3501 1998 3493 1998 3493 1998 3485 1998 3461 1998 3485 1998 3477 1998 3461 1998 3477 1998 3469 1998 3461 1998 3461 3771 3453 3771 3445 3771 3429 3772 3421 3772 3413 3772 3397 3773 3389 3773 3381 3773 3333 1998 3325 1998 3301 1998 3325 3774 3317 3774 3301 3774 3301 3775 3293 3775 3285 3775 3285 3776 3277 3776 3301 3776 3277 1998 3269 1998 3301 1998 3269 3777 3261 3777 3253 3777 3253 1998 3245 1998 3237 1998 3141 1998 3133 1998 3109 1998 3133 3778 3125 3778 3109 3778 3077 1998 3069 1998 3061 1998 3061 1998 3053 1998 3077 1998 3053 1998 3045 1998 3077 1998 3045 3779 3037 3779 3013 3779 3037 1998 3029 1998 3013 1998 2997 3780 2989 3780 2981 3780 2981 1998 2973 1998 2949 1998 2973 1998 2965 1998 2949 1998 2965 1998 2957 1998 2949 1998 2949 1998 2941 1998 2917 1998 2941 3781 2933 3781 2917 3781 2933 3782 2925 3782 2917 3782 2901 1998 2893 1998 2885 1998 2885 1998 2877 1998 2853 1998 2877 1998 2869 1998 2853 1998 2853 1998 2845 1998 2837 1998 2821 1998 2813 1998 2789 1998 2813 1998 2805 1998 2789 1998 2789 3783 2781 3783 2773 3783 2725 1998 2717 1998 2693 1998 2717 3784 2709 3784 2693 3784 2693 3785 2685 3785 2661 3785 2685 3786 2677 3786 2661 3786 2677 3787 2669 3787 2661 3787 2661 3788 2653 3788 2645 3788 2645 1998 2637 1998 2661 1998 2637 1998 2629 1998 2661 1998 2613 1998 2605 1998 2597 1998 2597 3789 2589 3789 2581 3789 2549 1998 2541 1998 2565 1998 2541 1998 2533 1998 2565 1998 2533 1998 2525 1998 2501 1998 2525 3790 2517 3790 2501 3790 2501 3791 2493 3791 2485 3791 2453 3792 2445 3792 2469 3792 2445 1998 2437 1998 2469 1998 2405 3793 2397 3793 2389 3793 2389 1998 2381 1998 2373 1998 2357 3794 2349 3794 2341 3794 2325 3795 2317 3795 2341 3795 2317 1998 2309 1998 2341 1998 2261 1998 2253 1998 2277 1998 2253 3796 2245 3796 2277 3796 2229 1998 2221 1998 2245 1998 2221 1998 2213 1998 2245 1998 2197 3797 2189 3797 2181 3797 2149 1998 2141 1998 2117 1998 2141 3798 2133 3798 2117 3798 2117 3799 2109 3799 2085 3799 2109 3800 2101 3800 2085 3800 1957 3801 1949 3801 1941 3801 1941 3802 1933 3802 1925 3802 1925 1998 1917 1998 1909 1998 1877 1998 1869 1998 1893 1998 1869 3803 1861 3803 1893 3803 1861 1998 1853 1998 1829 1998 1853 1998 1845 1998 1829 1998 1829 1998 1821 1998 1797 1998 1821 3804 1813 3804 1797 3804 1717 1998 1709 1998 1701 1998 1669 1998 1661 1998 1637 1998 1661 3805 1653 3805 1637 3805 1637 3806 1629 3806 1605 3806 1629 1998 1621 1998 1605 1998 1573 1998 1565 1998 1557 1998 1525 3787 1517 3787 1509 3787 1429 1998 1421 1998 1445 1998 1421 1998 1413 1998 1445 1998 1365 3807 1357 3807 1349 3807 1349 1998 1341 1998 1317 1998 1341 1998 1333 1998 1317 1998 1333 3769 1325 3769 1317 3769 1317 1998 1309 1998 1301 1998 1301 1998 1293 1998 1317 1998 1293 1998 1285 1998 1317 1998 1237 1998 1229 1998 1253 1998 1229 1998 1221 1998 1253 1998 1205 1998 1197 1998 1189 1998 1189 3808 1181 3808 1173 3808 1173 3809 1165 3809 1157 3809 1141 1998 1133 1998 1125 1998 1125 1998 1117 1998 1093 1998 1117 1998 1109 1998 1093 1998 1109 3810 1101 3810 1093 3810 1077 3811 1069 3811 1061 3811 1061 1998 1053 1998 1029 1998 1053 3812 1045 3812 1029 3812 1045 3813 1037 3813 1029 3813 1029 3814 1021 3814 1013 3814 1013 1998 1005 1998 1029 1998 1005 3815 997 3815 1029 3815 965 3816 957 3816 949 3816 949 3817 941 3817 965 3817 941 3818 933 3818 965 3818 933 3819 925 3819 901 3819 925 3820 917 3820 901 3820 885 3821 877 3821 869 3821 853 1998 845 1998 869 1998 845 1998 837 1998 869 1998 837 3822 829 3822 821 3822 821 3823 813 3823 805 3823 725 1998 717 1998 709 1998 709 3824 701 3824 677 3824 701 3825 693 3825 677 3825 677 1998 669 1998 661 1998 645 3826 637 3826 629 3826 629 1998 621 1998 645 1998 621 1998 613 1998 645 1998 613 3827 605 3827 581 3827 605 3828 597 3828 581 3828 549 1998 541 1998 517 1998 541 3829 533 3829 517 3829 533 1998 525 1998 517 1998 485 3830 477 3830 469 3830 469 3831 461 3831 453 3831 453 3832 445 3832 421 3832 445 3833 437 3833 421 3833 389 1998 381 1998 373 1998 373 1998 365 1998 357 1998 357 3834 349 3834 341 3834 341 1998 333 1998 357 1998 333 1998 325 1998 357 1998 325 3835 317 3835 309 3835 309 1998 301 1998 325 1998 301 1998 293 1998 325 1998 293 3836 285 3836 261 3836 285 1998 277 1998 261 1998 277 1998 269 1998 261 1998 245 1998 237 1998 261 1998 237 1998 229 1998 261 1998 229 1998 221 1998 197 1998 221 3796 213 3796 197 3796 181 1998 173 1998 197 1998 173 3837 165 3837 197 3837 149 3838 141 3838 133 3838 133 1998 125 1998 101 1998 125 3839 117 3839 101 3839 85 3802 77 3802 69 3802 3973 3840 3957 3840 3941 3840 3941 3841 3925 3841 3877 3841 3925 1998 3909 1998 3877 1998 3813 1998 3797 1998 3749 1998 3797 3842 3781 3842 3749 3842 3781 3843 3765 3843 3749 3843 3717 3844 3701 3844 3749 3844 3701 3845 3685 3845 3749 3845 3653 1998 3637 1998 3621 1998 3621 3846 3605 3846 3589 3846 3589 1998 3573 1998 3621 1998 3573 1998 3557 1998 3621 1998 3525 1998 3509 1998 3557 1998 3509 1998 3493 1998 3557 1998 3461 1998 3445 1998 3493 1998 3445 1998 3429 1998 3493 1998 3429 1998 3413 1998 3397 1998 3397 1998 3381 1998 3429 1998 3381 1998 3365 1998 3429 1998 3365 1998 3349 1998 3333 1998 3269 1998 3253 1998 3301 1998 3253 1998 3237 1998 3301 1998 3237 1998 3221 1998 3205 1998 3205 1998 3189 1998 3237 1998 3189 1998 3173 1998 3237 1998 3173 1998 3157 1998 3141 1998 3109 3847 3093 3847 3077 3847 3013 3848 2997 3848 2981 3848 2917 3849 2901 3849 2885 3849 2853 1998 2837 1998 2789 1998 2837 1998 2821 1998 2789 1998 2789 3850 2773 3850 2757 3850 2757 1998 2741 1998 2789 1998 2741 3851 2725 3851 2789 3851 2629 1998 2613 1998 2661 1998 2613 3852 2597 3852 2661 3852 2597 1998 2581 1998 2533 1998 2581 1998 2565 1998 2533 1998 2501 1998 2485 1998 2469 1998 2437 1998 2421 1998 2405 1998 2405 3853 2389 3853 2373 3853 2373 3854 2357 3854 2341 3854 2309 3855 2293 3855 2277 3855 2213 1998 2197 1998 2149 1998 2197 1998 2181 1998 2149 1998 2181 3856 2165 3856 2149 3856 2085 1998 2069 1998 2021 1998 2069 3857 2053 3857 2021 3857 2053 1998 2037 1998 2021 1998 2021 3858 2005 3858 1989 3858 1989 3859 1973 3859 1957 3859 1957 3860 1941 3860 1893 3860 1941 1998 1925 1998 1893 1998 1925 3861 1909 3861 1893 3861 1797 1998 1781 1998 1829 1998 1781 1998 1765 1998 1829 1998 1765 1998 1749 1998 1733 1998 1733 3862 1717 3862 1701 3862 1701 1998 1685 1998 1637 1998 1685 1998 1669 1998 1637 1998 1605 3863 1589 3863 1573 3863 1573 3864 1557 3864 1509 3864 1557 1998 1541 1998 1509 1998 1541 3865 1525 3865 1509 3865 1509 1998 1493 1998 1477 1998 1477 1998 1461 1998 1509 1998 1461 3866 1445 3866 1509 3866 1413 1998 1397 1998 1381 1998 1381 1998 1365 1998 1317 1998 1365 1998 1349 1998 1317 1998 1285 3867 1269 3867 1317 3867 1269 3868 1253 3868 1317 3868 1221 1998 1205 1998 1253 1998 1205 3869 1189 3869 1253 3869 1189 3870 1173 3870 1157 3870 1157 1998 1141 1998 1189 1998 1141 1998 1125 1998 1189 1998 1093 3871 1077 3871 1125 3871 1077 1998 1061 1998 1125 1998 997 3872 981 3872 965 3872 901 1998 885 1998 869 1998 837 1998 821 1998 869 1998 821 3873 805 3873 869 3873 805 1998 789 1998 741 1998 789 3874 773 3874 741 3874 773 3875 757 3875 741 3875 741 1998 725 1998 677 1998 725 1998 709 1998 677 1998 677 1998 661 1998 613 1998 661 1998 645 1998 613 1998 581 1998 565 1998 549 1998 517 1998 501 1998 485 1998 485 1998 469 1998 421 1998 469 1998 453 1998 421 1998 421 1998 405 1998 389 1998 389 3876 373 3876 357 3876 165 1998 149 1998 101 1998 149 1998 133 1998 101 1998 101 3877 85 3877 69 3877 69 3878 53 3878 37 3878 37 3879 21 3879 5 3879 5 3880 3973 3880 37 3880 3973 1998 3941 1998 37 1998 3877 1998 3845 1998 3941 1998 3845 1998 3813 1998 3941 1998 3685 1998 3653 1998 3621 1998 3365 1998 3333 1998 3301 1998 3173 1998 3141 1998 3109 1998 3109 1998 3077 1998 3173 1998 3077 3881 3045 3881 3173 3881 3045 1998 3013 1998 2917 1998 3013 3882 2981 3882 2917 3882 2981 3883 2949 3883 2917 3883 2917 1998 2885 1998 2789 1998 2885 1998 2853 1998 2789 1998 2725 1998 2693 1998 2789 1998 2693 1998 2661 1998 2789 1998 2533 3884 2501 3884 2405 3884 2501 1998 2469 1998 2405 1998 2469 1998 2437 1998 2405 1998 2405 1998 2373 1998 2341 1998 2341 1998 2309 1998 2277 1998 2277 3885 2245 3885 2213 3885 2149 3886 2117 3886 2021 3886 2117 3887 2085 3887 2021 3887 2021 3888 1989 3888 1893 3888 1989 1998 1957 1998 1893 1998 1893 1998 1861 1998 1829 1998 1765 1998 1733 1998 1637 1998 1733 1998 1701 1998 1637 1998 1637 1998 1605 1998 1509 1998 1605 1998 1573 1998 1509 1998 1445 3889 1413 3889 1509 3889 1413 1998 1381 1998 1509 1998 1061 1998 1029 1998 1125 1998 1029 1998 997 1998 1125 1998 997 3890 965 3890 869 3890 965 3891 933 3891 869 3891 933 1998 901 1998 869 1998 613 3892 581 3892 485 3892 581 3893 549 3893 485 3893 549 1998 517 1998 485 1998 421 1998 389 1998 357 1998 357 3894 325 3894 293 3894 293 1998 261 1998 357 1998 261 1998 229 1998 357 1998 229 3895 197 3895 165 3895 101 3896 69 3896 3941 3896 69 1998 37 1998 3941 1998 3813 3897 3749 3897 3685 3897 3685 3898 3621 3898 3429 3898 3621 3899 3557 3899 3429 3899 3557 3900 3493 3900 3429 3900 3429 1998 3365 1998 3301 1998 3301 3901 3237 3901 3429 3901 3237 3902 3173 3902 3429 3902 2661 1998 2597 1998 2405 1998 2597 1998 2533 1998 2405 1998 2405 1998 2341 1998 2149 1998 2341 3903 2277 3903 2149 3903 2277 3904 2213 3904 2149 3904 1893 3905 1829 3905 1765 3905 1381 3906 1317 3906 1125 3906 1317 1998 1253 1998 1125 1998 1253 1998 1189 1998 1125 1998 869 3907 805 3907 741 3907 741 3908 677 3908 869 3908 677 1998 613 1998 869 1998 485 1998 421 1998 613 1998 421 1998 357 1998 613 1998 229 1998 165 1998 357 1998 165 1998 101 1998 357 1998 3941 1998 3813 1998 3685 1998 3173 3909 3045 3909 2661 3909 3045 3910 2917 3910 2661 3910 2917 3911 2789 3911 2661 3911 2149 1998 2021 1998 1893 1998 1893 3912 1765 3912 1637 3912 1637 1998 1509 1998 1381 1998 1125 1998 997 1998 869 1998 101 1998 3941 1998 3685 1998 3685 1998 3429 1998 101 1998 3429 1998 3173 1998 101 1998 2661 3913 2405 3913 2149 3913 2149 1998 1893 1998 1637 1998 1637 3914 1381 3914 1125 3914 1125 1998 869 1998 101 1998 869 3915 613 3915 101 3915 613 3916 357 3916 101 3916 3173 3917 2661 3917 101 3917 2661 1998 2149 1998 101 1998 2149 3918 1637 3918 101 3918 3997 3919 3999 3919 3998 3919 3999 2000 1 2000 0 2000 3998 2001 0 2001 2 2001 2 2001 4 2001 3998 2001 4 2001 6 2001 3998 2001 6 2001 8 2001 14 2001 8 2001 10 2001 14 2001 10 2001 12 2001 14 2001 14 2001 16 2001 18 2001 18 3920 20 3920 22 3920 22 2001 24 2001 30 2001 24 2001 26 2001 30 2001 26 3921 28 3921 30 3921 30 3922 32 3922 34 3922 34 2001 36 2001 30 2001 36 2001 38 2001 30 2001 38 3923 40 3923 46 3923 40 3924 42 3924 46 3924 42 2001 44 2001 46 2001 46 2001 48 2001 50 2001 50 2001 52 2001 54 2001 54 3925 56 3925 62 3925 56 3926 58 3926 62 3926 58 3927 60 3927 62 3927 62 3928 64 3928 66 3928 66 2001 68 2001 62 2001 68 2001 70 2001 62 2001 70 3929 72 3929 74 3929 74 2001 76 2001 78 2001 78 3930 80 3930 82 3930 82 3931 84 3931 86 3931 86 3932 88 3932 94 3932 88 2001 90 2001 94 2001 90 3933 92 3933 94 3933 94 3934 96 3934 98 3934 98 3935 100 3935 102 3935 102 3936 104 3936 106 3936 106 3937 108 3937 110 3937 110 2001 112 2001 118 2001 112 2001 114 2001 118 2001 114 3938 116 3938 118 3938 118 3939 120 3939 126 3939 120 2001 122 2001 126 2001 122 3940 124 3940 126 3940 126 2001 128 2001 130 2001 130 2001 132 2001 134 2001 134 2001 136 2001 138 2001 138 2001 140 2001 134 2001 140 2001 142 2001 134 2001 142 3941 144 3941 146 3941 146 2001 148 2001 150 2001 150 3942 152 3942 154 3942 154 2001 156 2001 158 2001 158 2001 160 2001 166 2001 160 2001 162 2001 166 2001 162 2001 164 2001 166 2001 166 3943 168 3943 170 3943 170 2001 172 2001 166 2001 172 2001 174 2001 166 2001 174 2001 176 2001 182 2001 176 2001 178 2001 182 2001 178 2001 180 2001 182 2001 182 2001 184 2001 186 2001 186 2001 188 2001 190 2001 190 2001 192 2001 194 2001 194 3944 196 3944 198 3944 198 3945 200 3945 206 3945 200 2001 202 2001 206 2001 202 2001 204 2001 206 2001 206 3946 208 3946 210 3946 210 2001 212 2001 214 2001 214 3947 216 3947 218 3947 218 2001 220 2001 222 2001 222 3948 224 3948 226 3948 226 3949 228 3949 230 3949 230 3950 232 3950 238 3950 232 2001 234 2001 238 2001 234 2001 236 2001 238 2001 238 3951 240 3951 242 3951 242 2001 244 2001 238 2001 244 3952 246 3952 238 3952 246 3953 248 3953 250 3953 250 3954 252 3954 254 3954 254 3955 256 3955 258 3955 258 2001 260 2001 254 2001 260 2001 262 2001 254 2001 262 2001 264 2001 266 2001 266 2001 268 2001 270 2001 270 2001 272 2001 274 2001 274 3956 276 3956 278 3956 278 3957 280 3957 282 3957 282 2001 284 2001 278 2001 284 2001 286 2001 278 2001 286 2001 288 2001 294 2001 288 3952 290 3952 294 3952 290 3958 292 3958 294 3958 294 3959 296 3959 298 3959 298 2001 300 2001 294 2001 300 2001 302 2001 294 2001 302 2001 304 2001 310 2001 304 2001 306 2001 310 2001 306 3960 308 3960 310 3960 310 3961 312 3961 314 3961 314 2001 316 2001 310 2001 316 2001 318 2001 310 2001 318 3962 320 3962 322 3962 322 3963 324 3963 318 3963 324 2001 326 2001 318 2001 326 2001 328 2001 330 2001 330 3964 332 3964 326 3964 332 2001 334 2001 326 2001 334 3965 336 3965 338 3965 338 2001 340 2001 334 2001 340 2001 342 2001 334 2001 342 2001 344 2001 346 2001 346 3966 348 3966 342 3966 348 2001 350 2001 342 2001 350 2001 352 2001 354 2001 354 3957 356 3957 350 3957 356 3967 358 3967 350 3967 358 2001 360 2001 362 2001 362 2001 364 2001 366 2001 366 2001 368 2001 370 2001 370 2001 372 2001 374 2001 374 2001 376 2001 378 2001 378 2001 380 2001 374 2001 380 2001 382 2001 374 2001 382 3968 384 3968 386 3968 386 2001 388 2001 382 2001 388 2001 390 2001 382 2001 390 3969 392 3969 394 3969 394 3970 396 3970 398 3970 398 3971 400 3971 406 3971 400 3972 402 3972 406 3972 402 3973 404 3973 406 3973 406 2001 408 2001 410 2001 410 2001 412 2001 414 2001 414 3974 416 3974 418 3974 418 2001 420 2001 414 2001 420 3975 422 3975 414 3975 422 2001 424 2001 430 2001 424 3964 426 3964 430 3964 426 2001 428 2001 430 2001 430 2001 432 2001 434 2001 434 3976 436 3976 438 3976 438 3977 440 3977 442 3977 442 2001 444 2001 438 2001 444 2001 446 2001 438 2001 446 3978 448 3978 454 3978 448 3979 450 3979 454 3979 450 3980 452 3980 454 3980 454 2001 456 2001 462 2001 456 2001 458 2001 462 2001 458 2001 460 2001 462 2001 462 3981 464 3981 466 3981 466 2001 468 2001 462 2001 468 2001 470 2001 462 2001 470 2001 472 2001 474 2001 474 2001 476 2001 478 2001 478 2001 480 2001 486 2001 480 2001 482 2001 486 2001 482 3982 484 3982 486 3982 486 3983 488 3983 490 3983 490 2001 492 2001 494 2001 494 2001 496 2001 498 2001 498 2001 500 2001 502 2001 502 2001 504 2001 510 2001 504 3984 506 3984 510 3984 506 3976 508 3976 510 3976 510 2001 512 2001 514 2001 514 2001 516 2001 518 2001 518 2001 520 2001 526 2001 520 2001 522 2001 526 2001 522 3985 524 3985 526 3985 526 2001 528 2001 530 2001 530 2001 532 2001 534 2001 534 2001 536 2001 538 2001 538 2001 540 2001 534 2001 540 2001 542 2001 534 2001 542 2001 544 2001 546 2001 546 2001 548 2001 542 2001 548 3986 550 3986 542 3986 550 3987 552 3987 554 3987 554 3988 556 3988 558 3988 558 3989 560 3989 566 3989 560 3990 562 3990 566 3990 562 3991 564 3991 566 3991 566 2001 568 2001 570 2001 570 2001 572 2001 566 2001 572 2001 574 2001 566 2001 574 3992 576 3992 578 3992 578 2001 580 2001 582 2001 582 2001 584 2001 590 2001 584 2001 586 2001 590 2001 586 2001 588 2001 590 2001 590 2001 592 2001 594 2001 594 3993 596 3993 590 3993 596 3994 598 3994 590 3994 598 3995 600 3995 602 3995 602 2001 604 2001 606 2001 606 3996 608 3996 610 3996 610 3997 612 3997 614 3997 614 2001 616 2001 618 2001 618 2001 620 2001 614 2001 620 2001 622 2001 614 2001 622 3998 624 3998 630 3998 624 3999 626 3999 630 3999 626 2001 628 2001 630 2001 630 4000 632 4000 634 4000 634 2001 636 2001 638 2001 638 2001 640 2001 642 2001 642 2001 644 2001 646 2001 646 2001 648 2001 650 2001 650 2001 652 2001 646 2001 652 4001 654 4001 646 4001 654 2001 656 2001 658 2001 658 2001 660 2001 654 2001 660 2001 662 2001 654 2001 662 4002 664 4002 666 4002 666 2001 668 2001 670 2001 670 4003 672 4003 674 4003 674 2001 676 2001 670 2001 676 2001 678 2001 670 2001 678 2001 680 2001 682 2001 682 4004 684 4004 686 4004 686 2001 688 2001 690 2001 690 2001 692 2001 686 2001 692 2001 694 2001 686 2001 694 2001 696 2001 698 2001 698 4005 700 4005 702 4005 702 4006 704 4006 706 4006 706 2001 708 2001 710 2001 710 4007 712 4007 718 4007 712 3970 714 3970 718 3970 714 2001 716 2001 718 2001 718 2001 720 2001 722 2001 722 2001 724 2001 718 2001 724 2001 726 2001 718 2001 726 2001 728 2001 730 2001 730 4008 732 4008 734 4008 734 2001 736 2001 742 2001 736 4009 738 4009 742 4009 738 2001 740 2001 742 2001 742 4010 744 4010 750 4010 744 4011 746 4011 750 4011 746 4012 748 4012 750 4012 750 4013 752 4013 754 4013 754 4014 756 4014 758 4014 758 2001 760 2001 766 2001 760 4015 762 4015 766 4015 762 2001 764 2001 766 2001 766 4016 768 4016 770 4016 770 2001 772 2001 766 2001 772 2001 774 2001 766 2001 774 2001 776 2001 778 2001 778 2001 780 2001 782 2001 782 2001 784 2001 786 2001 786 2001 788 2001 782 2001 788 2001 790 2001 782 2001 790 4017 792 4017 794 4017 794 2001 796 2001 790 2001 796 2001 798 2001 790 2001 798 4018 800 4018 806 4018 800 2001 802 2001 806 2001 802 4019 804 4019 806 4019 806 4020 808 4020 810 4020 810 2001 812 2001 806 2001 812 2001 814 2001 806 2001 814 2001 816 2001 818 2001 818 2001 820 2001 814 2001 820 2001 822 2001 814 2001 822 4021 824 4021 826 4021 826 2001 828 2001 822 2001 828 2001 830 2001 822 2001 830 2001 832 2001 834 2001 834 2001 836 2001 838 2001 838 2001 840 2001 842 2001 842 4022 844 4022 838 4022 844 4023 846 4023 838 4023 846 4024 848 4024 850 4024 850 4025 852 4025 854 4025 854 2001 856 2001 862 2001 856 4026 858 4026 862 4026 858 2001 860 2001 862 2001 862 2001 864 2001 866 2001 866 2001 868 2001 862 2001 868 2001 870 2001 862 2001 870 2001 872 2001 874 2001 874 2001 876 2001 870 2001 876 2001 878 2001 870 2001 878 4027 880 4027 882 4027 882 4028 884 4028 886 4028 886 4029 888 4029 894 4029 888 4030 890 4030 894 4030 890 4031 892 4031 894 4031 894 2001 896 2001 898 2001 898 4032 900 4032 902 4032 902 4033 904 4033 910 4033 904 4034 906 4034 910 4034 906 4035 908 4035 910 4035 910 2001 912 2001 918 2001 912 4036 914 4036 918 4036 914 4037 916 4037 918 4037 918 4038 920 4038 922 4038 922 2001 924 2001 918 2001 924 2001 926 2001 918 2001 926 4039 928 4039 930 4039 930 4040 932 4040 934 4040 934 4041 936 4041 938 4041 938 2001 940 2001 934 2001 940 2001 942 2001 934 2001 942 2001 944 2001 946 2001 946 2001 948 2001 950 2001 950 4042 952 4042 954 4042 954 4043 956 4043 958 4043 958 4044 960 4044 962 4044 962 2001 964 2001 958 2001 964 4045 966 4045 958 4045 966 2001 968 2001 974 2001 968 4046 970 4046 974 4046 970 4047 972 4047 974 4047 974 4048 976 4048 982 4048 976 2001 978 2001 982 2001 978 4049 980 4049 982 4049 982 4050 984 4050 990 4050 984 4051 986 4051 990 4051 986 4052 988 4052 990 4052 990 2001 992 2001 994 2001 994 2001 996 2001 998 2001 998 2001 1000 2001 1002 2001 1002 4053 1004 4053 998 4053 1004 4054 1006 4054 998 4054 1006 4055 1008 4055 1010 4055 1010 2001 1012 2001 1014 2001 1014 2001 1016 2001 1022 2001 1016 2001 1018 2001 1022 2001 1018 4056 1020 4056 1022 4056 1022 4057 1024 4057 1026 4057 1026 2001 1028 2001 1030 2001 1030 2001 1032 2001 1034 2001 1034 2001 1036 2001 1030 2001 1036 4058 1038 4058 1030 4058 1038 4059 1040 4059 1042 4059 1042 4060 1044 4060 1046 4060 1046 4061 1048 4061 1050 4061 1050 4062 1052 4062 1046 4062 1052 4063 1054 4063 1046 4063 1054 2001 1056 2001 1058 2001 1058 2001 1060 2001 1062 2001 1062 2001 1064 2001 1066 2001 1066 2001 1068 2001 1062 2001 1068 2001 1070 2001 1062 2001 1070 4064 1072 4064 1078 4064 1072 2001 1074 2001 1078 2001 1074 2001 1076 2001 1078 2001 1078 4065 1080 4065 1082 4065 1082 2001 1084 2001 1086 2001 1086 2001 1088 2001 1094 2001 1088 2001 1090 2001 1094 2001 1090 4066 1092 4066 1094 4066 1094 2001 1096 2001 1098 2001 1098 4067 1100 4067 1102 4067 1102 4068 1104 4068 1106 4068 1106 4069 1108 4069 1110 4069 1110 2001 1112 2001 1114 2001 1114 2001 1116 2001 1110 2001 1116 2001 1118 2001 1110 2001 1118 4070 1120 4070 1122 4070 1122 2001 1124 2001 1126 2001 1126 4071 1128 4071 1130 4071 1130 4072 1132 4072 1134 4072 1134 4073 1136 4073 1142 4073 1136 2001 1138 2001 1142 2001 1138 2001 1140 2001 1142 2001 1142 2001 1144 2001 1150 2001 1144 2001 1146 2001 1150 2001 1146 4074 1148 4074 1150 4074 1150 2001 1152 2001 1154 2001 1154 4075 1156 4075 1158 4075 1158 2001 1160 2001 1162 2001 1162 2001 1164 2001 1166 2001 1166 4076 1168 4076 1170 4076 1170 4077 1172 4077 1166 4077 1172 2001 1174 2001 1166 2001 1174 2001 1176 2001 1178 2001 1178 4078 1180 4078 1174 4078 1180 2001 1182 2001 1174 2001 1182 4079 1184 4079 1190 4079 1184 4080 1186 4080 1190 4080 1186 2001 1188 2001 1190 2001 1190 2001 1192 2001 1194 2001 1194 2001 1196 2001 1198 2001 1198 4081 1200 4081 1202 4081 1202 2001 1204 2001 1198 2001 1204 2001 1206 2001 1198 2001 1206 2001 1208 2001 1210 2001 1210 4082 1212 4082 1214 4082 1214 2001 1216 2001 1218 2001 1218 4083 1220 4083 1222 4083 1222 2001 1224 2001 1226 2001 1226 4084 1228 4084 1222 4084 1228 2001 1230 2001 1222 2001 1230 4085 1232 4085 1234 4085 1234 2001 1236 2001 1230 2001 1236 2001 1238 2001 1230 2001 1238 4086 1240 4086 1242 4086 1242 2001 1244 2001 1246 2001 1246 4087 1248 4087 1254 4087 1248 2001 1250 2001 1254 2001 1250 2001 1252 2001 1254 2001 1254 2001 1256 2001 1258 2001 1258 3989 1260 3989 1262 3989 1262 4088 1264 4088 1270 4088 1264 2001 1266 2001 1270 2001 1266 4089 1268 4089 1270 4089 1270 2001 1272 2001 1274 2001 1274 2001 1276 2001 1270 2001 1276 2001 1278 2001 1270 2001 1278 2001 1280 2001 1286 2001 1280 2001 1282 2001 1286 2001 1282 2001 1284 2001 1286 2001 1286 2001 1288 2001 1290 2001 1290 2001 1292 2001 1286 2001 1292 4090 1294 4090 1286 4090 1294 4091 1296 4091 1298 4091 1298 2001 1300 2001 1302 2001 1302 4092 1304 4092 1306 4092 1306 2001 1308 2001 1302 2001 1308 2001 1310 2001 1302 2001 1310 2001 1312 2001 1314 2001 1314 2001 1316 2001 1318 2001 1318 2001 1320 2001 1322 2001 1322 4093 1324 4093 1326 4093 1326 2001 1328 2001 1330 2001 1330 2001 1332 2001 1326 2001 1332 4094 1334 4094 1326 4094 1334 4095 1336 4095 1338 4095 1338 4096 1340 4096 1342 4096 1342 2001 1344 2001 1350 2001 1344 2001 1346 2001 1350 2001 1346 4097 1348 4097 1350 4097 1350 2001 1352 2001 1354 2001 1354 2001 1356 2001 1358 2001 1358 2001 1360 2001 1362 2001 1362 2001 1364 2001 1358 2001 1364 2001 1366 2001 1358 2001 1366 4098 1368 4098 1370 4098 1370 2001 1372 2001 1366 2001 1372 4090 1374 4090 1366 4090 1374 2001 1376 2001 1382 2001 1376 4099 1378 4099 1382 4099 1378 4100 1380 4100 1382 4100 1382 4101 1384 4101 1390 4101 1384 4102 1386 4102 1390 4102 1386 4103 1388 4103 1390 4103 1390 2001 1392 2001 1394 2001 1394 4104 1396 4104 1398 4104 1398 4105 1400 4105 1406 4105 1400 2001 1402 2001 1406 2001 1402 4106 1404 4106 1406 4106 1406 2001 1408 2001 1410 2001 1410 2001 1412 2001 1406 2001 1412 2001 1414 2001 1406 2001 1414 4107 1416 4107 1418 4107 1418 2001 1420 2001 1422 2001 1422 4086 1424 4086 1426 4086 1426 2001 1428 2001 1430 2001 1430 2001 1432 2001 1434 2001 1434 2001 1436 2001 1430 2001 1436 2001 1438 2001 1430 2001 1438 2001 1440 2001 1446 2001 1440 2001 1442 2001 1446 2001 1442 4108 1444 4108 1446 4108 1446 2001 1448 2001 1454 2001 1448 2001 1450 2001 1454 2001 1450 2001 1452 2001 1454 2001 1454 4109 1456 4109 1458 4109 1458 2001 1460 2001 1454 2001 1460 4110 1462 4110 1454 4110 1462 4111 1464 4111 1466 4111 1466 2001 1468 2001 1462 2001 1468 2001 1470 2001 1462 2001 1470 2001 1472 2001 1478 2001 1472 4112 1474 4112 1478 4112 1474 2001 1476 2001 1478 2001 1478 4113 1480 4113 1482 4113 1482 2001 1484 2001 1486 2001 1486 2001 1488 2001 1490 2001 1490 2001 1492 2001 1486 2001 1492 2001 1494 2001 1486 2001 1494 4114 1496 4114 1498 4114 1498 2001 1500 2001 1502 2001 1502 2001 1504 2001 1506 2001 1506 2001 1508 2001 1502 2001 1508 2001 1510 2001 1502 2001 1510 4115 1512 4115 1514 4115 1514 2001 1516 2001 1510 2001 1516 4116 1518 4116 1510 4116 1518 2001 1520 2001 1522 2001 1522 4117 1524 4117 1526 4117 1526 3978 1528 3978 1530 3978 1530 4118 1532 4118 1534 4118 1534 4119 1536 4119 1538 4119 1538 4120 1540 4120 1542 4120 1542 2001 1544 2001 1546 2001 1546 3996 1548 3996 1550 3996 1550 4121 1552 4121 1554 4121 1554 2001 1556 2001 1550 2001 1556 4102 1558 4102 1550 4102 1558 4122 1560 4122 1562 4122 1562 2001 1564 2001 1566 2001 1566 2001 1568 2001 1574 2001 1568 4123 1570 4123 1574 4123 1570 4124 1572 4124 1574 4124 1574 3946 1576 3946 1578 3946 1578 3977 1580 3977 1574 3977 1580 2001 1582 2001 1574 2001 1582 2001 1584 2001 1586 2001 1586 4125 1588 4125 1590 4125 1590 2001 1592 2001 1594 2001 1594 4126 1596 4126 1598 4126 1598 4127 1600 4127 1606 4127 1600 2001 1602 2001 1606 2001 1602 2001 1604 2001 1606 2001 1606 2001 1608 2001 1610 2001 1610 2001 1612 2001 1614 2001 1614 2001 1616 2001 1622 2001 1616 2001 1618 2001 1622 2001 1618 4128 1620 4128 1622 4128 1622 4126 1624 4126 1626 4126 1626 2001 1628 2001 1622 2001 1628 2001 1630 2001 1622 2001 1630 4129 1632 4129 1638 4129 1632 2001 1634 2001 1638 2001 1634 4122 1636 4122 1638 4122 1638 2001 1640 2001 1642 2001 1642 2001 1644 2001 1646 2001 1646 2001 1648 2001 1654 2001 1648 2001 1650 2001 1654 2001 1650 2001 1652 2001 1654 2001 1654 2001 1656 2001 1658 2001 1658 2001 1660 2001 1662 2001 1662 2001 1664 2001 1666 2001 1666 4130 1668 4130 1662 4130 1668 2001 1670 2001 1662 2001 1670 4131 1672 4131 1678 4131 1672 2001 1674 2001 1678 2001 1674 4132 1676 4132 1678 4132 1678 2001 1680 2001 1682 2001 1682 2001 1684 2001 1678 2001 1684 2001 1686 2001 1678 2001 1686 4133 1688 4133 1690 4133 1690 2001 1692 2001 1694 2001 1694 2001 1696 2001 1702 2001 1696 2001 1698 2001 1702 2001 1698 4134 1700 4134 1702 4134 1702 4109 1704 4109 1706 4109 1706 2001 1708 2001 1710 2001 1710 2001 1712 2001 1714 2001 1714 2001 1716 2001 1710 2001 1716 2001 1718 2001 1710 2001 1718 2001 1720 2001 1722 2001 1722 4135 1724 4135 1726 4135 1726 4136 1728 4136 1730 4136 1730 4137 1732 4137 1734 4137 1734 2001 1736 2001 1742 2001 1736 4138 1738 4138 1742 4138 1738 3949 1740 3949 1742 3949 1742 2001 1744 2001 1746 2001 1746 2001 1748 2001 1742 2001 1748 2001 1750 2001 1742 2001 1750 4014 1752 4014 1754 4014 1754 2001 1756 2001 1750 2001 1756 2001 1758 2001 1750 2001 1758 2001 1760 2001 1762 2001 1762 2001 1764 2001 1766 2001 1766 2001 1768 2001 1774 2001 1768 2001 1770 2001 1774 2001 1770 4139 1772 4139 1774 4139 1774 4014 1776 4014 1778 4014 1778 4140 1780 4140 1782 4140 1782 2001 1784 2001 1786 2001 1786 2001 1788 2001 1790 2001 1790 2001 1792 2001 1798 2001 1792 2001 1794 2001 1798 2001 1794 4141 1796 4141 1798 4141 1798 2001 1800 2001 1806 2001 1800 4142 1802 4142 1806 4142 1802 4143 1804 4143 1806 4143 1806 2001 1808 2001 1814 2001 1808 2001 1810 2001 1814 2001 1810 2001 1812 2001 1814 2001 1814 4144 1816 4144 1818 4144 1818 2001 1820 2001 1822 2001 1822 2001 1824 2001 1826 2001 1826 4145 1828 4145 1830 4145 1830 2001 1832 2001 1834 2001 1834 4146 1836 4146 1838 4146 1838 4147 1840 4147 1846 4147 1840 2001 1842 2001 1846 2001 1842 2001 1844 2001 1846 2001 1846 4148 1848 4148 1850 4148 1850 2001 1852 2001 1846 2001 1852 4149 1854 4149 1846 4149 1854 2001 1856 2001 1858 2001 1858 2001 1860 2001 1862 2001 1862 2001 1864 2001 1866 2001 1866 2001 1868 2001 1862 2001 1868 2001 1870 2001 1862 2001 1870 2001 1872 2001 1874 2001 1874 4150 1876 4150 1878 4150 1878 2001 1880 2001 1886 2001 1880 2001 1882 2001 1886 2001 1882 2001 1884 2001 1886 2001 1886 2001 1888 2001 1890 2001 1890 2001 1892 2001 1886 2001 1892 4151 1894 4151 1886 4151 1894 2001 1896 2001 1902 2001 1896 2001 1898 2001 1902 2001 1898 4152 1900 4152 1902 4152 1902 2001 1904 2001 1906 2001 1906 4153 1908 4153 1910 4153 1910 4154 1912 4154 1914 4154 1914 4155 1916 4155 1910 4155 1916 4156 1918 4156 1910 4156 1918 4157 1920 4157 1922 4157 1922 2001 1924 2001 1918 2001 1924 2001 1926 2001 1918 2001 1926 4158 1928 4158 1930 4158 1930 4159 1932 4159 1926 4159 1932 2001 1934 2001 1926 2001 1934 2001 1936 2001 1938 2001 1938 2001 1940 2001 1934 2001 1940 2001 1942 2001 1934 2001 1942 2001 1944 2001 1946 2001 1946 4160 1948 4160 1950 4160 1950 4161 1952 4161 1954 4161 1954 2001 1956 2001 1958 2001 1958 2001 1960 2001 1966 2001 1960 2001 1962 2001 1966 2001 1962 4162 1964 4162 1966 4162 1966 2001 1968 2001 1970 2001 1970 4163 1972 4163 1974 4163 1974 2001 1976 2001 1982 2001 1976 4164 1978 4164 1982 4164 1978 4165 1980 4165 1982 4165 1982 2001 1984 2001 1990 2001 1984 2001 1986 2001 1990 2001 1986 4166 1988 4166 1990 4166 1990 2001 1992 2001 1994 2001 1994 2001 1996 2001 1998 2001 1998 2001 2000 2001 2006 2001 2000 2001 2002 2001 2006 2001 2002 2001 2004 2001 2006 2001 2006 2001 2008 2001 2014 2001 2008 2001 2010 2001 2014 2001 2010 2001 2012 2001 2014 2001 2014 2001 2016 2001 2018 2001 2018 4167 2020 4167 2022 4167 2022 4168 2024 4168 2030 4168 2024 4169 2026 4169 2030 4169 2026 2001 2028 2001 2030 2001 2030 2001 2032 2001 2038 2001 2032 2001 2034 2001 2038 2001 2034 4170 2036 4170 2038 4170 2038 2001 2040 2001 2046 2001 2040 4171 2042 4171 2046 4171 2042 2001 2044 2001 2046 2001 2046 2001 2048 2001 2050 2001 2050 4172 2052 4172 2054 4172 2054 4173 2056 4173 2062 4173 2056 4174 2058 4174 2062 4174 2058 2001 2060 2001 2062 2001 2062 2001 2064 2001 2066 2001 2066 2001 2068 2001 2070 2001 2070 2001 2072 2001 2078 2001 2072 2001 2074 2001 2078 2001 2074 3939 2076 3939 2078 3939 2078 2001 2080 2001 2082 2001 2082 3964 2084 3964 2086 3964 2086 4175 2088 4175 2094 4175 2088 4176 2090 4176 2094 4176 2090 4177 2092 4177 2094 4177 2094 4178 2096 4178 2102 4178 2096 4179 2098 4179 2102 4179 2098 4180 2100 4180 2102 4180 2102 4181 2104 4181 2106 4181 2106 4182 2108 4182 2110 4182 2110 3937 2112 3937 2114 3937 2114 2001 2116 2001 2110 2001 2116 2001 2118 2001 2110 2001 2118 2001 2120 2001 2126 2001 2120 2001 2122 2001 2126 2001 2122 2001 2124 2001 2126 2001 2126 4183 2128 4183 2134 4183 2128 4184 2130 4184 2134 4184 2130 2001 2132 2001 2134 2001 2134 2001 2136 2001 2138 2001 2138 2001 2140 2001 2142 2001 2142 2001 2144 2001 2146 2001 2146 2001 2148 2001 2150 2001 2150 2001 2152 2001 2154 2001 2154 2001 2156 2001 2150 2001 2156 2001 2158 2001 2150 2001 2158 4185 2160 4185 2162 4185 2162 2001 2164 2001 2166 2001 2166 2001 2168 2001 2170 2001 2170 4186 2172 4186 2174 4186 2174 2001 2176 2001 2182 2001 2176 2001 2178 2001 2182 2001 2178 2001 2180 2001 2182 2001 2182 4187 2184 4187 2186 4187 2186 2001 2188 2001 2190 2001 2190 4188 2192 4188 2194 4188 2194 3943 2196 3943 2198 3943 2198 2001 2200 2001 2206 2001 2200 2001 2202 2001 2206 2001 2202 3966 2204 3966 2206 3966 2206 2001 2208 2001 2214 2001 2208 4189 2210 4189 2214 4189 2210 2001 2212 2001 2214 2001 2214 2001 2216 2001 2222 2001 2216 2001 2218 2001 2222 2001 2218 4190 2220 4190 2222 4190 2222 4191 2224 4191 2226 4191 2226 2001 2228 2001 2230 2001 2230 4127 2232 4127 2234 4127 2234 2001 2236 2001 2238 2001 2238 2001 2240 2001 2246 2001 2240 4192 2242 4192 2246 4192 2242 3969 2244 3969 2246 3969 2246 4137 2248 4137 2250 4137 2250 4193 2252 4193 2254 4193 2254 2001 2256 2001 2262 2001 2256 2001 2258 2001 2262 2001 2258 2001 2260 2001 2262 2001 2262 2001 2264 2001 2266 2001 2266 2001 2268 2001 2262 2001 2268 4194 2270 4194 2262 4194 2270 2001 2272 2001 2278 2001 2272 4195 2274 4195 2278 4195 2274 2001 2276 2001 2278 2001 2278 2001 2280 2001 2282 2001 2282 4129 2284 4129 2286 4129 2286 4196 2288 4196 2294 4196 2288 4197 2290 4197 2294 4197 2290 3954 2292 3954 2294 3954 2294 2001 2296 2001 2302 2001 2296 2001 2298 2001 2302 2001 2298 4198 2300 4198 2302 4198 2302 4199 2304 4199 2306 4199 2306 2001 2308 2001 2302 2001 2308 2001 2310 2001 2302 2001 2310 2001 2312 2001 2314 2001 2314 2001 2316 2001 2310 2001 2316 2001 2318 2001 2310 2001 2318 4181 2320 4181 2326 4181 2320 4200 2322 4200 2326 4200 2322 4201 2324 4201 2326 4201 2326 4181 2328 4181 2334 4181 2328 2001 2330 2001 2334 2001 2330 2001 2332 2001 2334 2001 2334 2001 2336 2001 2338 2001 2338 2001 2340 2001 2334 2001 2340 4202 2342 4202 2334 4202 2342 2001 2344 2001 2346 2001 2346 2001 2348 2001 2342 2001 2348 2001 2350 2001 2342 2001 2350 2001 2352 2001 2354 2001 2354 4203 2356 4203 2358 4203 2358 4204 2360 4204 2366 4204 2360 2001 2362 2001 2366 2001 2362 3987 2364 3987 2366 3987 2366 4205 2368 4205 2370 4205 2370 2001 2372 2001 2366 2001 2372 2001 2374 2001 2366 2001 2374 4114 2376 4114 2378 4114 2378 2001 2380 2001 2382 2001 2382 4094 2384 4094 2386 4094 2386 4144 2388 4144 2382 4144 2388 2001 2390 2001 2382 2001 2390 2001 2392 2001 2394 2001 2394 4206 2396 4206 2390 4206 2396 2001 2398 2001 2390 2001 2398 2001 2400 2001 2402 2001 2402 2001 2404 2001 2406 2001 2406 4117 2408 4117 2410 4117 2410 4084 2412 4084 2414 4084 2414 4207 2416 4207 2418 4207 2418 2001 2420 2001 2422 2001 2422 4208 2424 4208 2430 4208 2424 2001 2426 2001 2430 2001 2426 2001 2428 2001 2430 2001 2430 4209 2432 4209 2438 4209 2432 4210 2434 4210 2438 4210 2434 2001 2436 2001 2438 2001 2438 2001 2440 2001 2442 2001 2442 4211 2444 4211 2446 4211 2446 2001 2448 2001 2450 2001 2450 4212 2452 4212 2454 4212 2454 3963 2456 3963 2458 3963 2458 2001 2460 2001 2462 2001 2462 4213 2464 4213 2470 4213 2464 4199 2466 4199 2470 4199 2466 4104 2468 4104 2470 4104 2470 4205 2472 4205 2474 4205 2474 2001 2476 2001 2478 2001 2478 4214 2480 4214 2482 4214 2482 2001 2484 2001 2478 2001 2484 2001 2486 2001 2478 2001 2486 2001 2488 2001 2490 2001 2490 4215 2492 4215 2494 4215 2494 4216 2496 4216 2498 4216 2498 4217 2500 4217 2494 4217 2500 2001 2502 2001 2494 2001 2502 2001 2504 2001 2506 2001 2506 2001 2508 2001 2510 2001 2510 2001 2512 2001 2518 2001 2512 4218 2514 4218 2518 4218 2514 4219 2516 4219 2518 4219 2518 4126 2520 4126 2522 4126 2522 2001 2524 2001 2526 2001 2526 2001 2528 2001 2530 2001 2530 4220 2532 4220 2534 4220 2534 2001 2536 2001 2538 2001 2538 2001 2540 2001 2534 2001 2540 2001 2542 2001 2534 2001 2542 2001 2544 2001 2550 2001 2544 2001 2546 2001 2550 2001 2546 2001 2548 2001 2550 2001 2550 2001 2552 2001 2558 2001 2552 2001 2554 2001 2558 2001 2554 2001 2556 2001 2558 2001 2558 2001 2560 2001 2562 2001 2562 4120 2564 4120 2566 4120 2566 4221 2568 4221 2574 4221 2568 2001 2570 2001 2574 2001 2570 2001 2572 2001 2574 2001 2574 4222 2576 4222 2578 4222 2578 2001 2580 2001 2582 2001 2582 2001 2584 2001 2586 2001 2586 2001 2588 2001 2582 2001 2588 4223 2590 4223 2582 4223 2590 2001 2592 2001 2594 2001 2594 2001 2596 2001 2590 2001 2596 4224 2598 4224 2590 4224 2598 2001 2600 2001 2602 2001 2602 2001 2604 2001 2598 2001 2604 2001 2606 2001 2598 2001 2606 2001 2608 2001 2610 2001 2610 2001 2612 2001 2606 2001 2612 2001 2614 2001 2606 2001 2614 2001 2616 2001 2622 2001 2616 2001 2618 2001 2622 2001 2618 4225 2620 4225 2622 4225 2622 2001 2624 2001 2626 2001 2626 2001 2628 2001 2630 2001 2630 4226 2632 4226 2634 4226 2634 2001 2636 2001 2630 2001 2636 2001 2638 2001 2630 2001 2638 4005 2640 4005 2642 4005 2642 2001 2644 2001 2646 2001 2646 4227 2648 4227 2650 4227 2650 2001 2652 2001 2654 2001 2654 2001 2656 2001 2658 2001 2658 4220 2660 4220 2662 4220 2662 2001 2664 2001 2670 2001 2664 2001 2666 2001 2670 2001 2666 2001 2668 2001 2670 2001 2670 2001 2672 2001 2674 2001 2674 4228 2676 4228 2678 4228 2678 2001 2680 2001 2682 2001 2682 2001 2684 2001 2686 2001 2686 4229 2688 4229 2694 4229 2688 4230 2690 4230 2694 4230 2690 4231 2692 4231 2694 4231 2694 2001 2696 2001 2702 2001 2696 4232 2698 4232 2702 4232 2698 4233 2700 4233 2702 4233 2702 2001 2704 2001 2706 2001 2706 2001 2708 2001 2710 2001 2710 2001 2712 2001 2714 2001 2714 2001 2716 2001 2710 2001 2716 2001 2718 2001 2710 2001 2718 4234 2720 4234 2726 4234 2720 2001 2722 2001 2726 2001 2722 4235 2724 4235 2726 4235 2726 2001 2728 2001 2730 2001 2730 4236 2732 4236 2734 4236 2734 4092 2736 4092 2738 4092 2738 2001 2740 2001 2742 2001 2742 3967 2744 3967 2746 3967 2746 2001 2748 2001 2742 2001 2748 2001 2750 2001 2742 2001 2750 4210 2752 4210 2758 4210 2752 2001 2754 2001 2758 2001 2754 4237 2756 4237 2758 4237 2758 2001 2760 2001 2762 2001 2762 4238 2764 4238 2766 4238 2766 4239 2768 4239 2770 4239 2770 4094 2772 4094 2774 4094 2774 4240 2776 4240 2778 4240 2778 4241 2780 4241 2782 4241 2782 4242 2784 4242 2786 4242 2786 2001 2788 2001 2782 2001 2788 2001 2790 2001 2782 2001 2790 2001 2792 2001 2794 2001 2794 4243 2796 4243 2798 4243 2798 4244 2800 4244 2806 4244 2800 4245 2802 4245 2806 4245 2802 4246 2804 4246 2806 4246 2806 2001 2808 2001 2810 2001 2810 4247 2812 4247 2806 4247 2812 2001 2814 2001 2806 2001 2814 4248 2816 4248 2818 4248 2818 2001 2820 2001 2814 2001 2820 2001 2822 2001 2814 2001 2822 2001 2824 2001 2826 2001 2826 4249 2828 4249 2830 4249 2830 2001 2832 2001 2834 2001 2834 4250 2836 4250 2838 4250 2838 2001 2840 2001 2842 2001 2842 2001 2844 2001 2838 2001 2844 2001 2846 2001 2838 2001 2846 4251 2848 4251 2850 4251 2850 2001 2852 2001 2854 2001 2854 2001 2856 2001 2858 2001 2858 4252 2860 4252 2854 4252 2860 2001 2862 2001 2854 2001 2862 4253 2864 4253 2870 4253 2864 2001 2866 2001 2870 2001 2866 2001 2868 2001 2870 2001 2870 2001 2872 2001 2874 2001 2874 2001 2876 2001 2870 2001 2876 2001 2878 2001 2870 2001 2878 4254 2880 4254 2882 4254 2882 4255 2884 4255 2886 4255 2886 2001 2888 2001 2890 2001 2890 2001 2892 2001 2886 2001 2892 2001 2894 2001 2886 2001 2894 2001 2896 2001 2898 2001 2898 4256 2900 4256 2894 4256 2900 2001 2902 2001 2894 2001 2902 4257 2904 4257 2910 4257 2904 2001 2906 2001 2910 2001 2906 2001 2908 2001 2910 2001 2910 2001 2912 2001 2914 2001 2914 2001 2916 2001 2918 2001 2918 2001 2920 2001 2922 2001 2922 2001 2924 2001 2926 2001 2926 2001 2928 2001 2934 2001 2928 2001 2930 2001 2934 2001 2930 2001 2932 2001 2934 2001 2934 4258 2936 4258 2938 4258 2938 2001 2940 2001 2934 2001 2940 2001 2942 2001 2934 2001 2942 2001 2944 2001 2946 2001 2946 2001 2948 2001 2942 2001 2948 2001 2950 2001 2942 2001 2950 4259 2952 4259 2954 4259 2954 4260 2956 4260 2958 4260 2958 4261 2960 4261 2962 4261 2962 2001 2964 2001 2966 2001 2966 2001 2968 2001 2970 2001 2970 2001 2972 2001 2966 2001 2972 2001 2974 2001 2966 2001 2974 2001 2976 2001 2978 2001 2978 4262 2980 4262 2974 4262 2980 2001 2982 2001 2974 2001 2982 4263 2984 4263 2986 4263 2986 2001 2988 2001 2990 2001 2990 4264 2992 4264 2994 4264 2994 2001 2996 2001 2998 2001 2998 2001 3000 2001 3006 2001 3000 2001 3002 2001 3006 2001 3002 4265 3004 4265 3006 4265 3006 4266 3008 4266 3014 4266 3008 2001 3010 2001 3014 2001 3010 2001 3012 2001 3014 2001 3014 2001 3016 2001 3018 2001 3018 4267 3020 4267 3022 4267 3022 4268 3024 4268 3030 4268 3024 2001 3026 2001 3030 2001 3026 4269 3028 4269 3030 4269 3030 2001 3032 2001 3034 2001 3034 2001 3036 2001 3030 2001 3036 4270 3038 4270 3030 4270 3038 4271 3040 4271 3046 4271 3040 2001 3042 2001 3046 2001 3042 4272 3044 4272 3046 4272 3046 4273 3048 4273 3050 4273 3050 2001 3052 2001 3046 2001 3052 2001 3054 2001 3046 2001 3054 4274 3056 4274 3062 4274 3056 2001 3058 2001 3062 2001 3058 2001 3060 2001 3062 2001 3062 2001 3064 2001 3066 2001 3066 4275 3068 4275 3070 4275 3070 4276 3072 4276 3074 4276 3074 2001 3076 2001 3070 2001 3076 2001 3078 2001 3070 2001 3078 4277 3080 4277 3082 4277 3082 4278 3084 4278 3086 4278 3086 4279 3088 4279 3094 4279 3088 4280 3090 4280 3094 4280 3090 2001 3092 2001 3094 2001 3094 2001 3096 2001 3098 2001 3098 2001 3100 2001 3102 2001 3102 4281 3104 4281 3106 4281 3106 4282 3108 4282 3110 4282 3110 2001 3112 2001 3118 2001 3112 4283 3114 4283 3118 4283 3114 2001 3116 2001 3118 2001 3118 4284 3120 4284 3122 4284 3122 2001 3124 2001 3126 2001 3126 4285 3128 4285 3130 4285 3130 2001 3132 2001 3126 2001 3132 2001 3134 2001 3126 2001 3134 4286 3136 4286 3138 4286 3138 2001 3140 2001 3142 2001 3142 2001 3144 2001 3150 2001 3144 2001 3146 2001 3150 2001 3146 4287 3148 4287 3150 4287 3150 2001 3152 2001 3158 2001 3152 4288 3154 4288 3158 4288 3154 4289 3156 4289 3158 4289 3158 2001 3160 2001 3166 2001 3160 2001 3162 2001 3166 2001 3162 4290 3164 4290 3166 4290 3166 4291 3168 4291 3174 4291 3168 2001 3170 2001 3174 2001 3170 2001 3172 2001 3174 2001 3174 4292 3176 4292 3178 4292 3178 2001 3180 2001 3182 2001 3182 4293 3184 4293 3186 4293 3186 2001 3188 2001 3182 2001 3188 2001 3190 2001 3182 2001 3190 2001 3192 2001 3194 2001 3194 4294 3196 4294 3198 4294 3198 4295 3200 4295 3206 4295 3200 4296 3202 4296 3206 4296 3202 4297 3204 4297 3206 4297 3206 2001 3208 2001 3210 2001 3210 4298 3212 4298 3214 4298 3214 4299 3216 4299 3218 4299 3218 4300 3220 4300 3222 4300 3222 4301 3224 4301 3226 4301 3226 2001 3228 2001 3230 2001 3230 2001 3232 2001 3234 2001 3234 2001 3236 2001 3230 2001 3236 4302 3238 4302 3230 4302 3238 4115 3240 4115 3242 4115 3242 2001 3244 2001 3238 2001 3244 2001 3246 2001 3238 2001 3246 4303 3248 4303 3250 4303 3250 3967 3252 3967 3254 3967 3254 4304 3256 4304 3258 4304 3258 2001 3260 2001 3262 2001 3262 2001 3264 2001 3266 2001 3266 2001 3268 2001 3270 2001 3270 4305 3272 4305 3274 4305 3274 4306 3276 4306 3278 4306 3278 2001 3280 2001 3282 2001 3282 4307 3284 4307 3286 4307 3286 4105 3288 4105 3290 4105 3290 2001 3292 2001 3286 2001 3292 2001 3294 2001 3286 2001 3294 2001 3296 2001 3298 2001 3298 2001 3300 2001 3302 2001 3302 4203 3304 4203 3306 4203 3306 4308 3308 4308 3310 4308 3310 2001 3312 2001 3318 2001 3312 4309 3314 4309 3318 4309 3314 2001 3316 2001 3318 2001 3318 4310 3320 4310 3326 4310 3320 4311 3322 4311 3326 4311 3322 2001 3324 2001 3326 2001 3326 4312 3328 4312 3330 4312 3330 2001 3332 2001 3334 2001 3334 4313 3336 4313 3338 4313 3338 4314 3340 4314 3342 4314 3342 4315 3344 4315 3346 4315 3346 4316 3348 4316 3350 4316 3350 4317 3352 4317 3358 4317 3352 4318 3354 4318 3358 4318 3354 4206 3356 4206 3358 4206 3358 2001 3360 2001 3362 2001 3362 2001 3364 2001 3358 2001 3364 2001 3366 2001 3358 2001 3366 4319 3368 4319 3370 4319 3370 2001 3372 2001 3374 2001 3374 4320 3376 4320 3378 4320 3378 4013 3380 4013 3382 4013 3382 4321 3384 4321 3386 4321 3386 2001 3388 2001 3382 2001 3388 4322 3390 4322 3382 4322 3390 3993 3392 3993 3394 3993 3394 2001 3396 2001 3398 2001 3398 4323 3400 4323 3406 4323 3400 2001 3402 2001 3406 2001 3402 2001 3404 2001 3406 2001 3406 2001 3408 2001 3410 2001 3410 2001 3412 2001 3414 2001 3414 4324 3416 4324 3418 4324 3418 2001 3420 2001 3422 2001 3422 4316 3424 4316 3426 4316 3426 2001 3428 2001 3422 2001 3428 2001 3430 2001 3422 2001 3430 2001 3432 2001 3434 2001 3434 4325 3436 4325 3438 4325 3438 2001 3440 2001 3442 2001 3442 2001 3444 2001 3438 2001 3444 4326 3446 4326 3438 4326 3446 2001 3448 2001 3450 2001 3450 2001 3452 2001 3446 2001 3452 2001 3454 2001 3446 2001 3454 4312 3456 4312 3458 4312 3458 4327 3460 4327 3462 4327 3462 4328 3464 4328 3466 4328 3466 2001 3468 2001 3470 2001 3470 2001 3472 2001 3474 2001 3474 2001 3476 2001 3478 2001 3478 4107 3480 4107 3482 4107 3482 4329 3484 4329 3478 4329 3484 2001 3486 2001 3478 2001 3486 2001 3488 2001 3494 2001 3488 2001 3490 2001 3494 2001 3490 2001 3492 2001 3494 2001 3494 4330 3496 4330 3498 4330 3498 2001 3500 2001 3502 2001 3502 3996 3504 3996 3506 3996 3506 2001 3508 2001 3502 2001 3508 2001 3510 2001 3502 2001 3510 4331 3512 4331 3518 4331 3512 2001 3514 2001 3518 2001 3514 4332 3516 4332 3518 4332 3518 2001 3520 2001 3522 2001 3522 4144 3524 4144 3526 4144 3526 2001 3528 2001 3530 2001 3530 2001 3532 2001 3534 2001 3534 4333 3536 4333 3542 4333 3536 2001 3538 2001 3542 2001 3538 3944 3540 3944 3542 3944 3542 2001 3544 2001 3546 2001 3546 3969 3548 3969 3550 3969 3550 4334 3552 4334 3554 4334 3554 2001 3556 2001 3550 2001 3556 2001 3558 2001 3550 2001 3558 3990 3560 3990 3566 3990 3560 3933 3562 3933 3566 3933 3562 4281 3564 4281 3566 4281 3566 2001 3568 2001 3570 2001 3570 2001 3572 2001 3566 2001 3572 2001 3574 2001 3566 2001 3574 3944 3576 3944 3578 3944 3578 2001 3580 2001 3574 2001 3580 2001 3582 2001 3574 2001 3582 4335 3584 4335 3590 4335 3584 4336 3586 4336 3590 4336 3586 4337 3588 4337 3590 4337 3590 3938 3592 3938 3598 3938 3592 4338 3594 4338 3598 4338 3594 4082 3596 4082 3598 4082 3598 2001 3600 2001 3602 2001 3602 2001 3604 2001 3598 2001 3604 2001 3606 2001 3598 2001 3606 4339 3608 4339 3610 4339 3610 2001 3612 2001 3606 2001 3612 2001 3614 2001 3606 2001 3614 2001 3616 2001 3618 2001 3618 4340 3620 4340 3622 4340 3622 3944 3624 3944 3626 3944 3626 3974 3628 3974 3630 3974 3630 4120 3632 4120 3634 4120 3634 4341 3636 4341 3638 4341 3638 2001 3640 2001 3646 2001 3640 2001 3642 2001 3646 2001 3642 2001 3644 2001 3646 2001 3646 4342 3648 4342 3654 4342 3648 2001 3650 2001 3654 2001 3650 4122 3652 4122 3654 4122 3654 3955 3656 3955 3658 3955 3658 3980 3660 3980 3662 3980 3662 2001 3664 2001 3670 2001 3664 2001 3666 2001 3670 2001 3666 4016 3668 4016 3670 4016 3670 2001 3672 2001 3674 2001 3674 4123 3676 4123 3678 4123 3678 4343 3680 4343 3686 4343 3680 2001 3682 2001 3686 2001 3682 4344 3684 4344 3686 4344 3686 2001 3688 2001 3690 2001 3690 2001 3692 2001 3694 2001 3694 4345 3696 4345 3702 4345 3696 2001 3698 2001 3702 2001 3698 4346 3700 4346 3702 4346 3702 2001 3704 2001 3706 2001 3706 2001 3708 2001 3710 2001 3710 2001 3712 2001 3714 2001 3714 2001 3716 2001 3718 2001 3718 2001 3720 2001 3722 2001 3722 2001 3724 2001 3726 2001 3726 2001 3728 2001 3734 2001 3728 2001 3730 2001 3734 2001 3730 2001 3732 2001 3734 2001 3734 3979 3736 3979 3738 3979 3738 2001 3740 2001 3734 2001 3740 2001 3742 2001 3734 2001 3742 2001 3744 2001 3746 2001 3746 2001 3748 2001 3750 2001 3750 2001 3752 2001 3758 2001 3752 2001 3754 2001 3758 2001 3754 2001 3756 2001 3758 2001 3758 2001 3760 2001 3766 2001 3760 4347 3762 4347 3766 4347 3762 4348 3764 4348 3766 4348 3766 2001 3768 2001 3774 2001 3768 4349 3770 4349 3774 4349 3770 2001 3772 2001 3774 2001 3774 2001 3776 2001 3778 2001 3778 4143 3780 4143 3782 4143 3782 2001 3784 2001 3790 2001 3784 2001 3786 2001 3790 2001 3786 3979 3788 3979 3790 3979 3790 2001 3792 2001 3794 2001 3794 2001 3796 2001 3790 2001 3796 2001 3798 2001 3790 2001 3798 4350 3800 4350 3802 4350 3802 2001 3804 2001 3798 2001 3804 4138 3806 4138 3798 4138 3806 2001 3808 2001 3810 2001 3810 2001 3812 2001 3814 2001 3814 2001 3816 2001 3822 2001 3816 4349 3818 4349 3822 4349 3818 4143 3820 4143 3822 4143 3822 4151 3824 4151 3830 4151 3824 2001 3826 2001 3830 2001 3826 3989 3828 3989 3830 3989 3830 3947 3832 3947 3834 3947 3834 2001 3836 2001 3830 2001 3836 2001 3838 2001 3830 2001 3838 2001 3840 2001 3842 2001 3842 2001 3844 2001 3838 2001 3844 2001 3846 2001 3838 2001 3846 4351 3848 4351 3850 4351 3850 4352 3852 4352 3854 4352 3854 4353 3856 4353 3858 4353 3858 2001 3860 2001 3862 2001 3862 4354 3864 4354 3866 4354 3866 4355 3868 4355 3870 4355 3870 4356 3872 4356 3874 4356 3874 4357 3876 4357 3878 4357 3878 2001 3880 2001 3882 2001 3882 2001 3884 2001 3886 2001 3886 2001 3888 2001 3890 2001 3890 2001 3892 2001 3886 2001 3892 2001 3894 2001 3886 2001 3894 4358 3896 4358 3902 4358 3896 2001 3898 2001 3902 2001 3898 2001 3900 2001 3902 2001 3902 4359 3904 4359 3910 4359 3904 2001 3906 2001 3910 2001 3906 2001 3908 2001 3910 2001 3910 4345 3912 4345 3914 4345 3914 2001 3916 2001 3910 2001 3916 2001 3918 2001 3910 2001 3918 4153 3920 4153 3922 4153 3922 4360 3924 4360 3926 4360 3926 2001 3928 2001 3930 2001 3930 2001 3932 2001 3926 2001 3932 2001 3934 2001 3926 2001 3934 2001 3936 2001 3938 2001 3938 2001 3940 2001 3934 2001 3940 2001 3942 2001 3934 2001 3942 3920 3944 3920 3946 3920 3946 2001 3948 2001 3950 2001 3950 2001 3952 2001 3954 2001 3954 2001 3956 2001 3958 2001 3958 4351 3960 4351 3962 4351 3962 2001 3964 2001 3966 2001 3966 4361 3968 4361 3970 4361 3970 4362 3972 4362 3966 4362 3972 2001 3974 2001 3966 2001 3974 2001 3976 2001 3978 2001 3978 2001 3980 2001 3974 2001 3980 2001 3982 2001 3974 2001 3982 2001 3984 2001 3986 2001 3986 2001 3988 2001 3990 2001 3990 2001 3992 2001 3994 2001 3994 2001 3996 2001 3990 2001 3996 2001 3998 2001 3990 2001 14 2001 18 2001 22 2001 46 4363 50 4363 62 4363 50 2001 54 2001 62 2001 70 2001 74 2001 62 2001 74 2001 78 2001 62 2001 78 4364 82 4364 94 4364 82 4365 86 4365 94 4365 94 2001 98 2001 102 2001 102 4366 106 4366 94 4366 106 2001 110 2001 94 2001 126 2001 130 2001 142 2001 130 2001 134 2001 142 2001 142 2001 146 2001 150 2001 150 4367 154 4367 158 4367 182 2001 186 2001 174 2001 186 4368 190 4368 174 4368 190 4369 194 4369 206 4369 194 2001 198 2001 206 2001 206 2001 210 2001 222 2001 210 4370 214 4370 222 4370 214 2001 218 2001 222 2001 222 2001 226 2001 238 2001 226 2001 230 2001 238 2001 246 2001 250 2001 238 2001 250 2001 254 2001 238 2001 262 2001 266 2001 254 2001 266 2001 270 2001 254 2001 270 4371 274 4371 278 4371 358 2001 362 2001 366 2001 366 2001 370 2001 382 2001 370 2001 374 2001 382 2001 390 2001 394 2001 398 2001 406 4372 410 4372 398 4372 410 2001 414 2001 398 2001 430 4373 434 4373 446 4373 434 4374 438 4374 446 4374 470 2001 474 2001 462 2001 474 2001 478 2001 462 2001 486 2001 490 2001 478 2001 490 2001 494 2001 478 2001 494 2001 498 2001 510 2001 498 2001 502 2001 510 2001 510 4375 514 4375 526 4375 514 4376 518 4376 526 4376 526 4377 530 4377 534 4377 550 4378 554 4378 558 4378 574 4379 578 4379 590 4379 578 4380 582 4380 590 4380 598 2001 602 2001 590 2001 602 4381 606 4381 590 4381 606 4382 610 4382 614 4382 630 4383 634 4383 622 4383 634 4384 638 4384 622 4384 638 2001 642 2001 654 2001 642 4385 646 4385 654 4385 662 2001 666 2001 670 2001 678 2001 682 2001 670 2001 682 4386 686 4386 670 4386 694 2001 698 2001 686 2001 698 2001 702 2001 686 2001 702 4387 706 4387 718 4387 706 2001 710 2001 718 2001 726 2001 730 2001 718 2001 730 4388 734 4388 718 4388 750 2001 754 2001 758 2001 774 2001 778 2001 766 2001 778 4389 782 4389 766 4389 830 2001 834 2001 846 2001 834 4390 838 4390 846 4390 846 4391 850 4391 862 4391 850 2001 854 2001 862 2001 878 4392 882 4392 894 4392 882 2001 886 2001 894 2001 894 4393 898 4393 910 4393 898 2001 902 2001 910 2001 926 4394 930 4394 934 4394 942 4395 946 4395 950 4395 950 2001 954 2001 942 2001 954 2001 958 2001 942 2001 990 2001 994 2001 998 2001 1006 4396 1010 4396 1022 4396 1010 2001 1014 2001 1022 2001 1022 2001 1026 2001 1030 2001 1038 4397 1042 4397 1046 4397 1054 2001 1058 2001 1070 2001 1058 2001 1062 2001 1070 2001 1078 4398 1082 4398 1086 4398 1094 2001 1098 2001 1086 2001 1098 2001 1102 2001 1086 2001 1102 2001 1106 2001 1110 2001 1118 2001 1122 2001 1126 2001 1126 2001 1130 2001 1118 2001 1130 4399 1134 4399 1118 4399 1150 2001 1154 2001 1158 2001 1158 2001 1162 2001 1166 2001 1190 4400 1194 4400 1198 4400 1206 2001 1210 2001 1214 2001 1214 4401 1218 4401 1230 4401 1218 4402 1222 4402 1230 4402 1238 2001 1242 2001 1246 2001 1254 2001 1258 2001 1246 2001 1258 4403 1262 4403 1246 4403 1294 2001 1298 2001 1310 2001 1298 4404 1302 4404 1310 4404 1310 2001 1314 2001 1326 2001 1314 4405 1318 4405 1326 4405 1318 2001 1322 2001 1326 2001 1334 2001 1338 2001 1326 2001 1338 2001 1342 2001 1326 2001 1350 2001 1354 2001 1342 2001 1354 2001 1358 2001 1342 2001 1390 2001 1394 2001 1406 2001 1394 2001 1398 2001 1406 2001 1414 2001 1418 2001 1406 2001 1418 2001 1422 2001 1406 2001 1422 2001 1426 2001 1438 2001 1426 2001 1430 2001 1438 2001 1478 2001 1482 2001 1470 2001 1482 4406 1486 4406 1470 4406 1494 4407 1498 4407 1486 4407 1498 4375 1502 4375 1486 4375 1518 2001 1522 2001 1534 2001 1522 2001 1526 2001 1534 2001 1526 4408 1530 4408 1534 4408 1534 4409 1538 4409 1542 4409 1542 4410 1546 4410 1534 4410 1546 2001 1550 2001 1534 2001 1558 2001 1562 2001 1550 2001 1562 4411 1566 4411 1550 4411 1582 2001 1586 2001 1598 2001 1586 4412 1590 4412 1598 4412 1590 4413 1594 4413 1598 4413 1606 2001 1610 2001 1598 2001 1610 2001 1614 2001 1598 2001 1638 4184 1642 4184 1630 4184 1642 2001 1646 2001 1630 2001 1654 4414 1658 4414 1662 4414 1686 2001 1690 2001 1678 2001 1690 2001 1694 2001 1678 2001 1702 2001 1706 2001 1694 2001 1706 2001 1710 2001 1694 2001 1718 2001 1722 2001 1710 2001 1722 2001 1726 2001 1710 2001 1726 2001 1730 2001 1742 2001 1730 2001 1734 2001 1742 2001 1758 2001 1762 2001 1774 2001 1762 4415 1766 4415 1774 4415 1774 2001 1778 2001 1782 2001 1782 4416 1786 4416 1774 4416 1786 4417 1790 4417 1774 4417 1814 4418 1818 4418 1806 4418 1818 2001 1822 2001 1806 2001 1822 2001 1826 2001 1830 2001 1830 4419 1834 4419 1838 4419 1854 2001 1858 2001 1870 2001 1858 4420 1862 4420 1870 4420 1870 2001 1874 2001 1886 2001 1874 4421 1878 4421 1886 4421 1902 2001 1906 2001 1918 2001 1906 4422 1910 4422 1918 4422 1942 4423 1946 4423 1934 4423 1946 2001 1950 2001 1934 2001 1950 2001 1954 2001 1966 2001 1954 4424 1958 4424 1966 4424 1966 4425 1970 4425 1982 4425 1970 4426 1974 4426 1982 4426 1990 4427 1994 4427 1998 4427 2014 4428 2018 4428 2030 4428 2018 2001 2022 2001 2030 2001 2046 2001 2050 2001 2054 2001 2062 2001 2066 2001 2078 2001 2066 2001 2070 2001 2078 2001 2078 4429 2082 4429 2086 4429 2102 2001 2106 2001 2110 2001 2134 4430 2138 4430 2142 4430 2142 4431 2146 4431 2150 4431 2158 4432 2162 4432 2174 4432 2162 4433 2166 4433 2174 4433 2166 2001 2170 2001 2174 2001 2182 4434 2186 4434 2174 4434 2186 2001 2190 2001 2174 2001 2190 4435 2194 4435 2206 4435 2194 2001 2198 2001 2206 2001 2222 2001 2226 2001 2230 2001 2230 2001 2234 2001 2238 2001 2246 4436 2250 4436 2238 4436 2250 2001 2254 2001 2238 2001 2278 4437 2282 4437 2286 4437 2350 4438 2354 4438 2366 4438 2354 2001 2358 2001 2366 2001 2374 2001 2378 2001 2366 2001 2378 2001 2382 2001 2366 2001 2398 4439 2402 4439 2414 4439 2402 2001 2406 2001 2414 2001 2406 4440 2410 4440 2414 4440 2414 4441 2418 4441 2430 4441 2418 2001 2422 2001 2430 2001 2438 4442 2442 4442 2446 4442 2446 2001 2450 2001 2462 2001 2450 4443 2454 4443 2462 4443 2454 2001 2458 2001 2462 2001 2470 2001 2474 2001 2462 2001 2474 4444 2478 4444 2462 4444 2486 2001 2490 2001 2478 2001 2490 2001 2494 2001 2478 2001 2502 2001 2506 2001 2494 2001 2506 2001 2510 2001 2494 2001 2518 2001 2522 2001 2526 2001 2526 4445 2530 4445 2542 4445 2530 4446 2534 4446 2542 4446 2558 2001 2562 2001 2574 2001 2562 4447 2566 4447 2574 4447 2574 4448 2578 4448 2590 4448 2578 4449 2582 4449 2590 4449 2622 2001 2626 2001 2638 2001 2626 2001 2630 2001 2638 2001 2638 4450 2642 4450 2646 4450 2646 2001 2650 2001 2638 2001 2650 2001 2654 2001 2638 2001 2654 4451 2658 4451 2670 4451 2658 4452 2662 4452 2670 4452 2670 4453 2674 4453 2678 4453 2678 4454 2682 4454 2670 4454 2682 4455 2686 4455 2670 4455 2702 4456 2706 4456 2718 4456 2706 4457 2710 4457 2718 4457 2726 4458 2730 4458 2734 4458 2734 2001 2738 2001 2742 2001 2758 2001 2762 2001 2750 2001 2762 2001 2766 2001 2750 2001 2766 2001 2770 2001 2782 2001 2770 4459 2774 4459 2782 4459 2774 2001 2778 2001 2782 2001 2790 2001 2794 2001 2798 2001 2822 4460 2826 4460 2814 4460 2826 4461 2830 4461 2814 4461 2830 4462 2834 4462 2846 4462 2834 2001 2838 2001 2846 2001 2846 4463 2850 4463 2862 4463 2850 4464 2854 4464 2862 4464 2878 2001 2882 2001 2894 2001 2882 4465 2886 4465 2894 4465 2910 2001 2914 2001 2918 2001 2918 4466 2922 4466 2926 4466 2950 2001 2954 2001 2942 2001 2954 2001 2958 2001 2942 2001 2958 4467 2962 4467 2966 4467 2982 2001 2986 2001 2974 2001 2986 2001 2990 2001 2974 2001 2990 2001 2994 2001 3006 2001 2994 2001 2998 2001 3006 2001 3014 2001 3018 2001 3022 2001 3062 2001 3066 2001 3054 2001 3066 2001 3070 2001 3054 2001 3078 4468 3082 4468 3086 4468 3094 2001 3098 2001 3086 2001 3098 2001 3102 2001 3086 2001 3102 2001 3106 2001 3118 2001 3106 2001 3110 2001 3118 2001 3118 4469 3122 4469 3126 4469 3134 4470 3138 4470 3150 4470 3138 4471 3142 4471 3150 4471 3174 4472 3178 4472 3166 4472 3178 2001 3182 2001 3166 2001 3190 2001 3194 2001 3182 2001 3194 2001 3198 2001 3182 2001 3206 4473 3210 4473 3198 4473 3210 2001 3214 2001 3198 2001 3214 2001 3218 2001 3222 2001 3222 2001 3226 2001 3214 2001 3226 2001 3230 2001 3214 2001 3246 2001 3250 2001 3262 2001 3250 4474 3254 4474 3262 4474 3254 4475 3258 4475 3262 4475 3262 4476 3266 4476 3270 4476 3270 2001 3274 2001 3262 2001 3274 4411 3278 4411 3262 4411 3278 2001 3282 2001 3294 2001 3282 2001 3286 2001 3294 2001 3294 2001 3298 2001 3310 2001 3298 4477 3302 4477 3310 4477 3302 4478 3306 4478 3310 4478 3326 2001 3330 2001 3342 2001 3330 2001 3334 2001 3342 2001 3334 4479 3338 4479 3342 4479 3342 2001 3346 2001 3358 2001 3346 4480 3350 4480 3358 4480 3366 2001 3370 2001 3358 2001 3370 4481 3374 4481 3358 4481 3374 2001 3378 2001 3382 2001 3390 2001 3394 2001 3398 2001 3406 4482 3410 4482 3422 4482 3410 4483 3414 4483 3422 4483 3414 2001 3418 2001 3422 2001 3430 2001 3434 2001 3422 2001 3434 2001 3438 2001 3422 2001 3454 2001 3458 2001 3462 2001 3462 2001 3466 2001 3454 2001 3466 2001 3470 2001 3454 2001 3470 4484 3474 4484 3486 4484 3474 2001 3478 2001 3486 2001 3494 4485 3498 4485 3502 4485 3518 2001 3522 2001 3534 2001 3522 2001 3526 2001 3534 2001 3526 4486 3530 4486 3534 4486 3542 2001 3546 2001 3534 2001 3546 2001 3550 2001 3534 2001 3614 4487 3618 4487 3630 4487 3618 2001 3622 2001 3630 2001 3622 4488 3626 4488 3630 4488 3630 2001 3634 2001 3646 2001 3634 2001 3638 2001 3646 2001 3654 2001 3658 2001 3662 2001 3670 2001 3674 2001 3662 2001 3674 4489 3678 4489 3662 4489 3686 2001 3690 2001 3678 2001 3690 2001 3694 2001 3678 2001 3702 2001 3706 2001 3694 2001 3706 2001 3710 2001 3694 2001 3710 2001 3714 2001 3718 2001 3718 2001 3722 2001 3710 2001 3722 4490 3726 4490 3710 4490 3742 4491 3746 4491 3758 4491 3746 4492 3750 4492 3758 4492 3774 2001 3778 2001 3790 2001 3778 2001 3782 2001 3790 2001 3806 4493 3810 4493 3822 4493 3810 2001 3814 2001 3822 2001 3846 2001 3850 2001 3838 2001 3850 4494 3854 4494 3838 4494 3854 2001 3858 2001 3862 2001 3862 2001 3866 2001 3854 2001 3866 2001 3870 2001 3854 2001 3870 2001 3874 2001 3886 2001 3874 2001 3878 2001 3886 2001 3878 2001 3882 2001 3886 2001 3918 4495 3922 4495 3934 4495 3922 4363 3926 4363 3934 4363 3942 2001 3946 2001 3934 2001 3946 2001 3950 2001 3934 2001 3950 2001 3954 2001 3958 2001 3958 4496 3962 4496 3966 4496 3982 2001 3986 2001 3998 2001 3986 2001 3990 2001 3998 2001 3998 2001 6 2001 14 2001 14 2001 22 2001 30 2001 30 4497 38 4497 46 4497 110 2001 118 2001 94 2001 118 2001 126 2001 94 2001 142 2001 150 2001 126 2001 150 2001 158 2001 126 2001 158 2001 166 2001 190 2001 166 4498 174 4498 190 4498 270 2001 278 2001 254 2001 278 4499 286 4499 254 4499 286 2001 294 2001 318 2001 294 4500 302 4500 318 4500 302 2001 310 2001 318 2001 318 4501 326 4501 350 4501 326 2001 334 2001 350 2001 334 4502 342 4502 350 4502 350 2001 358 2001 382 2001 358 2001 366 2001 382 2001 382 4503 390 4503 414 4503 390 2001 398 2001 414 2001 414 4504 422 4504 430 4504 446 2001 454 2001 462 2001 526 4505 534 4505 510 4505 534 2001 542 2001 510 2001 542 2001 550 2001 558 2001 558 2001 566 2001 542 2001 566 2001 574 2001 542 2001 606 4506 614 4506 622 4506 654 2001 662 2001 638 2001 662 2001 670 2001 638 2001 734 2001 742 2001 766 2001 742 4507 750 4507 766 4507 750 4508 758 4508 766 4508 782 4509 790 4509 798 4509 798 4510 806 4510 830 4510 806 2001 814 2001 830 2001 814 4511 822 4511 830 4511 862 4512 870 4512 878 4512 910 4513 918 4513 894 4513 918 2001 926 2001 894 2001 926 2001 934 2001 958 2001 934 2001 942 2001 958 2001 958 4514 966 4514 974 4514 974 2001 982 2001 990 2001 990 4515 998 4515 1022 4515 998 4516 1006 4516 1022 4516 1022 4517 1030 4517 1038 4517 1038 4518 1046 4518 1054 4518 1070 4519 1078 4519 1054 4519 1078 2001 1086 2001 1054 2001 1102 4520 1110 4520 1086 4520 1110 2001 1118 2001 1086 2001 1134 2001 1142 2001 1118 2001 1142 2001 1150 2001 1118 2001 1150 2001 1158 2001 1166 2001 1166 2001 1174 2001 1150 2001 1174 4521 1182 4521 1150 4521 1182 4522 1190 4522 1198 4522 1198 4523 1206 4523 1182 4523 1206 2001 1214 2001 1182 2001 1230 2001 1238 2001 1214 2001 1238 2001 1246 2001 1214 2001 1262 4524 1270 4524 1246 4524 1270 2001 1278 2001 1246 2001 1278 2001 1286 2001 1294 2001 1358 2001 1366 2001 1374 2001 1374 2001 1382 2001 1406 2001 1382 2001 1390 2001 1406 2001 1438 2001 1446 2001 1454 2001 1454 4525 1462 4525 1470 4525 1502 4526 1510 4526 1534 4526 1510 2001 1518 2001 1534 2001 1566 2001 1574 2001 1598 2001 1574 2001 1582 2001 1598 2001 1614 2001 1622 2001 1598 2001 1622 2001 1630 2001 1598 2001 1646 2001 1654 2001 1662 2001 1662 2001 1670 2001 1678 2001 1742 2001 1750 2001 1758 2001 1790 2001 1798 2001 1806 2001 1822 4527 1830 4527 1854 4527 1830 4528 1838 4528 1854 4528 1838 4529 1846 4529 1854 4529 1886 2001 1894 2001 1902 2001 1918 2001 1926 2001 1950 2001 1926 4530 1934 4530 1950 4530 1982 2001 1990 2001 1998 2001 1998 2001 2006 2001 2014 2001 2030 4531 2038 4531 2046 4531 2046 2001 2054 2001 2078 2001 2054 4532 2062 4532 2078 4532 2078 2001 2086 2001 2094 2001 2094 2001 2102 2001 2078 2001 2102 2001 2110 2001 2078 2001 2110 4533 2118 4533 2142 4533 2118 4534 2126 4534 2142 4534 2126 2001 2134 2001 2142 2001 2142 2001 2150 2001 2174 2001 2150 2001 2158 2001 2174 2001 2206 4535 2214 4535 2222 4535 2222 2001 2230 2001 2206 2001 2230 2001 2238 2001 2206 2001 2254 2001 2262 2001 2270 2001 2270 4536 2278 4536 2286 4536 2286 2001 2294 2001 2270 2001 2294 2001 2302 2001 2270 2001 2302 2001 2310 2001 2318 2001 2318 4537 2326 4537 2334 4537 2334 4538 2342 4538 2366 4538 2342 4539 2350 4539 2366 4539 2382 4540 2390 4540 2398 4540 2430 4541 2438 4541 2462 4541 2438 4542 2446 4542 2462 4542 2510 4543 2518 4543 2494 4543 2518 4544 2526 4544 2494 4544 2542 2001 2550 2001 2558 2001 2590 2001 2598 2001 2606 2001 2606 4545 2614 4545 2622 4545 2686 4546 2694 4546 2718 4546 2694 2001 2702 2001 2718 2001 2718 4547 2726 4547 2734 4547 2734 4548 2742 4548 2718 4548 2742 2001 2750 2001 2718 2001 2782 2001 2790 2001 2814 2001 2790 2001 2798 2001 2814 2001 2798 2001 2806 2001 2814 2001 2862 2001 2870 2001 2846 2001 2870 2001 2878 2001 2846 2001 2894 2001 2902 2001 2910 2001 2910 4549 2918 4549 2926 4549 2926 4550 2934 4550 2910 4550 2934 2001 2942 2001 2910 2001 2958 4551 2966 4551 2942 4551 2966 2001 2974 2001 2942 2001 3006 4552 3014 4552 3038 4552 3014 2001 3022 2001 3038 2001 3022 4553 3030 4553 3038 4553 3038 2001 3046 2001 3070 2001 3046 4554 3054 4554 3070 4554 3070 4555 3078 4555 3102 4555 3078 4556 3086 4556 3102 4556 3118 4557 3126 4557 3134 4557 3150 2001 3158 2001 3166 2001 3230 2001 3238 2001 3246 2001 3310 2001 3318 2001 3326 2001 3374 2001 3382 2001 3358 2001 3382 2001 3390 2001 3358 2001 3390 4558 3398 4558 3422 4558 3398 4559 3406 4559 3422 4559 3438 2001 3446 2001 3422 2001 3446 2001 3454 2001 3422 2001 3486 2001 3494 2001 3502 2001 3502 4560 3510 4560 3518 4560 3550 4560 3558 4560 3566 4560 3566 2001 3574 2001 3550 2001 3574 2001 3582 2001 3550 2001 3582 2001 3590 2001 3614 2001 3590 2001 3598 2001 3614 2001 3598 2001 3606 2001 3614 2001 3646 2001 3654 2001 3678 2001 3654 4561 3662 4561 3678 4561 3726 2001 3734 2001 3742 2001 3758 4562 3766 4562 3774 4562 3790 2001 3798 2001 3774 2001 3798 2001 3806 2001 3774 2001 3822 4563 3830 4563 3806 4563 3830 2001 3838 2001 3806 2001 3886 4564 3894 4564 3902 4564 3902 4565 3910 4565 3918 4565 3950 4566 3958 4566 3934 4566 3958 2001 3966 2001 3934 2001 3966 2001 3974 2001 3998 2001 3974 2001 3982 2001 3998 2001 3998 2001 14 2001 62 2001 14 2001 30 2001 62 2001 30 4567 46 4567 62 4567 62 4568 78 4568 94 4568 190 4569 206 4569 222 4569 222 2001 238 2001 254 2001 414 2001 430 2001 382 2001 430 2001 446 2001 382 2001 446 2001 462 2001 510 2001 462 2001 478 2001 510 2001 478 2001 494 2001 510 2001 574 2001 590 2001 638 2001 590 2001 606 2001 638 2001 606 2001 622 2001 638 2001 670 4570 686 4570 702 4570 702 2001 718 2001 766 2001 718 4571 734 4571 766 4571 766 4572 782 4572 830 4572 782 2001 798 2001 830 2001 830 4573 846 4573 862 4573 862 4574 878 4574 894 4574 958 4575 974 4575 1022 4575 974 4576 990 4576 1022 4576 1022 4577 1038 4577 1086 4577 1038 2001 1054 2001 1086 2001 1278 4578 1294 4578 1310 4578 1310 2001 1326 2001 1278 2001 1326 2001 1342 2001 1278 2001 1342 4579 1358 4579 1374 4579 1406 4580 1422 4580 1470 4580 1422 4581 1438 4581 1470 4581 1438 4582 1454 4582 1470 4582 1470 2001 1486 2001 1534 2001 1486 2001 1502 2001 1534 2001 1534 4583 1550 4583 1598 4583 1550 2001 1566 2001 1598 2001 1630 2001 1646 2001 1598 2001 1646 2001 1662 2001 1598 2001 1662 4584 1678 4584 1694 4584 1694 2001 1710 2001 1662 2001 1710 2001 1726 2001 1662 2001 1726 2001 1742 2001 1758 2001 1758 2001 1774 2001 1790 2001 1790 2001 1806 2001 1854 2001 1806 2001 1822 2001 1854 2001 1854 4585 1870 4585 1886 4585 1886 4586 1902 4586 1854 4586 1902 2001 1918 2001 1854 2001 1950 2001 1966 2001 1982 2001 1982 4587 1998 4587 2046 4587 1998 4588 2014 4588 2046 4588 2014 2001 2030 2001 2046 2001 2174 4589 2190 4589 2206 4589 2238 2001 2254 2001 2302 2001 2254 4590 2270 4590 2302 4590 2302 2001 2318 2001 2366 2001 2318 4591 2334 4591 2366 4591 2366 4592 2382 4592 2430 4592 2382 2001 2398 2001 2430 2001 2398 2001 2414 2001 2430 2001 2462 4593 2478 4593 2494 4593 2526 2001 2542 2001 2494 2001 2542 2001 2558 2001 2494 2001 2558 4593 2574 4593 2590 4593 2590 2001 2606 2001 2558 2001 2606 2001 2622 2001 2558 2001 2622 2001 2638 2001 2654 2001 2654 2001 2670 2001 2622 2001 2670 2001 2686 2001 2622 2001 2750 2001 2766 2001 2782 2001 2814 4594 2830 4594 2846 4594 2878 2001 2894 2001 2910 2001 2974 2001 2990 2001 3006 2001 3102 2001 3118 2001 3070 2001 3118 2001 3134 2001 3070 2001 3134 4595 3150 4595 3166 4595 3166 2001 3182 2001 3198 2001 3198 4596 3214 4596 3262 4596 3214 4597 3230 4597 3262 4597 3230 2001 3246 2001 3262 2001 3262 4598 3278 4598 3294 4598 3294 4599 3310 4599 3262 4599 3310 4600 3326 4600 3262 4600 3326 2001 3342 2001 3358 2001 3454 4601 3470 4601 3486 4601 3486 4538 3502 4538 3454 4538 3502 4602 3518 4602 3454 4602 3518 4603 3534 4603 3582 4603 3534 4604 3550 4604 3582 4604 3614 4605 3630 4605 3582 4605 3630 2001 3646 2001 3582 2001 3678 4606 3694 4606 3710 4606 3710 4607 3726 4607 3742 4607 3742 2001 3758 2001 3774 2001 3838 4608 3854 4608 3870 4608 3870 2001 3886 2001 3838 2001 3886 2001 3902 2001 3838 2001 3902 2001 3918 2001 3966 2001 3918 2001 3934 2001 3966 2001 62 2001 94 2001 190 2001 94 2001 126 2001 190 2001 126 2001 158 2001 190 2001 190 2001 222 2001 318 2001 222 4609 254 4609 318 4609 254 4610 286 4610 318 4610 318 4611 350 4611 446 4611 350 2001 382 2001 446 2001 510 2001 542 2001 574 2001 638 2001 670 2001 574 2001 670 2001 702 2001 574 2001 830 2001 862 2001 958 2001 862 2001 894 2001 958 2001 894 4612 926 4612 958 4612 1086 2001 1118 2001 1150 2001 1150 4613 1182 4613 1214 4613 1214 2001 1246 2001 1278 2001 1342 2001 1374 2001 1470 2001 1374 2001 1406 2001 1470 2001 1726 4614 1758 4614 1854 4614 1758 2001 1790 2001 1854 2001 1918 4615 1950 4615 1854 4615 1950 2001 1982 2001 1854 2001 2046 2001 2078 2001 2110 2001 2110 4616 2142 4616 2174 4616 2174 2001 2206 2001 2238 2001 2430 2001 2462 2001 2366 2001 2462 2001 2494 2001 2366 2001 2686 4617 2718 4617 2750 4617 2750 2001 2782 2001 2878 2001 2782 2001 2814 2001 2878 2001 2814 4618 2846 4618 2878 4618 2878 4619 2910 4619 2942 4619 2942 4620 2974 4620 3006 4620 3006 2001 3038 2001 3134 2001 3038 2001 3070 2001 3134 2001 3134 4621 3166 4621 3262 4621 3166 4622 3198 4622 3262 4622 3326 4623 3358 4623 3262 4623 3358 2001 3390 2001 3262 2001 3390 2001 3422 2001 3518 2001 3422 4624 3454 4624 3518 4624 3646 4625 3678 4625 3710 4625 3710 4626 3742 4626 3646 4626 3742 2001 3774 2001 3646 2001 3774 4627 3806 4627 3902 4627 3806 2001 3838 2001 3902 2001 3966 4628 3998 4628 62 4628 446 2001 510 2001 574 2001 702 2001 766 2001 574 2001 766 4629 830 4629 574 4629 958 2001 1022 2001 1086 2001 1086 4630 1150 4630 1342 4630 1150 4631 1214 4631 1342 4631 1214 2001 1278 2001 1342 2001 1470 4632 1534 4632 1598 4632 1598 2001 1662 2001 1854 2001 1662 2001 1726 2001 1854 2001 1982 2001 2046 2001 1854 2001 2046 4633 2110 4633 1854 4633 2110 2001 2174 2001 2366 2001 2174 4634 2238 4634 2366 4634 2238 2001 2302 2001 2366 2001 2494 2001 2558 2001 2366 2001 2558 2001 2622 2001 2366 2001 2622 2001 2686 2001 2878 2001 2686 2001 2750 2001 2878 2001 2878 2001 2942 2001 3134 2001 2942 2001 3006 2001 3134 2001 3518 4635 3582 4635 3646 4635 3902 2001 3966 2001 318 2001 3966 2001 62 2001 318 2001 62 2001 190 2001 318 2001 318 2001 446 2001 830 2001 446 4636 574 4636 830 4636 830 4637 958 4637 1086 4637 1342 4638 1470 4638 1598 4638 3134 4639 3262 4639 3390 4639 3390 2001 3518 2001 3646 2001 3646 4640 3774 4640 3902 4640 830 2001 1086 2001 1854 2001 1086 2001 1342 2001 1854 2001 1342 4641 1598 4641 1854 4641 1854 4642 2110 4642 2366 4642 2366 2001 2622 2001 1854 2001 2622 2001 2878 2001 1854 2001 2878 4643 3134 4643 3390 4643 3390 2001 3646 2001 2878 2001 3646 2001 3902 2001 2878 2001 3902 4644 318 4644 830 4644 3902 4645 830 4645 1854 4645</p>
        </triangles>
      </mesh>
    </geometry>
  </library_geometries>
  <library_visual_scenes>
    <visual_scene id="Scene" name="Scene">
      <node id="Cylinder" name="Cylinder" type="NODE">
        <matrix sid="transform">1.9 0 0 0 0 -8.30516e-8 -1.025935 0 0 1.9 -4.4845e-8 0 0 0 0 1</matrix>
        <instance_geometry url="#Cylinder-mesh" name="Cylinder"/>
      </node>
      <node id="Lamp_001_001" name="Lamp_001.001" type="NODE">
        <matrix sid="transform">-0.2908646 -0.7711007 0.5663933 4.076245 0.9551712 -0.1998833 0.2183912 1.005454 -0.05518907 0.6045248 0.7946722 5.903862 0 0 0 1</matrix>
        <instance_light url="#Lamp_001_001-light"/>
      </node>
      <node id="Camera_001_001" name="Camera_001.001" type="NODE">
        <matrix sid="transform">0.6859208 -0.3240134 0.6515582 7.481132 0.7276763 0.3054209 -0.6141704 -6.50764 -5.60925e-8 0.8953955 0.4452714 5.343665 0 0 0 1</matrix>
        <instance_camera url="#Camera_001_001-camera"/>
      </node>
      <node id="Lamp_001" name="Lamp_001" type="NODE">
        <matrix sid="transform">-0.2908646 -0.7711007 0.5663933 4.076245 0.9551712 -0.1998833 0.2183912 1.005454 -0.05518907 0.6045248 0.7946722 5.903862 0 0 0 1</matrix>
        <instance_light url="#Lamp_001-light"/>
      </node>
      <node id="Camera_001" name="Camera_001" type="NODE">
        <matrix sid="transform">0.6859207 -0.3240133 0.6515582 7.481132 0.7276763 0.3054208 -0.6141704 -6.50764 -1.27532e-8 0.8953956 0.4452713 5.343665 0 0 0 1</matrix>
        <instance_camera url="#Camera_001-camera"/>
      </node>
      <node id="Lamp" name="Lamp" type="NODE">
        <matrix sid="transform">-0.2908646 -0.7711008 0.5663933 4.076245 0.9551712 -0.1998833 0.2183912 1.005454 -0.05518904 0.6045247 0.7946723 5.903862 0 0 0 1</matrix>
        <instance_light url="#Lamp-light"/>
      </node>
      <node id="Camera" name="Camera" type="NODE">
        <matrix sid="transform">0.6859207 -0.3240135 0.6515582 7.481132 0.7276763 0.3054209 -0.6141704 -6.50764 -4.01133e-9 0.8953956 0.4452714 5.343665 0 0 0 1</matrix>
        <instance_camera url="#Camera-camera"/>
      </node>
    </visual_scene>
  </library_visual_scenes>
  <scene>
    <instance_visual_scene url="#Scene"/>
  </scene>
</COLLADA>