<?xml version="1.0" encoding="utf-8"?>
<COLLADA xmlns="http://www.collada.org/2005/11/COLLADASchema" version="1.4.1" xmlns:xsi="http://www.w3.org/2001/XMLSchema-instance">
  <asset>
    <contributor>
      <author>Blender User</author>
      <authoring_tool>Blender 2.82.7</authoring_tool>
    </contributor>
    <created>2021-10-14T17:22:34</created>
    <modified>2021-10-14T17:22:34</modified>
    <unit name="meter" meter="1"/>
    <up_axis>Z_UP</up_axis>
  </asset>
  <library_cameras>
    <camera id="Camera_001-camera" name="Camera.007">
      <optics>
        <technique_common>
          <perspective>
            <xfov sid="xfov">49.13434</xfov>
            <aspect_ratio>1.777778</aspect_ratio>
            <znear sid="znear">0.1</znear>
            <zfar sid="zfar">100</zfar>
          </perspective>
        </technique_common>
      </optics>
      <extra>
        <technique profile="blender">
          <shiftx sid="shiftx" type="float">0</shiftx>
          <shifty sid="shifty" type="float">0</shifty>
          <dof_distance sid="dof_distance" type="float">10</dof_distance>
        </technique>
      </extra>
    </camera>
    <camera id="Camera_001-camera" name="Camera.006">
      <optics>
        <technique_common>
          <perspective>
            <xfov sid="xfov">49.13434</xfov>
            <aspect_ratio>1.777778</aspect_ratio>
            <znear sid="znear">0.1</znear>
            <zfar sid="zfar">100</zfar>
          </perspective>
        </technique_common>
      </optics>
      <extra>
        <technique profile="blender">
          <shiftx sid="shiftx" type="float">0</shiftx>
          <shifty sid="shifty" type="float">0</shifty>
          <dof_distance sid="dof_distance" type="float">10</dof_distance>
        </technique>
      </extra>
    </camera>
    <camera id="Camera_001_001-camera" name="Camera.005">
      <optics>
        <technique_common>
          <perspective>
            <xfov sid="xfov">49.13434</xfov>
            <aspect_ratio>1.777778</aspect_ratio>
            <znear sid="znear">0.1</znear>
            <zfar sid="zfar">100</zfar>
          </perspective>
        </technique_common>
      </optics>
      <extra>
        <technique profile="blender">
          <shiftx sid="shiftx" type="float">0</shiftx>
          <shifty sid="shifty" type="float">0</shifty>
          <dof_distance sid="dof_distance" type="float">10</dof_distance>
        </technique>
      </extra>
    </camera>
  </library_cameras>
  <library_lights>
    <light id="Lamp-light" name="Lamp.005">
      <technique_common>
        <point>
          <color sid="color">1 1 1</color>
          <constant_attenuation>1</constant_attenuation>
          <linear_attenuation>0</linear_attenuation>
          <quadratic_attenuation>0.00111109</quadratic_attenuation>
        </point>
      </technique_common>
      <extra>
        <technique profile="blender">
          <type sid="type" type="int">0</type>
          <flag sid="flag" type="int">0</flag>
          <mode sid="mode" type="int">8192</mode>
          <gamma sid="blender_gamma" type="float">1</gamma>
          <red sid="red" type="float">1</red>
          <green sid="green" type="float">1</green>
          <blue sid="blue" type="float">1</blue>
          <shadow_r sid="blender_shadow_r" type="float">0</shadow_r>
          <shadow_g sid="blender_shadow_g" type="float">0</shadow_g>
          <shadow_b sid="blender_shadow_b" type="float">0</shadow_b>
          <energy sid="blender_energy" type="float">1</energy>
          <dist sid="blender_dist" type="float">29.99998</dist>
          <spotsize sid="spotsize" type="float">75</spotsize>
          <spotblend sid="spotblend" type="float">0.15</spotblend>
          <att1 sid="att1" type="float">0</att1>
          <att2 sid="att2" type="float">1</att2>
          <falloff_type sid="falloff_type" type="int">2</falloff_type>
          <clipsta sid="clipsta" type="float">1.000799</clipsta>
          <clipend sid="clipend" type="float">30.002</clipend>
          <bias sid="bias" type="float">1</bias>
          <soft sid="soft" type="float">3</soft>
          <bufsize sid="bufsize" type="int">2880</bufsize>
          <samp sid="samp" type="int">3</samp>
          <buffers sid="buffers" type="int">1</buffers>
          <area_shape sid="area_shape" type="int">1</area_shape>
          <area_size sid="area_size" type="float">0.1</area_size>
          <area_sizey sid="area_sizey" type="float">0.1</area_sizey>
          <area_sizez sid="area_sizez" type="float">1</area_sizez>
        </technique>
      </extra>
    </light>
    <light id="Lamp_001-light" name="Lamp.004">
      <technique_common>
        <point>
          <color sid="color">1 1 1</color>
          <constant_attenuation>1</constant_attenuation>
          <linear_attenuation>0</linear_attenuation>
          <quadratic_attenuation>0.00111109</quadratic_attenuation>
        </point>
      </technique_common>
      <extra>
        <technique profile="blender">
          <type sid="type" type="int">0</type>
          <flag sid="flag" type="int">0</flag>
          <mode sid="mode" type="int">8192</mode>
          <gamma sid="blender_gamma" type="float">1</gamma>
          <red sid="red" type="float">1</red>
          <green sid="green" type="float">1</green>
          <blue sid="blue" type="float">1</blue>
          <shadow_r sid="blender_shadow_r" type="float">0</shadow_r>
          <shadow_g sid="blender_shadow_g" type="float">0</shadow_g>
          <shadow_b sid="blender_shadow_b" type="float">0</shadow_b>
          <energy sid="blender_energy" type="float">1</energy>
          <dist sid="blender_dist" type="float">29.99998</dist>
          <spotsize sid="spotsize" type="float">75</spotsize>
          <spotblend sid="spotblend" type="float">0.15</spotblend>
          <att1 sid="att1" type="float">0</att1>
          <att2 sid="att2" type="float">1</att2>
          <falloff_type sid="falloff_type" type="int">2</falloff_type>
          <clipsta sid="clipsta" type="float">1.000799</clipsta>
          <clipend sid="clipend" type="float">30.002</clipend>
          <bias sid="bias" type="float">1</bias>
          <soft sid="soft" type="float">3</soft>
          <bufsize sid="bufsize" type="int">2880</bufsize>
          <samp sid="samp" type="int">3</samp>
          <buffers sid="buffers" type="int">1</buffers>
          <area_shape sid="area_shape" type="int">1</area_shape>
          <area_size sid="area_size" type="float">0.1</area_size>
          <area_sizey sid="area_sizey" type="float">0.1</area_sizey>
          <area_sizez sid="area_sizez" type="float">1</area_sizez>
        </technique>
      </extra>
    </light>
    <light id="Lamp_001_001-light" name="Lamp.003">
      <technique_common>
        <point>
          <color sid="color">1 1 1</color>
          <constant_attenuation>1</constant_attenuation>
          <linear_attenuation>0</linear_attenuation>
          <quadratic_attenuation>0.00111109</quadratic_attenuation>
        </point>
      </technique_common>
      <extra>
        <technique profile="blender">
          <type sid="type" type="int">0</type>
          <flag sid="flag" type="int">0</flag>
          <mode sid="mode" type="int">8192</mode>
          <gamma sid="blender_gamma" type="float">1</gamma>
          <red sid="red" type="float">1</red>
          <green sid="green" type="float">1</green>
          <blue sid="blue" type="float">1</blue>
          <shadow_r sid="blender_shadow_r" type="float">0</shadow_r>
          <shadow_g sid="blender_shadow_g" type="float">0</shadow_g>
          <shadow_b sid="blender_shadow_b" type="float">0</shadow_b>
          <energy sid="blender_energy" type="float">1</energy>
          <dist sid="blender_dist" type="float">29.99998</dist>
          <spotsize sid="spotsize" type="float">75</spotsize>
          <spotblend sid="spotblend" type="float">0.15</spotblend>
          <att1 sid="att1" type="float">0</att1>
          <att2 sid="att2" type="float">1</att2>
          <falloff_type sid="falloff_type" type="int">2</falloff_type>
          <clipsta sid="clipsta" type="float">1.000799</clipsta>
          <clipend sid="clipend" type="float">30.002</clipend>
          <bias sid="bias" type="float">1</bias>
          <soft sid="soft" type="float">3</soft>
          <bufsize sid="bufsize" type="int">2880</bufsize>
          <samp sid="samp" type="int">3</samp>
          <buffers sid="buffers" type="int">1</buffers>
          <area_shape sid="area_shape" type="int">1</area_shape>
          <area_size sid="area_size" type="float">0.1</area_size>
          <area_sizey sid="area_sizey" type="float">0.1</area_sizey>
          <area_sizez sid="area_sizez" type="float">1</area_sizez>
        </technique>
      </extra>
    </light>
    <light id="Light-light" name="Light.001">
      <technique_common>
        <point>
          <color sid="color">1000 1000 1000</color>
          <constant_attenuation>1</constant_attenuation>
          <linear_attenuation>0</linear_attenuation>
          <quadratic_attenuation>0.00111109</quadratic_attenuation>
        </point>
      </technique_common>
      <extra>
        <technique profile="blender">
          <type sid="type" type="int">0</type>
          <flag sid="flag" type="int">0</flag>
          <mode sid="mode" type="int">1</mode>
          <gamma sid="blender_gamma" type="float">1</gamma>
          <red sid="red" type="float">1</red>
          <green sid="green" type="float">1</green>
          <blue sid="blue" type="float">1</blue>
          <shadow_r sid="blender_shadow_r" type="float">0</shadow_r>
          <shadow_g sid="blender_shadow_g" type="float">0</shadow_g>
          <shadow_b sid="blender_shadow_b" type="float">0</shadow_b>
          <energy sid="blender_energy" type="float">1000</energy>
          <dist sid="blender_dist" type="float">29.99998</dist>
          <spotsize sid="spotsize" type="float">75</spotsize>
          <spotblend sid="spotblend" type="float">0.15</spotblend>
          <att1 sid="att1" type="float">0</att1>
          <att2 sid="att2" type="float">1</att2>
          <falloff_type sid="falloff_type" type="int">2</falloff_type>
          <clipsta sid="clipsta" type="float">0.04999995</clipsta>
          <clipend sid="clipend" type="float">30.002</clipend>
          <bias sid="bias" type="float">1</bias>
          <soft sid="soft" type="float">3</soft>
          <bufsize sid="bufsize" type="int">2880</bufsize>
          <samp sid="samp" type="int">3</samp>
          <buffers sid="buffers" type="int">1</buffers>
          <area_shape sid="area_shape" type="int">1</area_shape>
          <area_size sid="area_size" type="float">0.1</area_size>
          <area_sizey sid="area_sizey" type="float">0.1</area_sizey>
          <area_sizez sid="area_sizez" type="float">1</area_sizez>
        </technique>
      </extra>
    </light>
  </library_lights>
  <library_images/>
  <library_geometries>
    <geometry id="Cylinder_001-mesh" name="Cylinder.001">
      <mesh>
        <source id="Cylinder_001-mesh-positions">
          <float_array id="Cylinder_001-mesh-positions-array" count="12000">0 0.04999995 -5e-5 0 0.04999995 5e-5 1.57079e-4 0.04999971 -5e-5 1.57079e-4 0.04999971 5e-5 3.14157e-4 0.04999876 -5e-5 3.14157e-4 0.04999876 5e-5 4.71232e-4 0.0499975 -5e-5 4.71232e-4 0.0499975 5e-5 6.28302e-4 0.04999577 -5e-5 6.28302e-4 0.04999577 5e-5 7.85366e-4 0.04999381 -5e-5 7.85366e-4 0.04999381 5e-5 9.42422e-4 0.04999107 -5e-5 9.42422e-4 0.04999107 5e-5 0.001099467 0.04998791 -5e-5 0.001099467 0.04998791 5e-5 0.001256406 0.04998397 -5e-5 0.001256406 0.04998397 5e-5 0.001413524 0.04997998 -5e-5 0.001413524 0.04997998 5e-5 0.001570463 0.04997503 -5e-5 0.001570463 0.04997503 5e-5 0.001727521 0.04997009 -5e-5 0.001727521 0.04997009 5e-5 0.00188446 0.04996418 -5e-5 0.00188446 0.04996418 5e-5 0.002041459 0.04995805 -5e-5 0.002041459 0.04995805 5e-5 0.002198398 0.04995161 -5e-5 0.002198398 0.04995161 5e-5 0.002355158 0.04994446 -5e-5 0.002355158 0.04994446 5e-5 0.002512097 0.04993683 -5e-5 0.002512097 0.04993683 5e-5 0.002669036 0.04992866 -5e-5 0.002669036 0.04992866 5e-5 0.002825856 0.04992008 -5e-5 0.002825856 0.04992008 5e-5 0.002982676 0.0499109 -5e-5 0.002982676 0.0499109 5e-5 0.003139436 0.04990106 -5e-5 0.003139436 0.04990106 5e-5 0.003296256 0.04989123 -5e-5 0.003296256 0.04989123 5e-5 0.003452897 0.04988062 -5e-5 0.003452897 0.04988062 5e-5 0.003609657 0.04986929 -5e-5 0.003609657 0.04986929 5e-5 0.003766298 0.04985791 -5e-5 0.003766298 0.04985791 5e-5 0.003922939 0.04984581 -5e-5 0.003922939 0.04984581 5e-5 0.004079461 0.04983305 -5e-5 0.004079461 0.04983305 5e-5 0.004236042 0.04982018 -5e-5 0.004236042 0.04982018 5e-5 0.004392445 0.04980665 -5e-5 0.004392445 0.04980665 5e-5 0.004548907 0.04979234 -5e-5 0.004548907 0.04979234 5e-5 0.004705369 0.0497781 -5e-5 0.004705369 0.0497781 5e-5 0.004861772 0.04976302 -5e-5 0.004861772 0.04976302 5e-5 0.005018055 0.04974728 -5e-5 0.005018055 0.04974728 5e-5 0.005174279 0.04973149 -5e-5 0.005174279 0.04973149 5e-5 0.005330443 0.04971504 -5e-5 0.005330443 0.04971504 5e-5 0.005486667 0.04969805 -5e-5 0.005486667 0.04969805 5e-5 0.005642712 0.04968053 -5e-5 0.005642712 0.04968053 5e-5 0.005798757 0.04966259 -5e-5 0.005798757 0.04966259 5e-5 0.005954802 0.04964411 -5e-5 0.005954802 0.04964411 5e-5 0.006110787 0.04962491 -5e-5 0.006110787 0.04962491 5e-5 0.006266534 0.04960548 -5e-5 0.006266534 0.04960548 5e-5 0.00642246 0.0495857 -5e-5 0.00642246 0.0495857 5e-5 0.006578207 0.04956537 -5e-5 0.006578207 0.04956537 5e-5 0.006733894 0.04954445 -5e-5 0.006733894 0.04954445 5e-5 0.006889462 0.04952293 -5e-5 0.006889462 0.04952293 5e-5 0.00704503 0.04950118 -5e-5 0.00704503 0.04950118 5e-5 0.00720036 0.04947865 -5e-5 0.00720036 0.04947865 5e-5 0.007355928 0.04945594 -5e-5 0.007355928 0.04945594 5e-5 0.007511258 0.04943233 -5e-5 0.007511258 0.04943233 5e-5 0.007666528 0.04940873 -5e-5 0.007666528 0.04940873 5e-5 0.007821679 0.04938441 -5e-5 0.007821679 0.04938441 5e-5 0.00797683 0.04935956 -5e-5 0.00797683 0.04935956 5e-5 0.008131802 0.04933404 -5e-5 0.008131802 0.04933404 5e-5 0.008286774 0.0493083 -5e-5 0.008286774 0.0493083 5e-5 0.008441627 0.04928219 -5e-5 0.008441627 0.04928219 5e-5 0.00859642 0.04925543 -5e-5 0.00859642 0.04925543 5e-5 0.008751153 0.04922819 -5e-5 0.008751153 0.04922819 5e-5 0.008905708 0.04920047 -5e-5 0.008905708 0.04920047 5e-5 0.009060263 0.04917222 -5e-5 0.009060263 0.04917222 5e-5 0.009214699 0.04914355 -5e-5 0.009214699 0.04914355 5e-5 0.009369015 0.0491141 -5e-5 0.009369015 0.0491141 5e-5 0.009523272 0.04908466 -5e-5 0.009523272 0.04908466 5e-5 0.009677469 0.0490545 -5e-5 0.009677469 0.0490545 5e-5 0.009831488 0.04902362 -5e-5 0.009831488 0.04902362 5e-5 0.009985446 0.04899275 -5e-5 0.009985446 0.04899275 5e-5 0.0101391 0.0489611 -5e-5 0.0101391 0.0489611 5e-5 0.01029288 0.04892879 -5e-5 0.01029288 0.04892879 5e-5 0.01044654 0.04889643 -5e-5 0.01044654 0.04889643 5e-5 0.01060009 0.04886341 -5e-5 0.01060009 0.04886341 5e-5 0.01075381 0.04882985 -5e-5 0.01075381 0.04882985 5e-5 0.01090711 0.0487957 -5e-5 0.01090711 0.0487957 5e-5 0.01106011 0.04876106 -5e-5 0.01106011 0.04876106 5e-5 0.01121354 0.04872632 -5e-5 0.01121354 0.04872632 5e-5 0.0113663 0.04869073 -5e-5 0.0113663 0.04869073 5e-5 0.01151943 0.04865491 -5e-5 0.01151943 0.04865491 5e-5 0.01167201 0.04861837 -5e-5 0.01167201 0.04861837 5e-5 0.01182466 0.04858154 -5e-5 0.01182466 0.04858154 5e-5 0.01197749 0.04854393 -5e-5 0.01197749 0.04854393 5e-5 0.01212996 0.0485062 -5e-5 0.01212996 0.0485062 5e-5 0.01228225 0.04846793 -5e-5 0.01228225 0.04846793 5e-5 0.01243448 0.04842913 -5e-5 0.01243448 0.04842913 5e-5 0.01258653 0.04838985 -5e-5 0.01258653 0.04838985 5e-5 0.01273828 0.04834979 -5e-5 0.01273828 0.04834979 5e-5 0.01289016 0.0483098 -5e-5 0.01289016 0.0483098 5e-5 0.01304203 0.04826903 -5e-5 0.01304203 0.04826903 5e-5 0.01319336 0.0482276 -5e-5 0.01319336 0.0482276 5e-5 0.01334506 0.04818618 -5e-5 0.01334506 0.04818618 5e-5 0.01349622 0.04814398 -5e-5 0.01349622 0.04814398 5e-5 0.01364731 0.0481013 -5e-5 0.01364731 0.0481013 5e-5 0.01379859 0.04805827 -5e-5 0.01379859 0.04805827 5e-5 0.01394951 0.04801464 -5e-5 0.01394951 0.04801464 5e-5 0.01410031 0.04797059 -5e-5 0.01410031 0.04797059 5e-5 0.01425093 0.04792582 -5e-5 0.01425093 0.04792582 5e-5 0.01440119 0.04788082 -5e-5 0.01440119 0.04788082 5e-5 0.01455152 0.04783535 -5e-5 0.01455152 0.04783535 5e-5 0.01470196 0.04778963 -5e-5 0.01470196 0.04778963 5e-5 0.0148518 0.0477432 -5e-5 0.0148518 0.0477432 5e-5 0.01500195 0.04769629 -5e-5 0.01500195 0.04769629 5e-5 0.01515156 0.04764872 -5e-5 0.01515156 0.04764872 5e-5 0.0153011 0.0476011 -5e-5 0.0153011 0.0476011 5e-5 0.01545059 0.04755282 -5e-5 0.01545059 0.04755282 5e-5 0.01560014 0.04750376 -5e-5 0.01560014 0.04750376 5e-5 0.01574927 0.04745477 -5e-5 0.01574927 0.04745477 5e-5 0.01589804 0.04740506 -5e-5 0.01589804 0.04740506 5e-5 0.01604712 0.04735463 -5e-5 0.01604712 0.04735463 5e-5 0.01619583 0.04730427 -5e-5 0.01619583 0.04730427 5e-5 0.01634413 0.04725313 -5e-5 0.01634413 0.04725313 5e-5 0.01649272 0.04720157 -5e-5 0.01649272 0.04720157 5e-5 0.01664096 0.04714936 -5e-5 0.01664096 0.04714936 5e-5 0.01678884 0.04709672 -5e-5 0.01678884 0.04709672 5e-5 0.0169366 0.0470438 -5e-5 0.0169366 0.0470438 5e-5 0.01708436 0.04699057 -5e-5 0.01708436 0.04699057 5e-5 0.01723212 0.04693669 -5e-5 0.01723212 0.04693669 5e-5 0.01737946 0.04688233 -5e-5 0.01737946 0.04688233 5e-5 0.01752668 0.04682749 -5e-5 0.01752668 0.04682749 5e-5 0.01767373 0.04677218 -5e-5 0.01767373 0.04677218 5e-5 0.01782029 0.04671645 -5e-5 0.01782029 0.04671645 5e-5 0.01796722 0.04666018 -5e-5 0.01796722 0.04666018 5e-5 0.01811373 0.04660356 -5e-5 0.01811373 0.04660356 5e-5 0.01826006 0.04654628 -5e-5 0.01826006 0.04654628 5e-5 0.01840621 0.04648882 -5e-5 0.01840621 0.04648882 5e-5 0.01855212 0.04643052 -5e-5 0.01855212 0.04643052 5e-5 0.01869767 0.04637223 -5e-5 0.01869767 0.04637223 5e-5 0.01884353 0.04631304 -5e-5 0.01884353 0.04631304 5e-5 0.01898866 0.0462538 -5e-5 0.01898866 0.0462538 5e-5 0.0191341 0.04619371 -5e-5 0.0191341 0.04619371 5e-5 0.01927918 0.04613339 -5e-5 0.01927918 0.04613339 5e-5 0.01942402 0.04607284 -5e-5 0.01942402 0.04607284 5e-5 0.01956862 0.04601132 -5e-5 0.01956862 0.04601132 5e-5 0.0197131 0.04594963 -5e-5 0.0197131 0.04594963 5e-5 0.0198571 0.04588747 -5e-5 0.0198571 0.04588747 5e-5 0.02000141 0.04582512 -5e-5 0.02000141 0.04582512 5e-5 0.02014505 0.04576206 -5e-5 0.02014505 0.04576206 5e-5 0.02028894 0.04569852 -5e-5 0.02028894 0.04569852 5e-5 0.02043241 0.04563432 -5e-5 0.02043241 0.04563432 5e-5 0.0205757 0.04557013 -5e-5 0.0205757 0.04557013 5e-5 0.02071875 0.04550528 -5e-5 0.02071875 0.04550528 5e-5 0.02086156 0.04543972 -5e-5 0.02086156 0.04543972 5e-5 0.02100414 0.04537421 -5e-5 0.02100414 0.04537421 5e-5 0.02114665 0.04530799 -5e-5 0.02114665 0.04530799 5e-5 0.02128893 0.04524111 -5e-5 0.02128893 0.04524111 5e-5 0.02143085 0.04517424 -5e-5 0.02143085 0.04517424 5e-5 0.02157253 0.04510653 -5e-5 0.02157253 0.04510653 5e-5 0.02171427 0.0450387 -5e-5 0.02171427 0.0450387 5e-5 0.02185571 0.04497027 -5e-5 0.02185571 0.04497027 5e-5 0.02199691 0.04490137 -5e-5 0.02199691 0.04490137 5e-5 0.02213788 0.04483205 -5e-5 0.02213788 0.04483205 5e-5 0.02227836 0.04476225 -5e-5 0.02227836 0.04476225 5e-5 0.02241909 0.04469192 -5e-5 0.02241909 0.04469192 5e-5 0.0225594 0.04462116 -5e-5 0.0225594 0.04462116 5e-5 0.02269947 0.04455024 -5e-5 0.02269947 0.04455024 5e-5 0.02283906 0.04447877 -5e-5 0.02283906 0.04447877 5e-5 0.02297896 0.04440683 -5e-5 0.02297896 0.04440683 5e-5 0.02311807 0.04433441 -5e-5 0.02311807 0.04433441 5e-5 0.02325749 0.04426157 -5e-5 0.02325749 0.04426157 5e-5 0.02339643 0.04418826 -5e-5 0.02339643 0.04418826 5e-5 0.02353513 0.04411453 -5e-5 0.02353513 0.04411453 5e-5 0.02367359 0.04404038 -5e-5 0.02367359 0.04404038 5e-5 0.02381163 0.04396557 -5e-5 0.02381163 0.04396557 5e-5 0.02394986 0.04389077 -5e-5 0.02394986 0.04389077 5e-5 0.02408736 0.04381531 -5e-5 0.02408736 0.04381531 5e-5 0.02422517 0.04373919 -5e-5 0.02422517 0.04373919 5e-5 0.02436244 0.04366314 -5e-5 0.02436244 0.04366314 5e-5 0.02449947 0.04358637 -5e-5 0.02449947 0.04358637 5e-5 0.02463608 0.04350918 -5e-5 0.02463608 0.04350918 5e-5 0.02477288 0.04343158 -5e-5 0.02477288 0.04343158 5e-5 0.02490895 0.04335331 -5e-5 0.02490895 0.04335331 5e-5 0.02504527 0.04327481 -5e-5 0.02504527 0.04327481 5e-5 0.02518111 0.04319614 -5e-5 0.02518111 0.04319614 5e-5 0.02531665 0.04311662 -5e-5 0.02531665 0.04311662 5e-5 0.02545177 0.04303687 -5e-5 0.02545177 0.04303687 5e-5 0.02558708 0.0429567 -5e-5 0.02558708 0.0429567 5e-5 0.02572166 0.04287636 -5e-5 0.02572166 0.04287636 5e-5 0.02585649 0.0427953 -5e-5 0.02585649 0.0427953 5e-5 0.02599078 0.04271388 -5e-5 0.02599078 0.04271388 5e-5 0.02612489 0.04263198 -5e-5 0.02612489 0.04263198 5e-5 0.0262584 0.04254961 -5e-5 0.0262584 0.04254961 5e-5 0.02639222 0.04246675 -5e-5 0.02639222 0.04246675 5e-5 0.02652525 0.04238379 -5e-5 0.02652525 0.04238379 5e-5 0.02665853 0.04230034 -5e-5 0.02665853 0.04230034 5e-5 0.02679127 0.04221642 -5e-5 0.02679127 0.04221642 5e-5 0.02692377 0.04213196 -5e-5 0.02692377 0.04213196 5e-5 0.02705574 0.04204726 -5e-5 0.02705574 0.04204726 5e-5 0.02718794 0.04196178 -5e-5 0.02718794 0.04196178 5e-5 0.02731961 0.04187643 -5e-5 0.02731961 0.04187643 5e-5 0.02745085 0.04179012 -5e-5 0.02745085 0.04179012 5e-5 0.02758198 0.04170382 -5e-5 0.02758198 0.04170382 5e-5 0.02771306 0.04161697 -5e-5 0.02771306 0.04161697 5e-5 0.02784371 0.04152977 -5e-5 0.02784371 0.04152977 5e-5 0.02797389 0.04144185 -5e-5 0.02797389 0.04144185 5e-5 0.028104 0.04135406 -5e-5 0.028104 0.04135406 5e-5 0.02823388 0.0412653 -5e-5 0.02823388 0.0412653 5e-5 0.02836316 0.04117637 -5e-5 0.02836316 0.04117637 5e-5 0.02849251 0.04108721 -5e-5 0.02849251 0.04108721 5e-5 0.02862155 0.04099762 -5e-5 0.02862155 0.04099762 5e-5 0.02875018 0.0409075 -5e-5 0.02875018 0.0409075 5e-5 0.02887845 0.04081696 -5e-5 0.02887845 0.04081696 5e-5 0.0290066 0.04072582 -5e-5 0.0290066 0.04072582 5e-5 0.02913445 0.04063469 -5e-5 0.02913445 0.04063469 5e-5 0.0292617 0.04054296 -5e-5 0.0292617 0.04054296 5e-5 0.0293892 0.04045087 -5e-5 0.0293892 0.04045087 5e-5 0.0295161 0.0403583 -5e-5 0.0295161 0.0403583 5e-5 0.02964276 0.04026538 -5e-5 0.02964276 0.04026538 5e-5 0.02976912 0.0401721 -5e-5 0.02976912 0.0401721 5e-5 0.02989506 0.04007834 -5e-5 0.02989506 0.04007834 5e-5 0.03002095 0.03998398 -5e-5 0.03002095 0.03998398 5e-5 0.03014642 0.03988975 -5e-5 0.03014642 0.03988975 5e-5 0.03027153 0.03979486 -5e-5 0.03027153 0.03979486 5e-5 0.03039646 0.03969955 -5e-5 0.03039646 0.03969955 5e-5 0.03052103 0.03960371 -5e-5 0.03052103 0.03960371 5e-5 0.03064525 0.0395075 -5e-5 0.03064525 0.0395075 5e-5 0.03076905 0.03941106 -5e-5 0.03076905 0.03941106 5e-5 0.03089267 0.03931427 -5e-5 0.03089267 0.03931427 5e-5 0.03101629 0.03921717 -5e-5 0.03101629 0.03921717 5e-5 0.03113931 0.03911954 -5e-5 0.03113931 0.03911954 5e-5 0.03126204 0.03902155 -5e-5 0.03126204 0.03902155 5e-5 0.03138422 0.03892314 -5e-5 0.03138422 0.03892314 5e-5 0.03150635 0.03882426 -5e-5 0.03150635 0.03882426 5e-5 0.03162837 0.03872495 -5e-5 0.03162837 0.03872495 5e-5 0.03174996 0.03862535 -5e-5 0.03174996 0.03862535 5e-5 0.03187114 0.0385257 -5e-5 0.03187114 0.0385257 5e-5 0.03199177 0.03842514 -5e-5 0.03199177 0.03842514 5e-5 0.03211236 0.03832465 -5e-5 0.03211236 0.03832465 5e-5 0.03223282 0.03822362 -5e-5 0.03223282 0.03822362 5e-5 0.03235262 0.03812193 -5e-5 0.03235262 0.03812193 5e-5 0.03247231 0.03802031 -5e-5 0.03247231 0.03802031 5e-5 0.03259158 0.03791815 -5e-5 0.03259158 0.03791815 5e-5 0.03271055 0.03781557 -5e-5 0.03271055 0.03781557 5e-5 0.03282922 0.03771257 -5e-5 0.03282922 0.03771257 5e-5 0.03294754 0.0376091 -5e-5 0.03294754 0.0376091 5e-5 0.03306525 0.03750532 -5e-5 0.03306525 0.03750532 5e-5 0.03318291 0.03740125 -5e-5 0.03318291 0.03740125 5e-5 0.03330034 0.03729707 -5e-5 0.03330034 0.03729707 5e-5 0.03341752 0.03719228 -5e-5 0.03341752 0.03719228 5e-5 0.03353399 0.03708714 -5e-5 0.03353399 0.03708714 5e-5 0.03365027 0.03698158 -5e-5 0.03365027 0.03698158 5e-5 0.03376632 0.03687566 -5e-5 0.03376632 0.03687566 5e-5 0.03388226 0.03676939 -5e-5 0.03388226 0.03676939 5e-5 0.03399759 0.03666257 -5e-5 0.03399759 0.03666257 5e-5 0.03411257 0.03655558 -5e-5 0.03411257 0.03655558 5e-5 0.03422725 0.03644824 -5e-5 0.03422725 0.03644824 5e-5 0.03434163 0.03634077 -5e-5 0.03434163 0.03634077 5e-5 0.03445535 0.03623265 -5e-5 0.03445535 0.03623265 5e-5 0.03456926 0.03612411 -5e-5 0.03456926 0.03612411 5e-5 0.03468257 0.03601551 -5e-5 0.03468257 0.03601551 5e-5 0.03479558 0.03590637 -5e-5 0.03479558 0.03590637 5e-5 0.03490805 0.03579688 -5e-5 0.03490805 0.03579688 5e-5 0.03502047 0.03568691 -5e-5 0.03502047 0.03568691 5e-5 0.03513216 0.03557682 -5e-5 0.03513216 0.03557682 5e-5 0.03524374 0.03546625 -5e-5 0.03524374 0.03546625 5e-5 0.03535521 0.03535521 -5e-5 0.03535521 0.03535521 5e-5 0.03546613 0.03524386 -5e-5 0.03546613 0.03524386 5e-5 0.0355767 0.03513228 -5e-5 0.0355767 0.03513228 5e-5 0.03568691 0.03502053 -5e-5 0.03568691 0.03502053 5e-5 0.03579676 0.03490829 -5e-5 0.03579676 0.03490829 5e-5 0.03590625 0.0347957 -5e-5 0.03590625 0.0347957 5e-5 0.03601539 0.03468269 -5e-5 0.03601539 0.03468269 5e-5 0.03612411 0.03456938 -5e-5 0.03612411 0.03456938 5e-5 0.03623259 0.03445547 -5e-5 0.03623259 0.03445547 5e-5 0.03634065 0.03434175 -5e-5 0.03634065 0.03434175 5e-5 0.03644824 0.03422737 -5e-5 0.03644824 0.03422737 5e-5 0.03655546 0.03411275 -5e-5 0.03655546 0.03411275 5e-5 0.03666245 0.03399771 -5e-5 0.03666245 0.03399771 5e-5 0.03676933 0.03388226 -5e-5 0.03676933 0.03388226 5e-5 0.0368753 0.03376644 -5e-5 0.0368753 0.03376644 5e-5 0.03698146 0.03365045 -5e-5 0.03698146 0.03365045 5e-5 0.03708702 0.0335341 -5e-5 0.03708702 0.0335341 5e-5 0.03719192 0.03341764 -5e-5 0.03719192 0.03341764 5e-5 0.03729695 0.03330039 -5e-5 0.03729695 0.03330039 5e-5 0.03740113 0.03318303 -5e-5 0.03740113 0.03318303 5e-5 0.0375052 0.03306537 -5e-5 0.0375052 0.03306537 5e-5 0.0376091 0.03294754 -5e-5 0.0376091 0.03294754 5e-5 0.03771245 0.03282934 -5e-5 0.03771245 0.03282934 5e-5 0.03781545 0.03271067 -5e-5 0.03781545 0.03271067 5e-5 0.03791803 0.03259176 -5e-5 0.03791803 0.03259176 5e-5 0.03802019 0.03247243 -5e-5 0.03802019 0.03247243 5e-5 0.03812181 0.03235286 -5e-5 0.03812181 0.03235286 5e-5 0.0382235 0.03223294 -5e-5 0.0382235 0.03223294 5e-5 0.03832453 0.03211241 -5e-5 0.03832453 0.03211241 5e-5 0.03842502 0.03199189 -5e-5 0.03842502 0.03199189 5e-5 0.03852558 0.03187114 -5e-5 0.03852558 0.03187114 5e-5 0.03862529 0.03175008 -5e-5 0.03862529 0.03175008 5e-5 0.03872483 0.03162837 -5e-5 0.03872483 0.03162837 5e-5 0.03882426 0.03150653 -5e-5 0.03882426 0.03150653 5e-5 0.03892302 0.0313844 -5e-5 0.03892302 0.0313844 5e-5 0.03902143 0.03126204 -5e-5 0.03902143 0.03126204 5e-5 0.03911948 0.03113943 -5e-5 0.03911948 0.03113943 5e-5 0.03921711 0.03101629 -5e-5 0.03921711 0.03101629 5e-5 0.03931427 0.03089278 -5e-5 0.03931427 0.03089278 5e-5 0.03941094 0.03076916 -5e-5 0.03941094 0.03076916 5e-5 0.03950744 0.03064543 -5e-5 0.03950744 0.03064543 5e-5 0.03960371 0.03052115 -5e-5 0.03960371 0.03052115 5e-5 0.03969943 0.03039658 -5e-5 0.03969943 0.03039658 5e-5 0.03979474 0.03027153 -5e-5 0.03979474 0.03027153 5e-5 0.03988963 0.03014642 -5e-5 0.03988963 0.03014642 5e-5 0.03998392 0.03002107 -5e-5 0.03998392 0.03002107 5e-5 0.04007828 0.0298953 -5e-5 0.04007828 0.0298953 5e-5 0.04017198 0.02976924 -5e-5 0.04017198 0.02976924 5e-5 0.04026532 0.02964282 -5e-5 0.04026532 0.02964282 5e-5 0.04035812 0.02951622 -5e-5 0.04035812 0.02951622 5e-5 0.04045075 0.02938932 -5e-5 0.04045075 0.02938932 5e-5 0.0405429 0.02926212 -5e-5 0.0405429 0.02926212 5e-5 0.04063463 0.02913457 -5e-5 0.04063463 0.02913457 5e-5 0.0407257 0.0290066 -5e-5 0.0407257 0.0290066 5e-5 0.0408169 0.02887845 -5e-5 0.0408169 0.02887845 5e-5 0.04090738 0.02875036 -5e-5 0.04090738 0.02875036 5e-5 0.0409975 0.02862167 -5e-5 0.0409975 0.02862167 5e-5 0.04108721 0.02849251 -5e-5 0.04108721 0.02849251 5e-5 0.04117631 0.02836352 -5e-5 0.04117631 0.02836352 5e-5 0.04126518 0.028234 -5e-5 0.04126518 0.028234 5e-5 0.04135394 0.02810424 -5e-5 0.04135394 0.02810424 5e-5 0.04144179 0.02797394 -5e-5 0.04144179 0.02797394 5e-5 0.04152971 0.02784383 -5e-5 0.04152971 0.02784383 5e-5 0.04161673 0.02771306 -5e-5 0.04161673 0.02771306 5e-5 0.04170382 0.0275821 -5e-5 0.04170382 0.0275821 5e-5 0.04179006 0.02745097 -5e-5 0.04179006 0.02745097 5e-5 0.04187607 0.02731961 -5e-5 0.04187607 0.02731961 5e-5 0.04196166 0.02718812 -5e-5 0.04196166 0.02718812 5e-5 0.04204714 0.02705591 -5e-5 0.04204714 0.02705591 5e-5 0.04213196 0.02692389 -5e-5 0.04213196 0.02692389 5e-5 0.0422163 0.02679139 -5e-5 0.0422163 0.02679139 5e-5 0.04230028 0.02665865 -5e-5 0.04230028 0.02665865 5e-5 0.04238379 0.02652537 -5e-5 0.04238379 0.02652537 5e-5 0.0424667 0.02639234 -5e-5 0.0424667 0.02639234 5e-5 0.04254961 0.02625882 -5e-5 0.04254961 0.02625882 5e-5 0.04263192 0.02612501 -5e-5 0.04263192 0.02612501 5e-5 0.04271382 0.0259909 -5e-5 0.04271382 0.0259909 5e-5 0.04279524 0.02585661 -5e-5 0.04279524 0.02585661 5e-5 0.04287624 0.02572178 -5e-5 0.04287624 0.02572178 5e-5 0.04295665 0.0255872 -5e-5 0.04295665 0.0255872 5e-5 0.04303681 0.02545189 -5e-5 0.04303681 0.02545189 5e-5 0.04311656 0.02531677 -5e-5 0.04311656 0.02531677 5e-5 0.04319608 0.02518123 -5e-5 0.04319608 0.02518123 5e-5 0.04327476 0.02504539 -5e-5 0.04327476 0.02504539 5e-5 0.04335325 0.02490907 -5e-5 0.04335325 0.02490907 5e-5 0.04343152 0.024773 -5e-5 0.04343152 0.024773 5e-5 0.04350888 0.02463614 -5e-5 0.04350888 0.02463614 5e-5 0.04358631 0.02449959 -5e-5 0.04358631 0.02449959 5e-5 0.04366308 0.02436256 -5e-5 0.04366308 0.02436256 5e-5 0.04373914 0.02422523 -5e-5 0.04373914 0.02422523 5e-5 0.04381525 0.02408748 -5e-5 0.04381525 0.02408748 5e-5 0.04389071 0.02394992 -5e-5 0.04389071 0.02394992 5e-5 0.04396551 0.02381181 -5e-5 0.04396551 0.02381181 5e-5 0.04404038 0.02367371 -5e-5 0.04404038 0.02367371 5e-5 0.04411453 0.02353525 -5e-5 0.04411453 0.02353525 5e-5 0.04418826 0.02339649 -5e-5 0.04418826 0.02339649 5e-5 0.04426151 0.02325755 -5e-5 0.04426151 0.02325755 5e-5 0.04433435 0.02311843 -5e-5 0.04433435 0.02311843 5e-5 0.04440677 0.02297902 -5e-5 0.04440677 0.02297902 5e-5 0.04447877 0.02283912 -5e-5 0.04447877 0.02283912 5e-5 0.04455024 0.02269953 -5e-5 0.04455024 0.02269953 5e-5 0.0446211 0.02255946 -5e-5 0.0446211 0.02255946 5e-5 0.04469192 0.02241915 -5e-5 0.04469192 0.02241915 5e-5 0.04476225 0.02227854 -5e-5 0.04476225 0.02227854 5e-5 0.04483199 0.02213788 -5e-5 0.04483199 0.02213788 5e-5 0.04490137 0.02199697 -5e-5 0.04490137 0.02199697 5e-5 0.04497021 0.02185577 -5e-5 0.04497021 0.02185577 5e-5 0.04503864 0.02171427 -5e-5 0.04503864 0.02171427 5e-5 0.04510653 0.02157258 -5e-5 0.04510653 0.02157258 5e-5 0.04517424 0.02143085 -5e-5 0.04517424 0.02143085 5e-5 0.04524105 0.02128893 -5e-5 0.04524105 0.02128893 5e-5 0.04530799 0.02114671 -5e-5 0.04530799 0.02114671 5e-5 0.04537421 0.02100414 -5e-5 0.04537421 0.02100414 5e-5 0.04543972 0.02086162 -5e-5 0.04543972 0.02086162 5e-5 0.04550528 0.02071875 -5e-5 0.04550528 0.02071875 5e-5 0.04557013 0.0205757 -5e-5 0.04557013 0.0205757 5e-5 0.04563432 0.02043241 -5e-5 0.04563432 0.02043241 5e-5 0.04569852 0.02028894 -5e-5 0.04569852 0.02028894 5e-5 0.04576206 0.02014505 -5e-5 0.04576206 0.02014505 5e-5 0.04582512 0.02000141 -5e-5 0.04582512 0.02000141 5e-5 0.04588747 0.0198571 -5e-5 0.04588747 0.0198571 5e-5 0.04594963 0.0197131 -5e-5 0.04594963 0.0197131 5e-5 0.04601132 0.01956862 -5e-5 0.04601132 0.01956862 5e-5 0.04607284 0.01942402 -5e-5 0.04607284 0.01942402 5e-5 0.04613339 0.01927918 -5e-5 0.04613339 0.01927918 5e-5 0.04619371 0.0191341 -5e-5 0.04619371 0.0191341 5e-5 0.0462538 0.01898866 -5e-5 0.0462538 0.01898866 5e-5 0.04631304 0.01884353 -5e-5 0.04631304 0.01884353 5e-5 0.04637223 0.01869767 -5e-5 0.04637223 0.01869767 5e-5 0.04643052 0.01855212 -5e-5 0.04643052 0.01855212 5e-5 0.04648882 0.01840615 -5e-5 0.04648882 0.01840615 5e-5 0.04654628 0.01826006 -5e-5 0.04654628 0.01826006 5e-5 0.04660356 0.01811373 -5e-5 0.04660356 0.01811373 5e-5 0.04666024 0.01796722 -5e-5 0.04666024 0.01796722 5e-5 0.04671645 0.01782029 -5e-5 0.04671645 0.01782029 5e-5 0.04677218 0.01767367 -5e-5 0.04677218 0.01767367 5e-5 0.04682749 0.01752638 -5e-5 0.04682749 0.01752638 5e-5 0.04688233 0.01737946 -5e-5 0.04688233 0.01737946 5e-5 0.04693669 0.01723206 -5e-5 0.04693669 0.01723206 5e-5 0.04699057 0.01708436 -5e-5 0.04699057 0.01708436 5e-5 0.0470438 0.0169366 -5e-5 0.0470438 0.0169366 5e-5 0.04709678 0.01678884 -5e-5 0.04709678 0.01678884 5e-5 0.04714936 0.0166409 -5e-5 0.04714936 0.0166409 5e-5 0.04720157 0.01649266 -5e-5 0.04720157 0.01649266 5e-5 0.04725313 0.01634413 -5e-5 0.04725313 0.01634413 5e-5 0.04730427 0.01619577 -5e-5 0.04730427 0.01619577 5e-5 0.04735469 0.01604712 -5e-5 0.04735469 0.01604712 5e-5 0.04740512 0.01589798 -5e-5 0.04740512 0.01589798 5e-5 0.04745483 0.01574921 -5e-5 0.04745483 0.01574921 5e-5 0.04750382 0.01559984 -5e-5 0.04750382 0.01559984 5e-5 0.04755282 0.01545053 -5e-5 0.04755282 0.01545053 5e-5 0.04760116 0.01530104 -5e-5 0.04760116 0.01530104 5e-5 0.04764872 0.01515156 -5e-5 0.04764872 0.01515156 5e-5 0.04769635 0.01500189 -5e-5 0.04769635 0.01500189 5e-5 0.04774326 0.01485174 -5e-5 0.04774326 0.01485174 5e-5 0.04778963 0.0147019 -5e-5 0.04778963 0.0147019 5e-5 0.04783535 0.01455152 -5e-5 0.04783535 0.01455152 5e-5 0.04788082 0.01440107 -5e-5 0.04788082 0.01440107 5e-5 0.04792582 0.01425081 -5e-5 0.04792582 0.01425081 5e-5 0.04797065 0.01410019 -5e-5 0.04797065 0.01410019 5e-5 0.0480147 0.01394945 -5e-5 0.0480147 0.01394945 5e-5 0.04805827 0.01379853 -5e-5 0.04805827 0.01379853 5e-5 0.0481013 0.01364725 -5e-5 0.0481013 0.01364725 5e-5 0.04814404 0.01349622 -5e-5 0.04814404 0.01349622 5e-5 0.04818618 0.01334494 -5e-5 0.04818618 0.01334494 5e-5 0.04822766 0.01319324 -5e-5 0.04822766 0.01319324 5e-5 0.04826909 0.01304191 -5e-5 0.04826909 0.01304191 5e-5 0.0483098 0.01289016 -5e-5 0.0483098 0.01289016 5e-5 0.04834985 0.01273816 -5e-5 0.04834985 0.01273816 5e-5 0.04838985 0.01258641 -5e-5 0.04838985 0.01258641 5e-5 0.04842919 0.01243436 -5e-5 0.04842919 0.01243436 5e-5 0.04846799 0.01228213 -5e-5 0.04846799 0.01228213 5e-5 0.0485062 0.01212978 -5e-5 0.0485062 0.01212978 5e-5 0.04854398 0.01197737 -5e-5 0.04854398 0.01197737 5e-5 0.0485816 0.01182454 -5e-5 0.0485816 0.01182454 5e-5 0.04861837 0.01167196 -5e-5 0.04861837 0.01167196 5e-5 0.04865491 0.01151931 -5e-5 0.04865491 0.01151931 5e-5 0.04869091 0.01136612 -5e-5 0.04869091 0.01136612 5e-5 0.04872632 0.01121336 -5e-5 0.04872632 0.01121336 5e-5 0.04876112 0.01105999 -5e-5 0.04876112 0.01105999 5e-5 0.0487957 0.01090699 -5e-5 0.0487957 0.01090699 5e-5 0.04882985 0.01075363 -5e-5 0.04882985 0.01075363 5e-5 0.04886341 0.01060009 -5e-5 0.04886341 0.01060009 5e-5 0.04889649 0.01044636 -5e-5 0.04889649 0.01044636 5e-5 0.04892879 0.0102927 -5e-5 0.04892879 0.0102927 5e-5 0.04896116 0.01013892 -5e-5 0.04896116 0.01013892 5e-5 0.04899275 0.009985327 -5e-5 0.04899275 0.009985327 5e-5 0.04902362 0.009831368 -5e-5 0.04902362 0.009831368 5e-5 0.04905456 0.00967729 -5e-5 0.04905456 0.00967729 5e-5 0.04908472 0.009523093 -5e-5 0.04908472 0.009523093 5e-5 0.0491141 0.009368836 -5e-5 0.0491141 0.009368836 5e-5 0.04914355 0.00921452 -5e-5 0.04914355 0.00921452 5e-5 0.04917228 0.009060084 -5e-5 0.04917228 0.009060084 5e-5 0.04920047 0.008905529 -5e-5 0.04920047 0.008905529 5e-5 0.04922825 0.008750915 -5e-5 0.04922825 0.008750915 5e-5 0.04925549 0.008596241 -5e-5 0.04925549 0.008596241 5e-5 0.04928225 0.008441448 -5e-5 0.04928225 0.008441448 5e-5 0.0493083 0.008286595 -5e-5 0.0493083 0.008286595 5e-5 0.04933404 0.008131623 -5e-5 0.04933404 0.008131623 5e-5 0.04935956 0.007976591 -5e-5 0.04935956 0.007976591 5e-5 0.04938441 0.0078215 -5e-5 0.04938441 0.0078215 5e-5 0.04940873 0.00766623 -5e-5 0.04940873 0.00766623 5e-5 0.04943233 0.00751096 -5e-5 0.04943233 0.00751096 5e-5 0.04945594 0.00735569 -5e-5 0.04945594 0.00735569 5e-5 0.04947865 0.0072003 -5e-5 0.04947865 0.0072003 5e-5 0.04950118 0.007044792 -5e-5 0.04950118 0.007044792 5e-5 0.04952293 0.006889224 -5e-5 0.04952293 0.006889224 5e-5 0.04954445 0.006733596 -5e-5 0.04954445 0.006733596 5e-5 0.04956537 0.006577849 -5e-5 0.04956537 0.006577849 5e-5 0.0495857 0.006422162 -5e-5 0.0495857 0.006422162 5e-5 0.04960548 0.006266415 -5e-5 0.04960548 0.006266415 5e-5 0.04962491 0.006110489 -5e-5 0.04962491 0.006110489 5e-5 0.04964411 0.005954623 -5e-5 0.04964411 0.005954623 5e-5 0.04966259 0.005798578 -5e-5 0.04966259 0.005798578 5e-5 0.04968059 0.005642533 -5e-5 0.04968059 0.005642533 5e-5 0.04969805 0.005486369 -5e-5 0.04969805 0.005486369 5e-5 0.04971504 0.005330145 -5e-5 0.04971504 0.005330145 5e-5 0.04973155 0.0051741 -5e-5 0.04973155 0.0051741 5e-5 0.04974728 0.005017817 -5e-5 0.04974728 0.005017817 5e-5 0.04976308 0.004861474 -5e-5 0.04976308 0.004861474 5e-5 0.0497781 0.004705131 -5e-5 0.0497781 0.004705131 5e-5 0.0497924 0.004548728 -5e-5 0.0497924 0.004548728 5e-5 0.04980665 0.004392266 -5e-5 0.04980665 0.004392266 5e-5 0.04982024 0.004235804 -5e-5 0.04982024 0.004235804 5e-5 0.04983305 0.004079163 -5e-5 0.04983305 0.004079163 5e-5 0.04984587 0.003922641 -5e-5 0.04984587 0.003922641 5e-5 0.04985791 0.003766 -5e-5 0.04985791 0.003766 5e-5 0.04986929 0.003609359 -5e-5 0.04986929 0.003609359 5e-5 0.04988062 0.003452718 -5e-5 0.04988062 0.003452718 5e-5 0.04989123 0.003295958 -5e-5 0.04989123 0.003295958 5e-5 0.04990106 0.003139138 -5e-5 0.04990106 0.003139138 5e-5 0.04991096 0.002982378 -5e-5 0.04991096 0.002982378 5e-5 0.04992008 0.002825558 -5e-5 0.04992008 0.002825558 5e-5 0.04992872 0.002668738 -5e-5 0.04992872 0.002668738 5e-5 0.04993683 0.002511799 -5e-5 0.04993683 0.002511799 5e-5 0.04994446 0.002354979 -5e-5 0.04994446 0.002354979 5e-5 0.04995161 0.0021981 -5e-5 0.04995161 0.0021981 5e-5 0.04995805 0.002041161 -5e-5 0.04995805 0.002041161 5e-5 0.04996424 0.001884162 -5e-5 0.04996424 0.001884162 5e-5 0.04997009 0.001727223 -5e-5 0.04997009 0.001727223 5e-5 0.04997509 0.001570165 -5e-5 0.04997509 0.001570165 5e-5 0.04997998 0.001413226 -5e-5 0.04997998 0.001413226 5e-5 0.04998397 0.001256108 -5e-5 0.04998397 0.001256108 5e-5 0.04998791 0.00109905 -5e-5 0.04998791 0.00109905 5e-5 0.04999113 9.42113e-4 -5e-5 0.04999113 9.42113e-4 5e-5 0.04999381 7.85054e-4 -5e-5 0.04999381 7.85054e-4 5e-5 0.04999577 6.27988e-4 -5e-5 0.04999577 6.27988e-4 5e-5 0.0499975 4.70915e-4 -5e-5 0.0499975 4.70915e-4 5e-5 0.04999876 3.13838e-4 -5e-5 0.04999876 3.13838e-4 5e-5 0.04999971 1.56758e-4 -5e-5 0.04999971 1.56758e-4 5e-5 0.04999995 -3.24051e-7 -5e-5 0.04999995 -3.24051e-7 5e-5 0.04999971 -1.57406e-4 -5e-5 0.04999971 -1.57406e-4 5e-5 0.04999876 -3.14486e-4 -5e-5 0.04999876 -3.14486e-4 5e-5 0.0499975 -4.71563e-4 -5e-5 0.0499975 -4.71563e-4 5e-5 0.04999577 -6.28636e-4 -5e-5 0.04999577 -6.28636e-4 5e-5 0.04999381 -7.85702e-4 -5e-5 0.04999381 -7.85702e-4 5e-5 0.04999107 -9.42761e-4 -5e-5 0.04999107 -9.42761e-4 5e-5 0.04998785 -0.001099765 -5e-5 0.04998785 -0.001099765 5e-5 0.04998391 -0.001256704 -5e-5 0.04998391 -0.001256704 5e-5 0.04997998 -0.001413822 -5e-5 0.04997998 -0.001413822 5e-5 0.04997503 -0.00157088 -5e-5 0.04997503 -0.00157088 5e-5 0.04997009 -0.001727879 -5e-5 0.04997009 -0.001727879 5e-5 0.04996418 -0.001884818 -5e-5 0.04996418 -0.001884818 5e-5 0.04995805 -0.002041757 -5e-5 0.04995805 -0.002041757 5e-5 0.04995161 -0.002198696 -5e-5 0.04995161 -0.002198696 5e-5 0.04994446 -0.002355635 -5e-5 0.04994446 -0.002355635 5e-5 0.04993683 -0.002512574 -5e-5 0.04993683 -0.002512574 5e-5 0.04992866 -0.002669394 -5e-5 0.04992866 -0.002669394 5e-5 0.04992002 -0.002826273 -5e-5 0.04992002 -0.002826273 5e-5 0.0499109 -0.002983093 -5e-5 0.0499109 -0.002983093 5e-5 0.04990106 -0.003139853 -5e-5 0.04990106 -0.003139853 5e-5 0.04989117 -0.003296554 -5e-5 0.04989117 -0.003296554 5e-5 0.04988056 -0.003453314 -5e-5 0.04988056 -0.003453314 5e-5 0.04986923 -0.003609955 -5e-5 0.04986923 -0.003609955 5e-5 0.04985791 -0.003766596 -5e-5 0.04985791 -0.003766596 5e-5 0.04984581 -0.003923237 -5e-5 0.04984581 -0.003923237 5e-5 0.04983299 -0.004079878 -5e-5 0.04983299 -0.004079878 5e-5 0.04982018 -0.0042364 -5e-5 0.04982018 -0.0042364 5e-5 0.04980659 -0.004392862 -5e-5 0.04980659 -0.004392862 5e-5 0.04979234 -0.004549384 -5e-5 0.04979234 -0.004549384 5e-5 0.04977804 -0.004705727 -5e-5 0.04977804 -0.004705727 5e-5 0.04976302 -0.00486207 -5e-5 0.04976302 -0.00486207 5e-5 0.04974722 -0.005018413 -5e-5 0.04974722 -0.005018413 5e-5 0.04973149 -0.005174696 -5e-5 0.04973149 -0.005174696 5e-5 0.04971498 -0.00533092 -5e-5 0.04971498 -0.00533092 5e-5 0.04969799 -0.005487084 -5e-5 0.04969799 -0.005487084 5e-5 0.04968047 -0.005643129 -5e-5 0.04968047 -0.005643129 5e-5 0.04966253 -0.005799174 -5e-5 0.04966253 -0.005799174 5e-5 0.04964405 -0.005955219 -5e-5 0.04964405 -0.005955219 5e-5 0.04962486 -0.006111145 -5e-5 0.04962486 -0.006111145 5e-5 0.04960542 -0.006267011 -5e-5 0.04960542 -0.006267011 5e-5 0.0495857 -0.006422877 -5e-5 0.0495857 -0.006422877 5e-5 0.04956531 -0.006578624 -5e-5 0.04956531 -0.006578624 5e-5 0.04954439 -0.006734192 -5e-5 0.04954439 -0.006734192 5e-5 0.04952275 -0.006889939 -5e-5 0.04952275 -0.006889939 5e-5 0.04950112 -0.007045388 -5e-5 0.04950112 -0.007045388 5e-5 0.04947865 -0.007200956 -5e-5 0.04947865 -0.007200956 5e-5 0.04945588 -0.007356286 -5e-5 0.04945588 -0.007356286 5e-5 0.04943227 -0.007511675 -5e-5 0.04943227 -0.007511675 5e-5 0.04940867 -0.007666945 -5e-5 0.04940867 -0.007666945 5e-5 0.04938405 -0.007822155 -5e-5 0.04938405 -0.007822155 5e-5 0.0493595 -0.007977247 -5e-5 0.0493595 -0.007977247 5e-5 0.04933398 -0.008132278 -5e-5 0.04933398 -0.008132278 5e-5 0.0493083 -0.00828725 -5e-5 0.0493083 -0.00828725 5e-5 0.04928213 -0.008442103 -5e-5 0.04928213 -0.008442103 5e-5 0.04925537 -0.008596897 -5e-5 0.04925537 -0.008596897 5e-5 0.04922813 -0.008751571 -5e-5 0.04922813 -0.008751571 5e-5 0.04920011 -0.008906185 -5e-5 0.04920011 -0.008906185 5e-5 0.04917216 -0.00906074 -5e-5 0.04917216 -0.00906074 5e-5 0.04914343 -0.009215176 -5e-5 0.04914343 -0.009215176 5e-5 0.04911398 -0.009369492 -5e-5 0.04911398 -0.009369492 5e-5 0.04908454 -0.009523749 -5e-5 0.04908454 -0.009523749 5e-5 0.04905438 -0.009677886 -5e-5 0.04905438 -0.009677886 5e-5 0.0490235 -0.009831964 -5e-5 0.0490235 -0.009831964 5e-5 0.04899263 -0.009985923 -5e-5 0.04899263 -0.009985923 5e-5 0.04896104 -0.01013982 -5e-5 0.04896104 -0.01013982 5e-5 0.04892867 -0.0102936 -5e-5 0.04892867 -0.0102936 5e-5 0.04889637 -0.01044726 -5e-5 0.04889637 -0.01044726 5e-5 0.04886329 -0.01060056 -5e-5 0.04886329 -0.01060056 5e-5 0.04882973 -0.01075404 -5e-5 0.04882973 -0.01075404 5e-5 0.0487957 -0.01090759 -5e-5 0.0487957 -0.01090759 5e-5 0.04876101 -0.01106089 -5e-5 0.04876101 -0.01106089 5e-5 0.0487262 -0.01121377 -5e-5 0.0487262 -0.01121377 5e-5 0.04869049 -0.01136702 -5e-5 0.04869049 -0.01136702 5e-5 0.04865479 -0.01151973 -5e-5 0.04865479 -0.01151973 5e-5 0.04861813 -0.01167249 -5e-5 0.04861813 -0.01167249 5e-5 0.04858142 -0.01182544 -5e-5 0.04858142 -0.01182544 5e-5 0.04854393 -0.01197797 -5e-5 0.04854393 -0.01197797 5e-5 0.0485062 -0.01213032 -5e-5 0.0485062 -0.01213032 5e-5 0.04846781 -0.01228255 -5e-5 0.04846781 -0.01228255 5e-5 0.04842901 -0.01243484 -5e-5 0.04842901 -0.01243484 5e-5 0.04838967 -0.01258707 -5e-5 0.04838967 -0.01258707 5e-5 0.04834967 -0.012739 -5e-5 0.04834967 -0.012739 5e-5 0.04830968 -0.01289063 -5e-5 0.04830968 -0.01289063 5e-5 0.04826891 -0.01304239 -5e-5 0.04826891 -0.01304239 5e-5 0.04822748 -0.01319414 -5e-5 0.04822748 -0.01319414 5e-5 0.048186 -0.01334542 -5e-5 0.048186 -0.01334542 5e-5 0.04814386 -0.01349669 -5e-5 0.04814386 -0.01349669 5e-5 0.04810094 -0.01364809 -5e-5 0.04810094 -0.01364809 5e-5 0.04805809 -0.01379913 -5e-5 0.04805809 -0.01379913 5e-5 0.04801452 -0.01394999 -5e-5 0.04801452 -0.01394999 5e-5 0.04797047 -0.01410079 -5e-5 0.04797047 -0.01410079 5e-5 0.04792577 -0.01425147 -5e-5 0.04792577 -0.01425147 5e-5 0.04788064 -0.01440197 -5e-5 0.04788064 -0.01440197 5e-5 0.04783535 -0.01455205 -5e-5 0.04783535 -0.01455205 5e-5 0.04778945 -0.01470232 -5e-5 0.04778945 -0.01470232 5e-5 0.04774302 -0.01485258 -5e-5 0.04774302 -0.01485258 5e-5 0.04769611 -0.01500231 -5e-5 0.04769611 -0.01500231 5e-5 0.04764854 -0.01515203 -5e-5 0.04764854 -0.01515203 5e-5 0.04760092 -0.01530188 -5e-5 0.04760092 -0.01530188 5e-5 0.04755264 -0.01545137 -5e-5 0.04755264 -0.01545137 5e-5 0.04750365 -0.01560068 -5e-5 0.04750365 -0.01560068 5e-5 0.04745447 -0.01574987 -5e-5 0.04745447 -0.01574987 5e-5 0.04740488 -0.01589888 -5e-5 0.04740488 -0.01589888 5e-5 0.04735445 -0.01604771 -5e-5 0.04735445 -0.01604771 5e-5 0.04730403 -0.01619637 -5e-5 0.04730403 -0.01619637 5e-5 0.04725295 -0.0163449 -5e-5 0.04725295 -0.0163449 5e-5 0.04720121 -0.01649332 -5e-5 0.04720121 -0.01649332 5e-5 0.0471493 -0.01664125 -5e-5 0.0471493 -0.01664125 5e-5 0.04709661 -0.01678955 -5e-5 0.04709661 -0.01678955 5e-5 0.0470438 -0.01693743 -5e-5 0.0470438 -0.01693743 5e-5 0.04699039 -0.01708513 -5e-5 0.04699039 -0.01708513 5e-5 0.04693645 -0.01723253 -5e-5 0.04693645 -0.01723253 5e-5 0.04688209 -0.01737982 -5e-5 0.04688209 -0.01737982 5e-5 0.04682701 -0.01752728 -5e-5 0.04682701 -0.01752728 5e-5 0.04677194 -0.01767402 -5e-5 0.04677194 -0.01767402 5e-5 0.04671621 -0.01782113 -5e-5 0.04671621 -0.01782113 5e-5 0.04665976 -0.01796782 -5e-5 0.04665976 -0.01796782 5e-5 0.04660332 -0.01811408 -5e-5 0.04660332 -0.01811408 5e-5 0.04654616 -0.01826041 -5e-5 0.04654616 -0.01826041 5e-5 0.04648858 -0.01840656 -5e-5 0.04648858 -0.01840656 5e-5 0.04643028 -0.01855272 -5e-5 0.04643028 -0.01855272 5e-5 0.04637175 -0.01869851 -5e-5 0.04637175 -0.01869851 5e-5 0.0463128 -0.01884388 -5e-5 0.0463128 -0.01884388 5e-5 0.04625362 -0.0189895 -5e-5 0.04625362 -0.0189895 5e-5 0.04619354 -0.0191347 -5e-5 0.04619354 -0.0191347 5e-5 0.04613322 -0.01927953 -5e-5 0.04613322 -0.01927953 5e-5 0.0460726 -0.01942437 -5e-5 0.0460726 -0.01942437 5e-5 0.04601109 -0.01956897 -5e-5 0.04601109 -0.01956897 5e-5 0.04594939 -0.01971364 -5e-5 0.04594939 -0.01971364 5e-5 0.04588747 -0.01985794 -5e-5 0.04588747 -0.01985794 5e-5 0.04582458 -0.02000176 -5e-5 0.04582458 -0.02000176 5e-5 0.04576176 -0.02014589 -5e-5 0.04576176 -0.02014589 5e-5 0.04569828 -0.02028954 -5e-5 0.04569828 -0.02028954 5e-5 0.04563421 -0.02043277 -5e-5 0.04563421 -0.02043277 5e-5 0.04556965 -0.02057605 -5e-5 0.04556965 -0.02057605 5e-5 0.04550474 -0.02071923 -5e-5 0.04550474 -0.02071923 5e-5 0.04543966 -0.02086222 -5e-5 0.04543966 -0.02086222 5e-5 0.04537367 -0.02100485 -5e-5 0.04537367 -0.02100485 5e-5 0.04530745 -0.02114731 -5e-5 0.04530745 -0.02114731 5e-5 0.04524081 -0.02128928 -5e-5 0.04524081 -0.02128928 5e-5 0.04517394 -0.02143156 -5e-5 0.04517394 -0.02143156 5e-5 0.04510641 -0.02157336 -5e-5 0.04510641 -0.02157336 5e-5 0.0450384 -0.02171498 -5e-5 0.0450384 -0.02171498 5e-5 0.04496973 -0.02185612 -5e-5 0.04496973 -0.02185612 5e-5 0.04490107 -0.02199751 -5e-5 0.04490107 -0.02199751 5e-5 0.04483175 -0.02213847 -5e-5 0.04483175 -0.02213847 5e-5 0.04476171 -0.0222792 -5e-5 0.04476171 -0.0222792 5e-5 0.04469174 -0.02241975 -5e-5 0.04469174 -0.02241975 5e-5 0.04462105 -0.02256006 -5e-5 0.04462105 -0.02256006 5e-5 0.04455 -0.02270013 -5e-5 0.04455 -0.02270013 5e-5 0.04447823 -0.02283996 -5e-5 0.04447823 -0.02283996 5e-5 0.04440647 -0.02297931 -5e-5 0.04440647 -0.02297931 5e-5 0.04433405 -0.02311897 -5e-5 0.04433405 -0.02311897 5e-5 0.04426097 -0.02325809 -5e-5 0.04426097 -0.02325809 5e-5 0.0441879 -0.02339684 -5e-5 0.0441879 -0.02339684 5e-5 0.04411423 -0.02353554 -5e-5 0.04411423 -0.02353554 5e-5 0.04404002 -0.02367419 -5e-5 0.04404002 -0.02367419 5e-5 0.04396528 -0.02381253 -5e-5 0.04396528 -0.02381253 5e-5 0.04389017 -0.02395027 -5e-5 0.04389017 -0.02395027 5e-5 0.04381471 -0.02408826 -5e-5 0.04381471 -0.02408826 5e-5 0.04373908 -0.02422583 -5e-5 0.04373908 -0.02422583 5e-5 0.04366248 -0.0243631 -5e-5 0.04366248 -0.0243631 5e-5 0.04358577 -0.02450013 -5e-5 0.04358577 -0.02450013 5e-5 0.04350858 -0.02463698 -5e-5 0.04350858 -0.02463698 5e-5 0.04343122 -0.02477329 -5e-5 0.04343122 -0.02477329 5e-5 0.04335314 -0.02490985 -5e-5 0.04335314 -0.02490985 5e-5 0.0432747 -0.02504593 -5e-5 0.0432747 -0.02504593 5e-5 0.04319578 -0.02518177 -5e-5 0.04319578 -0.02518177 5e-5 0.04311645 -0.02531737 -5e-5 0.04311645 -0.02531737 5e-5 0.04303658 -0.02545267 -5e-5 0.04303658 -0.02545267 5e-5 0.04295653 -0.02558749 -5e-5 0.04295653 -0.02558749 5e-5 0.04287582 -0.02572256 -5e-5 0.04287582 -0.02572256 5e-5 0.04279488 -0.02585715 -5e-5 0.04279488 -0.02585715 5e-5 0.04271346 -0.02599138 -5e-5 0.04271346 -0.02599138 5e-5 0.04263132 -0.02612555 -5e-5 0.04263132 -0.02612555 5e-5 0.04254931 -0.02625936 -5e-5 0.04254931 -0.02625936 5e-5 0.04246658 -0.02639263 -5e-5 0.04246658 -0.02639263 5e-5 0.04238349 -0.02652615 -5e-5 0.04238349 -0.02652615 5e-5 0.04229968 -0.02665919 -5e-5 0.04229968 -0.02665919 5e-5 0.04221594 -0.02679193 -5e-5 0.04221594 -0.02679193 5e-5 0.0421316 -0.02692443 -5e-5 0.0421316 -0.02692443 5e-5 0.04204666 -0.02705669 -5e-5 0.04204666 -0.02705669 5e-5 0.04196161 -0.02718842 -5e-5 0.04196161 -0.02718842 5e-5 0.04187572 -0.02732032 -5e-5 0.04187572 -0.02732032 5e-5 0.04178977 -0.02745175 -5e-5 0.04178977 -0.02745175 5e-5 0.04170346 -0.02758294 -5e-5 0.04170346 -0.02758294 5e-5 0.04161638 -0.02771377 -5e-5 0.04161638 -0.02771377 5e-5 0.04152911 -0.02784425 -5e-5 0.04152911 -0.02784425 5e-5 0.0414415 -0.02797472 -5e-5 0.0414415 -0.02797472 5e-5 0.04135358 -0.02810478 -5e-5 0.04135358 -0.02810478 5e-5 0.04126507 -0.0282346 -5e-5 0.04126507 -0.0282346 5e-5 0.04117614 -0.02836406 -5e-5 0.04117614 -0.02836406 5e-5 0.04108685 -0.02849328 -5e-5 0.04108685 -0.02849328 5e-5 0.0409969 -0.02862221 -5e-5 0.0409969 -0.02862221 5e-5 0.04090702 -0.02875077 -5e-5 0.04090702 -0.02875077 5e-5 0.04081624 -0.02887928 -5e-5 0.04081624 -0.02887928 5e-5 0.04072535 -0.02900737 -5e-5 0.04072535 -0.02900737 5e-5 0.04063421 -0.02913492 -5e-5 0.04063421 -0.02913492 5e-5 0.04054248 -0.02926266 -5e-5 0.04054248 -0.02926266 5e-5 0.04045033 -0.02938967 -5e-5 0.04045033 -0.02938967 5e-5 0.04035758 -0.02951681 -5e-5 0.04035758 -0.02951681 5e-5 0.0402649 -0.02964347 -5e-5 0.0402649 -0.02964347 5e-5 0.04017156 -0.02976959 -5e-5 0.04017156 -0.02976959 5e-5 0.04007786 -0.0298959 -5e-5 0.04007786 -0.0298959 5e-5 0.03998363 -0.03002142 -5e-5 0.03998363 -0.03002142 5e-5 0.03988897 -0.03014713 -5e-5 0.03988897 -0.03014713 5e-5 0.03979402 -0.0302723 -5e-5 0.03979402 -0.0302723 5e-5 0.03969877 -0.03039693 -5e-5 0.03969877 -0.03039693 5e-5 0.03960329 -0.03052169 -5e-5 0.03960329 -0.03052169 5e-5 0.03950721 -0.03064572 -5e-5 0.03950721 -0.03064572 5e-5 0.03941071 -0.03076994 -5e-5 0.03941071 -0.03076994 5e-5 0.03931385 -0.03089362 -5e-5 0.03931385 -0.03089362 5e-5 0.03921639 -0.03101694 -5e-5 0.03921639 -0.03101694 5e-5 0.039119 -0.03113991 -5e-5 0.039119 -0.03113991 5e-5 0.03902083 -0.03126275 -5e-5 0.03902083 -0.03126275 5e-5 0.0389223 -0.03138518 -5e-5 0.0389223 -0.03138518 5e-5 0.03882378 -0.03150731 -5e-5 0.03882378 -0.03150731 5e-5 0.0387246 -0.03162914 -5e-5 0.0387246 -0.03162914 5e-5 0.03862506 -0.0317505 -5e-5 0.03862506 -0.0317505 5e-5 0.0385251 -0.03187185 -5e-5 0.0385251 -0.03187185 5e-5 0.03842473 -0.03199273 -5e-5 0.03842473 -0.03199273 5e-5 0.03832381 -0.03211325 -5e-5 0.03832381 -0.03211325 5e-5 0.03822273 -0.03223329 -5e-5 0.03822273 -0.03223329 5e-5 0.03812152 -0.03235346 -5e-5 0.03812152 -0.03235346 5e-5 0.03801947 -0.03247278 -5e-5 0.03801947 -0.03247278 5e-5 0.03791749 -0.03259205 -5e-5 0.03791749 -0.03259205 5e-5 0.03781491 -0.03271102 -5e-5 0.03781491 -0.03271102 5e-5 0.03771173 -0.03282994 -5e-5 0.03771173 -0.03282994 5e-5 0.03760862 -0.03294813 -5e-5 0.03760862 -0.03294813 5e-5 0.03750497 -0.03306621 -5e-5 0.03750497 -0.03306621 5e-5 0.0374009 -0.03318387 -5e-5 0.0374009 -0.03318387 5e-5 0.03729647 -0.03330123 -5e-5 0.03729647 -0.03330123 5e-5 0.03719151 -0.03341799 -5e-5 0.03719151 -0.03341799 5e-5 0.03708624 -0.03353494 -5e-5 0.03708624 -0.03353494 5e-5 0.03698068 -0.03365129 -5e-5 0.03698068 -0.03365129 5e-5 0.03687489 -0.03376728 -5e-5 0.03687489 -0.03376728 5e-5 0.03676873 -0.03388285 -5e-5 0.03676873 -0.03388285 5e-5 0.03666216 -0.03399831 -5e-5 0.03666216 -0.03399831 5e-5 0.03655511 -0.0341131 -5e-5 0.03655511 -0.0341131 5e-5 0.03644776 -0.03422772 -5e-5 0.03644776 -0.03422772 5e-5 0.03633981 -0.03434211 -5e-5 0.03633981 -0.03434211 5e-5 0.03623199 -0.03445631 -5e-5 0.03623199 -0.03445631 5e-5 0.03612357 -0.03456974 -5e-5 0.03612357 -0.03456974 5e-5 0.03601479 -0.03468304 -5e-5 0.03601479 -0.03468304 5e-5 0.03590548 -0.03479605 -5e-5 0.03590548 -0.03479605 5e-5 0.0357961 -0.03490889 -5e-5 0.0357961 -0.03490889 5e-5 0.03568631 -0.03502094 -5e-5 0.03568631 -0.03502094 5e-5 0.0355761 -0.03513312 -5e-5 0.0355761 -0.03513312 5e-5 0.0354653 -0.0352447 -5e-5 0.0354653 -0.0352447 5e-5 0.03535467 -0.03535598 -5e-5 0.03535467 -0.03535598 5e-5 0.03524339 -0.03546679 -5e-5 0.03524339 -0.03546679 5e-5 0.03513181 -0.03557717 -5e-5 0.03513181 -0.03557717 5e-5 0.03501987 -0.0356875 -5e-5 0.03501987 -0.0356875 5e-5 0.03490746 -0.03579723 -5e-5 0.03490746 -0.03579723 5e-5 0.03479468 -0.03590697 -5e-5 0.03479468 -0.03590697 5e-5 0.03468173 -0.03601586 -5e-5 0.03468173 -0.03601586 5e-5 0.03456842 -0.03612488 -5e-5 0.03456842 -0.03612488 5e-5 0.034455 -0.03623306 -5e-5 0.034455 -0.03623306 5e-5 0.03434073 -0.03634119 -5e-5 0.03434073 -0.03634119 5e-5 0.03422641 -0.03644907 -5e-5 0.03422641 -0.03644907 5e-5 0.03411173 -0.03655642 -5e-5 0.03411173 -0.03655642 5e-5 0.03399688 -0.03666341 -5e-5 0.03399688 -0.03666341 5e-5 0.0338816 -0.0367698 -5e-5 0.0338816 -0.0367698 5e-5 0.03376591 -0.03687626 -5e-5 0.03376591 -0.03687626 5e-5 0.03364986 -0.03698194 -5e-5 0.03364986 -0.03698194 5e-5 0.03353351 -0.0370875 -5e-5 0.03353351 -0.0370875 5e-5 0.03341662 -0.03719288 -5e-5 0.03341662 -0.03719288 5e-5 0.03329986 -0.03729742 -5e-5 0.03329986 -0.03729742 5e-5 0.0331825 -0.03740209 -5e-5 0.0331825 -0.03740209 5e-5 0.03306484 -0.03750616 -5e-5 0.03306484 -0.03750616 5e-5 0.03294682 -0.03760987 -5e-5 0.03294682 -0.03760987 5e-5 0.03282845 -0.03771317 -5e-5 0.03282845 -0.03771317 5e-5 0.03270965 -0.03781592 -5e-5 0.03270965 -0.03781592 5e-5 0.03259068 -0.0379185 -5e-5 0.03259068 -0.0379185 5e-5 0.03247135 -0.03802073 -5e-5 0.03247135 -0.03802073 5e-5 0.03235203 -0.03812277 -5e-5 0.03235203 -0.03812277 5e-5 0.03223186 -0.03822422 -5e-5 0.03223186 -0.03822422 5e-5 0.03211182 -0.03832525 -5e-5 0.03211182 -0.03832525 5e-5 0.0319913 -0.03842598 -5e-5 0.0319913 -0.03842598 5e-5 0.03187042 -0.03852605 -5e-5 0.03187042 -0.03852605 5e-5 0.03174901 -0.03862619 -5e-5 0.03174901 -0.03862619 5e-5 0.03162771 -0.03872579 -5e-5 0.03162771 -0.03872579 5e-5 0.03150588 -0.03882467 -5e-5 0.03150588 -0.03882467 5e-5 0.03138375 -0.03892374 -5e-5 0.03138375 -0.03892374 5e-5 0.03126132 -0.0390219 -5e-5 0.03126132 -0.0390219 5e-5 0.03113842 -0.03911989 -5e-5 0.03113842 -0.03911989 5e-5 0.03101551 -0.03921777 -5e-5 0.03101551 -0.03921777 5e-5 0.03089213 -0.03931504 -5e-5 0.03089213 -0.03931504 5e-5 0.03076851 -0.0394119 -5e-5 0.03076851 -0.0394119 5e-5 0.03064453 -0.03950834 -5e-5 0.03064453 -0.03950834 5e-5 0.03052026 -0.0396043 -5e-5 0.03052026 -0.0396043 5e-5 0.03039544 -0.03970015 -5e-5 0.03039544 -0.03970015 5e-5 0.03027081 -0.03979516 -5e-5 0.03027081 -0.03979516 5e-5 0.03014564 -0.03989017 -5e-5 0.03014564 -0.03989017 5e-5 0.03001993 -0.03998482 -5e-5 0.03001993 -0.03998482 5e-5 0.02989441 -0.04007869 -5e-5 0.02989441 -0.04007869 5e-5 0.0297681 -0.04017245 -5e-5 0.0297681 -0.04017245 5e-5 0.02964198 -0.04026573 -5e-5 0.02964198 -0.04026573 5e-5 0.02951532 -0.0403589 -5e-5 0.02951532 -0.0403589 5e-5 0.02938812 -0.04045122 -5e-5 0.02938812 -0.04045122 5e-5 0.02926117 -0.04054331 -5e-5 0.02926117 -0.04054331 5e-5 0.02913337 -0.04063504 -5e-5 0.02913337 -0.04063504 5e-5 0.02900582 -0.0407266 -5e-5 0.02900582 -0.0407266 5e-5 0.02887773 -0.04081732 -5e-5 0.02887773 -0.04081732 5e-5 0.0287491 -0.04090785 -5e-5 0.0287491 -0.04090785 5e-5 0.02862066 -0.04099822 -5e-5 0.02862066 -0.04099822 5e-5 0.02849179 -0.0410878 -5e-5 0.02849179 -0.0410878 5e-5 0.02836251 -0.04117721 -5e-5 0.02836251 -0.04117721 5e-5 0.02823305 -0.04126614 -5e-5 0.02823305 -0.04126614 5e-5 0.02810323 -0.04135435 -5e-5 0.02810323 -0.04135435 5e-5 0.02797317 -0.04144269 -5e-5 0.02797317 -0.04144269 5e-5 0.02784276 -0.04153037 -5e-5 0.02784276 -0.04153037 5e-5 0.02771222 -0.04161763 -5e-5 0.02771222 -0.04161763 5e-5 0.02758139 -0.04170423 -5e-5 0.02758139 -0.04170423 5e-5 0.0274502 -0.04179096 -5e-5 0.0274502 -0.04179096 5e-5 0.02731877 -0.04187697 -5e-5 0.02731877 -0.04187697 5e-5 0.02718693 -0.04196262 -5e-5 0.02718693 -0.04196262 5e-5 0.02705514 -0.04204756 -5e-5 0.02705514 -0.04204756 5e-5 0.02692288 -0.04213237 -5e-5 0.02692288 -0.04213237 5e-5 0.02679038 -0.04221671 -5e-5 0.02679038 -0.04221671 5e-5 0.02665764 -0.04230082 -5e-5 0.02665764 -0.04230082 5e-5 0.0265246 -0.0423842 -5e-5 0.0265246 -0.0423842 5e-5 0.02639108 -0.04246759 -5e-5 0.02639108 -0.04246759 5e-5 0.02625775 -0.04255002 -5e-5 0.02625775 -0.04255002 5e-5 0.02612394 -0.04263252 -5e-5 0.02612394 -0.04263252 5e-5 0.02598989 -0.04271417 -5e-5 0.02598989 -0.04271417 5e-5 0.02585554 -0.04279565 -5e-5 0.02585554 -0.04279565 5e-5 0.02572101 -0.04287678 -5e-5 0.02572101 -0.04287678 5e-5 0.02558594 -0.04295748 -5e-5 0.02558594 -0.04295748 5e-5 0.02545106 -0.04303765 -5e-5 0.02545106 -0.04303765 5e-5 0.02531576 -0.0431174 -5e-5 0.02531576 -0.0431174 5e-5 0.02518016 -0.04319649 -5e-5 0.02518016 -0.04319649 5e-5 0.02504432 -0.04327559 -5e-5 0.02504432 -0.04327559 5e-5 0.02490824 -0.04335409 -5e-5 0.02490824 -0.04335409 5e-5 0.02477169 -0.04343187 -5e-5 0.02477169 -0.04343187 5e-5 0.02463537 -0.04350972 -5e-5 0.02463537 -0.04350972 5e-5 0.02449852 -0.04358685 -5e-5 0.02449852 -0.04358685 5e-5 0.02436149 -0.04366368 -5e-5 0.02436149 -0.04366368 5e-5 0.02422416 -0.04373997 -5e-5 0.02422416 -0.04373997 5e-5 0.02408665 -0.04381585 -5e-5 0.02408665 -0.04381585 5e-5 0.02394866 -0.04389131 -5e-5 0.02394866 -0.04389131 5e-5 0.02381086 -0.04396635 -5e-5 0.02381086 -0.04396635 5e-5 0.02367264 -0.04404067 -5e-5 0.02367264 -0.04404067 5e-5 0.02353394 -0.04411482 -5e-5 0.02353394 -0.04411482 5e-5 0.02339524 -0.04418855 -5e-5 0.02339524 -0.04418855 5e-5 0.02325648 -0.04426211 -5e-5 0.02325648 -0.04426211 5e-5 0.0231173 -0.0443347 -5e-5 0.0231173 -0.0443347 5e-5 0.0229777 -0.04440706 -5e-5 0.0229777 -0.04440706 5e-5 0.02283829 -0.04447931 -5e-5 0.02283829 -0.04447931 5e-5 0.02269846 -0.04455059 -5e-5 0.02269846 -0.04455059 5e-5 0.02255839 -0.04462194 -5e-5 0.02255839 -0.04462194 5e-5 0.02241808 -0.04469233 -5e-5 0.02241808 -0.04469233 5e-5 0.02227759 -0.04476279 -5e-5 0.02227759 -0.04476279 5e-5 0.02213656 -0.04483228 -5e-5 0.02213656 -0.04483228 5e-5 0.02199584 -0.04490166 -5e-5 0.02199584 -0.04490166 5e-5 0.02185446 -0.04497075 -5e-5 0.02185446 -0.04497075 5e-5 0.02171319 -0.04503893 -5e-5 0.02171319 -0.04503893 5e-5 0.02157169 -0.04510694 -5e-5 0.02157169 -0.04510694 5e-5 0.02142989 -0.04517447 -5e-5 0.02142989 -0.04517447 5e-5 0.02128762 -0.04524183 -5e-5 0.02128762 -0.04524183 5e-5 0.02114564 -0.04530847 -5e-5 0.02114564 -0.04530847 5e-5 0.02100294 -0.04537469 -5e-5 0.02100294 -0.04537469 5e-5 0.02086049 -0.04544049 -5e-5 0.02086049 -0.04544049 5e-5 0.02071768 -0.04550576 -5e-5 0.02071768 -0.04550576 5e-5 0.02057451 -0.04557061 -5e-5 0.02057451 -0.04557061 5e-5 0.02043128 -0.04563504 -5e-5 0.02043128 -0.04563504 5e-5 0.02028787 -0.045699 -5e-5 0.02028787 -0.045699 5e-5 0.02014416 -0.04576236 -5e-5 0.02014416 -0.04576236 5e-5 0.0200001 -0.0458256 -5e-5 0.0200001 -0.0458256 5e-5 0.01985627 -0.04588806 -5e-5 0.01985627 -0.04588806 5e-5 0.01971197 -0.04595035 -5e-5 0.01971197 -0.04595035 5e-5 0.01956743 -0.04601204 -5e-5 0.01956743 -0.04601204 5e-5 0.01942265 -0.04607307 -5e-5 0.01942265 -0.04607307 5e-5 0.01927793 -0.04613411 -5e-5 0.01927793 -0.04613411 5e-5 0.01913303 -0.04619443 -5e-5 0.01913303 -0.04619443 5e-5 0.01898777 -0.04625409 -5e-5 0.01898777 -0.04625409 5e-5 0.01884222 -0.04631376 -5e-5 0.01884222 -0.04631376 5e-5 0.01869678 -0.04637271 -5e-5 0.01869678 -0.04637271 5e-5 0.01855099 -0.04643118 -5e-5 0.01855099 -0.04643118 5e-5 0.01840502 -0.046489 -5e-5 0.01840502 -0.046489 5e-5 0.01825881 -0.04654663 -5e-5 0.01825881 -0.04654663 5e-5 0.01811254 -0.04660373 -5e-5 0.01811254 -0.04660373 5e-5 0.01796609 -0.04666066 -5e-5 0.01796609 -0.04666066 5e-5 0.0178194 -0.04671669 -5e-5 0.0178194 -0.04671669 5e-5 0.0176723 -0.04677248 -5e-5 0.0176723 -0.04677248 5e-5 0.01752549 -0.04682791 -5e-5 0.01752549 -0.04682791 5e-5 0.01737833 -0.04688251 -5e-5 0.01737833 -0.04688251 5e-5 0.01723068 -0.04693686 -5e-5 0.01723068 -0.04693686 5e-5 0.0170834 -0.04699099 -5e-5 0.0170834 -0.04699099 5e-5 0.0169354 -0.04704421 -5e-5 0.0169354 -0.04704421 5e-5 0.01678752 -0.04709744 -5e-5 0.01678752 -0.04709744 5e-5 0.01663959 -0.04714971 -5e-5 0.01663959 -0.04714971 5e-5 0.01649153 -0.04720199 -5e-5 0.01649153 -0.04720199 5e-5 0.01634317 -0.04725337 -5e-5 0.01634317 -0.04725337 5e-5 0.01619464 -0.04730463 -5e-5 0.01619464 -0.04730463 5e-5 0.01604568 -0.04735529 -5e-5 0.01604568 -0.04735529 5e-5 0.01589709 -0.04740548 -5e-5 0.01589709 -0.04740548 5e-5 0.01574808 -0.04745519 -5e-5 0.01574808 -0.04745519 5e-5 0.01559889 -0.04750442 -5e-5 0.01559889 -0.04750442 5e-5 0.01544958 -0.04755318 -5e-5 0.01544958 -0.04755318 5e-5 0.01529997 -0.04760152 -5e-5 0.01529997 -0.04760152 5e-5 0.01515024 -0.04764932 -5e-5 0.01515024 -0.04764932 5e-5 0.0150007 -0.04769665 -5e-5 0.0150007 -0.04769665 5e-5 0.01485055 -0.04774338 -5e-5 0.01485055 -0.04774338 5e-5 0.01470071 -0.04778999 -5e-5 0.01470071 -0.04778999 5e-5 0.01455026 -0.0478357 -5e-5 0.01455026 -0.0478357 5e-5 0.01440018 -0.04788142 -5e-5 0.01440018 -0.04788142 5e-5 0.01424968 -0.04792618 -5e-5 0.01424968 -0.04792618 5e-5 0.01409906 -0.04797095 -5e-5 0.01409906 -0.04797095 5e-5 0.01394826 -0.04801481 -5e-5 0.01394826 -0.04801481 5e-5 0.01379734 -0.04805845 -5e-5 0.01379734 -0.04805845 5e-5 0.0136463 -0.04810172 -5e-5 0.0136463 -0.04810172 5e-5 0.01349484 -0.04814434 -5e-5 0.01349484 -0.04814434 5e-5 0.01334381 -0.04818654 -5e-5 0.01334381 -0.04818654 5e-5 0.01319211 -0.0482282 -5e-5 0.01319211 -0.0482282 5e-5 0.01304078 -0.04826939 -5e-5 0.01304078 -0.04826939 5e-5 0.01288878 -0.04831016 -5e-5 0.01288878 -0.04831016 5e-5 0.01273721 -0.04835039 -5e-5 0.01273721 -0.04835039 5e-5 0.01258522 -0.04839015 -5e-5 0.01258522 -0.04839015 5e-5 0.01243317 -0.04842931 -5e-5 0.01243317 -0.04842931 5e-5 0.01228094 -0.04846829 -5e-5 0.01228094 -0.04846829 5e-5 0.01212865 -0.04850637 -5e-5 0.01212865 -0.04850637 5e-5 0.01197618 -0.04854428 -5e-5 0.01197618 -0.04854428 5e-5 0.01182359 -0.04858165 -5e-5 0.01182359 -0.04858165 5e-5 0.0116707 -0.04861879 -5e-5 0.0116707 -0.04861879 5e-5 0.01151812 -0.04865521 -5e-5 0.01151812 -0.04865521 5e-5 0.01136523 -0.04869115 -5e-5 0.01136523 -0.04869115 5e-5 0.01121217 -0.04872637 -5e-5 0.01121217 -0.04872637 5e-5 0.0110588 -0.04876136 -5e-5 0.0110588 -0.04876136 5e-5 0.0109058 -0.04879587 -5e-5 0.0109058 -0.04879587 5e-5 0.01075232 -0.04883015 -5e-5 0.01075232 -0.04883015 5e-5 0.01059871 -0.04886353 -5e-5 0.01059871 -0.04886353 5e-5 0.01044517 -0.04889667 -5e-5 0.01044517 -0.04889667 5e-5 0.01029151 -0.04892933 -5e-5 0.01029151 -0.04892933 5e-5 0.01013773 -0.0489614 -5e-5 0.01013773 -0.0489614 5e-5 0.009984135 -0.04899299 -5e-5 0.009984135 -0.04899299 5e-5 0.009830117 -0.0490241 -5e-5 0.009830117 -0.0490241 5e-5 0.009676098 -0.0490548 -5e-5 0.009676098 -0.0490548 5e-5 0.009521901 -0.0490849 -5e-5 0.009521901 -0.0490849 5e-5 0.009367644 -0.04911458 -5e-5 0.009367644 -0.04911458 5e-5 0.009213328 -0.04914379 -5e-5 0.009213328 -0.04914379 5e-5 0.009058892 -0.04917252 -5e-5 0.009058892 -0.04917252 5e-5 0.008904337 -0.04920071 -5e-5 0.008904337 -0.04920071 5e-5 0.008749723 -0.04922837 -5e-5 0.008749723 -0.04922837 5e-5 0.008595049 -0.04925549 -5e-5 0.008595049 -0.04925549 5e-5 0.008440256 -0.04928243 -5e-5 0.008440256 -0.04928243 5e-5 0.008285403 -0.04930847 -5e-5 0.008285403 -0.04930847 5e-5 0.008130431 -0.04933428 -5e-5 0.008130431 -0.04933428 5e-5 0.007975399 -0.04935956 -5e-5 0.007975399 -0.04935956 5e-5 0.007820308 -0.04938459 -5e-5 0.007820308 -0.04938459 5e-5 0.007665038 -0.04940891 -5e-5 0.007665038 -0.04940891 5e-5 0.007509768 -0.04943275 -5e-5 0.007509768 -0.04943275 5e-5 0.007354438 -0.049456 -5e-5 0.007354438 -0.049456 5e-5 0.007198989 -0.04947876 -5e-5 0.007198989 -0.04947876 5e-5 0.0070436 -0.04950124 -5e-5 0.0070436 -0.04950124 5e-5 0.006887972 -0.04952323 -5e-5 0.006887972 -0.04952323 5e-5 0.006732404 -0.04954463 -5e-5 0.006732404 -0.04954463 5e-5 0.006576776 -0.04956555 -5e-5 0.006576776 -0.04956555 5e-5 0.00642091 -0.0495857 -5e-5 0.00642091 -0.0495857 5e-5 0.006265223 -0.04960566 -5e-5 0.006265223 -0.04960566 5e-5 0.006109297 -0.04962509 -5e-5 0.006109297 -0.04962509 5e-5 0.005953371 -0.04964429 -5e-5 0.005953371 -0.04964429 5e-5 0.005797386 -0.04966259 -5e-5 0.005797386 -0.04966259 5e-5 0.005641341 -0.04968065 -5e-5 0.005641341 -0.04968065 5e-5 0.005485177 -0.04969817 -5e-5 0.005485177 -0.04969817 5e-5 0.005329072 -0.04971516 -5e-5 0.005329072 -0.04971516 5e-5 0.005172789 -0.04973167 -5e-5 0.005172789 -0.04973167 5e-5 0.005016565 -0.0497474 -5e-5 0.005016565 -0.0497474 5e-5 0.004860222 -0.0497632 -5e-5 0.004860222 -0.0497632 5e-5 0.004703879 -0.04977822 -5e-5 0.004703879 -0.04977822 5e-5 0.004547536 -0.04979252 -5e-5 0.004547536 -0.04979252 5e-5 0.004391074 -0.04980677 -5e-5 0.004391074 -0.04980677 5e-5 0.004234552 -0.04982036 -5e-5 0.004234552 -0.04982036 5e-5 0.00407803 -0.04983317 -5e-5 0.00407803 -0.04983317 5e-5 0.003921449 -0.04984593 -5e-5 0.003921449 -0.04984593 5e-5 0.003764808 -0.04985803 -5e-5 0.003764808 -0.04985803 5e-5 0.003608167 -0.04986935 -5e-5 0.003608167 -0.04986935 5e-5 0.003451347 -0.04988068 -5e-5 0.003451347 -0.04988068 5e-5 0.003294706 -0.04989129 -5e-5 0.003294706 -0.04989129 5e-5 0.003137946 -0.04990118 -5e-5 0.003137946 -0.04990118 5e-5 0.002981126 -0.04991102 -5e-5 0.002981126 -0.04991102 5e-5 0.002824366 -0.04992014 -5e-5 0.002824366 -0.04992014 5e-5 0.002667546 -0.04992878 -5e-5 0.002667546 -0.04992878 5e-5 0.002510607 -0.04993689 -5e-5 0.002510607 -0.04993689 5e-5 0.002353787 -0.04994446 -5e-5 0.002353787 -0.04994446 5e-5 0.002196848 -0.04995167 -5e-5 0.002196848 -0.04995167 5e-5 0.002039909 -0.0499581 -5e-5 0.002039909 -0.0499581 5e-5 0.00188297 -0.04996424 -5e-5 0.00188297 -0.04996424 5e-5 0.001725912 -0.04997009 -5e-5 0.001725912 -0.04997009 5e-5 0.001568973 -0.04997509 -5e-5 0.001568973 -0.04997509 5e-5 0.001411974 -0.04998004 -5e-5 0.001411974 -0.04998004 5e-5 0.001254916 -0.04998397 -5e-5 0.001254916 -0.04998397 5e-5 0.001097798 -0.04998791 -5e-5 0.001097798 -0.04998791 5e-5 9.40895e-4 -0.04999113 -5e-5 9.40895e-4 -0.04999113 5e-5 7.83836e-4 -0.04999381 -5e-5 7.83836e-4 -0.04999381 5e-5 6.2677e-4 -0.04999583 -5e-5 6.2677e-4 -0.04999583 5e-5 4.69697e-4 -0.0499975 -5e-5 4.69697e-4 -0.0499975 5e-5 3.1262e-4 -0.04999876 -5e-5 3.1262e-4 -0.04999876 5e-5 1.5554e-4 -0.04999971 -5e-5 1.5554e-4 -0.04999971 5e-5 -1.54217e-6 -0.04999995 -5e-5 -1.54217e-6 -0.04999995 5e-5 -1.58624e-4 -0.04999971 -5e-5 -1.58624e-4 -0.04999971 5e-5 -3.15704e-4 -0.04999876 -5e-5 -3.15704e-4 -0.04999876 5e-5 -4.72781e-4 -0.0499975 -5e-5 -4.72781e-4 -0.0499975 5e-5 -6.29854e-4 -0.04999577 -5e-5 -6.29854e-4 -0.04999577 5e-5 -7.8692e-4 -0.04999381 -5e-5 -7.8692e-4 -0.04999381 5e-5 -9.43979e-4 -0.04999107 -5e-5 -9.43979e-4 -0.04999107 5e-5 -0.001100957 -0.04998785 -5e-5 -0.001100957 -0.04998785 5e-5 -0.001257956 -0.04998391 -5e-5 -0.001257956 -0.04998391 5e-5 -0.001415014 -0.04997992 -5e-5 -0.001415014 -0.04997992 5e-5 -0.001571953 -0.04997503 -5e-5 -0.001571953 -0.04997503 5e-5 -0.001729071 -0.04997009 -5e-5 -0.001729071 -0.04997009 5e-5 -0.00188601 -0.04996412 -5e-5 -0.00188601 -0.04996412 5e-5 -0.002042949 -0.04995805 -5e-5 -0.002042949 -0.04995805 5e-5 -0.002199888 -0.04995155 -5e-5 -0.002199888 -0.04995155 5e-5 -0.002356827 -0.0499444 -5e-5 -0.002356827 -0.0499444 5e-5 -0.002513766 -0.04993677 -5e-5 -0.002513766 -0.04993677 5e-5 -0.002670586 -0.0499286 -5e-5 -0.002670586 -0.0499286 5e-5 -0.002827346 -0.04991996 -5e-5 -0.002827346 -0.04991996 5e-5 -0.002984285 -0.04991084 -5e-5 -0.002984285 -0.04991084 5e-5 -0.003141105 -0.04990094 -5e-5 -0.003141105 -0.04990094 5e-5 -0.003297865 -0.04989111 -5e-5 -0.003297865 -0.04989111 5e-5 -0.003454566 -0.0498805 -5e-5 -0.003454566 -0.0498805 5e-5 -0.003611207 -0.04986917 -5e-5 -0.003611207 -0.04986917 5e-5 -0.003767848 -0.04985779 -5e-5 -0.003767848 -0.04985779 5e-5 -0.003924489 -0.04984557 -5e-5 -0.003924489 -0.04984557 5e-5 -0.00408113 -0.04983294 -5e-5 -0.00408113 -0.04983294 5e-5 -0.004237592 -0.04981994 -5e-5 -0.004237592 -0.04981994 5e-5 -0.004394114 -0.04980653 -5e-5 -0.004394114 -0.04980653 5e-5 -0.004550576 -0.04979223 -5e-5 -0.004550576 -0.04979223 5e-5 -0.004706919 -0.04977792 -5e-5 -0.004706919 -0.04977792 5e-5 -0.004863381 -0.0497629 -5e-5 -0.004863381 -0.0497629 5e-5 -0.005019605 -0.0497471 -5e-5 -0.005019605 -0.0497471 5e-5 -0.005175948 -0.04973137 -5e-5 -0.005175948 -0.04973137 5e-5 -0.005332112 -0.04971486 -5e-5 -0.005332112 -0.04971486 5e-5 -0.005488276 -0.04969763 -5e-5 -0.005488276 -0.04969763 5e-5 -0.005644381 -0.04968035 -5e-5 -0.005644381 -0.04968035 5e-5 -0.005800426 -0.04966235 -5e-5 -0.005800426 -0.04966235 5e-5 -0.005956411 -0.04964393 -5e-5 -0.005956411 -0.04964393 5e-5 -0.006112337 -0.04962486 -5e-5 -0.006112337 -0.04962486 5e-5 -0.006268203 -0.04960525 -5e-5 -0.006268203 -0.04960525 5e-5 -0.006424069 -0.04958558 -5e-5 -0.006424069 -0.04958558 5e-5 -0.006579816 -0.04956489 -5e-5 -0.006579816 -0.04956489 5e-5 -0.006735444 -0.04954421 -5e-5 -0.006735444 -0.04954421 5e-5 -0.006891131 -0.04952257 -5e-5 -0.006891131 -0.04952257 5e-5 -0.00704658 -0.04950094 -5e-5 -0.00704658 -0.04950094 5e-5 -0.007202148 -0.04947853 -5e-5 -0.007202148 -0.04947853 5e-5 -0.007357478 -0.0494557 -5e-5 -0.007357478 -0.0494557 5e-5 -0.007512867 -0.04943209 -5e-5 -0.007512867 -0.04943209 5e-5 -0.007668018 -0.04940837 -5e-5 -0.007668018 -0.04940837 5e-5 -0.007823348 -0.04938387 -5e-5 -0.007823348 -0.04938387 5e-5 -0.007978439 -0.04935932 -5e-5 -0.007978439 -0.04935932 5e-5 -0.008133471 -0.04933393 -5e-5 -0.008133471 -0.04933393 5e-5 -0.008288443 -0.04930818 -5e-5 -0.008288443 -0.04930818 5e-5 -0.008443295 -0.04928189 -5e-5 -0.008443295 -0.04928189 5e-5 -0.008598089 -0.04925513 -5e-5 -0.008598089 -0.04925513 5e-5 -0.008752763 -0.04922789 -5e-5 -0.008752763 -0.04922789 5e-5 -0.008907377 -0.04919993 -5e-5 -0.008907377 -0.04919993 5e-5 -0.009061932 -0.04917192 -5e-5 -0.009061932 -0.04917192 5e-5 -0.009216368 -0.04914319 -5e-5 -0.009216368 -0.04914319 5e-5 -0.009370684 -0.04911381 -5e-5 -0.009370684 -0.04911381 5e-5 -0.009524941 -0.0490843 -5e-5 -0.009524941 -0.0490843 5e-5 -0.009679079 -0.0490542 -5e-5 -0.009679079 -0.0490542 5e-5 -0.009833157 -0.04902333 -5e-5 -0.009833157 -0.04902333 5e-5 -0.009987115 -0.04899227 -5e-5 -0.009987115 -0.04899227 5e-5 -0.01014101 -0.04896062 -5e-5 -0.01014101 -0.04896062 5e-5 -0.01029479 -0.04892843 -5e-5 -0.01029479 -0.04892843 5e-5 -0.01044821 -0.04889607 -5e-5 -0.01044821 -0.04889607 5e-5 -0.01060175 -0.04886299 -5e-5 -0.01060175 -0.04886299 5e-5 -0.01075536 -0.04882925 -5e-5 -0.01075536 -0.04882925 5e-5 -0.01090878 -0.04879546 -5e-5 -0.01090878 -0.04879546 5e-5 -0.01106178 -0.04876095 -5e-5 -0.01106178 -0.04876095 5e-5 -0.01121515 -0.04872596 -5e-5 -0.01121515 -0.04872596 5e-5 -0.01136809 -0.04869019 -5e-5 -0.01136809 -0.04869019 5e-5 -0.0115211 -0.04865425 -5e-5 -0.0115211 -0.04865425 5e-5 -0.01167368 -0.04861783 -5e-5 -0.01167368 -0.04861783 5e-5 -0.01182663 -0.04858118 -5e-5 -0.01182663 -0.04858118 5e-5 -0.01197916 -0.04854375 -5e-5 -0.01197916 -0.04854375 5e-5 -0.01213163 -0.0485059 -5e-5 -0.01213163 -0.0485059 5e-5 -0.01228392 -0.04846727 -5e-5 -0.01228392 -0.04846727 5e-5 -0.01243615 -0.04842871 -5e-5 -0.01243615 -0.04842871 5e-5 -0.01258826 -0.04838937 -5e-5 -0.01258826 -0.04838937 5e-5 -0.01274019 -0.04834944 -5e-5 -0.01274019 -0.04834944 5e-5 -0.01289176 -0.04830908 -5e-5 -0.01289176 -0.04830908 5e-5 -0.01304376 -0.04826837 -5e-5 -0.01304376 -0.04826837 5e-5 -0.01319509 -0.04822731 -5e-5 -0.01319509 -0.04822731 5e-5 -0.01334679 -0.04818546 -5e-5 -0.01334679 -0.04818546 5e-5 -0.01349782 -0.04814326 -5e-5 -0.01349782 -0.04814326 5e-5 -0.01364928 -0.04810065 -5e-5 -0.01364928 -0.04810065 5e-5 -0.01380032 -0.04805773 -5e-5 -0.01380032 -0.04805773 5e-5 -0.01395124 -0.04801416 -5e-5 -0.01395124 -0.04801416 5e-5 -0.01410198 -0.04796987 -5e-5 -0.01410198 -0.04796987 5e-5 -0.0142526 -0.04792559 -5e-5 -0.0142526 -0.04792559 5e-5 -0.0144031 -0.04788053 -5e-5 -0.0144031 -0.04788053 5e-5 -0.01455324 -0.04783505 -5e-5 -0.01455324 -0.04783505 5e-5 -0.01470369 -0.04778885 -5e-5 -0.01470369 -0.04778885 5e-5 -0.01485353 -0.04774266 -5e-5 -0.01485353 -0.04774266 5e-5 -0.01500368 -0.04769551 -5e-5 -0.01500368 -0.04769551 5e-5 -0.01515316 -0.04764837 -5e-5 -0.01515316 -0.04764837 5e-5 -0.01530283 -0.04760032 -5e-5 -0.01530283 -0.04760032 5e-5 -0.0154525 -0.04755198 -5e-5 -0.0154525 -0.04755198 5e-5 -0.01560181 -0.04750347 -5e-5 -0.01560181 -0.04750347 5e-5 -0.015751 -0.04745399 -5e-5 -0.015751 -0.04745399 5e-5 -0.01590001 -0.04740428 -5e-5 -0.01590001 -0.04740428 5e-5 -0.01604861 -0.04735434 -5e-5 -0.01604861 -0.04735434 5e-5 -0.01619756 -0.04730343 -5e-5 -0.01619756 -0.04730343 5e-5 -0.01634585 -0.04725229 -5e-5 -0.01634585 -0.04725229 5e-5 -0.01649445 -0.04720073 -5e-5 -0.01649445 -0.04720073 5e-5 -0.01664263 -0.04714888 -5e-5 -0.01664263 -0.04714888 5e-5 -0.01679044 -0.04709637 -5e-5 -0.01679044 -0.04709637 5e-5 -0.01693832 -0.04704338 -5e-5 -0.01693832 -0.04704338 5e-5 -0.01708602 -0.04698973 -5e-5 -0.01708602 -0.04698973 5e-5 -0.01723361 -0.04693603 -5e-5 -0.01723361 -0.04693603 5e-5 -0.01738119 -0.04688143 -5e-5 -0.01738119 -0.04688143 5e-5 -0.01752841 -0.04682672 -5e-5 -0.01752841 -0.04682672 5e-5 -0.01767534 -0.04677128 -5e-5 -0.01767534 -0.04677128 5e-5 -0.01782226 -0.04671555 -5e-5 -0.01782226 -0.04671555 5e-5 -0.01796895 -0.04665935 -5e-5 -0.01796895 -0.04665935 5e-5 -0.01811546 -0.04660284 -5e-5 -0.01811546 -0.04660284 5e-5 -0.01826179 -0.04654574 -5e-5 -0.01826179 -0.04654574 5e-5 -0.01840794 -0.04648786 -5e-5 -0.01840794 -0.04648786 5e-5 -0.01855385 -0.04643005 -5e-5 -0.01855385 -0.04643005 5e-5 -0.01869964 -0.0463714 -5e-5 -0.01869964 -0.0463714 5e-5 -0.01884526 -0.04631257 -5e-5 -0.01884526 -0.04631257 5e-5 -0.01899063 -0.04625314 -5e-5 -0.01899063 -0.04625314 5e-5 -0.01913583 -0.04619324 -5e-5 -0.01913583 -0.04619324 5e-5 -0.01928091 -0.04613292 -5e-5 -0.01928091 -0.04613292 5e-5 -0.01942569 -0.046072 -5e-5 -0.01942569 -0.046072 5e-5 -0.01957035 -0.04601085 -5e-5 -0.01957035 -0.04601085 5e-5 -0.01971483 -0.04594916 -5e-5 -0.01971483 -0.04594916 5e-5 -0.01985907 -0.04588699 -5e-5 -0.01985907 -0.04588699 5e-5 -0.02000308 -0.04582417 -5e-5 -0.02000308 -0.04582417 5e-5 -0.02014702 -0.04576104 -5e-5 -0.02014702 -0.04576104 5e-5 -0.02029067 -0.04569751 -5e-5 -0.02029067 -0.04569751 5e-5 -0.02043414 -0.04563379 -5e-5 -0.02043414 -0.04563379 5e-5 -0.02057743 -0.04556936 -5e-5 -0.02057743 -0.04556936 5e-5 -0.02072048 -0.04550451 -5e-5 -0.02072048 -0.04550451 5e-5 -0.02086329 -0.04543918 -5e-5 -0.02086329 -0.04543918 5e-5 -0.02100574 -0.04537338 -5e-5 -0.02100574 -0.04537338 5e-5 -0.02114838 -0.04530704 -5e-5 -0.02114838 -0.04530704 5e-5 -0.0212906 -0.04524052 -5e-5 -0.0212906 -0.04524052 5e-5 -0.02143245 -0.04517316 -5e-5 -0.02143245 -0.04517316 5e-5 -0.02157425 -0.04510587 -5e-5 -0.02157425 -0.04510587 5e-5 -0.02171581 -0.04503762 -5e-5 -0.02171581 -0.04503762 5e-5 -0.02185744 -0.04496932 -5e-5 -0.02185744 -0.04496932 5e-5 -0.02199864 -0.04490029 -5e-5 -0.02199864 -0.04490029 5e-5 -0.02213943 -0.04483097 -5e-5 -0.02213943 -0.04483097 5e-5 -0.02228033 -0.0447613 -5e-5 -0.02228033 -0.0447613 5e-5 -0.02242082 -0.0446912 -5e-5 -0.02242082 -0.0446912 5e-5 -0.02256113 -0.04462051 -5e-5 -0.02256113 -0.04462051 5e-5 -0.0227012 -0.04454946 -5e-5 -0.0227012 -0.04454946 5e-5 -0.02284103 -0.04447788 -5e-5 -0.02284103 -0.04447788 5e-5 -0.02298069 -0.04440569 -5e-5 -0.02298069 -0.04440569 5e-5 -0.02312004 -0.04433327 -5e-5 -0.02312004 -0.04433327 5e-5 -0.02325922 -0.04426062 -5e-5 -0.02325922 -0.04426062 5e-5 -0.02339816 -0.04418712 -5e-5 -0.02339816 -0.04418712 5e-5 -0.02353686 -0.04411339 -5e-5 -0.02353686 -0.04411339 5e-5 -0.02367532 -0.04403924 -5e-5 -0.02367532 -0.04403924 5e-5 -0.0238136 -0.04396486 -5e-5 -0.0238136 -0.04396486 5e-5 -0.02395159 -0.04388982 -5e-5 -0.02395159 -0.04388982 5e-5 -0.02408921 -0.04381436 -5e-5 -0.02408921 -0.04381436 5e-5 -0.0242269 -0.04373848 -5e-5 -0.0242269 -0.04373848 5e-5 -0.02436417 -0.04366213 -5e-5 -0.02436417 -0.04366213 5e-5 -0.0245012 -0.04358536 -5e-5 -0.0245012 -0.04358536 5e-5 -0.02463781 -0.04350823 -5e-5 -0.02463781 -0.04350823 5e-5 -0.02477461 -0.04343032 -5e-5 -0.02477461 -0.04343032 5e-5 -0.02491068 -0.04335254 -5e-5 -0.02491068 -0.04335254 5e-5 -0.025047 -0.04327404 -5e-5 -0.025047 -0.04327404 5e-5 -0.02518284 -0.04319494 -5e-5 -0.02518284 -0.04319494 5e-5 -0.02531838 -0.04311585 -5e-5 -0.02531838 -0.04311585 5e-5 -0.02545374 -0.0430361 -5e-5 -0.02545374 -0.0430361 5e-5 -0.02558881 -0.04295575 -5e-5 -0.02558881 -0.04295575 5e-5 -0.02572363 -0.04287523 -5e-5 -0.02572363 -0.04287523 5e-5 -0.02585822 -0.04279404 -5e-5 -0.02585822 -0.04279404 5e-5 -0.02599251 -0.04271256 -5e-5 -0.02599251 -0.04271256 5e-5 -0.02612656 -0.04263097 -5e-5 -0.02612656 -0.04263097 5e-5 -0.02626037 -0.04254841 -5e-5 -0.02626037 -0.04254841 5e-5 -0.02639389 -0.04246592 -5e-5 -0.02639389 -0.04246592 5e-5 -0.02652722 -0.04238259 -5e-5 -0.02652722 -0.04238259 5e-5 -0.02666026 -0.04229927 -5e-5 -0.02666026 -0.04229927 5e-5 -0.026793 -0.04221504 -5e-5 -0.026793 -0.04221504 5e-5 -0.0269255 -0.0421307 -5e-5 -0.0269255 -0.0421307 5e-5 -0.02705746 -0.04204607 -5e-5 -0.02705746 -0.04204607 5e-5 -0.02718967 -0.04196089 -5e-5 -0.02718967 -0.04196089 5e-5 -0.0273211 -0.0418753 -5e-5 -0.0273211 -0.0418753 5e-5 -0.02745252 -0.04178923 -5e-5 -0.02745252 -0.04178923 5e-5 -0.02758371 -0.04170256 -5e-5 -0.02758371 -0.04170256 5e-5 -0.02771461 -0.0416159 -5e-5 -0.02771461 -0.0416159 5e-5 -0.02784544 -0.04152864 -5e-5 -0.02784544 -0.04152864 5e-5 -0.02797549 -0.04144096 -5e-5 -0.02797549 -0.04144096 5e-5 -0.02810579 -0.04135262 -5e-5 -0.02810579 -0.04135262 5e-5 -0.02823555 -0.04126435 -5e-5 -0.02823555 -0.04126435 5e-5 -0.02836507 -0.04117548 -5e-5 -0.02836507 -0.04117548 5e-5 -0.02849406 -0.04108589 -5e-5 -0.02849406 -0.04108589 5e-5 -0.02862322 -0.04099643 -5e-5 -0.02862322 -0.04099643 5e-5 -0.02875185 -0.04090631 -5e-5 -0.02875185 -0.04090631 5e-5 -0.02888 -0.04081577 -5e-5 -0.02888 -0.04081577 5e-5 -0.02900815 -0.04072481 -5e-5 -0.02900815 -0.04072481 5e-5 -0.02913612 -0.04063344 -5e-5 -0.02913612 -0.04063344 5e-5 -0.02926367 -0.04054152 -5e-5 -0.02926367 -0.04054152 5e-5 -0.02939087 -0.0404495 -5e-5 -0.02939087 -0.0404495 5e-5 -0.02951771 -0.04035711 -5e-5 -0.02951771 -0.04035711 5e-5 -0.02964437 -0.04026407 -5e-5 -0.02964437 -0.04026407 5e-5 -0.02977079 -0.0401706 -5e-5 -0.02977079 -0.0401706 5e-5 -0.02989685 -0.04007709 -5e-5 -0.02989685 -0.04007709 5e-5 -0.03002262 -0.03998297 -5e-5 -0.03002262 -0.03998297 5e-5 -0.03014791 -0.03988844 -5e-5 -0.03014791 -0.03988844 5e-5 -0.03027302 -0.03979355 -5e-5 -0.03027302 -0.03979355 5e-5 -0.03039813 -0.03969824 -5e-5 -0.03039813 -0.03969824 5e-5 -0.0305227 -0.03960233 -5e-5 -0.0305227 -0.03960233 5e-5 -0.03064692 -0.03950649 -5e-5 -0.03064692 -0.03950649 5e-5 -0.03077065 -0.03940999 -5e-5 -0.03077065 -0.03940999 5e-5 -0.03089433 -0.03931289 -5e-5 -0.03089433 -0.03931289 5e-5 -0.03101778 -0.03921586 -5e-5 -0.03101778 -0.03921586 5e-5 -0.03114098 -0.03911823 -5e-5 -0.03114098 -0.03911823 5e-5 -0.03126353 -0.03902018 -5e-5 -0.03126353 -0.03902018 5e-5 -0.03138589 -0.03892177 -5e-5 -0.03138589 -0.03892177 5e-5 -0.03150802 -0.03882277 -5e-5 -0.03150802 -0.03882277 5e-5 -0.03162992 -0.03872358 -5e-5 -0.03162992 -0.03872358 5e-5 -0.03175157 -0.03862398 -5e-5 -0.03175157 -0.03862398 5e-5 -0.03187263 -0.03852427 -5e-5 -0.03187263 -0.03852427 5e-5 -0.03199338 -0.03842401 -5e-5 -0.03199338 -0.03842401 5e-5 -0.03211396 -0.03832328 -5e-5 -0.03211396 -0.03832328 5e-5 -0.03223443 -0.03822219 -5e-5 -0.03223443 -0.03822219 5e-5 -0.03235435 -0.0381205 -5e-5 -0.03235435 -0.0381205 5e-5 -0.03247398 -0.03801894 -5e-5 -0.03247398 -0.03801894 5e-5 -0.03259325 -0.03791666 -5e-5 -0.03259325 -0.03791666 5e-5 -0.03271222 -0.03781414 -5e-5 -0.03271222 -0.03781414 5e-5 -0.03283083 -0.03771114 -5e-5 -0.03283083 -0.03771114 5e-5 -0.03294909 -0.03760761 -5e-5 -0.03294909 -0.03760761 5e-5 -0.03306692 -0.03750389 -5e-5 -0.03306692 -0.03750389 5e-5 -0.03318458 -0.03739982 -5e-5 -0.03318458 -0.03739982 5e-5 -0.03330188 -0.03729552 -5e-5 -0.03330188 -0.03729552 5e-5 -0.03341913 -0.03719079 -5e-5 -0.03341913 -0.03719079 5e-5 -0.03353559 -0.03708565 -5e-5 -0.03353559 -0.03708565 5e-5 -0.03365194 -0.03698009 -5e-5 -0.03365194 -0.03698009 5e-5 -0.03376793 -0.03687417 -5e-5 -0.03376793 -0.03687417 5e-5 -0.03388381 -0.03676784 -5e-5 -0.03388381 -0.03676784 5e-5 -0.0339992 -0.03666108 -5e-5 -0.0339992 -0.03666108 5e-5 -0.03411424 -0.03655403 -5e-5 -0.03411424 -0.03655403 5e-5 -0.03422886 -0.03644675 -5e-5 -0.03422886 -0.03644675 5e-5 -0.03434324 -0.03633922 -5e-5 -0.03434324 -0.03633922 5e-5 -0.03445696 -0.03623116 -5e-5 -0.03445696 -0.03623116 5e-5 -0.03457087 -0.03612262 -5e-5 -0.03457087 -0.03612262 5e-5 -0.03468418 -0.03601396 -5e-5 -0.03468418 -0.03601396 5e-5 -0.03479713 -0.03590482 -5e-5 -0.03479713 -0.03590482 5e-5 -0.03490978 -0.03579533 -5e-5 -0.03490978 -0.03579533 5e-5 -0.03502202 -0.03568542 -5e-5 -0.03502202 -0.03568542 5e-5 -0.03513377 -0.03557527 -5e-5 -0.03513377 -0.03557527 5e-5 -0.03524535 -0.0354647 -5e-5 -0.03524535 -0.0354647 5e-5 -0.03535676 -0.03535372 -5e-5 -0.03535676 -0.03535372 5e-5 -0.03546774 -0.03524231 -5e-5 -0.03546774 -0.03524231 5e-5 -0.03557825 -0.03513067 -5e-5 -0.03557825 -0.03513067 5e-5 -0.0356884 -0.03501898 -5e-5 -0.0356884 -0.03501898 5e-5 -0.03579831 -0.03490668 -5e-5 -0.03579831 -0.03490668 5e-5 -0.0359078 -0.03479403 -5e-5 -0.0359078 -0.03479403 5e-5 -0.03601694 -0.03468108 -5e-5 -0.03601694 -0.03468108 5e-5 -0.0361256 -0.03456777 -5e-5 -0.0361256 -0.03456777 5e-5 -0.03623414 -0.03445386 -5e-5 -0.03623414 -0.03445386 5e-5 -0.0363422 -0.03434008 -5e-5 -0.0363422 -0.03434008 5e-5 -0.03644979 -0.03422576 -5e-5 -0.03644979 -0.03422576 5e-5 -0.03655701 -0.03411108 -5e-5 -0.03655701 -0.03411108 5e-5 -0.036664 -0.0339958 -5e-5 -0.036664 -0.0339958 5e-5 -0.03677088 -0.03388071 -5e-5 -0.03677088 -0.03388071 5e-5 -0.03687685 -0.03376477 -5e-5 -0.03687685 -0.03376477 5e-5 -0.03698301 -0.03364872 -5e-5 -0.03698301 -0.03364872 5e-5 -0.03708851 -0.0335325 -5e-5 -0.03708851 -0.0335325 5e-5 -0.03719359 -0.03341597 -5e-5 -0.03719359 -0.03341597 5e-5 -0.0372985 -0.03329885 -5e-5 -0.0372985 -0.03329885 5e-5 -0.03740268 -0.03318136 -5e-5 -0.03740268 -0.03318136 5e-5 -0.03750675 -0.03306365 -5e-5 -0.03750675 -0.03306365 5e-5 -0.03761065 -0.03294593 -5e-5 -0.03761065 -0.03294593 5e-5 -0.037714 -0.03282737 -5e-5 -0.037714 -0.03282737 5e-5 -0.03781694 -0.03270894 -5e-5 -0.03781694 -0.03270894 5e-5 -0.03791952 -0.03258997 -5e-5 -0.03791952 -0.03258997 5e-5 -0.03802168 -0.0324707 -5e-5 -0.03802168 -0.0324707 5e-5 -0.0381233 -0.03235083 -5e-5 -0.0381233 -0.03235083 5e-5 -0.03822481 -0.03223121 -5e-5 -0.03822481 -0.03223121 5e-5 -0.03832602 -0.03211081 -5e-5 -0.03832602 -0.03211081 5e-5 -0.03842645 -0.03199023 -5e-5 -0.03842645 -0.03199023 5e-5 -0.03852701 -0.03186953 -5e-5 -0.03852701 -0.03186953 5e-5 -0.03862679 -0.03174835 -5e-5 -0.03862679 -0.03174835 5e-5 -0.03872627 -0.03162682 -5e-5 -0.03872627 -0.03162682 5e-5 -0.03882563 -0.0315048 -5e-5 -0.03882563 -0.0315048 5e-5 -0.03892415 -0.03138267 -5e-5 -0.03892415 -0.03138267 5e-5 -0.0390228 -0.03126049 -5e-5 -0.0390228 -0.03126049 5e-5 -0.03912085 -0.0311377 -5e-5 -0.03912085 -0.0311377 5e-5 -0.03921818 -0.03101468 -5e-5 -0.03921818 -0.03101468 5e-5 -0.0393157 -0.03089118 -5e-5 -0.0393157 -0.03089118 5e-5 -0.03941231 -0.03076756 -5e-5 -0.03941231 -0.03076756 5e-5 -0.03950875 -0.0306437 -5e-5 -0.03950875 -0.0306437 5e-5 -0.03960508 -0.03051942 -5e-5 -0.03960508 -0.03051942 5e-5 -0.0397005 -0.03039485 -5e-5 -0.0397005 -0.03039485 5e-5 -0.03979605 -0.03026998 -5e-5 -0.03979605 -0.03026998 5e-5 -0.03989094 -0.03014481 -5e-5 -0.03989094 -0.03014481 5e-5 -0.03998517 -0.0300194 -5e-5 -0.03998517 -0.0300194 5e-5 -0.04007953 -0.02989339 -5e-5 -0.04007953 -0.02989339 5e-5 -0.04017323 -0.02976757 -5e-5 -0.04017323 -0.02976757 5e-5 -0.04026657 -0.02964121 -5e-5 -0.04026657 -0.02964121 5e-5 -0.04035919 -0.02951455 -5e-5 -0.04035919 -0.02951455 5e-5 -0.040452 -0.02938765 -5e-5 -0.040452 -0.02938765 5e-5 -0.04054409 -0.02926021 -5e-5 -0.04054409 -0.02926021 5e-5 -0.04063582 -0.0291329 -5e-5 -0.04063582 -0.0291329 5e-5 -0.0407269 -0.02900511 -5e-5 -0.0407269 -0.02900511 5e-5 -0.04081779 -0.02887696 -5e-5 -0.04081779 -0.02887696 5e-5 -0.04090857 -0.02874869 -5e-5 -0.04090857 -0.02874869 5e-5 -0.04099845 -0.02862 -5e-5 -0.04099845 -0.02862 5e-5 -0.0410884 -0.02849102 -5e-5 -0.0410884 -0.02849102 5e-5 -0.04117769 -0.02836161 -5e-5 -0.04117769 -0.02836161 5e-5 -0.04126656 -0.02823239 -5e-5 -0.04126656 -0.02823239 5e-5 -0.04135507 -0.02810233 -5e-5 -0.04135507 -0.02810233 5e-5 -0.04144299 -0.0279724 -5e-5 -0.04144299 -0.0279724 5e-5 -0.04153054 -0.02784222 -5e-5 -0.04153054 -0.02784222 5e-5 -0.04161787 -0.02771157 -5e-5 -0.04161787 -0.02771157 5e-5 -0.04170489 -0.02758049 -5e-5 -0.04170489 -0.02758049 5e-5 -0.04179126 -0.02744936 -5e-5 -0.04179126 -0.02744936 5e-5 -0.04187721 -0.02731812 -5e-5 -0.04187721 -0.02731812 5e-5 -0.04196298 -0.02718651 -5e-5 -0.04196298 -0.02718651 5e-5 -0.04204791 -0.0270543 -5e-5 -0.04204791 -0.0270543 5e-5 -0.04213297 -0.02692228 -5e-5 -0.04213297 -0.02692228 5e-5 -0.04221731 -0.02678984 -5e-5 -0.04221731 -0.02678984 5e-5 -0.04230105 -0.02665704 -5e-5 -0.04230105 -0.02665704 5e-5 -0.0423848 -0.02652382 -5e-5 -0.0423848 -0.02652382 5e-5 -0.04246789 -0.02639079 -5e-5 -0.04246789 -0.02639079 5e-5 -0.04255062 -0.02625697 -5e-5 -0.04255062 -0.02625697 5e-5 -0.04263263 -0.0261234 -5e-5 -0.04263263 -0.0261234 5e-5 -0.04271471 -0.02598935 -5e-5 -0.04271471 -0.02598935 5e-5 -0.04279619 -0.02585506 -5e-5 -0.04279619 -0.02585506 5e-5 -0.04287695 -0.02572023 -5e-5 -0.04287695 -0.02572023 5e-5 -0.04295778 -0.02558565 -5e-5 -0.04295778 -0.02558565 5e-5 -0.04303795 -0.02545034 -5e-5 -0.04303795 -0.02545034 5e-5 -0.0431177 -0.02531528 -5e-5 -0.0431177 -0.02531528 5e-5 -0.04319673 -0.02517968 -5e-5 -0.04319673 -0.02517968 5e-5 -0.04327589 -0.0250439 -5e-5 -0.04327589 -0.0250439 5e-5 -0.04335433 -0.02490758 -5e-5 -0.04335433 -0.02490758 5e-5 -0.04343235 -0.02477151 -5e-5 -0.04343235 -0.02477151 5e-5 -0.04350996 -0.02463471 -5e-5 -0.04350996 -0.02463471 5e-5 -0.0435869 -0.0244981 -5e-5 -0.0435869 -0.0244981 5e-5 -0.04366374 -0.02436107 -5e-5 -0.04366374 -0.02436107 5e-5 -0.04374021 -0.0242238 -5e-5 -0.04374021 -0.0242238 5e-5 -0.04381603 -0.02408605 -5e-5 -0.04381603 -0.02408605 5e-5 -0.04389137 -0.02394849 -5e-5 -0.04389137 -0.02394849 5e-5 -0.04396653 -0.0238105 -5e-5 -0.04396653 -0.0238105 5e-5 -0.04404085 -0.02367228 -5e-5 -0.04404085 -0.02367228 5e-5 -0.04411512 -0.02353382 -5e-5 -0.04411512 -0.02353382 5e-5 -0.04418873 -0.02339512 -5e-5 -0.04418873 -0.02339512 5e-5 -0.04426223 -0.02325618 -5e-5 -0.04426223 -0.02325618 5e-5 -0.04433482 -0.023117 -5e-5 -0.04433482 -0.023117 5e-5 -0.04440724 -0.02297765 -5e-5 -0.04440724 -0.02297765 5e-5 -0.04447937 -0.02283787 -5e-5 -0.04447937 -0.02283787 5e-5 -0.04455095 -0.02269816 -5e-5 -0.04455095 -0.02269816 5e-5 -0.04462206 -0.02255809 -5e-5 -0.04462206 -0.02255809 5e-5 -0.04469269 -0.02241784 -5e-5 -0.04469269 -0.02241784 5e-5 -0.04476279 -0.02227729 -5e-5 -0.04476279 -0.02227729 5e-5 -0.0448324 -0.02213639 -5e-5 -0.0448324 -0.02213639 5e-5 -0.04490172 -0.02199566 -5e-5 -0.04490172 -0.02199566 5e-5 -0.04497087 -0.02185446 -5e-5 -0.04497087 -0.02185446 5e-5 -0.04503905 -0.02171283 -5e-5 -0.04503905 -0.02171283 5e-5 -0.0451073 -0.02157127 -5e-5 -0.0451073 -0.02157127 5e-5 -0.04517459 -0.02142947 -5e-5 -0.04517459 -0.02142947 5e-5 -0.04524195 -0.02128762 -5e-5 -0.04524195 -0.02128762 5e-5 -0.04530853 -0.02114546 -5e-5 -0.04530853 -0.02114546 5e-5 -0.04537475 -0.02100276 -5e-5 -0.04537475 -0.02100276 5e-5 -0.04544055 -0.02086037 -5e-5 -0.04544055 -0.02086037 5e-5 -0.04550582 -0.0207175 -5e-5 -0.04550582 -0.0207175 5e-5 -0.04557067 -0.02057445 -5e-5 -0.04557067 -0.02057445 5e-5 -0.0456351 -0.02043122 -5e-5 -0.0456351 -0.02043122 5e-5 -0.045699 -0.02028775 -5e-5 -0.045699 -0.02028775 5e-5 -0.04576236 -0.0201441 -5e-5 -0.04576236 -0.0201441 5e-5 -0.0458256 -0.0200001 -5e-5 -0.0458256 -0.0200001 5e-5 -0.04588824 -0.01985615 -5e-5 -0.04588824 -0.01985615 5e-5 -0.04595035 -0.01971191 -5e-5 -0.04595035 -0.01971191 5e-5 -0.04601204 -0.01956743 -5e-5 -0.04601204 -0.01956743 5e-5 -0.04607307 -0.01942265 -5e-5 -0.04607307 -0.01942265 5e-5 -0.04613411 -0.01927793 -5e-5 -0.04613411 -0.01927793 5e-5 -0.04619443 -0.01913297 -5e-5 -0.04619443 -0.01913297 5e-5 -0.04625409 -0.01898777 -5e-5 -0.04625409 -0.01898777 5e-5 -0.0463137 -0.01884222 -5e-5 -0.0463137 -0.01884222 5e-5 -0.04637271 -0.01869678 -5e-5 -0.04637271 -0.01869678 5e-5 -0.04643118 -0.01855105 -5e-5 -0.04643118 -0.01855105 5e-5 -0.046489 -0.01840502 -5e-5 -0.046489 -0.01840502 5e-5 -0.04654657 -0.01825881 -5e-5 -0.04654657 -0.01825881 5e-5 -0.04660373 -0.01811254 -5e-5 -0.04660373 -0.01811254 5e-5 -0.04666066 -0.01796615 -5e-5 -0.04666066 -0.01796615 5e-5 -0.04671669 -0.01781946 -5e-5 -0.04671669 -0.01781946 5e-5 -0.04677248 -0.01767241 -5e-5 -0.04677248 -0.01767241 5e-5 -0.04682785 -0.01752561 -5e-5 -0.04682785 -0.01752561 5e-5 -0.04688251 -0.01737833 -5e-5 -0.04688251 -0.01737833 5e-5 -0.04693681 -0.0172308 -5e-5 -0.04693681 -0.0172308 5e-5 -0.04699093 -0.01708352 -5e-5 -0.04699093 -0.01708352 5e-5 -0.04704415 -0.01693582 -5e-5 -0.04704415 -0.01693582 5e-5 -0.04709738 -0.01678794 -5e-5 -0.04709738 -0.01678794 5e-5 -0.04714965 -0.0166397 -5e-5 -0.04714965 -0.0166397 5e-5 -0.04720193 -0.01649171 -5e-5 -0.04720193 -0.01649171 5e-5 -0.04725337 -0.01634335 -5e-5 -0.04725337 -0.01634335 5e-5 -0.04730457 -0.01619482 -5e-5 -0.04730457 -0.01619482 5e-5 -0.04735523 -0.01604616 -5e-5 -0.04735523 -0.01604616 5e-5 -0.04740542 -0.01589733 -5e-5 -0.04740542 -0.01589733 5e-5 -0.04745513 -0.01574832 -5e-5 -0.04745513 -0.01574832 5e-5 -0.0475043 -0.01559919 -5e-5 -0.0475043 -0.01559919 5e-5 -0.04755312 -0.01544988 -5e-5 -0.04755312 -0.01544988 5e-5 -0.0476014 -0.01530039 -5e-5 -0.0476014 -0.01530039 5e-5 -0.04764926 -0.01515054 -5e-5 -0.04764926 -0.01515054 5e-5 -0.04769659 -0.01500082 -5e-5 -0.04769659 -0.01500082 5e-5 -0.04774338 -0.01485109 -5e-5 -0.04774338 -0.01485109 5e-5 -0.04778993 -0.01470082 -5e-5 -0.04778993 -0.01470082 5e-5 -0.04783564 -0.01455086 -5e-5 -0.04783564 -0.01455086 5e-5 -0.0478813 -0.01440054 -5e-5 -0.0478813 -0.01440054 5e-5 -0.04792606 -0.01425004 -5e-5 -0.04792606 -0.01425004 5e-5 -0.04797089 -0.01409924 -5e-5 -0.04797089 -0.01409924 5e-5 -0.04801476 -0.0139485 -5e-5 -0.04801476 -0.0139485 5e-5 -0.04805845 -0.01379776 -5e-5 -0.04805845 -0.01379776 5e-5 -0.0481016 -0.01364672 -5e-5 -0.0481016 -0.01364672 5e-5 -0.04814422 -0.0134955 -5e-5 -0.04814422 -0.0134955 5e-5 -0.04818642 -0.01334398 -5e-5 -0.04818642 -0.01334398 5e-5 -0.04822808 -0.01319277 -5e-5 -0.04822808 -0.01319277 5e-5 -0.04826927 -0.01304095 -5e-5 -0.04826927 -0.01304095 5e-5 -0.04831004 -0.0128895 -5e-5 -0.04831004 -0.0128895 5e-5 -0.04835027 -0.01273769 -5e-5 -0.04835027 -0.01273769 5e-5 -0.04839003 -0.01258558 -5e-5 -0.04839003 -0.01258558 5e-5 -0.04842931 -0.0124334 -5e-5 -0.04842931 -0.0124334 5e-5 -0.04846817 -0.01228123 -5e-5 -0.04846817 -0.01228123 5e-5 -0.04850625 -0.01212888 -5e-5 -0.04850625 -0.01212888 5e-5 -0.0485441 -0.01197654 -5e-5 -0.0485441 -0.01197654 5e-5 -0.0485816 -0.01182413 -5e-5 -0.0485816 -0.01182413 5e-5 -0.04861867 -0.01167148 -5e-5 -0.04861867 -0.01167148 5e-5 -0.04865509 -0.01151847 -5e-5 -0.04865509 -0.01151847 5e-5 -0.04869103 -0.01136577 -5e-5 -0.04869103 -0.01136577 5e-5 -0.04872632 -0.01121252 -5e-5 -0.04872632 -0.01121252 5e-5 -0.04876124 -0.01105964 -5e-5 -0.04876124 -0.01105964 5e-5 -0.04879575 -0.01090615 -5e-5 -0.04879575 -0.01090615 5e-5 -0.04882997 -0.01075285 -5e-5 -0.04882997 -0.01075285 5e-5 -0.04886353 -0.01059961 -5e-5 -0.04886353 -0.01059961 5e-5 -0.04889661 -0.01044607 -5e-5 -0.04889661 -0.01044607 5e-5 -0.04892915 -0.01029241 -5e-5 -0.04892915 -0.01029241 5e-5 -0.04896128 -0.01013869 -5e-5 -0.04896128 -0.01013869 5e-5 -0.04899287 -0.009984791 -5e-5 -0.04899287 -0.009984791 5e-5 -0.04902374 -0.009830832 -5e-5 -0.04902374 -0.009830832 5e-5 -0.04905462 -0.009676814 -5e-5 -0.04905462 -0.009676814 5e-5 -0.04908478 -0.009522676 -5e-5 -0.04908478 -0.009522676 5e-5 -0.04911422 -0.009368419 -5e-5 -0.04911422 -0.009368419 5e-5 -0.04914367 -0.009214103 -5e-5 -0.04914367 -0.009214103 5e-5 -0.04917234 -0.009059667 -5e-5 -0.04917234 -0.009059667 5e-5 -0.04920059 -0.008905112 -5e-5 -0.04920059 -0.008905112 5e-5 -0.04922831 -0.008750557 -5e-5 -0.04922831 -0.008750557 5e-5 -0.04925549 -0.008595824 -5e-5 -0.04925549 -0.008595824 5e-5 -0.04928231 -0.00844109 -5e-5 -0.04928231 -0.00844109 5e-5 -0.04930835 -0.008286237 -5e-5 -0.04930835 -0.008286237 5e-5 -0.0493341 -0.008131265 -5e-5 -0.0493341 -0.008131265 5e-5 -0.04935956 -0.007976233 -5e-5 -0.04935956 -0.007976233 5e-5 -0.04938447 -0.007821142 -5e-5 -0.04938447 -0.007821142 5e-5 -0.04940879 -0.007665932 -5e-5 -0.04940879 -0.007665932 5e-5 -0.04943251 -0.007510662 -5e-5 -0.04943251 -0.007510662 5e-5 -0.049456 -0.007355332 -5e-5 -0.049456 -0.007355332 5e-5 -0.04947865 -0.007199943 -5e-5 -0.04947865 -0.007199943 5e-5 -0.04950124 -0.007044494 -5e-5 -0.04950124 -0.007044494 5e-5 -0.04952311 -0.006888926 -5e-5 -0.04952311 -0.006888926 5e-5 -0.04954451 -0.006733298 -5e-5 -0.04954451 -0.006733298 5e-5 -0.04956543 -0.00657773 -5e-5 -0.04956543 -0.00657773 5e-5 -0.0495857 -0.006421983 -5e-5 -0.0495857 -0.006421983 5e-5 -0.04960554 -0.006266117 -5e-5 -0.04960554 -0.006266117 5e-5 -0.04962497 -0.00611031 -5e-5 -0.04962497 -0.00611031 5e-5 -0.04964417 -0.005954325 -5e-5 -0.04964417 -0.005954325 5e-5 -0.04966259 -0.005798399 -5e-5 -0.04966259 -0.005798399 5e-5 -0.04968059 -0.005642354 -5e-5 -0.04968059 -0.005642354 5e-5 -0.04969805 -0.005486309 -5e-5 -0.04969805 -0.005486309 5e-5 -0.04971504 -0.005330145 -5e-5 -0.04971504 -0.005330145 5e-5 -0.04973155 -0.005173802 -5e-5 -0.04973155 -0.005173802 5e-5 -0.04974734 -0.005017638 -5e-5 -0.04974734 -0.005017638 5e-5 -0.04976308 -0.004861295 -5e-5 -0.04976308 -0.004861295 5e-5 -0.0497781 -0.004704952 -5e-5 -0.0497781 -0.004704952 5e-5 -0.0497924 -0.004548609 -5e-5 -0.0497924 -0.004548609 5e-5 -0.04980671 -0.004392147 -5e-5 -0.04980671 -0.004392147 5e-5 -0.04982024 -0.004235625 -5e-5 -0.04982024 -0.004235625 5e-5 -0.04983305 -0.004079163 -5e-5 -0.04983305 -0.004079163 5e-5 -0.04984587 -0.003922641 -5e-5 -0.04984587 -0.003922641 5e-5 -0.04985797 -0.003766 -5e-5 -0.04985797 -0.003766 5e-5 -0.04986929 -0.003609359 -5e-5 -0.04986929 -0.003609359 5e-5 -0.04988062 -0.003452718 -5e-5 -0.04988062 -0.003452718 5e-5 -0.04989123 -0.003295958 -5e-5 -0.04989123 -0.003295958 5e-5 -0.04990106 -0.003139257 -5e-5 -0.04990106 -0.003139257 5e-5 -0.04991096 -0.002982378 -5e-5 -0.04991096 -0.002982378 5e-5 -0.04992008 -0.002825677 -5e-5 -0.04992008 -0.002825677 5e-5 -0.04992872 -0.002668738 -5e-5 -0.04992872 -0.002668738 5e-5 -0.04993683 -0.002511978 -5e-5 -0.04993683 -0.002511978 5e-5 -0.04994446 -0.002355039 -5e-5 -0.04994446 -0.002355039 5e-5 -0.04995161 -0.0021981 -5e-5 -0.04995161 -0.0021981 5e-5 -0.04995805 -0.002041161 -5e-5 -0.04995805 -0.002041161 5e-5 -0.04996424 -0.001884222 -5e-5 -0.04996424 -0.001884222 5e-5 -0.04997009 -0.001727283 -5e-5 -0.04997009 -0.001727283 5e-5 -0.04997509 -0.001570284 -5e-5 -0.04997509 -0.001570284 5e-5 -0.04997998 -0.001413345 -5e-5 -0.04997998 -0.001413345 5e-5 -0.04998397 -0.001256287 -5e-5 -0.04998397 -0.001256287 5e-5 -0.04998791 -0.001099288 -5e-5 -0.04998791 -0.001099288 5e-5 -0.04999107 -9.42293e-4 -5e-5 -0.04999107 -9.42293e-4 5e-5 -0.04999381 -7.85246e-4 -5e-5 -0.04999381 -7.85246e-4 5e-5 -0.04999577 -6.28192e-4 -5e-5 -0.04999577 -6.28192e-4 5e-5 -0.0499975 -4.71131e-4 -5e-5 -0.0499975 -4.71131e-4 5e-5 -0.04999876 -3.14066e-4 -5e-5 -0.04999876 -3.14066e-4 5e-5 -0.04999971 -1.56998e-4 -5e-5 -0.04999971 -1.56998e-4 5e-5 -0.04999995 0 -5e-5 -0.04999995 0 5e-5 -0.04999971 1.57142e-4 -5e-5 -0.04999971 1.57142e-4 5e-5 -0.04999876 3.1421e-4 -5e-5 -0.04999876 3.1421e-4 5e-5 -0.0499975 4.71276e-4 -5e-5 -0.0499975 4.71276e-4 5e-5 -0.04999577 6.28336e-4 -5e-5 -0.04999577 6.28336e-4 5e-5 -0.04999381 7.85391e-4 -5e-5 -0.04999381 7.85391e-4 5e-5 -0.04999107 9.42437e-4 -5e-5 -0.04999107 9.42437e-4 5e-5 -0.04998791 0.001099467 -5e-5 -0.04998791 0.001099467 5e-5 -0.04998397 0.001256406 -5e-5 -0.04998397 0.001256406 5e-5 -0.04997998 0.001413345 -5e-5 -0.04997998 0.001413345 5e-5 -0.04997509 0.001570463 -5e-5 -0.04997509 0.001570463 5e-5 -0.04997009 0.001727402 -5e-5 -0.04997009 0.001727402 5e-5 -0.04996418 0.00188446 -5e-5 -0.04996418 0.00188446 5e-5 -0.04995805 0.002041399 -5e-5 -0.04995805 0.002041399 5e-5 -0.04995161 0.002198338 -5e-5 -0.04995161 0.002198338 5e-5 -0.04994446 0.002355158 -5e-5 -0.04994446 0.002355158 5e-5 -0.04993683 0.002512097 -5e-5 -0.04993683 0.002512097 5e-5 -0.04992866 0.002668917 -5e-5 -0.04992866 0.002668917 5e-5 -0.04992008 0.002825677 -5e-5 -0.04992008 0.002825677 5e-5 -0.04991096 0.002982616 -5e-5 -0.04991096 0.002982616 5e-5 -0.04990106 0.003139317 -5e-5 -0.04990106 0.003139317 5e-5 -0.04989123 0.003296077 -5e-5 -0.04989123 0.003296077 5e-5 -0.04988062 0.003452837 -5e-5 -0.04988062 0.003452837 5e-5 -0.04986929 0.003609538 -5e-5 -0.04986929 0.003609538 5e-5 -0.04985791 0.003766179 -5e-5 -0.04985791 0.003766179 5e-5 -0.04984587 0.00392276 -5e-5 -0.04984587 0.00392276 5e-5 -0.04983305 0.004079282 -5e-5 -0.04983305 0.004079282 5e-5 -0.04982024 0.004235804 -5e-5 -0.04982024 0.004235804 5e-5 -0.04980665 0.004392266 -5e-5 -0.04980665 0.004392266 5e-5 -0.0497924 0.004548788 -5e-5 -0.0497924 0.004548788 5e-5 -0.0497781 0.00470519 -5e-5 -0.0497781 0.00470519 5e-5 -0.04976308 0.004861474 -5e-5 -0.04976308 0.004861474 5e-5 -0.04974728 0.005017817 -5e-5 -0.04974728 0.005017817 5e-5 -0.04973155 0.0051741 -5e-5 -0.04973155 0.0051741 5e-5 -0.04971504 0.005330145 -5e-5 -0.04971504 0.005330145 5e-5 -0.04969805 0.005486369 -5e-5 -0.04969805 0.005486369 5e-5 -0.04968059 0.005642533 -5e-5 -0.04968059 0.005642533 5e-5 -0.04966259 0.005798578 -5e-5 -0.04966259 0.005798578 5e-5 -0.04964411 0.005954504 -5e-5 -0.04964411 0.005954504 5e-5 -0.04962497 0.006110489 -5e-5 -0.04962497 0.006110489 5e-5 -0.04960548 0.006266355 -5e-5 -0.04960548 0.006266355 5e-5 -0.0495857 0.006422102 -5e-5 -0.0495857 0.006422102 5e-5 -0.04956537 0.006577849 -5e-5 -0.04956537 0.006577849 5e-5 -0.04954451 0.006733477 -5e-5 -0.04954451 0.006733477 5e-5 -0.04952311 0.006889164 -5e-5 -0.04952311 0.006889164 5e-5 -0.04950118 0.007044613 -5e-5 -0.04950118 0.007044613 5e-5 -0.04947865 0.007200062 -5e-5 -0.04947865 0.007200062 5e-5 -0.049456 0.007355511 -5e-5 -0.049456 0.007355511 5e-5 -0.04943251 0.0075109 -5e-5 -0.04943251 0.0075109 5e-5 -0.04940879 0.007666051 -5e-5 -0.04940879 0.007666051 5e-5 -0.04938447 0.007821321 -5e-5 -0.04938447 0.007821321 5e-5 -0.04935956 0.007976412 -5e-5 -0.04935956 0.007976412 5e-5 -0.0493341 0.008131444 -5e-5 -0.0493341 0.008131444 5e-5 -0.0493083 0.008286356 -5e-5 -0.0493083 0.008286356 5e-5 -0.04928225 0.008441209 -5e-5 -0.04928225 0.008441209 5e-5 -0.04925549 0.008596003 -5e-5 -0.04925549 0.008596003 5e-5 -0.04922825 0.008750677 -5e-5 -0.04922825 0.008750677 5e-5 -0.04920053 0.008905291 -5e-5 -0.04920053 0.008905291 5e-5 -0.04917234 0.009059786 -5e-5 -0.04917234 0.009059786 5e-5 -0.04914361 0.009214222 -5e-5 -0.04914361 0.009214222 5e-5 -0.04911416 0.009368538 -5e-5 -0.04911416 0.009368538 5e-5 -0.04908478 0.009522795 -5e-5 -0.04908478 0.009522795 5e-5 -0.04905462 0.009676933 -5e-5 -0.04905462 0.009676933 5e-5 -0.04902374 0.009831011 -5e-5 -0.04902374 0.009831011 5e-5 -0.04899281 0.00998497 -5e-5 -0.04899281 0.00998497 5e-5 -0.04896122 0.01013875 -5e-5 -0.04896122 0.01013875 5e-5 -0.04892915 0.01029253 -5e-5 -0.04892915 0.01029253 5e-5 -0.04889655 0.01044619 -5e-5 -0.04889655 0.01044619 5e-5 -0.04886353 0.01059979 -5e-5 -0.04886353 0.01059979 5e-5 -0.04882997 0.01075321 -5e-5 -0.04882997 0.01075321 5e-5 -0.0487957 0.01090633 -5e-5 -0.0487957 0.01090633 5e-5 -0.04876118 0.01105982 -5e-5 -0.04876118 0.01105982 5e-5 -0.04872632 0.01121294 -5e-5 -0.04872632 0.01121294 5e-5 -0.04869097 0.01136595 -5e-5 -0.04869097 0.01136595 5e-5 -0.04865503 0.01151859 -5e-5 -0.04865503 0.01151859 5e-5 -0.04861861 0.0116716 -5e-5 -0.04861861 0.0116716 5e-5 -0.0485816 0.01182425 -5e-5 -0.0485816 0.01182425 5e-5 -0.0485441 0.01197659 -5e-5 -0.0485441 0.01197659 5e-5 -0.04850625 0.01212906 -5e-5 -0.04850625 0.01212906 5e-5 -0.04846811 0.01228135 -5e-5 -0.04846811 0.01228135 5e-5 -0.04842931 0.01243358 -5e-5 -0.04842931 0.01243358 5e-5 -0.04839003 0.01258563 -5e-5 -0.04839003 0.01258563 5e-5 -0.04835021 0.01273781 -5e-5 -0.04835021 0.01273781 5e-5 -0.04830998 0.01288968 -5e-5 -0.04830998 0.01288968 5e-5 -0.04826927 0.01304113 -5e-5 -0.04826927 0.01304113 5e-5 -0.0482279 0.01319289 -5e-5 -0.0482279 0.01319289 5e-5 -0.04818636 0.0133441 -5e-5 -0.04818636 0.0133441 5e-5 -0.04814422 0.01349568 -5e-5 -0.04814422 0.01349568 5e-5 -0.04810154 0.01364684 -5e-5 -0.04810154 0.01364684 5e-5 -0.04805845 0.01379776 -5e-5 -0.04805845 0.01379776 5e-5 -0.04801476 0.01394855 -5e-5 -0.04801476 0.01394855 5e-5 -0.04797083 0.01409929 -5e-5 -0.04797083 0.01409929 5e-5 -0.04792606 0.01425004 -5e-5 -0.04792606 0.01425004 5e-5 -0.0478813 0.01440066 -5e-5 -0.0478813 0.01440066 5e-5 -0.04783558 0.01455098 -5e-5 -0.04783558 0.01455098 5e-5 -0.04778987 0.01470094 -5e-5 -0.04778987 0.01470094 5e-5 -0.04774338 0.01485127 -5e-5 -0.04774338 0.01485127 5e-5 -0.04769659 0.01500093 -5e-5 -0.04769659 0.01500093 5e-5 -0.0476492 0.0151509 -5e-5 -0.0476492 0.0151509 5e-5 -0.0476014 0.01530051 -5e-5 -0.0476014 0.01530051 5e-5 -0.04755306 0.01545 -5e-5 -0.04755306 0.01545 5e-5 -0.04750406 0.01559931 -5e-5 -0.04750406 0.01559931 5e-5 -0.04745507 0.01574844 -5e-5 -0.04745507 0.01574844 5e-5 -0.04740536 0.01589745 -5e-5 -0.04740536 0.01589745 5e-5 -0.04735517 0.01604628 -5e-5 -0.04735517 0.01604628 5e-5 -0.04730457 0.01619488 -5e-5 -0.04730457 0.01619488 5e-5 -0.04725337 0.01634347 -5e-5 -0.04725337 0.01634347 5e-5 -0.04720187 0.01649183 -5e-5 -0.04720187 0.01649183 5e-5 -0.04714959 0.01663982 -5e-5 -0.04714959 0.01663982 5e-5 -0.0470972 0.01678806 -5e-5 -0.0470972 0.01678806 5e-5 -0.04704409 0.01693594 -5e-5 -0.04704409 0.01693594 5e-5 -0.04699093 0.01708364 -5e-5 -0.04699093 0.01708364 5e-5 -0.04693681 0.01723116 -5e-5 -0.04693681 0.01723116 5e-5 -0.04688251 0.01737833 -5e-5 -0.04688251 0.01737833 5e-5 -0.04682785 0.01752573 -5e-5 -0.04682785 0.01752573 5e-5 -0.04677248 0.01767253 -5e-5 -0.04677248 0.01767253 5e-5 -0.04671669 0.01781958 -5e-5 -0.04671669 0.01781958 5e-5 -0.0466606 0.01796627 -5e-5 -0.0466606 0.01796627 5e-5 -0.04660367 0.01811254 -5e-5 -0.04660367 0.01811254 5e-5 -0.04654651 0.01825886 -5e-5 -0.04654651 0.01825886 5e-5 -0.046489 0.01840502 -5e-5 -0.046489 0.01840502 5e-5 -0.04643112 0.01855117 -5e-5 -0.04643112 0.01855117 5e-5 -0.04637265 0.0186969 -5e-5 -0.04637265 0.0186969 5e-5 -0.0463137 0.01884227 -5e-5 -0.0463137 0.01884227 5e-5 -0.04625403 0.01898789 -5e-5 -0.04625403 0.01898789 5e-5 -0.04619437 0.01913315 -5e-5 -0.04619437 0.01913315 5e-5 -0.04613405 0.01927793 -5e-5 -0.04613405 0.01927793 5e-5 -0.04607301 0.0194227 -5e-5 -0.04607301 0.0194227 5e-5 -0.04601204 0.01956743 -5e-5 -0.04601204 0.01956743 5e-5 -0.04595029 0.01971203 -5e-5 -0.04595029 0.01971203 5e-5 -0.04588806 0.01985633 -5e-5 -0.04588806 0.01985633 5e-5 -0.04582554 0.0200001 -5e-5 -0.04582554 0.0200001 5e-5 -0.04576236 0.02014422 -5e-5 -0.04576236 0.02014422 5e-5 -0.045699 0.02028787 -5e-5 -0.045699 0.02028787 5e-5 -0.04563504 0.02043128 -5e-5 -0.04563504 0.02043128 5e-5 -0.04557061 0.02057451 -5e-5 -0.04557061 0.02057451 5e-5 -0.04550576 0.02071762 -5e-5 -0.04550576 0.02071762 5e-5 -0.04544049 0.02086049 -5e-5 -0.04544049 0.02086049 5e-5 -0.04537469 0.02100288 -5e-5 -0.04537469 0.02100288 5e-5 -0.04530853 0.02114558 -5e-5 -0.04530853 0.02114558 5e-5 -0.04524189 0.02128762 -5e-5 -0.04524189 0.02128762 5e-5 -0.04517453 0.02142959 -5e-5 -0.04517453 0.02142959 5e-5 -0.04510712 0.02157163 -5e-5 -0.04510712 0.02157163 5e-5 -0.04503899 0.02171295 -5e-5 -0.04503899 0.02171295 5e-5 -0.04497081 0.02185446 -5e-5 -0.04497081 0.02185446 5e-5 -0.04490166 0.02199578 -5e-5 -0.04490166 0.02199578 5e-5 -0.04483234 0.02213644 -5e-5 -0.04483234 0.02213644 5e-5 -0.04476279 0.02227741 -5e-5 -0.04476279 0.02227741 5e-5 -0.04469251 0.02241796 -5e-5 -0.04469251 0.02241796 5e-5 -0.044622 0.02255821 -5e-5 -0.044622 0.02255821 5e-5 -0.04455065 0.02269828 -5e-5 -0.04455065 0.02269828 5e-5 -0.04447937 0.02283811 -5e-5 -0.04447937 0.02283811 5e-5 -0.04440718 0.02297765 -5e-5 -0.04440718 0.02297765 5e-5 -0.04433476 0.02311712 -5e-5 -0.04433476 0.02311712 5e-5 -0.04426217 0.0232563 -5e-5 -0.04426217 0.0232563 5e-5 -0.04418867 0.02339524 -5e-5 -0.04418867 0.02339524 5e-5 -0.04411494 0.02353394 -5e-5 -0.04411494 0.02353394 5e-5 -0.04404079 0.0236724 -5e-5 -0.04404079 0.0236724 5e-5 -0.04396647 0.02381062 -5e-5 -0.04396647 0.02381062 5e-5 -0.04389137 0.02394855 -5e-5 -0.04389137 0.02394855 5e-5 -0.04381603 0.02408641 -5e-5 -0.04381603 0.02408641 5e-5 -0.04374015 0.02422392 -5e-5 -0.04374015 0.02422392 5e-5 -0.04366374 0.02436119 -5e-5 -0.04366374 0.02436119 5e-5 -0.04358685 0.02449822 -5e-5 -0.04358685 0.02449822 5e-5 -0.0435099 0.02463483 -5e-5 -0.0435099 0.02463483 5e-5 -0.04343229 0.02477163 -5e-5 -0.04343229 0.02477163 5e-5 -0.04335427 0.0249077 -5e-5 -0.04335427 0.0249077 5e-5 -0.04327577 0.02504402 -5e-5 -0.04327577 0.02504402 5e-5 -0.04319667 0.0251798 -5e-5 -0.04319667 0.0251798 5e-5 -0.04311758 0.0253154 -5e-5 -0.04311758 0.0253154 5e-5 -0.04303789 0.0254507 -5e-5 -0.04303789 0.0254507 5e-5 -0.04295772 0.02558577 -5e-5 -0.04295772 0.02558577 5e-5 -0.04287689 0.02572059 -5e-5 -0.04287689 0.02572059 5e-5 -0.04279595 0.02585518 -5e-5 -0.04279595 0.02585518 5e-5 -0.04271453 0.02598947 -5e-5 -0.04271453 0.02598947 5e-5 -0.04263257 0.02612358 -5e-5 -0.04263257 0.02612358 5e-5 -0.04255056 0.02625733 -5e-5 -0.04255056 0.02625733 5e-5 -0.04246783 0.02639091 -5e-5 -0.04246783 0.02639091 5e-5 -0.04238474 0.02652418 -5e-5 -0.04238474 0.02652418 5e-5 -0.04230093 0.02665716 -5e-5 -0.04230093 0.02665716 5e-5 -0.04221725 0.02678996 -5e-5 -0.04221725 0.02678996 5e-5 -0.04213285 0.0269224 -5e-5 -0.04213285 0.0269224 5e-5 -0.04204785 0.02705442 -5e-5 -0.04204785 0.02705442 5e-5 -0.04196292 0.02718663 -5e-5 -0.04196292 0.02718663 5e-5 -0.04187721 0.02731812 -5e-5 -0.04187721 0.02731812 5e-5 -0.04179126 0.02744948 -5e-5 -0.04179126 0.02744948 5e-5 -0.04170483 0.02758061 -5e-5 -0.04170483 0.02758061 5e-5 -0.04161787 0.02771157 -5e-5 -0.04161787 0.02771157 5e-5 -0.04153048 0.02784234 -5e-5 -0.04153048 0.02784234 5e-5 -0.04144299 0.0279724 -5e-5 -0.04144299 0.0279724 5e-5 -0.04135495 0.02810269 -5e-5 -0.04135495 0.02810269 5e-5 -0.0412665 0.02823251 -5e-5 -0.0412665 0.02823251 5e-5 -0.04117757 0.02836197 -5e-5 -0.04117757 0.02836197 5e-5 -0.04108828 0.02849102 -5e-5 -0.04108828 0.02849102 5e-5 -0.04099833 0.02862012 -5e-5 -0.04099833 0.02862012 5e-5 -0.04090821 0.02874881 -5e-5 -0.04090821 0.02874881 5e-5 -0.04081773 0.02887696 -5e-5 -0.04081773 0.02887696 5e-5 -0.0407269 0.02900511 -5e-5 -0.0407269 0.02900511 5e-5 -0.04063576 0.02913302 -5e-5 -0.04063576 0.02913302 5e-5 -0.04054403 0.02926051 -5e-5 -0.04054403 0.02926051 5e-5 -0.04045188 0.02938777 -5e-5 -0.04045188 0.02938777 5e-5 -0.04035913 0.02951467 -5e-5 -0.04035913 0.02951467 5e-5 -0.04026645 0.02964133 -5e-5 -0.04026645 0.02964133 5e-5 -0.04017317 0.02976769 -5e-5 -0.04017317 0.02976769 5e-5 -0.04007941 0.02989375 -5e-5 -0.04007941 0.02989375 5e-5 -0.03998512 0.03001952 -5e-5 -0.03998512 0.03001952 5e-5 -0.03989058 0.03014487 -5e-5 -0.03989058 0.03014487 5e-5 -0.03979593 0.03027004 -5e-5 -0.03979593 0.03027004 5e-5 -0.03970038 0.03039497 -5e-5 -0.03970038 0.03039497 5e-5 -0.03960496 0.03051954 -5e-5 -0.03960496 0.03051954 5e-5 -0.0395087 0.03064382 -5e-5 -0.0395087 0.03064382 5e-5 -0.03941226 0.03076756 -5e-5 -0.03941226 0.03076756 5e-5 -0.03931558 0.03089118 -5e-5 -0.03931558 0.03089118 5e-5 -0.03921812 0.0310148 -5e-5 -0.03921812 0.0310148 5e-5 -0.03912073 0.03113782 -5e-5 -0.03912073 0.03113782 5e-5 -0.03902274 0.03126055 -5e-5 -0.03902274 0.03126055 5e-5 -0.03892409 0.03138279 -5e-5 -0.03892409 0.03138279 5e-5 -0.03882557 0.03150486 -5e-5 -0.03882557 0.03150486 5e-5 -0.03872627 0.03162688 -5e-5 -0.03872627 0.03162688 5e-5 -0.03862679 0.03174841 -5e-5 -0.03862679 0.03174841 5e-5 -0.03852689 0.03186959 -5e-5 -0.03852689 0.03186959 5e-5 -0.03842639 0.03199023 -5e-5 -0.03842639 0.03199023 5e-5 -0.03832566 0.03211081 -5e-5 -0.03832566 0.03211081 5e-5 -0.03822463 0.03223127 -5e-5 -0.03822463 0.03223127 5e-5 -0.03812325 0.03235095 -5e-5 -0.03812325 0.03235095 5e-5 -0.03802162 0.03247082 -5e-5 -0.03802162 0.03247082 5e-5 -0.0379194 0.03259009 -5e-5 -0.0379194 0.03259009 5e-5 -0.03781688 0.03270906 -5e-5 -0.03781688 0.03270906 5e-5 -0.03771394 0.03282767 -5e-5 -0.03771394 0.03282767 5e-5 -0.03761059 0.03294599 -5e-5 -0.03761059 0.03294599 5e-5 -0.03750669 0.03306376 -5e-5 -0.03750669 0.03306376 5e-5 -0.03740262 0.03318142 -5e-5 -0.03740262 0.03318142 5e-5 -0.03729844 0.03329885 -5e-5 -0.03729844 0.03329885 5e-5 -0.03719341 0.03341597 -5e-5 -0.03719341 0.03341597 5e-5 -0.03708851 0.0335325 -5e-5 -0.03708851 0.0335325 5e-5 -0.03698295 0.03364878 -5e-5 -0.03698295 0.03364878 5e-5 -0.03687685 0.03376477 -5e-5 -0.03687685 0.03376477 5e-5 -0.03677082 0.03388071 -5e-5 -0.03677082 0.03388071 5e-5 -0.036664 0.0339958 -5e-5 -0.036664 0.0339958 5e-5 -0.03655701 0.03411108 -5e-5 -0.03655701 0.03411108 5e-5 -0.03644979 0.0342257 -5e-5 -0.03644979 0.0342257 5e-5 -0.0363422 0.03434008 -5e-5 -0.0363422 0.03434008 5e-5 -0.03623414 0.0344538 -5e-5 -0.03623414 0.0344538 5e-5 -0.0361256 0.03456771 -5e-5 -0.0361256 0.03456771 5e-5 -0.036017 0.03468102 -5e-5 -0.036017 0.03468102 5e-5 -0.03590786 0.03479397 -5e-5 -0.03590786 0.03479397 5e-5 -0.03579837 0.03490638 -5e-5 -0.03579837 0.03490638 5e-5 -0.0356884 0.03501892 -5e-5 -0.0356884 0.03501892 5e-5 -0.03557837 0.03513062 -5e-5 -0.03557837 0.03513062 5e-5 -0.0354678 0.03524219 -5e-5 -0.0354678 0.03524219 5e-5 -0.03535676 0.03535372 -5e-5 -0.03535676 0.03535372 5e-5 -0.03524547 0.03546458 -5e-5 -0.03524547 0.03546458 5e-5 -0.03513389 0.03557515 -5e-5 -0.03513389 0.03557515 5e-5 -0.03502202 0.0356853 -5e-5 -0.03502202 0.0356853 5e-5 -0.0349099 0.03579515 -5e-5 -0.0349099 0.03579515 5e-5 -0.03479731 0.0359044 -5e-5 -0.03479731 0.0359044 5e-5 -0.03468436 0.03601378 -5e-5 -0.03468436 0.03601378 5e-5 -0.03457105 0.03612256 -5e-5 -0.03457105 0.03612256 5e-5 -0.03445726 0.03623098 -5e-5 -0.03445726 0.03623098 5e-5 -0.03434342 0.03633904 -5e-5 -0.03434342 0.03633904 5e-5 -0.03422904 0.03644675 -5e-5 -0.03422904 0.03644675 5e-5 -0.03411442 0.03655385 -5e-5 -0.03411442 0.03655385 5e-5 -0.03399944 0.03666085 -5e-5 -0.03399944 0.03666085 5e-5 -0.03388386 0.03676772 -5e-5 -0.03388386 0.03676772 5e-5 -0.03376829 0.03687375 -5e-5 -0.03376829 0.03687375 5e-5 -0.03365242 0.03697991 -5e-5 -0.03365242 0.03697991 5e-5 -0.03353583 0.03708541 -5e-5 -0.03353583 0.03708541 5e-5 -0.03341943 0.03719037 -5e-5 -0.03341943 0.03719037 5e-5 -0.03330218 0.0372954 -5e-5 -0.03330218 0.0372954 5e-5 -0.03318506 0.03739959 -5e-5 -0.03318506 0.03739959 5e-5 -0.03306746 0.03750365 -5e-5 -0.03306746 0.03750365 5e-5 -0.0329492 0.03760755 -5e-5 -0.0329492 0.03760755 5e-5 -0.03283113 0.0377109 -5e-5 -0.03283113 0.0377109 5e-5 -0.03271234 0.03781384 -5e-5 -0.03271234 0.03781384 5e-5 -0.0325933 0.03791642 -5e-5 -0.0325933 0.03791642 5e-5 -0.03247416 0.03801864 -5e-5 -0.03247416 0.03801864 5e-5 -0.03235471 0.03812021 -5e-5 -0.03235471 0.03812021 5e-5 -0.03223454 0.03822165 -5e-5 -0.03223454 0.03822165 5e-5 -0.03211456 0.03832298 -5e-5 -0.03211456 0.03832298 5e-5 -0.03199404 0.03842341 -5e-5 -0.03199404 0.03842341 5e-5 -0.03187292 0.03852397 -5e-5 -0.03187292 0.03852397 5e-5 -0.03175199 0.03862375 -5e-5 -0.03175199 0.03862375 5e-5 -0.03163027 0.03872323 -5e-5 -0.03163027 0.03872323 5e-5 -0.03150868 0.03882265 -5e-5 -0.03150868 0.03882265 5e-5 -0.03138655 0.03892135 -5e-5 -0.03138655 0.03892135 5e-5 -0.03126394 0.03901988 -5e-5 -0.03126394 0.03901988 5e-5 -0.0311414 0.03911787 -5e-5 -0.0311414 0.03911787 5e-5 -0.03101825 0.0392155 -5e-5 -0.03101825 0.0392155 5e-5 -0.03089505 0.03931272 -5e-5 -0.03089505 0.03931272 5e-5 -0.03077137 0.03940939 -5e-5 -0.03077137 0.03940939 5e-5 -0.03064721 0.03950583 -5e-5 -0.03064721 0.03950583 5e-5 -0.03052318 0.03960216 -5e-5 -0.03052318 0.03960216 5e-5 -0.03039836 0.03969776 -5e-5 -0.03039836 0.03969776 5e-5 -0.03027379 0.03979313 -5e-5 -0.03027379 0.03979313 5e-5 -0.03014862 0.03988808 -5e-5 -0.03014862 0.03988808 5e-5 -0.03002291 0.03998231 -5e-5 -0.03002291 0.03998231 5e-5 -0.02989739 0.04007667 -5e-5 -0.02989739 0.04007667 5e-5 -0.02977114 0.04017043 -5e-5 -0.02977114 0.04017043 5e-5 -0.02964502 0.04026371 -5e-5 -0.02964502 0.04026371 5e-5 -0.02951842 0.04035645 -5e-5 -0.02951842 0.04035645 5e-5 -0.02939122 0.0404492 -5e-5 -0.02939122 0.0404492 5e-5 -0.02926427 0.04054135 -5e-5 -0.02926427 0.04054135 5e-5 -0.02913653 0.04063308 -5e-5 -0.02913653 0.04063308 5e-5 -0.02900898 0.04072415 -5e-5 -0.02900898 0.04072415 5e-5 -0.02888089 0.04081529 -5e-5 -0.02888089 0.04081529 5e-5 -0.02875256 0.04090583 -5e-5 -0.02875256 0.04090583 5e-5 -0.0286237 0.04099583 -5e-5 -0.0286237 0.04099583 5e-5 -0.02849495 0.04108566 -5e-5 -0.02849495 0.04108566 5e-5 -0.02836579 0.04117476 -5e-5 -0.02836579 0.04117476 5e-5 -0.02823621 0.04126363 -5e-5 -0.02823621 0.04126363 5e-5 -0.02810651 0.04135239 -5e-5 -0.02810651 0.04135239 5e-5 -0.02797645 0.04144024 -5e-5 -0.02797645 0.04144024 5e-5 -0.02784591 0.0415281 -5e-5 -0.02784591 0.0415281 5e-5 -0.02771556 0.04161518 -5e-5 -0.02771556 0.04161518 5e-5 -0.02758467 0.04170227 -5e-5 -0.02758467 0.04170227 5e-5 -0.02745354 0.04178851 -5e-5 -0.02745354 0.04178851 5e-5 -0.02732211 0.04187452 -5e-5 -0.02732211 0.04187452 5e-5 -0.0271902 0.04196017 -5e-5 -0.0271902 0.04196017 5e-5 -0.02705854 0.04204559 -5e-5 -0.02705854 0.04204559 5e-5 -0.0269261 0.04213041 -5e-5 -0.0269261 0.04213041 5e-5 -0.02679359 0.04221481 -5e-5 -0.02679359 0.04221481 5e-5 -0.02666085 0.04229873 -5e-5 -0.02666085 0.04229873 5e-5 -0.02652806 0.04238224 -5e-5 -0.02652806 0.04238224 5e-5 -0.02639478 0.0424652 -5e-5 -0.02639478 0.0424652 5e-5 -0.02626127 0.04254812 -5e-5 -0.02626127 0.04254812 5e-5 -0.02612721 0.04263043 -5e-5 -0.02612721 0.04263043 5e-5 -0.02599316 0.04271227 -5e-5 -0.02599316 0.04271227 5e-5 -0.02585887 0.04279375 -5e-5 -0.02585887 0.04279375 5e-5 -0.02572453 0.04287475 -5e-5 -0.02572453 0.04287475 5e-5 -0.02558976 0.04295516 -5e-5 -0.02558976 0.04295516 5e-5 -0.02545464 0.04303526 -5e-5 -0.02545464 0.04303526 5e-5 -0.02531909 0.04311501 -5e-5 -0.02531909 0.04311501 5e-5 -0.02518355 0.04319459 -5e-5 -0.02518355 0.04319459 5e-5 -0.02504771 0.04327327 -5e-5 -0.02504771 0.04327327 5e-5 -0.02491194 0.0433517 -5e-5 -0.02491194 0.0433517 5e-5 -0.02477562 0.04343003 -5e-5 -0.02477562 0.04343003 5e-5 -0.02463907 0.04350739 -5e-5 -0.02463907 0.04350739 5e-5 -0.02450203 0.04358482 -5e-5 -0.02450203 0.04358482 5e-5 -0.02436494 0.04366159 -5e-5 -0.02436494 0.04366159 5e-5 -0.02422767 0.04373764 -5e-5 -0.02422767 0.04373764 5e-5 -0.02409029 0.04381376 -5e-5 -0.02409029 0.04381376 5e-5 -0.02395266 0.04388928 -5e-5 -0.02395266 0.04388928 5e-5 -0.02381443 0.04396402 -5e-5 -0.02381443 0.04396402 5e-5 -0.02367645 0.04403889 -5e-5 -0.02367645 0.04403889 5e-5 -0.02353799 0.04411298 -5e-5 -0.02353799 0.04411298 5e-5 -0.02339929 0.04418677 -5e-5 -0.02339929 0.04418677 5e-5 -0.02326035 0.04426002 -5e-5 -0.02326035 0.04426002 5e-5 -0.02312099 0.04433292 -5e-5 -0.02312099 0.04433292 5e-5 -0.02298182 0.04440534 -5e-5 -0.02298182 0.04440534 5e-5 -0.02284198 0.04447728 -5e-5 -0.02284198 0.04447728 5e-5 -0.02270239 0.04454869 -5e-5 -0.02270239 0.04454869 5e-5 -0.02256232 0.04461967 -5e-5 -0.02256232 0.04461967 5e-5 -0.02242207 0.04469043 -5e-5 -0.02242207 0.04469043 5e-5 -0.02228128 0.04476082 -5e-5 -0.02228128 0.04476082 5e-5 -0.0221408 0.04483056 -5e-5 -0.0221408 0.04483056 5e-5 -0.02199989 0.04489988 -5e-5 -0.02199989 0.04489988 5e-5 -0.02185875 0.04496878 -5e-5 -0.02185875 0.04496878 5e-5 -0.02171725 0.04503715 -5e-5 -0.02171725 0.04503715 5e-5 -0.02157557 0.04510504 -5e-5 -0.02157557 0.04510504 5e-5 -0.02143383 0.04517281 -5e-5 -0.02143383 0.04517281 5e-5 -0.02129197 0.0452398 -5e-5 -0.02129197 0.0452398 5e-5 -0.02114975 0.04530656 -5e-5 -0.02114975 0.04530656 5e-5 -0.02100718 0.04537278 -5e-5 -0.02100718 0.04537278 5e-5 -0.02086466 0.04543828 -5e-5 -0.02086466 0.04543828 5e-5 -0.02072185 0.04550385 -5e-5 -0.02072185 0.04550385 5e-5 -0.0205788 0.04556876 -5e-5 -0.0205788 0.04556876 5e-5 -0.02043551 0.04563295 -5e-5 -0.02043551 0.04563295 5e-5 -0.0202921 0.04569715 -5e-5 -0.0202921 0.04569715 5e-5 -0.02014827 0.04576063 -5e-5 -0.02014827 0.04576063 5e-5 -0.02000457 0.04582375 -5e-5 -0.02000457 0.04582375 5e-5 -0.0198605 0.04588609 -5e-5 -0.0198605 0.04588609 5e-5 -0.01971626 0.0459485 -5e-5 -0.01971626 0.0459485 5e-5 -0.01957184 0.04600995 -5e-5 -0.01957184 0.04600995 5e-5 -0.01942718 0.04607141 -5e-5 -0.01942718 0.04607141 5e-5 -0.0192824 0.04613202 -5e-5 -0.0192824 0.04613202 5e-5 -0.01913738 0.0461924 -5e-5 -0.01913738 0.0461924 5e-5 -0.01899218 0.04625231 -5e-5 -0.01899218 0.04625231 5e-5 -0.01884675 0.04631197 -5e-5 -0.01884675 0.04631197 5e-5 -0.01870119 0.04637092 -5e-5 -0.01870119 0.04637092 5e-5 -0.0185554 0.04642945 -5e-5 -0.0185554 0.04642945 5e-5 -0.01840949 0.04648751 -5e-5 -0.01840949 0.04648751 5e-5 -0.01826328 0.04654484 -5e-5 -0.01826328 0.04654484 5e-5 -0.01811707 0.04660207 -5e-5 -0.01811707 0.04660207 5e-5 -0.01797056 0.04665893 -5e-5 -0.01797056 0.04665893 5e-5 -0.01782387 0.04671514 -5e-5 -0.01782387 0.04671514 5e-5 -0.01767683 0.04677093 -5e-5 -0.01767683 0.04677093 5e-5 -0.01753002 0.04682624 -5e-5 -0.01753002 0.04682624 5e-5 -0.01738286 0.04688102 -5e-5 -0.01738286 0.04688102 5e-5 -0.01723527 0.04693526 -5e-5 -0.01723527 0.04693526 5e-5 -0.01708799 0.04698932 -5e-5 -0.01708799 0.04698932 5e-5 -0.01694029 0.04704254 -5e-5 -0.01694029 0.04704254 5e-5 -0.01679217 0.04709553 -5e-5 -0.01679217 0.04709553 5e-5 -0.01664412 0.04714804 -5e-5 -0.01664412 0.04714804 5e-5 -0.01649618 0.04720032 -5e-5 -0.01649618 0.04720032 5e-5 -0.01634782 0.04725188 -5e-5 -0.01634782 0.04725188 5e-5 -0.01619929 0.04730308 -5e-5 -0.01619929 0.04730308 5e-5 -0.01605039 0.04735368 -5e-5 -0.01605039 0.04735368 5e-5 -0.0159018 0.04740387 -5e-5 -0.0159018 0.04740387 5e-5 -0.01575279 0.04745364 -5e-5 -0.01575279 0.04745364 5e-5 -0.01560366 0.04750275 -5e-5 -0.01560366 0.04750275 5e-5 -0.01545435 0.04755163 -5e-5 -0.01545435 0.04755163 5e-5 -0.01530492 0.04759997 -5e-5 -0.01530492 0.04759997 5e-5 -0.01515507 0.04764783 -5e-5 -0.01515507 0.04764783 5e-5 -0.01500535 0.0476951 -5e-5 -0.01500535 0.0476951 5e-5 -0.01485562 0.04774183 -5e-5 -0.01485562 0.04774183 5e-5 -0.01470535 0.0477885 -5e-5 -0.01470535 0.0477885 5e-5 -0.01455539 0.04783421 -5e-5 -0.01455539 0.04783421 5e-5 -0.01440507 0.04787999 -5e-5 -0.01440507 0.04787999 5e-5 -0.01425457 0.04792487 -5e-5 -0.01425457 0.04792487 5e-5 -0.01410377 0.04796952 -5e-5 -0.01410377 0.04796952 5e-5 -0.01395303 0.04801338 -5e-5 -0.01395303 0.04801338 5e-5 -0.01380223 0.04805696 -5e-5 -0.01380223 0.04805696 5e-5 -0.01365125 0.04810029 -5e-5 -0.01365125 0.04810029 5e-5 -0.01350009 0.04814291 -5e-5 -0.01350009 0.04814291 5e-5 -0.01334851 0.04818511 -5e-5 -0.01334851 0.04818511 5e-5 -0.01319736 0.04822683 -5e-5 -0.01319736 0.04822683 5e-5 -0.01304554 0.04826802 -5e-5 -0.01304554 0.04826802 5e-5 -0.01289409 0.04830873 -5e-5 -0.01289409 0.04830873 5e-5 -0.01274228 0.04834908 -5e-5 -0.01274228 0.04834908 5e-5 -0.01259011 0.0483886 -5e-5 -0.01259011 0.0483886 5e-5 -0.01243799 0.04842793 -5e-5 -0.01243799 0.04842793 5e-5 -0.01228582 0.04846698 -5e-5 -0.01228582 0.04846698 5e-5 -0.01213347 0.04850512 -5e-5 -0.01213347 0.04850512 5e-5 -0.01198107 0.04854321 -5e-5 -0.01198107 0.04854321 5e-5 -0.01182878 0.0485804 -5e-5 -0.01182878 0.0485804 5e-5 -0.01167607 0.04861754 -5e-5 -0.01167607 0.04861754 5e-5 -0.01152306 0.04865396 -5e-5 -0.01152306 0.04865396 5e-5 -0.01137042 0.04868996 -5e-5 -0.01137042 0.04868996 5e-5 -0.01121717 0.04872518 -5e-5 -0.01121717 0.04872518 5e-5 -0.01106429 0.04876041 -5e-5 -0.01106429 0.04876041 5e-5 -0.0109108 0.04879492 -5e-5 -0.0109108 0.04879492 5e-5 -0.01075768 0.04882884 -5e-5 -0.01075768 0.04882884 5e-5 -0.01060426 0.04886227 -5e-5 -0.01060426 0.04886227 5e-5 -0.01045072 0.04889535 -5e-5 -0.01045072 0.04889535 5e-5 -0.01029706 0.0489282 -5e-5 -0.01029706 0.0489282 5e-5 -0.01014328 0.04896003 -5e-5 -0.01014328 0.04896003 5e-5 -0.00998944 0.04899168 -5e-5 -0.00998944 0.04899168 5e-5 -0.009835481 0.04902303 -5e-5 -0.009835481 0.04902303 5e-5 -0.009681463 0.04905349 -5e-5 -0.009681463 0.04905349 5e-5 -0.009527325 0.04908365 -5e-5 -0.009527325 0.04908365 5e-5 -0.009373068 0.04911357 -5e-5 -0.009373068 0.04911357 5e-5 -0.009218752 0.04914253 -5e-5 -0.009218752 0.04914253 5e-5 -0.009064316 0.04917126 -5e-5 -0.009064316 0.04917126 5e-5 -0.008909821 0.0491997 -5e-5 -0.008909821 0.0491997 5e-5 -0.008755207 0.04922723 -5e-5 -0.008755207 0.04922723 5e-5 -0.008600533 0.04925459 -5e-5 -0.008600533 0.04925459 5e-5 -0.008445739 0.04928123 -5e-5 -0.008445739 0.04928123 5e-5 -0.008290886 0.04930782 -5e-5 -0.008290886 0.04930782 5e-5 -0.008135974 0.04933357 -5e-5 -0.008135974 0.04933357 5e-5 -0.007980942 0.0493589 -5e-5 -0.007980942 0.0493589 5e-5 -0.007825851 0.04938364 -5e-5 -0.007825851 0.04938364 5e-5 -0.007670581 0.04940783 -5e-5 -0.007670581 0.04940783 5e-5 -0.00751543 0.04943192 -5e-5 -0.00751543 0.04943192 5e-5 -0.007360041 0.04945528 -5e-5 -0.007360041 0.04945528 5e-5 -0.007204711 0.04947817 -5e-5 -0.007204711 0.04947817 5e-5 -0.007049143 0.04950058 -5e-5 -0.007049143 0.04950058 5e-5 -0.006893694 0.04952234 -5e-5 -0.006893694 0.04952234 5e-5 -0.006738007 0.04954361 -5e-5 -0.006738007 0.04954361 5e-5 -0.006582379 0.04956454 -5e-5 -0.006582379 0.04956454 5e-5 -0.006426692 0.04958522 -5e-5 -0.006426692 0.04958522 5e-5 -0.006270885 0.04960519 -5e-5 -0.006270885 0.04960519 5e-5 -0.006115019 0.04962462 -5e-5 -0.006115019 0.04962462 5e-5 -0.005958974 0.04964333 -5e-5 -0.005958974 0.04964333 5e-5 -0.005803108 0.04966205 -5e-5 -0.005803108 0.04966205 5e-5 -0.005647063 0.04968005 -5e-5 -0.005647063 0.04968005 5e-5 -0.005491018 0.04969733 -5e-5 -0.005491018 0.04969733 5e-5 -0.005334854 0.04971456 -5e-5 -0.005334854 0.04971456 5e-5 -0.00517863 0.04973083 -5e-5 -0.00517863 0.04973083 5e-5 -0.005022287 0.04974699 -5e-5 -0.005022287 0.04974699 5e-5 -0.004866123 0.04976236 -5e-5 -0.004866123 0.04976236 5e-5 -0.00470972 0.04977744 -5e-5 -0.00470972 0.04977744 5e-5 -0.004553318 0.04979223 -5e-5 -0.004553318 0.04979223 5e-5 -0.004396915 0.04980605 -5e-5 -0.004396915 0.04980605 5e-5 -0.004240453 0.04981958 -5e-5 -0.004240453 0.04981958 5e-5 -0.004083931 0.04983294 -5e-5 -0.004083931 0.04983294 5e-5 -0.00392735 0.04984527 -5e-5 -0.00392735 0.04984527 5e-5 -0.003770709 0.04985737 -5e-5 -0.003770709 0.04985737 5e-5 -0.003614068 0.04986912 -5e-5 -0.003614068 0.04986912 5e-5 -0.003457427 0.04988002 -5e-5 -0.003457427 0.04988002 5e-5 -0.003300726 0.04989081 -5e-5 -0.003300726 0.04989081 5e-5 -0.003143966 0.04990077 -5e-5 -0.003143966 0.04990077 5e-5 -0.002987146 0.04991066 -5e-5 -0.002987146 0.04991066 5e-5 -0.002830386 0.04991978 -5e-5 -0.002830386 0.04991978 5e-5 -0.002673566 0.04992818 -5e-5 -0.002673566 0.04992818 5e-5 -0.002516627 0.04993659 -5e-5 -0.002516627 0.04993659 5e-5 -0.002359807 0.04994428 -5e-5 -0.002359807 0.04994428 5e-5 -0.002202928 0.04995143 -5e-5 -0.002202928 0.04995143 5e-5 -0.002045989 0.04995805 -5e-5 -0.002045989 0.04995805 5e-5 -0.00188905 0.04996407 -5e-5 -0.00188905 0.04996407 5e-5 -0.001732051 0.04996997 -5e-5 -0.001732051 0.04996997 5e-5 -0.001574993 0.04997491 -5e-5 -0.001574993 0.04997491 5e-5 -0.001418054 0.0499798 -5e-5 -0.001418054 0.0499798 5e-5 -0.001261055 0.04998385 -5e-5 -0.001261055 0.04998385 5e-5 -0.001103997 0.04998779 -5e-5 -0.001103997 0.04998779 5e-5 -9.47029e-4 0.04999101 -5e-5 -9.47029e-4 0.04999101 5e-5 -7.89982e-4 0.04999375 -5e-5 -7.89982e-4 0.04999375 5e-5 -6.32928e-4 0.04999572 -5e-5 -6.32928e-4 0.04999572 5e-5 -4.75868e-4 0.04999744 -5e-5 -4.75868e-4 0.04999744 5e-5 -3.18802e-4 0.04999876 -5e-5 -3.18802e-4 0.04999876 5e-5 -1.61734e-4 0.04999971 -5e-5 -1.61734e-4 0.04999971 5e-5</float_array>
          <technique_common>
            <accessor source="#Cylinder_001-mesh-positions-array" count="4000" stride="3">
              <param name="X" type="float"/>
              <param name="Y" type="float"/>
              <param name="Z" type="float"/>
            </accessor>
          </technique_common>
        </source>
        <source id="Cylinder_001-mesh-normals">
          <float_array id="Cylinder_001-mesh-normals-array" count="14010">0.001517772 0.9999989 0 0.005739212 0.9999836 0 0.007944822 0.9999685 0 0.01102787 0.9999393 0 0.01285421 0.9999175 0 0.01743113 0.9998481 0 0.02013516 0.9997974 0 0.02470284 0.9996948 0 0.02576434 0.9996681 0 0.03115177 0.9995148 0 0.03181499 0.9994938 0 0.03726518 0.9993054 0 0.03905045 0.9992373 0 0.0413385 0.9991453 0 0.04553908 0.9989626 0 0.04855638 0.9988206 0 0.05200475 0.9986469 0 0.0546503 0.9985057 0 0.05843269 0.9982914 0 0.06226003 0.9980601 0 0.06294488 0.998017 0 0.06757718 0.9977141 0 0.07170194 0.9974262 0 0.07284176 0.9973436 0 0.07701551 0.99703 0 0.08086973 0.9967247 0 0.08229976 0.9966076 0 0.0861867 0.996279 0 0.09069615 0.9958787 0 0.09102535 0.9958486 0 0.09597235 0.9953841 0 0.099828 0.9950048 0 0.1009457 0.994892 0 0.1047634 0.9944972 0 0.1080998 0.9941402 0 0.111575 0.9937561 0 0.1142204 0.9934554 0 0.1176117 0.9930596 0 0.1217939 0.9925555 0 0.1237318 0.9923158 0 0.1262748 0.9919954 0 0.1294278 0.9915888 0 0.1331827 0.9910916 0 0.1366608 0.990618 0 0.1388238 0.9903172 0 0.1434946 0.9896512 0 0.144501 0.9895046 0 0.1499084 0.9886999 0 0.1506365 0.9885892 0 0.1548506 0.987938 0 0.1581599 0.9874136 0 0.1621058 0.9867734 0 0.1642296 0.9864221 0 0.1662682 0.9860807 0 0.1703408 0.9853852 0 0.1733743 0.9848561 0 0.176536 0.9842942 0 0.1798212 0.9836993 0 0.1825241 0.9832015 0 0.1870828 0.9823442 0 0.1878401 0.9821997 0 0.191955 0.9814038 0 0.1962091 0.9805621 0 0.1969686 0.9804099 0 0.201672 0.9794532 0 0.2052497 0.9787097 0 0.206446 0.978458 0 0.2102329 0.9776514 0 0.2133705 0.9769714 0 0.2174346 0.9760749 0 0.2203801 0.9754141 0 0.2212646 0.9752139 0 0.2264667 0.974019 0 0.228206 0.973613 0 0.2324573 0.9726066 0 0.2348895 0.9720221 0 0.2387622 0.9710781 0 0.2405019 0.9706487 0 0.2437181 0.9698461 0 0.2469764 0.9690216 0 0.2501446 0.9682086 0 0.2547845 0.9669979 0 0.2550773 0.9669207 0 0.2592712 0.9658046 0 0.2635989 0.9646325 0 0.2638558 0.9645622 0 0.2688962 0.9631692 0 0.2717228 0.9623757 0 0.2736898 0.961818 0 0.2777259 0.9606604 0 0.2803984 0.9598837 0 0.2845702 0.9586552 0 0.2867713 0.9579992 0 0.2895824 0.9571532 0 0.2911728 0.9566706 0 0.295861 0.955231 0 0.2983309 0.9544625 0 0.3026574 0.9530995 0 0.3036653 0.9527788 0 0.3073341 0.9516018 0 0.3114656 0.9502575 0 0.312447 0.9499352 0 0.3168034 0.9484912 0 0.320212 0.947346 0 0.3211073 0.9470429 0 0.3259088 0.9454013 0 0.32791 0.944709 0 0.3322048 0.9432073 0 0.3349974 0.9422191 0 0.3371439 0.9414531 0 0.3392038 0.9407129 0 0.3426741 0.9394544 0 0.3461368 0.9381842 0 0.3490625 0.9370995 0 0.3520745 0.9359721 0 0.3553006 0.9347521 0 0.3577514 0.9338169 0 0.3604837 0.9327656 0 0.3645105 0.9311993 0 0.3658858 0.9306598 0 0.3707212 0.9287443 0 0.3719787 0.9282414 0 0.3758305 0.9266884 0 0.3781057 0.9257625 0 0.3816614 0.9243022 0 0.3839142 0.9233689 0 0.3860352 0.922484 0 0.3911654 0.9203205 0 0.3926916 0.9196704 0 0.3962421 0.9181461 0 0.3970187 0.9178106 0 0.4018503 0.9157055 0 0.4040833 0.9147222 0 0.4081283 0.9129246 0 0.409142 0.9124708 0 0.4128908 0.9107806 0 0.4169535 0.9089279 0 0.4177598 0.9085576 0 0.4214044 0.9068729 0 0.4251029 0.9051452 0 0.4265362 0.9044705 0 0.4310631 0.9023218 0 0.4317933 0.9019727 0 0.4355151 0.9001815 0 0.438535 0.8987141 0 0.4412792 0.89737 0 0.4448091 0.8956255 0 0.4471946 0.8944367 0 0.4499922 0.8930326 0 0.4520079 0.892014 0 0.4555854 0.8901922 0 0.4574571 0.8892318 0 0.4616262 0.8870746 0 0.4631974 0.8862552 0 0.4666645 0.8844345 0 0.4693918 0.88299 0 0.4721153 0.8815369 0 0.4760126 0.8794386 0 0.4763687 0.8792456 0 0.4809441 0.8767513 0 0.4833786 0.8754115 0 0.4848957 0.8745721 0 0.4887707 0.8724123 0 0.491767 0.870727 0 0.4935741 0.8697037 0 0.4981589 0.8670858 0 0.4992034 0.8664849 0 0.5014535 0.8651847 0 0.5057372 0.8626877 0 0.5081294 0.8612808 0 0.5099118 0.8602266 0 0.5126987 0.8585686 0 0.5154176 0.8569392 0 0.5184471 0.8551098 0 0.5211937 0.8534386 0 0.5248883 0.8511711 0 0.5263482 0.8502692 0 0.5292612 0.848459 0 0.5308495 0.8474662 0 0.5343723 0.8452492 0 0.5375044 0.843261 0 0.5399927 0.8416697 0 0.5428419 0.839835 0 0.5441948 0.838959 0 0.5490282 0.8358039 0 0.5500268 0.8351472 0 0.5522483 0.8336797 0 0.5553972 0.8315854 0 0.5594253 0.8288809 0 0.5594167 0.8288868 0 0.5641518 0.8256712 0 0.566583 0.8240047 0 0.5679734 0.8230471 0 0.5702921 0.821442 0 0.5738076 0.8189902 0 0.5766663 0.8169798 0 0.5793086 0.8151084 0 0.5806831 0.8141297 0 0.5845727 0.8113414 0 0.5856872 0.8105373 0 0.5893267 0.8078948 0 0.5915099 0.8062977 0 0.5939145 0.8045282 0 0.5969836 0.8022536 0 0.5996883 0.8002338 0 0.6007558 0.7994326 0 0.6043036 0.7967542 0 0.6065303 0.7950605 0 0.6097838 0.7925678 0 0.612081 0.7907951 0 0.6145403 0.7888854 0 0.6165549 0.787312 0 0.6178615 0.786287 0 0.6216394 0.7833037 0 0.6239218 0.7814869 0 0.6271094 0.7789313 0 0.6292445 0.7772074 0 0.6311967 0.7756229 0 0.6336811 0.7735944 0 0.6353701 0.7722079 0 0.6399202 0.7684413 0 0.6405866 0.767886 0 0.6426001 0.7662019 0 0.6467264 0.7627221 0 0.6476479 0.76194 0 0.6505063 0.7595009 0 0.6530068 0.7573522 0 0.6554844 0.7552087 0 0.6582859 0.752768 0 0.6609206 0.7504559 0 0.6625192 0.749045 0 0.6640648 0.7476751 0 0.6665828 0.745431 0 0.6699311 0.7424233 0 0.6720982 0.7404621 0 0.6741214 0.7386206 0 0.6758946 0.7369983 0 0.6792892 0.7338707 0 0.6812337 0.7320661 0 0.6834019 0.7300424 0 0.6849234 0.7286151 0 0.6888506 0.7249034 0 0.6900539 0.723758 0 0.6919435 0.7219517 0 0.6946704 0.7193282 0 0.6973683 0.7167131 0 0.6994558 0.714676 0 0.701811 0.7123633 0 0.703867 0.7103319 0 0.7059335 0.7082782 0 0.7082748 0.7059369 0 0.7103082 0.7038909 0 0.7121931 0.7019836 0 0.7146765 0.6994552 0 0.7168928 0.6971835 0 0.7193047 0.6946947 0 0.721574 0.6923374 0 0.7239704 0.6898311 0 0.7250831 0.6886614 0 0.7283788 0.6851747 0 0.7300836 0.6833578 0 0.7322699 0.6810146 0 0.7340236 0.679124 0 0.737421 0.6754333 0 0.7378751 0.6749374 0 0.7406322 0.6719107 0 0.743015 0.6692748 0 0.7448638 0.6672167 0 0.7476795 0.6640598 0 0.7490137 0.6625545 0 0.7504187 0.6609627 0 0.752797 0.6582528 0 0.7551904 0.6555055 0 0.7571826 0.6532033 0 0.7596278 0.6503582 0 0.7618076 0.6478035 0 0.7628699 0.6465522 0 0.7662369 0.6425582 0 0.7678642 0.6406127 0 0.7687459 0.6395544 0 0.7717257 0.6359556 0 0.7740975 0.6330665 0 0.7748162 0.6321867 0 0.7775719 0.6287941 0 0.7794042 0.6265216 0 0.7810083 0.6245208 0 0.7835848 0.621285 0 0.7858095 0.6184687 0 0.7875429 0.6162599 0 0.7886829 0.6148003 0 0.7907545 0.6121336 0 0.7929276 0.6093158 0 0.7953418 0.6061614 0 0.7967635 0.6042913 0 0.7989643 0.6013786 0 0.8000939 0.5998749 0 0.8025314 0.5966098 0 0.8044776 0.5939831 0 0.8063467 0.5914433 0 0.8078954 0.589326 0 0.8097949 0.5867133 0 0.8118497 0.5838665 0 0.8145615 0.5800774 0 0.8148131 0.5797238 0 0.8168949 0.5767866 0 0.8191162 0.5736278 0 0.8212109 0.5706248 0 0.8227225 0.5684432 0 0.8245733 0.5657553 0 0.8255704 0.5642992 0 0.828876 0.5594324 0 0.8288729 0.559437 0 0.8323563 0.5542409 0 0.8327481 0.5536522 0 0.8353233 0.5497591 0 0.8367271 0.5476202 0 0.8380817 0.5455449 0 0.8398301 0.5428494 0 0.8414106 0.5403965 0 0.8436046 0.536965 0 0.8450655 0.534663 0 0.8472909 0.5311293 0 0.8486456 0.528962 0 0.8496958 0.5272733 0 0.8517339 0.5239747 0 0.8534158 0.5212309 0 0.855086 0.5184863 0 0.8571064 0.5151396 0 0.8585468 0.5127353 0 0.860099 0.5101274 0 0.8613044 0.5080895 0 0.8626741 0.5057603 0 0.865202 0.5014234 0 0.8664966 0.4991832 0 0.8670908 0.4981502 0 0.8703055 0.4925123 0 0.8701609 0.4927677 0 0.8724135 0.4887686 0 0.8746664 0.4847254 0 0.8753252 0.4835349 0 0.8768342 0.4807931 0 0.8790693 0.4766939 0 0.8793737 0.4761324 0 0.8815189 0.4721489 0 0.8830957 0.4691929 0 0.884592 0.4663657 0 0.8859114 0.4638547 0 0.8874016 0.4609973 0 0.8890628 0.4577854 0 0.8901984 0.4555732 0 0.8921771 0.4516859 0 0.8928868 0.4502813 0 0.8942835 0.4475008 0 0.8959996 0.4440552 0 0.8971588 0.4417081 0 0.8988645 0.4382271 0 0.900252 0.4353694 0 0.9017657 0.4322255 0 0.9023838 0.4309334 0 0.9046001 0.4262616 0 0.9049465 0.4255256 0 0.9069417 0.4212563 0 0.9084976 0.4178901 0 0.9089959 0.4168052 0 0.9107868 0.412877 0 0.9124774 0.4091272 0 0.9129285 0.4081196 0 0.9147228 0.4040821 0 0.9157003 0.401862 0 0.9178048 0.3970321 0 0.9181435 0.3962482 0 0.9196718 0.392688 0 0.9203121 0.3911854 0 0.9224902 0.3860207 0 0.9233753 0.3838987 0 0.9242907 0.3816892 0 0.9257628 0.378105 0 0.9266995 0.3758032 0 0.9282553 0.3719438 0 0.9287939 0.370597 0 0.9306201 0.365987 0 0.9311982 0.3645133 0 0.9326213 0.360857 0 0.9339457 0.3574151 0 0.9347929 0.3551933 0 0.9361295 0.3516556 0 0.9369052 0.3495836 0 0.938228 0.3460179 0 0.9394286 0.3427448 0 0.9406788 0.3392986 0 0.9413239 0.3375047 0 0.9423893 0.3345184 0 0.943202 0.3322199 0 0.9447001 0.3279358 0 0.9454255 0.3258385 0 0.9468796 0.3215885 0 0.94739 0.3200818 0 0.9484857 0.3168202 0 0.950051 0.3120951 0 0.9502732 0.3114176 0 0.9515079 0.3076246 0 0.9528516 0.3034371 0 0.9530283 0.3028815 0 0.9544644 0.2983248 0 0.9553264 0.2955528 0 0.9566614 0.2912031 0 0.9571979 0.2894345 0 0.957991 0.2867985 0 0.9585601 0.2848908 0 0.9598458 0.2805284 0 0.960757 0.2773917 0 0.9618068 0.2737294 0 0.9622461 0.272181 0 0.9633295 0.2683212 0 0.9644721 0.2641847 0 0.9646415 0.2635656 0 0.9658499 0.2591028 0 0.9668796 0.2552332 0 0.9670964 0.2544105 0 0.968114 0.2505101 0 0.9690076 0.2470311 0 0.9699484 0.2433107 0 0.9705421 0.2409319 0 0.9710913 0.2387088 0 0.9721094 0.234528 0 0.9726127 0.2324316 0 0.9734637 0.2288419 0 0.9741818 0.2257649 0 0.9751087 0.2217276 0 0.9755048 0.2199781 0 0.9760906 0.2173643 0 0.9769231 0.2135914 0 0.9775959 0.2104907 0 0.9785365 0.2060738 0 0.9786272 0.2056425 0 0.9795057 0.2014164 0 0.9804087 0.1969742 0 0.9805051 0.1964939 0 0.9813941 0.192005 0 0.9822813 0.1874132 0 0.9823478 0.187064 0 0.9831315 0.1829001 0 0.9837651 0.1794612 0 0.9842339 0.1768722 0 0.9848446 0.1734392 0 0.9853865 0.1703335 0 0.9860892 0.1662173 0 0.986468 0.1639543 0 0.9867761 0.16209 0 0.9873989 0.1582514 0 0.9879549 0.1547424 0 0.9885925 0.1506161 0 0.9886871 0.149993 0 0.9894884 0.1446129 0 0.989669 0.1433712 0 0.9903154 0.138836 0 0.9906306 0.1365692 0 0.9910864 0.1332209 0 0.9915828 0.1294744 0 0.9919798 0.1263974 0 0.9923279 0.1236342 0 0.9925479 0.1218556 0 0.9930598 0.1176114 0 0.9934135 0.1145846 0 0.9938063 0.1111275 0 0.9941343 0.1081532 0 0.9944493 0.1052166 0 0.9949355 0.1005156 0 0.994974 0.1001335 0 0.9954195 0.09560376 0 0.9958163 0.09137785 0 0.995919 0.09025281 0 0.9962502 0.08651888 0 0.996642 0.08188235 0 0.9966982 0.08119618 0 0.9970627 0.07659095 0 0.9973431 0.07284826 0 0.9974224 0.07175379 0 0.9977158 0.06755268 0 0.9980188 0.06291687 0 0.998039 0.06259477 0 0.9983158 0.05801415 0 0.9984857 0.05501282 0 0.9986656 0.05164372 0 0.9988192 0.04858297 0 0.9989635 0.04552054 0 0.9991475 0.04128456 0 0.9992228 0.03941965 0 0.9993215 0.03683251 0 0.9994822 0.03218024 0 0.9995269 0.03075802 0 0.9996685 0.02575075 0 0.9996959 0.02466136 0 0.9997884 0.0205689 0 0.9998542 0.0170803 0 0.9999175 0.01285386 0 0.9999389 0.01105868 0 0.9999686 0.007932186 0 0.9999836 0.005731999 0 0.9999989 0.001505374 0 0.9999989 -0.001563251 0 0.9999837 -0.005731999 0 0.9999686 -0.007932186 0 0.9999395 -0.01100081 0 0.9999175 -0.01285386 0 0.9998481 -0.01742756 0 0.9997899 -0.0205022 0 0.9996941 -0.02473795 0 0.9996773 -0.02540379 0 0.9995151 -0.03113949 0 0.9994928 -0.03184533 0 0.9993044 -0.03729516 0 0.9992381 -0.03902995 0 0.9991427 -0.04140019 0 0.9989643 -0.04550313 0 0.9988201 -0.04856443 0 0.9986466 -0.05200994 0 0.9984868 -0.05499219 0 0.9983125 -0.05807185 0 0.9980571 -0.06230634 0 0.9979903 -0.06336832 0 0.9977197 -0.06749504 0 0.9974224 -0.07175379 0 0.9973702 -0.07247555 0 0.9970294 -0.07702261 0 0.9966984 -0.08119249 0 0.996637 -0.08194404 0 0.9962502 -0.08651888 0 0.9959117 -0.09033352 0 0.9958026 -0.09152758 0 0.995414 -0.09566086 0 0.9949682 -0.1001908 0 0.9949355 -0.1005156 0 0.9944638 -0.1050797 0 0.9941343 -0.1081535 0 0.9937583 -0.1115546 0 0.9934531 -0.1142417 0 0.9930598 -0.1176114 0 0.9925465 -0.1218664 0 0.992322 -0.1236811 0 0.9920426 -0.1259035 0 0.9915457 -0.1297583 0 0.9910871 -0.1332157 0 0.9905279 -0.1373121 0 0.9904041 -0.1382017 0 0.9897342 -0.1429207 0 0.9894222 -0.1450647 0 0.9887128 -0.1498239 0 0.9885838 -0.1506721 0 0.9877055 -0.1563264 0 0.9876424 -0.1567248 0 0.9867758 -0.162091 0 0.9864867 -0.1638417 0 0.9860225 -0.1666125 0 0.9853869 -0.1703315 0 0.9848446 -0.1734392 0 0.9840316 -0.1779946 0 0.9839689 -0.1783403 0 0.9831317 -0.182899 0 0.9823369 -0.1871209 0 0.9821958 -0.1878601 0 0.981391 -0.1920207 0 0.9805719 -0.19616 0 0.9804087 -0.1969742 0 0.9795801 -0.2010545 0 0.9786272 -0.2056425 0 0.9785365 -0.2060738 0 0.9775202 -0.210842 0 0.97693 -0.2135601 0 0.9763012 -0.2164166 0 0.9753299 -0.2207525 0 0.9750677 -0.2219077 0 0.9739708 -0.2266733 0 0.9736756 -0.2279385 0 0.9724835 -0.232972 0 0.9722756 -0.2338381 0 0.9710984 -0.2386798 0 0.970669 -0.2404203 0 0.9696614 -0.2444521 0 0.9690258 -0.2469597 0 0.9681993 -0.2501801 0 0.967132 -0.254275 0 0.9668614 -0.2553021 0 0.9657272 -0.2595595 0 0.9647855 -0.2630383 0 0.9642972 -0.2648224 0 0.9633522 -0.2682399 0 0.9621672 -0.2724598 0 0.9619188 -0.2733358 0 0.9607433 -0.2774394 0 0.9598912 -0.2803729 0 0.9587013 -0.284415 0 0.9579742 -0.2868544 0 0.9572889 -0.2891333 0 0.9563595 -0.2921925 0 0.9554281 -0.2952241 0 0.9542604 -0.298977 0 0.9531925 -0.3023641 0 0.9528807 -0.3033457 0 0.9516094 -0.3073101 0 0.9501704 -0.3117311 0 0.9498389 -0.3127399 0 0.9487227 -0.3161097 0 0.9472271 -0.3205634 0 0.9469034 -0.3215185 0 0.9456469 -0.3251954 0 0.9443747 -0.3288716 0 0.9435334 -0.3312777 0 0.942238 -0.3349442 0 0.9417412 -0.3363386 0 0.9404129 -0.3400348 0 0.9391366 -0.3435441 0 0.9381384 -0.3462606 0 0.9368593 -0.3497065 0 0.9361529 -0.3515932 0 0.93509 -0.3544105 0 0.933392 -0.3588585 0 0.9328536 -0.3602558 0 0.9314731 -0.3638104 0 0.9303962 -0.3665556 0 0.9289259 -0.3702659 0 0.9280145 -0.3725444 0 0.9267494 -0.3756802 0 0.9262208 -0.3769815 0 0.9240209 -0.382342 0 0.9231761 -0.3843772 0 0.9224696 -0.3860699 0 0.9203121 -0.3911854 0 0.9197996 -0.3923885 0 0.918823 -0.3946701 0 0.916437 -0.4001793 0 0.916482 -0.4000762 0 0.9146867 -0.4041637 0 0.9128996 -0.4081842 0 0.9118714 -0.4104762 0 0.9107112 -0.4130437 0 0.9100241 -0.4145555 0 0.9077172 -0.4195826 0 0.9068196 -0.4215189 0 0.9053274 -0.4247145 0 0.9048128 -0.4258099 0 0.9028671 -0.4299198 0 0.901461 -0.4328604 0 0.8994341 -0.4370564 0 0.8993196 -0.4372921 0 0.8973589 -0.4413016 0 0.8953911 -0.4452808 0 0.8950471 -0.4459716 0 0.8930473 -0.4499629 0 0.8918501 -0.4523311 0 0.8898029 -0.456345 0 0.8889598 -0.4579853 0 0.8876556 -0.4605078 0 0.8854377 -0.4647582 0 0.8847221 -0.4661189 0 0.8831321 -0.4691244 0 0.8815833 -0.4720285 0 0.8798033 -0.4753379 0 0.8781936 -0.4783053 0 0.8773155 -0.4799143 0 0.8761488 -0.482041 0 0.8734213 -0.4869654 0 0.8725616 -0.4885041 0 0.8710026 -0.4912785 0 0.8696143 -0.4937319 0 0.868024 -0.4965224 0 0.8663852 -0.4993764 0 0.8646742 -0.5023332 0 0.8631497 -0.5049482 0 0.8611709 -0.5083157 0 0.8599418 -0.5103921 0 0.858479 -0.5128487 0 0.8568041 -0.5156421 0 0.8550097 -0.5186123 0 0.8530297 -0.5218623 0 0.852428 -0.5228446 0 0.8497228 -0.5272299 0 0.8489156 -0.5285285 0 0.8462915 -0.53272 0 0.8455886 -0.5338352 0 0.8436046 -0.536965 0 0.8415883 -0.5401195 0 0.8400323 -0.5425363 0 0.8380481 -0.5455965 0 0.836775 -0.5475471 0 0.835438 -0.5495848 0 0.83261 -0.5538599 0 0.8312819 -0.5558511 0 0.8300279 -0.5577218 0 0.8284656 -0.5600401 0 0.8262607 -0.563288 0 0.8242588 -0.5662134 0 0.8226842 -0.5684987 0 0.8203244 -0.5718987 0 0.8195121 -0.5730619 0 0.8168132 -0.5769022 0 0.8153671 -0.5789444 0 0.8137893 -0.5811601 0 0.8121323 -0.5834733 0 0.8095363 -0.5870699 0 0.8079089 -0.5893075 0 0.8068661 -0.5907346 0 0.8039371 -0.5947144 0 0.8030167 -0.5959566 0 0.799853 -0.6001961 0 0.7989037 -0.6014591 0 0.796707 -0.6043658 0 0.7946671 -0.6070455 0 0.793818 -0.6081554 0 0.790726 -0.6121702 0 0.7895731 -0.6136567 0 0.7872936 -0.6165784 0 0.7847315 -0.6198359 0 0.7837038 -0.6211347 0 0.7813553 -0.6240865 0 0.7790552 -0.6269553 0 0.7781382 -0.6280932 0 0.775544 -0.6312937 0 0.7731742 -0.6341939 0 0.7718486 -0.6358065 0 0.7693755 -0.6387969 0 0.7668767 -0.6417946 0 0.7650848 -0.6439297 0 0.7645435 -0.6445721 0 0.7603116 -0.6495587 0 0.7598393 -0.6501111 0 0.7573445 -0.6530157 0 0.7553229 -0.6553528 0 0.7535189 -0.6574262 0 0.7513981 -0.6598492 0 0.7490425 -0.662522 0 0.7470716 -0.6647436 0 0.7438645 -0.6683306 0 0.7432708 -0.6689908 0 0.7406072 -0.6719384 0 0.7386679 -0.6740697 0 0.7366376 -0.6762877 0 0.7346749 -0.6784194 0 0.731506 -0.6818351 0 0.7298814 -0.6835739 0 0.7274255 -0.6861867 0 0.7267729 -0.6868779 0 0.7230397 -0.6908066 0 0.7213859 -0.6925333 0 0.7187842 -0.6952333 0 0.717856 -0.6961916 0 0.7144438 -0.6996929 0 0.7131616 -0.7009997 0 0.7097439 -0.7044598 0 0.7090185 -0.7051899 0 0.7056009 -0.7086095 0 0.7034623 -0.7107326 0 0.7019732 -0.7122035 0 0.6985353 -0.7155756 0 0.6973818 -0.7166998 0 0.6942466 -0.7197372 0 0.6931407 -0.7208024 0 0.6902045 -0.7236143 0 0.6873152 -0.7263593 0 0.6863303 -0.72729 0 0.6833892 -0.7300543 0 0.6814358 -0.7318779 0 0.6784153 -0.7346787 0 0.6769354 -0.7360425 0 0.6734609 -0.7392229 0 0.6719253 -0.740619 0 0.6696046 -0.7427178 0 0.6670478 -0.7450149 0 0.6654038 -0.7464836 0 0.6625336 -0.7490323 0 0.6601183 -0.7511617 0 0.6575241 -0.7534336 0 0.6545791 -0.7559936 0 0.6530068 -0.7573522 0 0.65039 -0.7596005 0 0.649739 -0.7601574 0 0.6452646 -0.7639592 0 0.6437264 -0.7652557 0 0.6413003 -0.7672901 0 0.6379181 -0.7701042 0 0.6360726 -0.7716292 0 0.6346039 -0.7728376 0 0.6304084 -0.7762637 0 0.6297453 -0.7768017 0 0.6257796 -0.7799999 0 0.6234141 -0.7818918 0 0.6227046 -0.782457 0 0.6191257 -0.785292 0 0.6167529 -0.7871569 0 0.6139929 -0.7893117 0 0.6114074 -0.791316 0 0.6090033 -0.7931678 0 0.6062652 -0.7952626 0 0.6044085 -0.7966747 0 0.6016669 -0.7987473 0 0.5989474 -0.8007884 0 0.5962215 -0.80282 0 0.5944682 -0.8041192 0 0.5923092 -0.8057108 0 0.5878065 -0.8090017 0 0.5869937 -0.8095917 0 0.5832984 -0.812258 0 0.582712 -0.8126788 0 0.5781751 -0.8159127 0 0.5757645 -0.8176155 0 0.5750153 -0.8181428 0 0.5710158 -0.8209392 0 0.5685758 -0.822631 0 0.5662045 -0.824265 0 0.5622899 -0.8269402 0 0.5615957 -0.8274119 0 0.5579583 -0.829869 0 0.5557181 -0.8313708 0 0.5522446 -0.8336823 0 0.5512118 -0.8343654 0 0.5475917 -0.8367457 0 0.54479 -0.8385725 0 0.5419592 -0.8404049 0 0.539833 -0.8417723 0 0.5369908 -0.8435881 0 0.5349651 -0.8448742 0 0.5313194 -0.8471716 0 0.5296157 -0.8482378 0 0.5259568 -0.8505114 0 0.5245295 -0.8513923 0 0.5204795 -0.8538743 0 0.5185704 -0.855035 0 0.5161346 -0.8565075 0 0.5130693 -0.8583472 0 0.5107709 -0.8597168 0 0.5077872 -0.8614826 0 0.5041114 -0.8636386 0 0.5029255 -0.8643299 0 0.4996863 -0.8662065 0 0.4953792 -0.8686769 0 0.4954775 -0.8686208 0 0.4910013 -0.8711589 0 0.4890595 -0.8722505 0 0.4856247 -0.8741675 0 0.4831373 -0.8755446 0 0.4799438 -0.8772993 0 0.4780737 -0.8783197 0 0.4738664 -0.8805967 0 0.4716096 -0.8818074 0 0.4692599 -0.8830602 0 0.4680885 -0.8836817 0 0.4627225 -0.8865033 0 0.4603373 -0.8877441 0 0.4596852 -0.888082 0 0.4544569 -0.8907688 0 0.4535914 -0.8912098 0 0.4487167 -0.8936742 0 0.4479945 -0.8940363 0 0.4424506 -0.896793 0 0.4420552 -0.8969879 0 0.438874 -0.8985487 0 0.4349883 -0.9004362 0 0.433035 -0.9013772 0 0.4299587 -0.9028486 0 0.427748 -0.9038981 0 0.4247713 -0.9053008 0 0.4210839 -0.9070217 0 0.4191976 -0.9078951 0 0.4156704 -0.9095154 0 0.4126079 -0.9109088 0 0.4102499 -0.9119732 0 0.4073194 -0.9132859 0 0.4034195 -0.9150152 0 0.4020801 -0.9156045 0 0.3985139 -0.9171624 0 0.3959933 -0.9182535 0 0.3925452 -0.9197328 0 0.388884 -0.9212868 0 0.3881867 -0.9215809 0 0.384325 -0.9231979 0 0.3802446 -0.924886 0 0.3789857 -0.9254026 0 0.375624 -0.9267722 0 0.3722481 -0.9281333 0 0.3685441 -0.9296103 0 0.3667635 -0.9303143 0 0.3636556 -0.9315335 0 0.3619763 -0.9321874 0 0.3568301 -0.9341694 0 0.3547195 -0.9349729 0 0.3531053 -0.9355837 0 0.3481321 -0.9374455 0 0.3456156 -0.9383762 0 0.3445229 -0.9387779 0 0.33883 -0.9408476 0 0.3383506 -0.9410202 0 0.3333749 -0.9427945 0 0.3326221 -0.9430603 0 0.3272479 -0.9449386 0 0.3262302 -0.9452905 0 0.3221018 -0.9467051 0 0.3199013 -0.9474509 0 0.3164384 -0.9486132 0 0.3133836 -0.9496266 0 0.3104161 -0.9506009 0 0.3075848 -0.9515208 0 0.3041152 -0.9526353 0 0.3016387 -0.9534224 0 0.2975537 -0.9547051 0 0.2966446 -0.954988 0 0.2911512 -0.9566771 0 0.290965 -0.9567338 0 0.2854117 -0.958405 0 0.2845742 -0.9586541 0 0.2796116 -0.9601132 0 0.2774413 -0.9607427 0 0.2753979 -0.9613304 0 0.2709816 -0.9625846 0 0.2690051 -0.9631388 0 0.2649135 -0.9642722 0 0.2625382 -0.9649217 0 0.259159 -0.9658347 0 0.2564394 -0.9665604 0 0.2530798 -0.9674455 0 0.2494105 -0.9683979 0 0.2480413 -0.9687495 0 0.2429592 -0.9700365 0 0.2412838 -0.9704547 0 0.2378644 -0.9712985 0 0.2357923 -0.9718034 0 0.2320756 -0.9726978 0 0.2288455 -0.9734628 0 0.2246009 -0.974451 0 0.222517 -0.9749289 0 0.2199541 -0.9755102 0 0.217621 -0.9760333 0 0.2124185 -0.9771789 0 0.2109809 -0.9774902 0 0.2078987 -0.9781503 0 0.2041592 -0.9789377 0 0.2013819 -0.9795129 0 0.1979897 -0.9802041 0 0.195482 -0.9807074 0 0.1915897 -0.9814752 0 0.1889381 -0.981989 0 0.1859841 -0.9825528 0 0.1828908 -0.9831333 0 0.1794298 -0.9837709 0 0.1761029 -0.9843718 0 0.1727022 -0.9849742 0 0.1714482 -0.9851931 0 0.1662221 -0.9860883 0 0.164277 -0.9864143 0 0.1608678 -0.986976 0 0.1590301 -0.9872738 0 0.1547355 -0.987956 0 0.1517732 -0.9884154 0 0.1480301 -0.9889829 0 0.1453043 -0.989387 0 0.1427442 -0.9897596 0 0.1399631 -0.9901567 0 0.1362133 -0.9906796 0 0.1332324 -0.9910849 0 0.1285625 -0.9917014 0 0.127188 -0.9918786 0 0.123661 -0.9923246 0 0.1218403 -0.9925497 0 0.1165111 -0.9931894 0 0.1149694 -0.9933691 0 0.1114916 -0.9937654 0 0.108205 -0.9941287 0 0.1050367 -0.9944685 0 0.10057 -0.9949301 0 0.1001654 -0.9949709 0 0.09563267 -0.9954167 0 0.09147077 -0.9958078 0 0.09031987 -0.9959129 0 0.08649861 -0.9962521 0 0.08195394 -0.9966362 0 0.08083939 -0.9967272 0 0.07701551 -0.99703 0 0.07246398 -0.997371 0 0.07170146 -0.9974262 0 0.06755185 -0.9977158 0 0.06334692 -0.9979916 0 0.06226003 -0.9980601 0 0.05805498 -0.9983134 0 0.05502843 -0.9984848 0 0.05160695 -0.9986675 0 0.04821431 -0.9988371 0 0.04588305 -0.9989469 0 0.04131478 -0.9991463 0 0.03911262 -0.9992348 0 0.03683459 -0.9993214 0 0.03221827 -0.9994809 0 0.03113996 -0.9995151 0 0.02539503 -0.9996775 0 0.02467471 -0.9996956 0 0.02053302 -0.9997892 0 0.01705145 -0.9998547 0 0.01323348 -0.9999125 0 0.01064825 -0.9999433 0 0.007944703 -0.9999685 0 0.005739092 -0.9999836 0 0.001517772 -0.9999989 0 -0.001517772 -0.9999989 0 -0.005739092 -0.9999836 0 -0.007944703 -0.9999685 0 -0.01102769 -0.9999392 0 -0.01285409 -0.9999175 0 -0.01743084 -0.9998481 0 -0.02052319 -0.9997894 0 -0.02469336 -0.9996951 0 -0.02577424 -0.9996678 0 -0.030761 -0.9995269 0 -0.03181481 -0.9994938 0 -0.0376442 -0.9992913 0 -0.03901791 -0.9992385 0 -0.04138588 -0.9991433 0 -0.04550445 -0.9989642 0 -0.0485565 -0.9988206 0 -0.05202472 -0.9986458 0 -0.05502867 -0.9984848 0 -0.05803251 -0.9983147 0 -0.0626145 -0.9980378 0 -0.06296896 -0.9980156 0 -0.06755131 -0.9977158 0 -0.07177966 -0.9974205 0 -0.07281786 -0.9973453 0 -0.07741594 -0.9969989 0 -0.08073812 -0.9967354 0 -0.0824325 -0.9965968 0 -0.08572131 -0.9963192 0 -0.09071964 -0.9958766 0 -0.09144723 -0.99581 0 -0.09556108 -0.9954236 0 -0.1002647 -0.9949609 0 -0.1004713 -0.99494 0 -0.1051388 -0.9944577 0 -0.1092885 -0.9940102 0 -0.1104073 -0.9938865 0 -0.1145958 -0.9934122 0 -0.1172597 -0.9931014 0 -0.1213964 -0.9926041 0 -0.1245253 -0.9922165 0 -0.1255057 -0.9920929 0 -0.1313151 -0.9913408 0 -0.1320903 -0.9912377 0 -0.1373022 -0.9905292 0 -0.1382067 -0.9904034 0 -0.1425662 -0.9897853 0 -0.145406 -0.9893721 0 -0.1498516 -0.9887086 0 -0.1510878 -0.9885203 0 -0.1558446 -0.9877816 0 -0.1567382 -0.9876403 0 -0.1616046 -0.9868556 0 -0.1639066 -0.9864759 0 -0.1673751 -0.9858933 0 -0.1703614 -0.9853817 0 -0.1734386 -0.9848447 0 -0.1775732 -0.9841077 0 -0.1786966 -0.9839043 0 -0.1828883 -0.9831338 0 -0.1867396 -0.9824095 0 -0.1881833 -0.982134 0 -0.1916604 -0.9814614 0 -0.1964586 -0.9805122 0 -0.1974018 -0.9803227 0 -0.2014433 -0.9795002 0 -0.2048863 -0.9787858 0 -0.2066575 -0.9784134 0 -0.2106183 -0.9775685 0 -0.214251 -0.9767786 0 -0.2154672 -0.9765112 0 -0.2199314 -0.9755154 0 -0.222517 -0.9749289 0 -0.2272942 -0.9738262 0 -0.228736 -0.9734886 0 -0.2321013 -0.9726917 0 -0.2334647 -0.9723653 0 -0.2383094 -0.9711893 0 -0.2409265 -0.9705435 0 -0.2455244 -0.9693905 0 -0.2459072 -0.9692935 0 -0.2503833 -0.9681468 0 -0.2541928 -0.9671537 0 -0.2568644 -0.9664475 0 -0.2588056 -0.9659295 0 -0.2621181 -0.9650359 0 -0.2656805 -0.9640612 0 -0.2690126 -0.9631367 0 -0.2709816 -0.9625846 0 -0.2736216 -0.9618374 0 -0.2773756 -0.9607616 0 -0.2815521 -0.959546 0 -0.2823929 -0.9592989 0 -0.2868272 -0.9579824 0 -0.2898169 -0.9570821 0 -0.2932961 -0.9560217 0 -0.2948207 -0.9555526 0 -0.2993663 -0.9541383 0 -0.3009954 -0.9536257 0 -0.3053209 -0.9522496 0 -0.3074747 -0.9515563 0 -0.3093224 -0.9509573 0 -0.3144693 -0.9492677 0 -0.3164341 -0.9486145 0 -0.3188136 -0.9478175 0 -0.3231794 -0.9463378 0 -0.3259044 -0.9454028 0 -0.32791 -0.944709 0 -0.3306291 -0.9437608 0 -0.3346409 -0.9423457 0 -0.337326 -0.941388 0 -0.34106 -0.9400416 0 -0.3422698 -0.9396017 0 -0.3467639 -0.9379525 0 -0.3486762 -0.9372433 0 -0.3526965 -0.9357377 0 -0.354671 -0.9349912 0 -0.3580872 -0.9336882 0 -0.3598644 -0.9330047 0 -0.3635183 -0.9315871 0 -0.3678762 -0.9298748 0 -0.3686731 -0.9295592 0 -0.3732231 -0.9277417 0 -0.3745837 -0.9271932 0 -0.3784218 -0.9256333 0 -0.3813708 -0.9244222 0 -0.3839039 -0.9233731 0 -0.3875212 -0.9218608 0 -0.3896836 -0.9209488 0 -0.392661 -0.9196833 0 -0.3958207 -0.9183278 0 -0.3998328 -0.9165882 0 -0.4013363 -0.9159308 0 -0.4045311 -0.9145243 0 -0.4061697 -0.9137978 0 -0.4100785 -0.9120503 0 -0.4128908 -0.9107806 0 -0.416004 -0.9093629 0 -0.4191865 -0.9079002 0 -0.421851 -0.9066653 0 -0.4236726 -0.9058155 0 -0.4285091 -0.9035375 0 -0.42903 -0.9032903 0 -0.4339786 -0.9009232 0 -0.43481 -0.9005224 0 -0.4388988 -0.8985366 0 -0.4417266 -0.8971498 0 -0.4435486 -0.8962503 0 -0.4464578 -0.8948048 0 -0.4499471 -0.8930553 0 -0.4523665 -0.8918322 0 -0.4556678 -0.8901499 0 -0.4588831 -0.8884968 0 -0.4611451 -0.8873248 0 -0.4630393 -0.8863377 0 -0.4673133 -0.8840918 0 -0.4693918 -0.88299 0 -0.4720848 -0.8815532 0 -0.474022 -0.880513 0 -0.4777333 -0.8785051 0 -0.4806265 -0.8769254 0 -0.4828068 -0.875727 0 -0.4860743 -0.8739175 0 -0.4887707 -0.8724123 0 -0.4914969 -0.8708793 0 -0.4947556 -0.8690322 0 -0.4963771 -0.868107 0 -0.4991856 -0.8664952 0 -0.5029432 -0.8643195 0 -0.5042703 -0.8635459 0 -0.50761 -0.8615871 0 -0.5109807 -0.8595923 0 -0.5130409 -0.8583643 0 -0.5162466 -0.85644 0 -0.5187244 -0.8549416 0 -0.5202026 -0.8540429 0 -0.5248042 -0.8512231 0 -0.5258686 -0.8505659 0 -0.5297197 -0.8481729 0 -0.5310469 -0.8473424 0 -0.5355064 -0.8445312 0 -0.5369646 -0.8436048 0 -0.5399554 -0.8416938 0 -0.5417587 -0.8405341 0 -0.5455688 -0.8380661 0 -0.5478441 -0.8365806 0 -0.5509479 -0.8345398 0 -0.5524684 -0.8335338 0 -0.5548792 -0.831931 0 -0.5588408 -0.829275 0 -0.561088 -0.8277561 0 -0.5627084 -0.8266556 0 -0.5657845 -0.8245533 0 -0.5700361 -0.8216198 0 -0.5698142 -0.8217736 0 -0.573794 -0.8189997 0 -0.5768688 -0.8168368 0 -0.5789548 -0.8153597 0 -0.5810812 -0.8138456 0 -0.5844209 -0.8114508 0 -0.5863826 -0.8100343 0 -0.5887622 -0.8083063 0 -0.592003 -0.8059358 0 -0.5942716 -0.8042644 0 -0.5960085 -0.8029781 0 -0.5991537 -0.8006341 0 -0.6022821 -0.7982834 0 -0.6041502 -0.7968705 0 -0.6061547 -0.7953469 0 -0.6098136 -0.792545 0 -0.6111 -0.7915534 0 -0.6148048 -0.7886794 0 -0.6172897 -0.786736 0 -0.6183809 -0.7858787 0 -0.6210893 -0.7837398 0 -0.624733 -0.7808386 0 -0.6265435 -0.7793865 0 -0.6295306 -0.7769758 0 -0.6312941 -0.7755436 0 -0.6334968 -0.7737454 0 -0.6359804 -0.7717052 0 -0.638624 -0.769519 0 -0.6411149 -0.767445 0 -0.6429935 -0.7658717 0 -0.6465123 -0.7629037 0 -0.6473988 -0.7621515 0 -0.6509724 -0.7591014 0 -0.652789 -0.7575398 0 -0.6556707 -0.755047 0 -0.6585126 -0.7525697 0 -0.660507 -0.7508201 0 -0.6625192 -0.749045 0 -0.6646903 -0.7471191 0 -0.6663577 -0.7456322 0 -0.6699311 -0.7424233 0 -0.6719108 -0.7406321 0 -0.6743232 -0.7384364 0 -0.6762878 -0.7366376 0 -0.6789118 -0.7342199 0 -0.681206 -0.7320919 0 -0.6835517 -0.7299021 0 -0.6849467 -0.7285932 0 -0.688651 -0.725093 0 -0.6900395 -0.7237718 0 -0.6921269 -0.7217758 0 -0.6948729 -0.7191326 0 -0.696963 -0.7171071 0 -0.6996526 -0.7144832 0 -0.7017864 -0.7123875 0 -0.7038815 -0.7103175 0 -0.7059313 -0.7082804 0 -0.7082612 -0.7059504 0 -0.710696 -0.7034993 0 -0.7121826 -0.7019944 0 -0.7146596 -0.6994725 0 -0.7170887 -0.696982 0 -0.7191216 -0.6948844 0 -0.7217652 -0.692138 0 -0.7237827 -0.6900281 0 -0.7252777 -0.6884565 0 -0.7282117 -0.6853523 0 -0.7302753 -0.683153 0 -0.7327827 -0.6804628 0 -0.7331225 -0.6800967 0 -0.737778 -0.6750434 0 -0.7380369 -0.6747603 0 -0.7406017 -0.6719444 0 -0.7424847 -0.669863 0 -0.7450515 -0.667007 0 -0.7478639 -0.6638522 0 -0.7492194 -0.6623219 0 -0.7500767 -0.661351 0 -0.7536278 -0.6573014 0 -0.754916 -0.6558216 0 -0.7573301 -0.6530323 0 -0.7594672 -0.6505457 0 -0.7624296 -0.6470712 0 -0.762625 -0.646841 0 -0.7656521 -0.6432549 0 -0.7682008 -0.6402091 0 -0.7685117 -0.6398358 0 -0.7719475 -0.6356863 0 -0.7736695 -0.6335895 0 -0.7754496 -0.6314095 0 -0.7781382 -0.6280932 0 -0.7783813 -0.627792 0 -0.7814236 -0.624001 0 -0.7840859 -0.6206524 0 -0.7849995 -0.6194966 0 -0.787768 -0.6159722 0 -0.7890218 -0.6143653 0 -0.7905583 -0.6123868 0 -0.7936831 -0.6083317 0 -0.7943605 -0.6074466 0 -0.7969021 -0.6041085 0 -0.7993243 -0.6008999 0 -0.8004792 -0.5993607 0 -0.8021812 -0.5970807 0 -0.8043437 -0.5941644 0 -0.8070316 -0.5905082 0 -0.8073716 -0.5900434 0 -0.8104059 -0.585869 0 -0.8114572 -0.584412 0 -0.8141779 -0.5806156 0 -0.8156034 -0.5786113 0 -0.8164617 -0.5773998 0 -0.8196874 -0.5728113 0 -0.820425 -0.5717542 0 -0.8229792 -0.5680715 0 -0.8240827 -0.5664696 0 -0.8265675 -0.5628377 0 -0.8283241 -0.5602493 0 -0.8296164 -0.5583338 0 -0.8315616 -0.5554326 0 -0.833007 -0.5532626 0 -0.8351104 -0.5500824 0 -0.8366852 -0.5476843 0 -0.837808 -0.5459651 0 -0.8410648 -0.5409346 0 -0.84091 -0.5411752 0 -0.8434951 -0.5371369 0 -0.8457263 -0.5336171 0 -0.8466596 -0.5321351 0 -0.8482844 -0.5295411 0 -0.8504533 -0.5260508 0 -0.852142 -0.5233106 0 -0.8530035 -0.5219053 0 -0.854932 -0.5187403 0 -0.8576201 -0.5142837 0 -0.8575506 -0.5143996 0 -0.8601974 -0.5099614 0 -0.8611809 -0.5082987 0 -0.8638055 -0.5038256 0 -0.864072 -0.5033682 0 -0.8666496 -0.4989174 0 -0.8675912 -0.4972783 0 -0.8696922 -0.4935945 0 -0.8712455 -0.4908476 0 -0.8723888 -0.4888126 0 -0.8735908 -0.4866614 0 -0.8759611 -0.4823818 0 -0.8771761 -0.4801689 0 -0.8781812 -0.4783282 0 -0.8805997 -0.4738609 0 -0.8812295 -0.4726886 0 -0.8833001 -0.4688081 0 -0.8840902 -0.4673165 0 -0.8864922 -0.4627435 0 -0.8873184 -0.4611574 0 -0.8887152 -0.4584597 0 -0.8900506 -0.455862 0 -0.891689 -0.4526486 0 -0.8931101 -0.4498383 0 -0.8948853 -0.4462963 0 -0.8963869 -0.4432725 0 -0.897072 -0.4418845 0 -0.8982482 -0.4394888 0 -0.9008128 -0.4342076 0 -0.9009353 -0.4339536 0 -0.9032961 -0.4290176 0 -0.9035573 -0.4284675 0 -0.9055684 -0.4242006 0 -0.9070216 -0.4210843 0 -0.9078235 -0.4193524 0 -0.9095873 -0.4155129 0 -0.910765 -0.4129251 0 -0.9119591 -0.4102811 0 -0.9134672 -0.4069127 0 -0.9148365 -0.4038245 0 -0.9157297 -0.401795 0 -0.9169334 -0.3990405 0 -0.9184695 -0.3954921 0 -0.9196718 -0.392688 0 -0.9213372 -0.3887644 0 -0.9215287 -0.3883104 0 -0.9232634 -0.3841679 0 -0.9248375 -0.3803628 0 -0.9255429 -0.378643 0 -0.9266384 -0.375954 0 -0.9280818 -0.3723763 0 -0.9296589 -0.3684216 0 -0.9304472 -0.3664262 0 -0.9314032 -0.3639892 0 -0.9321513 -0.3620691 0 -0.9341644 -0.3568432 0 -0.9349273 -0.3548396 0 -0.9357048 -0.3527843 0 -0.9375149 -0.3479453 0 -0.9383209 -0.345766 0 -0.9387832 -0.3445084 0 -0.940672 -0.3393176 0 -0.9410241 -0.3383396 0 -0.942924 -0.3330079 0 -0.9430683 -0.3325991 0 -0.9448173 -0.3275982 0 -0.9454152 -0.3258684 0 -0.9465501 -0.3225567 0 -0.9475781 -0.3195242 0 -0.9486011 -0.3164745 0 -0.9496978 -0.3131679 0 -0.9504792 -0.3107883 0 -0.9515919 -0.3073642 0 -0.952563 -0.3043416 0 -0.9535257 -0.3013118 0 -0.9544916 -0.2982378 0 -0.9551879 -0.2960005 0 -0.9564829 -0.2917885 0 -0.9569351 -0.2903019 0 -0.9584029 -0.285419 0 -0.958637 -0.2846319 0 -0.9601572 -0.2794607 0 -0.9604676 -0.2783921 0 -0.9615219 -0.2747284 0 -0.9624891 -0.2713204 0 -0.9633072 -0.2684015 0 -0.9641 -0.2655397 0 -0.9650829 -0.2619449 0 -0.965631 -0.259917 0 -0.9666249 -0.2561959 0 -0.9674891 -0.2529129 0 -0.96824 -0.2500225 0 -0.9689012 -0.2474482 0 -0.9700713 -0.2428203 0 -0.9705112 -0.2410563 0 -0.9711354 -0.2385293 0 -0.9717555 -0.2359901 0 -0.9727939 -0.231672 0 -0.9734174 -0.2290386 0 -0.9744793 -0.2244775 0 -0.9748288 -0.2229548 0 -0.9756185 -0.2194736 0 -0.9760604 -0.2175 0 -0.9768532 -0.2139109 0 -0.9775713 -0.2106049 0 -0.9783023 -0.2071825 0 -0.9788553 -0.204554 0 -0.9795807 -0.2010522 0 -0.9804087 -0.1969742 0 -0.9805683 -0.1961785 0 -0.9813911 -0.1920196 0 -0.9822065 -0.1878043 0 -0.9823478 -0.187064 0 -0.9832044 -0.1825083 0 -0.9836934 -0.1798533 0 -0.9842926 -0.1765455 0 -0.9849251 -0.1729813 0 -0.9853076 -0.1707898 0 -0.986089 -0.1662183 0 -0.986468 -0.1639543 0 -0.9868407 -0.1616954 0 -0.9873447 -0.1585892 0 -0.9879456 -0.1548014 0 -0.9884714 -0.1514077 0 -0.988807 -0.1492009 0 -0.989538 -0.1442731 0 -0.9896036 -0.143822 0 -0.9902595 -0.1392339 0 -0.9906706 -0.1362788 0 -0.9910871 -0.1332157 0 -0.991635 -0.1290747 0 -0.991941 -0.1267009 0 -0.9923163 -0.1237274 0 -0.9925592 -0.1217638 0 -0.9930899 -0.1173573 0 -0.9934135 -0.1145846 0 -0.9937968 -0.1112114 0 -0.9941343 -0.1081535 0 -0.994462 -0.1050969 0 -0.9948969 -0.1008975 0 -0.9950144 -0.09973239 0 -0.9954195 -0.09560376 0 -0.9958131 -0.09141272 0 -0.9958824 -0.09065502 0 -0.9962831 -0.08614093 0 -0.9966344 -0.08197551 0 -0.9966982 -0.08119618 0 -0.9970316 -0.07699382 0 -0.9973725 -0.07244503 0 -0.9974224 -0.07175379 0 -0.9977158 -0.06755268 0 -0.9980158 -0.06296449 0 -0.998042 -0.0625475 0 -0.9983133 -0.05805808 0 -0.998488 -0.05497121 0 -0.9986636 -0.05168312 0 -0.9988201 -0.04856443 0 -0.9989642 -0.04550319 0 -0.9991475 -0.04128456 0 -0.9992222 -0.03943467 0 -0.9993215 -0.03683251 0 -0.9994817 -0.03219234 0 -0.9995269 -0.03075802 0 -0.9996681 -0.02576059 0 -0.9996957 -0.02467066 0 -0.9997968 -0.02015602 0 -0.9998481 -0.01742893 0 -0.9999175 -0.01285487 0 -0.9999389 -0.01105958 0 -0.9999685 -0.007932782 0 -0.9999837 -0.005732417 0 -0.9999989 -0.001506149 0 -0.9999989 0.001562654 0 -0.9999837 0.005732417 0 -0.9999686 0.007932722 0 -0.9999396 0.0110017 0 -0.9999175 0.01285475 0 -0.9998481 0.01742905 0 -0.999797 0.02015155 0 -0.9996941 0.02473795 0 -0.9996677 0.02578008 0 -0.9995262 0.03078079 0 -0.9994814 0.03220462 0 -0.9993054 0.03726696 0 -0.9992381 0.03902995 0 -0.9991427 0.04140019 0 -0.9989627 0.04553765 0 -0.9988201 0.04856443 0 -0.9986466 0.05200994 0 -0.9985068 0.05462956 0 -0.998315 0.05802798 0 -0.9980303 0.0627337 0 -0.9980137 0.06299841 0 -0.9977197 0.06749504 0 -0.9974244 0.07172656 0 -0.9973431 0.07284837 0 -0.997056 0.0766775 0 -0.9966888 0.08131146 0 -0.9966322 0.08200156 0 -0.9962502 0.08651888 0 -0.9959117 0.09033328 0 -0.9958058 0.09149324 0 -0.9954106 0.09569698 0 -0.9949682 0.1001908 0 -0.9949298 0.1005729 0 -0.9944554 0.1051593 0 -0.9941405 0.108096 0 -0.9938063 0.1111275 0 -0.9934135 0.1145846 0 -0.9930492 0.1176998 0 -0.992601 0.1214221 0 -0.9922794 0.1240229 0 -0.9919798 0.1263974 0 -0.9915978 0.1293598 0 -0.991133 0.1328735 0 -0.9906846 0.1361771 0 -0.9901969 0.139679 0 -0.9896613 0.1434251 0 -0.9895541 0.1441622 0 -0.988824 0.1490884 0 -0.9884628 0.1514648 0 -0.9879636 0.1546869 0 -0.9873447 0.1585892 0 -0.9868407 0.1616954 0 -0.9864109 0.1642975 0 -0.9860985 0.166162 0 -0.9853869 0.1703315 0 -0.9848446 0.1734392 0 -0.9843041 0.1764806 0 -0.9837529 0.1795282 0 -0.9831315 0.1829001 0 -0.9823372 0.1871199 0 -0.9822599 0.1875249 0 -0.981391 0.1920207 0 -0.9805608 0.1962157 0 -0.9803305 0.1973627 0 -0.9795498 0.2012017 0 -0.9789407 0.2041451 0 -0.9782319 0.207515 0 -0.9776596 0.2101949 0 -0.9769003 0.2136958 0 -0.9759502 0.2179937 0 -0.9756433 0.2193635 0 -0.9749614 0.2223746 0 -0.9743452 0.2250591 0 -0.9734104 0.2290683 0 -0.9728071 0.2316173 0 -0.9718484 0.2356073 0 -0.9711182 0.2385991 0 -0.970537 0.2409523 0 -0.969953 0.2432927 0 -0.9690218 0.2469753 0 -0.9682123 0.2501302 0 -0.9674083 0.2532218 0 -0.9666498 0.256102 0 -0.9657474 0.2594845 0 -0.9648664 0.262741 0 -0.9642037 0.2651625 0 -0.963439 0.2679277 0 -0.9623855 0.2716876 0 -0.9615866 0.274502 0 -0.9605218 0.278205 0 -0.9600638 0.2797812 0 -0.9586908 0.2844505 0 -0.9584652 0.2852099 0 -0.9568225 0.290673 0 -0.9564667 0.2918416 0 -0.9553358 0.2955223 0 -0.9544688 0.2983109 0 -0.9535012 0.3013891 0 -0.952574 0.3043073 0 -0.9514909 0.307677 0 -0.9502561 0.3114699 0 -0.9499216 0.3124886 0 -0.9486011 0.3164745 0 -0.9475781 0.3195242 0 -0.9466344 0.3223093 0 -0.9454389 0.3257996 0 -0.9446917 0.32796 0 -0.9430671 0.3326028 0 -0.9427968 0.3333681 0 -0.9411531 0.3379808 0 -0.9407829 0.33901 0 -0.9388088 0.3444387 0 -0.9382233 0.3460307 0 -0.9375694 0.3477984 0 -0.9357032 0.3527883 0 -0.9349273 0.3548396 0 -0.93405 0.3571425 0 -0.932053 0.362322 0 -0.9314731 0.3638104 0 -0.930373 0.3666146 0 -0.9297419 0.3682118 0 -0.9280835 0.3723722 0 -0.9267494 0.3756802 0 -0.9254111 0.3789649 0 -0.9248721 0.3802788 0 -0.9231407 0.3844627 0 -0.9215859 0.3881746 0 -0.921356 0.3887202 0 -0.9196633 0.3927078 0 -0.9183834 0.3956918 0 -0.9169495 0.3990034 0 -0.9158022 0.4016295 0 -0.914963 0.403538 0 -0.9132965 0.4072954 0 -0.9119808 0.4102329 0 -0.9108515 0.4127345 0 -0.9095873 0.4155129 0 -0.9078456 0.4193047 0 -0.9071562 0.4207942 0 -0.9053179 0.4247346 0 -0.9036763 0.4282165 0 -0.9033485 0.4289072 0 -0.9008544 0.4341214 0 -0.9006697 0.4345045 0 -0.8983716 0.4392362 0 -0.8970604 0.4419081 0 -0.8965595 0.4429235 0 -0.8945637 0.4469404 0 -0.8932961 0.4494686 0 -0.8911955 0.4536194 0 -0.8907889 0.4544174 0 -0.8883316 0.4592026 0 -0.8875033 0.4608014 0 -0.8864948 0.4627386 0 -0.8840902 0.4673165 0 -0.8830122 0.4693502 0 -0.8815429 0.4721039 0 -0.880573 0.4739108 0 -0.8782891 0.4781303 0 -0.8775041 0.4795691 0 -0.8755462 0.4831343 0 -0.8737629 0.486352 0 -0.8722188 0.489116 0 -0.8712455 0.4908476 0 -0.8696922 0.4935945 0 -0.8675912 0.4972783 0 -0.8664966 0.4991832 0 -0.8642231 0.5031089 0 -0.863632 0.5041229 0 -0.8616522 0.5074993 0 -0.859952 0.5103751 0 -0.8578292 0.513935 0 -0.8569545 0.5153923 0 -0.855086 0.5184863 0 -0.853287 0.5214416 0 -0.8523274 0.5230086 0 -0.8501381 0.5265598 0 -0.8485776 0.5290712 0 -0.8461545 0.5329378 0 -0.8458797 0.5333738 0 -0.8433411 0.5373787 0 -0.8410646 0.5409348 0 -0.8410683 0.5409292 0 -0.8377635 0.5460332 0 -0.8368863 0.5473769 0 -0.8349508 0.5503247 0 -0.8329614 0.5533311 0 -0.8316085 0.5553624 0 -0.8296406 0.5582979 0 -0.8284733 0.5600285 0 -0.8264186 0.5630564 0 -0.8242626 0.5662078 0 -0.8223621 0.5689646 0 -0.8206494 0.571432 0 -0.8191162 0.5736278 0 -0.8169147 0.5767586 0 -0.8156582 0.5785343 0 -0.8144063 0.5802951 0 -0.8117203 0.5840464 0 -0.8099528 0.5864951 0 -0.807537 0.589817 0 -0.8068107 0.59081 0 -0.8045097 0.5939396 0 -0.8023928 0.5967963 0 -0.8002604 0.5996526 0 -0.7984351 0.602081 0 -0.7974319 0.6034092 0 -0.7944725 0.6073002 0 -0.793655 0.6083682 0 -0.7906144 0.6123145 0 -0.788856 0.6145782 0 -0.7877116 0.6160442 0 -0.7853406 0.619064 0 -0.7838557 0.6209431 0 -0.7814735 0.6239385 0 -0.77854 0.6275949 0 -0.7779883 0.6282788 0 -0.7754685 0.6313863 0 -0.7738113 0.6334162 0 -0.7716063 0.6361004 0 -0.7686534 0.6396655 0 -0.7674316 0.641131 0 -0.7660518 0.6427788 0 -0.7630124 0.6463838 0 -0.762601 0.6468693 0 -0.7593199 0.6507176 0 -0.7575348 0.6527948 0 -0.7552383 0.6554504 0 -0.7531544 0.657844 0 -0.7502242 0.6611835 0 -0.7490425 0.662522 0 -0.7476965 0.6640406 0 -0.7446777 0.6674242 0 -0.7430181 0.6692714 0 -0.7405857 0.671962 0 -0.7380372 0.6747601 0 -0.7375906 0.6752482 0 -0.7333102 0.6798943 0 -0.7327971 0.6804472 0 -0.7300981 0.6833424 0 -0.7284044 0.6851475 0 -0.7251121 0.6886309 0 -0.7237827 0.6900281 0 -0.7219389 0.6919569 0 -0.7191505 0.6948544 0 -0.7165524 0.6975332 0 -0.7150393 0.6990843 0 -0.7125594 0.7016118 0 -0.7103226 0.7038763 0 -0.7084916 0.7057192 0 -0.7059268 0.7082847 0 -0.7038815 0.7103175 0 -0.7014244 0.7127439 0 -0.6998377 0.714302 0 -0.6965942 0.7174654 0 -0.695461 0.7185639 0 -0.6925635 0.721357 0 -0.6900033 0.7238062 0 -0.6882604 0.7254638 0 -0.6855507 0.728025 0 -0.6829317 0.7304822 0 -0.6812463 0.7320544 0 -0.6789169 0.7342152 0 -0.6762589 0.7366641 0 -0.6751435 0.7376865 0 -0.671141 0.7413297 0 -0.6696864 0.742644 0 -0.667213 0.744867 0 -0.6646271 0.7471752 0 -0.662706 0.7488797 0 -0.6599982 0.7512671 0 -0.6584441 0.7526296 0 -0.6548964 0.7557187 0 -0.6529638 0.7573891 0 -0.6509677 0.7591054 0 -0.6479857 0.7616526 0 -0.6452646 0.7639592 0 -0.6448141 0.7643395 0 -0.6403911 0.7680491 0 -0.6387117 0.7694463 0 -0.6362505 0.7714826 0 -0.6331846 0.7740008 0 -0.6326161 0.7744657 0 -0.6287716 0.7775902 0 -0.6263501 0.779542 0 -0.6243458 0.7811481 0 -0.621428 0.7834714 0 -0.6192869 0.7851648 0 -0.616056 0.7877024 0 -0.6136142 0.789606 0 -0.6129617 0.7901126 0 -0.6084665 0.7935796 0 -0.6074673 0.7943447 0 -0.6043633 0.796709 0 -0.6002135 0.7998399 0 -0.6004662 0.7996503 0 -0.5964015 0.8026863 0 -0.5944529 0.8041305 0 -0.5912096 0.806518 0 -0.5891211 0.8080448 0 -0.5872426 0.809411 0 -0.5834746 0.8121315 0 -0.5811439 0.8138008 0 -0.5794999 0.8149724 0 -0.5764868 0.8171066 0 -0.572846 0.8196631 0 -0.571958 0.820283 0 -0.5680953 0.8229628 0 -0.5655793 0.824694 0 -0.5645184 0.8254206 0 -0.5599863 0.8285019 0 -0.5582795 0.8296531 0 -0.5555678 0.8314712 0 -0.5536746 0.8327332 0 -0.5497486 0.8353302 0 -0.5475785 0.8367544 0 -0.5447469 0.8386005 0 -0.543832 0.8391942 0 -0.5393336 0.8420922 0 -0.537392 0.8433326 0 -0.5343854 0.845241 0 -0.5321907 0.8466246 0 -0.5287148 0.8487995 0 -0.5273344 0.8496578 0 -0.5234114 0.8520802 0 -0.5210975 0.8534972 0 -0.5187244 0.8549416 0 -0.5161881 0.8564753 0 -0.5123813 0.8587581 0 -0.5102274 0.8600396 0 -0.5072507 0.8617987 0 -0.5060371 0.8625118 0 -0.501441 0.8651919 0 -0.5001039 0.8659656 0 -0.497937 0.8672132 0 -0.4932044 0.8699135 0 -0.491805 0.8707055 0 -0.4886103 0.8725023 0 -0.4849138 0.874562 0 -0.4842054 0.8749544 0 -0.4810528 0.8766916 0 -0.4760754 0.8794046 0 -0.4764637 0.8791942 0 -0.4718203 0.8816947 0 -0.4696877 0.8828327 0 -0.4663676 0.8845911 0 -0.4636681 0.8860091 0 -0.4614533 0.8871645 0 -0.4576101 0.8891531 0 -0.4552842 0.8903462 0 -0.4523099 0.891861 0 -0.4501551 0.8929504 0 -0.4473357 0.8943661 0 -0.4445274 0.8957653 0 -0.4414168 0.8973022 0 -0.4386833 0.8986418 0 -0.4350602 0.9004014 0 -0.4321358 0.9018086 0 -0.4313607 0.9021797 0 -0.4273141 0.9041033 0 -0.4246147 0.9053742 0 -0.4212496 0.9069448 0 -0.4178918 0.9084969 0 -0.4169645 0.9089228 0 -0.4132056 0.9106379 0 -0.409142 0.9124708 0 -0.4082577 0.9128668 0 -0.4039248 0.9147922 0 -0.4020102 0.9156352 0 -0.3974502 0.9176238 0 -0.3967907 0.9179092 0 -0.3918439 0.9200319 0 -0.3907087 0.9205144 0 -0.3864924 0.9222926 0 -0.3843711 0.9231788 0 -0.381087 0.9245393 0 -0.3795335 0.925178 0 -0.3753668 0.9268764 0 -0.3725799 0.9280001 0 -0.3697183 0.929144 0 -0.3653878 0.9308554 0 -0.3641538 0.9313389 0 -0.3618033 0.9322546 0 -0.3578233 0.9337893 0 -0.3548538 0.9349219 0 -0.3524451 0.9358326 0 -0.3488618 0.9371743 0 -0.3450744 0.9385753 0 -0.3444393 0.9388086 0 -0.3393449 0.9406621 0 -0.3369541 0.9415212 0 -0.3342666 0.9424787 0 -0.3327373 0.9430196 0 -0.328281 0.9445802 0 -0.3258912 0.9454074 0 -0.3218767 0.9467816 0 -0.31988 0.9474581 0 -0.3167968 0.9484935 0 -0.3131276 0.9497111 0 -0.3107804 0.9504818 0 -0.3078093 0.9514482 0 -0.304346 0.9525616 0 -0.3009647 0.9536353 0 -0.2982042 0.9545021 0 -0.2964291 0.9550549 0 -0.2918052 0.9564778 0 -0.2909899 0.9567262 0 -0.2861127 0.958196 0 -0.2835657 0.9589529 0 -0.2797384 0.9600763 0 -0.2775545 0.9607099 0 -0.2755633 0.961283 0 -0.2713781 0.9624729 0 -0.2683009 0.9633352 0 -0.2659665 0.9639823 0 -0.2619447 0.965083 0 -0.2594939 0.9657448 0 -0.2568686 0.9664464 0 -0.2517464 0.9677932 0 -0.2503868 0.968146 0 -0.2482208 0.9687035 0 -0.2432053 0.9699749 0 -0.2421088 0.9702491 0 -0.2375158 0.9713837 0 -0.2359424 0.971767 0 -0.2316507 0.9727991 0 -0.2294735 0.973315 0 -0.2244173 0.9744932 0 -0.2241121 0.9745635 0 -0.2194484 0.9756242 0 -0.2161949 0.9763503 0 -0.2132693 0.9769935 0 -0.2106213 0.9775678 0 -0.2086956 0.9779807 0 -0.2029742 0.9791841 0 -0.2015147 0.9794856 0 -0.1992244 0.979954 0 -0.1943181 0.9809386 0 -0.1920515 0.9813849 0 -0.1900811 0.9817684 0 -0.1848158 0.9827732 0 -0.1829138 0.983129 0 -0.1806667 0.9835445 0 -0.1756675 0.9844496 0 -0.1741746 0.9847148 0 -0.169605 0.9855121 0 -0.168873 0.9856379 0 -0.1639686 0.9864656 0 -0.1612593 0.9869121 0 -0.1575248 0.987515 0 -0.1542959 0.9880247 0 -0.1530683 0.9882157 0 -0.1486696 0.988887 0 -0.1457786 0.9893173 0 -0.1425894 0.989782 0 -0.1386267 0.9903447 0 -0.1357437 0.9907441 0 -0.13321 0.9910879 0 -0.131366 0.991334 0 -0.1271396 0.9918849 0 -0.1236847 0.9923216 0 -0.1194801 0.9928367 0 -0.1188241 0.9929153 0 -0.1145949 0.9934124 0 -0.110426 0.9938845 0 -0.1093127 0.9940075 0 -0.1039501 0.9945825 0 -0.1024796 0.9947352 0 -0.09829115 0.9951578 0 -0.09597271 0.995384 0 -0.09376424 0.9955945 0 -0.08840072 0.996085 0 -0.08615469 0.9962819 0 -0.08466255 0.9964098 0 -0.07888412 0.9968839 0 -0.07701551 0.99703 0 -0.07442194 0.9972268 0 -0.06979721 0.9975612 0 -0.06868451 0.9976384 0 -0.06334674 0.9979916 0 -0.06263768 0.9980363 0 -0.05807679 0.9983122 0 -0.05386966 0.9985481 0 -0.05311989 0.9985882 0 -0.04897201 0.9988002 0 -0.04554539 0.9989624 0 -0.04214364 0.9991116 0 -0.03863888 0.9992533 0 -0.03725099 0.999306 0 -0.03181505 0.9994938 0 -0.0307725 0.9995265 0 -0.02616316 0.9996578 0 -0.02468419 0.9996953 0 -0.02050083 0.9997899 0 -0.01745587 0.9998477 0 -0.01285505 0.9999175 0 -0.01102858 0.9999393 0 -0.008016407 0.9999679 0 0 0 1 -0.006047844 0.9999817 0 -0.001474082 0.999999 0 0 0 -1 0.005739212 0.9999836 0 0.01102787 0.9999393 0 0.01285421 0.9999175 0 0.01743113 0.9998481 0 0.02013516 0.9997974 0 0.02470284 0.9996948 0 0.0257644 0.9996681 0 0.0390504 0.9992373 0 0.0455392 0.9989626 0 0.05464988 0.9985056 0 0.05843293 0.9982914 0 0.06226044 0.9980599 0 0.06294512 0.998017 0 0.06757748 0.9977141 0 0.0717017 0.9974262 0 0.07284146 0.9973435 0 0.08087003 0.9967247 0 0.08230006 0.9966077 0 0.0861873 0.9962791 0 0.09069645 0.9958786 0 0.095972 0.995384 0 0.09982872 0.9950047 0 0.1047641 0.9944971 0 0.1115742 0.9937562 0 0.1142213 0.9934554 0 0.1176134 0.9930595 0 0.1237309 0.9923158 0 0.1294268 0.991589 0 0.1331836 0.9910914 0 0.1388248 0.990317 0 0.1434936 0.9896513 0 0.144499 0.9895049 0 0.1499073 0.9887002 0 0.1548517 0.9879378 0 0.170342 0.9853851 0 0.1733756 0.9848558 0 0.17982 0.9836996 0 0.1870815 0.9823445 0 0.1878387 0.9822 0 0.1919578 0.9814033 0 0.1962119 0.9805616 0 0.1969714 0.9804093 0 0.2064489 0.9784575 0 0.2133675 0.976972 0 0.2203833 0.9754134 0 0.2324606 0.9726058 0 0.246973 0.9690225 0 0.2501411 0.9682094 0 0.254781 0.9669988 0 0.2592676 0.9658055 0 0.2688925 0.9631703 0 0.2717266 0.9623746 0 0.2736936 0.961817 0 0.2804023 0.9598826 0 0.2845742 0.9586541 0 0.2867753 0.9579979 0 0.2895784 0.9571544 0 0.3026532 0.9531008 0 0.3036695 0.9527775 0 0.3073299 0.9516031 0 0.3114699 0.9502561 0 0.316799 0.9484927 0 0.3202075 0.9473475 0 0.3259044 0.9454028 0 0.3279055 0.9447106 0 0.3321957 0.9432105 0 0.3350065 0.9422159 0 0.3371486 0.9414515 0 0.3391992 0.9407146 0 0.3426787 0.9394527 0 0.3490719 0.9370959 0 0.3520696 0.9359738 0 0.3577418 0.9338206 0 0.3604788 0.9327674 0 0.3645155 0.9311974 0 0.3707112 0.9287483 0 0.3719686 0.9282453 0 0.3816512 0.9243065 0 0.3839039 0.9233731 0 0.3860249 0.9224884 0 0.3926811 0.9196748 0 0.4040939 0.9147175 0 0.4081175 0.9129294 0 0.4091528 0.9124659 0 0.4169645 0.9089228 0 0.4177488 0.9085627 0 0.4213934 0.9068781 0 0.4250918 0.9051504 0 0.4265474 0.9044653 0 0.4310856 0.9023112 0 0.4412677 0.8973756 0 0.4448206 0.8956198 0 0.447183 0.8944426 0 0.4500039 0.8930267 0 0.4520196 0.8920081 0 0.4555737 0.8901982 0 0.4616381 0.8870684 0 0.4666526 0.8844408 0 0.4693799 0.8829964 0 0.4721032 0.8815432 0 0.4760004 0.8794451 0 0.4763808 0.879239 0 0.4833908 0.8754047 0 0.4887583 0.8724192 0 0.4935617 0.8697108 0 0.501441 0.8651919 0 0.5057246 0.862695 0 0.5081167 0.8612883 0 0.512686 0.8585763 0 0.5212066 0.8534307 0 0.5249013 0.8511632 0 0.5263352 0.8502772 0 0.5292482 0.8484671 0 0.5308625 0.8474581 0 0.5343854 0.845241 0 0.5375175 0.8432525 0 0.5400059 0.8416613 0 0.5442079 0.8389504 0 0.5490415 0.8357952 0 0.5500135 0.8351559 0 0.5594032 0.8288957 0 0.5641249 0.8256896 0 0.566556 0.8240234 0 0.5703057 0.8214326 0 0.573794 0.8189997 0 0.5766937 0.8169606 0 0.5793223 0.8150986 0 0.5845864 0.8113315 0 0.5857009 0.8105273 0 0.5893405 0.8078848 0 0.5915238 0.8062877 0 0.5969974 0.8022432 0 0.5997021 0.8002234 0 0.6007836 0.7994117 0 0.6065442 0.7950499 0 0.612095 0.7907842 0 0.6165689 0.787301 0 0.6216535 0.7832924 0 0.6239359 0.7814756 0 0.6270952 0.7789427 0 0.6292586 0.7771961 0 0.6311684 0.7756459 0 0.6337095 0.7735712 0 0.6353843 0.7721961 0 0.6399061 0.7684532 0 0.6405723 0.7678979 0 0.6426144 0.7661899 0 0.6476193 0.7619642 0 0.6505206 0.7594887 0 0.6530354 0.7573275 0 0.6554701 0.7552212 0 0.6583003 0.7527555 0 0.6640504 0.7476879 0 0.6666116 0.7454053 0 0.672127 0.740436 0 0.6741358 0.7386075 0 0.6793181 0.733844 0 0.6812192 0.7320796 0 0.6833875 0.7300559 0 0.6849089 0.7286287 0 0.6888217 0.7249309 0 0.6900106 0.7237993 0 0.691958 0.7219378 0 0.6946849 0.7193142 0 0.6973538 0.7167271 0 0.6994702 0.7146618 0 0.701782 0.7123918 0 0.7038815 0.7103175 0 0.7082892 0.7059224 0 0.7103226 0.7038763 0 0.7121787 0.7019983 0 0.714662 0.69947 0 0.7169217 0.6971538 0 0.7193337 0.6946648 0 0.7215884 0.6923224 0 0.7251121 0.6886309 0 0.7284077 0.685144 0 0.7300981 0.6833424 0 0.7322555 0.6810302 0 0.7340092 0.6791395 0 0.7378463 0.6749688 0 0.7406178 0.6719266 0 0.7429862 0.6693068 0 0.7448781 0.6672006 0 0.7476508 0.6640922 0 0.7490425 0.662522 0 0.7504044 0.660979 0 0.7528256 0.65822 0 0.7552192 0.6554725 0 0.757197 0.6531867 0 0.7596564 0.6503248 0 0.7678357 0.6406468 0 0.7687743 0.6395202 0 0.7716972 0.6359902 0 0.7740691 0.6331012 0 0.7747595 0.6322561 0 0.7809799 0.6245562 0 0.7858377 0.6184329 0 0.7907264 0.6121698 0 0.7929556 0.6092794 0 0.7953138 0.6061979 0 0.8025869 0.5965353 0 0.8045052 0.5939456 0 0.8098222 0.5866753 0 0.8118771 0.5838284 0 0.8168676 0.5768253 0 0.8212381 0.5705858 0 0.8226954 0.5684825 0 0.8255165 0.5643781 0 0.8288491 0.5594722 0 0.8288461 0.5594768 0 0.8323296 0.554281 0 0.8353499 0.5497186 0 0.8381082 0.5455042 0 0.8414369 0.5403555 0 0.8435784 0.5370062 0 0.8450917 0.5346216 0 0.8486195 0.5290037 0 0.8496699 0.527315 0 0.8517856 0.5238906 0 0.8534673 0.5211466 0 0.8551117 0.518444 0 0.8600736 0.5101702 0 0.8651769 0.5014668 0 0.8670659 0.4981938 0 0.8702808 0.4925562 0 0.8701113 0.4928554 0 0.8815429 0.4721039 0 0.8830717 0.4692381 0 0.8859351 0.4638093 0 0.8874253 0.4609517 0 0.8921537 0.451732 0 0.8928635 0.4503273 0 0.8971359 0.4417547 0 0.9017431 0.4322726 0 0.9024063 0.4308863 0 0.9046224 0.4262141 0 0.9049242 0.425573 0 0.9084756 0.4179379 0 0.910765 0.4129251 0 0.912907 0.4081678 0 0.9157217 0.4018134 0 0.9181646 0.3961993 0 0.9243112 0.3816398 0 0.9266794 0.3758529 0 0.9282352 0.3719938 0 0.9306003 0.3660371 0 0.9326602 0.3607562 0 0.9361104 0.3517063 0 0.9369242 0.3495327 0 0.9394658 0.3426427 0 0.9423711 0.3345698 0 0.9432201 0.3321684 0 0.9454076 0.3258903 0 0.9468972 0.3215366 0 0.9473725 0.3201337 0 0.9485031 0.316768 0 0.9500338 0.3121473 0 0.950239 0.3115221 0 0.9514909 0.307677 0 0.9530116 0.3029341 0 0.9553591 0.295447 0 0.9571818 0.2894876 0 0.9580069 0.2867453 0 0.9585443 0.284944 0 0.9598614 0.280475 0 0.9607725 0.2773382 0 0.961822 0.2736759 0 0.9633145 0.2683749 0 0.9644574 0.2642385 0 0.9646267 0.2636196 0 0.9670822 0.2544646 0 0.9681281 0.2504559 0 0.9690353 0.2469224 0 0.9699621 0.2432562 0 0.9705286 0.2409865 0 0.9710644 0.2388178 0 0.9725997 0.2324864 0 0.9741947 0.2257099 0 0.9754924 0.2200332 0 0.9761028 0.2173091 0 0.9769473 0.213481 0 0.9776079 0.2104354 0 0.9785481 0.2060183 0 0.9786388 0.205587 0 0.9795172 0.2013608 0 0.9814049 0.1919492 0 0.9822599 0.1875249 0 0.9842439 0.1768161 0 0.9860987 0.166161 0 0.9864773 0.163898 0 0.9867853 0.1620336 0 0.987408 0.158195 0 0.9879637 0.1546859 0 0.9885838 0.1506726 0 0.9886957 0.1499364 0 0.9906227 0.136626 0 0.991094 0.133164 0 0.9915977 0.1293606 0 0.9925408 0.1219127 0 0.9941405 0.108096 0 0.9944554 0.1051593 0 0.9949298 0.1005729 0 0.9949682 0.1001908 0 0.995414 0.0956611 0 0.9958058 0.09149271 0 0.9959084 0.09036767 0 0.9966373 0.08193981 0 0.9966889 0.08131122 0 0.9970583 0.07664853 0 0.9977197 0.06749504 0 0.9980152 0.06297457 0 0.9980318 0.0627101 0 0.9983125 0.05807185 0 0.9984825 0.05507051 0 0.9986686 0.05158597 0 0.9991427 0.04140013 0 0.9992205 0.03947746 0 0.9993193 0.03689032 0 0.9995251 0.03081589 0 0.9996945 0.02471923 0 0.9997897 0.02051097 0 0.9998552 0.01702243 0 0.9999395 0.01100081 0 0.9999989 0.001563251 0 0.9999989 -0.001505374 0 0.9999389 -0.01105868 0 0.9997886 -0.02056008 0 0.9996954 -0.02468007 0 0.9996788 -0.02534592 0 0.9994947 -0.03178745 0 0.9993065 -0.03723734 0 0.9992358 -0.03908777 0 0.9991475 -0.04128462 0 0.9986436 -0.05206769 0 0.9983158 -0.05801415 0 0.9980607 -0.0622487 0 0.9977158 -0.06755268 0 0.9973744 -0.07241797 0 0.997025 -0.07708019 0 0.995922 -0.09021872 0 0.9958131 -0.09141272 0 0.9954195 -0.09560346 0 0.9944579 -0.1051369 0 0.9941405 -0.1080963 0 0.9937519 -0.1116118 0 0.9934596 -0.1141846 0 0.9925536 -0.1218094 0 0.992315 -0.1237382 0 0.9915382 -0.1298152 0 0.9910794 -0.1332726 0 0.9905357 -0.1372553 0 0.989726 -0.1429773 0 0.9894306 -0.1450079 0 0.9887042 -0.1498805 0 0.9885925 -0.1506156 0 0.9877144 -0.1562699 0 0.9876514 -0.1566683 0 0.9864961 -0.1637853 0 0.9860129 -0.1666688 0 0.9853772 -0.1703877 0 0.9840417 -0.1779385 0 0.9839791 -0.1782843 0 0.9823582 -0.1870092 0 0.9805831 -0.1961044 0 0.9795687 -0.20111 0 0.9786388 -0.205587 0 0.9775083 -0.2108974 0 0.9769178 -0.2136154 0 0.9762889 -0.2164717 0 0.9753423 -0.2206975 0 0.9706825 -0.2403657 0 0.969012 -0.2470141 0 0.9671463 -0.2542209 0 0.9668757 -0.255248 0 0.9648001 -0.2629845 0 0.964312 -0.2647686 0 0.9633372 -0.2682937 0 0.961934 -0.2732822 0 0.9607277 -0.2774928 0 0.9579583 -0.2869076 0 0.9572729 -0.2891864 0 0.9563434 -0.2922455 0 0.9532092 -0.3023115 0 0.9528974 -0.3032932 0 0.9515926 -0.3073625 0 0.9501532 -0.3117834 0 0.9472095 -0.3206154 0 0.945629 -0.3252472 0 0.9443927 -0.32882 0 0.9435152 -0.3313293 0 0.9422562 -0.3348929 0 0.9417595 -0.3362872 0 0.9403944 -0.340086 0 0.9368782 -0.3496558 0 0.936172 -0.3515424 0 0.9351091 -0.3543599 0 0.9334307 -0.3587576 0 0.932873 -0.3602054 0 0.9314534 -0.3638606 0 0.9303764 -0.3666057 0 0.928906 -0.3703157 0 0.9267696 -0.3756304 0 0.926241 -0.3769319 0 0.9231967 -0.3843278 0 0.918844 -0.3946212 0 0.9165244 -0.3999789 0 0.9146653 -0.4042122 0 0.912878 -0.4082325 0 0.9067975 -0.4215666 0 0.9052828 -0.4248095 0 0.9028221 -0.4300142 0 0.9014384 -0.4329075 0 0.8973818 -0.441255 0 0.8954141 -0.4452344 0 0.8950703 -0.4459252 0 0.8918034 -0.4524233 0 0.8898264 -0.4562993 0 0.8889835 -0.4579395 0 0.8876793 -0.4604623 0 0.884746 -0.4660735 0 0.8831561 -0.4690792 0 0.8772912 -0.4799588 0 0.8761243 -0.4820855 0 0.8733966 -0.4870095 0 0.8725863 -0.48846 0 0.8696392 -0.4936879 0 0.8663601 -0.4994198 0 0.8646491 -0.5023765 0 0.8631245 -0.5049914 0 0.8611455 -0.5083586 0 0.8599672 -0.5103492 0 0.8524539 -0.5228025 0 0.8488896 -0.5285702 0 0.8435784 -0.5370062 0 0.8416147 -0.5400785 0 0.8353848 -0.5496656 0 0.8312283 -0.5559312 0 0.8300012 -0.5577617 0 0.8262337 -0.5633276 0 0.8137344 -0.5812369 0 0.8095639 -0.587032 0 0.8068384 -0.5907723 0 0.7988759 -0.601496 0 0.7967349 -0.6043291 0 0.7946392 -0.6070821 0 0.7937901 -0.6081919 0 0.7906699 -0.6122427 0 0.7847878 -0.6197646 0 0.7837603 -0.6210635 0 0.7813836 -0.6240512 0 0.7790269 -0.6269905 0 0.7755156 -0.6313285 0 0.7732025 -0.6341592 0 0.7693185 -0.6388654 0 0.7650562 -0.6439636 0 0.764572 -0.6445383 0 0.7598822 -0.6500609 0 0.7573588 -0.6529991 0 0.7553372 -0.6553363 0 0.7513551 -0.6598982 0 0.7470573 -0.6647598 0 0.7438356 -0.6683626 0 0.7386534 -0.6740854 0 0.7366088 -0.6763191 0 0.7346604 -0.678435 0 0.7315205 -0.6818196 0 0.7298524 -0.6836047 0 0.7274544 -0.6861561 0 0.7268018 -0.6868474 0 0.7187697 -0.6952482 0 0.7178416 -0.6962065 0 0.7144583 -0.6996781 0 0.7131471 -0.7010144 0 0.7097295 -0.7044744 0 0.709033 -0.7051753 0 0.6985208 -0.7155898 0 0.6973673 -0.7167139 0 0.69019 -0.7236282 0 0.6863158 -0.7273037 0 0.6784009 -0.734692 0 0.6734753 -0.7392098 0 0.6719397 -0.740606 0 0.6696334 -0.7426919 0 0.6670767 -0.7449892 0 0.6653894 -0.7464964 0 0.6624905 -0.7490704 0 0.6574954 -0.7534586 0 0.6545648 -0.756006 0 0.6503757 -0.7596127 0 0.6452789 -0.7639471 0 0.6437407 -0.7652437 0 0.6412861 -0.767302 0 0.6379323 -0.7700925 0 0.6360585 -0.771641 0 0.6345755 -0.772861 0 0.6227187 -0.7824458 0 0.6191116 -0.7853031 0 0.6167389 -0.7871679 0 0.6114215 -0.7913053 0 0.6016807 -0.7987368 0 0.5989613 -0.800778 0 0.5962354 -0.8028097 0 0.5944544 -0.8041295 0 0.5922954 -0.805721 0 0.5878202 -0.8089917 0 0.5781615 -0.8159224 0 0.5757782 -0.817606 0 0.5750016 -0.8181523 0 0.5685623 -0.8226403 0 0.5622764 -0.8269494 0 0.5616092 -0.8274027 0 0.5579717 -0.82986 0 0.5522179 -0.8337 0 0.5475785 -0.8367544 0 0.5398461 -0.8417637 0 0.5369777 -0.8435964 0 0.5349521 -0.8448825 0 0.5313324 -0.8471635 0 0.5296286 -0.8482298 0 0.5259697 -0.8505033 0 0.5245553 -0.8513764 0 0.5185447 -0.8550506 0 0.5161474 -0.8564997 0 0.5107582 -0.8597245 0 0.5077999 -0.8614751 0 0.5029129 -0.8643371 0 0.4996738 -0.8662137 0 0.4953667 -0.8686839 0 0.4910137 -0.8711519 0 0.4890471 -0.8722574 0 0.4831495 -0.8755379 0 0.479956 -0.8772927 0 0.4780858 -0.8783132 0 0.4715976 -0.8818139 0 0.4692479 -0.8830665 0 0.4680765 -0.883688 0 0.4603491 -0.887738 0 0.4596971 -0.8880758 0 0.4480062 -0.8940305 0 0.442462 -0.8967873 0 0.4420667 -0.8969822 0 0.4349769 -0.9004417 0 0.4330463 -0.9013718 0 0.4277368 -0.9039034 0 0.4247824 -0.9052955 0 0.4191865 -0.9079002 0 0.4125971 -0.9109138 0 0.4102607 -0.9119684 0 0.4073086 -0.9132907 0 0.3985244 -0.9171578 0 0.3960143 -0.9182444 0 0.3925557 -0.9197283 0 0.3888736 -0.9212912 0 0.3881763 -0.9215852 0 0.3843044 -0.9232065 0 0.3789958 -0.9253985 0 0.375639 -0.926766 0 0.3685341 -0.9296143 0 0.3636507 -0.9315354 0 0.3619617 -0.9321931 0 0.356835 -0.9341675 0 0.3547291 -0.9349692 0 0.3531149 -0.93558 0 0.3481369 -0.9374438 0 0.3445276 -0.9387762 0 0.3388392 -0.9408443 0 0.338346 -0.9410218 0 0.3333703 -0.9427961 0 0.3326175 -0.9430618 0 0.3220974 -0.9467066 0 0.3164341 -0.9486145 0 0.3133794 -0.9496281 0 0.3041194 -0.952634 0 0.2975496 -0.9547064 0 0.2966405 -0.9549893 0 0.2911471 -0.9566784 0 0.2796155 -0.9601122 0 0.2774375 -0.9607437 0 0.2690089 -0.9631378 0 0.256443 -0.9665594 0 0.2480448 -0.9687486 0 0.2288423 -0.9734635 0 0.2245978 -0.9744517 0 0.2079017 -0.9781498 0 0.1889367 -0.9819893 0 0.1761016 -0.984372 0 0.1727035 -0.984974 0 0.1714457 -0.9851936 0 0.1662209 -0.9860886 0 0.1642758 -0.9864144 0 0.1608654 -0.9869763 0 0.1590278 -0.9872742 0 0.1547344 -0.9879561 0 0.1517721 -0.9884156 0 0.148029 -0.988983 0 0.1362152 -0.9906793 0 0.127189 -0.9918786 0 0.1236601 -0.9923247 0 0.1218394 -0.9925498 0 0.11149 -0.9937656 0 0.1082042 -0.9941288 0 0.1001662 -0.9949708 0 0.09147042 -0.9958078 0 0.07701581 -0.99703 0 0.06755208 -0.9977158 0 0.06225979 -0.9980601 0 0.05502867 -0.9984848 0 0.04821443 -0.998837 0 0.04131484 -0.9991463 0 0.03911268 -0.9992349 0 0.03683465 -0.9993214 0 0.03221833 -0.9994809 0 0.03113985 -0.9995151 0 0.02539509 -0.9996775 0 0.02467471 -0.9996955 0 0.02053302 -0.9997892 0 0.01705151 -0.9998547 0 0.01323342 -0.9999125 0 0.01064825 -0.9999433 0 0.007944703 -0.9999685 0 0.005739092 -0.9999836 0 0.001517772 -0.9999989 0 -0.001517772 -0.9999989 0 -0.005739092 -0.9999836 0 -0.007944703 -0.9999685 0 -0.01102769 -0.9999393 0 -0.01285403 -0.9999175 0 -0.02052325 -0.9997894 0 -0.02469342 -0.9996951 0 -0.02577418 -0.9996678 0 -0.03076088 -0.9995269 0 -0.04855638 -0.9988206 0 -0.05202454 -0.9986459 0 -0.05502885 -0.9984849 0 -0.06261426 -0.9980379 0 -0.06755161 -0.9977158 0 -0.07281839 -0.9973452 0 -0.07741624 -0.996999 0 -0.08073842 -0.9967354 0 -0.0824334 -0.9965966 0 -0.08572196 -0.9963192 0 -0.09071999 -0.9958765 0 -0.09144687 -0.99581 0 -0.09556037 -0.9954237 0 -0.1004705 -0.9949401 0 -0.1051395 -0.9944575 0 -0.1092892 -0.99401 0 -0.1104081 -0.9938864 0 -0.1145949 -0.9934124 0 -0.1213955 -0.9926042 0 -0.1245244 -0.9922167 0 -0.1313161 -0.9913406 0 -0.1320912 -0.9912376 0 -0.1382077 -0.9904033 0 -0.145407 -0.989372 0 -0.1567404 -0.9876399 0 -0.1616069 -0.9868552 0 -0.1673775 -0.9858929 0 -0.170365 -0.9853811 0 -0.1734411 -0.9848443 0 -0.1775719 -0.9841079 0 -0.1786953 -0.9839046 0 -0.1828908 -0.9831333 0 -0.1867409 -0.9824092 0 -0.1881819 -0.9821343 0 -0.1974046 -0.9803221 0 -0.2154642 -0.9765118 0 -0.2199283 -0.9755161 0 -0.2225202 -0.9749282 0 -0.2287328 -0.9734893 0 -0.232098 -0.9726924 0 -0.233468 -0.9723645 0 -0.2383128 -0.9711885 0 -0.2459037 -0.9692943 0 -0.2503868 -0.968146 0 -0.2541964 -0.9671527 0 -0.2568608 -0.9664484 0 -0.2588019 -0.9659304 0 -0.2621217 -0.9650349 0 -0.2656842 -0.9640601 0 -0.2690089 -0.9631378 0 -0.2709741 -0.9625867 0 -0.2815482 -0.9595471 0 -0.2898129 -0.9570834 0 -0.3009912 -0.9536269 0 -0.3053251 -0.9522483 0 -0.3074705 -0.9515577 0 -0.3144736 -0.9492663 0 -0.3164384 -0.9486132 0 -0.3231838 -0.9463362 0 -0.3259088 -0.9454013 0 -0.3306246 -0.9437624 0 -0.33465 -0.9423425 0 -0.3373214 -0.9413896 0 -0.3410647 -0.9400399 0 -0.3467686 -0.9379508 0 -0.352687 -0.9357414 0 -0.3546614 -0.9349948 0 -0.358092 -0.9336864 0 -0.3635281 -0.9315832 0 -0.3678861 -0.9298709 0 -0.3686632 -0.9295631 0 -0.3732281 -0.9277396 0 -0.3745786 -0.9271952 0 -0.3784067 -0.9256396 0 -0.3813861 -0.9244159 0 -0.3875108 -0.9218652 0 -0.3926715 -0.9196789 0 -0.3958312 -0.9183233 0 -0.3998221 -0.9165928 0 -0.4013256 -0.9159355 0 -0.4045418 -0.9145195 0 -0.4061589 -0.9138025 0 -0.4100893 -0.9120453 0 -0.4129018 -0.9107757 0 -0.4191976 -0.9078951 0 -0.4236615 -0.9058206 0 -0.4339899 -0.9009177 0 -0.4348326 -0.9005114 0 -0.4464693 -0.8947989 0 -0.4556913 -0.8901379 0 -0.4588712 -0.8885028 0 -0.4611332 -0.887331 0 -0.4693799 -0.8829964 0 -0.482819 -0.8757202 0 -0.4887583 -0.8724192 0 -0.4963897 -0.8680999 0 -0.5029307 -0.8643268 0 -0.5042577 -0.8635533 0 -0.5076352 -0.8615721 0 -0.510968 -0.8595999 0 -0.5130154 -0.8583796 0 -0.5162594 -0.8564323 0 -0.5187373 -0.8549337 0 -0.5248172 -0.851215 0 -0.5310599 -0.8473344 0 -0.5355195 -0.8445229 0 -0.5369777 -0.8435964 0 -0.5417719 -0.8405256 0 -0.5478574 -0.8365719 0 -0.5588274 -0.829284 0 -0.5626949 -0.8266646 0 -0.5657709 -0.8245625 0 -0.5700496 -0.8216103 0 -0.5698007 -0.8217831 0 -0.5768825 -0.8168272 0 -0.5789685 -0.8153501 0 -0.5844071 -0.8114607 0 -0.5863689 -0.8100442 0 -0.588776 -0.8082964 0 -0.5942854 -0.8042542 0 -0.611086 -0.7915644 0 -0.6148188 -0.7886685 0 -0.6172756 -0.786747 0 -0.6210753 -0.783751 0 -0.6247188 -0.7808498 0 -0.6265294 -0.7793979 0 -0.6295164 -0.7769872 0 -0.6359946 -0.7716935 0 -0.6386098 -0.7695308 0 -0.6465408 -0.7628794 0 -0.6474274 -0.7621272 0 -0.6509581 -0.7591138 0 -0.6556851 -0.7550346 0 -0.6585269 -0.7525572 0 -0.6647191 -0.7470934 0 -0.6663433 -0.7456451 0 -0.6719397 -0.740606 0 -0.6743087 -0.7384495 0 -0.6789262 -0.7342066 0 -0.6812349 -0.732065 0 -0.6849756 -0.728566 0 -0.6886366 -0.7251068 0 -0.6900106 -0.7237993 0 -0.6921414 -0.721762 0 -0.6949019 -0.7191046 0 -0.6996671 -0.714469 0 -0.7018009 -0.7123732 0 -0.7038959 -0.7103032 0 -0.7082902 -0.7059215 0 -0.7107104 -0.7034847 0 -0.7146741 -0.6994577 0 -0.7171031 -0.6969671 0 -0.7191505 -0.6948544 0 -0.7217507 -0.6921532 0 -0.7252922 -0.6884413 0 -0.7282261 -0.6853369 0 -0.7327971 -0.6804472 0 -0.7380226 -0.6747761 0 -0.7424559 -0.6698949 0 -0.7450371 -0.6670231 0 -0.7478495 -0.6638683 0 -0.749205 -0.6623382 0 -0.7536423 -0.657285 0 -0.7573588 -0.6529991 0 -0.7594957 -0.6505122 0 -0.762444 -0.6470544 0 -0.7684832 -0.6398699 0 -0.7719759 -0.6356519 0 -0.7754214 -0.6314443 0 -0.7840294 -0.6207236 0 -0.7877398 -0.6160082 0 -0.7943327 -0.6074832 0 -0.7968743 -0.6041453 0 -0.7992964 -0.600937 0 -0.8070042 -0.590546 0 -0.8073164 -0.5901188 0 -0.8142054 -0.5805772 0 -0.8156582 -0.5785343 0 -0.816407 -0.577477 0 -0.819633 -0.5728891 0 -0.8203979 -0.5717931 0 -0.8229522 -0.5681107 0 -0.8266212 -0.5627587 0 -0.8351371 -0.550042 0 -0.8366587 -0.5477249 0 -0.8377815 -0.5460058 0 -0.841091 -0.5408936 0 -0.8434689 -0.5371781 0 -0.8457002 -0.5336585 0 -0.8482583 -0.5295827 0 -0.8504791 -0.526009 0 -0.8520903 -0.5233948 0 -0.8575251 -0.5144422 0 -0.860248 -0.5098758 0 -0.8638308 -0.5037823 0 -0.8666747 -0.498874 0 -0.8723642 -0.4888567 0 -0.8736153 -0.4866172 0 -0.8771516 -0.4802135 0 -0.883324 -0.4687629 0 -0.8873422 -0.4611119 0 -0.8887388 -0.458414 0 -0.8900741 -0.4558161 0 -0.8931333 -0.4497921 0 -0.8964099 -0.443226 0 -0.8982253 -0.4395354 0 -0.9009127 -0.4340006 0 -0.9032737 -0.4290649 0 -0.9056128 -0.4241056 0 -0.9107868 -0.412877 0 -0.9120025 -0.4101848 0 -0.9135102 -0.406816 0 -0.9156872 -0.4018921 0 -0.9169545 -0.3989918 0 -0.9184905 -0.3954432 0 -0.9248171 -0.3804123 0 -0.9255226 -0.3786926 0 -0.9321318 -0.3621195 0 -0.9383021 -0.3458169 0 -0.9387645 -0.3445594 0 -0.9430502 -0.3326506 0 -0.9453973 -0.3259201 0 -0.9497151 -0.3131157 0 -0.9504963 -0.3107361 0 -0.9544751 -0.2982906 0 -0.9551714 -0.2960532 0 -0.9586527 -0.2845788 0 -0.9601727 -0.2794073 0 -0.9615526 -0.2746213 0 -0.9625043 -0.2712667 0 -0.9641148 -0.2654858 0 -0.9650976 -0.261891 0 -0.9656602 -0.2598089 0 -0.9666392 -0.2561418 0 -0.9675033 -0.2528588 0 -0.9689151 -0.2473938 0 -0.9700577 -0.2428748 0 -0.971122 -0.238584 0 -0.9717687 -0.2359353 0 -0.9728071 -0.2316173 0 -0.9756433 -0.2193635 0 -0.9768654 -0.2138556 0 -0.9788437 -0.2046095 0 -0.9805459 -0.1962898 0 -0.9821958 -0.1878601 0 -0.9823372 -0.1871199 0 -0.9837037 -0.1797973 0 -0.9849152 -0.1730375 0 -0.9853173 -0.1707336 0 -0.9860985 -0.166162 0 -0.9864773 -0.163898 0 -0.9879546 -0.1547449 0 -0.9884802 -0.1513512 0 -0.9888155 -0.1491443 0 -0.9895462 -0.1442163 0 -0.9902676 -0.1391771 0 -0.9916424 -0.1290178 0 -0.9919483 -0.126644 0 -0.9925521 -0.1218209 0 -0.9930966 -0.1173002 0 -0.9941405 -0.1080963 0 -0.994468 -0.1050397 0 -0.9948853 -0.1010122 0 -0.9950029 -0.09984701 0 -0.995414 -0.0956611 0 -0.9958026 -0.09152758 0 -0.9958772 -0.09071242 0 -0.996288 -0.08608347 0 -0.9966296 -0.08203309 0 -0.9966889 -0.08131122 0 -0.9973683 -0.07250261 0 -0.9977197 -0.06749504 0 -0.9980121 -0.06302219 0 -0.9980348 -0.06266278 0 -0.9983099 -0.05811583 0 -0.9984848 -0.05502891 0 -0.9986666 -0.05162537 0 -0.9991427 -0.04140013 0 -0.99922 -0.03949248 0 -0.9993194 -0.03689038 0 -0.9995251 -0.03081589 0 -0.9996943 -0.02472853 0 -0.9999395 -0.01100164 0 -0.9999989 -0.001564085 0 -0.9999989 0.001504778 0 -0.9999389 0.01105964 0 -0.9996954 0.02468007 0 -0.999528 0.03072297 0 -0.9993076 0.03720915 0 -0.9992359 0.03908777 0 -0.9991475 0.04128462 0 -0.9986436 0.05206769 0 -0.9985035 0.05468726 0 -0.9983184 0.05797034 0 -0.9980376 0.06261831 0 -0.9980173 0.06294071 0 -0.9977158 0.06755268 0 -0.9970604 0.07661992 0 -0.9966982 0.08119642 0 -0.996637 0.08194404 0 -0.995922 0.09021848 0 -0.9958163 0.09137845 0 -0.995416 0.09563958 0 -0.994974 0.1001335 0 -0.9949355 0.1005156 0 -0.9944493 0.1052166 0 -0.9941343 0.1081532 0 -0.9922723 0.1240799 0 -0.9915829 0.1294736 0 -0.9911407 0.1328166 0 -0.9901888 0.1397358 0 -0.9895458 0.1442189 0 -0.9888154 0.149145 0 -0.9884541 0.1515214 0 -0.9879547 0.1547434 0 -0.9863921 0.1644102 0 -0.986089 0.1662183 0 -0.983142 0.1828441 0 -0.9823478 0.187064 0 -0.9822813 0.1874132 0 -0.9805831 0.1961044 0 -0.9803417 0.1973071 0 -0.9782201 0.2075704 0 -0.9776714 0.2101395 0 -0.9768882 0.2137511 0 -0.9759379 0.2180489 0 -0.9756185 0.2194736 0 -0.9749739 0.2223195 0 -0.9743198 0.2251691 0 -0.9733975 0.2291233 0 -0.9727939 0.231672 0 -0.9711316 0.2385444 0 -0.9623552 0.2717949 0 -0.9615713 0.2745556 0 -0.9568386 0.29062 0 -0.9564829 0.2917885 0 -0.9553196 0.2955752 0 -0.9544852 0.2982581 0 -0.9534847 0.3014417 0 -0.9525572 0.3043599 0 -0.951474 0.3077294 0 -0.9499559 0.312384 0 -0.9466168 0.3223612 0 -0.9454567 0.3257479 0 -0.9408013 0.3389587 0 -0.9320726 0.3622717 0 -0.9314534 0.3638606 0 -0.9267696 0.3756304 0 -0.9248924 0.3802292 0 -0.9213767 0.3886709 0 -0.9196425 0.3927568 0 -0.9184045 0.3956429 0 -0.9169707 0.3989546 0 -0.9149416 0.4035865 0 -0.913275 0.4073437 0 -0.9119591 0.4102811 0 -0.9095655 0.4155609 0 -0.9078235 0.4193524 0 -0.9071782 0.4207466 0 -0.9052956 0.4247821 0 -0.9036987 0.4281693 0 -0.9008771 0.4340744 0 -0.8983945 0.4391896 0 -0.891219 0.4535735 0 -0.8907656 0.4544634 0 -0.8874797 0.460847 0 -0.8829882 0.4693953 0 -0.8805971 0.4738658 0 -0.8782404 0.4782196 0 -0.8775285 0.4795246 0 -0.8755218 0.4831787 0 -0.8722435 0.489072 0 -0.8712207 0.4908916 0 -0.8642483 0.5030657 0 -0.8636572 0.5040796 0 -0.8599012 0.5104607 0 -0.8578547 0.5138924 0 -0.8569801 0.5153498 0 -0.8551117 0.518444 0 -0.8532612 0.5214837 0 -0.8523533 0.5229665 0 -0.8501639 0.526518 0 -0.8486035 0.5290295 0 -0.8433148 0.5374199 0 -0.841091 0.5408939 0 -0.837737 0.5460739 0 -0.8369128 0.5473363 0 -0.8329348 0.5533713 0 -0.8296944 0.5582181 0 -0.8263916 0.5630959 0 -0.822335 0.5690038 0 -0.8206766 0.5713931 0 -0.8156855 0.5784958 0 -0.8068661 0.5907346 0 -0.8045374 0.5939021 0 -0.7984072 0.6021179 0 -0.7974875 0.6033354 0 -0.7945004 0.6072638 0 -0.7936831 0.6083317 0 -0.7905864 0.6123507 0 -0.7877398 0.6160082 0 -0.7853686 0.6190283 0 -0.7715779 0.6361349 0 -0.76746 0.6410969 0 -0.7660803 0.6427448 0 -0.7629838 0.6464176 0 -0.7625867 0.6468861 0 -0.7592912 0.6507509 0 -0.7575061 0.652828 0 -0.7552525 0.6554339 0 -0.7531257 0.6578767 0 -0.7502529 0.6611509 0 -0.7490281 0.6625382 0 -0.7430469 0.6692394 0 -0.7380516 0.6747443 0 -0.7327827 0.6804628 0 -0.72839 0.6851629 0 -0.7250976 0.6886461 0 -0.7219533 0.6919418 0 -0.7191216 0.6948844 0 -0.7165235 0.697563 0 -0.7103082 0.7038909 0 -0.7084628 0.7057483 0 -0.7059413 0.7082703 0 -0.7014099 0.7127582 0 -0.6998232 0.7143161 0 -0.6965797 0.7174795 0 -0.6954466 0.7185779 0 -0.692549 0.7213709 0 -0.6882749 0.7254501 0 -0.6855651 0.7280113 0 -0.6829172 0.7304958 0 -0.681203 0.7320947 0 -0.6789025 0.7342286 0 -0.67623 0.7366906 0 -0.6751579 0.7376733 0 -0.6711554 0.7413167 0 -0.6646559 0.7471496 0 -0.6627203 0.748867 0 -0.6600126 0.7512546 0 -0.6584585 0.7526171 0 -0.6548678 0.7557435 0 -0.6529781 0.7573767 0 -0.6509963 0.759081 0 -0.6479428 0.7616891 0 -0.6452931 0.7639351 0 -0.6448426 0.7643153 0 -0.6404054 0.7680371 0 -0.6387543 0.7694109 0 -0.6331988 0.7739893 0 -0.6326445 0.7744424 0 -0.6287857 0.7775787 0 -0.6263642 0.7795306 0 -0.619301 0.7851536 0 -0.6136282 0.7895951 0 -0.6074813 0.7943341 0 -0.5964154 0.802676 0 -0.594439 0.8041407 0 -0.5911958 0.8065282 0 -0.5891073 0.8080548 0 -0.5834609 0.8121413 0 -0.5811713 0.8137813 0 -0.5764731 0.8171161 0 -0.5728596 0.8196535 0 -0.5719444 0.8202925 0 -0.5681089 0.8229535 0 -0.5582928 0.829644 0 -0.5555812 0.8314624 0 -0.5537014 0.8327154 0 -0.5475917 0.8367457 0 -0.5393205 0.8421007 0 -0.5373789 0.8433409 0 -0.5343723 0.8452492 0 -0.5287019 0.8488076 0 -0.5273215 0.8496659 0 -0.5233857 0.852096 0 -0.5210847 0.8535051 0 -0.5161753 0.8564831 0 -0.5123686 0.8587658 0 -0.5072381 0.861806 0 -0.5060244 0.8625192 0 -0.5000788 0.86598 0 -0.4885979 0.8725091 0 -0.4841932 0.8749611 0 -0.4764516 0.8792007 0 -0.4718083 0.8817012 0 -0.4696756 0.8828391 0 -0.4636799 0.8860028 0 -0.4501435 0.8929564 0 -0.4445158 0.895771 0 -0.4414283 0.8972966 0 -0.4350489 0.9004069 0 -0.4321245 0.901814 0 -0.4273029 0.9041087 0 -0.424637 0.9053637 0 -0.4179028 0.9084918 0 -0.4169535 0.9089279 0 -0.4132165 0.9106329 0 -0.4082793 0.9128572 0 -0.4039356 0.9147875 0 -0.3974608 0.9176192 0 -0.3967696 0.9179183 0 -0.3864821 0.922297 0 -0.3795437 0.9251739 0 -0.3725749 0.9280021 0 -0.3697083 0.9291479 0 -0.3617935 0.9322583 0 -0.3548489 0.9349237 0 -0.3524499 0.9358308 0 -0.3450698 0.9385771 0 -0.3444439 0.9388069 0 -0.3393403 0.9406637 0 -0.3369632 0.9415178 0 -0.334262 0.9424803 0 -0.3282855 0.9445786 0 -0.3259001 0.9454042 0 -0.3218722 0.9467831 0 -0.3168055 0.9484906 0 -0.3131319 0.9497097 0 -0.3043503 0.9525603 0 -0.2918093 0.9564766 0 -0.290994 0.956725 0 -0.2861088 0.9581972 0 -0.2835618 0.958954 0 -0.2775583 0.9607088 0 -0.2619411 0.9650839 0 -0.2594866 0.9657467 0 -0.2568649 0.9664474 0 -0.2517428 0.9677942 0 -0.2503833 0.9681468 0 -0.2482277 0.9687017 0 -0.2421122 0.9702482 0 -0.2359457 0.9717662 0 -0.231654 0.9727983 0 -0.2244205 0.9744925 0 -0.2161918 0.976351 0 -0.2106183 0.9775685 0 -0.202977 0.9791835 0 -0.2015119 0.9794862 0 -0.1920488 0.9813854 0 -0.1900798 0.9817687 0 -0.180668 0.9835442 0 -0.1756662 0.9844498 0 -0.1696014 0.9855129 0 -0.1612604 0.9869119 0 -0.154297 0.9880246 0 -0.1457775 0.9893175 0 -0.1386258 0.9903449 0 -0.1332091 0.991088 0 -0.1313651 0.9913341 0 -0.1271387 0.991885 0 -0.119481 0.9928365 0 -0.118825 0.9929153 0 -0.1145958 0.9934122 0 -0.09829187 0.9951577 0 -0.09376394 0.9955945 0 -0.08840012 0.9960851 0 -0.0861544 0.9962819 0 -0.07888358 0.9968839 0 -0.06979691 0.9975612 0 -0.06868499 0.9976384 0 -0.06334716 0.9979916 0 -0.0626381 0.9980364 0 -0.04897189 0.9988002 0 -0.04554545 0.9989623 0 -0.04214346 0.9991116 0 -0.038639 0.9992533 0 -0.03725093 0.999306 0 -0.03181499 0.9994938 0 -0.03077256 0.9995265 0 -0.0261631 0.9996578 0 -0.02468413 0.9996953 0 -0.02050077 0.9997899 0 -0.01745587 0.9998477 0 -0.01285505 0.9999175 0 -0.01102858 0.9999393 0 -0.008016407 0.9999679 0 0 0 1 0 0 1 1.31541e-7 0 1 -2.50144e-7 0 1 -2.99192e-7 0 1 -4.92219e-7 0 1 -3.96332e-7 0 1 6.4931e-7 0 1 6.63426e-7 0 1 2.77433e-6 0 1 -9.84438e-7 0 1 1.48866e-6 0 1 4.29825e-7 0 1 -2.34751e-6 0 1 -2.90644e-6 0 1 -8.36098e-7 0 1 -1.96888e-6 0 1 -2.10466e-6 0 1 7.5352e-7 0 1 -2.06899e-6 0 1 3.39084e-6 0 1 1.41122e-6 0 1 -4.43892e-6 0 1 1.68373e-6 0 1 -2.97732e-6 0 1 -5.95465e-6 0 1 -1.78205e-6 0 1 3.84473e-6 0 1 -1.6722e-6 0 1 6.26002e-6 0 1 -1.252e-5 0 1 4.47964e-6 0 1 3.78513e-6 0 1 -6.26002e-6 0 1 3.5903e-6 0 1 3.32164e-6 0 1 4.52112e-6 0 1 -7.07654e-6 0 1 1.35634e-5 0 1 5.03383e-6 0 1 3.34439e-6 0 1 -3.36746e-6 0 1 -3.6169e-6 0 1 7.7505e-6 0 1 -3.07095e-6 0 1 -3.34439e-6 0 1 3.46299e-6 0 1 -4.03538e-6 0 1 -6.02816e-6 0 1 7.62939e-6 0 1 7.28778e-6 0 1 -9.66894e-6 0 1 -2.44141e-5 0 1 -1.35634e-5 0 1 -4.69501e-6 0 1 -1.77557e-5 0 1 1.43612e-5 0 1 9.21285e-6 0 1 -1.16257e-5 0 1 1.31968e-5 0 1 9.04225e-6 0 1 1.68373e-5 0 1 5.74449e-5 0 1 -7.3982e-6 0 1 -1.37544e-5 0 1 -1.08507e-5 0 1 -1.52588e-5 0 1 1.02796e-5 0 1 2.38186e-5 0 1 7.2338e-6 0 1 -6.66596e-6 0 1 1.34698e-5 0 1 -7.48324e-6 0 1 6.66596e-6 0 1 -5.97286e-6 0 1 -1.89624e-5 0 1 1.01725e-5 0 1 1.11607e-5 0 1 -6.36197e-6 0 1 7.37028e-6 0 1 -6.73491e-6 0 1 -3.1502e-5 0 1 6.80531e-6 0 1 5.91856e-6 0 1 -1.2207e-5 0 1 -2.03451e-5 0 1 8.87784e-6 0 1 7.71986e-6 0 1 -1.05007e-5 0 1 -8.64215e-6 0 1 -9.7901e-6 0 1 1.20937e-5 0 1 1.75957e-5 0 1 -6.76993e-6 0 1 -7.98824e-6 0 1 -1.20563e-5 0 1 7.97194e-5 0 1 5.99118e-6 0 1 7.40521e-6 0 1 -1.00937e-5 0 1 -1.13554e-5 0 1 -6.52128e-6 0 1 7.79691e-6 0 1 -6.22014e-6 0 1 9.93957e-6 0 1 -1.10973e-5 0 1 -6.97545e-5 0 1 -2.04248e-5 0 1 -7.3912e-6 0 1 1.49808e-5 0 1 -1.8535e-5 0 1 1.89854e-5 0 1 1.69285e-5 0 1 1.74972e-5 0 1 6.21272e-6 0 1 1.55164e-5 0 1 -1.57988e-5 0 1 -2.28854e-5 0 1 2.30203e-5 0 1 7.32365e-6 0 1 -2.15889e-5 0 1 1.83177e-5 0 1 -2.3033e-5 0 1 -7.47831e-6 0 1 2.74003e-5 0 1 -1.59357e-5 0 1 6.222e-5 0 1 1.17426e-5 0 1 -1.57609e-5 0 1 2.7787e-5 0 1 -1.57287e-5 0 1 2.33508e-5 0 1 -1.70445e-5 0 1 -8.23781e-6 0 1 -1.57293e-5 0 1 6.91912e-6 0 1 -2.01132e-5 0 1 1.44011e-5 0 1 6.8362e-6 0 1 -2.03236e-5 0 1 2.35549e-5 0 1 1.52087e-5 0 1 1.07684e-5 0 1 -1.69653e-5 0 1 -9.25926e-5 0 1 -1.52253e-5 0 1 -2.34039e-5 0 1 3.68732e-5 0 1 2.35582e-5 0 1 1.44475e-5 0 1 2.08333e-5 0 1 -3.12813e-5 0 1 -7.30311e-6 0 1 -1.6901e-5 0 1 9.32836e-5 0 1 2.04382e-5 0 1 -6.40106e-6 0 1 1.72843e-5 0 1 -2.41499e-5 0 1 -2.40755e-5 0 1 1.33205e-5 0 1 -1.41403e-5 0 1 -1.63784e-5 0 1 1.58469e-5 0 1 -2.85649e-5 0 1 -1.11131e-5 0 1 7.1217e-6 0 1 1.44676e-5 0 1 -1.5625e-5 0 1 1.45756e-5 0 1 -6.38276e-6 0 1 1.36582e-5 0 1 8.38251e-6 0 1 1.23616e-5 0 1 -8.69989e-6 0 1 7.10227e-5 0 1 -7.90739e-6 0 1 1.22838e-5 0 1 1.07021e-5 0 1 -1.19824e-5 0 1 6.54313e-6 0 1 1.24008e-5 0 1 8.83767e-6 0 1 -7.3288e-6 0 1 1.54397e-5 0 1 -6.95062e-6 0 1 -1.47964e-5 0 1 6.9015e-6 0 1 7.7659e-6 0 1 -7.51202e-6 0 1 -7.7505e-6 0 1 1.5751e-5 0 1 8.00461e-6 0 1 -9.12675e-6 0 1 -6.51042e-5 0 1 -9.43539e-6 0 1 -1.74386e-5 0 1 1.71327e-5 0 1 -9.39002e-6 0 1 1.2207e-5 0 1 -7.8755e-6 0 1 -1.02796e-5 0 1 6.82911e-6 0 1 1.13554e-5 0 1 9.86427e-6 0 1 1.10973e-5 0 1 -9.48119e-6 0 1 -6.9015e-6 0 1 1.0389e-5 0 1 -7.68947e-6 0 1 1.5501e-5 0 1 -1.1489e-5 0 1 -2.32515e-5 0 1 7.18061e-6 0 1 3.53827e-6 0 1 1.52588e-5 0 1 1.2207e-4 0 -1 9.76562e-6 0 1 6.34131e-6 0 1 -6.8772e-6 0 1 1.95313e-5 0 1 8.27595e-6 0 1 6.68878e-6 0 1 -5.42535e-6 0 1 -5.74449e-6 0 1 3.48772e-5 0 1 -5.03383e-6 0 1 -5.81287e-6 0 1 -9.76562e-6 0 1 -6.5984e-6 0 1 7.8755e-6 0 1 -3.67129e-6 0 1 -1.83564e-6 0 1 3.5641e-6 0 1 -8.71931e-6 0 1 -4.88281e-6 0 1 4.60643e-6 0 1 5.42535e-5 0 1 5.81287e-6 0 1 7.3982e-6 0 1 -2.51691e-6 0 1 2.28169e-6 0 1 8.13802e-6 0 1 -4.35965e-6 0 1 -5.54865e-6 0 1 -1.38716e-6 0 1 -9.68812e-7 0 1 -3.91251e-7 0 1 -2.27743e-7 0 1 -1.21102e-7 0 1 0 0 1 0 0 1 -2.87902e-7 0 1 0 0 1 1.01725e-6 0 1 -1.05233e-6 0 1 -1.15161e-6 0 1 4.88281e-6 0 1 6.10352e-6 0 1 1.7193e-6 0 1 9.39002e-7 0 1 -2.0516e-6 0 1 1.61683e-6 0 1 -1.92237e-6 0 1 -2.01769e-6 0 1 -2.08667e-6 0 1 4.74059e-6 0 1 -3.13001e-6 0 1 -1.52588e-6 0 1 -4.17334e-6 0 1 -4.93213e-6 0 1 3.01408e-6 0 1 -1.06148e-5 0 1 -3.27706e-6 0 1 3.67129e-6 0 1 -4.60643e-6 0 1 -4.24592e-6 0 1 4.43892e-6 0 1 -5.19448e-6 0 1 -3.32164e-6 0 1 -3.09039e-6 0 1 -6.18078e-6 0 1 -7.62939e-6 0 1 8.41864e-6 0 1 -1.07315e-5 0 1 -8.34669e-6 0 1 8.71931e-6 0 1 7.57025e-6 0 1 3.75601e-5 0 1 4.30204e-6 0 1 7.07654e-6 0 1 1.19093e-5 0 1 -4.6503e-5 0 1 -1.04445e-5 0 1 1.06148e-5 0 1 -2.50401e-5 0 1 8.79786e-6 0 1 1.61415e-5 0 1 3.6169e-5 0 1 1.49094e-5 0 1 -1.26826e-5 0 1 -1.23616e-5 0 1 -4.15559e-5 0 1 5.1398e-5 0 1 -5.1398e-5 0 1 9.3006e-6 0 1 -1.68373e-5 0 1 8.64215e-6 0 1 7.93953e-6 0 1 -8.56634e-6 0 1 6.04683e-6 0 1 1.05574e-5 0 1 -1.18371e-5 0 1 -1.48527e-5 0 1 -1.42564e-5 0 1 2.02396e-5 0 1 9.66894e-6 0 1 9.57414e-6 0 1 -6.3004e-6 0 1 3.05176e-5 0 1 7.59971e-6 0 1 -7.8125e-6 0 1 -1.08206e-5 0 1 6.78168e-6 0 1 -7.14122e-6 0 1 -7.52649e-6 0 1 4.48994e-5 0 1 -8.07077e-6 0 1 6.51042e-6 0 1 8.29352e-6 0 1 8.15501e-6 0 1 1.69837e-4 0 -1 -6.55411e-6 0 1 -1.23226e-5 0 1 2.35316e-5 0 1 -9.87674e-6 0 1 7.57759e-6 0 1 7.03829e-5 0 1 -2.02922e-5 0 1 1.3852e-5 0 1 -1.65344e-5 0 1 -1.72271e-5 0 1 1.32979e-5 0 1 -4.11726e-5 0 1 8.37802e-5 0 1 2.45676e-5 0 1 7.7409e-6 0 1 1.83824e-4 0 1 -1.51625e-5 0 1 8.21936e-6 0 1 -6.08806e-6 0 1 -1.47789e-5 0 1 -1.49236e-5 0 1 -1.83177e-5 0 1 2.08438e-5 0 1 2.70212e-5 0 1 -9.16288e-6 0 1 1.72903e-5 0 1 -1.51332e-5 0 1 -3.16506e-5 0 1 -1.25196e-5 0 1 -1.72212e-5 0 1 -7.03453e-6 0 1 2.13749e-5 0 1 1.70538e-5 0 1 1.39889e-5 0 1 -1.71496e-5 0 1 1.73295e-5 0 1 3.81403e-5 0 1 2.76426e-5 0 1 -1.17675e-5 0 1 1.55773e-5 0 1 6.42343e-5 0 1 -7.56659e-6 0 1 -4.07697e-5 0 1 1.33007e-5 0 1 -1.73467e-5 0 1 -8.11267e-6 0 1 2.71032e-5 0 1 9.75953e-6 0 1 -1.60586e-5 0 1 1.33092e-5 0 1 -4.05318e-5 0 1 2.23534e-5 0 1 3.33156e-5 0 1 -6.55961e-6 0 1 1.44944e-5 0 1 -1.14051e-4 0 1 1.878e-5 0 1 -2.57414e-5 0 1 -5.93204e-6 0 1 1.50675e-5 0 1 1.51112e-5 0 1 -9.99041e-6 0 1 -1.46301e-5 0 1 -8.17207e-6 0 1 7.3564e-6 0 1 -3.0281e-5 0 1 -7.59971e-6 0 1 2.31139e-5 0 1 7.00045e-6 0 1 -2.27108e-5 0 1 -1.45756e-5 0 1 1.11289e-5 0 1 9.41265e-6 0 1 -2.62164e-5 0 1 7.02563e-6 0 1 -5.67769e-6 0 1 9.52744e-6 0 1 2.10013e-5 0 1 9.43539e-6 0 1 -1.10346e-5 0 1 1.53789e-5 0 1 1.40513e-5 0 1 1.07907e-5 0 1 -9.8147e-6 0 1 -1.75957e-5 0 1 7.10227e-6 0 1 -7.45468e-6 0 1 7.54102e-6 0 1 -1.31968e-5 0 1 -8.79786e-6 0 1 1.41531e-5 0 1 -4.98246e-6 0 1 2.63936e-5 0 1 4.78707e-6 0 1 -1.00677e-5 0 1 9.76562e-4 0 -0.9999995 3.51281e-6 0 1 5.77848e-6 0 1 -4.47964e-6 0 1 -6.78168e-6 0 1 3.6169e-6 0 1 -8.41864e-6 0 1 4.32107e-6 0 1 5.95465e-6 0 1 -3.5641e-6 0 1 -2.79018e-6 0 1 1.39509e-5 0 1 6.5984e-6 0 1 -4.78707e-6 0 1 3.72734e-6 0 1 1.565e-6 0 1 -2.30321e-6 0 1 1.73149e-6 0 1 -2.14158e-6 0 1 -2.21946e-6 0 1 -1.6276e-6 0 1 4.35965e-6 0 1 1.15161e-6 0 1 -1.01725e-6 0 1 9.68812e-7 0 1 -4.76837e-7 0 1 4.124e-7 0 1 -2.11928e-7 0 1 1.23055e-7 0 1 2.37491e-7 0 1 -4.86336e-7 0 1 9.07586e-7 0 1 -1.45322e-6 0 1 9.70738e-7 0 1 -8.62688e-7 0 1 -9.00888e-7 0 1 9.33616e-7 0 1 2.91511e-6 0 1 -1.89256e-6 0 1 2.96828e-6 0 1 1.99706e-6 0 1 1.93379e-6 0 1 -2.73547e-6 0 1 2.59207e-6 0 1 -3.2992e-6 0 1 1.77678e-6 0 1 -1.8889e-6 0 1 3.71317e-6 0 1 3.78421e-6 0 1 -3.65326e-6 0 1 3.77644e-6 0 1 -3.46875e-6 0 1 -1.80417e-6 0 1 -6.36385e-6 0 1 4.14302e-6 0 1 -5.70835e-6 0 1 -3.92514e-6 0 1 5.91632e-6 0 1 1.86545e-6 0 1 -1.86456e-6 0 1 1.87891e-6 0 1 -2.6537e-6 0 1 2.83062e-6 0 1 -2.50401e-6 0 1 1.8889e-6 0 1 3.87525e-6 0 1 -1.99298e-6 0 1 -4.52112e-7 0 1 -1.5501e-6 0 1 -4.99265e-7 0 1 4.58911e-7 0 1 2.15672e-7 0 1 2.22756e-7 0 1 -1.23055e-7 0 1 1.23553e-7 0 1 1.25587e-7 0 1 -4.55486e-7 0 1 -8.71931e-7 0 1 4.88281e-7 0 1 9.10972e-7 0 1 -8.89401e-7 0 1 9.9853e-7 0 1 1.00469e-6 0 1 1.88526e-6 0 1 -9.61184e-7 0 1 -9.58354e-7 0 1 9.35405e-7 0 1 -1.78858e-6 0 1 2.54977e-6 0 1 -4.20027e-6 0 1 1.94148e-6 0 1 -3.6507e-6 0 1 1.91108e-6 0 1 -1.8726e-6 0 1 -1.83048e-6 0 1 2.09002e-6 0 1 1.84693e-6 0 1 -5.36573e-6 0 1 -1.9907e-6 0 1 6.37397e-6 0 1 -5.73921e-6 0 1 -1.83478e-6 0 1 1.83478e-6 0 1 -2.02922e-6 0 1 2.79617e-6 0 1 3.64389e-6 0 1 1.94923e-6 0 1 -1.72233e-6 0 1 2.88072e-6 0 1 2.42323e-6 0 1 -9.42628e-7 0 1 -3.35589e-6 0 1 -9.46282e-7 0 1 -1.94923e-6 0 1 1.35634e-6 0 1 1.29518e-6 0 1 -9.51815e-7 0 1 -4.74059e-7 0 1 -2.54844e-7 0 1 0 0 1 -4.58911e-7 0 1 -1.21584e-7 0 1 0 0 1 -1.83841e-7 0 1 2.41963e-7 0 1 0 0 1 -1.19326e-7 0 1 -3.60355e-7 0 1 -2.36113e-7 0 1 7.2231e-7 0 1 -7.19648e-7 0 1 -6.74189e-7 0 1 7.24991e-7 0 1 -7.47179e-7 0 1 4.71371e-7 0 1 -7.47465e-7 0 1 7.1543e-7 0 1 -9.40543e-7 0 1 9.52802e-7 0 1 1.43184e-6 0 1 -9.3865e-7 0 1 -4.77106e-7 0 1 -1.38143e-6 0 1 9.56396e-7 0 1 -1.43086e-6 0 1 -7.36125e-7 0 1 -4.76779e-7 0 1 -7.06886e-7 0 1 7.04083e-7 0 1 4.84526e-7 0 1 -6.91616e-7 0 1 -9.43995e-7 0 1 4.73829e-7 0 1 -7.1648e-7 0 1 7.38142e-7 0 1 -4.78707e-7 0 1 -2.35657e-7 0 1 2.36113e-7 0 1 3.59824e-7 0 1 0 0 1 1.2207e-7 0 1 0 0 1 0 0 1 1.75137e-7 0 1 0 0 1 2.4341e-7 0 1 -2.38419e-7 0 1 -7.13861e-7 0 1 -7.06374e-7 0 1 7.36334e-7 0 1 -1.47894e-6 0 1 -1.40223e-6 0 1 1.49912e-6 0 1 -1.42815e-6 0 1 -9.41536e-7 0 1 1.43411e-6 0 1 -1.50695e-6 0 1 9.58363e-7 0 1 1.39953e-6 0 1 -4.77785e-7 0 1 9.5557e-7 0 1 -1.38336e-6 0 1 -9.36919e-7 0 1 1.40336e-6 0 1 4.78297e-7 0 1 -4.77303e-7 0 1 7.10227e-7 0 1 -9.64744e-7 0 1 4.75676e-7 0 1 -4.75908e-7 0 1 4.7742e-7 0 1 -4.89382e-7 0 1 9.38326e-7 0 1 -7.63536e-7 0 1 -2.4077e-7 0 1 4.78004e-7 0 1 6.79584e-7 0 1 -3.82067e-7 0 1 -2.37375e-7 0 1 -2.34188e-7 0 1 -2.37491e-7 0 1 1.19794e-7 0 1 0 0 1 0 0 1 0 0 1 -1.80178e-7 0 1 2.39677e-7 0 1 -1.20074e-7 0 1 0 0 1 -2.38215e-7 0 1 -1.79916e-7 0 1 -3.59489e-7 0 1 3.60244e-7 0 1 3.58454e-7 0 1 1.788e-7 0 1 2.38754e-7 0 1 -1.19794e-7 0 1 1.76978e-7 0 1 0 0 1 0 0 1 0 0 1 0 0 1 0 0 1 0 0 1 0 0 1 0 0 1 0 0 1 0 0 1 -1.77331e-7 0 1 0 0 1 0 0 1 -1.78237e-7 0 1 1.78629e-7 0 1 1.1934e-7 0 1 2.38513e-7 0 1 2.39147e-7 0 1 3.59902e-7 0 1 1.78091e-7 0 1 0 0 1 1.20048e-7 0 1 -2.3855e-7 0 1 -1.79054e-7 0 1 -1.19268e-7 0 1 2.37867e-7 0 1 1.78335e-7 0 1 -1.80244e-7 0 1 0 0 1 0 0 1 0 0 1 0 0 1 0 0 1 0 0 1 0 0 1 0 0 1 0 0 1 0 0 1 0 0 1 0 0 1 0 0 1 0 0 1 0 0 1 0 0 1 0 0 1 0 0 1 0 0 1 0 0 1 0 0 1 0 0 1 0 0 1 0 0 1 0 0 1 0 0 1 0 0 1 0 0 1 0 0 1 0 0 1 0 0 1 0 0 1 0 0 1 0 0 1 0 0 1 0 0 1 0 0 1 0 0 1 0 0 1 0 0 1 0 0 1 0 0 1 0 0 1 0 0 1 0 0 1 -0.006047844 0.9999817 0 0 0 -1 -3.8147e-6 0 -1 -6.4931e-7 0 -1 -6.78168e-7 0 -1 1.08991e-6 0 -1 1.05233e-6 0 -1 -3.21238e-6 0 -1 9.31834e-7 0 -1 -1.6496e-6 0 -1 1.69542e-6 0 -1 2.06899e-6 0 -1 -3.2992e-6 0 -1 -2.39354e-6 0 -1 1.06148e-6 0 -1 -8.71931e-6 0 -1 -2.71267e-6 0 -1 -4.20932e-6 0 -1 3.25521e-6 0 -1 2.3703e-6 0 -1 -7.3982e-6 0 -1 1.75641e-6 0 -1 1.7193e-6 0 -1 2.08667e-6 0 -1 4.56338e-6 0 -1 4.03538e-6 0 -1 3.21238e-6 0 -1 -1.80845e-5 0 -1 -1.82194e-6 0 -1 -5.88291e-6 0 -1 4.93213e-6 0 -1 -5.61243e-6 0 -1 4.00231e-6 0 -1 -4.69501e-6 0 -1 -7.8755e-6 0 -1 1.08507e-5 0 -1 -6.10352e-6 0 -1 4.52112e-6 0 -1 -1.13554e-5 0 -1 -3.5641e-6 0 -1 -9.57414e-6 0 -1 4.60643e-6 0 -1 -6.02816e-6 0 -1 -1.16257e-5 0 -1 -7.28778e-6 0 -1 -1.12249e-5 0 -1 9.96492e-6 0 -1 -6.3004e-6 0 -1 -6.55411e-6 0 -1 9.57414e-6 0 -1 -7.51202e-6 0 -1 3.27706e-6 0 -1 -8.49185e-6 0 -1 1.2207e-5 0 -1 -8.87784e-6 0 -1 7.18061e-6 0 -1 -4.1032e-6 0 -1 -5.67769e-6 0 -1 6.18078e-6 0 -1 -1.89624e-5 0 -1 6.5984e-6 0 -1 -1.09726e-5 0 -1 -1.37544e-5 0 -1 -7.71986e-6 0 -1 1.07315e-5 0 -1 -7.84388e-6 0 -1 6.97545e-6 0 -1 -1.10973e-5 0 -1 1.37544e-5 0 -1 -5.42535e-5 0 -1 1.0016e-5 0 -1 1.72843e-5 0 -1 -9.96492e-6 0 -1 6.85307e-6 0 -1 -2.12296e-5 0 -1 8.45509e-6 0 -1 3.05176e-5 0 -1 1.22838e-5 0 -1 1.06148e-5 0 -1 -8.60408e-6 0 -1 9.86427e-6 0 -1 1.36582e-5 0 -1 -7.2071e-6 0 -1 1.09726e-5 0 -1 -7.68947e-6 0 -1 -1.44676e-5 0 -1 1.62085e-5 0 -1 7.2071e-6 0 -1 -1.1489e-4 0 1 -5.50176e-5 0 -1 9.93957e-6 0 -1 1.14553e-5 0 -1 -8.02105e-6 0 -1 8.56634e-6 0 -1 3.17581e-5 0 -1 -4.15559e-5 0 -1 -7.82816e-6 0 -1 5.35103e-6 0 -1 -1.5625e-5 0 -1 -9.36751e-6 0 -1 -8.64215e-6 0 -1 -1.49094e-5 0 -1 1.248e-5 0 -1 -8.00461e-6 0 -1 6.16614e-6 0 -1 6.71754e-6 0 -1 2.44141e-5 0 -1 -1.19824e-5 0 -1 4.56871e-5 0 -1 1.5501e-5 0 -1 1.2776e-5 0 -1 -1.56016e-5 0 -1 1.95679e-5 0 -1 -2.29779e-5 0 -1 -1.60092e-5 0 -1 1.48739e-5 0 -1 1.81686e-4 0 -1 2.05727e-5 0 -1 -6.9076e-6 0 -1 1.37272e-5 0 -1 -1.7128e-5 0 -1 -2.03782e-5 0 -1 -1.02024e-5 0 -1 -1.19366e-5 0 -1 5.82479e-5 0 -1 -1.4997e-5 0 -1 2.05491e-5 0 -1 -1.95313e-4 0 -1 -1.1121e-4 0 -1 1.89079e-5 0 -1 -1.69779e-5 0 -1 2.34302e-4 0 -1 -1.54957e-5 0 -1 7.397e-6 0 -1 -1.71969e-5 0 -1 7.76416e-6 0 -1 -5.06291e-5 0 -1 9.57501e-6 0 -1 -1.22125e-5 0 -1 2.07156e-5 0 -1 1.25438e-5 0 -1 -1.59139e-5 0 -1 3.94151e-5 0 -1 -1.02912e-4 0 -1 -3.99776e-5 0 -1 -1.54784e-5 0 -1 6.47501e-5 0 -1 -1.69768e-5 0 -1 1.55812e-5 0 -1 -1.10904e-5 0 -1 -1.90157e-5 0 -1 -1.72342e-5 0 -1 -1.95618e-4 0 -1 1.50711e-5 0 -1 1.69079e-5 0 -1 -2.07918e-5 0 -1 -1.22693e-5 0 -1 9.07112e-5 0 -1 1.70765e-4 0 -1 4.01671e-5 0 -1 1.91777e-5 0 -1 -9.38438e-5 0 -1 -1.71798e-5 0 -1 1.4881e-4 0 -1 1.43612e-5 0 -1 1.72271e-5 0 -1 2.16413e-5 0 -1 -6.70601e-5 0 -1 2.24497e-5 0 -1 1.84693e-5 0 -1 1.54397e-5 0 -1 9.40132e-6 0 -1 9.424e-6 0 -1 -9.04225e-6 0 -1 -1.25e-5 0 -1 7.62939e-6 0 -1 7.42633e-6 0 -1 1.07907e-5 0 -1 -2.75088e-5 0 -1 5.77848e-6 0 -1 -6.42475e-6 0 -1 8.08747e-6 0 -1 -1.27239e-5 0 -1 1.0761e-5 0 -1 1.06437e-5 0 -1 1.5082e-5 0 -1 -2.11149e-5 0 -1 -7.48324e-6 0 -1 1.17658e-5 0 -1 -9.48119e-6 0 -1 7.02563e-6 0 -1 -6.38276e-6 0 -1 -7.59971e-6 0 -1 9.04225e-6 0 -1 1.28495e-5 0 -1 -1.68373e-5 0 -1 2.53653e-5 0 -1 1.93379e-5 0 -1 -8.79786e-6 0 -1 6.44596e-6 0 -1 -5.76143e-6 0 -1 1.30208e-5 0 -1 7.48324e-6 0 -1 -6.92598e-6 0 -1 1.01725e-5 0 -1 -6.62076e-6 0 -1 2.21946e-5 0 -1 -6.8772e-6 0 -1 7.28778e-6 0 -1 1.71327e-5 0 -1 1.47964e-5 0 -1 -8.95929e-6 0 -1 -7.7505e-6 0 -1 1.68373e-5 0 -1 1.13554e-5 0 -1 9.12675e-6 0 -1 1.0389e-5 0 -1 -1.45756e-5 0 -1 -6.64328e-6 0 -1 3.24439e-6 0 -1 1.19093e-5 0 -1 -7.2338e-6 0 -1 5.1398e-5 0 -1 -3.78513e-6 0 -1 4.43892e-5 0 -1 1.31968e-5 0 -1 3.72734e-6 0 -1 -7.8125e-6 0 -1 -4.32107e-6 0 -1 1.60092e-5 0 -1 -9.76562e-6 0 -1 8.13802e-6 0 -1 -6.68878e-6 0 -1 2.99559e-6 0 -1 -2.82243e-6 0 -1 -2.03451e-5 0 -1 5.42535e-6 0 -1 5.3074e-6 0 -1 3.46299e-6 0 -1 -6.5984e-6 0 -1 -4.06901e-6 0 -1 -4.43892e-5 0 -1 5.67769e-6 0 -1 3.67129e-6 0 -1 -6.78168e-6 0 -1 -1.2207e-4 0 -1 2.12296e-5 0 -1 -4.28317e-6 0 -1 -5.1398e-6 0 -1 2.95928e-6 0 -1 -3.75601e-6 0 -1 2.30321e-6 0 -1 2.10466e-6 0 -1 1.84955e-6 0 -1 -2.49123e-6 0 -1 2.44141e-6 0 -1 1.32685e-6 0 -1 -1.76914e-6 0 -1 8.03094e-7 0 -1 1.15161e-6 0 -1 1.07079e-6 0 -1 6.10352e-7 0 -1 -3.96332e-7 0 -1 7.26609e-7 0 -1 -4.84406e-7 0 -1 -2.60834e-7 0 -1 -4.35965e-7 0 -1 3.17891e-7 0 -1 -2.46109e-7 0 -1 2.54313e-7 0 -1 -5.35396e-7 0 -1 -7.44331e-7 0 -1 -6.16517e-7 0 -1 -1.05233e-6 0 -1 2.17983e-6 0 -1 -1.24562e-6 0 -1 3.13001e-6 0 -1 1.25846e-6 0 -1 -9.39002e-6 0 -1 3.09039e-6 0 -1 2.12296e-6 0 -1 1.86367e-6 0 -1 -2.03451e-6 0 -1 4.78707e-6 0 -1 1.95313e-6 0 -1 6.34131e-6 0 -1 3.87525e-6 0 -1 3.96977e-6 0 -1 1.90735e-6 0 -1 3.6991e-6 0 -1 3.75601e-6 0 -1 -4.17334e-6 0 -1 -4.6503e-6 0 -1 -1.2207e-5 0 -1 4.1032e-6 0 -1 -5.03383e-6 0 -1 -3.6169e-6 0 -1 3.36746e-6 0 -1 4.28317e-6 0 -1 -3.39084e-6 0 -1 -3.96977e-6 0 -1 6.8772e-6 0 -1 -2.95928e-5 0 -1 1.33776e-5 0 -1 -7.07654e-6 0 -1 -7.57025e-6 0 -1 -9.21285e-6 0 -1 -1.5751e-5 0 -1 1.45756e-5 0 -1 -1.5024e-5 0 -1 5.84768e-6 0 -1 1.35634e-5 0 -1 1.1489e-5 0 -1 -1.77557e-5 0 -1 9.66894e-6 0 -1 -1.23616e-5 0 -1 1.64128e-5 0 -1 8.95929e-6 0 -1 -1.66934e-5 0 -1 1.19824e-5 0 -1 -9.3006e-5 0 -1 8.41864e-6 0 -1 -1.02258e-5 0 -1 5.36573e-6 0 -1 8.10425e-6 0 -1 6.71177e-6 0 -1 -6.0845e-6 0 -1 9.3451e-6 0 -1 -1.09113e-5 0 -1 -1.12897e-5 0 -1 1.13885e-5 0 -1 6.64328e-6 0 -1 -8.47343e-6 0 -1 6.98792e-6 0 -1 -6.09399e-6 0 -1 1.86902e-5 0 -1 9.7901e-6 0 -1 -9.4468e-6 0 -1 9.39002e-6 0 -1 -1.78368e-5 0 -1 7.00045e-6 0 -1 3.50336e-5 0 -1 -2.06954e-5 0 -1 2.40755e-5 0 -1 -3.38203e-5 0 -1 2.69862e-5 0 -1 -1.18821e-5 0 -1 1.631e-5 0 -1 -2.71976e-5 0 -1 -7.33568e-6 0 -1 -9.35629e-5 0 -1 -2.62164e-5 0 -1 1.68645e-5 0 -1 -2.41127e-5 0 -1 1.70812e-5 0 -1 -2.32213e-5 0 -1 -6.19425e-5 0 -1 -1.57729e-5 0 -1 1.69779e-5 0 -1 -1.78955e-4 0 -1 -1.20753e-5 0 -1 6.6589e-5 0 -1 -3.9418e-5 0 -1 -3.26427e-5 0 -1 8.30484e-6 0 -1 4.85767e-5 0 -1 1.01073e-5 0 -1 1.71344e-5 0 -1 1.52999e-5 0 -1 -1.00924e-5 0 -1 -1.70812e-5 0 -1 1.87702e-5 0 -1 1.90143e-5 0 -1 -8.06036e-6 0 -1 1.69423e-5 0 -1 1.95313e-4 0 -1 -2.05491e-5 0 -1 3.091e-5 0 -1 2.07918e-5 0 -1 -7.56842e-6 0 -1 1.7337e-5 0 -1 2.64606e-5 0 -1 -1.71421e-5 0 -1 1.49665e-5 0 -1 -1.80636e-4 0 -1 -1.81475e-5 0 -1 -1.99936e-5 0 -1 -5.01605e-5 0 -1 -2.78272e-5 0 -1 1.97285e-5 0 -1 -2.97619e-5 0 -1 -1.53638e-5 0 -1 -8.00871e-6 0 -1 2.51206e-5 0 -1 -2.46063e-5 0 -1 -1.18371e-5 0 -1 2.50401e-5 0 -1 2.34962e-5 0 -1 -7.9154e-6 0 -1 2.28436e-5 0 -1 -1.70952e-5 0 -1 -1.56563e-5 0 -1 3.42654e-5 0 -1 2.07228e-5 0 -1 6.75822e-6 0 -1 -1.47406e-5 0 -1 7.78137e-6 0 -1 -8.17207e-6 0 -1 -1.00677e-5 0 -1 1.69837e-5 0 -1 1.18371e-5 0 -1 9.45823e-6 0 -1 1.95313e-5 0 -1 6.96301e-6 0 -1 8.03755e-6 0 -1 6.33104e-6 0 -1 -6.85307e-6 0 -1 -3.05176e-5 0 -1 -1.05574e-5 0 -1 2.10013e-5 0 -1 1.02258e-5 0 -1 6.24002e-6 0 -1 -6.9015e-6 0 -1 1.09113e-5 0 -1 2.32515e-5 0 -1 1.05574e-5 0 -1 8.27595e-6 0 -1 2.60417e-5 0 -1 -1.27655e-5 0 -1 7.1543e-6 0 -1 4.06901e-5 0 -1 -7.78137e-6 0 -1 6.10352e-5 0 -1 1.12249e-5 0 -1 -9.8147e-6 0 -1 1.44676e-5 0 -1 1.00677e-5 0 -1 -1.05007e-5 0 -1 -1.52588e-5 0 -1 1.80845e-5 0 -1 -1.35634e-5 0 -1 -1.17658e-5 0 -1 6.92598e-6 0 -1 -1.5501e-5 0 -1 1.16257e-5 0 -1 6.55411e-6 0 -1 3.5903e-6 0 -1 -1.31968e-5 0 -1 -1.01725e-5 0 -1 7.51202e-5 0 1 -5.74449e-6 0 -1 -4.88281e-6 0 -1 -1.47964e-5 0 -1 7.7505e-6 0 -1 3.01408e-6 0 -1 -3.01408e-6 0 -1 3.53827e-6 0 -1 5.74449e-6 0 -1 -1.98488e-6 0 -1 3.51281e-6 0 -1 -1.63853e-6 0 -1 4.06901e-6 0 -1 6.10352e-6 0 -1 9.46282e-7 0 -1 -1.6722e-6 0 -1 2.77433e-6 0 -1 -2.59724e-6 0 -1 -1.08991e-6 0 -1 -1.74386e-6 0 -1 -5.44957e-7 0 -1 -3.72166e-7 0 -1 -2.93438e-7 0 -1 -2.26897e-7 0 -1 2.343e-7 0 -1 -4.64146e-7 0 -1 5.08626e-7 0 -1 4.57192e-7 0 -1 -4.63265e-7 0 -1 -4.78707e-7 0 -1 1.87081e-6 0 -1 2.75865e-6 0 -1 2.05376e-6 0 -1 -1.93379e-6 0 -1 1.80511e-6 0 -1 -1.93762e-6 0 -1 1.85306e-6 0 -1 -2.92384e-6 0 -1 1.74542e-6 0 -1 3.89845e-6 0 -1 2.0889e-6 0 -1 1.94923e-6 0 -1 -1.9027e-6 0 -1 -1.81496e-6 0 -1 3.7048e-6 0 -1 1.89716e-6 0 -1 -1.9012e-6 0 -1 -1.862e-6 0 -1 -5.77634e-6 0 -1 5.23013e-6 0 -1 -1.81419e-6 0 -1 5.26349e-6 0 -1 3.79893e-6 0 -1 -3.79271e-6 0 -1 -3.81703e-6 0 -1 -5.9843e-6 0 -1 1.76594e-6 0 -1 -2.94367e-6 0 -1 3.5463e-6 0 -1 -1.86012e-6 0 -1 -2.00732e-6 0 -1 2.08779e-6 0 -1 -2.33627e-6 0 -1 -3.94173e-6 0 -1 1.89256e-6 0 -1 -4.03538e-6 0 -1 1.9991e-6 0 -1 -3.77051e-6 0 -1 -2.74315e-6 0 -1 -1.90363e-6 0 -1 -9.95477e-7 0 -1 -3.4386e-6 0 -1 1.77557e-6 0 -1 1.29862e-6 0 -1 -9.46282e-7 0 -1 1.42772e-6 0 -1 4.43892e-7 0 -1 -2.43168e-7 0 -1 -2.24394e-7 0 -1 0 0 -1 1.28766e-7 0 -1 0 0 -1 0 0 -1 -6.67051e-7 0 -1 -8.44777e-7 0 -1 7.90099e-7 0 -1 4.47964e-7 0 -1 4.80592e-7 0 -1 1.57004e-6 0 -1 -1.50704e-6 0 -1 9.70738e-7 0 -1 -9.54607e-7 0 -1 -2.90644e-6 0 -1 -1.84257e-6 0 -1 1.82535e-6 0 -1 -3.05176e-6 0 -1 -2.01561e-6 0 -1 1.84257e-6 0 -1 -1.8322e-6 0 -1 1.93379e-6 0 -1 -1.75168e-6 0 -1 3.34439e-6 0 -1 -1.91953e-6 0 -1 1.87981e-6 0 -1 -3.49084e-6 0 -1 3.62025e-6 0 -1 -1.91389e-6 0 -1 -1.94341e-6 0 -1 -2.8871e-6 0 -1 2.03451e-6 0 -1 -2.01978e-6 0 -1 3.85327e-6 0 -1 -3.84473e-6 0 -1 1.85747e-6 0 -1 -3.79294e-6 0 -1 1.78368e-6 0 -1 -3.7957e-6 0 -1 -3.71383e-6 0 -1 6.34711e-6 0 -1 5.74865e-6 0 -1 -6.02352e-6 0 -1 5.19103e-6 0 -1 1.89854e-6 0 -1 4.215e-6 0 -1 3.72823e-6 0 -1 3.83154e-6 0 -1 1.88435e-6 0 -1 -3.1784e-6 0 -1 2.89781e-6 0 -1 -1.9357e-6 0 -1 -3.54148e-6 0 -1 -1.81349e-6 0 -1 2.52668e-6 0 -1 -2.51691e-6 0 -1 1.00469e-6 0 -1 2.88924e-6 0 -1 -1.80845e-6 0 -1 2.79018e-6 0 -1 9.74613e-7 0 -1 1.08266e-6 0 -1 8.92653e-7 0 -1 7.82502e-7 0 -1 -2.32959e-7 0 -1 3.19556e-7 0 -1 0 0 -1 0 0 -1 -2.39824e-7 0 -1 2.38885e-7 0 -1 -2.39706e-7 0 -1 -2.38885e-7 0 -1 7.2715e-7 0 -1 -2.3807e-7 0 -1 -2.3657e-7 0 -1 9.51352e-7 0 -1 -6.92107e-7 0 -1 4.82432e-7 0 -1 -7.3233e-7 0 -1 6.81006e-7 0 -1 4.68572e-7 0 -1 1.3932e-6 0 -1 4.77981e-7 0 -1 9.76039e-7 0 -1 1.42494e-6 0 -1 -1.50522e-6 0 -1 -9.55979e-7 0 -1 1.45783e-6 0 -1 -9.57649e-7 0 -1 9.60356e-7 0 -1 4.77537e-7 0 -1 -7.47179e-7 0 -1 4.78824e-7 0 -1 -4.85369e-7 0 -1 -2.36341e-7 0 -1 4.79648e-7 0 -1 4.7777e-7 0 -1 0 0 -1 -2.38535e-7 0 -1 0 0 -1 0 0 -1 0 0 -1 0 0 -1 -1.19443e-7 0 -1 1.2207e-7 0 -1 3.55114e-7 0 -1 -2.42564e-7 0 -1 -3.73875e-7 0 -1 7.21243e-7 0 -1 -4.7337e-7 0 -1 4.67031e-7 0 -1 -9.55073e-7 0 -1 4.78004e-7 0 -1 -6.87478e-7 0 -1 4.65917e-7 0 -1 6.88569e-7 0 -1 -1.44958e-6 0 -1 -1.47938e-6 0 -1 -9.4827e-7 0 -1 -4.71144e-7 0 -1 -1.43571e-6 0 -1 4.82894e-7 0 -1 9.38509e-7 0 -1 -1.48604e-6 0 -1 -4.70973e-7 0 -1 4.70973e-7 0 -1 7.3096e-7 0 -1 7.3481e-7 0 -1 -7.29322e-7 0 -1 -3.47284e-7 0 -1 3.56931e-7 0 -1 -4.736e-7 0 -1 2.43653e-7 0 -1 -1.7266e-7 0 -1 -1.74386e-7 0 -1 1.20623e-7 0 -1 0 0 -1 1.19238e-7 0 -1 -1.20266e-7 0 -1 1.79317e-7 0 -1 -1.77743e-7 0 -1 -1.19388e-7 0 -1 -2.38874e-7 0 -1 -3.59191e-7 0 -1 3.55615e-7 0 -1 1.19921e-7 0 -1 -2.37794e-7 0 -1 -1.19406e-7 0 -1 1.79565e-7 0 -1 0 0 -1 0 0 -1 0 0 -1 0 0 -1 0 0 -1 0 0 -1 0 0 -1 0 0 -1 0 0 -1 0 0 -1 0 0 -1 1.19399e-7 0 -1 0 0 -1 0 0 -1 -3.58433e-7 0 -1 -3.59592e-7 0 -1 -1.19743e-7 0 -1 -1.77905e-7 0 -1 -1.19468e-7 0 -1 -1.80144e-7 0 -1 2.39061e-7 0 -1 -1.19802e-7 0 -1 1.19443e-7 0 -1 0 0 -1 0 0 -1 0 0 -1 0 0 -1 0 0 -1 0 0 -1 0 0 -1 0 0 -1 0 0 -1 0 0 -1 0 0 -1 0 0 -1 0 0 -1 0 0 -1 0 0 -1 0 0 -1 0 0 -1 0 0 -1 0 0 -1 0 0 -1 0 0 -1 0 0 -1 0 0 -1 0 0 -1 0 0 -1 0 0 -1 0 0 -1 0 0 -1 0 0 -1 0 0 -1 0 0 -1 0 0 -1 0 0 -1 0 0 -1 0 0 -1 0 0 -1 0 0 -1 0 0 -1 0 0 -1 0 0 -1 0 0 -1 0 0 -1</float_array>
          <technique_common>
            <accessor source="#Cylinder_001-mesh-normals-array" count="4670" stride="3">
              <param name="X" type="float"/>
              <param name="Y" type="float"/>
              <param name="Z" type="float"/>
            </accessor>
          </technique_common>
        </source>
        <vertices id="Cylinder_001-mesh-vertices">
          <input semantic="POSITION" source="#Cylinder_001-mesh-positions"/>
        </vertices>
        <triangles count="7996">
          <input semantic="VERTEX" source="#Cylinder_001-mesh-vertices" offset="0"/>
          <input semantic="NORMAL" source="#Cylinder_001-mesh-normals" offset="1"/>
          <p>1 0 2 0 0 0 3 1 4 1 2 1 5 2 6 2 4 2 7 3 8 3 6 3 9 4 10 4 8 4 11 5 12 5 10 5 13 6 14 6 12 6 15 7 16 7 14 7 17 8 18 8 16 8 19 9 20 9 18 9 21 10 22 10 20 10 23 11 24 11 22 11 25 12 26 12 24 12 27 13 28 13 26 13 29 14 30 14 28 14 31 15 32 15 30 15 33 16 34 16 32 16 35 17 36 17 34 17 37 18 38 18 36 18 39 19 40 19 38 19 41 20 42 20 40 20 43 21 44 21 42 21 45 22 46 22 44 22 47 23 48 23 46 23 49 24 50 24 48 24 51 25 52 25 50 25 53 26 54 26 52 26 55 27 56 27 54 27 57 28 58 28 56 28 59 29 60 29 58 29 61 30 62 30 60 30 63 31 64 31 62 31 65 32 66 32 64 32 67 33 68 33 66 33 69 34 70 34 68 34 71 35 72 35 70 35 73 36 74 36 72 36 75 37 76 37 74 37 77 38 78 38 76 38 79 39 80 39 78 39 81 40 82 40 80 40 83 41 84 41 82 41 85 42 86 42 84 42 87 43 88 43 86 43 89 44 90 44 88 44 91 45 92 45 90 45 93 46 94 46 92 46 95 47 96 47 94 47 97 48 98 48 96 48 99 49 100 49 98 49 101 50 102 50 100 50 103 51 104 51 102 51 105 52 106 52 104 52 107 53 108 53 106 53 109 54 110 54 108 54 111 55 112 55 110 55 113 56 114 56 112 56 115 57 116 57 114 57 117 58 118 58 116 58 119 59 120 59 118 59 121 60 122 60 120 60 123 61 124 61 122 61 125 62 126 62 124 62 127 63 128 63 126 63 129 64 130 64 128 64 131 65 132 65 130 65 133 66 134 66 132 66 135 67 136 67 134 67 137 68 138 68 136 68 139 69 140 69 138 69 141 70 142 70 140 70 143 71 144 71 142 71 145 72 146 72 144 72 147 73 148 73 146 73 149 74 150 74 148 74 151 75 152 75 150 75 153 76 154 76 152 76 155 77 156 77 154 77 157 78 158 78 156 78 159 79 160 79 158 79 161 80 162 80 160 80 163 81 164 81 162 81 165 82 166 82 164 82 167 83 168 83 166 83 169 84 170 84 168 84 171 85 172 85 170 85 173 86 174 86 172 86 175 87 176 87 174 87 177 88 178 88 176 88 179 89 180 89 178 89 181 90 182 90 180 90 183 91 184 91 182 91 185 92 186 92 184 92 187 93 188 93 186 93 189 94 190 94 188 94 191 95 192 95 190 95 193 96 194 96 192 96 195 97 196 97 194 97 197 98 198 98 196 98 199 99 200 99 198 99 201 100 202 100 200 100 203 101 204 101 202 101 205 102 206 102 204 102 207 103 208 103 206 103 209 104 210 104 208 104 211 105 212 105 210 105 213 106 214 106 212 106 215 107 216 107 214 107 217 108 218 108 216 108 219 109 220 109 218 109 221 110 222 110 220 110 223 111 224 111 222 111 225 112 226 112 224 112 227 113 228 113 226 113 229 114 230 114 228 114 231 115 232 115 230 115 233 116 234 116 232 116 235 117 236 117 234 117 237 118 238 118 236 118 239 119 240 119 238 119 241 120 242 120 240 120 243 121 244 121 242 121 245 122 246 122 244 122 247 123 248 123 246 123 249 124 250 124 248 124 251 125 252 125 250 125 253 126 254 126 252 126 255 127 256 127 254 127 257 128 258 128 256 128 259 129 260 129 258 129 261 130 262 130 260 130 263 131 264 131 262 131 265 132 266 132 264 132 267 133 268 133 266 133 269 134 270 134 268 134 271 135 272 135 270 135 273 136 274 136 272 136 275 137 276 137 274 137 277 138 278 138 276 138 279 139 280 139 278 139 281 140 282 140 280 140 283 141 284 141 282 141 285 142 286 142 284 142 287 143 288 143 286 143 289 144 290 144 288 144 291 145 292 145 290 145 293 146 294 146 292 146 295 147 296 147 294 147 297 148 298 148 296 148 299 149 300 149 298 149 301 150 302 150 300 150 303 151 304 151 302 151 305 152 306 152 304 152 307 153 308 153 306 153 309 154 310 154 308 154 311 155 312 155 310 155 313 156 314 156 312 156 315 157 316 157 314 157 317 158 318 158 316 158 319 159 320 159 318 159 321 160 322 160 320 160 323 161 324 161 322 161 325 162 326 162 324 162 327 163 328 163 326 163 329 164 330 164 328 164 331 165 332 165 330 165 333 166 334 166 332 166 335 167 336 167 334 167 337 168 338 168 336 168 339 169 340 169 338 169 341 170 342 170 340 170 343 171 344 171 342 171 345 172 346 172 344 172 347 173 348 173 346 173 349 174 350 174 348 174 351 175 352 175 350 175 353 176 354 176 352 176 355 177 356 177 354 177 357 178 358 178 356 178 359 179 360 179 358 179 361 180 362 180 360 180 363 181 364 181 362 181 365 182 366 182 364 182 367 183 368 183 366 183 369 184 370 184 368 184 371 185 372 185 370 185 373 186 374 186 372 186 375 187 376 187 374 187 377 188 378 188 376 188 379 189 380 189 378 189 381 190 382 190 380 190 383 191 384 191 382 191 385 192 386 192 384 192 387 193 388 193 386 193 389 194 390 194 388 194 391 195 392 195 390 195 393 196 394 196 392 196 395 197 396 197 394 197 397 198 398 198 396 198 399 199 400 199 398 199 401 200 402 200 400 200 403 201 404 201 402 201 405 202 406 202 404 202 407 203 408 203 406 203 409 204 410 204 408 204 411 205 412 205 410 205 413 206 414 206 412 206 415 207 416 207 414 207 417 208 418 208 416 208 419 209 420 209 418 209 421 210 422 210 420 210 423 211 424 211 422 211 425 212 426 212 424 212 427 213 428 213 426 213 429 214 430 214 428 214 431 215 432 215 430 215 433 216 434 216 432 216 435 217 436 217 434 217 437 218 438 218 436 218 439 219 440 219 438 219 441 220 442 220 440 220 443 221 444 221 442 221 445 222 446 222 444 222 447 223 448 223 446 223 449 224 450 224 448 224 451 225 452 225 450 225 453 226 454 226 452 226 455 227 456 227 454 227 457 228 458 228 456 228 459 229 460 229 458 229 461 230 462 230 460 230 463 231 464 231 462 231 465 232 466 232 464 232 467 233 468 233 466 233 469 234 470 234 468 234 471 235 472 235 470 235 473 236 474 236 472 236 475 237 476 237 474 237 477 238 478 238 476 238 479 239 480 239 478 239 481 240 482 240 480 240 483 241 484 241 482 241 485 242 486 242 484 242 487 243 488 243 486 243 489 244 490 244 488 244 491 245 492 245 490 245 493 246 494 246 492 246 495 247 496 247 494 247 497 248 498 248 496 248 499 249 500 249 498 249 501 250 502 250 500 250 503 251 504 251 502 251 505 252 506 252 504 252 507 253 508 253 506 253 509 254 510 254 508 254 511 255 512 255 510 255 513 256 514 256 512 256 515 257 516 257 514 257 517 258 518 258 516 258 519 259 520 259 518 259 521 260 522 260 520 260 523 261 524 261 522 261 525 262 526 262 524 262 527 263 528 263 526 263 529 264 530 264 528 264 531 265 532 265 530 265 533 266 534 266 532 266 535 267 536 267 534 267 537 268 538 268 536 268 539 269 540 269 538 269 541 270 542 270 540 270 543 271 544 271 542 271 545 272 546 272 544 272 547 273 548 273 546 273 549 274 550 274 548 274 551 275 552 275 550 275 553 276 554 276 552 276 555 277 556 277 554 277 557 278 558 278 556 278 559 279 560 279 558 279 561 280 562 280 560 280 563 281 564 281 562 281 565 282 566 282 564 282 567 283 568 283 566 283 569 284 570 284 568 284 571 285 572 285 570 285 573 286 574 286 572 286 575 287 576 287 574 287 577 288 578 288 576 288 579 289 580 289 578 289 581 290 582 290 580 290 583 291 584 291 582 291 585 292 586 292 584 292 587 293 588 293 586 293 589 294 590 294 588 294 591 295 592 295 590 295 593 296 594 296 592 296 595 297 596 297 594 297 597 298 598 298 596 298 599 299 600 299 598 299 601 300 602 300 600 300 603 301 604 301 602 301 605 302 606 302 604 302 607 303 608 303 606 303 609 304 610 304 608 304 611 305 612 305 610 305 613 306 614 306 612 306 615 307 616 307 614 307 617 308 618 308 616 308 619 309 620 309 618 309 621 310 622 310 620 310 623 311 624 311 622 311 625 312 626 312 624 312 627 313 628 313 626 313 629 314 630 314 628 314 631 315 632 315 630 315 633 316 634 316 632 316 635 317 636 317 634 317 637 318 638 318 636 318 639 319 640 319 638 319 641 320 642 320 640 320 643 321 644 321 642 321 645 322 646 322 644 322 647 323 648 323 646 323 649 324 650 324 648 324 651 325 652 325 650 325 653 326 654 326 652 326 655 327 656 327 654 327 657 328 658 328 656 328 659 329 660 329 658 329 661 330 662 330 660 330 663 331 664 331 662 331 665 332 666 332 664 332 667 333 668 333 666 333 669 334 670 334 668 334 671 335 672 335 670 335 673 336 674 336 672 336 675 337 676 337 674 337 677 338 678 338 676 338 679 339 680 339 678 339 681 340 682 340 680 340 683 341 684 341 682 341 685 342 686 342 684 342 687 343 688 343 686 343 689 344 690 344 688 344 691 345 692 345 690 345 693 346 694 346 692 346 695 347 696 347 694 347 697 348 698 348 696 348 699 349 700 349 698 349 701 350 702 350 700 350 703 351 704 351 702 351 705 352 706 352 704 352 707 353 708 353 706 353 709 354 710 354 708 354 711 355 712 355 710 355 713 356 714 356 712 356 715 357 716 357 714 357 717 358 718 358 716 358 719 359 720 359 718 359 721 360 722 360 720 360 723 361 724 361 722 361 725 362 726 362 724 362 727 363 728 363 726 363 729 364 730 364 728 364 731 365 732 365 730 365 733 366 734 366 732 366 735 367 736 367 734 367 737 368 738 368 736 368 739 369 740 369 738 369 741 370 742 370 740 370 743 371 744 371 742 371 745 372 746 372 744 372 747 373 748 373 746 373 749 374 750 374 748 374 751 375 752 375 750 375 753 376 754 376 752 376 755 377 756 377 754 377 757 378 758 378 756 378 759 379 760 379 758 379 761 380 762 380 760 380 763 381 764 381 762 381 765 382 766 382 764 382 767 383 768 383 766 383 769 384 770 384 768 384 771 385 772 385 770 385 773 386 774 386 772 386 775 387 776 387 774 387 777 388 778 388 776 388 779 389 780 389 778 389 781 390 782 390 780 390 783 391 784 391 782 391 785 392 786 392 784 392 787 393 788 393 786 393 789 394 790 394 788 394 791 395 792 395 790 395 793 396 794 396 792 396 795 397 796 397 794 397 797 398 798 398 796 398 799 399 800 399 798 399 801 400 802 400 800 400 803 401 804 401 802 401 805 402 806 402 804 402 807 403 808 403 806 403 809 404 810 404 808 404 811 405 812 405 810 405 813 406 814 406 812 406 815 407 816 407 814 407 817 408 818 408 816 408 819 409 820 409 818 409 821 410 822 410 820 410 823 411 824 411 822 411 825 412 826 412 824 412 827 413 828 413 826 413 829 414 830 414 828 414 831 415 832 415 830 415 833 416 834 416 832 416 835 417 836 417 834 417 837 418 838 418 836 418 839 419 840 419 838 419 841 420 842 420 840 420 843 421 844 421 842 421 845 422 846 422 844 422 847 423 848 423 846 423 849 424 850 424 848 424 851 425 852 425 850 425 853 426 854 426 852 426 855 427 856 427 854 427 857 428 858 428 856 428 859 429 860 429 858 429 861 430 862 430 860 430 863 431 864 431 862 431 865 432 866 432 864 432 867 433 868 433 866 433 869 434 870 434 868 434 871 435 872 435 870 435 873 436 874 436 872 436 875 437 876 437 874 437 877 438 878 438 876 438 879 439 880 439 878 439 881 440 882 440 880 440 883 441 884 441 882 441 885 442 886 442 884 442 887 443 888 443 886 443 889 444 890 444 888 444 891 445 892 445 890 445 893 446 894 446 892 446 895 447 896 447 894 447 897 448 898 448 896 448 899 449 900 449 898 449 901 450 902 450 900 450 903 451 904 451 902 451 905 452 906 452 904 452 907 453 908 453 906 453 909 454 910 454 908 454 911 455 912 455 910 455 913 456 914 456 912 456 915 457 916 457 914 457 917 458 918 458 916 458 919 459 920 459 918 459 921 460 922 460 920 460 923 461 924 461 922 461 925 462 926 462 924 462 927 463 928 463 926 463 929 464 930 464 928 464 931 465 932 465 930 465 933 466 934 466 932 466 935 467 936 467 934 467 937 468 938 468 936 468 939 469 940 469 938 469 941 470 942 470 940 470 943 471 944 471 942 471 945 472 946 472 944 472 947 473 948 473 946 473 949 474 950 474 948 474 951 475 952 475 950 475 953 476 954 476 952 476 955 477 956 477 954 477 957 478 958 478 956 478 959 479 960 479 958 479 961 480 962 480 960 480 963 481 964 481 962 481 965 482 966 482 964 482 967 483 968 483 966 483 969 484 970 484 968 484 971 485 972 485 970 485 973 486 974 486 972 486 975 487 976 487 974 487 977 488 978 488 976 488 979 489 980 489 978 489 981 490 982 490 980 490 983 491 984 491 982 491 985 492 986 492 984 492 987 493 988 493 986 493 989 494 990 494 988 494 991 495 992 495 990 495 993 496 994 496 992 496 995 497 996 497 994 497 997 498 998 498 996 498 999 499 1000 499 998 499 1001 500 1002 500 1000 500 1003 501 1004 501 1002 501 1005 502 1006 502 1004 502 1007 503 1008 503 1006 503 1009 504 1010 504 1008 504 1011 505 1012 505 1010 505 1013 506 1014 506 1012 506 1015 507 1016 507 1014 507 1017 508 1018 508 1016 508 1019 509 1020 509 1018 509 1021 510 1022 510 1020 510 1023 511 1024 511 1022 511 1025 512 1026 512 1024 512 1027 513 1028 513 1026 513 1029 514 1030 514 1028 514 1031 515 1032 515 1030 515 1033 516 1034 516 1032 516 1035 517 1036 517 1034 517 1037 518 1038 518 1036 518 1039 519 1040 519 1038 519 1041 520 1042 520 1040 520 1043 521 1044 521 1042 521 1045 522 1046 522 1044 522 1047 523 1048 523 1046 523 1049 524 1050 524 1048 524 1051 525 1052 525 1050 525 1053 526 1054 526 1052 526 1055 527 1056 527 1054 527 1057 528 1058 528 1056 528 1059 529 1060 529 1058 529 1061 530 1062 530 1060 530 1063 531 1064 531 1062 531 1065 532 1066 532 1064 532 1067 533 1068 533 1066 533 1069 534 1070 534 1068 534 1071 535 1072 535 1070 535 1073 536 1074 536 1072 536 1075 537 1076 537 1074 537 1077 538 1078 538 1076 538 1079 539 1080 539 1078 539 1081 540 1082 540 1080 540 1083 541 1084 541 1082 541 1085 542 1086 542 1084 542 1087 543 1088 543 1086 543 1089 544 1090 544 1088 544 1091 545 1092 545 1090 545 1093 546 1094 546 1092 546 1095 547 1096 547 1094 547 1097 548 1098 548 1096 548 1099 549 1100 549 1098 549 1101 550 1102 550 1100 550 1103 551 1104 551 1102 551 1105 552 1106 552 1104 552 1107 553 1108 553 1106 553 1109 554 1110 554 1108 554 1111 555 1112 555 1110 555 1113 556 1114 556 1112 556 1115 557 1116 557 1114 557 1117 558 1118 558 1116 558 1119 559 1120 559 1118 559 1121 560 1122 560 1120 560 1123 561 1124 561 1122 561 1125 562 1126 562 1124 562 1127 563 1128 563 1126 563 1129 564 1130 564 1128 564 1131 565 1132 565 1130 565 1133 566 1134 566 1132 566 1135 567 1136 567 1134 567 1137 568 1138 568 1136 568 1139 569 1140 569 1138 569 1141 570 1142 570 1140 570 1143 571 1144 571 1142 571 1145 572 1146 572 1144 572 1147 573 1148 573 1146 573 1149 574 1150 574 1148 574 1151 575 1152 575 1150 575 1153 576 1154 576 1152 576 1155 577 1156 577 1154 577 1157 578 1158 578 1156 578 1159 579 1160 579 1158 579 1161 580 1162 580 1160 580 1163 581 1164 581 1162 581 1165 582 1166 582 1164 582 1167 583 1168 583 1166 583 1169 584 1170 584 1168 584 1171 585 1172 585 1170 585 1173 586 1174 586 1172 586 1175 587 1176 587 1174 587 1177 588 1178 588 1176 588 1179 589 1180 589 1178 589 1181 590 1182 590 1180 590 1183 591 1184 591 1182 591 1185 592 1186 592 1184 592 1187 593 1188 593 1186 593 1189 594 1190 594 1188 594 1191 595 1192 595 1190 595 1193 596 1194 596 1192 596 1195 597 1196 597 1194 597 1197 598 1198 598 1196 598 1199 599 1200 599 1198 599 1201 600 1202 600 1200 600 1203 601 1204 601 1202 601 1205 602 1206 602 1204 602 1207 603 1208 603 1206 603 1209 604 1210 604 1208 604 1211 605 1212 605 1210 605 1213 606 1214 606 1212 606 1215 607 1216 607 1214 607 1217 608 1218 608 1216 608 1219 609 1220 609 1218 609 1221 610 1222 610 1220 610 1223 611 1224 611 1222 611 1225 612 1226 612 1224 612 1227 613 1228 613 1226 613 1229 614 1230 614 1228 614 1231 615 1232 615 1230 615 1233 616 1234 616 1232 616 1235 617 1236 617 1234 617 1237 618 1238 618 1236 618 1239 619 1240 619 1238 619 1241 620 1242 620 1240 620 1243 621 1244 621 1242 621 1245 622 1246 622 1244 622 1247 623 1248 623 1246 623 1249 624 1250 624 1248 624 1251 625 1252 625 1250 625 1253 626 1254 626 1252 626 1255 627 1256 627 1254 627 1257 628 1258 628 1256 628 1259 629 1260 629 1258 629 1261 630 1262 630 1260 630 1263 631 1264 631 1262 631 1265 632 1266 632 1264 632 1267 633 1268 633 1266 633 1269 634 1270 634 1268 634 1271 635 1272 635 1270 635 1273 636 1274 636 1272 636 1275 637 1276 637 1274 637 1277 638 1278 638 1276 638 1279 639 1280 639 1278 639 1281 640 1282 640 1280 640 1283 641 1284 641 1282 641 1285 642 1286 642 1284 642 1287 643 1288 643 1286 643 1289 644 1290 644 1288 644 1291 645 1292 645 1290 645 1293 646 1294 646 1292 646 1295 647 1296 647 1294 647 1297 648 1298 648 1296 648 1299 649 1300 649 1298 649 1301 650 1302 650 1300 650 1303 651 1304 651 1302 651 1305 652 1306 652 1304 652 1307 653 1308 653 1306 653 1309 654 1310 654 1308 654 1311 655 1312 655 1310 655 1313 656 1314 656 1312 656 1315 657 1316 657 1314 657 1317 658 1318 658 1316 658 1319 659 1320 659 1318 659 1321 660 1322 660 1320 660 1323 661 1324 661 1322 661 1325 662 1326 662 1324 662 1327 663 1328 663 1326 663 1329 664 1330 664 1328 664 1331 665 1332 665 1330 665 1333 666 1334 666 1332 666 1335 667 1336 667 1334 667 1337 668 1338 668 1336 668 1339 669 1340 669 1338 669 1341 670 1342 670 1340 670 1343 671 1344 671 1342 671 1345 672 1346 672 1344 672 1347 673 1348 673 1346 673 1349 674 1350 674 1348 674 1351 675 1352 675 1350 675 1353 676 1354 676 1352 676 1355 677 1356 677 1354 677 1357 678 1358 678 1356 678 1359 679 1360 679 1358 679 1361 680 1362 680 1360 680 1363 681 1364 681 1362 681 1365 682 1366 682 1364 682 1367 683 1368 683 1366 683 1369 684 1370 684 1368 684 1371 685 1372 685 1370 685 1373 686 1374 686 1372 686 1375 687 1376 687 1374 687 1377 688 1378 688 1376 688 1379 689 1380 689 1378 689 1381 690 1382 690 1380 690 1383 691 1384 691 1382 691 1385 692 1386 692 1384 692 1387 693 1388 693 1386 693 1389 694 1390 694 1388 694 1391 695 1392 695 1390 695 1393 696 1394 696 1392 696 1395 697 1396 697 1394 697 1397 698 1398 698 1396 698 1399 699 1400 699 1398 699 1401 700 1402 700 1400 700 1403 701 1404 701 1402 701 1405 702 1406 702 1404 702 1407 703 1408 703 1406 703 1409 704 1410 704 1408 704 1411 705 1412 705 1410 705 1413 706 1414 706 1412 706 1415 707 1416 707 1414 707 1417 708 1418 708 1416 708 1419 709 1420 709 1418 709 1421 710 1422 710 1420 710 1423 711 1424 711 1422 711 1425 712 1426 712 1424 712 1427 713 1428 713 1426 713 1429 714 1430 714 1428 714 1431 715 1432 715 1430 715 1433 716 1434 716 1432 716 1435 717 1436 717 1434 717 1437 718 1438 718 1436 718 1439 719 1440 719 1438 719 1441 720 1442 720 1440 720 1443 721 1444 721 1442 721 1445 722 1446 722 1444 722 1447 723 1448 723 1446 723 1449 724 1450 724 1448 724 1451 725 1452 725 1450 725 1453 726 1454 726 1452 726 1455 727 1456 727 1454 727 1457 728 1458 728 1456 728 1459 729 1460 729 1458 729 1461 730 1462 730 1460 730 1463 731 1464 731 1462 731 1465 732 1466 732 1464 732 1467 733 1468 733 1466 733 1469 734 1470 734 1468 734 1471 735 1472 735 1470 735 1473 736 1474 736 1472 736 1475 737 1476 737 1474 737 1477 738 1478 738 1476 738 1479 739 1480 739 1478 739 1481 740 1482 740 1480 740 1483 741 1484 741 1482 741 1485 742 1486 742 1484 742 1487 743 1488 743 1486 743 1489 744 1490 744 1488 744 1491 745 1492 745 1490 745 1493 746 1494 746 1492 746 1495 747 1496 747 1494 747 1497 748 1498 748 1496 748 1499 749 1500 749 1498 749 1501 750 1502 750 1500 750 1503 751 1504 751 1502 751 1505 752 1506 752 1504 752 1507 753 1508 753 1506 753 1509 754 1510 754 1508 754 1511 755 1512 755 1510 755 1513 756 1514 756 1512 756 1515 757 1516 757 1514 757 1517 758 1518 758 1516 758 1519 759 1520 759 1518 759 1521 760 1522 760 1520 760 1523 761 1524 761 1522 761 1525 762 1526 762 1524 762 1527 763 1528 763 1526 763 1529 764 1530 764 1528 764 1531 765 1532 765 1530 765 1533 766 1534 766 1532 766 1535 767 1536 767 1534 767 1537 768 1538 768 1536 768 1539 769 1540 769 1538 769 1541 770 1542 770 1540 770 1543 771 1544 771 1542 771 1545 772 1546 772 1544 772 1547 773 1548 773 1546 773 1549 774 1550 774 1548 774 1551 775 1552 775 1550 775 1553 776 1554 776 1552 776 1555 777 1556 777 1554 777 1557 778 1558 778 1556 778 1559 779 1560 779 1558 779 1561 780 1562 780 1560 780 1563 781 1564 781 1562 781 1565 782 1566 782 1564 782 1567 783 1568 783 1566 783 1569 784 1570 784 1568 784 1571 785 1572 785 1570 785 1573 786 1574 786 1572 786 1575 787 1576 787 1574 787 1577 788 1578 788 1576 788 1579 789 1580 789 1578 789 1581 790 1582 790 1580 790 1583 791 1584 791 1582 791 1585 792 1586 792 1584 792 1587 793 1588 793 1586 793 1589 794 1590 794 1588 794 1591 795 1592 795 1590 795 1593 796 1594 796 1592 796 1595 797 1596 797 1594 797 1597 798 1598 798 1596 798 1599 799 1600 799 1598 799 1601 800 1602 800 1600 800 1603 801 1604 801 1602 801 1605 802 1606 802 1604 802 1607 803 1608 803 1606 803 1609 804 1610 804 1608 804 1611 805 1612 805 1610 805 1613 806 1614 806 1612 806 1615 807 1616 807 1614 807 1617 808 1618 808 1616 808 1619 809 1620 809 1618 809 1621 810 1622 810 1620 810 1623 811 1624 811 1622 811 1625 812 1626 812 1624 812 1627 813 1628 813 1626 813 1629 814 1630 814 1628 814 1631 815 1632 815 1630 815 1633 816 1634 816 1632 816 1635 817 1636 817 1634 817 1637 818 1638 818 1636 818 1639 819 1640 819 1638 819 1641 820 1642 820 1640 820 1643 821 1644 821 1642 821 1645 822 1646 822 1644 822 1647 823 1648 823 1646 823 1649 824 1650 824 1648 824 1651 825 1652 825 1650 825 1653 826 1654 826 1652 826 1655 827 1656 827 1654 827 1657 828 1658 828 1656 828 1659 829 1660 829 1658 829 1661 830 1662 830 1660 830 1663 831 1664 831 1662 831 1665 832 1666 832 1664 832 1667 833 1668 833 1666 833 1669 834 1670 834 1668 834 1671 835 1672 835 1670 835 1673 836 1674 836 1672 836 1675 837 1676 837 1674 837 1677 838 1678 838 1676 838 1679 839 1680 839 1678 839 1681 840 1682 840 1680 840 1683 841 1684 841 1682 841 1685 842 1686 842 1684 842 1687 843 1688 843 1686 843 1689 844 1690 844 1688 844 1691 845 1692 845 1690 845 1693 846 1694 846 1692 846 1695 847 1696 847 1694 847 1697 848 1698 848 1696 848 1699 849 1700 849 1698 849 1701 850 1702 850 1700 850 1703 851 1704 851 1702 851 1705 852 1706 852 1704 852 1707 853 1708 853 1706 853 1709 854 1710 854 1708 854 1711 855 1712 855 1710 855 1713 856 1714 856 1712 856 1715 857 1716 857 1714 857 1717 858 1718 858 1716 858 1719 859 1720 859 1718 859 1721 860 1722 860 1720 860 1723 861 1724 861 1722 861 1725 862 1726 862 1724 862 1727 863 1728 863 1726 863 1729 864 1730 864 1728 864 1731 865 1732 865 1730 865 1733 866 1734 866 1732 866 1735 867 1736 867 1734 867 1737 868 1738 868 1736 868 1739 869 1740 869 1738 869 1741 870 1742 870 1740 870 1743 871 1744 871 1742 871 1745 872 1746 872 1744 872 1747 873 1748 873 1746 873 1749 874 1750 874 1748 874 1751 875 1752 875 1750 875 1753 876 1754 876 1752 876 1755 877 1756 877 1754 877 1757 878 1758 878 1756 878 1759 879 1760 879 1758 879 1761 880 1762 880 1760 880 1763 881 1764 881 1762 881 1765 882 1766 882 1764 882 1767 883 1768 883 1766 883 1769 884 1770 884 1768 884 1771 885 1772 885 1770 885 1773 886 1774 886 1772 886 1775 887 1776 887 1774 887 1777 888 1778 888 1776 888 1779 889 1780 889 1778 889 1781 890 1782 890 1780 890 1783 891 1784 891 1782 891 1785 892 1786 892 1784 892 1787 893 1788 893 1786 893 1789 894 1790 894 1788 894 1791 895 1792 895 1790 895 1793 896 1794 896 1792 896 1795 897 1796 897 1794 897 1797 898 1798 898 1796 898 1799 899 1800 899 1798 899 1801 900 1802 900 1800 900 1803 901 1804 901 1802 901 1805 902 1806 902 1804 902 1807 903 1808 903 1806 903 1809 904 1810 904 1808 904 1811 905 1812 905 1810 905 1813 906 1814 906 1812 906 1815 907 1816 907 1814 907 1817 908 1818 908 1816 908 1819 909 1820 909 1818 909 1821 910 1822 910 1820 910 1823 911 1824 911 1822 911 1825 912 1826 912 1824 912 1827 913 1828 913 1826 913 1829 914 1830 914 1828 914 1831 915 1832 915 1830 915 1833 916 1834 916 1832 916 1835 917 1836 917 1834 917 1837 918 1838 918 1836 918 1839 919 1840 919 1838 919 1841 920 1842 920 1840 920 1843 921 1844 921 1842 921 1845 922 1846 922 1844 922 1847 923 1848 923 1846 923 1849 924 1850 924 1848 924 1851 925 1852 925 1850 925 1853 926 1854 926 1852 926 1855 927 1856 927 1854 927 1857 928 1858 928 1856 928 1859 929 1860 929 1858 929 1861 930 1862 930 1860 930 1863 931 1864 931 1862 931 1865 932 1866 932 1864 932 1867 933 1868 933 1866 933 1869 934 1870 934 1868 934 1871 935 1872 935 1870 935 1873 936 1874 936 1872 936 1875 937 1876 937 1874 937 1877 938 1878 938 1876 938 1879 939 1880 939 1878 939 1881 940 1882 940 1880 940 1883 941 1884 941 1882 941 1885 942 1886 942 1884 942 1887 943 1888 943 1886 943 1889 944 1890 944 1888 944 1891 945 1892 945 1890 945 1893 946 1894 946 1892 946 1895 947 1896 947 1894 947 1897 948 1898 948 1896 948 1899 949 1900 949 1898 949 1901 950 1902 950 1900 950 1903 951 1904 951 1902 951 1905 952 1906 952 1904 952 1907 953 1908 953 1906 953 1909 954 1910 954 1908 954 1911 955 1912 955 1910 955 1913 956 1914 956 1912 956 1915 957 1916 957 1914 957 1917 958 1918 958 1916 958 1919 959 1920 959 1918 959 1921 960 1922 960 1920 960 1923 961 1924 961 1922 961 1925 962 1926 962 1924 962 1927 963 1928 963 1926 963 1929 964 1930 964 1928 964 1931 965 1932 965 1930 965 1933 966 1934 966 1932 966 1935 967 1936 967 1934 967 1937 968 1938 968 1936 968 1939 969 1940 969 1938 969 1941 970 1942 970 1940 970 1943 971 1944 971 1942 971 1945 972 1946 972 1944 972 1947 973 1948 973 1946 973 1949 974 1950 974 1948 974 1951 975 1952 975 1950 975 1953 976 1954 976 1952 976 1955 977 1956 977 1954 977 1957 978 1958 978 1956 978 1959 979 1960 979 1958 979 1961 980 1962 980 1960 980 1963 981 1964 981 1962 981 1965 982 1966 982 1964 982 1967 983 1968 983 1966 983 1969 984 1970 984 1968 984 1971 985 1972 985 1970 985 1973 986 1974 986 1972 986 1975 987 1976 987 1974 987 1977 988 1978 988 1976 988 1979 989 1980 989 1978 989 1981 990 1982 990 1980 990 1983 991 1984 991 1982 991 1985 992 1986 992 1984 992 1987 993 1988 993 1986 993 1989 994 1990 994 1988 994 1991 995 1992 995 1990 995 1993 996 1994 996 1992 996 1995 997 1996 997 1994 997 1997 998 1998 998 1996 998 1999 999 2000 999 1998 999 2001 1000 2002 1000 2000 1000 2003 1001 2004 1001 2002 1001 2005 1002 2006 1002 2004 1002 2007 1003 2008 1003 2006 1003 2009 1004 2010 1004 2008 1004 2011 1005 2012 1005 2010 1005 2013 1006 2014 1006 2012 1006 2015 1007 2016 1007 2014 1007 2017 1008 2018 1008 2016 1008 2019 1009 2020 1009 2018 1009 2021 1010 2022 1010 2020 1010 2023 1011 2024 1011 2022 1011 2025 1012 2026 1012 2024 1012 2027 1013 2028 1013 2026 1013 2029 1014 2030 1014 2028 1014 2031 1015 2032 1015 2030 1015 2033 1016 2034 1016 2032 1016 2035 1017 2036 1017 2034 1017 2037 1018 2038 1018 2036 1018 2039 1019 2040 1019 2038 1019 2041 1020 2042 1020 2040 1020 2043 1021 2044 1021 2042 1021 2045 1022 2046 1022 2044 1022 2047 1023 2048 1023 2046 1023 2049 1024 2050 1024 2048 1024 2051 1025 2052 1025 2050 1025 2053 1026 2054 1026 2052 1026 2055 1027 2056 1027 2054 1027 2057 1028 2058 1028 2056 1028 2059 1029 2060 1029 2058 1029 2061 1030 2062 1030 2060 1030 2063 1031 2064 1031 2062 1031 2065 1032 2066 1032 2064 1032 2067 1033 2068 1033 2066 1033 2069 1034 2070 1034 2068 1034 2071 1035 2072 1035 2070 1035 2073 1036 2074 1036 2072 1036 2075 1037 2076 1037 2074 1037 2077 1038 2078 1038 2076 1038 2079 1039 2080 1039 2078 1039 2081 1040 2082 1040 2080 1040 2083 1041 2084 1041 2082 1041 2085 1042 2086 1042 2084 1042 2087 1043 2088 1043 2086 1043 2089 1044 2090 1044 2088 1044 2091 1045 2092 1045 2090 1045 2093 1046 2094 1046 2092 1046 2095 1047 2096 1047 2094 1047 2097 1048 2098 1048 2096 1048 2099 1049 2100 1049 2098 1049 2101 1050 2102 1050 2100 1050 2103 1051 2104 1051 2102 1051 2105 1052 2106 1052 2104 1052 2107 1053 2108 1053 2106 1053 2109 1054 2110 1054 2108 1054 2111 1055 2112 1055 2110 1055 2113 1056 2114 1056 2112 1056 2115 1057 2116 1057 2114 1057 2117 1058 2118 1058 2116 1058 2119 1059 2120 1059 2118 1059 2121 1060 2122 1060 2120 1060 2123 1061 2124 1061 2122 1061 2125 1062 2126 1062 2124 1062 2127 1063 2128 1063 2126 1063 2129 1064 2130 1064 2128 1064 2131 1065 2132 1065 2130 1065 2133 1066 2134 1066 2132 1066 2135 1067 2136 1067 2134 1067 2137 1068 2138 1068 2136 1068 2139 1069 2140 1069 2138 1069 2141 1070 2142 1070 2140 1070 2143 1071 2144 1071 2142 1071 2145 1072 2146 1072 2144 1072 2147 1073 2148 1073 2146 1073 2149 1074 2150 1074 2148 1074 2151 1075 2152 1075 2150 1075 2153 1076 2154 1076 2152 1076 2155 1077 2156 1077 2154 1077 2157 1078 2158 1078 2156 1078 2159 1079 2160 1079 2158 1079 2161 1080 2162 1080 2160 1080 2163 1081 2164 1081 2162 1081 2165 1082 2166 1082 2164 1082 2167 1083 2168 1083 2166 1083 2169 1084 2170 1084 2168 1084 2171 1085 2172 1085 2170 1085 2173 1086 2174 1086 2172 1086 2175 1087 2176 1087 2174 1087 2177 1088 2178 1088 2176 1088 2179 1089 2180 1089 2178 1089 2181 1090 2182 1090 2180 1090 2183 1091 2184 1091 2182 1091 2185 1092 2186 1092 2184 1092 2187 1093 2188 1093 2186 1093 2189 1094 2190 1094 2188 1094 2191 1095 2192 1095 2190 1095 2193 1096 2194 1096 2192 1096 2195 1097 2196 1097 2194 1097 2197 1098 2198 1098 2196 1098 2199 1099 2200 1099 2198 1099 2201 1100 2202 1100 2200 1100 2203 1101 2204 1101 2202 1101 2205 1102 2206 1102 2204 1102 2207 1103 2208 1103 2206 1103 2209 1104 2210 1104 2208 1104 2211 1105 2212 1105 2210 1105 2213 1106 2214 1106 2212 1106 2215 1107 2216 1107 2214 1107 2217 1108 2218 1108 2216 1108 2219 1109 2220 1109 2218 1109 2221 1110 2222 1110 2220 1110 2223 1111 2224 1111 2222 1111 2225 1112 2226 1112 2224 1112 2227 1113 2228 1113 2226 1113 2229 1114 2230 1114 2228 1114 2231 1115 2232 1115 2230 1115 2233 1116 2234 1116 2232 1116 2235 1117 2236 1117 2234 1117 2237 1118 2238 1118 2236 1118 2239 1119 2240 1119 2238 1119 2241 1120 2242 1120 2240 1120 2243 1121 2244 1121 2242 1121 2245 1122 2246 1122 2244 1122 2247 1123 2248 1123 2246 1123 2249 1124 2250 1124 2248 1124 2251 1125 2252 1125 2250 1125 2253 1126 2254 1126 2252 1126 2255 1127 2256 1127 2254 1127 2257 1128 2258 1128 2256 1128 2259 1129 2260 1129 2258 1129 2261 1130 2262 1130 2260 1130 2263 1131 2264 1131 2262 1131 2265 1132 2266 1132 2264 1132 2267 1133 2268 1133 2266 1133 2269 1134 2270 1134 2268 1134 2271 1135 2272 1135 2270 1135 2273 1136 2274 1136 2272 1136 2275 1137 2276 1137 2274 1137 2277 1138 2278 1138 2276 1138 2279 1139 2280 1139 2278 1139 2281 1140 2282 1140 2280 1140 2283 1141 2284 1141 2282 1141 2285 1142 2286 1142 2284 1142 2287 1143 2288 1143 2286 1143 2289 1144 2290 1144 2288 1144 2291 1145 2292 1145 2290 1145 2293 1146 2294 1146 2292 1146 2295 1147 2296 1147 2294 1147 2297 1148 2298 1148 2296 1148 2299 1149 2300 1149 2298 1149 2301 1150 2302 1150 2300 1150 2303 1151 2304 1151 2302 1151 2305 1152 2306 1152 2304 1152 2307 1153 2308 1153 2306 1153 2309 1154 2310 1154 2308 1154 2311 1155 2312 1155 2310 1155 2313 1156 2314 1156 2312 1156 2315 1157 2316 1157 2314 1157 2317 1158 2318 1158 2316 1158 2319 1159 2320 1159 2318 1159 2321 1160 2322 1160 2320 1160 2323 1161 2324 1161 2322 1161 2325 1162 2326 1162 2324 1162 2327 1163 2328 1163 2326 1163 2329 1164 2330 1164 2328 1164 2331 1165 2332 1165 2330 1165 2333 1166 2334 1166 2332 1166 2335 1167 2336 1167 2334 1167 2337 1168 2338 1168 2336 1168 2339 1169 2340 1169 2338 1169 2341 1170 2342 1170 2340 1170 2343 1171 2344 1171 2342 1171 2345 1172 2346 1172 2344 1172 2347 1173 2348 1173 2346 1173 2349 1174 2350 1174 2348 1174 2351 1175 2352 1175 2350 1175 2353 1176 2354 1176 2352 1176 2355 1177 2356 1177 2354 1177 2357 1178 2358 1178 2356 1178 2359 1179 2360 1179 2358 1179 2361 1180 2362 1180 2360 1180 2363 1181 2364 1181 2362 1181 2365 1182 2366 1182 2364 1182 2367 1183 2368 1183 2366 1183 2369 1184 2370 1184 2368 1184 2371 1185 2372 1185 2370 1185 2373 1186 2374 1186 2372 1186 2375 1187 2376 1187 2374 1187 2377 1188 2378 1188 2376 1188 2379 1189 2380 1189 2378 1189 2381 1190 2382 1190 2380 1190 2383 1191 2384 1191 2382 1191 2385 1192 2386 1192 2384 1192 2387 1193 2388 1193 2386 1193 2389 1194 2390 1194 2388 1194 2391 1195 2392 1195 2390 1195 2393 1196 2394 1196 2392 1196 2395 1197 2396 1197 2394 1197 2397 1198 2398 1198 2396 1198 2399 1199 2400 1199 2398 1199 2401 1200 2402 1200 2400 1200 2403 1201 2404 1201 2402 1201 2405 1202 2406 1202 2404 1202 2407 1203 2408 1203 2406 1203 2409 1204 2410 1204 2408 1204 2411 1205 2412 1205 2410 1205 2413 1206 2414 1206 2412 1206 2415 1207 2416 1207 2414 1207 2417 1208 2418 1208 2416 1208 2419 1209 2420 1209 2418 1209 2421 1210 2422 1210 2420 1210 2423 1211 2424 1211 2422 1211 2425 1212 2426 1212 2424 1212 2427 1213 2428 1213 2426 1213 2429 1214 2430 1214 2428 1214 2431 1215 2432 1215 2430 1215 2433 1216 2434 1216 2432 1216 2435 1217 2436 1217 2434 1217 2437 1218 2438 1218 2436 1218 2439 1219 2440 1219 2438 1219 2441 1220 2442 1220 2440 1220 2443 1221 2444 1221 2442 1221 2445 1222 2446 1222 2444 1222 2447 1223 2448 1223 2446 1223 2449 1224 2450 1224 2448 1224 2451 1225 2452 1225 2450 1225 2453 1226 2454 1226 2452 1226 2455 1227 2456 1227 2454 1227 2457 1228 2458 1228 2456 1228 2459 1229 2460 1229 2458 1229 2461 1230 2462 1230 2460 1230 2463 1231 2464 1231 2462 1231 2465 1232 2466 1232 2464 1232 2467 1233 2468 1233 2466 1233 2469 1234 2470 1234 2468 1234 2471 1235 2472 1235 2470 1235 2473 1236 2474 1236 2472 1236 2475 1237 2476 1237 2474 1237 2477 1238 2478 1238 2476 1238 2479 1239 2480 1239 2478 1239 2481 1240 2482 1240 2480 1240 2483 1241 2484 1241 2482 1241 2485 1242 2486 1242 2484 1242 2487 1243 2488 1243 2486 1243 2489 1244 2490 1244 2488 1244 2491 1245 2492 1245 2490 1245 2493 1246 2494 1246 2492 1246 2495 1247 2496 1247 2494 1247 2497 1248 2498 1248 2496 1248 2499 1249 2500 1249 2498 1249 2501 1250 2502 1250 2500 1250 2503 1251 2504 1251 2502 1251 2505 1252 2506 1252 2504 1252 2507 1253 2508 1253 2506 1253 2509 1254 2510 1254 2508 1254 2511 1255 2512 1255 2510 1255 2513 1256 2514 1256 2512 1256 2515 1257 2516 1257 2514 1257 2517 1258 2518 1258 2516 1258 2519 1259 2520 1259 2518 1259 2521 1260 2522 1260 2520 1260 2523 1261 2524 1261 2522 1261 2525 1262 2526 1262 2524 1262 2527 1263 2528 1263 2526 1263 2529 1264 2530 1264 2528 1264 2531 1265 2532 1265 2530 1265 2533 1266 2534 1266 2532 1266 2535 1267 2536 1267 2534 1267 2537 1268 2538 1268 2536 1268 2539 1269 2540 1269 2538 1269 2541 1270 2542 1270 2540 1270 2543 1271 2544 1271 2542 1271 2545 1272 2546 1272 2544 1272 2547 1273 2548 1273 2546 1273 2549 1274 2550 1274 2548 1274 2551 1275 2552 1275 2550 1275 2553 1276 2554 1276 2552 1276 2555 1277 2556 1277 2554 1277 2557 1278 2558 1278 2556 1278 2559 1279 2560 1279 2558 1279 2561 1280 2562 1280 2560 1280 2563 1281 2564 1281 2562 1281 2565 1282 2566 1282 2564 1282 2567 1283 2568 1283 2566 1283 2569 1284 2570 1284 2568 1284 2571 1285 2572 1285 2570 1285 2573 1286 2574 1286 2572 1286 2575 1287 2576 1287 2574 1287 2577 1288 2578 1288 2576 1288 2579 1289 2580 1289 2578 1289 2581 1290 2582 1290 2580 1290 2583 1291 2584 1291 2582 1291 2585 1292 2586 1292 2584 1292 2587 1293 2588 1293 2586 1293 2589 1294 2590 1294 2588 1294 2591 1295 2592 1295 2590 1295 2593 1296 2594 1296 2592 1296 2595 1297 2596 1297 2594 1297 2597 1298 2598 1298 2596 1298 2599 1299 2600 1299 2598 1299 2601 1300 2602 1300 2600 1300 2603 1301 2604 1301 2602 1301 2605 1302 2606 1302 2604 1302 2607 1303 2608 1303 2606 1303 2609 1304 2610 1304 2608 1304 2611 1305 2612 1305 2610 1305 2613 1306 2614 1306 2612 1306 2615 1307 2616 1307 2614 1307 2617 1308 2618 1308 2616 1308 2619 1309 2620 1309 2618 1309 2621 1310 2622 1310 2620 1310 2623 1311 2624 1311 2622 1311 2625 1312 2626 1312 2624 1312 2627 1313 2628 1313 2626 1313 2629 1314 2630 1314 2628 1314 2631 1315 2632 1315 2630 1315 2633 1316 2634 1316 2632 1316 2635 1317 2636 1317 2634 1317 2637 1318 2638 1318 2636 1318 2639 1319 2640 1319 2638 1319 2641 1320 2642 1320 2640 1320 2643 1321 2644 1321 2642 1321 2645 1322 2646 1322 2644 1322 2647 1323 2648 1323 2646 1323 2649 1324 2650 1324 2648 1324 2651 1325 2652 1325 2650 1325 2653 1326 2654 1326 2652 1326 2655 1327 2656 1327 2654 1327 2657 1328 2658 1328 2656 1328 2659 1329 2660 1329 2658 1329 2661 1330 2662 1330 2660 1330 2663 1331 2664 1331 2662 1331 2665 1332 2666 1332 2664 1332 2667 1333 2668 1333 2666 1333 2669 1334 2670 1334 2668 1334 2671 1335 2672 1335 2670 1335 2673 1336 2674 1336 2672 1336 2675 1337 2676 1337 2674 1337 2677 1338 2678 1338 2676 1338 2679 1339 2680 1339 2678 1339 2681 1340 2682 1340 2680 1340 2683 1341 2684 1341 2682 1341 2685 1342 2686 1342 2684 1342 2687 1343 2688 1343 2686 1343 2689 1344 2690 1344 2688 1344 2691 1345 2692 1345 2690 1345 2693 1346 2694 1346 2692 1346 2695 1347 2696 1347 2694 1347 2697 1348 2698 1348 2696 1348 2699 1349 2700 1349 2698 1349 2701 1350 2702 1350 2700 1350 2703 1351 2704 1351 2702 1351 2705 1352 2706 1352 2704 1352 2707 1353 2708 1353 2706 1353 2709 1354 2710 1354 2708 1354 2711 1355 2712 1355 2710 1355 2713 1356 2714 1356 2712 1356 2715 1357 2716 1357 2714 1357 2717 1358 2718 1358 2716 1358 2719 1359 2720 1359 2718 1359 2721 1360 2722 1360 2720 1360 2723 1361 2724 1361 2722 1361 2725 1362 2726 1362 2724 1362 2727 1363 2728 1363 2726 1363 2729 1364 2730 1364 2728 1364 2731 1365 2732 1365 2730 1365 2733 1366 2734 1366 2732 1366 2735 1367 2736 1367 2734 1367 2737 1368 2738 1368 2736 1368 2739 1369 2740 1369 2738 1369 2741 1370 2742 1370 2740 1370 2743 1371 2744 1371 2742 1371 2745 1372 2746 1372 2744 1372 2747 1373 2748 1373 2746 1373 2749 1374 2750 1374 2748 1374 2751 1375 2752 1375 2750 1375 2753 1376 2754 1376 2752 1376 2755 1377 2756 1377 2754 1377 2757 1378 2758 1378 2756 1378 2759 1379 2760 1379 2758 1379 2761 1380 2762 1380 2760 1380 2763 1381 2764 1381 2762 1381 2765 1382 2766 1382 2764 1382 2767 1383 2768 1383 2766 1383 2769 1384 2770 1384 2768 1384 2771 1385 2772 1385 2770 1385 2773 1386 2774 1386 2772 1386 2775 1387 2776 1387 2774 1387 2777 1388 2778 1388 2776 1388 2779 1389 2780 1389 2778 1389 2781 1390 2782 1390 2780 1390 2783 1391 2784 1391 2782 1391 2785 1392 2786 1392 2784 1392 2787 1393 2788 1393 2786 1393 2789 1394 2790 1394 2788 1394 2791 1395 2792 1395 2790 1395 2793 1396 2794 1396 2792 1396 2795 1397 2796 1397 2794 1397 2797 1398 2798 1398 2796 1398 2799 1399 2800 1399 2798 1399 2801 1400 2802 1400 2800 1400 2803 1401 2804 1401 2802 1401 2805 1402 2806 1402 2804 1402 2807 1403 2808 1403 2806 1403 2809 1404 2810 1404 2808 1404 2811 1405 2812 1405 2810 1405 2813 1406 2814 1406 2812 1406 2815 1407 2816 1407 2814 1407 2817 1408 2818 1408 2816 1408 2819 1409 2820 1409 2818 1409 2821 1410 2822 1410 2820 1410 2823 1411 2824 1411 2822 1411 2825 1412 2826 1412 2824 1412 2827 1413 2828 1413 2826 1413 2829 1414 2830 1414 2828 1414 2831 1415 2832 1415 2830 1415 2833 1416 2834 1416 2832 1416 2835 1417 2836 1417 2834 1417 2837 1418 2838 1418 2836 1418 2839 1419 2840 1419 2838 1419 2841 1420 2842 1420 2840 1420 2843 1421 2844 1421 2842 1421 2845 1422 2846 1422 2844 1422 2847 1423 2848 1423 2846 1423 2849 1424 2850 1424 2848 1424 2851 1425 2852 1425 2850 1425 2853 1426 2854 1426 2852 1426 2855 1427 2856 1427 2854 1427 2857 1428 2858 1428 2856 1428 2859 1429 2860 1429 2858 1429 2861 1430 2862 1430 2860 1430 2863 1431 2864 1431 2862 1431 2865 1432 2866 1432 2864 1432 2867 1433 2868 1433 2866 1433 2869 1434 2870 1434 2868 1434 2871 1435 2872 1435 2870 1435 2873 1436 2874 1436 2872 1436 2875 1437 2876 1437 2874 1437 2877 1438 2878 1438 2876 1438 2879 1439 2880 1439 2878 1439 2881 1440 2882 1440 2880 1440 2883 1441 2884 1441 2882 1441 2885 1442 2886 1442 2884 1442 2887 1443 2888 1443 2886 1443 2889 1444 2890 1444 2888 1444 2891 1445 2892 1445 2890 1445 2893 1446 2894 1446 2892 1446 2895 1447 2896 1447 2894 1447 2897 1448 2898 1448 2896 1448 2899 1449 2900 1449 2898 1449 2901 1450 2902 1450 2900 1450 2903 1451 2904 1451 2902 1451 2905 1452 2906 1452 2904 1452 2907 1453 2908 1453 2906 1453 2909 1454 2910 1454 2908 1454 2911 1455 2912 1455 2910 1455 2913 1456 2914 1456 2912 1456 2915 1457 2916 1457 2914 1457 2917 1458 2918 1458 2916 1458 2919 1459 2920 1459 2918 1459 2921 1460 2922 1460 2920 1460 2923 1461 2924 1461 2922 1461 2925 1462 2926 1462 2924 1462 2927 1463 2928 1463 2926 1463 2929 1464 2930 1464 2928 1464 2931 1465 2932 1465 2930 1465 2933 1466 2934 1466 2932 1466 2935 1467 2936 1467 2934 1467 2937 1468 2938 1468 2936 1468 2939 1469 2940 1469 2938 1469 2941 1470 2942 1470 2940 1470 2943 1471 2944 1471 2942 1471 2945 1472 2946 1472 2944 1472 2947 1473 2948 1473 2946 1473 2949 1474 2950 1474 2948 1474 2951 1475 2952 1475 2950 1475 2953 1476 2954 1476 2952 1476 2955 1477 2956 1477 2954 1477 2957 1478 2958 1478 2956 1478 2959 1479 2960 1479 2958 1479 2961 1480 2962 1480 2960 1480 2963 1481 2964 1481 2962 1481 2965 1482 2966 1482 2964 1482 2967 1483 2968 1483 2966 1483 2969 1484 2970 1484 2968 1484 2971 1485 2972 1485 2970 1485 2973 1486 2974 1486 2972 1486 2975 1487 2976 1487 2974 1487 2977 1488 2978 1488 2976 1488 2979 1489 2980 1489 2978 1489 2981 1490 2982 1490 2980 1490 2983 1491 2984 1491 2982 1491 2985 1492 2986 1492 2984 1492 2987 1493 2988 1493 2986 1493 2989 1494 2990 1494 2988 1494 2991 1495 2992 1495 2990 1495 2993 1496 2994 1496 2992 1496 2995 1497 2996 1497 2994 1497 2997 1498 2998 1498 2996 1498 2999 1499 3000 1499 2998 1499 3001 1500 3002 1500 3000 1500 3003 1501 3004 1501 3002 1501 3005 1502 3006 1502 3004 1502 3007 1503 3008 1503 3006 1503 3009 1504 3010 1504 3008 1504 3011 1505 3012 1505 3010 1505 3013 1506 3014 1506 3012 1506 3015 1507 3016 1507 3014 1507 3017 1508 3018 1508 3016 1508 3019 1509 3020 1509 3018 1509 3021 1510 3022 1510 3020 1510 3023 1511 3024 1511 3022 1511 3025 1512 3026 1512 3024 1512 3027 1513 3028 1513 3026 1513 3029 1514 3030 1514 3028 1514 3031 1515 3032 1515 3030 1515 3033 1516 3034 1516 3032 1516 3035 1517 3036 1517 3034 1517 3037 1518 3038 1518 3036 1518 3039 1519 3040 1519 3038 1519 3041 1520 3042 1520 3040 1520 3043 1521 3044 1521 3042 1521 3045 1522 3046 1522 3044 1522 3047 1523 3048 1523 3046 1523 3049 1524 3050 1524 3048 1524 3051 1525 3052 1525 3050 1525 3053 1526 3054 1526 3052 1526 3055 1527 3056 1527 3054 1527 3057 1528 3058 1528 3056 1528 3059 1529 3060 1529 3058 1529 3061 1530 3062 1530 3060 1530 3063 1531 3064 1531 3062 1531 3065 1532 3066 1532 3064 1532 3067 1533 3068 1533 3066 1533 3069 1534 3070 1534 3068 1534 3071 1535 3072 1535 3070 1535 3073 1536 3074 1536 3072 1536 3075 1537 3076 1537 3074 1537 3077 1538 3078 1538 3076 1538 3079 1539 3080 1539 3078 1539 3081 1540 3082 1540 3080 1540 3083 1541 3084 1541 3082 1541 3085 1542 3086 1542 3084 1542 3087 1543 3088 1543 3086 1543 3089 1544 3090 1544 3088 1544 3091 1545 3092 1545 3090 1545 3093 1546 3094 1546 3092 1546 3095 1547 3096 1547 3094 1547 3097 1548 3098 1548 3096 1548 3099 1549 3100 1549 3098 1549 3101 1550 3102 1550 3100 1550 3103 1551 3104 1551 3102 1551 3105 1552 3106 1552 3104 1552 3107 1553 3108 1553 3106 1553 3109 1554 3110 1554 3108 1554 3111 1555 3112 1555 3110 1555 3113 1556 3114 1556 3112 1556 3115 1557 3116 1557 3114 1557 3117 1558 3118 1558 3116 1558 3119 1559 3120 1559 3118 1559 3121 1560 3122 1560 3120 1560 3123 1561 3124 1561 3122 1561 3125 1562 3126 1562 3124 1562 3127 1563 3128 1563 3126 1563 3129 1564 3130 1564 3128 1564 3131 1565 3132 1565 3130 1565 3133 1566 3134 1566 3132 1566 3135 1567 3136 1567 3134 1567 3137 1568 3138 1568 3136 1568 3139 1569 3140 1569 3138 1569 3141 1570 3142 1570 3140 1570 3143 1571 3144 1571 3142 1571 3145 1572 3146 1572 3144 1572 3147 1573 3148 1573 3146 1573 3149 1574 3150 1574 3148 1574 3151 1575 3152 1575 3150 1575 3153 1576 3154 1576 3152 1576 3155 1577 3156 1577 3154 1577 3157 1578 3158 1578 3156 1578 3159 1579 3160 1579 3158 1579 3161 1580 3162 1580 3160 1580 3163 1581 3164 1581 3162 1581 3165 1582 3166 1582 3164 1582 3167 1583 3168 1583 3166 1583 3169 1584 3170 1584 3168 1584 3171 1585 3172 1585 3170 1585 3173 1586 3174 1586 3172 1586 3175 1587 3176 1587 3174 1587 3177 1588 3178 1588 3176 1588 3179 1589 3180 1589 3178 1589 3181 1590 3182 1590 3180 1590 3183 1591 3184 1591 3182 1591 3185 1592 3186 1592 3184 1592 3187 1593 3188 1593 3186 1593 3189 1594 3190 1594 3188 1594 3191 1595 3192 1595 3190 1595 3193 1596 3194 1596 3192 1596 3195 1597 3196 1597 3194 1597 3197 1598 3198 1598 3196 1598 3199 1599 3200 1599 3198 1599 3201 1600 3202 1600 3200 1600 3203 1601 3204 1601 3202 1601 3205 1602 3206 1602 3204 1602 3207 1603 3208 1603 3206 1603 3209 1604 3210 1604 3208 1604 3211 1605 3212 1605 3210 1605 3213 1606 3214 1606 3212 1606 3215 1607 3216 1607 3214 1607 3217 1608 3218 1608 3216 1608 3219 1609 3220 1609 3218 1609 3221 1610 3222 1610 3220 1610 3223 1611 3224 1611 3222 1611 3225 1612 3226 1612 3224 1612 3227 1613 3228 1613 3226 1613 3229 1614 3230 1614 3228 1614 3231 1615 3232 1615 3230 1615 3233 1616 3234 1616 3232 1616 3235 1617 3236 1617 3234 1617 3237 1618 3238 1618 3236 1618 3239 1619 3240 1619 3238 1619 3241 1620 3242 1620 3240 1620 3243 1621 3244 1621 3242 1621 3245 1622 3246 1622 3244 1622 3247 1623 3248 1623 3246 1623 3249 1624 3250 1624 3248 1624 3251 1625 3252 1625 3250 1625 3253 1626 3254 1626 3252 1626 3255 1627 3256 1627 3254 1627 3257 1628 3258 1628 3256 1628 3259 1629 3260 1629 3258 1629 3261 1630 3262 1630 3260 1630 3263 1631 3264 1631 3262 1631 3265 1632 3266 1632 3264 1632 3267 1633 3268 1633 3266 1633 3269 1634 3270 1634 3268 1634 3271 1635 3272 1635 3270 1635 3273 1636 3274 1636 3272 1636 3275 1637 3276 1637 3274 1637 3277 1638 3278 1638 3276 1638 3279 1639 3280 1639 3278 1639 3281 1640 3282 1640 3280 1640 3283 1641 3284 1641 3282 1641 3285 1642 3286 1642 3284 1642 3287 1643 3288 1643 3286 1643 3289 1644 3290 1644 3288 1644 3291 1645 3292 1645 3290 1645 3293 1646 3294 1646 3292 1646 3295 1647 3296 1647 3294 1647 3297 1648 3298 1648 3296 1648 3299 1649 3300 1649 3298 1649 3301 1650 3302 1650 3300 1650 3303 1651 3304 1651 3302 1651 3305 1652 3306 1652 3304 1652 3307 1653 3308 1653 3306 1653 3309 1654 3310 1654 3308 1654 3311 1655 3312 1655 3310 1655 3313 1656 3314 1656 3312 1656 3315 1657 3316 1657 3314 1657 3317 1658 3318 1658 3316 1658 3319 1659 3320 1659 3318 1659 3321 1660 3322 1660 3320 1660 3323 1661 3324 1661 3322 1661 3325 1662 3326 1662 3324 1662 3327 1663 3328 1663 3326 1663 3329 1664 3330 1664 3328 1664 3331 1665 3332 1665 3330 1665 3333 1666 3334 1666 3332 1666 3335 1667 3336 1667 3334 1667 3337 1668 3338 1668 3336 1668 3339 1669 3340 1669 3338 1669 3341 1670 3342 1670 3340 1670 3343 1671 3344 1671 3342 1671 3345 1672 3346 1672 3344 1672 3347 1673 3348 1673 3346 1673 3349 1674 3350 1674 3348 1674 3351 1675 3352 1675 3350 1675 3353 1676 3354 1676 3352 1676 3355 1677 3356 1677 3354 1677 3357 1678 3358 1678 3356 1678 3359 1679 3360 1679 3358 1679 3361 1680 3362 1680 3360 1680 3363 1681 3364 1681 3362 1681 3365 1682 3366 1682 3364 1682 3367 1683 3368 1683 3366 1683 3369 1684 3370 1684 3368 1684 3371 1685 3372 1685 3370 1685 3373 1686 3374 1686 3372 1686 3375 1687 3376 1687 3374 1687 3377 1688 3378 1688 3376 1688 3379 1689 3380 1689 3378 1689 3381 1690 3382 1690 3380 1690 3383 1691 3384 1691 3382 1691 3385 1692 3386 1692 3384 1692 3387 1693 3388 1693 3386 1693 3389 1694 3390 1694 3388 1694 3391 1695 3392 1695 3390 1695 3393 1696 3394 1696 3392 1696 3395 1697 3396 1697 3394 1697 3397 1698 3398 1698 3396 1698 3399 1699 3400 1699 3398 1699 3401 1700 3402 1700 3400 1700 3403 1701 3404 1701 3402 1701 3405 1702 3406 1702 3404 1702 3407 1703 3408 1703 3406 1703 3409 1704 3410 1704 3408 1704 3411 1705 3412 1705 3410 1705 3413 1706 3414 1706 3412 1706 3415 1707 3416 1707 3414 1707 3417 1708 3418 1708 3416 1708 3419 1709 3420 1709 3418 1709 3421 1710 3422 1710 3420 1710 3423 1711 3424 1711 3422 1711 3425 1712 3426 1712 3424 1712 3427 1713 3428 1713 3426 1713 3429 1714 3430 1714 3428 1714 3431 1715 3432 1715 3430 1715 3433 1716 3434 1716 3432 1716 3435 1717 3436 1717 3434 1717 3437 1718 3438 1718 3436 1718 3439 1719 3440 1719 3438 1719 3441 1720 3442 1720 3440 1720 3443 1721 3444 1721 3442 1721 3445 1722 3446 1722 3444 1722 3447 1723 3448 1723 3446 1723 3449 1724 3450 1724 3448 1724 3451 1725 3452 1725 3450 1725 3453 1726 3454 1726 3452 1726 3455 1727 3456 1727 3454 1727 3457 1728 3458 1728 3456 1728 3459 1729 3460 1729 3458 1729 3461 1730 3462 1730 3460 1730 3463 1731 3464 1731 3462 1731 3465 1732 3466 1732 3464 1732 3467 1733 3468 1733 3466 1733 3469 1734 3470 1734 3468 1734 3471 1735 3472 1735 3470 1735 3473 1736 3474 1736 3472 1736 3475 1737 3476 1737 3474 1737 3477 1738 3478 1738 3476 1738 3479 1739 3480 1739 3478 1739 3481 1740 3482 1740 3480 1740 3483 1741 3484 1741 3482 1741 3485 1742 3486 1742 3484 1742 3487 1743 3488 1743 3486 1743 3489 1744 3490 1744 3488 1744 3491 1745 3492 1745 3490 1745 3493 1746 3494 1746 3492 1746 3495 1747 3496 1747 3494 1747 3497 1748 3498 1748 3496 1748 3499 1749 3500 1749 3498 1749 3501 1750 3502 1750 3500 1750 3503 1751 3504 1751 3502 1751 3505 1752 3506 1752 3504 1752 3507 1753 3508 1753 3506 1753 3509 1754 3510 1754 3508 1754 3511 1755 3512 1755 3510 1755 3513 1756 3514 1756 3512 1756 3515 1757 3516 1757 3514 1757 3517 1758 3518 1758 3516 1758 3519 1759 3520 1759 3518 1759 3521 1760 3522 1760 3520 1760 3523 1761 3524 1761 3522 1761 3525 1762 3526 1762 3524 1762 3527 1763 3528 1763 3526 1763 3529 1764 3530 1764 3528 1764 3531 1765 3532 1765 3530 1765 3533 1766 3534 1766 3532 1766 3535 1767 3536 1767 3534 1767 3537 1768 3538 1768 3536 1768 3539 1769 3540 1769 3538 1769 3541 1770 3542 1770 3540 1770 3543 1771 3544 1771 3542 1771 3545 1772 3546 1772 3544 1772 3547 1773 3548 1773 3546 1773 3549 1774 3550 1774 3548 1774 3551 1775 3552 1775 3550 1775 3553 1776 3554 1776 3552 1776 3555 1777 3556 1777 3554 1777 3557 1778 3558 1778 3556 1778 3559 1779 3560 1779 3558 1779 3561 1780 3562 1780 3560 1780 3563 1781 3564 1781 3562 1781 3565 1782 3566 1782 3564 1782 3567 1783 3568 1783 3566 1783 3569 1784 3570 1784 3568 1784 3571 1785 3572 1785 3570 1785 3573 1786 3574 1786 3572 1786 3575 1787 3576 1787 3574 1787 3577 1788 3578 1788 3576 1788 3579 1789 3580 1789 3578 1789 3581 1790 3582 1790 3580 1790 3583 1791 3584 1791 3582 1791 3585 1792 3586 1792 3584 1792 3587 1793 3588 1793 3586 1793 3589 1794 3590 1794 3588 1794 3591 1795 3592 1795 3590 1795 3593 1796 3594 1796 3592 1796 3595 1797 3596 1797 3594 1797 3597 1798 3598 1798 3596 1798 3599 1799 3600 1799 3598 1799 3601 1800 3602 1800 3600 1800 3603 1801 3604 1801 3602 1801 3605 1802 3606 1802 3604 1802 3607 1803 3608 1803 3606 1803 3609 1804 3610 1804 3608 1804 3611 1805 3612 1805 3610 1805 3613 1806 3614 1806 3612 1806 3615 1807 3616 1807 3614 1807 3617 1808 3618 1808 3616 1808 3619 1809 3620 1809 3618 1809 3621 1810 3622 1810 3620 1810 3623 1811 3624 1811 3622 1811 3625 1812 3626 1812 3624 1812 3627 1813 3628 1813 3626 1813 3629 1814 3630 1814 3628 1814 3631 1815 3632 1815 3630 1815 3633 1816 3634 1816 3632 1816 3635 1817 3636 1817 3634 1817 3637 1818 3638 1818 3636 1818 3639 1819 3640 1819 3638 1819 3641 1820 3642 1820 3640 1820 3643 1821 3644 1821 3642 1821 3645 1822 3646 1822 3644 1822 3647 1823 3648 1823 3646 1823 3649 1824 3650 1824 3648 1824 3651 1825 3652 1825 3650 1825 3653 1826 3654 1826 3652 1826 3655 1827 3656 1827 3654 1827 3657 1828 3658 1828 3656 1828 3659 1829 3660 1829 3658 1829 3661 1830 3662 1830 3660 1830 3663 1831 3664 1831 3662 1831 3665 1832 3666 1832 3664 1832 3667 1833 3668 1833 3666 1833 3669 1834 3670 1834 3668 1834 3671 1835 3672 1835 3670 1835 3673 1836 3674 1836 3672 1836 3675 1837 3676 1837 3674 1837 3677 1838 3678 1838 3676 1838 3679 1839 3680 1839 3678 1839 3681 1840 3682 1840 3680 1840 3683 1841 3684 1841 3682 1841 3685 1842 3686 1842 3684 1842 3687 1843 3688 1843 3686 1843 3689 1844 3690 1844 3688 1844 3691 1845 3692 1845 3690 1845 3693 1846 3694 1846 3692 1846 3695 1847 3696 1847 3694 1847 3697 1848 3698 1848 3696 1848 3699 1849 3700 1849 3698 1849 3701 1850 3702 1850 3700 1850 3703 1851 3704 1851 3702 1851 3705 1852 3706 1852 3704 1852 3707 1853 3708 1853 3706 1853 3709 1854 3710 1854 3708 1854 3711 1855 3712 1855 3710 1855 3713 1856 3714 1856 3712 1856 3715 1857 3716 1857 3714 1857 3717 1858 3718 1858 3716 1858 3719 1859 3720 1859 3718 1859 3721 1860 3722 1860 3720 1860 3723 1861 3724 1861 3722 1861 3725 1862 3726 1862 3724 1862 3727 1863 3728 1863 3726 1863 3729 1864 3730 1864 3728 1864 3731 1865 3732 1865 3730 1865 3733 1866 3734 1866 3732 1866 3735 1867 3736 1867 3734 1867 3737 1868 3738 1868 3736 1868 3739 1869 3740 1869 3738 1869 3741 1870 3742 1870 3740 1870 3743 1871 3744 1871 3742 1871 3745 1872 3746 1872 3744 1872 3747 1873 3748 1873 3746 1873 3749 1874 3750 1874 3748 1874 3751 1875 3752 1875 3750 1875 3753 1876 3754 1876 3752 1876 3755 1877 3756 1877 3754 1877 3757 1878 3758 1878 3756 1878 3759 1879 3760 1879 3758 1879 3761 1880 3762 1880 3760 1880 3763 1881 3764 1881 3762 1881 3765 1882 3766 1882 3764 1882 3767 1883 3768 1883 3766 1883 3769 1884 3770 1884 3768 1884 3771 1885 3772 1885 3770 1885 3773 1886 3774 1886 3772 1886 3775 1887 3776 1887 3774 1887 3777 1888 3778 1888 3776 1888 3779 1889 3780 1889 3778 1889 3781 1890 3782 1890 3780 1890 3783 1891 3784 1891 3782 1891 3785 1892 3786 1892 3784 1892 3787 1893 3788 1893 3786 1893 3789 1894 3790 1894 3788 1894 3791 1895 3792 1895 3790 1895 3793 1896 3794 1896 3792 1896 3795 1897 3796 1897 3794 1897 3797 1898 3798 1898 3796 1898 3799 1899 3800 1899 3798 1899 3801 1900 3802 1900 3800 1900 3803 1901 3804 1901 3802 1901 3805 1902 3806 1902 3804 1902 3807 1903 3808 1903 3806 1903 3809 1904 3810 1904 3808 1904 3811 1905 3812 1905 3810 1905 3813 1906 3814 1906 3812 1906 3815 1907 3816 1907 3814 1907 3817 1908 3818 1908 3816 1908 3819 1909 3820 1909 3818 1909 3821 1910 3822 1910 3820 1910 3823 1911 3824 1911 3822 1911 3825 1912 3826 1912 3824 1912 3827 1913 3828 1913 3826 1913 3829 1914 3830 1914 3828 1914 3831 1915 3832 1915 3830 1915 3833 1916 3834 1916 3832 1916 3835 1917 3836 1917 3834 1917 3837 1918 3838 1918 3836 1918 3839 1919 3840 1919 3838 1919 3841 1920 3842 1920 3840 1920 3843 1921 3844 1921 3842 1921 3845 1922 3846 1922 3844 1922 3847 1923 3848 1923 3846 1923 3849 1924 3850 1924 3848 1924 3851 1925 3852 1925 3850 1925 3853 1926 3854 1926 3852 1926 3855 1927 3856 1927 3854 1927 3857 1928 3858 1928 3856 1928 3859 1929 3860 1929 3858 1929 3861 1930 3862 1930 3860 1930 3863 1931 3864 1931 3862 1931 3865 1932 3866 1932 3864 1932 3867 1933 3868 1933 3866 1933 3869 1934 3870 1934 3868 1934 3871 1935 3872 1935 3870 1935 3873 1936 3874 1936 3872 1936 3875 1937 3876 1937 3874 1937 3877 1938 3878 1938 3876 1938 3879 1939 3880 1939 3878 1939 3881 1940 3882 1940 3880 1940 3883 1941 3884 1941 3882 1941 3885 1942 3886 1942 3884 1942 3887 1943 3888 1943 3886 1943 3889 1944 3890 1944 3888 1944 3891 1945 3892 1945 3890 1945 3893 1946 3894 1946 3892 1946 3895 1947 3896 1947 3894 1947 3897 1948 3898 1948 3896 1948 3899 1949 3900 1949 3898 1949 3901 1950 3902 1950 3900 1950 3903 1951 3904 1951 3902 1951 3905 1952 3906 1952 3904 1952 3907 1953 3908 1953 3906 1953 3909 1954 3910 1954 3908 1954 3911 1955 3912 1955 3910 1955 3913 1956 3914 1956 3912 1956 3915 1957 3916 1957 3914 1957 3917 1958 3918 1958 3916 1958 3919 1959 3920 1959 3918 1959 3921 1960 3922 1960 3920 1960 3923 1961 3924 1961 3922 1961 3925 1962 3926 1962 3924 1962 3927 1963 3928 1963 3926 1963 3929 1964 3930 1964 3928 1964 3931 1965 3932 1965 3930 1965 3933 1966 3934 1966 3932 1966 3935 1967 3936 1967 3934 1967 3937 1968 3938 1968 3936 1968 3939 1969 3940 1969 3938 1969 3941 1970 3942 1970 3940 1970 3943 1971 3944 1971 3942 1971 3945 1972 3946 1972 3944 1972 3947 1973 3948 1973 3946 1973 3949 1974 3950 1974 3948 1974 3951 1975 3952 1975 3950 1975 3953 1976 3954 1976 3952 1976 3955 1977 3956 1977 3954 1977 3957 1978 3958 1978 3956 1978 3959 1979 3960 1979 3958 1979 3961 1980 3962 1980 3960 1980 3963 1981 3964 1981 3962 1981 3965 1982 3966 1982 3964 1982 3967 1983 3968 1983 3966 1983 3969 1984 3970 1984 3968 1984 3971 1985 3972 1985 3970 1985 3973 1986 3974 1986 3972 1986 3975 1987 3976 1987 3974 1987 3977 1988 3978 1988 3976 1988 3979 1989 3980 1989 3978 1989 3981 1990 3982 1990 3980 1990 3983 1991 3984 1991 3982 1991 3985 1992 3986 1992 3984 1992 3987 1993 3988 1993 3986 1993 3989 1994 3990 1994 3988 1994 3991 1995 3992 1995 3990 1995 3993 1996 3994 1996 3992 1996 3995 1997 3996 1997 3994 1997 1637 1998 1125 1998 101 1998 3997 1999 3998 1999 3996 1999 3999 2000 0 2000 3998 2000 1854 2001 2878 2001 3902 2001 1 0 3 0 2 0 3 2002 5 2002 4 2002 5 2 7 2 6 2 7 2003 9 2003 8 2003 9 2004 11 2004 10 2004 11 2005 13 2005 12 2005 13 2006 15 2006 14 2006 15 2007 17 2007 16 2007 17 2008 19 2008 18 2008 19 9 21 9 20 9 21 10 23 10 22 10 23 11 25 11 24 11 25 2009 27 2009 26 2009 27 13 29 13 28 13 29 2010 31 2010 30 2010 31 15 33 15 32 15 33 16 35 16 34 16 35 2011 37 2011 36 2011 37 2012 39 2012 38 2012 39 2013 41 2013 40 2013 41 2014 43 2014 42 2014 43 2015 45 2015 44 2015 45 2016 47 2016 46 2016 47 2017 49 2017 48 2017 49 24 51 24 50 24 51 2018 53 2018 52 2018 53 2019 55 2019 54 2019 55 2020 57 2020 56 2020 57 2021 59 2021 58 2021 59 29 61 29 60 29 61 2022 63 2022 62 2022 63 2023 65 2023 64 2023 65 32 67 32 66 32 67 2024 69 2024 68 2024 69 34 71 34 70 34 71 2025 73 2025 72 2025 73 2026 75 2026 74 2026 75 2027 77 2027 76 2027 77 38 79 38 78 38 79 2028 81 2028 80 2028 81 40 83 40 82 40 83 2029 85 2029 84 2029 85 2030 87 2030 86 2030 87 43 89 43 88 43 89 2031 91 2031 90 2031 91 2032 93 2032 92 2032 93 2033 95 2033 94 2033 95 2034 97 2034 96 2034 97 48 99 48 98 48 99 2035 101 2035 100 2035 101 50 103 50 102 50 103 51 105 51 104 51 105 52 107 52 106 52 107 53 109 53 108 53 109 2036 111 2036 110 2036 111 2037 113 2037 112 2037 113 56 115 56 114 56 115 2038 117 2038 116 2038 117 58 119 58 118 58 119 2039 121 2039 120 2039 121 2040 123 2040 122 2040 123 2041 125 2041 124 2041 125 2042 127 2042 126 2042 127 2043 129 2043 128 2043 129 64 131 64 130 64 131 65 133 65 132 65 133 2044 135 2044 134 2044 135 67 137 67 136 67 137 2045 139 2045 138 2045 139 69 141 69 140 69 141 2046 143 2046 142 2046 143 71 145 71 144 71 145 72 147 72 146 72 147 73 149 73 148 73 149 2047 151 2047 150 2047 151 75 153 75 152 75 153 76 155 76 154 76 155 77 157 77 156 77 157 78 159 78 158 78 159 2048 161 2048 160 2048 161 2049 163 2049 162 2049 163 2050 165 2050 164 2050 165 82 167 82 166 82 167 2051 169 2051 168 2051 169 84 171 84 170 84 171 85 173 85 172 85 173 2052 175 2052 174 2052 175 2053 177 2053 176 2053 177 2054 179 2054 178 2054 179 89 181 89 180 89 181 2055 183 2055 182 2055 183 2056 185 2056 184 2056 185 2057 187 2057 186 2057 187 2058 189 2058 188 2058 189 94 191 94 190 94 191 95 193 95 192 95 193 96 195 96 194 96 195 2059 197 2059 196 2059 197 2060 199 2060 198 2060 199 2061 201 2061 200 2061 201 2062 203 2062 202 2062 203 101 205 101 204 101 205 2063 207 2063 206 2063 207 2064 209 2064 208 2064 209 104 211 104 210 104 211 2065 213 2065 212 2065 213 2066 215 2066 214 2066 215 2067 217 2067 216 2067 217 2068 219 2068 218 2068 219 2069 221 2069 220 2069 221 2070 223 2070 222 2070 223 2071 225 2071 224 2071 225 112 227 112 226 112 227 2072 229 2072 228 2072 229 2073 231 2073 230 2073 231 115 233 115 232 115 233 2074 235 2074 234 2074 235 2075 237 2075 236 2075 237 2076 239 2076 238 2076 239 119 241 119 240 119 241 2077 243 2077 242 2077 243 2078 245 2078 244 2078 245 122 247 122 246 122 247 123 249 123 248 123 249 2079 251 2079 250 2079 251 2080 253 2080 252 2080 253 2081 255 2081 254 2081 255 127 257 127 256 127 257 2082 259 2082 258 2082 259 129 261 129 260 129 261 130 263 130 262 130 263 131 265 131 264 131 265 2083 267 2083 266 2083 267 2084 269 2084 268 2084 269 2085 271 2085 270 2085 271 135 273 135 272 135 273 2086 275 2086 274 2086 275 2087 277 2087 276 2087 277 2088 279 2088 278 2088 279 2089 281 2089 280 2089 281 2090 283 2090 282 2090 283 2091 285 2091 284 2091 285 142 287 142 286 142 287 143 289 143 288 143 289 144 291 144 290 144 291 2092 293 2092 292 2092 293 2093 295 2093 294 2093 295 2094 297 2094 296 2094 297 2095 299 2095 298 2095 299 2096 301 2096 300 2096 301 2097 303 2097 302 2097 303 151 305 151 304 151 305 2098 307 2098 306 2098 307 153 309 153 308 153 309 2099 311 2099 310 2099 311 2100 313 2100 312 2100 313 2101 315 2101 314 2101 315 2102 317 2102 316 2102 317 2103 319 2103 318 2103 319 159 321 159 320 159 321 2104 323 2104 322 2104 323 161 325 161 324 161 325 2105 327 2105 326 2105 327 163 329 163 328 163 329 2106 331 2106 330 2106 331 165 333 165 332 165 333 166 335 166 334 166 335 2107 337 2107 336 2107 337 2108 339 2108 338 2108 339 2109 341 2109 340 2109 341 170 343 170 342 170 343 2110 345 2110 344 2110 345 172 347 172 346 172 347 173 349 173 348 173 349 2111 351 2111 350 2111 351 2112 353 2112 352 2112 353 2113 355 2113 354 2113 355 2114 357 2114 356 2114 357 2115 359 2115 358 2115 359 2116 361 2116 360 2116 361 2117 363 2117 362 2117 363 2118 365 2118 364 2118 365 182 367 182 366 182 367 2119 369 2119 368 2119 369 2120 371 2120 370 2120 371 2121 373 2121 372 2121 373 186 375 186 374 186 375 187 377 187 376 187 377 188 379 188 378 188 379 2122 381 2122 380 2122 381 2123 383 2123 382 2123 383 2124 385 2124 384 2124 385 192 387 192 386 192 387 2125 389 2125 388 2125 389 2126 391 2126 390 2126 391 2127 393 2127 392 2127 393 2128 395 2128 394 2128 395 197 397 197 396 197 397 2129 399 2129 398 2129 399 2130 401 2130 400 2130 401 2131 403 2131 402 2131 403 2132 405 2132 404 2132 405 202 407 202 406 202 407 2133 409 2133 408 2133 409 2134 411 2134 410 2134 411 2135 413 2135 412 2135 413 206 415 206 414 206 415 2136 417 2136 416 2136 417 208 419 208 418 208 419 2137 421 2137 420 2137 421 210 423 210 422 210 423 2138 425 2138 424 2138 425 212 427 212 426 212 427 2139 429 2139 428 2139 429 2140 431 2140 430 2140 431 2141 433 2141 432 2141 433 2142 435 2142 434 2142 435 2143 437 2143 436 2143 437 2144 439 2144 438 2144 439 2145 441 2145 440 2145 441 2146 443 2146 442 2146 443 2147 445 2147 444 2147 445 2148 447 2148 446 2148 447 223 449 223 448 223 449 2149 451 2149 450 2149 451 2150 453 2150 452 2150 453 2151 455 2151 454 2151 455 2152 457 2152 456 2152 457 2153 459 2153 458 2153 459 229 461 229 460 229 461 230 463 230 462 230 463 2154 465 2154 464 2154 465 2155 467 2155 466 2155 467 233 469 233 468 233 469 2156 471 2156 470 2156 471 2157 473 2157 472 2157 473 236 475 236 474 236 475 2158 477 2158 476 2158 477 2159 479 2159 478 2159 479 2160 481 2160 480 2160 481 2161 483 2161 482 2161 483 2162 485 2162 484 2162 485 2163 487 2163 486 2163 487 2164 489 2164 488 2164 489 2165 491 2165 490 2165 491 2166 493 2166 492 2166 493 2167 495 2167 494 2167 495 2168 497 2168 496 2168 497 2169 499 2169 498 2169 499 249 501 249 500 249 501 2170 503 2170 502 2170 503 2171 505 2171 504 2171 505 2172 507 2172 506 2172 507 2173 509 2173 508 2173 509 2174 511 2174 510 2174 511 2175 513 2175 512 2175 513 2176 515 2176 514 2176 515 257 517 257 516 257 517 2177 519 2177 518 2177 519 2178 521 2178 520 2178 521 2179 523 2179 522 2179 523 2180 525 2180 524 2180 525 2181 527 2181 526 2181 527 263 529 263 528 263 529 2182 531 2182 530 2182 531 2183 533 2183 532 2183 533 2184 535 2184 534 2184 535 2185 537 2185 536 2185 537 2186 539 2186 538 2186 539 2187 541 2187 540 2187 541 2188 543 2188 542 2188 543 2189 545 2189 544 2189 545 2190 547 2190 546 2190 547 2191 549 2191 548 2191 549 2192 551 2192 550 2192 551 275 553 275 552 275 553 276 555 276 554 276 555 277 557 277 556 277 557 2193 559 2193 558 2193 559 2194 561 2194 560 2194 561 2195 563 2195 562 2195 563 2196 565 2196 564 2196 565 2197 567 2197 566 2197 567 283 569 283 568 283 569 284 571 284 570 284 571 2198 573 2198 572 2198 573 286 575 286 574 286 575 2199 577 2199 576 2199 577 288 579 288 578 288 579 289 581 289 580 289 581 2200 583 2200 582 2200 583 2201 585 2201 584 2201 585 2202 587 2202 586 2202 587 293 589 293 588 293 589 294 591 294 590 294 591 295 593 295 592 295 593 2203 595 2203 594 2203 595 2204 597 2204 596 2204 597 298 599 298 598 298 599 299 601 299 600 299 601 2205 603 2205 602 2205 603 2206 605 2206 604 2206 605 302 607 302 606 302 607 303 609 303 608 303 609 2207 611 2207 610 2207 611 305 613 305 612 305 613 2208 615 2208 614 2208 615 2209 617 2209 616 2209 617 308 619 308 618 308 619 2210 621 2210 620 2210 621 2211 623 2211 622 2211 623 2212 625 2212 624 2212 625 2213 627 2213 626 2213 627 313 629 313 628 313 629 2214 631 2214 630 2214 631 315 633 315 632 315 633 2215 635 2215 634 2215 635 317 637 317 636 317 637 2216 639 2216 638 2216 639 2217 641 2217 640 2217 641 2218 643 2218 642 2218 643 321 645 321 644 321 645 2219 647 2219 646 2219 647 2220 649 2220 648 2220 649 2221 651 2221 650 2221 651 2222 653 2222 652 2222 653 2223 655 2223 654 2223 655 327 657 327 656 327 657 328 659 328 658 328 659 2224 661 2224 660 2224 661 330 663 330 662 330 663 331 665 331 664 331 665 2225 667 2225 666 2225 667 333 669 333 668 333 669 2226 671 2226 670 2226 671 2227 673 2227 672 2227 673 2228 675 2228 674 2228 675 337 677 337 676 337 677 338 679 338 678 338 679 339 681 339 680 339 681 340 683 340 682 340 683 341 685 341 684 341 685 342 687 342 686 342 687 2229 689 2229 688 2229 689 2230 691 2230 690 2230 691 345 693 345 692 345 693 2231 695 2231 694 2231 695 2232 697 2232 696 2232 697 348 699 348 698 348 699 349 701 349 700 349 701 2233 703 2233 702 2233 703 2234 705 2234 704 2234 705 352 707 352 706 352 707 353 709 353 708 353 709 2235 711 2235 710 2235 711 355 713 355 712 355 713 356 715 356 714 356 715 2236 717 2236 716 2236 717 2237 719 2237 718 2237 719 2238 721 2238 720 2238 721 2239 723 2239 722 2239 723 361 725 361 724 361 725 2240 727 2240 726 2240 727 363 729 363 728 363 729 2241 731 2241 730 2241 731 365 733 365 732 365 733 2242 735 2242 734 2242 735 367 737 367 736 367 737 2243 739 2243 738 2243 739 369 741 369 740 369 741 2244 743 2244 742 2244 743 371 745 371 744 371 745 372 747 372 746 372 747 373 749 373 748 373 749 374 751 374 750 374 751 2245 753 2245 752 2245 753 376 755 376 754 376 755 2246 757 2246 756 2246 757 2247 759 2247 758 2247 759 379 761 379 760 379 761 2248 763 2248 762 2248 763 381 765 381 764 381 765 2249 767 2249 766 2249 767 383 769 383 768 383 769 384 771 384 770 384 771 2250 773 2250 772 2250 773 2251 775 2251 774 2251 775 387 777 387 776 387 777 2252 779 2252 778 2252 779 389 781 389 780 389 781 390 783 390 782 390 783 2253 785 2253 784 2253 785 2254 787 2254 786 2254 787 393 789 393 788 393 789 2255 791 2255 790 2255 791 2256 793 2256 792 2256 793 2257 795 2257 794 2257 795 2258 797 2258 796 2258 797 2259 799 2259 798 2259 799 2260 801 2260 800 2260 801 2261 803 2261 802 2261 803 401 805 401 804 401 805 2262 807 2262 806 2262 807 403 809 403 808 403 809 2263 811 2263 810 2263 811 405 813 405 812 405 813 2264 815 2264 814 2264 815 2265 817 2265 816 2265 817 2266 819 2266 818 2266 819 2267 821 2267 820 2267 821 2268 823 2268 822 2268 823 2269 825 2269 824 2269 825 412 827 412 826 412 827 2270 829 2270 828 2270 829 2271 831 2271 830 2271 831 2272 833 2272 832 2272 833 416 835 416 834 416 835 417 837 417 836 417 837 2273 839 2273 838 2273 839 2274 841 2274 840 2274 841 2275 843 2275 842 2275 843 2276 845 2276 844 2276 845 2277 847 2277 846 2277 847 2278 849 2278 848 2278 849 424 851 424 850 424 851 2279 853 2279 852 2279 853 426 855 426 854 426 855 2280 857 2280 856 2280 857 428 859 428 858 428 859 2281 861 2281 860 2281 861 2282 863 2282 862 2282 863 2283 865 2283 864 2283 865 2284 867 2284 866 2284 867 2285 869 2285 868 2285 869 2286 871 2286 870 2286 871 2287 873 2287 872 2287 873 436 875 436 874 436 875 437 877 437 876 437 877 2288 879 2288 878 2288 879 2289 881 2289 880 2289 881 440 883 440 882 440 883 441 885 441 884 441 885 442 887 442 886 442 887 2290 889 2290 888 2290 889 444 891 444 890 444 891 445 893 445 892 445 893 2291 895 2291 894 2291 895 2292 897 2292 896 2292 897 2293 899 2293 898 2293 899 2294 901 2294 900 2294 901 2295 903 2295 902 2295 903 2296 905 2296 904 2296 905 2297 907 2297 906 2297 907 453 909 453 908 453 909 454 911 454 910 454 911 455 913 455 912 455 913 2298 915 2298 914 2298 915 2299 917 2299 916 2299 917 2300 919 2300 918 2300 919 459 921 459 920 459 921 460 923 460 922 460 923 2301 925 2301 924 2301 925 462 927 462 926 462 927 463 929 463 928 463 929 464 931 464 930 464 931 2302 933 2302 932 2302 933 2303 935 2303 934 2303 935 2304 937 2304 936 2304 937 2305 939 2305 938 2305 939 2306 941 2306 940 2306 941 2307 943 2307 942 2307 943 2308 945 2308 944 2308 945 472 947 472 946 472 947 2309 949 2309 948 2309 949 2310 951 2310 950 2310 951 2311 953 2311 952 2311 953 476 955 476 954 476 955 477 957 477 956 477 957 2312 959 2312 958 2312 959 2313 961 2313 960 2313 961 2314 963 2314 962 2314 963 2315 965 2315 964 2315 965 2316 967 2316 966 2316 967 2317 969 2317 968 2317 969 484 971 484 970 484 971 485 973 485 972 485 973 2318 975 2318 974 2318 975 2319 977 2319 976 2319 977 2320 979 2320 978 2320 979 489 981 489 980 489 981 2321 983 2321 982 2321 983 491 985 491 984 491 985 2322 987 2322 986 2322 987 2323 989 2323 988 2323 989 2324 991 2324 990 2324 991 495 993 495 992 495 993 2325 995 2325 994 2325 995 497 997 497 996 497 997 498 999 498 998 498 999 2326 1001 2326 1000 2326 1001 2327 1003 2327 1002 2327 1003 501 1005 501 1004 501 1005 502 1007 502 1006 502 1007 2328 1009 2328 1008 2328 1009 504 1011 504 1010 504 1011 505 1013 505 1012 505 1013 2329 1015 2329 1014 2329 1015 2330 1017 2330 1016 2330 1017 2331 1019 2331 1018 2331 1019 509 1021 509 1020 509 1021 2332 1023 2332 1022 2332 1023 2333 1025 2333 1024 2333 1025 2334 1027 2334 1026 2334 1027 2335 1029 2335 1028 2335 1029 514 1031 514 1030 514 1031 515 1033 515 1032 515 1033 2336 1035 2336 1034 2336 1035 517 1037 517 1036 517 1037 2337 1039 2337 1038 2337 1039 2338 1041 2338 1040 2338 1041 520 1043 520 1042 520 1043 2339 1045 2339 1044 2339 1045 522 1047 522 1046 522 1047 2340 1049 2340 1048 2340 1049 2341 1051 2341 1050 2341 1051 525 1053 525 1052 525 1053 526 1055 526 1054 526 1055 527 1057 527 1056 527 1057 2342 1059 2342 1058 2342 1059 2343 1061 2343 1060 2343 1061 2344 1063 2344 1062 2344 1063 531 1065 531 1064 531 1065 532 1067 532 1066 532 1067 2345 1069 2345 1068 2345 1069 2346 1071 2346 1070 2346 1071 2347 1073 2347 1072 2347 1073 2348 1075 2348 1074 2348 1075 537 1077 537 1076 537 1077 2349 1079 2349 1078 2349 1079 2350 1081 2350 1080 2350 1081 540 1083 540 1082 540 1083 2351 1085 2351 1084 2351 1085 2352 1087 2352 1086 2352 1087 2353 1089 2353 1088 2353 1089 544 1091 544 1090 544 1091 2354 1093 2354 1092 2354 1093 2355 1095 2355 1094 2355 1095 2356 1097 2356 1096 2356 1097 2357 1099 2357 1098 2357 1099 2358 1101 2358 1100 2358 1101 2359 1103 2359 1102 2359 1103 551 1105 551 1104 551 1105 2360 1107 2360 1106 2360 1107 2361 1109 2361 1108 2361 1109 2362 1111 2362 1110 2362 1111 555 1113 555 1112 555 1113 2363 1115 2363 1114 2363 1115 2364 1117 2364 1116 2364 1117 558 1119 558 1118 558 1119 2365 1121 2365 1120 2365 1121 560 1123 560 1122 560 1123 561 1125 561 1124 561 1125 2366 1127 2366 1126 2366 1127 563 1129 563 1128 563 1129 2367 1131 2367 1130 2367 1131 2368 1133 2368 1132 2368 1133 566 1135 566 1134 566 1135 2369 1137 2369 1136 2369 1137 2370 1139 2370 1138 2370 1139 2371 1141 2371 1140 2371 1141 2372 1143 2372 1142 2372 1143 571 1145 571 1144 571 1145 572 1147 572 1146 572 1147 573 1149 573 1148 573 1149 574 1151 574 1150 574 1151 575 1153 575 1152 575 1153 576 1155 576 1154 576 1155 2373 1157 2373 1156 2373 1157 578 1159 578 1158 578 1159 2374 1161 2374 1160 2374 1161 580 1163 580 1162 580 1163 2375 1165 2375 1164 2375 1165 2376 1167 2376 1166 2376 1167 583 1169 583 1168 583 1169 2377 1171 2377 1170 2377 1171 2378 1173 2378 1172 2378 1173 2379 1175 2379 1174 2379 1175 587 1177 587 1176 587 1177 2380 1179 2380 1178 2380 1179 2381 1181 2381 1180 2381 1181 590 1183 590 1182 590 1183 591 1185 591 1184 591 1185 2382 1187 2382 1186 2382 1187 2383 1189 2383 1188 2383 1189 2384 1191 2384 1190 2384 1191 595 1193 595 1192 595 1193 596 1195 596 1194 596 1195 2385 1197 2385 1196 2385 1197 2386 1199 2386 1198 2386 1199 2387 1201 2387 1200 2387 1201 2388 1203 2388 1202 2388 1203 601 1205 601 1204 601 1205 602 1207 602 1206 602 1207 2389 1209 2389 1208 2389 1209 604 1211 604 1210 604 1211 2390 1213 2390 1212 2390 1213 2391 1215 2391 1214 2391 1215 2392 1217 2392 1216 2392 1217 2393 1219 2393 1218 2393 1219 2394 1221 2394 1220 2394 1221 2395 1223 2395 1222 2395 1223 611 1225 611 1224 611 1225 612 1227 612 1226 612 1227 2396 1229 2396 1228 2396 1229 2397 1231 2397 1230 2397 1231 2398 1233 2398 1232 2398 1233 2399 1235 2399 1234 2399 1235 2400 1237 2400 1236 2400 1237 2401 1239 2401 1238 2401 1239 2402 1241 2402 1240 2402 1241 2403 1243 2403 1242 2403 1243 621 1245 621 1244 621 1245 2404 1247 2404 1246 2404 1247 2405 1249 2405 1248 2405 1249 624 1251 624 1250 624 1251 2406 1253 2406 1252 2406 1253 626 1255 626 1254 626 1255 627 1257 627 1256 627 1257 628 1259 628 1258 628 1259 2407 1261 2407 1260 2407 1261 630 1263 630 1262 630 1263 2408 1265 2408 1264 2408 1265 2409 1267 2409 1266 2409 1267 2410 1269 2410 1268 2410 1269 634 1271 634 1270 634 1271 635 1273 635 1272 635 1273 636 1275 636 1274 636 1275 637 1277 637 1276 637 1277 2411 1279 2411 1278 2411 1279 2412 1281 2412 1280 2412 1281 640 1283 640 1282 640 1283 2413 1285 2413 1284 2413 1285 2414 1287 2414 1286 2414 1287 643 1289 643 1288 643 1289 644 1291 644 1290 644 1291 2415 1293 2415 1292 2415 1293 2416 1295 2416 1294 2416 1295 2417 1297 2417 1296 2417 1297 648 1299 648 1298 648 1299 2418 1301 2418 1300 2418 1301 2419 1303 2419 1302 2419 1303 2420 1305 2420 1304 2420 1305 2421 1307 2421 1306 2421 1307 653 1309 653 1308 653 1309 2422 1311 2422 1310 2422 1311 2423 1313 2423 1312 2423 1313 656 1315 656 1314 656 1315 657 1317 657 1316 657 1317 658 1319 658 1318 658 1319 2424 1321 2424 1320 2424 1321 2425 1323 2425 1322 2425 1323 2426 1325 2426 1324 2426 1325 2427 1327 2427 1326 2427 1327 663 1329 663 1328 663 1329 2428 1331 2428 1330 2428 1331 665 1333 665 1332 665 1333 2429 1335 2429 1334 2429 1335 2430 1337 2430 1336 2430 1337 2431 1339 2431 1338 2431 1339 2432 1341 2432 1340 2432 1341 2433 1343 2433 1342 2433 1343 671 1345 671 1344 671 1345 672 1347 672 1346 672 1347 673 1349 673 1348 673 1349 674 1351 674 1350 674 1351 2434 1353 2434 1352 2434 1353 676 1355 676 1354 676 1355 2435 1357 2435 1356 2435 1357 678 1359 678 1358 678 1359 679 1361 679 1360 679 1361 2436 1363 2436 1362 2436 1363 2437 1365 2437 1364 2437 1365 682 1367 682 1366 682 1367 683 1369 683 1368 683 1369 684 1371 684 1370 684 1371 2438 1373 2438 1372 2438 1373 686 1375 686 1374 686 1375 2439 1377 2439 1376 2439 1377 2440 1379 2440 1378 2440 1379 689 1381 689 1380 689 1381 2441 1383 2441 1382 2441 1383 691 1385 691 1384 691 1385 692 1387 692 1386 692 1387 693 1389 693 1388 693 1389 694 1391 694 1390 694 1391 695 1393 695 1392 695 1393 696 1395 696 1394 696 1395 2442 1397 2442 1396 2442 1397 698 1399 698 1398 698 1399 2443 1401 2443 1400 2443 1401 700 1403 700 1402 700 1403 2444 1405 2444 1404 2444 1405 702 1407 702 1406 702 1407 703 1409 703 1408 703 1409 704 1411 704 1410 704 1411 2445 1413 2445 1412 2445 1413 2446 1415 2446 1414 2446 1415 2447 1417 2447 1416 2447 1417 2448 1419 2448 1418 2448 1419 2449 1421 2449 1420 2449 1421 710 1423 710 1422 710 1423 711 1425 711 1424 711 1425 2450 1427 2450 1426 2450 1427 2451 1429 2451 1428 2451 1429 2452 1431 2452 1430 2452 1431 2453 1433 2453 1432 2453 1433 716 1435 716 1434 716 1435 2454 1437 2454 1436 2454 1437 2455 1439 2455 1438 2455 1439 719 1441 719 1440 719 1441 2456 1443 2456 1442 2456 1443 721 1445 721 1444 721 1445 2457 1447 2457 1446 2457 1447 2458 1449 2458 1448 2458 1449 724 1451 724 1450 724 1451 2459 1453 2459 1452 2459 1453 2460 1455 2460 1454 2460 1455 2461 1457 2461 1456 2461 1457 728 1459 728 1458 728 1459 2462 1461 2462 1460 2462 1461 730 1463 730 1462 730 1463 2463 1465 2463 1464 2463 1465 2464 1467 2464 1466 2464 1467 733 1469 733 1468 733 1469 734 1471 734 1470 734 1471 2465 1473 2465 1472 2465 1473 2466 1475 2466 1474 2466 1475 2467 1477 2467 1476 2467 1477 2468 1479 2468 1478 2468 1479 2469 1481 2469 1480 2469 1481 2470 1483 2470 1482 2470 1483 2471 1485 2471 1484 2471 1485 742 1487 742 1486 742 1487 743 1489 743 1488 743 1489 2472 1491 2472 1490 2472 1491 2473 1493 2473 1492 2473 1493 2474 1495 2474 1494 2474 1495 2475 1497 2475 1496 2475 1497 2476 1499 2476 1498 2476 1499 2477 1501 2477 1500 2477 1501 750 1503 750 1502 750 1503 751 1505 751 1504 751 1505 752 1507 752 1506 752 1507 2478 1509 2478 1508 2478 1509 2479 1511 2479 1510 2479 1511 755 1513 755 1512 755 1513 756 1515 756 1514 756 1515 2480 1517 2480 1516 2480 1517 758 1519 758 1518 758 1519 2481 1521 2481 1520 2481 1521 760 1523 760 1522 760 1523 761 1525 761 1524 761 1525 2482 1527 2482 1526 2482 1527 763 1529 763 1528 763 1529 2483 1531 2483 1530 2483 1531 2484 1533 2484 1532 2484 1533 2485 1535 2485 1534 2485 1535 2486 1537 2486 1536 2486 1537 2487 1539 2487 1538 2487 1539 2488 1541 2488 1540 2488 1541 770 1543 770 1542 770 1543 2489 1545 2489 1544 2489 1545 2490 1547 2490 1546 2490 1547 773 1549 773 1548 773 1549 2491 1551 2491 1550 2491 1551 775 1553 775 1552 775 1553 2492 1555 2492 1554 2492 1555 2493 1557 2493 1556 2493 1557 2494 1559 2494 1558 2494 1559 2495 1561 2495 1560 2495 1561 2496 1563 2496 1562 2496 1563 2497 1565 2497 1564 2497 1565 782 1567 782 1566 782 1567 783 1569 783 1568 783 1569 784 1571 784 1570 784 1571 785 1573 785 1572 785 1573 2498 1575 2498 1574 2498 1575 2499 1577 2499 1576 2499 1577 2500 1579 2500 1578 2500 1579 789 1581 789 1580 789 1581 2501 1583 2501 1582 2501 1583 791 1585 791 1584 791 1585 792 1587 792 1586 792 1587 793 1589 793 1588 793 1589 2502 1591 2502 1590 2502 1591 2503 1593 2503 1592 2503 1593 2504 1595 2504 1594 2504 1595 2505 1597 2505 1596 2505 1597 2506 1599 2506 1598 2506 1599 2507 1601 2507 1600 2507 1601 800 1603 800 1602 800 1603 801 1605 801 1604 801 1605 802 1607 802 1606 802 1607 2508 1609 2508 1608 2508 1609 2509 1611 2509 1610 2509 1611 2510 1613 2510 1612 2510 1613 806 1615 806 1614 806 1615 2511 1617 2511 1616 2511 1617 808 1619 808 1618 808 1619 2512 1621 2512 1620 2512 1621 2513 1623 2513 1622 2513 1623 2514 1625 2514 1624 2514 1625 812 1627 812 1626 812 1627 2515 1629 2515 1628 2515 1629 814 1631 814 1630 814 1631 2516 1633 2516 1632 2516 1633 816 1635 816 1634 816 1635 817 1637 817 1636 817 1637 2517 1639 2517 1638 2517 1639 2518 1641 2518 1640 2518 1641 2519 1643 2519 1642 2519 1643 2520 1645 2520 1644 2520 1645 2521 1647 2521 1646 2521 1647 2522 1649 2522 1648 2522 1649 2523 1651 2523 1650 2523 1651 825 1653 825 1652 825 1653 2524 1655 2524 1654 2524 1655 2525 1657 2525 1656 2525 1657 828 1659 828 1658 828 1659 2526 1661 2526 1660 2526 1661 2527 1663 2527 1662 2527 1663 831 1665 831 1664 831 1665 2528 1667 2528 1666 2528 1667 2529 1669 2529 1668 2529 1669 2530 1671 2530 1670 2530 1671 835 1673 835 1672 835 1673 2531 1675 2531 1674 2531 1675 2532 1677 2532 1676 2532 1677 838 1679 838 1678 838 1679 2533 1681 2533 1680 2533 1681 2534 1683 2534 1682 2534 1683 2535 1685 2535 1684 2535 1685 842 1687 842 1686 842 1687 2536 1689 2536 1688 2536 1689 2537 1691 2537 1690 2537 1691 2538 1693 2538 1692 2538 1693 846 1695 846 1694 846 1695 2539 1697 2539 1696 2539 1697 2540 1699 2540 1698 2540 1699 849 1701 849 1700 849 1701 850 1703 850 1702 850 1703 851 1705 851 1704 851 1705 2541 1707 2541 1706 2541 1707 2542 1709 2542 1708 2542 1709 2543 1711 2543 1710 2543 1711 855 1713 855 1712 855 1713 2544 1715 2544 1714 2544 1715 2545 1717 2545 1716 2545 1717 858 1719 858 1718 858 1719 2546 1721 2546 1720 2546 1721 2547 1723 2547 1722 2547 1723 861 1725 861 1724 861 1725 2548 1727 2548 1726 2548 1727 863 1729 863 1728 863 1729 2549 1731 2549 1730 2549 1731 2550 1733 2550 1732 2550 1733 2551 1735 2551 1734 2551 1735 867 1737 867 1736 867 1737 868 1739 868 1738 868 1739 2552 1741 2552 1740 2552 1741 2553 1743 2553 1742 2553 1743 2554 1745 2554 1744 2554 1745 2555 1747 2555 1746 2555 1747 2556 1749 2556 1748 2556 1749 2557 1751 2557 1750 2557 1751 875 1753 875 1752 875 1753 2558 1755 2558 1754 2558 1755 2559 1757 2559 1756 2559 1757 878 1759 878 1758 878 1759 2560 1761 2560 1760 2560 1761 880 1763 880 1762 880 1763 2561 1765 2561 1764 2561 1765 2562 1767 2562 1766 2562 1767 2563 1769 2563 1768 2563 1769 2564 1771 2564 1770 2564 1771 2565 1773 2565 1772 2565 1773 2566 1775 2566 1774 2566 1775 887 1777 887 1776 887 1777 2567 1779 2567 1778 2567 1779 2568 1781 2568 1780 2568 1781 2569 1783 2569 1782 2569 1783 2570 1785 2570 1784 2570 1785 2571 1787 2571 1786 2571 1787 893 1789 893 1788 893 1789 894 1791 894 1790 894 1791 2572 1793 2572 1792 2572 1793 896 1795 896 1794 896 1795 2573 1797 2573 1796 2573 1797 2574 1799 2574 1798 2574 1799 899 1801 899 1800 899 1801 900 1803 900 1802 900 1803 2575 1805 2575 1804 2575 1805 902 1807 902 1806 902 1807 2576 1809 2576 1808 2576 1809 2577 1811 2577 1810 2577 1811 2578 1813 2578 1812 2578 1813 906 1815 906 1814 906 1815 907 1817 907 1816 907 1817 908 1819 908 1818 908 1819 2579 1821 2579 1820 2579 1821 2580 1823 2580 1822 2580 1823 911 1825 911 1824 911 1825 912 1827 912 1826 912 1827 2581 1829 2581 1828 2581 1829 914 1831 914 1830 914 1831 915 1833 915 1832 915 1833 916 1835 916 1834 916 1835 2582 1837 2582 1836 2582 1837 918 1839 918 1838 918 1839 919 1841 919 1840 919 1841 2583 1843 2583 1842 2583 1843 921 1845 921 1844 921 1845 922 1847 922 1846 922 1847 923 1849 923 1848 923 1849 924 1851 924 1850 924 1851 925 1853 925 1852 925 1853 2584 1855 2584 1854 2584 1855 2585 1857 2585 1856 2585 1857 928 1859 928 1858 928 1859 929 1861 929 1860 929 1861 930 1863 930 1862 930 1863 931 1865 931 1864 931 1865 932 1867 932 1866 932 1867 2586 1869 2586 1868 2586 1869 934 1871 934 1870 934 1871 935 1873 935 1872 935 1873 936 1875 936 1874 936 1875 937 1877 937 1876 937 1877 938 1879 938 1878 938 1879 2587 1881 2587 1880 2587 1881 940 1883 940 1882 940 1883 941 1885 941 1884 941 1885 942 1887 942 1886 942 1887 2588 1889 2588 1888 2588 1889 2589 1891 2589 1890 2589 1891 2590 1893 2590 1892 2590 1893 2591 1895 2591 1894 2591 1895 2592 1897 2592 1896 2592 1897 2593 1899 2593 1898 2593 1899 2594 1901 2594 1900 2594 1901 2595 1903 2595 1902 2595 1903 2596 1905 2596 1904 2596 1905 2597 1907 2597 1906 2597 1907 953 1909 953 1908 953 1909 954 1911 954 1910 954 1911 955 1913 955 1912 955 1913 2598 1915 2598 1914 2598 1915 957 1917 957 1916 957 1917 958 1919 958 1918 958 1919 2599 1921 2599 1920 2599 1921 2600 1923 2600 1922 2600 1923 2601 1925 2601 1924 2601 1925 962 1927 962 1926 962 1927 963 1929 963 1928 963 1929 2602 1931 2602 1930 2602 1931 2603 1933 2603 1932 2603 1933 966 1935 966 1934 966 1935 967 1937 967 1936 967 1937 2604 1939 2604 1938 2604 1939 969 1941 969 1940 969 1941 2605 1943 2605 1942 2605 1943 971 1945 971 1944 971 1945 972 1947 972 1946 972 1947 973 1949 973 1948 973 1949 974 1951 974 1950 974 1951 2606 1953 2606 1952 2606 1953 976 1955 976 1954 976 1955 977 1957 977 1956 977 1957 2607 1959 2607 1958 2607 1959 979 1961 979 1960 979 1961 2608 1963 2608 1962 2608 1963 981 1965 981 1964 981 1965 2609 1967 2609 1966 2609 1967 983 1969 983 1968 983 1969 2610 1971 2610 1970 2610 1971 985 1973 985 1972 985 1973 2611 1975 2611 1974 2611 1975 2612 1977 2612 1976 2612 1977 2613 1979 2613 1978 2613 1979 2614 1981 2614 1980 2614 1981 2615 1983 2615 1982 2615 1983 2616 1985 2616 1984 2616 1985 2617 1987 2617 1986 2617 1987 2618 1989 2618 1988 2618 1989 2619 1991 2619 1990 2619 1991 2620 1993 2620 1992 2620 1993 2621 1995 2621 1994 2621 1995 2622 1997 2622 1996 2622 1997 2623 1999 2623 1998 2623 1999 2624 2001 2624 2000 2624 2001 2625 2003 2625 2002 2625 2003 2626 2005 2626 2004 2626 2005 2627 2007 2627 2006 2627 2007 2628 2009 2628 2008 2628 2009 2629 2011 2629 2010 2629 2011 1005 2013 1005 2012 1005 2013 2630 2015 2630 2014 2630 2015 2631 2017 2631 2016 2631 2017 2632 2019 2632 2018 2632 2019 2633 2021 2633 2020 2633 2021 1010 2023 1010 2022 1010 2023 1011 2025 1011 2024 1011 2025 1012 2027 1012 2026 1012 2027 1013 2029 1013 2028 1013 2029 1014 2031 1014 2030 1014 2031 2634 2033 2634 2032 2634 2033 2635 2035 2635 2034 2635 2035 2636 2037 2636 2036 2636 2037 1018 2039 1018 2038 1018 2039 2637 2041 2637 2040 2637 2041 1020 2043 1020 2042 1020 2043 2638 2045 2638 2044 2638 2045 1022 2047 1022 2046 1022 2047 2639 2049 2639 2048 2639 2049 2640 2051 2640 2050 2640 2051 2641 2053 2641 2052 2641 2053 2642 2055 2642 2054 2642 2055 2643 2057 2643 2056 2643 2057 2644 2059 2644 2058 2644 2059 2645 2061 2645 2060 2645 2061 2646 2063 2646 2062 2646 2063 1031 2065 1031 2064 1031 2065 2647 2067 2647 2066 2647 2067 2648 2069 2648 2068 2648 2069 2649 2071 2649 2070 2649 2071 2650 2073 2650 2072 2650 2073 2651 2075 2651 2074 2651 2075 1037 2077 1037 2076 1037 2077 2652 2079 2652 2078 2652 2079 2653 2081 2653 2080 2653 2081 1040 2083 1040 2082 1040 2083 2654 2085 2654 2084 2654 2085 2655 2087 2655 2086 2655 2087 1043 2089 1043 2088 1043 2089 2656 2091 2656 2090 2656 2091 1045 2093 1045 2092 1045 2093 2657 2095 2657 2094 2657 2095 1047 2097 1047 2096 1047 2097 1048 2099 1048 2098 1048 2099 1049 2101 1049 2100 1049 2101 2658 2103 2658 2102 2658 2103 2659 2105 2659 2104 2659 2105 1052 2107 1052 2106 1052 2107 2660 2109 2660 2108 2660 2109 2661 2111 2661 2110 2661 2111 2662 2113 2662 2112 2662 2113 2663 2115 2663 2114 2663 2115 2664 2117 2664 2116 2664 2117 2665 2119 2665 2118 2665 2119 2666 2121 2666 2120 2666 2121 2667 2123 2667 2122 2667 2123 1061 2125 1061 2124 1061 2125 1062 2127 1062 2126 1062 2127 2668 2129 2668 2128 2668 2129 1064 2131 1064 2130 1064 2131 1065 2133 1065 2132 1065 2133 1066 2135 1066 2134 1066 2135 1067 2137 1067 2136 1067 2137 1068 2139 1068 2138 1068 2139 2669 2141 2669 2140 2669 2141 2670 2143 2670 2142 2670 2143 2671 2145 2671 2144 2671 2145 1072 2147 1072 2146 1072 2147 2672 2149 2672 2148 2672 2149 2673 2151 2673 2150 2673 2151 2674 2153 2674 2152 2674 2153 2675 2155 2675 2154 2675 2155 1077 2157 1077 2156 1077 2157 1078 2159 1078 2158 1078 2159 2676 2161 2676 2160 2676 2161 2677 2163 2677 2162 2677 2163 2678 2165 2678 2164 2678 2165 2679 2167 2679 2166 2679 2167 2680 2169 2680 2168 2680 2169 2681 2171 2681 2170 2681 2171 2682 2173 2682 2172 2682 2173 2683 2175 2683 2174 2683 2175 2684 2177 2684 2176 2684 2177 1088 2179 1088 2178 1088 2179 1089 2181 1089 2180 1089 2181 2685 2183 2685 2182 2685 2183 1091 2185 1091 2184 1091 2185 1092 2187 1092 2186 1092 2187 2686 2189 2686 2188 2686 2189 1094 2191 1094 2190 1094 2191 1095 2193 1095 2192 1095 2193 1096 2195 1096 2194 1096 2195 2687 2197 2687 2196 2687 2197 2688 2199 2688 2198 2688 2199 2689 2201 2689 2200 2689 2201 1100 2203 1100 2202 1100 2203 2690 2205 2690 2204 2690 2205 2691 2207 2691 2206 2691 2207 1103 2209 1103 2208 1103 2209 2692 2211 2692 2210 2692 2211 2693 2213 2693 2212 2693 2213 1106 2215 1106 2214 1106 2215 2694 2217 2694 2216 2694 2217 2695 2219 2695 2218 2695 2219 2696 2221 2696 2220 2696 2221 2697 2223 2697 2222 2697 2223 1111 2225 1111 2224 1111 2225 2698 2227 2698 2226 2698 2227 1113 2229 1113 2228 1113 2229 2699 2231 2699 2230 2699 2231 2700 2233 2700 2232 2700 2233 2701 2235 2701 2234 2701 2235 1117 2237 1117 2236 1117 2237 2702 2239 2702 2238 2702 2239 2703 2241 2703 2240 2703 2241 2704 2243 2704 2242 2704 2243 2705 2245 2705 2244 2705 2245 2706 2247 2706 2246 2706 2247 2707 2249 2707 2248 2707 2249 2708 2251 2708 2250 2708 2251 1125 2253 1125 2252 1125 2253 2709 2255 2709 2254 2709 2255 1127 2257 1127 2256 1127 2257 2710 2259 2710 2258 2710 2259 2711 2261 2711 2260 2711 2261 2712 2263 2712 2262 2712 2263 2713 2265 2713 2264 2713 2265 2714 2267 2714 2266 2714 2267 2715 2269 2715 2268 2715 2269 2716 2271 2716 2270 2716 2271 2717 2273 2717 2272 2717 2273 1136 2275 1136 2274 1136 2275 2718 2277 2718 2276 2718 2277 1138 2279 1138 2278 1138 2279 2719 2281 2719 2280 2719 2281 1140 2283 1140 2282 1140 2283 1141 2285 1141 2284 1141 2285 2720 2287 2720 2286 2720 2287 2721 2289 2721 2288 2721 2289 1144 2291 1144 2290 1144 2291 1145 2293 1145 2292 1145 2293 1146 2295 1146 2294 1146 2295 2722 2297 2722 2296 2722 2297 1148 2299 1148 2298 1148 2299 1149 2301 1149 2300 1149 2301 2723 2303 2723 2302 2723 2303 2724 2305 2724 2304 2724 2305 2725 2307 2725 2306 2725 2307 1153 2309 1153 2308 1153 2309 1154 2311 1154 2310 1154 2311 2726 2313 2726 2312 2726 2313 1156 2315 1156 2314 1156 2315 1157 2317 1157 2316 1157 2317 1158 2319 1158 2318 1158 2319 1159 2321 1159 2320 1159 2321 2727 2323 2727 2322 2727 2323 1161 2325 1161 2324 1161 2325 2728 2327 2728 2326 2728 2327 1163 2329 1163 2328 1163 2329 1164 2331 1164 2330 1164 2331 2729 2333 2729 2332 2729 2333 1166 2335 1166 2334 1166 2335 2730 2337 2730 2336 2730 2337 2731 2339 2731 2338 2731 2339 2732 2341 2732 2340 2732 2341 2733 2343 2733 2342 2733 2343 2734 2345 2734 2344 2734 2345 2735 2347 2735 2346 2735 2347 2736 2349 2736 2348 2736 2349 1174 2351 1174 2350 1174 2351 2737 2353 2737 2352 2737 2353 1176 2355 1176 2354 1176 2355 1177 2357 1177 2356 1177 2357 2738 2359 2738 2358 2738 2359 2739 2361 2739 2360 2739 2361 2740 2363 2740 2362 2740 2363 1181 2365 1181 2364 1181 2365 2741 2367 2741 2366 2741 2367 1183 2369 1183 2368 1183 2369 2742 2371 2742 2370 2742 2371 1185 2373 1185 2372 1185 2373 1186 2375 1186 2374 1186 2375 1187 2377 1187 2376 1187 2377 2743 2379 2743 2378 2743 2379 1189 2381 1189 2380 1189 2381 2744 2383 2744 2382 2744 2383 2745 2385 2745 2384 2745 2385 2746 2387 2746 2386 2746 2387 2747 2389 2747 2388 2747 2389 1194 2391 1194 2390 1194 2391 2748 2393 2748 2392 2748 2393 2749 2395 2749 2394 2749 2395 1197 2397 1197 2396 1197 2397 2750 2399 2750 2398 2750 2399 2751 2401 2751 2400 2751 2401 2752 2403 2752 2402 2752 2403 1201 2405 1201 2404 1201 2405 2753 2407 2753 2406 2753 2407 1203 2409 1203 2408 1203 2409 1204 2411 1204 2410 1204 2411 1205 2413 1205 2412 1205 2413 1206 2415 1206 2414 1206 2415 1207 2417 1207 2416 1207 2417 1208 2419 1208 2418 1208 2419 2754 2421 2754 2420 2754 2421 2755 2423 2755 2422 2755 2423 2756 2425 2756 2424 2756 2425 1212 2427 1212 2426 1212 2427 2757 2429 2757 2428 2757 2429 2758 2431 2758 2430 2758 2431 2759 2433 2759 2432 2759 2433 2760 2435 2760 2434 2760 2435 1217 2437 1217 2436 1217 2437 1218 2439 1218 2438 1218 2439 2761 2441 2761 2440 2761 2441 2762 2443 2762 2442 2762 2443 1221 2445 1221 2444 1221 2445 1222 2447 1222 2446 1222 2447 2763 2449 2763 2448 2763 2449 2764 2451 2764 2450 2764 2451 2765 2453 2765 2452 2765 2453 1226 2455 1226 2454 1226 2455 2766 2457 2766 2456 2766 2457 2767 2459 2767 2458 2767 2459 1229 2461 1229 2460 1229 2461 1230 2463 1230 2462 1230 2463 2768 2465 2768 2464 2768 2465 2769 2467 2769 2466 2769 2467 1233 2469 1233 2468 1233 2469 2770 2471 2770 2470 2770 2471 2771 2473 2771 2472 2771 2473 1236 2475 1236 2474 1236 2475 2772 2477 2772 2476 2772 2477 2773 2479 2773 2478 2773 2479 1239 2481 1239 2480 1239 2481 2774 2483 2774 2482 2774 2483 2775 2485 2775 2484 2775 2485 2776 2487 2776 2486 2776 2487 2777 2489 2777 2488 2777 2489 2778 2491 2778 2490 2778 2491 1245 2493 1245 2492 1245 2493 2779 2495 2779 2494 2779 2495 2780 2497 2780 2496 2780 2497 2781 2499 2781 2498 2781 2499 1249 2501 1249 2500 1249 2501 2782 2503 2782 2502 2782 2503 2783 2505 2783 2504 2783 2505 1252 2507 1252 2506 1252 2507 2784 2509 2784 2508 2784 2509 2785 2511 2785 2510 2785 2511 2786 2513 2786 2512 2786 2513 2787 2515 2787 2514 2787 2515 1257 2517 1257 2516 1257 2517 2788 2519 2788 2518 2788 2519 2789 2521 2789 2520 2789 2521 1260 2523 1260 2522 1260 2523 2790 2525 2790 2524 2790 2525 1262 2527 1262 2526 1262 2527 1263 2529 1263 2528 1263 2529 2791 2531 2791 2530 2791 2531 1265 2533 1265 2532 1265 2533 2792 2535 2792 2534 2792 2535 2793 2537 2793 2536 2793 2537 2794 2539 2794 2538 2794 2539 2795 2541 2795 2540 2795 2541 1270 2543 1270 2542 1270 2543 2796 2545 2796 2544 2796 2545 1272 2547 1272 2546 1272 2547 2797 2549 2797 2548 2797 2549 2798 2551 2798 2550 2798 2551 2799 2553 2799 2552 2799 2553 1276 2555 1276 2554 1276 2555 1277 2557 1277 2556 1277 2557 1278 2559 1278 2558 1278 2559 2800 2561 2800 2560 2800 2561 2801 2563 2801 2562 2801 2563 1281 2565 1281 2564 1281 2565 2802 2567 2802 2566 2802 2567 1283 2569 1283 2568 1283 2569 1284 2571 1284 2570 1284 2571 1285 2573 1285 2572 1285 2573 2803 2575 2803 2574 2803 2575 1287 2577 1287 2576 1287 2577 2804 2579 2804 2578 2804 2579 1289 2581 1289 2580 1289 2581 1290 2583 1290 2582 1290 2583 1291 2585 1291 2584 1291 2585 2805 2587 2805 2586 2805 2587 2806 2589 2806 2588 2806 2589 2807 2591 2807 2590 2807 2591 1295 2593 1295 2592 1295 2593 1296 2595 1296 2594 1296 2595 1297 2597 1297 2596 1297 2597 2808 2599 2808 2598 2808 2599 2809 2601 2809 2600 2809 2601 1300 2603 1300 2602 1300 2603 1301 2605 1301 2604 1301 2605 2810 2607 2810 2606 2810 2607 2811 2609 2811 2608 2811 2609 2812 2611 2812 2610 2812 2611 2813 2613 2813 2612 2813 2613 2814 2615 2814 2614 2814 2615 2815 2617 2815 2616 2815 2617 1308 2619 1308 2618 1308 2619 2816 2621 2816 2620 2816 2621 1310 2623 1310 2622 1310 2623 1311 2625 1311 2624 1311 2625 1312 2627 1312 2626 1312 2627 1313 2629 1313 2628 1313 2629 2817 2631 2817 2630 2817 2631 2818 2633 2818 2632 2818 2633 2819 2635 2819 2634 2819 2635 2820 2637 2820 2636 2820 2637 1318 2639 1318 2638 1318 2639 2821 2641 2821 2640 2821 2641 2822 2643 2822 2642 2822 2643 1321 2645 1321 2644 1321 2645 2823 2647 2823 2646 2823 2647 2824 2649 2824 2648 2824 2649 2825 2651 2825 2650 2825 2651 1325 2653 1325 2652 1325 2653 1326 2655 1326 2654 1326 2655 1327 2657 1327 2656 1327 2657 2826 2659 2826 2658 2826 2659 2827 2661 2827 2660 2827 2661 1330 2663 1330 2662 1330 2663 2828 2665 2828 2664 2828 2665 1332 2667 1332 2666 1332 2667 2829 2669 2829 2668 2829 2669 1334 2671 1334 2670 1334 2671 1335 2673 1335 2672 1335 2673 1336 2675 1336 2674 1336 2675 2830 2677 2830 2676 2830 2677 2831 2679 2831 2678 2831 2679 1339 2681 1339 2680 1339 2681 2832 2683 2832 2682 2832 2683 1341 2685 1341 2684 1341 2685 1342 2687 1342 2686 1342 2687 1343 2689 1343 2688 1343 2689 2833 2691 2833 2690 2833 2691 1345 2693 1345 2692 1345 2693 1346 2695 1346 2694 1346 2695 2834 2697 2834 2696 2834 2697 2835 2699 2835 2698 2835 2699 2836 2701 2836 2700 2836 2701 1350 2703 1350 2702 1350 2703 2837 2705 2837 2704 2837 2705 1352 2707 1352 2706 1352 2707 2838 2709 2838 2708 2838 2709 1354 2711 1354 2710 1354 2711 2839 2713 2839 2712 2839 2713 1356 2715 1356 2714 1356 2715 2840 2717 2840 2716 2840 2717 2841 2719 2841 2718 2841 2719 1359 2721 1359 2720 1359 2721 2842 2723 2842 2722 2842 2723 1361 2725 1361 2724 1361 2725 1362 2727 1362 2726 1362 2727 1363 2729 1363 2728 1363 2729 2843 2731 2843 2730 2843 2731 2844 2733 2844 2732 2844 2733 2845 2735 2845 2734 2845 2735 1367 2737 1367 2736 1367 2737 2846 2739 2846 2738 2846 2739 2847 2741 2847 2740 2847 2741 2848 2743 2848 2742 2848 2743 1371 2745 1371 2744 1371 2745 1372 2747 1372 2746 1372 2747 1373 2749 1373 2748 1373 2749 1374 2751 1374 2750 1374 2751 2849 2753 2849 2752 2849 2753 2850 2755 2850 2754 2850 2755 1377 2757 1377 2756 1377 2757 1378 2759 1378 2758 1378 2759 1379 2761 1379 2760 1379 2761 1380 2763 1380 2762 1380 2763 1381 2765 1381 2764 1381 2765 2851 2767 2851 2766 2851 2767 1383 2769 1383 2768 1383 2769 1384 2771 1384 2770 1384 2771 1385 2773 1385 2772 1385 2773 1386 2775 1386 2774 1386 2775 2852 2777 2852 2776 2852 2777 2853 2779 2853 2778 2853 2779 1389 2781 1389 2780 1389 2781 1390 2783 1390 2782 1390 2783 1391 2785 1391 2784 1391 2785 2854 2787 2854 2786 2854 2787 1393 2789 1393 2788 1393 2789 2855 2791 2855 2790 2855 2791 1395 2793 1395 2792 1395 2793 1396 2795 1396 2794 1396 2795 1397 2797 1397 2796 1397 2797 2856 2799 2856 2798 2856 2799 2857 2801 2857 2800 2857 2801 1400 2803 1400 2802 1400 2803 1401 2805 1401 2804 1401 2805 1402 2807 1402 2806 1402 2807 2858 2809 2858 2808 2858 2809 2859 2811 2859 2810 2859 2811 1405 2813 1405 2812 1405 2813 1406 2815 1406 2814 1406 2815 1407 2817 1407 2816 1407 2817 2860 2819 2860 2818 2860 2819 2861 2821 2861 2820 2861 2821 1410 2823 1410 2822 1410 2823 2862 2825 2862 2824 2862 2825 2863 2827 2863 2826 2863 2827 1413 2829 1413 2828 1413 2829 2864 2831 2864 2830 2864 2831 2865 2833 2865 2832 2865 2833 2866 2835 2866 2834 2866 2835 2867 2837 2867 2836 2867 2837 2868 2839 2868 2838 2868 2839 1419 2841 1419 2840 1419 2841 2869 2843 2869 2842 2869 2843 2870 2845 2870 2844 2870 2845 1422 2847 1422 2846 1422 2847 2871 2849 2871 2848 2871 2849 2872 2851 2872 2850 2872 2851 2873 2853 2873 2852 2873 2853 1426 2855 1426 2854 1426 2855 1427 2857 1427 2856 1427 2857 1428 2859 1428 2858 1428 2859 2874 2861 2874 2860 2874 2861 1430 2863 1430 2862 1430 2863 2875 2865 2875 2864 2875 2865 1432 2867 1432 2866 1432 2867 1433 2869 1433 2868 1433 2869 2876 2871 2876 2870 2876 2871 1435 2873 1435 2872 1435 2873 1436 2875 1436 2874 1436 2875 2877 2877 2877 2876 2877 2877 1438 2879 1438 2878 1438 2879 2878 2881 2878 2880 2878 2881 2879 2883 2879 2882 2879 2883 1441 2885 1441 2884 1441 2885 2880 2887 2880 2886 2880 2887 1443 2889 1443 2888 1443 2889 2881 2891 2881 2890 2881 2891 2882 2893 2882 2892 2882 2893 2883 2895 2883 2894 2883 2895 2884 2897 2884 2896 2884 2897 1448 2899 1448 2898 1448 2899 1449 2901 1449 2900 1449 2901 2885 2903 2885 2902 2885 2903 2886 2905 2886 2904 2886 2905 2887 2907 2887 2906 2887 2907 2888 2909 2888 2908 2888 2909 1454 2911 1454 2910 1454 2911 2889 2913 2889 2912 2889 2913 1456 2915 1456 2914 1456 2915 1457 2917 1457 2916 1457 2917 2890 2919 2890 2918 2890 2919 2891 2921 2891 2920 2891 2921 1460 2923 1460 2922 1460 2923 2892 2925 2892 2924 2892 2925 2893 2927 2893 2926 2893 2927 1463 2929 1463 2928 1463 2929 1464 2931 1464 2930 1464 2931 2894 2933 2894 2932 2894 2933 2895 2935 2895 2934 2895 2935 2896 2937 2896 2936 2896 2937 2897 2939 2897 2938 2897 2939 2898 2941 2898 2940 2898 2941 2899 2943 2899 2942 2899 2943 2900 2945 2900 2944 2900 2945 2901 2947 2901 2946 2901 2947 2902 2949 2902 2948 2902 2949 2903 2951 2903 2950 2903 2951 1475 2953 1475 2952 1475 2953 2904 2955 2904 2954 2904 2955 1477 2957 1477 2956 1477 2957 2905 2959 2905 2958 2905 2959 2906 2961 2906 2960 2906 2961 2907 2963 2907 2962 2907 2963 2908 2965 2908 2964 2908 2965 2909 2967 2909 2966 2909 2967 2910 2969 2910 2968 2910 2969 1484 2971 1484 2970 1484 2971 1485 2973 1485 2972 1485 2973 2911 2975 2911 2974 2911 2975 2912 2977 2912 2976 2912 2977 2913 2979 2913 2978 2913 2979 1489 2981 1489 2980 1489 2981 2914 2983 2914 2982 2914 2983 1491 2985 1491 2984 1491 2985 2915 2987 2915 2986 2915 2987 1493 2989 1493 2988 1493 2989 1494 2991 1494 2990 1494 2991 1495 2993 1495 2992 1495 2993 2916 2995 2916 2994 2916 2995 1497 2997 1497 2996 1497 2997 1498 2999 1498 2998 1498 2999 2917 3001 2917 3000 2917 3001 2918 3003 2918 3002 2918 3003 1501 3005 1501 3004 1501 3005 1502 3007 1502 3006 1502 3007 2919 3009 2919 3008 2919 3009 1504 3011 1504 3010 1504 3011 1505 3013 1505 3012 1505 3013 1506 3015 1506 3014 1506 3015 2920 3017 2920 3016 2920 3017 1508 3019 1508 3018 1508 3019 2921 3021 2921 3020 2921 3021 1510 3023 1510 3022 1510 3023 2922 3025 2922 3024 2922 3025 2923 3027 2923 3026 2923 3027 2924 3029 2924 3028 2924 3029 1514 3031 1514 3030 1514 3031 1515 3033 1515 3032 1515 3033 2925 3035 2925 3034 2925 3035 2926 3037 2926 3036 2926 3037 2927 3039 2927 3038 2927 3039 2928 3041 2928 3040 2928 3041 2929 3043 2929 3042 2929 3043 2930 3045 2930 3044 2930 3045 1522 3047 1522 3046 1522 3047 1523 3049 1523 3048 1523 3049 2931 3051 2931 3050 2931 3051 2932 3053 2932 3052 2932 3053 2933 3055 2933 3054 2933 3055 1527 3057 1527 3056 1527 3057 2934 3059 2934 3058 2934 3059 2935 3061 2935 3060 2935 3061 2936 3063 2936 3062 2936 3063 2937 3065 2937 3064 2937 3065 2938 3067 2938 3066 2938 3067 2939 3069 2939 3068 2939 3069 2940 3071 2940 3070 2940 3071 1535 3073 1535 3072 1535 3073 1536 3075 1536 3074 1536 3075 1537 3077 1537 3076 1537 3077 1538 3079 1538 3078 1538 3079 2941 3081 2941 3080 2941 3081 1540 3083 1540 3082 1540 3083 2942 3085 2942 3084 2942 3085 2943 3087 2943 3086 2943 3087 1543 3089 1543 3088 1543 3089 2944 3091 2944 3090 2944 3091 1545 3093 1545 3092 1545 3093 2945 3095 2945 3094 2945 3095 2946 3097 2946 3096 2946 3097 2947 3099 2947 3098 2947 3099 2948 3101 2948 3100 2948 3101 1550 3103 1550 3102 1550 3103 1551 3105 1551 3104 1551 3105 2949 3107 2949 3106 2949 3107 2950 3109 2950 3108 2950 3109 1554 3111 1554 3110 1554 3111 1555 3113 1555 3112 1555 3113 1556 3115 1556 3114 1556 3115 1557 3117 1557 3116 1557 3117 2951 3119 2951 3118 2951 3119 2952 3121 2952 3120 2952 3121 2953 3123 2953 3122 2953 3123 1561 3125 1561 3124 1561 3125 2954 3127 2954 3126 2954 3127 2955 3129 2955 3128 2955 3129 1564 3131 1564 3130 1564 3131 1565 3133 1565 3132 1565 3133 2956 3135 2956 3134 2956 3135 2957 3137 2957 3136 2957 3137 2958 3139 2958 3138 2958 3139 2959 3141 2959 3140 2959 3141 2960 3143 2960 3142 2960 3143 2961 3145 2961 3144 2961 3145 2962 3147 2962 3146 2962 3147 2963 3149 2963 3148 2963 3149 2964 3151 2964 3150 2964 3151 1575 3153 1575 3152 1575 3153 2965 3155 2965 3154 2965 3155 1577 3157 1577 3156 1577 3157 1578 3159 1578 3158 1578 3159 1579 3161 1579 3160 1579 3161 1580 3163 1580 3162 1580 3163 1581 3165 1581 3164 1581 3165 1582 3167 1582 3166 1582 3167 1583 3169 1583 3168 1583 3169 1584 3171 1584 3170 1584 3171 1585 3173 1585 3172 1585 3173 1586 3175 1586 3174 1586 3175 2966 3177 2966 3176 2966 3177 2967 3179 2967 3178 2967 3179 1589 3181 1589 3180 1589 3181 1590 3183 1590 3182 1590 3183 1591 3185 1591 3184 1591 3185 1592 3187 1592 3186 1592 3187 2968 3189 2968 3188 2968 3189 2969 3191 2969 3190 2969 3191 2970 3193 2970 3192 2970 3193 2971 3195 2971 3194 2971 3195 2972 3197 2972 3196 2972 3197 2973 3199 2973 3198 2973 3199 2974 3201 2974 3200 2974 3201 1600 3203 1600 3202 1600 3203 2975 3205 2975 3204 2975 3205 1602 3207 1602 3206 1602 3207 1603 3209 1603 3208 1603 3209 2976 3211 2976 3210 2976 3211 2977 3213 2977 3212 2977 3213 1606 3215 1606 3214 1606 3215 1607 3217 1607 3216 1607 3217 1608 3219 1608 3218 1608 3219 1609 3221 1609 3220 1609 3221 2978 3223 2978 3222 2978 3223 1611 3225 1611 3224 1611 3225 1612 3227 1612 3226 1612 3227 1613 3229 1613 3228 1613 3229 1614 3231 1614 3230 1614 3231 1615 3233 1615 3232 1615 3233 1616 3235 1616 3234 1616 3235 2979 3237 2979 3236 2979 3237 2980 3239 2980 3238 2980 3239 1619 3241 1619 3240 1619 3241 1620 3243 1620 3242 1620 3243 1621 3245 1621 3244 1621 3245 2981 3247 2981 3246 2981 3247 1623 3249 1623 3248 1623 3249 2982 3251 2982 3250 2982 3251 1625 3253 1625 3252 1625 3253 1626 3255 1626 3254 1626 3255 2983 3257 2983 3256 2983 3257 2984 3259 2984 3258 2984 3259 2985 3261 2985 3260 2985 3261 2986 3263 2986 3262 2986 3263 1631 3265 1631 3264 1631 3265 2987 3267 2987 3266 2987 3267 2988 3269 2988 3268 2988 3269 2989 3271 2989 3270 2989 3271 1635 3273 1635 3272 1635 3273 2990 3275 2990 3274 2990 3275 2991 3277 2991 3276 2991 3277 2992 3279 2992 3278 2992 3279 2993 3281 2993 3280 2993 3281 2994 3283 2994 3282 2994 3283 1641 3285 1641 3284 1641 3285 2995 3287 2995 3286 2995 3287 1643 3289 1643 3288 1643 3289 2996 3291 2996 3290 2996 3291 1645 3293 1645 3292 1645 3293 1646 3295 1646 3294 1646 3295 1647 3297 1647 3296 1647 3297 1648 3299 1648 3298 1648 3299 2997 3301 2997 3300 2997 3301 2998 3303 2998 3302 2998 3303 1651 3305 1651 3304 1651 3305 2999 3307 2999 3306 2999 3307 1653 3309 1653 3308 1653 3309 1654 3311 1654 3310 1654 3311 3000 3313 3000 3312 3000 3313 1656 3315 1656 3314 1656 3315 3001 3317 3001 3316 3001 3317 3002 3319 3002 3318 3002 3319 3003 3321 3003 3320 3003 3321 3004 3323 3004 3322 3004 3323 1661 3325 1661 3324 1661 3325 3005 3327 3005 3326 3005 3327 3006 3329 3006 3328 3006 3329 1664 3331 1664 3330 1664 3331 1665 3333 1665 3332 1665 3333 1666 3335 1666 3334 1666 3335 3007 3337 3007 3336 3007 3337 3008 3339 3008 3338 3008 3339 1669 3341 1669 3340 1669 3341 3009 3343 3009 3342 3009 3343 3010 3345 3010 3344 3010 3345 3011 3347 3011 3346 3011 3347 3012 3349 3012 3348 3012 3349 3013 3351 3013 3350 3013 3351 3014 3353 3014 3352 3014 3353 3015 3355 3015 3354 3015 3355 3016 3357 3016 3356 3016 3357 1678 3359 1678 3358 1678 3359 1679 3361 1679 3360 1679 3361 3017 3363 3017 3362 3017 3363 3018 3365 3018 3364 3018 3365 1682 3367 1682 3366 1682 3367 3019 3369 3019 3368 3019 3369 3020 3371 3020 3370 3020 3371 1685 3373 1685 3372 1685 3373 3021 3375 3021 3374 3021 3375 1687 3377 1687 3376 1687 3377 3022 3379 3022 3378 3022 3379 1689 3381 1689 3380 1689 3381 3023 3383 3023 3382 3023 3383 1691 3385 1691 3384 1691 3385 3024 3387 3024 3386 3024 3387 3025 3389 3025 3388 3025 3389 1694 3391 1694 3390 1694 3391 1695 3393 1695 3392 1695 3393 3026 3395 3026 3394 3026 3395 1697 3397 1697 3396 1697 3397 1698 3399 1698 3398 1698 3399 1699 3401 1699 3400 1699 3401 1700 3403 1700 3402 1700 3403 3027 3405 3027 3404 3027 3405 3028 3407 3028 3406 3028 3407 1703 3409 1703 3408 1703 3409 1704 3411 1704 3410 1704 3411 3029 3413 3029 3412 3029 3413 3030 3415 3030 3414 3030 3415 3031 3417 3031 3416 3031 3417 3032 3419 3032 3418 3032 3419 3033 3421 3033 3420 3033 3421 1710 3423 1710 3422 1710 3423 3034 3425 3034 3424 3034 3425 3035 3427 3035 3426 3035 3427 1713 3429 1713 3428 1713 3429 1714 3431 1714 3430 1714 3431 1715 3433 1715 3432 1715 3433 1716 3435 1716 3434 1716 3435 1717 3437 1717 3436 1717 3437 1718 3439 1718 3438 1718 3439 3036 3441 3036 3440 3036 3441 1720 3443 1720 3442 1720 3443 3037 3445 3037 3444 3037 3445 3038 3447 3038 3446 3038 3447 3039 3449 3039 3448 3039 3449 3040 3451 3040 3450 3040 3451 3041 3453 3041 3452 3041 3453 3042 3455 3042 3454 3042 3455 3043 3457 3043 3456 3043 3457 3044 3459 3044 3458 3044 3459 3045 3461 3045 3460 3045 3461 3046 3463 3046 3462 3046 3463 1731 3465 1731 3464 1731 3465 1732 3467 1732 3466 1732 3467 3047 3469 3047 3468 3047 3469 1734 3471 1734 3470 1734 3471 3048 3473 3048 3472 3048 3473 1736 3475 1736 3474 1736 3475 1737 3477 1737 3476 1737 3477 3049 3479 3049 3478 3049 3479 1739 3481 1739 3480 1739 3481 3050 3483 3050 3482 3050 3483 3051 3485 3051 3484 3051 3485 1742 3487 1742 3486 1742 3487 3052 3489 3052 3488 3052 3489 3053 3491 3053 3490 3053 3491 3054 3493 3054 3492 3054 3493 1746 3495 1746 3494 1746 3495 1747 3497 1747 3496 1747 3497 3055 3499 3055 3498 3055 3499 3056 3501 3056 3500 3056 3501 3057 3503 3057 3502 3057 3503 1751 3505 1751 3504 1751 3505 3058 3507 3058 3506 3058 3507 3059 3509 3059 3508 3059 3509 3060 3511 3060 3510 3060 3511 3061 3513 3061 3512 3061 3513 3062 3515 3062 3514 3062 3515 1757 3517 1757 3516 1757 3517 3063 3519 3063 3518 3063 3519 3064 3521 3064 3520 3064 3521 3065 3523 3065 3522 3065 3523 3066 3525 3066 3524 3066 3525 3067 3527 3067 3526 3067 3527 3068 3529 3068 3528 3068 3529 3069 3531 3069 3530 3069 3531 3070 3533 3070 3532 3070 3533 1766 3535 1766 3534 1766 3535 1767 3537 1767 3536 1767 3537 3071 3539 3071 3538 3071 3539 3072 3541 3072 3540 3072 3541 3073 3543 3073 3542 3073 3543 3074 3545 3074 3544 3074 3545 3075 3547 3075 3546 3075 3547 3076 3549 3076 3548 3076 3549 3077 3551 3077 3550 3077 3551 3078 3553 3078 3552 3078 3553 3079 3555 3079 3554 3079 3555 3080 3557 3080 3556 3080 3557 3081 3559 3081 3558 3081 3559 3082 3561 3082 3560 3082 3561 1780 3563 1780 3562 1780 3563 3083 3565 3083 3564 3083 3565 3084 3567 3084 3566 3084 3567 3085 3569 3085 3568 3085 3569 3086 3571 3086 3570 3086 3571 1785 3573 1785 3572 1785 3573 1786 3575 1786 3574 1786 3575 3087 3577 3087 3576 3087 3577 1788 3579 1788 3578 1788 3579 3088 3581 3088 3580 3088 3581 1790 3583 1790 3582 1790 3583 1791 3585 1791 3584 1791 3585 3089 3587 3089 3586 3089 3587 1793 3589 1793 3588 1793 3589 1794 3591 1794 3590 1794 3591 1795 3593 1795 3592 1795 3593 3090 3595 3090 3594 3090 3595 3091 3597 3091 3596 3091 3597 3092 3599 3092 3598 3092 3599 3093 3601 3093 3600 3093 3601 1800 3603 1800 3602 1800 3603 3094 3605 3094 3604 3094 3605 3095 3607 3095 3606 3095 3607 1803 3609 1803 3608 1803 3609 3096 3611 3096 3610 3096 3611 3097 3613 3097 3612 3097 3613 3098 3615 3098 3614 3098 3615 3099 3617 3099 3616 3099 3617 1808 3619 1808 3618 1808 3619 1809 3621 1809 3620 1809 3621 1810 3623 1810 3622 1810 3623 3100 3625 3100 3624 3100 3625 3101 3627 3101 3626 3101 3627 3102 3629 3102 3628 3102 3629 1814 3631 1814 3630 1814 3631 3103 3633 3103 3632 3103 3633 1816 3635 1816 3634 1816 3635 1817 3637 1817 3636 1817 3637 3104 3639 3104 3638 3104 3639 3105 3641 3105 3640 3105 3641 3106 3643 3106 3642 3106 3643 1821 3645 1821 3644 1821 3645 3107 3647 3107 3646 3107 3647 3108 3649 3108 3648 3108 3649 3109 3651 3109 3650 3109 3651 3110 3653 3110 3652 3110 3653 1826 3655 1826 3654 1826 3655 3111 3657 3111 3656 3111 3657 3112 3659 3112 3658 3112 3659 1829 3661 1829 3660 1829 3661 3113 3663 3113 3662 3113 3663 3114 3665 3114 3664 3114 3665 1832 3667 1832 3666 1832 3667 3115 3669 3115 3668 3115 3669 1834 3671 1834 3670 1834 3671 1835 3673 1835 3672 1835 3673 1836 3675 1836 3674 1836 3675 3116 3677 3116 3676 3116 3677 1838 3679 1838 3678 1838 3679 3117 3681 3117 3680 3117 3681 1840 3683 1840 3682 1840 3683 1841 3685 1841 3684 1841 3685 3118 3687 3118 3686 3118 3687 3119 3689 3119 3688 3119 3689 3120 3691 3120 3690 3120 3691 1845 3693 1845 3692 1845 3693 3121 3695 3121 3694 3121 3695 1847 3697 1847 3696 1847 3697 1848 3699 1848 3698 1848 3699 1849 3701 1849 3700 1849 3701 1850 3703 1850 3702 1850 3703 3122 3705 3122 3704 3122 3705 1852 3707 1852 3706 1852 3707 3123 3709 3123 3708 3123 3709 3124 3711 3124 3710 3124 3711 1855 3713 1855 3712 1855 3713 3125 3715 3125 3714 3125 3715 3126 3717 3126 3716 3126 3717 1858 3719 1858 3718 1858 3719 3127 3721 3127 3720 3127 3721 3128 3723 3128 3722 3128 3723 1861 3725 1861 3724 1861 3725 3129 3727 3129 3726 3129 3727 3130 3729 3130 3728 3130 3729 3131 3731 3131 3730 3131 3731 1865 3733 1865 3732 1865 3733 3132 3735 3132 3734 3132 3735 3133 3737 3133 3736 3133 3737 1868 3739 1868 3738 1868 3739 3134 3741 3134 3740 3134 3741 3135 3743 3135 3742 3135 3743 1871 3745 1871 3744 1871 3745 1872 3747 1872 3746 1872 3747 3136 3749 3136 3748 3136 3749 1874 3751 1874 3750 1874 3751 1875 3753 1875 3752 1875 3753 3137 3755 3137 3754 3137 3755 1877 3757 1877 3756 1877 3757 3138 3759 3138 3758 3138 3759 3139 3761 3139 3760 3139 3761 1880 3763 1880 3762 1880 3763 1881 3765 1881 3764 1881 3765 3140 3767 3140 3766 3140 3767 1883 3769 1883 3768 1883 3769 3141 3771 3141 3770 3141 3771 3142 3773 3142 3772 3142 3773 1886 3775 1886 3774 1886 3775 3143 3777 3143 3776 3143 3777 3144 3779 3144 3778 3144 3779 3145 3781 3145 3780 3145 3781 3146 3783 3146 3782 3146 3783 3147 3785 3147 3784 3147 3785 1892 3787 1892 3786 1892 3787 3148 3789 3148 3788 3148 3789 3149 3791 3149 3790 3149 3791 3150 3793 3150 3792 3150 3793 1896 3795 1896 3794 1896 3795 3151 3797 3151 3796 3151 3797 3152 3799 3152 3798 3152 3799 1899 3801 1899 3800 1899 3801 1900 3803 1900 3802 1900 3803 3153 3805 3153 3804 3153 3805 1902 3807 1902 3806 1902 3807 1903 3809 1903 3808 1903 3809 1904 3811 1904 3810 1904 3811 3154 3813 3154 3812 3154 3813 3155 3815 3155 3814 3155 3815 3156 3817 3156 3816 3156 3817 3157 3819 3157 3818 3157 3819 1909 3821 1909 3820 1909 3821 3158 3823 3158 3822 3158 3823 1911 3825 1911 3824 1911 3825 1912 3827 1912 3826 1912 3827 1913 3829 1913 3828 1913 3829 1914 3831 1914 3830 1914 3831 3159 3833 3159 3832 3159 3833 3160 3835 3160 3834 3160 3835 3161 3837 3161 3836 3161 3837 3162 3839 3162 3838 3162 3839 3163 3841 3163 3840 3163 3841 3164 3843 3164 3842 3164 3843 1921 3845 1921 3844 1921 3845 3165 3847 3165 3846 3165 3847 1923 3849 1923 3848 1923 3849 3166 3851 3166 3850 3166 3851 3167 3853 3167 3852 3167 3853 1926 3855 1926 3854 1926 3855 3168 3857 3168 3856 3168 3857 1928 3859 1928 3858 1928 3859 1929 3861 1929 3860 1929 3861 3169 3863 3169 3862 3169 3863 1931 3865 1931 3864 1931 3865 3170 3867 3170 3866 3170 3867 1933 3869 1933 3868 1933 3869 3171 3871 3171 3870 3171 3871 3172 3873 3172 3872 3172 3873 1936 3875 1936 3874 1936 3875 1937 3877 1937 3876 1937 3877 3173 3879 3173 3878 3173 3879 3174 3881 3174 3880 3174 3881 1940 3883 1940 3882 1940 3883 1941 3885 1941 3884 1941 3885 3175 3887 3175 3886 3175 3887 3176 3889 3176 3888 3176 3889 1944 3891 1944 3890 1944 3891 3177 3893 3177 3892 3177 3893 1946 3895 1946 3894 1946 3895 1947 3897 1947 3896 1947 3897 3178 3899 3178 3898 3178 3899 1949 3901 1949 3900 1949 3901 3179 3903 3179 3902 3179 3903 1951 3905 1951 3904 1951 3905 1952 3907 1952 3906 1952 3907 3180 3909 3180 3908 3180 3909 1954 3911 1954 3910 1954 3911 3181 3913 3181 3912 3181 3913 1956 3915 1956 3914 1956 3915 3182 3917 3182 3916 3182 3917 3183 3919 3183 3918 3183 3919 3184 3921 3184 3920 3184 3921 1960 3923 1960 3922 1960 3923 3185 3925 3185 3924 3185 3925 3186 3927 3186 3926 3186 3927 3187 3929 3187 3928 3187 3929 1964 3931 1964 3930 1964 3931 1965 3933 1965 3932 1965 3933 1966 3935 1966 3934 1966 3935 1967 3937 1967 3936 1967 3937 3188 3939 3188 3938 3188 3939 1969 3941 1969 3940 1969 3941 3189 3943 3189 3942 3189 3943 3190 3945 3190 3944 3190 3945 3191 3947 3191 3946 3191 3947 1973 3949 1973 3948 1973 3949 3192 3951 3192 3950 3192 3951 1975 3953 1975 3952 1975 3953 1976 3955 1976 3954 1976 3955 3193 3957 3193 3956 3193 3957 3194 3959 3194 3958 3194 3959 3195 3961 3195 3960 3195 3961 3196 3963 3196 3962 3196 3963 1981 3965 1981 3964 1981 3965 1982 3967 1982 3966 1982 3967 1983 3969 1983 3968 1983 3969 3197 3971 3197 3970 3197 3971 3198 3973 3198 3972 3198 3973 3199 3975 3199 3974 3199 3975 3200 3977 3200 3976 3200 3977 3201 3979 3201 3978 3201 3979 3202 3981 3202 3980 3202 3981 3203 3983 3203 3982 3203 3983 3204 3985 3204 3984 3204 3985 3205 3987 3205 3986 3205 3987 3206 3989 3206 3988 3206 3989 3207 3991 3207 3990 3207 3991 3208 3993 3208 3992 3208 3993 3209 3995 3209 3994 3209 3995 3210 3997 3210 3996 3210 5 3211 3 3211 1 3211 1 3212 3999 3212 3997 3212 3997 3213 3995 3213 3989 3213 3995 3212 3993 3212 3989 3212 3993 3214 3991 3214 3989 3214 3989 3212 3987 3212 3981 3212 3987 3215 3985 3215 3981 3215 3985 3216 3983 3216 3981 3216 3981 3217 3979 3217 3973 3217 3979 3212 3977 3212 3973 3212 3977 3218 3975 3218 3973 3218 3973 3219 3971 3219 3969 3219 3969 3220 3967 3220 3965 3220 3965 3221 3963 3221 3961 3221 3961 3222 3959 3222 3965 3222 3959 3212 3957 3212 3965 3212 3957 3223 3955 3223 3949 3223 3955 3212 3953 3212 3949 3212 3953 3224 3951 3224 3949 3224 3949 3225 3947 3225 3945 3225 3945 3226 3943 3226 3941 3226 3941 3227 3939 3227 3937 3227 3937 3212 3935 3212 3933 3212 3933 3212 3931 3212 3925 3212 3931 3212 3929 3212 3925 3212 3929 3228 3927 3228 3925 3228 3925 3229 3923 3229 3917 3229 3923 3212 3921 3212 3917 3212 3921 3230 3919 3230 3917 3230 3917 3231 3915 3231 3913 3231 3913 3212 3911 3212 3917 3212 3911 3212 3909 3212 3917 3212 3909 3212 3907 3212 3901 3212 3907 3212 3905 3212 3901 3212 3905 3212 3903 3212 3901 3212 3901 3212 3899 3212 3897 3212 3897 3212 3895 3212 3893 3212 3893 3212 3891 3212 3889 3212 3889 3212 3887 3212 3893 3212 3887 3212 3885 3212 3893 3212 3885 3212 3883 3212 3877 3212 3883 3232 3881 3232 3877 3232 3881 3233 3879 3233 3877 3233 3877 3234 3875 3234 3869 3234 3875 3235 3873 3235 3869 3235 3873 3236 3871 3236 3869 3236 3869 3212 3867 3212 3861 3212 3867 3212 3865 3212 3861 3212 3865 3212 3863 3212 3861 3212 3861 3237 3859 3237 3853 3237 3859 3212 3857 3212 3853 3212 3857 3212 3855 3212 3853 3212 3853 3212 3851 3212 3845 3212 3851 3212 3849 3212 3845 3212 3849 3238 3847 3238 3845 3238 3845 3239 3843 3239 3837 3239 3843 3240 3841 3240 3837 3240 3841 3241 3839 3241 3837 3241 3837 3212 3835 3212 3833 3212 3833 3212 3831 3212 3837 3212 3831 3212 3829 3212 3837 3212 3829 3212 3827 3212 3821 3212 3827 3212 3825 3212 3821 3212 3825 3212 3823 3212 3821 3212 3821 3242 3819 3242 3817 3242 3817 3212 3815 3212 3813 3212 3813 3243 3811 3243 3809 3243 3809 3244 3807 3244 3805 3244 3805 3212 3803 3212 3801 3212 3801 3212 3799 3212 3797 3212 3797 3212 3795 3212 3793 3212 3793 3212 3791 3212 3797 3212 3791 3245 3789 3245 3797 3245 3789 3212 3787 3212 3785 3212 3785 3212 3783 3212 3781 3212 3781 3246 3779 3246 3777 3246 3777 3247 3775 3247 3773 3247 3773 3248 3771 3248 3769 3248 3769 3212 3767 3212 3765 3212 3765 3249 3763 3249 3761 3249 3761 3212 3759 3212 3757 3212 3757 3212 3755 3212 3753 3212 3753 3250 3751 3250 3749 3250 3749 3251 3747 3251 3741 3251 3747 3212 3745 3212 3741 3212 3745 3252 3743 3252 3741 3252 3741 3253 3739 3253 3737 3253 3737 3254 3735 3254 3741 3254 3735 3255 3733 3255 3741 3255 3733 3212 3731 3212 3729 3212 3729 3212 3727 3212 3725 3212 3725 3256 3723 3256 3717 3256 3723 3257 3721 3257 3717 3257 3721 3258 3719 3258 3717 3258 3717 3212 3715 3212 3709 3212 3715 3212 3713 3212 3709 3212 3713 3259 3711 3259 3709 3259 3709 3212 3707 3212 3701 3212 3707 3212 3705 3212 3701 3212 3705 3260 3703 3260 3701 3260 3701 3212 3699 3212 3697 3212 3697 3261 3695 3261 3693 3261 3693 3212 3691 3212 3685 3212 3691 3212 3689 3212 3685 3212 3689 3212 3687 3212 3685 3212 3685 3212 3683 3212 3681 3212 3681 3212 3679 3212 3677 3212 3677 3262 3675 3262 3673 3262 3673 3212 3671 3212 3669 3212 3669 3212 3667 3212 3665 3212 3665 3263 3663 3263 3661 3263 3661 3212 3659 3212 3657 3212 3657 3212 3655 3212 3661 3212 3655 3212 3653 3212 3661 3212 3653 3212 3651 3212 3649 3212 3649 3212 3647 3212 3645 3212 3645 3264 3643 3264 3641 3264 3641 3212 3639 3212 3637 3212 3637 3212 3635 3212 3633 3212 3633 3212 3631 3212 3637 3212 3631 3212 3629 3212 3637 3212 3629 3265 3627 3265 3621 3265 3627 3212 3625 3212 3621 3212 3625 3266 3623 3266 3621 3266 3621 3212 3619 3212 3613 3212 3619 3212 3617 3212 3613 3212 3617 3254 3615 3254 3613 3254 3613 3212 3611 3212 3609 3212 3609 3212 3607 3212 3613 3212 3607 3212 3605 3212 3613 3212 3605 3212 3603 3212 3601 3212 3601 3212 3599 3212 3605 3212 3599 3212 3597 3212 3605 3212 3597 3267 3595 3267 3593 3267 3593 2001 3591 2001 3589 2001 3589 3268 3587 3268 3585 3268 3585 3212 3583 3212 3581 3212 3581 3269 3579 3269 3577 3269 3577 3270 3575 3270 3573 3270 3573 3212 3571 3212 3569 3212 3569 3212 3567 3212 3573 3212 3567 3212 3565 3212 3573 3212 3565 3271 3563 3271 3561 3271 3561 3272 3559 3272 3557 3272 3557 3273 3555 3273 3553 3273 3553 3212 3551 3212 3557 3212 3551 3274 3549 3274 3557 3274 3549 3212 3547 3212 3545 3212 3545 3212 3543 3212 3549 3212 3543 3212 3541 3212 3549 3212 3541 3275 3539 3275 3537 3275 3537 3212 3535 3212 3533 3212 3533 3212 3531 3212 3525 3212 3531 3276 3529 3276 3525 3276 3529 3212 3527 3212 3525 3212 3525 3277 3523 3277 3521 3277 3521 3212 3519 3212 3517 3212 3517 3278 3515 3278 3513 3278 3513 3279 3511 3279 3509 3279 3509 3212 3507 3212 3505 3212 3505 3212 3503 3212 3509 3212 3503 3212 3501 3212 3509 3212 3501 3212 3499 3212 3493 3212 3499 3280 3497 3280 3493 3280 3497 3212 3495 3212 3493 3212 3493 3212 3491 3212 3485 3212 3491 3281 3489 3281 3485 3281 3489 3282 3487 3282 3485 3282 3485 3283 3483 3283 3481 3283 3481 3212 3479 3212 3485 3212 3479 3284 3477 3284 3485 3284 3477 3285 3475 3285 3469 3285 3475 3212 3473 3212 3469 3212 3473 3212 3471 3212 3469 3212 3469 3212 3467 3212 3461 3212 3467 3212 3465 3212 3461 3212 3465 3266 3463 3266 3461 3266 3461 3212 3459 3212 3457 3212 3457 3212 3455 3212 3461 3212 3455 3212 3453 3212 3461 3212 3453 3212 3451 3212 3449 3212 3449 3212 3447 3212 3453 3212 3447 3212 3445 3212 3453 3212 3445 3286 3443 3286 3441 3286 3441 3287 3439 3287 3437 3287 3437 3212 3435 3212 3429 3212 3435 3288 3433 3288 3429 3288 3433 3212 3431 3212 3429 3212 3429 3212 3427 3212 3425 3212 3425 3212 3423 3212 3429 3212 3423 3212 3421 3212 3429 3212 3421 3289 3419 3289 3413 3289 3419 3212 3417 3212 3413 3212 3417 3290 3415 3290 3413 3290 3413 3212 3411 3212 3405 3212 3411 3291 3409 3291 3405 3291 3409 3212 3407 3212 3405 3212 3405 3292 3403 3292 3401 3292 3401 3212 3399 3212 3397 3212 3397 3212 3395 3212 3389 3212 3395 3212 3393 3212 3389 3212 3393 3212 3391 3212 3389 3212 3389 3212 3387 3212 3385 3212 3385 3212 3383 3212 3389 3212 3383 3293 3381 3293 3389 3293 3381 3212 3379 3212 3373 3212 3379 3212 3377 3212 3373 3212 3377 3212 3375 3212 3373 3212 3373 3212 3371 3212 3369 3212 3369 3294 3367 3294 3365 3294 3365 3212 3363 3212 3361 3212 3361 3212 3359 3212 3365 3212 3359 3212 3357 3212 3365 3212 3357 3295 3355 3295 3353 3295 3353 3296 3351 3296 3349 3296 3349 3212 3347 3212 3345 3212 3345 3297 3343 3297 3341 3297 3341 3298 3339 3298 3333 3298 3339 3299 3337 3299 3333 3299 3337 3212 3335 3212 3333 3212 3333 3212 3331 3212 3325 3212 3331 3300 3329 3300 3325 3300 3329 3212 3327 3212 3325 3212 3325 3301 3323 3301 3321 3301 3321 3302 3319 3302 3325 3302 3319 3212 3317 3212 3325 3212 3317 3303 3315 3303 3313 3303 3313 3212 3311 3212 3309 3212 3309 3212 3307 3212 3301 3212 3307 3212 3305 3212 3301 3212 3305 3304 3303 3304 3301 3304 3301 3212 3299 3212 3293 3212 3299 3212 3297 3212 3293 3212 3297 3305 3295 3305 3293 3305 3293 3306 3291 3306 3289 3306 3289 3307 3287 3307 3285 3307 3285 3212 3283 3212 3277 3212 3283 3308 3281 3308 3277 3308 3281 3212 3279 3212 3277 3212 3277 3212 3275 3212 3269 3212 3275 3212 3273 3212 3269 3212 3273 3212 3271 3212 3269 3212 3269 3309 3267 3309 3261 3309 3267 3310 3265 3310 3261 3310 3265 3212 3263 3212 3261 3212 3261 3212 3259 3212 3253 3212 3259 3212 3257 3212 3253 3212 3257 3212 3255 3212 3253 3212 3253 3212 3251 3212 3245 3212 3251 3311 3249 3311 3245 3311 3249 3212 3247 3212 3245 3212 3245 3212 3243 3212 3241 3212 3241 3302 3239 3302 3237 3302 3237 3312 3235 3312 3233 3312 3233 3212 3231 3212 3229 3212 3229 3212 3227 3212 3221 3212 3227 3313 3225 3313 3221 3313 3225 3314 3223 3314 3221 3314 3221 3212 3219 3212 3217 3212 3217 3212 3215 3212 3221 3212 3215 3212 3213 3212 3221 3212 3213 3315 3211 3315 3209 3315 3209 3316 3207 3316 3205 3316 3205 3317 3203 3317 3201 3317 3201 3318 3199 3318 3197 3318 3197 3319 3195 3319 3189 3319 3195 3320 3193 3320 3189 3320 3193 3321 3191 3321 3189 3321 3189 3212 3187 3212 3185 3212 3185 3212 3183 3212 3181 3212 3181 3212 3179 3212 3173 3212 3179 3212 3177 3212 3173 3212 3177 3212 3175 3212 3173 3212 3173 3212 3171 3212 3169 3212 3169 3212 3167 3212 3173 3212 3167 3212 3165 3212 3173 3212 3165 3212 3163 3212 3161 3212 3161 3322 3159 3322 3157 3322 3157 3212 3155 3212 3153 3212 3153 3323 3151 3323 3157 3323 3151 3212 3149 3212 3157 3212 3149 3324 3147 3324 3145 3324 3145 3212 3143 3212 3141 3212 3141 3325 3139 3325 3133 3325 3139 3212 3137 3212 3133 3212 3137 3212 3135 3212 3133 3212 3133 3212 3131 3212 3129 3212 3129 3212 3127 3212 3133 3212 3127 3212 3125 3212 3133 3212 3125 3326 3123 3326 3121 3326 3121 3212 3119 3212 3125 3212 3119 3327 3117 3327 3125 3327 3117 3212 3115 3212 3113 3212 3113 3328 3111 3328 3109 3328 3109 3212 3107 3212 3105 3212 3105 3329 3103 3329 3101 3329 3101 3330 3099 3330 3093 3330 3099 3212 3097 3212 3093 3212 3097 3212 3095 3212 3093 3212 3093 3212 3091 3212 3089 3212 3089 3331 3087 3331 3085 3331 3085 3212 3083 3212 3081 3212 3081 3212 3079 3212 3085 3212 3079 3332 3077 3332 3085 3332 3077 3333 3075 3333 3073 3333 3073 3212 3071 3212 3077 3212 3071 3212 3069 3212 3077 3212 3069 3334 3067 3334 3061 3334 3067 3335 3065 3335 3061 3335 3065 3336 3063 3336 3061 3336 3061 3337 3059 3337 3057 3337 3057 3212 3055 3212 3053 3212 3053 3212 3051 3212 3049 3212 3049 3338 3047 3338 3053 3338 3047 3212 3045 3212 3053 3212 3045 3339 3043 3339 3041 3339 3041 3340 3039 3340 3045 3340 3039 3212 3037 3212 3045 3212 3037 3212 3035 3212 3033 3212 3033 3212 3031 3212 3037 3212 3031 3212 3029 3212 3037 3212 3029 3212 3027 3212 3025 3212 3025 3212 3023 3212 3021 3212 3021 3212 3019 3212 3013 3212 3019 3212 3017 3212 3013 3212 3017 3212 3015 3212 3013 3212 3013 3341 3011 3341 3009 3341 3009 3342 3007 3342 3005 3342 3005 3343 3003 3343 3001 3343 3001 3212 2999 3212 2997 3212 2997 3344 2995 3344 2989 3344 2995 3212 2993 3212 2989 3212 2993 3345 2991 3345 2989 3345 2989 3346 2987 3346 2981 3346 2987 3347 2985 3347 2981 3347 2985 3348 2983 3348 2981 3348 2981 3349 2979 3349 2973 3349 2979 3350 2977 3350 2973 3350 2977 3212 2975 3212 2973 3212 2973 3351 2971 3351 2969 3351 2969 3212 2967 3212 2965 3212 2965 3212 2963 3212 2961 3212 2961 3212 2959 3212 2965 3212 2959 3352 2957 3352 2965 3352 2957 3212 2955 3212 2949 3212 2955 3353 2953 3353 2949 3353 2953 3354 2951 3354 2949 3354 2949 3212 2947 3212 2941 3212 2947 3212 2945 3212 2941 3212 2945 3355 2943 3355 2941 3355 2941 3212 2939 3212 2937 3212 2937 3212 2935 3212 2941 3212 2935 3356 2933 3356 2941 3356 2933 3357 2931 3357 2929 3357 2929 3212 2927 3212 2933 3212 2927 3212 2925 3212 2933 3212 2925 3358 2923 3358 2921 3358 2921 3212 2919 3212 2925 3212 2919 3212 2917 3212 2925 3212 2917 3359 2915 3359 2913 3359 2913 3212 2911 3212 2917 3212 2911 3212 2909 3212 2917 3212 2909 3360 2907 3360 2905 3360 2905 3361 2903 3361 2901 3361 2901 3329 2899 3329 2897 3329 2897 3362 2895 3362 2893 3362 2893 3212 2891 3212 2889 3212 2889 3212 2887 3212 2885 3212 2885 3363 2883 3363 2877 3363 2883 3212 2881 3212 2877 3212 2881 3364 2879 3364 2877 3364 2877 3365 2875 3365 2873 3365 2873 3212 2871 3212 2877 3212 2871 3212 2869 3212 2877 3212 2869 3366 2867 3366 2865 3366 2865 3212 2863 3212 2861 3212 2861 3212 2859 3212 2857 3212 2857 3212 2855 3212 2861 3212 2855 3212 2853 3212 2861 3212 2853 3212 2851 3212 2845 3212 2851 3212 2849 3212 2845 3212 2849 3212 2847 3212 2845 3212 2845 3367 2843 3367 2837 3367 2843 3368 2841 3368 2837 3368 2841 3369 2839 3369 2837 3369 2837 3212 2835 3212 2833 3212 2833 3212 2831 3212 2837 3212 2831 3212 2829 3212 2837 3212 2829 3370 2827 3370 2825 3370 2825 3212 2823 3212 2821 3212 2821 3371 2819 3371 2817 3371 2817 3372 2815 3372 2813 3372 2813 3373 2811 3373 2809 3373 2809 3374 2807 3374 2813 3374 2807 3212 2805 3212 2813 3212 2805 3212 2803 3212 2801 3212 2801 3375 2799 3375 2797 3375 2797 3376 2795 3376 2793 3376 2793 3212 2791 3212 2797 3212 2791 3377 2789 3377 2797 3377 2789 3212 2787 3212 2785 3212 2785 3212 2783 3212 2789 3212 2783 3212 2781 3212 2789 3212 2781 3212 2779 3212 2773 3212 2779 3378 2777 3378 2773 3378 2777 3379 2775 3379 2773 3379 2773 3212 2771 3212 2765 3212 2771 3380 2769 3380 2765 3380 2769 3381 2767 3381 2765 3381 2765 3382 2763 3382 2761 3382 2761 3383 2759 3383 2757 3383 2757 3384 2755 3384 2753 3384 2753 3385 2751 3385 2749 3385 2749 3386 2747 3386 2745 3386 2745 3212 2743 3212 2749 3212 2743 3387 2741 3387 2749 3387 2741 3212 2739 3212 2733 3212 2739 3212 2737 3212 2733 3212 2737 3212 2735 3212 2733 3212 2733 3388 2731 3388 2729 3388 2729 3212 2727 3212 2725 3212 2725 3389 2723 3389 2721 3389 2721 3212 2719 3212 2717 3212 2717 3212 2715 3212 2713 3212 2713 3390 2711 3390 2717 3390 2711 3212 2709 3212 2717 3212 2709 3212 2707 3212 2701 3212 2707 3391 2705 3391 2701 3391 2705 3212 2703 3212 2701 3212 2701 3392 2699 3392 2697 3392 2697 3212 2695 3212 2693 3212 2693 3212 2691 3212 2689 3212 2689 3212 2687 3212 2685 3212 2685 3393 2683 3393 2677 3393 2683 3394 2681 3394 2677 3394 2681 3212 2679 3212 2677 3212 2677 3395 2675 3395 2673 3395 2673 3212 2671 3212 2677 3212 2671 3212 2669 3212 2677 3212 2669 3212 2667 3212 2665 3212 2665 3396 2663 3396 2661 3396 2661 3212 2659 3212 2653 3212 2659 3397 2657 3397 2653 3397 2657 3212 2655 3212 2653 3212 2653 3212 2651 3212 2645 3212 2651 3398 2649 3398 2645 3398 2649 3212 2647 3212 2645 3212 2645 3399 2643 3399 2637 3399 2643 3212 2641 3212 2637 3212 2641 3400 2639 3400 2637 3400 2637 3212 2635 3212 2633 3212 2633 3212 2631 3212 2637 3212 2631 3212 2629 3212 2637 3212 2629 3212 2627 3212 2621 3212 2627 3401 2625 3401 2621 3401 2625 3402 2623 3402 2621 3402 2621 3212 2619 3212 2617 3212 2617 3403 2615 3403 2613 3403 2613 3212 2611 3212 2609 3212 2609 3212 2607 3212 2613 3212 2607 3404 2605 3404 2613 3404 2605 3212 2603 3212 2601 3212 2601 3405 2599 3405 2597 3405 2597 3212 2595 3212 2589 3212 2595 3406 2593 3406 2589 3406 2593 3212 2591 3212 2589 3212 2589 3212 2587 3212 2585 3212 2585 3212 2583 3212 2581 3212 2581 3407 2579 3407 2577 3407 2577 3212 2575 3212 2581 3212 2575 3212 2573 3212 2581 3212 2573 3212 2571 3212 2569 3212 2569 3212 2567 3212 2565 3212 2565 3282 2563 3282 2561 3282 2561 3212 2559 3212 2565 3212 2559 3212 2557 3212 2565 3212 2557 3260 2555 3260 2553 3260 2553 3212 2551 3212 2549 3212 2549 3262 2547 3262 2545 3262 2545 3212 2543 3212 2541 3212 2541 3408 2539 3408 2537 3408 2537 3212 2535 3212 2533 3212 2533 3212 2531 3212 2525 3212 2531 3409 2529 3409 2525 3409 2529 3212 2527 3212 2525 3212 2525 3212 2523 3212 2521 3212 2521 3212 2519 3212 2525 3212 2519 3212 2517 3212 2525 3212 2517 3410 2515 3410 2513 3410 2513 3212 2511 3212 2509 3212 2509 3411 2507 3411 2501 3411 2507 3212 2505 3212 2501 3212 2505 3412 2503 3412 2501 3412 2501 3212 2499 3212 2493 3212 2499 3212 2497 3212 2493 3212 2497 3212 2495 3212 2493 3212 2493 3212 2491 3212 2485 3212 2491 3413 2489 3413 2485 3413 2489 3212 2487 3212 2485 3212 2485 3248 2483 3248 2481 3248 2481 3414 2479 3414 2477 3414 2477 3415 2475 3415 2473 3415 2473 3416 2471 3416 2469 3416 2469 3212 2467 3212 2465 3212 2465 3212 2463 3212 2461 3212 2461 3212 2459 3212 2453 3212 2459 3212 2457 3212 2453 3212 2457 3417 2455 3417 2453 3417 2453 3418 2451 3418 2445 3418 2451 3419 2449 3419 2445 3419 2449 3420 2447 3420 2445 3420 2445 3212 2443 3212 2441 3212 2441 3212 2439 3212 2445 3212 2439 3212 2437 3212 2445 3212 2437 3277 2435 3277 2433 3277 2433 3421 2431 3421 2429 3421 2429 3212 2427 3212 2425 3212 2425 3422 2423 3422 2421 3422 2421 3423 2419 3423 2417 3423 2417 3212 2415 3212 2413 3212 2413 3212 2411 3212 2405 3212 2411 3424 2409 3424 2405 3424 2409 3212 2407 3212 2405 3212 2405 3425 2403 3425 2397 3425 2403 3300 2401 3300 2397 3300 2401 3426 2399 3426 2397 3426 2397 3249 2395 3249 2393 3249 2393 3409 2391 3409 2397 3409 2391 3260 2389 3260 2397 3260 2389 3427 2387 3427 2385 3427 2385 3248 2383 3248 2389 3248 2383 3212 2381 3212 2389 3212 2381 3212 2379 3212 2373 3212 2379 3212 2377 3212 2373 3212 2377 3295 2375 3295 2373 3295 2373 3428 2371 3428 2369 3428 2369 3411 2367 3411 2373 3411 2367 3429 2365 3429 2373 3429 2365 3212 2363 3212 2361 3212 2361 3430 2359 3430 2357 3430 2357 3252 2355 3252 2349 3252 2355 3212 2353 3212 2349 3212 2353 3212 2351 3212 2349 3212 2349 3212 2347 3212 2345 3212 2345 3212 2343 3212 2341 3212 2341 3212 2339 3212 2337 3212 2337 3212 2335 3212 2341 3212 2335 3212 2333 3212 2341 3212 2333 3431 2331 3431 2329 3431 2329 3422 2327 3422 2325 3422 2325 3212 2323 3212 2321 3212 2321 3212 2319 3212 2325 3212 2319 3212 2317 3212 2325 3212 2317 3212 2315 3212 2313 3212 2313 3212 2311 3212 2317 3212 2311 3212 2309 3212 2317 3212 2309 3432 2307 3432 2305 3432 2305 3212 2303 3212 2309 3212 2303 3212 2301 3212 2309 3212 2301 3433 2299 3433 2297 3433 2297 3434 2295 3434 2293 3434 2293 3435 2291 3435 2289 3435 2289 3212 2287 3212 2293 3212 2287 3212 2285 3212 2293 3212 2285 3436 2283 3436 2281 3436 2281 3271 2279 3271 2277 3271 2277 3437 2275 3437 2273 3437 2273 3438 2271 3438 2269 3438 2269 3439 2267 3439 2265 3439 2265 3212 2263 3212 2269 3212 2263 3212 2261 3212 2269 3212 2261 3212 2259 3212 2257 3212 2257 3212 2255 3212 2261 3212 2255 3212 2253 3212 2261 3212 2253 3440 2251 3440 2249 3440 2249 3441 2247 3441 2253 3441 2247 3252 2245 3252 2253 3252 2245 3442 2243 3442 2241 3442 2241 3212 2239 3212 2237 3212 2237 3212 2235 3212 2233 3212 2233 3212 2231 3212 2237 3212 2231 3212 2229 3212 2237 3212 2229 3212 2227 3212 2225 3212 2225 3212 2223 3212 2229 3212 2223 3212 2221 3212 2229 3212 2221 3212 2219 3212 2217 3212 2217 3212 2215 3212 2213 3212 2213 3240 2211 3240 2209 3240 2209 3212 2207 3212 2205 3212 2205 3212 2203 3212 2201 3212 2201 3441 2199 3441 2197 3441 2197 3212 2195 3212 2189 3212 2195 3212 2193 3212 2189 3212 2193 3212 2191 3212 2189 3212 2189 3443 2187 3443 2181 3443 2187 3444 2185 3444 2181 3444 2185 3423 2183 3423 2181 3423 2181 3212 2179 3212 2177 3212 2177 3445 2175 3445 2173 3445 2173 3446 2171 3446 2169 3446 2169 3212 2167 3212 2173 3212 2167 3212 2165 3212 2173 3212 2165 3447 2163 3447 2161 3447 2161 3448 2159 3448 2157 3448 2157 3212 2155 3212 2153 3212 2153 3212 2151 3212 2157 3212 2151 3212 2149 3212 2157 3212 2149 3449 2147 3449 2145 3449 2145 3212 2143 3212 2149 3212 2143 3212 2141 3212 2149 3212 2141 3450 2139 3450 2137 3450 2137 3212 2135 3212 2141 3212 2135 3212 2133 3212 2141 3212 2133 3212 2131 3212 2129 3212 2129 3212 2127 3212 2125 3212 2125 3451 2123 3451 2121 3451 2121 3452 2119 3452 2117 3452 2117 3453 2115 3453 2113 3453 2113 3212 2111 3212 2117 3212 2111 3212 2109 3212 2117 3212 2109 3212 2107 3212 2105 3212 2105 3212 2103 3212 2109 3212 2103 3212 2101 3212 2109 3212 2101 3212 2099 3212 2097 3212 2097 3212 2095 3212 2093 3212 2093 3212 2091 3212 2089 3212 2089 3212 2087 3212 2093 3212 2087 3212 2085 3212 2093 3212 2085 3212 2083 3212 2081 3212 2081 3212 2079 3212 2085 3212 2079 3212 2077 3212 2085 3212 2077 3212 2075 3212 2073 3212 2073 3454 2071 3454 2069 3454 2069 3212 2067 3212 2065 3212 2065 3212 2063 3212 2061 3212 2061 3455 2059 3455 2057 3455 2057 3212 2055 3212 2053 3212 2053 3456 2051 3456 2049 3456 2049 3212 2047 3212 2053 3212 2047 3212 2045 3212 2053 3212 2045 3457 2043 3457 2041 3457 2041 3216 2039 3216 2037 3216 2037 3212 2035 3212 2033 3212 2033 3212 2031 3212 2037 3212 2031 3212 2029 3212 2037 3212 2029 3212 2027 3212 2025 3212 2025 3458 2023 3458 2021 3458 2021 3459 2019 3459 2017 3459 2017 3212 2015 3212 2013 3212 2013 3460 2011 3460 2009 3460 2009 3212 2007 3212 2013 3212 2007 3212 2005 3212 2013 3212 2005 3461 2003 3461 2001 3461 2001 3462 1999 3462 1997 3462 1997 3212 1995 3212 1993 3212 1993 3463 1991 3463 1997 3463 1991 3464 1989 3464 1997 3464 1989 3212 1987 3212 1985 3212 1985 3212 1983 3212 1981 3212 1981 3216 1979 3216 1977 3216 1977 3465 1975 3465 1973 3465 1973 3212 1971 3212 1965 3212 1971 3212 1969 3212 1965 3212 1969 3218 1967 3218 1965 3218 1965 3212 1963 3212 1961 3212 1961 3466 1959 3466 1957 3466 1957 3212 1955 3212 1949 3212 1955 3212 1953 3212 1949 3212 1953 3467 1951 3467 1949 3467 1949 3212 1947 3212 1941 3212 1947 3212 1945 3212 1941 3212 1945 3212 1943 3212 1941 3212 1941 3212 1939 3212 1937 3212 1937 3465 1935 3465 1933 3465 1933 3212 1931 3212 1925 3212 1931 3212 1929 3212 1925 3212 1929 3225 1927 3225 1925 3225 1925 3468 1923 3468 1921 3468 1921 3469 1919 3469 1917 3469 1917 3212 1915 3212 1909 3212 1915 3470 1913 3470 1909 3470 1913 3212 1911 3212 1909 3212 1909 3471 1907 3471 1901 3471 1907 3212 1905 3212 1901 3212 1905 3212 1903 3212 1901 3212 1901 3212 1899 3212 1897 3212 1897 3212 1895 3212 1893 3212 1893 3212 1891 3212 1889 3212 1889 3212 1887 3212 1885 3212 1885 3212 1883 3212 1877 3212 1883 3472 1881 3472 1877 3472 1881 3212 1879 3212 1877 3212 1877 3212 1875 3212 1869 3212 1875 3212 1873 3212 1869 3212 1873 3212 1871 3212 1869 3212 1869 3212 1867 3212 1865 3212 1865 3212 1863 3212 1869 3212 1863 3473 1861 3473 1869 3473 1861 3212 1859 3212 1853 3212 1859 3212 1857 3212 1853 3212 1857 3230 1855 3230 1853 3230 1853 3212 1851 3212 1849 3212 1849 3212 1847 3212 1853 3212 1847 3474 1845 3474 1853 3474 1845 3212 1843 3212 1841 3212 1841 3212 1839 3212 1837 3212 1837 3475 1835 3475 1829 3475 1835 3212 1833 3212 1829 3212 1833 3212 1831 3212 1829 3212 1829 3476 1827 3476 1821 3476 1827 3212 1825 3212 1821 3212 1825 3212 1823 3212 1821 3212 1821 3212 1819 3212 1813 3212 1819 3477 1817 3477 1813 3477 1817 3478 1815 3478 1813 3478 1813 3479 1811 3479 1805 3479 1811 3212 1809 3212 1805 3212 1809 3480 1807 3480 1805 3480 1805 3481 1803 3481 1801 3481 1801 3212 1799 3212 1797 3212 1797 3212 1795 3212 1793 3212 1793 3212 1791 3212 1789 3212 1789 3212 1787 3212 1781 3212 1787 3212 1785 3212 1781 3212 1785 3257 1783 3257 1781 3257 1781 3482 1779 3482 1777 3482 1777 3212 1775 3212 1781 3212 1775 3212 1773 3212 1781 3212 1773 3483 1771 3483 1769 3483 1769 3484 1767 3484 1765 3484 1765 3434 1763 3434 1761 3434 1761 3212 1759 3212 1757 3212 1757 3212 1755 3212 1753 3212 1753 3212 1751 3212 1757 3212 1751 3485 1749 3485 1757 3485 1749 3212 1747 3212 1745 3212 1745 3212 1743 3212 1749 3212 1743 3212 1741 3212 1749 3212 1741 3486 1739 3486 1737 3486 1737 3487 1735 3487 1733 3487 1733 3212 1731 3212 1725 3212 1731 3231 1729 3231 1725 3231 1729 3265 1727 3265 1725 3265 1725 3488 1723 3488 1721 3488 1721 3212 1719 3212 1717 3212 1717 3212 1715 3212 1713 3212 1713 3250 1711 3250 1709 3250 1709 3212 1707 3212 1701 3212 1707 3489 1705 3489 1701 3489 1705 3490 1703 3490 1701 3490 1701 3491 1699 3491 1697 3491 1697 3212 1695 3212 1693 3212 1693 3492 1691 3492 1685 3492 1691 3247 1689 3247 1685 3247 1689 3212 1687 3212 1685 3212 1685 3212 1683 3212 1681 3212 1681 3241 1679 3241 1677 3241 1677 3212 1675 3212 1673 3212 1673 2001 1671 2001 1669 2001 1669 3212 1667 3212 1665 3212 1665 3414 1663 3414 1669 3414 1663 3212 1661 3212 1669 3212 1661 3275 1659 3275 1657 3275 1657 3212 1655 3212 1661 3212 1655 3212 1653 3212 1661 3212 1653 3493 1651 3493 1649 3493 1649 3494 1647 3494 1645 3494 1645 3212 1643 3212 1637 3212 1643 3212 1641 3212 1637 3212 1641 3495 1639 3495 1637 3495 1637 3483 1635 3483 1633 3483 1633 3496 1631 3496 1629 3496 1629 3497 1627 3497 1625 3497 1625 3212 1623 3212 1629 3212 1623 3212 1621 3212 1629 3212 1621 3498 1619 3498 1617 3498 1617 3212 1615 3212 1613 3212 1613 3499 1611 3499 1609 3499 1609 3212 1607 3212 1613 3212 1607 3212 1605 3212 1613 3212 1605 3441 1603 3441 1601 3441 1601 3212 1599 3212 1597 3212 1597 3500 1595 3500 1589 3500 1595 3501 1593 3501 1589 3501 1593 3212 1591 3212 1589 3212 1589 3421 1587 3421 1585 3421 1585 3502 1583 3502 1581 3502 1581 3212 1579 3212 1577 3212 1577 3212 1575 3212 1573 3212 1573 3306 1571 3306 1569 3306 1569 3503 1567 3503 1565 3503 1565 3212 1563 3212 1557 3212 1563 3212 1561 3212 1557 3212 1561 3432 1559 3432 1557 3432 1557 3212 1555 3212 1553 3212 1553 3504 1551 3504 1557 3504 1551 3212 1549 3212 1557 3212 1549 3408 1547 3408 1545 3408 1545 3505 1543 3505 1541 3505 1541 3212 1539 3212 1537 3212 1537 3212 1535 3212 1533 3212 1533 3212 1531 3212 1525 3212 1531 3212 1529 3212 1525 3212 1529 3212 1527 3212 1525 3212 1525 3212 1523 3212 1517 3212 1523 3498 1521 3498 1517 3498 1521 3506 1519 3506 1517 3506 1517 3507 1515 3507 1513 3507 1513 3212 1511 3212 1517 3212 1511 3212 1509 3212 1517 3212 1509 3212 1507 3212 1501 3212 1507 3212 1505 3212 1501 3212 1505 3212 1503 3212 1501 3212 1501 3212 1499 3212 1497 3212 1497 3212 1495 3212 1493 3212 1493 3212 1491 3212 1489 3212 1489 3508 1487 3508 1493 3508 1487 3212 1485 3212 1493 3212 1485 3509 1483 3509 1481 3509 1481 3510 1479 3510 1477 3510 1477 3511 1475 3511 1473 3511 1473 3512 1471 3512 1469 3512 1469 3513 1467 3513 1465 3513 1465 3212 1463 3212 1469 3212 1463 3212 1461 3212 1469 3212 1461 3288 1459 3288 1457 3288 1457 3212 1455 3212 1461 3212 1455 3212 1453 3212 1461 3212 1453 3514 1451 3514 1449 3514 1449 3515 1447 3515 1445 3515 1445 3516 1443 3516 1441 3516 1441 3517 1439 3517 1437 3517 1437 3518 1435 3518 1433 3518 1433 3212 1431 3212 1437 3212 1431 3519 1429 3519 1437 3519 1429 3520 1427 3520 1421 3520 1427 3521 1425 3521 1421 3521 1425 3212 1423 3212 1421 3212 1421 3212 1419 3212 1413 3212 1419 3269 1417 3269 1413 3269 1417 3522 1415 3522 1413 3522 1413 3212 1411 3212 1409 3212 1409 3523 1407 3523 1413 3523 1407 3212 1405 3212 1413 3212 1405 3212 1403 3212 1401 3212 1401 3212 1399 3212 1397 3212 1397 3212 1395 3212 1389 3212 1395 3524 1393 3524 1389 3524 1393 3212 1391 3212 1389 3212 1389 3212 1387 3212 1385 3212 1385 3287 1383 3287 1381 3287 1381 3212 1379 3212 1377 3212 1377 3397 1375 3397 1373 3397 1373 3525 1371 3525 1369 3525 1369 3526 1367 3526 1373 3526 1367 3212 1365 3212 1373 3212 1365 3527 1363 3527 1361 3527 1361 3212 1359 3212 1365 3212 1359 3528 1357 3528 1365 3528 1357 3212 1355 3212 1349 3212 1355 3529 1353 3529 1349 3529 1353 3530 1351 3530 1349 3530 1349 3412 1347 3412 1345 3412 1345 3212 1343 3212 1341 3212 1341 3304 1339 3304 1333 3304 1339 3531 1337 3531 1333 3531 1337 3212 1335 3212 1333 3212 1333 3212 1331 3212 1329 3212 1329 3212 1327 3212 1333 3212 1327 3532 1325 3532 1333 3532 1325 3212 1323 3212 1317 3212 1323 3533 1321 3533 1317 3533 1321 3212 1319 3212 1317 3212 1317 3534 1315 3534 1309 3534 1315 3535 1313 3535 1309 3535 1313 3389 1311 3389 1309 3389 1309 3536 1307 3536 1305 3536 1305 3212 1303 3212 1309 3212 1303 3212 1301 3212 1309 3212 1301 3212 1299 3212 1293 3212 1299 3212 1297 3212 1293 3212 1297 3537 1295 3537 1293 3537 1293 3538 1291 3538 1289 3538 1289 3212 1287 3212 1293 3212 1287 3212 1285 3212 1293 3212 1285 3212 1283 3212 1281 3212 1281 3212 1279 3212 1277 3212 1277 3539 1275 3539 1273 3539 1273 3212 1271 3212 1277 3212 1271 3540 1269 3540 1277 3540 1269 3541 1267 3541 1265 3541 1265 3542 1263 3542 1261 3542 1261 3212 1259 3212 1253 3212 1259 3212 1257 3212 1253 3212 1257 3212 1255 3212 1253 3212 1253 3212 1251 3212 1249 3212 1249 3212 1247 3212 1245 3212 1245 3212 1243 3212 1237 3212 1243 3543 1241 3543 1237 3543 1241 3544 1239 3544 1237 3544 1237 3545 1235 3545 1233 3545 1233 3502 1231 3502 1229 3502 1229 3546 1227 3546 1225 3546 1225 3212 1223 3212 1229 3212 1223 3212 1221 3212 1229 3212 1221 3212 1219 3212 1217 3212 1217 3212 1215 3212 1213 3212 1213 3532 1211 3532 1205 3532 1211 3212 1209 3212 1205 3212 1209 3547 1207 3547 1205 3547 1205 3548 1203 3548 1201 3548 1201 3212 1199 3212 1205 3212 1199 3212 1197 3212 1205 3212 1197 3549 1195 3549 1193 3549 1193 3212 1191 3212 1197 3212 1191 3550 1189 3550 1197 3550 1189 3212 1187 3212 1185 3212 1185 3212 1183 3212 1189 3212 1183 3212 1181 3212 1189 3212 1181 3551 1179 3551 1177 3551 1177 3212 1175 3212 1181 3212 1175 3212 1173 3212 1181 3212 1173 3212 1171 3212 1169 3212 1169 3212 1167 3212 1173 3212 1167 3212 1165 3212 1173 3212 1165 3552 1163 3552 1161 3552 1161 3553 1159 3553 1165 3553 1159 3212 1157 3212 1165 3212 1157 3554 1155 3554 1153 3554 1153 3555 1151 3555 1149 3555 1149 3212 1147 3212 1145 3212 1145 3212 1143 3212 1141 3212 1141 3556 1139 3556 1137 3556 1137 3212 1135 3212 1133 3212 1133 3212 1131 3212 1129 3212 1129 3212 1127 3212 1133 3212 1127 3212 1125 3212 1133 3212 1125 3557 1123 3557 1117 3557 1123 3212 1121 3212 1117 3212 1121 3212 1119 3212 1117 3212 1117 3558 1115 3558 1113 3558 1113 3559 1111 3559 1117 3559 1111 3212 1109 3212 1117 3212 1109 3560 1107 3560 1101 3560 1107 3212 1105 3212 1101 3212 1105 3212 1103 3212 1101 3212 1101 3561 1099 3561 1093 3561 1099 3212 1097 3212 1093 3212 1097 3562 1095 3562 1093 3562 1093 3563 1091 3563 1089 3563 1089 3212 1087 3212 1085 3212 1085 3564 1083 3564 1081 3564 1081 3212 1079 3212 1085 3212 1079 3212 1077 3212 1085 3212 1077 3212 1075 3212 1073 3212 1073 3565 1071 3565 1069 3565 1069 3212 1067 3212 1065 3212 1065 3566 1063 3566 1069 3566 1063 3212 1061 3212 1069 3212 1061 3567 1059 3567 1053 3567 1059 3212 1057 3212 1053 3212 1057 3212 1055 3212 1053 3212 1053 3212 1051 3212 1049 3212 1049 3212 1047 3212 1053 3212 1047 3212 1045 3212 1053 3212 1045 3568 1043 3568 1041 3568 1041 3212 1039 3212 1045 3212 1039 3569 1037 3569 1045 3569 1037 3212 1035 3212 1033 3212 1033 3212 1031 3212 1037 3212 1031 3212 1029 3212 1037 3212 1029 3570 1027 3570 1025 3570 1025 3212 1023 3212 1029 3212 1023 3212 1021 3212 1029 3212 1021 3571 1019 3571 1017 3571 1017 3572 1015 3572 1013 3572 1013 3573 1011 3573 1005 3573 1011 3574 1009 3574 1005 3574 1009 3212 1007 3212 1005 3212 1005 3575 1003 3575 1001 3575 1001 3576 999 3576 1005 3576 999 3212 997 3212 1005 3212 997 3212 995 3212 989 3212 995 3212 993 3212 989 3212 993 3577 991 3577 989 3577 989 3578 987 3578 985 3578 985 3212 983 3212 981 3212 981 3212 979 3212 977 3212 977 3579 975 3579 973 3579 973 3212 971 3212 969 3212 969 3212 967 3212 965 3212 965 3212 963 3212 961 3212 961 3580 959 3580 965 3580 959 3212 957 3212 965 3212 957 3212 955 3212 949 3212 955 3581 953 3581 949 3581 953 3582 951 3582 949 3582 949 3212 947 3212 941 3212 947 3212 945 3212 941 3212 945 3583 943 3583 941 3583 941 3212 939 3212 937 3212 937 3212 935 3212 941 3212 935 3212 933 3212 941 3212 933 3584 931 3584 925 3584 931 3212 929 3212 925 3212 929 3212 927 3212 925 3212 925 3585 923 3585 921 3585 921 3212 919 3212 925 3212 919 3212 917 3212 925 3212 917 3212 915 3212 913 3212 913 3212 911 3212 909 3212 909 3586 907 3586 905 3586 905 3587 903 3587 901 3587 901 3588 899 3588 893 3588 899 3212 897 3212 893 3212 897 3212 895 3212 893 3212 893 3212 891 3212 889 3212 889 3589 887 3589 885 3589 885 3212 883 3212 877 3212 883 3212 881 3212 877 3212 881 3212 879 3212 877 3212 877 3590 875 3590 869 3590 875 3212 873 3212 869 3212 873 3212 871 3212 869 3212 869 3591 867 3591 865 3591 865 3592 863 3592 869 3592 863 3212 861 3212 869 3212 861 3593 859 3593 857 3593 857 3594 855 3594 853 3594 853 3595 851 3595 849 3595 849 3212 847 3212 845 3212 845 3212 843 3212 841 3212 841 3266 839 3266 837 3266 837 3596 835 3596 829 3596 835 3597 833 3597 829 3597 833 3598 831 3598 829 3598 829 3212 827 3212 825 3212 825 3599 823 3599 821 3599 821 3212 819 3212 813 3212 819 3212 817 3212 813 3212 817 3600 815 3600 813 3600 813 3601 811 3601 805 3601 811 3212 809 3212 805 3212 809 3602 807 3602 805 3602 805 3508 803 3508 801 3508 801 3212 799 3212 797 3212 797 3212 795 3212 793 3212 793 3212 791 3212 789 3212 789 3212 787 3212 785 3212 785 3603 783 3603 789 3603 783 3212 781 3212 789 3212 781 3604 779 3604 777 3604 777 3212 775 3212 773 3212 773 3212 771 3212 769 3212 769 3212 767 3212 773 3212 767 3212 765 3212 773 3212 765 3212 763 3212 761 3212 761 3212 759 3212 757 3212 757 3605 755 3605 753 3605 753 3212 751 3212 757 3212 751 3212 749 3212 757 3212 749 3212 747 3212 745 3212 745 3212 743 3212 741 3212 741 3212 739 3212 737 3212 737 3606 735 3606 733 3606 733 3539 731 3539 725 3539 731 3607 729 3607 725 3607 729 3608 727 3608 725 3608 725 3609 723 3609 721 3609 721 3610 719 3610 725 3610 719 3212 717 3212 725 3212 717 3611 715 3611 709 3611 715 3212 713 3212 709 3212 713 3212 711 3212 709 3212 709 3212 707 3212 701 3212 707 3212 705 3212 701 3212 705 3612 703 3612 701 3612 701 3613 699 3613 697 3613 697 3614 695 3614 693 3614 693 3316 691 3316 689 3316 689 3212 687 3212 685 3212 685 3212 683 3212 677 3212 683 3615 681 3615 677 3615 681 3616 679 3616 677 3616 677 3212 675 3212 673 3212 673 3212 671 3212 677 3212 671 3212 669 3212 677 3212 669 3617 667 3617 661 3617 667 3618 665 3618 661 3618 665 3212 663 3212 661 3212 661 3212 659 3212 653 3212 659 3212 657 3212 653 3212 657 3212 655 3212 653 3212 653 3212 651 3212 649 3212 649 3212 647 3212 645 3212 645 3212 643 3212 641 3212 641 3212 639 3212 645 3212 639 3212 637 3212 645 3212 637 3212 635 3212 629 3212 635 3619 633 3619 629 3619 633 3212 631 3212 629 3212 629 3212 627 3212 625 3212 625 3212 623 3212 629 3212 623 3212 621 3212 629 3212 621 3620 619 3620 617 3620 617 3212 615 3212 621 3212 615 3212 613 3212 621 3212 613 3283 611 3283 605 3283 611 3621 609 3621 605 3621 609 3212 607 3212 605 3212 605 3212 603 3212 597 3212 603 3212 601 3212 597 3212 601 3212 599 3212 597 3212 597 3622 595 3622 593 3622 593 3212 591 3212 589 3212 589 3623 587 3623 585 3623 585 3212 583 3212 581 3212 581 3212 579 3212 577 3212 577 3212 575 3212 573 3212 573 3624 571 3624 569 3624 569 3212 567 3212 573 3212 567 3212 565 3212 573 3212 565 3528 563 3528 561 3528 561 3263 559 3263 557 3263 557 3212 555 3212 549 3212 555 3212 553 3212 549 3212 553 3625 551 3625 549 3625 549 3424 547 3424 541 3424 547 3212 545 3212 541 3212 545 3626 543 3626 541 3626 541 3627 539 3627 537 3627 537 3382 535 3382 541 3382 535 3420 533 3420 541 3420 533 3212 531 3212 525 3212 531 3212 529 3212 525 3212 529 3628 527 3628 525 3628 525 3629 523 3629 517 3629 523 3212 521 3212 517 3212 521 3630 519 3630 517 3630 517 3212 515 3212 513 3212 513 3267 511 3267 517 3267 511 3212 509 3212 517 3212 509 3212 507 3212 505 3212 505 3212 503 3212 501 3212 501 3212 499 3212 493 3212 499 3212 497 3212 493 3212 497 3212 495 3212 493 3212 493 3262 491 3262 489 3262 489 3264 487 3264 485 3264 485 3212 483 3212 481 3212 481 3306 479 3306 477 3306 477 3212 475 3212 469 3212 475 3212 473 3212 469 3212 473 3631 471 3631 469 3631 469 3212 467 3212 465 3212 465 3212 463 3212 469 3212 463 3212 461 3212 469 3212 461 3212 459 3212 457 3212 457 3212 455 3212 461 3212 455 3212 453 3212 461 3212 453 3212 451 3212 449 3212 449 3212 447 3212 453 3212 447 3212 445 3212 453 3212 445 3503 443 3503 441 3503 441 3212 439 3212 437 3212 437 3267 435 3267 433 3267 433 3632 431 3632 429 3632 429 3400 427 3400 425 3400 425 3633 423 3633 421 3633 421 3212 419 3212 417 3212 417 3212 415 3212 413 3212 413 3634 411 3634 405 3634 411 3212 409 3212 405 3212 409 3212 407 3212 405 3212 405 3212 403 3212 401 3212 401 3635 399 3635 397 3635 397 3636 395 3636 389 3636 395 3212 393 3212 389 3212 393 3637 391 3637 389 3637 389 3384 387 3384 385 3384 385 3212 383 3212 389 3212 383 3212 381 3212 389 3212 381 3638 379 3638 377 3638 377 3212 375 3212 381 3212 375 3212 373 3212 381 3212 373 3212 371 3212 365 3212 371 3212 369 3212 365 3212 369 3212 367 3212 365 3212 365 3639 363 3639 357 3639 363 3212 361 3212 357 3212 361 3212 359 3212 357 3212 357 3505 355 3505 353 3505 353 3276 351 3276 357 3276 351 3212 349 3212 357 3212 349 3412 347 3412 345 3412 345 3212 343 3212 349 3212 343 3212 341 3212 349 3212 341 3212 339 3212 333 3212 339 3640 337 3640 333 3640 337 3264 335 3264 333 3264 333 3212 331 3212 329 3212 329 3212 327 3212 333 3212 327 3212 325 3212 333 3212 325 3641 323 3641 317 3641 323 3212 321 3212 317 3212 321 3212 319 3212 317 3212 317 3212 315 3212 313 3212 313 3642 311 3642 317 3642 311 3643 309 3643 317 3643 309 3212 307 3212 305 3212 305 3212 303 3212 301 3212 301 3432 299 3432 297 3432 297 3644 295 3644 301 3644 295 3645 293 3645 301 3645 293 3646 291 3646 289 3646 289 3454 287 3454 285 3454 285 3647 283 3647 281 3647 281 3212 279 3212 285 3212 279 3212 277 3212 285 3212 277 3212 275 3212 269 3212 275 3648 273 3648 269 3648 273 3212 271 3212 269 3212 269 3491 267 3491 261 3491 267 3245 265 3245 261 3245 265 3231 263 3231 261 3231 261 3212 259 3212 257 3212 257 3212 255 3212 253 3212 253 3274 251 3274 249 3274 249 3260 247 3260 245 3260 245 3649 243 3649 241 3649 241 3212 239 3212 245 3212 239 3233 237 3233 245 3233 237 3212 235 3212 233 3212 233 3212 231 3212 229 3212 229 3212 227 3212 225 3212 225 3212 223 3212 229 3212 223 3212 221 3212 229 3212 221 3212 219 3212 217 3212 217 3212 215 3212 221 3212 215 3212 213 3212 221 3212 213 3212 211 3212 205 3212 211 3650 209 3650 205 3650 209 3437 207 3437 205 3437 205 3212 203 3212 201 3212 201 3265 199 3265 197 3265 197 3212 195 3212 193 3212 193 3212 191 3212 189 3212 189 3469 187 3469 185 3469 185 3651 183 3651 189 3651 183 3212 181 3212 189 3212 181 3485 179 3485 173 3485 179 3212 177 3212 173 3212 177 3212 175 3212 173 3212 173 3212 171 3212 169 3212 169 3212 167 3212 173 3212 167 3212 165 3212 173 3212 165 3652 163 3652 161 3652 161 3212 159 3212 157 3212 157 3212 155 3212 149 3212 155 3212 153 3212 149 3212 153 3212 151 3212 149 3212 149 3212 147 3212 141 3212 147 3653 145 3653 141 3653 145 3212 143 3212 141 3212 141 3212 139 3212 137 3212 137 3654 135 3654 133 3654 133 3212 131 3212 125 3212 131 3655 129 3655 125 3655 129 3212 127 3212 125 3212 125 3656 123 3656 121 3656 121 3212 119 3212 125 3212 119 3212 117 3212 125 3212 117 3212 115 3212 113 3212 113 3212 111 3212 109 3212 109 3212 107 3212 101 3212 107 3657 105 3657 101 3657 105 3212 103 3212 101 3212 101 3212 99 3212 97 3212 97 3658 95 3658 93 3658 93 3212 91 3212 89 3212 89 3212 87 3212 85 3212 85 3212 83 3212 77 3212 83 3212 81 3212 77 3212 81 3659 79 3659 77 3659 77 3212 75 3212 69 3212 75 3212 73 3212 69 3212 73 3212 71 3212 69 3212 69 3660 67 3660 65 3660 65 3212 63 3212 69 3212 63 3661 61 3661 69 3661 61 3212 59 3212 57 3212 57 3212 55 3212 53 3212 53 3467 51 3467 49 3467 49 3659 47 3659 45 3659 45 3662 43 3662 41 3662 41 3212 39 3212 37 3212 37 3212 35 3212 33 3212 33 3212 31 3212 37 3212 31 3663 29 3663 37 3663 29 3221 27 3221 25 3221 25 3664 23 3664 21 3664 21 3665 19 3665 17 3665 17 3212 15 3212 21 3212 15 3212 13 3212 21 3212 13 3666 11 3666 9 3666 9 3212 7 3212 5 3212 5 3212 1 3212 3997 3212 3973 3212 3969 3212 3957 3212 3969 3212 3965 3212 3957 3212 3949 3212 3945 3212 3957 3212 3945 3667 3941 3667 3957 3667 3941 3212 3937 3212 3925 3212 3937 3212 3933 3212 3925 3212 3901 3212 3897 3212 3909 3212 3897 3212 3893 3212 3909 3212 3821 3212 3817 3212 3829 3212 3817 3212 3813 3212 3829 3212 3813 3668 3809 3668 3797 3668 3809 3669 3805 3669 3797 3669 3805 3670 3801 3670 3797 3670 3789 3212 3785 3212 3797 3212 3785 3212 3781 3212 3797 3212 3781 3671 3777 3671 3765 3671 3777 3672 3773 3672 3765 3672 3773 3212 3769 3212 3765 3212 3765 3212 3761 3212 3757 3212 3757 3212 3753 3212 3765 3212 3753 3212 3749 3212 3765 3212 3733 3212 3729 3212 3725 3212 3701 3673 3697 3673 3685 3673 3697 3674 3693 3674 3685 3674 3685 3212 3681 3212 3677 3212 3677 3675 3673 3675 3669 3675 3669 3212 3665 3212 3653 3212 3665 3212 3661 3212 3653 3212 3653 3212 3649 3212 3645 3212 3645 3212 3641 3212 3653 3212 3641 3212 3637 3212 3653 3212 3597 3676 3593 3676 3605 3676 3593 3212 3589 3212 3605 3212 3589 3677 3585 3677 3581 3677 3581 3212 3577 3212 3589 3212 3577 3212 3573 3212 3589 3212 3565 3476 3561 3476 3573 3476 3561 3678 3557 3678 3573 3678 3541 3212 3537 3212 3525 3212 3537 3212 3533 3212 3525 3212 3525 3212 3521 3212 3509 3212 3521 3679 3517 3679 3509 3679 3517 3680 3513 3680 3509 3680 3445 3212 3441 3212 3429 3212 3441 3212 3437 3212 3429 3212 3405 3212 3401 3212 3413 3212 3401 3212 3397 3212 3413 3212 3373 3212 3369 3212 3381 3212 3369 3212 3365 3212 3381 3212 3357 3212 3353 3212 3365 3212 3353 3212 3349 3212 3365 3212 3349 3212 3345 3212 3333 3212 3345 3237 3341 3237 3333 3237 3317 3212 3313 3212 3301 3212 3313 3212 3309 3212 3301 3212 3293 3681 3289 3681 3285 3681 3245 3682 3241 3682 3237 3682 3237 3212 3233 3212 3221 3212 3233 3683 3229 3683 3221 3683 3213 3212 3209 3212 3221 3212 3209 3212 3205 3212 3221 3212 3205 3684 3201 3684 3189 3684 3201 3685 3197 3685 3189 3685 3189 3212 3185 3212 3173 3212 3185 3212 3181 3212 3173 3212 3165 3686 3161 3686 3173 3686 3161 3212 3157 3212 3173 3212 3149 3687 3145 3687 3157 3687 3145 3212 3141 3212 3157 3212 3117 3688 3113 3688 3125 3688 3113 3212 3109 3212 3125 3212 3109 3212 3105 3212 3093 3212 3105 3689 3101 3689 3093 3689 3093 3690 3089 3690 3077 3690 3089 3212 3085 3212 3077 3212 3061 3212 3057 3212 3053 3212 3029 3212 3025 3212 3013 3212 3025 3212 3021 3212 3013 3212 3013 3691 3009 3691 3005 3691 3005 3692 3001 3692 3013 3692 3001 3212 2997 3212 3013 3212 2973 3693 2969 3693 2965 3693 2909 3212 2905 3212 2917 3212 2905 3694 2901 3694 2917 3694 2901 3212 2897 3212 2893 3212 2893 3212 2889 3212 2885 3212 2869 3212 2865 3212 2853 3212 2865 3212 2861 3212 2853 3212 2829 3212 2825 3212 2837 3212 2825 3212 2821 3212 2837 3212 2821 3695 2817 3695 2813 3695 2805 3696 2801 3696 2789 3696 2801 3697 2797 3697 2789 3697 2765 3212 2761 3212 2773 3212 2761 3212 2757 3212 2773 3212 2757 3212 2753 3212 2741 3212 2753 3212 2749 3212 2741 3212 2733 3212 2729 3212 2741 3212 2729 3698 2725 3698 2741 3698 2725 3699 2721 3699 2717 3699 2701 3212 2697 3212 2709 3212 2697 3212 2693 3212 2709 3212 2693 3212 2689 3212 2685 3212 2669 3212 2665 3212 2661 3212 2621 3212 2617 3212 2629 3212 2617 3212 2613 3212 2629 3212 2605 3700 2601 3700 2597 3700 2589 3212 2585 3212 2581 3212 2573 3212 2569 3212 2581 3212 2569 3212 2565 3212 2581 3212 2557 3212 2553 3212 2565 3212 2553 3212 2549 3212 2565 3212 2549 3220 2545 3220 2541 3220 2541 3701 2537 3701 2533 3701 2517 3212 2513 3212 2501 3212 2513 3702 2509 3702 2501 3702 2485 3235 2481 3235 2477 3235 2477 3212 2473 3212 2485 3212 2473 3212 2469 3212 2485 3212 2469 3212 2465 3212 2453 3212 2465 3212 2461 3212 2453 3212 2437 3212 2433 3212 2421 3212 2433 3212 2429 3212 2421 3212 2429 3703 2425 3703 2421 3703 2421 3212 2417 3212 2405 3212 2417 3704 2413 3704 2405 3704 2365 3212 2361 3212 2373 3212 2361 3212 2357 3212 2373 3212 2349 3648 2345 3648 2341 3648 2333 3212 2329 3212 2341 3212 2329 3212 2325 3212 2341 3212 2301 3212 2297 3212 2309 3212 2297 3212 2293 3212 2309 3212 2285 3212 2281 3212 2293 3212 2281 3212 2277 3212 2293 3212 2277 3212 2273 3212 2261 3212 2273 3212 2269 3212 2261 3212 2245 3212 2241 3212 2229 3212 2241 3212 2237 3212 2229 3212 2221 3212 2217 3212 2213 3212 2213 3705 2209 3705 2197 3705 2209 3212 2205 3212 2197 3212 2205 3706 2201 3706 2197 3706 2181 3707 2177 3707 2165 3707 2177 3212 2173 3212 2165 3212 2165 3212 2161 3212 2149 3212 2161 3708 2157 3708 2149 3708 2133 3212 2129 3212 2125 3212 2125 3212 2121 3212 2133 3212 2121 3212 2117 3212 2133 3212 2101 3212 2097 3212 2085 3212 2097 3212 2093 3212 2085 3212 2077 3708 2073 3708 2085 3708 2073 3212 2069 3212 2085 3212 2069 3708 2065 3708 2061 3708 2061 3212 2057 3212 2069 3212 2057 3212 2053 3212 2069 3212 2045 3709 2041 3709 2053 3709 2041 3212 2037 3212 2053 3212 2029 3710 2025 3710 2037 3710 2025 3711 2021 3711 2037 3711 2021 3212 2017 3212 2005 3212 2017 3212 2013 3212 2005 3212 2005 3212 2001 3212 1989 3212 2001 3212 1997 3212 1989 3212 1989 3212 1985 3212 1981 3212 1981 3712 1977 3712 1989 3712 1977 3212 1973 3212 1989 3212 1965 3212 1961 3212 1973 3212 1961 3713 1957 3713 1973 3713 1941 3714 1937 3714 1933 3714 1925 3715 1921 3715 1917 3715 1901 3212 1897 3212 1909 3212 1897 3212 1893 3212 1909 3212 1893 3716 1889 3716 1877 3716 1889 3212 1885 3212 1877 3212 1845 3212 1841 3212 1829 3212 1841 3717 1837 3717 1829 3717 1805 3212 1801 3212 1813 3212 1801 3212 1797 3212 1813 3212 1797 3212 1793 3212 1781 3212 1793 3212 1789 3212 1781 3212 1773 3212 1769 3212 1781 3212 1769 3212 1765 3212 1781 3212 1765 3212 1761 3212 1749 3212 1761 3718 1757 3718 1749 3718 1741 3212 1737 3212 1749 3212 1737 3719 1733 3719 1749 3719 1725 3212 1721 3212 1733 3212 1721 3212 1717 3212 1733 3212 1717 3212 1713 3212 1709 3212 1701 3720 1697 3720 1685 3720 1697 3212 1693 3212 1685 3212 1685 3212 1681 3212 1677 3212 1677 3721 1673 3721 1685 3721 1673 3212 1669 3212 1685 3212 1653 3722 1649 3722 1637 3722 1649 3212 1645 3212 1637 3212 1637 3212 1633 3212 1629 3212 1621 3212 1617 3212 1605 3212 1617 3212 1613 3212 1605 3212 1605 3723 1601 3723 1589 3723 1601 3212 1597 3212 1589 3212 1589 3724 1585 3724 1573 3724 1585 3725 1581 3725 1573 3725 1581 3726 1577 3726 1573 3726 1573 3726 1569 3726 1565 3726 1549 3727 1545 3727 1557 3727 1545 3212 1541 3212 1557 3212 1541 3212 1537 3212 1525 3212 1537 3728 1533 3728 1525 3728 1501 3729 1497 3729 1509 3729 1497 3212 1493 3212 1509 3212 1485 3212 1481 3212 1493 3212 1481 3212 1477 3212 1493 3212 1477 3212 1473 3212 1461 3212 1473 3212 1469 3212 1461 3212 1453 3212 1449 3212 1461 3212 1449 3212 1445 3212 1461 3212 1445 3212 1441 3212 1429 3212 1441 3212 1437 3212 1429 3212 1405 3212 1401 3212 1413 3212 1401 3212 1397 3212 1413 3212 1389 3212 1385 3212 1397 3212 1385 3730 1381 3730 1397 3730 1381 3212 1377 3212 1365 3212 1377 3212 1373 3212 1365 3212 1349 3212 1345 3212 1341 3212 1285 3212 1281 3212 1269 3212 1281 3731 1277 3731 1269 3731 1269 3212 1265 3212 1253 3212 1265 3732 1261 3732 1253 3732 1253 3212 1249 3212 1237 3212 1249 3733 1245 3733 1237 3733 1237 3212 1233 3212 1229 3212 1221 3212 1217 3212 1205 3212 1217 3734 1213 3734 1205 3734 1157 3212 1153 3212 1141 3212 1153 3212 1149 3212 1141 3212 1149 3212 1145 3212 1141 3212 1141 3735 1137 3735 1133 3735 1093 3736 1089 3736 1077 3736 1089 3212 1085 3212 1077 3212 1077 3212 1073 3212 1069 3212 1021 3737 1017 3737 1013 3737 989 3212 985 3212 997 3212 985 3212 981 3212 997 3212 981 3212 977 3212 965 3212 977 3212 973 3212 965 3212 973 3212 969 3212 965 3212 917 3738 913 3738 909 3738 909 3212 905 3212 917 3212 905 3212 901 3212 917 3212 893 3212 889 3212 901 3212 889 3212 885 3212 901 3212 861 3212 857 3212 869 3212 857 3212 853 3212 869 3212 853 3212 849 3212 845 3212 845 3212 841 3212 837 3212 829 3212 825 3212 821 3212 805 3739 801 3739 789 3739 801 3740 797 3740 789 3740 797 3212 793 3212 789 3212 781 3212 777 3212 789 3212 777 3212 773 3212 789 3212 765 3212 761 3212 773 3212 761 3212 757 3212 773 3212 749 3212 745 3212 757 3212 745 3212 741 3212 757 3212 741 3212 737 3212 725 3212 737 3741 733 3741 725 3741 701 3742 697 3742 693 3742 693 3721 689 3721 677 3721 689 3212 685 3212 677 3212 653 3743 649 3743 661 3743 649 3212 645 3212 661 3212 597 3212 593 3212 581 3212 593 3744 589 3744 581 3744 589 3212 585 3212 581 3212 581 3212 577 3212 565 3212 577 3745 573 3745 565 3745 565 3212 561 3212 549 3212 561 3212 557 3212 549 3212 509 3212 505 3212 517 3212 505 3212 501 3212 517 3212 493 3212 489 3212 501 3212 489 3212 485 3212 501 3212 485 3746 481 3746 477 3746 445 3747 441 3747 437 3747 437 3748 433 3748 421 3748 433 3212 429 3212 421 3212 429 3749 425 3749 421 3749 421 3212 417 3212 405 3212 417 3212 413 3212 405 3212 405 3750 401 3750 389 3750 401 3751 397 3751 389 3751 309 3752 305 3752 301 3752 293 3753 289 3753 285 3753 261 3212 257 3212 253 3212 253 3212 249 3212 261 3212 249 3754 245 3754 261 3754 237 3212 233 3212 229 3212 205 3212 201 3212 213 3212 201 3212 197 3212 213 3212 197 3212 193 3212 181 3212 193 3212 189 3212 181 3212 165 3212 161 3212 149 3212 161 3212 157 3212 149 3212 141 3212 137 3212 133 3212 117 3755 113 3755 101 3755 113 3212 109 3212 101 3212 101 3756 97 3756 85 3756 97 3212 93 3212 85 3212 93 3212 89 3212 85 3212 61 3212 57 3212 69 3212 57 3212 53 3212 69 3212 53 3757 49 3757 37 3757 49 3667 45 3667 37 3667 45 3758 41 3758 37 3758 29 3212 25 3212 37 3212 25 3759 21 3759 37 3759 13 3212 9 3212 21 3212 9 3212 5 3212 21 3212 5 3212 3997 3212 3989 3212 3989 3212 3981 3212 5 3212 3981 3760 3973 3760 5 3760 3925 3761 3917 3761 3909 3761 3893 3762 3885 3762 3909 3762 3885 3212 3877 3212 3909 3212 3877 3763 3869 3763 3845 3763 3869 3764 3861 3764 3845 3764 3861 3212 3853 3212 3845 3212 3845 3212 3837 3212 3813 3212 3837 3212 3829 3212 3813 3212 3749 3765 3741 3765 3733 3765 3733 3212 3725 3212 3749 3212 3725 3212 3717 3212 3749 3212 3717 3212 3709 3212 3701 3212 3685 3766 3677 3766 3653 3766 3677 3212 3669 3212 3653 3212 3637 3767 3629 3767 3621 3767 3621 3212 3613 3212 3605 3212 3557 3212 3549 3212 3525 3212 3549 3212 3541 3212 3525 3212 3509 3768 3501 3768 3493 3768 3493 3212 3485 3212 3461 3212 3485 3212 3477 3212 3461 3212 3477 3212 3469 3212 3461 3212 3461 3769 3453 3769 3445 3769 3429 3770 3421 3770 3413 3770 3397 3771 3389 3771 3381 3771 3333 3212 3325 3212 3301 3212 3325 3772 3317 3772 3301 3772 3301 3773 3293 3773 3285 3773 3285 3212 3277 3212 3301 3212 3277 3212 3269 3212 3301 3212 3269 3774 3261 3774 3253 3774 3253 3212 3245 3212 3237 3212 3141 3775 3133 3775 3109 3775 3133 3776 3125 3776 3109 3776 3077 3777 3069 3777 3061 3777 3061 3778 3053 3778 3077 3778 3053 3212 3045 3212 3077 3212 3045 3779 3037 3779 3013 3779 3037 3212 3029 3212 3013 3212 2997 3780 2989 3780 2981 3780 2981 3212 2973 3212 2949 3212 2973 3212 2965 3212 2949 3212 2965 3212 2957 3212 2949 3212 2949 3212 2941 3212 2917 3212 2941 3781 2933 3781 2917 3781 2933 3782 2925 3782 2917 3782 2901 3212 2893 3212 2885 3212 2885 3212 2877 3212 2853 3212 2877 3212 2869 3212 2853 3212 2853 3212 2845 3212 2837 3212 2821 3212 2813 3212 2789 3212 2813 3212 2805 3212 2789 3212 2789 3783 2781 3783 2773 3783 2725 3212 2717 3212 2693 3212 2717 3212 2709 3212 2693 3212 2693 3784 2685 3784 2661 3784 2685 3212 2677 3212 2661 3212 2677 3212 2669 3212 2661 3212 2661 3785 2653 3785 2645 3785 2645 3212 2637 3212 2661 3212 2637 3212 2629 3212 2661 3212 2613 3212 2605 3212 2597 3212 2597 3786 2589 3786 2581 3786 2549 3212 2541 3212 2565 3212 2541 3787 2533 3787 2565 3787 2533 3212 2525 3212 2501 3212 2525 3212 2517 3212 2501 3212 2501 3788 2493 3788 2485 3788 2453 3789 2445 3789 2469 3789 2445 3790 2437 3790 2469 3790 2405 3791 2397 3791 2389 3791 2389 3212 2381 3212 2373 3212 2357 3792 2349 3792 2341 3792 2325 3793 2317 3793 2341 3793 2317 3212 2309 3212 2341 3212 2261 3212 2253 3212 2277 3212 2253 3794 2245 3794 2277 3794 2229 3212 2221 3212 2245 3212 2221 3795 2213 3795 2245 3795 2197 3796 2189 3796 2181 3796 2149 3797 2141 3797 2117 3797 2141 3798 2133 3798 2117 3798 2117 3212 2109 3212 2085 3212 2109 3212 2101 3212 2085 3212 1957 3799 1949 3799 1941 3799 1941 3800 1933 3800 1925 3800 1925 3801 1917 3801 1909 3801 1877 3212 1869 3212 1893 3212 1869 3802 1861 3802 1893 3802 1861 3212 1853 3212 1829 3212 1853 3212 1845 3212 1829 3212 1829 3212 1821 3212 1797 3212 1821 3803 1813 3803 1797 3803 1717 3212 1709 3212 1701 3212 1669 3212 1661 3212 1637 3212 1661 3212 1653 3212 1637 3212 1637 3804 1629 3804 1605 3804 1629 3212 1621 3212 1605 3212 1573 3212 1565 3212 1557 3212 1525 3805 1517 3805 1509 3805 1429 3212 1421 3212 1445 3212 1421 3212 1413 3212 1445 3212 1365 3806 1357 3806 1349 3806 1349 3212 1341 3212 1317 3212 1341 3212 1333 3212 1317 3212 1333 3807 1325 3807 1317 3807 1317 3212 1309 3212 1301 3212 1301 3212 1293 3212 1317 3212 1293 3212 1285 3212 1317 3212 1237 3212 1229 3212 1253 3212 1229 3212 1221 3212 1253 3212 1205 3808 1197 3808 1189 3808 1189 3809 1181 3809 1173 3809 1173 3212 1165 3212 1157 3212 1141 3212 1133 3212 1125 3212 1125 3212 1117 3212 1093 3212 1117 3212 1109 3212 1093 3212 1109 3810 1101 3810 1093 3810 1077 3811 1069 3811 1061 3811 1061 3212 1053 3212 1029 3212 1053 3812 1045 3812 1029 3812 1045 3813 1037 3813 1029 3813 1029 3814 1021 3814 1013 3814 1013 3212 1005 3212 1029 3212 1005 3815 997 3815 1029 3815 965 3816 957 3816 949 3816 949 3212 941 3212 965 3212 941 3212 933 3212 965 3212 933 3817 925 3817 901 3817 925 3818 917 3818 901 3818 885 3819 877 3819 869 3819 853 3820 845 3820 869 3820 845 3212 837 3212 869 3212 837 3821 829 3821 821 3821 821 3212 813 3212 805 3212 725 3212 717 3212 709 3212 709 3822 701 3822 677 3822 701 3823 693 3823 677 3823 677 3212 669 3212 661 3212 645 3824 637 3824 629 3824 629 3825 621 3825 645 3825 621 3826 613 3826 645 3826 613 3827 605 3827 581 3827 605 3828 597 3828 581 3828 549 3829 541 3829 517 3829 541 3830 533 3830 517 3830 533 3212 525 3212 517 3212 485 3212 477 3212 469 3212 469 3831 461 3831 453 3831 453 3832 445 3832 421 3832 445 3833 437 3833 421 3833 389 3212 381 3212 373 3212 373 3212 365 3212 357 3212 357 3834 349 3834 341 3834 341 3793 333 3793 357 3793 333 3212 325 3212 357 3212 325 3835 317 3835 309 3835 309 3212 301 3212 325 3212 301 3212 293 3212 325 3212 293 3212 285 3212 261 3212 285 3212 277 3212 261 3212 277 3212 269 3212 261 3212 245 3212 237 3212 261 3212 237 3836 229 3836 261 3836 229 3212 221 3212 197 3212 221 3837 213 3837 197 3837 181 3838 173 3838 197 3838 173 3212 165 3212 197 3212 149 3212 141 3212 133 3212 133 3212 125 3212 101 3212 125 3839 117 3839 101 3839 85 3800 77 3800 69 3800 3973 3840 3957 3840 3941 3840 3941 3841 3925 3841 3877 3841 3925 3212 3909 3212 3877 3212 3813 3212 3797 3212 3749 3212 3797 3842 3781 3842 3749 3842 3781 3212 3765 3212 3749 3212 3717 3212 3701 3212 3749 3212 3701 3212 3685 3212 3749 3212 3653 3212 3637 3212 3621 3212 3621 3843 3605 3843 3589 3843 3589 3212 3573 3212 3621 3212 3573 3212 3557 3212 3621 3212 3525 3844 3509 3844 3557 3844 3509 3212 3493 3212 3557 3212 3461 3212 3445 3212 3493 3212 3445 3845 3429 3845 3493 3845 3429 3212 3413 3212 3397 3212 3397 3212 3381 3212 3429 3212 3381 3846 3365 3846 3429 3846 3365 3212 3349 3212 3333 3212 3269 3847 3253 3847 3301 3847 3253 3212 3237 3212 3301 3212 3237 3848 3221 3848 3205 3848 3205 3212 3189 3212 3237 3212 3189 3212 3173 3212 3237 3212 3173 3849 3157 3849 3141 3849 3109 3212 3093 3212 3077 3212 3013 3850 2997 3850 2981 3850 2917 3851 2901 3851 2885 3851 2853 3212 2837 3212 2789 3212 2837 3212 2821 3212 2789 3212 2789 3852 2773 3852 2757 3852 2757 3212 2741 3212 2789 3212 2741 3212 2725 3212 2789 3212 2629 3853 2613 3853 2661 3853 2613 3854 2597 3854 2661 3854 2597 3212 2581 3212 2533 3212 2581 3212 2565 3212 2533 3212 2501 3212 2485 3212 2469 3212 2437 3855 2421 3855 2405 3855 2405 3212 2389 3212 2373 3212 2373 3212 2357 3212 2341 3212 2309 3212 2293 3212 2277 3212 2213 3856 2197 3856 2149 3856 2197 3857 2181 3857 2149 3857 2181 3858 2165 3858 2149 3858 2085 3212 2069 3212 2021 3212 2069 3212 2053 3212 2021 3212 2053 3859 2037 3859 2021 3859 2021 3860 2005 3860 1989 3860 1989 3861 1973 3861 1957 3861 1957 3862 1941 3862 1893 3862 1941 3212 1925 3212 1893 3212 1925 3863 1909 3863 1893 3863 1797 3864 1781 3864 1829 3864 1781 3212 1765 3212 1829 3212 1765 3212 1749 3212 1733 3212 1733 3865 1717 3865 1701 3865 1701 3212 1685 3212 1637 3212 1685 3212 1669 3212 1637 3212 1605 3866 1589 3866 1573 3866 1573 3867 1557 3867 1509 3867 1557 3868 1541 3868 1509 3868 1541 3869 1525 3869 1509 3869 1509 3870 1493 3870 1477 3870 1477 3212 1461 3212 1509 3212 1461 3212 1445 3212 1509 3212 1413 3212 1397 3212 1381 3212 1381 3212 1365 3212 1317 3212 1365 3212 1349 3212 1317 3212 1285 3212 1269 3212 1317 3212 1269 3871 1253 3871 1317 3871 1221 3212 1205 3212 1253 3212 1205 3212 1189 3212 1253 3212 1189 3212 1173 3212 1157 3212 1157 3872 1141 3872 1189 3872 1141 3212 1125 3212 1189 3212 1093 3873 1077 3873 1125 3873 1077 3212 1061 3212 1125 3212 997 3874 981 3874 965 3874 901 3212 885 3212 869 3212 837 3212 821 3212 869 3212 821 3212 805 3212 869 3212 805 3212 789 3212 741 3212 789 3212 773 3212 741 3212 773 3875 757 3875 741 3875 741 3876 725 3876 677 3876 725 3212 709 3212 677 3212 677 3877 661 3877 613 3877 661 3878 645 3878 613 3878 581 3212 565 3212 549 3212 517 3879 501 3879 485 3879 485 3880 469 3880 421 3880 469 3881 453 3881 421 3881 421 3882 405 3882 389 3882 389 3883 373 3883 357 3883 165 3212 149 3212 101 3212 149 3884 133 3884 101 3884 101 3885 85 3885 69 3885 69 3212 53 3212 37 3212 37 3886 21 3886 5 3886 5 3887 3973 3887 37 3887 3973 3888 3941 3888 37 3888 3877 3212 3845 3212 3941 3212 3845 3212 3813 3212 3941 3212 3685 3889 3653 3889 3621 3889 3365 3890 3333 3890 3301 3890 3173 3891 3141 3891 3109 3891 3109 3212 3077 3212 3173 3212 3077 3212 3045 3212 3173 3212 3045 3212 3013 3212 2917 3212 3013 3892 2981 3892 2917 3892 2981 3893 2949 3893 2917 3893 2917 3212 2885 3212 2789 3212 2885 3894 2853 3894 2789 3894 2725 3212 2693 3212 2789 3212 2693 3212 2661 3212 2789 3212 2533 3895 2501 3895 2405 3895 2501 3212 2469 3212 2405 3212 2469 3896 2437 3896 2405 3896 2405 3897 2373 3897 2341 3897 2341 3212 2309 3212 2277 3212 2277 3212 2245 3212 2213 3212 2149 3898 2117 3898 2021 3898 2117 3899 2085 3899 2021 3899 2021 3212 1989 3212 1893 3212 1989 3212 1957 3212 1893 3212 1893 3212 1861 3212 1829 3212 1765 3212 1733 3212 1637 3212 1733 3212 1701 3212 1637 3212 1637 3212 1605 3212 1509 3212 1605 3212 1573 3212 1509 3212 1445 3212 1413 3212 1509 3212 1413 3212 1381 3212 1509 3212 1061 3212 1029 3212 1125 3212 1029 3212 997 3212 1125 3212 997 3212 965 3212 869 3212 965 3900 933 3900 869 3900 933 3901 901 3901 869 3901 613 3902 581 3902 485 3902 581 3903 549 3903 485 3903 549 3904 517 3904 485 3904 421 3212 389 3212 357 3212 357 3905 325 3905 293 3905 293 3212 261 3212 357 3212 261 3212 229 3212 357 3212 229 3212 197 3212 165 3212 101 3906 69 3906 3941 3906 69 3907 37 3907 3941 3907 3813 3908 3749 3908 3685 3908 3685 3212 3621 3212 3429 3212 3621 3909 3557 3909 3429 3909 3557 3212 3493 3212 3429 3212 3429 3212 3365 3212 3301 3212 3301 3212 3237 3212 3429 3212 3237 3212 3173 3212 3429 3212 2661 3212 2597 3212 2405 3212 2597 3212 2533 3212 2405 3212 2405 3910 2341 3910 2149 3910 2341 3212 2277 3212 2149 3212 2277 3911 2213 3911 2149 3911 1893 3212 1829 3212 1765 3212 1381 3912 1317 3912 1125 3912 1317 3913 1253 3913 1125 3913 1253 3914 1189 3914 1125 3914 869 3915 805 3915 741 3915 741 3212 677 3212 869 3212 677 3916 613 3916 869 3916 485 3212 421 3212 613 3212 421 3917 357 3917 613 3917 229 3212 165 3212 357 3212 165 3212 101 3212 357 3212 3941 3212 3813 3212 3685 3212 3173 3212 3045 3212 2661 3212 3045 3212 2917 3212 2661 3212 2917 3212 2789 3212 2661 3212 2149 3212 2021 3212 1893 3212 1893 3918 1765 3918 1637 3918 1637 3919 1509 3919 1381 3919 1125 3920 997 3920 869 3920 101 3212 3941 3212 3685 3212 3685 3921 3429 3921 101 3921 3429 3922 3173 3922 101 3922 2661 3923 2405 3923 2149 3923 2149 3212 1893 3212 1637 3212 1637 3924 1381 3924 1125 3924 1125 3925 869 3925 101 3925 869 3926 613 3926 101 3926 613 3927 357 3927 101 3927 3173 3212 2661 3212 101 3212 2661 3212 2149 3212 101 3212 2149 3928 1637 3928 101 3928 3997 3929 3999 3929 3998 3929 3999 2000 1 2000 0 2000 3998 2001 0 2001 2 2001 2 2001 4 2001 3998 2001 4 3930 6 3930 3998 3930 6 2001 8 2001 14 2001 8 2001 10 2001 14 2001 10 2001 12 2001 14 2001 14 2001 16 2001 18 2001 18 3931 20 3931 22 3931 22 2001 24 2001 30 2001 24 2001 26 2001 30 2001 26 2001 28 2001 30 2001 30 3932 32 3932 34 3932 34 2001 36 2001 30 2001 36 2001 38 2001 30 2001 38 2001 40 2001 46 2001 40 3933 42 3933 46 3933 42 3934 44 3934 46 3934 46 3935 48 3935 50 3935 50 3936 52 3936 54 3936 54 3937 56 3937 62 3937 56 3938 58 3938 62 3938 58 2001 60 2001 62 2001 62 2001 64 2001 66 2001 66 2001 68 2001 62 2001 68 2001 70 2001 62 2001 70 3939 72 3939 74 3939 74 3940 76 3940 78 3940 78 3941 80 3941 82 3941 82 3942 84 3942 86 3942 86 3943 88 3943 94 3943 88 2001 90 2001 94 2001 90 3944 92 3944 94 3944 94 2001 96 2001 98 2001 98 3945 100 3945 102 3945 102 3946 104 3946 106 3946 106 2001 108 2001 110 2001 110 2001 112 2001 118 2001 112 2001 114 2001 118 2001 114 3947 116 3947 118 3947 118 3948 120 3948 126 3948 120 2001 122 2001 126 2001 122 2001 124 2001 126 2001 126 2001 128 2001 130 2001 130 3949 132 3949 134 3949 134 2001 136 2001 138 2001 138 2001 140 2001 134 2001 140 3950 142 3950 134 3950 142 3951 144 3951 146 3951 146 3952 148 3952 150 3952 150 3953 152 3953 154 3953 154 2001 156 2001 158 2001 158 2001 160 2001 166 2001 160 2001 162 2001 166 2001 162 2001 164 2001 166 2001 166 3954 168 3954 170 3954 170 2001 172 2001 166 2001 172 2001 174 2001 166 2001 174 2001 176 2001 182 2001 176 3955 178 3955 182 3955 178 2001 180 2001 182 2001 182 2001 184 2001 186 2001 186 2001 188 2001 190 2001 190 2001 192 2001 194 2001 194 3956 196 3956 198 3956 198 3957 200 3957 206 3957 200 2001 202 2001 206 2001 202 2001 204 2001 206 2001 206 2001 208 2001 210 2001 210 2001 212 2001 214 2001 214 3958 216 3958 218 3958 218 2001 220 2001 222 2001 222 3959 224 3959 226 3959 226 3960 228 3960 230 3960 230 3961 232 3961 238 3961 232 2001 234 2001 238 2001 234 2001 236 2001 238 2001 238 2001 240 2001 242 2001 242 2001 244 2001 238 2001 244 2001 246 2001 238 2001 246 3962 248 3962 250 3962 250 3963 252 3963 254 3963 254 3964 256 3964 258 3964 258 2001 260 2001 254 2001 260 3965 262 3965 254 3965 262 2001 264 2001 266 2001 266 2001 268 2001 270 2001 270 2001 272 2001 274 2001 274 3966 276 3966 278 3966 278 3967 280 3967 282 3967 282 2001 284 2001 278 2001 284 2001 286 2001 278 2001 286 2001 288 2001 294 2001 288 3968 290 3968 294 3968 290 3953 292 3953 294 3953 294 2001 296 2001 298 2001 298 3969 300 3969 294 3969 300 2001 302 2001 294 2001 302 2001 304 2001 310 2001 304 2001 306 2001 310 2001 306 3970 308 3970 310 3970 310 3958 312 3958 314 3958 314 3971 316 3971 310 3971 316 2001 318 2001 310 2001 318 2001 320 2001 322 2001 322 3972 324 3972 318 3972 324 2001 326 2001 318 2001 326 2001 328 2001 330 2001 330 2001 332 2001 326 2001 332 2001 334 2001 326 2001 334 3973 336 3973 338 3973 338 2001 340 2001 334 2001 340 2001 342 2001 334 2001 342 3974 344 3974 346 3974 346 2001 348 2001 342 2001 348 2001 350 2001 342 2001 350 2001 352 2001 354 2001 354 2001 356 2001 350 2001 356 3975 358 3975 350 3975 358 2001 360 2001 362 2001 362 2001 364 2001 366 2001 366 3976 368 3976 370 3976 370 2001 372 2001 374 2001 374 2001 376 2001 378 2001 378 2001 380 2001 374 2001 380 3977 382 3977 374 3977 382 2001 384 2001 386 2001 386 3978 388 3978 382 3978 388 2001 390 2001 382 2001 390 2001 392 2001 394 2001 394 3979 396 3979 398 3979 398 3980 400 3980 406 3980 400 3981 402 3981 406 3981 402 3982 404 3982 406 3982 406 2001 408 2001 410 2001 410 2001 412 2001 414 2001 414 3983 416 3983 418 3983 418 3984 420 3984 414 3984 420 2001 422 2001 414 2001 422 3985 424 3985 430 3985 424 3986 426 3986 430 3986 426 2001 428 2001 430 2001 430 2001 432 2001 434 2001 434 2001 436 2001 438 2001 438 3987 440 3987 442 3987 442 3988 444 3988 438 3988 444 2001 446 2001 438 2001 446 2001 448 2001 454 2001 448 3989 450 3989 454 3989 450 3990 452 3990 454 3990 454 2001 456 2001 462 2001 456 2001 458 2001 462 2001 458 2001 460 2001 462 2001 462 2001 464 2001 466 2001 466 2001 468 2001 462 2001 468 2001 470 2001 462 2001 470 2001 472 2001 474 2001 474 3991 476 3991 478 3991 478 3992 480 3992 486 3992 480 2001 482 2001 486 2001 482 2001 484 2001 486 2001 486 3969 488 3969 490 3969 490 2001 492 2001 494 2001 494 2001 496 2001 498 2001 498 3993 500 3993 502 3993 502 3994 504 3994 510 3994 504 3995 506 3995 510 3995 506 3996 508 3996 510 3996 510 2001 512 2001 514 2001 514 2001 516 2001 518 2001 518 2001 520 2001 526 2001 520 2001 522 2001 526 2001 522 3997 524 3997 526 3997 526 3998 528 3998 530 3998 530 3999 532 3999 534 3999 534 3981 536 3981 538 3981 538 4000 540 4000 534 4000 540 4001 542 4001 534 4001 542 2001 544 2001 546 2001 546 2001 548 2001 542 2001 548 4002 550 4002 542 4002 550 4003 552 4003 554 4003 554 2001 556 2001 558 2001 558 2001 560 2001 566 2001 560 4004 562 4004 566 4004 562 4005 564 4005 566 4005 566 4006 568 4006 570 4006 570 2001 572 2001 566 2001 572 2001 574 2001 566 2001 574 2001 576 2001 578 2001 578 4007 580 4007 582 4007 582 2001 584 2001 590 2001 584 4008 586 4008 590 4008 586 4009 588 4009 590 4009 590 2001 592 2001 594 2001 594 4010 596 4010 590 4010 596 4011 598 4011 590 4011 598 4012 600 4012 602 4012 602 2001 604 2001 606 2001 606 2001 608 2001 610 2001 610 2001 612 2001 614 2001 614 4012 616 4012 618 4012 618 2001 620 2001 614 2001 620 2001 622 2001 614 2001 622 2001 624 2001 630 2001 624 2001 626 2001 630 2001 626 4013 628 4013 630 4013 630 4014 632 4014 634 4014 634 2001 636 2001 638 2001 638 2001 640 2001 642 2001 642 2001 644 2001 646 2001 646 2001 648 2001 650 2001 650 2001 652 2001 646 2001 652 4011 654 4011 646 4011 654 2001 656 2001 658 2001 658 4015 660 4015 654 4015 660 2001 662 2001 654 2001 662 4016 664 4016 666 4016 666 2001 668 2001 670 2001 670 4017 672 4017 674 4017 674 2001 676 2001 670 2001 676 2001 678 2001 670 2001 678 2001 680 2001 682 2001 682 4018 684 4018 686 4018 686 2001 688 2001 690 2001 690 2001 692 2001 686 2001 692 2001 694 2001 686 2001 694 4019 696 4019 698 4019 698 2001 700 2001 702 2001 702 4020 704 4020 706 4020 706 2001 708 2001 710 2001 710 4021 712 4021 718 4021 712 4022 714 4022 718 4022 714 2001 716 2001 718 2001 718 2001 720 2001 722 2001 722 2001 724 2001 718 2001 724 2001 726 2001 718 2001 726 2001 728 2001 730 2001 730 4023 732 4023 734 4023 734 2001 736 2001 742 2001 736 2001 738 2001 742 2001 738 4024 740 4024 742 4024 742 4025 744 4025 750 4025 744 4026 746 4026 750 4026 746 4027 748 4027 750 4027 750 4028 752 4028 754 4028 754 4029 756 4029 758 4029 758 2001 760 2001 766 2001 760 3999 762 3999 766 3999 762 2001 764 2001 766 2001 766 4030 768 4030 770 4030 770 2001 772 2001 766 2001 772 2001 774 2001 766 2001 774 2001 776 2001 778 2001 778 2001 780 2001 782 2001 782 2001 784 2001 786 2001 786 4031 788 4031 782 4031 788 4032 790 4032 782 4032 790 2001 792 2001 794 2001 794 2001 796 2001 790 2001 796 4033 798 4033 790 4033 798 4034 800 4034 806 4034 800 2001 802 2001 806 2001 802 2001 804 2001 806 2001 806 4035 808 4035 810 4035 810 4036 812 4036 806 4036 812 2001 814 2001 806 2001 814 2001 816 2001 818 2001 818 2001 820 2001 814 2001 820 2001 822 2001 814 2001 822 4037 824 4037 826 4037 826 2001 828 2001 822 2001 828 2001 830 2001 822 2001 830 4038 832 4038 834 4038 834 2001 836 2001 838 2001 838 2001 840 2001 842 2001 842 4039 844 4039 838 4039 844 4040 846 4040 838 4040 846 2001 848 2001 850 2001 850 4041 852 4041 854 4041 854 2001 856 2001 862 2001 856 4042 858 4042 862 4042 858 2001 860 2001 862 2001 862 2001 864 2001 866 2001 866 2001 868 2001 862 2001 868 2001 870 2001 862 2001 870 4043 872 4043 874 4043 874 2001 876 2001 870 2001 876 4044 878 4044 870 4044 878 4045 880 4045 882 4045 882 4046 884 4046 886 4046 886 4047 888 4047 894 4047 888 4048 890 4048 894 4048 890 4049 892 4049 894 4049 894 2001 896 2001 898 2001 898 4050 900 4050 902 4050 902 4051 904 4051 910 4051 904 4052 906 4052 910 4052 906 4053 908 4053 910 4053 910 2001 912 2001 918 2001 912 2001 914 2001 918 2001 914 2001 916 2001 918 2001 918 2001 920 2001 922 2001 922 2001 924 2001 918 2001 924 4054 926 4054 918 4054 926 4055 928 4055 930 4055 930 2001 932 2001 934 2001 934 4056 936 4056 938 4056 938 2001 940 2001 934 2001 940 2001 942 2001 934 2001 942 2001 944 2001 946 2001 946 4057 948 4057 950 4057 950 4058 952 4058 954 4058 954 4059 956 4059 958 4059 958 4060 960 4060 962 4060 962 2001 964 2001 958 2001 964 4061 966 4061 958 4061 966 4062 968 4062 974 4062 968 2001 970 2001 974 2001 970 4063 972 4063 974 4063 974 4064 976 4064 982 4064 976 2001 978 2001 982 2001 978 4065 980 4065 982 4065 982 4066 984 4066 990 4066 984 4067 986 4067 990 4067 986 4068 988 4068 990 4068 990 2001 992 2001 994 2001 994 2001 996 2001 998 2001 998 2001 1000 2001 1002 2001 1002 4069 1004 4069 998 4069 1004 4070 1006 4070 998 4070 1006 4071 1008 4071 1010 4071 1010 2001 1012 2001 1014 2001 1014 2001 1016 2001 1022 2001 1016 2001 1018 2001 1022 2001 1018 4072 1020 4072 1022 4072 1022 4073 1024 4073 1026 4073 1026 2001 1028 2001 1030 2001 1030 2001 1032 2001 1034 2001 1034 2001 1036 2001 1030 2001 1036 4074 1038 4074 1030 4074 1038 4075 1040 4075 1042 4075 1042 4076 1044 4076 1046 4076 1046 4077 1048 4077 1050 4077 1050 4078 1052 4078 1046 4078 1052 4079 1054 4079 1046 4079 1054 2001 1056 2001 1058 2001 1058 4080 1060 4080 1062 4080 1062 4081 1064 4081 1066 4081 1066 4082 1068 4082 1062 4082 1068 2001 1070 2001 1062 2001 1070 2001 1072 2001 1078 2001 1072 2001 1074 2001 1078 2001 1074 4083 1076 4083 1078 4083 1078 2001 1080 2001 1082 2001 1082 4084 1084 4084 1086 4084 1086 2001 1088 2001 1094 2001 1088 4085 1090 4085 1094 4085 1090 2001 1092 2001 1094 2001 1094 4086 1096 4086 1098 4086 1098 4087 1100 4087 1102 4087 1102 4088 1104 4088 1106 4088 1106 4089 1108 4089 1110 4089 1110 2001 1112 2001 1114 2001 1114 2001 1116 2001 1110 2001 1116 2001 1118 2001 1110 2001 1118 4090 1120 4090 1122 4090 1122 2001 1124 2001 1126 2001 1126 4091 1128 4091 1130 4091 1130 4092 1132 4092 1134 4092 1134 2001 1136 2001 1142 2001 1136 2001 1138 2001 1142 2001 1138 2001 1140 2001 1142 2001 1142 2001 1144 2001 1150 2001 1144 2001 1146 2001 1150 2001 1146 2001 1148 2001 1150 2001 1150 4093 1152 4093 1154 4093 1154 4094 1156 4094 1158 4094 1158 4095 1160 4095 1162 4095 1162 4096 1164 4096 1166 4096 1166 2001 1168 2001 1170 2001 1170 2001 1172 2001 1166 2001 1172 2001 1174 2001 1166 2001 1174 2001 1176 2001 1178 2001 1178 2001 1180 2001 1174 2001 1180 2001 1182 2001 1174 2001 1182 2001 1184 2001 1190 2001 1184 2001 1186 2001 1190 2001 1186 4097 1188 4097 1190 4097 1190 4098 1192 4098 1194 4098 1194 2001 1196 2001 1198 2001 1198 4099 1200 4099 1202 4099 1202 2001 1204 2001 1198 2001 1204 2001 1206 2001 1198 2001 1206 2001 1208 2001 1210 2001 1210 4100 1212 4100 1214 4100 1214 4101 1216 4101 1218 4101 1218 4102 1220 4102 1222 4102 1222 4103 1224 4103 1226 4103 1226 2001 1228 2001 1222 2001 1228 2001 1230 2001 1222 2001 1230 4104 1232 4104 1234 4104 1234 2001 1236 2001 1230 2001 1236 4105 1238 4105 1230 4105 1238 2001 1240 2001 1242 2001 1242 4106 1244 4106 1246 4106 1246 2001 1248 2001 1254 2001 1248 2001 1250 2001 1254 2001 1250 2001 1252 2001 1254 2001 1254 4107 1256 4107 1258 4107 1258 2001 1260 2001 1262 2001 1262 2001 1264 2001 1270 2001 1264 2001 1266 2001 1270 2001 1266 2001 1268 2001 1270 2001 1270 2001 1272 2001 1274 2001 1274 2001 1276 2001 1270 2001 1276 2001 1278 2001 1270 2001 1278 2001 1280 2001 1286 2001 1280 4108 1282 4108 1286 4108 1282 2001 1284 2001 1286 2001 1286 2001 1288 2001 1290 2001 1290 2001 1292 2001 1286 2001 1292 4109 1294 4109 1286 4109 1294 4110 1296 4110 1298 4110 1298 2001 1300 2001 1302 2001 1302 4111 1304 4111 1306 4111 1306 2001 1308 2001 1302 2001 1308 2001 1310 2001 1302 2001 1310 4112 1312 4112 1314 4112 1314 4113 1316 4113 1318 4113 1318 4114 1320 4114 1322 4114 1322 4115 1324 4115 1326 4115 1326 2001 1328 2001 1330 2001 1330 2001 1332 2001 1326 2001 1332 4116 1334 4116 1326 4116 1334 4117 1336 4117 1338 4117 1338 2001 1340 2001 1342 2001 1342 2001 1344 2001 1350 2001 1344 2001 1346 2001 1350 2001 1346 4118 1348 4118 1350 4118 1350 4119 1352 4119 1354 4119 1354 2001 1356 2001 1358 2001 1358 2001 1360 2001 1362 2001 1362 2001 1364 2001 1358 2001 1364 2001 1366 2001 1358 2001 1366 2001 1368 2001 1370 2001 1370 2001 1372 2001 1366 2001 1372 4120 1374 4120 1366 4120 1374 2001 1376 2001 1382 2001 1376 4121 1378 4121 1382 4121 1378 4122 1380 4122 1382 4122 1382 2001 1384 2001 1390 2001 1384 2001 1386 2001 1390 2001 1386 2001 1388 2001 1390 2001 1390 4014 1392 4014 1394 4014 1394 4123 1396 4123 1398 4123 1398 2001 1400 2001 1406 2001 1400 2001 1402 2001 1406 2001 1402 2001 1404 2001 1406 2001 1406 2001 1408 2001 1410 2001 1410 4124 1412 4124 1406 4124 1412 4105 1414 4105 1406 4105 1414 4125 1416 4125 1418 4125 1418 4126 1420 4126 1422 4126 1422 4127 1424 4127 1426 4127 1426 2001 1428 2001 1430 2001 1430 2001 1432 2001 1434 2001 1434 2001 1436 2001 1430 2001 1436 2001 1438 2001 1430 2001 1438 4128 1440 4128 1446 4128 1440 2001 1442 2001 1446 2001 1442 2001 1444 2001 1446 2001 1446 4129 1448 4129 1454 4129 1448 3997 1450 3997 1454 3997 1450 2001 1452 2001 1454 2001 1454 4130 1456 4130 1458 4130 1458 2001 1460 2001 1454 2001 1460 2001 1462 2001 1454 2001 1462 4131 1464 4131 1466 4131 1466 2001 1468 2001 1462 2001 1468 2001 1470 2001 1462 2001 1470 2001 1472 2001 1478 2001 1472 4132 1474 4132 1478 4132 1474 2001 1476 2001 1478 2001 1478 4133 1480 4133 1482 4133 1482 4134 1484 4134 1486 4134 1486 2001 1488 2001 1490 2001 1490 4135 1492 4135 1486 4135 1492 4136 1494 4136 1486 4136 1494 4137 1496 4137 1498 4137 1498 2001 1500 2001 1502 2001 1502 4138 1504 4138 1506 4138 1506 2001 1508 2001 1502 2001 1508 2001 1510 2001 1502 2001 1510 2001 1512 2001 1514 2001 1514 4139 1516 4139 1510 4139 1516 2001 1518 2001 1510 2001 1518 4140 1520 4140 1522 4140 1522 2001 1524 2001 1526 2001 1526 4141 1528 4141 1530 4141 1530 2001 1532 2001 1534 2001 1534 4142 1536 4142 1538 4142 1538 4143 1540 4143 1542 4143 1542 4144 1544 4144 1546 4144 1546 4145 1548 4145 1550 4145 1550 2001 1552 2001 1554 2001 1554 4146 1556 4146 1550 4146 1556 2001 1558 2001 1550 2001 1558 2001 1560 2001 1562 2001 1562 4147 1564 4147 1566 4147 1566 4148 1568 4148 1574 4148 1568 2001 1570 2001 1574 2001 1570 2001 1572 2001 1574 2001 1574 4149 1576 4149 1578 4149 1578 4150 1580 4150 1574 4150 1580 2001 1582 2001 1574 2001 1582 2001 1584 2001 1586 2001 1586 2001 1588 2001 1590 2001 1590 4145 1592 4145 1594 4145 1594 2001 1596 2001 1598 2001 1598 3960 1600 3960 1606 3960 1600 2001 1602 2001 1606 2001 1602 4151 1604 4151 1606 4151 1606 4149 1608 4149 1610 4149 1610 3979 1612 3979 1614 3979 1614 4152 1616 4152 1622 4152 1616 2001 1618 2001 1622 2001 1618 4153 1620 4153 1622 4153 1622 4154 1624 4154 1626 4154 1626 2001 1628 2001 1622 2001 1628 2001 1630 2001 1622 2001 1630 4155 1632 4155 1638 4155 1632 4156 1634 4156 1638 4156 1634 2001 1636 2001 1638 2001 1638 2001 1640 2001 1642 2001 1642 2001 1644 2001 1646 2001 1646 4157 1648 4157 1654 4157 1648 2001 1650 2001 1654 2001 1650 4158 1652 4158 1654 4158 1654 4159 1656 4159 1658 4159 1658 2001 1660 2001 1662 2001 1662 2001 1664 2001 1666 2001 1666 4160 1668 4160 1662 4160 1668 2001 1670 2001 1662 2001 1670 2001 1672 2001 1678 2001 1672 2001 1674 2001 1678 2001 1674 4144 1676 4144 1678 4144 1678 2001 1680 2001 1682 2001 1682 2001 1684 2001 1678 2001 1684 2001 1686 2001 1678 2001 1686 4161 1688 4161 1690 4161 1690 4162 1692 4162 1694 4162 1694 2001 1696 2001 1702 2001 1696 4163 1698 4163 1702 4163 1698 4164 1700 4164 1702 4164 1702 4035 1704 4035 1706 4035 1706 2001 1708 2001 1710 2001 1710 2001 1712 2001 1714 2001 1714 2001 1716 2001 1710 2001 1716 2001 1718 2001 1710 2001 1718 4165 1720 4165 1722 4165 1722 4022 1724 4022 1726 4022 1726 4166 1728 4166 1730 4166 1730 3986 1732 3986 1734 3986 1734 2001 1736 2001 1742 2001 1736 4167 1738 4167 1742 4167 1738 4168 1740 4168 1742 4168 1742 2001 1744 2001 1746 2001 1746 2001 1748 2001 1742 2001 1748 2001 1750 2001 1742 2001 1750 2001 1752 2001 1754 2001 1754 2001 1756 2001 1750 2001 1756 2001 1758 2001 1750 2001 1758 2001 1760 2001 1762 2001 1762 2001 1764 2001 1766 2001 1766 2001 1768 2001 1774 2001 1768 4169 1770 4169 1774 4169 1770 2001 1772 2001 1774 2001 1774 2001 1776 2001 1778 2001 1778 4170 1780 4170 1782 4170 1782 4035 1784 4035 1786 4035 1786 2001 1788 2001 1790 2001 1790 2001 1792 2001 1798 2001 1792 2001 1794 2001 1798 2001 1794 4171 1796 4171 1798 4171 1798 2001 1800 2001 1806 2001 1800 4172 1802 4172 1806 4172 1802 4173 1804 4173 1806 4173 1806 2001 1808 2001 1814 2001 1808 2001 1810 2001 1814 2001 1810 4174 1812 4174 1814 4174 1814 4175 1816 4175 1818 4175 1818 2001 1820 2001 1822 2001 1822 2001 1824 2001 1826 2001 1826 4176 1828 4176 1830 4176 1830 2001 1832 2001 1834 2001 1834 4177 1836 4177 1838 4177 1838 2001 1840 2001 1846 2001 1840 4178 1842 4178 1846 4178 1842 4001 1844 4001 1846 4001 1846 4160 1848 4160 1850 4160 1850 2001 1852 2001 1846 2001 1852 2001 1854 2001 1846 2001 1854 2001 1856 2001 1858 2001 1858 4179 1860 4179 1862 4179 1862 2001 1864 2001 1866 2001 1866 2001 1868 2001 1862 2001 1868 2001 1870 2001 1862 2001 1870 2001 1872 2001 1874 2001 1874 4180 1876 4180 1878 4180 1878 2001 1880 2001 1886 2001 1880 2001 1882 2001 1886 2001 1882 2001 1884 2001 1886 2001 1886 2001 1888 2001 1890 2001 1890 2001 1892 2001 1886 2001 1892 2001 1894 2001 1886 2001 1894 2001 1896 2001 1902 2001 1896 2001 1898 2001 1902 2001 1898 4181 1900 4181 1902 4181 1902 2001 1904 2001 1906 2001 1906 2001 1908 2001 1910 2001 1910 3942 1912 3942 1914 3942 1914 4182 1916 4182 1910 4182 1916 2001 1918 2001 1910 2001 1918 4183 1920 4183 1922 4183 1922 4184 1924 4184 1918 4184 1924 2001 1926 2001 1918 2001 1926 4185 1928 4185 1930 4185 1930 4186 1932 4186 1926 4186 1932 2001 1934 2001 1926 2001 1934 2001 1936 2001 1938 2001 1938 2001 1940 2001 1934 2001 1940 4187 1942 4187 1934 4187 1942 4188 1944 4188 1946 4188 1946 2001 1948 2001 1950 2001 1950 2001 1952 2001 1954 2001 1954 4189 1956 4189 1958 4189 1958 4190 1960 4190 1966 4190 1960 4191 1962 4191 1966 4191 1962 4192 1964 4192 1966 4192 1966 2001 1968 2001 1970 2001 1970 4193 1972 4193 1974 4193 1974 4194 1976 4194 1982 4194 1976 4195 1978 4195 1982 4195 1978 2001 1980 2001 1982 2001 1982 2001 1984 2001 1990 2001 1984 2001 1986 2001 1990 2001 1986 4196 1988 4196 1990 4196 1990 2001 1992 2001 1994 2001 1994 4197 1996 4197 1998 4197 1998 2001 2000 2001 2006 2001 2000 2001 2002 2001 2006 2001 2002 4198 2004 4198 2006 4198 2006 2001 2008 2001 2014 2001 2008 2001 2010 2001 2014 2001 2010 2001 2012 2001 2014 2001 2014 2001 2016 2001 2018 2001 2018 2001 2020 2001 2022 2001 2022 2001 2024 2001 2030 2001 2024 2001 2026 2001 2030 2001 2026 4199 2028 4199 2030 4199 2030 2001 2032 2001 2038 2001 2032 2001 2034 2001 2038 2001 2034 4200 2036 4200 2038 4200 2038 4201 2040 4201 2046 4201 2040 2001 2042 2001 2046 2001 2042 3935 2044 3935 2046 3935 2046 2001 2048 2001 2050 2001 2050 2001 2052 2001 2054 2001 2054 2001 2056 2001 2062 2001 2056 2001 2058 2001 2062 2001 2058 3934 2060 3934 2062 3934 2062 4005 2064 4005 2066 4005 2066 4202 2068 4202 2070 4202 2070 2001 2072 2001 2078 2001 2072 2001 2074 2001 2078 2001 2074 4203 2076 4203 2078 4203 2078 2001 2080 2001 2082 2001 2082 2001 2084 2001 2086 2001 2086 4204 2088 4204 2094 4204 2088 2001 2090 2001 2094 2001 2090 4205 2092 4205 2094 4205 2094 4206 2096 4206 2102 4206 2096 2001 2098 2001 2102 2001 2098 4207 2100 4207 2102 4207 2102 3931 2104 3931 2106 3931 2106 4208 2108 4208 2110 4208 2110 4209 2112 4209 2114 4209 2114 2001 2116 2001 2110 2001 2116 2001 2118 2001 2110 2001 2118 2001 2120 2001 2126 2001 2120 2001 2122 2001 2126 2001 2122 4210 2124 4210 2126 4210 2126 2001 2128 2001 2134 2001 2128 4211 2130 4211 2134 4211 2130 4212 2132 4212 2134 4212 2134 2001 2136 2001 2138 2001 2138 4213 2140 4213 2142 4213 2142 2001 2144 2001 2146 2001 2146 2001 2148 2001 2150 2001 2150 2001 2152 2001 2154 2001 2154 2001 2156 2001 2150 2001 2156 2001 2158 2001 2150 2001 2158 2001 2160 2001 2162 2001 2162 4214 2164 4214 2166 4214 2166 2001 2168 2001 2170 2001 2170 4177 2172 4177 2174 4177 2174 2001 2176 2001 2182 2001 2176 2001 2178 2001 2182 2001 2178 2001 2180 2001 2182 2001 2182 4215 2184 4215 2186 4215 2186 2001 2188 2001 2190 2001 2190 2001 2192 2001 2194 2001 2194 4216 2196 4216 2198 4216 2198 4217 2200 4217 2206 4217 2200 2001 2202 2001 2206 2001 2202 3944 2204 3944 2206 3944 2206 2001 2208 2001 2214 2001 2208 2001 2210 2001 2214 2001 2210 2001 2212 2001 2214 2001 2214 3936 2216 3936 2222 3936 2216 4218 2218 4218 2222 4218 2218 2001 2220 2001 2222 2001 2222 4219 2224 4219 2226 4219 2226 4220 2228 4220 2230 4220 2230 2001 2232 2001 2234 2001 2234 4221 2236 4221 2238 4221 2238 2001 2240 2001 2246 2001 2240 3955 2242 3955 2246 3955 2242 4222 2244 4222 2246 4222 2246 3986 2248 3986 2250 3986 2250 3970 2252 3970 2254 3970 2254 2001 2256 2001 2262 2001 2256 2001 2258 2001 2262 2001 2258 4223 2260 4223 2262 4223 2262 4224 2264 4224 2266 4224 2266 2001 2268 2001 2262 2001 2268 2001 2270 2001 2262 2001 2270 2001 2272 2001 2278 2001 2272 4225 2274 4225 2278 4225 2274 3987 2276 3987 2278 3987 2278 4226 2280 4226 2282 4226 2282 3980 2284 3980 2286 3980 2286 2001 2288 2001 2294 2001 2288 4227 2290 4227 2294 4227 2290 3983 2292 3983 2294 3983 2294 2001 2296 2001 2302 2001 2296 2001 2298 2001 2302 2001 2298 4212 2300 4212 2302 4212 2302 2001 2304 2001 2306 2001 2306 2001 2308 2001 2302 2001 2308 4228 2310 4228 2302 4228 2310 2001 2312 2001 2314 2001 2314 2001 2316 2001 2310 2001 2316 2001 2318 2001 2310 2001 2318 4229 2320 4229 2326 4229 2320 4230 2322 4230 2326 4230 2322 3972 2324 3972 2326 3972 2326 4229 2328 4229 2334 4229 2328 2001 2330 2001 2334 2001 2330 3996 2332 3996 2334 3996 2334 2001 2336 2001 2338 2001 2338 2001 2340 2001 2334 2001 2340 2001 2342 2001 2334 2001 2342 2001 2344 2001 2346 2001 2346 2001 2348 2001 2342 2001 2348 2001 2350 2001 2342 2001 2350 4231 2352 4231 2354 4231 2354 2001 2356 2001 2358 2001 2358 2001 2360 2001 2366 2001 2360 2001 2362 2001 2366 2001 2362 2001 2364 2001 2366 2001 2366 4232 2368 4232 2370 4232 2370 4233 2372 4233 2366 4233 2372 2001 2374 2001 2366 2001 2374 4234 2376 4234 2378 4234 2378 2001 2380 2001 2382 2001 2382 2001 2384 2001 2386 2001 2386 2001 2388 2001 2382 2001 2388 2001 2390 2001 2382 2001 2390 2001 2392 2001 2394 2001 2394 4235 2396 4235 2390 4235 2396 2001 2398 2001 2390 2001 2398 2001 2400 2001 2402 2001 2402 4130 2404 4130 2406 4130 2406 2001 2408 2001 2410 2001 2410 4236 2412 4236 2414 4236 2414 4141 2416 4141 2418 4141 2418 2001 2420 2001 2422 2001 2422 2001 2424 2001 2430 2001 2424 2001 2426 2001 2430 2001 2426 2001 2428 2001 2430 2001 2430 2001 2432 2001 2438 2001 2432 2001 2434 2001 2438 2001 2434 2001 2436 2001 2438 2001 2438 4145 2440 4145 2442 4145 2442 4237 2444 4237 2446 4237 2446 2001 2448 2001 2450 2001 2450 4238 2452 4238 2454 4238 2454 2001 2456 2001 2458 2001 2458 2001 2460 2001 2462 2001 2462 2001 2464 2001 2470 2001 2464 4239 2466 4239 2470 4239 2466 4240 2468 4240 2470 4240 2470 3997 2472 3997 2474 3997 2474 4241 2476 4241 2478 4241 2478 4242 2480 4242 2482 4242 2482 2001 2484 2001 2478 2001 2484 2001 2486 2001 2478 2001 2486 2001 2488 2001 2490 2001 2490 4243 2492 4243 2494 4243 2494 4244 2496 4244 2498 4244 2498 4245 2500 4245 2494 4245 2500 2001 2502 2001 2494 2001 2502 2001 2504 2001 2506 2001 2506 2001 2508 2001 2510 2001 2510 2001 2512 2001 2518 2001 2512 4246 2514 4246 2518 4246 2514 4247 2516 4247 2518 4247 2518 4248 2520 4248 2522 4248 2522 2001 2524 2001 2526 2001 2526 4249 2528 4249 2530 4249 2530 2001 2532 2001 2534 2001 2534 4250 2536 4250 2538 4250 2538 2001 2540 2001 2534 2001 2540 2001 2542 2001 2534 2001 2542 2001 2544 2001 2550 2001 2544 4161 2546 4161 2550 4161 2546 2001 2548 2001 2550 2001 2550 4251 2552 4251 2558 4251 2552 4252 2554 4252 2558 4252 2554 4102 2556 4102 2558 4102 2558 2001 2560 2001 2562 2001 2562 2001 2564 2001 2566 2001 2566 2001 2568 2001 2574 2001 2568 2001 2570 2001 2574 2001 2570 2001 2572 2001 2574 2001 2574 4253 2576 4253 2578 4253 2578 2001 2580 2001 2582 2001 2582 2001 2584 2001 2586 2001 2586 2001 2588 2001 2582 2001 2588 4254 2590 4254 2582 4254 2590 2001 2592 2001 2594 2001 2594 2001 2596 2001 2590 2001 2596 4255 2598 4255 2590 4255 2598 4132 2600 4132 2602 4132 2602 2001 2604 2001 2598 2001 2604 2001 2606 2001 2598 2001 2606 2001 2608 2001 2610 2001 2610 2001 2612 2001 2606 2001 2612 2001 2614 2001 2606 2001 2614 2001 2616 2001 2622 2001 2616 2001 2618 2001 2622 2001 2618 4117 2620 4117 2622 4117 2622 2001 2624 2001 2626 2001 2626 4256 2628 4256 2630 4256 2630 2001 2632 2001 2634 2001 2634 2001 2636 2001 2630 2001 2636 4257 2638 4257 2630 4257 2638 4029 2640 4029 2642 4029 2642 2001 2644 2001 2646 2001 2646 4258 2648 4258 2650 4258 2650 2001 2652 2001 2654 2001 2654 3212 2656 3212 2658 3212 2658 3988 2660 3988 2662 3988 2662 2001 2664 2001 2670 2001 2664 2001 2666 2001 2670 2001 2666 2001 2668 2001 2670 2001 2670 4259 2672 4259 2674 4259 2674 4237 2676 4237 2678 4237 2678 2001 2680 2001 2682 2001 2682 2001 2684 2001 2686 2001 2686 4260 2688 4260 2694 4260 2688 4261 2690 4261 2694 4261 2690 4262 2692 4262 2694 4262 2694 2001 2696 2001 2702 2001 2696 2001 2698 2001 2702 2001 2698 2001 2700 2001 2702 2001 2702 2001 2704 2001 2706 2001 2706 2001 2708 2001 2710 2001 2710 4263 2712 4263 2714 4263 2714 2001 2716 2001 2710 2001 2716 2001 2718 2001 2710 2001 2718 2001 2720 2001 2726 2001 2720 2001 2722 2001 2726 2001 2722 4264 2724 4264 2726 4264 2726 2001 2728 2001 2730 2001 2730 4265 2732 4265 2734 4265 2734 4124 2736 4124 2738 4124 2738 2001 2740 2001 2742 2001 2742 2001 2744 2001 2746 2001 2746 2001 2748 2001 2742 2001 2748 2001 2750 2001 2742 2001 2750 4266 2752 4266 2758 4266 2752 2001 2754 2001 2758 2001 2754 4267 2756 4267 2758 4267 2758 2001 2760 2001 2762 2001 2762 4268 2764 4268 2766 4268 2766 2001 2768 2001 2770 2001 2770 4269 2772 4269 2774 4269 2774 2001 2776 2001 2778 2001 2778 4270 2780 4270 2782 4270 2782 2001 2784 2001 2786 2001 2786 2001 2788 2001 2782 2001 2788 2001 2790 2001 2782 2001 2790 2001 2792 2001 2794 2001 2794 4271 2796 4271 2798 4271 2798 2001 2800 2001 2806 2001 2800 2001 2802 2001 2806 2001 2802 2001 2804 2001 2806 2001 2806 2001 2808 2001 2810 2001 2810 2001 2812 2001 2806 2001 2812 2001 2814 2001 2806 2001 2814 2001 2816 2001 2818 2001 2818 2001 2820 2001 2814 2001 2820 2001 2822 2001 2814 2001 2822 2001 2824 2001 2826 2001 2826 4272 2828 4272 2830 4272 2830 4273 2832 4273 2834 4273 2834 2001 2836 2001 2838 2001 2838 4274 2840 4274 2842 4274 2842 4275 2844 4275 2838 4275 2844 4276 2846 4276 2838 4276 2846 4277 2848 4277 2850 4277 2850 2001 2852 2001 2854 2001 2854 2001 2856 2001 2858 2001 2858 2001 2860 2001 2854 2001 2860 2001 2862 2001 2854 2001 2862 4278 2864 4278 2870 4278 2864 2001 2866 2001 2870 2001 2866 2001 2868 2001 2870 2001 2870 2001 2872 2001 2874 2001 2874 2001 2876 2001 2870 2001 2876 2001 2878 2001 2870 2001 2878 4279 2880 4279 2882 4279 2882 4280 2884 4280 2886 4280 2886 2001 2888 2001 2890 2001 2890 2001 2892 2001 2886 2001 2892 2001 2894 2001 2886 2001 2894 2001 2896 2001 2898 2001 2898 4281 2900 4281 2894 4281 2900 2001 2902 2001 2894 2001 2902 2001 2904 2001 2910 2001 2904 2001 2906 2001 2910 2001 2906 2001 2908 2001 2910 2001 2910 4282 2912 4282 2914 4282 2914 4283 2916 4283 2918 4283 2918 2001 2920 2001 2922 2001 2922 2001 2924 2001 2926 2001 2926 2001 2928 2001 2934 2001 2928 2001 2930 2001 2934 2001 2930 4284 2932 4284 2934 4284 2934 4285 2936 4285 2938 4285 2938 2001 2940 2001 2934 2001 2940 2001 2942 2001 2934 2001 2942 2001 2944 2001 2946 2001 2946 2001 2948 2001 2942 2001 2948 2001 2950 2001 2942 2001 2950 4286 2952 4286 2954 4286 2954 4287 2956 4287 2958 4287 2958 4288 2960 4288 2962 4288 2962 2001 2964 2001 2966 2001 2966 2001 2968 2001 2970 2001 2970 2001 2972 2001 2966 2001 2972 2001 2974 2001 2966 2001 2974 2001 2976 2001 2978 2001 2978 4289 2980 4289 2974 4289 2980 2001 2982 2001 2974 2001 2982 4290 2984 4290 2986 4290 2986 2001 2988 2001 2990 2001 2990 4291 2992 4291 2994 4291 2994 2001 2996 2001 2998 2001 2998 2001 3000 2001 3006 2001 3000 2001 3002 2001 3006 2001 3002 4292 3004 4292 3006 4292 3006 4293 3008 4293 3014 4293 3008 2001 3010 2001 3014 2001 3010 2001 3012 2001 3014 2001 3014 2001 3016 2001 3018 2001 3018 4294 3020 4294 3022 4294 3022 4295 3024 4295 3030 4295 3024 2001 3026 2001 3030 2001 3026 4296 3028 4296 3030 4296 3030 2001 3032 2001 3034 2001 3034 2001 3036 2001 3030 2001 3036 4297 3038 4297 3030 4297 3038 4298 3040 4298 3046 4298 3040 2001 3042 2001 3046 2001 3042 4299 3044 4299 3046 4299 3046 4300 3048 4300 3050 4300 3050 2001 3052 2001 3046 2001 3052 4301 3054 4301 3046 4301 3054 4302 3056 4302 3062 4302 3056 2001 3058 2001 3062 2001 3058 4303 3060 4303 3062 4303 3062 4304 3064 4304 3066 4304 3066 2001 3068 2001 3070 2001 3070 4305 3072 4305 3074 4305 3074 2001 3076 2001 3070 2001 3076 2001 3078 2001 3070 2001 3078 4306 3080 4306 3082 4306 3082 4307 3084 4307 3086 4307 3086 4308 3088 4308 3094 4308 3088 4309 3090 4309 3094 4309 3090 2001 3092 2001 3094 2001 3094 2001 3096 2001 3098 2001 3098 2001 3100 2001 3102 2001 3102 4310 3104 4310 3106 4310 3106 4311 3108 4311 3110 4311 3110 2001 3112 2001 3118 2001 3112 4312 3114 4312 3118 4312 3114 2001 3116 2001 3118 2001 3118 4313 3120 4313 3122 4313 3122 2001 3124 2001 3126 2001 3126 4314 3128 4314 3130 4314 3130 2001 3132 2001 3126 2001 3132 2001 3134 2001 3126 2001 3134 4315 3136 4315 3138 4315 3138 4316 3140 4316 3142 4316 3142 2001 3144 2001 3150 2001 3144 2001 3146 2001 3150 2001 3146 4317 3148 4317 3150 4317 3150 2001 3152 2001 3158 2001 3152 4318 3154 4318 3158 4318 3154 4319 3156 4319 3158 4319 3158 2001 3160 2001 3166 2001 3160 4320 3162 4320 3166 4320 3162 4035 3164 4035 3166 4035 3166 4321 3168 4321 3174 4321 3168 2001 3170 2001 3174 2001 3170 4322 3172 4322 3174 4322 3174 4323 3176 4323 3178 4323 3178 2001 3180 2001 3182 2001 3182 2001 3184 2001 3186 2001 3186 4324 3188 4324 3182 4324 3188 2001 3190 2001 3182 2001 3190 4325 3192 4325 3194 4325 3194 4326 3196 4326 3198 4326 3198 4327 3200 4327 3206 4327 3200 4328 3202 4328 3206 4328 3202 4329 3204 4329 3206 4329 3206 2001 3208 2001 3210 2001 3210 4330 3212 4330 3214 4330 3214 2001 3216 2001 3218 2001 3218 4331 3220 4331 3222 4331 3222 4332 3224 4332 3226 4332 3226 4333 3228 4333 3230 4333 3230 4334 3232 4334 3234 4334 3234 2001 3236 2001 3230 2001 3236 4335 3238 4335 3230 4335 3238 2001 3240 2001 3242 2001 3242 2001 3244 2001 3238 2001 3244 4173 3246 4173 3238 4173 3246 2001 3248 2001 3250 2001 3250 2001 3252 2001 3254 2001 3254 4336 3256 4336 3258 4336 3258 4337 3260 4337 3262 4337 3262 4338 3264 4338 3266 4338 3266 2001 3268 2001 3270 2001 3270 4339 3272 4339 3274 4339 3274 4328 3276 4328 3278 4328 3278 4340 3280 4340 3282 4340 3282 2001 3284 2001 3286 2001 3286 2001 3288 2001 3290 2001 3290 2001 3292 2001 3286 2001 3292 2001 3294 2001 3286 2001 3294 2001 3296 2001 3298 2001 3298 2001 3300 2001 3302 2001 3302 4341 3304 4341 3306 4341 3306 4342 3308 4342 3310 4342 3310 2001 3312 2001 3318 2001 3312 4343 3314 4343 3318 4343 3314 2001 3316 2001 3318 2001 3318 4344 3320 4344 3326 4344 3320 4345 3322 4345 3326 4345 3322 2001 3324 2001 3326 2001 3326 4241 3328 4241 3330 4241 3330 2001 3332 2001 3334 2001 3334 4346 3336 4346 3338 4346 3338 4347 3340 4347 3342 4347 3342 4348 3344 4348 3346 4348 3346 4349 3348 4349 3350 4349 3350 4350 3352 4350 3358 4350 3352 4351 3354 4351 3358 4351 3354 3963 3356 3963 3358 3963 3358 2001 3360 2001 3362 2001 3362 2001 3364 2001 3358 2001 3364 4352 3366 4352 3358 4352 3366 4353 3368 4353 3370 4353 3370 3975 3372 3975 3374 3975 3374 2001 3376 2001 3378 2001 3378 2001 3380 2001 3382 2001 3382 4354 3384 4354 3386 4354 3386 2001 3388 2001 3382 2001 3388 4355 3390 4355 3382 4355 3390 2001 3392 2001 3394 2001 3394 2001 3396 2001 3398 2001 3398 3992 3400 3992 3406 3992 3400 2001 3402 2001 3406 2001 3402 2001 3404 2001 3406 2001 3406 2001 3408 2001 3410 2001 3410 2001 3412 2001 3414 2001 3414 4356 3416 4356 3418 4356 3418 4357 3420 4357 3422 4357 3422 2001 3424 2001 3426 2001 3426 2001 3428 2001 3422 2001 3428 4358 3430 4358 3422 4358 3430 4359 3432 4359 3434 4359 3434 2001 3436 2001 3438 2001 3438 4360 3440 4360 3442 4360 3442 2001 3444 2001 3438 2001 3444 2001 3446 2001 3438 2001 3446 4361 3448 4361 3450 4361 3450 2001 3452 2001 3446 2001 3452 2001 3454 2001 3446 2001 3454 4362 3456 4362 3458 4362 3458 2001 3460 2001 3462 2001 3462 2001 3464 2001 3466 2001 3466 4363 3468 4363 3470 4363 3470 2001 3472 2001 3474 2001 3474 2001 3476 2001 3478 2001 3478 4364 3480 4364 3482 4364 3482 2001 3484 2001 3478 2001 3484 2001 3486 2001 3478 2001 3486 2001 3488 2001 3494 2001 3488 2001 3490 2001 3494 2001 3490 2001 3492 2001 3494 2001 3494 2001 3496 2001 3498 2001 3498 4365 3500 4365 3502 4365 3502 4366 3504 4366 3506 4366 3506 2001 3508 2001 3502 2001 3508 2001 3510 2001 3502 2001 3510 2001 3512 2001 3518 2001 3512 2001 3514 2001 3518 2001 3514 4367 3516 4367 3518 4367 3518 2001 3520 2001 3522 2001 3522 3996 3524 3996 3526 3996 3526 2001 3528 2001 3530 2001 3530 4368 3532 4368 3534 4368 3534 2001 3536 2001 3542 2001 3536 2001 3538 2001 3542 2001 3538 4001 3540 4001 3542 4001 3542 2001 3544 2001 3546 2001 3546 4369 3548 4369 3550 4369 3550 2001 3552 2001 3554 2001 3554 2001 3556 2001 3550 2001 3556 2001 3558 2001 3550 2001 3558 2001 3560 2001 3566 2001 3560 2001 3562 2001 3566 2001 3562 2001 3564 2001 3566 2001 3566 4370 3568 4370 3570 4370 3570 2001 3572 2001 3566 2001 3572 2001 3574 2001 3566 2001 3574 2001 3576 2001 3578 2001 3578 2001 3580 2001 3574 2001 3580 3967 3582 3967 3574 3967 3582 2001 3584 2001 3590 2001 3584 2001 3586 2001 3590 2001 3586 4371 3588 4371 3590 4371 3590 2001 3592 2001 3598 2001 3592 2001 3594 2001 3598 2001 3594 2001 3596 2001 3598 2001 3598 4372 3600 4372 3602 4372 3602 2001 3604 2001 3598 2001 3604 2001 3606 2001 3598 2001 3606 2001 3608 2001 3610 2001 3610 2001 3612 2001 3606 2001 3612 4122 3614 4122 3606 4122 3614 4373 3616 4373 3618 4373 3618 4147 3620 4147 3622 4147 3622 3990 3624 3990 3626 3990 3626 4234 3628 4234 3630 4234 3630 4007 3632 4007 3634 4007 3634 4374 3636 4374 3638 4374 3638 4375 3640 4375 3646 4375 3640 2001 3642 2001 3646 2001 3642 3944 3644 3944 3646 3944 3646 2001 3648 2001 3654 2001 3648 2001 3650 2001 3654 2001 3650 4376 3652 4376 3654 4376 3654 2001 3656 2001 3658 2001 3658 4377 3660 4377 3662 4377 3662 2001 3664 2001 3670 2001 3664 2001 3666 2001 3670 2001 3666 2001 3668 2001 3670 2001 3670 2001 3672 2001 3674 2001 3674 3981 3676 3981 3678 3981 3678 2001 3680 2001 3686 2001 3680 2001 3682 2001 3686 2001 3682 4378 3684 4378 3686 4378 3686 2001 3688 2001 3690 2001 3690 2001 3692 2001 3694 2001 3694 2001 3696 2001 3702 2001 3696 4220 3698 4220 3702 4220 3698 2001 3700 2001 3702 2001 3702 4379 3704 4379 3706 4379 3706 2001 3708 2001 3710 2001 3710 2001 3712 2001 3714 2001 3714 2001 3716 2001 3718 2001 3718 2001 3720 2001 3722 2001 3722 4380 3724 4380 3726 4380 3726 2001 3728 2001 3734 2001 3728 2001 3730 2001 3734 2001 3730 2001 3732 2001 3734 2001 3734 4355 3736 4355 3738 4355 3738 2001 3740 2001 3734 2001 3740 4224 3742 4224 3734 4224 3742 4381 3744 4381 3746 4381 3746 4382 3748 4382 3750 4382 3750 4220 3752 4220 3758 4220 3752 4383 3754 4383 3758 4383 3754 2001 3756 2001 3758 2001 3758 2001 3760 2001 3766 2001 3760 3973 3762 3973 3766 3973 3762 2001 3764 2001 3766 2001 3766 2001 3768 2001 3774 2001 3768 3954 3770 3954 3774 3954 3770 2001 3772 2001 3774 2001 3774 2001 3776 2001 3778 2001 3778 2001 3780 2001 3782 2001 3782 2001 3784 2001 3790 2001 3784 4384 3786 4384 3790 4384 3786 4137 3788 4137 3790 4137 3790 2001 3792 2001 3794 2001 3794 2001 3796 2001 3790 2001 3796 4385 3798 4385 3790 4385 3798 4386 3800 4386 3802 4386 3802 4228 3804 4228 3798 4228 3804 2001 3806 2001 3798 2001 3806 2001 3808 2001 3810 2001 3810 2001 3812 2001 3814 2001 3814 4387 3816 4387 3822 4387 3816 4388 3818 4388 3822 4388 3818 2001 3820 2001 3822 2001 3822 4389 3824 4389 3830 4389 3824 2001 3826 2001 3830 2001 3826 4104 3828 4104 3830 4104 3830 4137 3832 4137 3834 4137 3834 2001 3836 2001 3830 2001 3836 2001 3838 2001 3830 2001 3838 2001 3840 2001 3842 2001 3842 2001 3844 2001 3838 2001 3844 3966 3846 3966 3838 3966 3846 4171 3848 4171 3850 4171 3850 4390 3852 4390 3854 4390 3854 2001 3856 2001 3858 2001 3858 2001 3860 2001 3862 2001 3862 2001 3864 2001 3866 2001 3866 2001 3868 2001 3870 2001 3870 4215 3872 4215 3874 4215 3874 3931 3876 3931 3878 3931 3878 3939 3880 3939 3882 3939 3882 3931 3884 3931 3886 3931 3886 4391 3888 4391 3890 4391 3890 2001 3892 2001 3886 2001 3892 2001 3894 2001 3886 2001 3894 4392 3896 4392 3902 4392 3896 4393 3898 4393 3902 4393 3898 4394 3900 4394 3902 4394 3902 2001 3904 2001 3910 2001 3904 2001 3906 2001 3910 2001 3906 2001 3908 2001 3910 2001 3910 2001 3912 2001 3914 2001 3914 2001 3916 2001 3910 2001 3916 2001 3918 2001 3910 2001 3918 4395 3920 4395 3922 4395 3922 2001 3924 2001 3926 2001 3926 4396 3928 4396 3930 4396 3930 2001 3932 2001 3926 2001 3932 4187 3934 4187 3926 4187 3934 2001 3936 2001 3938 2001 3938 2001 3940 2001 3934 2001 3940 2001 3942 2001 3934 2001 3942 2001 3944 2001 3946 2001 3946 2001 3948 2001 3950 2001 3950 4397 3952 4397 3954 4397 3954 4390 3956 4390 3958 4390 3958 2001 3960 2001 3962 2001 3962 2001 3964 2001 3966 2001 3966 4398 3968 4398 3970 4398 3970 2001 3972 2001 3966 2001 3972 2001 3974 2001 3966 2001 3974 2001 3976 2001 3978 2001 3978 4399 3980 4399 3974 4399 3980 2001 3982 2001 3974 2001 3982 2001 3984 2001 3986 2001 3986 2001 3988 2001 3990 2001 3990 4400 3992 4400 3994 4400 3994 2001 3996 2001 3990 2001 3996 2001 3998 2001 3990 2001 14 2001 18 2001 22 2001 46 2001 50 2001 62 2001 50 2001 54 2001 62 2001 70 2001 74 2001 62 2001 74 4401 78 4401 62 4401 78 4402 82 4402 94 4402 82 4403 86 4403 94 4403 94 2001 98 2001 102 2001 102 2001 106 2001 94 2001 106 4404 110 4404 94 4404 126 4405 130 4405 142 4405 130 4406 134 4406 142 4406 142 3933 146 3933 150 3933 150 2001 154 2001 158 2001 182 2001 186 2001 174 2001 186 2001 190 2001 174 2001 190 4407 194 4407 206 4407 194 2001 198 2001 206 2001 206 2001 210 2001 222 2001 210 4392 214 4392 222 4392 214 4408 218 4408 222 4408 222 2001 226 2001 238 2001 226 2001 230 2001 238 2001 246 2001 250 2001 238 2001 250 2001 254 2001 238 2001 262 2001 266 2001 254 2001 266 2001 270 2001 254 2001 270 2001 274 2001 278 2001 358 4409 362 4409 366 4409 366 2001 370 2001 382 2001 370 2001 374 2001 382 2001 390 2001 394 2001 398 2001 406 2001 410 2001 398 2001 410 2001 414 2001 398 2001 430 4410 434 4410 446 4410 434 4411 438 4411 446 4411 470 2001 474 2001 462 2001 474 4412 478 4412 462 4412 486 2001 490 2001 478 2001 490 2001 494 2001 478 2001 494 2001 498 2001 510 2001 498 2001 502 2001 510 2001 510 4413 514 4413 526 4413 514 4414 518 4414 526 4414 526 4415 530 4415 534 4415 550 2001 554 2001 558 2001 574 2001 578 2001 590 2001 578 4416 582 4416 590 4416 598 2001 602 2001 590 2001 602 2001 606 2001 590 2001 606 2001 610 2001 614 2001 630 4417 634 4417 622 4417 634 2001 638 2001 622 2001 638 2001 642 2001 654 2001 642 4418 646 4418 654 4418 662 2001 666 2001 670 2001 678 2001 682 2001 670 2001 682 4419 686 4419 670 4419 694 2001 698 2001 686 2001 698 2001 702 2001 686 2001 702 2001 706 2001 718 2001 706 2001 710 2001 718 2001 726 2001 730 2001 718 2001 730 4420 734 4420 718 4420 750 2001 754 2001 758 2001 774 2001 778 2001 766 2001 778 2001 782 2001 766 2001 830 4421 834 4421 846 4421 834 4422 838 4422 846 4422 846 4423 850 4423 862 4423 850 2001 854 2001 862 2001 878 4424 882 4424 894 4424 882 2001 886 2001 894 2001 894 4425 898 4425 910 4425 898 2001 902 2001 910 2001 926 4426 930 4426 934 4426 942 4427 946 4427 950 4427 950 2001 954 2001 942 2001 954 2001 958 2001 942 2001 990 2001 994 2001 998 2001 1006 4428 1010 4428 1022 4428 1010 2001 1014 2001 1022 2001 1022 2001 1026 2001 1030 2001 1038 4429 1042 4429 1046 4429 1054 2001 1058 2001 1070 2001 1058 2001 1062 2001 1070 2001 1078 2001 1082 2001 1086 2001 1094 4430 1098 4430 1086 4430 1098 4431 1102 4431 1086 4431 1102 2001 1106 2001 1110 2001 1118 2001 1122 2001 1126 2001 1126 2001 1130 2001 1118 2001 1130 4432 1134 4432 1118 4432 1150 2001 1154 2001 1158 2001 1158 2001 1162 2001 1166 2001 1190 4433 1194 4433 1198 4433 1206 2001 1210 2001 1214 2001 1214 2001 1218 2001 1230 2001 1218 4434 1222 4434 1230 4434 1238 4435 1242 4435 1246 4435 1254 4436 1258 4436 1246 4436 1258 4437 1262 4437 1246 4437 1294 2001 1298 2001 1310 2001 1298 4438 1302 4438 1310 4438 1310 2001 1314 2001 1326 2001 1314 4439 1318 4439 1326 4439 1318 4440 1322 4440 1326 4440 1334 2001 1338 2001 1326 2001 1338 2001 1342 2001 1326 2001 1350 4441 1354 4441 1342 4441 1354 4442 1358 4442 1342 4442 1390 2001 1394 2001 1406 2001 1394 2001 1398 2001 1406 2001 1414 4443 1418 4443 1406 4443 1418 2001 1422 2001 1406 2001 1422 2001 1426 2001 1438 2001 1426 2001 1430 2001 1438 2001 1478 2001 1482 2001 1470 2001 1482 4444 1486 4444 1470 4444 1494 4445 1498 4445 1486 4445 1498 2001 1502 2001 1486 2001 1518 2001 1522 2001 1534 2001 1522 2001 1526 2001 1534 2001 1526 4383 1530 4383 1534 4383 1534 4446 1538 4446 1542 4446 1542 2001 1546 2001 1534 2001 1546 4447 1550 4447 1534 4447 1558 2001 1562 2001 1550 2001 1562 2001 1566 2001 1550 2001 1582 4448 1586 4448 1598 4448 1586 2001 1590 2001 1598 2001 1590 4449 1594 4449 1598 4449 1606 4450 1610 4450 1598 4450 1610 2001 1614 2001 1598 2001 1638 2001 1642 2001 1630 2001 1642 2001 1646 2001 1630 2001 1654 2001 1658 2001 1662 2001 1686 2001 1690 2001 1678 2001 1690 2001 1694 2001 1678 2001 1702 2001 1706 2001 1694 2001 1706 2001 1710 2001 1694 2001 1718 2001 1722 2001 1710 2001 1722 2001 1726 2001 1710 2001 1726 2001 1730 2001 1742 2001 1730 2001 1734 2001 1742 2001 1758 2001 1762 2001 1774 2001 1762 2001 1766 2001 1774 2001 1774 4451 1778 4451 1782 4451 1782 2001 1786 2001 1774 2001 1786 3937 1790 3937 1774 3937 1814 4452 1818 4452 1806 4452 1818 2001 1822 2001 1806 2001 1822 2001 1826 2001 1830 2001 1830 4453 1834 4453 1838 4453 1854 2001 1858 2001 1870 2001 1858 4454 1862 4454 1870 4454 1870 2001 1874 2001 1886 2001 1874 4407 1878 4407 1886 4407 1902 4455 1906 4455 1918 4455 1906 2001 1910 2001 1918 2001 1942 2001 1946 2001 1934 2001 1946 2001 1950 2001 1934 2001 1950 2001 1954 2001 1966 2001 1954 4456 1958 4456 1966 4456 1966 4457 1970 4457 1982 4457 1970 4458 1974 4458 1982 4458 1990 4459 1994 4459 1998 4459 2014 4460 2018 4460 2030 4460 2018 2001 2022 2001 2030 2001 2046 2001 2050 2001 2054 2001 2062 2001 2066 2001 2078 2001 2066 2001 2070 2001 2078 2001 2078 4461 2082 4461 2086 4461 2102 2001 2106 2001 2110 2001 2134 4462 2138 4462 2142 4462 2142 4463 2146 4463 2150 4463 2158 4464 2162 4464 2174 4464 2162 2001 2166 2001 2174 2001 2166 2001 2170 2001 2174 2001 2182 2001 2186 2001 2174 2001 2186 2001 2190 2001 2174 2001 2190 4465 2194 4465 2206 4465 2194 2001 2198 2001 2206 2001 2222 2001 2226 2001 2230 2001 2230 4466 2234 4466 2238 4466 2246 4442 2250 4442 2238 4442 2250 2001 2254 2001 2238 2001 2278 4467 2282 4467 2286 4467 2350 4468 2354 4468 2366 4468 2354 2001 2358 2001 2366 2001 2374 2001 2378 2001 2366 2001 2378 2001 2382 2001 2366 2001 2398 2001 2402 2001 2414 2001 2402 2001 2406 2001 2414 2001 2406 2001 2410 2001 2414 2001 2414 4469 2418 4469 2430 4469 2418 2001 2422 2001 2430 2001 2438 4470 2442 4470 2446 4470 2446 4471 2450 4471 2462 4471 2450 4472 2454 4472 2462 4472 2454 4473 2458 4473 2462 4473 2470 2001 2474 2001 2462 2001 2474 2001 2478 2001 2462 2001 2486 2001 2490 2001 2478 2001 2490 2001 2494 2001 2478 2001 2502 2001 2506 2001 2494 2001 2506 2001 2510 2001 2494 2001 2518 2001 2522 2001 2526 2001 2526 4474 2530 4474 2542 4474 2530 4475 2534 4475 2542 4475 2558 4476 2562 4476 2574 4476 2562 2001 2566 2001 2574 2001 2574 4477 2578 4477 2590 4477 2578 4478 2582 4478 2590 4478 2622 2001 2626 2001 2638 2001 2626 4419 2630 4419 2638 4419 2638 4479 2642 4479 2646 4479 2646 2001 2650 2001 2638 2001 2650 2001 2654 2001 2638 2001 2654 4480 2658 4480 2670 4480 2658 4481 2662 4481 2670 4481 2670 4482 2674 4482 2678 4482 2678 4483 2682 4483 2670 4483 2682 4484 2686 4484 2670 4484 2702 4485 2706 4485 2718 4485 2706 4477 2710 4477 2718 4477 2726 4486 2730 4486 2734 4486 2734 2001 2738 2001 2742 2001 2758 2001 2762 2001 2750 2001 2762 2001 2766 2001 2750 2001 2766 4487 2770 4487 2782 4487 2770 4488 2774 4488 2782 4488 2774 2001 2778 2001 2782 2001 2790 2001 2794 2001 2798 2001 2822 4489 2826 4489 2814 4489 2826 4490 2830 4490 2814 4490 2830 4491 2834 4491 2846 4491 2834 4492 2838 4492 2846 4492 2846 4493 2850 4493 2862 4493 2850 4494 2854 4494 2862 4494 2878 2001 2882 2001 2894 2001 2882 4495 2886 4495 2894 4495 2910 2001 2914 2001 2918 2001 2918 4496 2922 4496 2926 4496 2950 2001 2954 2001 2942 2001 2954 2001 2958 2001 2942 2001 2958 4497 2962 4497 2966 4497 2982 2001 2986 2001 2974 2001 2986 2001 2990 2001 2974 2001 2990 2001 2994 2001 3006 2001 2994 2001 2998 2001 3006 2001 3014 2001 3018 2001 3022 2001 3062 2001 3066 2001 3054 2001 3066 2001 3070 2001 3054 2001 3078 4498 3082 4498 3086 4498 3094 2001 3098 2001 3086 2001 3098 2001 3102 2001 3086 2001 3102 2001 3106 2001 3118 2001 3106 2001 3110 2001 3118 2001 3118 4499 3122 4499 3126 4499 3134 4500 3138 4500 3150 4500 3138 4501 3142 4501 3150 4501 3174 4502 3178 4502 3166 4502 3178 2001 3182 2001 3166 2001 3190 2001 3194 2001 3182 2001 3194 2001 3198 2001 3182 2001 3206 4503 3210 4503 3198 4503 3210 2001 3214 2001 3198 2001 3214 2001 3218 2001 3222 2001 3222 2001 3226 2001 3214 2001 3226 2001 3230 2001 3214 2001 3246 2001 3250 2001 3262 2001 3250 2001 3254 2001 3262 2001 3254 2001 3258 2001 3262 2001 3262 2001 3266 2001 3270 2001 3270 2001 3274 2001 3262 2001 3274 2001 3278 2001 3262 2001 3278 2001 3282 2001 3294 2001 3282 2001 3286 2001 3294 2001 3294 2001 3298 2001 3310 2001 3298 4504 3302 4504 3310 4504 3302 4505 3306 4505 3310 4505 3326 2001 3330 2001 3342 2001 3330 2001 3334 2001 3342 2001 3334 4506 3338 4506 3342 4506 3342 2001 3346 2001 3358 2001 3346 4507 3350 4507 3358 4507 3366 4508 3370 4508 3358 4508 3370 2001 3374 2001 3358 2001 3374 2001 3378 2001 3382 2001 3390 2001 3394 2001 3398 2001 3406 2001 3410 2001 3422 2001 3410 4509 3414 4509 3422 4509 3414 4510 3418 4510 3422 4510 3430 2001 3434 2001 3422 2001 3434 2001 3438 2001 3422 2001 3454 2001 3458 2001 3462 2001 3462 2001 3466 2001 3454 2001 3466 4419 3470 4419 3454 4419 3470 2001 3474 2001 3486 2001 3474 2001 3478 2001 3486 2001 3494 2001 3498 2001 3502 2001 3518 2001 3522 2001 3534 2001 3522 2001 3526 2001 3534 2001 3526 4511 3530 4511 3534 4511 3542 2001 3546 2001 3534 2001 3546 2001 3550 2001 3534 2001 3614 4512 3618 4512 3630 4512 3618 2001 3622 2001 3630 2001 3622 4513 3626 4513 3630 4513 3630 2001 3634 2001 3646 2001 3634 4514 3638 4514 3646 4514 3654 4515 3658 4515 3662 4515 3670 2001 3674 2001 3662 2001 3674 2001 3678 2001 3662 2001 3686 2001 3690 2001 3678 2001 3690 2001 3694 2001 3678 2001 3702 2001 3706 2001 3694 2001 3706 2001 3710 2001 3694 2001 3710 2001 3714 2001 3718 2001 3718 2001 3722 2001 3710 2001 3722 2001 3726 2001 3710 2001 3742 4516 3746 4516 3758 4516 3746 2001 3750 2001 3758 2001 3774 2001 3778 2001 3790 2001 3778 4517 3782 4517 3790 4517 3806 2001 3810 2001 3822 2001 3810 4518 3814 4518 3822 4518 3846 4452 3850 4452 3838 4452 3850 2001 3854 2001 3838 2001 3854 2001 3858 2001 3862 2001 3862 2001 3866 2001 3854 2001 3866 2001 3870 2001 3854 2001 3870 2001 3874 2001 3886 2001 3874 2001 3878 2001 3886 2001 3878 4519 3882 4519 3886 4519 3918 2001 3922 2001 3934 2001 3922 4520 3926 4520 3934 4520 3942 2001 3946 2001 3934 2001 3946 2001 3950 2001 3934 2001 3950 2001 3954 2001 3958 2001 3958 4521 3962 4521 3966 4521 3982 2001 3986 2001 3998 2001 3986 2001 3990 2001 3998 2001 3998 2001 6 2001 14 2001 14 2001 22 2001 30 2001 30 4522 38 4522 46 4522 110 2001 118 2001 94 2001 118 4523 126 4523 94 4523 142 2001 150 2001 126 2001 150 2001 158 2001 126 2001 158 2001 166 2001 190 2001 166 4524 174 4524 190 4524 270 2001 278 2001 254 2001 278 4525 286 4525 254 4525 286 2001 294 2001 318 2001 294 4526 302 4526 318 4526 302 2001 310 2001 318 2001 318 4527 326 4527 350 4527 326 2001 334 2001 350 2001 334 4528 342 4528 350 4528 350 4529 358 4529 382 4529 358 2001 366 2001 382 2001 382 4530 390 4530 414 4530 390 2001 398 2001 414 2001 414 2001 422 2001 430 2001 446 2001 454 2001 462 2001 526 4531 534 4531 510 4531 534 2001 542 2001 510 2001 542 2001 550 2001 558 2001 558 2001 566 2001 542 2001 566 2001 574 2001 542 2001 606 4532 614 4532 622 4532 654 2001 662 2001 638 2001 662 2001 670 2001 638 2001 734 2001 742 2001 766 2001 742 4533 750 4533 766 4533 750 4534 758 4534 766 4534 782 4535 790 4535 798 4535 798 4536 806 4536 830 4536 806 2001 814 2001 830 2001 814 2001 822 2001 830 2001 862 2001 870 2001 878 2001 910 2001 918 2001 894 2001 918 2001 926 2001 894 2001 926 2001 934 2001 958 2001 934 2001 942 2001 958 2001 958 4537 966 4537 974 4537 974 2001 982 2001 990 2001 990 4538 998 4538 1022 4538 998 4539 1006 4539 1022 4539 1022 4540 1030 4540 1038 4540 1038 4541 1046 4541 1054 4541 1070 2001 1078 2001 1054 2001 1078 2001 1086 2001 1054 2001 1102 4542 1110 4542 1086 4542 1110 2001 1118 2001 1086 2001 1134 2001 1142 2001 1118 2001 1142 2001 1150 2001 1118 2001 1150 2001 1158 2001 1166 2001 1166 2001 1174 2001 1150 2001 1174 2001 1182 2001 1150 2001 1182 4543 1190 4543 1198 4543 1198 4544 1206 4544 1182 4544 1206 2001 1214 2001 1182 2001 1230 2001 1238 2001 1214 2001 1238 2001 1246 2001 1214 2001 1262 4545 1270 4545 1246 4545 1270 2001 1278 2001 1246 2001 1278 2001 1286 2001 1294 2001 1358 2001 1366 2001 1374 2001 1374 2001 1382 2001 1406 2001 1382 4546 1390 4546 1406 4546 1438 4547 1446 4547 1454 4547 1454 2001 1462 2001 1470 2001 1502 4548 1510 4548 1534 4548 1510 4549 1518 4549 1534 4549 1566 4550 1574 4550 1598 4550 1574 4551 1582 4551 1598 4551 1614 4552 1622 4552 1598 4552 1622 2001 1630 2001 1598 2001 1646 2001 1654 2001 1662 2001 1662 2001 1670 2001 1678 2001 1742 2001 1750 2001 1758 2001 1790 2001 1798 2001 1806 2001 1822 4553 1830 4553 1854 4553 1830 4554 1838 4554 1854 4554 1838 2001 1846 2001 1854 2001 1886 2001 1894 2001 1902 2001 1918 4555 1926 4555 1950 4555 1926 4556 1934 4556 1950 4556 1982 2001 1990 2001 1998 2001 1998 2001 2006 2001 2014 2001 2030 2001 2038 2001 2046 2001 2046 4557 2054 4557 2078 4557 2054 4558 2062 4558 2078 4558 2078 2001 2086 2001 2094 2001 2094 2001 2102 2001 2078 2001 2102 2001 2110 2001 2078 2001 2110 4559 2118 4559 2142 4559 2118 4560 2126 4560 2142 4560 2126 2001 2134 2001 2142 2001 2142 2001 2150 2001 2174 2001 2150 2001 2158 2001 2174 2001 2206 4561 2214 4561 2222 4561 2222 2001 2230 2001 2206 2001 2230 4562 2238 4562 2206 4562 2254 4563 2262 4563 2270 4563 2270 2001 2278 2001 2286 2001 2286 2001 2294 2001 2270 2001 2294 2001 2302 2001 2270 2001 2302 2001 2310 2001 2318 2001 2318 4564 2326 4564 2334 4564 2334 2001 2342 2001 2366 2001 2342 4565 2350 4565 2366 4565 2382 2001 2390 2001 2398 2001 2430 2001 2438 2001 2462 2001 2438 4566 2446 4566 2462 4566 2510 4567 2518 4567 2494 4567 2518 4568 2526 4568 2494 4568 2542 2001 2550 2001 2558 2001 2590 2001 2598 2001 2606 2001 2606 4569 2614 4569 2622 4569 2686 2001 2694 2001 2718 2001 2694 4570 2702 4570 2718 4570 2718 4571 2726 4571 2734 4571 2734 2001 2742 2001 2718 2001 2742 2001 2750 2001 2718 2001 2782 2001 2790 2001 2814 2001 2790 2001 2798 2001 2814 2001 2798 4572 2806 4572 2814 4572 2862 2001 2870 2001 2846 2001 2870 2001 2878 2001 2846 2001 2894 2001 2902 2001 2910 2001 2910 4573 2918 4573 2926 4573 2926 2001 2934 2001 2910 2001 2934 2001 2942 2001 2910 2001 2958 4574 2966 4574 2942 4574 2966 2001 2974 2001 2942 2001 3006 4575 3014 4575 3038 4575 3014 2001 3022 2001 3038 2001 3022 4576 3030 4576 3038 4576 3038 2001 3046 2001 3070 2001 3046 2001 3054 2001 3070 2001 3070 4577 3078 4577 3102 4577 3078 4578 3086 4578 3102 4578 3118 4579 3126 4579 3134 4579 3150 2001 3158 2001 3166 2001 3230 2001 3238 2001 3246 2001 3310 2001 3318 2001 3326 2001 3374 2001 3382 2001 3358 2001 3382 2001 3390 2001 3358 2001 3390 4580 3398 4580 3422 4580 3398 4581 3406 4581 3422 4581 3438 2001 3446 2001 3422 2001 3446 2001 3454 2001 3422 2001 3486 2001 3494 2001 3502 2001 3502 4582 3510 4582 3518 4582 3550 4583 3558 4583 3566 4583 3566 2001 3574 2001 3550 2001 3574 2001 3582 2001 3550 2001 3582 2001 3590 2001 3614 2001 3590 2001 3598 2001 3614 2001 3598 4584 3606 4584 3614 4584 3646 2001 3654 2001 3678 2001 3654 2001 3662 2001 3678 2001 3726 4585 3734 4585 3742 4585 3758 4586 3766 4586 3774 4586 3790 4587 3798 4587 3774 4587 3798 2001 3806 2001 3774 2001 3822 4588 3830 4588 3806 4588 3830 2001 3838 2001 3806 2001 3886 4589 3894 4589 3902 4589 3902 4590 3910 4590 3918 4590 3950 4591 3958 4591 3934 4591 3958 2001 3966 2001 3934 2001 3966 2001 3974 2001 3998 2001 3974 2001 3982 2001 3998 2001 3998 2001 14 2001 62 2001 14 2001 30 2001 62 2001 30 2001 46 2001 62 2001 62 2001 78 2001 94 2001 190 4592 206 4592 222 4592 222 2001 238 2001 254 2001 414 4593 430 4593 382 4593 430 2001 446 2001 382 2001 446 4594 462 4594 510 4594 462 4593 478 4593 510 4593 478 4595 494 4595 510 4595 574 2001 590 2001 638 2001 590 2001 606 2001 638 2001 606 2001 622 2001 638 2001 670 4596 686 4596 702 4596 702 2001 718 2001 766 2001 718 4597 734 4597 766 4597 766 2001 782 2001 830 2001 782 4598 798 4598 830 4598 830 4599 846 4599 862 4599 862 4600 878 4600 894 4600 958 4601 974 4601 1022 4601 974 4602 990 4602 1022 4602 1022 2001 1038 2001 1086 2001 1038 2001 1054 2001 1086 2001 1278 2001 1294 2001 1310 2001 1310 2001 1326 2001 1278 2001 1326 2001 1342 2001 1278 2001 1342 2001 1358 2001 1374 2001 1406 2001 1422 2001 1470 2001 1422 4603 1438 4603 1470 4603 1438 4604 1454 4604 1470 4604 1470 2001 1486 2001 1534 2001 1486 4605 1502 4605 1534 4605 1534 4606 1550 4606 1598 4606 1550 2001 1566 2001 1598 2001 1630 2001 1646 2001 1598 2001 1646 2001 1662 2001 1598 2001 1662 2001 1678 2001 1694 2001 1694 2001 1710 2001 1662 2001 1710 4607 1726 4607 1662 4607 1726 2001 1742 2001 1758 2001 1758 4608 1774 4608 1790 4608 1790 2001 1806 2001 1854 2001 1806 2001 1822 2001 1854 2001 1854 4609 1870 4609 1886 4609 1886 4610 1902 4610 1854 4610 1902 4611 1918 4611 1854 4611 1950 2001 1966 2001 1982 2001 1982 4612 1998 4612 2046 4612 1998 4613 2014 4613 2046 4613 2014 2001 2030 2001 2046 2001 2174 4614 2190 4614 2206 4614 2238 4615 2254 4615 2302 4615 2254 2001 2270 2001 2302 2001 2302 2001 2318 2001 2366 2001 2318 4616 2334 4616 2366 4616 2366 4617 2382 4617 2430 4617 2382 2001 2398 2001 2430 2001 2398 2001 2414 2001 2430 2001 2462 2001 2478 2001 2494 2001 2526 2001 2542 2001 2494 2001 2542 4618 2558 4618 2494 4618 2558 2001 2574 2001 2590 2001 2590 2001 2606 2001 2558 2001 2606 2001 2622 2001 2558 2001 2622 2001 2638 2001 2654 2001 2654 2001 2670 2001 2622 2001 2670 2001 2686 2001 2622 2001 2750 2001 2766 2001 2782 2001 2814 2001 2830 2001 2846 2001 2878 2001 2894 2001 2910 2001 2974 2001 2990 2001 3006 2001 3102 2001 3118 2001 3070 2001 3118 2001 3134 2001 3070 2001 3134 4619 3150 4619 3166 4619 3166 4620 3182 4620 3198 4620 3198 2001 3214 2001 3262 2001 3214 4621 3230 4621 3262 4621 3230 2001 3246 2001 3262 2001 3262 4622 3278 4622 3294 4622 3294 2001 3310 2001 3262 2001 3310 4623 3326 4623 3262 4623 3326 2001 3342 2001 3358 2001 3454 4624 3470 4624 3486 4624 3486 4625 3502 4625 3454 4625 3502 4626 3518 4626 3454 4626 3518 2001 3534 2001 3582 2001 3534 4627 3550 4627 3582 4627 3614 2001 3630 2001 3582 2001 3630 2001 3646 2001 3582 2001 3678 2001 3694 2001 3710 2001 3710 4628 3726 4628 3742 4628 3742 2001 3758 2001 3774 2001 3838 4629 3854 4629 3870 4629 3870 2001 3886 2001 3838 2001 3886 4630 3902 4630 3838 4630 3902 4631 3918 4631 3966 4631 3918 2001 3934 2001 3966 2001 62 2001 94 2001 190 2001 94 4632 126 4632 190 4632 126 2001 158 2001 190 2001 190 2001 222 2001 318 2001 222 4633 254 4633 318 4633 254 4634 286 4634 318 4634 318 4635 350 4635 446 4635 350 2001 382 2001 446 2001 510 2001 542 2001 574 2001 638 2001 670 2001 574 2001 670 2001 702 2001 574 2001 830 4636 862 4636 958 4636 862 2001 894 2001 958 2001 894 4637 926 4637 958 4637 1086 4638 1118 4638 1150 4638 1150 2001 1182 2001 1214 2001 1214 4639 1246 4639 1278 4639 1342 2001 1374 2001 1470 2001 1374 2001 1406 2001 1470 2001 1726 4640 1758 4640 1854 4640 1758 2001 1790 2001 1854 2001 1918 2001 1950 2001 1854 2001 1950 2001 1982 2001 1854 2001 2046 2001 2078 2001 2110 2001 2110 2001 2142 2001 2174 2001 2174 4641 2206 4641 2238 4641 2430 4642 2462 4642 2366 4642 2462 2001 2494 2001 2366 2001 2686 4643 2718 4643 2750 4643 2750 2001 2782 2001 2878 2001 2782 2001 2814 2001 2878 2001 2814 4644 2846 4644 2878 4644 2878 4645 2910 4645 2942 4645 2942 4646 2974 4646 3006 4646 3006 2001 3038 2001 3134 2001 3038 2001 3070 2001 3134 2001 3134 2001 3166 2001 3262 2001 3166 4647 3198 4647 3262 4647 3326 4648 3358 4648 3262 4648 3358 4649 3390 4649 3262 4649 3390 2001 3422 2001 3518 2001 3422 2001 3454 2001 3518 2001 3646 2001 3678 2001 3710 2001 3710 2001 3742 2001 3646 2001 3742 4650 3774 4650 3646 4650 3774 4651 3806 4651 3902 4651 3806 2001 3838 2001 3902 2001 3966 2001 3998 2001 62 2001 446 2001 510 2001 574 2001 702 2001 766 2001 574 2001 766 2001 830 2001 574 2001 958 4652 1022 4652 1086 4652 1086 2001 1150 2001 1342 2001 1150 4653 1214 4653 1342 4653 1214 4654 1278 4654 1342 4654 1470 4655 1534 4655 1598 4655 1598 2001 1662 2001 1854 2001 1662 2001 1726 2001 1854 2001 1982 4656 2046 4656 1854 4656 2046 4657 2110 4657 1854 4657 2110 2001 2174 2001 2366 2001 2174 2001 2238 2001 2366 2001 2238 2001 2302 2001 2366 2001 2494 2001 2558 2001 2366 2001 2558 4658 2622 4658 2366 4658 2622 2001 2686 2001 2878 2001 2686 2001 2750 2001 2878 2001 2878 2001 2942 2001 3134 2001 2942 2001 3006 2001 3134 2001 3518 4659 3582 4659 3646 4659 3902 2001 3966 2001 318 2001 3966 2001 62 2001 318 2001 62 2001 190 2001 318 2001 318 2001 446 2001 830 2001 446 2001 574 2001 830 2001 830 2001 958 2001 1086 2001 1342 2001 1470 2001 1598 2001 3134 4660 3262 4660 3390 4660 3390 2001 3518 2001 3646 2001 3646 4661 3774 4661 3902 4661 830 4662 1086 4662 1854 4662 1086 4663 1342 4663 1854 4663 1342 4664 1598 4664 1854 4664 1854 4665 2110 4665 2366 4665 2366 2001 2622 2001 1854 2001 2622 2001 2878 2001 1854 2001 2878 4666 3134 4666 3390 4666 3390 4667 3646 4667 2878 4667 3646 4668 3902 4668 2878 4668 3902 4669 318 4669 830 4669 3902 2001 830 2001 1854 2001</p>
        </triangles>
      </mesh>
    </geometry>
  </library_geometries>
  <library_visual_scenes>
    <visual_scene id="Scene" name="Scene">
      <node id="Camera_001" name="Camera.001" type="NODE">
        <matrix sid="transform">0.6859207 -0.3240135 0.6515582 7.481132 0.7276763 0.3054209 -0.6141704 -6.50764 -4.01133e-9 0.8953956 0.4452714 5.343665 0 0 0 1</matrix>
        <instance_camera url="#Camera_001-camera"/>
      </node>
      <node id="Lamp" name="Lamp" type="NODE">
        <matrix sid="transform">-0.2908646 -0.7711008 0.5663933 4.076245 0.9551712 -0.1998833 0.2183912 1.005454 -0.05518904 0.6045247 0.7946723 5.903862 0 0 0 1</matrix>
        <instance_light url="#Lamp-light"/>
      </node>
      <node id="Camera_001" name="Camera_001" type="NODE">
        <matrix sid="transform">0.6859207 -0.3240132 0.6515583 7.481132 0.7276763 0.3054206 -0.6141705 -6.50764 -2.39157e-8 0.8953958 0.4452711 5.343665 0 0 0 1</matrix>
        <instance_camera url="#Camera_001-camera"/>
      </node>
      <node id="Lamp_001" name="Lamp_001" type="NODE">
        <matrix sid="transform">-0.2908646 -0.7711007 0.5663934 4.076245 0.9551712 -0.1998833 0.2183912 1.005454 -0.05518903 0.6045248 0.7946722 5.903862 0 0 0 1</matrix>
        <instance_light url="#Lamp_001-light"/>
      </node>
      <node id="Camera_001_001" name="Camera_001.001" type="NODE">
        <matrix sid="transform">0.6859208 -0.3240134 0.6515582 7.481132 0.7276763 0.3054209 -0.6141704 -6.50764 -5.60925e-8 0.8953955 0.4452714 5.343665 0 0 0 1</matrix>
        <instance_camera url="#Camera_001_001-camera"/>
      </node>
      <node id="Lamp_001_001" name="Lamp_001.001" type="NODE">
        <matrix sid="transform">-0.2908646 -0.7711007 0.5663934 4.076245 0.9551712 -0.1998833 0.2183912 1.005454 -0.05518903 0.6045248 0.7946722 5.903862 0 0 0 1</matrix>
        <instance_light url="#Lamp_001_001-light"/>
      </node>
      <node id="Cylinder" name="Cylinder" type="NODE">
        <matrix sid="transform">3 0 0 0 0 -1.31134e-7 -1.025935 0 0 3 -4.4845e-8 0 0 0 0 1</matrix>
        <instance_geometry url="#Cylinder_001-mesh" name="Cylinder"/>
      </node>
      <node id="Light" name="Light" type="NODE">
        <matrix sid="transform">-0.2908646 -0.7711008 0.5663933 4.076245 0.9551712 -0.1998833 0.2183912 1.005454 -0.05518904 0.6045247 0.7946723 5.903862 0 0 0 1</matrix>
        <instance_light url="#Light-light"/>
      </node>
    </visual_scene>
  </library_visual_scenes>
  <scene>
    <instance_visual_scene url="#Scene"/>
  </scene>
</COLLADA>