<?xml version="1.0" encoding="utf-8"?>
<COLLADA xmlns="http://www.collada.org/2005/11/COLLADASchema" version="1.4.1" xmlns:xsi="http://www.w3.org/2001/XMLSchema-instance">
  <asset>
    <contributor>
      <author>Blender User</author>
      <authoring_tool>Blender 2.80.75 commit date:2019-07-29, commit time:14:47, hash:f6cb5f54494e</authoring_tool>
    </contributor>
    <created>2019-11-07T17:29:06</created>
    <modified>2019-11-07T17:29:06</modified>
    <unit name="meter" meter="1"/>
    <up_axis>Z_UP</up_axis>
  </asset>
  <library_cameras>
    <camera id="Camera-camera" name="Camera">
      <optics>
        <technique_common>
          <perspective>
            <xfov sid="xfov">39.59775</xfov>
            <aspect_ratio>1.777778</aspect_ratio>
            <znear sid="znear">0.1</znear>
            <zfar sid="zfar">100</zfar>
          </perspective>
        </technique_common>
      </optics>
      <extra>
        <technique profile="blender">
          <shiftx sid="shiftx" type="float">0</shiftx>
          <shifty sid="shifty" type="float">0</shifty>
          <dof_distance sid="dof_distance" type="float">10</dof_distance>
        </technique>
      </extra>
    </camera>
  </library_cameras>
  <library_lights>
    <light id="Light-light" name="Light">
      <technique_common>
        <point>
          <color sid="color">1000 1000 1000</color>
          <constant_attenuation>1</constant_attenuation>
          <linear_attenuation>0</linear_attenuation>
          <quadratic_attenuation>0.00111109</quadratic_attenuation>
        </point>
      </technique_common>
      <extra>
        <technique profile="blender">
          <type sid="type" type="int">0</type>
          <flag sid="flag" type="int">0</flag>
          <mode sid="mode" type="int">1</mode>
          <gamma sid="blender_gamma" type="float">1</gamma>
          <red sid="red" type="float">1</red>
          <green sid="green" type="float">1</green>
          <blue sid="blue" type="float">1</blue>
          <shadow_r sid="blender_shadow_r" type="float">0</shadow_r>
          <shadow_g sid="blender_shadow_g" type="float">0</shadow_g>
          <shadow_b sid="blender_shadow_b" type="float">0</shadow_b>
          <energy sid="blender_energy" type="float">1000</energy>
          <dist sid="blender_dist" type="float">29.99998</dist>
          <spotsize sid="spotsize" type="float">75</spotsize>
          <spotblend sid="spotblend" type="float">0.15</spotblend>
          <att1 sid="att1" type="float">0</att1>
          <att2 sid="att2" type="float">1</att2>
          <falloff_type sid="falloff_type" type="int">2</falloff_type>
          <clipsta sid="clipsta" type="float">0.04999995</clipsta>
          <clipend sid="clipend" type="float">30.002</clipend>
          <bias sid="bias" type="float">1</bias>
          <soft sid="soft" type="float">3</soft>
          <bufsize sid="bufsize" type="int">2880</bufsize>
          <samp sid="samp" type="int">3</samp>
          <buffers sid="buffers" type="int">1</buffers>
          <area_shape sid="area_shape" type="int">1</area_shape>
          <area_size sid="area_size" type="float">0.1</area_size>
          <area_sizey sid="area_sizey" type="float">0.1</area_sizey>
          <area_sizez sid="area_sizez" type="float">1</area_sizez>
        </technique>
      </extra>
    </light>
  </library_lights>
  <library_images/>
  <library_geometries>
    <geometry id="WHEEL-mesh" name="WHEEL">
      <mesh>
        <source id="WHEEL-mesh-positions">
          <float_array id="WHEEL-mesh-positions-array" count="17061">51.79281 -13.625 18.50687 45.23809 -13.625 31.28123 45.23809 -10.625 31.28123 54.81795 -13.625 4.471291 51.79281 -10.625 18.50687 54.10733 -13.625 -9.868994 54.81795 -10.625 4.471291 49.70938 -13.625 -23.53672 54.10733 -10.625 -9.868994 41.92382 -13.625 -35.60046 49.70938 -10.625 -23.53672 31.28123 -13.625 -45.23809 41.92382 -10.625 -35.60046 18.50687 -13.625 -51.79281 31.28123 -10.625 -45.23809 4.471291 -13.625 -54.81795 18.50687 -10.625 -51.79281 -9.868994 -13.625 -54.10733 4.471291 -10.625 -54.81795 -23.53672 -13.625 -49.70938 -9.868994 -10.625 -54.10733 -35.60046 -13.625 -41.92382 -23.53672 -10.625 -49.70938 -45.23809 -13.625 -31.28123 -35.60046 -10.625 -41.92382 -51.79281 -13.625 -18.50687 -45.23809 -10.625 -31.28123 -54.81795 -13.625 -4.471291 -51.79281 -10.625 -18.50687 -54.10733 -13.625 9.868994 -54.81795 -10.625 -4.471291 -49.70938 -13.625 23.53672 -54.10733 -10.625 9.868994 -41.92382 -13.625 35.60046 -49.70938 -10.625 23.53672 -31.28123 -13.625 45.23809 -41.92382 -10.625 35.60046 -18.50687 -13.625 51.79281 -31.28123 -10.625 45.23809 -4.471291 -13.625 54.81795 -18.50687 -10.625 51.79281 9.868994 -13.625 54.10733 -4.471291 -10.625 54.81795 23.53672 -13.625 49.70938 9.868994 -10.625 54.10733 35.60046 -13.625 41.92382 23.53672 -10.625 49.70938 35.60046 -10.625 41.92382 39.31367 -13.625 45.32588 26.80647 -13.625 53.6788 -58.44731 -13.625 -13.56141 -53.23849 -13.625 -27.67061 -44.6845 -13.625 -40.04116 -33.32283 -13.625 -49.89578 12.61492 -13.625 58.65888 -17.20459 -13.625 57.48045 -30.95888 -13.625 51.39599 -2.369271 -13.625 59.9532 -42.76792 -13.625 42.08213 -51.88968 -13.625 30.12409 -57.75103 -13.625 16.27325 -19.86735 -13.625 -56.61526 -59.98366 -13.625 1.399897 -5.16354 -13.625 -59.7774 9.864718 -13.625 -59.1835 24.27314 -13.625 -54.87089 47.70497 -13.625 -36.39006 55.25606 -13.625 -23.38305 59.33522 -13.625 -8.906805 59.68613 -13.625 6.129088 56.28674 -13.625 20.77987 37.15639 -13.625 -47.11054 49.35064 -13.625 34.12497 54.08138 -17.625 25.9847 56.28674 -17.625 20.77987 59.46416 -17.625 8.000851 57.48045 -17.625 17.20459 59.68613 -17.625 6.129088 59.98366 -17.625 -1.399897 59.33522 -17.625 -8.906805 56.61526 -17.625 -19.86735 59.02618 -17.625 -10.76618 55.25606 -17.625 -23.38305 47.70497 -17.625 -36.39006 52.8103 -17.625 -28.47933 41.42498 -17.625 -43.40473 37.15639 -17.625 -47.11054 25.9847 -17.625 -54.08138 34.12497 -17.625 -49.35064 24.27314 -17.625 -54.87089 17.20459 -17.625 -57.48045 9.864718 -17.625 -59.1835 -1.399897 -17.625 -59.98366 8.000851 -17.625 -59.46416 -5.16354 -17.625 -59.7774 -19.86735 -17.625 -56.61526 -10.76618 -17.625 -59.02618 -28.47933 -17.625 -52.8103 -33.32283 -17.625 -49.89578 -43.40473 -17.625 -41.42498 -36.39006 -17.625 -47.70497 -44.6845 -17.625 -40.04116 -53.23849 -17.625 -27.67061 -49.35064 -17.625 -34.12497 -57.48045 -17.625 -17.20459 -54.08138 -17.625 -25.9847 -58.44731 -17.625 -13.56141 -59.98366 -17.625 1.399897 -59.46416 -17.625 -8.000851 -59.02618 -17.625 10.76618 -57.75103 -17.625 16.27325 -52.8103 -17.625 28.47933 -56.61526 -17.625 19.86735 -51.88968 -17.625 30.12409 -47.70497 -17.625 36.39006 -42.76792 -17.625 42.08213 -34.12497 -17.625 49.35064 -41.42498 -17.625 43.40473 -30.95888 -17.625 51.39599 -17.20459 -17.625 57.48045 -25.9847 -17.625 54.08138 -8.000851 -17.625 59.46416 -2.369271 -17.625 59.9532 10.76618 -17.625 59.02618 1.399897 -17.625 59.98366 12.61492 -17.625 58.65888 26.80647 -17.625 53.6788 19.86735 -17.625 56.61526 36.39006 -17.625 47.70497 28.47933 -17.625 52.8103 39.31367 -17.625 45.32588 49.35064 -17.625 34.12497 43.40473 -17.625 41.42498 56.63206 -25 53.6359 52.76222 -24.95965 50.35566 59.99 -24.95965 41.48187 47.78087 -25 61.65215 44.23527 -24.95965 57.98953 37.80974 -25 68.22334 34.6191 -24.95965 64.19551 26.95239 -25 73.19541 24.1505 -24.95965 68.82078 15.46329 -25 76.45186 13.08722 -24.95965 71.75145 3.611746 -25 77.91634 1.701697 -24.95965 72.91536 -8.324456 -25 77.55452 -9.72573 -24.95965 72.28386 -20.06554 -25 75.3749 -20.91368 -24.95965 69.87248 -31.3363 -25 71.42855 -31.58666 -24.95965 65.74062 -41.87257 -25 65.80796 -41.48187 -24.95965 59.99 -51.42738 -25 58.6449 -50.35566 -24.95965 52.76222 -59.77677 -25 50.10726 -57.98953 -24.95965 44.23527 -66.72505 -25 40.39514 -64.19551 -24.95965 34.6191 -72.10935 -25 29.7362 -68.82078 -24.95965 24.1505 -75.80347 -25 18.38026 -71.75145 -24.95965 13.08722 -77.72082 -25 6.593504 -72.91536 -24.95965 1.701697 -77.81646 -25 -5.347796 -72.28386 -24.95965 -9.72573 -76.08815 -25 -17.16375 -69.87248 -24.95965 -20.91368 -72.5764 -25 -28.5774 -65.74062 -24.95965 -31.58666 -70.3058 -25 -33.7801 -67.36351 -25 -39.32122 -59.99 -24.95965 -41.48187 -52.76222 -24.95965 -50.35566 -60.57168 -25 -49.14338 -64.15584 -25 -44.36246 -52.3601 -25 -57.81366 -42.92125 -25 -65.12885 -44.23527 -24.95965 -57.98953 -56.42615 -25 -53.85247 -32.47636 -25 -70.91746 -34.6191 -24.95965 -64.19551 -21.27025 -25 -75.04383 -24.1505 -24.95965 -68.82078 -9.565587 -25 -77.41124 -13.08722 -24.95965 -71.75145 2.363289 -25 -77.96419 -1.701697 -24.95965 -72.91536 14.23677 -25 -76.68973 9.72573 -24.95965 -72.28386 25.77655 -25 -73.61772 20.91368 -24.95965 -69.87248 36.71215 -25 -68.82019 31.58666 -24.95965 -65.74062 46.78726 -25 -62.40956 41.48187 -24.95965 -59.99 55.7657 -25 -54.5361 50.35566 -24.95965 -52.76222 63.43705 -25 -45.38436 57.98953 -24.95965 -44.23527 69.62149 -25 -35.16886 64.19551 -24.95965 -34.6191 74.17405 -25 -24.12903 68.82078 -24.95965 -24.1505 76.98805 -25 -12.52363 71.75145 -24.95965 -13.08722 77.9975 -25 -0.6246871 72.91536 -24.95965 -1.701697 77.17876 -25 11.2889 72.28386 -24.95965 9.72573 74.55102 -25 22.93788 69.87248 -24.95965 20.91368 70.17586 -25 34.04921 65.74062 -24.95965 31.58666 64.15584 -25 44.36246 55.96608 -23.64828 38.69941 49.22312 -23.64828 46.97798 41.26813 -23.64828 54.0998 32.29698 -23.64828 59.8895 22.53057 -23.64828 64.20452 12.20938 -23.64828 66.93862 1.587553 -23.64828 68.02445 -9.073363 -23.64828 67.43531 -19.51086 -23.64828 65.18569 -29.46794 -23.64828 61.33097 -38.69941 -23.64828 55.96608 -46.97798 -23.64828 49.22312 -54.0998 -23.64828 41.26813 -59.8895 -23.64828 32.29698 -64.20452 -23.64828 22.53057 -66.93862 -23.64828 12.20938 -68.02445 -23.64828 1.587553 -67.43531 -23.64828 -9.073363 -65.18569 -23.64828 -19.51086 -61.33097 -23.64828 -29.46794 -55.96608 -23.64828 -38.69941 -49.22312 -23.64828 -46.97798 -41.26813 -23.64828 -54.0998 -32.29698 -23.64828 -59.8895 -22.53057 -23.64828 -64.20452 -12.20938 -23.64828 -66.93862 -1.587553 -23.64828 -68.02445 9.073363 -23.64828 -67.43531 19.51086 -23.64828 -65.18569 29.46794 -23.64828 -61.33097 38.69941 -23.64828 -55.96608 46.97798 -23.64828 -49.22312 54.0998 -23.64828 -41.26813 59.8895 -23.64828 -32.29698 64.20452 -23.64828 -22.53057 66.93862 -23.64828 -12.20938 68.02445 -23.64828 -1.587553 67.43531 -23.64828 9.073363 65.18569 -23.64828 19.51086 61.33097 -23.64828 29.46794 52.34216 -21.14999 36.19355 46.03582 -21.14999 43.93606 38.59593 -21.14999 50.59672 30.20568 -21.14999 56.01153 21.07166 -21.14999 60.04714 11.41879 -21.14999 62.60419 1.484755 -21.14999 63.61973 -8.485843 -21.14999 63.06873 -18.24749 -21.14999 60.96477 -27.55982 -21.14999 57.35966 -36.19355 -21.14999 52.34216 -43.93606 -21.14999 46.03582 -50.59672 -21.14999 38.59593 -56.01153 -21.14999 30.20568 -60.04714 -21.14999 21.07166 -62.60419 -21.14999 11.41879 -63.61973 -21.14999 1.484755 -63.06873 -21.14999 -8.485843 -60.96477 -21.14999 -18.24749 -57.35966 -21.14999 -27.55982 -52.34216 -21.14999 -36.19355 -46.03582 -21.14999 -43.93606 -38.59593 -21.14999 -50.59672 -30.20568 -21.14999 -56.01153 -21.07166 -21.14999 -60.04714 -11.41879 -21.14999 -62.60419 -1.484755 -21.14999 -63.61973 8.485843 -21.14999 -63.06873 18.24749 -21.14999 -60.96477 27.55982 -21.14999 -57.35966 36.19355 -21.14999 -52.34216 43.93606 -21.14999 -46.03582 50.59672 -21.14999 -38.59593 56.01153 -21.14999 -30.20568 60.04714 -21.14999 -21.07166 62.60419 -21.14999 -11.41879 63.61973 -21.14999 -1.484755 63.06873 -21.14999 8.485843 60.96477 -21.14999 18.24749 57.35966 -21.14999 27.55982 69.09091 -25 47.77496 61.76952 -25 56.92562 53.24587 -25 64.96828 43.68585 -25 71.74641 33.27553 -25 77.12807 22.21755 -25 81.00852 10.72712 -25 83.31224 -0.9720976 -25 83.99438 16.65278 -25 82.33277 -12.6524 -25 83.04166 -24.08643 -25 80.47263 -35.05165 -25 76.3373 -45.33462 -25 70.71614 -54.73521 -25 63.71857 -63.07044 -25 55.4808 -70.17809 -25 46.16315 -75.91979 -25 35.94699 -80.18379 -25 25.03117 -82.88712 -25 13.62814 -83.97714 -25 1.959856 -83.43264 -25 -9.746576 -83.69934 -25 7.100697 -81.26422 -25 -21.2633 -77.51408 -25 -32.36616 -72.25521 -25 -42.83905 -65.58999 -25 -52.47812 -57.64813 -25 -61.09577 -48.58421 -25 -68.52426 -38.57466 -25 -74.61901 -27.8143 -25 -79.26137 -16.51256 -25 -82.36101 -4.889422 -25 -83.85758 6.828881 -25 -83.72196 -10.3014 -25 -83.36595 18.41427 -25 -81.95679 29.64124 -25 -78.59642 40.29128 -25 -73.70626 50.1571 -25 -67.3815 59.04666 -25 -59.74522 66.78696 -25 -50.94608 73.22731 -25 -41.15533 78.24239 -25 -30.56353 81.73456 -25 -19.37686 83.63586 -25 -7.813031 83.90928 -25 3.902867 82.9102 -25 -13.48698 82.54951 -25 15.5428 79.583 -25 26.88021 75.06751 -25 37.69443 73.93653 21.31727 51.12561 69.09091 25 47.77496 65.23104 25 52.92364 66.10166 21.31727 60.91803 56.3878 25 62.26087 56.98022 21.31727 69.52476 46.22288 25 70.13876 34.97454 25 76.37265 35.60928 21.31727 82.53736 46.74971 21.31727 76.77826 22.90642 25 80.81643 23.77575 21.31727 86.68997 10.3014 25 83.36595 11.47946 21.31727 89.15525 -2.54508 25 83.96144 -1.040275 21.31727 89.88523 -15.33191 25 82.58894 -13.53976 21.31727 88.8657 -25.7757 21.31727 86.1165 -37.50996 21.31727 81.69113 -27.75937 25 79.28063 -48.51412 21.31727 75.67574 -39.53617 25 74.11405 -45.33462 25 70.71614 -50.38628 25 67.21029 -58.57401 21.31727 68.18741 -60.05537 25 58.73118 -67.49382 21.31727 59.37188 -68.31683 25 48.87547 -75.09995 21.31727 49.40076 -74.97698 25 37.87416 -79.87975 25 25.98511 -85.8074 21.31727 26.7867 -81.24434 21.31727 38.4681 -82.9102 25 13.48698 -88.70032 21.31727 14.58394 -83.99731 25 0.6727399 -89.86679 21.31727 2.097308 -83.11559 25 -12.15727 -89.2841 21.31727 -10.43014 -86.9636 21.31727 -22.75458 -82.95044 21.31727 -34.63613 -80.28571 25 -24.70233 -77.32276 21.31727 -45.84352 -75.574 25 -36.66838 -70.19007 21.31727 -56.15862 -69.09091 25 -47.77496 -60.98837 25 -57.76174 -61.69121 21.31727 -65.38066 -51.45632 25 -66.39463 -51.99161 21.31727 -73.33014 -40.71819 25 -73.47129 -29.02565 25 -78.82583 -29.76502 21.31727 -84.82028 -41.28005 21.31727 -79.85233 -16.65278 25 -82.33277 -17.67065 21.31727 -88.13731 -3.889573 25 -83.9099 -5.232336 21.31727 -89.73884 8.964798 25 -83.52025 7.307817 21.31727 -89.59371 19.70573 21.31727 -87.70474 31.7201 21.31727 -84.1087 21.60904 25 -81.17296 43.11707 21.31727 -78.87557 33.74678 25 -76.92304 53.67481 21.31727 -72.10723 45.09354 25 -70.87012 50.1571 25 -67.3815 55.38333 25 -63.15605 63.18784 21.31727 -63.93539 64.37499 25 -53.96166 71.47099 21.31727 -54.51913 71.85775 25 -43.50246 77.65623 25 -32.02359 83.72983 21.31727 -32.70707 78.36303 21.31727 -44.04171 81.63451 25 -19.79413 87.46692 21.31727 -20.73583 83.69934 25 -7.100697 89.50157 21.31727 -8.36099 83.80234 25 5.759165 89.79418 21.31727 4.17659 81.94108 25 18.48404 88.33903 21.31727 16.63288 85.16448 21.31727 28.76543 80.33229 21.31727 40.33808 78.15919 25 30.77566 72.54531 25 42.34592 77.86956 16.27702 53.84523 69.61793 16.27702 64.15856 60.01126 16.27702 73.22312 49.23655 16.27702 80.86247 37.5035 16.27702 86.92792 25.0405 16.27702 91.30142 12.0901 16.27702 93.89785 -1.095612 16.27702 94.66666 -14.26 16.27702 93.59289 -27.14684 16.27702 90.69744 -39.50529 16.27702 86.03667 -51.09481 16.27702 79.7013 -61.68984 16.27702 71.81462 -71.08415 16.27702 62.53016 -79.09487 16.27702 52.02862 -85.56611 16.27702 40.5144 -90.37191 16.27702 28.21162 -93.41871 16.27702 15.35972 -94.64723 16.27702 2.208874 -94.03354 16.27702 -10.98497 -91.5896 16.27702 -23.965 -87.36297 16.27702 -36.47859 -81.43592 16.27702 -48.28215 -73.92382 16.27702 -59.14596 -64.97287 16.27702 -68.85857 -54.75729 16.27702 -77.23092 -43.47594 16.27702 -84.10005 -31.34837 16.27702 -89.33228 -18.61063 16.27702 -92.82575 -5.510669 16.27702 -94.51248 7.696555 16.27702 -94.35963 20.75398 16.27702 -92.37017 33.40744 16.27702 -88.58284 45.41067 16.27702 -83.07134 56.53003 16.27702 -75.94295 66.54911 16.27702 -67.33642 75.27287 16.27702 -57.41926 82.53153 16.27702 -46.3845 88.18382 16.27702 -34.44692 92.11971 16.27702 -21.83887 94.26258 16.27702 -8.80575 94.57075 16.27702 4.398763 93.03821 16.27702 17.51766 89.69478 16.27702 30.29559 84.60555 16.27702 42.48386 80.63955 10.2002 55.76062 72.09439 10.2002 66.44082 62.146 10.2002 75.82782 50.98801 10.2002 83.73892 38.83759 10.2002 90.02014 25.93124 10.2002 94.54921 12.52017 10.2002 97.238 -1.134585 10.2002 98.03416 -14.76726 10.2002 96.92219 -28.11251 10.2002 93.92375 -40.91058 10.2002 89.09719 -52.91237 10.2002 82.53644 -63.88428 10.2002 74.36923 -73.61277 10.2002 64.7545 -81.90845 10.2002 53.87939 -88.60989 10.2002 41.95558 -93.58663 10.2002 29.21517 -96.74182 10.2002 15.9061 -98.01403 10.2002 2.287449 -97.37852 10.2002 -11.37573 -94.84764 10.2002 -24.81749 -90.47067 10.2002 -37.77621 -84.33278 10.2002 -49.99966 -76.55345 10.2002 -61.24992 -67.2841 10.2002 -71.30802 -56.70513 10.2002 -79.97819 -45.02247 10.2002 -87.09168 -32.46349 10.2002 -92.51003 -19.27266 10.2002 -96.12777 -5.706696 10.2002 -97.8745 7.970338 10.2002 -97.7162 21.49224 10.2002 -95.65599 34.59582 10.2002 -91.73393 47.02603 10.2002 -86.02637 58.54093 10.2002 -78.64441 68.9164 10.2002 -69.73172 77.9505 10.2002 -59.46179 85.46736 10.2002 -48.0345 91.32071 10.2002 -35.67227 95.39661 10.2002 -22.61573 97.61571 10.2002 -9.11899 97.93484 10.2002 4.555237 96.34778 10.2002 18.1408 92.88542 10.2002 31.37327 87.61515 10.2002 43.9951 82.07009 3.473806 56.74981 73.37335 3.473806 67.61948 63.24847 3.473806 77.17301 51.89253 3.473806 85.22445 39.52656 3.473806 91.6171 26.39126 3.473806 96.22652 12.74228 3.473806 98.963 -1.154713 3.473806 99.77329 -15.02923 3.473806 98.6416 -28.61123 3.473806 95.58995 -41.63633 3.473806 90.67777 -53.85103 3.473806 84.00064 -65.0176 3.473806 75.68853 -74.91866 3.473806 65.90324 -83.36151 3.473806 54.83521 -90.18183 3.473806 42.69988 -95.24686 3.473806 29.73344 -98.45802 3.473806 16.18828 -99.7528 3.473806 2.328028 -99.10601 3.473806 -11.57753 -96.53024 3.473806 -25.25775 -92.07562 3.473806 -38.44636 -85.82884 3.473806 -50.88665 -77.91151 3.473806 -62.33649 -68.47772 3.473806 -72.57302 -57.71108 3.473806 -81.39701 -45.82117 3.473806 -88.63668 -33.0394 3.473806 -94.15116 -19.61455 3.473806 -97.83308 -5.807932 3.473806 -99.61079 8.111733 3.473806 -99.44969 21.87351 3.473806 -97.35292 35.20955 3.473806 -93.36128 47.86027 3.473806 -87.55248 59.57944 3.473806 -80.03956 70.13898 3.473806 -70.96877 79.33333 3.473806 -60.51664 86.98355 3.473806 -48.88663 92.94075 3.473806 -36.3051 97.08894 3.473806 -23.01693 99.34741 3.473806 -9.280761 99.67221 3.473806 4.636046 98.05699 3.473806 18.46262 94.53321 3.473806 31.92984 89.16944 3.473806 44.77558 82.07009 -3.473806 56.74981 73.37335 -3.473806 67.61948 63.24847 -3.473806 77.17301 51.89253 -3.473806 85.22445 39.52656 -3.473806 91.6171 26.39126 -3.473806 96.22652 12.74228 -3.473806 98.963 -1.154713 -3.473806 99.77329 -15.02923 -3.473806 98.6416 -28.61123 -3.473806 95.58995 -41.63633 -3.473806 90.67777 -53.85103 -3.473806 84.00064 -65.0176 -3.473806 75.68853 -74.91866 -3.473806 65.90324 -83.36151 -3.473806 54.83521 -90.18183 -3.473806 42.69988 -95.24686 -3.473806 29.73344 -98.45802 -3.473806 16.18828 -99.7528 -3.473806 2.328028 -99.10601 -3.473806 -11.57753 -96.53024 -3.473806 -25.25775 -92.07562 -3.473806 -38.44636 -85.82884 -3.473806 -50.88665 -77.91151 -3.473806 -62.33649 -68.47772 -3.473806 -72.57302 -57.71108 -3.473806 -81.39701 -45.82117 -3.473806 -88.63668 -33.0394 -3.473806 -94.15116 -19.61455 -3.473806 -97.83308 -5.807932 -3.473806 -99.61079 8.111733 -3.473806 -99.44969 21.87351 -3.473806 -97.35292 35.20955 -3.473806 -93.36128 47.86027 -3.473806 -87.55248 59.57944 -3.473806 -80.03956 70.13898 -3.473806 -70.96877 79.33333 -3.473806 -60.51664 86.98355 -3.473806 -48.88663 92.94075 -3.473806 -36.3051 97.08894 -3.473806 -23.01693 99.34741 -3.473806 -9.280761 99.67221 -3.473806 4.636046 98.05699 -3.473806 18.46262 94.53321 -3.473806 31.92984 89.16944 -3.473806 44.77558 80.63955 -10.2002 55.76062 72.09439 -10.2002 66.44082 62.146 -10.2002 75.82782 50.98801 -10.2002 83.73892 38.83759 -10.2002 90.02014 25.93124 -10.2002 94.54921 12.52017 -10.2002 97.238 -1.134585 -10.2002 98.03416 -14.76726 -10.2002 96.92219 -28.11251 -10.2002 93.92375 -40.91058 -10.2002 89.09719 -52.91237 -10.2002 82.53644 -63.88428 -10.2002 74.36923 -73.61277 -10.2002 64.7545 -81.90845 -10.2002 53.87939 -88.60989 -10.2002 41.95558 -93.58663 -10.2002 29.21517 -96.74182 -10.2002 15.9061 -98.01403 -10.2002 2.287449 -97.37852 -10.2002 -11.37573 -94.84764 -10.2002 -24.81749 -90.47067 -10.2002 -37.77621 -84.33278 -10.2002 -49.99966 -76.55345 -10.2002 -61.24992 -67.2841 -10.2002 -71.30802 -56.70513 -10.2002 -79.97819 -45.02247 -10.2002 -87.09168 -32.46349 -10.2002 -92.51003 -19.27266 -10.2002 -96.12777 -5.706696 -10.2002 -97.8745 7.970338 -10.2002 -97.7162 21.49224 -10.2002 -95.65599 34.59582 -10.2002 -91.73393 47.02603 -10.2002 -86.02637 58.54093 -10.2002 -78.64441 68.9164 -10.2002 -69.73172 77.9505 -10.2002 -59.46179 85.46736 -10.2002 -48.0345 91.32071 -10.2002 -35.67227 95.39661 -10.2002 -22.61573 97.61571 -10.2002 -9.11899 97.93484 -10.2002 4.555237 96.34778 -10.2002 18.1408 92.88542 -10.2002 31.37327 87.61515 -10.2002 43.9951 77.86956 -16.27702 53.84523 69.61793 -16.27702 64.15856 60.01126 -16.27702 73.22312 49.23655 -16.27702 80.86247 37.5035 -16.27702 86.92792 25.0405 -16.27702 91.30142 12.0901 -16.27702 93.89785 -1.095612 -16.27702 94.66666 -14.26 -16.27702 93.59289 -27.14684 -16.27702 90.69744 -39.50529 -16.27702 86.03667 -51.09481 -16.27702 79.7013 -61.68984 -16.27702 71.81462 -71.08415 -16.27702 62.53016 -79.09487 -16.27702 52.02862 -85.56611 -16.27702 40.5144 -90.37191 -16.27702 28.21162 -93.41871 -16.27702 15.35972 -94.64723 -16.27702 2.208874 -94.03354 -16.27702 -10.98497 -91.5896 -16.27702 -23.965 -87.36297 -16.27702 -36.47859 -81.43592 -16.27702 -48.28215 -73.92382 -16.27702 -59.14596 -64.97287 -16.27702 -68.85857 -54.75729 -16.27702 -77.23092 -43.47594 -16.27702 -84.10005 -31.34837 -16.27702 -89.33228 -18.61063 -16.27702 -92.82575 -5.510669 -16.27702 -94.51248 7.696555 -16.27702 -94.35963 20.75398 -16.27702 -92.37017 33.40744 -16.27702 -88.58284 45.41067 -16.27702 -83.07134 56.53003 -16.27702 -75.94295 66.54911 -16.27702 -67.33642 75.27287 -16.27702 -57.41926 82.53153 -16.27702 -46.3845 88.18382 -16.27702 -34.44692 92.11971 -16.27702 -21.83887 94.26258 -16.27702 -8.80575 94.57075 -16.27702 4.398763 93.03821 -16.27702 17.51766 89.69478 -16.27702 30.29559 84.60555 -16.27702 42.48386 73.93653 -21.31727 51.12561 66.10166 -21.31727 60.91803 56.98022 -21.31727 69.52476 46.74971 -21.31727 76.77826 35.60928 -21.31727 82.53736 23.77575 -21.31727 86.68997 11.47946 -21.31727 89.15525 -1.040275 -21.31727 89.88523 -13.53976 -21.31727 88.8657 -25.7757 -21.31727 86.1165 -37.50996 -21.31727 81.69113 -48.51412 -21.31727 75.67574 -58.57401 -21.31727 68.18741 -67.49382 -21.31727 59.37188 -75.09995 -21.31727 49.40076 -81.24434 -21.31727 38.4681 -85.8074 -21.31727 26.7867 -88.70032 -21.31727 14.58394 -89.86679 -21.31727 2.097308 -89.2841 -21.31727 -10.43014 -86.9636 -21.31727 -22.75458 -82.95044 -21.31727 -34.63613 -77.32276 -21.31727 -45.84352 -70.19007 -21.31727 -56.15862 -61.69121 -21.31727 -65.38066 -51.99161 -21.31727 -73.33014 -41.28005 -21.31727 -79.85233 -29.76502 -21.31727 -84.82028 -17.67065 -21.31727 -88.13731 -5.232336 -21.31727 -89.73884 7.307817 -21.31727 -89.59371 19.70573 -21.31727 -87.70474 31.7201 -21.31727 -84.1087 43.11707 -21.31727 -78.87557 53.67481 -21.31727 -72.10723 63.18784 -21.31727 -63.93539 71.47099 -21.31727 -54.51913 78.36303 -21.31727 -44.04171 83.72983 -21.31727 -32.70707 87.46692 -21.31727 -20.73583 89.50157 -21.31727 -8.36099 89.79418 -21.31727 4.17659 88.33903 -21.31727 16.63288 85.16448 -21.31727 28.76543 80.33229 -21.31727 40.33808 -70.3058 25 -33.7801 -64.15584 25 -44.36246 -74.72459 25 -22.36597 -77.30341 25 -10.40111 -77.97877 25 1.819866 -76.73403 25 13.99603 -73.59985 25 25.82756 -68.65339 25 37.02313 -62.01646 25 47.30707 -53.85247 25 56.42615 -44.36246 25 64.15584 -22.36597 25 74.72459 -33.7801 25 70.3058 -10.40111 25 77.30341 1.819866 25 77.97877 13.99603 25 76.73403 25.82756 25 73.59985 32.47636 25 70.91746 42.92125 25 65.12885 37.02313 25 68.65339 52.3601 25 57.81366 47.30707 25 62.01646 60.57168 25 49.14338 56.42615 25 53.85247 64.15584 25 44.36246 67.36351 25 39.32122 70.3058 25 33.7801 72.5764 25 28.5774 74.72459 25 22.36597 76.08815 25 17.16375 77.30341 25 10.40111 77.81646 25 5.347796 77.97877 25 -1.819866 76.73403 25 -13.99603 73.59985 25 -25.82756 68.65339 25 -37.02313 62.01646 25 -47.30707 53.85247 25 -56.42615 44.36246 25 -64.15584 33.7801 25 -70.3058 22.36597 25 -74.72459 10.40111 25 -77.30341 -1.819866 25 -77.97877 -13.99603 25 -76.73403 -25.82756 25 -73.59985 -37.02313 25 -68.65339 -47.30707 25 -62.01646 -56.42615 25 -53.85247 -59.99 24.95965 -41.48187 -65.74062 24.95965 -31.58666 -69.87248 24.95965 -20.91368 -72.28386 24.95965 -9.72573 -72.91536 24.95965 1.701697 -71.75145 24.95965 13.08722 -68.82078 24.95965 24.1505 -64.19551 24.95965 34.6191 -57.98953 24.95965 44.23527 -50.35566 24.95965 52.76222 -41.48187 24.95965 59.99 -31.58666 24.95965 65.74062 -20.91368 24.95965 69.87248 -9.72573 24.95965 72.28386 1.701697 24.95965 72.91536 13.08722 24.95965 71.75145 24.1505 24.95965 68.82078 34.6191 24.95965 64.19551 44.23527 24.95965 57.98953 52.76222 24.95965 50.35566 59.99 24.95965 41.48187 65.74062 24.95965 31.58666 69.87248 24.95965 20.91368 72.28386 24.95965 9.72573 72.91536 24.95965 -1.701697 71.75145 24.95965 -13.08722 68.82078 24.95965 -24.1505 64.19551 24.95965 -34.6191 57.98953 24.95965 -44.23527 50.35566 24.95965 -52.76222 41.48187 24.95965 -59.99 31.58666 24.95965 -65.74062 20.91368 24.95965 -69.87248 9.72573 24.95965 -72.28386 -1.701697 24.95965 -72.91536 -13.08722 24.95965 -71.75145 -24.1505 24.95965 -68.82078 -34.6191 24.95965 -64.19551 -44.23527 24.95965 -57.98953 -52.76222 24.95965 -50.35566 -55.96608 23.64828 -38.69941 -61.33097 23.64828 -29.46794 -65.18569 23.64828 -19.51086 -67.43531 23.64828 -9.073363 -68.02445 23.64828 1.587553 -66.93862 23.64828 12.20938 -64.20452 23.64828 22.53057 -59.8895 23.64828 32.29698 -54.0998 23.64828 41.26813 -46.97798 23.64828 49.22312 -38.69941 23.64828 55.96608 -29.46794 23.64828 61.33097 -19.51086 23.64828 65.18569 -9.073363 23.64828 67.43531 1.587553 23.64828 68.02445 12.20938 23.64828 66.93862 22.53057 23.64828 64.20452 32.29698 23.64828 59.8895 41.26813 23.64828 54.0998 49.22312 23.64828 46.97798 55.96608 23.64828 38.69941 61.33097 23.64828 29.46794 65.18569 23.64828 19.51086 67.43531 23.64828 9.073363 68.02445 23.64828 -1.587553 66.93862 23.64828 -12.20938 64.20452 23.64828 -22.53057 59.8895 23.64828 -32.29698 54.0998 23.64828 -41.26813 46.97798 23.64828 -49.22312 38.69941 23.64828 -55.96608 29.46794 23.64828 -61.33097 19.51086 23.64828 -65.18569 9.073363 23.64828 -67.43531 -1.587553 23.64828 -68.02445 -12.20938 23.64828 -66.93862 -22.53057 23.64828 -64.20452 -32.29698 23.64828 -59.8895 -41.26813 23.64828 -54.0998 -49.22312 23.64828 -46.97798 -52.34216 21.14999 -36.19355 -57.35966 21.14999 -27.55982 -60.96477 21.14999 -18.24749 -63.06873 21.14999 -8.485843 -63.61973 21.14999 1.484755 -62.60419 21.14999 11.41879 -60.04714 21.14999 21.07166 -56.01153 21.14999 30.20568 -50.59672 21.14999 38.59593 -43.93606 21.14999 46.03582 -36.19355 21.14999 52.34216 -27.55982 21.14999 57.35966 -18.24749 21.14999 60.96477 -8.485843 21.14999 63.06873 1.484755 21.14999 63.61973 11.41879 21.14999 62.60419 21.07166 21.14999 60.04714 30.20568 21.14999 56.01153 38.59593 21.14999 50.59672 46.03582 21.14999 43.93606 52.34216 21.14999 36.19355 57.35966 21.14999 27.55982 60.96477 21.14999 18.24749 63.06873 21.14999 8.485843 63.61973 21.14999 -1.484755 62.60419 21.14999 -11.41879 60.04714 21.14999 -21.07166 56.01153 21.14999 -30.20568 50.59672 21.14999 -38.59593 43.93606 21.14999 -46.03582 36.19355 21.14999 -52.34216 27.55982 21.14999 -57.35966 18.24749 21.14999 -60.96477 8.485843 21.14999 -63.06873 -1.484755 21.14999 -63.61973 -11.41879 21.14999 -62.60419 -21.07166 21.14999 -60.04714 -30.20568 21.14999 -56.01153 -38.59593 21.14999 -50.59672 -46.03582 21.14999 -43.93606 -49.35064 17.625 -34.12497 -56.28674 17.625 -20.77987 -57.48045 17.625 -17.20459 -59.98366 17.625 1.399897 -59.68613 17.625 -6.129088 -59.33522 17.625 8.906805 -59.02618 17.625 10.76618 -52.8103 17.625 28.47933 -55.25606 17.625 23.38305 -47.70497 17.625 36.39006 -37.15639 17.625 47.11054 -34.12497 17.625 49.35064 -17.20459 17.625 57.48045 -24.27314 17.625 54.87089 -9.864718 17.625 59.1835 -8.000851 17.625 59.46416 10.76618 17.625 59.02618 5.16354 17.625 59.7774 19.86735 17.625 56.61526 33.32283 17.625 49.89578 36.39006 17.625 47.70497 49.35064 17.625 34.12497 44.6845 17.625 40.04116 53.23849 17.625 27.67061 54.08138 17.625 25.9847 59.46416 17.625 8.000851 58.44731 17.625 13.56141 59.98366 17.625 -1.399897 57.75103 17.625 -16.27325 56.61526 17.625 -19.86735 47.70497 17.625 -36.39006 51.88968 17.625 -30.12409 42.76792 17.625 -42.08213 41.42498 17.625 -43.40473 25.9847 17.625 -54.08138 30.95888 17.625 -51.39599 17.20459 17.625 -57.48045 2.369271 17.625 -59.9532 -1.399897 17.625 -59.98366 -19.86735 17.625 -56.61526 -12.61492 17.625 -58.65888 -26.80647 17.625 -53.6788 -28.47933 17.625 -52.8103 -43.40473 17.625 -41.42498 -39.31367 17.625 -45.32588 -36.39006 17.625 -47.70497 -10.76618 17.625 -59.02618 8.000851 17.625 -59.46416 34.12497 17.625 -49.35064 52.8103 17.625 -28.47933 59.02618 17.625 -10.76618 57.48045 17.625 17.20459 43.40473 17.625 41.42498 28.47933 17.625 52.8103 1.399897 17.625 59.98366 -25.9847 17.625 54.08138 -41.42498 17.625 43.40473 -56.61526 17.625 19.86735 -59.46416 17.625 -8.000851 -54.08138 17.625 -25.9847 -49.35064 13.625 -34.12497 -39.31367 13.625 -45.32588 -26.80647 13.625 -53.6788 -12.61492 13.625 -58.65888 2.369271 13.625 -59.9532 17.20459 13.625 -57.48045 30.95888 13.625 -51.39599 42.76792 13.625 -42.08213 51.88968 13.625 -30.12409 57.75103 13.625 -16.27325 59.98366 13.625 -1.399897 58.44731 13.625 13.56141 53.23849 13.625 27.67061 44.6845 13.625 40.04116 33.32283 13.625 49.89578 19.86735 13.625 56.61526 5.16354 13.625 59.7774 -9.864718 13.625 59.1835 -24.27314 13.625 54.87089 -37.15639 13.625 47.11054 -47.70497 13.625 36.39006 -55.25606 13.625 23.38305 -59.33522 13.625 8.906805 -59.68613 13.625 -6.129088 -56.28674 13.625 -20.77987 -49.70938 13.625 23.53672 -54.10733 13.625 9.868994 -41.92382 13.625 35.60046 9.868994 13.625 54.10733 -4.471291 13.625 54.81795 23.53672 13.625 49.70938 -51.79281 13.625 -18.50687 -45.23809 13.625 -31.28123 -54.81795 13.625 -4.471291 -18.50687 13.625 51.79281 -31.28123 13.625 45.23809 35.60046 13.625 41.92382 45.23809 13.625 31.28123 54.81795 13.625 4.471291 54.10733 13.625 -9.868994 49.70938 13.625 -23.53672 41.92382 13.625 -35.60046 -23.53672 13.625 -49.70938 -35.60046 13.625 -41.92382 31.28123 13.625 -45.23809 18.50687 13.625 -51.79281 4.471291 13.625 -54.81795 -9.868994 13.625 -54.10733 51.79281 13.625 18.50687 51.79281 10.625 18.50687 45.23809 10.625 31.28123 54.81795 10.625 4.471291 54.10733 10.625 -9.868994 49.70938 10.625 -23.53672 41.92382 10.625 -35.60046 31.28123 10.625 -45.23809 18.50687 10.625 -51.79281 4.471291 10.625 -54.81795 -9.868994 10.625 -54.10733 -23.53672 10.625 -49.70938 -35.60046 10.625 -41.92382 -45.23809 10.625 -31.28123 -51.79281 10.625 -18.50687 -54.81795 10.625 -4.471291 -54.10733 10.625 9.868994 -49.70938 10.625 23.53672 -41.92382 10.625 35.60046 -31.28123 10.625 45.23809 -18.50687 10.625 51.79281 -4.471291 10.625 54.81795 9.868994 10.625 54.10733 23.53672 10.625 49.70938 35.60046 10.625 41.92382 -55.90042 -10.625 -29.05414 -61.36967 -10.625 -14.23948 -60.63858 -10.625 17.08691 -54.48416 -10.625 31.6303 -44.90631 -10.625 44.18623 -2.487734 -10.625 62.95086 13.24567 -10.625 61.59182 28.14679 -10.625 56.36273 -51.81818 -10.625 -35.83122 -62.98285 -10.625 1.469892 -32.50683 -10.625 53.96578 -18.06482 -10.625 60.35447 41.27935 -10.625 47.59217 62.67044 -10.625 6.435543 62.30199 -10.625 -9.352147 58.01887 -10.625 -24.5522 50.09021 -10.625 -38.20956 -20.86072 -10.625 -59.44603 -34.98897 -10.625 -52.39057 -46.91873 -10.625 -42.04322 51.81818 -10.625 35.83122 39.01421 -10.625 -49.46606 25.4868 -10.625 -57.61444 10.35795 -10.625 -62.14268 -5.421718 -10.625 -62.76627 59.10108 -10.625 21.81886 41.27935 -16.52534 47.59217 46.91873 -16.52534 42.04322 28.14679 -16.52534 56.36273 34.98897 -16.52534 52.39057 13.24567 -16.52534 61.59182 20.86072 -16.52534 59.44603 5.421718 -16.52534 62.76627 -2.487734 -16.52534 62.95086 -10.35795 -16.52534 62.14268 -18.06482 -16.52534 60.35447 -25.4868 -16.52534 57.61444 -32.50683 -16.52534 53.96578 -44.90631 -16.52534 44.18623 -39.01421 -16.52534 49.46606 -50.09021 -16.52534 38.20956 -54.48416 -16.52534 31.6303 -58.01887 -16.52534 24.5522 -60.63858 -16.52534 17.08691 -62.98285 -16.52534 1.469892 -62.30199 -16.52534 9.352147 -62.67044 -16.52534 -6.435543 -61.36967 -16.52534 -14.23948 -59.10108 -16.52534 -21.81886 -55.90042 -16.52534 -29.05414 -46.91873 -16.52534 -42.04322 -51.81818 -16.52534 -35.83122 -34.98897 -16.52534 -52.39057 -41.27935 -16.52534 -47.59217 -20.86072 -16.52534 -59.44603 -28.14679 -16.52534 -56.36273 -5.421718 -16.52534 -62.76627 -13.24567 -16.52534 -61.59182 10.35795 -16.52534 -62.14268 2.487734 -16.52534 -62.95086 25.4868 -16.52534 -57.61444 18.06482 -16.52534 -60.35447 32.50683 -16.52534 -53.96578 39.01421 -16.52534 -49.46606 44.90631 -16.52534 -44.18623 50.09021 -16.52534 -38.20956 58.01887 -16.52534 -24.5522 54.48416 -16.52534 -31.6303 62.30199 -16.52534 -9.352147 60.63858 -16.52534 -17.08691 62.67044 -16.52534 6.435543 62.98285 -16.52534 -1.469892 59.10108 -16.52534 21.81886 61.36967 -16.52534 14.23948 51.81818 -16.52534 35.83122 55.90042 -16.52534 29.05414 64.11105 -21.80361 33.3216 59.4292 -21.80361 41.09409 63.8629 -22.02122 44.1599 59.6294 -19.90802 30.99227 55.27484 -19.90802 38.22143 67.78182 -21.80361 25.02361 68.89402 -22.02122 35.80755 63.04356 -19.90802 23.27435 70.38362 -21.80361 16.33097 74.21061 -22.02122 22.83314 72.83865 -22.02122 26.89048 65.4635 -19.90802 15.18937 71.87545 -21.80361 7.380792 75.63457 -22.02122 17.54934 66.85103 -19.90802 6.864842 72.23374 -21.80361 -1.685789 77.23768 -22.02122 7.931433 67.18428 -19.90802 -1.567945 71.45287 -21.80361 -10.72578 77.62271 -22.02122 -1.811557 66.458 -19.90802 -9.976005 69.54515 -21.80361 -19.59663 76.78359 -22.02122 -11.52598 64.68363 -19.90802 -18.22674 66.54065 -21.80361 -28.15842 73.83537 -22.02122 -24.01885 74.73354 -22.02122 -21.05863 61.88916 -19.90802 -26.19002 62.48677 -21.80361 -36.27614 71.50489 -22.02122 -30.25917 58.11867 -19.90802 -33.74028 57.44744 -21.80361 -43.82176 67.14858 -22.02122 -38.9825 53.43161 -19.90802 -40.75842 51.50213 -21.80361 -50.67628 61.73328 -22.02122 -47.09106 47.9019 -19.90802 -47.13379 44.74459 -21.80361 -56.73161 55.34442 -22.02122 -54.45697 41.61675 -19.90802 -52.76582 37.28141 -21.80361 -61.89225 48.08275 -22.02122 -60.96405 34.67528 -19.90802 -57.56571 29.23028 -21.80361 -66.07682 36.54452 -22.02122 -68.50595 40.06278 -22.02122 -66.50971 27.18696 -19.90802 -61.45775 20.71817 -21.80361 -69.21931 31.411 -22.02122 -71.00646 19.26988 -19.90802 -64.38057 11.87932 -21.80361 -71.27017 22.26384 -22.02122 -74.38339 11.04891 -19.90802 -66.28807 2.853132 -21.80361 -72.19705 12.76558 -22.02122 -76.58725 2.653685 -19.90802 -67.15016 -6.218057 -21.80361 -71.98535 3.065988 -22.02122 -77.58329 -5.783387 -19.90802 -66.95326 -15.19118 -21.80361 -70.6384 -9.521909 -22.02122 -77.05777 -6.681952 -22.02122 -77.35579 -14.12925 -19.90802 -65.70046 -23.92473 -21.80361 -68.17743 -16.32452 -22.02122 -75.90835 -22.25229 -19.90802 -63.41152 -32.28098 -21.80361 -64.64127 -25.70963 -22.02122 -73.26379 -30.0244 -19.90802 -60.12255 -40.12813 -21.80361 -60.08567 -34.68929 -22.02122 -69.46381 -37.323 -19.90802 -55.88542 -47.34244 -21.80361 -54.58249 -43.12187 -22.02122 -64.56835 -44.03299 -19.90802 -50.76693 -53.81013 -21.80361 -48.21851 -50.8744 -22.02122 -58.6546 -50.04856 -19.90802 -44.84782 -59.4292 -21.80361 -41.09409 -60.2951 -22.02122 -48.91899 -57.82461 -22.02122 -51.81583 -55.27484 -19.90802 -38.22143 -64.11105 -21.80361 -33.3216 -63.8629 -22.02122 -44.1599 -59.6294 -19.90802 -30.99227 -67.78182 -21.80361 -25.02361 -68.89402 -22.02122 -35.80755 -63.04356 -19.90802 -23.27435 -70.38362 -21.80361 -16.33097 -72.83865 -22.02122 -26.89048 -65.4635 -19.90802 -15.18937 -71.87545 -21.80361 -7.380792 -75.63457 -22.02122 -17.54934 -66.85103 -19.90802 -6.864842 -72.23374 -21.80361 1.685789 -77.46115 -22.02122 -5.323378 -77.23768 -22.02122 -7.931433 -67.18428 -19.90802 1.567945 -71.45287 -21.80361 10.72578 -77.62271 -22.02122 1.811557 -66.458 -19.90802 9.976005 -69.54515 -21.80361 19.59663 -76.78359 -22.02122 11.52598 -64.68363 -19.90802 18.22674 -66.54065 -21.80361 28.15842 -74.73354 -22.02122 21.05863 -61.88916 -19.90802 26.19002 -62.48677 -21.80361 36.27614 -71.50489 -22.02122 30.25917 -58.11867 -19.90802 33.74028 -57.44744 -21.80361 43.82176 -67.14858 -22.02122 38.9825 -53.43161 -19.90802 40.75842 -51.50213 -21.80361 50.67628 -59.50383 -22.02122 49.87846 -61.73328 -22.02122 47.09106 -47.9019 -19.90802 47.13379 -44.74459 -21.80361 56.73161 -55.34442 -22.02122 54.45697 -41.61675 -19.90802 52.76582 -37.28141 -21.80361 61.89225 -48.08275 -22.02122 60.96405 -34.67528 -19.90802 57.56571 -29.23028 -21.80361 66.07682 -40.06278 -22.02122 66.50971 -27.18696 -19.90802 61.45775 -20.71817 -21.80361 69.21931 -31.411 -22.02122 71.00646 -19.26988 -19.90802 64.38057 -11.87932 -21.80361 71.27017 -22.26384 -22.02122 74.38339 -11.04891 -19.90802 66.28807 -2.853132 -21.80361 72.19705 -8.286445 -22.02122 77.2004 -12.76558 -22.02122 76.58725 -2.653685 -19.90802 67.15016 6.218057 -21.80361 71.98535 -3.065988 -22.02122 77.58329 5.783387 -19.90802 66.95326 15.19118 -21.80361 70.6384 6.681952 -22.02122 77.35579 14.12925 -19.90802 65.70046 23.92473 -21.80361 68.17743 16.32452 -22.02122 75.90835 22.25229 -19.90802 63.41152 32.28098 -21.80361 64.64127 25.70963 -22.02122 73.26379 30.0244 -19.90802 60.12255 40.12813 -21.80361 60.08567 37.6371 -22.02122 67.91182 34.68929 -22.02122 69.46381 37.323 -19.90802 55.88542 47.34244 -21.80361 54.58249 43.12187 -22.02122 64.56835 44.03299 -19.90802 50.76693 53.81013 -21.80361 48.21851 50.8744 -22.02122 58.6546 50.04856 -19.90802 44.84782 57.82461 -22.02122 51.81583 68.65039 -21.92892 47.47036 60.59952 -21.92892 57.39346 40.45858 -21.92892 73.00284 51.12825 -21.92892 65.97131 28.84059 -21.92892 78.32325 16.5466 -21.92892 81.80783 -8.90764 -21.92892 82.98774 -2.819404 -21.92892 83.4168 3.864773 -21.92892 83.3749 -21.47126 -21.92892 80.65541 -14.66215 -21.92892 82.16649 -33.53162 -21.92892 76.4326 -44.80603 -21.92892 70.41826 -63.96454 -21.92892 53.61761 -55.03022 -21.92892 62.75337 -71.3996 -21.92892 43.22509 -77.1611 -21.92892 31.81942 -81.11402 -21.92892 19.66792 -83.26803 -21.92892 -5.722445 -83.16569 -21.92892 7.055424 -81.41864 -21.92892 -18.36619 -74.70737 -21.92892 -37.21721 -77.66086 -21.92892 -30.57944 -72.08278 -21.92892 -42.07593 -68.65039 -21.92892 -47.47036 -56.02828 -21.92892 -61.8639 -64.81513 -21.92892 -52.58621 -61.19589 -21.92892 -56.75715 -45.92817 -21.92892 -69.69156 -34.75155 -21.92892 -75.88571 -10.23572 -21.92892 -82.83442 -22.76038 -21.92892 -80.30117 2.528853 -21.92892 -83.42611 15.23415 -21.92892 -82.06237 27.58238 -21.92892 -78.77515 39.28409 -21.92892 -73.64151 50.06502 -21.92892 -66.78177 59.67247 -21.92892 -58.35672 71.69896 -21.92892 -42.72669 67.88125 -21.92892 -48.56385 74.49894 -21.92892 -37.63268 77.04981 -21.92892 -32.08797 82.38158 -21.92892 -13.40099 79.37045 -21.92892 -25.81943 83.46176 -21.92892 -0.6684507 82.58566 -21.92892 12.07976 79.77382 -21.92892 24.54483 75.09216 -21.92892 36.43459 65.2789 -18.09423 60.544 55.99814 -18.09423 69.21791 45.57743 -18.09423 76.48274 34.22889 -18.09423 82.1906 22.18355 -18.09423 86.2253 9.686613 -18.09423 88.50469 -3.007515 -18.09423 88.98239 -15.64042 -18.09423 87.64867 -27.95493 -18.09423 84.53067 -39.70035 -18.09423 79.69187 -50.63759 -18.09423 73.23077 -60.544 -18.09423 65.2789 -69.21791 -18.09423 55.99814 -82.1906 -18.09423 34.22889 -76.48274 -18.09423 45.57743 -86.2253 -18.09423 22.18355 -88.50469 -18.09423 9.686613 -88.98239 -18.09423 -3.007515 -87.64867 -18.09423 -15.64042 -84.53067 -18.09423 -27.95493 -79.69187 -18.09423 -39.70035 -73.23077 -18.09423 -50.63759 -65.2789 -18.09423 -60.544 -55.99814 -18.09423 -69.21791 -45.57743 -18.09423 -76.48274 -34.22889 -18.09423 -82.1906 -22.18355 -18.09423 -86.2253 3.007515 -18.09423 -88.98239 -9.686613 -18.09423 -88.50469 15.64042 -18.09423 -87.64867 27.95493 -18.09423 -84.53067 39.70035 -18.09423 -79.69187 50.63759 -18.09423 -73.23077 60.544 -18.09423 -65.2789 69.21791 -18.09423 -55.99814 76.48274 -18.09423 -45.57743 82.1906 -18.09423 -34.22889 86.2253 -18.09423 -22.18355 88.50469 -18.09423 -9.686613 88.98239 -18.09423 3.007515 87.64867 -18.09423 15.64042 84.53067 -18.09423 27.95493 73.23077 -18.09423 50.63759 79.69187 -18.09423 39.70035 68.43929 -12.88496 63.47515 58.70921 -12.88496 72.569 47.784 -12.88496 80.18554 35.88603 -12.88496 86.16974 23.25753 -12.88496 90.39977 10.15557 -12.88496 92.78952 -3.15312 -12.88496 93.29035 -16.39763 -12.88496 91.89205 -29.30832 -12.88496 88.6231 -41.62239 -12.88496 83.55003 -53.08914 -12.88496 76.77613 -63.47515 -12.88496 68.43929 -72.569 -12.88496 58.70921 -80.18554 -12.88496 47.784 -86.16974 -12.88496 35.88603 -90.39977 -12.88496 23.25753 -92.78952 -12.88496 10.15557 -93.29035 -12.88496 -3.15312 -91.89205 -12.88496 -16.39763 -88.6231 -12.88496 -29.30832 -83.55003 -12.88496 -41.62239 -76.77613 -12.88496 -53.08914 -68.43929 -12.88496 -63.47515 -58.70921 -12.88496 -72.569 -47.784 -12.88496 -80.18554 -35.88603 -12.88496 -86.16974 -23.25753 -12.88496 -90.39977 -10.15557 -12.88496 -92.78952 3.15312 -12.88496 -93.29035 16.39763 -12.88496 -91.89205 29.30832 -12.88496 -88.6231 41.62239 -12.88496 -83.55003 53.08914 -12.88496 -76.77613 63.47515 -12.88496 -68.43929 72.569 -12.88496 -58.70921 80.18554 -12.88496 -47.784 86.16974 -12.88496 -35.88603 90.39977 -12.88496 -23.25753 92.78952 -12.88496 -10.15557 93.29035 -12.88496 3.15312 91.89205 -12.88496 16.39763 88.6231 -12.88496 29.30832 83.55003 -12.88496 41.62239 76.77613 -12.88496 53.08914 70.43695 -6.696854 65.32792 60.42287 -6.696854 74.6872 49.17875 -6.696854 82.52606 36.9335 -6.696854 88.68493 23.93639 -6.696854 93.03843 10.452 -6.696854 95.49794 -3.245155 -6.696854 96.01338 -16.87625 -6.696854 94.57427 -30.1638 -6.696854 91.2099 -42.83729 -6.696854 85.98876 -54.63875 -6.696854 79.01714 -65.32792 -6.696854 70.43695 -74.6872 -6.696854 60.42287 -82.52606 -6.696854 49.17875 -88.68493 -6.696854 36.9335 -93.03843 -6.696854 23.93639 -95.49794 -6.696854 10.452 -96.01338 -6.696854 -3.245155 -94.57427 -6.696854 -16.87625 -91.2099 -6.696854 -30.1638 -85.98876 -6.696854 -42.83729 -79.01714 -6.696854 -54.63875 -70.43695 -6.696854 -65.32792 -60.42287 -6.696854 -74.6872 -49.17875 -6.696854 -82.52606 -36.9335 -6.696854 -88.68493 -23.93639 -6.696854 -93.03843 -10.452 -6.696854 -95.49794 3.245155 -6.696854 -96.01338 16.87625 -6.696854 -94.57427 30.1638 -6.696854 -91.2099 42.83729 -6.696854 -85.98876 54.63875 -6.696854 -79.01714 65.32792 -6.696854 -70.43695 74.6872 -6.696854 -60.42287 82.52606 -6.696854 -49.17875 88.68493 -6.696854 -36.9335 93.03843 -6.696854 -23.93639 95.49794 -6.696854 -10.452 96.01338 -6.696854 3.245155 94.57427 -6.696854 16.87625 91.2099 -6.696854 30.1638 85.98876 -6.696854 42.83729 79.01714 -6.696854 54.63875 71.12014 0 65.96156 61.00893 0 75.41161 49.65575 0 83.3265 37.29173 0 89.54512 24.16856 0 93.94084 10.55338 0 96.4242 -3.276631 0 96.94464 -17.03994 0 95.49157 -30.45637 0 92.09457 -43.25279 0 86.82279 -55.16871 0 79.78354 -65.96156 0 71.12014 -75.41161 0 61.00893 -83.3265 0 49.65575 -89.54512 0 37.29173 -93.94084 0 24.16856 -96.4242 0 10.55338 -96.94464 0 -3.276631 -95.49157 0 -17.03994 -92.09457 0 -30.45637 -86.82279 0 -43.25279 -79.78354 0 -55.16871 -71.12014 0 -65.96156 -61.00893 0 -75.41161 -49.65575 0 -83.3265 -37.29173 0 -89.54512 -24.16856 0 -93.94084 -10.55338 0 -96.4242 3.276631 0 -96.94464 17.03994 0 -95.49157 30.45637 0 -92.09457 43.25279 0 -86.82279 55.16871 0 -79.78354 65.96156 0 -71.12014 75.41161 0 -61.00893 83.3265 0 -49.65575 89.54512 0 -37.29173 93.94084 0 -24.16856 96.4242 0 -10.55338 96.94464 0 3.276631 95.49157 0 17.03994 92.09457 0 30.45637 86.82279 0 43.25279 79.78354 0 55.16871 70.43695 6.696854 65.32792 60.42287 6.696854 74.6872 49.17875 6.696854 82.52606 36.9335 6.696854 88.68493 23.93639 6.696854 93.03843 10.452 6.696854 95.49794 -3.245155 6.696854 96.01338 -16.87625 6.696854 94.57427 -30.1638 6.696854 91.2099 -42.83729 6.696854 85.98876 -54.63875 6.696854 79.01714 -65.32792 6.696854 70.43695 -74.6872 6.696854 60.42287 -82.52606 6.696854 49.17875 -88.68493 6.696854 36.9335 -93.03843 6.696854 23.93639 -95.49794 6.696854 10.452 -96.01338 6.696854 -3.245155 -94.57427 6.696854 -16.87625 -91.2099 6.696854 -30.1638 -85.98876 6.696854 -42.83729 -79.01714 6.696854 -54.63875 -70.43695 6.696854 -65.32792 -60.42287 6.696854 -74.6872 -49.17875 6.696854 -82.52606 -36.9335 6.696854 -88.68493 -23.93639 6.696854 -93.03843 -10.452 6.696854 -95.49794 3.245155 6.696854 -96.01338 16.87625 6.696854 -94.57427 30.1638 6.696854 -91.2099 42.83729 6.696854 -85.98876 54.63875 6.696854 -79.01714 65.32792 6.696854 -70.43695 74.6872 6.696854 -60.42287 82.52606 6.696854 -49.17875 88.68493 6.696854 -36.9335 93.03843 6.696854 -23.93639 95.49794 6.696854 -10.452 96.01338 6.696854 3.245155 94.57427 6.696854 16.87625 91.2099 6.696854 30.1638 85.98876 6.696854 42.83729 79.01714 6.696854 54.63875 68.43929 12.88496 63.47515 58.70921 12.88496 72.569 47.784 12.88496 80.18554 35.88603 12.88496 86.16974 23.25753 12.88496 90.39977 10.15557 12.88496 92.78952 -3.15312 12.88496 93.29035 -16.39763 12.88496 91.89205 -29.30832 12.88496 88.6231 -41.62239 12.88496 83.55003 -53.08914 12.88496 76.77613 -63.47515 12.88496 68.43929 -72.569 12.88496 58.70921 -80.18554 12.88496 47.784 -86.16974 12.88496 35.88603 -90.39977 12.88496 23.25753 -92.78952 12.88496 10.15557 -93.29035 12.88496 -3.15312 -91.89205 12.88496 -16.39763 -88.6231 12.88496 -29.30832 -83.55003 12.88496 -41.62239 -76.77613 12.88496 -53.08914 -68.43929 12.88496 -63.47515 -58.70921 12.88496 -72.569 -47.784 12.88496 -80.18554 -35.88603 12.88496 -86.16974 -23.25753 12.88496 -90.39977 -10.15557 12.88496 -92.78952 3.15312 12.88496 -93.29035 16.39763 12.88496 -91.89205 29.30832 12.88496 -88.6231 41.62239 12.88496 -83.55003 53.08914 12.88496 -76.77613 63.47515 12.88496 -68.43929 72.569 12.88496 -58.70921 80.18554 12.88496 -47.784 86.16974 12.88496 -35.88603 90.39977 12.88496 -23.25753 92.78952 12.88496 -10.15557 93.29035 12.88496 3.15312 91.89205 12.88496 16.39763 88.6231 12.88496 29.30832 83.55003 12.88496 41.62239 76.77613 12.88496 53.08914 65.2789 18.09423 60.544 55.99814 18.09423 69.21791 45.57743 18.09423 76.48274 34.22889 18.09423 82.1906 22.18355 18.09423 86.2253 9.686613 18.09423 88.50469 -3.007515 18.09423 88.98239 -15.64042 18.09423 87.64867 -27.95493 18.09423 84.53067 -39.70035 18.09423 79.69187 -50.63759 18.09423 73.23077 -60.544 18.09423 65.2789 -69.21791 18.09423 55.99814 -76.48274 18.09423 45.57743 -82.1906 18.09423 34.22889 -86.2253 18.09423 22.18355 -88.50469 18.09423 9.686613 -88.98239 18.09423 -3.007515 -87.64867 18.09423 -15.64042 -84.53067 18.09423 -27.95493 -79.69187 18.09423 -39.70035 -73.23077 18.09423 -50.63759 -65.2789 18.09423 -60.544 -55.99814 18.09423 -69.21791 -45.57743 18.09423 -76.48274 -34.22889 18.09423 -82.1906 -22.18355 18.09423 -86.2253 -9.686613 18.09423 -88.50469 3.007515 18.09423 -88.98239 15.64042 18.09423 -87.64867 27.95493 18.09423 -84.53067 39.70035 18.09423 -79.69187 50.63759 18.09423 -73.23077 60.544 18.09423 -65.2789 69.21791 18.09423 -55.99814 76.48274 18.09423 -45.57743 82.1906 18.09423 -34.22889 86.2253 18.09423 -22.18355 88.50469 18.09423 -9.686613 88.98239 18.09423 3.007515 87.64867 18.09423 15.64042 84.53067 18.09423 27.95493 79.69187 18.09423 39.70035 73.23077 18.09423 50.63759 64.81513 21.92892 52.58621 61.19589 21.92892 56.75715 52.49562 21.92892 64.88853 42.72669 21.92892 71.69896 32.08797 21.92892 77.04981 20.79603 21.92892 80.83215 9.080742 21.92892 82.96898 -2.819404 21.92892 83.4168 -14.66215 21.92892 82.16649 -26.20643 21.92892 79.24352 -37.21721 21.92892 74.70737 -47.47036 21.92892 68.65039 -56.75715 21.92892 61.19589 -64.88853 21.92892 52.49562 -71.69896 21.92892 42.72669 -77.04981 21.92892 32.08797 -74.49894 21.92892 37.63268 -80.83215 21.92892 20.79603 -82.96898 21.92892 9.080742 -83.4168 21.92892 -2.819404 -82.16649 21.92892 -14.66215 -79.24352 21.92892 -26.20643 -74.70737 21.92892 -37.21721 -68.65039 21.92892 -47.47036 -61.19589 21.92892 -56.75715 -52.49562 21.92892 -64.88853 -42.72669 21.92892 -71.69896 -32.08797 21.92892 -77.04981 -20.79603 21.92892 -80.83215 -9.080742 21.92892 -82.96898 2.819404 21.92892 -83.4168 8.90764 21.92892 -82.98774 14.66215 21.92892 -82.16649 26.20643 21.92892 -79.24352 37.21721 21.92892 -74.70737 47.47036 21.92892 -68.65039 56.75715 21.92892 -61.19589 64.88853 21.92892 -52.49562 71.69896 21.92892 -42.72669 77.04981 21.92892 -32.08797 80.83215 21.92892 -20.79603 82.96898 21.92892 -9.080742 83.4168 21.92892 2.819404 82.16649 21.92892 14.66215 79.24352 21.92892 26.20643 74.70737 21.92892 37.21721 68.65039 21.92892 47.47036 72.08278 21.92892 42.07593 46.91873 10.625 42.04322 34.98897 10.625 52.39057 51.81818 10.625 35.83122 20.86072 10.625 59.44603 -62.67044 10.625 -6.435543 -59.10108 10.625 -21.81886 -51.81818 10.625 -35.83122 5.421718 10.625 62.76627 -10.35795 10.625 62.14268 -25.4868 10.625 57.61444 -39.01421 10.625 49.46606 -41.27935 10.625 -47.59217 -50.09021 10.625 38.20956 -58.01887 10.625 24.5522 -62.30199 10.625 9.352147 -28.14679 10.625 -56.36273 -13.24567 10.625 -61.59182 2.487734 10.625 -62.95086 18.06482 10.625 -60.35447 54.48416 10.625 -31.6303 60.63858 10.625 -17.08691 62.98285 10.625 -1.469892 61.36967 10.625 14.23948 32.50683 10.625 -53.96578 44.90631 10.625 -44.18623 55.90042 10.625 29.05414 -55.90042 16.52534 -29.05414 -59.10108 16.52534 -21.81886 -62.67044 16.52534 -6.435543 -61.36967 16.52534 -14.23948 -62.30199 16.52534 9.352147 -62.98285 16.52534 1.469892 -60.63858 16.52534 17.08691 -58.01887 16.52534 24.5522 -54.48416 16.52534 31.6303 -50.09021 16.52534 38.20956 -44.90631 16.52534 44.18623 -39.01421 16.52534 49.46606 -25.4868 16.52534 57.61444 -32.50683 16.52534 53.96578 -18.06482 16.52534 60.35447 -10.35795 16.52534 62.14268 -2.487734 16.52534 62.95086 5.421718 16.52534 62.76627 20.86072 16.52534 59.44603 13.24567 16.52534 61.59182 28.14679 16.52534 56.36273 34.98897 16.52534 52.39057 41.27935 16.52534 47.59217 46.91873 16.52534 42.04322 55.90042 16.52534 29.05414 51.81818 16.52534 35.83122 61.36967 16.52534 14.23948 59.10108 16.52534 21.81886 62.98285 16.52534 -1.469892 62.67044 16.52534 6.435543 60.63858 16.52534 -17.08691 62.30199 16.52534 -9.352147 54.48416 16.52534 -31.6303 58.01887 16.52534 -24.5522 50.09021 16.52534 -38.20956 44.90631 16.52534 -44.18623 39.01421 16.52534 -49.46606 32.50683 16.52534 -53.96578 25.4868 16.52534 -57.61444 18.06482 16.52534 -60.35447 2.487734 16.52534 -62.95086 10.35795 16.52534 -62.14268 -13.24567 16.52534 -61.59182 -5.421718 16.52534 -62.76627 -28.14679 16.52534 -56.36273 -20.86072 16.52534 -59.44603 -34.98897 16.52534 -52.39057 -41.27935 16.52534 -47.59217 -51.81818 16.52534 -35.83122 -46.91873 16.52534 -42.04322 -63.8629 22.02122 -44.1599 -56.37347 22.02122 -53.39099 -53.81013 21.80361 -48.21851 -50.04856 19.90802 -44.84782 -55.27484 19.90802 -38.22143 -59.4292 21.80361 -41.09409 -47.34244 21.80361 -54.58249 -44.03299 19.90802 -50.76693 -40.12813 21.80361 -60.08567 -47.5627 22.02122 -61.37064 -50.8744 22.02122 -58.6546 -37.323 19.90802 -55.88542 -43.12187 22.02122 -64.56835 -37.6371 22.02122 -67.91182 -32.28098 21.80361 -64.64127 -30.0244 19.90802 -60.12255 -34.68929 22.02122 -69.46381 -26.82932 22.02122 -72.8612 -22.25229 19.90802 -63.41152 -15.39268 22.02122 -76.10278 -15.19118 21.80361 -70.6384 -23.92473 21.80361 -68.17743 -14.12925 19.90802 -65.70046 -6.218057 21.80361 -71.98535 -5.783387 19.90802 -66.95326 2.853132 21.80361 -72.19705 -3.595255 22.02122 -77.56056 -6.681952 22.02122 -77.35579 2.653685 19.90802 -67.15016 3.065988 22.02122 -77.58329 8.286445 22.02122 -77.2004 11.87932 21.80361 -71.27017 11.04891 19.90802 -66.28807 12.76558 22.02122 -76.58725 19.97392 22.02122 -75.03073 19.26988 19.90802 -64.38057 31.19322 22.02122 -71.1024 29.23028 21.80361 -66.07682 20.71817 21.80361 -69.21931 27.18696 19.90802 -61.45775 41.68137 22.02122 -65.50748 37.28141 21.80361 -61.89225 34.67528 19.90802 -57.56571 44.74459 21.80361 -56.73161 41.61675 19.90802 -52.76582 51.50213 21.80361 -50.67628 51.19256 22.02122 -58.37713 48.08275 22.02122 -60.96405 47.9019 19.90802 -47.13379 55.34442 22.02122 -54.45697 59.50383 22.02122 -49.87846 57.44744 21.80361 -43.82176 53.43161 19.90802 -40.75842 61.73328 22.02122 -47.09106 66.42038 22.02122 -40.21069 58.11867 19.90802 -33.74028 71.7801 22.02122 -29.60042 66.54065 21.80361 -28.15842 62.48677 21.80361 -36.27614 61.88916 19.90802 -26.19002 69.54515 21.80361 -19.59663 64.68363 19.90802 -18.22674 71.45287 21.80361 -10.72578 75.45735 22.02122 -18.29633 74.73354 22.02122 -21.05863 66.458 19.90802 -9.976005 76.78359 22.02122 -11.52598 77.36595 22.02122 -6.563398 72.23374 21.80361 -1.685789 67.18428 19.90802 -1.567945 77.62271 22.02122 -1.811557 77.46115 22.02122 5.323378 66.85103 19.90802 6.864842 75.74073 22.02122 17.08538 70.38362 21.80361 16.33097 71.87545 21.80361 7.380792 65.4635 19.90802 15.18937 72.24501 22.02122 28.44691 67.78182 21.80361 25.02361 63.04356 19.90802 23.27435 64.11105 21.80361 33.3216 59.6294 19.90802 30.99227 59.4292 21.80361 41.09409 67.05592 22.02122 39.14167 68.89402 22.02122 35.80755 55.27484 19.90802 38.22143 63.8629 22.02122 44.1599 60.2951 22.02122 48.91899 53.81013 21.80361 48.21851 50.04856 19.90802 44.84782 57.82461 22.02122 51.81583 52.12102 22.02122 57.54968 44.03299 19.90802 50.76693 42.72527 22.02122 64.83146 40.12813 21.80361 60.08567 47.34244 21.80361 54.58249 37.323 19.90802 55.88542 32.32807 22.02122 70.59365 32.28098 21.80361 64.64127 30.0244 19.90802 60.12255 23.92473 21.80361 68.17743 22.25229 19.90802 63.41152 15.19118 21.80361 70.6384 21.17313 22.02122 74.70117 25.70963 22.02122 73.26379 14.12925 19.90802 65.70046 16.32452 22.02122 75.90835 9.521909 22.02122 77.05777 6.218057 21.80361 71.98535 5.783387 19.90802 66.95326 6.681952 22.02122 77.35579 -2.352498 22.02122 77.6082 -2.653685 19.90802 67.15016 -14.17176 22.02122 76.33956 -11.87932 21.80361 71.27017 -11.04891 19.90802 66.28807 -2.853132 21.80361 72.19705 -20.71817 21.80361 69.21931 -19.26988 19.90802 64.38057 -29.23028 21.80361 66.07682 -25.65886 22.02122 73.28158 -22.26384 22.02122 74.38339 -27.18696 19.90802 61.45775 -31.411 22.02122 71.00646 -36.54452 22.02122 68.50595 -37.28141 21.80361 61.89225 -34.67528 19.90802 57.56571 -40.06278 22.02122 66.50971 -46.57362 22.02122 62.12459 -41.61675 19.90802 52.76582 -55.51107 22.02122 54.28709 -51.50213 21.80361 50.67628 -44.74459 21.80361 56.73161 -47.9019 19.90802 47.13379 -63.14739 22.02122 45.17714 -57.44744 21.80361 43.82176 -53.43161 19.90802 40.75842 -62.48677 21.80361 36.27614 -58.11867 19.90802 33.74028 -66.54065 21.80361 28.15842 -69.30359 22.02122 35.00828 -67.14858 22.02122 38.9825 -61.88916 19.90802 26.19002 -71.50489 22.02122 30.25917 -73.83537 22.02122 24.01885 -69.54515 21.80361 19.59663 -64.68363 19.90802 18.22674 -74.73354 22.02122 21.05863 -76.63652 22.02122 12.46644 -66.458 19.90802 9.976005 -77.64136 22.02122 0.6218348 -72.23374 21.80361 1.685789 -67.18428 19.90802 1.567945 -71.45287 21.80361 10.72578 -71.87545 21.80361 -7.380792 -66.85103 19.90802 -6.864842 -70.38362 21.80361 -16.33097 -76.82636 22.02122 -11.23735 -77.23768 22.02122 -7.931433 -65.4635 19.90802 -15.18937 -75.63457 22.02122 -17.54934 -74.21061 22.02122 -22.83314 -67.78182 21.80361 -25.02361 -63.04356 19.90802 -23.27435 -72.83865 22.02122 -26.89048 -69.85543 22.02122 -33.89374 -59.6294 19.90802 -30.99227 -64.11105 21.80361 -33.3216 32.48213 -12 -44.50754 38.01364 -12 -39.887 37.59387 -13.4597 -40.28289 38.01364 -13.4597 -39.887 26.39484 -12 -48.36654 32.24864 -13.4597 -44.677 26.39484 -13.4597 -48.36654 42.89473 -12 -34.58399 47.04187 -12 -28.68923 46.43074 -13.4597 -29.66811 47.04187 -13.4597 -28.68923 42.34621 -13.4597 -35.25348 50.38412 -12 -22.3036 52.86428 -12 -15.53634 52.35019 -13.4597 -17.18918 52.86428 -13.4597 -15.53634 49.78302 -13.4597 -23.61486 54.43992 -12 -8.503248 55.08407 -12 -1.324666 54.98028 -13.4597 -3.630186 55.08407 -13.4597 -1.324666 54.09177 -13.4597 -10.49242 54.78572 -12 5.876581 53.54998 -12 12.97728 54.15577 -13.4597 10.1569 53.54998 -13.4597 12.97728 55.00173 -13.4597 3.289296 51.39797 -12 19.85593 48.36654 -12 26.39484 49.92845 -13.4597 23.3058 48.36654 -13.4597 26.39484 52.45574 -13.4597 16.86433 39.887 -12 38.01364 39.887 -13.4597 38.01364 42.56393 -13.4597 34.9903 44.50754 -12 32.48213 46.61375 -13.4597 29.37972 28.68923 -12 47.04187 28.68923 -13.4597 47.04187 32.52498 -13.4597 44.47624 34.58399 -12 42.89473 37.84286 -13.4597 40.04907 15.53634 -12 52.86428 15.53634 -13.4597 52.86428 20.44235 -13.4597 51.16757 22.3036 -12 50.38412 26.69416 -13.4597 48.20199 1.324666 -12 55.08407 1.324666 -13.4597 55.08407 7.075263 -13.4597 54.64385 8.503248 -12 54.43992 13.86816 -13.4597 53.3262 -12.97728 -12 53.54998 -12.97728 -13.4597 53.54998 -6.736393 -13.4597 54.68666 -5.876581 -12 54.78572 0.1707816 -13.4597 55.09973 -26.39484 -12 48.36654 -26.39484 -13.4597 48.36654 -20.12478 -13.4597 51.29331 -19.85593 -12 51.39797 -13.53733 -13.4597 53.41115 -32.48213 -12 44.50754 -38.01364 -12 39.887 -37.59387 -13.4597 40.28289 -38.01364 -13.4597 39.887 -32.24864 -13.4597 44.677 -42.89473 -12 34.58399 -47.04187 -12 28.68923 -46.43074 -13.4597 29.66811 -47.04187 -13.4597 28.68923 -42.34621 -13.4597 35.25348 -50.38412 -12 22.3036 -52.86428 -12 15.53634 -52.35019 -13.4597 17.18918 -52.86428 -13.4597 15.53634 -49.78302 -13.4597 23.61486 -54.43992 -12 8.503248 -55.08407 -12 1.324666 -54.98028 -13.4597 3.630186 -55.08407 -13.4597 1.324666 -54.09177 -13.4597 10.49242 -54.78572 -12 -5.876581 -53.54998 -12 -12.97728 -54.15577 -13.4597 -10.1569 -53.54998 -13.4597 -12.97728 -55.00173 -13.4597 -3.289296 -51.39797 -12 -19.85593 -48.36654 -12 -26.39484 -49.92845 -13.4597 -23.3058 -48.36654 -13.4597 -26.39484 -52.45574 -13.4597 -16.86433 -39.887 -12 -38.01364 -39.887 -13.4597 -38.01364 -42.56393 -13.4597 -34.9903 -44.50754 -12 -32.48213 -46.61375 -13.4597 -29.37972 -28.68923 -12 -47.04187 -28.68923 -13.4597 -47.04187 -32.52498 -13.4597 -44.47624 -34.58399 -12 -42.89473 -37.84286 -13.4597 -40.04907 -15.53634 -12 -52.86428 -15.53634 -13.4597 -52.86428 -20.44235 -13.4597 -51.16757 -22.3036 -12 -50.38412 -26.69416 -13.4597 -48.20199 -1.324666 -12 -55.08407 -1.324666 -13.4597 -55.08407 -7.075263 -13.4597 -54.64385 -8.503248 -12 -54.43992 -13.86816 -13.4597 -53.3262 12.97728 -12 -53.54998 12.97728 -13.4597 -53.54998 6.736393 -13.4597 -54.68666 5.876581 -12 -54.78572 -0.1707816 -13.4597 -55.09973 20.12478 -13.4597 -51.29331 19.85593 -12 -51.39797 13.53733 -13.4597 -53.41115 26.25454 -11.29289 -48.10944 25.91581 -11 -47.48875 31.89262 -11 -43.69978 32.30947 -11.29289 -44.27095 37.32374 -11 -39.1631 37.81157 -11.29289 -39.67498 42.11624 -11 -33.95633 42.66671 -11.29289 -34.40015 46.18812 -11 -28.16856 46.79182 -11.29289 -28.53673 49.46971 -11 -21.89881 50.11629 -11.29289 -22.18504 51.90486 -11 -15.25437 52.58327 -11.29289 -15.45375 53.4519 -11 -8.348924 54.15053 -11.29289 -8.458047 54.08436 -11 -1.300625 54.79127 -11.29289 -1.317624 53.79143 -11 5.769928 54.4945 -11.29289 5.845343 52.57811 -11 12.74176 53.26532 -11.29289 12.9083 50.46516 -11 19.49557 51.12476 -11.29289 19.75038 47.48875 -11 25.91581 48.10944 -11.29289 26.25454 43.69978 -11 31.89262 44.27095 -11.29289 32.30947 39.1631 -11 37.32374 39.67498 -11.29289 37.81157 33.95633 -11 42.11624 34.40015 -11.29289 42.66671 28.16856 -11 46.18812 28.53673 -11.29289 46.79182 21.89881 -11 49.46971 22.18504 -11.29289 50.11629 15.25437 -11 51.90486 15.45375 -11.29289 52.58327 8.348924 -11 53.4519 8.458047 -11.29289 54.15053 1.300625 -11 54.08436 1.317624 -11.29289 54.79127 -5.769928 -11 53.79143 -5.845343 -11.29289 54.4945 -12.74176 -11 52.57811 -12.9083 -11.29289 53.26532 -19.49557 -11 50.46516 -19.75038 -11.29289 51.12476 -25.91581 -11 47.48875 -26.25454 -11.29289 48.10944 -31.89262 -11 43.69978 -32.30947 -11.29289 44.27095 -37.32374 -11 39.1631 -37.81157 -11.29289 39.67498 -42.11624 -11 33.95633 -42.66671 -11.29289 34.40015 -46.18812 -11 28.16856 -46.79182 -11.29289 28.53673 -49.46971 -11 21.89881 -50.11629 -11.29289 22.18504 -51.90486 -11 15.25437 -52.58327 -11.29289 15.45375 -53.4519 -11 8.348924 -54.15053 -11.29289 8.458047 -54.08436 -11 1.300625 -54.79127 -11.29289 1.317624 -53.79143 -11 -5.769928 -54.4945 -11.29289 -5.845343 -52.57811 -11 -12.74176 -53.26532 -11.29289 -12.9083 -50.46516 -11 -19.49557 -51.12476 -11.29289 -19.75038 -47.48875 -11 -25.91581 -48.10944 -11.29289 -26.25454 -43.69978 -11 -31.89262 -44.27095 -11.29289 -32.30947 -39.1631 -11 -37.32374 -39.67498 -11.29289 -37.81157 -33.95633 -11 -42.11624 -34.40015 -11.29289 -42.66671 -28.16856 -11 -46.18812 -28.53673 -11.29289 -46.79182 -21.89881 -11 -49.46971 -22.18504 -11.29289 -50.11629 -15.25437 -11 -51.90486 -15.45375 -11.29289 -52.58327 -8.348924 -11 -53.4519 -8.458047 -11.29289 -54.15053 -1.300625 -11 -54.08436 -1.317624 -11.29289 -54.79127 5.769928 -11 -53.79143 5.845343 -11.29289 -54.4945 12.74176 -11 -52.57811 12.9083 -11.29289 -53.26532 19.49557 -11 -50.46516 19.75038 -11.29289 -51.12476 -1.27015 -11 53.90946 -11.44963 -11 52.69487 8.955236 -11 53.17562 28.07714 -11 46.03822 18.85696 -11 50.51988 43.17659 -11 32.30519 36.28253 -11 39.89262 52.09039 -11 13.94398 53.5415 -11 -6.414894 53.78796 -11 3.833827 47.32204 -11 -25.85475 51.35991 -11 -16.43177 25.8317 -11 -47.33462 34.32302 -11 -41.59054 6.388819 -11 -53.54462 16.40675 -11 -51.36791 -13.96935 -11 -52.08359 -49.56541 -11 21.23943 -52.68929 -11 11.47529 48.51013 -11 23.55017 41.57382 -11 -34.34327 -3.860021 -11 -53.78609 -32.32621 -11 -43.16085 -23.57379 -11 -48.49866 -50.52906 -11 -18.83235 -53.90884 -11 1.296404 -39.91028 -11 -36.26311 -46.05189 -11 -28.05471 -53.17998 -11 -8.929339 -38.12104 -11 38.13961 -44.65011 -11 30.23592 -30.21417 -11 44.66483 -21.21529 -11 49.57575 25.36078 -10.18332 -46.4717 33.69731 -10.18332 -40.83234 33.91629 -10.76919 -41.09769 40.81592 -10.18332 -33.71719 41.08116 -10.76919 -33.9363 46.45935 -10.18332 -25.38341 46.76126 -10.76919 -25.54837 50.42361 -10.18332 -16.13221 50.75128 -10.76919 -16.23705 52.56543 -10.18332 -6.297949 52.90702 -10.76919 -6.338876 52.8074 -10.18332 3.763936 53.15056 -10.76919 3.788396 51.14077 -10.18332 13.68978 51.47311 -10.76919 13.77875 47.62578 -10.18332 23.12084 47.93527 -10.76919 23.2711 42.38947 -10.18332 31.71626 42.66494 -10.76919 31.92237 35.6211 -10.18332 39.16537 35.85258 -10.76919 39.41988 27.56529 -10.18332 45.19893 27.74442 -10.76919 45.49266 18.51319 -10.18332 49.59889 18.6335 -10.76919 49.92121 8.79198 -10.18332 52.20622 8.849115 -10.76919 52.54548 -1.246995 -10.18332 52.92668 -1.255099 -10.76919 53.27062 -11.2409 -10.18332 51.73423 -11.31395 -10.76919 52.07043 -20.82853 -10.18332 48.67197 -20.96389 -10.76919 48.98826 -29.66337 -10.18332 43.85058 -29.85613 -10.76919 44.13554 -37.42609 -10.18332 37.44432 -37.6693 -10.76919 37.68764 -43.83613 -10.18332 29.68472 -44.121 -10.76919 29.87762 -48.66182 -10.18332 20.85223 -48.97805 -10.76919 20.98774 -51.72875 -10.18332 11.26609 -52.06491 -10.76919 11.33931 -52.92607 -10.18332 1.27277 -53.27001 -10.76919 1.281041 -52.2105 -10.18332 -8.766555 -52.54978 -10.76919 -8.823524 -49.60791 -10.18332 -18.48903 -49.93028 -10.76919 -18.60918 -45.21235 -10.18332 -27.54327 -45.50616 -10.76919 -27.72226 -39.18271 -10.18332 -35.60202 -39.43733 -10.76919 -35.83338 -31.7369 -10.18332 -42.37402 -31.94314 -10.76919 -42.64939 -23.14404 -10.18332 -47.61452 -23.29444 -10.76919 -47.92394 -13.71469 -10.18332 -51.1341 -13.80381 -10.76919 -51.46639 -3.789652 -10.18332 -52.80556 -3.814279 -10.76919 -53.14871 6.27235 -10.18332 -52.56849 6.31311 -10.76919 -52.91011 16.10765 -10.18332 -50.43146 16.21233 -10.76919 -50.75918 25.52559 -10.76919 -46.7737 26.6594 -13.95697 -48.85131 20.32649 -13.95697 -51.80742 6.803912 -13.95697 -55.23478 13.67301 -13.95697 -53.94648 -7.146178 -13.95697 -55.19154 -0.1724933 -13.95697 -55.652 -20.64725 -13.95697 -51.68042 -14.00716 -13.95697 -53.86069 -32.85097 -13.95697 -44.92202 -26.96171 -13.95697 -48.68511 -42.99055 -13.95697 -35.34101 -38.22216 -13.95697 -40.45048 -47.08096 -13.95697 -29.67419 -50.42887 -13.95697 -23.53939 -52.9815 -13.95697 -17.03336 -54.69857 -13.95697 -10.25871 -55.55301 -13.95697 -3.322265 -55.53135 -13.95697 3.666571 -54.63393 -13.95697 10.59758 -52.87489 -13.95697 17.36146 -50.28199 -13.95697 23.85155 -46.89611 -13.95697 29.96547 -42.77065 -13.95697 35.60683 -37.97067 -13.95697 40.68664 -32.57187 -13.95697 45.1248 -26.6594 -13.95697 48.85131 -20.32649 -13.95697 51.80742 -6.803912 -13.95697 55.23478 -13.67301 -13.95697 53.94648 7.146178 -13.95697 55.19154 0.1724933 -13.95697 55.652 20.64725 -13.95697 51.68042 14.00716 -13.95697 53.86069 32.85097 -13.95697 44.92202 26.96171 -13.95697 48.68511 42.99055 -13.95697 35.34101 38.22216 -13.95697 40.45048 47.08096 -13.95697 29.67419 50.42887 -13.95697 23.53939 52.9815 -13.95697 17.03336 54.69857 -13.95697 10.25871 55.55301 -13.95697 3.322265 55.53135 -13.95697 -3.666571 54.63393 -13.95697 -10.59758 52.87489 -13.95697 -17.36146 50.28199 -13.95697 -23.85155 46.89611 -13.95697 -29.96547 42.77065 -13.95697 -35.60683 37.97067 -13.95697 -40.68664 32.57187 -13.95697 -45.1248 -21.51104 -13.61609 54.82656 -14.46983 -13.61609 57.09029 -7.200418 -13.61609 58.45366 0.1825456 -13.61609 58.89519 7.562631 -13.61609 58.4079 14.82345 -13.61609 56.99949 21.85049 -13.61609 54.69216 28.53294 -13.61609 51.5223 34.76541 -13.61609 47.53991 40.4496 -13.61609 42.80778 45.49588 -13.61609 37.40055 49.82466 -13.61609 31.40349 53.36768 -13.61609 24.91118 56.06906 -13.61609 18.026 57.8862 -13.61609 10.85655 58.79043 -13.61609 3.515874 58.76751 -13.61609 -3.880245 57.81779 -13.61609 -11.21517 55.95624 -13.61609 -18.37323 53.21223 -13.61609 -25.24152 49.62904 -13.61609 -31.71175 45.26316 -13.61609 -37.68186 40.18346 -13.61609 -43.0577 34.47004 -13.61609 -47.7545 28.21301 -13.61609 -51.69819 21.51104 -13.61609 -54.82656 14.46983 -13.61609 -57.09029 7.200418 -13.61609 -58.45366 -0.1825456 -13.61609 -58.89519 -7.562631 -13.61609 -58.4079 -14.82345 -13.61609 -56.99949 -21.85049 -13.61609 -54.69216 -28.53294 -13.61609 -51.5223 -34.76541 -13.61609 -47.53991 -40.4496 -13.61609 -42.80778 -45.49588 -13.61609 -37.40055 -49.82466 -13.61609 -31.40349 -53.36768 -13.61609 -24.91118 -56.06906 -13.61609 -18.026 -57.8862 -13.61609 -10.85655 -58.79043 -13.61609 -3.515874 -58.76751 -13.61609 3.880245 -57.81779 -13.61609 11.21517 -55.95624 -13.61609 18.37323 -53.21223 -13.61609 25.24152 -49.62904 -13.61609 31.71175 -45.26316 -13.61609 37.68186 -40.18346 -13.61609 43.0577 -34.47004 -13.61609 47.7545 -28.21301 -13.61609 51.69819 28.58362 -13.86747 -52.3773 28.74212 -14.61061 -52.66774 34.92284 -13.86747 -48.38182 35.11649 -14.61061 -48.6501 40.71131 -13.86747 -43.62332 40.93706 -14.61061 -43.86521 45.85774 -13.86747 -38.17685 46.11203 -14.61061 -38.38854 50.28097 -13.86747 -32.12832 50.55978 -14.61061 -32.30647 53.91124 -13.86747 -25.5731 54.21018 -14.61061 -25.71491 56.69129 -13.86747 -18.61458 57.00565 -14.61061 -18.7178 58.57729 -13.86747 -11.36249 58.9021 -14.61061 -11.4255 59.53949 -13.86747 -3.931216 59.86964 -14.61061 -3.953015 59.56271 -13.86747 3.562059 59.89299 -14.61061 3.581811 58.6466 -13.86747 10.99916 58.9718 -14.61061 11.06015 56.80559 -13.86747 18.2628 57.12058 -14.61061 18.36406 54.06873 -13.86747 25.23842 54.36854 -14.61061 25.37837 50.47917 -13.86747 31.81601 50.75908 -14.61061 31.99243 46.09352 -13.86747 37.89185 46.34911 -14.61061 38.10196 40.98095 -13.86747 43.37011 41.20819 -14.61061 43.6106 35.22209 -13.86747 48.1644 35.4174 -14.61061 48.43148 28.90775 -13.86747 52.19911 29.06805 -14.61061 52.48855 22.13752 -13.86747 55.41061 22.26028 -14.61061 55.71786 15.01817 -13.86747 57.74824 15.10145 -14.61061 58.06846 7.661974 -13.86747 59.17516 7.704461 -14.61061 59.50329 0.1849435 -13.86747 59.66884 0.1859691 -14.61061 59.99971 -7.295004 -13.86747 59.22151 -7.335455 -14.61061 59.5499 -14.6599 -13.86747 57.84023 -14.74119 -14.61061 58.16096 -21.79361 -13.86747 55.54677 -21.91446 -14.61061 55.85478 -28.58362 -13.86747 52.3773 -28.74212 -14.61061 52.66774 -34.92284 -13.86747 48.38182 -35.11649 -14.61061 48.6501 -40.71131 -13.86747 43.62332 -40.93706 -14.61061 43.86521 -45.85774 -13.86747 38.17685 -46.11203 -14.61061 38.38854 -50.28097 -13.86747 32.12832 -50.55978 -14.61061 32.30647 -53.91124 -13.86747 25.5731 -54.21018 -14.61061 25.71491 -56.69129 -13.86747 18.61458 -57.00565 -14.61061 18.7178 -58.57729 -13.86747 11.36249 -58.9021 -14.61061 11.4255 -59.53949 -13.86747 3.931216 -59.86964 -14.61061 3.953015 -59.56271 -13.86747 -3.562059 -59.89299 -14.61061 -3.581811 -58.6466 -13.86747 -10.99916 -58.9718 -14.61061 -11.06015 -56.80559 -13.86747 -18.2628 -57.12058 -14.61061 -18.36406 -54.06873 -13.86747 -25.23842 -54.36854 -14.61061 -25.37837 -50.47917 -13.86747 -31.81601 -50.75908 -14.61061 -31.99243 -46.09352 -13.86747 -37.89185 -46.34911 -14.61061 -38.10196 -40.98095 -13.86747 -43.37011 -41.20819 -14.61061 -43.6106 -35.22209 -13.86747 -48.1644 -35.4174 -14.61061 -48.43148 -28.90775 -13.86747 -52.19911 -29.06805 -14.61061 -52.48855 -22.13752 -13.86747 -55.41061 -22.26028 -14.61061 -55.71786 -15.01817 -13.86747 -57.74824 -15.10145 -14.61061 -58.06846 -7.661974 -13.86747 -59.17516 -7.704461 -14.61061 -59.50329 -0.1849435 -13.86747 -59.66884 -0.1859691 -14.61061 -59.99971 7.295004 -13.86747 -59.22151 7.335455 -14.61061 -59.5499 14.6599 -13.86747 -57.84023 14.74119 -14.61061 -58.16096 21.79361 -13.86747 -55.54677 21.91446 -14.61061 -55.85478 40.93706 -16 -43.86521 35.11649 -16 -48.6501 28.74212 -16 -52.66774 50.55978 -16 -32.30647 46.11203 -16 -38.38854 57.00565 -16 -18.7178 54.21018 -16 -25.71491 59.86964 -16 -3.953015 58.9021 -16 -11.4255 58.9718 -16 11.06015 59.89299 -16 3.581811 54.36854 -16 25.37837 57.12058 -16 18.36406 46.34911 -16 38.10196 50.75908 -16 31.99243 35.4174 -16 48.43148 41.20819 -16 43.6106 22.26028 -16 55.71786 29.06805 -16 52.48855 7.704461 -16 59.50329 15.10145 -16 58.06846 -7.335455 -16 59.5499 0.1859691 -16 59.99971 -21.91446 -16 55.85478 -14.74119 -16 58.16096 -35.11649 -16 48.6501 -28.74212 -16 52.66774 -46.11203 -16 38.38854 -40.93706 -16 43.86521 -54.21018 -16 25.71491 -50.55978 -16 32.30647 -58.9021 -16 11.4255 -57.00565 -16 18.7178 -59.89299 -16 -3.581811 -59.86964 -16 3.953015 -57.12058 -16 -18.36406 -58.9718 -16 -11.06015 -50.75908 -16 -31.99243 -54.36854 -16 -25.37837 -41.20819 -16 -43.6106 -46.34911 -16 -38.10196 -29.06805 -16 -52.48855 -35.4174 -16 -48.43148 -15.10145 -16 -58.06846 -22.26028 -16 -55.71786 -0.1859691 -16 -59.99971 -7.704461 -16 -59.50329 14.74119 -16 -58.16096 7.335455 -16 -59.5499 21.91446 -16 -55.85478 28.60181 -16.70711 -52.41064 28.26308 -17 -51.78994 34.94507 -16.70711 -48.41261 34.53122 -17 -47.83926 40.73723 -16.70711 -43.65108 40.25478 -17 -43.13412 45.88693 -16.70711 -38.20115 45.3435 -17 -37.74874 50.31297 -16.70711 -32.14876 49.71712 -17 -31.76803 53.94555 -16.70711 -25.58938 53.30668 -17 -25.28632 56.72737 -16.70711 -18.62643 56.05555 -17 -18.40583 58.61457 -16.70711 -11.36973 57.9204 -17 -11.23507 59.57738 -16.70711 -3.933718 58.87181 -17 -3.887132 59.60062 -16.70711 3.564326 58.89477 -17 3.522114 58.68392 -16.70711 11.00616 57.98894 -17 10.87581 56.84175 -16.70711 18.27442 56.16857 -17 18.058 54.10314 -16.70711 25.25448 53.4624 -17 24.95539 50.51129 -16.70711 31.83626 49.91309 -17 31.45923 46.12285 -16.70711 37.91596 45.57663 -17 37.46693 41.00703 -16.70711 43.39772 40.52139 -17 42.88376 35.24451 -16.70711 48.19506 34.82711 -17 47.62429 28.92615 -16.70711 52.23233 28.58358 -17 51.61375 22.15161 -16.70711 55.44587 21.88927 -17 54.78923 15.02773 -16.70711 57.78499 14.84976 -17 57.10065 7.666851 -16.70711 59.21282 7.576053 -17 58.51156 0.1850612 -16.70711 59.70682 0.1828696 -17 58.99972 -7.299647 -16.70711 59.25921 -7.213198 -17 58.55741 -14.66923 -16.70711 57.87704 -14.49551 -17 57.19161 -21.80748 -16.70711 55.58212 -21.54922 -17 54.92387 -28.60181 -16.70711 52.41064 -28.26308 -17 51.78994 -34.94507 -16.70711 48.41261 -34.53122 -17 47.83926 -40.73723 -16.70711 43.65108 -40.25478 -17 43.13412 -45.88693 -16.70711 38.20115 -45.3435 -17 37.74874 -50.31297 -16.70711 32.14876 -49.71712 -17 31.76803 -53.94555 -16.70711 25.58938 -53.30668 -17 25.28632 -56.72737 -16.70711 18.62643 -56.05555 -17 18.40583 -58.61457 -16.70711 11.36973 -57.9204 -17 11.23507 -59.57738 -16.70711 3.933718 -58.87181 -17 3.887132 -59.60062 -16.70711 -3.564326 -58.89477 -17 -3.522114 -58.68392 -16.70711 -11.00616 -57.98894 -17 -10.87581 -56.84175 -16.70711 -18.27442 -56.16857 -17 -18.058 -54.10314 -16.70711 -25.25448 -53.4624 -17 -24.95539 -50.51129 -16.70711 -31.83626 -49.91309 -17 -31.45923 -46.12285 -16.70711 -37.91596 -45.57663 -17 -37.46693 -41.00703 -16.70711 -43.39772 -40.52139 -17 -42.88376 -35.24451 -16.70711 -48.19506 -34.82711 -17 -47.62429 -28.92615 -16.70711 -52.23233 -28.58358 -17 -51.61375 -22.15161 -16.70711 -55.44587 -21.88927 -17 -54.78923 -15.02773 -16.70711 -57.78499 -14.84976 -17 -57.10065 -7.666851 -16.70711 -59.21282 -7.576053 -17 -58.51156 -0.1850612 -16.70711 -59.70682 -0.1828696 -17 -58.99972 7.299647 -16.70711 -59.25921 7.213198 -17 -58.55741 14.66923 -16.70711 -57.87704 14.49551 -17 -57.19161 21.80748 -16.70711 -55.58212 21.54922 -17 -54.92387 43.67871 -17 -36.91283 36.15228 -17 -44.31026 54.06363 -17 -18.64162 49.71771 -17 -28.25838 27.39473 -17 -50.19876 57.14696 -17 2.147245 56.56848 -17 -8.390044 52.51228 -17 22.64611 55.77937 -17 12.61141 32.7252 -17 46.89826 47.45695 -17 31.90962 40.78553 -17 40.08649 23.55046 -17 52.11297 -52.51228 -17 -22.64611 -55.77937 -17 -12.61141 -32.7252 -17 -46.89826 13.57373 -17 55.55303 -57.14696 -17 -2.147245 -40.78553 -17 -40.08649 -23.55046 -17 -52.11297 -13.57373 -17 -55.55303 3.134772 -17 57.10131 -7.410942 -17 56.70506 -27.39473 -17 50.19876 -17.70429 -17 54.37779 -43.67871 -17 36.91283 -36.15228 -17 44.31026 -54.06363 -17 18.64162 -49.71771 -17 28.25838 -56.56848 -17 8.390044 -47.45695 -17 -31.90962 -3.134772 -17 -57.10131 7.410942 -17 -56.70506 17.70429 -17 -54.37779 -24.95039 -14.15645 45.71969 -24.58672 -12.28031 45.05328 -15.88956 -12.28031 48.80396 -16.12459 -14.15645 49.52584 -6.651306 -12.28031 50.89268 -6.749688 -14.15645 51.64546 2.813452 -12.28031 51.24831 2.855067 -14.15645 52.00635 12.1824 -12.28031 49.85874 12.36259 -14.15645 50.59622 21.13649 -12.28031 46.77129 21.44913 -14.15645 47.46311 29.3708 -12.28031 42.0911 29.80524 -14.15645 42.71369 36.60493 -12.28031 35.97755 37.14637 -14.15645 36.50971 42.59252 -12.28031 28.63883 47.82678 -14.15645 20.62547 43.22252 -14.15645 29.06244 45.05328 -12.28031 24.58672 47.12967 -12.28031 20.32484 50.06188 -12.28031 11.31872 50.80236 -14.15645 11.48614 51.28929 -12.28031 1.927148 52.04793 -14.15645 1.955653 50.7701 -12.28031 -7.530047 51.52107 -14.15645 -7.641427 48.522 -12.28031 -16.73082 49.23971 -14.15645 -16.97829 44.62154 -12.28031 -25.36184 45.28156 -14.15645 -25.73698 39.20155 -12.28031 -33.12919 39.7814 -14.15645 -33.61922 32.4466 -12.28031 -39.76837 32.92653 -14.15645 -40.3566 24.58672 -12.28031 -45.05328 24.95039 -14.15645 -45.71969 15.88956 -12.28031 -48.80396 16.12459 -14.15645 -49.52584 6.651306 -12.28031 -50.89268 6.749688 -14.15645 -51.64546 -2.813452 -12.28031 -51.24831 -2.855067 -14.15645 -52.00635 -12.1824 -12.28031 -49.85874 -12.36259 -14.15645 -50.59622 -21.13649 -12.28031 -46.77129 -21.44913 -14.15645 -47.46311 -29.3708 -12.28031 -42.0911 -29.80524 -14.15645 -42.71369 -36.60493 -12.28031 -35.97755 -37.14637 -14.15645 -36.50971 -42.59252 -12.28031 -28.63883 -47.82678 -14.15645 -20.62547 -43.22252 -14.15645 -29.06244 -45.05328 -12.28031 -24.58672 -47.12967 -12.28031 -20.32484 -50.06188 -12.28031 -11.31872 -50.80236 -14.15645 -11.48614 -51.28929 -12.28031 -1.927148 -52.04793 -14.15645 -1.955653 -50.7701 -12.28031 7.530047 -51.52107 -14.15645 7.641427 -48.522 -12.28031 16.73082 -49.23971 -14.15645 16.97829 -44.62154 -12.28031 25.36184 -45.28156 -14.15645 25.73698 -39.20155 -12.28031 33.12919 -39.7814 -14.15645 33.61922 -32.4466 -12.28031 39.76837 -32.92653 -14.15645 40.3566 -25.59219 -15.67343 46.89574 -16.53936 -15.67343 50.7998 -6.923311 -15.67343 52.97394 2.928508 -15.67343 53.34411 12.6806 -15.67343 51.89772 22.00087 -15.67343 48.684 30.57192 -15.67343 43.81241 38.10189 -15.67343 37.44885 44.33434 -15.67343 29.81001 49.05704 -15.67343 21.15603 52.10916 -15.67343 11.78159 53.38676 -15.67343 2.005959 52.84635 -15.67343 -7.837989 50.50631 -15.67343 -17.41502 46.44634 -15.67343 -26.39901 40.8047 -15.67343 -34.48401 33.7735 -15.67343 -41.3947 25.59219 -15.67343 -46.89574 16.53936 -15.67343 -50.7998 6.923311 -15.67343 -52.97394 -2.928508 -15.67343 -53.34411 -12.6806 -15.67343 -51.89772 -22.00087 -15.67343 -48.684 -30.57192 -15.67343 -43.81241 -38.10189 -15.67343 -37.44885 -44.33434 -15.67343 -29.81001 -49.05704 -15.67343 -21.15603 -52.10916 -15.67343 -11.78159 -53.38676 -15.67343 -2.005959 -52.84635 -15.67343 7.837989 -50.50631 -15.67343 17.41502 -46.44634 -15.67343 26.39901 -40.8047 -15.67343 34.48401 -33.7735 -15.67343 41.3947 -26.43909 -16.65865 48.44762 -17.08669 -16.65865 52.48088 -7.152418 -16.65865 54.72696 3.025418 -16.65865 55.10939 13.10023 -16.65865 53.61512 22.72892 -16.65865 50.29506 31.58362 -16.65865 45.26227 39.36276 -16.65865 38.68812 45.80146 -16.65865 30.79649 50.68044 -16.65865 21.85612 53.83356 -16.65865 12.17147 55.15345 -16.65865 2.07234 54.59514 -16.65865 -8.097365 52.17767 -16.65865 -17.99132 47.98335 -16.65865 -27.27261 42.15502 -16.65865 -35.62516 34.89114 -16.65865 -42.76454 26.43909 -16.65865 -48.44762 17.08669 -16.65865 -52.48088 7.152418 -16.65865 -54.72696 -3.025418 -16.65865 -55.10939 -13.10023 -16.65865 -53.61512 -22.72892 -16.65865 -50.29506 -31.58362 -16.65865 -45.26227 -39.36276 -16.65865 -38.68812 -45.80146 -16.65865 -30.79649 -50.68044 -16.65865 -21.85612 -53.83356 -16.65865 -12.17147 -55.15345 -16.65865 -2.07234 -54.59514 -16.65865 8.097365 -52.17767 -16.65865 17.99132 -47.98335 -16.65865 27.27261 -42.15502 -16.65865 35.62516 -34.89114 -16.65865 42.76454 -24.02931 4.313593 44.03189 -24.61657 12.56224 45.10799 -18.24509 12.56224 48.03981 -5.349917 4.313593 49.87578 -14.9774 4.313593 47.87371 -11.53373 12.56224 50.07673 -4.607523 12.56224 51.18082 2.404513 12.56224 51.33151 14.14396 4.313593 48.12654 4.483162 4.313593 49.96115 9.371758 12.56224 50.52599 23.26121 4.313593 44.44245 16.16442 12.56224 48.77927 22.65598 12.56224 46.12388 28.72549 12.56224 42.60929 31.48454 4.313593 39.05046 38.49794 4.313593 32.15779 34.25991 12.56224 38.30097 47.87371 4.313593 14.9774 49.1729 12.56224 14.9242 50.74708 12.56224 8.089486 49.96115 4.313593 -4.483162 49.87578 4.313593 5.349917 51.37594 12.56224 1.104079 51.04776 12.56224 -5.901894 49.76865 12.56224 -12.79792 48.12654 4.313593 -14.14396 47.56246 12.56224 -19.45556 44.44245 4.313593 -23.26121 39.05046 4.313593 -31.48454 44.47026 12.56224 -25.75077 40.54967 12.56224 -31.56629 35.87371 12.56224 -36.79379 32.15779 4.313593 -38.49794 24.02931 4.313593 -44.03189 30.52949 12.56224 -41.33589 24.61657 12.56224 -45.10799 18.24509 12.56224 -48.03981 5.349917 4.313593 -49.87578 14.9774 4.313593 -47.87371 11.53373 12.56224 -50.07673 4.607523 12.56224 -51.18082 -2.404513 12.56224 -51.33151 -14.14396 4.313593 -48.12654 -4.483162 4.313593 -49.96115 -9.371758 12.56224 -50.52599 -23.26121 4.313593 -44.44245 -16.16442 12.56224 -48.77927 -22.65598 12.56224 -46.12388 -28.72549 12.56224 -42.60929 -31.48454 4.313593 -39.05046 -38.49794 4.313593 -32.15779 -34.25991 12.56224 -38.30097 -39.15612 12.56224 -33.27918 -43.32294 12.56224 -27.63746 -47.87371 4.313593 -14.9774 -44.03189 4.313593 -24.02931 -46.68272 12.56224 -21.4809 -49.1729 12.56224 -14.9242 -50.74708 12.56224 -8.089486 -49.96115 4.313593 4.483162 -49.87578 4.313593 -5.349917 -51.37594 12.56224 -1.104079 -51.04776 12.56224 5.901894 -49.76865 12.56224 12.79792 -48.12654 4.313593 14.14396 -47.56246 12.56224 19.45556 -44.44245 4.313593 23.26121 -39.05046 4.313593 31.48454 -44.47026 12.56224 25.75077 -40.54967 12.56224 31.56629 -35.87371 12.56224 36.79379 -32.15779 4.313593 38.49794 -30.52949 12.56224 41.33589 -24.01929 -4.025622 44.01352 -14.97115 -4.025622 47.85375 -5.347686 -4.025622 49.85498 4.481293 -4.025622 49.94031 14.13806 -4.025622 48.10646 23.25151 -4.025622 44.42391 31.47141 -4.025622 39.03418 38.48188 -4.025622 32.14438 44.03189 4.313593 24.02931 44.01352 -4.025622 24.01929 47.85375 -4.025622 14.97115 49.85498 -4.025622 5.347686 49.94031 -4.025622 -4.481293 48.10646 -4.025622 -14.13806 44.42391 -4.025622 -23.25151 39.03418 -4.025622 -31.47141 32.14438 -4.025622 -38.48188 24.01929 -4.025622 -44.01352 14.97115 -4.025622 -47.85375 5.347686 -4.025622 -49.85498 -4.481293 -4.025622 -49.94031 -14.13806 -4.025622 -48.10646 -23.25151 -4.025622 -44.42391 -31.47141 -4.025622 -39.03418 -38.48188 -4.025622 -32.14438 -44.01352 -4.025622 -24.01929 -47.85375 -4.025622 -14.97115 -49.85498 -4.025622 -5.347686 -49.94031 -4.025622 4.481293 -48.10646 -4.025622 14.13806 -44.42391 -4.025622 23.25151 -39.03418 -4.025622 31.47141 -32.14438 -4.025622 38.48188 46.18815 9.565773 21.1507 46.11069 9.259128 21.19762 45.97229 8.936437 21.37388 44.55543 7.806496 23.8388 45.80601 8.708606 21.64535 42.98688 8.708606 26.81118 42.83719 8.966811 27.12479 44.15493 7.806496 24.57269 39.15612 12.56224 33.27918 43.16483 12.56224 27.88374 42.77765 9.565773 27.40018 42.77665 9.244258 27.30288 46.8043 12.56224 21.21469 46.11505 7.661185 23.37778 46.93252 8.708606 21.7382 46.36754 8.708606 21.64575 45.78091 7.200436 24.1912 44.60423 7.668163 26.14443 45.10369 7.208793 25.42627 45.54617 6.962749 24.86322 43.67448 8.708606 27.70833 43.47999 9.565773 28.18542 43.60083 9.565773 28.28504 43.56952 9.072056 28.09044 43.5949 8.917245 27.96871 43.57107 9.057179 28.08042 46.38748 8.918762 21.39911 46.40663 9.565773 21.16236 47.19717 9.072213 21.44313 47.37769 9.565773 21.36424 44.1158 7.788036 28.55095 44.99621 6.764599 26.87949 45.44207 6.312736 26.01102 45.93169 6.070714 25.07972 46.45099 6.304517 24.16117 46.94386 6.757735 23.30992 47.87994 7.788036 21.65345 48.26424 8.475825 21.0388 48.51189 9.409429 20.85002 48.64281 10.18332 20.89655 48.06427 10.26792 21.14973 47.48573 10.35252 21.4029 43.80687 8.475529 29.20652 43.78204 9.409429 29.51711 24.97061 3.75226 -45.75674 33.17888 3.75226 -40.20414 33.17888 -3.75226 -40.20414 40.18798 3.75226 -33.19845 40.18798 -3.75226 -33.19845 45.74457 3.75226 -24.99289 45.74457 -3.75226 -24.99289 49.64785 3.75226 -15.88402 49.64785 -3.75226 -15.88402 51.75672 3.75226 -6.201056 51.75672 -3.75226 -6.201056 51.99496 3.75226 3.706028 51.99496 -3.75226 3.706028 50.35398 3.75226 13.47917 50.35398 -3.75226 13.47917 46.89307 3.75226 22.76513 46.89307 -3.75226 22.76513 41.73731 3.75226 31.22831 41.73731 -3.75226 31.22831 35.07307 3.75226 38.56281 35.07307 -3.75226 38.56281 27.1412 3.75226 44.50355 27.1412 -3.75226 44.50355 18.22837 3.75226 48.83582 18.22837 -3.75226 48.83582 8.656717 3.75226 51.40303 8.656717 -3.75226 51.40303 -1.22781 3.75226 52.11241 -1.22781 -3.75226 52.11241 -11.06796 3.75226 50.9383 -11.06796 -3.75226 50.9383 -20.50809 3.75226 47.92316 -20.50809 -3.75226 47.92316 -29.207 3.75226 43.17594 -29.207 -3.75226 43.17594 -36.85029 3.75226 36.86824 -36.85029 -3.75226 36.86824 -43.16172 3.75226 29.22802 -43.16172 -3.75226 29.22802 -47.91316 3.75226 20.53142 -47.91316 -3.75226 20.53142 -50.93291 3.75226 11.09277 -50.93291 -3.75226 11.09277 -52.1118 3.75226 1.253189 -52.1118 -3.75226 1.253189 -51.40724 3.75226 -8.631683 -51.40724 -3.75226 -8.631683 -48.84469 3.75226 -18.20458 -48.84469 -3.75226 -18.20458 -44.51676 3.75226 -27.11952 -44.51676 -3.75226 -27.11952 -38.57989 3.75226 -35.05429 -38.57989 -3.75226 -35.05429 -31.24863 3.75226 -41.7221 -31.24863 -3.75226 -41.7221 -22.78797 3.75226 -46.88197 -22.78797 -3.75226 -46.88197 -13.50369 3.75226 -50.3474 -13.50369 -3.75226 -50.3474 -3.731349 3.75226 -51.99315 -3.731349 -3.75226 -51.99315 6.17585 3.75226 -51.75973 6.17585 -3.75226 -51.75973 15.85984 3.75226 -49.65558 15.85984 -3.75226 -49.65558 24.97061 -3.75226 -45.75674 39.18271 10.18332 35.60202 42.38947 10.18332 31.71626 31.7369 10.18332 42.37402 35.6211 10.18332 39.16537 27.56529 10.18332 45.19893 23.14404 10.18332 47.61452 18.51319 10.18332 49.59889 13.71469 10.18332 51.1341 8.79198 10.18332 52.20622 3.789652 10.18332 52.80556 -6.27235 10.18332 52.56849 -1.246995 10.18332 52.92668 -11.2409 10.18332 51.73423 -16.10765 10.18332 50.43146 -20.82853 10.18332 48.67197 -25.36078 10.18332 46.4717 -33.69731 10.18332 40.83234 -29.66337 10.18332 43.85058 -40.81592 10.18332 33.71719 -37.42609 10.18332 37.44432 -46.45935 10.18332 25.38341 -43.83613 10.18332 29.68472 -50.42361 10.18332 16.13221 -48.66182 10.18332 20.85223 -52.56543 10.18332 6.297949 -51.72875 10.18332 11.26609 -52.8074 10.18332 -3.763936 -52.92607 10.18332 1.27277 -51.14077 10.18332 -13.68978 -52.2105 10.18332 -8.766555 -47.62578 10.18332 -23.12084 -49.60791 10.18332 -18.48903 -42.38947 10.18332 -31.71626 -45.21235 10.18332 -27.54327 -35.6211 10.18332 -39.16537 -39.18271 10.18332 -35.60202 -27.56529 10.18332 -45.19893 -31.7369 10.18332 -42.37402 -18.51319 10.18332 -49.59889 -23.14404 10.18332 -47.61452 -8.79198 10.18332 -52.20622 -13.71469 10.18332 -51.1341 1.246995 10.18332 -52.92668 -3.789652 10.18332 -52.80556 11.2409 10.18332 -51.73423 6.27235 10.18332 -52.56849 20.82853 10.18332 -48.67197 16.10765 10.18332 -50.43146 29.66337 10.18332 -43.85058 25.36078 10.18332 -46.4717 37.42609 10.18332 -37.44432 33.69731 10.18332 -40.83234 43.83613 10.18332 -29.68472 40.81592 10.18332 -33.71719 48.66182 10.18332 -20.85223 46.45935 10.18332 -25.38341 51.72875 10.18332 -11.26609 50.42361 10.18332 -16.13221 52.56543 10.18332 -6.297949 52.92607 10.18332 -1.27277 52.2105 10.18332 8.766555 52.8074 10.18332 3.763936 51.14077 10.18332 13.68978 49.60791 10.18332 18.48903 43.892 10.18332 29.60204 48.47159 11.13168 21.33854 47.98411 11.48903 21.62932 49.1205 11.4615 21.88036 48.95907 10.77433 21.04775 49.43457 11 21.54221 48.80643 11.923 22.21851 43.7919 10.26792 28.97851 43.6918 10.35252 28.35499 49.93028 10.76919 18.60918 52.54978 10.76919 8.823524 53.27001 10.76919 -1.281041 52.06491 10.76919 -11.33931 48.97805 10.76919 -20.98774 44.121 10.76919 -29.87762 37.6693 10.76919 -37.68764 29.85613 10.76919 -44.13554 20.96389 10.76919 -48.98826 11.31395 10.76919 -52.07043 1.255099 10.76919 -53.27062 -8.849115 10.76919 -52.54548 -18.6335 10.76919 -49.92121 -27.74442 10.76919 -45.49266 -35.85258 10.76919 -39.41988 -42.66494 10.76919 -31.92237 -47.93527 10.76919 -23.2711 -51.47311 10.76919 -13.77875 -53.15056 10.76919 -3.788396 -52.90702 10.76919 6.338876 -50.75128 10.76919 16.23705 -46.76126 10.76919 25.54837 -41.08116 10.76919 33.9363 -33.91629 10.76919 41.09769 -25.52559 10.76919 46.7737 -16.21233 10.76919 50.75918 -6.31311 10.76919 52.91011 3.814279 10.76919 53.14871 13.80381 10.76919 51.46639 23.29444 10.76919 47.92394 31.94314 10.76919 42.64939 39.43733 10.76919 35.83338 44.18455 10.7692 29.78359 39.91028 11 36.26311 44.18994 10.77403 29.78606 32.32621 11 43.16085 23.57379 11 48.49866 13.96935 11 52.08359 3.860021 11 53.78609 -6.388819 11 53.54462 -16.40675 11 51.36791 -25.8317 11 47.33462 -34.32302 11 41.59054 -41.57382 11 34.34327 -47.32204 11 25.85475 -51.35991 11 16.43177 -53.5415 11 6.414894 -53.78796 11 -3.833827 -52.09039 11 -13.94398 -48.51013 11 -23.55017 -43.17659 11 -32.30519 -36.28253 11 -39.89262 -28.07714 11 -46.03822 -18.85696 11 -50.51988 -8.955236 11 -53.17562 1.27015 11 -53.90946 11.44963 11 -52.69487 21.21529 11 -49.57575 30.21417 11 -44.66483 38.12104 11 -38.13961 44.65011 11 -30.23592 49.56541 11 -21.23943 52.68929 11 -11.47529 53.90884 11 -1.296404 53.17998 11 8.929339 50.52906 11 18.83235 44.86338 11 29.91856 49.56968 11 21.67156 49.24266 11.4615 21.99823 48.91596 11.923 22.32419 44.9168 11.91145 28.9754 44.97783 11.4615 29.47148 44.17066 11.13125 29.2187 44.15137 11.48847 28.65134 45.09228 11.923 29.0244 6.696951 11 -53.6839 -54.0728 11 1.715241 -53.82372 11 -5.460525 -14.65645 11 -52.07685 -7.631028 11 -53.5591 -0.4711881 11 -54.09794 13.74713 11 -52.32424 -25.91581 11 47.48875 -30.96424 11 44.36244 -50.50244 11 -19.39881 -27.81361 11 -46.40272 -21.42371 11 -49.6773 27.00113 11 -46.88016 35.62359 11 40.71572 -36.56628 11 39.87125 -49.17145 11 22.56056 -51.726 11 15.85027 -53.36943 11 8.860795 -52.62657 11 -12.54011 -47.48875 11 -25.91581 -43.63857 11 -31.97632 -39.01973 11 -37.47359 -33.71359 11 -42.3108 20.55516 11 -50.04293 32.97149 11 -42.89162 47.03012 11 -26.73906 50.15688 11 -20.27554 53.72044 11 -6.397225 45.0457 11 29.96156 40.70168 11 35.63963 29.91802 11 45.07463 10.08587 11 53.15153 2.958386 11 54.01905 -11.32645 11 52.90105 -18.23219 11 50.93523 -41.52424 11 34.67776 -45.75078 11 28.87345 38.36108 11 -38.14757 43.07497 11 -32.73159 54.09447 11 0.7731137 23.68546 11 48.63958 17.0357 11 51.34778 -4.221211 11 53.93507 52.40015 11 -13.45488 53.51568 11 7.929834 51.99424 11 14.94688 49.71808 12 22.23704 48.96318 12 22.37233 50.20835 11.29276 21.97569 50.47298 12 22.10176 45.24042 11.923 29.05933 45.14306 11.4615 29.51044 52.67382 11.29289 15.14224 54.21514 11.29289 8.033481 54.80151 11.29289 0.7832186 54.42258 11.29289 -6.480839 53.08504 11.29289 -13.63074 50.81245 11.29289 -20.54055 47.64483 11.29289 -27.08855 43.63798 11.29289 -33.1594 38.86248 11.29289 -38.64617 33.40244 11.29289 -43.45223 27.35404 11.29289 -47.4929 20.82382 11.29289 -50.69701 13.92681 11.29289 -53.00814 6.784483 11.29289 -54.38557 -0.4773467 11.29289 -54.80503 -7.730768 11.29289 -54.25914 -14.84802 11.29289 -52.75751 -21.70373 11.29289 -50.3266 -28.17715 11.29289 -47.00923 -34.15424 11.29289 -42.86381 -39.52973 11.29289 -37.96339 -44.20894 11.29289 -32.39426 -48.10944 11.29289 -26.25454 -51.16252 11.29289 -19.65236 -53.31441 11.29289 -12.70401 -54.52721 11.29289 -5.531897 -54.77955 11.29289 1.737659 -54.06699 11.29289 8.976608 -52.40208 11.29289 16.05744 -49.81414 11.29289 22.85543 -46.34876 11.29289 29.25084 -42.06698 11.29289 35.13101 -37.04421 11.29289 40.39239 -31.36895 11.29289 44.94227 -26.25454 11.29289 48.10944 -18.47049 11.29289 51.60097 -11.47449 11.29289 53.59249 -4.276383 11.29289 54.64002 2.997053 11.29289 54.7251 10.2177 11.29289 53.84624 17.25837 11.29289 52.01892 23.99504 11.29289 49.27532 30.30906 11.29289 45.66377 36.08921 11.29289 41.24789 41.23367 11.29289 36.10545 41.45402 12 36.2984 45.6466 11.29278 30.33478 36.28207 12 41.46832 30.47103 12 45.9078 24.12327 12 49.53865 17.3506 12 52.29691 10.2723 12 54.134 3.01307 12 55.01755 -4.299237 12 54.93202 -11.53582 12 53.87889 -18.5692 12 51.87673 -26.39484 12 48.36654 -31.53659 12 45.18245 -37.24218 12 40.60824 -42.29179 12 35.31876 -46.59645 12 29.40716 -50.08035 12 22.97757 -52.68212 12 16.14325 -54.35593 12 9.02458 -55.0723 12 1.746946 -54.81861 12 -5.561459 -53.59933 12 -12.7719 -51.43594 12 -19.75738 -48.36654 12 -26.39484 -44.4452 12 -32.56738 -39.74098 12 -38.16627 -34.33676 12 -43.09288 -28.32773 12 -47.26045 -21.81972 12 -50.59555 -14.92737 12 -53.03945 -7.772082 12 -54.5491 -0.4798977 12 -55.09791 6.82074 12 -54.6762 14.00123 12 -53.29142 20.93511 12 -50.96794 27.50023 12 -47.7467 33.58094 12 -43.68444 39.07016 12 -38.8527 43.87118 12 -33.33661 47.89944 12 -27.23331 51.08399 12 -20.65032 53.36873 12 -13.70358 54.71342 12 -6.515473 55.09437 12 0.7874042 54.50487 12 8.076413 52.95531 12 15.22316 45.8953 11.96211 30.48881 45.89622 12 30.48847 50.47298 13.4597 22.10176 49.71808 13.4597 22.23704 48.96318 13.4597 22.37233 45.60113 12 29.78106 45.30646 12 29.073 54.50487 13.4597 8.076413 53.74347 13.4597 12.1511 50.59563 13.4597 21.81955 54.71342 13.4597 -6.515473 55.06114 13.4597 2.068872 51.08399 13.4597 -20.65032 52.09035 13.4597 -17.96121 54.50378 13.4597 -8.083814 43.87118 13.4597 -33.33661 47.90305 13.4597 -27.22697 34.83275 13.4597 -42.69297 42.08447 13.4597 -35.56554 33.58094 13.4597 -43.68444 20.93511 13.4597 -50.96794 26.39484 13.4597 -48.36654 7.140448 13.4597 -54.63537 17.05809 13.4597 -52.39305 6.82074 13.4597 -54.6762 -7.772082 13.4597 -54.5491 -3.020355 13.4597 -55.01715 -21.81972 13.4597 -50.59555 -13.0783 13.4597 -53.52539 -34.33676 13.4597 -43.09288 -31.53076 13.4597 -45.18651 -22.69089 13.4597 -50.21089 -44.4452 13.4597 -32.56738 -39.29689 13.4597 -38.62337 -50.59563 13.4597 -21.81955 -45.72481 13.4597 -30.74495 -51.43594 13.4597 -19.75738 -54.81861 13.4597 -5.561459 -53.74347 13.4597 -12.1511 -54.50378 13.4597 8.083814 -55.06114 13.4597 -2.068872 -54.35593 13.4597 9.02458 -50.08035 13.4597 22.97757 -52.09035 13.4597 17.96121 -42.29179 13.4597 35.31876 -47.90305 13.4597 27.22697 -31.53659 13.4597 45.18245 -34.83275 13.4597 42.69297 -42.08447 13.4597 35.56554 -26.39484 13.4597 48.36654 -4.299237 13.4597 54.93202 -7.140448 13.4597 54.63537 -17.05809 13.4597 52.39305 -18.5692 13.4597 51.87673 10.2723 13.4597 54.134 3.020355 13.4597 55.01715 22.69089 13.4597 50.21089 13.0783 13.4597 53.52539 24.12327 13.4597 49.53865 36.28207 13.4597 41.46832 31.53076 13.4597 45.18651 39.29689 13.4597 38.62337 45.72481 13.4597 30.74495 45.89579 13.4597 30.48912 49.91287 14.21875 22.58797 49.28469 14.58308 22.74991 50.17494 14.41594 23.45262 50.54106 13.85442 22.42603 50.55879 13.95697 23.25903 49.79109 14.87491 23.6462 45.30646 13.4597 29.073 45.60113 13.4597 29.78106 46.03506 14.2021 29.79981 45.79644 14.58181 29.13898 46.57787 14.88036 29.11876 46.8706 14.41594 29.50759 46.91547 13.95697 29.93514 46.20434 13.85398 30.37138 46.82572 14.87491 29.08003 46.1831 13.95697 31.0531 42.99055 13.95697 35.34101 32.85097 13.95697 44.92202 39.69076 13.95697 39.01049 31.84679 13.95697 45.63942 22.91832 13.95697 50.71415 20.64725 13.95697 51.68042 7.146178 13.95697 55.19154 13.20939 13.95697 54.06188 3.050628 13.95697 55.56859 -7.212017 13.95697 55.18298 -17.22907 13.95697 52.91818 -20.32649 13.95697 51.80742 -26.6594 13.95697 48.85131 -32.57187 13.95697 45.1248 -35.18188 13.95697 43.12088 -48.38318 13.95697 27.49986 -42.50628 13.95697 35.92201 -50.28199 13.95697 23.85155 -52.61245 13.95697 18.14124 -54.63393 13.95697 10.59758 -55.05007 13.95697 8.164837 -55.61302 13.95697 -2.089608 -55.55301 13.95697 -3.322265 -54.28214 13.95697 -12.27289 -52.9815 13.95697 -17.03336 -51.10274 13.95697 -22.03824 -47.08096 13.95697 -29.67419 -39.69076 13.95697 -39.01049 -46.1831 13.95697 -31.0531 -38.22216 13.95697 -40.45048 -31.84679 13.95697 -45.63942 -26.96171 13.95697 -48.68511 -14.00716 13.95697 -53.86069 -22.91832 13.95697 -50.71415 -13.20939 13.95697 -54.06188 -3.050628 13.95697 -55.56859 -0.1724933 13.95697 -55.652 7.212017 13.95697 -55.18298 13.67301 13.95697 -53.94648 26.6594 13.95697 -48.85131 17.22907 13.95697 -52.91818 35.18188 13.95697 -43.12088 37.97067 13.95697 -40.68664 46.89611 13.95697 -29.96547 42.50628 13.95697 -35.92201 48.38318 13.95697 -27.49986 52.61245 13.95697 -18.14124 52.87489 13.95697 -17.36146 55.53135 13.95697 -3.666571 55.05007 13.95697 -8.164837 55.61302 13.95697 2.089608 54.69857 13.95697 10.25871 54.28214 13.95697 12.27289 51.10274 13.95697 22.03824 49.97569 14.82171 24.2237 50.85457 13.88207 24.30645 50.03093 14.80002 24.49829 50.91278 13.82663 25.38953 50.07765 14.74457 25.37948 50.73222 13.79253 26.4575 50.01577 14.72214 25.88658 49.93029 14.71047 26.24849 50.31955 13.78099 27.46402 49.5943 14.69894 27.0676 49.69712 13.7926 28.3528 49.08785 14.71054 27.79104 49.37587 14.70153 27.42202 48.89596 13.82677 29.08214 48.43618 14.74471 28.38486 47.95112 13.88242 29.61944 47.6678 14.80036 28.82256 48.16679 14.76267 28.56443 28.21301 13.61609 -51.69819 34.47004 13.61609 -47.7545 40.18346 13.61609 -43.0577 45.26316 13.61609 -37.68186 49.62904 13.61609 -31.71175 53.21223 13.61609 -25.24152 55.95624 13.61609 -18.37323 57.81779 13.61609 -11.21517 58.76751 13.61609 -3.880245 58.79043 13.61609 3.515874 57.8862 13.61609 10.85655 45.49588 13.61609 37.40055 40.4496 13.61609 42.80778 34.76541 13.61609 47.53991 28.53294 13.61609 51.5223 21.85049 13.61609 54.69216 14.82345 13.61609 56.99949 7.562631 13.61609 58.4079 0.1825456 13.61609 58.89519 -7.200418 13.61609 58.45366 -14.46983 13.61609 57.09029 -21.51104 13.61609 54.82656 -28.21301 13.61609 51.69819 -34.47004 13.61609 47.7545 -40.18346 13.61609 43.0577 -45.26316 13.61609 37.68186 -49.62904 13.61609 31.71175 -53.21223 13.61609 25.24152 -55.95624 13.61609 18.37323 -57.81779 13.61609 11.21517 -58.76751 13.61609 3.880245 -58.79043 13.61609 -3.515874 -57.8862 13.61609 -10.85655 -56.06906 13.61609 -18.026 -53.36768 13.61609 -24.91118 -49.82466 13.61609 -31.40349 -45.49588 13.61609 -37.40055 -40.4496 13.61609 -42.80778 -34.76541 13.61609 -47.53991 -28.53294 13.61609 -51.5223 -21.85049 13.61609 -54.69216 -14.82345 13.61609 -56.99949 -7.562631 13.61609 -58.4079 -0.1825456 13.61609 -58.89519 7.200418 13.61609 -58.45366 14.46983 13.61609 -57.09029 21.51104 13.61609 -54.82656 53.36768 13.61609 24.91118 49.82466 13.61609 31.40349 56.06906 13.61609 18.026 34.31032 14.32266 38.35733 39.21374 14.32266 33.32815 33.95046 16 37.95503 38.80245 16 32.97859 28.76776 14.32266 42.67199 28.46604 16 42.22443 22.68931 14.32266 46.19175 22.45134 16 45.70728 16.18821 14.32266 48.85105 16.01842 16 48.33868 9.385548 14.32266 50.60034 9.287109 16 50.06963 2.408051 14.32266 51.40704 2.382795 16 50.86787 -4.614303 14.32266 51.25613 -4.565907 16 50.71854 -11.5507 14.32266 50.15042 -11.42955 16 49.62442 -18.27193 14.32266 48.11049 -18.08029 16 47.60589 -24.65279 14.32266 45.17436 -24.39422 16 44.70056 -30.57441 14.32266 41.39672 -30.25374 16 40.96253 -35.92649 14.32266 36.84793 -35.54969 16 36.46146 -40.60933 14.32266 31.61274 -40.18341 16 31.28117 -44.53569 14.32266 25.78866 -44.06859 16 25.51818 -47.63244 14.32266 19.48418 -47.13286 16 19.27983 -49.84189 14.32266 12.81676 -49.31913 16 12.68233 -51.12287 14.32266 5.910578 -50.58668 16 5.848586 -51.45153 14.32266 -1.105703 -50.91189 16 -1.094107 -50.82175 14.32266 -8.101388 -50.28872 16 -8.016419 -49.24526 14.32266 -14.94616 -48.72875 16 -14.7894 -46.75141 14.32266 -21.51251 -46.26107 16 -21.28688 -43.38668 14.32266 -27.67813 -42.93163 16 -27.38783 -39.21374 14.32266 -33.32815 -38.80245 16 -32.97859 -34.31032 14.32266 -38.35733 -33.95046 16 -37.95503 -28.76776 14.32266 -42.67199 -28.46604 16 -42.22443 -22.68931 14.32266 -46.19175 -22.45134 16 -45.70728 -16.18821 14.32266 -48.85105 -16.01842 16 -48.33868 -9.385548 14.32266 -50.60034 -9.287109 16 -50.06963 -2.408051 14.32266 -51.40704 -2.382795 16 -50.86787 4.614303 14.32266 -51.25613 4.565907 16 -50.71854 11.5507 14.32266 -50.15042 11.42955 16 -49.62442 18.27193 14.32266 -48.11049 18.08029 16 -47.60589 24.65279 14.32266 -45.17436 24.39422 16 -44.70056 30.57441 14.32266 -41.39672 30.25374 16 -40.96253 35.92649 14.32266 -36.84793 35.54969 16 -36.46146 40.60933 14.32266 -31.61274 40.18341 16 -31.28117 44.53569 14.32266 -25.78866 44.06859 16 -25.51818 47.63244 14.32266 -19.48418 47.13286 16 -19.27983 49.84189 14.32266 -12.81676 49.31913 16 -12.68233 51.12287 14.32266 -5.910578 50.58668 16 -5.848586 51.45153 14.32266 1.105703 50.91189 16 1.094107 50.82175 14.32266 8.101388 50.28872 16 8.016419 49.24526 14.32266 14.94616 48.72875 16 14.7894 46.8914 14.23788 21.23163 42.85424 16 27.50877 43.19661 14.52035 27.91728 43.21519 12.95095 27.93653 46.32091 16 21.15636 -28.58362 13.86747 52.3773 -28.74212 14.61061 52.66774 -21.79361 13.86747 55.54677 -21.91446 14.61061 55.85478 -14.6599 13.86747 57.84023 -14.74119 14.61061 58.16096 -7.295004 13.86747 59.22151 -7.335455 14.61061 59.5499 0.1849435 13.86747 59.66884 0.1859691 14.61061 59.99971 7.661974 13.86747 59.17516 7.704461 14.61061 59.50329 15.01817 13.86747 57.74824 15.10145 14.61061 58.06846 22.13752 13.86747 55.41061 22.26028 14.61061 55.71786 28.90775 13.86747 52.19911 29.06805 14.61061 52.48855 35.22209 13.86747 48.1644 35.4174 14.61061 48.43148 40.98095 13.86747 43.37011 41.20819 14.61061 43.6106 46.09352 13.86747 37.89185 46.34911 14.61061 38.10196 50.47917 13.86747 31.81601 50.75908 14.61061 31.99243 54.06873 13.86747 25.23842 54.36854 14.61061 25.37837 56.80559 13.86747 18.2628 57.12058 14.61061 18.36406 58.6466 13.86747 10.99916 58.9718 14.61061 11.06015 59.56271 13.86747 3.562059 59.89299 14.61061 3.581811 59.53949 13.86747 -3.931216 59.86964 14.61061 -3.953015 58.57729 13.86747 -11.36249 58.9021 14.61061 -11.4255 56.69129 13.86747 -18.61458 57.00565 14.61061 -18.7178 53.91124 13.86747 -25.5731 54.21018 14.61061 -25.71491 50.28097 13.86747 -32.12832 50.55978 14.61061 -32.30647 45.85774 13.86747 -38.17685 46.11203 14.61061 -38.38854 40.71131 13.86747 -43.62332 40.93706 14.61061 -43.86521 34.92284 13.86747 -48.38182 35.11649 14.61061 -48.6501 28.58362 13.86747 -52.3773 28.74212 14.61061 -52.66774 21.79361 13.86747 -55.54677 21.91446 14.61061 -55.85478 14.6599 13.86747 -57.84023 14.74119 14.61061 -58.16096 7.295004 13.86747 -59.22151 7.335455 14.61061 -59.5499 -0.1849435 13.86747 -59.66884 -0.1859691 14.61061 -59.99971 -7.661974 13.86747 -59.17516 -7.704461 14.61061 -59.50329 -15.01817 13.86747 -57.74824 -15.10145 14.61061 -58.06846 -22.13752 13.86747 -55.41061 -22.26028 14.61061 -55.71786 -28.90775 13.86747 -52.19911 -29.06805 14.61061 -52.48855 -35.22209 13.86747 -48.1644 -35.4174 14.61061 -48.43148 -40.98095 13.86747 -43.37011 -41.20819 14.61061 -43.6106 -46.09352 13.86747 -37.89185 -46.34911 14.61061 -38.10196 -50.47917 13.86747 -31.81601 -50.75908 14.61061 -31.99243 -54.06873 13.86747 -25.23842 -54.36854 14.61061 -25.37837 -56.80559 13.86747 -18.2628 -57.12058 14.61061 -18.36406 -58.6466 13.86747 -10.99916 -58.9718 14.61061 -11.06015 -59.56271 13.86747 -3.562059 -59.89299 14.61061 -3.581811 -59.53949 13.86747 3.931216 -59.86964 14.61061 3.953015 -58.57729 13.86747 11.36249 -58.9021 14.61061 11.4255 -56.69129 13.86747 18.61458 -57.00565 14.61061 18.7178 -53.91124 13.86747 25.5731 -54.21018 14.61061 25.71491 -50.28097 13.86747 32.12832 -50.55978 14.61061 32.30647 -45.85774 13.86747 38.17685 -46.11203 14.61061 38.38854 -40.71131 13.86747 43.62332 -40.93706 14.61061 43.86521 -34.92284 13.86747 48.38182 -35.11649 14.61061 48.6501 -14.74119 16 58.16096 -21.91446 16 55.85478 -28.74212 16 52.66774 0.1859691 16 59.99971 -7.335455 16 59.5499 15.10145 16 58.06846 7.704461 16 59.50329 29.06805 16 52.48855 22.26028 16 55.71786 41.20819 16 43.6106 35.4174 16 48.43148 50.75908 16 31.99243 46.34911 16 38.10196 57.12058 16 18.36406 54.36854 16 25.37837 59.89299 16 3.581811 58.9718 16 11.06015 58.9021 16 -11.4255 59.86964 16 -3.953015 54.21018 16 -25.71491 57.00565 16 -18.7178 46.11203 16 -38.38854 50.55978 16 -32.30647 35.11649 16 -48.6501 40.93706 16 -43.86521 21.91446 16 -55.85478 28.74212 16 -52.66774 7.335455 16 -59.5499 14.74119 16 -58.16096 -7.704461 16 -59.50329 -0.1859691 16 -59.99971 -22.26028 16 -55.71786 -15.10145 16 -58.06846 -35.4174 16 -48.43148 -29.06805 16 -52.48855 -46.34911 16 -38.10196 -41.20819 16 -43.6106 -54.36854 16 -25.37837 -50.75908 16 -31.99243 -58.9718 16 -11.06015 -57.12058 16 -18.36406 -59.86964 16 3.953015 -59.89299 16 -3.581811 -57.00565 16 18.7178 -58.9021 16 11.4255 -50.55978 16 32.30647 -54.21018 16 25.71491 -40.93706 16 43.86521 -46.11203 16 38.38854 -35.11649 16 48.6501 -28.60181 16.70711 52.41064 -28.26308 17 51.78994 -21.80748 16.70711 55.58212 -21.54922 17 54.92387 -14.66923 16.70711 57.87704 -14.49551 17 57.19161 -7.299647 16.70711 59.25921 -7.213198 17 58.55741 0.1850612 16.70711 59.70682 0.1828696 17 58.99972 7.666851 16.70711 59.21282 7.576053 17 58.51156 15.02773 16.70711 57.78499 14.84976 17 57.10065 22.15161 16.70711 55.44587 21.88927 17 54.78923 28.92615 16.70711 52.23233 28.58358 17 51.61375 35.24451 16.70711 48.19506 34.82711 17 47.62429 41.00703 16.70711 43.39772 40.52139 17 42.88376 46.12285 16.70711 37.91596 45.57663 17 37.46693 50.51129 16.70711 31.83626 49.91309 17 31.45923 54.10314 16.70711 25.25448 53.4624 17 24.95539 56.84175 16.70711 18.27442 56.16857 17 18.058 58.68392 16.70711 11.00616 57.98894 17 10.87581 59.60062 16.70711 3.564326 58.89477 17 3.522114 59.57738 16.70711 -3.933718 58.87181 17 -3.887132 58.61457 16.70711 -11.36973 57.9204 17 -11.23507 56.72737 16.70711 -18.62643 56.05555 17 -18.40583 53.94555 16.70711 -25.58938 53.30668 17 -25.28632 50.31297 16.70711 -32.14876 49.71712 17 -31.76803 45.88693 16.70711 -38.20115 45.3435 17 -37.74874 40.73723 16.70711 -43.65108 40.25478 17 -43.13412 34.94507 16.70711 -48.41261 34.53122 17 -47.83926 28.60181 16.70711 -52.41064 28.26308 17 -51.78994 21.80748 16.70711 -55.58212 21.54922 17 -54.92387 14.66923 16.70711 -57.87704 14.49551 17 -57.19161 7.299647 16.70711 -59.25921 7.213198 17 -58.55741 -0.1850612 16.70711 -59.70682 -0.1828696 17 -58.99972 -7.666851 16.70711 -59.21282 -7.576053 17 -58.51156 -15.02773 16.70711 -57.78499 -14.84976 17 -57.10065 -22.15161 16.70711 -55.44587 -21.88927 17 -54.78923 -28.92615 16.70711 -52.23233 -28.58358 17 -51.61375 -35.24451 16.70711 -48.19506 -34.82711 17 -47.62429 -41.00703 16.70711 -43.39772 -40.52139 17 -42.88376 -46.12285 16.70711 -37.91596 -45.57663 17 -37.46693 -50.51129 16.70711 -31.83626 -49.91309 17 -31.45923 -54.10314 16.70711 -25.25448 -53.4624 17 -24.95539 -56.84175 16.70711 -18.27442 -56.16857 17 -18.058 -58.68392 16.70711 -11.00616 -57.98894 17 -10.87581 -59.60062 16.70711 -3.564326 -58.89477 17 -3.522114 -59.57738 16.70711 3.933718 -58.87181 17 3.887132 -58.61457 16.70711 11.36973 -57.9204 17 11.23507 -56.72737 16.70711 18.62643 -56.05555 17 18.40583 -53.94555 16.70711 25.58938 -53.30668 17 25.28632 -50.31297 16.70711 32.14876 -49.71712 17 31.76803 -45.88693 16.70711 38.20115 -45.3435 17 37.74874 -40.73723 16.70711 43.65108 -40.25478 17 43.13412 -34.94507 16.70711 48.41261 -34.53122 17 47.83926 13.42576 17 54.94742 3.100598 17 56.47881 56.52397 17 2.123836 -7.330151 17 56.08689 -17.51128 17 53.78499 32.36845 17 46.387 23.29372 17 51.54486 46.93959 17 31.56176 40.3409 17 39.64949 51.93981 17 22.39923 49.65151 17 27.09608 55.9518 17 -8.298579 53.47425 17 -18.4384 43.20254 17 -36.51042 -13.42576 17 -54.94742 -3.100598 17 -56.47881 49.1757 17 -27.95032 35.75816 17 -43.8272 27.09608 17 -49.65151 7.330151 17 -56.08689 17.51128 17 -53.78499 -27.09608 17 49.65151 55.17129 17 12.47393 -51.93981 17 -22.39923 -56.52397 17 -2.123836 -43.20254 17 36.51042 -46.93959 17 -31.56176 -40.3409 17 -39.64949 -55.17129 17 -12.47393 -55.9518 17 8.298579 -35.75816 17 43.8272 -23.29372 17 -51.54486 -32.36845 17 -46.387 -53.47425 17 18.4384 -49.1757 17 27.95032 46.40663 22.23821 21.16236 44.7571 24.52849 21.37594 44.7571 18.49139 21.37594 43.33706 20.16283 22.24198 44.06457 19.40058 21.6967 44.05017 25.17957 21.70516 43.33706 25.66173 22.24198 42.58102 20.56068 23.21874 42.81217 20.50855 22.84862 42.39203 25.87894 23.61073 42.39203 20.51612 23.61073 42.80005 25.87723 22.86596 42.14599 25.64661 24.4494 42.08543 25.21817 25.24552 42.08543 19.47559 25.24552 42.13976 20.11478 24.48541 42.20981 24.45788 26.14362 42.47026 23.55725 26.86368 43.52602 20.26087 28.22431 42.65779 16.61124 27.21313 42.48948 17.19093 26.90363 44.43075 18.55105 28.79159 44.94002 18.06823 28.9822 44.05828 19.05095 28.59832 46.17509 17.39946 29.14832 46.5979 17.26881 29.11624 45.72142 17.58653 29.13286 47.40587 17.10734 28.92472 48.16697 17.03192 28.56437 49.37593 17.00071 27.42201 50.01572 17.00606 25.88669 49.97574 17.10656 24.22388 49.68996 17.27395 23.41758 49.4955 17.40014 23.06045 49.26288 17.56753 22.72109 48.62959 18.12767 22.06369 48.25189 18.55207 21.78759 48.00041 18.88574 21.63817 47.28614 20.26087 21.33418 -16.90111 17.40485 51.91089 -7.074737 17.40485 54.13258 2.992559 17.40485 54.51085 12.95795 17.40485 53.03282 22.48207 17.40485 49.74881 31.24059 17.40485 44.77068 38.93525 17.40485 38.26793 45.30401 17.40485 30.46201 53.24888 17.40485 12.03928 54.55443 17.40485 2.049833 54.0022 17.40485 -8.009421 51.61098 17.40485 -17.79592 47.46221 17.40485 -26.97641 41.69718 17.40485 -35.23824 34.51219 17.40485 -42.30008 26.15194 17.40485 -47.92144 16.90111 17.40485 -51.91089 7.074737 17.40485 -54.13258 -2.992559 17.40485 -54.51085 -12.95795 17.40485 -53.03282 -22.48207 17.40485 -49.74881 -31.24059 17.40485 -44.77068 -38.93525 17.40485 -38.26793 -45.30401 17.40485 -30.46201 -50.13001 17.40485 -21.61875 -53.24888 17.40485 -12.03928 -54.55443 17.40485 -2.049833 -54.0022 17.40485 8.009421 -51.61098 17.40485 17.79592 -47.46221 17.40485 26.97641 -41.69718 17.40485 35.23824 -34.51219 17.40485 42.30008 -26.15194 17.40485 47.92144 -16.38975 18.55382 50.34028 -6.860684 18.55382 52.49475 2.902017 18.55382 52.86157 12.56589 18.55382 51.42826 21.80185 18.55382 48.24362 30.29538 18.55382 43.4161 37.75723 18.55382 37.11009 43.9333 18.55382 29.54036 50.13001 17.40485 21.61875 51.63779 18.55382 11.67502 52.90384 18.55382 1.987813 52.36831 18.55382 -7.767088 50.04944 18.55382 -17.25749 46.0262 18.55382 -26.16021 40.43559 18.55382 -34.17207 33.46799 18.55382 -41.02025 25.36069 18.55382 -46.47153 16.38975 18.55382 -50.34028 6.860684 18.55382 -52.49475 -2.902017 18.55382 -52.86157 -12.56589 18.55382 -51.42826 -21.80185 18.55382 -48.24362 -30.29538 18.55382 -43.4161 -37.75723 18.55382 -37.11009 -43.9333 18.55382 -29.54036 -48.61328 18.55382 -20.96465 -51.63779 18.55382 -11.67502 -52.90384 18.55382 -1.987813 -52.36831 18.55382 7.767088 -50.04944 18.55382 17.25749 -46.0262 18.55382 26.16021 -40.43559 18.55382 34.17207 -33.46799 18.55382 41.02025 -25.36069 18.55382 46.47153 -16.06001 20.26087 49.32749 -6.722656 20.26087 51.43862 2.843632 20.26087 51.79806 12.31308 20.26087 50.39359 21.36323 20.26087 47.27302 29.68587 20.26087 42.54262 36.9976 20.26087 36.36349 43.04942 20.26087 28.94604 38.39426 20.26087 34.88562 48.61328 18.55382 20.96465 50.5989 20.26087 11.44014 51.83948 20.26087 1.947821 51.31473 20.26087 -7.610824 51.86107 20.26087 -1.247159 49.04251 20.26087 -16.91029 45.10021 20.26087 -25.6339 39.62208 20.26087 -33.48458 42.95404 20.26087 -29.08739 32.79466 20.26087 -40.19498 36.67298 20.26087 -36.69084 24.85046 20.26087 -45.53658 29.06647 20.26087 -42.9682 20.40941 20.26087 -47.69258 16.06001 20.26087 -49.32749 11.01471 20.26087 -50.69321 6.722656 20.26087 -51.43862 1.221903 20.26087 -51.86167 -2.843632 20.26087 -51.79806 -12.31308 20.26087 -50.39359 -21.36323 20.26087 -47.27302 -27.01061 20.26087 -44.28942 -29.68587 20.26087 -42.54262 -36.9976 20.26087 -36.36349 -43.04942 20.26087 -28.94604 -47.63524 20.26087 -20.54287 -50.5989 20.26087 -11.44014 -51.83948 20.26087 -1.947821 -51.31473 20.26087 7.610824 -49.04251 20.26087 16.91029 -45.10021 20.26087 25.6339 -39.62208 20.26087 33.48458 -32.79466 20.26087 40.19498 -24.85046 20.26087 45.53658 47.63524 20.26087 20.54287 27.84275 18.67898 40.92714 27.32003 18.75763 41.22778 26.79053 18.9749 41.43638 21.27074 21.03904 43.30376 24.60977 21.03904 41.49722 25.24839 20.24681 41.60504 25.99452 19.51914 41.59968 37.0416 19.29281 32.34164 37.76583 21.03904 30.02335 40.67407 21.03904 25.94764 33.00132 18.67898 36.89393 35.61155 18.67898 34.3812 36.42634 18.84167 33.38892 43.51371 21.03904 20.83786 45.68256 21.03904 15.51655 46.86174 19.67155 14.22275 49.48366 18.67898 1.271832 48.1819 18.67898 11.347 47.78892 18.84121 12.56745 47.38747 20.19935 -11.19567 47.66083 19.22205 -12.2559 48.21388 21.03904 -1.755511 47.07104 21.03904 -10.58194 48.67619 20.19935 -1.242614 49.04837 19.52079 -0.6481589 49.34261 18.9749 0.1113983 49.4395 18.78669 0.5675981 42.83658 18.67898 -24.80478 47.52791 18.67898 -13.83285 47.6523 18.75763 -13.24281 38.64947 20.19935 -29.61644 37.97398 21.03904 -29.75965 39.29998 19.52079 -29.35428 39.98449 18.9749 -28.91274 40.3997 18.75867 -28.52934 40.78068 18.67898 -28.05683 23.71225 18.67898 -43.45088 30.7676 18.75763 -38.72298 30.32014 18.67898 -39.12722 33.6803 21.03904 -34.54413 31.86136 21.03904 -36.22863 31.76657 20.24681 -36.8693 31.5309 19.51914 -37.57726 31.12961 18.9749 -38.28385 13.85997 20.19935 -46.6778 13.22932 21.03904 -46.39661 14.54034 19.52079 -46.84806 15.35365 18.9749 -46.89319 15.91492 18.75867 -46.82707 16.50088 18.67898 -46.66874 1.531111 18.67898 -49.47631 2.130714 18.75763 -49.41228 3.421673 19.51914 -48.93404 10.82853 21.03904 -47.01492 4.481728 21.03904 -48.03722 4.028458 20.24681 -48.49981 2.681701 18.9749 -49.26981 -14.64882 18.75867 -47.23845 -15.14176 18.9749 -46.96204 -2.31618 18.67898 -49.44578 -14.08171 18.67898 -47.45477 -26.79053 18.9749 -41.43638 -27.22871 18.78599 -41.27009 -16.5685 21.03904 -45.31164 -24.60977 21.03904 -41.49722 -16.22357 20.19935 -45.90982 -25.24839 20.24681 -41.60504 -15.47982 19.22205 -46.71335 -25.99452 19.51914 -41.59968 -37.71767 18.67898 -32.05662 -27.84275 18.67898 -40.92714 -27.66743 18.68837 -41.03985 -40.11026 20.19935 -27.60585 -40.03771 21.03904 -26.91917 -40.06194 19.52079 -28.30554 -39.85353 18.9749 -29.09299 -39.61721 18.75867 -29.60635 -39.28556 18.67898 -30.1147 -48.88282 18.67898 -7.792307 -46.33545 18.75763 -17.29566 -46.58163 18.67898 -16.7452 -43.82843 21.03904 -20.16751 -44.30118 21.03904 -19.10669 -44.8812 20.24681 -18.81856 -45.48168 19.51914 -18.37565 -46.02968 18.9749 -17.77566 -48.67619 20.19935 1.242614 -48.21388 21.03904 1.755511 -49.04837 19.52079 0.6481589 -49.34261 18.9749 -0.1113983 -49.45317 18.75867 -0.6656288 -49.48366 18.67898 -1.271832 -47.52791 18.67898 13.83285 -47.6523 18.75763 13.24281 -47.59639 19.51914 11.86725 -47.68707 18.9749 12.67476 -47.92658 21.03904 5.541038 -47.07104 21.03904 10.58194 -47.37092 20.24681 11.15598 -39.29998 19.52079 29.35428 -38.64947 20.19935 29.61644 -39.98449 18.9749 28.91274 -40.3997 18.75867 28.52934 -45.81518 18.67898 18.74083 -40.78068 18.67898 28.05683 -30.7676 18.75763 38.72298 -30.32014 18.67898 39.12722 -31.76657 20.24681 36.8693 -31.5309 19.51914 37.57726 -37.97398 21.03904 29.75965 -31.86136 21.03904 36.22863 -31.12961 18.9749 38.28385 -23.71225 18.67898 43.45088 -29.40795 18.67898 39.81736 -13.85997 20.19935 46.6778 -13.22932 21.03904 46.39661 -14.54034 19.52079 46.84806 -15.35365 18.9749 46.89319 -15.91492 18.75867 46.82707 -16.50088 18.67898 46.66874 -17.57483 18.67898 46.275 9.027474 18.67898 48.66985 -1.531111 18.67898 49.47631 -2.130714 18.75763 49.41228 -4.481728 21.03904 48.03722 -4.028458 20.24681 48.49981 -3.421673 19.51914 48.93404 -2.681701 18.9749 49.26981 16.22357 20.19935 45.90982 16.5685 21.03904 45.31164 15.77321 19.52079 46.44747 15.14176 18.9749 46.96204 14.64882 18.75867 47.23845 14.08171 18.67898 47.45477 30.32014 22.63438 -39.12722 23.71225 22.63438 -43.45088 16.50088 22.63438 -46.66874 47.52791 22.63438 -13.83285 44.7234 22.63438 -21.2148 40.78068 22.63438 -28.05683 -1.531111 22.63438 49.47631 6.35618 22.63438 49.09021 14.08171 22.63438 47.45477 -23.71225 22.63438 43.45088 -30.32014 22.63438 39.12722 -16.50088 22.63438 46.66874 -47.52791 22.63438 13.83285 -44.7234 22.63438 21.2148 -40.78068 22.63438 28.05683 -46.58163 22.63438 -16.7452 -48.65173 22.63438 -9.124624 -49.48366 22.63438 -1.271832 -27.84275 22.63438 -40.92714 -33.99676 22.63438 -35.97875 -39.28556 22.63438 -30.1147 1.531111 22.63438 -49.47631 -6.35618 22.63438 -49.09021 -14.08171 22.63438 -47.45477 48.1819 22.63438 11.347 49.48366 22.63438 1.271832 27.84275 22.63438 40.92714 35.61155 22.63438 34.3812 11.87211 26.68392 -45.16481 11.23602 28.22007 -43.63487 11.23602 25.12792 -43.63487 11.61707 23.9514 -44.73999 12.57398 22.08838 -45.94282 12.55392 25.61726 -45.92565 13.83385 24.09973 -46.66867 13.00169 25.02841 -46.26047 15.47671 22.88046 -46.88555 14.53729 23.47156 -46.84757 15.98392 22.69992 -46.81332 11.47539 27.12359 -45.90703 10.72544 28.71299 -44.08359 12.79718 25.41069 -47.21761 14.58959 23.79988 -47.92699 15.68445 23.18828 -47.97967 16.27502 23.00148 -47.89811 16.87642 22.93368 -47.73086 8.792493 32 -33.8776 9.385197 31.39696 -33.76644 10.35385 30.58776 -38.9312 9.805233 31.16275 -39.21872 19.91782 22.93368 -46.54384 31.01019 22.93368 -40.0177 28.36636 22.93368 -41.93326 31.05695 22.88072 -38.38276 30.71958 22.69928 -38.77256 31.7631 24.09972 -36.88422 31.53331 23.47228 -37.57177 31.8343 22.08838 -35.43198 31.8307 25.61725 -35.40582 31.87003 25.0308 -35.96125 31.34047 23.9514 -33.97644 31.55949 26.6846 -34.42015 30.61724 25.12792 -33.05804 30.61724 28.22007 -33.05804 31.4741 23.00083 -39.60461 31.86475 23.18855 -39.14937 32.78559 25.41316 -36.30671 32.41284 23.80062 -38.19962 32.39828 27.12429 -34.48798 31.27086 28.71299 -32.87143 27.69386 31.15559 -29.48099 23.7329 32 -25.7245 27.15471 30.58084 -29.78626 23.31938 31.39696 -26.16221 31.63721 27.83222 -25.76695 29.1933 28.79854 -23.45768 25.59227 28.66272 -28.30989 28.06085 28.97314 -22.3876 23.28549 29 -26.13018 27.40631 29 -21.76912 34.62875 25.26174 -28.5937 32.66749 27.15008 -26.74048 29.0146 26.7767 -31.54369 27.99789 27.53612 -30.58298 37.17707 22.08838 -29.77772 35.69592 23.9514 -29.36707 34.73806 25.12792 -28.69699 30.50794 25.26173 -32.95476 36.15194 26.68392 -29.56085 34.73806 28.22007 -28.69699 37.15087 25.61714 -29.77564 38.62292 24.09978 -29.62443 37.70981 25.02841 -29.7833 40.07956 22.88046 -28.83423 39.29723 23.47156 -29.35568 40.44744 22.69992 -28.47766 23.75641 29 -18.32029 19.63559 29 -22.68135 15.38383 31.39696 -18.66381 15.38383 28.49141 -18.66381 48.60959 22.93368 -14.14767 46.53413 22.93368 -19.94049 41.91944 22.93368 -28.38678 41.7088 22.93368 -28.69537 47.6426 22.69928 -13.31114 47.68642 22.88072 -12.79749 47.37689 24.09972 -11.17007 47.59512 23.47228 -11.86138 46.58088 22.08838 -9.953339 46.56259 25.61725 -9.9343 46.92089 25.0308 -10.36053 45.32582 23.9514 -9.06605 45.76382 26.6846 -9.296279 44.2009 25.12792 -8.748157 44.2009 28.22007 -8.748157 48.74208 23.00083 -13.54079 48.79054 23.18855 -12.94288 47.86465 25.41316 -10.10186 48.67572 23.80062 -11.85235 46.48229 27.12429 -8.858128 44.62 28.71299 -8.213001 39.73329 31.15559 -7.572578 34.24353 31.39696 -7.458881 34.32079 32 -6.861709 37.98913 31.61721 -7.34354 39.47655 30.58084 -8.13645 36.26726 27.12359 -30.39451 34.58874 28.71299 -29.36012 38.10696 25.41069 -30.67786 39.974 23.79988 -30.1982 40.89073 23.18828 -29.59728 41.32057 23.00148 -29.18417 27.02603 32 -22.23946 27.4402 31.39696 -21.80115 31.25963 30.58776 -25.41017 30.98479 31.16275 -25.96524 19.50465 31.39696 -14.30275 19.50465 28.49141 -14.30275 18.54424 28.35152 -12.89655 18.28587 28.28484 -11.91586 17.73244 28.28484 -12.72483 13.92553 28.35152 -17.78453 13.19392 28.28484 -17.38623 12.93178 28.28484 -17.58209 35.63884 28.98484 -1.589459 34.19728 29 -7.452893 37.34466 28.66274 -7.860414 39.06385 28.42403 -2.032928 40.62694 27.53614 -8.285403 40.55773 27.90788 -2.226355 44.05177 25.26173 -8.728848 44.82223 25.26171 -2.778521 43.60031 26.23419 -2.620307 42.01417 26.77673 -8.465021 44.97135 25.12792 -2.797828 46.14014 23.9514 -2.776924 47.57979 22.08838 -2.238546 34.96773 29 -1.502564 46.62297 26.68392 -2.66565 44.97135 28.22007 -2.797828 47.55738 25.61713 -2.252256 48.65943 24.09973 -1.264635 48.01407 25.02841 -1.929927 49.37338 22.88046 0.2307932 49.04696 23.47156 -0.6509099 49.46141 22.69992 0.7355008 29.98774 29 -0.8577563 29.21729 29 -6.808085 23.41609 31.39696 -6.056949 23.41609 28.49141 -6.056949 21.81938 28.28484 -0.5247141 21.71947 28.35152 -6.202769 24.18654 28.49141 -0.1066198 22.58301 28.35152 0.466503 20.79652 28.28484 -6.623097 21.79755 28.28484 1.108036 50.60985 22.93368 1.300777 50.58307 23.00148 0.6771281 50.47814 23.18828 0.09026843 50.0897 23.79988 -0.9347247 48.86116 25.41069 -2.420201 47.20627 27.12359 -3.27231 45.24032 28.71299 -3.422077 35.01398 31.39696 -1.508552 24.18654 31.39696 -0.1066198 40.22529 30.58776 -2.183311 40.3292 31.16275 -2.793919 34.93655 32 -2.106598 49.92765 22.93368 8.383246 49.27846 22.93368 11.60524 47.87918 22.73838 12.33908 47.46356 23.02953 13.25939 47.2312 23.22212 13.66827 45.05799 21.78928 16.01359 46.39279 23.97799 14.80706 45.03755 25.21417 16.02823 42.12264 24.66673 17.32435 43.60717 26.42912 16.83991 42.149 27.54535 17.31847 38.9083 26.92561 17.3738 40.20296 28.83819 17.51084 38.91883 29.5676 17.37578 41.40114 25.24415 17.44961 36.56264 30.6365 16.53551 38.36818 29.84958 17.25215 36.7119 28.03373 16.61493 36.56264 28.09626 16.53551 38.4407 30.39898 17.94067 40.4755 29.35253 18.24306 44.24153 26.85996 17.54776 47.31476 24.32386 15.35863 48.49248 23.34252 13.68175 48.94812 23.04128 12.68289 36.43334 31.21318 17.13992 31.799 32 14.62271 32.08782 31.39696 14.09348 37.86034 25.26169 24.15265 40.50354 25.26169 19.39635 33.97108 28.03434 21.67153 36.34276 28.03434 17.40383 29.50706 29 18.82375 31.56708 29 15.11686 37.36008 24.66673 26.05138 37.84592 21.78928 29.22917 35.66255 26.92561 23.3214 37.07505 25.24415 25.37683 33.68843 28.09626 21.80228 31.33166 28.79838 20.51613 33.83598 28.03373 21.88484 34.25715 28.78862 15.27734 32.04689 29 14.07114 29.17267 29 19.33792 35.66997 29.56758 23.32922 33.68843 30.6365 21.80228 35.26479 29.85167 22.93002 37.36943 27.5453 26.0768 36.47697 28.8396 24.33413 37.84714 25.2141 29.20417 37.75627 26.42725 27.56445 37.04938 23.22213 32.32568 37.55451 23.98042 31.00069 36.28185 22.7383 33.59019 36.83089 23.02929 32.74294 24.76476 29 16.93241 27.63898 29 11.66563 22.5042 31.39696 8.86346 22.5042 28.49141 8.86346 19.62999 28.49141 14.13023 18.3236 28.28484 11.85776 17.99583 28.35152 13.65137 20.7177 28.28484 6.865689 21.21732 28.35152 7.74824 16.9833 28.28484 13.7087 36.42203 22.93368 35.16368 37.14932 23.04119 34.30316 37.74275 23.34228 33.37978 38.51728 24.32637 31.47728 38.69486 26.85803 27.7152 37.24006 29.35399 24.16697 35.88268 30.40114 22.61817 34.12678 31.21318 21.36652 29.21361 31.39696 19.36026 19.62999 31.39696 14.13023 29.50249 32 18.83091 30.34923 22.93368 40.52126 28.47642 22.93368 41.8586 26.90705 22.88072 41.39784 27.38202 22.69928 41.19744 25.26364 24.09972 41.60635 25.98855 23.47228 41.60028 23.86047 22.08838 41.2253 23.83671 25.61725 41.21379 24.3528 25.0308 41.42284 22.62878 23.9514 40.30585 22.98309 26.6846 40.65127 21.97882 25.12792 39.33423 21.97882 28.22007 39.33423 22.7884 27.12429 41.46997 24.39843 25.41316 42.40034 26.31388 23.80062 42.63078 27.38651 23.18855 42.40299 27.94019 23.00083 42.17214 21.59937 28.71299 39.89818 17.13081 32 30.52107 19.48021 31.15559 35.44855 19.93715 30.58084 35.03013 17.67565 31.39696 30.26262 16.83195 22.08838 44.55932 21.91437 25.26174 39.19834 16.5578 25.12792 41.90571 16.8991 23.9514 43.02376 16.49335 25.26174 41.76984 15.3369 27.15008 39.33189 20.75792 27.15008 36.76041 20.15043 27.8322 35.47975 14.72941 27.8322 38.05124 14.51116 28.03444 37.59114 19.93218 28.03444 35.01964 17.65567 29 30.22048 18.04164 28.97314 31.03416 12.62062 28.97314 33.60565 13.28837 28.79854 35.01335 18.70939 28.79854 32.44186 12.23465 29 32.79197 16.94247 26.68392 43.51734 16.5578 28.22007 41.90571 16.83809 25.61726 44.53364 16.23933 24.09973 45.88708 16.67263 25.02841 45.06771 15.03772 22.88046 47.02819 15.7754 23.47156 46.44529 14.58491 22.69992 47.26788 15.50351 29 25.68348 10.08249 29 28.25497 12.99647 31.39696 20.39833 12.99647 28.49141 20.39833 7.575453 28.49141 22.96982 8.459958 28.28484 20.11939 6.534862 28.35152 21.62187 12.72542 28.28484 17.73202 12.61087 28.35152 18.73969 5.682007 28.28484 21.0731 -1.565957 22.93368 50.60234 3.623953 22.93368 50.49669 13.11502 22.93368 48.89831 14.40219 22.93368 48.53479 -2.564781 22.88072 49.30712 -2.062726 22.69928 49.42418 -4.016891 24.09972 48.50984 -3.426855 23.47228 48.93101 -4.928097 22.08838 47.3768 -4.940553 25.61725 47.35353 -4.645901 25.0308 47.826 -5.384124 23.9514 45.90898 -5.300511 26.6846 46.39669 -5.338838 25.12792 44.74089 -5.338838 28.22007 44.74089 -2.184071 23.00083 50.54081 -2.767701 23.18855 50.40213 -5.183549 25.41316 48.64363 -3.769366 23.80062 49.95594 -5.939238 27.12429 46.94459 -5.977311 28.71299 44.9741 -5.076313 31.15559 40.12866 -3.488017 31.39696 34.87246 -4.296595 31.96112 35.92658 -4.755165 31.61721 38.39909 -4.460701 30.58084 40.05873 -4.079836 32 34.7614 17.69969 27.12359 43.88463 17.23462 28.71299 41.96863 17.40068 25.41069 45.72185 16.36755 23.79988 47.34929 15.51275 23.18828 48.03546 14.98704 23.00148 48.3166 12.25463 31.39696 32.83411 7.575453 31.39696 22.96982 14.50675 30.58776 37.58184 12.79948 32 32.57566 15.11958 31.16275 37.49198 -10.44961 27.83222 39.44179 -9.829804 28.79854 36.13705 -4.064447 28.66272 37.94594 -9.5426 28.97314 34.6057 -3.47942 29 34.82662 -9.376601 29 33.72061 -11.20829 25.26174 43.48705 -10.7109 27.15008 40.83497 -4.932388 26.7767 42.57373 -4.674539 27.53612 41.1989 -12.57398 22.08838 45.94282 -11.61707 23.9514 44.73999 -11.23602 25.12792 43.63487 -5.311118 25.26173 44.59308 -11.87211 26.68392 45.16481 -11.23602 28.22007 43.63487 -12.55392 25.61726 45.92565 -13.83385 24.09973 46.66867 -13.00169 25.02841 46.26047 -15.47671 22.88046 46.88555 -14.53729 23.47156 46.84757 -15.98392 22.69992 46.81332 -8.450945 29 28.78509 -2.553765 29 29.89111 -1.47547 31.39696 24.14173 -1.47547 28.49141 24.14173 -7.37265 28.49141 23.03571 -4.34371 28.28484 21.38908 -7.422204 28.35152 21.33356 -0.1275381 28.28484 21.82532 -0.812502 28.35152 22.57321 -7.789617 28.28484 20.38829 -31.01019 22.93368 40.0177 -24.25191 22.93368 44.43977 -16.87642 22.93368 47.73086 -31.05695 22.88072 38.38276 -30.71958 22.69928 38.77256 -31.7631 24.09972 36.88422 -31.53331 23.47228 37.57177 -31.8343 22.08838 35.43198 -31.8307 25.61725 35.40582 -31.87003 25.0308 35.96125 -31.34047 23.9514 33.97644 -31.55949 26.6846 34.42015 -30.61724 25.12792 33.05804 -30.61724 28.22007 33.05804 -31.4741 23.00083 39.60461 -32.41284 23.80062 38.19962 -32.08005 23.36466 38.83586 -32.78559 25.41316 36.30671 -32.39828 27.12429 34.48798 -31.27086 28.71299 32.87143 -31.86475 23.18855 39.14937 -27.69386 31.15559 29.48099 -23.31938 31.39696 26.16221 -23.7329 32 25.7245 -26.41743 31.61721 28.2705 -27.15471 30.58084 29.78626 -11.47539 27.12359 45.90703 -10.72544 28.71299 44.08359 -12.79718 25.41069 47.21761 -14.58959 23.79988 47.92699 -15.68445 23.18828 47.97967 -16.27502 23.00148 47.89811 -9.385197 31.39696 33.76644 -7.37265 31.39696 23.03571 -10.35385 30.58776 38.9312 -8.792493 32 33.8776 -9.805233 31.16275 39.21872 10.44961 27.83222 -39.44179 9.829804 28.79854 -36.13705 4.064447 28.66272 -37.94594 9.5426 28.97314 -34.6057 3.47942 29 -34.82662 9.376601 29 -33.72061 11.20829 25.26174 -43.48705 10.7109 27.15008 -40.83497 4.932388 26.7767 -42.57373 4.674539 27.53612 -41.1989 5.384124 23.9514 -45.90898 5.311118 25.26173 -44.59308 5.338838 25.12792 -44.74089 4.928097 22.08838 -47.3768 2.564781 22.88072 -49.30712 2.062726 22.69928 -49.42418 4.016891 24.09972 -48.50984 3.426855 23.47228 -48.93101 4.940553 25.61725 -47.35353 4.645901 25.0308 -47.826 5.300511 26.6846 -46.39669 5.338838 28.22007 -44.74089 8.450945 29 -28.78509 2.553765 29 -29.89111 7.37265 31.39696 -23.03571 7.37265 28.49141 -23.03571 7.422204 28.35152 -21.33356 7.483072 28.28484 -20.50279 1.107317 28.28484 -21.79758 7.789617 28.28484 -20.38829 0.812502 28.35152 -22.57321 1.47547 28.49141 -24.14173 0.1275381 28.28484 -21.82532 1.565957 22.93368 -50.60234 2.184071 23.00083 -50.54081 2.767701 23.18855 -50.40213 5.183549 25.41316 -48.64363 3.769366 23.80062 -49.95594 5.939238 27.12429 -46.94459 5.977311 28.71299 -44.9741 3.488017 31.39696 -34.87246 1.47547 31.39696 -24.14173 4.460701 30.58084 -40.05873 5.076313 31.15559 -40.12866 4.079836 32 -34.7614 1.192472 22.93368 -50.61251 -8.40756 22.93368 -49.92356 -14.40219 22.93368 -48.53479 -16.94247 26.68392 -43.51734 -16.5578 28.22007 -41.90571 -16.5578 25.12792 -41.90571 -16.8991 23.9514 -43.02376 -16.83195 22.08838 -44.55932 -16.83809 25.61726 -44.53364 -16.23933 24.09973 -45.88708 -16.67263 25.02841 -45.06771 -15.03772 22.88046 -47.02819 -15.7754 23.47156 -46.44529 -14.58491 22.69992 -47.26788 -17.69969 27.12359 -43.88463 -17.23462 28.71299 -41.96863 -17.40068 25.41069 -45.72185 -16.36755 23.79988 -47.34929 -15.51275 23.18828 -48.03546 -14.98704 23.00148 -48.3166 -12.79948 32 -32.57566 -12.25463 31.39696 -32.83411 -14.50675 30.58776 -37.58184 -15.11958 31.16275 -37.49198 -14.72941 27.8322 -38.05124 -13.28837 28.79854 -35.01335 -19.01584 28.66274 -33.08789 -12.62062 28.97314 -33.60565 -17.65567 29 -30.22048 -12.23465 29 -32.79197 -16.49335 25.26174 -41.76984 -15.3369 27.15008 -39.33189 -21.0338 26.77673 -37.34201 -20.4343 27.53614 -36.07819 -23.86047 22.08838 -41.2253 -22.62878 23.9514 -40.30585 -21.97882 25.12792 -39.33423 -21.91437 25.26173 -39.19836 -26.90705 22.88072 -41.39784 -27.38202 22.69928 -41.19744 -25.26359 24.09976 -41.60635 -25.98855 23.47228 -41.60028 -23.8369 25.61703 -41.21389 -24.3528 25.0308 -41.42284 -22.98309 26.6846 -40.65127 -21.97882 28.22007 -39.33423 -15.50351 29 -25.68348 -10.08249 29 -28.25497 -7.575453 31.39696 -22.96982 -7.575453 28.49141 -22.96982 -11.36411 28.28484 -18.63378 -12.99647 28.49141 -20.39833 -6.534862 28.35152 -21.62187 -12.61087 28.35152 -18.73969 -12.72542 28.28484 -17.73202 -5.682007 28.28484 -21.0731 -28.47642 22.93368 -41.8586 -27.94019 23.00083 -42.17214 -27.38651 23.18855 -42.40299 -24.39843 25.41316 -42.40034 -26.31388 23.80062 -42.63078 -22.7884 27.12429 -41.46997 -21.59937 28.71299 -39.89818 -17.67565 31.39696 -30.26262 -12.99647 31.39696 -20.39833 -19.93715 30.58084 -35.03013 -19.48021 31.15559 -35.44855 -17.13158 32 -30.52063 -34.0636 22.93368 -37.4529 -40.17965 22.93368 -30.80007 -39.2856 26.68392 -25.24774 -38.02711 28.22007 -24.17 -38.02711 25.12792 -24.17 -38.96039 23.9514 -24.87391 -39.80864 22.08838 -26.15568 -39.79852 25.61726 -26.13129 -40.10964 24.09973 -27.57819 -39.97858 25.02841 -26.66062 -39.80825 22.88046 -29.20766 -40.06242 23.47156 -28.30248 -39.5828 22.69992 -29.66772 -40.11409 27.12359 -25.0998 -38.61164 28.71299 -23.82308 -40.95207 25.41069 -26.76189 -41.07284 23.79988 -28.68578 -40.78462 23.18828 -29.74334 -40.52455 23.00148 -30.27979 -29.50249 32 -18.83091 -29.21361 31.39696 -19.36026 -33.82626 30.58776 -21.8775 -34.26923 31.16275 -21.44458 -35.51367 28.47429 -15.96305 -36.84517 27.97532 -16.68969 -33.71796 28.08401 -21.81839 -32.39385 28.54728 -21.0958 -29.17267 29 -19.33792 -32.47601 28.99209 -14.30533 -32.04689 29 -14.07114 -39.33233 26.51097 -18.04699 -40.76932 25.26172 -18.8312 -37.89511 25.26172 -24.09797 -36.45812 26.51097 -23.31377 -43.53515 22.08838 -19.32714 -41.99825 23.9514 -19.30726 -40.90132 25.12792 -18.90323 -46.1013 22.88072 -17.67599 -46.36777 22.69928 -17.23468 -44.89431 24.09972 -18.81066 -45.47721 23.47228 -18.37965 -43.50917 25.61725 -19.33179 -44.04956 25.0308 -19.19756 -42.48792 26.6846 -19.37845 -40.90132 28.22007 -18.90323 -24.76476 29 -16.93241 -27.63898 29 -11.66563 -19.62999 31.39696 -14.13023 -19.62999 28.49141 -14.13023 -22.5042 28.49141 -8.86346 -17.99583 28.35152 -13.65137 -19.88625 28.28484 -8.994323 -21.21732 28.35152 -7.74824 -20.7177 28.28484 -6.865689 -16.9833 28.28484 -13.7087 -47.64177 22.93368 -17.1263 -47.39225 23.00083 -17.69515 -47.08001 23.18855 -18.20736 -44.66104 25.41316 -19.96156 -46.34612 23.80062 -19.02211 -42.81164 27.12429 -20.15523 -40.92582 28.71299 -19.58252 -32.08782 31.39696 -14.09348 -22.5042 31.39696 -8.86346 -36.71968 30.58084 -16.62121 -36.59595 31.15559 -17.2283 -31.79932 32 -14.62202 -48.90469 22.93368 -13.09121 -50.49845 22.93368 -3.599361 -50.60985 22.93368 -1.300777 -46.62297 26.68392 2.66565 -44.97135 28.22007 2.797828 -44.97135 25.12792 2.797828 -46.14014 23.9514 2.776924 -47.57979 22.08838 2.238546 -47.55727 25.61726 2.252322 -48.65943 24.09973 1.264635 -48.01407 25.02841 1.929927 -49.37338 22.88046 -0.2307932 -49.04696 23.47156 0.6509099 -49.46141 22.69992 -0.7355008 -47.20627 27.12359 3.27231 -45.24032 28.71299 3.422077 -48.86116 25.41069 2.420201 -50.0897 23.79988 0.9347247 -50.47814 23.18828 -0.09026843 -50.58307 23.00148 -0.6771281 -34.93655 32 2.106598 -35.01398 31.39696 1.508552 -40.22529 30.58776 2.183311 -40.3292 31.16275 2.793919 -40.74052 27.8322 2.250022 -37.406 28.79854 1.818271 -37.34466 28.66274 7.860414 -35.86085 28.97314 1.618206 -34.19728 29 7.452893 -34.96773 29 1.502564 -44.8222 25.26174 2.778516 -42.14622 27.15008 2.432031 -42.01417 26.77673 8.465021 -40.62694 27.53614 8.285403 -45.32582 23.9514 9.06605 -44.05177 25.26173 8.728848 -44.2009 25.12792 8.748157 -46.58088 22.08838 9.953339 -47.68642 22.88072 12.79749 -47.6426 22.69928 13.31114 -47.37689 24.09972 11.17007 -47.59512 23.47228 11.86138 -46.56259 25.61725 9.9343 -46.92089 25.0308 10.36053 -45.76382 26.6846 9.296279 -44.2009 28.22007 8.748157 -29.98774 29 0.8577563 -29.21729 29 6.808085 -24.18654 31.39696 0.1066198 -24.18654 28.49141 0.1066198 -23.41609 28.49141 6.056949 -22.58301 28.35152 -0.466503 -21.49747 28.28484 3.770863 -21.71947 28.35152 6.202769 -20.79652 28.28484 6.623097 -21.79755 28.28484 -1.108036 -48.60959 22.93368 14.14767 -48.74208 23.00083 13.54079 -48.79054 23.18855 12.94288 -47.86465 25.41316 10.10186 -48.67572 23.80062 11.85235 -46.48229 27.12429 8.858128 -44.62 28.71299 8.213001 -34.24353 31.39696 7.458881 -23.41609 31.39696 6.056949 -39.47655 30.58084 8.13645 -39.73329 31.15559 7.572578 -34.32079 32 6.861709 -48.21889 22.93368 15.42685 -44.42796 22.93368 24.27355 -41.7088 22.93368 28.69537 -36.15194 26.68392 29.56085 -34.73806 28.22007 28.69699 -34.73806 25.12792 28.69699 -35.69592 23.9514 29.36707 -37.17707 22.08838 29.77772 -37.15075 25.61726 29.77563 -38.62298 24.09973 29.62441 -37.70981 25.02841 29.7833 -40.07956 22.88046 28.83423 -39.29723 23.47156 29.35568 -40.44744 22.69992 28.47766 -31.63721 27.83222 25.76695 -29.1933 28.79854 23.45768 -25.59227 28.66272 28.30989 -28.06085 28.97314 22.3876 -23.28549 29 26.13018 -27.40631 29 21.76912 -34.62875 25.26174 28.5937 -32.66749 27.15008 26.74048 -29.0146 26.7767 31.54369 -27.99789 27.53612 30.58298 -30.50794 25.26173 32.95476 -19.63559 29 22.68135 -23.75641 29 18.32029 -15.38383 31.39696 18.66381 -15.38383 28.49141 18.66381 -19.50465 28.49141 14.30275 -18.54424 28.35152 12.89655 -15.63784 28.28484 15.22559 -13.92553 28.35152 17.78453 -12.93178 28.28484 17.58209 -18.28587 28.28484 11.91586 -36.26726 27.12359 30.39451 -34.58874 28.71299 29.36012 -38.10696 25.41069 30.67786 -39.974 23.79988 30.1982 -40.89073 23.18828 29.59728 -41.32057 23.00148 29.18417 10.66572 23.59022 -49.08708 10.01269 27.27443 -46.08163 8.215615 31.61706 -37.81089 9.176169 30.01498 -42.23167 7.431457 32 -34.20195 35.51106 23.59022 -35.52836 33.33683 27.27443 -33.35306 27.35353 31.61706 -27.36685 30.55165 30.01498 -30.56653 24.74271 32 -24.75476 50.21794 23.59022 -1.207645 49.08189 23.59022 -10.68963 47.06956 23.59022 17.54298 36.90773 30.01498 22.48411 40.27235 27.27443 24.53383 29.89028 32 18.2091 33.04426 31.61706 20.1305 21.9598 23.59022 45.17817 20.61527 27.27443 42.41204 16.91524 31.61706 34.79993 18.89293 30.01498 38.86867 15.30072 32 31.47837 -5.951405 23.59022 49.87865 -27.8797 31.962 23.04253 -30.98479 31.16275 25.96524 -26.98376 32 22.29073 -38.72745 23.59022 31.99194 -49.87575 23.59022 5.975695 -46.82201 27.27443 5.609821 -38.41839 31.61706 4.60297 -42.91019 30.01498 5.14114 -34.75146 32 4.163629 -45.18886 23.59022 -21.93779 -42.42208 27.27443 -20.59461 -34.80816 31.61706 -16.89829 -38.87786 30.01498 -18.874 -31.48582 32 -15.28539 -17.5659 23.59022 -47.06101 -26.15482 23.59022 -42.88618 -27.02603 32 22.23946 -4.146705 32 34.75349 -27.4402 31.39696 21.80115 -19.50465 31.39696 14.30275 -31.25963 30.58776 25.41017 2.068173 32 -24.03057 0.812502 31.39696 -22.57321 -0.4428341 31.39696 -21.42259 -2.063026 31.39696 -20.89842 -0.4444368 28.20839 -21.42166 -1.22167 28.08334 -21.07427 -2.063026 28.0245 -20.89842 -3.32761 31.39696 -20.73468 -4.185168 28.08324 -20.69041 -5.027874 28.20866 -20.82892 -3.32761 28.0245 -20.73468 -6.534862 31.39696 -21.62187 -5.027874 31.39696 -20.82892 -8.1203 32 -22.71137 -2.003784 32 -20.2983 -0.1393331 32 -20.9015 1.305257 32 -22.22558 -3.232054 32 -20.13926 -6.92283 32 -21.16021 -5.18865 32 -20.24772 -12.45162 32 -20.65678 -15.19024 32 -26.43012 -12.61087 31.39696 -18.73969 -12.95014 31.39696 -17.07095 -13.95281 31.39696 -15.69456 -12.95089 28.20839 -17.06925 -13.3755 28.08334 -16.33137 -13.95281 28.0245 -15.69456 -14.87963 31.39696 -14.81879 -15.54739 28.08324 -14.27891 -16.31057 28.20866 -13.89564 -14.87963 28.0245 -14.81879 -17.99583 31.39696 -13.65137 -16.31057 31.39696 -13.89564 -21.67024 32 -14.55666 -19.91887 32 -13.60089 -13.55214 32 -15.24387 -12.39831 32 -16.82777 -12.00789 32 -18.74808 -14.45235 32 -14.39325 -18.03835 32 -13.04983 -16.09902 32 -13.33093 -23.9667 32 -10.34857 -22.21533 32 -9.392804 -21.21732 31.39696 -7.74824 -20.51094 31.39696 -6.198785 -20.51309 31.39696 -4.495913 -20.51055 28.20839 -6.196973 -20.42034 28.08334 -5.350431 -20.51309 28.0245 -4.495913 -20.74814 31.39696 -3.242624 -20.97103 28.08324 -2.413356 -21.36318 28.20866 -1.654699 -20.74814 28.0245 -3.242624 -22.58301 31.39696 -0.466503 -21.36318 31.39696 -1.654699 -24.1091 32 0.704665 -19.92403 32 -4.366807 -19.92156 32 -6.326404 -20.73443 32 -8.109455 -20.15234 32 -3.149508 -22.26383 32 0.04513853 -20.8601 32 -1.322189 -23.49353 32 5.458903 -21.71947 31.39696 6.202769 -20.23726 31.39696 7.041106 -19.23807 31.39696 8.420022 -20.23587 28.20839 7.042342 -19.66531 28.08334 7.674187 -19.23807 28.0245 8.420022 -18.69157 31.39696 9.572114 -18.38446 28.08324 10.37402 -18.25579 28.20866 11.21828 -18.69157 28.0245 9.572114 -18.54424 31.39696 12.89655 -18.25579 31.39696 11.21828 -19.09048 32 14.74106 -18.69583 28.0245 9.563792 -18.68563 32 8.178232 -19.83545 32 6.591432 -21.54113 32 5.626708 -18.15482 32 9.297242 -17.98528 32 13.12287 -17.65334 32 11.19159 -15.798 32 18.2255 -13.92553 31.39696 17.78453 -12.23362 31.39696 17.59153 -10.61476 31.39696 18.11979 -12.23178 28.20839 17.59172 -11.3988 28.08334 17.76753 -10.61476 28.0245 18.11979 -9.495447 31.39696 18.73063 -8.775644 28.08324 19.19887 -8.175299 28.20866 19.80627 -9.495447 28.0245 18.73063 -7.422204 31.39696 21.33356 -8.175299 31.39696 19.80627 -6.779946 32 23.14687 -10.05974 28.0245 18.43371 -10.30994 32 17.59946 -12.17287 32 16.99156 -14.11984 32 17.21366 -9.222775 32 18.19276 -6.836971 32 21.18811 -7.703602 32 19.43056 -2.068173 32 24.03057 -0.812502 31.39696 22.57321 0.4428341 31.39696 21.42259 2.063026 31.39696 20.89842 0.4444368 28.20839 21.42166 1.22167 28.08334 21.07427 2.063026 28.0245 20.89842 3.32761 31.39696 20.73468 4.185168 28.08324 20.69041 5.027874 28.20866 20.82892 3.32761 28.0245 20.73468 6.534862 31.39696 21.62187 5.027874 31.39696 20.82892 8.1203 32 22.71137 2.07233 28.0245 20.8975 2.003784 32 20.2983 0.1393331 32 20.9015 -1.305257 32 22.22558 3.232054 32 20.13926 6.92283 32 21.16021 5.18865 32 20.24772 19.91887 32 13.60089 14.87963 31.39696 14.81879 15.5481 28.08334 14.27845 16.30883 28.20839 13.89629 14.87963 28.0245 14.81879 17.99583 31.39696 13.65137 16.31057 31.39696 13.89564 12.61087 31.39696 18.73969 12.95014 31.39696 17.07095 13.95281 31.39696 15.69456 12.95014 28.20866 17.07095 13.376 28.08324 16.33069 13.95281 28.0245 15.69456 12.45162 32 20.65678 18.03835 32 13.04983 16.09902 32 13.33093 14.45235 32 14.39325 13.55214 32 15.24387 12.39831 32 16.82777 12.00789 32 18.74808 24.1091 32 -0.704665 20.74814 31.39696 3.242624 20.97134 28.08334 2.412571 21.36216 28.20839 1.656246 20.74814 28.0245 3.242624 22.58301 31.39696 0.466503 21.36318 31.39696 1.654699 21.21732 31.39696 7.74824 20.51094 31.39696 6.198785 20.51309 31.39696 4.495913 20.51094 28.20866 6.198785 20.42034 28.08324 5.349589 20.51309 28.0245 4.495913 22.21533 32 9.392804 22.26383 32 -0.04513853 20.8601 32 1.322189 20.15234 32 3.149508 19.92403 32 4.366807 19.92156 32 6.326404 20.73443 32 8.109455 23.49353 32 -5.458903 21.71947 31.39696 -6.202769 20.23726 31.39696 -7.041106 19.23807 31.39696 -8.420022 20.23587 28.20839 -7.042342 19.66531 28.08334 -7.674187 19.23807 28.0245 -8.420022 18.69157 31.39696 -9.572114 18.38446 28.08324 -10.37402 18.25579 28.20866 -11.21828 18.69157 28.0245 -9.572114 18.54424 31.39696 -12.89655 18.25579 31.39696 -11.21828 19.09048 32 -14.74106 18.68563 32 -8.178232 19.83545 32 -6.591432 21.54113 32 -5.626708 18.15482 32 -9.297242 17.98528 32 -13.12287 17.65334 32 -11.19159 6.779946 32 -23.14687 9.495447 31.39696 -18.73063 8.775644 28.08324 -19.19887 8.175299 28.20866 -19.80627 9.495447 28.0245 -18.73063 7.422204 31.39696 -21.33356 8.175299 31.39696 -19.80627 -9.580706 26.29245 17.55591 -3.980365 26.29245 19.59992 -4.007429 27.01733 19.73318 1.987067 27.01733 20.0377 -1.611777 26.29245 19.93495 1.973648 26.29245 19.90238 6.635843 26.29245 18.86705 7.805003 27.01733 18.56178 7.752294 26.29245 18.43643 12.84211 26.29245 15.33232 12.92943 27.01733 15.43657 16.90502 27.01733 10.93975 13.73606 26.29245 14.53687 16.79086 26.29245 10.86587 18.4612 26.29245 7.693129 19.37853 27.01733 5.470885 19.24766 26.29245 5.433938 19.99422 26.29245 -0.4808225 20.13017 27.01733 -0.4840917 18.96421 26.29245 -6.35286 19.09315 27.01733 -6.396055 16.35962 27.01733 -11.7397 18.07006 26.29245 -8.571636 16.24914 26.29245 -11.66042 13.02142 26.29245 -15.18033 12.17247 27.01733 -16.04022 12.09027 26.29245 -15.9319 6.857123 26.29245 -18.78776 6.903747 27.01733 -18.9155 1.021591 27.01733 -20.11005 5.721264 26.29245 -19.16422 1.014692 26.29245 -19.97424 -2.568154 26.29245 -19.83443 -4.951337 27.01733 -19.51774 -4.9179 26.29245 -19.38593 -10.41351 26.29245 -17.07509 -10.48432 27.01733 -17.19119 -14.98384 26.29245 -13.24705 -15.08572 27.01733 -13.33712 -18.34669 27.01733 -8.298 -16.45829 26.29245 -11.36331 -18.22279 26.29245 -8.241961 -19.65727 26.29245 -3.686717 -19.97748 27.01733 -2.52156 -19.84256 26.29245 -2.504532 -19.69924 26.29245 3.455436 -19.83318 27.01733 3.47893 -17.92661 27.01733 9.170303 -19.45733 26.29245 4.627347 -17.80555 26.29245 9.108373 -15.89304 26.29245 12.1413 -14.42719 27.01733 14.04685 -14.32976 26.29245 13.95199 -9.645847 27.01733 17.67528 -4.084939 27.64363 20.11485 2.0255 27.64363 20.42526 7.955964 27.64363 18.9208 13.17951 27.64363 15.73514 17.23199 27.64363 11.15134 19.75334 27.64363 5.576701 20.51951 27.64363 -0.4934548 19.46244 27.64363 -6.519764 16.67605 27.64363 -11.96676 12.40791 27.64363 -16.35047 7.037276 27.64363 -19.28136 1.04135 27.64363 -20.49901 -5.047104 27.64363 -19.89524 -10.6871 27.64363 -17.52369 -15.3775 27.64363 -13.59508 -18.70154 27.64363 -8.458496 -20.36387 27.64363 -2.570331 -20.21678 27.64363 3.546218 -18.27334 27.64363 9.347671 -14.70623 27.64363 14.31854 -9.832412 27.64363 18.01715 20.32112 28.0862 5.736996 20.02186 28.0862 -6.707167 12.76456 28.0862 -16.82044 1.071282 28.0862 -21.08823 -10.99429 28.0862 -18.02739 -19.2391 28.0862 -8.701624 17.15538 28.0862 -12.31073 7.239553 28.0862 -19.83557 8.184648 28.0862 19.46465 -4.202354 28.0862 20.69303 -15.12894 28.0862 14.73011 -20.79789 28.0862 3.648149 -15.81951 28.0862 -13.98586 -5.192176 28.0862 -20.4671 10.61476 28.0245 -18.11979 11.3988 28.08334 -17.76753 12.23178 28.20839 -17.59172 21.10932 28.0862 -0.5076385 17.7273 28.0862 11.47187 13.92553 31.39696 -17.78453 12.23362 31.39696 -17.59153 10.61476 31.39696 -18.11979 15.798 32 -18.2255 9.222775 32 -18.19276 10.30994 32 -17.59946 6.836971 32 -21.18811 7.703602 32 -19.43056 12.17287 32 -16.99156 14.11984 32 -17.21366 -9.580706 25 17.55591 -1.611777 25 19.93495 6.635843 25 18.86705 13.73606 25 14.53687 18.4612 25 7.693129 19.99422 25 -0.4808225 18.07006 25 -8.571636 13.81908 25 -14.45797 13.02142 25 -15.18033 5.721264 25 -19.16422 4.682191 25 -19.44421 -2.568154 25 -19.83443 -10.41351 25 -17.07509 -16.45829 25 -11.36331 -19.65727 25 -3.686717 -19.45733 25 4.627347 -19.99198 25 -0.5662423 -19.88146 25 2.174306 -19.9808 25 -0.8762467 -15.89304 25 12.1413 -0.5065931 32 17.0966 2.607136 32 11.39093 0.4168687 32 10.19565 10.99025 32 -3.970493 14.10398 32 -9.676165 11.91372 32 -10.87145 -11.91372 32 10.87145 -8.799986 32 5.165777 -10.99025 32 3.970493 -0.4168687 32 -10.19565 2.696861 32 -15.90132 0.5065931 32 -17.0966 -22.81847 32 -12.45261 -14.10398 32 9.676165 -2.696861 32 15.90132 -11.80898 32 -12.71015 -11.50237 32 -14.34494 -6.798695 32 -3.710219 -2.607136 32 -11.39093 -4.518479 32 -10.53365 -10.41442 32 -9.770252 -5.727433 32 -9.391301 -11.42415 32 -11.09199 -8.954389 32 -8.973476 -7.296505 32 -8.839432 -3.878682 32 -12.06897 -10.55735 32 -15.71369 -7.487781 32 -16.79331 -3.91867 32 -13.73179 -5.893995 32 -16.3175 -4.631527 32 -15.23458 -9.137305 32 -16.57973 -17.59995 32 3.396684 -12.91296 32 3.775635 -16.13992 32 4.19346 -14.48203 32 4.327503 -18.60968 32 2.074944 -18.99451 32 0.4567813 -16.32283 32 -3.412793 -18.68791 32 -1.178009 -17.74288 32 -2.546757 -11.06421 32 1.09796 -13.07952 32 -3.150566 -11.81706 32 -2.067643 -14.67331 32 -3.626373 -11.70401 32 2.63328 -11.1042 32 -0.5648526 -9.789814 32 16.203 -8.329782 32 16.99978 -6.671898 32 17.13382 -3.893872 32 15.4396 -5.102826 32 16.58195 -11.18437 32 13.2631 -10.79954 32 14.88126 -10.87777 32 11.62831 -3.254076 32 13.90428 -4.00692 32 10.73867 -3.294063 32 12.24147 -6.863173 32 9.179945 -5.269388 32 9.655753 -9.932743 32 10.25956 -8.512698 32 9.393526 4.196124 32 14.52064 3.811292 32 12.90248 5.205851 32 15.84238 8.323767 32 16.77321 6.665883 32 16.63916 9.892839 32 16.22134 11.74159 32 13.54366 11.10179 32 15.07898 11.7016 32 11.88085 6.798695 32 3.710219 9.726277 32 9.295136 10.98874 32 10.37806 4.117897 32 11.26769 5.062922 32 9.898945 8.132492 32 8.819329 6.482967 32 9.032908 17.07837 32 3.054401 10.99682 32 -0.2644523 11.30342 32 -1.899242 12.39138 32 2.67545 11.38165 32 1.35371 15.5093 32 3.606269 13.85141 32 3.472226 18.28732 32 1.912046 18.92712 32 0.3767265 16.91181 32 -3.871799 18.17427 32 -2.788877 18.88713 32 -1.286086 13.6685 32 -4.134027 15.31802 32 -4.347607 12.24845 32 -3.26799 3.186685 32 -13.07077 3.571517 32 -11.45261 8.799986 32 -5.165777 6.041276 32 -9.334093 4.581244 32 -10.13087 7.69916 32 -9.20005 10.47719 32 -10.89427 9.268232 32 -9.751917 10.36414 32 -15.59519 7.507884 32 -17.15393 9.101671 32 -16.67812 11.07699 32 -14.0924 4.438316 32 -16.07431 5.85836 32 -16.94035 11.11698 32 -12.42959 3.49329 32 -14.70556 -6.388612 32 -1.198183 -6.323632 32 1.503888 -5.348942 32 -3.693077 -3.384392 32 -5.549405 1.859411 32 -6.22837 4.231963 32 -4.933609 5.872769 32 -2.785781 -0.8346499 32 -6.446189 6.498121 32 -0.1562673 4.464221 32 4.724482 2.156649 32 6.131792 5.999889 32 2.500267 -0.5238274 32 6.478858 -3.113729 32 5.705672 -5.165239 32 3.945923 -3.113729 23 5.705672 -5.165239 23 3.945923 -6.323632 23 1.503888 -6.388612 23 -1.198183 -5.348942 23 -3.693077 -3.384392 23 -5.549405 -0.8346499 23 -6.446189 1.859411 23 -6.22837 4.231963 23 -4.933609 5.872769 23 -2.785781 6.498121 23 -0.1562673 5.999889 23 2.500267 4.464221 23 4.724482 2.156649 23 6.131792 -0.5238274 23 6.478858 -0.6447106 23 7.973979 -3.832282 23 7.022365 -6.357217 23 4.85652 -7.782932 23 1.850939 -7.862906 23 -1.474687 -6.583313 23 -4.545325 7.228024 23 -3.428654 7.997688 23 -0.1923289 5.494426 23 5.814747 2.654337 23 7.54682 -4.165406 23 -6.830036 -1.027261 23 -7.933772 7.384479 23 3.077251 2.288506 23 -7.665686 5.20857 23 -6.072134 -3.832282 25 7.022365 -0.6447106 25 7.973979 2.654337 25 7.54682 5.494426 25 5.814747 7.384479 25 3.077251 7.997688 25 -0.1923289 7.228024 25 -3.428654 5.20857 25 -6.072134 2.288506 25 -7.665686 -1.027261 25 -7.933772 -4.165406 25 -6.830036 -6.583313 25 -4.545325 -7.862906 25 -1.474687 -7.782932 25 1.850939 -6.357217 25 4.85652 7.507884 28 -17.15393 9.101671 28 -16.67812 5.85836 28 -16.94035 4.438316 28 -16.07431 3.49329 28 -14.70556 3.186685 28 -13.07077 3.571517 28 -11.45261 4.581244 28 -10.13087 6.041276 28 -9.334093 7.69916 28 -9.20005 9.268232 28 -9.751917 10.47719 28 -10.89427 11.11698 28 -12.42959 11.07699 28 -14.0924 10.36414 28 -15.59519 7.474446 28 -10.93556 6.541887 28 -11.01096 8.357049 28 -11.24599 9.037086 28 -11.88856 5.640222 28 -14.80233 6.438997 28 -15.28948 5.108644 28 -14.03241 4.936179 28 -13.11284 5.152647 28 -12.20263 9.396972 28 -12.75218 9.374479 28 -13.68751 8.973497 28 -14.53283 5.720619 28 -11.45915 7.366854 28 -15.40962 8.263359 28 -15.14198 7.366854 25 -15.40962 8.263359 25 -15.14198 6.438997 25 -15.28948 5.640222 25 -14.80233 5.108644 25 -14.03241 4.936179 25 -13.11284 5.152647 25 -12.20263 5.720619 25 -11.45915 6.541887 25 -11.01096 6.107699 25 -11.19189 7.474446 25 -10.93556 8.357049 25 -11.24599 9.037086 25 -11.88856 9.396972 25 -12.75218 9.374479 25 -13.68751 8.973497 25 -14.53283 15.31802 28 -4.347607 16.91181 28 -3.871799 13.6685 28 -4.134027 12.24845 28 -3.26799 11.30342 28 -1.899242 10.99682 28 -0.2644523 11.38165 28 1.35371 12.39138 28 2.67545 13.85141 28 3.472226 15.5093 28 3.606269 17.07837 28 3.054401 18.28732 28 1.912046 18.92712 28 0.3767265 18.88713 28 -1.286086 18.17427 28 -2.788877 16.84722 28 0.917756 16.16719 28 1.560331 17.20711 28 0.05413872 12.91878 28 -1.226094 13.45036 28 -1.996014 12.74631 28 -0.3065243 12.96278 28 0.6036921 13.53075 28 1.347171 15.28458 28 1.870756 14.35202 28 1.795357 17.18461 28 -0.8811935 15.17699 28 -2.603299 16.07349 28 -2.335657 14.24913 28 -2.48316 16.78363 28 -1.726513 15.17699 25 -2.603299 16.07349 25 -2.335657 14.24913 25 -2.48316 13.45036 25 -1.996014 12.91878 25 -1.226094 12.74631 25 -0.3065243 12.96278 25 0.6036921 13.53075 25 1.347171 14.35202 25 1.795357 13.91784 25 1.614423 15.28458 25 1.870756 16.16719 25 1.560331 16.84722 25 0.917756 17.20711 25 0.05413872 17.18461 25 -0.8811935 16.78363 25 -1.726513 8.132492 28 8.819329 9.726277 28 9.295136 6.482967 28 9.032908 5.062922 28 9.898945 4.117897 28 11.26769 3.811292 28 12.90248 4.196124 28 14.52064 5.205851 28 15.84238 6.665883 28 16.63916 8.323767 28 16.77321 9.892839 28 16.22134 11.10179 28 15.07898 11.74159 28 13.54366 11.7016 28 11.88085 10.98874 28 10.37806 7.063603 28 10.68377 7.99146 28 10.56364 6.264828 28 11.17092 5.733251 28 11.94084 9.661693 28 14.08469 8.981657 28 14.72727 10.02158 28 13.22107 9.999086 28 12.28574 9.598103 28 11.44042 5.560786 28 12.86041 5.777254 28 13.77063 8.887966 28 10.83128 6.345225 28 14.51411 7.166493 28 14.96229 8.099054 28 15.03769 7.99146 25 10.56364 8.887966 25 10.83128 7.063603 25 10.68377 6.264828 25 11.17092 5.733251 25 11.94084 5.560786 25 12.86041 5.777254 25 13.77063 6.345225 25 14.51411 7.166493 25 14.96229 6.732306 25 14.78136 8.099054 25 15.03769 8.981657 25 14.72727 9.661693 25 14.08469 10.02158 25 13.22107 9.999086 25 12.28574 9.598103 25 11.44042 -6.863173 28 9.179945 -5.269388 28 9.655753 -8.512698 28 9.393526 -9.932743 28 10.25956 -10.87777 28 11.62831 -11.18437 28 13.2631 -10.79954 28 14.88126 -9.789814 28 16.203 -8.329782 28 16.99978 -6.671898 28 17.13382 -5.102826 28 16.58195 -3.893872 28 15.4396 -3.254076 28 13.90428 -3.294063 28 12.24147 -4.00692 28 10.73867 -5.333972 28 14.44531 -4.974086 28 13.58169 -4.996579 28 12.64636 -5.397562 28 11.80104 -6.107699 28 11.19189 -6.896612 28 15.39831 -7.829171 28 15.32291 -6.014008 28 15.08788 -7.004204 28 10.92425 -7.932061 28 11.04439 -8.730836 28 11.53154 -9.262414 28 12.30146 -9.434879 28 13.22103 -9.218411 28 14.13124 -8.65044 28 14.87472 -7.004204 25 10.92425 -6.107699 25 11.19189 -7.932061 25 11.04439 -8.730836 25 11.53154 -9.262414 25 12.30146 -9.434879 25 13.22103 -9.218411 25 14.13124 -8.65044 25 14.87472 -7.829171 25 15.32291 -8.263359 25 15.14198 -6.896612 25 15.39831 -6.014008 25 15.08788 -5.333972 25 14.44531 -4.974086 25 13.58169 -4.996579 25 12.64636 -5.397562 25 11.80104 -14.67331 28 -3.626373 -13.07952 28 -3.150566 -16.32283 28 -3.412793 -17.74288 28 -2.546757 -18.68791 28 -1.178009 -18.99451 28 0.4567813 -18.60968 28 2.074944 -17.59995 28 3.396684 -16.13992 28 4.19346 -14.48203 28 4.327503 -12.91296 28 3.775635 -11.70401 28 2.63328 -11.06421 28 1.09796 -11.1042 28 -0.5648526 -11.81706 28 -2.067643 -15.7422 28 -1.761926 -14.81434 28 -1.882065 -16.54097 28 -1.274781 -13.14411 28 1.63899 -13.82414 28 2.281564 -12.78422 28 0.7753725 -12.80671 28 -0.1599597 -13.2077 28 -1.00528 -17.07255 28 -0.5048601 -17.24501 28 0.4147094 -13.91784 28 -1.614423 -17.02855 28 1.324926 -16.46058 28 2.068404 -15.63931 28 2.516591 -14.70675 28 2.59199 -14.81434 25 -1.882065 -13.91784 25 -1.614423 -15.7422 25 -1.761926 -16.54097 25 -1.274781 -17.07255 25 -0.5048601 -17.24501 25 0.4147094 -17.02855 25 1.324926 -16.46058 25 2.068404 -15.63931 25 2.516591 -16.07349 25 2.335657 -14.70675 25 2.59199 -13.82414 25 2.281564 -13.14411 25 1.63899 -12.78422 25 0.7753725 -12.80671 25 -0.1599597 -13.2077 25 -1.00528 13.61426 25 -5.386549 12.47655 25 -3.301785 8.750142 25 -5.335381 3.973675 25 12.27909 2.835966 25 14.36385 -0.8904439 25 12.33026 9.88785 25 -7.420145 -0.2472648 25 -10.24549 0.2472648 25 10.24549 -9.88785 25 7.420145 0.8904439 25 -12.33026 -3.973675 25 -12.27909 -8.750142 25 5.335381 -13.61426 25 5.386549 -15.46693 25 -8.440693 -9.275046 25 -11.09853 -8.887966 25 -10.83128 -8.225113 25 -4.488652 -8.453779 25 -10.65034 -11.21549 25 -16.23113 -9.887021 25 -13.67179 -6.638615 25 -10.88537 -5.958579 25 -11.52795 -9.843018 25 -11.84201 -10.05949 25 -12.75223 -8.556669 25 -14.92886 -9.355443 25 -14.44172 -7.521218 25 -10.57494 -5.598693 25 -12.39156 -12.47655 25 3.301785 -2.835966 25 -14.36385 -6.732306 25 -14.78136 -7.628811 25 -15.049 -6.022168 25 -14.17221 -5.621186 25 -13.32689 8.225113 25 4.488652 -6.732306 28 -14.78136 -7.628811 28 -15.049 -8.556669 28 -14.92886 -9.355443 28 -14.44172 -9.887021 28 -13.67179 -10.05949 28 -12.75223 -9.843018 28 -11.84201 -8.453779 28 -10.65034 -9.275046 28 -11.09853 -7.521218 28 -10.57494 -6.638615 28 -10.88537 -5.958579 28 -11.52795 -5.598693 28 -12.39156 -5.621186 28 -13.32689 -6.022168 28 -14.17221 -9.137305 28 -16.57973 -10.55735 28 -15.71369 -5.893995 28 -16.3175 -7.487781 28 -16.79331 -11.50237 28 -14.34494 -4.518479 28 -10.53365 -3.878682 28 -12.06897 -3.91867 28 -13.73179 -4.631527 28 -15.23458 -11.80898 28 -12.71015 -11.42415 28 -11.09199 -8.954389 28 -8.973476 -7.296505 28 -8.839432 -5.727433 28 -9.391301 -10.41442 28 -9.770252</float_array>
          <technique_common>
            <accessor source="#WHEEL-mesh-positions-array" count="5687" stride="3">
              <param name="X" type="float"/>
              <param name="Y" type="float"/>
              <param name="Z" type="float"/>
            </accessor>
          </technique_common>
        </source>
        <source id="WHEEL-mesh-normals">
          <float_array id="WHEEL-mesh-normals-array" count="30300">-0.8897109 0 -0.4565246 -0.977552 0 -0.2106949 -0.9987745 0 0.04949343 -0.9519323 0 0.3063088 -0.8402175 0 0.5422496 -0.6712429 0 0.7412375 -0.4565247 0 0.8897108 -0.2106945 0 0.9775521 0.04949349 0 0.9987745 0.3063085 0 0.9519324 0.5422496 0 0.8402175 0.7412374 0 0.6712431 0.8897109 0 0.4565246 0.977552 0 0.2106949 0.9987745 0 -0.04949343 0.9519323 0 -0.3063088 0.8402175 0 -0.5422496 0.6712429 0 -0.7412375 0.4565247 0 -0.8897108 0.2106945 0 -0.9775521 -0.04949349 0 -0.9987745 -0.3063085 0 -0.9519324 -0.5422496 0 -0.8402175 -0.7412374 0 -0.6712431 -0.7412372 0 -0.6712433 -0.54225 0 -0.8402172 -0.3063092 0 -0.9519322 0.2106952 0 -0.9775518 0.6712431 0 -0.7412374 0.8402174 0 -0.5422498 0.9519322 0 -0.3063089 0.9987745 0 -0.04949337 0.9775519 0 0.2106948 0.7412372 0 0.6712433 0.54225 0 0.8402172 0.3063092 0 0.9519322 -0.2106952 0 0.9775518 -0.6712431 0 0.7412374 -0.8402174 0 0.5422498 -0.9519322 0 0.3063089 -0.9987745 0 0.04949337 -0.9775519 0 -0.2106948 0 -1 0 0 -1 0 0 -1 0 0 -1 -4.06171e-7 0 -1 0 0 -1 -1.57866e-7 0 -1 4.47041e-7 0 -1 4.37738e-7 0 -1 0 0 -1 -2.91796e-7 0 -1 4.45561e-7 0 -1 -2.21753e-7 0 -1 0 0 -1 -1.96662e-7 0 -1 2.17035e-7 0 -1 3.91418e-7 0 -1 0 0 -1 0 -0.8819038 -0.1102035 -0.4583679 -0.9207565 0 -0.3901379 -0.9765923 -0.04430133 -0.2104879 -0.970314 -0.08833295 -0.22514 -0.9930418 0 -0.1177634 -0.9928072 -0.1174612 0.02316999 -0.9962901 0 0.08605879 -0.9587548 -0.08833193 0.2701607 -0.9657093 -0.04430532 0.2558175 -0.9327214 0 0.3605979 -0.8402176 0 0.5422496 -0.8595604 -0.1102046 0.4990101 -0.7084572 -0.1102021 0.6970969 -0.6555724 0 0.7551324 -0.5019695 -0.04430288 0.8637499 -0.5139645 -0.08833295 0.8532513 -0.4188667 0 0.9080478 -0.2847582 -0.1174609 0.9513757 -0.2260236 0 0.9741219 -0.0393328 -0.0883336 0.9953141 -0.05512404 -0.04430222 0.9974962 0.05472129 0 0.9985017 0.2560688 0 0.9666586 0.2089678 -0.1102029 0.9716933 0.4440532 -0.1102033 0.8891974 0.515591 0 0.8568348 0.6663584 -0.04430294 0.7443143 0.6526663 -0.0883339 0.7524784 0.7341672 0 0.6789688 0.8565998 0 0.5159816 0.8168168 -0.1174612 0.5648125 0.9344453 -0.08833342 0.3449773 0.9316411 -0.04430252 0.3606694 0.9665415 0 0.2565101 0.9984766 0 0.0551778 0.9887099 -0.1102026 0.1015291 0.9828972 -0.1102015 -0.1475424 0.9742249 0 -0.2255789 0.9138013 -0.04430615 -0.4037379 0.9173346 -0.08833092 -0.3881942 0.8726071 0 -0.4884229 0.789579 -0.1174603 -0.6023024 0.7554314 0 -0.6552278 0.6168521 -0.0883339 -0.7821066 0.6309093 -0.04430228 -0.7745907 0.5426346 0 -0.839969 0.3610237 0 -0.9325567 0.4020881 -0.1102026 -0.9089448 0.1634101 -0.1102029 -0.9803839 0.08651405 0 -0.9962506 -0.1015974 -0.04430186 -0.9938387 -0.08572208 -0.0883336 -0.9923955 -0.1948676 0 -0.9808296 -0.3897178 0 -0.9209343 -0.3288301 -0.1174603 -0.937056 -0.5532092 -0.0883339 -0.8283458 -0.5417173 -0.04430168 -0.8393925 -0.6311767 0 -0.7756392 -0.775352 0 -0.6315294 -0.7402055 -0.1102036 -0.6632881 -0.6900861 0 -0.7237274 -0.4607722 0 -0.8875185 -0.2712215 0 -0.962517 0.008082151 0 -0.9999674 0.2106948 0 -0.9775519 0.4750577 0 -0.8799547 0.7016937 0 -0.7124788 0.8315965 0 -0.5553805 0.9535229 0 -0.3013206 0.9948155 0 -0.1016972 0.9836876 0 0.179885 0.8944426 0 0.4471828 0.7851757 0 0.6192731 0.5812264 0 0.813742 0.4041345 0 0.9146996 0.1328955 0 0.9911301 -0.1488982 0 0.9888525 -0.3463312 0 0.9381124 -0.5943043 0 0.8042403 -0.7450463 0 0.6670129 -0.9015539 0 0.4326667 -0.9864668 0 0.1639615 -0.9992201 0 -0.03948777 -0.948528 0 -0.3166935 -0.8645987 0 -0.5024632 -0.006167411 -0.9999684 -0.005023598 -0.005282998 -0.9999687 -0.005901455 -0.004277527 -0.9999689 -0.006628453 -0.003175914 -0.9999692 -0.0071882 -0.002005159 -0.9999694 -0.007570445 -7.93712e-4 -0.9999696 -0.007765054 4.29312e-4 -0.9999697 -0.007768869 0.001634597 -0.9999699 -0.007583558 0.00279355 -0.9999701 -0.00721687 0.003878653 -0.9999703 -0.006674528 0.004864275 -0.9999703 -0.005972683 0.00572735 -0.9999706 -0.005127787 0.006447732 -0.9999706 -0.004161298 0.007008612 -0.9999707 -0.00309658 0.007397115 -0.9999708 -0.001959443 0.0076043 -0.9999708 -7.7749e-4 0.007625639 -0.9999709 4.21342e-4 0.007460951 -0.9999709 0.001608073 0.00711447 -0.999971 0.002754449 0.007970273 -0.9999653 0.002452433 0.007041096 -0.9999683 0.003738403 0.006594598 -0.9999709 0.003832638 0.005913913 -0.9999709 0.004817128 0.006378233 -0.9999682 0.004781126 0.005108237 -0.9999653 0.006590962 0.005562245 -0.9999682 0.005709409 0.004040002 -0.9999654 0.00728929 0.002877652 -0.9999654 0.007814347 0.00164932 -0.9999654 0.008154153 3.84769e-4 -0.9999656 0.008299767 -8.85568e-4 -0.9999657 0.008249521 -0.002131044 -0.9999657 0.008005082 -0.003321886 -0.9999659 0.00757116 -0.004429578 -0.999966 0.006961643 -0.005427837 -0.9999662 0.006189584 -0.006293296 -0.9999664 0.005274772 -0.007005751 -0.9999665 0.004241168 -0.007548928 -0.9999667 0.00311309 -0.007910847 -0.9999669 0.001918017 -0.008083879 -0.9999672 6.85773e-4 -0.008065164 -0.9999674 -5.5405e-4 -0.007856607 -0.9999676 -0.001772224 -0.007464468 -0.9999679 -0.002939045 -0.006899714 -0.9999682 -0.004027307 -0.2013258 -0.9657008 -0.1639821 -0.1731956 -0.9657005 -0.1934582 -0.1407996 -0.9657007 -0.2181691 -0.104937 -0.9657006 -0.2375094 -0.06648999 -0.9657005 -0.2510013 -0.02640652 -0.9657007 -0.2583119 0.0143274 -0.9657005 -0.2592632 0.05470871 -0.9657005 -0.2538303 0.0937429 -0.9657006 -0.2421463 0.1304686 -0.9657004 -0.2245008 0.1639822 -0.9657007 -0.2013258 0.1934574 -0.9657006 -0.1731954 0.2181689 -0.9657008 -0.1407997 0.2375088 -0.9657008 -0.1049366 0.2509998 -0.9657009 -0.06649059 0.2583115 -0.9657008 -0.0264067 0.2592627 -0.9657006 0.01432728 0.2538294 -0.9657006 0.05470889 0.2421455 -0.9657008 0.09374272 0.2245004 -0.9657005 0.130469 0.2013258 -0.9657008 0.1639821 0.1731956 -0.9657005 0.1934582 0.1407996 -0.9657007 0.2181691 0.104937 -0.9657006 0.2375094 0.06648999 -0.9657005 0.2510013 0.02640652 -0.9657007 0.2583119 -0.0143274 -0.9657005 0.2592632 -0.05470871 -0.9657005 0.2538303 -0.0937429 -0.9657006 0.2421463 -0.1304686 -0.9657004 0.2245008 -0.1639822 -0.9657007 0.2013258 -0.1934574 -0.9657006 0.1731954 -0.2181689 -0.9657008 0.1407997 -0.2375088 -0.9657008 0.1049366 -0.2509998 -0.9657009 0.06649059 -0.2583115 -0.9657008 0.0264067 -0.2592627 -0.9657006 -0.01432728 -0.2538294 -0.9657006 -0.05470889 -0.2421455 -0.9657008 -0.09374272 -0.2245004 -0.9657005 -0.130469 -0.3833374 -0.8692321 -0.3122307 -0.3297737 -0.8692325 -0.3683533 -0.2680909 -0.869232 -0.415407 -0.199806 -0.8692319 -0.4522315 -0.1266016 -0.869232 -0.4779203 -0.05027943 -0.8692322 -0.4918409 0.02727979 -0.869232 -0.4936515 0.1041687 -0.8692322 -0.4833055 0.1784914 -0.8692324 -0.4610598 0.2484204 -0.8692318 -0.4274618 0.312232 -0.8692317 -0.3833374 0.3683538 -0.8692324 -0.3297734 0.4154072 -0.8692321 -0.2680906 0.4522312 -0.8692322 -0.1998057 0.4779207 -0.8692318 -0.1266017 0.4918407 -0.8692324 -0.05027943 0.4936518 -0.8692317 0.02728015 0.4833056 -0.8692322 0.1041681 0.4610607 -0.8692318 0.1784921 0.4274618 -0.8692318 0.2484199 0.3833374 -0.8692321 0.3122307 0.3297737 -0.8692325 0.3683533 0.2680909 -0.869232 0.415407 0.199806 -0.8692319 0.4522315 0.1266016 -0.869232 0.4779203 0.05027943 -0.8692322 0.4918409 -0.02727979 -0.869232 0.4936515 -0.1041687 -0.8692322 0.4833055 -0.1784914 -0.8692324 0.4610598 -0.2484204 -0.8692318 0.4274618 -0.312232 -0.8692317 0.3833374 -0.3683538 -0.8692324 0.3297734 -0.4154072 -0.8692321 0.2680906 -0.4522312 -0.8692322 0.1998057 -0.4779207 -0.8692318 0.1266017 -0.4918407 -0.8692324 0.05027943 -0.4936518 -0.8692317 -0.02728015 -0.4833056 -0.8692322 -0.1041681 -0.4610607 -0.8692318 -0.1784921 -0.4274618 -0.8692318 -0.2484199 -0.5404706 -0.7170078 -0.4402176 -0.4768093 -0.6992854 -0.5325908 -0.4393835 -0.7179107 -0.5399504 -0.3779832 -0.7170074 -0.585687 -0.2715039 -0.7173955 -0.6415835 -0.2864762 -0.7053452 -0.6483978 -0.1815179 -0.7053444 -0.6852303 -0.1356257 -0.7180405 -0.6826591 -0.07088983 -0.7170079 -0.6934511 0.06024354 -0.7176963 -0.6937455 0.03944355 -0.6992861 -0.7137529 0.1468682 -0.7170076 -0.6814176 0.2516574 -0.717008 -0.6500524 0.3591817 -0.6992862 -0.6180514 0.3777457 -0.7179121 -0.5847311 0.440217 -0.7170087 -0.5404698 0.5262837 -0.7173953 -0.4564752 0.5281382 -0.7053433 -0.4728224 0.5956004 -0.7053441 -0.3843824 0.6073366 -0.7180398 -0.3399428 0.6376042 -0.7170087 -0.2817081 0.6784074 -0.7176966 -0.157083 0.6910083 -0.6992859 -0.1830487 0.6934511 -0.7170078 -0.07089006 0.6960033 -0.7170078 0.03846275 0.6987949 -0.6992864 0.1506134 0.672844 -0.7179104 0.178566 0.6500529 -0.7170076 0.2516571 0.5967627 -0.7173968 0.3594664 0.6128839 -0.7053441 0.3561785 0.5496193 -0.7053444 0.4476696 0.5109823 -0.7180398 0.4725632 0.4649517 -0.717007 0.5193467 0.3590344 -0.7176966 0.5966622 0.3876229 -0.6992858 0.6006229 0.2817082 -0.7170082 0.6376047 0.1784964 -0.7170081 0.6738237 0.07269769 -0.6992864 0.7111355 0.03809416 -0.7179117 0.6950911 -0.03846263 -0.7170082 0.6960027 -0.1574633 -0.717395 0.6786382 -0.1493537 -0.7053448 0.6929519 -0.2559168 -0.7053446 0.6610565 -0.2915318 -0.7180406 0.6320023 -0.350249 -0.717008 0.6026818 -0.4565123 -0.7176958 0.5258415 -0.4514437 -0.6992867 0.5542533 -0.5193458 -0.7170078 0.4649514 -0.5856861 -0.7170077 0.3779839 -0.6538652 -0.6992863 0.2888928 -0.6492999 -0.717911 0.2510249 -0.6738241 -0.7170078 0.1784964 -0.6940818 -0.7173953 0.05995404 -0.70519 -0.705344 0.07209008 -0.7077839 -0.7053453 -0.03911399 -0.6911599 -0.7180392 -0.0819624 -0.6814174 -0.7170078 -0.146868 -0.6411755 -0.7176955 -0.2716749 -0.6666296 -0.6992871 -0.2580748 -0.6026813 -0.7170081 -0.3502494 -0.6026816 -0.7170079 -0.3502492 -0.660303 -0.7179116 -0.2204609 -0.6814161 -0.7170091 -0.1468678 -0.6961221 -0.7173962 -0.02750951 -0.6865817 -0.718041 0.1141171 -0.6738241 -0.7170078 0.1784965 -0.6278021 -0.717697 0.3012897 -0.5856868 -0.7170074 0.3779833 -0.5193457 -0.7170078 0.4649516 -0.4137154 -0.7179113 0.5598598 -0.3502497 -0.7170084 0.6026809 -0.2412775 -0.7173957 0.6535509 -0.1036349 -0.7180393 0.6882438 -0.03846234 -0.7170082 0.6960029 0.09254264 -0.7176961 0.6901798 0.1784962 -0.7170081 0.6738238 0.2817085 -0.7170079 0.6376049 0.4046126 -0.717911 0.5664739 0.4649523 -0.7170071 0.5193461 0.5470048 -0.7173963 0.4314261 0.6225335 -0.7180402 0.3112403 0.6500535 -0.7170072 0.2516571 0.6849979 -0.7176956 0.1252642 0.696002 -0.717009 0.03846234 0.69345 -0.717009 -0.07088929 0.66378 -0.717912 -0.2097584 0.6376057 -0.7170072 -0.2817086 0.5793457 -0.717395 -0.3869147 0.4883762 -0.7180428 -0.4958864 0.4402176 -0.7170076 -0.5404707 0.3308094 -0.7176961 -0.6127622 0.2516565 -0.7170081 -0.6500527 0.1468679 -0.7170082 -0.6814171 0.005626559 -0.7179114 -0.6961118 -0.07088989 -0.7170083 -0.6934507 -0.1889504 -0.7173959 -0.6705529 -0.3206994 -0.7180396 -0.6177144 -0.3779834 -0.7170084 -0.5856855 -0.4805464 -0.7176963 -0.5039716 -0.540471 -0.7170073 -0.4402176 -0.4274616 -0.8692319 -0.24842 -0.4610608 -0.8692317 -0.178492 -0.4833055 -0.8692324 -0.1041684 -0.4936518 -0.8692318 -0.02728044 -0.4918407 -0.8692322 0.05027967 -0.4779199 -0.8692322 0.1266013 -0.452232 -0.8692318 0.1998064 -0.4154068 -0.8692322 0.2680906 -0.3683537 -0.8692322 0.3297743 -0.3122311 -0.8692318 0.3833377 -0.2484195 -0.8692318 0.4274621 -0.1784915 -0.8692319 0.4610603 -0.1041687 -0.8692318 0.4833065 -0.02728033 -0.8692318 0.4936515 0.05027937 -0.8692315 0.4918422 0.1266016 -0.8692318 0.4779208 0.1998062 -0.8692319 0.4522317 0.2680909 -0.8692321 0.4154072 0.3297739 -0.8692321 0.3683544 0.3833368 -0.8692322 0.3122312 0.4274616 -0.8692319 0.24842 0.4610608 -0.8692317 0.178492 0.4833055 -0.8692324 0.1041684 0.4936518 -0.8692318 0.02728044 0.4918407 -0.8692322 -0.05027967 0.4779199 -0.8692322 -0.1266013 0.452232 -0.8692318 -0.1998064 0.4154068 -0.8692322 -0.2680906 0.3683537 -0.8692322 -0.3297743 0.3122311 -0.8692318 -0.3833377 0.2484195 -0.8692318 -0.4274621 0.1784915 -0.8692319 -0.4610603 0.1041687 -0.8692318 -0.4833065 0.02728033 -0.8692318 -0.4936515 -0.05027937 -0.8692315 -0.4918422 -0.1266016 -0.8692318 -0.4779208 -0.1998062 -0.8692319 -0.4522317 -0.2680909 -0.8692321 -0.4154072 -0.3297739 -0.8692321 -0.3683544 -0.3833368 -0.8692322 -0.3122312 -0.2244998 -0.9657008 -0.1304679 -0.2421456 -0.9657007 -0.09374248 -0.2538297 -0.9657006 -0.0547086 -0.2592629 -0.9657006 -0.01432722 -0.2583122 -0.9657006 0.02640634 -0.2510011 -0.9657006 0.06648993 -0.2375094 -0.9657006 0.104937 -0.2181693 -0.9657006 0.1407993 -0.1934576 -0.9657006 0.1731955 -0.1639817 -0.9657006 0.2013266 -0.1304686 -0.9657008 0.2244998 -0.0937426 -0.9657009 0.2421454 -0.05470871 -0.9657006 0.2538292 -0.01432728 -0.965701 0.2592615 0.02640664 -0.9657006 0.2583118 0.0664907 -0.9657008 0.2510001 0.1049369 -0.9657008 0.2375086 0.1407997 -0.9657007 0.218169 0.1731951 -0.9657006 0.1934574 0.2013267 -0.9657007 0.1639814 0.2244998 -0.9657008 0.1304679 0.2421456 -0.9657007 0.09374248 0.2538297 -0.9657006 0.0547086 0.2592629 -0.9657006 0.01432722 0.2583122 -0.9657006 -0.02640634 0.2510011 -0.9657006 -0.06648993 0.2375094 -0.9657006 -0.104937 0.2181693 -0.9657006 -0.1407993 0.1934576 -0.9657006 -0.1731955 0.1639817 -0.9657006 -0.2013266 0.1304686 -0.9657008 -0.2244998 0.0937426 -0.9657009 -0.2421454 0.05470871 -0.9657006 -0.2538292 0.01432728 -0.965701 -0.2592615 -0.02640664 -0.9657006 -0.2583118 -0.0664907 -0.9657008 -0.2510001 -0.1049369 -0.9657008 -0.2375086 -0.1407997 -0.9657007 -0.218169 -0.1731951 -0.9657006 -0.1934574 -0.2013267 -0.9657007 -0.1639814 -0.006877303 -0.9999684 -0.003997147 -0.007386207 -0.9999687 -0.002859413 -0.00771141 -0.9999689 -0.001662075 -0.007846653 -0.9999692 -4.33942e-4 -0.007790088 -0.9999694 7.96485e-4 -0.007544457 -0.9999696 0.001998782 -0.007116913 -0.9999698 0.003144443 -0.006518661 -0.9999699 0.004207074 -0.00576508 -0.9999701 0.005161523 -0.004874944 -0.9999702 0.00598526 -0.003870129 -0.9999704 0.006659686 -0.002775251 -0.9999706 0.007169663 -0.001616835 -0.9999706 0.007501542 -4.2278e-4 -0.9999707 0.007650673 7.78213e-4 -0.9999708 0.007613599 0.001957356 -0.9999709 0.007389366 0.003086507 -0.9999709 0.006985783 0.004138588 -0.999971 0.006413102 0.005088627 -0.9999709 0.005684316 0.005983829 -0.9999682 0.00526756 0.006725549 -0.9999682 0.004279613 0.007305562 -0.9999682 0.003187954 0.00824666 -0.9999654 0.001206219 0.008327662 -0.9999654 -6.67286e-5 0.008211731 -0.9999655 -0.001335561 0.007902026 -0.9999656 -0.002570629 0.007406353 -0.9999656 -0.003741621 0.006737351 -0.9999657 -0.004819512 0.005911588 -0.9999659 -0.005780994 0.00494945 -0.999966 -0.006601572 0.003874719 -0.9999662 -0.007262766 0.002713739 -0.9999663 -0.007750153 0.001494765 -0.9999666 -0.008051753 2.47407e-4 -0.9999667 -0.008161664 -9.98269e-4 -0.9999669 -0.008078336 -0.002212345 -0.9999671 -0.007805764 -0.003365933 -0.9999674 -0.007350087 -0.004431903 -0.9999676 -0.006724715 -0.00538522 -0.9999679 -0.005945742 -0.006204068 -0.9999681 -0.005033075 0 -1 6.73365e-7 0 -1 4.4475e-7 0 -1 2.05334e-7 0 -1 -2.05142e-7 0 -1 4.94202e-7 0 -1 4.45507e-7 0 -1 0 0 -1 8.9824e-7 0 -1 2.2414e-7 0 -1 4.43038e-7 0 -1 4.36393e-7 0 -1 -4.16206e-7 0 -1 -4.13191e-7 0 -1 2.05624e-7 0 -1 2.05174e-7 0 -1 -2.24454e-7 0 -1 4.4863e-7 0 -1 -4.44849e-7 0 -1 2.08566e-7 0 -1 -4.21554e-7 0 -1 6.52611e-7 0 -1 -2.19996e-7 0 -1 -4.11636e-7 0 -1 -4.10475e-7 0 -1 -2.23687e-7 0 -1 4.41071e-7 0 -1 -4.20339e-7 0 -1 6.18131e-7 0 -1 2.05334e-7 0 -1 -2.02237e-7 0 -1 -4.24512e-7 0 -1 -4.12607e-7 0 -1 -2.24141e-7 0 -1 4.36393e-7 0 -1 -4.16207e-7 0 -1 -4.13191e-7 0 -1 -2.05624e-7 0.4243456 0.8477786 0.3181232 0.3739315 0.8571783 0.354148 0.3164371 0.8562461 0.4083017 0.2471344 0.842843 0.4780589 0.1768378 0.8454504 0.5039265 0.1039887 0.8486258 0.5186721 0.02426052 0.8517637 0.5233643 -0.05549466 0.854178 0.517011 -0.1185064 0.8412871 0.5274394 -0.1915884 0.8397728 0.5080115 -0.2610545 0.838923 0.4775552 -0.3023666 0.8477933 0.4356848 -0.3394175 0.8573135 0.3870524 -0.3955107 0.8565382 0.3315324 -0.4434787 0.8551286 0.2684805 -0.4984896 0.8447433 0.194723 -0.5160414 0.8477823 0.1223385 -0.5232064 0.8510494 0.0443862 -0.5196382 0.8536398 -0.03571152 -0.5305203 0.8417664 -0.09988844 -0.5139231 0.8400902 -0.1735846 -0.4861694 0.8390721 -0.2441257 -0.3996449 0.8574094 -0.3242424 -0.3461573 0.8567907 -0.3822108 -0.2848953 0.8555414 -0.4323005 -0.2124205 0.8440727 -0.4923606 -0.1406161 0.8469698 -0.5127078 -0.06454557 0.8502887 -0.5223439 0.01580995 0.853058 -0.5215765 0.08119142 0.8422856 -0.5328819 0.1553835 0.8404481 -0.5191367 0.2268859 0.8392639 -0.4941245 0.2938724 0.8387525 -0.4584032 0.3334573 0.847763 -0.4124372 0.3684185 0.8570039 -0.3602946 0.4205695 0.8559143 -0.3008855 0.4855468 0.8434396 -0.2299001 0.5086671 0.8461931 -0.158792 0.5207731 0.8494817 -0.08471387 0.5228194 0.8524332 -0.004187226 0.5136989 0.8546741 0.07513827 0.523644 0.8408473 0.1370145 0.5014078 0.8394981 0.2093642 0.4682953 0.8388164 0.2776451 0.567122 0.6873738 0.4537511 0.4984543 0.6873729 0.5282631 0.420082 0.6873739 0.5924932 0.3335353 0.6873736 0.6451913 0.2404966 0.6873735 0.6853314 0.1427747 0.6873735 0.7121329 0.04227602 0.6873736 0.7250726 -0.05904519 0.6873737 0.7238999 -0.1592184 0.6873736 0.7086375 -0.2562924 0.6873738 0.6795818 -0.3483774 0.6873739 0.6372992 -0.4336819 0.6873739 0.5826124 -0.510546 0.6873732 0.5165858 -0.5774721 0.6873733 0.4405042 -0.6331591 0.6873723 0.3558495 -0.6765203 0.6873745 0.2642661 -0.7067158 0.6873737 0.1675416 -0.7231553 0.6873738 0.06755518 -0.7255195 0.6873738 -0.033746 -0.7137622 0.6873738 -0.1343905 -0.6881119 0.6873744 -0.2324188 -0.6490687 0.6873745 -0.3259236 -0.5973937 0.687373 -0.4130849 -0.5340886 0.6873738 -0.492206 -0.4603896 0.6873734 -0.5617466 -0.3777284 0.6873736 -0.6203538 -0.2877164 0.6873738 -0.6668859 -0.1921032 0.6873738 -0.7004382 -0.09275186 0.687374 -0.720357 0.008404552 0.6873742 -0.7262549 0.109399 0.6873733 -0.718018 0.2082628 0.6873739 -0.6958044 0.3030731 0.6873738 -0.6600484 0.3919849 0.6873733 -0.6114456 0.4732667 0.6873736 -0.5509413 0.5453376 0.6873732 -0.4797136 0.6067936 0.6873732 -0.3991488 0.6564393 0.687373 -0.3108149 0.6933072 0.6873738 -0.2164313 0.7166813 0.6873738 -0.1178357 0.7261049 0.6873753 -0.01694583 0.7213996 0.6873722 0.08427399 0.7026491 0.6873739 0.1838521 0.6702243 0.6873729 0.2798535 0.6247528 0.687374 0.3704066 0.6833568 0.4838272 0.5467492 0.6006141 0.4838271 0.636533 0.5061798 0.4838274 0.713928 0.4018948 0.4838266 0.7774268 0.2897868 0.4838271 0.8257936 0.1720375 0.4838269 0.8580878 0.05094313 0.4838276 0.8736793 -0.07114791 0.4838271 0.8722667 -0.1918509 0.4838268 0.8538764 -0.3088201 0.4838274 0.8188658 -0.4197798 0.4838275 0.7679166 -0.5225678 0.4838266 0.702022 -0.6151838 0.4838274 0.6224628 -0.6958272 0.4838282 0.530787 -0.7629274 0.4838263 0.4287819 -0.8151776 0.4838263 0.3184301 -0.8515612 0.4838263 0.2018802 -0.8713702 0.4838262 0.08140099 -0.8742168 0.4838303 -0.0406624 -0.8600509 0.4838283 -0.1619341 -0.8291451 0.483826 -0.2800549 -0.7820987 0.4838284 -0.3927235 -0.7198313 0.4838274 -0.4977491 -0.6435525 0.4838283 -0.5930855 -0.5547478 0.4838275 -0.6768795 -0.4551461 0.4838274 -0.7474979 -0.3466838 0.4838271 -0.8035682 -0.2314764 0.4838277 -0.8439961 -0.1117625 0.4838275 -0.8679978 0.01012766 0.4838273 -0.8751049 0.1318221 0.4838268 -0.865179 0.2509465 0.4838277 -0.8384131 0.36519 0.4838265 -0.795329 0.4723235 0.4838274 -0.7367643 0.570265 0.4838263 -0.6638599 0.6571065 0.4838281 -0.5780324 0.7311585 0.4838271 -0.4809561 0.790978 0.4838292 -0.3745174 0.8354043 0.4838263 -0.2607906 0.8635694 0.4838262 -0.1419861 0.8749247 0.4838283 -0.02041888 0.8692508 0.4838304 0.1015451 0.8466598 0.4838283 0.2215341 0.8075898 0.4838263 0.3372105 0.7527997 0.4838259 0.4463241 0.7560858 0.249765 0.6049395 0.6645357 0.2497664 0.7042792 0.5600532 0.2497649 0.7899101 0.4446673 0.2497664 0.8601674 0.3206269 0.2497657 0.9136824 0.1903477 0.2497655 0.949413 0.05636465 0.2497645 0.9666647 -0.07872068 0.2497653 0.9651013 -0.2122695 0.2497658 0.9447533 -0.341689 0.2497652 0.9060166 -0.4644564 0.249765 0.8496456 -0.5781829 0.2497658 0.7767379 -0.680658 0.2497651 0.6887105 -0.7698842 0.2497649 0.5872783 -0.844125 0.2497638 0.4744167 -0.9019355 0.2497663 0.35232 -0.9421914 0.2497662 0.2233655 -0.9641091 0.2497638 0.09006434 -0.9672604 0.2497662 -0.04499 -0.9515863 0.2497638 -0.1791689 -0.9173896 0.2497662 -0.3098603 -0.8653377 0.2497639 -0.4345211 -0.7964425 0.249765 -0.5507239 -0.7120459 0.2497638 -0.6562079 -0.6137894 0.2497639 -0.7489197 -0.5035873 0.249765 -0.8270534 -0.3835812 0.2497651 -0.8890911 -0.2561129 0.2497651 -0.933822 -0.1236562 0.249765 -0.9603784 0.01120686 0.2497645 -0.9682418 0.1458491 0.2497657 -0.9572592 0.2776557 0.2497653 -0.9276447 0.4040563 0.2497654 -0.879975 0.5225929 0.2497651 -0.8151775 0.6309582 0.2497649 -0.734513 0.727041 0.2497675 -0.6395527 0.8089752 0.2497639 -0.532144 0.8751626 0.2497637 -0.4143775 0.9243149 0.2497662 -0.2885459 0.9554781 0.2497638 -0.1570973 0.968042 0.2497687 -0.02259218 0.9617666 0.2497638 0.1123531 0.9367695 0.2497661 0.2451118 0.8935401 0.2497662 0.3730994 0.832919 0.2497662 0.4938247 0.7808334 0 0.6247393 0.6862869 0 0.727331 0.578384 0 0.8157648 0.4592227 0 0.8883212 0.3311231 0 0.9435877 0.1965774 0 0.9804883 0.05820733 0 0.9983046 -0.08129614 0 0.99669 -0.2192181 0 0.975676 -0.3528715 0 0.9356718 -0.4796586 0 0.8774552 -0.5971083 0 0.8021608 -0.7029365 0 0.7112527 -0.7950831 0 0.6065006 -0.8717538 0 0.4899445 -0.9314569 0 0.3638516 -0.9730305 0 0.2306768 -0.995665 0 0.09301215 -0.9989201 0 -0.04646277 -0.9827322 0 -0.1850334 -0.9474169 0 -0.3200021 -0.8936606 0 -0.4487435 -0.8225108 0 -0.5687495 -0.7353515 0 -0.6776859 -0.6338796 0 -0.7734317 -0.5200694 0 -0.854124 -0.3961374 0 -0.9181914 -0.2644945 0 -0.9643872 -0.1277035 0 -0.9918124 0.01157152 0 -0.9999331 0.1506232 0 -0.9885913 0.2867428 0 -0.9580076 0.4172813 0 -0.9087775 0.5396975 0 -0.8418591 0.6516091 0 -0.7585551 0.7508387 0 -0.6604858 0.8354533 0 -0.5495615 0.9038069 0 -0.4279407 0.9545691 0 -0.2979897 0.9867514 0 -0.1622399 0.9997278 0 -0.02333164 0.9932458 0 0.1160303 0.9674311 0 0.2531348 0.9227867 0 0.3853113 0.8601811 0 0.5099889 0.7560861 -0.2497652 0.6049391 0.6645364 -0.2497641 0.7042793 0.560053 -0.2497652 0.7899101 0.4446673 -0.2497659 0.8601675 0.3206267 -0.2497658 0.9136825 0.1903486 -0.2497655 0.9494128 0.05636429 -0.2497645 0.9666647 -0.07871943 -0.2497653 0.9651013 -0.2122694 -0.2497659 0.9447532 -0.3416889 -0.2497649 0.9060167 -0.4644561 -0.2497648 0.8496459 -0.5781834 -0.249766 0.7767375 -0.680658 -0.2497641 0.6887108 -0.7698842 -0.2497642 0.5872786 -0.8441248 -0.2497652 0.4744163 -0.9019364 -0.249763 0.3523201 -0.9421923 -0.249763 0.2233659 -0.9641088 -0.2497653 0.09006422 -0.9672601 -0.2497677 -0.04499018 -0.951586 -0.2497653 -0.1791689 -0.9173898 -0.2497653 -0.3098601 -0.8653374 -0.2497654 -0.434521 -0.7964428 -0.2497652 -0.5507236 -0.7120453 -0.2497654 -0.6562079 -0.61379 -0.2497641 -0.7489191 -0.5035876 -0.2497652 -0.8270531 -0.3835819 -0.2497648 -0.8890908 -0.2561124 -0.249765 -0.9338222 -0.1236556 -0.2497651 -0.9603784 0.01120591 -0.2497646 -0.9682418 0.1458492 -0.2497657 -0.9572592 0.2776558 -0.2497649 -0.9276447 0.4040561 -0.2497648 -0.8799752 0.5225928 -0.2497653 -0.8151774 0.6309577 -0.2497642 -0.7345137 0.7270423 -0.2497652 -0.6395521 0.808975 -0.2497642 -0.5321441 0.875162 -0.2497653 -0.4143778 0.9243148 -0.2497677 -0.2885451 0.9554783 -0.249763 -0.157098 0.9680423 -0.2497677 -0.02259218 0.9617663 -0.2497653 0.1123529 0.9367697 -0.2497652 0.245112 0.8935402 -0.2497653 0.3730994 0.8329191 -0.2497651 0.4938251 0.6833565 -0.4838277 0.5467492 0.6006141 -0.4838266 0.6365332 0.5061802 -0.4838277 0.7139275 0.4018949 -0.4838266 0.7774268 0.2897859 -0.4838274 0.8257938 0.172039 -0.4838271 0.8580874 0.05094254 -0.4838278 0.8736794 -0.07114863 -0.4838274 0.8722666 -0.1918506 -0.4838271 0.8538764 -0.3088198 -0.4838269 0.8188661 -0.41978 -0.483828 0.7679162 -0.5225669 -0.4838268 0.7020224 -0.615184 -0.483827 0.622463 -0.6958276 -0.4838276 0.5307871 -0.7629262 -0.4838289 0.4287814 -0.8151769 -0.4838278 0.3184298 -0.8515606 -0.4838278 0.2018797 -0.8713695 -0.4838277 0.08140087 -0.8742182 -0.4838277 -0.04066228 -0.8600502 -0.4838297 -0.1619341 -0.8291455 -0.4838256 -0.2800545 -0.7820981 -0.4838299 -0.3927231 -0.7198312 -0.4838278 -0.4977488 -0.643552 -0.4838288 -0.5930858 -0.5547476 -0.4838277 -0.6768795 -0.4551465 -0.4838272 -0.7474977 -0.3466846 -0.4838272 -0.8035677 -0.231476 -0.4838278 -0.8439961 -0.1117626 -0.4838276 -0.8679978 0.01012808 -0.4838274 -0.8751049 0.1318209 -0.483827 -0.8651791 0.2509469 -0.4838278 -0.838413 0.3651901 -0.4838268 -0.7953288 0.4723238 -0.4838272 -0.7367641 0.5702654 -0.4838276 -0.6638586 0.657107 -0.4838265 -0.5780333 0.7311585 -0.4838277 -0.4809554 0.7909778 -0.4838295 -0.3745171 0.8354036 -0.4838278 -0.2607902 0.8635687 -0.4838277 -0.1419858 0.8749263 -0.4838257 -0.02041906 0.8692511 -0.4838296 0.1015454 0.8466602 -0.4838277 0.2215342 0.80759 -0.4838257 0.3372109 0.752799 -0.4838278 0.4463231 0.5671218 -0.6873742 0.4537507 0.4984531 -0.6873737 0.5282632 0.4200822 -0.6873739 0.5924931 0.3335353 -0.6873738 0.6451911 0.2404956 -0.6873736 0.6853317 0.142775 -0.6873734 0.7121329 0.0422756 -0.6873733 0.7250729 -0.05904477 -0.6873735 0.7239001 -0.1592186 -0.6873733 0.7086378 -0.2562919 -0.6873734 0.6795824 -0.3483765 -0.6873738 0.6372999 -0.433682 -0.6873735 0.5826128 -0.5105462 -0.687373 0.5165859 -0.5774711 -0.6873748 0.4405032 -0.6331577 -0.6873741 0.3558486 -0.676521 -0.6873734 0.2642672 -0.706715 -0.6873746 0.1675412 -0.7231544 -0.6873748 0.06755512 -0.7255213 -0.6873719 -0.03374618 -0.7137627 -0.6873733 -0.1343904 -0.6881117 -0.6873745 -0.2324189 -0.6490684 -0.6873748 -0.3259236 -0.5973926 -0.6873738 -0.4130852 -0.5340892 -0.6873734 -0.4922058 -0.4603888 -0.687374 -0.5617465 -0.3777281 -0.6873731 -0.6203545 -0.2877161 -0.6873733 -0.6668864 -0.1921038 -0.6873733 -0.7004385 -0.09275168 -0.6873736 -0.7203573 0.008405566 -0.6873738 -0.7262552 0.109399 -0.6873732 -0.7180181 0.2082629 -0.6873733 -0.695805 0.3030735 -0.6873737 -0.6600484 0.3919845 -0.6873732 -0.611446 0.4732669 -0.6873732 -0.5509415 0.545338 -0.6873728 -0.4797137 0.6067932 -0.6873734 -0.3991489 0.6564381 -0.6873742 -0.3108147 0.6933062 -0.6873747 -0.2164315 0.7166805 -0.6873747 -0.1178352 0.7261067 -0.6873732 -0.01694577 0.7213999 -0.687372 0.08427339 0.7026507 -0.6873719 0.1838532 0.6702226 -0.6873747 0.2798529 0.6247537 -0.6873725 0.3704077 0.4146223 -0.8473718 0.3317372 0.3644192 -0.8473714 0.386213 0.3071215 -0.8473716 0.4331719 0.2438478 -0.847371 0.4716998 0.1758263 -0.8473713 0.5010458 0.08648383 -0.847801 0.5232151 0.1070443 -0.8387366 0.5339126 0.03090864 -0.8473712 0.5301007 -0.04316794 -0.8473715 0.5292431 -0.1164045 -0.8473717 0.5180842 -0.1873745 -0.8473719 0.4968417 -0.2546986 -0.8473713 0.4659296 -0.3170653 -0.8473713 0.4259477 -0.3732593 -0.8473719 0.3776749 -0.4221898 -0.8473712 0.322053 -0.4629018 -0.8473714 0.2601609 -0.4946042 -0.8473715 0.1932054 -0.5166797 -0.8473716 0.1224898 -0.5419797 -0.8388652 0.05063021 -0.5294783 -0.847841 0.02861171 -0.5304271 -0.8473715 -0.02467167 -0.5218315 -0.8473715 -0.09825283 -0.5030794 -0.847371 -0.169922 -0.4745339 -0.8473718 -0.2382825 -0.4367542 -0.847371 -0.3020068 -0.3904719 -0.8473715 -0.359852 -0.3365896 -0.8473719 -0.4106926 -0.2761569 -0.8473714 -0.4535407 -0.2103495 -0.8473713 -0.4875605 -0.1404468 -0.8473713 -0.5120903 -0.06953042 -0.838779 -0.5400142 -0.04797464 -0.8478286 -0.5280959 0.00614506 -0.8473712 -0.5309653 0.07998102 -0.8473714 -0.5249426 0.1522606 -0.8473712 -0.5087032 0.2215766 -0.8473712 -0.4825618 0.2865799 -0.8473716 -0.4470273 0.3460047 -0.8473716 -0.4027931 0.3986954 -0.8473718 -0.3507181 0.443627 -0.8473708 -0.2918182 0.479921 -0.8473722 -0.2272361 0.5068771 -0.8473711 -0.1582332 0.5373232 -0.8387365 -0.08834588 0.5260065 -0.847816 -0.06727188 0.5308548 -0.8473723 -0.01238906 0.5274141 -0.8473715 0.06161272 0.5137072 -0.847371 0.1344147 0.4899996 -0.8473719 0.2046005 0.4567565 -0.8473716 0.2708042 0.4567568 -0.8473713 0.2708042 0.490001 -0.8473711 0.2046004 0.5137048 -0.8473725 0.1344143 0.5274136 -0.8473718 0.06161212 0.5308564 -0.8473713 -0.01238918 0.5200561 -0.8478007 -0.1038058 0.5068773 -0.8473713 -0.1582327 0.4799222 -0.8473713 -0.2272369 0.4436262 -0.8473718 -0.2918166 0.3986956 -0.8473716 -0.3507184 0.3460051 -0.8473715 -0.4027928 0.2865802 -0.8473716 -0.4470272 0.2215763 -0.8473718 -0.482561 0.1522614 -0.8473718 -0.508702 0.07998162 -0.8473715 -0.5249424 0.006145 -0.8473713 -0.5309654 -0.08470529 -0.847786 -0.5235303 -0.1404467 -0.8473714 -0.5120903 -0.210349 -0.8473718 -0.4875597 -0.276157 -0.8473718 -0.4535399 -0.3365913 -0.8473711 -0.4106929 -0.3904721 -0.8473718 -0.3598513 -0.4367535 -0.8473718 -0.3020059 -0.4745345 -0.8473713 -0.2382832 -0.503078 -0.8473721 -0.1699212 -0.5218311 -0.8473716 -0.09825253 -0.5304262 -0.8473721 -0.02467185 -0.526304 -0.8477709 0.06548869 -0.5166794 -0.8473718 0.1224895 -0.4946046 -0.8473713 0.1932053 -0.4629016 -0.8473716 0.2601602 -0.4221889 -0.847372 0.3220518 -0.3732602 -0.847371 0.3776761 -0.3170645 -0.8473716 0.425948 -0.2546986 -0.8473719 0.4659285 -0.1873753 -0.8473711 0.4968428 -0.1164049 -0.8473718 0.5180841 -0.04316914 -0.8473718 0.5292425 0.03090763 -0.8473718 0.5300999 0.122765 -0.8478155 0.5158853 0.1758261 -0.8473718 0.5010451 0.2438473 -0.8473719 0.4716986 0.3071219 -0.8473715 0.4331718 0.3644188 -0.8473716 0.386213 0.4146234 -0.8473712 0.3317375 0.6247525 -0.6873747 0.370406 0.6702241 -0.6873731 0.2798535 0.7026491 -0.6873738 0.1838521 0.7213981 -0.6873738 0.08427381 0.7261062 -0.6873738 -0.01694589 0.7166827 -0.6873723 -0.1178358 0.6933072 -0.6873738 -0.2164312 0.65644 -0.6873722 -0.3108152 0.6067927 -0.6873745 -0.3991479 0.5453375 -0.6873731 -0.4797139 0.4732671 -0.6873733 -0.5509414 0.3919848 -0.6873737 -0.6114453 0.3030732 -0.6873733 -0.6600489 0.2082629 -0.6873739 -0.6958044 0.1093983 -0.687374 -0.7180175 0.008404552 -0.6873735 -0.7262555 -0.0927518 -0.6873742 -0.7203568 -0.1921038 -0.6873739 -0.700438 -0.2877157 -0.6873739 -0.666886 -0.3777288 -0.6873739 -0.6203533 -0.4603903 -0.6873728 -0.5617467 -0.5340891 -0.6873731 -0.4922065 -0.5973929 -0.6873739 -0.4130846 -0.6490697 -0.6873732 -0.3259243 -0.6881119 -0.6873744 -0.232419 -0.7137635 -0.6873725 -0.1343908 -0.7255195 -0.6873738 -0.033746 -0.7231568 -0.6873723 0.06755512 -0.7067171 -0.6873723 0.1675421 -0.6765203 -0.6873745 0.2642663 -0.6331589 -0.6873728 0.355849 -0.5774722 -0.6873731 0.4405043 -0.510545 -0.6873747 0.5165848 -0.4336819 -0.6873739 0.5826124 -0.3483781 -0.6873734 0.6372994 -0.2562937 -0.6873736 0.6795817 -0.1592184 -0.6873739 0.7086372 -0.05904591 -0.6873735 0.7239001 0.04227602 -0.6873738 0.7250725 0.142776 -0.6873734 0.7121326 0.2404967 -0.6873731 0.6853318 0.3335343 -0.6873738 0.6451917 0.4200817 -0.6873738 0.5924937 0.4984538 -0.6873731 0.5282633 0.567122 -0.6873738 0.4537511 0.7527993 -0.4838269 0.4463237 0.8075897 -0.4838262 0.3372107 0.8466611 -0.4838261 0.2215343 0.8692519 -0.4838283 0.1015453 0.8749247 -0.4838283 -0.02041888 0.8635683 -0.4838283 -0.1419858 0.8354056 -0.4838241 -0.260791 0.790979 -0.4838271 -0.3745179 0.7311576 -0.4838283 -0.4809561 0.6571057 -0.4838293 -0.5780323 0.570265 -0.4838263 -0.6638599 0.4723235 -0.4838274 -0.7367643 0.3651897 -0.4838275 -0.7953285 0.2509466 -0.4838274 -0.8384134 0.1318208 -0.4838276 -0.8651787 0.01012766 -0.4838268 -0.8751052 -0.1117612 -0.4838272 -0.8679982 -0.2314763 -0.4838274 -0.8439963 -0.3466848 -0.4838276 -0.8035674 -0.455146 -0.4838273 -0.747498 -0.5547478 -0.4838275 -0.6768795 -0.6435529 -0.4838281 -0.5930852 -0.7198311 -0.483828 -0.4977486 -0.7821007 -0.483825 -0.3927239 -0.8291441 -0.4838282 -0.2800547 -0.8600509 -0.4838282 -0.1619342 -0.8742167 -0.4838303 -0.04066246 -0.8713703 -0.4838262 0.08140093 -0.8515624 -0.4838241 0.2018804 -0.8151767 -0.483828 0.3184295 -0.7629272 -0.4838271 0.4287815 -0.6958276 -0.4838272 0.5307874 -0.6151843 -0.483828 0.6224619 -0.5225684 -0.4838273 0.702021 -0.419779 -0.4838267 0.7679176 -0.3088201 -0.483828 0.8188655 -0.1918522 -0.4838268 0.8538761 -0.0711466 -0.4838268 0.8722671 0.05094051 -0.4838273 0.8736796 0.1720361 -0.4838278 0.8580876 0.2897869 -0.4838266 0.8257939 0.4018941 -0.4838272 0.7774268 0.50618 -0.4838263 0.7139286 0.6006132 -0.4838282 0.6365329 0.6833568 -0.4838272 0.5467492 0.8329194 -0.249764 0.4938254 0.89354 -0.2497662 0.3730994 0.9367695 -0.2497663 0.245112 0.9617665 -0.2497639 0.1123532 0.9680426 -0.2497662 -0.02259224 0.9554781 -0.2497638 -0.1570973 0.9243156 -0.2497639 -0.2885461 0.8751624 -0.2497638 -0.4143776 0.8089749 -0.2497662 -0.5321434 0.7270414 -0.249765 -0.6395531 0.6309583 -0.2497649 -0.7345129 0.5225929 -0.2497645 -0.8151775 0.4040574 -0.2497649 -0.8799746 0.2776558 -0.2497648 -0.9276449 0.1458491 -0.249765 -0.9572594 0.01120686 -0.2497656 -0.9682415 -0.1236575 -0.2497644 -0.9603784 -0.2561118 -0.2497649 -0.9338223 -0.3835823 -0.2497656 -0.8890905 -0.5035872 -0.2497649 -0.8270535 -0.6137888 -0.2497652 -0.7489197 -0.7120461 -0.2497626 -0.6562081 -0.7964425 -0.249765 -0.550724 -0.8653378 -0.2497639 -0.4345211 -0.9173896 -0.2497662 -0.3098603 -0.9515863 -0.2497638 -0.1791689 -0.967261 -0.2497638 -0.04499006 -0.9641091 -0.2497638 0.09006434 -0.9421915 -0.2497663 0.2233656 -0.9019355 -0.2497663 0.35232 -0.844125 -0.2497638 0.4744167 -0.7698841 -0.249765 0.5872786 -0.6806578 -0.2497663 0.6887103 -0.5781843 -0.2497649 0.776737 -0.4644564 -0.2497657 0.8496456 -0.3416879 -0.2497648 0.9060171 -0.2122696 -0.2497649 0.9447535 -0.07871937 -0.2497659 0.9651012 0.05636209 -0.2497653 0.9666647 0.1903465 -0.2497646 0.9494135 0.3206281 -0.2497656 0.913682 0.4446684 -0.2497656 0.860167 0.5600523 -0.249765 0.7899107 0.6645359 -0.2497652 0.7042793 0.7560864 -0.2497637 0.6049394 0.9227868 0 0.3853111 0.967431 0 0.2531349 0.9932457 0 0.1160303 0.9867514 0 -0.1622399 0.9038068 0 -0.4279408 0.7508389 0 -0.6604855 0.6516101 0 -0.7585541 0.5396984 0 -0.8418585 0.2867439 0 -0.9580073 0.1506244 0 -0.9885911 0.01157277 0 -0.9999331 -0.63388 0 -0.7734315 -0.7353512 0 -0.6776862 -0.8225106 0 -0.5687498 -0.8936609 0 -0.448743 -0.9827322 0 -0.1850334 -0.9989201 0 -0.04646277 -0.9956651 0 0.09301215 -0.9314569 0 0.3638517 -0.7950829 0 0.6065009 -0.7029362 0 0.711253 -0.597109 0 0.8021602 -0.4796576 0 0.8774558 -0.2192169 0 0.9756762 -0.08129739 0 0.9966899 0.05820858 0 0.9983046 0.1965786 0 0.9804881 0.331122 0 0.9435881 0.4592217 0 0.8883217 0.5783831 0 0.8157653 0.6862872 0 0.7273306 0.7808332 0 0.6247396 0.8329194 0.2497628 0.4938257 0.8935403 0.2497654 0.3730995 0.9367697 0.2497653 0.2451121 0.9617662 0.2497654 0.112353 0.9680429 0.2497653 -0.02259218 0.9554783 0.2497629 -0.157098 0.9243153 0.2497653 -0.2885453 0.8751618 0.2497653 -0.4143779 0.8089753 0.249764 -0.5321437 0.7270426 0.249764 -0.6395522 0.6309576 0.2497654 -0.7345134 0.5225929 0.2497648 -0.8151776 0.4040572 0.2497647 -0.8799747 0.2776559 0.2497645 -0.9276449 0.1458492 0.2497651 -0.9572593 0.01120591 0.2497656 -0.9682415 -0.1236569 0.2497646 -0.9603785 -0.2561113 0.249765 -0.9338225 -0.383583 0.2497653 -0.8890903 -0.5035876 0.2497652 -0.8270533 -0.6137894 0.2497653 -0.7489191 -0.7120456 0.2497642 -0.656208 -0.7964426 0.2497651 -0.5507236 -0.8653374 0.2497654 -0.434521 -0.9173898 0.2497653 -0.3098601 -0.951586 0.2497653 -0.1791689 -0.9672607 0.2497653 -0.04499018 -0.9641088 0.2497653 0.09006422 -0.9421923 0.249763 0.223366 -0.9019364 0.249763 0.3523201 -0.8441248 0.2497652 0.4744163 -0.769884 0.2497643 0.5872789 -0.6806578 0.2497653 0.6887106 -0.5781847 0.2497651 0.7767368 -0.4644561 0.2497653 0.8496458 -0.3416879 0.2497648 0.9060171 -0.2122696 0.249765 0.9447535 -0.07871818 0.2497659 0.9651013 0.05636179 0.2497653 0.9666647 0.1903474 0.2497646 0.9494133 0.3206279 0.2497656 0.9136821 0.4446684 0.2497652 0.8601672 0.5600521 0.2497654 0.7899107 0.6645367 0.249763 0.7042794 0.7560865 0.2497639 0.604939 0.7527991 0.4838278 0.446323 0.807591 0.4838237 0.3372113 0.8466614 0.4838256 0.2215344 0.8692522 0.4838276 0.1015456 0.8749263 0.4838257 -0.02041906 0.8635676 0.4838296 -0.1419857 0.8354047 0.4838257 -0.2607906 0.7909789 0.4838275 -0.3745176 0.7311581 0.4838279 -0.4809558 0.6571066 0.4838267 -0.5780335 0.5702654 0.4838275 -0.6638588 0.4723237 0.4838277 -0.736764 0.3651899 0.4838278 -0.7953283 0.250947 0.4838274 -0.8384132 0.1318196 0.4838277 -0.8651788 0.01012808 0.4838269 -0.8751052 -0.1117613 0.4838273 -0.867998 -0.231476 0.4838275 -0.8439964 -0.3466857 0.4838277 -0.8035669 -0.4551464 0.4838271 -0.7474979 -0.5547479 0.4838268 -0.6768799 -0.6435524 0.4838286 -0.5930853 -0.719831 0.4838285 -0.4977483 -0.7820994 0.4838275 -0.3927233 -0.8291444 0.4838277 -0.2800543 -0.8600502 0.4838296 -0.1619342 -0.8742182 0.4838277 -0.04066234 -0.8713695 0.4838277 0.08140087 -0.8515617 0.4838257 0.2018799 -0.815176 0.4838295 0.3184291 -0.7629259 0.4838296 0.4287809 -0.695828 0.4838266 0.5307872 -0.6151845 0.4838276 0.6224621 -0.5225675 0.4838275 0.7020215 -0.4197793 0.4838273 0.7679171 -0.3088198 0.4838276 0.8188659 -0.1918517 0.483827 0.8538761 -0.07114738 0.4838269 0.872267 0.05093997 0.4838275 0.8736796 0.1720376 0.483828 0.8580872 0.289786 0.4838269 0.8257941 0.4018943 0.4838272 0.7774267 0.5061804 0.4838266 0.7139281 0.6006136 0.4838267 0.6365337 0.6833561 0.4838287 0.546749 0.6247534 0.6873731 0.3704072 0.6702237 0.6873735 0.2798534 0.7026495 0.6873732 0.1838529 0.7213985 0.6873734 0.08427321 0.726108 0.6873719 -0.01694583 0.7166818 0.6873733 -0.1178352 0.6933062 0.6873748 -0.2164314 0.6564387 0.6873735 -0.310815 0.6067928 0.6873739 -0.3991487 0.5453374 0.6873733 -0.4797136 0.4732675 0.687373 -0.5509414 0.3919845 0.6873732 -0.611446 0.3030735 0.6873732 -0.6600489 0.208263 0.6873732 -0.695805 0.1093983 0.6873739 -0.7180175 0.008405566 0.6873731 -0.7262558 -0.09275162 0.6873738 -0.7203572 -0.1921042 0.6873734 -0.7004383 -0.2877155 0.6873734 -0.6668865 -0.3777285 0.6873733 -0.6203541 -0.4603896 0.6873735 -0.5617466 -0.5340892 0.6873733 -0.492206 -0.5973924 0.6873739 -0.4130852 -0.6490699 0.6873729 -0.3259245 -0.6881117 0.6873745 -0.2324191 -0.713764 0.687372 -0.1343907 -0.7255213 0.6873719 -0.03374618 -0.7231558 0.6873733 0.06755506 -0.7067162 0.6873733 0.1675417 -0.676521 0.6873734 0.2642673 -0.6331581 0.6873738 0.3558484 -0.5774713 0.6873746 0.4405031 -0.5105457 0.6873737 0.5165854 -0.433682 0.6873735 0.5826128 -0.3483772 0.6873733 0.6373001 -0.2562932 0.6873733 0.6795821 -0.1592185 0.6873736 0.7086375 -0.05904549 0.6873732 0.7239004 0.04227554 0.6873735 0.7250728 0.1427763 0.6873733 0.7121326 0.2404956 0.6873734 0.6853318 0.3335344 0.6873739 0.6451915 0.4200819 0.6873738 0.5924935 0.4984527 0.6873741 0.5282631 0.5671218 0.6873742 0.4537507 0.4474521 0.8477789 0.2847061 0.4633582 0.8571785 0.2248209 0.4937257 0.8562467 0.1519097 0.5345236 0.8428437 0.06244325 0.5339087 0.8454504 -0.01246035 0.5219855 0.8486256 -0.08582407 0.498229 0.8517627 -0.162075 0.4641266 0.8541776 -0.2344506 0.4516375 0.8412864 -0.2970871 0.4076579 0.8397737 -0.3586018 0.3546382 0.8389233 -0.4128431 0.3008813 0.8477935 -0.4367112 0.2422974 0.8573138 -0.454208 0.170549 0.8565386 -0.4870882 0.09462255 0.8551283 -0.509708 0.006194055 0.8447436 -0.5351355 -0.0677272 0.847781 -0.5260043 -0.143188 0.8510496 -0.5051851 -0.2168692 0.8536393 -0.4735693 -0.2807552 0.8417662 -0.4610922 -0.3438455 0.8400903 -0.4195458 -0.4000457 0.8390724 -0.3686746 -0.4478951 0.8387309 -0.3097108 -0.4444556 0.8574103 -0.2594357 -0.4798088 0.8567907 -0.1889273 -0.5050441 0.8555415 -0.1139264 -0.5356497 0.8440728 -0.0249145 -0.529335 0.8469706 0.04944902 -0.5114957 0.8502884 0.1240239 -0.482408 0.853058 0.1989335 -0.4699033 0.8422852 0.2640958 -0.4308492 0.840448 0.3286582 -0.3822035 0.839264 0.3867253 -0.3251323 0.8387526 0.4367872 -0.2681514 0.8477627 0.4575951 -0.2070235 0.8570045 0.4718946 -0.133028 0.8559145 0.4997138 -0.04367393 0.8434392 0.5354465 0.03101712 0.8461928 0.5319734 0.1045981 0.8494819 0.5171458 0.1806629 0.8524328 0.4906316 0.2516604 0.8546738 0.4540925 0.3130626 0.8408477 0.4415509 0.3729037 0.8394975 0.395205 0.4250969 0.8388162 0.3401179 0 1 -4.15133e-7 0 1 0 0 1 -2.06002e-7 0 1 2.05292e-7 0 1 -2.04628e-7 0 1 -2.04009e-7 0 1 4.04833e-7 0 1 -7.38159e-7 0 1 7.10181e-7 0 1 -3.87284e-7 0 1 4.25926e-7 0 1 -3.95501e-7 0 1 -5.00953e-7 0 1 2.05711e-7 0 1 -2.05486e-7 0 1 -2.04918e-7 0 1 -3.06861e-7 0 1 3.02354e-7 0 1 -7.38157e-7 0 1 0 0 1 -4.05626e-7 0 1 -4.04557e-7 0 1 2.01708e-7 0 1 -4.02204e-7 0 1 -1.99785e-7 0 1 -1.99075e-7 0 1 1.98333e-7 0 1 2.07566e-7 0 1 2.06761e-7 0 1 4.10585e-7 0 1 2.04628e-7 0 1 4.08018e-7 0 1 4.06869e-7 0 1 0 0 1 -6.05917e-7 0 1 2.01209e-7 0 1 2.00372e-7 0 1 -4.00347e-7 0 1 7.10182e-7 0 1 4.48299e-7 0 1 -2.50476e-7 0 1 -8.23579e-7 0 1 -8.21946e-7 0 1 8.06279e-7 0 1 2.02279e-7 0 1 2.01708e-7 0 1 -2.00461e-7 0 1 3.99569e-7 0 1 -1.99075e-7 0.006908416 0.9999681 0.004015505 0.007451474 0.9999681 0.002884507 0.007811009 0.9999681 0.001683592 0.0079782 0.9999681 4.40715e-4 0.007948935 0.9999681 -8.12543e-4 0.007723927 0.9999682 -0.002045989 0.007308781 0.9999681 -0.003229141 0.006713628 0.9999682 -0.004332542 0.005953192 0.9999681 -0.005329549 0.005046129 0.9999682 -0.006195127 0.004014849 0.9999682 -0.006908178 0.002884685 0.9999681 -0.007451355 0.001683473 0.9999681 -0.007810831 4.40899e-4 0.9999681 -0.00797677 -8.12612e-4 0.9999682 -0.0079481 -0.002046048 0.9999682 -0.007722973 -0.00298345 0.9999682 -0.007394909 -0.003086507 0.9999709 -0.006985783 -0.00409007 0.9999683 -0.006843924 -0.004138588 0.9999709 -0.006413221 -0.005098283 0.9999682 -0.006129264 -0.005088627 0.9999709 -0.005684375 -0.005983889 0.9999682 -0.00526762 -0.005913913 0.9999709 -0.004817128 -0.006594598 0.9999709 -0.003832638 -0.006725549 0.9999682 -0.004279613 -0.00711447 0.9999709 -0.002754449 -0.007305562 0.9999682 -0.003187954 -0.007461011 0.999971 -0.001608073 -0.007710039 0.9999682 -0.002021193 -0.007625639 0.9999709 -4.21468e-4 -0.007929205 0.9999683 -8.05291e-4 -0.007948935 0.9999681 8.12543e-4 -0.007723927 0.9999682 0.002045989 -0.007308781 0.9999681 0.003229141 -0.006713628 0.9999682 0.004332542 -0.005953192 0.9999681 0.005329549 -0.005046129 0.9999682 0.006195127 -0.004014849 0.9999682 0.006908178 -0.002884685 0.9999681 0.007451355 -0.001683473 0.9999681 0.007810831 -4.40899e-4 0.9999681 0.00797677 8.12612e-4 0.9999682 0.0079481 0.002046048 0.9999682 0.007722973 0.0032292 0.9999681 0.007308185 0.00433278 0.9999681 0.006712615 0.005329668 0.9999682 0.005952179 0.006195366 0.9999681 0.005045592 0.2245002 0.9657006 0.130469 0.2421454 0.9657008 0.09374302 0.25383 0.9657005 0.05470883 0.2592627 0.9657006 0.01432704 0.258312 0.9657006 -0.02640652 0.2510008 0.9657007 -0.06649029 0.2375082 0.965701 -0.1049364 0.2181691 0.9657006 -0.1407997 0.1934569 0.9657008 -0.1731953 0.1639817 0.9657007 -0.2013261 0.1304684 0.9657005 -0.2245007 0.0937426 0.9657006 -0.2421462 0.05470871 0.9657004 -0.2538305 0.01432716 0.9657008 -0.2592622 -0.02640646 0.9657006 -0.2583118 -0.06649029 0.9657008 -0.2510005 -0.104937 0.9657006 -0.2375094 -0.1407997 0.9657006 -0.2181692 -0.1731954 0.9657006 -0.1934573 -0.2013264 0.9657006 -0.1639824 -0.2245002 0.9657006 -0.130469 -0.2421454 0.9657008 -0.09374302 -0.25383 0.9657005 -0.05470883 -0.2592627 0.9657006 -0.01432704 -0.258312 0.9657006 0.02640652 -0.2510008 0.9657007 0.06649029 -0.2375082 0.965701 0.1049364 -0.2181691 0.9657006 0.1407997 -0.1934569 0.9657008 0.1731953 -0.1639817 0.9657007 0.2013261 -0.1304684 0.9657005 0.2245007 -0.0937426 0.9657006 0.2421462 -0.05470871 0.9657004 0.2538305 -0.01432716 0.9657008 0.2592622 0.02640646 0.9657006 0.2583118 0.06649029 0.9657008 0.2510005 0.104937 0.9657006 0.2375094 0.1407997 0.9657006 0.2181692 0.1731954 0.9657006 0.1934573 0.2013264 0.9657006 0.1639824 0.4274618 0.8692318 0.2484199 0.4610607 0.8692317 0.178492 0.4833056 0.8692324 0.1041683 0.4936517 0.8692317 0.02728015 0.4918417 0.8692317 -0.05027949 0.4779208 0.8692318 -0.1266017 0.4522321 0.8692317 -0.1998062 0.4154077 0.8692318 -0.2680909 0.368354 0.8692322 -0.3297737 0.3122309 0.8692324 -0.3833368 0.24842 0.8692321 -0.4274613 0.1784914 0.8692321 -0.46106 0.1041693 0.869232 -0.483306 0.02728033 0.8692321 -0.493651 -0.0502789 0.869232 -0.4918414 -0.1266016 0.8692322 -0.4779201 -0.199806 0.8692321 -0.4522314 -0.2680906 0.8692322 -0.4154068 -0.3297741 0.8692321 -0.3683541 -0.3833373 0.8692324 -0.3122303 -0.4274618 0.8692318 -0.2484199 -0.4610607 0.8692317 -0.178492 -0.4833056 0.8692324 -0.1041683 -0.4936517 0.8692317 -0.02728015 -0.4918417 0.8692317 0.05027949 -0.4779208 0.8692318 0.1266017 -0.4522321 0.8692317 0.1998062 -0.4154077 0.8692318 0.2680909 -0.368354 0.8692322 0.3297737 -0.3122309 0.8692324 0.3833368 -0.24842 0.8692321 0.4274613 -0.1784914 0.8692321 0.46106 -0.1041693 0.869232 0.483306 -0.02728033 0.8692321 0.493651 0.0502789 0.869232 0.4918414 0.1266016 0.8692322 0.4779201 0.199806 0.8692321 0.4522314 0.2680906 0.8692322 0.4154068 0.3297741 0.8692321 0.3683541 0.3833373 0.8692324 0.3122303 0.6026806 0.7170088 0.3502491 0.6666302 0.6992866 0.2580747 0.660303 0.7179116 0.2204611 0.6814185 0.7170066 0.1468682 0.6961222 0.7173961 0.02750968 0.7077839 0.7053453 0.03911393 0.7051903 0.7053437 -0.0720902 0.6865817 0.718041 -0.1141176 0.6738252 0.7170067 -0.1784967 0.6278026 0.7176966 -0.3012899 0.6538658 0.6992857 -0.288893 0.5856857 0.7170079 -0.377984 0.5193462 0.7170072 -0.4649518 0.4514438 0.6992868 -0.5542532 0.4137154 0.7179113 -0.5598598 0.3502488 0.7170083 -0.6026815 0.2412775 0.7173957 -0.6535509 0.2559168 0.7053446 -0.6610565 0.1493537 0.7053448 -0.6929519 0.1036349 0.7180394 -0.6882436 0.03846269 0.717008 -0.696003 -0.09254264 0.7176961 -0.6901799 -0.07269769 0.6992864 -0.7111355 -0.1784965 0.7170079 -0.6738239 -0.2817083 0.7170081 -0.6376049 -0.387623 0.6992858 -0.600623 -0.4046126 0.717911 -0.5664739 -0.4649522 0.7170068 -0.5193465 -0.5470048 0.7173963 -0.4314259 -0.5496196 0.705344 -0.4476698 -0.6128839 0.7053441 -0.3561785 -0.6225336 0.7180403 -0.3112396 -0.6500529 0.7170076 -0.2516571 -0.6849976 0.7176958 -0.1252643 -0.6987954 0.6992857 -0.1506135 -0.6960033 0.7170078 -0.03846263 -0.6934512 0.7170078 0.07088994 -0.6910089 0.6992853 0.1830489 -0.6637795 0.7179123 0.2097587 -0.6376045 0.7170083 0.2817084 -0.5793457 0.7173953 0.3869144 -0.5956004 0.7053442 0.3843824 -0.5281381 0.7053432 0.4728225 -0.4883764 0.7180423 0.495887 -0.4402182 0.7170073 0.5404707 -0.3308094 0.7176961 0.6127622 -0.3591817 0.6992862 0.6180514 -0.2516568 0.7170079 0.6500527 -0.1468675 0.7170078 0.6814175 -0.03944355 0.6992863 0.7137528 -0.005626559 0.7179114 0.6961118 0.07088977 0.717008 0.6934509 0.1889504 0.7173959 0.6705529 0.1815179 0.7053443 0.6852304 0.2864762 0.7053452 0.6483978 0.3206993 0.7180395 0.6177147 0.3779833 0.7170078 0.5856863 0.4805464 0.7176963 0.5039716 0.4768093 0.6992853 0.5325908 0.5404701 0.717008 0.4402177 0.5404705 0.7170084 0.4402166 0.4393835 0.7179107 0.5399504 0.3779834 0.7170082 0.5856858 0.2715039 0.7173953 0.6415838 0.1356256 0.7180406 0.6826591 0.07088994 0.7170082 0.6934508 -0.06024354 0.7176963 0.6937455 -0.1468685 0.7170081 0.6814169 -0.2516571 0.7170084 0.6500521 -0.3777457 0.7179121 0.5847311 -0.4402163 0.717009 0.5404699 -0.5262836 0.7173956 0.4564749 -0.6073366 0.7180398 0.3399428 -0.6376059 0.7170071 0.2817085 -0.6784077 0.7176963 0.157083 -0.69345 0.717009 0.07088947 -0.696002 0.717009 -0.03846251 -0.672844 0.7179104 -0.1785658 -0.6500527 0.7170079 -0.2516568 -0.5967631 0.7173965 -0.3594665 -0.5109825 0.71804 -0.4725629 -0.4649518 0.7170072 -0.5193463 -0.3590344 0.7176966 -0.5966622 -0.2817085 0.7170081 -0.6376047 -0.1784961 0.7170082 -0.6738237 -0.03809416 0.7179117 -0.6950911 0.03846234 0.7170084 -0.6960026 0.1574633 0.7173951 -0.6786381 0.2915319 0.7180405 -0.6320025 0.3502498 0.717008 -0.6026812 0.4565125 0.7176959 -0.5258413 0.5193457 0.7170078 -0.4649516 0.5856866 0.7170077 -0.377983 0.6492995 0.7179114 -0.2510251 0.6738242 0.7170077 -0.1784965 0.694082 0.7173952 -0.05995398 0.6911599 0.7180392 0.08196198 0.6814161 0.7170091 0.1468678 0.6411755 0.7176955 0.2716749 0.6026819 0.7170078 0.3502491 0.383337 0.8692321 0.3122316 0.3297737 0.869232 0.3683545 0.268091 0.8692319 0.4154072 0.1998062 0.8692318 0.4522318 0.1266016 0.8692316 0.477921 0.05027991 0.8692317 0.4918418 -0.02727973 0.8692317 0.4936519 -0.1041681 0.8692321 0.483306 -0.1784914 0.869232 0.4610602 -0.24842 0.8692314 0.4274625 -0.312232 0.8692314 0.383338 -0.3683539 0.8692321 0.3297743 -0.4154063 0.8692325 0.2680903 -0.4522309 0.8692322 0.199806 -0.4779198 0.8692324 0.1266013 -0.4918396 0.8692329 0.05027955 -0.4936518 0.8692318 -0.02728044 -0.4833056 0.8692322 -0.1041682 -0.4610597 0.8692322 -0.1784917 -0.4274612 0.8692322 -0.2484197 -0.383337 0.8692321 -0.3122316 -0.3297737 0.869232 -0.3683545 -0.268091 0.8692319 -0.4154072 -0.1998062 0.8692318 -0.4522318 -0.1266016 0.8692316 -0.477921 -0.05027991 0.8692317 -0.4918418 0.02727973 0.8692317 -0.4936519 0.1041681 0.8692321 -0.483306 0.1784914 0.869232 -0.4610602 0.24842 0.8692314 -0.4274625 0.312232 0.8692314 -0.383338 0.3683539 0.8692321 -0.3297743 0.4154063 0.8692325 -0.2680903 0.4522309 0.8692322 -0.199806 0.4779198 0.8692324 -0.1266013 0.4918396 0.8692329 -0.05027955 0.4936518 0.8692318 0.02728044 0.4833056 0.8692322 0.1041682 0.4610597 0.8692322 0.1784917 0.4274612 0.8692322 0.2484197 0.2013263 0.9657008 0.1639813 0.1731953 0.9657006 0.1934578 0.1407997 0.9657008 0.2181689 0.1049368 0.9657006 0.2375091 0.06649041 0.9657005 0.2510011 0.02640664 0.9657006 0.2583119 -0.01432752 0.9657007 0.2592626 -0.05470865 0.9657008 0.253829 -0.0937429 0.9657008 0.2421454 -0.1304687 0.9657007 0.2245 -0.163982 0.9657006 0.2013266 -0.193458 0.9657004 0.1731957 -0.2181695 0.9657006 0.1407996 -0.23751 0.9657003 0.1049372 -0.251 0.9657009 0.06649017 -0.2583117 0.9657007 0.02640658 -0.2592629 0.9657006 -0.01432752 -0.2538291 0.9657008 -0.05470865 -0.2421457 0.9657008 -0.09374225 -0.2245004 0.9657006 -0.1304682 -0.2013263 0.9657008 -0.1639813 -0.1731953 0.9657006 -0.1934578 -0.1407997 0.9657008 -0.2181689 -0.1049368 0.9657006 -0.2375091 -0.06649041 0.9657005 -0.2510011 -0.02640664 0.9657006 -0.2583119 0.01432752 0.9657007 -0.2592626 0.05470865 0.9657008 -0.253829 0.0937429 0.9657008 -0.2421454 0.1304687 0.9657007 -0.2245 0.163982 0.9657006 -0.2013266 0.193458 0.9657004 -0.1731957 0.2181695 0.9657006 -0.1407996 0.23751 0.9657003 -0.1049372 0.251 0.9657009 -0.06649017 0.2583117 0.9657007 -0.02640658 0.2592629 0.9657006 0.01432752 0.2538291 0.9657008 0.05470865 0.2421457 0.9657008 0.09374225 0.2245004 0.9657006 0.1304682 0.006195366 0.9999682 0.005046367 0.005329668 0.9999681 0.005953609 0.00433278 0.9999682 0.006714582 0.003229141 0.9999682 0.007308721 0.002046048 0.9999682 0.007724821 8.12602e-4 0.9999681 0.007949769 -4.40895e-4 0.9999682 0.007979393 -0.001683533 0.9999681 0.007811427 -0.002884685 0.9999681 0.007452309 -0.004014849 0.9999681 0.006908416 -0.005046129 0.9999682 0.006196022 -0.005953192 0.9999681 0.005329966 -0.006713628 0.9999682 0.004332959 -0.007308781 0.9999681 0.00322926 -0.007723987 0.9999681 0.002046048 -0.007948935 0.9999682 8.12727e-4 -0.007972121 0.9999683 -1.80457e-4 -0.007847785 0.9999683 -0.001410126 -0.007534921 0.9999682 -0.002605855 -0.007041096 0.9999682 -0.003738403 -0.006378233 0.9999682 -0.004781126 -0.005562245 0.9999682 -0.005709409 -0.004612743 0.9999682 -0.006499111 -0.003552556 0.9999682 -0.00713396 -0.002046048 0.9999682 -0.007724821 -8.12602e-4 0.9999681 -0.007949769 4.40895e-4 0.9999682 -0.007979393 0.001683533 0.9999681 -0.007811427 0.002884685 0.9999681 -0.007452309 0.004014849 0.9999681 -0.006908416 0.005046129 0.9999682 -0.006196022 0.005953192 0.9999681 -0.005329966 0.006713628 0.9999682 -0.004332959 0.007308781 0.9999681 -0.00322926 0.007723987 0.9999681 -0.002046048 0.007948935 0.9999682 -8.12727e-4 0.007978141 0.9999681 4.41083e-4 0.007811009 0.9999681 0.001683533 0.007451474 0.9999681 0.002884924 0.006908476 0.9999682 0.004015028 0.7402055 0.1102041 0.6632879 0.6900861 0 0.7237274 0.5417173 0.0443021 0.8393924 0.5532093 0.08833396 0.8283457 0.4607722 0 0.8875185 0.32883 0.1174603 0.9370561 0.2712215 0 0.962517 0.08572208 0.0883336 0.9923956 0.1015974 0.0443018 0.9938387 -0.008082151 0 0.9999674 -0.2106948 0 0.9775519 -0.1634101 0.1102029 0.9803839 -0.4020881 0.1102026 0.9089449 -0.4750577 0 0.8799547 -0.6309093 0.0443021 0.7745907 -0.6168522 0.08833396 0.7821066 -0.7016937 0 0.7124788 -0.789579 0.1174603 0.6023024 -0.8315965 0 0.5553805 -0.9173346 0.08833092 0.3881942 -0.9138013 0.04430574 0.4037379 -0.9535229 0 0.3013206 -0.9948155 0 0.1016972 -0.9828974 0.1102005 0.1475425 -0.9887099 0.1102026 -0.1015291 -0.9836876 0 -0.179885 -0.9316411 0.04430294 -0.3606694 -0.9344453 0.08833295 -0.3449773 -0.8944426 0 -0.4471828 -0.7851757 0 -0.6192731 -0.8168168 0.1174612 -0.5648125 -0.6526664 0.0883339 -0.7524784 -0.6663584 0.04430252 -0.7443143 -0.5812264 0 -0.813742 -0.4041345 0 -0.9146996 -0.4440534 0.1102036 -0.8891973 -0.2089679 0.1102029 -0.9716933 -0.1328955 0 -0.9911301 0.05512404 0.04430222 -0.9974962 0.0393328 0.0883336 -0.9953142 0.1488982 0 -0.9888525 0.2847582 0.1174609 -0.9513757 0.3463312 0 -0.9381124 0.5139645 0.08833295 -0.8532513 0.5019695 0.04430282 -0.8637499 0.5943043 0 -0.8042403 0.7450463 0 -0.6670129 0.7084571 0.1102026 -0.6970968 0.8595604 0.1102036 -0.4990102 0.9015539 0 -0.4326667 0.9657094 0.04430454 -0.2558174 0.9587548 0.08833092 -0.2701607 0.9864668 0 -0.1639615 0.9928072 0.1174612 -0.02316999 0.9992201 0 0.03948777 0.970314 0.08833247 0.22514 0.9765921 0.0443021 0.2104879 0.948528 0 0.3166935 0.8645987 0 0.5024632 0.8819037 0.1102045 0.4583678 0.9207565 0 0.3901379 0.9930418 0 0.1177634 0.9962901 0 -0.08605879 0.9327214 0 -0.3605979 0.8402176 0 -0.5422496 0.6555724 0 -0.7551324 0.4188667 0 -0.9080478 0.2260236 0 -0.9741219 -0.05472129 0 -0.9985017 -0.2560688 0 -0.9666586 -0.515591 0 -0.8568348 -0.7341672 0 -0.6789688 -0.8565998 0 -0.5159816 -0.9665415 0 -0.2565101 -0.9984766 0 -0.0551778 -0.9742249 0 0.2255789 -0.8726071 0 0.4884229 -0.7554314 0 0.6552278 -0.5426346 0 0.839969 -0.3610237 0 0.9325567 -0.08651405 0 0.9962506 0.1948676 0 0.9808296 0.3897178 0 0.9209343 0.6311767 0 0.7756392 0.775352 0 0.6315294 0 1 -3.91418e-7 0 1 0 0 1 3.93324e-7 0 1 -4.45561e-7 0 1 3.89061e-7 0 1 2.2352e-7 0 1 0 0 1 0 0 1 0 0 1 0 0 1 0 0 1 -4.47041e-7 0 1 -1.95e-7 0 1 0 0 1 -3.55662e-7 0 1 0 0 1 0 0 1 0 0 1 0 0 1 0 0 1 0 0 1 3.04628e-7 0 1 0 0 1 -4.3407e-7 0 1 1.73133e-7 0 1 0 -0.8897107 0 -0.4565249 -0.9519323 0 0.3063089 0.8897107 0 0.4565249 0.9519323 0 -0.3063089 0.9519323 0 -0.3063087 0.889711 0 0.4565243 -0.9519323 0 0.3063087 -0.889711 0 -0.4565243 0 1 0 0 1 0 0 1 -1.28312e-7 0 1 0 0 1 -1.49969e-7 0 1 1.88323e-7 0 1 -1.30254e-7 0 1 0 0 1 -1.22113e-7 0 1 0 0 1 2.51158e-7 0 1 1.25579e-7 0 1 1.26094e-7 0 1 1.58675e-7 0 1 0 0 1 -1.31364e-7 0 1 0 0 1 -1.25548e-7 0 1 1.27663e-7 0 1 2.53017e-7 0 1 0 0 1 0 0 1 -1.32607e-7 0 1 2.41559e-7 0 1 -1.58788e-7 0 1 1.21739e-7 0 1 0 0 1 -1.25477e-7 0.7013685 0 0.7127989 0.7421159 0.08389782 0.6650002 0.5020676 0 0.8648284 0.5534228 0.08389776 0.8286643 0.2712206 0 0.9625172 0.3299554 0.08389776 0.940261 0.08575546 0.08389753 0.9927775 0.02333086 0 0.9997279 -0.1638323 0.08389735 0.9829142 -0.2260233 0 0.9741219 -0.4031257 0.08389765 0.9112907 -0.4611778 0 0.8873078 -0.6673527 0 0.7447419 -0.6170901 0.08389711 0.7824073 -0.7922797 0.08389717 0.6043627 -0.8315964 0 0.5553805 -0.9176875 0.08389908 0.3883435 -0.9435879 0 0.3311224 -0.9962901 0 0.08605867 -0.9854338 0.08389776 0.1479234 -0.9912617 0.08389711 -0.1017913 -0.9863918 0 -0.1644119 -0.934805 0.08389645 -0.3451101 -0.9145147 0 -0.4045527 -0.7851755 0 -0.6192734 -0.8565999 0 -0.5159814 -0.8565996 0 -0.5159817 -0.6065014 0 -0.7950826 -0.6529174 0.08389717 -0.7527683 -0.3897184 0 -0.9209342 -0.4451988 0.08389717 -0.8914929 -0.1484472 0 -0.9889203 -0.2095075 0.08389705 -0.9742012 0.1021516 0 -0.9947689 0.03934842 0.08389711 -0.9956973 0.3463308 0 -0.9381124 0.2857326 0.08389765 -0.9546298 0.5141621 0.08389711 -0.8535798 0.5687502 0 -0.8225104 0.7102859 0.08389711 -0.6988959 0.7554315 0 -0.6552277 0.8946465 0 -0.4467749 0.861779 0.08389651 -0.5002982 0.977648 0 -0.210249 0.9591238 0.08389651 -0.2702646 0.9992201 0 0.03948783 0.9962033 0.08389651 -0.0232492 0.9580076 0 0.2867431 0.9706876 0.08389776 0.2252265 0.8565996 0 0.5159817 0.8841799 0.08389645 0.4595512 0.9145148 0 0.4045525 0.9863919 0 0.1644119 0.9962901 0 -0.08605867 0.9435878 0 -0.3311223 0.8315964 0 -0.5553805 0.6673527 0 -0.7447419 0.4611768 0 -0.8873083 0.2260233 0 -0.9741219 -0.02333086 0 -0.9997279 -0.2712206 0 -0.9625172 -0.5020685 0 -0.8648279 -0.7013688 0 -0.7127986 -0.7851761 0 -0.6192725 -0.9580076 0 -0.2867429 -0.9992201 0 -0.03948783 -0.9776479 0 0.2102488 -0.8946465 0 0.4467749 -0.7554318 0 0.6552274 -0.5687484 0 0.8225117 -0.346332 0 0.938112 -0.1021503 0 0.994769 0.1484472 0 0.9889203 0.3897174 0 0.9209346 0.6065005 0 0.7950832 0.7851762 0 0.6192725 0.03461933 0.9991831 0.0208531 0.3015065 0.9360073 0.1816154 0.5377517 0.7783952 0.32392 0.03695988 0.999183 0.01634955 0.3218919 0.9360073 0.1423946 0.5741096 0.7783949 0.253968 0.03766268 0.9992269 0.01127296 0.03822445 0.9991857 0.0129252 0.3372008 0.9360072 0.1009278 0.601413 0.7783952 0.1800101 0.03986489 0.999183 0.006644845 0.3471898 0.9360077 0.05786973 0.619232 0.7783951 0.1032134 0.04038345 0.999183 0.001595973 0.3517065 0.9360072 0.01389902 0.627285 0.7783952 0.02478951 0.04026496 0.9991831 -0.003477811 0.3506749 0.9360073 -0.03029078 0.6254459 0.7783951 -0.05402559 0.03951144 0.999183 -0.00849694 0.3441134 0.9360072 -0.07400321 0.6137422 0.7783955 -0.1319887 0.03721839 0.9992219 -0.01306051 0.03860533 0.9991859 -0.01171326 0.332125 0.9360073 -0.1165487 0.5923612 0.7783945 -0.2078705 0.03615701 0.9991831 -0.01805651 0.3148989 0.9360072 -0.1572558 0.5616366 0.7783951 -0.280474 0.03360885 0.999183 -0.02244508 0.2927062 0.9360072 -0.1954835 0.5220545 0.7783956 -0.3486536 0.03053063 0.9991831 -0.02648043 0.2658976 0.9360072 -0.2306272 0.4742402 0.7783959 -0.4113346 0.02697092 0.999183 -0.03009843 0.2348952 0.9360073 -0.2621349 0.4189469 0.7783955 -0.46753 0.02298599 0.9991831 -0.0332418 0.2001892 0.9360073 -0.2895076 0.3570467 0.7783949 -0.5163519 0.01813775 0.9992263 -0.0348972 0.01991182 0.9991858 -0.03509289 0.1623255 0.9360074 -0.3123153 0.289515 0.7783954 -0.5570292 0.01399689 0.9991831 -0.03791326 0.1219022 0.9360072 -0.3301974 0.2174181 0.7783951 -0.5889232 0.00913465 0.999183 -0.0393691 0.0795558 0.9360073 -0.3428723 0.141892 0.7783949 -0.6115293 0.004128396 0.999183 -0.04020363 0.03595483 0.9360074 -0.350139 0.0641281 0.7783945 -0.6244915 -9.4293e-4 0.9991831 -0.0404042 -0.008212506 0.9360071 -0.3518854 -0.01464647 0.7783952 -0.6276039 -0.005861461 0.9992203 -0.03904789 -0.004210293 0.999186 -0.04012131 -0.05224955 0.9360077 -0.3480799 -0.09319132 0.7783949 -0.6208195 -0.01096135 0.999183 -0.03890031 -0.09546482 0.9360073 -0.3387871 -0.1702656 0.7783954 -0.6042435 -0.01575028 0.999183 -0.03721928 -0.1371734 0.9360073 -0.3241511 -0.2446559 0.7783949 -0.5781393 -0.02029097 0.9991831 -0.03495192 -0.1767184 0.9360072 -0.3044029 -0.3151859 0.7783954 -0.5429167 -0.02451157 0.9991831 -0.03213328 -0.2134767 0.9360073 -0.2798538 -0.3807456 0.7783955 -0.4991325 -0.02834576 0.999183 -0.02880793 -0.2468686 0.9360072 -0.2508915 -0.4403016 0.7783948 -0.4474775 -0.0308966 0.9992255 -0.02436828 -0.03069955 0.9991858 -0.0261811 -0.2763663 0.9360074 -0.217972 -0.4929129 0.7783958 -0.3887634 -0.03461933 0.9991831 -0.0208531 -0.3015065 0.9360073 -0.1816154 -0.5377517 0.7783952 -0.32392 -0.03695988 0.999183 -0.01634955 -0.3218919 0.9360073 -0.1423946 -0.5741096 0.7783949 -0.253968 -0.03871774 0.999183 -0.01158875 -0.3372008 0.9360072 -0.1009278 -0.601413 0.7783952 -0.1800101 -0.03986489 0.999183 -0.006644845 -0.3471898 0.9360077 -0.05786973 -0.619232 0.7783951 -0.1032134 -0.03950142 0.9992183 -0.001561105 -0.04019367 0.999186 -0.003444492 -0.3517065 0.9360072 -0.01389902 -0.627285 0.7783952 -0.02478951 -0.04026496 0.9991831 0.003477811 -0.3506749 0.9360073 0.03029078 -0.6254459 0.7783951 0.05402559 -0.03951144 0.999183 0.00849694 -0.3441134 0.9360072 0.07400321 -0.6137422 0.7783955 0.1319887 -0.03813493 0.9991831 0.01338243 -0.332125 0.9360073 0.1165487 -0.5923612 0.7783945 0.2078705 -0.03615701 0.9991831 0.01805651 -0.3148989 0.9360072 0.1572558 -0.5616366 0.7783951 0.280474 -0.03360885 0.999183 0.02244508 -0.2927062 0.9360072 0.1954835 -0.5220545 0.7783956 0.3486536 -0.02974575 0.9992245 0.02579981 -0.03150743 0.9991858 0.02520012 -0.2658976 0.9360072 0.2306272 -0.4742402 0.7783959 0.4113346 -0.02697092 0.999183 0.03009843 -0.2348952 0.9360073 0.2621349 -0.4189469 0.7783955 0.46753 -0.02298599 0.9991831 0.0332418 -0.2001892 0.9360073 0.2895076 -0.3570467 0.7783949 0.5163519 -0.01863837 0.9991831 0.03586006 -0.1623255 0.9360074 0.3123153 -0.289515 0.7783954 0.5570292 -0.01399689 0.9991831 0.03791326 -0.1219022 0.9360072 0.3301974 -0.2174181 0.7783951 0.5889232 -0.00913465 0.999183 0.0393691 -0.0795558 0.9360073 0.3428723 -0.141892 0.7783949 0.6115293 -0.004014909 0.9992274 0.0390976 -0.0054726 0.9991856 0.03997957 -0.03595483 0.9360074 0.350139 -0.0641281 0.7783945 0.6244915 9.4293e-4 0.9991831 0.0404042 0.008212506 0.9360071 0.3518854 0.01464647 0.7783952 0.6276039 0.005999505 0.9991831 0.03996694 0.05224955 0.9360077 0.3480799 0.09319132 0.7783949 0.6208195 0.01096135 0.999183 0.03890031 0.09546482 0.9360073 0.3387871 0.1702656 0.7783954 0.6042435 0.01575028 0.999183 0.03721928 0.1371734 0.9360073 0.3241511 0.2446559 0.7783949 0.5781393 0.01978498 0.9992233 0.03408056 0.01879507 0.9991859 0.03569817 0.1767184 0.9360072 0.3044029 0.3151859 0.7783954 0.5429167 0.02451157 0.9991831 0.03213328 0.2134767 0.9360073 0.2798538 0.3807456 0.7783955 0.4991325 0.02834576 0.999183 0.02880793 0.2468686 0.9360072 0.2508915 0.4403016 0.7783948 0.4474775 0.03173279 0.9991831 0.02502804 0.2763663 0.9360074 0.217972 0.4929129 0.7783958 0.3887634 0.4929136 0.778395 0.3887643 0.2763677 0.9360068 0.2179731 0.03173273 0.999183 0.02502769 0.440301 0.7783959 0.4474763 0.2468686 0.9360072 0.2508911 0.02834564 0.999183 0.02880728 0.3807459 0.7783954 0.4991327 0.2134765 0.9360072 0.2798545 0.02451163 0.999183 0.03213292 0.3151854 0.7783951 0.5429173 0.1767188 0.936007 0.3044033 0.02101266 0.9991849 0.03446996 0.2446548 0.7783951 0.5781395 0.137173 0.9360072 0.3241515 0.0157504 0.999183 0.03721964 0.170265 0.7783951 0.6042442 0.09546458 0.9360072 0.3387879 0.01096135 0.999183 0.03889971 0.09319055 0.7783952 0.6208192 0.0522505 0.9360069 0.3480819 0.005999326 0.999183 0.039967 0.0146479 0.7783953 0.6276037 0.008212327 0.9360073 0.351885 9.42936e-4 0.9991831 0.0404039 -0.06412893 0.7783952 0.6244906 -0.03595572 0.936007 0.3501402 -0.002952039 0.9991853 0.04024952 -0.1418913 0.7783951 0.6115293 -0.07955604 0.9360073 0.3428723 -0.009134709 0.999183 0.03936916 -0.217418 0.7783949 0.5889235 -0.1219021 0.936007 0.3301981 -0.01399689 0.999183 0.03791362 -0.2895156 0.7783947 0.5570302 -0.1623253 0.9360072 0.3123159 -0.01863837 0.999183 0.03586071 -0.3570464 0.7783951 0.5163516 -0.200189 0.936007 0.2895087 -0.02298593 0.999183 0.03324145 -0.4189473 0.7783949 0.4675303 -0.2348955 0.9360069 0.2621356 -0.02697092 0.999183 0.03009867 -0.4742407 0.7783952 0.4113354 -0.2658972 0.9360072 0.2306281 -0.02987873 0.9991849 0.02714359 -0.5220552 0.7783951 0.348654 -0.292706 0.9360072 0.1954834 -0.03360885 0.999183 0.02244615 -0.5616368 0.7783951 0.2804734 -0.3148986 0.9360073 0.1572561 -0.03615701 0.999183 0.01805621 -0.5923601 0.7783955 0.2078701 -0.3321254 0.936007 0.116549 -0.03813487 0.9991831 0.01338225 -0.6137422 0.7783956 0.1319888 -0.3441139 0.936007 0.07400393 -0.03951156 0.999183 0.008497059 -0.6254457 0.7783952 0.05402529 -0.3506753 0.9360072 0.03029167 -0.04026484 0.9991831 0.003478169 -0.6272845 0.7783955 -0.02478909 -0.3517064 0.9360073 -0.01389884 -0.04036748 0.9991846 -9.13679e-4 -0.6192334 0.7783939 -0.103214 -0.3471915 0.936007 -0.05786991 -0.03986471 0.999183 -0.006644487 -0.6014137 0.7783945 -0.1800104 -0.3371998 0.9360074 -0.100928 -0.03871768 0.999183 -0.01158899 -0.5741087 0.7783957 -0.2539676 -0.321892 0.9360072 -0.142395 -0.03696012 0.999183 -0.01634985 -0.5377519 0.7783952 -0.3239198 -0.3015067 0.9360073 -0.1816159 -0.03461933 0.999183 -0.0208534 -0.4929136 0.778395 -0.3887643 -0.2763677 0.9360068 -0.2179731 -0.03229665 0.999185 -0.02421247 -0.440301 0.7783959 -0.4474763 -0.2468686 0.9360072 -0.2508911 -0.02834564 0.999183 -0.02880728 -0.3807459 0.7783954 -0.4991327 -0.2134765 0.9360072 -0.2798545 -0.02451163 0.999183 -0.03213292 -0.3151854 0.7783951 -0.5429173 -0.1767188 0.936007 -0.3044033 -0.02029097 0.999183 -0.03495156 -0.2446548 0.7783951 -0.5781395 -0.137173 0.9360072 -0.3241515 -0.0157504 0.999183 -0.03721964 -0.170265 0.7783951 -0.6042442 -0.09546458 0.9360072 -0.3387879 -0.01096135 0.999183 -0.03889971 -0.09319055 0.7783952 -0.6208192 -0.0522505 0.9360069 -0.3480819 -0.006726622 0.9991846 -0.03981101 -0.0146479 0.7783953 -0.6276037 -0.008212327 0.9360073 -0.351885 -9.42936e-4 0.9991831 -0.0404039 0.06412893 0.7783952 -0.6244906 0.03595572 0.936007 -0.3501402 0.004128396 0.9991831 -0.04020261 0.1418913 0.7783951 -0.6115293 0.07955604 0.9360073 -0.3428723 0.009134709 0.999183 -0.03936916 0.217418 0.7783949 -0.5889235 0.1219021 0.936007 -0.3301981 0.01399689 0.999183 -0.03791362 0.2895156 0.7783947 -0.5570302 0.1623253 0.9360072 -0.3123159 0.01767498 0.9991852 -0.03628665 0.3570464 0.7783951 -0.5163516 0.200189 0.936007 -0.2895087 0.02298593 0.999183 -0.03324145 0.4189473 0.7783949 -0.4675303 0.2348955 0.9360069 -0.2621356 0.02697092 0.999183 -0.03009867 0.4742407 0.7783952 -0.4113354 0.2658972 0.9360072 -0.2306281 0.03053063 0.999183 -0.02648061 0.5220552 0.7783951 -0.348654 0.292706 0.9360072 -0.1954834 0.03360885 0.999183 -0.02244615 0.5616368 0.7783951 -0.2804734 0.3148986 0.9360073 -0.1572561 0.03615701 0.999183 -0.01805621 0.5923601 0.7783955 -0.2078701 0.3321254 0.936007 -0.116549 0.03782087 0.9991848 -0.01412469 0.6137422 0.7783956 -0.1319888 0.3441139 0.936007 -0.07400393 0.03951156 0.999183 -0.008497059 0.6254457 0.7783952 -0.05402529 0.3506753 0.9360072 -0.03029167 0.04026484 0.9991831 -0.003478169 0.6272845 0.7783955 0.02478909 0.3517064 0.9360073 0.01389884 0.04038333 0.9991831 0.001595914 0.6192334 0.7783939 0.103214 0.3471915 0.936007 0.05786991 0.03986471 0.999183 0.006644487 0.6014137 0.7783945 0.1800104 0.3371998 0.9360074 0.100928 0.03896993 0.9991852 0.01050233 0.5741087 0.7783957 0.2539676 0.321892 0.9360072 0.142395 0.03696012 0.999183 0.01634985 0.5377519 0.7783952 0.3239198 0.3015067 0.9360073 0.1816159 0.03461933 0.999183 0.0208534 -0.012474 0.9998738 -0.009838461 -0.01093029 0.9998786 -0.01110845 -0.009105622 0.9998631 -0.01381713 -0.009373664 0.9998806 -0.01228797 -0.006837427 0.9998652 -0.01493072 -0.007388234 0.9998743 -0.01403284 -0.004398584 0.99987 -0.01551866 -0.002335011 0.9998763 -0.01555514 0.001118242 0.9998735 -0.01586771 -9.91389e-5 0.999875 -0.01581603 -3.61818e-4 0.9998798 -0.01550221 0.00351727 0.999879 -0.01515918 0.00215131 0.9998742 -0.01571613 0.002251386 0.9998731 -0.01577603 0.005390524 0.999867 -0.01539552 0.007347524 0.9998732 -0.01413697 0.008877635 0.9998782 -0.01283836 0.01183283 0.9998631 -0.01157224 0.01031821 0.9998806 -0.01151478 0.01337409 0.9998648 -0.009568333 0.01238536 0.9998742 -0.009906232 0.01443326 0.9998694 -0.007290542 0.01487636 0.9998758 -0.005220353 0.01517564 0.9998795 -0.003263235 0.01652425 0.9998635 -1.32548e-4 0.01539194 0.9998807 -0.001329421 0.01617032 0.9998665 0.00236541 0.01579993 0.9998743 0.001353383 0.01530849 0.9998723 0.004582166 0.01432925 0.9998771 0.00637561 0.01403665 0.9998728 0.007582724 0.01269572 0.9998742 0.009517908 0.01338702 0.9998742 0.008518159 0.01325124 0.9998804 0.007981657 0.01096653 0.9998778 0.01114505 0.01206779 0.9998742 0.01029098 0.01204973 0.9998728 0.01045596 0.009928941 0.9998686 0.0128113 0.00793457 0.9998751 0.0136674 0.006056606 0.9998793 0.01431226 0.003277897 0.9998633 0.01620638 0.004190146 0.9998807 0.01487004 7.58031e-4 0.9998661 0.0163536 0.001655101 0.9998744 0.01577126 -0.001637399 0.9998716 0.01594549 -0.003540694 0.9998774 0.01525998 -0.00536108 0.9998802 0.01452142 -0.006649196 0.9998631 0.01515638 -0.008848428 0.9998642 0.01390624 -0.007827162 0.9998742 0.01379507 -0.01071065 0.9998681 0.01221382 -0.0119692 0.9998745 0.01038151 -0.01318562 0.999876 0.008623719 -0.01396524 0.9998731 0.007676601 -0.0148186 0.9998749 0.005533814 -0.01445108 0.9998735 0.006648182 -0.01382344 0.9998807 0.006903171 -0.01593565 0.9998657 0.003863871 -0.01517564 0.9998742 0.004603981 -0.01602244 0.9998708 0.001384139 -0.01568412 0.9998769 -6.19704e-4 -0.0152812 0.9998801 -0.002546966 -0.01614189 0.9998632 -0.003641188 -0.01535171 0.9998639 -0.006044924 -0.01502579 0.9998743 -0.005080878 -0.01405936 0.9998676 -0.008206605 -0.01360875 0.9998738 -0.008197307 -0.014252 0.9998787 -0.00630486 -0.01531893 0.9998742 -0.004128575 -0.01638329 0.9998652 -0.001125931 -0.01607233 0.99987 0.001363337 -0.01537829 0.9998764 0.003306984 -0.01488131 0.9998741 0.005509257 -0.01294094 0.999879 0.00864309 -0.01250088 0.999867 0.01047855 -0.01063227 0.9998731 0.01186525 -0.008877635 0.9998782 0.01283848 -0.006947934 0.9998741 0.01426446 -0.00423026 0.9998649 0.01589035 -0.001725733 0.9998694 0.01607817 3.67856e-4 0.9998757 0.01576143 0.002644181 0.9998741 0.01564949 0.005710005 0.9998635 0.01550722 0.007921814 0.9998665 0.01429373 0.009691596 0.9998724 0.0127049 0.01102417 0.9998771 0.0111556 0.01269572 0.9998741 0.00951755 0.01429933 0.9998778 0.006325542 0.01549178 0.9998688 0.004766345 0.01558876 0.9998752 0.002598524 0.0158683 0.9998741 3.59213e-4 0.01631999 0.9998634 -0.00265485 0.01556795 0.999866 -0.005064427 0.01434081 0.9998716 -0.007161736 0.01302701 0.9998774 -0.008700311 0.01174515 0.9998742 -0.01066946 0.00988698 0.9998642 -0.01318824 0.007645905 0.999868 -0.01433283 0.005487322 0.9998745 -0.01486361 0.003413379 0.999876 -0.01538068 0.001160442 0.9998742 -0.01582193 -0.002010881 0.9998656 -0.01627355 -0.004361748 0.9998707 -0.01547908 -0.006117165 0.9998769 -0.01445537 -0.008259952 0.9998741 -0.01355028 -0.01107543 0.9998639 -0.01222908 -0.0126419 0.9998675 -0.01025635 -0.437752 0.825975 -0.3551599 -0.390671 0.8201525 -0.4180027 -0.32916 0.8177592 -0.472148 -0.2598724 0.8157824 -0.516687 -0.1843838 0.8142418 -0.5504662 -0.104441 0.8131526 -0.5726038 -0.02192175 0.8125265 -0.582512 0.03988838 0.8234393 -0.5660006 0.06122416 0.8123695 -0.5799203 0.1229443 0.8233852 -0.5540052 0.1822538 0.8341748 -0.5205152 0.2602313 0.8332495 -0.4878268 0.332877 0.8318859 -0.4440256 0.3986973 0.8300682 -0.3899068 0.4563047 0.8277775 -0.3264513 0.5062355 0.8239517 -0.2546158 0.5347592 0.8269045 -0.1739584 0.5640454 0.8193098 -0.1028798 0.5761547 0.8170532 -0.02168142 0.5759508 0.8152199 0.06080633 0.5633302 0.8138273 0.1426334 0.5385059 0.8128925 0.2218499 0.5020173 0.8124218 0.2965632 0.4991838 0.8234713 0.2696488 0.4540119 0.8234228 0.3403649 0.4547015 0.8124225 0.3649879 0.3989076 0.8233652 0.4036614 0.338076 0.8339146 0.4362234 0.2683074 0.8328448 0.4841287 0.1920453 0.831331 0.5215433 0.1107646 0.8293578 0.5476284 0.02141743 0.8219687 0.5691297 -0.06031435 0.8249882 0.5619224 -0.1401212 0.8210396 0.5534076 -0.2188314 0.8185123 0.5311784 -0.2937281 0.8163936 0.4972178 -0.3629892 0.8147051 0.4522107 -0.424921 0.8134647 0.3971366 -0.4780095 0.8126835 0.3332457 -0.5209617 0.8123689 0.2620223 -0.4972172 0.8234571 0.2733011 -0.5321612 0.823403 0.1970077 -0.5356569 0.8343874 0.1298822 -0.5503806 0.8336074 0.04669207 -0.5528842 0.8323915 -0.03799611 -0.5430373 0.8307257 -0.1224969 -0.5209199 0.8285953 -0.2051153 -0.4891527 0.8229398 -0.2889634 -0.6014475 0.6365393 -0.4827821 -0.5266181 0.6365406 -0.5634621 -0.441069 0.6365405 -0.6326724 -0.3465403 0.6365409 -0.6890033 -0.2449586 0.6365401 -0.7313084 -0.1383893 0.6365406 -0.7587256 -0.02900254 0.6365404 -0.7706978 0.08097469 0.6365401 -0.766981 0.1893031 0.6365397 -0.7476508 0.2937781 0.6365398 -0.7131 0.3922721 0.6365404 -0.6640324 0.4827808 0.6365408 -0.6014471 0.5634623 0.6365396 -0.526619 0.6326733 0.6365391 -0.4410697 0.689003 0.6365411 -0.3465404 0.7313083 0.6365403 -0.2449585 0.7587259 0.6365405 -0.1383889 0.7706984 0.6365397 -0.02900254 0.7669805 0.6365408 0.08097428 0.7476502 0.6365404 0.1893028 0.7130998 0.6365398 0.2937784 0.6640325 0.6365401 0.3922725 0.6014475 0.6365393 0.4827821 0.5266181 0.6365406 0.5634621 0.441069 0.6365405 0.6326724 0.3465403 0.6365409 0.6890033 0.2449586 0.6365401 0.7313084 0.1383893 0.6365406 0.7587256 0.02900254 0.6365404 0.7706978 -0.08097469 0.6365401 0.766981 -0.1893031 0.6365397 0.7476508 -0.2937781 0.6365398 0.7131 -0.3922721 0.6365404 0.6640324 -0.4827808 0.6365408 0.6014471 -0.5634623 0.6365396 0.526619 -0.6326733 0.6365391 0.4410697 -0.689003 0.6365411 0.3465404 -0.7313083 0.6365403 0.2449585 -0.7587259 0.6365405 0.1383889 -0.7706984 0.6365397 0.02900254 -0.7669805 0.6365408 -0.08097428 -0.7476502 0.6365404 -0.1893028 -0.7130998 0.6365398 -0.2937784 -0.6640325 0.6365401 -0.3922725 -0.714018 0.4021039 -0.5731412 -0.6251835 0.4021039 -0.6689231 -0.5236225 0.4021049 -0.7510868 -0.4114019 0.4021037 -0.8179616 -0.2908076 0.4021041 -0.868184 -0.1642912 0.4021043 -0.9007334 -0.03443026 0.4021041 -0.9149463 0.09613037 0.4021051 -0.9105332 0.224734 0.4021043 -0.8875849 0.3487634 0.4021041 -0.8465675 0.4656929 0.4021044 -0.788316 0.573141 0.4021046 -0.7140178 0.668923 0.4021042 -0.6251834 0.7510868 0.4021047 -0.5236227 0.8179619 0.402103 -0.4114019 0.8681846 0.4021039 -0.2908059 0.9007339 0.4021031 -0.164291 0.9149473 0.4021019 -0.03443062 0.910533 0.4021055 0.09613025 0.8875848 0.4021043 0.2247339 0.8465682 0.4021027 0.3487634 0.788315 0.4021078 0.4656918 0.714018 0.4021039 0.5731412 0.6251835 0.4021039 0.6689231 0.5236225 0.4021049 0.7510868 0.4114019 0.4021037 0.8179616 0.2908076 0.4021041 0.868184 0.1642912 0.4021043 0.9007334 0.03443026 0.4021041 0.9149463 -0.09613037 0.4021051 0.9105332 -0.224734 0.4021043 0.8875849 -0.3487634 0.4021041 0.8465675 -0.4656929 0.4021044 0.788316 -0.573141 0.4021046 0.7140178 -0.668923 0.4021042 0.6251834 -0.7510868 0.4021047 0.5236227 -0.8179619 0.402103 0.4114019 -0.8681846 0.4021039 0.2908059 -0.9007339 0.4021031 0.164291 -0.9149473 0.4021019 0.03443062 -0.910533 0.4021055 -0.09613025 -0.8875848 0.4021043 -0.2247339 -0.8465682 0.4021027 -0.3487634 -0.788315 0.4021078 -0.4656918 -0.7724375 0.137466 -0.6200352 -0.6763345 0.1374667 -0.7236536 -0.5664653 0.1374659 -0.8125393 -0.4450615 0.1374673 -0.884886 -0.3145998 0.1374667 -0.9392178 -0.1777339 0.1374667 -0.97443 -0.03724837 0.1374666 -0.9898059 0.1039946 0.137466 -0.9850321 0.2431209 0.1374661 -0.9602059 0.3772983 0.1374669 -0.9158324 0.5037949 0.1374664 -0.8528152 0.6200351 0.1374657 -0.7724375 0.7236534 0.1374682 -0.6763345 0.8125399 0.137467 -0.5664643 0.8848858 0.1374669 -0.4450618 0.9392178 0.1374666 -0.3145996 0.9744301 0.1374663 -0.177733 0.9898057 0.1374676 -0.03724765 0.9850323 0.1374647 0.1039952 0.960206 0.1374647 0.2431216 0.9158324 0.1374654 0.3772987 0.8528157 0.1374661 0.503794 0.7724375 0.137466 0.6200352 0.6763345 0.1374667 0.7236536 0.5664653 0.1374659 0.8125393 0.4450615 0.1374673 0.884886 0.3145998 0.1374667 0.9392178 0.1777339 0.1374667 0.97443 0.03724837 0.1374666 0.9898059 -0.1039946 0.137466 0.9850321 -0.2431209 0.1374661 0.9602059 -0.3772983 0.1374669 0.9158324 -0.5037949 0.1374664 0.8528152 -0.6200351 0.1374657 0.7724375 -0.7236534 0.1374682 0.6763345 -0.8125399 0.137467 0.5664643 -0.8848858 0.1374669 0.4450618 -0.9392178 0.1374666 0.3145996 -0.9744301 0.1374663 0.177733 -0.9898057 0.1374676 0.03724765 -0.9850323 0.1374647 -0.1039952 -0.960206 0.1374647 -0.2431216 -0.9158324 0.1374654 -0.3772987 -0.8528157 0.1374661 -0.503794 -0.7724375 -0.1374657 -0.6200351 -0.676335 -0.1374664 -0.7236532 -0.5664653 -0.1374663 -0.8125394 -0.4450623 -0.1374673 -0.8848854 -0.3145992 -0.1374666 -0.939218 -0.177733 -0.1374668 -0.9744301 -0.0372467 -0.1374665 -0.9898059 0.1039962 -0.1374661 -0.9850319 0.2431219 -0.1374661 -0.9602056 0.377298 -0.1374669 -0.9158325 0.5037953 -0.1374654 -0.8528151 0.6200348 -0.1374674 -0.7724375 0.7236531 -0.1374679 -0.6763347 0.8125402 -0.1374654 -0.5664643 0.8848857 -0.1374654 -0.4450625 0.939218 -0.1374662 -0.3145992 0.9744302 -0.137466 -0.1777331 0.9898061 -0.1374647 -0.03724753 0.9850322 -0.1374644 0.1039955 0.9602059 -0.1374645 0.2431216 0.9158319 -0.1374702 0.3772981 0.8528155 -0.1374658 0.5037946 0.7724375 -0.1374657 0.6200351 0.676335 -0.1374664 0.7236532 0.5664653 -0.1374663 0.8125394 0.4450623 -0.1374673 0.8848854 0.3145992 -0.1374666 0.939218 0.177733 -0.1374668 0.9744301 0.0372467 -0.1374665 0.9898059 -0.1039962 -0.1374661 0.9850319 -0.2431219 -0.1374661 0.9602056 -0.377298 -0.1374669 0.9158325 -0.5037953 -0.1374654 0.8528151 -0.6200348 -0.1374674 0.7724375 -0.7236531 -0.1374679 0.6763347 -0.8125402 -0.1374654 0.5664643 -0.8848857 -0.1374654 0.4450625 -0.939218 -0.1374662 0.3145992 -0.9744302 -0.137466 0.1777331 -0.9898061 -0.1374647 0.03724753 -0.9850322 -0.1374644 -0.1039955 -0.9602059 -0.1374645 -0.2431216 -0.9158319 -0.1374702 -0.3772981 -0.8528155 -0.1374658 -0.5037946 -0.7140175 -0.4021044 -0.5731415 -0.6251834 -0.4021043 -0.668923 -0.5236225 -0.4021041 -0.7510871 -0.4114013 -0.4021036 -0.8179619 -0.2908076 -0.4021039 -0.868184 -0.164291 -0.4021043 -0.9007334 -0.0344302 -0.4021042 -0.9149464 0.09613031 -0.402105 -0.9105332 0.224734 -0.4021041 -0.8875849 0.3487629 -0.402104 -0.8465677 0.4656922 -0.4021046 -0.7883164 0.573141 -0.4021049 -0.7140176 0.6689235 -0.4021037 -0.6251832 0.7510874 -0.4021028 -0.5236229 0.8179622 -0.4021025 -0.4114019 0.8681837 -0.4021056 -0.2908061 0.9007322 -0.402107 -0.1642908 0.9149466 -0.4021037 -0.03443062 0.9105333 -0.4021047 0.09612995 0.8875831 -0.4021081 0.2247337 0.8465669 -0.4021055 0.3487632 0.7883162 -0.402105 0.4656921 0.7140175 -0.4021044 0.5731415 0.6251834 -0.4021043 0.668923 0.5236225 -0.4021041 0.7510871 0.4114013 -0.4021036 0.8179619 0.2908076 -0.4021039 0.868184 0.164291 -0.4021043 0.9007334 0.0344302 -0.4021042 0.9149464 -0.09613031 -0.402105 0.9105332 -0.224734 -0.4021041 0.8875849 -0.3487629 -0.402104 0.8465677 -0.4656922 -0.4021046 0.7883164 -0.573141 -0.4021049 0.7140176 -0.6689235 -0.4021037 0.6251832 -0.7510874 -0.4021028 0.5236229 -0.8179622 -0.4021025 0.4114019 -0.8681837 -0.4021056 0.2908061 -0.9007322 -0.402107 0.1642908 -0.9149466 -0.4021037 0.03443062 -0.9105333 -0.4021047 -0.09612995 -0.8875831 -0.4021081 -0.2247337 -0.8465669 -0.4021055 -0.3487632 -0.7883162 -0.402105 -0.4656921 -0.6014468 -0.636541 -0.4827809 -0.5266181 -0.6365405 -0.5634622 -0.4410696 -0.6365399 -0.6326726 -0.3465415 -0.6365406 -0.6890029 -0.2449583 -0.6365401 -0.7313085 -0.1383903 -0.6365404 -0.7587255 -0.0290026 -0.6365405 -0.7706978 0.08097463 -0.6365398 -0.7669813 0.1893033 -0.6365398 -0.7476506 0.2937788 -0.6365393 -0.7131001 0.3922716 -0.6365405 -0.6640325 0.4827808 -0.6365404 -0.6014474 0.5634619 -0.6365408 -0.5266181 0.6326718 -0.636541 -0.4410691 0.6890023 -0.6365419 -0.3465406 0.7313085 -0.6365403 -0.2449581 0.7587251 -0.6365413 -0.1383891 0.7706964 -0.6365422 -0.02900224 0.7669811 -0.63654 0.08097451 0.7476508 -0.6365397 0.189303 0.7130991 -0.6365408 0.293778 0.6640332 -0.6365392 0.3922727 0.6014468 -0.636541 0.4827809 0.5266181 -0.6365405 0.5634622 0.4410696 -0.6365399 0.6326726 0.3465415 -0.6365406 0.6890029 0.2449583 -0.6365401 0.7313085 0.1383903 -0.6365404 0.7587255 0.0290026 -0.6365405 0.7706978 -0.08097463 -0.6365398 0.7669813 -0.1893033 -0.6365398 0.7476506 -0.2937788 -0.6365393 0.7131001 -0.3922716 -0.6365405 0.6640325 -0.4827808 -0.6365404 0.6014474 -0.5634619 -0.6365408 0.5266181 -0.6326718 -0.636541 0.4410691 -0.6890023 -0.6365419 0.3465406 -0.7313085 -0.6365403 0.2449581 -0.7587251 -0.6365413 0.1383891 -0.7706964 -0.6365422 0.02900224 -0.7669811 -0.63654 -0.08097451 -0.7476508 -0.6365397 -0.189303 -0.7130991 -0.6365408 -0.293778 -0.6640332 -0.6365392 -0.3922727 -0.4547015 -0.8124225 -0.364988 -0.4285208 -0.8234713 -0.37184 -0.3879288 -0.8229396 -0.4150683 -0.3249087 -0.8229402 -0.4660513 -0.2552755 -0.8229398 -0.5075476 -0.1804459 -0.8229405 -0.5387099 -0.1019422 -0.8229399 -0.5589079 -0.02136462 -0.8229401 -0.5677264 0.05964916 -0.8229401 -0.5649881 0.1394479 -0.8229403 -0.5507484 0.2164084 -0.8229401 -0.5252971 0.2889636 -0.8229397 -0.4891526 0.3556366 -0.8229396 -0.4430498 0.4150677 -0.8229406 -0.3879272 0.4660514 -0.8229402 -0.3249089 0.5154703 -0.8234394 -0.2371453 0.5209617 -0.8123689 -0.2620224 0.5387104 -0.8229402 -0.1804459 0.5589078 -0.8229398 -0.1019427 0.5677257 -0.8229405 -0.02136421 0.5649883 -0.8229401 0.05964881 0.5507493 -0.8229396 0.1394478 0.5252969 -0.8229402 0.2164084 0.4891526 -0.8229399 0.2889633 0.4430496 -0.8229403 0.3556352 0.3879288 -0.8229396 0.4150683 0.3249087 -0.8229402 0.4660513 0.2552755 -0.8229398 0.5075476 0.1804459 -0.8229405 0.5387099 0.1019422 -0.8229399 0.5589079 0.02136462 -0.8229401 0.5677264 -0.06122416 -0.8123695 0.5799203 -0.08016222 -0.8234559 0.561689 -0.1394479 -0.8229403 0.5507484 -0.2164084 -0.8229401 0.5252971 -0.2889636 -0.8229397 0.4891526 -0.3556366 -0.8229396 0.4430498 -0.4150677 -0.8229406 0.3879272 -0.4660514 -0.8229402 0.3249089 -0.5075476 -0.8229398 0.2552757 -0.5387104 -0.8229402 0.1804459 -0.5589078 -0.8229398 0.1019427 -0.5677257 -0.8229405 0.02136421 -0.5649883 -0.8229401 -0.05964881 -0.5507493 -0.8229396 -0.1394478 -0.5252969 -0.8229402 -0.2164084 -0.4787359 -0.8234215 -0.3046129 -0.5020169 -0.812422 -0.296563 -0.4991838 -0.8234713 -0.2696488 -0.5252969 -0.8229404 -0.2164084 -0.5507485 -0.8229402 -0.139448 -0.5649883 -0.82294 -0.05964887 -0.5677272 -0.8229395 0.02136427 -0.5589073 -0.8229401 0.1019428 -0.5387113 -0.8229394 0.180446 -0.507547 -0.82294 0.255276 -0.4660519 -0.8229396 0.3249095 -0.4150691 -0.8229392 0.3879289 -0.3556356 -0.8229396 0.4430505 -0.2889635 -0.8229399 0.4891526 -0.2164085 -0.8229398 0.5252976 -0.1394476 -0.8229401 0.5507485 -0.03988838 -0.8234394 0.5660005 0.02136403 -0.8229396 0.5677269 0.1019437 -0.8229399 0.5589073 0.1804453 -0.8229396 0.5387114 0.2552767 -0.8229398 0.507547 0.3249087 -0.8229401 0.4660517 0.387928 -0.8229397 0.4150688 0.4430494 -0.8229403 0.3556356 0.4891527 -0.8229397 0.2889636 0.5252969 -0.8229404 0.2164084 0.5507485 -0.8229402 0.139448 0.5649883 -0.82294 0.05964887 0.5677272 -0.8229395 -0.02136427 0.5589073 -0.8229401 -0.1019428 0.5387113 -0.8229394 -0.180446 0.4972175 -0.823457 -0.2733011 0.4660519 -0.8229396 -0.3249095 0.4150691 -0.8229392 -0.3879289 0.3556356 -0.8229396 -0.4430505 0.2889635 -0.8229399 -0.4891526 0.2164085 -0.8229398 -0.5252976 0.1394476 -0.8229401 -0.5507485 0.05964851 -0.82294 -0.5649883 -0.02136403 -0.8229396 -0.5677269 -0.1019437 -0.8229399 -0.5589073 -0.1804453 -0.8229396 -0.5387114 -0.2552767 -0.8229398 -0.507547 -0.3249087 -0.8229401 -0.4660517 -0.387928 -0.8229397 -0.4150688 -0.4540122 -0.8234225 -0.340365 -0.6640328 -0.6365394 -0.392273 -0.7131002 -0.6365394 -0.2937784 -0.7476499 -0.6365408 -0.1893028 -0.7669809 -0.6365402 -0.08097434 -0.7706986 -0.6365395 0.02900236 -0.7587257 -0.6365406 0.1383886 -0.7313081 -0.6365406 0.2449585 -0.6890038 -0.6365401 0.3465409 -0.6326735 -0.6365389 0.4410699 -0.5634622 -0.6365398 0.526619 -0.482782 -0.6365401 0.6014468 -0.3922722 -0.6365402 0.6640325 -0.293778 -0.6365401 0.7130998 -0.1893024 -0.63654 0.7476507 -0.08097469 -0.6365405 0.7669808 0.02900183 -0.6365405 0.7706978 0.138388 -0.6365402 0.7587261 0.2449585 -0.6365405 0.7313081 0.3465407 -0.6365402 0.6890038 0.4410694 -0.6365402 0.6326726 0.5266184 -0.6365408 0.5634616 0.6014481 -0.6365391 0.4827818 0.6640328 -0.6365394 0.392273 0.7131002 -0.6365394 0.2937784 0.7476499 -0.6365408 0.1893028 0.7669809 -0.6365402 0.08097434 0.7706986 -0.6365395 -0.02900236 0.7587257 -0.6365406 -0.1383886 0.7313081 -0.6365406 -0.2449585 0.6890038 -0.6365401 -0.3465409 0.6326735 -0.6365389 -0.4410699 0.5634622 -0.6365398 -0.526619 0.482782 -0.6365401 -0.6014468 0.3922722 -0.6365402 -0.6640325 0.293778 -0.6365401 -0.7130998 0.1893024 -0.63654 -0.7476507 0.08097469 -0.6365405 -0.7669808 -0.02900183 -0.6365405 -0.7706978 -0.138388 -0.6365402 -0.7587261 -0.2449585 -0.6365405 -0.7313081 -0.3465407 -0.6365402 -0.6890038 -0.4410694 -0.6365402 -0.6326726 -0.5266184 -0.6365408 -0.5634616 -0.6014481 -0.6365391 -0.4827818 -0.7883161 -0.4021053 -0.4656921 -0.8465681 -0.4021028 -0.3487634 -0.8875855 -0.4021028 -0.2247341 -0.9105336 -0.402104 -0.09613037 -0.9149469 -0.4021028 0.03443062 -0.9007345 -0.402102 0.164291 -0.8681851 -0.4021028 0.2908061 -0.8179616 -0.4021036 0.4114019 -0.7510865 -0.4021051 0.5236226 -0.6689232 -0.4021037 0.6251836 -0.5731408 -0.4021054 0.7140175 -0.4656926 -0.4021036 0.7883167 -0.3487634 -0.4021049 0.8465671 -0.224734 -0.402105 0.8875846 -0.09613037 -0.4021043 0.9105334 0.03443163 -0.4021042 0.9149463 0.1642898 -0.4021044 0.9007336 0.2908051 -0.4021036 0.8681851 0.4114019 -0.4021042 0.8179613 0.5236226 -0.4021043 0.751087 0.6251834 -0.4021043 0.668923 0.7140183 -0.4021038 0.5731409 0.7883161 -0.4021053 0.4656921 0.8465681 -0.4021028 0.3487634 0.8875855 -0.4021028 0.2247341 0.9105336 -0.402104 0.09613037 0.9149469 -0.4021028 -0.03443062 0.9007345 -0.402102 -0.164291 0.8681851 -0.4021028 -0.2908061 0.8179616 -0.4021036 -0.4114019 0.7510865 -0.4021051 -0.5236226 0.6689232 -0.4021037 -0.6251836 0.5731408 -0.4021054 -0.7140175 0.4656926 -0.4021036 -0.7883167 0.3487634 -0.4021049 -0.8465671 0.224734 -0.402105 -0.8875846 0.09613037 -0.4021043 -0.9105334 -0.03443163 -0.4021042 -0.9149463 -0.1642898 -0.4021044 -0.9007336 -0.2908051 -0.4021036 -0.8681851 -0.4114019 -0.4021042 -0.8179613 -0.5236226 -0.4021043 -0.751087 -0.6251834 -0.4021043 -0.668923 -0.7140183 -0.4021038 -0.5731409 -0.8528155 -0.1374677 -0.5037943 -0.9158328 -0.1374631 -0.3772987 -0.9602057 -0.1374657 -0.2431216 -0.9850317 -0.137468 -0.1039952 -0.9898055 -0.1374693 0.03724765 -0.9744301 -0.1374665 0.177733 -0.9392178 -0.1374674 0.3145996 -0.8848857 -0.1374673 0.4450619 -0.8125397 -0.1374674 0.5664646 -0.7236536 -0.1374666 0.6763346 -0.6200348 -0.1374647 0.7724379 -0.5037938 -0.1374675 0.8528156 -0.3772995 -0.1374662 0.915832 -0.2431209 -0.137466 0.9602059 -0.1039946 -0.1374665 0.9850321 0.03724837 -0.1374669 0.9898058 0.1777339 -0.1374666 0.97443 0.3145998 -0.1374675 0.9392177 0.4450605 -0.1374661 0.8848866 0.5664644 -0.1374663 0.81254 0.6763347 -0.1374658 0.7236537 0.7724376 -0.1374668 0.6200348 0.8528155 -0.1374677 0.5037943 0.9158328 -0.1374631 0.3772987 0.9602057 -0.1374657 0.2431216 0.9850317 -0.137468 0.1039952 0.9898055 -0.1374693 -0.03724765 0.9744301 -0.1374665 -0.177733 0.9392178 -0.1374674 -0.3145996 0.8848857 -0.1374673 -0.4450619 0.8125397 -0.1374674 -0.5664646 0.7236536 -0.1374666 -0.6763346 0.6200348 -0.1374647 -0.7724379 0.5037938 -0.1374675 -0.8528156 0.3772995 -0.1374662 -0.915832 0.2431209 -0.137466 -0.9602059 0.1039946 -0.1374665 -0.9850321 -0.03724837 -0.1374669 -0.9898058 -0.1777339 -0.1374666 -0.97443 -0.3145998 -0.1374675 -0.9392177 -0.4450605 -0.1374661 -0.8848866 -0.5664644 -0.1374663 -0.81254 -0.6763347 -0.1374658 -0.7236537 -0.7724376 -0.1374668 -0.6200348 -0.8528152 0.1374674 -0.5037948 -0.9158323 0.137468 -0.3772981 -0.9602058 0.1374655 -0.2431216 -0.9850318 0.1374677 -0.1039955 -0.9898059 0.1374664 0.03724747 -0.9744302 0.1374662 0.1777332 -0.9392179 0.137467 0.3145991 -0.8848856 0.1374657 0.4450626 -0.8125399 0.1374658 0.5664645 -0.7236534 0.1374664 0.6763349 -0.6200345 0.1374663 0.7724378 -0.5037942 0.1374666 0.8528156 -0.3772991 0.1374663 0.9158321 -0.2431219 0.1374661 0.9602056 -0.1039962 0.1374665 0.9850319 0.0372467 0.1374669 0.9898059 0.177733 0.1374666 0.9744301 0.3145992 0.1374674 0.9392178 0.4450614 0.1374661 0.8848862 0.5664643 0.1374666 0.8125399 0.6763352 0.1374655 0.7236533 0.7724377 0.1374665 0.6200347 0.8528152 0.1374674 0.5037948 0.9158323 0.137468 0.3772981 0.9602058 0.1374655 0.2431216 0.9850318 0.1374677 0.1039955 0.9898059 0.1374664 -0.03724747 0.9744302 0.1374662 -0.1777332 0.9392179 0.137467 -0.3145991 0.8848856 0.1374657 -0.4450626 0.8125399 0.1374658 -0.5664645 0.7236534 0.1374664 -0.6763349 0.6200345 0.1374663 -0.7724378 0.5037942 0.1374666 -0.8528156 0.3772991 0.1374663 -0.9158321 0.2431219 0.1374661 -0.9602056 0.1039962 0.1374665 -0.9850319 -0.0372467 0.1374669 -0.9898059 -0.177733 0.1374666 -0.9744301 -0.3145992 0.1374674 -0.9392178 -0.4450614 0.1374661 -0.8848862 -0.5664643 0.1374666 -0.8125399 -0.6763352 0.1374655 -0.7236533 -0.7724377 0.1374665 -0.6200347 -0.7883173 0.4021026 -0.4656924 -0.8465669 0.4021056 -0.3487632 -0.8875837 0.4021067 -0.2247339 -0.9105339 0.4021034 -0.09613001 -0.9149462 0.4021044 0.03443056 -0.9007328 0.4021059 0.1642909 -0.8681842 0.4021045 0.2908062 -0.8179619 0.4021031 0.4114018 -0.7510874 0.4021033 0.5236229 -0.6689237 0.4021031 0.6251834 -0.5731407 0.4021058 0.7140173 -0.4656919 0.4021037 0.788317 -0.3487628 0.4021047 0.8465673 -0.224734 0.4021048 0.8875846 -0.09613031 0.4021043 0.9105336 0.03443151 0.4021043 0.9149462 0.1642898 0.4021044 0.9007335 0.2908052 0.4021034 0.868185 0.4114013 0.4021041 0.8179617 0.5236226 0.4021036 0.7510873 0.6251833 0.4021047 0.6689229 0.7140178 0.4021044 0.5731412 0.7883173 0.4021026 0.4656924 0.8465669 0.4021056 0.3487632 0.8875837 0.4021067 0.2247339 0.9105339 0.4021034 0.09613001 0.9149462 0.4021044 -0.03443056 0.9007328 0.4021059 -0.1642909 0.8681842 0.4021045 -0.2908062 0.8179619 0.4021031 -0.4114018 0.7510874 0.4021033 -0.5236229 0.6689237 0.4021031 -0.6251834 0.5731407 0.4021058 -0.7140173 0.4656919 0.4021037 -0.788317 0.3487628 0.4021047 -0.8465673 0.224734 0.4021048 -0.8875846 0.09613031 0.4021043 -0.9105336 -0.03443151 0.4021043 -0.9149462 -0.1642898 0.4021044 -0.9007335 -0.2908052 0.4021034 -0.868185 -0.4114013 0.4021041 -0.8179617 -0.5236226 0.4021036 -0.7510873 -0.6251833 0.4021047 -0.6689229 -0.7140178 0.4021044 -0.5731412 -0.6640335 0.6365385 -0.3922731 -0.7130994 0.6365404 -0.293778 -0.7476505 0.63654 -0.189303 -0.7669815 0.6365395 -0.08097469 -0.7706966 0.636542 0.02900224 -0.7587249 0.6365414 0.1383889 -0.7313082 0.6365406 0.2449581 -0.6890031 0.6365408 0.3465411 -0.632672 0.6365408 0.4410692 -0.5634617 0.636541 0.5266181 -0.482782 0.6365398 0.6014472 -0.3922717 0.6365404 0.6640326 -0.2937788 0.6365395 0.7130999 -0.1893027 0.63654 0.7476505 -0.08097463 0.6365401 0.766981 0.02900195 0.6365406 0.7706977 0.138389 0.6365401 0.7587261 0.2449582 0.6365405 0.7313082 0.3465419 0.6365399 0.6890034 0.4410699 0.6365395 0.6326727 0.5266184 0.6365407 0.5634617 0.6014472 0.6365408 0.4827807 0.6640335 0.6365385 0.3922731 0.7130994 0.6365404 0.293778 0.7476505 0.63654 0.189303 0.7669815 0.6365395 0.08097469 0.7706966 0.636542 -0.02900224 0.7587249 0.6365414 -0.1383889 0.7313082 0.6365406 -0.2449581 0.6890031 0.6365408 -0.3465411 0.632672 0.6365408 -0.4410692 0.5634617 0.636541 -0.5266181 0.482782 0.6365398 -0.6014472 0.3922717 0.6365404 -0.6640326 0.2937788 0.6365395 -0.7130999 0.1893027 0.63654 -0.7476505 0.08097463 0.6365401 -0.766981 -0.02900195 0.6365406 -0.7706977 -0.138389 0.6365401 -0.7587261 -0.2449582 0.6365405 -0.7313082 -0.3465419 0.6365399 -0.6890034 -0.4410699 0.6365395 -0.6326727 -0.5266184 0.6365407 -0.5634617 -0.6014472 0.6365408 -0.4827807 -0.4868369 0.8259748 -0.2841752 -0.5290111 0.8201525 -0.2179385 -0.5579547 0.8177584 -0.1412722 -0.5751628 0.8157823 -0.06072294 -0.580117 0.8142406 0.02183055 -0.5726035 0.8131528 0.1044408 -0.5527399 0.8125268 0.1851452 -0.51547 0.8234397 0.2371451 -0.4749247 0.8233852 0.3106178 -0.4226532 0.8341744 0.3542845 -0.3645387 0.8332501 0.4156994 -0.2979106 0.8318859 0.4682042 -0.2240391 0.8300682 0.5106792 -0.1443322 0.8277771 0.5421748 -0.05949568 0.823952 0.5635277 0.0260393 0.8269041 0.5617399 0.1028792 0.81931 0.5640453 0.183125 0.817053 0.5467082 0.2602289 0.8152194 0.5173959 0.3323307 0.813828 0.4766972 0.3976832 0.812892 0.4255055 0.4285211 0.823471 0.3718402 0.4787356 0.8234218 0.3046127 0.5185012 0.8233652 0.2307086 0.5274897 0.8339149 0.1622983 0.5476793 0.8328445 0.08010888 0.5557602 0.8313308 -0.004451155 0.5514689 0.829358 -0.08970749 0.5400422 0.8219688 -0.180892 0.5044434 0.8249883 -0.2548166 0.4683012 0.8210399 -0.3264775 0.419716 0.818512 -0.3922712 0.3615002 0.8163934 -0.4503549 0.294938 0.8147056 -0.4992661 0.2215455 0.8134647 -0.5377665 0.1430259 0.8126834 -0.5648798 0.08016228 0.8234559 -0.5616889 -0.003554999 0.8234039 -0.5674446 -0.06759327 0.8343868 -0.547019 -0.1506261 0.8336061 -0.5314253 -0.2307448 0.83239 -0.5038687 -0.3063267 0.8307259 -0.4648212 -0.3758165 0.8285952 -0.4149604 -0.4430493 0.8229405 -0.3556352 0 -1 0 0 -1 -1.2078e-7 0 -1 0 0 -1 -1.21739e-7 0 -1 -1.56974e-7 0 -1 0 0 -1 1.27495e-7 0 -1 -1.2694e-7 0 -1 1.32607e-7 0 -1 0 0 -1 -1.27953e-7 0 -1 1.27031e-7 0 -1 -1.2629e-7 0 -1 1.25548e-7 0 -1 2.62729e-7 0 -1 0 0 -1 -1.27663e-7 0 -1 -1.23804e-7 0 -1 2.60508e-7 0 -1 0 0 -1 0 0 -1 -1.25579e-7 0 -1 -1.26508e-7 0 -1 1.30254e-7 0 -1 -2.51097e-7 0 -1 1.27031e-7 0 -1 -1.27953e-7 0 -1 0 0 -1 -2.5388e-7 0 -1 0 0 -1 1.27495e-7 0 -1 1.25477e-7 0 -1 2.5258e-7 -0.8841799 -0.08389711 -0.4595512 -0.9145148 0 -0.4045525 -0.9863919 0 -0.1644119 -0.9706876 -0.08389776 -0.2252265 -0.9962033 -0.08389651 0.0232492 -0.9591237 -0.08389711 0.2702646 -0.9435878 0 0.3311223 -0.8617789 -0.08389711 0.5002983 -0.7102859 -0.08389681 0.6988959 -0.4611768 0 0.8873083 -0.5141621 -0.08389711 0.8535799 -0.2857326 -0.08389753 0.9546298 -0.03934842 -0.08389717 0.9956973 0.2095075 -0.08389705 0.9742012 0.4451988 -0.08389717 0.8914928 0.5020685 0 0.8648279 0.6529174 -0.08389717 0.7527684 0.7013688 0 0.7127986 0.8565999 0 0.5159814 0.7851753 0 0.6192735 0.9580076 0 0.2867429 0.934805 -0.08389645 0.3451102 0.9912618 -0.08389645 0.1017913 0.9776479 0 -0.2102488 0.9854338 -0.08389776 -0.1479234 0.9176875 -0.08389908 -0.3883435 0.7922797 -0.08389717 -0.6043627 0.7554318 0 -0.6552274 0.6170902 -0.08389747 -0.7824072 0.5687484 0 -0.8225117 0.4031258 -0.08389753 -0.9112908 0.346332 0 -0.938112 0.1021503 0 -0.994769 0.1638323 -0.08389735 -0.9829142 -0.08575546 -0.08389753 -0.9927775 -0.3897174 0 -0.9209346 -0.3299554 -0.08389776 -0.940261 -0.5534229 -0.08389741 -0.8286643 -0.6065005 0 -0.7950832 -0.7851762 0 -0.6192725 -0.7421159 -0.08389782 -0.6650002 -0.7013685 0 -0.7127989 -0.5020676 0 -0.8648284 0.4611778 0 -0.8873078 0.9435879 0 -0.3311224 0.9863918 0 0.1644119 0.9145147 0 0.4045527 0.6065014 0 0.7950826 0.3897184 0 0.9209342 -0.1021516 0 0.9947689 -0.3463308 0 0.9381124 -0.5687502 0 0.8225104 -0.7554315 0 0.6552277 -0.977648 0 0.210249 -0.9580076 0 -0.2867431 -0.03216236 -0.999142 -0.02609395 -0.2763671 -0.936007 -0.2179727 -0.4929129 -0.7783956 -0.3887636 -0.02780395 -0.999214 -0.02825707 -0.2468684 -0.9360072 -0.2508915 -0.4403017 -0.7783948 -0.4474772 -0.02384376 -0.999227 -0.03125798 -0.02558791 -0.9991856 -0.03119945 -0.2134767 -0.9360072 -0.279854 -0.3807456 -0.7783955 -0.4991326 -0.02101266 -0.9991849 -0.03446996 -0.01978498 -0.9992233 -0.03408086 -0.1767185 -0.9360072 -0.3044033 -0.3151859 -0.7783953 -0.5429169 -0.01602786 -0.9991837 -0.03708118 -0.1371733 -0.9360073 -0.3241512 -0.2446558 -0.7783952 -0.5781389 -0.01109641 -0.9991627 -0.03937965 -0.09546476 -0.9360073 -0.3387874 -0.1702645 -0.7783954 -0.604244 -0.00593996 -0.9991991 -0.03957098 -0.05224961 -0.9360076 -0.3480802 -0.09319126 -0.7783954 -0.6208187 -9.20268e-4 -0.9992219 -0.03943276 -0.002670526 -0.9991859 -0.04025506 -0.008212506 -0.9360072 -0.351885 -0.01464647 -0.7783951 -0.6276038 0.002952039 -0.9991854 -0.04024964 0.004014909 -0.9992274 -0.0390976 0.0359562 -0.9360072 -0.3501394 0.0641281 -0.7783951 -0.6244907 0.008523166 -0.9991844 -0.03947085 0.07955676 -0.9360074 -0.3428717 0.1418921 -0.778395 -0.6115292 0.01395922 -0.9991875 -0.03781098 0.1219018 -0.9360073 -0.3301972 0.2174182 -0.7783949 -0.5889233 0.01945203 -0.9991456 -0.03646457 0.1623256 -0.9360072 -0.3123153 0.289515 -0.7783951 -0.5570297 0.02258265 -0.9992114 -0.03265827 0.200189 -0.9360073 -0.2895079 0.3570469 -0.7783946 -0.5163521 0.02624636 -0.9992263 -0.0292896 0.02580368 -0.9991857 -0.03101992 0.2348949 -0.9360076 -0.2621343 0.4189472 -0.7783949 -0.4675303 0.02987873 -0.9991849 -0.02714359 0.02974575 -0.9992245 -0.02579998 0.2658975 -0.9360073 -0.2306269 0.4742409 -0.7783952 -0.411335 0.03338319 -0.999184 -0.02274203 0.292706 -0.9360074 -0.1954828 0.5220553 -0.7783948 -0.3486542 0.03648263 -0.9991682 -0.01821911 0.3148989 -0.9360072 -0.1572558 0.5616369 -0.7783947 -0.280474 0.03784304 -0.9991955 -0.01328003 0.3321259 -0.9360068 -0.116549 0.5923616 -0.7783944 -0.2078704 0.03860259 -0.9992203 -0.008301198 0.03902453 -0.999186 -0.01022535 0.3441137 -0.9360072 -0.07400357 0.6137418 -0.7783958 -0.1319887 0.04008096 -0.9991854 -0.004703164 0.03915232 -0.9992275 -0.003382086 0.3506746 -0.9360074 -0.03029108 0.625444 -0.7783965 -0.05402541 0.04036742 -0.9991845 9.13789e-4 0.3517066 -0.9360072 0.01389902 0.6272848 -0.7783953 0.02478909 0.03965556 -0.9991917 0.006609499 0.34719 -0.9360076 0.05786943 0.6192318 -0.7783951 0.1032134 0.03941231 -0.9991495 0.0121265 0.3371998 -0.9360074 0.1009276 0.6014127 -0.7783954 0.18001 0.03637427 -0.9992088 0.01609051 0.3218917 -0.9360073 0.1423948 0.5741086 -0.7783958 0.2539675 0.03370714 -0.9992255 0.02030366 0.03533357 -0.9991858 0.01947999 0.3015067 -0.9360073 0.1816154 0.5377519 -0.7783948 0.3239204 0.03229665 -0.999185 0.024212 0.0308966 -0.9992255 0.02436858 0.2763671 -0.936007 0.2179727 0.4929129 -0.7783956 0.3887636 0.02863538 -0.9991841 0.02848416 0.2468684 -0.9360072 0.2508915 0.4403017 -0.7783948 0.4474772 0.02465504 -0.9991735 0.03232127 0.2134767 -0.9360072 0.279854 0.3807456 -0.7783955 0.4991326 0.02015429 -0.9991353 0.03636616 0.1767185 -0.9360072 0.3044033 0.3151859 -0.7783953 0.5429169 0.01540637 -0.9992183 0.03640699 0.1371733 -0.9360073 0.3241512 0.2446558 -0.7783952 0.5781389 0.01065844 -0.9992275 0.03782516 0.01218891 -0.9991855 0.03846931 0.09546476 -0.9360073 0.3387874 0.1702645 -0.7783954 0.604244 0.006726622 -0.9991846 0.03981059 0.005861461 -0.9992203 0.03904789 0.05224961 -0.9360076 0.3480802 0.09319126 -0.7783954 0.6208187 0.001128315 -0.9991834 0.04038846 0.008212506 -0.9360072 0.351885 0.01464647 -0.7783951 0.6276038 -0.004390358 -0.9991535 0.04090338 -0.0359562 -0.9360072 0.3501394 -0.0641281 -0.7783951 0.6244907 -0.009006679 -0.9992057 0.03881752 -0.07955676 -0.9360074 0.3428717 -0.1418921 -0.778395 0.6115292 -0.01363706 -0.9992245 0.03693866 -0.01245427 -0.9991858 0.03837597 -0.1219018 -0.9360073 0.3301972 -0.2174182 -0.7783949 0.5889233 -0.01767498 -0.9991852 0.03628665 -0.01813775 -0.9992263 0.03489738 -0.1623256 -0.9360072 0.3123153 -0.289515 -0.7783951 0.5570297 -0.02256095 -0.9991842 0.03349781 -0.200189 -0.9360073 0.2895079 -0.3570469 -0.7783946 0.5163521 -0.02704775 -0.9991784 0.03018391 -0.2348949 -0.9360076 0.2621343 -0.4189472 -0.7783949 0.4675303 -0.0318039 -0.9991385 0.02665919 -0.2658975 -0.9360073 0.2306269 -0.4742409 -0.7783952 0.411335 -0.03291845 -0.9992163 0.02198463 -0.292706 -0.9360074 0.1954828 -0.5220553 -0.7783948 0.3486542 -0.03516256 -0.9992274 0.01755988 -0.03547286 -0.9991856 0.01923525 -0.3148989 -0.9360072 0.1572558 -0.5616369 -0.7783947 0.280474 -0.03782093 -0.9991848 0.01412487 -0.03721839 -0.9992219 0.01306051 -0.3321259 -0.9360068 0.116549 -0.5923616 -0.7783944 0.2078704 -0.03944414 -0.9991837 0.008735537 -0.3441137 -0.9360072 0.07400357 -0.6137418 -0.7783958 0.1319887 -0.04088842 -0.9991577 0.003468573 -0.3506746 -0.9360074 0.03029108 -0.625444 -0.7783965 0.05402541 -0.03989762 -0.9992026 -0.001576483 -0.3517066 -0.9360072 -0.01389902 -0.6272848 -0.7783953 -0.02478909 -0.03887075 -0.9992233 -0.006478846 -0.0400359 -0.9991859 -0.004981219 -0.34719 -0.9360076 -0.05786943 -0.6192318 -0.7783951 -0.1032134 -0.03896993 -0.9991852 -0.01050221 -0.03766268 -0.999227 -0.01127308 -0.3371998 -0.9360074 -0.1009276 -0.6014127 -0.7783954 -0.18001 -0.03715336 -0.9991843 -0.01582646 -0.3218917 -0.9360073 -0.1423948 -0.5741086 -0.7783958 -0.2539675 -0.03461933 -0.9991831 -0.0208531 -0.3015067 -0.9360073 -0.1816154 -0.5377519 -0.7783948 -0.3239204 -0.5377517 -0.7783954 -0.3239195 -0.3015065 -0.9360073 -0.1816159 -0.03576874 -0.999142 -0.02087885 -0.5741096 -0.7783949 -0.2539679 -0.3218923 -0.9360071 -0.1423948 -0.03625363 -0.999214 -0.01603716 -0.601414 -0.7783944 -0.1800101 -0.3372007 -0.9360071 -0.1009283 -0.03822445 -0.9991857 -0.0129252 -0.6192335 -0.7783937 -0.103214 -0.3471913 -0.9360072 -0.0578705 -0.03966879 -0.9991849 -0.007489621 -0.6272847 -0.7783955 -0.02478945 -0.3517064 -0.9360073 -0.01389884 -0.04035162 -0.9991838 -0.001904785 -0.6254474 -0.7783938 0.05402547 -0.3506756 -0.936007 0.03029137 -0.04076111 -0.9991628 0.003520965 -0.6137426 -0.7783952 0.1319888 -0.3441137 -0.936007 0.07400357 -0.03911978 -0.9991992 0.008413016 -0.5923597 -0.7783959 0.2078703 -0.3321245 -0.9360074 0.1165487 -0.03860533 -0.9991859 0.01171374 -0.5616364 -0.7783954 0.2804734 -0.3148986 -0.9360073 0.1572561 -0.03661596 -0.9991853 0.01697206 -0.5220544 -0.7783958 0.3486536 -0.2927062 -0.936007 0.1954841 -0.03392028 -0.9991844 0.02190911 -0.47424 -0.7783958 0.411335 -0.2658972 -0.9360072 0.2306284 -0.03044825 -0.9991874 0.02640926 -0.4189469 -0.7783954 0.4675298 -0.2348958 -0.9360067 0.2621362 -0.02724891 -0.9991457 0.03107345 -0.3570463 -0.7783954 0.5163515 -0.2001892 -0.9360071 0.2895084 -0.02258259 -0.9992114 0.03265821 -0.2895156 -0.7783951 0.5570297 -0.1623253 -0.9360071 0.312316 -0.01991182 -0.9991858 0.03509324 -0.217418 -0.778395 0.5889235 -0.1219024 -0.936007 0.3301981 -0.01484709 -0.999185 0.03753763 -0.1418912 -0.7783951 0.6115294 -0.07955515 -0.9360071 0.3428728 -0.009491205 -0.999184 0.03926229 -0.06412893 -0.7783946 0.6244912 -0.03595441 -0.9360072 0.3501399 -0.004165649 -0.9991683 0.04056477 0.0146479 -0.7783953 0.6276037 0.008212327 -0.9360072 0.3518854 9.35714e-4 -0.9991955 0.04009467 0.09319061 -0.7783948 0.6208199 0.0522505 -0.936007 0.3480816 0.004210293 -0.999186 0.04012131 0.1702661 -0.7783952 0.6042436 0.09546464 -0.9360072 0.3387879 0.009750008 -0.9991854 0.03916066 0.2446549 -0.7783949 0.5781398 0.1371731 -0.9360072 0.3241515 0.01510691 -0.9991846 0.03744524 0.3151854 -0.7783954 0.5429171 0.1767188 -0.9360072 0.304403 0.02018445 -0.9991917 0.0347687 0.380746 -0.7783954 0.4991326 0.2134765 -0.9360072 0.2798544 0.02525991 -0.9991495 0.03259348 0.4403008 -0.7783955 0.4474768 0.2468687 -0.9360072 0.2508913 0.02789658 -0.9992088 0.02835112 0.4929136 -0.7783951 0.388764 0.2763669 -0.9360072 0.2179723 0.03069955 -0.9991858 0.0261811 0.5377517 -0.7783954 0.3239195 0.3015065 -0.9360073 0.1816159 0.03405547 -0.999185 0.02166897 0.5741096 -0.7783949 0.2539679 0.3218923 -0.9360071 0.1423948 0.03675985 -0.9991841 0.01673501 0.601414 -0.7783944 0.1800101 0.3372007 -0.9360071 0.1009283 0.03894418 -0.9991735 0.01165652 0.6192335 -0.7783937 0.103214 0.3471913 -0.9360072 0.0578705 0.0411396 -0.9991353 0.006017565 0.6272847 -0.7783955 0.02478945 0.3517064 -0.9360073 0.01389884 0.03950148 -0.9992183 0.001561105 0.6254474 -0.7783938 -0.05402547 0.3506756 -0.936007 -0.03029137 0.04029536 -0.9991855 -0.00217694 0.6137426 -0.7783952 -0.1319888 0.3441137 -0.936007 -0.07400357 0.039622 -0.9991847 -0.007761836 0.5923597 -0.7783959 -0.2078703 0.3321245 -0.9360074 -0.1165487 0.03818541 -0.9991835 -0.01320332 0.5616364 -0.7783954 -0.2804734 0.3148986 -0.9360073 -0.1572561 0.03671902 -0.9991534 -0.01854825 0.5220544 -0.7783958 -0.3486536 0.2927062 -0.936007 -0.1954841 0.03313809 -0.9992057 -0.02213102 0.47424 -0.7783958 -0.411335 0.2658972 -0.9360072 -0.2306284 0.03150743 -0.9991858 -0.02520012 0.4189469 -0.7783954 -0.4675298 0.2348958 -0.9360067 -0.2621362 0.02770984 -0.9991852 -0.02934783 0.3570463 -0.7783954 -0.5163515 0.2001892 -0.9360071 -0.2895084 0.02337545 -0.9991842 -0.03293424 0.2895156 -0.7783951 -0.5570297 0.1623253 -0.9360071 -0.312316 0.01869142 -0.9991784 -0.03596264 0.217418 -0.778395 -0.5889235 0.1219024 -0.936007 -0.3301981 0.01371425 -0.9991386 -0.039168 0.1418912 -0.7783951 -0.6115294 0.07955515 -0.9360071 -0.3428728 0.008947014 -0.9992162 -0.03856074 0.06412893 -0.7783946 -0.6244912 0.03595441 -0.9360072 -0.3501399 0.0054726 -0.9991856 -0.03997957 -0.0146479 -0.7783953 -0.6276037 -0.008212327 -0.9360072 -0.3518854 -1.37698e-4 -0.9991847 -0.04037159 -0.09319061 -0.7783948 -0.6208199 -0.0522505 -0.936007 -0.3480816 -0.005752205 -0.9991836 -0.03998827 -0.1702661 -0.7783952 -0.6042436 -0.09546464 -0.9360072 -0.3387879 -0.01119011 -0.9991577 -0.03948032 -0.2446549 -0.7783949 -0.5781398 -0.1371731 -0.9360072 -0.3241515 -0.01556092 -0.9992026 -0.03677159 -0.3151854 -0.7783954 -0.5429171 -0.1767188 -0.9360072 -0.304403 -0.01879507 -0.9991859 -0.03569859 -0.380746 -0.7783954 -0.4991326 -0.2134765 -0.9360072 -0.2798544 -0.02358418 -0.9991852 -0.03275239 -0.4403008 -0.7783955 -0.4474768 -0.2468687 -0.9360072 -0.2508913 -0.02792423 -0.9991843 -0.02917379 -0.4929136 -0.7783951 -0.388764 -0.2763669 -0.9360072 -0.2179723 -0.03173273 -0.9991831 -0.02502804 0.01368629 -0.9998737 0.008085191 0.01472455 -0.9998719 0.006272435 0.01507228 -0.9998672 0.006209552 0.01553159 -0.9998707 0.004185795 0.01590925 -0.9998654 0.004028141 0.01600486 -0.99987 0.001991033 0.01636481 -0.9998646 0.001727998 0.01634591 -0.9998663 -6.14925e-4 0.01614856 -0.9998653 -0.002945482 0.01527851 -0.9998776 -0.003384113 0.01445108 -0.9998735 -0.006648182 0.01559633 -0.9998648 -0.005224287 0.0148186 -0.9998749 -0.005533635 0.01324313 -0.9998758 -0.008553504 0.0139442 -0.9998742 -0.007560491 0.01396524 -0.9998731 -0.007676601 0.01171815 -0.9998832 -0.009822607 0.01011443 -0.9998824 -0.01153385 0.008365988 -0.9998648 -0.01416194 0.008718013 -0.9998782 -0.01294416 0.006240069 -0.9998658 -0.01514691 0.006885051 -0.9998765 -0.01413559 0.003988623 -0.999868 -0.01575356 0.004878282 -0.9998751 -0.01503127 0.001684784 -0.9998754 -0.01569676 -4.44892e-4 -0.9998732 -0.01592421 -6.08922e-4 -0.9998689 -0.01618111 -0.002671718 -0.9998715 -0.01581221 -0.002932846 -0.9998665 -0.01607936 -0.004864215 -0.9998704 -0.01535183 -0.005219519 -0.9998651 -0.01558279 -0.007326602 -0.9998672 -0.01456671 -0.009367227 -0.999866 -0.01343673 -0.01204973 -0.9998728 -0.01045596 -0.01121783 -0.9998651 -0.01200246 -0.01113718 -0.9998766 -0.01107841 -0.01338708 -0.9998742 -0.008518159 -0.01269572 -0.9998741 -0.00951755 -0.01269572 -0.9998742 -0.009517908 -0.014297 -0.9998766 -0.006508767 -0.01388937 -0.9998743 -0.00765711 -0.01403665 -0.9998728 -0.007582724 -0.01462781 -0.9998829 -0.004500567 -0.01520091 -0.999882 -0.00222367 -0.01642185 -0.9998651 6.17783e-4 -0.01564502 -0.9998776 -3.53898e-4 -0.01607972 -0.9998665 0.002932965 -0.01564633 -0.9998759 0.001836419 -0.01535415 -0.999869 0.005142688 -0.01530545 -0.9998748 0.004010856 -0.01415288 -0.9998745 0.007118225 -0.01319807 -0.9998726 0.008990824 -0.01333057 -0.999868 0.009293377 -0.01188933 -0.999871 0.01080089 -0.01196831 -0.9998658 0.01118558 -0.01030796 -0.9998701 0.01239198 -0.01029628 -0.9998648 0.01282709 -0.008307278 -0.9998667 0.01406258 -0.006246447 -0.9998656 0.01516264 -0.002251386 -0.9998731 0.01577603 -0.004035115 -0.9998649 0.01593703 -0.003327608 -0.9998758 0.01541018 5.40031e-5 -0.9998749 0.01581746 -0.001160442 -0.9998742 0.01582181 -0.001118242 -0.9998735 0.01586782 0.002228081 -0.9998776 0.01548951 0.001060664 -0.9998716 0.01598858 0.004178047 -0.9998827 0.01474058 0.007394015 -0.9998646 0.01470065 0.006173551 -0.999879 0.014283 0.009385466 -0.9998654 0.0134629 0.008165597 -0.999877 0.01339542 0.01113069 -0.9998672 0.01190912 0.01000714 -0.9998756 0.01220148 0.01221805 -0.9998763 0.009912967 0.01239639 -0.9998737 0.009950518 0.01106685 -0.9998719 0.01156234 0.009399533 -0.9998707 0.01305335 0.007513582 -0.99987 0.01427173 0.005195379 -0.9998663 0.01551026 0.002945423 -0.9998654 0.01614814 6.18515e-4 -0.9998648 0.01643639 -0.00215131 -0.9998742 0.01571601 -0.005052983 -0.9998831 0.01443147 -0.007220327 -0.9998824 0.01353502 -0.009032785 -0.9998782 0.0127266 -0.01079404 -0.9998764 0.01143175 -0.01234132 -0.9998752 0.00987178 -0.01409083 -0.9998754 0.007117927 -0.01505565 -0.9998732 0.005205869 -0.01573693 -0.9998715 0.003082513 -0.01608073 -0.9998704 8.68825e-4 -0.01621562 -0.999867 -0.001712024 -0.01587831 -0.9998659 -0.004020094 -0.01519018 -0.9998651 -0.00625813 -0.01338702 -0.9998742 -0.008517742 -0.01206779 -0.9998742 -0.01029098 -0.009375214 -0.9998829 -0.01209688 -0.007446825 -0.9998821 -0.01343739 -0.005854845 -0.9998776 -0.01451265 -0.003805994 -0.9998759 -0.0152868 -0.001651227 -0.9998748 -0.0157355 0.001663267 -0.9998745 -0.0157544 0.00375235 -0.9998725 -0.01552206 0.005907952 -0.999871 -0.01493692 0.007954359 -0.9998702 -0.01401871 0.01022404 -0.9998667 -0.01273709 0.01198053 -0.9998656 -0.01119744 0.01348596 -0.9998649 -0.009401679 0.0143935 -0.9998742 -0.006671786 0.01533305 -0.9998717 -0.004653036 0.01526647 -0.9998827 -0.00129503 0.0155425 -0.999879 7.32987e-4 0.01541543 -0.999877 0.002910554 0.01494902 -0.9998755 0.005054295 0.01358807 -0.9998763 0.00793159 0.6408986 0.02378493 -0.767257 0.6861075 0 -0.7275002 0.5353783 0.01240682 -0.8445214 0.5332079 0 -0.8459843 0.8171018 0.04340231 -0.5748572 0.8482568 0 -0.5295853 0.7353428 0.03410953 -0.6768365 0.7304295 0 -0.6829882 0.9373005 0.05886489 -0.3435153 0.9548777 0 -0.2969996 0.8847979 0.05164778 -0.463104 0.8798344 0 -0.4752805 0.9935428 0.07017326 -0.08915382 0.9989883 0 -0.04497253 0.9737459 0.06503379 -0.2181504 0.9716417 0 -0.2364584 0.9822403 0.07735294 0.1709409 0.9777013 0 0.2100006 0.9963831 0.07427591 0.04128068 0.9998408 0 0.01784384 0.904307 0.08043354 0.4192366 0.8924093 0 0.4512268 0.9513701 0.07941073 0.2976389 0.9625859 0 0.2709769 0.7486962 0 0.6629133 0.8086256 -0.07376861 0.5836805 0.8418505 0.08042484 0.5336852 0.8623156 0 0.5063712 0.5559709 0 0.8312018 0.6382559 -0.06966125 0.7666661 0.6752008 0.07735288 0.7335669 0.7055959 0 0.7086145 0.3268483 0 0.9450769 0.4277717 -0.06143289 0.9017968 0.4625794 0.07016885 0.8837968 0.5026841 0 0.8644703 0.07633084 0 0.9970826 0.1901947 -0.04907524 0.9805191 0.2182347 0.05885732 0.9741199 0.2668614 0 0.963735 -0.1791859 0 0.9838152 -0.05966532 -0.03256392 0.9976872 -0.0413556 0.04339993 0.9982016 0.01356047 0 0.9999081 -0.4229733 0 0.9061422 -0.3060461 -0.01189064 0.9519425 -0.2984963 0.0237798 0.9541145 -0.2406241 0 0.9706185 -0.6408986 0.02378493 0.767257 -0.6861075 0 0.7275002 -0.5353783 0.01240682 0.8445214 -0.5332079 0 0.8459843 -0.8171018 0.04340231 0.5748572 -0.8482568 0 0.5295853 -0.7353428 0.03410953 0.6768365 -0.7304295 0 0.6829882 -0.9373005 0.05886489 0.3435153 -0.9548777 0 0.2969996 -0.8847979 0.05164778 0.463104 -0.8798344 0 0.4752805 -0.9935428 0.07017326 0.08915382 -0.9989883 0 0.04497253 -0.9737459 0.06503379 0.2181504 -0.9716417 0 0.2364584 -0.9822403 0.07735294 -0.1709409 -0.9777013 0 -0.2100006 -0.9963831 0.07427591 -0.04128068 -0.9998408 0 -0.01784384 -0.904307 0.08043354 -0.4192366 -0.8924093 0 -0.4512268 -0.9513701 0.07941073 -0.2976389 -0.9625859 0 -0.2709769 -0.7486962 0 -0.6629133 -0.8086256 -0.07376861 -0.5836805 -0.8418505 0.08042484 -0.5336852 -0.8623156 0 -0.5063712 -0.5559709 0 -0.8312018 -0.6382559 -0.06966125 -0.7666661 -0.6752008 0.07735288 -0.7335669 -0.7055959 0 -0.7086145 -0.3268483 0 -0.9450769 -0.4277717 -0.06143289 -0.9017968 -0.4625794 0.07016885 -0.8837968 -0.5026841 0 -0.8644703 -0.07633084 0 -0.9970826 -0.1901947 -0.04907524 -0.9805191 -0.2182347 0.05885732 -0.9741199 -0.2668614 0 -0.963735 0.1791859 0 -0.9838152 0.05966532 -0.03256392 -0.9976872 0.0413556 0.04339993 -0.9982016 -0.01356047 0 -0.9999081 0.4229733 0 -0.9061422 0.3060461 -0.01189064 -0.9519425 0.2984963 0.0237798 -0.9541145 0.2406241 0 -0.9706185 0.4205664 0.01241117 -0.9071769 0.1713543 0.03411173 -0.9846188 -0.08925461 0.05164873 -0.9946689 -0.3433831 0.06503015 -0.9369414 -0.5738085 0.07427585 -0.8156145 -0.7650503 0.07940208 -0.6390566 -0.928377 -0.07376259 -0.3642461 -0.9900877 -0.06965816 -0.1219604 -0.9898483 -0.06143432 0.128165 -0.9275122 -0.04907196 0.3705579 -0.8067631 -0.03256821 0.5899769 -0.634988 -0.01189744 0.7724304 -0.4205664 0.01241117 0.9071769 -0.1713543 0.03411173 0.9846188 0.08925461 0.05164873 0.9946689 0.3433831 0.06503015 0.9369414 0.5738085 0.07427585 0.8156145 0.7650503 0.07940208 0.6390566 0.928377 -0.07376259 0.3642461 0.9900877 -0.06965816 0.1219604 0.9898483 -0.06143432 -0.128165 0.9275122 -0.04907196 -0.3705579 0.8067631 -0.03256821 -0.5899769 0.634988 -0.01189744 -0.7724304 0.205272 0.9235892 -0.3238002 0.4948207 0.3819805 -0.7805405 0.2457782 0.9235903 -0.2942346 0.5924676 0.381982 -0.7092757 0.2820838 0.9235889 -0.2596392 0.6799761 0.3819868 -0.6258742 0.3135619 0.9235878 -0.2206007 0.7558502 0.3819913 -0.5317641 0.3396702 0.9235895 -0.1777827 0.8187965 0.3819818 -0.4285584 0.3599733 0.9235878 -0.1319279 0.8677332 0.3819724 -0.3180192 0.3741099 0.9235894 -0.08381241 0.9018157 0.3819818 -0.2020352 0.3818531 0.9235878 -0.03426456 0.9204714 0.3819819 -0.08259671 0.3830547 0.9235894 0.01586979 0.9233738 0.3819914 0.03825569 0.3777061 0.9235894 0.06573283 0.9104849 0.3819818 0.1584528 0.3658989 0.9235877 0.1144719 0.8820095 0.3819914 0.2759382 0.3478232 0.9235894 0.1612505 0.8384498 0.3819819 0.3887054 0.3237999 0.9235894 0.2052714 0.7805415 0.3819821 0.4948178 0.2942396 0.923588 0.245781 0.7092751 0.3819869 0.5924652 0.2596399 0.9235889 0.282083 0.6258752 0.3819862 0.6799756 0.2205988 0.9235896 0.3135579 0.5317658 0.381987 0.7558513 0.1777839 0.9235892 0.3396706 0.4285584 0.3819846 0.8187952 0.1319273 0.9235894 0.3599694 0.3180181 0.3819864 0.8677275 0.08381313 0.9235881 0.3741128 0.2020364 0.3819862 0.9018136 0.03426432 0.9235894 0.3818491 0.08259654 0.381983 0.920471 -0.01586955 0.9235892 0.3830549 -0.03825491 0.3819844 0.9233767 -0.06573283 0.9235894 0.3777062 -0.1584524 0.3819829 0.9104844 -0.1144715 0.9235887 0.3658967 -0.2759394 0.3819862 0.8820114 -0.1612505 0.9235894 0.3478235 -0.3887051 0.3819801 0.8384507 -0.205272 0.9235892 0.3238002 -0.4948207 0.3819805 0.7805405 -0.2457782 0.9235903 0.2942346 -0.5924676 0.381982 0.7092757 -0.2820838 0.9235889 0.2596392 -0.6799761 0.3819868 0.6258742 -0.3135619 0.9235878 0.2206007 -0.7558502 0.3819913 0.5317641 -0.3396702 0.9235895 0.1777827 -0.8187965 0.3819818 0.4285584 -0.3599733 0.9235878 0.1319279 -0.8677332 0.3819724 0.3180192 -0.3741099 0.9235894 0.08381241 -0.9018157 0.3819818 0.2020352 -0.3818531 0.9235878 0.03426456 -0.9204714 0.3819819 0.08259671 -0.3830547 0.9235894 -0.01586979 -0.9233738 0.3819914 -0.03825569 -0.3777061 0.9235894 -0.06573283 -0.9104849 0.3819818 -0.1584528 -0.3658989 0.9235877 -0.1144719 -0.8820095 0.3819914 -0.2759382 -0.3478232 0.9235894 -0.1612505 -0.8384498 0.3819819 -0.3887054 -0.3237999 0.9235894 -0.2052714 -0.7805415 0.3819821 -0.4948178 -0.2942396 0.923588 -0.245781 -0.7092751 0.3819869 -0.5924652 -0.2596399 0.9235889 -0.282083 -0.6258752 0.3819862 -0.6799756 -0.2205988 0.9235896 -0.3135579 -0.5317658 0.381987 -0.7558513 -0.1777839 0.9235892 -0.3396706 -0.4285584 0.3819846 -0.8187952 -0.1319273 0.9235894 -0.3599694 -0.3180181 0.3819864 -0.8677275 -0.08381313 0.9235881 -0.3741128 -0.2020364 0.3819862 -0.9018136 -0.03426432 0.9235894 -0.3818491 -0.08259654 0.381983 -0.920471 0.01586955 0.9235892 -0.3830549 0.03825491 0.3819844 -0.9233767 0.06573283 0.9235894 -0.3777062 0.1584524 0.3819829 -0.9104844 0.1144715 0.9235887 -0.3658967 0.2759394 0.3819862 -0.8820114 0.1612505 0.9235894 -0.3478235 0.3887051 0.3819801 -0.8384507 0.3887037 0.3819841 -0.8384496 0.1612513 0.9235883 -0.347826 0.275941 0.3819813 -0.882013 0.1144708 0.9235885 -0.3658972 0.158452 0.3819854 -0.9104835 0.06573373 0.9235885 -0.3777081 0.03825771 0.3819832 -0.9233772 0.01587039 0.9235883 -0.3830575 -0.08259701 0.381983 -0.9204709 -0.03426474 0.9235894 -0.3818489 -0.202035 0.3819813 -0.9018161 -0.08381253 0.923588 -0.3741134 -0.3180168 0.3819837 -0.8677291 -0.1319273 0.923588 -0.3599728 -0.4285567 0.3819842 -0.8187962 -0.1777841 0.9235891 -0.3396707 -0.5317662 0.3819819 -0.7558537 -0.2205988 0.9235888 -0.3135603 -0.6258755 0.3819819 -0.6799777 -0.2596399 0.9235889 -0.2820828 -0.7092754 0.381982 -0.5924679 -0.2942361 0.9235894 -0.24578 -0.7805418 0.3819776 -0.494821 -0.3237979 0.9235906 -0.2052696 -0.8384512 0.3819774 -0.3887068 -0.3478243 0.9235891 -0.1612502 -0.8820185 0.381968 -0.275942 -0.3658921 0.9235907 -0.1144703 -0.9104826 0.381987 -0.1584531 -0.3777072 0.9235889 -0.06573295 -0.9233795 0.3819776 -0.03825604 -0.3830558 0.9235889 -0.01587003 -0.9204732 0.3819776 0.08259707 -0.3818462 0.9235907 0.03426414 -0.9018136 0.3819869 0.2020357 -0.3741109 0.9235889 0.08381301 -0.8677313 0.3819775 0.3180185 -0.3599668 0.9235906 0.1319264 -0.8187943 0.3819869 0.4285579 -0.3396674 0.9235904 0.1777832 -0.7558544 0.3819773 0.5317683 -0.3135596 0.9235889 0.2205988 -0.679977 0.381982 0.6258763 -0.2820831 0.9235887 0.2596402 -0.5924661 0.3819819 0.709277 -0.2457802 0.9235887 0.294238 -0.4948173 0.3819891 0.7805384 -0.2052709 0.9235883 0.3238032 -0.3887037 0.3819841 0.8384496 -0.1612513 0.9235883 0.347826 -0.275941 0.3819813 0.882013 -0.1144708 0.9235885 0.3658972 -0.158452 0.3819854 0.9104835 -0.06573373 0.9235885 0.3777081 -0.03825771 0.3819832 0.9233772 -0.01587039 0.9235883 0.3830575 0.08259701 0.381983 0.9204709 0.03426474 0.9235894 0.3818489 0.202035 0.3819813 0.9018161 0.08381253 0.923588 0.3741134 0.3180168 0.3819837 0.8677291 0.1319273 0.923588 0.3599728 0.4285567 0.3819842 0.8187962 0.1777841 0.9235891 0.3396707 0.5317662 0.3819819 0.7558537 0.2205988 0.9235888 0.3135603 0.6258755 0.3819819 0.6799777 0.2596399 0.9235889 0.2820828 0.7092754 0.381982 0.5924679 0.2942361 0.9235894 0.24578 0.7805418 0.3819776 0.494821 0.3237979 0.9235906 0.2052696 0.8384512 0.3819774 0.3887068 0.3478243 0.9235891 0.1612502 0.8820185 0.381968 0.275942 0.3658921 0.9235907 0.1144703 0.9104826 0.381987 0.1584531 0.3777072 0.9235889 0.06573295 0.9233795 0.3819776 0.03825604 0.3830558 0.9235889 0.01587003 0.9204732 0.3819776 -0.08259707 0.3818462 0.9235907 -0.03426414 0.9018136 0.3819869 -0.2020357 0.3741109 0.9235889 -0.08381301 0.8677313 0.3819775 -0.3180185 0.3599668 0.9235906 -0.1319264 0.8187943 0.3819869 -0.4285579 0.3396674 0.9235904 -0.1777832 0.7558544 0.3819773 -0.5317683 0.3135596 0.9235889 -0.2205988 0.679977 0.381982 -0.6258763 0.2820831 0.9235887 -0.2596402 0.5924661 0.3819819 -0.709277 0.2457802 0.9235887 -0.294238 0.4948173 0.3819891 -0.7805384 0.2052709 0.9235883 -0.3238032 0 1 7.88843e-6 0 1 1.03803e-6 0 1 6.15347e-6 0 1 4.87874e-6 0 1 -1.77614e-5 0 1 1.23071e-5 0 1 3.6803e-6 0 1 5.06099e-6 0 1 -3.93345e-6 0 1 1.78929e-6 0 1 6.15349e-6 0 1 3.55234e-5 0 1 -2.29684e-6 0 1 3.92943e-6 0 1 -1.78929e-6 0 1 3.92946e-6 0 1 3.0768e-6 0 1 3.54595e-6 0 1 -1.93422e-5 0 1 -1.14841e-6 0 1 -9.82349e-7 0.4837213 0.5046647 -0.7150715 0.6103096 0.5046607 -0.6106061 0.7148349 0.5046682 -0.4840674 0.7935306 0.5046619 -0.3400377 0.8435518 0.5046465 -0.1837183 0.8630684 0.5046607 -0.02075523 0.851396 0.5046668 0.1429562 0.8089581 0.5046621 0.3015015 0.7372788 0.5046643 0.4491481 0.6389591 0.5046536 0.5805653 0.5175347 0.5046655 0.6909926 0.3774117 0.5046609 0.776452 0.2236462 0.5046631 0.8338451 0.06179809 0.504659 0.8611042 -0.1022839 0.5046662 0.857234 -0.2626685 0.5046604 0.8223888 -0.4135598 0.504661 0.7578164 -0.549506 0.5046579 0.6658556 -0.6655861 0.504665 0.5498259 -0.7576171 0.504657 0.4139297 -0.8222653 0.5046525 0.2630701 -0.857181 0.5046718 0.1026999 -0.8611332 0.5046608 -0.06137853 -0.8339572 0.5046575 -0.2232404 -0.7766333 0.5046671 -0.3770304 -0.6912493 0.5046581 -0.5171989 -0.5808759 0.5046581 -0.6386733 -0.4495096 0.504661 -0.7370607 -0.3018954 0.504663 -0.8088105 -0.1433712 0.5046615 -0.8513292 0.02033537 0.5046659 -0.8630753 0.1833069 0.5046594 -0.8436335 0.339652 0.5046652 -0.7936936 0.1911068 0.9400359 -0.2825081 0.2411181 0.9400359 -0.2412357 0.2824144 0.9400359 -0.1912451 0.3135047 0.9400359 -0.1343411 0.3332642 0.9400356 -0.07258206 0.3409694 0.9400388 -0.008199572 0.3363651 0.9400366 0.05647844 0.3195998 0.9400359 0.1191159 0.2912827 0.9400353 0.1774488 0.2524339 0.9400365 0.2293652 0.2044663 0.9400355 0.2729961 0.1491062 0.9400355 0.3067582 0.08835709 0.9400353 0.329434 0.02441501 0.9400368 0.3401983 -0.04040968 0.9400359 0.3386735 -0.1037743 0.9400357 0.3249059 -0.163388 0.9400353 0.2993963 -0.2170947 0.9400363 0.2630624 -0.2629594 0.9400348 0.2172257 -0.2993149 0.9400361 0.1635321 -0.3248532 0.9400365 0.103932 -0.3386549 0.9400355 0.04057461 -0.340213 0.9400357 -0.02424937 -0.3294793 0.9400344 -0.08819776 -0.3068338 0.9400344 -0.1489584 -0.2730955 0.9400357 -0.2043326 -0.2294908 0.9400352 -0.2523251 -0.1775894 0.9400358 -0.2911954 -0.119272 0.9400359 -0.3195417 -0.05664259 0.9400349 -0.3363422 0.008033812 0.9400358 -0.3409814 0.0724197 0.9400357 -0.3332994 0.1341882 0.9400357 -0.3135706 0.1341881 0.9400359 -0.3135697 0.07241988 0.940035 -0.3333012 0.008033752 0.9400352 -0.3409827 -0.05664283 0.9400344 -0.3363435 -0.119272 0.9400353 -0.3195433 -0.1775905 0.9400357 -0.2911949 -0.2294898 0.9400355 -0.2523247 -0.2730917 0.9400372 -0.2043312 -0.3068288 0.9400363 -0.1489559 -0.3294668 0.940039 -0.08819442 -0.3402087 0.9400373 -0.02424883 -0.3386499 0.9400373 0.04057419 -0.3248581 0.9400348 0.1039326 -0.2993153 0.9400358 0.1635333 -0.2629572 0.9400357 0.2172242 -0.2170972 0.9400352 0.2630641 -0.1633877 0.9400358 0.299395 -0.1037744 0.9400355 0.3249065 -0.0404098 0.9400355 0.3386744 0.02441495 0.9400355 0.3402018 0.08835738 0.9400358 0.3294324 0.1491062 0.9400361 0.3067564 0.2044656 0.9400361 0.2729949 0.2524363 0.9400352 0.2293684 0.2912815 0.9400358 0.1774481 0.319599 0.9400361 0.119116 0.3363663 0.9400362 0.05647855 0.3409848 0.940033 -0.008200109 0.3332661 0.9400349 -0.07258266 0.3135078 0.9400347 -0.1343417 0.2824144 0.9400363 -0.1912432 0.2411171 0.9400365 -0.2412341 0.1911077 0.9400349 -0.2825106 0.3396512 0.5046586 -0.7936981 0.1833049 0.5046634 -0.8436316 0.02033448 0.5046603 -0.8630785 -0.1433711 0.504664 -0.8513277 -0.3018959 0.5046593 -0.8088126 -0.4495075 0.5046612 -0.7370619 -0.5808722 0.5046692 -0.6386677 -0.691249 0.5046559 -0.5172016 -0.7766368 0.5046592 -0.3770337 -0.8339543 0.5046624 -0.2232398 -0.8611308 0.5046648 -0.06137883 -0.8571892 0.5046576 0.1027014 -0.8222573 0.5046662 0.2630682 -0.7576126 0.5046649 0.4139285 -0.6655877 0.5046598 0.5498287 -0.549502 0.5046651 0.6658535 -0.4135596 0.5046598 0.7578173 -0.2626669 0.5046641 0.822387 -0.102283 0.5046597 0.8572379 0.06179755 0.504661 0.8611029 0.2236459 0.5046592 0.8338475 0.3774106 0.5046608 0.7764527 0.5175337 0.5046594 0.6909977 0.638952 0.5046656 0.5805628 0.7372801 0.5046611 0.4491497 0.8089611 0.5046566 0.3015025 0.8513984 0.5046626 0.1429566 0.8630706 0.5046569 -0.02075517 0.8435393 0.5046681 -0.183716 0.7935267 0.5046685 -0.3400369 0.7148402 0.5046561 -0.484072 0.6103092 0.5046587 -0.6106082 0.4837213 0.5046642 -0.7150719 0.283333 0.7424865 -0.6069895 0.2050226 0.7424867 -0.6377142 0.1200094 0.7425949 -0.6589012 0.1276614 0.7213717 -0.6806802 0.03998863 0.7424872 -0.6686657 -0.05111312 0.7426883 -0.6676838 -0.04689151 0.7024497 -0.710187 -0.1275585 0.7424871 -0.657603 -0.218838 0.7427778 -0.6327646 -0.2268004 0.686625 -0.6907299 -0.28709 0.7424876 -0.6052202 -0.3721972 0.7428519 -0.5564534 -0.3974273 0.6746836 -0.6219756 -0.428581 0.7424874 -0.5148116 -0.5011614 0.742922 -0.4437389 -0.5445353 0.667255 -0.5081853 -0.5431427 0.742491 -0.39205 -0.6557818 0.664737 -0.3578758 -0.5973005 0.7429812 -0.3020119 -0.6235848 0.7424844 -0.244661 -0.7220025 0.6672518 -0.1829956 -0.6543292 0.743035 -0.1405435 -0.6648343 0.7424881 -0.08189505 -0.7381007 0.6746867 0.002287924 -0.6685315 0.7430746 0.03009611 -0.6643189 0.7424835 0.08601588 -0.7036084 0.6866241 0.1829828 -0.6389855 0.7430998 0.1987471 -0.6220611 0.7424793 0.2485246 -0.6226271 0.7024537 0.3448107 -0.5676143 0.7431241 0.3543736 -0.5407025 0.7424908 0.3954089 -0.5033721 0.7213752 0.4756411 -0.4591031 0.7431356 0.4867995 -0.4253836 0.7424865 0.5174579 -0.3571743 0.7424876 0.5666911 -0.283333 0.7424865 0.6069895 -0.2050226 0.7424867 0.6377142 -0.1200094 0.7425949 0.6589012 -0.1276614 0.7213717 0.6806802 -0.03998863 0.7424872 0.6686657 0.05111312 0.7426883 0.6676838 0.04689151 0.7024497 0.710187 0.1275585 0.7424871 0.657603 0.218838 0.7427778 0.6327646 0.2268004 0.686625 0.6907299 0.28709 0.7424876 0.6052202 0.3721972 0.7428519 0.5564534 0.3974273 0.6746836 0.6219756 0.428581 0.7424874 0.5148116 0.5011614 0.742922 0.4437389 0.5445353 0.667255 0.5081853 0.5431427 0.742491 0.39205 0.6557818 0.664737 0.3578758 0.5973005 0.7429812 0.3020119 0.6235848 0.7424844 0.244661 0.7220025 0.6672518 0.1829956 0.6543292 0.743035 0.1405435 0.6648343 0.7424881 0.08189505 0.7381007 0.6746867 -0.002287924 0.6685315 0.7430746 -0.03009611 0.6643189 0.7424835 -0.08601588 0.7036084 0.6866241 -0.1829828 0.6389855 0.7430998 -0.1987471 0.6220611 0.7424793 -0.2485246 0.6226271 0.7024537 -0.3448107 0.5676143 0.7431241 -0.3543736 0.5407025 0.7424908 -0.3954089 0.5033721 0.7213752 -0.4756411 0.4591031 0.7431356 -0.4867995 0.4253836 0.7424865 -0.5174579 0.3571743 0.7424876 -0.5666911 0.357174 0.7424875 -0.5666913 0.4253827 0.742488 -0.5174563 0.4892016 0.7425909 -0.4574285 0.5407075 0.7424842 -0.3954146 0.5891674 0.7426916 -0.3182625 0.6220499 0.7424904 -0.2485196 0.6505538 0.7427753 -0.1583181 0.6643112 0.7424905 -0.08601462 0.6693516 0.7428498 0.01194584 0.6648338 0.7424885 0.08189535 0.6443396 0.7429167 0.1813874 0.6235836 0.7424854 0.2446612 0.5771577 0.7429827 0.3389185 0.5431452 0.7424883 0.3920518 0.4722214 0.7430334 0.474245 0.4285843 0.7424864 0.5148102 0.3364017 0.7430696 0.5785167 0.2870906 0.7424875 0.6052201 0.1785756 0.7431063 0.6449061 0.1275574 0.742488 0.6576023 0.009079039 0.7431252 0.6690909 -0.03998821 0.7424873 0.6686655 -0.1609974 0.7431396 0.6494793 -0.2050227 0.7424857 0.6377153 -0.2833325 0.7424886 0.6069872 -0.357174 0.7424875 0.5666913 -0.4253827 0.742488 0.5174563 -0.4892016 0.7425909 0.4574285 -0.5407075 0.7424842 0.3954146 -0.5891674 0.7426916 0.3182625 -0.6220499 0.7424904 0.2485196 -0.6505538 0.7427753 0.1583181 -0.6643112 0.7424905 0.08601462 -0.6693516 0.7428498 -0.01194584 -0.6648338 0.7424885 -0.08189535 -0.6443396 0.7429167 -0.1813874 -0.6235836 0.7424854 -0.2446612 -0.5771577 0.7429827 -0.3389185 -0.5431452 0.7424883 -0.3920518 -0.4722214 0.7430334 -0.474245 -0.4285843 0.7424864 -0.5148102 -0.3364017 0.7430696 -0.5785167 -0.2870906 0.7424875 -0.6052201 -0.1785756 0.7431063 -0.6449061 -0.1275574 0.742488 -0.6576023 -0.009079039 0.7431252 -0.6690909 0.03998821 0.7424873 -0.6686655 0.1609974 0.7431396 -0.6494793 0.2050227 0.7424857 -0.6377153 0.2833325 0.7424886 -0.6069872 0.0442993 0.9945004 -0.09490334 0.03205543 0.9945004 -0.09970754 0.03205525 0.9945005 -0.09970635 0.019306 0.9945005 -0.1029379 0.00625211 0.9945003 -0.1045468 0.006252169 0.9945005 -0.1045458 -0.00690031 0.9945005 -0.1045047 -0.01994371 0.9945004 -0.1028168 -0.01994353 0.9945005 -0.1028161 -0.03267276 0.9945004 -0.09950703 -0.04488652 0.9945004 -0.09462678 -0.04488658 0.9945004 -0.09462648 -0.05639249 0.9945005 -0.08825409 -0.06700885 0.9945005 -0.08049046 -0.06700897 0.9945004 -0.08049076 -0.07656884 0.9945003 -0.07145839 -0.08492124 0.9945004 -0.06129759 -0.08492106 0.9945004 -0.06129753 -0.0919339 0.9945005 -0.0501706 -0.09749734 0.9945005 -0.03825235 -0.09749692 0.9945005 -0.03825265 -0.1015227 0.9945005 -0.02573174 -0.1039471 0.9945005 -0.01280421 -0.1039473 0.9945004 -0.01280444 -0.104732 0.9945005 3.24542e-4 -0.1038659 0.9945005 0.01344823 -0.103866 0.9945004 0.01344847 -0.1013609 0.9945005 0.02635979 -0.09725809 0.9945004 0.03885644 -0.09725832 0.9945004 0.03885644 -0.0916211 0.9945005 0.05073922 -0.08453935 0.9945004 0.06182283 -0.08453935 0.9945005 0.06182271 -0.07612431 0.9945005 0.07193017 -0.06650865 0.9945005 0.08090454 -0.06650888 0.9945004 0.08090442 -0.05584424 0.9945005 0.08860218 -0.0442993 0.9945004 0.09490334 -0.04429906 0.9945005 0.09490203 -0.03205537 0.9945005 0.09970611 -0.019306 0.9945005 0.1029379 -0.01930594 0.9945004 0.1029383 -0.006252169 0.9945005 0.1045458 0.00690031 0.9945005 0.1045047 0.006900131 0.9945003 0.1045061 0.01994365 0.9945005 0.102816 0.03267276 0.9945004 0.09950703 0.03267276 0.9945005 0.09950596 0.04488641 0.9945005 0.09462624 0.05639255 0.9945005 0.08825415 0.05639243 0.9945005 0.08825409 0.06700885 0.9945005 0.08049046 0.07656884 0.9945003 0.07145839 0.07656896 0.9945004 0.07145768 0.08492106 0.9945004 0.06129753 0.0919342 0.9945004 0.05017083 0.09193402 0.9945004 0.05017066 0.09749704 0.9945004 0.03825271 0.1015226 0.9945004 0.0257318 0.1015229 0.9945004 0.02573144 0.1039474 0.9945004 0.01280438 0.1047322 0.9945004 -3.24542e-4 0.1047322 0.9945004 -3.24637e-4 0.103866 0.9945004 -0.01344847 0.1013613 0.9945005 -0.02636045 0.1013609 0.9945005 -0.02636027 0.09725809 0.9945004 -0.03885644 0.09162139 0.9945004 -0.05074 0.0916211 0.9945005 -0.05073928 0.08453935 0.9945005 -0.06182271 0.07612425 0.9945005 -0.07193058 0.07612437 0.9945005 -0.07193058 0.06650865 0.9945005 -0.08090454 0.05584424 0.9945005 -0.08860218 0.0558443 0.9945004 -0.08860272 0.06650888 0.9945004 -0.08090442 0.08453935 0.9945004 -0.06182283 0.09725832 0.9945004 -0.03885644 0.1038659 0.9945004 -0.01344841 0.1039471 0.9945004 0.01280415 0.0974971 0.9945005 0.03825229 0.08492124 0.9945004 0.06129759 0.06700897 0.9945004 0.08049076 0.04488676 0.9945004 0.0946266 0.01994359 0.9945004 0.1028168 -0.00625211 0.9945004 0.1045466 -0.03205525 0.9945003 0.0997076 -0.0558443 0.9945004 0.08860272 -0.07612431 0.9945004 0.07193118 -0.09162145 0.9945005 0.05074006 -0.1013614 0.9945003 0.02636092 -0.1047325 0.9945005 3.24674e-4 -0.1015228 0.9945004 -0.02573174 -0.0919342 0.9945004 -0.05017083 -0.07656896 0.9945004 -0.07145768 -0.05639249 0.9945004 -0.08825457 -0.03267276 0.9945005 -0.09950596 -0.006900131 0.9945003 -0.1045061 0.01930594 0.9945004 -0.1029383 0.04429906 0.9945005 -0.09490203 0.1650649 0.9508768 -0.261891 0.487268 0.4060637 -0.7730992 0.1965865 0.9508766 -0.2391393 0.580322 0.4060641 -0.7059308 0.2250086 0.950877 -0.2126125 0.664221 0.4060682 -0.6276298 0.2498838 0.9508761 -0.1827373 0.7376461 0.4060677 -0.5394325 0.2708141 0.950877 -0.1499763 0.799442 0.4060597 -0.4427281 0.2874782 0.9508759 -0.114854 0.8486192 0.4060764 -0.3390393 0.2996065 0.9508759 -0.07791638 0.8844242 0.406068 -0.2300058 0.3070034 0.9508779 -0.03975039 0.9062776 0.4060679 -0.1173444 0.3095708 0.9508759 -9.59802e-4 0.9138386 0.406068 -0.002832174 0.307253 0.950875 0.03784763 0.906984 0.4060764 0.1117237 0.3000808 0.950877 0.07605713 0.885833 0.406068 0.2245188 0.2881793 0.9508779 0.1130658 0.8507081 0.4060681 0.3337734 0.2717385 0.9508768 0.1482957 0.8021673 0.406068 0.437763 0.2510071 0.9508779 0.1811814 0.7409785 0.4060599 0.5348517 0.2263218 0.9508768 0.211215 0.6680992 0.4060632 0.6235032 0.1980659 0.9508764 0.2379159 0.5846864 0.4060631 0.7023208 0.1666846 0.9508771 0.2608621 0.4920506 0.4060636 0.770064 0.132675 0.9508767 0.2796977 0.3916562 0.4060658 0.8256611 0.0965743 0.9508764 0.294122 0.2850859 0.4060658 0.8682376 0.05894941 0.9508772 0.3039039 0.1740188 0.4060668 0.8971217 0.02039533 0.9508767 0.3088971 0.06020653 0.4060658 0.9118585 -0.01848012 0.9508767 0.3090181 -0.05455356 0.4060674 0.9122135 -0.05706489 0.9508759 0.3042675 -0.1684542 0.4060671 0.8981831 -0.09474945 0.9508774 0.2947114 -0.2796983 0.4060648 0.8699887 -0.1309394 0.9508768 0.2805141 -0.3865312 0.4060679 0.8280717 -0.1650649 0.9508768 0.261891 -0.487268 0.4060637 0.7730992 -0.1965865 0.9508766 0.2391393 -0.580322 0.4060641 0.7059308 -0.2250086 0.950877 0.2126125 -0.664221 0.4060682 0.6276298 -0.2498838 0.9508761 0.1827373 -0.7376461 0.4060677 0.5394325 -0.2708141 0.950877 0.1499763 -0.799442 0.4060597 0.4427281 -0.2874782 0.9508759 0.114854 -0.8486192 0.4060764 0.3390393 -0.2996065 0.9508759 0.07791638 -0.8844242 0.406068 0.2300058 -0.3070034 0.9508779 0.03975039 -0.9062776 0.4060679 0.1173444 -0.3095708 0.9508759 9.59802e-4 -0.9138386 0.406068 0.002832174 -0.307253 0.950875 -0.03784763 -0.906984 0.4060764 -0.1117237 -0.3000808 0.950877 -0.07605713 -0.885833 0.406068 -0.2245188 -0.2881793 0.9508779 -0.1130658 -0.8507081 0.4060681 -0.3337734 -0.2717385 0.9508768 -0.1482957 -0.8021673 0.406068 -0.437763 -0.2510071 0.9508779 -0.1811814 -0.7409785 0.4060599 -0.5348517 -0.2263218 0.9508768 -0.211215 -0.6680992 0.4060632 -0.6235032 -0.1980659 0.9508764 -0.2379159 -0.5846864 0.4060631 -0.7023208 -0.1666846 0.9508771 -0.2608621 -0.4920506 0.4060636 -0.770064 -0.132675 0.9508767 -0.2796977 -0.3916562 0.4060658 -0.8256611 -0.0965743 0.9508764 -0.294122 -0.2850859 0.4060658 -0.8682376 -0.05894941 0.9508772 -0.3039039 -0.1740188 0.4060668 -0.8971217 -0.02039533 0.9508767 -0.3088971 -0.06020653 0.4060658 -0.9118585 0.01848012 0.9508767 -0.3090181 0.05455356 0.4060674 -0.9122135 0.05706489 0.9508759 -0.3042675 0.1684542 0.4060671 -0.8981831 0.09474945 0.9508774 -0.2947114 0.2796983 0.4060648 -0.8699887 0.1309394 0.9508768 -0.2805141 0.3865312 0.4060679 -0.8280717 0.3865309 0.4060633 -0.8280741 0.1309393 0.9508773 -0.2805128 0.2796986 0.4060651 -0.8699886 0.09474867 0.9508767 -0.2947142 0.1684544 0.4060633 -0.8981848 0.05706435 0.9508771 -0.3042639 0.05455261 0.4060674 -0.9122135 0.01848036 0.9508762 -0.3090195 -0.06020665 0.4060657 -0.9118586 -0.02039527 0.9508771 -0.308896 -0.1740187 0.4060646 -0.8971227 -0.05894964 0.9508771 -0.3039042 -0.2850869 0.406066 -0.8682374 -0.09657484 0.9508767 -0.2941207 -0.3916569 0.4060656 -0.8256607 -0.1326762 0.9508771 -0.279696 -0.4920521 0.4060651 -0.7700624 -0.1666853 0.9508767 -0.2608636 -0.5846848 0.4060703 -0.702318 -0.1980651 0.9508779 -0.2379113 -0.6680964 0.4060738 -0.6234993 -0.2263215 0.9508776 -0.2112116 -0.7409787 0.4060614 -0.5348501 -0.2510074 0.9508777 -0.1811822 -0.80217 0.4060611 -0.4377646 -0.2717415 0.9508758 -0.1482966 -0.8507149 0.4060529 -0.3337742 -0.2881824 0.9508767 -0.113068 -0.885836 0.4060612 -0.2245196 -0.300081 0.9508769 -0.07605659 -0.9069906 0.4060612 -0.1117247 -0.3072473 0.9508768 -0.03784739 -0.9138379 0.4060696 0.002832353 -0.3095651 0.9508779 9.5937e-4 -0.9062805 0.4060612 0.1173452 -0.3070068 0.9508768 0.03975105 -0.884427 0.4060614 0.230007 -0.2996038 0.9508768 0.07791543 -0.8486261 0.4060614 0.3390398 -0.2874732 0.9508779 0.1148499 -0.7994408 0.4060612 0.442729 -0.2708119 0.9508777 0.1499752 -0.737648 0.4060614 0.5394346 -0.2498819 0.9508767 0.1827362 -0.6642232 0.4060614 0.627632 -0.2250086 0.9508771 0.2126119 -0.5803183 0.4060736 0.7059285 -0.1965877 0.9508768 0.2391373 -0.4872674 0.4060692 0.7730965 -0.1650638 0.9508774 0.2618899 -0.3865309 0.4060633 0.8280741 -0.1309393 0.9508773 0.2805128 -0.2796986 0.4060651 0.8699886 -0.09474867 0.9508767 0.2947142 -0.1684544 0.4060633 0.8981848 -0.05706435 0.9508771 0.3042639 -0.05455261 0.4060674 0.9122135 -0.01848036 0.9508762 0.3090195 0.06020665 0.4060657 0.9118586 0.02039527 0.9508771 0.308896 0.1740187 0.4060646 0.8971227 0.05894964 0.9508771 0.3039042 0.2850869 0.406066 0.8682374 0.09657484 0.9508767 0.2941207 0.3916569 0.4060656 0.8256607 0.1326762 0.9508771 0.279696 0.4920521 0.4060651 0.7700624 0.1666853 0.9508767 0.2608636 0.5846848 0.4060703 0.702318 0.1980651 0.9508779 0.2379113 0.6680964 0.4060738 0.6234993 0.2263215 0.9508776 0.2112116 0.7409787 0.4060614 0.5348501 0.2510074 0.9508777 0.1811822 0.80217 0.4060611 0.4377646 0.2717415 0.9508758 0.1482966 0.8507149 0.4060529 0.3337742 0.2881824 0.9508767 0.113068 0.885836 0.4060612 0.2245196 0.300081 0.9508769 0.07605659 0.9069906 0.4060612 0.1117247 0.3072473 0.9508768 0.03784739 0.9138379 0.4060696 -0.002832353 0.3095651 0.9508779 -9.5937e-4 0.9062805 0.4060612 -0.1173452 0.3070068 0.9508768 -0.03975105 0.884427 0.4060614 -0.230007 0.2996038 0.9508768 -0.07791543 0.8486261 0.4060614 -0.3390398 0.2874732 0.9508779 -0.1148499 0.7994408 0.4060612 -0.442729 0.2708119 0.9508777 -0.1499752 0.737648 0.4060614 -0.5394346 0.2498819 0.9508767 -0.1827362 0.6642232 0.4060614 -0.627632 0.2250086 0.9508771 -0.2126119 0.5803183 0.4060736 -0.7059285 0.1965877 0.9508768 -0.2391373 0.4872674 0.4060692 -0.7730965 0.1650638 0.9508774 -0.2618899 0.6350338 0 -0.7724845 0.5332074 0 -0.8459846 0.8071907 0 -0.5902907 0.7268434 0 -0.6868032 0.9286311 0 -0.3710044 0.8748093 0 -0.4844676 0.8748091 0 -0.4844679 0.9917215 0 -0.1284081 0.9678077 0 -0.2516908 0.9678079 0 -0.2516905 0.9924984 0 0.1222578 0.9999953 0 -0.003099381 0.9309132 0 0.3652408 0.9693495 0 0.2456864 0.9693493 0 0.2456868 0.8108349 0 0.585275 0.8777957 0 0.4790353 0.8777955 0 0.4790356 0.6398097 0 0.7685334 0.7310872 0 0.6822842 0.731087 0 0.6822842 0.4285817 0 0.9035031 0.5384415 0 0.842663 0.190425 0 0.9817019 0.3119634 0 0.9500941 0.3119626 0 0.9500944 -0.05969661 0 0.9982166 0.06588232 0 0.9978274 0.06588387 0 0.9978273 -0.3060665 0 0.9520102 -0.1843371 0 0.9828631 -0.1843354 0 0.9828635 -0.5332074 0 0.8459846 -0.4229735 0 0.9061421 -0.4229717 0 0.9061429 -0.7268434 0 0.6868032 -0.6350318 0 0.7724862 -0.6350338 0 0.7724845 -0.8748091 0 0.4844679 -0.807192 0 0.5902891 -0.8071907 0 0.5902907 -0.9678079 0 0.2516905 -0.9286311 0 0.3710047 -0.9286311 0 0.3710044 -0.9999953 0 0.003099381 -0.9917215 0 0.1284079 -0.9917215 0 0.1284081 -0.9693493 0 -0.2456868 -0.9924984 0 -0.1222578 -0.9924984 0 -0.1222578 -0.8777955 0 -0.4790356 -0.9309132 0 -0.3652408 -0.731087 0 -0.6822842 -0.8108349 0 -0.585275 -0.5384415 0 -0.842663 -0.6398081 0 -0.7685347 -0.6398097 0 -0.7685334 -0.3119626 0 -0.9500944 -0.4285817 0 -0.9035031 -0.06588387 0 -0.9978273 -0.190425 0 -0.9817019 0.1843354 0 -0.9828635 0.05969649 0 -0.9982166 0.05969661 0 -0.9982166 0.4229735 0 -0.9061421 0.3060683 0 -0.9520097 0.3060665 0 -0.9520102 0.4229717 0 -0.9061429 0.1843371 0 -0.9828631 -0.06588232 0 -0.9978274 -0.3119634 0 -0.9500941 -0.7310872 0 -0.6822842 -0.8777957 0 -0.4790353 -0.9693495 0 -0.2456864 -0.9678077 0 0.2516908 -0.8748093 0 0.4844676 -0.3060683 0 0.9520097 -0.05969649 0 0.9982166 0.6398081 0 0.7685347 0.9924984 0 0.1222578 0.9917215 0 -0.1284079 0.9286311 0 -0.3710047 0.807192 0 -0.5902891 0.6350318 0 -0.7724862 0.4927623 -0.3820389 -0.7818131 0.2043932 -0.9236124 -0.3242896 0.5868641 -0.3820367 -0.7138898 0.2434263 -0.9236124 -0.2961146 0.671711 -0.3820366 -0.6347066 0.2786182 -0.9236133 -0.2632685 0.7459641 -0.382032 -0.5455173 0.3094179 -0.9236128 -0.2262742 0.8084543 -0.3820321 -0.44772 0.3353444 -0.9236097 -0.1857135 0.8581902 -0.3820413 -0.3428614 0.3559728 -0.9236114 -0.1422172 0.8943987 -0.3820323 -0.2325994 0.370983 -0.9236145 -0.09647816 0.9164947 -0.3820412 -0.118668 0.3801534 -0.9236129 -0.04922163 0.9241408 -0.3820413 -0.002864301 0.3833286 -0.9236112 -0.00118798 0.917209 -0.3820503 0.1129831 0.3804549 -0.9236114 0.04686504 0.8958196 -0.3820412 0.2270503 0.3715811 -0.9236112 0.09417951 0.8603062 -0.3820233 0.3375377 0.3568474 -0.9236114 0.1400079 0.8112142 -0.3820324 0.4426996 0.3364828 -0.9236128 0.1836271 0.7493343 -0.3820229 0.5408851 0.3108143 -0.9236124 0.2243539 0.6756308 -0.3820416 0.6305295 0.2802479 -0.9236115 0.2615399 0.5912772 -0.3820414 0.7102364 0.2452568 -0.9236128 0.2945992 0.4975988 -0.382037 0.7787446 0.2064011 -0.9236119 0.3230165 0.3960728 -0.3820388 0.8349686 0.1642876 -0.9236122 0.3463379 0.2883003 -0.382036 0.878027 0.1195836 -0.9236122 0.364198 0.1759809 -0.3820399 0.9072355 0.07299602 -0.9236118 0.3763148 0.06088387 -0.3820396 0.9221383 0.02525544 -0.923612 0.3824958 -0.05516719 -0.3820342 0.9225002 -0.02288371 -0.9236142 0.3826398 -0.1703528 -0.3820368 0.9083105 -0.07066142 -0.9236123 0.3767591 -0.2828518 -0.3820347 0.879798 -0.117324 -0.9236134 0.3649293 -0.3908878 -0.3820387 0.8374086 -0.1621375 -0.9236125 0.3473491 -0.4927623 -0.3820389 0.7818131 -0.2043932 -0.9236124 0.3242896 -0.5868641 -0.3820367 0.7138898 -0.2434263 -0.9236124 0.2961146 -0.671711 -0.3820366 0.6347066 -0.2786182 -0.9236133 0.2632685 -0.7459641 -0.382032 0.5455173 -0.3094179 -0.9236128 0.2262742 -0.8084543 -0.3820321 0.44772 -0.3353444 -0.9236097 0.1857135 -0.8581902 -0.3820413 0.3428614 -0.3559728 -0.9236114 0.1422172 -0.8943987 -0.3820323 0.2325994 -0.370983 -0.9236145 0.09647816 -0.9164947 -0.3820412 0.118668 -0.3801534 -0.9236129 0.04922163 -0.9241408 -0.3820413 0.002864301 -0.3833286 -0.9236112 0.00118798 -0.917209 -0.3820503 -0.1129831 -0.3804549 -0.9236114 -0.04686504 -0.8958196 -0.3820412 -0.2270503 -0.3715811 -0.9236112 -0.09417951 -0.8603062 -0.3820233 -0.3375377 -0.3568474 -0.9236114 -0.1400079 -0.8112142 -0.3820324 -0.4426996 -0.3364828 -0.9236128 -0.1836271 -0.7493343 -0.3820229 -0.5408851 -0.3108143 -0.9236124 -0.2243539 -0.6756308 -0.3820416 -0.6305295 -0.2802479 -0.9236115 -0.2615399 -0.5912772 -0.3820414 -0.7102364 -0.2452568 -0.9236128 -0.2945992 -0.4975988 -0.382037 -0.7787446 -0.2064011 -0.9236119 -0.3230165 -0.3960728 -0.3820388 -0.8349686 -0.1642876 -0.9236122 -0.3463379 -0.2883003 -0.382036 -0.878027 -0.1195836 -0.9236122 -0.364198 -0.1759809 -0.3820399 -0.9072355 -0.07299602 -0.9236118 -0.3763148 -0.06088387 -0.3820396 -0.9221383 -0.02525544 -0.923612 -0.3824958 0.05516719 -0.3820342 -0.9225002 0.02288371 -0.9236142 -0.3826398 0.1703528 -0.3820368 -0.9083105 0.07066142 -0.9236123 -0.3767591 0.2828518 -0.3820347 -0.879798 0.117324 -0.9236134 -0.3649293 0.3908878 -0.3820387 -0.8374086 0.1621375 -0.9236125 -0.3473491 0.1621367 -0.9236122 -0.3473505 0.3908883 -0.3820383 -0.8374086 0.1173239 -0.9236115 -0.3649343 0.2828516 -0.3820408 -0.8797953 0.07066094 -0.9236128 -0.376758 0.1703538 -0.3820349 -0.9083111 0.02288305 -0.9236116 -0.3826462 0.05516922 -0.3820373 -0.9224988 -0.02525484 -0.9236116 -0.382497 -0.06088644 -0.3820362 -0.9221395 -0.0729947 -0.9236119 -0.3763148 -0.1759814 -0.3820409 -0.907235 -0.1195843 -0.9236127 -0.3641968 -0.2882983 -0.3820405 -0.8780258 -0.1642879 -0.9236125 -0.3463371 -0.3960719 -0.3820382 -0.8349695 -0.2063994 -0.923612 -0.3230173 -0.4975977 -0.3820426 -0.7787426 -0.2452543 -0.9236137 -0.2945979 -0.5912778 -0.3820332 -0.7102403 -0.2802462 -0.9236125 -0.2615379 -0.6756294 -0.3820423 -0.6305304 -0.3108159 -0.9236127 -0.2243509 -0.7493293 -0.3820432 -0.5408776 -0.3364831 -0.9236124 -0.1836276 -0.8112102 -0.3820423 -0.4426982 -0.3568482 -0.9236108 -0.1400084 -0.8602946 -0.3820519 -0.3375348 -0.3715786 -0.9236125 -0.09417825 -0.8958228 -0.3820337 -0.2270506 -0.3804523 -0.9236125 -0.04686439 -0.9172159 -0.3820337 -0.1129844 -0.3833221 -0.923614 0.001188218 -0.9241441 -0.3820337 0.002864658 -0.3801544 -0.9236124 0.04922276 -0.916498 -0.3820337 0.1186674 -0.3709875 -0.9236124 0.09648072 -0.8944016 -0.3820247 0.2326003 -0.355963 -0.9236155 0.1422143 -0.8581929 -0.3820336 0.3428635 -0.3353384 -0.9236125 0.1857098 -0.8084499 -0.3820428 0.4477189 -0.309419 -0.9236122 0.2262752 -0.745963 -0.3820433 0.545511 -0.2786223 -0.9236108 0.2632735 -0.6717101 -0.3820387 0.6347063 -0.2434259 -0.923613 0.2961132 -0.5868611 -0.3820424 0.7138892 -0.204393 -0.9236115 0.324292 -0.4927612 -0.3820384 0.781814 -0.1621367 -0.9236122 0.3473505 -0.3908883 -0.3820383 0.8374086 -0.1173239 -0.9236115 0.3649343 -0.2828516 -0.3820408 0.8797953 -0.07066094 -0.9236128 0.376758 -0.1703538 -0.3820349 0.9083111 -0.02288305 -0.9236116 0.3826462 -0.05516922 -0.3820373 0.9224988 0.02525484 -0.9236116 0.382497 0.06088644 -0.3820362 0.9221395 0.0729947 -0.9236119 0.3763148 0.1759814 -0.3820409 0.907235 0.1195843 -0.9236127 0.3641968 0.2882983 -0.3820405 0.8780258 0.1642879 -0.9236125 0.3463371 0.3960719 -0.3820382 0.8349695 0.2063994 -0.923612 0.3230173 0.4975977 -0.3820426 0.7787426 0.2452543 -0.9236137 0.2945979 0.5912778 -0.3820332 0.7102403 0.2802462 -0.9236125 0.2615379 0.6756294 -0.3820423 0.6305304 0.3108159 -0.9236127 0.2243509 0.7493293 -0.3820432 0.5408776 0.3364831 -0.9236124 0.1836276 0.8112102 -0.3820423 0.4426982 0.3568482 -0.9236108 0.1400084 0.8602946 -0.3820519 0.3375348 0.3715786 -0.9236125 0.09417825 0.8958228 -0.3820337 0.2270506 0.3804523 -0.9236125 0.04686439 0.9172159 -0.3820337 0.1129844 0.3833221 -0.923614 -0.001188218 0.9241441 -0.3820337 -0.002864658 0.3801544 -0.9236124 -0.04922276 0.916498 -0.3820337 -0.1186674 0.3709875 -0.9236124 -0.09648072 0.8944016 -0.3820247 -0.2326003 0.355963 -0.9236155 -0.1422143 0.8581929 -0.3820336 -0.3428635 0.3353384 -0.9236125 -0.1857098 0.8084499 -0.3820428 -0.4477189 0.309419 -0.9236122 -0.2262752 0.745963 -0.3820433 -0.545511 0.2786223 -0.9236108 -0.2632735 0.6717101 -0.3820387 -0.6347063 0.2434259 -0.923613 -0.2961132 0.5868611 -0.3820424 -0.7138892 0.204393 -0.9236115 -0.324292 0.4927612 -0.3820384 -0.781814 0 -1 -5.7714e-7 0 -1 5.51103e-7 0 -1 -1.18117e-6 0 -1 1.10317e-6 0 -1 1.18117e-6 0 -1 -3.63554e-7 0 -1 -7.0317e-7 0 -1 7.27104e-7 0 -1 -1.10317e-6 0 -1 6.00262e-7 0 -1 -7.27104e-7 0 -1 -1.08015e-6 0 -1 6.0578e-7 0 -1 1.08015e-6 0 -1 -1.4197e-6 0 -1 -5.51103e-7 0 -1 5.30714e-7 0 -1 7.0317e-7 0 -1 -3.50291e-7 0 -1 1.4197e-6 0 -1 -1.08232e-6 0 -1 5.7714e-7 0 -1 -6.00262e-7 0 -1 -6.0578e-7 0 -1 5.69173e-7 0 -1 3.50291e-7 0 -1 -5.69173e-7 0 -1 1.08232e-6 0 -1 3.63554e-7 0.3673041 -0.3737277 -0.8517132 0.2045492 -0.3737279 -0.9047029 0.0348258 -0.3737257 -0.9268853 -0.1360809 -0.373726 -0.9175025 -0.3023538 -0.3737275 -0.8768752 -0.4583315 -0.3737275 -0.806387 -0.5987012 -0.3737266 -0.7084387 -0.7186819 -0.3737282 -0.5863647 -0.8439072 -0.2751756 -0.460542 -0.792445 -0.3747586 -0.481235 -0.8819705 -0.3737282 -0.2871506 -0.9197181 -0.3737253 -0.1202003 -0.9261428 -0.3737308 0.05084353 -0.9010319 -0.3737281 0.2201564 -0.8452365 -0.3737282 0.3819721 -0.7606574 -0.3737281 0.5307801 -0.6501758 -0.3737269 0.6615133 -0.5175521 -0.373727 0.7697194 -0.3673041 -0.3737277 0.8517132 -0.2045492 -0.3737279 0.9047029 -0.0348258 -0.3737257 0.9268853 0.1360809 -0.373726 0.9175025 0.3023538 -0.3737275 0.8768752 0.4583315 -0.3737275 0.806387 0.5987012 -0.3737266 0.7084387 0.7186819 -0.3737282 0.5863647 0.8439072 -0.2751756 0.460542 0.792445 -0.3747586 0.481235 0.8819705 -0.3737282 0.2871506 0.9197181 -0.3737253 0.1202003 0.9261428 -0.3737308 -0.05084353 0.9010319 -0.3737281 -0.2201564 0.8452365 -0.3737282 -0.3819721 0.7606574 -0.3737281 -0.5307801 0.6501758 -0.3737269 -0.6615133 0.5175521 -0.373727 -0.7697194 0.297367 -0.6603825 -0.6895419 0.1656016 -0.6603816 -0.7324426 0.02819514 -0.6603814 -0.7504008 -0.1101701 -0.6603828 -0.7428036 -0.2447844 -0.6603825 -0.7099123 -0.3710622 -0.660382 -0.6528464 -0.4847057 -0.66038 -0.5735492 -0.5818391 -0.6603839 -0.4747172 -0.6591628 -0.660382 -0.3597221 -0.7140381 -0.660382 -0.2324761 -0.7445977 -0.660382 -0.09731388 -0.7498009 -0.660382 0.04116284 -0.7294719 -0.6603803 0.1782378 -0.6843003 -0.6603801 0.3092433 -0.6158239 -0.6603818 0.4297172 -0.5263783 -0.660382 0.5355572 -0.4190076 -0.6603814 0.6231607 -0.297367 -0.6603825 0.6895419 -0.1656016 -0.6603816 0.7324426 -0.02819514 -0.6603814 0.7504008 0.1101701 -0.6603828 0.7428036 0.2447844 -0.6603825 0.7099123 0.3710622 -0.660382 0.6528464 0.4847057 -0.66038 0.5735492 0.5818391 -0.6603839 0.4747172 0.6591628 -0.660382 0.3597221 0.7140381 -0.660382 0.2324761 0.7445977 -0.660382 0.09731388 0.7498009 -0.660382 -0.04116284 0.7294719 -0.6603803 -0.1782378 0.6843003 -0.6603801 -0.3092433 0.6158239 -0.6603818 -0.4297172 0.5263783 -0.660382 -0.5355572 0.4190076 -0.6603814 -0.6231607 0.1933972 -0.8726325 -0.4484529 0.1077008 -0.8726322 -0.4763545 0.01833766 -0.8726327 -0.4880328 -0.07165062 -0.8726322 -0.4830935 -0.1591987 -0.8726328 -0.4617012 -0.2413251 -0.8726325 -0.4245877 -0.3152333 -0.8726331 -0.3730141 -0.3784099 -0.8726314 -0.3087401 -0.4286952 -0.8726328 -0.2339498 -0.4643854 -0.8726321 -0.1511941 -0.4842576 -0.8726335 -0.0632891 -0.4876415 -0.8726335 0.02677071 -0.4744219 -0.8726321 0.1159195 -0.4450429 -0.8726326 0.2011201 -0.4005092 -0.8726327 0.2794721 -0.3423373 -0.8726328 0.3483063 -0.2725068 -0.8726323 0.4052813 -0.1933972 -0.8726325 0.4484529 -0.1077008 -0.8726322 0.4763545 -0.01833766 -0.8726327 0.4880328 0.07165062 -0.8726322 0.4830935 0.1591987 -0.8726328 0.4617012 0.2413251 -0.8726325 0.4245877 0.3152333 -0.8726331 0.3730141 0.3784099 -0.8726314 0.3087401 0.4286952 -0.8726328 0.2339498 0.4643854 -0.8726321 0.1511941 0.4842576 -0.8726335 0.0632891 0.4876415 -0.8726335 -0.02677071 0.4744219 -0.8726321 -0.1159195 0.4450429 -0.8726326 -0.2011201 0.4005092 -0.8726327 -0.2794721 0.3423373 -0.8726328 -0.3483063 0.2725068 -0.8726323 -0.4052813 0.06706678 -0.9855543 -0.1555148 0.03734898 -0.9855544 -0.1651898 0.006359338 -0.9855544 -0.1692396 -0.02484732 -0.9855538 -0.1675301 -0.05520761 -0.9855543 -0.1601088 -0.08368742 -0.9855542 -0.147239 -0.1093182 -0.985554 -0.1293551 -0.1312251 -0.9855543 -0.1070649 -0.1486648 -0.9855542 -0.08112925 -0.161041 -0.985554 -0.05243116 -0.1679338 -0.985554 -0.02194774 -0.1691063 -0.9855541 0.0092839 -0.164521 -0.9855541 0.0401988 -0.1543337 -0.985554 0.0697447 -0.1388899 -0.9855542 0.09691536 -0.1187167 -0.985554 0.1207874 -0.09450078 -0.9855542 0.1405447 -0.06706678 -0.9855543 0.1555148 -0.03734898 -0.9855544 0.1651898 -0.006359338 -0.9855544 0.1692396 0.02484732 -0.9855538 0.1675301 0.05520761 -0.9855543 0.1601088 0.08368742 -0.9855542 0.147239 0.1093182 -0.985554 0.1293551 0.1312251 -0.9855543 0.1070649 0.1486648 -0.9855542 0.08112925 0.161041 -0.985554 0.05243116 0.1679338 -0.985554 0.02194774 0.1691063 -0.9855541 -0.0092839 0.164521 -0.9855541 -0.0401988 0.1543337 -0.985554 -0.0697447 0.1388899 -0.9855542 -0.09691536 0.1187167 -0.985554 -0.1207874 0.09450078 -0.9855542 -0.1405447 0.09450101 -0.985554 -0.1405446 0.1187167 -0.9855542 -0.1207871 0.1388902 -0.985554 -0.09691661 0.1543332 -0.9855542 -0.06974494 0.1645207 -0.9855542 -0.04019886 0.1691068 -0.985554 -0.009283602 0.1679334 -0.985554 0.02194786 0.161041 -0.985554 0.05243188 0.1486638 -0.9855543 0.08112949 0.1312257 -0.9855539 0.1070668 0.109318 -0.985554 0.1293563 0.08368796 -0.9855539 0.147241 0.05520755 -0.9855538 0.160112 0.02484732 -0.985554 0.1675296 -0.006358981 -0.9855537 0.1692442 -0.03734874 -0.9855542 0.1651909 -0.06706672 -0.9855539 0.1555173 -0.09450101 -0.985554 0.1405446 -0.1187167 -0.9855542 0.1207871 -0.1388902 -0.985554 0.09691661 -0.1543332 -0.9855542 0.06974494 -0.1645207 -0.9855542 0.04019886 -0.1691068 -0.985554 0.009283602 -0.1679334 -0.985554 -0.02194786 -0.161041 -0.985554 -0.05243188 -0.1486638 -0.9855543 -0.08112949 -0.1312257 -0.9855539 -0.1070668 -0.109318 -0.985554 -0.1293563 -0.08368796 -0.9855539 -0.147241 -0.05520755 -0.9855538 -0.160112 -0.02484732 -0.985554 -0.1675296 0.006358981 -0.9855537 -0.1692442 0.03734874 -0.9855542 -0.1651909 0.06706672 -0.9855539 -0.1555173 0.2725074 -0.8726323 -0.405281 0.3423376 -0.8726322 -0.3483074 0.4005098 -0.8726323 -0.2794724 0.4450422 -0.872633 -0.2011197 0.4744215 -0.8726323 -0.1159195 0.4876437 -0.8726323 -0.02677088 0.4842572 -0.8726336 0.0632888 0.4643824 -0.8726336 0.1511936 0.4286951 -0.8726329 0.2339498 0.3784075 -0.872633 0.3087385 0.3152344 -0.8726325 0.3730147 0.2413253 -0.8726328 0.4245871 0.1591994 -0.8726319 0.4617025 0.0716508 -0.8726329 0.4830923 -0.01833736 -0.8726333 0.4880318 -0.1077008 -0.8726326 0.4763539 -0.1933969 -0.8726325 0.4484533 -0.2725074 -0.8726323 0.405281 -0.3423376 -0.8726322 0.3483074 -0.4005098 -0.8726323 0.2794724 -0.4450422 -0.872633 0.2011197 -0.4744215 -0.8726323 0.1159195 -0.4876437 -0.8726323 0.02677088 -0.4842572 -0.8726336 -0.0632888 -0.4643824 -0.8726336 -0.1511936 -0.4286951 -0.8726329 -0.2339498 -0.3784075 -0.872633 -0.3087385 -0.3152344 -0.8726325 -0.3730147 -0.2413253 -0.8726328 -0.4245871 -0.1591994 -0.8726319 -0.4617025 -0.0716508 -0.8726329 -0.4830923 0.01833736 -0.8726333 -0.4880318 0.1077008 -0.8726326 -0.4763539 0.1933969 -0.8726325 -0.4484533 0.4190081 -0.6603815 -0.6231601 0.5263783 -0.6603821 -0.5355572 0.6158238 -0.6603822 -0.4297168 0.6843002 -0.6603804 -0.3092427 0.7294688 -0.6603838 -0.178237 0.7498039 -0.6603786 -0.0411629 0.7445976 -0.6603821 0.09731364 0.7140383 -0.660382 0.2324757 0.6591631 -0.660382 0.3597217 0.5818412 -0.6603819 0.4747175 0.4847045 -0.6603832 0.5735465 0.3710625 -0.660381 0.6528474 0.2447848 -0.660382 0.7099127 0.11017 -0.6603825 0.7428039 -0.02819597 -0.6603821 0.7504002 -0.1656014 -0.6603829 0.7324416 -0.2973669 -0.6603819 0.6895425 -0.4190081 -0.6603815 0.6231601 -0.5263783 -0.6603821 0.5355572 -0.6158238 -0.6603822 0.4297168 -0.6843002 -0.6603804 0.3092427 -0.7294688 -0.6603838 0.178237 -0.7498039 -0.6603786 0.0411629 -0.7445976 -0.6603821 -0.09731364 -0.7140383 -0.660382 -0.2324757 -0.6591631 -0.660382 -0.3597217 -0.5818412 -0.6603819 -0.4747175 -0.4847045 -0.6603832 -0.5735465 -0.3710625 -0.660381 -0.6528474 -0.2447848 -0.660382 -0.7099127 -0.11017 -0.6603825 -0.7428039 0.02819597 -0.6603821 -0.7504002 0.1656014 -0.6603829 -0.7324416 0.2973669 -0.6603819 -0.6895425 0.517552 -0.3737288 -0.7697187 0.6501755 -0.3737278 -0.6615129 0.7606585 -0.3737248 -0.5307811 0.8452363 -0.3737277 -0.3819727 0.901032 -0.3737276 -0.2201568 0.9261439 -0.3737277 -0.05084371 0.9197171 -0.3737277 0.1202005 0.8819704 -0.3737277 0.2871516 0.8334666 -0.3747588 0.4060658 0.7186825 -0.3737251 0.5863659 0.5987005 -0.3737276 0.7084387 0.4583318 -0.3737272 0.806387 0.3023542 -0.3737267 0.8768754 0.1360806 -0.3737273 0.9175021 -0.03482758 -0.3737261 0.926885 -0.2045482 -0.3737254 0.904704 -0.3673043 -0.3737268 0.8517135 -0.517552 -0.3737288 0.7697187 -0.6501755 -0.3737278 0.6615129 -0.7606585 -0.3737248 0.5307811 -0.8452363 -0.3737277 0.3819727 -0.901032 -0.3737276 0.2201568 -0.9261439 -0.3737277 0.05084371 -0.9197171 -0.3737277 -0.1202005 -0.8819704 -0.3737277 -0.2871516 -0.8334666 -0.3747588 -0.4060658 -0.7186825 -0.3737251 -0.5863659 -0.5987005 -0.3737276 -0.7084387 -0.4583318 -0.3737272 -0.806387 -0.3023542 -0.3737267 -0.8768754 -0.1360806 -0.3737273 -0.9175021 0.03482758 -0.3737261 -0.926885 0.2045482 -0.3737254 -0.904704 0.3673043 -0.3737268 -0.8517135 0.4134945 0.1466699 -0.8986157 0.2004992 0.173798 -0.9641547 0.2878382 0.1331228 -0.9483816 0.02122753 0.1543704 -0.987785 -0.1836854 0.1750981 -0.9672644 -0.1138027 0.1348477 -0.9843094 -0.3696417 0.1629303 -0.9147779 -0.4962918 0.1382938 -0.8570702 -0.5399021 0.1746648 -0.8234063 -0.6909084 0.1685883 -0.7030103 -0.9634155 0.15031 -0.2218952 -0.984591 0.1746641 -0.008548021 -0.9870211 0.133769 -0.08885592 -0.9707451 0.1588491 0.1800581 -0.9403724 0.1363573 0.3116193 -0.9128432 0.1750982 0.3688605 -0.8246619 0.1659786 0.5407254 -0.7379219 0.1406598 0.6600652 -0.7023648 0.1737983 0.6902739 -0.5545022 0.1707608 0.8144741 -0.4134945 0.1466699 0.8986157 -0.2004992 0.173798 0.9641547 -0.2878382 0.1331228 0.9483816 -0.02122753 0.1543704 0.987785 0.1836854 0.1750981 0.9672644 0.1138027 0.1348477 0.9843094 0.3696417 0.1629303 0.9147779 0.4962918 0.1382938 0.8570702 0.5399021 0.1746648 0.8234063 0.6909084 0.1685883 0.7030103 0.7960716 0.1434532 0.5879552 0.9067237 0.1724973 0.3848334 0.8700085 0.1329063 0.4747854 0.9634155 0.15031 0.2218952 0.984591 0.1746641 0.008548021 0.9870211 0.133769 0.08885592 0.9707451 0.1588491 -0.1800581 0.9403724 0.1363573 -0.3116193 0.9128432 0.1750982 -0.3688605 0.8246619 0.1659786 -0.5407254 0.7379219 0.1406598 -0.6600652 0.7023648 0.1737983 -0.6902739 0.5545022 0.1707608 -0.8144741 0.3906887 0.002496361 -0.9205195 0.2035964 0.0024966 -0.9790518 0.008681476 0.002496182 -0.9999593 -0.1865683 0.00249648 -0.9824389 -0.3746469 0.002496898 -0.9271643 -0.5483292 0.002496361 -0.8362589 -0.700939 0.002496719 -0.7132169 -0.8266125 0.002496361 -0.5627661 -0.9205196 0.002496361 -0.3906884 -0.9790517 0.002497851 -0.2035966 -0.9999592 0.002495586 -0.008681416 -0.982439 0.002495586 0.1865677 -0.9271641 0.002496361 0.3746472 -0.8362587 0.002496361 0.5483295 -0.7132166 0.002496004 0.7009393 -0.5627655 0.002496361 0.8266128 -0.3906887 0.002496361 0.9205195 -0.2035964 0.0024966 0.9790518 -0.008681476 0.002496182 0.9999593 0.1865683 0.00249648 0.9824389 0.3746469 0.002496898 0.9271643 0.5483292 0.002496361 0.8362589 0.700939 0.002496719 0.7132169 0.8266125 0.002496361 0.5627661 0.9205196 0.002496361 0.3906884 0.9790517 0.002497851 0.2035966 0.9999592 0.002495586 0.008681416 0.982439 0.002495586 -0.1865677 0.9271641 0.002496361 -0.3746472 0.8362587 0.002496361 -0.5483295 0.7132166 0.002496004 -0.7009393 0.5627655 0.002496361 -0.8266128 0.3863996 -0.1477897 -0.9104139 0.2011886 -0.1533939 -0.9674677 0.00857222 -0.1581866 -0.9873721 -0.1840992 -0.162173 -0.9694367 -0.3694917 -0.1653571 -0.9144031 -0.5405611 -0.1677421 -0.8244127 -0.6908196 -0.1693305 -0.7029193 -0.8145654 -0.1701243 -0.5545638 -0.8460872 -0.1418926 -0.5138123 -0.9443888 -0.116577 -0.3074731 -0.9071035 -0.1701247 -0.3849946 -0.9846675 -0.1177676 -0.1286888 -0.9913115 -0.1197491 0.0544213 -0.9641038 -0.1225231 0.2355675 -0.9039962 -0.1260831 0.4085265 -0.8130768 -0.1304281 0.5673577 -0.6944989 -0.1355515 0.7066096 -0.5523743 -0.141447 0.8215081 -0.3863996 -0.1477897 0.9104139 -0.2011886 -0.1533939 0.9674677 -0.00857222 -0.1581866 0.9873721 0.1840992 -0.162173 0.9694367 0.3694917 -0.1653571 0.9144031 0.5405611 -0.1677421 0.8244127 0.6908196 -0.1693305 0.7029193 0.8145654 -0.1701243 0.5545638 0.8460872 -0.1418926 0.5138123 0.9443888 -0.116577 0.3074731 0.9071035 -0.1701247 0.3849946 0.9846675 -0.1177676 0.1286888 0.9913115 -0.1197491 -0.0544213 0.9641038 -0.1225231 -0.2355675 0.9039962 -0.1260831 -0.4085265 0.8130768 -0.1304281 -0.5673577 0.6944989 -0.1355515 -0.7066096 0.5523743 -0.141447 -0.8215081 -0.917519 0.1421166 -0.3714318 -0.9049141 0.1687852 -0.3906946 -0.9031136 0.1725905 -0.3931902 -0.8820474 0.1071844 -0.4588071 -0.9090088 0.1576672 -0.3858032 -0.8990793 0.1814627 -0.3984065 -0.8162763 0.1576665 -0.5557289 -0.8213759 0.1808484 -0.540958 -0.863083 0.1071859 -0.4935575 -0.787115 0.1960775 -0.5848107 -0.8087944 0.1421172 -0.5706614 -0.8181912 0.1688776 -0.5495848 -0.8192257 0.1723437 -0.5469617 -0.8729571 0.1048645 -0.476392 -0.9176888 0.1960802 -0.3455428 0.5565869 -0.1477902 -0.8175385 0.7047782 -0.1533937 -0.6926457 0.8257323 -0.1581854 -0.5414274 0.9148936 -0.1621731 -0.3696888 0.9689176 -0.1653565 -0.1840002 0.9857937 -0.1677427 0.008558213 0.9649164 -0.1693305 0.2006576 0.8898869 -0.1418917 0.4335528 0.769544 -0.116577 0.627863 0.6409807 -0.1177673 0.7584686 0.4905814 -0.1197502 0.863128 0.3235184 -0.1225234 0.9382558 0.1455407 -0.126084 0.9812853 -0.03722679 -0.1304282 0.9907587 -0.2184917 -0.135551 0.9663784 -0.3920183 -0.1414472 0.9090184 -0.5565869 -0.1477902 0.8175385 -0.7047782 -0.1533937 0.6926457 -0.8257323 -0.1581854 0.5414274 -0.9148936 -0.1621731 0.3696888 -0.9689176 -0.1653565 0.1840002 -0.9857937 -0.1677427 -0.008558213 -0.9649164 -0.1693305 -0.2006576 -0.8898869 -0.1418917 -0.4335528 -0.769544 -0.116577 -0.627863 -0.6409807 -0.1177673 -0.7584686 -0.4905814 -0.1197502 -0.863128 -0.3235184 -0.1225234 -0.9382558 -0.1455407 -0.126084 -0.9812853 0.03722679 -0.1304282 -0.9907587 0.2184917 -0.135551 -0.9663784 0.3920183 -0.1414472 -0.9090184 0.5627657 0.002496659 -0.8266128 0.7132169 0.002496659 -0.7009389 0.8362587 0.002495884 -0.5483295 0.9271641 0.002496659 -0.374647 0.9824389 0.002496659 -0.1865679 0.9999592 0.002498149 0.008681178 0.9790517 0.002496659 0.203597 0.9205196 0.002496659 0.3906884 0.8266125 0.002495884 0.562766 0.7009397 0.002496302 0.7132162 0.5483298 0.002496302 0.8362585 0.3746474 0.002496302 0.9271641 0.1865679 0.002496719 0.9824389 -0.008681356 0.00249648 0.9999592 -0.2035972 0.002496182 0.9790517 -0.3906885 0.002496659 0.9205197 -0.5627657 0.002496659 0.8266128 -0.7132169 0.002496659 0.7009389 -0.8362587 0.002495884 0.5483295 -0.9271641 0.002496659 0.374647 -0.9824389 0.002496659 0.1865679 -0.9999592 0.002498149 -0.008681178 -0.9790517 0.002496659 -0.203597 -0.9205196 0.002496659 -0.3906884 -0.8266125 0.002495884 -0.562766 -0.7009397 0.002496302 -0.7132162 -0.5483298 0.002496302 -0.8362585 -0.3746474 0.002496302 -0.9271641 -0.1865679 0.002496719 -0.9824389 0.008681356 0.00249648 -0.9999592 0.2035972 0.002496182 -0.9790517 0.3906885 0.002496659 -0.9205197 0.5320056 0.1466696 -0.8339414 0.6418442 0.1331232 -0.7551916 0.8192321 0.1543709 -0.5522939 0.8893669 0.1348472 -0.4368556 0.9693143 0.1629299 -0.1840753 0.9893064 0.1382943 -0.04634171 0.9650412 0.1685878 0.2006831 0.9251796 0.1434519 0.3513748 0.8142244 0.1724967 0.5543318 0.7078677 0.1503105 0.6901667 0.6087551 0.1337694 0.7819995 0.3737961 0.1588472 0.9138075 0.2467198 0.1363559 0.959446 -0.008561611 0.165979 0.9860922 -0.1558539 0.1406602 0.9777139 -0.3849517 0.1707608 0.9070022 -0.5320056 0.1466696 0.8339414 -0.6418442 0.1331232 0.7551916 -0.8192321 0.1543709 0.5522939 -0.8893669 0.1348472 0.4368556 -0.9693143 0.1629299 0.1840753 -0.9893064 0.1382943 0.04634171 -0.9650412 0.1685878 -0.2006831 -0.7078677 0.1503105 -0.6901667 -0.6087551 0.1337694 -0.7819995 -0.3737961 0.1588472 -0.9138075 -0.2467198 0.1363559 -0.959446 0.008561611 0.165979 -0.9860922 0.1558539 0.1406602 -0.9777139 0.3849517 0.1707608 -0.9070022 -0.0829361 0.8580601 0.5068084 0.2373573 0.8002024 0.5507609 0.5180845 0.8522003 -0.07309657 0.592698 0.7993077 -0.09907865 0.5138794 0.8573662 0.02918046 0.462664 0.8498197 0.252485 0.3065276 0.8586654 0.4107735 0.2199611 0.8516731 0.4756786 -3.72505e-4 0.8557271 0.5174274 0.4162356 0.8514581 -0.3190093 0.6150528 0.2550655 -0.746091 0.5253311 0.7351344 -0.4284912 0.7089286 0.2022632 -0.6756552 0.6508142 0.5382737 -0.5354459 0.6574454 0.5033538 -0.5607143 0.7193827 0.2616786 -0.6434383 0.5083678 0.7679566 -0.3896213 0.9664256 0.2052285 -0.1546059 -0.1047422 0.7611282 0.6400882 -0.1159033 0.3443356 0.9316649 -0.05258357 0.1639907 0.9850594 -0.2436853 0.3396265 0.9084445 -0.006975471 0.7614238 0.6482171 -4.55131e-4 0.76612 0.6426975 -0.03210079 0.4896945 0.871303 -0.1983252 0.2249988 0.9539616 -0.1693525 0.6924157 0.7013417 0.8569568 0.4932715 0.14936 0.8641848 0.4597683 0.2044448 0.8366734 0.4405734 0.3253809 0.7259723 0.5282047 0.4404135 0.6300001 0.5357166 0.5622345 0.57218 0.5313457 0.6247255 0.5896713 0.4928944 0.6397992 0.6409739 0.4587641 0.6153762 0.7280822 0.4418538 0.5240818 0.7639464 0.5293267 0.3690519 0.8143739 0.5354153 0.2238879 0.8350581 0.5312457 0.1430242 0.4200254 0.07151496 0.9046902 0.510662 0.3964594 0.7629184 0.4262568 0.3623796 0.8288463 0.3622979 0.01643776 0.9319175 0.3832502 -0.1198973 0.9158296 0.3976996 -0.1106154 0.9108234 0.3868779 -0.09818369 0.9168891 0.9094646 0.4157155 -0.007394492 0.9692444 0.231554 -0.08335441 0.9152212 0.4008141 -0.04145228 0.9797522 0.01650476 -0.1995329 0.9880862 0.07158744 -0.1362386 0.9775475 0.1780061 -0.1127606 0.5603059 0 -0.8282858 0.7069346 0 -0.7072789 0.828013 0 -0.5607089 0.9191645 0 -0.393874 0.977095 0 -0.2128035 0.999711 0 -0.02404117 0.9861948 0 0.1655899 0.9370349 0 0.3492359 0.854008 0 0.5202599 0.7401153 0 0.6724801 0.5994724 0 0.8003954 0.4371636 0 0.8993821 0.259054 0 0.9658629 0.07158327 0 0.9974347 -0.1184782 0 0.9929568 -0.3042541 0 0.952591 -0.479035 0 0.8777958 -0.6365029 0 0.7712743 -0.7709647 0 0.636878 -0.8775624 0 0.4794626 -0.9524425 0 0.3047185 -0.9928991 0 0.1189606 -0.9974696 0 -0.07109618 -0.9659888 0 -0.258584 -0.8995949 0 -0.4367256 -0.8006871 0 -0.5990829 -0.6728406 0 -0.7397875 -0.5206753 0 -0.8537549 -0.3496923 0 -0.9368647 -0.1660699 0 -0.986114 0.02355414 0 -0.9997226 0.212328 0 -0.9771985 0.393426 0 -0.9193564 0.730434 -0.1612154 0.6636836 0.7651766 -0.1255068 0.6314688 0.5916309 -0.1612159 0.7899255 0.6318418 -0.1255056 0.7648689 0.4756724 -0.1255064 0.8706227 0.4314445 -0.1612159 0.8876177 0.3023076 -0.1255065 0.9449118 0.2556653 -0.1612161 0.9532285 0.118022 -0.1255069 0.9850476 0.07064545 -0.1612163 0.9843874 -0.1169283 -0.1612158 0.9799681 -0.07053548 -0.1255066 0.9895821 -0.2565366 -0.1255068 0.9583513 -0.3002743 -0.1612161 0.9401302 -0.433273 -0.1255071 0.8924812 -0.4727697 -0.1612156 0.8663132 -0.6281766 -0.1612163 0.7611855 -0.5943467 -0.1255068 0.7943552 -0.76088 -0.1612158 0.6285468 -0.733938 -0.1255069 0.6675202 -0.8660832 -0.1612163 0.4731907 -0.8470038 -0.125505 0.5165589 -0.9399838 -0.1612159 0.3007326 -0.9294564 -0.1255078 0.3469275 -0.9799109 -0.1612164 0.1174045 -0.9783166 -0.1255069 0.1647567 -0.9844217 -0.1612168 -0.07016611 -0.9918173 -0.1255087 -0.02336776 -0.9533529 -0.1612159 -0.2552015 -0.9694716 -0.1255069 -0.2106487 -0.8878273 -0.1612163 -0.4310127 -0.9120866 -0.1255059 -0.3903158 -0.7902136 -0.1612159 -0.5912462 -0.8217362 -0.1255069 -0.5558755 -0.6640389 -0.1612159 -0.7301108 -0.7016859 -0.1255061 -0.7013453 -0.5138648 -0.1612157 -0.8425868 -0.5562745 -0.125507 -0.8214662 -0.3451185 -0.161216 -0.9246096 -0.3907597 -0.1255069 -0.9118964 -0.1638973 -0.161216 -0.9732149 -0.2111206 -0.1255071 -0.969369 0.02324539 -0.1612159 -0.9866454 -0.02384883 -0.1255069 -0.9918061 0.2095488 -0.1612156 -0.9644163 0.1642807 -0.1255064 -0.9783967 0.3882797 -0.161216 -0.9073303 0.3464747 -0.1255068 -0.9296255 0.5529773 -0.1612157 -0.8174507 0.5161439 -0.1255065 -0.8472565 0.6976867 -0.1612163 -0.6980277 0.6671634 -0.1255067 -0.7342623 0.8171817 -0.1612154 -0.5533748 0.794067 -0.1255059 -0.5947317 0.9071411 -0.1612159 -0.3887218 0.8922703 -0.1255061 -0.4337073 0.9643139 -0.1612154 -0.2100198 0.9582255 -0.1255069 -0.2570058 0.9895478 -0.1255069 -0.07101595 0.9866338 -0.1612168 -0.0237267 0.9732945 -0.1612159 0.1634238 0.9851055 -0.125505 0.1175405 0.9288634 -0.1317758 0.3461906 0.9124379 -0.1824998 0.3662663 0.9356384 -0.1252767 0.3299795 0.8779997 -0.3879112 0.2804307 0.9136127 -0.1765811 0.3662389 0.9172095 -0.1704999 0.3600788 0.8248649 -0.1254726 0.5512302 0.8051298 -0.1677677 0.5688761 0.8404852 -0.1635273 0.516569 0.8425789 -0.1630532 0.5132976 0.8427805 -0.2069762 0.4968723 0.8369677 -0.1427956 0.5282942 0.8829959 -0.09812444 0.4590097 0.8769135 -0.1047037 0.4691053 0.8335441 -0.1360276 0.5354444 0.3903368 0.1250863 -0.9121352 0.2106604 0.1250869 -0.9695233 0.02337038 0.1250864 -0.9918707 -0.1647653 0.1250869 -0.9783689 -0.3469462 0.1250867 -0.9295061 -0.5165861 0.1250868 -0.8470491 -0.6675559 0.1250867 -0.7339771 -0.7943984 0.1250877 -0.5943773 -0.8925292 0.1250871 -0.4332956 -0.9584017 0.125087 -0.256553 -0.9896351 0.1250877 -0.07053774 -0.9851005 0.1250876 0.1180263 -0.9449617 0.1250874 0.3023251 -0.8706698 0.1250873 0.4756966 -0.7649095 0.1250865 0.6318758 -0.6315028 0.125088 0.7652171 -0.4752727 0.125087 0.8709014 -0.3018637 0.1250869 0.9451094 -0.1175475 0.1250868 0.9851578 0.07102048 0.1250867 0.9896007 0.2570185 0.1250871 0.958277 0.4337309 0.1250867 0.8923177 0.5947642 0.1250863 0.7941089 0.7343022 0.1250867 0.6671983 0.8473005 0.1250857 0.516174 0.9296752 0.1250872 0.346493 0.9784491 0.1250863 0.1642893 0.991859 0.1250876 -0.02385234 0.969421 0.1250857 -0.2111321 0.9119453 0.1250863 -0.3907804 0.8215096 0.1250866 -0.5563052 0.7013818 0.1250868 -0.7017243 0.5559045 0.1250863 -0.8217808 0.5559054 0.1250865 -0.8217802 0.7013826 0.1250866 -0.7017235 0.8215097 0.125086 -0.5563051 0.9119451 0.1250867 -0.3907808 0.9694207 0.125088 -0.2111316 0.9918593 0.1250858 -0.0238524 0.9784491 0.1250857 0.1642895 0.9296752 0.125087 0.346493 0.8473004 0.125087 0.5161739 0.7343023 0.1250866 0.6671983 0.5947642 0.1250862 0.7941089 0.4337298 0.1250863 0.8923183 0.2570188 0.1250866 0.958277 0.0710206 0.125087 0.9896006 -0.1175475 0.1250866 0.9851579 -0.3018645 0.1250867 0.9451091 -0.4752728 0.125087 0.8709013 -0.6315035 0.1250858 0.765217 -0.7649096 0.1250872 0.6318754 -0.8706698 0.1250867 0.4756971 -0.9449618 0.1250869 0.3023253 -0.9851006 0.1250859 0.1180264 -0.9896352 0.1250867 -0.07053774 -0.9584019 0.1250864 -0.2565528 -0.8925291 0.1250872 -0.4332954 -0.7943986 0.1250872 -0.5943772 -0.6675561 0.1250865 -0.733977 -0.5165861 0.125087 -0.8470491 -0.3469452 0.1250868 -0.9295065 -0.1647667 0.125087 -0.9783687 0.02336913 0.1250869 -0.9918705 0.2106585 0.1250865 -0.9695239 0.390336 0.1250869 -0.9121356 0.8023123 -0.176589 0.5701853 0.8909057 -0.09554165 0.4440259 0.9694716 -0.1255072 0.2106487 0.9918174 -0.1255078 0.02336776 0.9783167 -0.1255058 -0.1647568 0.9294566 -0.1255069 -0.3469272 0.8470041 -0.1255059 -0.5165584 0.7339383 -0.1255071 -0.6675197 0.5943454 -0.1255069 -0.7943561 0.4332731 -0.1255066 -0.8924812 0.2565401 -0.1255068 -0.9583504 0.07053548 -0.1255064 -0.9895823 -0.118022 -0.1255068 -0.9850476 -0.3023075 -0.125507 -0.9449118 -0.4756724 -0.1255068 -0.8706227 -0.6318435 -0.1255061 -0.7648674 -0.7651766 -0.1255071 -0.6314687 -0.8708547 -0.1255068 -0.4752476 -0.9450587 -0.1255066 -0.3018484 -0.9851053 -0.1255064 -0.1175405 -0.9895477 -0.1255078 0.07101595 -0.9582255 -0.1255065 0.2570058 -0.8922705 -0.1255064 0.4337068 -0.7940668 -0.1255058 0.5947322 -0.6671613 -0.1255074 0.7342641 -0.516144 -0.1255067 0.8472565 -0.3464747 -0.1255069 0.9296254 -0.1642807 -0.1255067 0.9783967 0.02385258 -0.1255066 0.9918061 0.2111188 -0.125507 0.9693693 0.3907613 -0.1255066 0.9118958 0.5562759 -0.1255062 0.8214654 0.7016863 -0.1255055 0.7013449 0.2123272 0 -0.9771986 -0.1660708 0 -0.9861139 -0.5206764 0 -0.8537542 -0.899595 0 -0.4367254 -0.9659888 0 -0.2585839 -0.9928991 0 0.1189607 -0.636502 0 0.7712752 -0.4790357 0 0.8777954 -0.1184774 0 0.9929568 0.07158166 0 0.9974349 0.5994729 0 0.8003951 0.8540078 0 0.5202603 0.9370349 0 0.3492361 0.9861948 0 0.1655899 0.9770951 0 -0.2128034 0.9191645 0 -0.3938741 0.828013 0 -0.5607091 0.7069345 0 -0.7072792 0.5603065 0 -0.8282855 0.3325598 -0.3483936 0.8763709 -0.1609063 -0.7456582 0.646609 0.3201177 -0.3919615 0.8624911 -0.2293378 -0.7831628 0.5779796 -0.2398937 -0.6747037 0.6980158 0.2907741 -0.3331781 0.8969073 -0.1776888 -0.6574448 0.7322521 0.3063931 -0.313425 0.8988259 0.9811689 -0.1106156 -0.1583412 0.9804153 -0.09818691 -0.1707199 0.9775592 -0.1199067 -0.1732066 0.8216753 -0.5059403 0.2624389 0.9514651 -0.1727544 0.2546963 0.8564933 -0.5059404 0.1021947 0.9824707 -0.1727643 0.07002753 0.8603558 -0.5059404 -0.06174445 0.9779724 -0.1727446 -0.1171725 0.8331193 -0.5059471 -0.2234504 0.938122 -0.1727543 -0.3001385 0.775775 -0.5059469 -0.3770824 0.8643677 -0.1727543 -0.4722546 0.6903929 -0.5059476 -0.5170829 0.7593708 -0.172764 -0.6273028 0.5800604 -0.50594 -0.6384001 0.6269324 -0.1727544 -0.7596788 0.4487591 -0.5059408 -0.7366405 0.4718315 -0.172759 -0.8645979 0.2996801 -0.172752 -0.938269 0.301239 -0.5059422 -0.8082559 0.1166956 -0.1727566 -0.9780273 0.1428324 -0.5059475 -0.8506563 -0.07050657 -0.1727501 -0.9824389 -0.02073562 -0.5059417 -0.8623185 -0.2551589 -0.1727533 -0.9513413 -0.1835574 -0.5059437 -0.8428095 -0.4305893 -0.1727527 -0.8858609 -0.3397445 -0.505943 -0.7928401 -0.5904589 -0.172754 -0.7883619 -0.4836486 -0.505945 -0.7142155 -0.7289879 -0.1727495 -0.6623703 -0.6100759 -0.5059467 -0.6097749 -0.8411667 -0.1727592 -0.5124382 -0.71445 -0.5059472 -0.4832999 -0.9229463 -0.1727544 -0.3439856 -0.7930041 -0.5059474 -0.3393549 -0.9713689 -0.1727446 -0.1631007 -0.8429008 -0.5059404 -0.1831472 -0.984682 -0.1727446 0.02367967 -0.862337 -0.5059271 -0.02031701 -0.9624044 -0.1727544 0.209604 -0.850591 -0.5059404 0.1432461 -0.8081104 -0.5059403 0.3016327 -0.9053444 -0.1727544 0.3879529 -0.7364112 -0.5059605 0.449113 -0.8155648 -0.1727445 0.5522804 -0.6381191 -0.5059408 0.5803689 -0.6963061 -0.1727443 0.6966472 -0.5518814 -0.1727544 0.8158326 -0.5167499 -0.5059434 0.6906452 -0.3875102 -0.1727518 0.9055345 -0.3767061 -0.5059446 0.7759593 -0.2091346 -0.172757 0.9625059 -0.2230467 -0.5059403 0.8332315 -0.02319973 -0.1727553 0.9846916 -0.06132608 -0.5059465 0.8603822 0.1026126 -0.5059436 0.8564414 0.163573 -0.1727561 0.9712875 0.26284 -0.5059456 0.8215438 0.3444349 -0.1727517 0.9227793 0.4135687 -0.5059421 0.7569568 0.5128459 -0.1727541 0.8409192 0.5493487 -0.5059468 0.6650066 0.6627233 -0.1727592 0.7286646 0.6652739 -0.5059466 0.5490252 0.7368612 -0.3503013 0.5782081 0.2678707 -0.9402468 0.2101935 0.5200746 -0.7695962 0.370465 0.2294898 -0.9400354 0.2523252 0.1775903 -0.9400354 0.2911963 0.1192719 -0.9400359 0.3195418 0.05664259 -0.9400337 0.3363457 -0.008033812 -0.9400352 0.3409829 -0.07242006 -0.9400351 0.3333008 -0.1341876 -0.9400362 0.3135694 -0.1911075 -0.940035 0.2825104 -0.2411181 -0.9400358 0.2412363 -0.2824138 -0.9400363 0.1912438 -0.3135074 -0.9400348 0.1343421 -0.3332658 -0.940035 0.07258272 -0.3409731 -0.9400373 0.00819981 -0.3363659 -0.9400362 -0.05647885 -0.3196013 -0.9400353 -0.1191164 -0.2912836 -0.940035 -0.1774494 -0.2524337 -0.9400365 -0.2293657 -0.2044661 -0.9400357 -0.2729952 -0.1491062 -0.9400354 -0.3067588 -0.08835744 -0.9400352 -0.3294342 -0.02441477 -0.9400355 -0.3402016 0.04040974 -0.9400358 -0.3386737 0.1037743 -0.9400358 -0.3249054 0.1633882 -0.9400353 -0.299396 0.2170969 -0.9400352 -0.2630644 0.2629593 -0.9400351 -0.2172244 0.2993173 -0.9400351 -0.1635336 0.324855 -0.9400359 -0.1039321 0.3386552 -0.9400353 -0.04057478 0.3402139 -0.9400354 0.02424955 0.3294746 -0.9400362 0.08819633 0.3144246 -0.9407495 0.1269946 0.7991276 -0.509329 0.3193414 0.800465 -0.5062513 0.3208825 0.3150219 -0.9404891 0.1274422 0.3294715 -0.9400373 0.08819586 0.3402078 -0.9400376 0.02424865 0.3386496 -0.9400373 -0.04057401 0.3248564 -0.9400354 -0.1039325 0.2993129 -0.9400368 -0.1635319 0.2629574 -0.9400354 -0.2172256 0.217095 -0.9400362 -0.2630621 0.1633874 -0.9400357 -0.2993953 0.1037743 -0.9400353 -0.324907 0.04040974 -0.9400357 -0.3386743 -0.02441519 -0.9400367 -0.3401986 -0.08835709 -0.9400359 -0.3294321 -0.1491062 -0.9400364 -0.3067559 -0.2044658 -0.9400357 -0.2729957 -0.2524365 -0.9400352 -0.2293679 -0.2912808 -0.9400362 -0.1774474 -0.3195974 -0.9400367 -0.1191156 -0.3363655 -0.9400365 -0.05647814 -0.3409812 -0.9400345 0.00819987 -0.3332645 -0.9400354 0.07258206 -0.3135051 -0.9400358 0.1343406 -0.2824149 -0.9400358 0.1912446 -0.241117 -0.9400367 0.2412336 -0.191107 -0.9400358 0.2825083 -0.1341888 -0.9400355 0.3135708 -0.07241952 -0.9400354 0.3332998 -0.008033752 -0.9400358 0.3409812 0.05664277 -0.9400357 0.3363401 0.119272 -0.9400352 0.3195433 0.1775897 -0.9400362 0.291194 0.2294907 -0.9400353 0.2523245 0.2728785 -0.9381654 0.2130334 0.7031114 -0.5059121 0.4996873 0.6100722 -0.5059517 0.6097745 0.4836503 -0.5059438 0.7142152 0.339744 -0.5059418 0.792841 0.1835559 -0.5059446 0.8428092 0.02073669 -0.5059429 0.8623178 -0.1428325 -0.5059464 0.8506569 -0.3012396 -0.5059413 0.8082563 -0.4487587 -0.5059462 0.7366371 -0.5800576 -0.5059457 0.6383983 -0.6903919 -0.5059497 0.5170822 -0.7757748 -0.5059477 0.3770814 -0.8331192 -0.5059468 0.2234508 -0.8603575 -0.5059374 0.06174439 -0.8564882 -0.505949 -0.102194 -0.8216732 -0.5059438 -0.2624388 -0.7571564 -0.5059462 -0.4131981 -0.6652759 -0.5059422 -0.5490269 -0.5493484 -0.5059447 -0.6650087 -0.4135707 -0.5059423 -0.7569557 -0.2628402 -0.5059415 -0.8215463 -0.1026113 -0.505943 -0.856442 0.06132507 -0.5059411 -0.8603854 0.2230437 -0.5059476 -0.8332278 0.3767066 -0.5059406 -0.7759615 0.516752 -0.5059394 -0.6906467 0.6381193 -0.5059363 -0.5803726 0.7364147 -0.5059542 -0.4491143 0.8081122 -0.5059365 -0.3016337 0.8505842 -0.5059521 -0.1432451 0.8623294 -0.5059401 0.02031701 0.8429036 -0.5059355 0.1831475 -0.4906264 -0.7076064 0.5085067 -0.4910224 -0.7070509 0.5088971 -0.4910182 -0.7070509 0.508901 -0.4890194 -0.7070611 0.510808 0.4549554 -0.6310394 -0.6283351 0.5703515 -0.6862205 -0.4514429 0.9217407 -0.3132879 -0.2285715 0.457446 -0.6746497 -0.5793023 0.9122354 -0.3343452 -0.2367274 0.7068864 -0.5874347 -0.3939952 0.9001574 -0.3883645 -0.1972052 0.3622241 -0.7831716 -0.5054069 0.9170261 -0.3482033 -0.1944675 0.2332125 -0.7058196 -0.6689026 0 -1 -5.21649e-6 0 -1 -7.50893e-6 0 -1 -7.46786e-6 0 -1 -1.07555e-6 0 -1 -3.6711e-6 0 -1 4.55578e-6 0 -1 -9.28247e-6 0 -1 -9.03865e-6 0 -1 -6.51542e-6 0 -1 1.90573e-5 0 -1 1.16142e-6 0 -1 1.65205e-5 0 -1 -9.6051e-7 0 -1 9.79209e-7 0 -1 -1.82323e-6 0 -1 -8.72788e-6 0 -1 -5.32208e-6 0 -1 -3.55761e-6 0 -1 3.88695e-6 0 -1 2.58787e-6 0.1429058 -0.586205 0.7974596 -0.04348367 -0.3726852 0.9269385 -0.08954679 -0.6169244 0.7819115 0.1714625 -0.2347205 0.9568213 0.1409152 -0.5026553 0.8529248 0.1623181 -0.7070622 -0.6882702 0.1623184 -0.7070361 -0.6882969 0.1623123 -0.7070604 -0.6882735 0.1623024 -0.7070301 -0.6883069 0.3746972 -0.923581 0.08124172 0.3821598 -0.9235793 0.03090685 0.382883 -0.923581 -0.01997256 0.376866 -0.923581 -0.07050025 0.3642109 -0.9235811 -0.1197859 0.3451437 -0.9235793 -0.166964 0.3199903 -0.9235812 -0.2111968 0.2892051 -0.9235805 -0.2517133 0.2533225 -0.9235821 -0.2877914 0.2129818 -0.9235817 -0.3188036 0.1688871 -0.9235799 -0.3442053 0.1218186 -0.9235809 -0.3635364 0.07260346 -0.9235813 -0.3764656 0.02210932 -0.9235802 -0.3827673 -0.02877295 -0.9235812 -0.3823219 -0.07914918 -0.9235812 -0.3751443 -0.1281324 -0.9235814 -0.3613579 -0.1748577 -0.9235796 -0.3412119 -0.2185026 -0.9235809 -0.3150478 -0.2582978 -0.9235812 -0.2833377 -0.2935492 -0.9235786 -0.2466403 -0.3236203 -0.9235812 -0.2055914 -0.3479962 -0.9235812 -0.1609243 -0.3662421 -0.923581 -0.1134238 -0.3780368 -0.923581 -0.06392526 -0.3831689 -0.9235826 -0.01330029 -0.3815634 -0.9235793 0.03755891 -0.373229 -0.9235793 0.08775705 -0.3583171 -0.923581 0.1364083 -0.3370972 -0.9235812 0.1826562 -0.3099395 -0.9235814 0.2256876 -0.2773247 -0.9235802 0.2647464 -0.239821 -0.9235815 0.2991375 -0.2017368 -0.9236755 0.3257696 -0.1570248 -0.9234678 0.3500723 -0.1049723 -0.9235802 0.3687552 -0.05521434 -0.9235811 0.3794066 -0.004484713 -0.9235805 0.3833786 0.04632407 -0.9235814 0.3805938 0.09631705 -0.9235809 0.3711084 0.1446133 -0.9235813 0.3550841 0.1903625 -0.9235808 0.3328072 0.2327578 -0.9235813 0.3046663 0.271053 -0.9235818 0.2711586 0.3045024 -0.9235845 0.2329593 0.7341181 -0.3819697 0.5613999 0.6533631 -0.381964 0.6536208 0.5610522 -0.3819643 0.7343866 0.4588592 -0.3819665 0.8022156 0.3485836 -0.3819612 0.8559177 0.232168 -0.3819627 0.8945405 0.1116628 -0.3819613 0.9174078 -0.01080918 -0.3819635 0.9241142 -0.1330923 -0.3819607 0.9145449 -0.2530313 -0.3819651 0.8888633 -0.378278 -0.3816902 0.8433377 -0.4865168 -0.3821946 0.7856391 -0.5780788 -0.3819637 0.7210608 -0.6684745 -0.3819634 0.6381581 -0.7471024 -0.381945 0.5440183 -0.8125617 -0.3819546 0.4402888 -0.8637106 -0.3819544 0.3288083 -0.8996431 -0.3819638 0.2115324 -0.9197323 -0.3819638 0.09053325 -0.9236211 -0.3819638 -0.03206038 -0.9112372 -0.3819731 -0.1540891 -0.8828139 -0.3819543 -0.2734056 -0.8388292 -0.3819639 -0.3879038 -0.7800725 -0.381964 -0.4955708 -0.7075757 -0.381964 -0.5945083 -0.6226163 -0.3819645 -0.682973 -0.526688 -0.381964 -0.7594098 -0.4214842 -0.3819694 -0.822466 -0.3088549 -0.3819639 -0.8710409 -0.1907861 -0.3819609 -0.9042714 -0.0693556 -0.3819667 -0.9215701 0.05329489 -0.3819614 -0.9226403 0.175006 -0.381963 -0.9074565 0.2936367 -0.3819649 -0.8762878 0.407093 -0.3819666 -0.8296849 0.513381 -0.381964 -0.7684683 0.6106268 -0.3819594 -0.6937159 0.6971149 -0.381959 -0.6067439 0.7713224 -0.3819637 -0.509083 0.831942 -0.3819733 -0.4024537 0.8779138 -0.3819637 -0.2887408 0.9084225 -0.3819544 -0.1699393 0.9229226 -0.3819637 -0.0481435 0.9211736 -0.3819544 0.07449966 0.903195 -0.3819545 0.1958308 0.8695579 -0.3813083 0.3138043 0.3612 -0.9233397 0.1303008 0.3606681 -0.9235848 0.130037 0.8693327 -0.3819549 0.313642 0.9031879 -0.3819718 0.1958292 0.9211741 -0.3819532 0.07449984 0.922923 -0.3819625 -0.0481438 0.9084154 -0.3819719 -0.1699383 0.8779142 -0.3819627 -0.288741 0.831945 -0.3819624 -0.4024581 0.7713225 -0.3819625 -0.5090839 0.6971111 -0.3819674 -0.6067429 0.6106219 -0.3819713 -0.6937139 0.5133787 -0.3819667 -0.7684685 0.4070937 -0.3819645 -0.8296856 0.2936353 -0.3819642 -0.8762887 0.1750058 -0.3819607 -0.9074575 0.05329346 -0.3819656 -0.9226386 -0.06935781 -0.3819606 -0.9215725 -0.1907873 -0.3819632 -0.9042701 -0.3088542 -0.3819672 -0.8710397 -0.4214835 -0.381962 -0.8224699 -0.5266887 -0.3819619 -0.7594104 -0.6226155 -0.3819623 -0.6829751 -0.707576 -0.381962 -0.5945091 -0.7800765 -0.3819533 -0.495573 -0.8388321 -0.3819531 -0.3879078 -0.8828029 -0.3819811 -0.2734038 -0.9112415 -0.3819625 -0.1540899 -0.9236177 -0.3819718 -0.03206056 -0.919729 -0.3819719 0.09053331 -0.8996435 -0.3819625 0.2115329 -0.8637041 -0.3819718 0.3288052 -0.8125581 -0.3819622 0.4402888 -0.7470963 -0.3819627 0.5440146 -0.668474 -0.3819625 0.6381592 -0.5780779 -0.3819623 0.7210623 -0.4865193 -0.3821851 0.7856423 -0.3782766 -0.381695 0.843336 -0.2530283 -0.3819601 0.8888663 -0.1330922 -0.3819626 0.9145442 -0.01081168 -0.3819611 0.9241153 0.1116627 -0.3819633 0.9174069 0.2321677 -0.3819618 0.894541 0.3485823 -0.3819652 0.8559166 0.4588598 -0.3819616 0.8022176 0.5610532 -0.3819623 0.734387 0.6533632 -0.3819623 0.6536216 0.7272896 -0.3987749 0.5585951 0.794338 -0.01399463 0.6073149 0.3050071 -0.9233411 0.2332635 0.2710561 -0.9235794 0.2711636 0.2327569 -0.9235807 0.3046685 0.1903634 -0.92358 0.3328092 0.1446132 -0.9235805 0.3550861 0.09631711 -0.9235796 0.3711115 0.04632443 -0.9235801 0.3805967 -0.004484474 -0.9235799 0.3833799 -0.05521488 -0.9235809 0.3794073 -0.1049718 -0.9235802 0.3687557 -0.1570249 -0.9234678 0.3500723 -0.201738 -0.9236745 0.325772 -0.2398218 -0.9235798 0.2991423 -0.2773249 -0.9235794 0.2647489 -0.3099392 -0.923581 0.2256902 -0.3370968 -0.923581 0.182658 -0.3583163 -0.9235812 0.1364083 -0.3732209 -0.9235828 0.08775562 -0.3815628 -0.9235796 0.03755897 -0.383176 -0.9235796 -0.01330077 -0.3780438 -0.923578 -0.06392723 -0.3662412 -0.9235813 -0.1134245 -0.3479953 -0.9235811 -0.1609264 -0.3236231 -0.9235795 -0.2055945 -0.2935435 -0.9235807 -0.2466392 -0.2582999 -0.9235792 -0.2833421 -0.2185021 -0.9235802 -0.31505 -0.1748558 -0.9235806 -0.3412101 -0.1281318 -0.9235801 -0.3613615 -0.07914966 -0.9235805 -0.3751459 -0.02877378 -0.9235806 -0.3823232 0.02210927 -0.9235799 -0.3827682 0.07260328 -0.9235807 -0.3764671 0.1218175 -0.9235805 -0.3635377 0.1688872 -0.9235804 -0.3442042 0.2129812 -0.9235799 -0.3188091 0.2533236 -0.9235803 -0.2877961 0.2892014 -0.9235818 -0.2517126 0.319993 -0.9235794 -0.2112005 0.345143 -0.9235795 -0.1669651 0.3642137 -0.9235796 -0.1197882 0.3768652 -0.9235812 -0.07050114 0.3828863 -0.9235796 -0.01997321 0.3821514 -0.9235829 0.03090649 0.3746966 -0.9235812 0.08124238 0.1763945 0 0.9843196 0.1763954 0 0.9843194 0.1763957 0 0.9843195 0.1763948 0 0.9843196 0.7935338 -0.5026702 -0.3429676 0.6098406 -0.6160287 -0.4986013 0.8910831 -0.2428873 -0.3833755 0.9226082 -0.025913 -0.3848671 0.7560218 -0.3726884 -0.538084 0.7480015 -0.5861701 -0.3112851 0.9829856 0 0.1836825 0.9405397 -0.01339566 0.3394197 0.9419296 0.1368237 0.3066724 0.9171405 0 0.3985642 0.997488 0.0581811 -0.04040503 0.9955953 -0.04802995 0.08051848 0.9957404 0 0.09220099 0.9365643 0 -0.3504958 0.9813891 -0.05630546 -0.1835896 0.9594551 0.1564853 -0.2344315 0.9911842 0 -0.1324915 0.8346408 3.33998e-4 -0.5507947 0.9002004 -3.34331e-4 -0.4354759 0.9002297 0 -0.4354154 0.6923203 0.1565983 -0.7043932 0.6208785 0 -0.7839068 0.7519514 -0.078956 -0.6544733 0.7802593 0 -0.6254563 0.4301394 0 -0.9027625 0.5555004 0 -0.8315163 0.544996 0.05751907 -0.8364633 0.218444 0.137166 -0.9661613 0.1266835 0 -0.9919432 0.3166688 -0.08154124 -0.9450249 0.3450084 0 -0.9385997 -0.09802633 0 -0.9951839 0.05766713 0 -0.9983359 0.03439545 0.1147878 -0.9927944 -0.3165994 0.08658933 -0.944599 -0.2060146 -0.06409531 -0.9764475 -0.1894325 0 -0.9818938 -0.5980113 0 -0.8014877 -0.4557402 -0.037638 -0.8893167 -0.4886041 0.149236 -0.859648 -0.4039241 0 -0.9147925 -0.7615751 0.02896511 -0.6474292 -0.6734608 -0.02644425 -0.7387498 -0.6694123 0 -0.7428911 -0.8666326 0.158976 -0.4729425 -0.9260661 0 -0.3773617 -0.841985 -0.0702809 -0.5349038 -0.8184066 0 -0.5746396 -0.9869501 0 -0.1610268 -0.9552386 0 -0.2958368 -0.9565324 0.02896255 -0.2901846 -0.9873144 0.14924 0.05420184 -0.9878747 0 0.1552535 -0.9959694 -0.08276367 -0.034572 -0.9975976 0 -0.06927579 -0.9282558 0 0.3719425 -0.9734528 0 0.2288882 -0.9656947 0.08658987 0.2448186 -0.8163208 0.1147845 0.5660784 -0.876731 -0.07523286 0.4750608 -0.8899772 0 0.4560052 -0.6026856 0 0.7979788 -0.7232472 -0.01401013 0.6904472 -0.6943438 0.1371634 0.7064509 -0.7656678 0 0.6432363 -0.409264 0 0.9124161 -0.5264863 0 0.8501837 -0.5264875 0 0.850183 -0.1038436 0 0.9945937 -0.2733498 -0.05667823 0.9602435 -0.2178075 0.1566002 0.9633465 -0.3233314 0 0.9462858 0.1208881 0 0.9926663 -0.0116958 0 0.9999317 -0.0116313 3.3243e-4 0.9999324 0.3219586 0.1564889 0.9337311 0.4248554 0 0.9052613 0.2504283 -0.07909834 0.9648985 0.2119653 0 0.9772772 0.6162856 0 0.7875228 0.496505 0 0.8680339 0.5057128 0.05817747 0.8607381 0.7046186 -0.08145463 0.7048957 0.7675398 0.1368277 0.6262276 0.7943316 -0.01343494 0.6073359 0.8314008 0 0.5556734 0.6863198 0 0.7273 0.6063818 -0.04802286 0.7937222 0.3765839 -0.05630403 0.9246699 0.1208233 -3.3074e-4 0.992674 -0.1435611 -0.07895553 0.9864868 -0.409263 0 0.9124165 -0.6234225 -0.08154386 0.7776215 -0.8083899 0 0.5886474 -0.9326474 -0.0640906 0.3550511 -0.9944851 -0.03763735 0.09789162 -0.9856576 -0.02644139 -0.1666735 -0.9054045 -0.07028514 -0.418692 -0.7656273 0 -0.6432844 -0.5679447 -0.08276361 -0.8188951 -0.3341939 0 -0.9425045 -0.07483518 -0.07523018 -0.9943542 0.1893455 -0.01400655 -0.9818106 0.4399949 -0.04758977 -0.8967384 0.6596608 -0.05667597 -0.7494235 0.834604 0 -0.5508505 0.9469646 -0.07909762 -0.3114509 0.9986422 0 -0.05209368 0.9740443 -0.08145898 0.2111928 0.1577494 -0.4474569 0.8802827 -0.4124043 -0.8531152 0.3195577 0.1351248 -0.6427587 0.7540574 -0.4753943 -0.8718976 0.1174518 -0.6406368 -0.6834204 0.3500303 -0.008167266 -0.417899 0.9084569 -0.5349975 -0.6664397 0.5192646 0.05079644 -0.3312232 0.9421842 0.9232407 0 -0.3842222 0.9232434 4.45172e-4 -0.3842155 0.9229176 0 -0.3849975 0.9232406 0 -0.3842226 0.2848801 -0.7830851 -0.5528302 -0.0859282 -0.6708616 -0.7365875 0.8132641 -0.3268135 -0.4814504 -0.07881802 -0.6836155 -0.725574 0.7590821 -0.4313734 -0.4875566 0.7078878 -0.6419568 -0.2945954 -0.167149 -0.8632593 -0.476282 0.8157725 -0.4682497 -0.339496 -0.127429 -0.6827006 -0.7195011 0.5563113 -0.7431524 0.3718097 0.7986313 -0.5908959 0.1141497 0.5370474 -0.7427612 0.3998574 0.4139032 -0.8453655 0.3377003 0.3911901 -0.7727125 0.4998857 0.524909 -0.5963391 0.6073305 0.3889831 -0.7431259 0.5444779 0.3750557 -0.6510781 0.6598717 0.2843008 -0.7431108 0.6057718 0.184709 -0.8239686 0.5356851 0.2620023 -0.7430631 0.615802 0.07191604 -0.8037996 0.5905374 0.1335064 -0.6846283 0.7165614 0.061365 -0.7429184 0.6665634 -0.03041017 -0.586581 0.8093196 -0.06949806 -0.7430343 0.6656352 -0.1479103 -0.741721 0.6541962 -0.231442 -0.7279468 0.6453899 -0.2472397 -0.796902 0.5511986 -0.2833328 -0.742487 0.6069891 -0.3747704 -0.711329 0.5946077 -0.3930787 -0.7580374 0.5204505 -0.4075903 -0.7430034 0.5308637 -0.4701481 -0.7417172 0.4783476 -0.5510768 -0.7418091 0.3821435 -0.5661495 -0.723468 0.3950555 -0.5937758 -0.742917 0.3090385 -0.6215357 -0.7427456 0.2490431 -0.6418621 -0.7206892 0.2619545 -0.6472044 -0.7423263 0.1734305 -0.5855458 -0.7969318 0.1484455 -0.6610301 -0.7431329 0.1038882 -0.6696904 -0.7417299 0.0367648 -0.668361 -0.7431252 -0.03253817 -0.6610658 -0.7425355 -0.107857 -0.7621413 -0.6383028 -0.1082145 -0.6458192 -0.7428212 -0.1764491 -0.5604487 -0.8105487 -0.1700245 -0.6197315 -0.7430742 -0.2525344 -0.5930184 -0.7421424 -0.3123363 -0.5193873 -0.8061618 -0.2834433 -0.5105369 -0.7422811 -0.4340174 -0.6101017 -0.6164373 -0.4977762 -0.4902929 -0.6298674 -0.6023952 -0.4685124 -0.7430895 -0.4778224 -0.4002577 -0.7429774 -0.5364498 -0.3542728 -0.7427005 -0.5682314 -0.2646925 -0.8444309 -0.4656979 -0.200184 -0.7766616 -0.597263 -0.24013 -0.6927175 -0.6800589 -0.1636208 -0.7431378 -0.6488254 -0.1238514 -0.5360587 -0.8350462 -0.06562656 -0.7428333 -0.6662521 0.01943743 -0.8275695 -0.5610268 -0.01938939 -0.7430353 -0.6689714 0.08477669 -0.7431432 -0.6637404 0.125896 -0.7425627 -0.6578381 0.119781 -0.8396316 -0.5297843 0.28806 -0.742644 -0.6045671 0.3320227 -0.544983 -0.7699056 0.4239066 -0.6502603 -0.6304481 0.4154742 -0.7431101 -0.5245651 0.3807352 -0.8396314 -0.3873755 0.4401499 -0.7429615 -0.5042582 0.4984216 -0.8021147 -0.3289191 0.6058343 -0.6584959 -0.446484 0.5730913 -0.7430312 -0.345646 0.7384421 -0.5859528 -0.3337104 0.626808 -0.743025 -0.2345753 0.607925 -0.7799764 -0.1485399 0.6341903 -0.7431319 -0.2134426 0.5775733 -0.8160036 -0.02339571 0.693994 -0.7161418 -0.07425171 0.6695569 -0.7427 -0.009500265 0.7477882 -0.6586395 0.08370763 0.6327036 -0.7653158 0.1182287 0.6553333 -0.7430889 0.1354889 0.6377603 -0.741719 0.2076413 0.5284467 -0.5914595 0.6090318 0.2533199 -0.9607751 0.112873 0.6136927 -0.7431422 0.2666853 0.6377571 -0.7417221 0.2076397 0.6668325 -0.7426452 0.06174552 0.6632711 -0.7431091 -0.0886597 0.6524648 -0.74194 -0.1543205 0.6031078 -0.7424067 -0.2917077 0.5221937 -0.7430311 -0.4185912 0.4851217 -0.7425591 -0.4618039 0.3658918 -0.7421336 -0.5615702 0.230946 -0.7429126 -0.6282873 0.1859313 -0.7429616 -0.6429912 0.04334568 -0.7296308 -0.6824661 -0.1268389 -0.7427448 -0.6574512 -0.2702831 -0.743133 -0.6121279 -0.3002493 -0.7428705 -0.598326 -0.4115504 -0.7886875 -0.4567255 -0.547683 -0.7430768 -0.384552 -0.560772 -0.7431068 -0.3651399 -0.6670849 -0.7016347 -0.250413 -0.650928 -0.7577925 -0.04520219 -0.6697059 -0.7417158 0.03676581 -0.6682097 -0.7351401 0.1143023 -0.5804286 -0.7580614 0.2973983 -0.5123368 -0.7431424 0.4304073 -0.4701449 -0.7417217 0.4783437 -0.352581 -0.742643 0.5693576 -0.2163669 -0.7431123 0.6332215 -0.1479093 -0.7417229 0.6541942 -0.007790505 -0.7424083 0.6699025 0.1418588 -0.7430325 0.654048 0.2043171 -0.7423252 0.6381284 0.3395305 -0.7421309 0.5778934 0.4594165 -0.74291 0.4868483 0.4978153 -0.7428182 0.4476618 0.2325721 -0.9605717 0.1523562 -0.7201054 -0.6731768 0.1681707 -0.7277024 -0.6663395 0.1626067 -0.7312152 -0.6756789 0.09371459 -0.7397033 -0.6729123 0.005301833 -0.7382643 -0.6585561 -0.1458418 -0.7172767 -0.6701002 -0.1909973 -0.686474 -0.6672159 -0.2890959 -0.5942499 -0.6682834 -0.4475091 -0.6216769 -0.6567786 -0.4268018 -0.5210675 -0.666239 -0.5334926 -0.3802304 -0.6704513 -0.6371185 -0.3995696 -0.6620496 -0.6340619 -0.2634215 -0.6774834 -0.6867499 -0.2598311 -0.6716858 -0.6937766 -0.2706304 -0.6702234 -0.691057 -0.4410397 -0.6724309 -0.594408 -0.5154777 -0.6694706 -0.5348758 -0.6351307 -0.6687301 -0.3865348 -0.6866753 -0.6661596 -0.2910473 -0.7337701 -0.6688717 -0.1191304 -0.7445635 -0.6675469 -0.002529978 -0.7241715 -0.6716332 0.1564759 -0.05584418 -0.9945005 0.08860212 -0.06877493 -0.9945158 0.07879346 -0.06880915 -0.9941123 0.08370262 -0.07669436 -0.9944176 0.07246881 -0.08453935 -0.9945004 0.06182283 -0.08363151 -0.9945889 0.06163489 -0.08907532 -0.9952112 0.04025411 -0.09469926 -0.9941236 0.05244421 -0.09907096 -0.9945217 0.03334248 -0.09863203 -0.9943435 0.03940528 -0.1013609 -0.9945005 0.02635979 -0.1040205 -0.994513 0.01112955 -0.1071497 -0.9941461 0.01387357 -0.1068154 -0.9942789 3.30998e-4 -0.1016124 -0.9947591 -0.01137453 -0.1039471 -0.9945005 -0.01280421 -0.0787633 -0.9941797 -0.07350552 -0.06582242 -0.9949208 -0.07615834 -0.06700879 -0.9945005 -0.08049005 -0.05751407 -0.9942789 -0.09000945 -0.0482127 -0.9952287 -0.08482569 -0.04630553 -0.9941462 -0.0976178 -0.04093396 -0.9945192 -0.09620821 -0.03267276 -0.9945005 -0.09950596 -0.01917463 -0.9945052 -0.1029168 -0.0202254 -0.9943435 -0.1042684 -0.007132112 -0.9941236 -0.108016 0.003711044 -0.9951037 -0.09876811 0.006200373 -0.9945915 -0.1036793 0.01945048 -0.9944176 -0.1037081 0.03529995 -0.9945172 -0.09843558 0.03316402 -0.9941123 -0.1031551 0.04429906 -0.9945005 -0.09490203 0.05584436 -0.9945005 -0.0886023 0.05584412 -0.9945004 -0.0886026 0.06880921 -0.9941123 -0.08370268 0.068708 -0.9951846 -0.06990671 0.07669436 -0.9944176 -0.07246881 0.08383864 -0.9945914 -0.06131017 0.09278446 -0.9945145 -0.04829072 0.09469926 -0.9941236 -0.05244421 0.09863203 -0.9943435 -0.03940528 0.09954899 -0.9946751 -0.02667623 0.101361 -0.9945005 -0.02636015 0.09742277 -0.9952287 -0.005348265 0.1071497 -0.9941461 -0.01387357 0.1044113 -0.9945213 0.005082786 0.1068154 -0.9942789 -3.30998e-4 0.1039471 -0.9945004 0.01280415 0.1009311 -0.9945113 0.02757632 0.1044322 -0.9941797 0.02646887 0.09990954 -0.9942241 0.03919881 0.08975869 -0.9948409 0.04727512 0.09193402 -0.9945004 0.05017066 0.08702212 -0.9942241 0.06281435 0.07553046 -0.9952375 0.06162476 0.0787633 -0.9941797 0.07350552 0.07319456 -0.9945201 0.07464939 0.06700885 -0.9945005 0.08049046 0.05537557 -0.9945074 0.0888189 0.05751407 -0.9942789 0.09000945 0.04630553 -0.9941462 0.0976178 0.03325825 -0.9949987 0.09418886 0.03267276 -0.9945004 0.09950602 0.0202254 -0.9943435 0.1042684 0.01434075 -0.9952112 0.09669095 0.007132112 -0.9941236 0.108016 0.003028869 -0.9945182 0.1045196 -0.006585001 -0.9945888 0.1036814 -0.01968187 -0.9945029 0.1028431 -0.01945048 -0.9944176 0.1037081 -0.03316402 -0.9941123 0.1031554 -0.03895896 -0.9951488 0.09033882 -0.04429906 -0.9945005 0.09490203 -0.09422367 -0.9944947 -0.04584902 -0.09458106 -0.994372 -0.04773771 -0.09900468 -0.9936191 -0.05402982 -0.09642958 -0.9940361 -0.05092716 -0.08757257 -0.994505 -0.05736684 -0.08393764 -0.9945094 -0.06249541 -0.08702212 -0.9942241 -0.06281435 -0.08850961 -0.9945271 -0.05551552 -0.08953136 -0.9944952 -0.05443871 -0.0913124 -0.9943727 -0.05371439 -0.09498411 -0.9940379 -0.05354201 -0.09269118 -0.9952375 -0.03017836 -0.1044322 -0.9941797 -0.02646887 -0.0956279 -0.9945048 -0.04260969 -0.09990954 -0.9942241 -0.03919881 -0.1023809 -0.9945201 -0.02116733 -0.09457355 -0.9945274 -0.04439854 -0.02905291 -0.9945159 0.1004695 -0.006252169 -0.9945005 0.104546 0.02556127 -0.9945217 0.1013572 0.04692035 -0.994513 0.09350198 0.06454348 -0.994759 0.07930046 0.08760499 -0.9945209 0.057042 0.09797257 -0.9945094 0.03677773 0.09966129 -0.9949209 0.01415073 0.1030568 -0.9945194 -0.01762789 0.09692656 -0.9945051 -0.03955751 0.0810551 -0.9951035 -0.05656015 0.06368452 -0.9945171 -0.08294636 0.0442993 -0.9945004 -0.09490334 0.02161592 -0.9951847 -0.09560543 -0.009589016 -0.9945145 -0.1041587 -0.0314266 -0.9946751 -0.09815251 -0.06076717 -0.9945213 -0.08505761 -0.07779985 -0.9945112 -0.06996226 -0.1046563 -0.9945074 0.00148487 -0.09720599 -0.9949988 0.02299141 -0.08953827 -0.9945183 0.05400264 -0.07584083 -0.9945029 0.0721957 -0.05489516 -0.9951488 0.08164197 -0.7153463 0.04281359 -0.6974573 -0.6817302 -0.3056811 -0.6646826 -0.6137135 0.04281312 -0.7883672 -0.5848737 -0.3056812 -0.75132 -0.5006467 0.04281395 -0.8645923 -0.4771209 -0.30568 -0.8239632 -0.3782539 0.04281467 -0.9247113 -0.3604806 -0.3056806 -0.8812566 -0.2488166 0.04281371 -0.9676039 -0.2371263 -0.3056797 -0.9221339 -0.1147454 0.04281407 -0.9924719 -0.1093541 -0.3056803 -0.9458337 0.0214644 0.04281252 -0.9988526 0.02045661 -0.3056807 -0.9519143 0.1572774 0.04281306 -0.986626 0.1498861 -0.3056804 -0.9402626 0.2901561 0.0428127 -0.9560213 0.2765217 -0.3056811 -0.9110954 0.4176312 0.04281234 -0.9076075 0.3980066 -0.3056799 -0.864957 0.5373286 0.04281455 -0.8422856 0.5120775 -0.3056817 -0.8027051 0.6470155 0.04281276 -0.7612741 0.6166117 -0.3056785 -0.7255003 0.7446491 0.04281413 -0.6660816 0.7096555 -0.3056832 -0.6347811 0.8284112 0.0428155 -0.5584818 0.7894821 -0.3056821 -0.5322375 0.8967418 0.04280948 -0.4404788 0.8546029 -0.3056789 -0.4197792 0.9483677 0.0428186 -0.3142694 0.9038034 -0.3056773 -0.2995015 0.9823279 0.04281288 -0.1822057 0.9361673 -0.3056774 -0.1736437 0.9979889 0.04281169 -0.04674869 0.9510914 -0.3056803 -0.0445522 0.9950594 0.04280555 0.08957976 0.9482997 -0.3056793 0.08537 0.9735935 0.04281306 0.2242386 0.9278417 -0.3056817 0.2137017 0.9339913 0.04281324 0.3547218 0.8900989 -0.3056884 0.3380511 0.8769907 0.04281198 0.4785966 0.8357799 -0.3056774 0.4561068 0.8036539 0.04281049 0.5935552 0.7658885 -0.3056786 0.5656638 0.7153463 0.04281359 0.6974573 0.6817302 -0.3056811 0.6646826 0.6137135 0.04281312 0.7883672 0.5848737 -0.3056812 0.75132 0.5006467 0.04281395 0.8645923 0.4771209 -0.30568 0.8239632 0.3782539 0.04281467 0.9247113 0.3604806 -0.3056806 0.8812566 0.2488166 0.04281371 0.9676039 0.2371263 -0.3056797 0.9221339 0.1147454 0.04281407 0.9924719 0.1093541 -0.3056803 0.9458337 -0.0214644 0.04281252 0.9988526 -0.02045661 -0.3056807 0.9519143 -0.1572774 0.04281306 0.986626 -0.1498861 -0.3056804 0.9402626 -0.2901561 0.0428127 0.9560213 -0.2765217 -0.3056811 0.9110954 -0.4176312 0.04281234 0.9076075 -0.3980066 -0.3056799 0.864957 -0.5373286 0.04281455 0.8422856 -0.5120775 -0.3056817 0.8027051 -0.6470155 0.04281276 0.7612741 -0.6166117 -0.3056785 0.7255003 -0.7446491 0.04281413 0.6660816 -0.7096555 -0.3056832 0.6347811 -0.8284112 0.0428155 0.5584818 -0.7894821 -0.3056821 0.5322375 -0.8967418 0.04280948 0.4404788 -0.8546029 -0.3056789 0.4197792 -0.9483677 0.0428186 0.3142694 -0.9038034 -0.3056773 0.2995015 -0.9823279 0.04281288 0.1822057 -0.9361673 -0.3056774 0.1736437 -0.9979889 0.04281169 0.04674869 -0.9510914 -0.3056803 0.0445522 -0.9950594 0.04280555 -0.08957976 -0.9482997 -0.3056793 -0.08537 -0.9735935 0.04281306 -0.2242386 -0.9278417 -0.3056817 -0.2137017 -0.9345831 0.05213308 -0.3519045 -0.8902952 -0.3056902 -0.337532 -0.7583774 -0.3305719 -0.5617703 -0.8049401 -0.01680648 -0.5931183 -0.7970264 0.04284483 -0.6024227 -0.7893044 0.1819142 -0.5864347 -0.7613926 -0.3058251 -0.5716226 -0.8913818 -0.3029868 -0.3371019 -0.9358158 0.04282957 -0.3498778 -0.9278425 -0.3056797 -0.2137016 -0.9735933 0.04281157 -0.2242392 -0.9483003 -0.3056774 -0.08537042 -0.9950589 0.04281669 -0.08957952 -0.9510915 -0.3056797 0.04455184 -0.9979888 0.04281437 0.04674839 -0.9361655 -0.3056831 0.1736433 -0.9823279 0.04281312 0.1822063 -0.9038006 -0.305686 0.2995007 -0.9483685 0.04280698 0.3142687 -0.8546016 -0.3056819 0.4197794 -0.8967419 0.04281604 0.440478 -0.7894828 -0.3056801 0.5322374 -0.8284116 0.04280799 0.5584816 -0.7096562 -0.305679 0.6347822 -0.7446486 0.04281425 0.6660822 -0.6166092 -0.3056826 0.7255007 -0.6470142 0.04281312 0.7612751 -0.5120788 -0.3056794 0.8027052 -0.5373276 0.04281079 0.8422864 -0.3980064 -0.3056814 0.8649566 -0.4176331 0.04281389 0.9076066 -0.276523 -0.3056797 0.9110956 -0.290157 0.04281187 0.956021 -0.1498838 -0.3056808 0.9402628 -0.1572756 0.04281258 0.9866263 -0.02045661 -0.3056804 0.9519145 -0.02146518 0.04281288 0.9988526 0.1093516 -0.3056806 0.9458339 0.114744 0.04281258 0.9924721 0.2371238 -0.3056802 0.9221345 0.2488182 0.04281431 0.9676036 0.3604795 -0.3056806 0.8812571 0.3782567 0.04281336 0.9247102 0.4771213 -0.3056815 0.8239625 0.5006481 0.04281324 0.8645915 0.5848721 -0.3056809 0.7513214 0.6137123 0.04281461 0.7883681 0.6817288 -0.3056845 0.6646825 0.7153456 0.04281419 0.697458 0.7658879 -0.3056844 0.5656613 0.8036537 0.04281371 0.5935552 0.835779 -0.3056827 0.4561048 0.8769909 0.04281431 0.4785957 0.890102 -0.3056772 0.3380532 0.9339914 0.04281288 0.3547213 0.9278425 -0.3056797 0.2137016 0.9735933 0.04281157 0.2242392 0.9483003 -0.3056774 0.08537042 0.9950589 0.04281669 0.08957952 0.9510915 -0.3056797 -0.04455184 0.9979888 0.04281437 -0.04674839 0.9361655 -0.3056831 -0.1736433 0.9823279 0.04281312 -0.1822063 0.9038006 -0.305686 -0.2995007 0.9483685 0.04280698 -0.3142687 0.8546016 -0.3056819 -0.4197794 0.8967419 0.04281604 -0.440478 0.7894828 -0.3056801 -0.5322374 0.8284116 0.04280799 -0.5584816 0.7096562 -0.305679 -0.6347822 0.7446486 0.04281425 -0.6660822 0.6166092 -0.3056826 -0.7255007 0.6470142 0.04281312 -0.7612751 0.5120788 -0.3056794 -0.8027052 0.5373276 0.04281079 -0.8422864 0.3980064 -0.3056814 -0.8649566 0.4176331 0.04281389 -0.9076066 0.276523 -0.3056797 -0.9110956 0.290157 0.04281187 -0.956021 0.1498838 -0.3056808 -0.9402628 0.1572756 0.04281258 -0.9866263 0.02045661 -0.3056804 -0.9519145 0.02146518 0.04281288 -0.9988526 -0.1093516 -0.3056806 -0.9458339 -0.114744 0.04281258 -0.9924721 -0.2371238 -0.3056802 -0.9221345 -0.2488182 0.04281431 -0.9676036 -0.3604795 -0.3056806 -0.8812571 -0.3782567 0.04281336 -0.9247102 -0.4771213 -0.3056815 -0.8239625 -0.5006481 0.04281324 -0.8645915 -0.5848721 -0.3056809 -0.7513214 -0.6137123 0.04281461 -0.7883681 -0.6817288 -0.3056845 -0.6646825 -0.7153456 0.04281419 -0.697458 -0.1309389 -0.9508779 0.280511 -0.3865305 -0.406066 0.8280728 -0.09474879 -0.9508774 0.2947114 -0.2796984 -0.4060669 0.8699877 -0.05706471 -0.950877 0.3042641 -0.1684546 -0.4060624 0.8981851 -0.01848018 -0.9508764 0.3090189 -0.05455338 -0.4060673 0.9122135 0.02039545 -0.9508771 0.3088962 0.0602076 -0.4060663 0.9118582 0.05894941 -0.9508776 0.3039025 0.1740197 -0.4060648 0.8971224 0.09657472 -0.9508762 0.2941224 0.2850872 -0.4060646 0.8682378 0.1326754 -0.9508774 0.2796954 0.3916568 -0.4060677 0.8256598 0.1666849 -0.950877 0.2608621 0.4920515 -0.4060673 0.7700615 0.1980656 -0.9508774 0.2379124 0.5846856 -0.4060634 0.7023214 0.2263213 -0.9508773 0.211214 0.6681002 -0.4060592 0.6235046 0.2510097 -0.9508768 0.1811832 0.7409818 -0.4060513 0.5348536 0.2717413 -0.9508759 0.1482958 0.8021675 -0.4060677 0.4377628 0.2881821 -0.950877 0.1130669 0.8507083 -0.4060679 0.3337732 0.3000807 -0.950877 0.07605713 0.8858367 -0.4060596 0.2245197 0.3072471 -0.950877 0.03784686 0.9069877 -0.406068 0.1117241 0.3095678 -0.950877 -9.59476e-4 0.9138423 -0.4060596 -0.002832233 0.3070035 -0.9508779 -0.03975009 0.9062776 -0.4060679 -0.1173444 0.2996066 -0.9508759 -0.07791697 0.8844242 -0.406068 -0.2300058 0.2874729 -0.9508779 -0.1148506 0.8486231 -0.4060679 -0.3390393 0.2708115 -0.9508779 -0.1499748 0.7994388 -0.4060681 -0.4427263 0.2498816 -0.9508768 -0.1827368 0.7376455 -0.4060681 -0.539433 0.2250083 -0.9508771 -0.2126125 0.664221 -0.4060682 -0.6276298 0.1965875 -0.950876 -0.2391405 0.5803186 -0.4060717 -0.7059292 0.1650642 -0.9508772 -0.2618904 0.4872689 -0.4060634 -0.7730987 0.1309389 -0.9508779 -0.280511 0.3865305 -0.406066 -0.8280728 0.09474879 -0.9508774 -0.2947114 0.2796984 -0.4060669 -0.8699877 0.05706471 -0.950877 -0.3042641 0.1684546 -0.4060624 -0.8981851 0.01848018 -0.9508764 -0.3090189 0.05455338 -0.4060673 -0.9122135 -0.02039545 -0.9508771 -0.3088962 -0.0602076 -0.4060663 -0.9118582 -0.05894941 -0.9508776 -0.3039025 -0.1740197 -0.4060648 -0.8971224 -0.09657472 -0.9508762 -0.2941224 -0.2850872 -0.4060646 -0.8682378 -0.1326754 -0.9508774 -0.2796954 -0.3916568 -0.4060677 -0.8256598 -0.1666849 -0.950877 -0.2608621 -0.4920515 -0.4060673 -0.7700615 -0.1980656 -0.9508774 -0.2379124 -0.5846856 -0.4060634 -0.7023214 -0.2263213 -0.9508773 -0.211214 -0.6681002 -0.4060592 -0.6235046 -0.2510097 -0.9508768 -0.1811832 -0.7409818 -0.4060513 -0.5348536 -0.2717413 -0.9508759 -0.1482958 -0.8021675 -0.4060677 -0.4377628 -0.2881821 -0.950877 -0.1130669 -0.8507083 -0.4060679 -0.3337732 -0.3000807 -0.950877 -0.07605713 -0.8858367 -0.4060596 -0.2245197 -0.3072471 -0.950877 -0.03784686 -0.9069877 -0.406068 -0.1117241 -0.3095678 -0.950877 9.59476e-4 -0.9138423 -0.4060596 0.002832233 -0.3070035 -0.9508779 0.03975009 -0.9062776 -0.4060679 0.1173444 -0.2996066 -0.9508759 0.07791697 -0.8844242 -0.406068 0.2300058 -0.2874729 -0.9508779 0.1148506 -0.8486231 -0.4060679 0.3390393 -0.2708115 -0.9508779 0.1499748 -0.7994388 -0.4060681 0.4427263 -0.2498816 -0.9508768 0.1827368 -0.7376455 -0.4060681 0.539433 -0.2250083 -0.9508771 0.2126125 -0.664221 -0.4060682 0.6276298 -0.1965875 -0.950876 0.2391405 -0.5803186 -0.4060717 0.7059292 -0.1650642 -0.9508772 0.2618904 -0.4872689 -0.4060634 0.7730987 -0.487267 -0.4060674 0.7730978 -0.1650645 -0.950877 0.2618905 -0.5803216 -0.406066 0.7059301 -0.1965866 -0.9508767 0.2391386 -0.6642232 -0.4060614 0.627632 -0.2250087 -0.9508765 0.2126144 -0.7376485 -0.4060611 0.5394341 -0.2498841 -0.9508761 0.1827367 -0.799444 -0.4060529 0.4427307 -0.2708145 -0.9508767 0.1499766 -0.8486222 -0.4060697 0.3390397 -0.2874785 -0.9508758 0.1148533 -0.8844271 -0.4060614 0.2300064 -0.2996037 -0.950877 0.07791543 -0.9062805 -0.4060612 0.1173452 -0.3070067 -0.9508768 0.03975141 -0.9138341 -0.4060779 0.002832353 -0.3095681 -0.9508768 9.59692e-4 -0.906987 -0.4060696 -0.1117243 -0.3072532 -0.9508749 -0.03784811 -0.8858323 -0.4060697 -0.2245188 -0.300081 -0.9508768 -0.07605719 -0.8507114 -0.4060615 -0.333773 -0.2881798 -0.9508779 -0.1130657 -0.8021698 -0.4060614 -0.4377648 -0.2717387 -0.9508767 -0.1482964 -0.7409754 -0.4060699 -0.5348482 -0.2510048 -0.9508787 -0.1811804 -0.6680954 -0.4060778 -0.6234978 -0.226322 -0.9508773 -0.2112127 -0.5846856 -0.40607 -0.7023175 -0.1980652 -0.9508768 -0.2379148 -0.4920512 -0.4060614 -0.7700648 -0.166685 -0.9508767 -0.2608636 -0.3916563 -0.4060637 -0.825662 -0.1326761 -0.9508762 -0.279699 -0.2850856 -0.4060671 -0.8682372 -0.09657442 -0.9508768 -0.2941203 -0.1740178 -0.4060661 -0.8971222 -0.05894958 -0.9508767 -0.3039056 -0.06020557 -0.4060652 -0.9118588 -0.02039515 -0.9508768 -0.3088969 0.05455279 -0.4060674 -0.9122135 0.0184803 -0.9508764 -0.3090186 0.1684541 -0.4060677 -0.8981828 0.05706453 -0.9508759 -0.3042672 0.2796984 -0.4060629 -0.8699895 0.09474927 -0.9508765 -0.2947142 0.3865316 -0.4060651 -0.8280728 0.1309398 -0.9508764 -0.2805158 0.487267 -0.4060674 -0.7730978 0.1650645 -0.950877 -0.2618905 0.5803216 -0.406066 -0.7059301 0.1965866 -0.9508767 -0.2391386 0.6642232 -0.4060614 -0.627632 0.2250087 -0.9508765 -0.2126144 0.7376485 -0.4060611 -0.5394341 0.2498841 -0.9508761 -0.1827367 0.799444 -0.4060529 -0.4427307 0.2708145 -0.9508767 -0.1499766 0.8486222 -0.4060697 -0.3390397 0.2874785 -0.9508758 -0.1148533 0.8844271 -0.4060614 -0.2300064 0.2996037 -0.950877 -0.07791543 0.9062805 -0.4060612 -0.1173452 0.3070067 -0.9508768 -0.03975141 0.9138341 -0.4060779 -0.002832353 0.3095681 -0.9508768 -9.59692e-4 0.906987 -0.4060696 0.1117243 0.3072532 -0.9508749 0.03784811 0.8858323 -0.4060697 0.2245188 0.300081 -0.9508768 0.07605719 0.8507114 -0.4060615 0.333773 0.2881798 -0.9508779 0.1130657 0.8021698 -0.4060614 0.4377648 0.2717387 -0.9508767 0.1482964 0.7409754 -0.4060699 0.5348482 0.2510048 -0.9508787 0.1811804 0.6680954 -0.4060778 0.6234978 0.226322 -0.9508773 0.2112127 0.5846856 -0.40607 0.7023175 0.1980652 -0.9508768 0.2379148 0.4920512 -0.4060614 0.7700648 0.166685 -0.9508767 0.2608636 0.3916563 -0.4060637 0.825662 0.1326761 -0.9508762 0.279699 0.2850856 -0.4060671 0.8682372 0.09657442 -0.9508768 0.2941203 0.1740178 -0.4060661 0.8971222 0.05894958 -0.9508767 0.3039056 0.06020557 -0.4060652 0.9118588 0.02039515 -0.9508768 0.3088969 -0.05455279 -0.4060674 0.9122135 -0.0184803 -0.9508764 0.3090186 -0.1684541 -0.4060677 0.8981828 -0.05706453 -0.9508759 0.3042672 -0.2796984 -0.4060629 0.8699895 -0.09474927 -0.9508765 0.2947142 -0.3865316 -0.4060651 0.8280728 -0.1309398 -0.9508764 0.2805158 -0.3060678 0 0.9520098 -0.4229729 0 0.9061424 -0.4229723 0 0.9061427 -0.1843357 0 0.9828634 -0.1843369 0 0.9828631 0.06588381 0 0.9978274 0.06588244 0 0.9978275 0.3119621 0 0.9500946 0.3119639 0 0.950094 0.6398089 0 0.7685342 0.7310878 0 0.6822834 0.7310864 0 0.6822849 0.9693495 0 0.2456864 0.9693493 0 0.2456867 0.9917215 0 -0.1284081 0.9678077 0 -0.2516908 0.9678078 0 -0.2516904 0.8071913 0 -0.59029 0.6350325 0 -0.7724856 0.4229729 0 -0.9061424 0.1843369 0 -0.9828631 0.3060669 0 -0.95201 0.3060678 0 -0.9520098 -0.3119639 0 -0.950094 -0.7310864 0 -0.6822849 -0.639809 0 -0.768534 -0.6398089 0 -0.7685342 -0.9693493 0 -0.2456867 -0.9678078 0 0.2516904 -0.9917215 0 0.1284081 -0.8071914 0 0.5902898 -0.8071913 0 0.59029 -0.6350331 0 0.772485 -0.6350325 0 0.7724856 -0.9678077 0 0.2516908 -0.9693495 0 -0.2456864 -0.7310878 0 -0.6822834 -0.3119621 0 -0.9500946 0.1843357 0 -0.9828634 0.4229723 0 -0.9061427 0.6350331 0 -0.772485 0.8071914 0 -0.5902898 0.639809 0 0.768534 -0.3060669 0 0.95201 -0.3908886 0.3820341 0.8374103 -0.1621372 0.9236125 0.3473491 -0.282851 0.3820403 0.8797958 -0.1173242 0.9236121 0.3649325 -0.170353 0.3820345 0.9083114 -0.07066112 0.923613 0.3767573 -0.05516856 0.3820376 0.9224987 -0.02288305 0.9236121 0.3826451 0.06088435 0.3820361 0.9221398 0.02525472 0.9236114 0.3824976 0.1759809 0.3820396 0.9072356 0.07299524 0.9236122 0.3763143 0.2883005 0.3820403 0.8780251 0.1195845 0.9236118 0.3641989 0.396072 0.3820368 0.83497 0.1642882 0.9236122 0.3463379 0.4975978 0.3820416 0.778743 0.2063999 0.9236119 0.3230172 0.5912759 0.3820419 0.7102372 0.2452559 0.9236134 0.2945978 0.6756304 0.3820418 0.6305298 0.2802468 0.9236122 0.2615386 0.7493323 0.3820325 0.540881 0.3108147 0.9236123 0.2243538 0.8112106 0.382041 0.4426987 0.3364824 0.9236128 0.1836271 0.8602991 0.3820415 0.3375351 0.3568472 0.9236114 0.1400079 0.8958234 0.3820323 0.2270507 0.3715775 0.9236128 0.09417861 0.9172164 0.3820322 0.1129847 0.3804549 0.9236114 0.04686504 0.9241409 0.3820413 -0.002864181 0.3833249 0.9236128 -0.001188278 0.9164948 0.3820413 -0.1186673 0.3801534 0.9236128 -0.04922229 0.8944022 0.3820232 -0.2326003 0.3709865 0.9236128 -0.09647977 0.8581938 0.3820323 -0.3428627 0.355962 0.9236159 -0.1422142 0.8084543 0.3820321 -0.44772 0.3353407 0.9236112 -0.1857117 0.7459622 0.3820416 -0.5455133 0.3094182 0.9236127 -0.2262742 0.6717103 0.382037 -0.6347072 0.2786197 0.9236118 -0.2632724 0.5868625 0.3820413 -0.7138887 0.2434278 0.9236115 -0.2961161 0.4927618 0.3820369 -0.7818144 0.2043925 0.923612 -0.3242912 0.3908886 0.3820341 -0.8374103 0.1621372 0.9236125 -0.3473491 0.282851 0.3820403 -0.8797958 0.1173242 0.9236121 -0.3649325 0.170353 0.3820345 -0.9083114 0.07066112 0.923613 -0.3767573 0.05516856 0.3820376 -0.9224987 0.02288305 0.9236121 -0.3826451 -0.06088435 0.3820361 -0.9221398 -0.02525472 0.9236114 -0.3824976 -0.1759809 0.3820396 -0.9072356 -0.07299524 0.9236122 -0.3763143 -0.2883005 0.3820403 -0.8780251 -0.1195845 0.9236118 -0.3641989 -0.396072 0.3820368 -0.83497 -0.1642882 0.9236122 -0.3463379 -0.4975978 0.3820416 -0.778743 -0.2063999 0.9236119 -0.3230172 -0.5912759 0.3820419 -0.7102372 -0.2452559 0.9236134 -0.2945978 -0.6756304 0.3820418 -0.6305298 -0.2802468 0.9236122 -0.2615386 -0.7493323 0.3820325 -0.540881 -0.3108147 0.9236123 -0.2243538 -0.8112106 0.382041 -0.4426987 -0.3364824 0.9236128 -0.1836271 -0.8602991 0.3820415 -0.3375351 -0.3568472 0.9236114 -0.1400079 -0.8958234 0.3820323 -0.2270507 -0.3715775 0.9236128 -0.09417861 -0.9172164 0.3820322 -0.1129847 -0.3804549 0.9236114 -0.04686504 -0.9241409 0.3820413 0.002864181 -0.3833249 0.9236128 0.001188278 -0.9164948 0.3820413 0.1186673 -0.3801534 0.9236128 0.04922229 -0.8944022 0.3820232 0.2326003 -0.3709865 0.9236128 0.09647977 -0.8581938 0.3820323 0.3428627 -0.355962 0.9236159 0.1422142 -0.8084543 0.3820321 0.44772 -0.3353407 0.9236112 0.1857117 -0.7459622 0.3820416 0.5455133 -0.3094182 0.9236127 0.2262742 -0.6717103 0.382037 0.6347072 -0.2786197 0.9236118 0.2632724 -0.5868625 0.3820413 0.7138887 -0.2434278 0.9236115 0.2961161 -0.4927618 0.3820369 0.7818144 -0.2043925 0.923612 0.3242912 -0.2043932 0.9236124 0.3242896 -0.4927622 0.3820381 0.7818135 -0.2434244 0.9236138 0.2961118 -0.5868628 0.3820376 0.7138904 -0.2786208 0.9236122 0.2632697 -0.6717109 0.3820384 0.6347057 -0.3094186 0.9236123 0.2262752 -0.745965 0.3820337 0.545515 -0.335342 0.9236109 0.1857116 -0.8084499 0.3820428 0.4477189 -0.3559738 0.9236108 0.1422172 -0.8581895 0.3820427 0.3428621 -0.3709838 0.9236139 0.09647971 -0.894398 0.3820338 0.2325993 -0.3801544 0.9236125 0.04922211 -0.9164978 0.3820336 0.118668 -0.3833259 0.9236125 0.00118792 -0.924144 0.3820337 0.002864778 -0.3804523 0.9236125 -0.04686439 -0.9172083 0.3820518 -0.1129834 -0.3715822 0.9236109 -0.09417921 -0.895819 0.3820427 -0.2270503 -0.3568484 0.9236108 -0.1400084 -0.8603017 0.3820336 -0.3375375 -0.3364836 0.9236124 -0.1836276 -0.8112138 0.3820337 -0.4426992 -0.3108156 0.9236127 -0.2243509 -0.7493312 0.3820336 -0.5408818 -0.2802473 0.9236118 -0.2615392 -0.6756298 0.3820421 -0.6305302 -0.2452553 0.9236131 -0.2945995 -0.5912791 0.3820328 -0.7102395 -0.2063996 0.9236128 -0.3230149 -0.4975988 0.3820381 -0.7787442 -0.1642881 0.9236118 -0.3463389 -0.3960725 0.3820402 -0.8349681 -0.1195832 0.9236133 -0.3641954 -0.2882981 0.3820361 -0.8780276 -0.07299548 0.9236117 -0.3763152 -0.1759814 0.3820409 -0.907235 -0.02525562 0.9236122 -0.3824954 -0.06088602 0.3820397 -0.9221381 0.02288371 0.9236137 -0.3826408 0.05516779 0.3820338 -0.9225003 0.0706613 0.9236119 -0.3767598 0.1703537 0.3820377 -0.90831 0.1173238 0.9236128 -0.3649311 0.2828524 0.3820352 -0.8797976 0.162137 0.9236122 -0.3473505 0.3908875 0.3820428 -0.8374069 0.2043932 0.9236124 -0.3242896 0.4927622 0.3820381 -0.7818135 0.2434244 0.9236138 -0.2961118 0.5868628 0.3820376 -0.7138904 0.2786208 0.9236122 -0.2632697 0.6717109 0.3820384 -0.6347057 0.3094186 0.9236123 -0.2262752 0.745965 0.3820337 -0.545515 0.335342 0.9236109 -0.1857116 0.8084499 0.3820428 -0.4477189 0.3559738 0.9236108 -0.1422172 0.8581895 0.3820427 -0.3428621 0.3709838 0.9236139 -0.09647971 0.894398 0.3820338 -0.2325993 0.3801544 0.9236125 -0.04922211 0.9164978 0.3820336 -0.118668 0.3833259 0.9236125 -0.00118792 0.924144 0.3820337 -0.002864778 0.3804523 0.9236125 0.04686439 0.9172083 0.3820518 0.1129834 0.3715822 0.9236109 0.09417921 0.895819 0.3820427 0.2270503 0.3568484 0.9236108 0.1400084 0.8603017 0.3820336 0.3375375 0.3364836 0.9236124 0.1836276 0.8112138 0.3820337 0.4426992 0.3108156 0.9236127 0.2243509 0.7493312 0.3820336 0.5408818 0.2802473 0.9236118 0.2615392 0.6756298 0.3820421 0.6305302 0.2452553 0.9236131 0.2945995 0.5912791 0.3820328 0.7102395 0.2063996 0.9236128 0.3230149 0.4975988 0.3820381 0.7787442 0.1642881 0.9236118 0.3463389 0.3960725 0.3820402 0.8349681 0.1195832 0.9236133 0.3641954 0.2882981 0.3820361 0.8780276 0.07299548 0.9236117 0.3763152 0.1759814 0.3820409 0.907235 0.02525562 0.9236122 0.3824954 0.06088602 0.3820397 0.9221381 -0.02288371 0.9236137 0.3826408 -0.05516779 0.3820338 0.9225003 -0.0706613 0.9236119 0.3767598 -0.1703537 0.3820377 0.90831 -0.1173238 0.9236128 0.3649311 -0.2828524 0.3820352 0.8797976 -0.162137 0.9236122 0.3473505 -0.3908875 0.3820428 0.8374069 0 1 -5.5004e-7 0 1 8.27072e-7 0 1 -5.86848e-7 0 1 -8.87641e-7 0 1 8.37456e-7 0 1 4.43894e-7 0 1 -2.76361e-7 0 1 5.5004e-7 0 1 -8.37456e-7 0 1 -4.35126e-7 0 1 2.78055e-7 0 1 6.35273e-7 0 1 8.87641e-7 0 1 -2.15872e-7 0 1 2.13932e-7 0 1 -8.27072e-7 0 1 -4.02071e-7 0 1 2.76361e-7 0 1 2.15872e-7 0 1 -4.43819e-7 0 1 -2.78055e-7 0 1 -6.35273e-7 0 1 -2.13932e-7 0 1 5.70805e-7 0 1 4.43819e-7 0 1 4.35126e-7 0.1284072 0 0.9917215 0.5808727 -0.02756071 0.8135277 0.4462211 0.03227221 0.8943408 0.6014188 0 0.7989339 0.8464465 -0.02359455 0.5319509 0.9007694 0 0.4342976 0.8770017 -0.004246652 0.4804686 0.759914 0.01181977 0.6499162 0.9951185 0.03249198 0.0931856 0.9595586 0 0.2815092 0.9974551 0 0.07129853 0.9517832 0.03124862 -0.3051758 0.9905444 0 -0.1371929 0.8369556 -0.04806876 -0.5451558 0.805384 -0.02754294 -0.5921133 0.7520976 -0.007912218 -0.6590042 0.6829457 -2.83515e-4 -0.7304691 0.7453081 0.01127368 -0.666625 0.7097209 0.003730237 -0.7044732 0.6887171 -7.40623e-4 -0.7250298 0.6246153 1.51346e-4 -0.7809327 0.5453048 -0.001931905 -0.8382357 0.3543062 0.004553616 -0.9351184 0.4599758 -5.63661e-4 -0.8879312 0.5770297 0.001377522 -0.816722 0.3900902 -4.55236e-4 -0.9207766 0.2213059 0 -0.9752045 0.2283003 -0.001028418 -0.9735902 0.2294605 -0.02404028 -0.9730211 0.1503664 -0.007523059 -0.9886018 -0.07578349 -4.15413e-4 -0.9971242 0.03355908 -0.001197993 -0.9994361 0.1909734 0.002768158 -0.9815914 -0.02860945 0.007156908 -0.9995651 -0.2916379 0.009242892 -0.9564842 -0.4594575 1.49613e-5 -0.8881999 -0.2320377 -0.007370948 -0.972679 -0.1543543 2.53507e-4 -0.9880156 -0.6741201 -0.03409492 -0.7378345 -0.7883031 1.41773e-5 -0.6152871 -0.6869339 -0.0238465 -0.7263286 -0.9227082 -0.0262801 -0.3846024 -0.9246501 -0.02925968 -0.3796922 -0.9732254 -8.98286e-6 -0.2298533 -0.9995162 -0.02120977 0.02275347 -0.9979772 -0.03864568 0.05047833 -0.9803602 2.98047e-6 0.1972161 -0.9525212 -4.66174e-6 0.3044725 -0.8719768 0.009878575 0.4894477 -0.8763241 0.01249361 0.48156 -0.8249509 -5.69583e-4 0.5652043 -0.5810573 0.01228201 0.81377 -0.7472645 -0.009469687 0.6644592 -0.719576 0.001447319 0.6944124 -0.6941491 -0.02403992 0.7194297 -0.7003986 0 0.713752 -0.5825328 3.11316e-4 0.8128073 -0.6442294 -0.01083511 0.7647557 -0.2266153 0.01306688 0.9738967 -0.3428207 -3.67292e-4 0.9394009 -0.3255769 0.007365345 0.9454869 -0.2034984 -0.02014881 0.978868 -0.3320615 0.03588521 0.9425749 -0.2254212 -0.03138589 0.9737558 -0.1881836 0.001640498 0.9821326 -0.3556849 -0.030128 0.9341203 -0.4764542 0.03433251 0.8785288 -0.9430432 -0.008063435 0.3325728 -0.992637 -1.29487e-5 -0.1211272 -0.8513119 1.9446e-5 -0.5246602 -0.5546511 2.16696e-5 -0.8320832 -0.4285955 -0.00865525 -0.9034551 0.2689388 4.86844e-5 -0.9631574 0.6360844 -0.004945695 -0.7716037 0.7883136 -0.001480579 -0.6152719 0.9720295 0.001461207 -0.2348544 0.9639092 -0.02915436 0.2646303 0.7562263 0 0.6543102 0.4202805 0 0.9073943 0.13467 -0.002804219 0.9908866 -0.05329608 -0.01036536 0.998525 -0.08000552 0.9793785 0.1855178 -0.04455441 0.9793784 0.197061 -0.007586002 0.9793785 0.2018918 0.02964073 0.9793784 0.1998486 0.06585824 0.9793785 0.1909985 0.09983265 0.9793784 0.1756458 0.1304078 0.9793785 0.1543102 0.156542 0.9793784 0.1277212 0.1921087 0.9793784 0.06254696 0.2003303 0.9793785 0.02618181 0.2017312 0.9793784 -0.01107436 0.1962607 0.9793785 -0.04795384 0.1841081 0.9793784 -0.08320015 0.1656851 0.9793784 -0.1156138 0.1416202 0.9793784 -0.14409 0.1127324 0.9793784 -0.1676583 0.08000552 0.9793785 -0.1855178 0.04455441 0.9793784 -0.197061 0.007586002 0.9793785 -0.2018918 -0.02964073 0.9793784 -0.1998486 -0.06585824 0.9793785 -0.1909985 -0.09983265 0.9793784 -0.1756458 -0.1304078 0.9793785 -0.1543102 -0.156542 0.9793784 -0.1277212 -0.177345 0.9793785 -0.09678155 -0.1921087 0.9793784 -0.06254696 -0.2003303 0.9793785 -0.02618181 -0.2017312 0.9793784 0.01107436 -0.1962607 0.9793785 0.04795384 -0.1841081 0.9793784 0.08320015 -0.1656851 0.9793784 0.1156138 -0.1416202 0.9793784 0.14409 -0.1127324 0.9793784 0.1676583 -0.2267825 0.8197745 0.5258702 -0.1262928 0.8197749 0.558587 -0.02150255 0.8197753 0.5722815 0.08402001 0.8197749 0.5664891 0.1866811 0.8197747 0.5414054 0.2829845 0.819775 0.4978845 0.3696518 0.8197758 0.4374074 0.443732 0.8197751 0.3620372 0.544551 0.8197748 0.1772949 0.5678579 0.8197741 0.07421469 0.5718265 0.8197738 -0.03139245 0.5563209 0.8197743 -0.1359307 0.5218679 0.8197768 -0.2358388 0.4696462 0.8197774 -0.3277156 0.4014354 0.8197743 -0.4084357 0.3195497 0.8197747 -0.4752448 0.2267825 0.8197745 -0.5258702 0.1262928 0.8197749 -0.558587 0.02150255 0.8197753 -0.5722815 -0.08402001 0.8197749 -0.5664891 -0.1866811 0.8197747 -0.5414054 -0.2829845 0.819775 -0.4978845 -0.3696518 0.8197758 -0.4374074 -0.443732 0.8197751 -0.3620372 -0.5027027 0.8197736 -0.2743381 -0.544551 0.8197748 -0.1772949 -0.5678579 0.8197741 -0.07421469 -0.5718265 0.8197738 0.03139245 -0.5563209 0.8197743 0.1359307 -0.5218679 0.8197768 0.2358388 -0.4696462 0.8197774 0.3277156 -0.4014354 0.8197743 0.4084357 -0.3195497 0.8197747 0.4752448 -0.3363663 0.5277292 0.7799741 -0.187319 0.527729 0.8285009 -0.03189361 0.5277293 0.8488137 0.124618 0.5277292 0.8402216 0.2768871 0.5277272 0.8030179 0.4197271 0.5277289 0.7384657 0.5482729 0.5277283 0.6487678 0.6682434 0.5283464 0.5237374 0.6832991 0.4714876 0.5574961 0.8076845 0.5277263 0.2629653 0.8422505 0.5277287 0.110076 0.8457406 0.5286312 -0.0726096 0.8909085 0.4515419 -0.04890948 0.8251377 0.5277315 -0.2016123 0.7740446 0.5277262 -0.3498001 0.6764647 0.5288159 -0.5125907 0.7350756 0.4433592 -0.5129293 0.568975 0.5288714 -0.6297321 0.6287852 0.441983 -0.6397502 0.4415275 0.5289258 -0.7247697 0.5007151 0.4412946 -0.7446768 0.3553541 0.441296 -0.8240032 0.2985996 0.5289755 -0.7943698 0.1978181 0.4419842 -0.8749388 0.1452057 0.52902 -0.836094 0.03365582 0.4433578 -0.8957126 -0.01327306 0.5290639 -0.8484783 -0.124618 0.5277292 -0.8402216 -0.2768871 0.5277272 -0.8030179 -0.4408957 0.4515355 -0.7757104 -0.4639 0.5291754 -0.7104719 -0.5482729 0.5277283 -0.6487678 -0.658148 0.5277295 -0.5369756 -0.7456107 0.527729 -0.4068991 -0.8076845 0.5277263 -0.2629653 -0.8422505 0.5277287 -0.110076 -0.8481364 0.527728 0.04656153 -0.8251377 0.5277315 0.2016123 -0.7740446 0.5277262 0.3498001 -0.696588 0.5277295 0.4860728 -0.5954133 0.5277264 0.6057953 -0.4739601 0.5277285 0.7048861 0.7967546 0.4915537 0.351507 0.7414956 0.5273362 0.4148504 0.6224449 0.7327957 0.2749052 0.4856522 0.8174312 0.3097552 0.4798144 0.8399592 0.2534696 0.2990141 0.9521745 0.06288367 0.2129651 0.9739971 0.07730233 0.1278706 0.9897942 0.06290179 0.009137034 0.9999429 0.005557894 0.05837935 0.9976974 0.03452461 0.02691191 0.9995519 0.01311206 0.01319813 0.9998726 0.008985042 0.1830063 0.979539 0.08373844 0.2150812 0.951686 0.2191665 0.1810249 0.9737492 0.1379948 0.1071873 0.9925799 0.05741214 0.5255383 0.8170868 0.2370204 0.4691554 0.8431751 0.2625813 0.3633892 0.9009182 0.2372652 0.7614641 0.5261064 0.3786616 0.6405115 0.6408439 0.4231597 0.735042 0.4734036 0.4853887 0.5621486 0.7392885 0.3707311 0.1695614 0.9795382 0.1084158 0.3929231 0.9025968 0.1758707 0.6901521 0.6564944 0.3044754 -0.4739593 0.5277278 0.7048873 -0.5954123 0.5277275 0.6057953 -0.6965885 0.5277284 0.4860733 -0.7740424 0.5277305 0.3497984 -0.8251388 0.527729 0.2016133 -0.8481346 0.5277307 0.04656112 -0.8422505 0.5277286 -0.110076 -0.8076823 0.5277304 -0.2629641 -0.7456102 0.5277301 -0.4068986 -0.6581484 0.5277286 -0.5369762 -0.5482731 0.5277275 -0.6487684 -0.3965241 0.5286334 -0.7505435 -0.2768874 0.5277291 -0.8030166 -0.1246197 0.5277292 -0.8402214 0.06508219 0.5288168 -0.8462371 0.2217561 0.5288733 -0.8192176 0.3706345 0.5289256 -0.7634578 0.5064997 0.5289739 -0.6809147 0.6245844 0.5290183 -0.5744859 0.7207449 0.5290616 -0.447907 0.7740424 0.5277305 -0.3497984 0.8251388 0.527729 -0.2016133 0.8484939 0.5291743 0.005732834 0.8422505 0.5277286 0.110076 0.8076823 0.5277304 0.2629641 0.6166434 0.5292847 0.5827596 0.5482731 0.5277275 0.6487684 0.4197273 0.5277263 0.7384673 0.2768874 0.5277291 0.8030166 0.1246197 0.5277292 0.8402214 -0.03189402 0.5277279 0.8488146 -0.1873202 0.5277289 0.8285006 -0.3363661 0.527729 0.7799744 -0.3195495 0.8197761 0.4752425 -0.4014329 0.8197768 0.408433 -0.4696506 0.8197739 0.3277181 -0.5218712 0.8197749 0.2358387 -0.5563213 0.8197742 0.1359302 -0.5718221 0.819777 0.03139191 -0.5678552 0.8197761 -0.07421463 -0.5445505 0.8197755 -0.1772939 -0.5027004 0.8197758 -0.2743356 -0.4437325 0.8197752 -0.3620364 -0.3696527 0.8197758 -0.4374066 -0.2829854 0.8197755 -0.497883 -0.1866808 0.8197766 -0.5414026 -0.08401912 0.8197752 -0.5664888 0.02150315 0.8197754 -0.5722815 0.1262937 0.8197758 -0.5585854 0.2267832 0.8197754 -0.5258687 0.3195495 0.8197761 -0.4752425 0.4014329 0.8197768 -0.408433 0.4696506 0.8197739 -0.3277181 0.5218712 0.8197749 -0.2358387 0.5563213 0.8197742 -0.1359302 0.5718221 0.819777 -0.03139191 0.5678552 0.8197761 0.07421463 0.5445505 0.8197755 0.1772939 0.4437325 0.8197752 0.3620364 0.3696527 0.8197758 0.4374066 0.2829854 0.8197755 0.497883 0.1866808 0.8197766 0.5414026 0.08401912 0.8197752 0.5664888 -0.02150315 0.8197754 0.5722815 -0.1262937 0.8197758 0.5585854 -0.2267832 0.8197754 0.5258687 -0.1127323 0.9793782 0.1676599 -0.1416202 0.9793784 0.1440895 -0.1656859 0.9793782 0.1156139 -0.1841085 0.9793782 0.0832014 -0.1962611 0.9793784 0.04795426 -0.2017309 0.9793784 0.01107507 -0.2003318 0.9793783 -0.02618169 -0.1921089 0.9793784 -0.06254667 -0.1773448 0.9793785 -0.09678149 -0.1565422 0.9793784 -0.1277207 -0.1304082 0.9793783 -0.1543113 -0.09983307 0.9793784 -0.1756453 -0.06585836 0.9793783 -0.1910001 -0.02964097 0.9793787 -0.1998477 0.007585704 0.9793783 -0.201893 0.04455435 0.9793782 -0.1970617 0.0800057 0.9793784 -0.1855186 0.1127323 0.9793782 -0.1676599 0.1416202 0.9793784 -0.1440895 0.1656859 0.9793782 -0.1156139 0.1841085 0.9793782 -0.0832014 0.1962611 0.9793784 -0.04795426 0.2017309 0.9793784 -0.01107507 0.2003318 0.9793783 0.02618169 0.1921089 0.9793784 0.06254667 0.1565422 0.9793784 0.1277207 0.1304082 0.9793783 0.1543113 0.09983307 0.9793784 0.1756453 0.06585836 0.9793783 0.1910001 0.02964097 0.9793787 0.1998477 -0.007585704 0.9793783 0.201893 -0.04455435 0.9793782 0.1970617 -0.0800057 0.9793784 0.1855186 -0.5438712 -0.4648558 -0.6986511 -0.4922127 -0.4694807 -0.7330175 -0.4461381 -0.4553654 -0.7704564 -0.4202782 -0.4689861 -0.7768 -0.4381068 -0.4583939 -0.7732642 -0.4463678 -0.4520131 -0.7722953 -0.4588523 -0.439404 -0.7722557 -0.4835004 -0.4682311 -0.7395857 -0.7056711 -0.4784504 -0.5226027 -0.7114118 -0.4363378 -0.5509107 -0.7190337 -0.4687769 -0.5130681 -0.6125127 -0.4690232 -0.6362747 -0.6436411 -0.4380766 -0.6275469 -0.6498994 -0.455578 -0.6083415 -0.6599041 -0.4667774 -0.588766 -0.7510797 -0.4696175 -0.464046 -0.7531619 -0.4759726 -0.4540896 -0.750618 -0.4912272 -0.441892 -0.7115664 -0.580777 -0.3954382 -0.7573961 -0.5158258 -0.4003435 -0.7794438 -0.4827285 -0.3993003 -0.789105 -0.4716072 -0.3935734 -0.8106797 -0.4792019 -0.3363988 -0.8443053 -0.4435292 -0.3007168 -0.8263715 -0.4684485 -0.3125163 -0.8020611 -0.4909242 -0.3401346 -0.8252198 -0.4537475 -0.3363418 -0.7285428 -0.546243 -0.4133327 -0.881819 -0.4648584 -0.07938516 -0.8426568 -0.5273289 -0.108875 -0.8632473 -0.4555674 -0.2173992 -0.8496888 -0.4692043 -0.2405748 -0.8793241 -0.4409872 0.1797764 -0.8611077 -0.4960467 0.1114957 -0.8874331 -0.4582495 0.04969817 -0.8911396 -0.4517585 0.04224616 -0.875563 -0.4528834 0.1681846 -0.8977085 -0.4394297 0.03195279 -0.8837388 -0.4679499 -0.005364716 -0.8893293 -0.4553659 0.04165899 -0.882761 -0.4695338 -0.01646631 -0.7930067 -0.4684146 0.3895233 -0.7660747 -0.5530258 0.3275546 -0.8514244 -0.4655442 0.2415475 -0.8530703 -0.4692527 0.2281956 -0.6792476 -0.4471787 0.5819399 -0.6885046 -0.4361944 0.5793929 -0.7112115 -0.4663435 0.5260246 -0.6525499 -0.4831904 0.5837001 -0.7195466 -0.4613444 0.5190511 -0.7465333 -0.4689927 0.471947 -0.7451977 -0.4385111 0.5023829 -0.7296759 -0.4533952 0.5118653 -0.4751695 -0.468415 0.7448499 -0.5796681 -0.4458865 0.6820339 -0.5477355 -0.4635698 0.6964834 -0.6000539 -0.4691487 0.6479467 -0.5911753 -0.4632163 0.6602595 -0.586991 -0.4588409 0.6670132 -0.5821037 -0.4500309 0.6772204 -0.5774656 -0.4346287 0.6911088 -0.2356659 -0.463117 0.8543911 -0.2435826 -0.4586634 0.8545734 -0.2545739 -0.4500463 0.85595 -0.2687318 -0.4346848 0.8595536 -0.2893511 -0.4635569 0.837491 -0.355585 -0.4884029 0.7968826 -0.36932 -0.468415 0.8026146 -0.259957 -0.4458618 0.856522 -0.01930958 -0.4385122 0.8985178 -0.03563231 -0.4533481 0.890621 -0.1378211 -0.4832269 0.8645792 -0.1404942 -0.4684554 0.8722448 -0.1221286 -0.4474413 0.8859351 -0.1149441 -0.436607 0.8922792 -0.05756253 -0.466338 0.8827319 -0.04717212 -0.4613324 0.8859726 0.2668382 -0.468392 0.8422627 0.1390148 -0.5530265 0.8214844 0.2227891 -0.4469206 0.8663874 0.1014717 -0.4684153 0.877662 0.2575591 -0.4655579 0.8467108 0.4461381 -0.4553654 0.7704564 0.4826759 -0.4679581 0.7402967 0.372136 -0.4960463 0.7845081 0.3322815 -0.4528829 0.8273367 0.4381068 -0.4583939 0.7732642 0.3344975 -0.468416 0.8177396 0.3245694 -0.4409868 0.8367709 0.4463678 -0.4520131 0.7722953 0.4588523 -0.439404 0.7722557 0.6325953 -0.4684129 0.6167759 0.5479195 -0.572481 0.6099589 0.4951685 -0.4692709 0.7311587 0.7717375 -0.4412099 0.4579904 0.7642854 -0.4918381 0.417089 0.7301951 -0.4645807 0.5009791 0.7267941 -0.459265 0.510731 0.7242115 -0.4496758 0.52279 0.7223212 -0.4400519 0.5334854 0.6871141 -0.4691551 0.5547683 0.721937 -0.4338904 0.5390233 0.8609677 -0.4684144 0.1982995 0.8439807 -0.4337983 0.3154612 0.8394684 -0.4400511 0.3188227 0.8101524 -0.4618499 0.3610371 0.8084295 -0.4692141 0.3553592 0.8162552 -0.4646934 0.343202 0.8227645 -0.4592482 0.334888 0.8315255 -0.4496485 0.326162 0.8874331 -0.4582495 -0.04969817 0.8911396 -0.4517585 -0.04224616 0.8977085 -0.4394297 -0.03195279 0.883589 -0.4682195 0.00641781 0.8893293 -0.4553659 -0.04165899 0.8797544 -0.4684664 0.08106601 0.881819 -0.4648584 0.07938516 0.8827726 -0.4694812 0.0173189 0.8491637 -0.4469205 -0.2813953 0.8514244 -0.4655442 -0.2415475 0.8839066 -0.4277519 -0.1890439 0.8708752 -0.4687537 -0.1478048 0.8755083 -0.4530858 -0.1679241 0.8782145 -0.4445467 -0.176402 0.865194 -0.475064 -0.1604792 0.8526977 -0.4683884 -0.2313416 0.7039617 -0.4686923 -0.5336343 0.7112115 -0.4663435 -0.5260246 0.7195466 -0.4613444 -0.5190511 0.7446233 -0.5325474 -0.4024047 0.7451977 -0.4385111 -0.5023829 0.793006 -0.4684153 -0.3895235 0.7296759 -0.4533952 -0.5118653 0.5796681 -0.4458865 -0.6820339 0.5477355 -0.4635698 -0.6964834 0.586991 -0.4588409 -0.6670132 0.643262 -0.4655769 -0.6078257 0.6400101 -0.4354028 -0.6330968 0.6391381 -0.5144492 -0.5717033 0.5821037 -0.4500309 -0.6772204 0.5774656 -0.4346287 -0.6911088 0.36932 -0.468415 -0.8026146 0.4751697 -0.4684159 -0.7448492 0.4751701 -0.4684153 -0.7448494 0.1864333 -0.4350194 -0.8809091 0.1348783 -0.5156472 -0.8461182 0.2435826 -0.4586634 -0.8545734 0.2545739 -0.4500463 -0.85595 0.2687318 -0.4346848 -0.8595536 0.2893511 -0.4635569 -0.837491 0.3039767 -0.4692448 -0.8291005 0.259957 -0.4458618 -0.856522 -0.1014701 -0.4684159 -0.8776619 -0.06446009 -0.5325481 -0.8439417 0.03563231 -0.4533481 -0.890621 0.07738018 -0.4693469 -0.879617 0.0681346 -0.4687418 -0.8807036 0.05756253 -0.466338 -0.8827319 0.04717212 -0.4613324 -0.8859726 -0.3322815 -0.4528829 -0.8273367 -0.3266622 -0.4442124 -0.8342465 -0.3331518 -0.4750633 -0.8144477 -0.3192608 -0.427788 -0.845618 -0.2668382 -0.468392 -0.8422627 -0.2064765 -0.4687649 -0.8588521 -0.2227891 -0.4469206 -0.8663874 -0.2575591 -0.4655579 -0.8467108 -0.3468853 -0.4687548 -0.8123667 0.01930958 -0.4385122 -0.8985178 0.1631386 -0.4655776 -0.8698411 0.3693199 -0.4684161 -0.802614 0.5327994 -0.4692468 -0.7042247 0.6980786 -0.4693542 -0.5407338 0.8340004 -0.4687643 -0.2910387 0.8806735 -0.4689848 -0.06683814 0.8325105 -0.5110165 0.2139829 0.7705414 -0.4680868 0.432621 0.5438712 -0.4648558 0.6986511 0.4899726 -0.4692624 0.7346562 0.2743874 -0.4692628 0.8393474 0.007008194 -0.4689923 0.8831745 -0.2202576 -0.4691484 0.8552113 -0.4777815 -0.4884027 0.730197 -0.6575351 -0.4684541 0.5900834 -0.8491637 -0.4469205 0.2813953 -0.868691 -0.4684163 0.1611279 -0.876004 -0.4380743 -0.2017626 -0.7452728 -0.4692733 -0.4736573 -0.7052245 -0.4793344 -0.5223956 -0.5441674 -0.4684673 -0.6960031 -0.5475262 0 0.8367886 -0.4074921 0 0.9132087 -0.4074913 0 0.9132092 -0.5475265 0 0.8367885 -0.9348101 0 0.3551484 -0.8452575 0 0.5343593 -0.8657513 -0.0398159 0.4988883 -0.9164166 0.08151262 0.3918372 -0.04889291 0 -0.9988041 -0.2337492 0 -0.972297 -0.2069704 -0.035874 -0.9776893 -0.07604479 0.05445194 -0.9956165 0.537822 0 -0.8430585 0.5474199 -0.01973086 -0.8366255 0.4074127 -0.01973056 -0.9130311 0.3442223 0 -0.9388882 0.4180154 0 -0.9084399 0.6033511 0 -0.7974758 0.9342084 -0.03587418 -0.3549195 0.8784478 0.054452 -0.4747256 0.8664382 0 -0.4992844 0.9441619 0 -0.3294819 0.9650281 0 0.2621467 0.9957814 0 0.09175759 0.994181 -0.02260869 0.1053235 0.9681587 0.02725946 0.2488488 0.6266378 0 0.7793107 0.7780573 0 0.6281934 0.7421507 -0.03443771 0.6693478 0.6643245 0.1083822 0.7395446 0.04885512 -0.0398156 0.9980121 0.1662963 0.08151394 0.9827009 0.2071037 0 0.978319 0.007935166 0 0.9999685 -0.9917563 0 -0.1281394 -0.9917563 0 -0.1281394 -0.6431746 -0.06047552 -0.7633277 -0.6935237 0 -0.720434 -0.6159353 0 -0.7877968 0.9233741 0 0.3839016 0.7836427 0.00143373 0.6212103 0.4651576 0.027924 0.8847874 0.5353272 -0.03070515 0.8440865 0.4078843 5.93764e-4 0.9130336 0.06447458 0.03839302 0.9971806 0.2001706 -0.04486829 0.9787331 0.05298924 -0.003621995 0.9985886 -0.266387 0.02441 0.9635571 -0.1251831 -0.0215972 0.9918987 -0.2608503 0 0.9653794 -0.1401193 0.002479255 0.9901316 0.2459657 -6.22258e-4 0.9692783 0.5984287 -4.95386e-4 0.801176 0.7641816 0.02885186 0.6443556 0.9339699 -0.03183466 0.3559308 0.768456 0.604242 -0.210635 0.8093568 0.5805851 -0.08867293 0.8119572 0.5806201 0.06004774 0.7615503 0.6413361 0.09343111 0.7003868 0.663751 0.262475 0.4787542 0.8332282 0.276632 0.2484924 0.919108 0.3057647 0.03167921 0.9607546 0.2755848 0.04180133 0.9577162 0.2846621 0.2756142 0.9045134 0.325411 0.5135924 0.7955843 0.3213542 0.6797536 0.6918831 0.2433784 0.8105969 0.5825759 0.05948215 0.8489832 0.5053509 -0.1544278 0.7108588 0.7029526 0.02318471 0.75473 0.6318457 -0.1765047 0.7585166 0.6282957 -0.1729078 0.7165699 0.6970075 0.02661025 -0.09289526 0.9736685 0.2081827 -0.1507228 0.9664407 0.2080267 -0.1515712 0.9486228 0.2777425 -0.1248188 0.9736686 0.1907613 -0.09339982 0.9664402 0.2393115 -0.7661749 -0.02146291 0.6422736 -0.6703739 0 0.7420235 -0.7566946 0.002477228 0.6537638 -0.9327527 -0.04582297 0.3575927 -0.868357 -0.003594279 0.4959267 -0.9485349 3.72941e-4 0.3166725 -0.9995077 -0.03069782 0.006485939 -0.9891726 -3.21006e-4 0.1467564 -0.9975391 -5.00933e-4 -0.07011163 -0.9553512 0.02881753 -0.2940638 -0.8046269 -0.03177845 -0.5929298 -0.822404 0 -0.5689039 -0.946423 0.00142771 -0.3229268 -0.9957924 0.0277971 0.08732074 -0.8745638 0.04196733 0.4830912 -0.6659769 0.02451616 0.7455695 -0.2615178 0.9578015 0.1192684 -0.4225752 0.9046366 -0.05534374 -0.5482088 0.7954747 -0.2582389 -0.599805 0.663544 -0.4471503 -0.5724226 0.6918629 -0.440066 -0.4896334 0.5805957 -0.6505134 -0.4884252 0.5825471 -0.6496766 -0.3294004 0.5053625 -0.7975615 -0.2386207 0.6042308 -0.7602404 -0.3632653 0.5805978 -0.7286595 -0.4904742 0.6412721 -0.590089 -0.4917334 0.8331367 -0.2531436 -0.3913354 0.9192315 -0.04324197 -0.2484888 0.960809 0.1228798 -0.2647179 0.6280579 -0.7317566 -0.4096612 0.6969247 -0.5886201 -0.4041592 0.7024098 -0.5858975 -0.2596633 0.6315895 -0.7305271 -0.20842 -0.9610361 0.1815787 -0.07460498 -0.9937376 0.08318513 -0.06897056 -0.9943358 0.08086699 -0.0216723 -0.9995555 0.02047646 -0.4239566 -0.819256 0.3861094 -0.3443921 -0.8788298 0.3302307 -0.3175232 -0.9010831 0.2953445 -0.6511 -0.4844084 0.5843092 -0.59676 -0.5862466 0.5478982 -0.5889644 -0.582398 0.5602977 -0.5183659 -0.7009878 0.4898092 -0.4831584 -0.7470757 0.4565477 -0.4831547 -0.7470794 0.4565457 -0.5872716 -0.5892166 0.5549198 -0.5183644 -0.7009888 0.4898093 -0.5891543 -0.4981719 0.6361776 -0.4313617 -0.8048535 0.4076002 -0.2265534 -0.9465993 0.229398 0.5213727 0 0.853329 0.2688417 0.001427233 0.9631834 -0.1437278 0.02792167 0.9892234 -0.06305378 -0.03070092 0.9975379 -0.2066803 5.95407e-4 0.9784084 -0.5339674 0.03839206 0.844633 -0.413331 -0.04486876 0.9094749 -0.5440936 -0.003622293 0.8390168 -0.7818746 0.02440905 0.6229578 -0.6842882 -0.0215981 0.7288918 -0.7784741 0 0.6276767 -0.6953527 0.002481102 0.7186645 -0.3707328 -6.22922e-4 0.9287394 0.0131995 -4.9275e-4 0.9999128 0.2394902 0.02885448 0.97047 0.546386 -0.03183346 0.8369284 0 -1 -5.06441e-7 0 -1 5.06442e-7 -0.6868034 0 -0.7268434 -0.6868036 -2.06564e-6 -0.7268431 -0.6867926 0 -0.7268536 -0.6868034 0 -0.7268433 -0.6868031 0 -0.7268437 -0.6868035 0 -0.7268432 -0.6868031 1.23541e-6 -0.7268435 -0.6868035 1.29687e-6 -0.7268432 -0.6868028 -8.69929e-7 -0.7268438 -0.6868029 0 -0.7268437 -0.242138 0.9663556 0.0867533 -0.2179802 0.9678362 0.1256102 -0.2567924 0.9562289 0.1403002 -0.2120753 0.9664729 0.1447558 -0.2193151 0.9720899 0.08332061 -0.9999502 -0.00229156 0.009720683 -0.9784929 0 0.2062807 -0.9967441 0.01858311 0.07845932 -0.9736637 -0.02670705 -0.2264195 -0.9537738 -6.16278e-4 -0.300525 -0.8124309 -0.03069525 -0.5822492 -0.8884777 5.98628e-4 -0.4589195 -0.7658144 -4.98976e-4 -0.6430615 -0.600049 0.02881878 -0.799444 -0.3024427 -0.03177732 -0.9526378 -0.3309426 0 -0.9436509 -0.5758618 0.001426279 -0.8175458 -0.8569384 0.02779829 -0.5146686 -0.9919169 0.03832209 -0.1209645 -0.9767107 0.00131613 0.2145568 -0.2816752 0.9578022 -0.05721932 -0.3093394 0.9046375 -0.2931558 -0.291722 0.7954746 -0.5311483 -0.2224285 0.6635423 -0.7143089 -0.2044376 0.6918658 -0.6924789 -0.01375907 0.5805951 -0.8140761 -0.01327443 0.5825483 -0.8126877 0.2022964 0.5053635 -0.8388588 0.2538116 0.6042282 -0.7553067 0.1344009 0.5805979 -0.803021 -0.04994809 0.6412749 -0.765684 -0.2490232 0.8331385 -0.4938297 -0.2911819 0.9192289 -0.265012 -0.2732586 0.9608091 -0.04664498 0.2159546 0.6280568 -0.7476018 -0.01960307 0.7047773 -0.7091578 -0.01048922 0.5980727 -0.8013733 0.08375501 0.6785433 -0.72977 0.2193211 0.6315891 -0.7436354 0.7454992 0.6042469 0.2812771 0.706896 0.5805959 0.4039884 0.6215901 0.5806145 0.5258446 0.5611956 0.6413323 0.5232135 0.4123437 0.6637553 0.6240205 0.2247206 0.8332282 0.5052046 0.02130615 0.9191076 0.3934304 -0.1363567 0.9607548 0.2415727 -0.1335012 0.9577175 0.2548621 0.03170824 0.9045142 0.4252632 0.2266172 0.7955844 0.5618631 0.4068768 0.6918806 0.59645 0.6208199 0.5825802 0.5245789 0.7776142 0.5053472 0.3740863 0.5614696 0.7029538 0.4365866 0.7143355 0.6318476 0.3008213 0.7152871 0.6282934 0.3059606 0.5640779 0.6970044 0.4427199 0.6868034 0 0.7268433 0.6868032 -2.1033e-6 0.7268434 0.6868029 1.03001e-6 0.7268437 0.6868048 1.76624e-6 0.7268419 0.6868027 9.22927e-7 0.7268439 0.686805 1.07409e-6 0.7268418 0.6868029 0 0.7268438 0.6868019 -1.28598e-6 0.7268447 0.6868035 0 0.7268432 0.6868036 4.35313e-7 0.7268431 0.6868054 0 0.7268413 0.07148385 -0.9962421 -0.04890441 0.0608955 -0.9964842 -0.0575422 0.06295734 -0.9962418 -0.05948865 0.06295728 -0.9962416 -0.05948948 0.06089574 -0.9964844 -0.05753868 0.05936157 -0.9965618 -0.05780029 0.05251926 -0.9961429 -0.07029283 0.0681529 -0.9955942 -0.06440109 -0.1035878 -0.9943568 0.02289688 -0.160703 -0.9869782 0.006980717 -0.3197848 -0.9459284 0.05438196 -0.3177785 -0.9465699 0.05497509 -0.614414 -0.784963 0.07955402 -0.4747878 -0.8787635 0.04849135 -0.476662 -0.8777821 0.04787522 -0.6592261 -0.7470846 0.08535528 -0.7072704 -0.7009868 0.09157705 -0.7072665 -0.7009906 0.09157711 -0.6592434 -0.7470691 0.0853576 -0.8012864 -0.5892165 0.1037505 -0.872568 -0.4752482 0.1129801 -0.8725598 -0.4752635 0.1129784 -0.8012856 -0.5892176 0.1037503 -0.5874344 -0.8048262 0.08470964 -0.02221375 -0.9997491 0.002875149 -0.0797739 0 0.996813 -0.3486514 0.001426994 0.9372515 -0.6977323 0.02792441 0.7158142 -0.6373535 -0.03070604 0.7699596 -0.7423014 5.93529e-4 0.6700659 -0.9284526 0.03839373 0.3694617 -0.8689708 -0.04486882 0.4928251 -0.9333432 -0.003621876 0.3589671 -0.9987154 0.02441453 0.04440307 -0.9799203 -0.02496469 0.1978211 -0.9980402 0 0.06257665 -0.9849723 0.002477586 0.1726946 -0.8458313 -6.22883e-4 0.5334501 -0.5770565 -4.92169e-4 0.8167042 -0.3766828 0.02885502 0.9258928 -0.04989886 -0.03183394 0.9982468 -0.1284078 0 -0.9917215 -0.1284076 1.29103e-6 -0.9917215 -0.1283954 0 -0.9917231 -0.1284078 0 -0.9917215 -0.1284076 -1.6061e-7 -0.9917215 -0.1284083 3.02463e-7 -0.9917214 -0.1284074 0 -0.9917215 -0.1284072 -3.24218e-7 -0.9917215 -0.1284075 0 -0.9917215 -0.1284073 0 -0.9917215 0.08329057 -0.9964383 -0.01316624 0.08692604 -0.9962148 4.68682e-5 0.0859003 -0.9962416 -0.0111224 0.08590036 -0.9962418 -0.0111224 0.07797509 -0.9968696 -0.01307839 0.08894723 -0.9959698 -0.01151669 0.08551394 -0.9963364 0.001142024 -0.2523072 0.9607553 0.1152843 -0.2140174 0.9191077 0.3308134 -0.1151515 0.8332266 0.5408082 0.1464763 0.641336 0.7531486 -0.03320026 0.6637548 0.7472131 0.3344352 0.5805942 0.7423365 0.1937947 0.5806188 0.7907752 0.4377917 0.6042429 0.6657544 0.4092208 0.5053499 0.7597105 0.1939135 0.5825742 0.7893066 -0.02141487 0.6918848 0.7216904 -0.1469159 0.7955842 0.5877598 -0.2243103 0.9045125 0.3626872 -0.2578063 0.9577174 0.1277246 0.1284078 -1.45768e-7 0.9917215 0.1284077 0 0.9917215 0.1284077 0 0.9917215 0.1284075 0 0.9917215 0.1284074 0 0.9917215 0.1284073 0 0.9917215 0.1284075 0 0.9917216 0.1284077 -3.40335e-7 0.9917215 0.1284077 3.51933e-7 0.9917215 0.1284077 -1.23411e-7 0.9917215 0.128407 0 0.9917216 0.4010925 0.6318522 0.6632403 0.1976172 0.7029518 0.6832323 0.1961239 0.6970066 0.6897225 0.3988394 0.6282922 0.6679641 -0.214424 0.9763477 -0.02770489 -0.2518317 0.9664402 -0.05073893 -0.2561734 0.9663159 -0.0246753 -0.9563049 0.005018949 -0.2923285 -0.9056392 0.04123318 -0.4220398 -0.8668348 0.01236093 -0.4984423 -0.874177 -0.00820744 -0.4855383 -0.6435971 -0.02909356 -0.7648114 -0.7517207 -0.02469611 -0.6590191 -0.6698179 -8.25897e-4 -0.7425251 -0.420638 0.1066704 -0.9009357 -0.3112023 9.09121e-4 -0.9503433 -0.035169 0.09508824 -0.9948474 0.1047806 3.28287e-4 -0.9944954 -0.1713925 -4.42354e-4 -0.9852028 0.3661211 -0.007398545 -0.9305379 0.2644064 0.09560102 -0.9596613 0.3262989 -5.91626e-4 -0.9452666 0.469737 0 -0.8828064 -0.006574273 -0.05476427 -0.9984777 -0.406529 0.001478552 -0.9136367 -0.7905077 0.04355955 -0.610901 -0.9518721 0 -0.3064959 0.5077718 0.6465179 -0.5693703 0.4357092 0.652211 -0.6203051 0.4320024 0.6634988 -0.6108547 0.2861595 0.6330037 -0.7193185 0.2952796 0.6754367 -0.6757184 0.05934351 0.69251 -0.7189634 0.104511 0.7545631 -0.6478518 -0.07412445 0.8371303 -0.5419581 -0.07942801 0.883652 -0.4613573 -0.1462513 0.9222676 -0.3578172 -0.2224128 0.9602758 -0.1685317 -0.2199501 0.9617213 -0.1634452 -0.1410396 0.9282158 -0.3442721 0.01275771 0.8374044 -0.5464349 0.2401086 0.7186628 -0.6525886 0.3896673 0.6791104 -0.6220679 0.4706678 0.6648168 -0.5800781 0.4924997 0.6798835 -0.5433254 0.4298769 0.6974086 -0.5734345 0.4289679 0.7031299 -0.5670935 -0.6862407 -0.6193839 -0.3813626 -0.4508858 -0.8566893 -0.2505703 -0.1571022 -0.9837158 -0.08730614 -0.6895476 -0.6191771 -0.3756913 -0.7198508 -0.4668814 -0.5136502 -0.6692646 -0.5988137 -0.4398945 -0.6293271 -0.7661309 0.1303492 -0.4893888 -0.8090317 -0.325525 -0.2466059 -0.966165 -0.07556974 -0.3889026 -0.8653171 0.3161981 -0.2923014 -0.9377079 -0.187787 -0.05839526 -0.9575272 -0.2823684 -0.07621496 -0.9964781 -0.03496849 -0.2220705 -0.9669604 -0.1251895 -0.3918302 -0.9017254 -0.182649 -0.3674086 -0.8393145 -0.400702 -0.7319579 -0.5976203 -0.3272428 -0.6287315 -0.7241534 -0.2833701 -0.6947398 -0.6198228 -0.3649061 -0.8213066 -0.4619535 -0.3347454 -0.5377256 -0.8080461 -0.2406507 -0.3148458 -0.9377545 -0.146591 -0.06869173 -0.9966372 -0.04467278 -0.3638479 -0.9018363 -0.2330363 -0.5741876 -0.7258618 -0.3787258 -0.1571022 -0.9837157 -0.08730602 -0.4508855 -0.8566898 -0.2505692 -0.6862412 -0.619383 -0.3813632 -0.6184144 -5.88939e-4 0.7858521 -0.4882887 0 0.8726822 -0.5842552 -0.007379353 0.8115365 -0.8432679 -0.05476856 0.534696 -0.8556841 0.09492737 0.5087178 -0.7795873 3.3719e-4 0.6262935 -0.9883139 0.001468956 0.1524263 -0.9852508 0.1068484 0.1336572 -0.9415316 0.04337817 -0.3341207 -0.991442 -0.02893078 -0.1273028 -0.9546535 6.8122e-4 -0.2977185 -0.8408271 0.01070666 -0.5411978 -0.8611336 -0.005673348 -0.5083471 -0.7728397 0 -0.6346013 -0.7632399 0.005069017 -0.6460954 -0.8858637 -1.29644e-4 -0.4639459 -0.9869021 -8.2443e-4 -0.1613187 -0.9676464 9.16375e-4 0.2523085 -0.9212798 -4.40385e-4 0.3889003 -0.6638944 0.09536492 0.7417208 0.4790359 -1.26771e-6 -0.8777954 0.479035 0 -0.8777958 0.479035 -5.52138e-7 -0.8777959 0.4790346 0 -0.877796 0.4790358 0 -0.8777955 0.4790349 0 -0.877796 0.08077365 -0.9957573 0.04407978 0.07064741 -0.9962502 0.04994493 0.0760324 -0.9962416 0.04149347 0.0760324 -0.9962418 0.04149264 0.07202029 -0.9968049 0.03454148 0.0759682 -0.9964114 0.03732627 0.06842309 -0.9964253 0.04954695 -0.256437 0.9617242 -0.09657496 -0.3657999 0.9282369 0.06757849 -0.4526543 0.8373105 0.3066191 -0.4961344 0.8369658 0.2309526 -0.4189648 0.7186853 0.5549415 -0.5720196 0.6927556 0.4391849 -0.3122596 0.6791133 0.6643035 -0.450399 0.6328192 0.6298259 -0.2800096 0.6633757 0.6939218 -0.2330587 0.6648438 0.7096946 -0.190402 0.6798651 0.7081883 -0.2039762 0.6465624 0.7350856 -0.2858698 0.6522274 0.7020526 -0.4085842 0.6754407 0.613872 -0.4882287 0.7544992 0.438593 -0.4309403 0.8836841 0.1827374 -0.3800005 0.9222941 0.07052063 -0.2620329 0.9602825 -0.09589779 -0.479036 0 0.8777953 -0.4790351 0 0.8777958 -0.4790354 -6.63566e-7 0.8777957 -0.4790351 0 0.8777958 -0.479035 1.33707e-6 0.8777958 -0.4790346 0 0.877796 -0.2447776 0.7032033 0.6675245 -0.2496857 0.697412 0.671769 -0.1440752 0.974682 -0.1709896 -0.1492497 0.9664575 -0.2090087 -0.1703786 0.9662687 -0.1931218 -0.3740667 -0.02146148 -0.9271535 -0.4985606 0 -0.8668549 -0.3879514 0.002478122 -0.9216766 -0.05185037 -0.04582267 -0.9976031 -0.2033159 -0.003595769 -0.9791067 -0.008057594 3.72481e-4 -0.9999675 0.302701 -0.03069889 -0.952591 0.1660903 -3.21578e-4 -0.9861106 0.3749304 -5.00443e-4 -0.9270529 0.574892 0.02881765 -0.8177217 0.8125504 -0.03177642 -0.5820241 0.7951986 0 -0.6063491 0.5995837 0.001425564 -0.8003109 0.2246693 0.02779775 -0.9740386 -0.1891946 0.04196512 -0.9810425 -0.5032905 0.0245161 -0.8637695 0.8603138 0.5053657 -0.06682622 0.7699809 0.5805954 -0.2646479 0.768812 0.5825469 -0.263756 0.610613 0.6635441 -0.4322744 0.595409 0.6918682 -0.4084196 0.4150053 0.7954738 -0.4415791 0.1832143 0.9046362 -0.3847934 -0.03262597 0.9578039 -0.2855648 -0.04007524 0.9608085 -0.2743009 0.1620544 0.919231 -0.3588216 0.3927096 0.8331381 -0.3894357 0.7127731 0.6412742 -0.2841164 0.8052491 0.5805997 -0.1203243 0.796772 0.6042274 0.007986426 0.6863467 0.6969522 -0.2078124 0.7777466 0.6280552 -0.025635 0.7750108 0.631592 -0.02120965 0.6816807 0.7029162 -0.2030277 -0.3425249 -0.4891036 -0.8021561 -0.3467866 -0.5893709 -0.7296445 -0.3458465 -0.5898597 -0.7296957 -0.2848945 -0.7470794 -0.6005893 -0.305653 -0.7009877 -0.6443543 -0.3056527 -0.7009873 -0.6443549 -0.3462838 -0.5892181 -0.7300066 -0.2848992 -0.7470709 -0.6005977 -0.2457326 -0.8193021 -0.5180345 -0.1858489 -0.9010878 -0.391792 -0.1581878 -0.9293878 -0.3334894 -0.1581887 -0.9293912 -0.3334791 -0.01277923 -0.9995553 -0.02694475 -0.1108721 -0.965959 -0.2337325 -0.04772943 -0.9937795 -0.1006191 -0.04772919 -0.9937795 -0.1006191 -0.1108715 -0.9659594 -0.2337305 -0.01277923 -0.9995555 -0.02693921 -0.2457327 -0.819301 -0.5180361 -0.4138208 -0.4936913 -0.764867 -0.9726777 0 0.2321603 -0.9991187 0.001433908 -0.04195237 -0.8963935 0.0279206 -0.4423789 -0.9292278 -0.03070312 -0.3682295 -0.8666532 5.94111e-4 -0.4989109 -0.6382902 0.0383926 -0.7688378 -0.7372331 -0.04486799 -0.6741471 -0.6298207 -0.003621578 -0.7767322 -0.3508392 0.02441233 -0.9361175 -0.4817674 -0.02159726 -0.8760331 -0.3563894 0 -0.9343376 -0.468612 0.002479493 -0.8834007 -0.7687144 -6.22081e-4 -0.639592 -0.9550555 -4.95346e-4 -0.2964267 -0.9969788 0.02885293 -0.07211726 -0.964809 -0.0318337 0.2610177 0.9035028 0 -0.4285821 0.9035029 0 -0.4285822 0.9035031 6.49718e-7 -0.4285816 0.9035034 0 -0.4285812 0.9035033 -2.1033e-6 -0.4285811 0.9035028 5.3629e-7 -0.4285823 0.9035031 0 -0.4285817 0.9035015 -1.17e-6 -0.4285851 0.903503 0 -0.4285817 0.9035077 0 -0.428572 0.9035031 9.22928e-7 -0.4285819 0.04013276 -0.9956061 0.0846045 0.02882277 -0.9962856 0.08114337 0.0371226 -0.9962418 0.07825863 0.0371226 -0.9962416 0.07825958 0.03942352 -0.9967367 0.07043939 0.04078596 -0.9963827 0.07455366 0.02710622 -0.9965093 0.07895946 -0.005232155 0.9663895 -0.2570292 -0.04965025 0.9708381 -0.2345386 -0.05071735 0.9522244 -0.3011589 -0.06979185 0.9664686 -0.2471186 -0.01120549 0.9733844 -0.2289045 0.242344 -0.02146202 -0.9699531 0.1061863 0 -0.9943463 0.2279151 0.002478957 -0.9736779 0.5444234 -0.04582124 -0.8375583 0.4110141 -0.003595173 -0.9116219 0.5812484 3.72428e-4 -0.8137261 0.8048079 -0.03069871 -0.592741 0.7139924 -3.21674e-4 -0.7001534 0.8482393 -4.99215e-4 -0.5296131 0.9457424 0.02881705 -0.3236369 0.9994722 -0.03177827 0.006740868 0.9997323 0 -0.02314072 0.9554833 0.001426458 -0.2950417 0.7542841 0.02779841 -0.6559596 0.4235818 0.04196536 -0.9048854 0.1005243 0.0245161 -0.9946326 0.1414615 0.9578033 -0.2502028 0.3743965 0.9046375 -0.2036135 0.5952979 0.795475 -0.1133142 0.7480809 0.6635439 0.009194672 0.7217602 0.6918669 0.01955485 0.7784826 0.5805975 0.2384772 0.7770162 0.5825443 0.238512 0.7352918 0.5053607 0.4516156 0.6399064 0.6042284 0.4747924 0.7221873 0.5805976 0.375968 0.743646 0.641273 0.1891025 0.5466141 0.8331373 -0.08423334 0.3420161 0.9192308 -0.1950376 0.1288077 0.9608084 -0.2454708 0.6442772 0.6280572 0.4364071 0.7377549 0.6363478 0.2253428 0.7653965 0.5980678 0.2376616 0.6912493 0.7064133 0.152167 0.6681658 0.6785471 0.3051695 0.6394603 0.6315934 0.4383838 -0.4978873 0.6042438 0.6220914 -0.602657 0.5805913 0.5474654 -0.6921806 0.5806217 0.4286775 -0.6710286 0.6413321 0.3720402 -0.7208992 0.663756 0.19933 -0.5499192 0.8332291 0.05760443 -0.3807647 0.919105 -0.1013129 -0.1876137 0.9607537 -0.2043368 -0.2011312 0.9577181 -0.205724 -0.414244 0.9045162 -0.1012551 -0.6043913 0.7955849 0.04190194 -0.692988 0.6918829 0.2026469 -0.690751 0.582576 0.4283321 -0.5960671 0.505352 0.623958 -0.9035031 -5.83073e-7 0.4285817 -0.9035024 1.07413e-6 0.4285833 -0.9035028 0 0.4285822 -0.9035033 -6.63565e-7 0.4285812 -0.9035038 0 0.4285802 -0.9035037 -8.83066e-7 0.4285802 -0.9035027 1.04842e-6 0.4285823 -0.9035029 0 0.4285822 -0.903503 9.22927e-7 0.4285818 -0.9035028 -6.51949e-7 0.4285823 -0.9035032 0 0.4285815 -0.9035009 0 0.4285864 -0.588726 0.7029516 0.3990749 -0.5068382 0.6318493 0.5864142 -0.5120248 0.6282913 0.585731 -0.5953571 0.6970077 0.3996626 0.06188607 -0.9610362 -0.2694062 0.01146262 -0.9937378 -0.1111476 0.00826621 -0.9943359 -0.1059625 0.005496323 -0.9995555 -0.02930611 0.1160391 -0.8192557 -0.5615649 0.08451414 -0.8788298 -0.4695908 0.0832833 -0.9010825 -0.4255753 0.1621873 -0.4752581 -0.8647688 0.1489391 -0.5892177 -0.7941284 0.1314634 -0.7009885 -0.7009512 0.1225364 -0.7470735 -0.6533498 0.1225346 -0.7470852 -0.6533368 0.1489376 -0.5892159 -0.79413 0.1314637 -0.7009874 -0.7009522 0.1621871 -0.4752563 -0.8647699 0.1093977 -0.8048532 -0.5833041 0.04844814 -0.9465995 -0.318751 -0.9233741 0 -0.3839016 -0.7836427 0.00143373 -0.6212103 -0.4651576 0.027924 -0.8847874 -0.5353272 -0.03070515 -0.8440865 -0.4078843 5.93764e-4 -0.9130336 -0.06447458 0.03839302 -0.9971806 -0.2001706 -0.04486829 -0.9787331 -0.05298924 -0.003621995 -0.9985886 0.266387 0.02441 -0.9635571 0.1251831 -0.0215972 -0.9918987 0.2608503 0 -0.9653794 0.1401193 0.002479255 -0.9901316 -0.2459657 -6.22258e-4 -0.9692783 -0.5984287 -4.95386e-4 -0.801176 -0.7641816 0.02885186 -0.6443556 -0.9339699 -0.03183466 -0.3559308 0 -1 2.53221e-7 0 -1 2.53221e-7 0.9828634 -1.58463e-7 0.1843357 0.9828635 -2.58205e-7 0.1843354 0.9828646 0 0.1843295 0.9828634 1.45768e-7 0.1843356 0.9828633 -1.6061e-7 0.1843362 0.9828633 0 0.1843367 0.9828635 -1.40743e-7 0.1843354 0.9828634 0 0.1843352 0.9828634 -2.17482e-7 0.1843355 0.9828634 0 0.1843358 -0.0174148 -0.9955275 0.09285396 -0.02306878 -0.9963199 0.08255141 -0.01596671 -0.9962417 0.08513265 -0.01596671 -0.9962416 0.08513355 -0.008398056 -0.9966648 0.08117192 -0.009620487 -0.9963523 0.08479231 -0.02301484 -0.9965891 0.07924932 0.1410062 0.9662691 -0.2155025 0.1049425 0.9662694 -0.235182 0.1049427 0.9662696 -0.2351812 0.1410056 0.9662699 -0.2154996 0.7661749 -0.02146291 -0.6422736 0.6703739 0 -0.7420235 0.7566946 0.002477228 -0.6537638 0.9327527 -0.04582297 -0.3575927 0.868357 -0.003594279 -0.4959267 0.9485349 3.72941e-4 -0.3166725 0.9995077 -0.03069782 -0.006485939 0.9891726 -3.21006e-4 -0.1467564 0.9975391 -5.00933e-4 0.07011163 0.9553512 0.02881753 0.2940638 0.8046269 -0.03177845 0.5929298 0.822404 0 0.5689039 0.946423 0.00142771 0.3229268 0.9957924 0.0277971 -0.08732074 0.8745638 0.04196733 -0.4830912 0.6659769 0.02451616 -0.7455695 0.2615178 0.9578015 -0.1192684 0.4225752 0.9046366 0.05534374 0.5090869 0.8106736 0.2892042 0.5111359 0.8091126 0.2899605 0.599805 0.663544 0.4471503 0.5724226 0.6918629 0.440066 0.4896334 0.5805957 0.6505134 0.4884252 0.5825471 0.6496766 0.3294004 0.5053625 0.7975615 0.2386207 0.6042308 0.7602404 0.3632653 0.5805978 0.7286595 0.4904742 0.6412721 0.590089 0.4782505 0.8640847 0.156953 0.3913354 0.9192315 0.04324197 0.2484888 0.960809 -0.1228798 0.2647179 0.6280579 0.7317566 0.4326931 0.704775 0.5622 0.4795232 0.5980695 0.6421607 0.3611873 0.6785435 0.6396269 0.2596633 0.6315895 0.7305271 -0.768456 0.604242 0.210635 -0.8093568 0.5805851 0.08867293 -0.8119572 0.5806201 -0.06004774 -0.7615503 0.6413361 -0.09343111 -0.7003868 0.663751 -0.262475 -0.4787542 0.8332282 -0.276632 -0.2484924 0.919108 -0.3057647 -0.03167921 0.9607546 -0.2755848 -0.04180133 0.9577162 -0.2846621 -0.2756142 0.9045134 -0.325411 -0.5135924 0.7955843 -0.3213542 -0.6797536 0.6918831 -0.2433784 -0.8105969 0.5825759 -0.05948215 -0.8489832 0.5053509 0.1544278 -0.9828634 -2.91536e-7 -0.1843357 -0.9828634 -1.05165e-6 -0.1843356 -0.9828633 3.11975e-7 -0.184336 -0.9828636 0 -0.1843346 -0.9828633 0 -0.184336 -0.9828629 -1.0741e-6 -0.1843381 -0.9828633 0 -0.1843361 -0.9828634 6.42989e-7 -0.1843355 -0.9828634 0 -0.1843355 -0.9828634 0 -0.1843356 -0.9828644 0 -0.1843299 -0.7108588 0.7029526 -0.02318471 -0.75473 0.6318457 0.1765047 -0.7585166 0.6282957 0.1729078 -0.7165699 0.6970075 -0.02661025 -0.06188607 -0.9610362 0.2694062 -0.01146262 -0.9937378 0.1111476 -0.00826621 -0.9943359 0.1059625 -0.005496323 -0.9995555 0.02930611 -0.1160391 -0.8192557 0.5615649 -0.08451414 -0.8788298 0.4695908 -0.0832833 -0.9010825 0.4255753 -0.1314634 -0.7009885 0.7009512 -0.1225364 -0.7470735 0.6533498 -0.1225346 -0.7470852 0.6533368 -0.1314637 -0.7009874 0.7009522 -0.1525458 -0.5823993 0.7984616 -0.1391197 -0.484403 0.8637126 -0.2162556 -0.4981722 0.8396773 -0.1378974 -0.586247 0.7983099 -0.1489384 -0.5892167 0.7941291 -0.1093977 -0.8048532 0.5833041 -0.04844814 -0.9465995 0.318751 -0.242344 -0.02146202 0.9699531 -0.1061863 0 0.9943463 -0.2279151 0.002478957 0.9736779 -0.5444234 -0.04582124 0.8375583 -0.4110141 -0.003595173 0.9116219 -0.5812484 3.72428e-4 0.8137261 -0.8048079 -0.03069871 0.592741 -0.7139924 -3.21674e-4 0.7001534 -0.8482393 -4.99215e-4 0.5296131 -0.9457424 0.02881705 0.3236369 -0.9994722 -0.03177827 -0.006740868 -0.9997323 0 0.02314072 -0.9554833 0.001426458 0.2950417 -0.7542841 0.02779841 0.6559596 -0.4235818 0.04196536 0.9048854 -0.1005243 0.0245161 0.9946326 0.9828634 -2.91536e-7 0.1843357 0.9828634 -1.05165e-6 0.1843356 0.9828633 3.11975e-7 0.184336 0.9828636 0 0.1843346 0.9828633 0 0.184336 0.9828629 -1.0741e-6 0.1843381 0.9828633 0 0.1843361 0.9828634 6.42989e-7 0.1843355 0.9828634 0 0.1843355 0.9828634 0 0.1843356 0.9828644 0 0.1843299 0.01648885 -0.9965619 -0.08119589 0.03070235 -0.9961425 -0.08220541 0.01728433 -0.9955942 -0.09216022 0.0154438 -0.9964845 -0.08234226 0.01596671 -0.9962418 -0.08513158 0.01596671 -0.9962416 -0.08513438 0.0154438 -0.9964842 -0.08234542 0.002450525 -0.9962418 -0.08658105 -0.1414615 0.9578033 0.2502028 -0.3743965 0.9046375 0.2036135 -0.5952979 0.795475 0.1133142 -0.7480809 0.6635439 -0.009194672 -0.7217602 0.6918669 -0.01955485 -0.7784826 0.5805975 -0.2384772 -0.7770162 0.5825443 -0.238512 -0.7352918 0.5053607 -0.4516156 -0.6399064 0.6042284 -0.4747924 -0.7221873 0.5805976 -0.375968 -0.743646 0.641273 -0.1891025 -0.5466141 0.8331373 0.08423334 -0.3420161 0.9192308 0.1950376 -0.1288077 0.9608084 0.2454708 -0.9828634 -1.58463e-7 -0.1843357 -0.9828635 -2.58205e-7 -0.1843354 -0.9828646 0 -0.1843295 -0.9828634 1.45768e-7 -0.1843356 -0.9828633 -1.6061e-7 -0.1843362 -0.9828633 0 -0.1843367 -0.9828635 -1.40743e-7 -0.1843354 -0.9828634 0 -0.1843352 -0.9828634 -2.17482e-7 -0.1843355 -0.9828634 0 -0.1843358 -0.6442772 0.6280572 -0.4364071 -0.6774044 0.6969256 -0.2354103 -0.6713529 0.7024097 -0.2364445 -0.6394603 0.6315934 -0.4383838 0.02094638 0.956229 0.2918688 -0.006994187 0.9664728 0.2566742 0.04858845 0.9720898 0.2295226 0.05804991 0.9663553 0.2505745 0.01230072 0.967836 0.2512813 0.9726777 0 -0.2321603 0.9991187 0.001433908 0.04195237 0.8963935 0.0279206 0.4423789 0.9292278 -0.03070312 0.3682295 0.8666532 5.94111e-4 0.4989109 0.6382902 0.0383926 0.7688378 0.7171967 -0.02674239 0.6963575 0.5915654 -0.002102971 0.8062543 0.3508392 0.02441233 0.9361175 0.4817674 -0.02159726 0.8760331 0.3563894 0 0.9343376 0.468612 0.002479493 0.8834007 0.7687144 -6.22081e-4 0.639592 0.9550555 -4.95346e-4 0.2964267 0.9969788 0.02885293 0.07211726 0.964809 -0.0318337 -0.2610177 0.4978873 0.6042438 -0.6220914 0.602657 0.5805913 -0.5474654 0.6921806 0.5806217 -0.4286775 0.6710286 0.6413321 -0.3720402 0.7208992 0.663756 -0.19933 0.5499192 0.8332291 -0.05760443 0.3807647 0.919105 0.1013129 0.1876137 0.9607537 0.2043368 0.2011312 0.9577181 0.205724 0.414244 0.9045162 0.1012551 0.6043913 0.7955849 -0.04190194 0.692988 0.6918829 -0.2026469 0.690751 0.582576 -0.4283321 0.5960671 0.505352 -0.623958 0.588726 0.7029516 -0.3990749 0.5068382 0.6318493 -0.5864142 0.5120248 0.6282913 -0.585731 0.5953571 0.6970077 -0.3996626 0.1082879 -0.9610353 0.2543323 0.05605828 -0.9937372 0.09666389 0.05559492 -0.994336 0.09058314 0.01277923 -0.9995555 0.02693921 0.2362034 -0.8192566 0.5225195 0.2076435 -0.8788303 0.4295828 0.1827693 -0.9010822 0.3932511 0.3770878 -0.4752574 0.7949435 0.3462824 -0.5892169 0.7300083 0.3056525 -0.7009877 0.6443545 0.2848932 -0.7470625 0.600611 0.2848965 -0.7470812 0.6005861 0.3462838 -0.5892181 0.7300066 0.3056533 -0.7009881 0.6443538 0.3770853 -0.4752578 0.7949445 0.2543519 -0.8048554 0.5362026 0.1481597 -0.9466 0.2863515 0.3640591 -0.02488136 0.9310435 0.4654864 -0.004597365 0.8850431 0.5407736 0 0.8411682 0.3879514 0.002478122 0.9216766 0.05185037 -0.04582267 0.9976031 0.2033159 -0.003595769 0.9791067 0.008057117 3.71385e-4 0.9999675 -0.3027025 -0.03069692 0.9525907 -0.1660967 -3.20628e-4 0.9861094 -0.3749081 -4.9525e-4 0.9270619 -0.5748779 0.02882033 0.8177316 -0.8125504 -0.03177642 0.5820241 -0.7951986 0 0.6063491 -0.5995711 0.001415669 0.8003203 -0.2246744 0.02779775 0.9740373 0.1891946 0.04196512 0.9810425 0.5032905 0.0245161 0.8637695 0.9035031 -5.83073e-7 -0.4285817 0.9035028 0 -0.4285822 0.9035033 -6.63565e-7 -0.4285812 0.9035037 -8.83066e-7 -0.4285802 0.903503 9.22927e-7 -0.4285818 0.9035024 1.07413e-6 -0.4285833 0.9035029 0 -0.4285822 0.9035032 0 -0.4285815 0.9035028 -6.51949e-7 -0.4285823 0.9035034 7.61795e-7 -0.4285812 0.9035009 0 -0.4285864 -0.0371226 -0.9962416 -0.07825958 -0.03843939 -0.9959696 -0.08103686 -0.03399097 -0.9964383 -0.0771718 -0.04707181 -0.9962148 -0.07307773 -0.0371226 -0.9962418 -0.07825863 -0.04722929 -0.9963365 -0.07129663 -0.03118968 -0.9968696 -0.07265245 0.03262597 0.9578039 0.2855648 -0.1832143 0.9046362 0.3847934 -0.4150053 0.7954738 0.4415791 -0.6106137 0.6635448 0.432272 -0.5954154 0.6918627 0.4084196 -0.7699809 0.5805915 0.2646562 -0.7688057 0.5825523 0.2637628 -0.8603138 0.5053657 0.06682622 -0.796772 0.6042274 -0.007986426 -0.8052451 0.5806043 0.1203293 -0.7127735 0.6412739 0.2841159 -0.3927096 0.8331381 0.3894357 -0.1620544 0.919231 0.3588216 0.04007524 0.9608085 0.2743009 -0.9035028 0 0.4285821 -0.9035039 2.06565e-6 0.42858 -0.9035007 0 0.4285867 -0.9035031 0 0.4285817 -0.9035031 -6.42439e-7 0.4285817 -0.9035035 -1.20985e-6 0.4285808 -0.9035028 8.13197e-7 0.4285824 -0.9035029 0 0.4285821 -0.903503 8.69929e-7 0.4285818 -0.903503 0 0.4285817 -0.7777466 0.6280552 0.025635 -0.6864043 0.6969245 0.2077152 -0.6821151 0.7024091 0.2033235 -0.7750108 0.631592 0.02120965 0.1593552 0.9663159 0.2020879 0.1912425 0.9662695 0.1724812 0.2023605 0.9614793 0.1860321 0.1527608 0.9698308 0.1899799 0.6504504 0 -0.7595488 0.8329627 0.001436769 -0.5533273 0.9852221 0.02792322 -0.1689903 0.9682 -0.03070592 -0.2482859 0.9943895 5.95406e-4 -0.1057787 0.9682993 0.03839015 0.246825 0.9926877 -0.04486626 0.1120641 0.9660865 -0.00362277 0.2581938 0.8340819 0.02441078 0.5511004 0.9046723 -0.02159982 0.4255602 0.837519 0 0.5464084 0.8983641 0.002479016 0.4392449 0.9978458 -6.21952e-4 0.06560117 0.9468905 -4.94552e-4 -0.3215559 0.8489614 0.02885061 -0.5276669 0.6271249 -0.03183066 -0.7782682 0.03714317 0.6042411 -0.7959354 0.1657657 0.5805898 -0.7971432 0.3080202 0.5806185 -0.7536616 0.3241872 0.6413349 -0.6954079 0.4660615 0.6637521 -0.5849957 0.4110401 0.8332262 -0.3698384 0.3675926 0.919107 -0.1418383 0.2718837 0.9607555 0.0550307 0.2836439 0.9577171 0.04821097 0.3946516 0.904514 -0.1615693 0.4643309 0.7955858 -0.3891533 0.4415246 0.6918821 -0.5712751 0.3070585 0.5825809 -0.7525388 0.1154797 0.5053471 -0.8551543 0.2417179 0.70295 -0.668905 0.06535643 0.6318504 -0.77233 0.06995159 0.6282951 -0.774824 0.2467411 0.6970071 -0.6732756 0.2753419 -0.9499232 0.1477593 0.1033219 -0.9924386 0.06625932 0.01420402 -0.9998691 0.007755219 0.1323528 -0.9889773 0.06638377 0.5325123 -0.7949709 0.2906061 0.3924036 -0.893011 0.2203426 0.4030184 -0.8883717 0.2199369 0.7896863 -0.5025421 0.3519191 0.7723267 -0.4752554 0.4214783 0.7092362 -0.5892177 0.3870486 0.6260225 -0.7009856 0.3416359 0.5835233 -0.7470598 0.3184371 0.5835143 -0.7470638 0.3184443 0.7092359 -0.5892187 0.3870477 0.6260186 -0.7009904 0.3416333 0.7358365 -0.5365285 0.4131366 0.5325138 -0.7949702 0.2906055 0.256719 -0.9559313 0.1424459 0.8475927 -0.02146422 0.5302132 0.9128689 0 0.4082529 0.8555958 0.002475321 0.5176386 0.628331 -0.04582208 0.7765955 0.7399886 -0.003596663 0.6726099 0.5942834 3.72938e-4 0.8042556 0.315031 -0.0307002 0.9485848 0.4452527 -3.22527e-4 0.8954049 0.2415831 -4.99951e-4 0.97038 0.01554781 0.02881765 0.9994638 -0.3152656 -0.03177738 0.9484713 -0.2869261 0 0.9579528 -0.01466208 0.001426041 0.9998915 0.3907623 0.0277996 0.9200717 0.7297028 0.04196852 0.6824753 0.9148841 0.02452033 0.4029714 0.4790351 0 -0.8777958 0.4790349 0 -0.8777959 0.4790353 8.65297e-7 -0.8777957 0.4790351 0 -0.8777958 0.4790352 -9.94987e-7 -0.8777958 0.4790354 -6.63566e-7 -0.8777957 0.4790346 7.58266e-7 -0.8777961 0.4790361 0 -0.8777953 0.4790353 4.68239e-7 -0.8777957 0.4790355 0 -0.8777956 -0.0760324 -0.9962416 -0.04149347 -0.07249349 -0.9964115 -0.04369229 -0.08077347 -0.9957573 -0.04408085 -0.08022826 -0.9962502 -0.03238952 -0.0760324 -0.9962418 -0.04149264 -0.07868856 -0.9964253 -0.03073525 -0.06801414 -0.9968049 -0.04188239 0.1942473 0.957803 0.2118527 0.07795006 0.9046362 0.4189957 -0.07619255 0.7954707 0.6011831 -0.239913 0.663542 0.7086281 -0.2416356 0.6918649 0.6803935 -0.4673717 0.5805988 0.6666849 -0.4669478 0.5825466 0.6652814 -0.6567286 0.5053642 0.5597451 -0.6492955 0.6042276 0.4618707 -0.5807338 0.5805982 0.570661 -0.4096476 0.6412762 0.6488094 -0.08880394 0.8331393 0.5458872 0.07980495 0.9192316 0.3855445 0.1936502 0.9608096 0.1983547 -0.4790359 -1.26771e-6 0.8777954 -0.4790312 8.13599e-7 0.877798 -0.4790346 0 0.877796 -0.4790337 -9.3521e-7 0.8777965 -0.4790366 -1.0227e-6 0.877795 -0.4790356 1.88539e-6 0.8777955 -0.4790355 0 0.8777955 -0.4790351 0 0.8777957 -0.4790394 0 0.8777934 -0.4790334 1.51653e-6 0.8777967 -0.4790349 0 0.877796 -0.6141451 0.6280542 0.4778847 -0.4332163 0.6969302 0.5714997 -0.432334 0.7024108 0.5654259 -0.6145312 0.6315929 0.4726965 0.2452441 0.9664179 0.07675737 0.2308004 0.9726939 0.02445095 0.3092561 0.9495601 0.05192714 0.2565286 0.9664567 0.01243346 0.219083 0.9738896 0.05951303 0.0797739 0 -0.996813 0.3486438 0.00143373 -0.9372542 0.6977323 0.02792441 -0.7158142 0.6373535 -0.03070604 -0.7699596 0.7423014 5.93529e-4 -0.6700659 0.9284526 0.03839373 -0.3694617 0.8689708 -0.04486882 -0.4928251 0.9333432 -0.003621876 -0.3589671 0.9987154 0.02441453 -0.04440307 0.9820331 -0.02159798 -0.1874691 0.9987378 0 -0.05022829 0.9849723 0.002477586 -0.1726946 0.8458313 -6.22883e-4 -0.5334501 0.5770447 -4.93943e-4 -0.8167125 0.3766704 0.02885293 -0.925898 0.04989886 -0.03183394 -0.9982468 -0.4377917 0.6042429 -0.6657544 -0.3344388 0.580591 -0.7423374 -0.1937982 0.5806204 -0.7907732 -0.1464763 0.641336 -0.7531486 0.03320026 0.6637548 -0.7472131 0.1151515 0.8332266 -0.5408082 0.2140174 0.9191077 -0.3308134 0.2523072 0.9607553 -0.1152843 0.2578063 0.9577174 -0.1277246 0.2243103 0.9045125 -0.3626872 0.1469159 0.7955842 -0.5877598 0.02141487 0.6918848 -0.7216904 -0.193919 0.582572 -0.7893068 -0.4092208 0.5053499 -0.7597105 -0.1976172 0.7029518 -0.6832323 -0.4010925 0.6318522 -0.6632403 -0.3988394 0.6282922 -0.6679641 -0.1961239 0.6970066 -0.6897225 0.2753469 -0.9610354 -0.02439558 0.1092548 -0.9937373 -0.02344405 0.1033285 -0.9943361 -0.02488285 0.02957087 -0.9995554 -0.003828167 0.5699368 -0.8192564 -0.06317514 0.4727213 -0.8788312 -0.0647332 0.4304828 -0.901082 -0.05230355 0.7072675 -0.7009896 -0.09157723 0.6592463 -0.7470661 -0.0853613 0.6592294 -0.7470816 -0.08535617 0.7072712 -0.7009859 -0.09157717 0.800787 -0.5898603 -0.1039478 0.8599264 -0.4891077 -0.1459467 0.8671444 -0.4936895 -0.06581187 0.8012533 -0.5893701 -0.1031314 0.8012856 -0.5892176 -0.1037503 0.5885594 -0.8048544 -0.0762062 0.3181198 -0.9466002 -0.05242061 0.9973684 -0.02146106 -0.06925255 0.9784929 0 -0.2062807 0.9964523 0.002477228 -0.08412373 0.9648011 -0.0458222 0.2589578 0.9940141 -0.003595471 0.1091936 0.9535161 3.70216e-4 0.301342 0.8124309 -0.03069525 0.5822492 0.8865182 -3.22529e-4 0.4626938 0.7658144 -4.98976e-4 0.6430615 0.600049 0.02881878 0.799444 0.3024427 -0.03177732 0.9526378 0.3309426 0 0.9436509 0.5758618 0.001426279 0.8175458 0.8569384 0.02779829 0.5146686 0.9914911 0.0419684 0.1232234 0.9770187 0.02451461 -0.2117397 -0.1284078 -1.45768e-7 -0.9917215 -0.128408 0 -0.9917215 -0.1284077 0 -0.9917215 -0.1284079 -2.20768e-7 -0.9917215 -0.1284075 -2.30732e-7 -0.9917216 -0.1284077 0 -0.9917215 -0.1284075 0 -0.9917215 -0.1284074 3.21494e-7 -0.9917215 -0.128408 -3.25975e-7 -0.9917215 -0.1284075 1.63242e-7 -0.9917215 -0.128407 0 -0.9917216 -0.08590036 -0.9962417 0.01112306 -0.08476579 -0.9963827 0.006036281 -0.09286546 -0.9956061 0.01202404 -0.08383625 -0.9962856 0.01966249 -0.0859003 -0.9962418 0.01112157 -0.08106619 -0.9965097 0.01992195 -0.08056735 -0.9967369 0.00495553 0.2816752 0.9578022 0.05721932 0.3093394 0.9046375 0.2931558 0.291722 0.7954746 0.5311483 0.2224285 0.6635423 0.7143089 0.2044376 0.6918658 0.6924789 0.01375907 0.5805951 0.8140761 0.01327443 0.5825483 0.8126877 -0.2022964 0.5053635 0.8388588 -0.2538116 0.6042282 0.7553067 -0.1344009 0.5805979 0.803021 0.04994809 0.6412749 0.765684 0.2490232 0.8331385 0.4938297 0.2911819 0.9192289 0.265012 0.2732586 0.9608091 0.04664498 0.1284078 0 0.9917215 0.1284076 1.29103e-6 0.9917215 0.1283954 0 0.9917231 0.1284078 0 0.9917215 0.1284076 -1.6061e-7 0.9917215 0.1284083 3.02463e-7 0.9917214 0.1284074 0 0.9917215 0.1284072 -3.24218e-7 0.9917215 0.1284075 0 0.9917215 0.1284073 0 0.9917215 -0.2159546 0.6280568 0.7476018 -0.0145595 0.6969253 0.716996 -0.01741236 0.7024117 0.7115579 -0.2193211 0.6315891 0.7436354 0.2807103 0.9522251 -0.1202882 0.245586 0.9664684 -0.07500964 0.1985677 0.9733849 -0.1144236 0.2189909 0.9663891 -0.1346666 0.2241075 0.9708381 -0.08514171 -0.5213727 0 -0.853329 -0.2688485 0.001432955 -0.9631814 0.1437333 0.02792322 -0.9892225 0.06305837 -0.03070503 -0.9975374 0.2066851 5.94713e-4 -0.9784073 0.5339674 0.03839206 -0.844633 0.413331 -0.04486876 -0.9094749 0.5440936 -0.003622293 -0.8390168 0.7818746 0.02440905 -0.6229578 0.6842882 -0.0215981 -0.7288918 0.7784741 0 -0.6276767 0.6953527 0.002481102 -0.7186645 0.3707348 -6.20958e-4 -0.9287386 -0.01322013 -4.95386e-4 -0.9999126 -0.239495 0.0288527 -0.9704688 -0.546386 -0.03183346 -0.8369284 0.20842 -0.9610361 -0.1815787 0.07460498 -0.9937376 -0.08318513 0.06897056 -0.9943358 -0.08086699 0.0216723 -0.9995555 -0.02047646 0.4239566 -0.819256 -0.3861094 0.3443921 -0.8788298 -0.3302307 0.3175232 -0.9010831 -0.2953445 0.6395105 -0.4752592 -0.6042807 0.5872712 -0.5892168 -0.55492 0.5183659 -0.7009878 -0.4898092 0.4831584 -0.7470757 -0.4565477 0.4831547 -0.7470794 -0.4565457 0.5872716 -0.5892166 -0.5549198 0.5183644 -0.7009888 -0.4898093 0.6395119 -0.4752558 -0.6042819 0.4313617 -0.8048535 -0.4076002 0.2265534 -0.9465993 -0.229398 0 -1 -5.06442e-7 0 -1 5.06441e-7 0.6868034 0 0.7268434 0.6868036 -2.06564e-6 0.7268431 0.6867926 0 0.7268536 0.6868031 0 0.7268437 0.6868031 1.23541e-6 0.7268435 0.6868035 1.29687e-6 0.7268432 0.6868028 -8.69929e-7 0.7268438 0.6868029 0 0.7268437 -0.06295734 -0.9962418 0.05948865 -0.06610649 -0.996352 0.05396991 -0.06866747 -0.9955275 0.064884 -0.05694544 -0.9963197 0.06406527 -0.06295728 -0.9962416 0.05948948 -0.05419188 -0.9965893 0.06223398 -0.06371688 -0.996665 0.05098009 -0.7454992 0.6042469 -0.2812771 -0.7069029 0.5805897 -0.4039852 -0.6215938 0.5806174 -0.5258371 -0.5611943 0.6413331 -0.5232142 -0.412341 0.6637554 -0.6240223 -0.2247206 0.8332282 -0.5052046 -0.02130615 0.9191076 -0.3934304 0.1363567 0.9607548 -0.2415727 0.1335012 0.9577175 -0.2548621 -0.03170824 0.9045142 -0.4252632 -0.2266172 0.7955844 -0.5618631 -0.4068761 0.6918829 -0.5964478 -0.6208227 0.582578 -0.5245781 -0.7776142 0.5053472 -0.3740863 0.1597353 0.6591328 -0.7348664 0.1203004 0.5610194 -0.8190147 0.104003 0.7732871 -0.6254684 0.09789842 0.9422762 -0.3202055 0.01700037 0.9946547 -0.1018488 0.1726679 0.9775816 -0.1205 0.2709549 0.8793559 -0.3915567 -0.01154768 0.8134341 -0.5815426 0.1558119 0.6408322 -0.7517027 0.1011992 0.6526208 -0.750896 0.5768257 0.652671 -0.4912156 0.5561265 0.5754071 -0.5996917 0.4325402 0.7752838 -0.4602652 0.3153971 0.9364413 -0.1536309 0.07145178 0.994665 -0.07440537 0.1482595 0.9868602 -0.06423443 0.3654404 0.894501 -0.257529 0.3895656 0.8207601 -0.4178418 0.5616275 0.6406147 -0.5236291 0.5317087 0.6590547 -0.5319143 0.1557033 0.9876294 0.01856678 0.6303344 0.7720217 -0.0816152 0.4403865 0.8959958 -0.0570206 0.439897 0.896288 -0.05620002 0.8179513 0.5725989 -0.05555456 0.739148 0.6667071 -0.09571784 0.8110702 0.5754422 -0.1050314 0.7392424 0.6666073 -0.0956844 0.8117492 0.5200227 0.2657817 0.4937078 0.8208656 0.2871103 0.5654278 0.7775603 0.2751206 0.3062541 0.9343321 0.1822963 0.09119796 0.9946493 0.04853624 -0.01641422 0.9460803 0.3235162 0.4185271 0.9054489 -0.07069259 0.3702337 0.8871892 0.2753587 0.534429 0.8172853 0.2154771 0.2979105 0.6569038 0.6926231 0.3938974 0.5708363 0.7204103 0.2958673 0.7745429 0.559058 0.0861566 0.9405747 0.328476 0.04782587 0.9946627 0.09142762 0.001335322 0.9859103 0.1672698 0.112795 0.8931176 0.4354517 0.2839546 0.8203182 0.4964352 0.3194636 0.6407457 0.6981317 0.3428589 0.658605 0.6698412 -0.08483737 0.5831119 0.8079501 -0.06577384 0.9876293 0.1423457 -0.04999339 0.9904498 0.1284912 -0.1171622 0.7720229 0.6247029 -0.08185589 0.8959965 0.4364516 -0.08248698 0.8962878 0.4357341 -0.1427546 0.6325185 0.7612763 -0.1144186 0.6578543 0.7444033 -0.1519181 0.9825522 0.1072949 -0.02362275 0.9994708 0.02236318 -0.461978 0.7720228 0.4365286 -0.3227639 0.895996 0.304983 -0.3228505 0.8962879 0.3040319 -0.564123 0.65794 0.498879 -0.5944902 0.5505478 0.5860704 -0.4764254 0.61555 0.6277876 -0.7487847 0.6586745 0.07395529 -0.8114591 0.566023 0.1454374 -0.62517 0.773906 0.1011536 -0.3362048 0.9417856 -0.002518832 -0.101925 0.9946591 0.01627027 -0.1623772 0.9838318 -0.07555717 -0.4518203 0.8899778 -0.0616281 -0.5575593 0.8190129 0.1354459 -0.7630621 0.6408324 0.08408552 -0.7437509 0.6568405 0.1240778 -0.6390274 0.6428691 -0.4223308 -0.7422126 0.5796067 -0.3364173 -0.5790226 0.7766926 -0.2479545 -0.157535 0.900372 -0.4056023 -0.09325444 0.9946665 -0.04407155 -0.1120436 0.9873772 -0.1119498 -0.3652843 0.8952412 -0.2551677 -0.516433 0.8209062 -0.2437418 -0.6746179 0.6404427 -0.3670475 -0.6708739 0.658717 -0.3406172 -0.319442 0.6667061 -0.6733943 -0.3194391 0.6666092 -0.6734916 -0.3647087 0.5513662 -0.7503219 -0.2724037 0.7720229 -0.5742621 -0.1903163 0.895996 -0.4012118 -0.189385 0.896288 -0.4010002 0.6320644 0.6324113 0.4478288 0.6669554 0.5733333 0.4758777 0.6319399 0.6288414 0.4530018 0.7178893 0.6333224 0.289029 0.679365 0.668934 0.3016464 0.6055275 0.7369871 0.3003111 0.6370847 0.708484 0.3036011 0.6155804 0.7130434 0.3356038 0.6082322 0.6787389 0.4115425 0.6180348 0.6920208 0.373015 0.8368123 0.4042904 0.3691806 0.7778765 0.5285508 0.339915 0.8751907 0.390958 0.2849442 0.8751795 0.3943302 0.280294 0.8864786 0.4269116 0.178612 0.8785781 0.4199942 0.2273882 0.8969688 0.4335693 0.08639812 0.90793 0.4190773 0.006134092 0.9078446 0.419255 0.006599724 0.8957243 0.442572 -0.04252284 0.8999822 0.4353549 -0.02232635 0.8937312 0.4419922 -0.07672947 0.8356447 0.5118411 -0.1992905 0.889907 0.3895056 -0.2373838 0.841645 0.4480003 -0.3015452 0.9024393 0.370112 -0.2205007 0.8920223 0.4055241 -0.1996158 0.7687658 0.4822673 -0.4200208 0.8494669 0.3619933 -0.3838838 0.7377828 0.421109 -0.5275829 0.7164965 0.4245241 -0.5535451 0.7258111 0.4131814 -0.5499815 0.6676284 0.4698737 -0.5774868 0.6600805 0.4423549 -0.6071375 0.6807239 0.4609774 -0.5693108 0.6018804 0.4404321 -0.6661527 0.6331937 0.4307793 -0.6430358 0.5315596 0.4233151 -0.7336544 0.5439253 0.4116438 -0.7312283 0.5668007 0.4252193 -0.7056384 0.589149 0.4311876 -0.6833599 0.4191608 0.4841037 -0.7680806 0.4713997 0.4231011 -0.7738009 0.3206642 0.4116433 -0.8530676 0.2866827 0.4252493 -0.8584731 0.2558845 0.4311859 -0.8652178 0.2324753 0.4422541 -0.866237 0.2345825 0.4404132 -0.8666068 0.1982696 0.4307863 -0.8804046 0.1534585 0.4423545 -0.8836136 0.110513 0.4610107 -0.8804862 0.06982827 0.413185 -0.9079661 0.02469396 0.4234926 -0.9055629 0.04441422 0.4211181 -0.9059178 0.07781141 0.4244809 -0.9020873 -0.136761 0.3619935 -0.9220939 -0.01417112 0.4232283 -0.9059123 -0.3028258 0.3701202 -0.8782413 -0.2819823 0.3894034 -0.8768416 -0.3147813 0.4056034 -0.8581367 -0.3207483 0.4198965 -0.8490039 -0.284547 0.5117803 -0.8106257 -0.3820964 0.4858629 -0.7860914 -0.4538041 0.528157 -0.7177131 -0.4968148 0.4192723 -0.7598592 -0.599876 0.3691778 -0.7098286 -0.5579652 0.4335695 -0.7075962 -0.4963967 0.4190633 -0.7602475 -0.4682121 0.4353381 -0.7689331 -0.7210357 0.3660976 -0.5882857 -0.7334277 0.4128824 -0.5400111 -0.8021849 0.4060228 -0.4377726 -0.7642758 0.4600895 -0.4518851 -0.7555025 0.4565136 -0.4699058 -0.8039194 0.4565356 -0.3811677 -0.8797606 0.3875613 -0.2753503 -0.8848596 0.3660966 -0.2880918 -0.8510265 0.4128065 -0.3245686 -0.8309664 0.4346249 -0.3472694 -0.9150456 0.385214 -0.11959 -0.9078446 0.419255 -0.006599962 -0.9174389 0.3946762 0.0503658 -0.9145531 0.4029261 0.03525918 -0.9062074 0.4191232 0.055893 -0.8923726 0.4454558 0.07239115 -0.8748117 0.4559357 0.1637898 -0.889907 0.3895056 0.2373838 -0.8699098 0.4155256 0.2656983 -0.9024393 0.370112 0.2205007 -0.8920223 0.4055241 0.1996158 -0.8344686 0.401813 0.3771057 -0.7652941 0.3593776 0.5340156 -0.7479897 0.3849012 0.5407056 -0.7164965 0.4245241 0.5535451 -0.7138221 0.4371202 0.54716 -0.6807239 0.4609774 0.5693108 -0.6325212 0.4309972 0.6435514 -0.6486606 0.4256275 0.6309363 -0.5891474 0.4311879 0.6833611 -0.4962853 0.4223875 0.7584785 -0.5130552 0.3931421 0.7630293 -0.5668007 0.4252193 0.7056384 -0.3641128 0.3931424 0.8443111 -0.2866827 0.4252493 0.8584731 -0.2558845 0.4311859 0.8652178 -0.198274 0.4307861 0.8804038 -0.1861441 0.4518989 0.8724322 -0.110513 0.4610107 0.8804862 0.01834201 0.4333549 0.9010367 -0.035039 0.3593785 0.9325339 -0.04993808 0.3847393 0.9216734 -0.07781141 0.4244809 0.9020873 0.1484277 0.4485331 0.8813555 0.3028258 0.3701202 0.8782413 0.2819823 0.3894034 0.8768416 0.3147813 0.4056034 0.8581367 0.3366736 0.4575129 0.8230023 0.3355494 0.4558967 0.8243572 0.4219022 0.4455058 0.7896348 0.4652306 0.4029839 0.78814 0.5256822 0.4262744 0.7361714 0.4968161 0.4192714 0.7598586 0.4540233 0.3946801 0.7988057 0.5966325 0.4320603 0.6762793 0.6640276 0.4260535 0.6144475 0.6590693 0.4215219 0.622854 0.7110047 0.4632148 0.5290598 0.7104438 0.460825 0.5318928 0.7129003 0.4237765 0.5587366 0.7479513 0.4434182 0.4939123 0.6888601 0.430615 0.5831317 0.59566 0.385214 0.7048399 0.4433151 0.4191156 0.7923471 0.2472124 0.4155297 0.8753405 0.1343473 0.4018128 0.9058132 -0.07389789 0.4371112 0.8963664 -0.1989955 0.4309841 0.880144 -0.3693564 0.4223873 0.8277469 -0.6122919 0.431169 0.6627156 -0.6329916 0.4518989 0.628577 -0.767686 0.4333564 0.4720811 -0.8215187 0.4485319 0.3520317 -0.8742915 0.4575158 0.1621531 -0.9035319 0.4262778 -0.04378896 -0.8739548 0.4633242 -0.1467443 -0.8177983 0.4512711 -0.3571559 -0.7416672 0.4346467 -0.5108934 -0.6498591 0.4698579 -0.5974251 -0.448872 0.4425709 -0.7763022 -0.4190233 0.4419938 -0.7931336 -0.2017754 0.4480011 -0.870966 -0.06270903 0.4822652 -0.8737779 0.1244376 0.4698758 -0.8739176 0.3293949 0.4233151 -0.8439807 0.3957098 0.4231016 -0.8151068 0.6027035 0.4422531 -0.6641994 0.7482165 0.4234966 -0.5107082 0.7695314 0.4232282 -0.4782251 0.8875455 0.4198943 -0.18961 0.8678286 0.4858627 -0.103976 0.9215222 0.3691777 0.1204364 0.8640407 0.4100072 0.292109 0.847242 0.4277566 0.3149687 0.7253746 0.6269698 0.284149 0.6169425 0.6807 0.3950058 -0.06523936 0.9883472 -0.1375275 -0.06619352 0.9882469 -0.1377912 -0.2724013 0.7720047 -0.5742878 -0.350541 0.575394 -0.7389471 -0.3956469 0.5725631 -0.7180773 -0.7173122 0.5557329 -0.4202668 -0.5541414 0.7726448 -0.309754 -0.3076003 0.9425039 -0.130647 -0.09016168 0.9946493 -0.05043566 -0.2809907 0.9355374 0.2140426 -0.5819193 0.7646324 0.2769606 -0.2054607 0.6970182 -0.6869873 -0.6702095 0.6402 -0.3754509 -0.8190535 0.5707269 0.05849963 -0.630264 0.7745266 0.05362737 -0.3229162 0.9405996 0.1048699 -0.1027669 0.9946625 0.009246587 -0.1419227 0.9857468 0.09033954 -0.4279149 0.8928695 0.14026 -0.5711312 0.820318 0.0297926 -0.7599628 0.6407453 0.1090964 -0.6336514 0.583024 0.5084968 -0.5629731 0.6324943 0.531989 -0.4620034 0.7720049 0.4365336 -0.1843171 0.967252 0.1745021 -0.06291735 0.9945455 0.08319139 -0.02505409 0.9994727 0.02065533 -0.1712604 0.5504202 0.8171337 -0.1171808 0.7720056 0.6247208 -0.04654628 0.9672519 0.2495142 -0.006099104 0.999458 0.03235238 -0.003857195 0.9994597 0.03264141 -0.270629 0.615485 0.7402285 0.3167421 0.5659077 0.7611985 0.2531676 0.7738878 0.5805205 0.1837657 0.941797 0.2815111 0.0414651 0.994659 0.09452152 0.1527566 0.9836168 0.09572571 0.2958413 0.8897724 0.3475386 0.1877604 0.8190132 0.5421841 0.3421787 0.6408334 0.6872018 0.5001682 0.7913407 0.3515848 0.3617374 0.9275025 0.09426164 0.08751851 0.9946667 0.0545786 0.1487299 0.9882553 0.03508448 0.2770889 0.9425265 0.1867229 0.4208654 0.8809203 0.2164531 0.7237455 0.6255487 0.2913441 0.8491533 0.528104 -0.006701231 0.828394 0.5512829 -0.09925097 0.6303567 0.7720047 -0.0816043 0.2516847 0.9672522 -0.03283542 0.1020613 0.9946904 -0.01321679 0.7929831 0.5846943 -0.1712034 0.6237672 0.5608986 -0.5443412 0.4697675 0.7732704 -0.4258775 0.216479 0.9422816 -0.2554261 0.07645457 0.9946547 -0.06940251 0.007120788 0.9772093 -0.2121589 0.184093 0.879298 -0.439255 0.4953194 0.8134337 -0.3049333 0.5478176 0.6408304 -0.5378033 0.2034838 0.5753048 -0.792224 0.1530982 0.7752696 -0.6127954 -0.04077166 0.9365146 -0.3482503 0.02391409 0.9946652 -0.1003466 -0.02676373 0.9867207 -0.1602064 0.01940345 0.8942344 -0.4471784 0.1406264 0.8207607 -0.5536933 0.1364699 0.6406141 -0.7556386 -0.2850134 0.5846301 -0.7595887 -0.6868032 -2.1033e-6 -0.7268434 -0.6868029 1.03001e-6 -0.7268437 -0.6868048 1.76624e-6 -0.7268419 -0.6868027 9.22927e-7 -0.7268439 -0.686805 1.07409e-6 -0.7268418 -0.6868029 0 -0.7268438 -0.6868019 -1.28598e-6 -0.7268447 -0.6868036 4.35313e-7 -0.7268431 -0.6868054 0 -0.7268413 -0.5813977 0.6916081 -0.42855 -0.6022987 0.6243457 -0.4974221 -0.7143355 0.6318476 -0.3008213 -0.7152871 0.6282934 -0.3059606 -0.5010535 0.7069445 -0.4991742 -0.6949996 0.7071071 -0.1302891 -0.6955007 0.7065863 -0.1304408 -0.9211014 0 -0.3893228 -0.7374533 0 -0.6753982 -0.675415 -0.02843004 -0.7368897 -0.3078179 -1.23584e-4 -0.9514454 -0.4003359 -0.05309981 -0.9148287 -0.2045976 0 -0.9788463 -0.5765976 5.0817e-5 -0.8170283 -0.9211012 0 -0.3893234 0.1542666 -0.05310434 -0.9866012 -0.05156105 0 -0.9986699 0.4654651 -0.02842968 -0.8846096 0.3497085 0 -0.9368586 0.7915695 0 -0.6110793 0.7915707 0 -0.6110777 0.5411146 0 -0.8409489 0.05534368 0 -0.9984674 0.6388727 0.707107 -0.3030537 0.6388729 0.7071077 -0.3030517 -0.1284078 0 -0.9917215 -0.128408 0 -0.9917215 -0.2201681 0.6988667 -0.6805229 -0.483289 0.6988645 -0.5272763 -0.6588229 0.6988632 -0.2784651 -0.658822 0.6988641 -0.2784647 -0.4832895 0.6988639 -0.5272765 -0.220168 0.6988627 -0.680527 -0.09081953 0.7069444 -0.7014139 -0.09081643 0.7069419 -0.7014168 0.5661734 0.6988638 -0.437078 0.3330623 0.6988641 -0.6329759 0.03958547 0.6988663 -0.7141561 0.03958278 0.6988607 -0.7141618 0.3330609 0.6988641 -0.6329768 0.5661739 0.6988655 -0.4370746 -0.6388726 0.7071071 0.3030534 -0.6388727 0.7071074 0.3030526 -0.6392844 0.7065853 0.303402 -0.9740251 0 0.2264404 -0.9936009 0 -0.1129484 -0.9795554 -0.0284298 -0.1991559 -0.8082753 -1.23676e-4 -0.5888049 -0.8616042 -0.05309975 -0.5047956 -0.7408701 0 -0.6716483 -0.9467154 5.04801e-5 -0.3220715 -0.974025 0 0.2264409 -0.4551042 -0.05310493 -0.8888533 -0.628718 0 -0.7776336 -0.1433923 -0.0284295 -0.9892575 -0.2677485 0 -0.9634889 0.2812103 0 -0.9596462 0.2812097 0 -0.9596464 -0.05652594 0 -0.9984012 -0.5421103 0 -0.8403075 0.3387296 0.707108 -0.6206936 0.3387299 0.7071093 -0.6206921 0.3387281 0.7071076 -0.6206948 -0.6868023 0 -0.7268444 -0.6868041 0 -0.7268426 -0.5781233 0.6988644 -0.4211439 -0.7009145 0.6988644 -0.1425045 -0.6966758 0.6988638 0.1619639 -0.6966776 0.6988627 0.161961 -0.7009136 0.6988648 -0.1425065 -0.5781232 0.6988627 -0.4211466 -0.4857554 0.7069433 -0.5140749 -0.4857549 0.7069471 -0.51407 0.2011374 0.6988635 -0.6863918 -0.1026043 0.6988639 -0.7078571 -0.3877478 0.6988641 -0.601033 -0.3877466 0.6988634 -0.6010347 -0.102602 0.6988644 -0.707857 0.2011359 0.6988625 -0.6863932 -0.3387292 0.7071082 0.6206936 -0.3387295 0.707107 0.6206949 -0.338916 0.7065868 0.6211852 -0.654905 0 0.7557113 -0.8702293 0 0.4926469 -0.9095376 -0.02843123 0.4146482 -0.9999992 -1.24819e-4 -0.001261174 -0.9937641 -0.05309653 0.09804993 -0.9941617 0 -0.107901 -0.9552182 5.15517e-5 0.2959024 -0.654904 0 0.7557122 -0.8906414 -0.0531069 -0.4515945 -0.965725 0 -0.2595679 -0.6974771 -0.02842944 -0.7160431 -0.7829393 0 -0.6220982 -0.3365617 0 -0.9416614 -0.3365623 0 -0.9416612 -0.6325772 0 -0.7744973 -0.9324967 0 -0.3611783 -0.09079736 0.7071037 -0.7012561 -0.09079825 0.7071092 -0.7012505 -0.9828634 0 -0.1843358 -0.9828634 0 -0.1843357 -0.7152543 0.6988638 -9.00481e-4 -0.6508143 0.6988642 0.296698 -0.4684241 0.6988645 0.5405251 -0.4684224 0.6988616 0.5405303 -0.6508142 0.6988641 0.2966984 -0.7152553 0.6988627 -9.03387e-4 -0.6951506 0.7069426 -0.1303757 -0.6951472 0.7069463 -0.130374 -0.2407279 0.6988654 -0.673526 -0.4990757 0.6988647 -0.5123589 -0.6669698 0.6988673 -0.258333 -0.6669718 0.6988648 -0.2583347 -0.4990753 0.6988618 -0.5123631 -0.2407273 0.6988625 -0.6735292 0.09085494 0.7071076 0.7012448 0.09086471 0.7065855 0.7017696 -0.0856316 0 0.9963269 -0.4144597 0 0.9100677 -0.4921082 -0.0284298 0.8700698 -0.8097569 -1.24146e-4 0.5867655 -0.7463401 -0.05309844 0.6634434 -0.867716 0 0.4970604 -0.5988608 5.07689e-5 0.8008533 -0.0856325 0 0.9963268 -0.9859846 -0.05310302 0.1581594 -0.9338575 0 0.3576456 -0.9851501 -0.02842944 -0.1693254 -0.9990713 0 -0.0430904 -0.8257796 0 -0.5639932 -0.8257795 0 -0.5639932 -0.9670038 0 -0.2547622 -0.9667009 0 0.2559092 -0.4856442 0.7071074 -0.5139541 -0.4856413 0.7071071 -0.5139574 -0.9035984 0 0.4283807 -0.9035036 8.2497e-5 0.4285808 -0.8902093 0 0.4555519 -0.5791816 0.6988674 0.419682 -0.3521254 0.6988647 0.6225719 -0.06124901 0.6988651 0.7126263 -0.06124866 0.698862 0.7126293 -0.3521243 0.6988615 0.6225761 -0.579181 0.6988641 0.4196885 -0.6390216 0.7069432 0.3031217 -0.639018 0.7069457 0.3031235 -0.5906414 0.6988648 -0.4033991 -0.704917 0.6988654 -0.1211581 -0.6914376 0.6988631 0.1830423 -0.6914395 0.6988619 0.1830399 -0.7049187 0.6988633 -0.1211601 -0.5906444 0.698861 -0.4034013 0.4856845 0.7071077 0.5139157 0.4860008 0.7065855 0.5143346 0.5163488 0 0.8563784 0.1996209 0 0.9798732 0.1132904 -0.02842986 0.9931552 -0.310215 -1.23787e-4 0.9506665 -0.2138444 -0.05309915 0.9754236 -0.4098302 0 0.912162 -0.01375436 5.06569e-5 0.9999055 0.516348 0 0.8563789 -0.704717 -0.05310451 0.7074983 -0.5452879 0 0.8382489 -0.89653 -0.02842992 0.4420699 -0.8335918 0 0.5523812 -0.9995766 0 0.02910047 -0.9995765 0 0.02910035 -0.9320681 0 0.3622832 -0.6316578 0 0.7752474 -0.6949887 0.7071076 -0.1303449 -0.6949878 0.7071084 -0.1303447 -0.4790323 0.002870261 0.8777927 -0.4923065 0 0.870422 -0.465655 0 0.8849664 -0.2218819 0.6988642 0.6799685 0.08106404 0.6988646 0.7106454 0.3693209 0.6988654 0.6125271 0.3693216 0.6988637 0.6125285 0.08106416 0.6988644 0.7106456 -0.2218836 0.6988655 0.6799668 -0.3388066 0.7069452 0.620837 -0.3388074 0.7069445 0.6208375 -0.7149512 0.6988646 0.02081263 -0.6415063 0.6988635 0.3163217 -0.4517976 0.6988642 0.5544977 -0.4517977 0.698863 0.5544993 -0.6415059 0.6988646 0.3163204 -0.7149537 0.698862 0.02081501 0.6949996 0.7071071 0.1302891 0.6955007 0.7065863 0.1304408 0.9211014 0 0.3893228 0.7374533 0 0.6753982 0.675415 -0.02843004 0.7368897 0.3078179 -1.23584e-4 0.9514454 0.4003359 -0.05309981 0.9148287 0.2045976 0 0.9788463 0.5765976 5.0817e-5 0.8170283 0.9211012 0 0.3893234 -0.1542666 -0.05310434 0.9866012 0.05156105 0 0.9986699 -0.4654651 -0.02842968 0.8846096 -0.3497085 0 0.9368586 -0.7915695 0 0.6110793 -0.7915707 0 0.6110777 -0.5411146 0 0.8409489 -0.05534368 0 0.9984674 -0.6388727 0.707107 0.3030537 -0.6388729 0.7071077 0.3030517 0.09871745 0 0.9951155 0.1284078 8.39107e-5 0.9917215 0.1286267 0 0.9916931 0.2201681 0.6988667 0.6805229 0.483289 0.6988645 0.5272763 0.6588229 0.6988632 0.2784651 0.658822 0.6988641 0.2784647 0.4832895 0.6988639 0.5272765 0.220168 0.6988627 0.680527 0.09081953 0.7069444 0.7014139 0.09081643 0.7069419 0.7014168 -0.5661734 0.6988638 0.437078 -0.3330623 0.6988641 0.6329759 -0.03958547 0.6988663 0.7141561 -0.03958278 0.6988607 0.7141618 -0.3330609 0.6988641 0.6329768 -0.5661739 0.6988655 0.4370746 -0.3387283 0.7071064 0.6206961 -0.3387299 0.7071093 0.6206921 0.4552183 -0.05309969 0.8887952 0.6286348 0 0.7777007 0.1433923 -0.0284295 0.9892575 0.2679707 5.06303e-5 0.9634271 -0.2812103 0 0.9596462 -0.2812097 0 0.9596464 0.05652594 0 0.9984012 0.5421093 -1.23299e-4 0.840308 0.9740251 0 -0.2264404 0.9936009 0 0.1129484 0.9795554 -0.0284298 0.1991559 0.8082754 0 0.5888048 0.8616677 -0.05310428 0.5046867 0.7407996 0 0.6717262 0.9467883 0 0.3218574 0.974025 0 -0.2264409 0.6388731 0.7071067 -0.3030536 0.6388733 0.7071071 -0.303052 0.6868023 0 0.7268444 0.6868041 0 0.7268426 -0.2011374 0.6988635 0.6863918 0.1026043 0.6988639 0.7078571 0.3877478 0.6988641 0.601033 0.3877466 0.6988634 0.6010347 0.102602 0.6988644 0.707857 -0.2011359 0.6988625 0.6863932 0.4857554 0.7069433 0.5140749 0.4857549 0.7069471 0.51407 0.5781233 0.6988644 0.4211439 0.7009145 0.6988644 0.1425045 0.6966758 0.6988638 -0.1619639 0.6966776 0.6988627 -0.161961 0.7009136 0.6988648 0.1425065 0.5781232 0.6988627 0.4211466 0.09079736 0.7071037 0.7012561 0.09079825 0.7071092 0.7012505 0.8906999 -0.0531004 0.4514799 0.9656975 0 0.25967 0.6974771 -0.02842944 0.7160431 0.7830801 5.12712e-5 0.6219209 0.3365617 0 0.9416614 0.3365623 0 0.9416612 0.6325772 0 0.7744973 0.9324966 -1.2365e-4 0.3611789 0.654905 0 -0.7557113 0.8702293 0 -0.4926469 0.9095376 -0.02843123 -0.4146482 0.9999992 0 0.001261174 0.9937512 -0.05310559 -0.09817528 0.9941503 0 0.1080061 0.9551508 0 -0.2961201 0.654904 0 -0.7557122 0.3387224 0.7071066 -0.6206992 0.3387659 0.7070339 -0.6207582 0.9828634 0 0.1843358 0.9828634 0 0.1843357 0.2407279 0.6988654 0.673526 0.4990757 0.6988647 0.5123589 0.6669698 0.6988673 0.258333 0.6669718 0.6988648 0.2583347 0.4990753 0.6988618 0.5123631 0.2407273 0.6988625 0.6735292 0.6951506 0.7069426 0.1303757 0.6951472 0.7069463 0.130374 0.7152543 0.6988638 9.00481e-4 0.6508143 0.6988642 -0.296698 0.4684241 0.6988645 -0.5405251 0.4684224 0.6988616 -0.5405303 0.6508142 0.6988641 -0.2966984 0.7152553 0.6988627 9.03387e-4 -0.09085494 0.7071076 -0.7012448 -0.09086471 0.7065855 -0.7017696 0.0856316 0 -0.9963269 0.4144597 0 -0.9100677 0.4921082 -0.0284298 -0.8700698 0.8097569 -1.24146e-4 -0.5867655 0.7463401 -0.05309844 -0.6634434 0.867716 0 -0.4970604 0.5988608 5.07689e-5 -0.8008533 0.0856325 0 -0.9963268 0.9859846 -0.05310302 -0.1581594 0.9338575 0 -0.3576456 0.9851501 -0.02842944 0.1693254 0.9990713 0 0.0430904 0.8257796 0 0.5639932 0.8257795 0 0.5639932 0.9670038 0 0.2547622 0.9667009 0 -0.2559092 0.4856413 0.7071071 0.5139574 0.4856442 0.7071074 0.5139541 0.9035037 0 -0.4285804 0.9035032 0 -0.4285814 0.5791816 0.6988674 -0.419682 0.3521254 0.6988647 -0.6225719 0.06124901 0.6988651 -0.7126263 0.06124866 0.698862 -0.7126293 0.3521243 0.6988615 -0.6225761 0.579181 0.6988641 -0.4196885 0.6390216 0.7069432 -0.3031217 0.639018 0.7069457 -0.3031235 0.5906414 0.6988648 0.4033991 0.704917 0.6988654 0.1211581 0.6914376 0.6988631 -0.1830423 0.6914395 0.6988619 -0.1830399 0.7049187 0.6988633 0.1211601 0.5906444 0.698861 0.4034013 0.694989 0.7071071 0.1303449 0.6949878 0.7071084 0.1303447 0.704717 -0.05310451 -0.7074983 0.5452879 0 -0.8382489 0.89653 -0.02842992 -0.4420699 0.8335918 0 -0.5523812 0.9995766 0 -0.02910047 0.9995765 0 -0.02910035 0.9320681 0 -0.3622832 0.6316578 0 -0.7752474 -0.3371074 -0.1823899 0.9236301 -0.05042815 0.1096518 0.99269 -0.1376616 -0.1840603 0.9732272 0.2131227 -0.1831063 0.9597139 0.2458778 0.0115922 0.9692316 0.5119437 -0.1823909 0.8394326 0.7491399 0.01159268 0.6623104 0.6533668 -0.1843 0.7342653 0.8698117 -0.1836634 0.4579251 0.9056449 0.1096532 0.4096137 0.9754853 -0.1823965 0.1231259 0.9684408 -0.1823887 -0.1698729 0.8849084 0.1096514 -0.452674 0.9116715 -0.1840578 -0.3673933 0.7245756 -0.1831037 -0.6644271 0.7164399 0.01159358 -0.6975525 0.4710009 -0.1823915 -0.8630711 0.1990062 0.01159256 -0.9799298 0.3092126 -0.1843021 -0.9329632 -0.03833144 -0.1836636 -0.9822416 -0.09808748 0.1096525 -0.9891185 -0.3811135 -0.1823918 -0.9063586 -0.6313357 -0.1823905 -0.7537565 -0.8344794 0.1096575 -0.540018 -0.7740096 -0.1840643 -0.6058297 -0.9376975 -0.1831079 -0.2952879 -0.9623178 0.01159709 -0.2716799 -0.9829428 -0.1823862 0.02363789 -0.9481462 0.01159358 0.3176234 -0.9625766 -0.1842995 0.1986957 -0.831483 -0.1836639 0.5243125 -0.8075568 0.1096566 0.5795063 -0.5943748 -0.1823909 0.7832319 -0.2920614 -0.5237959 0.8002113 -0.04321771 -0.5237941 0.8507479 0.2094634 -0.5237946 0.8256903 0.4435367 -0.5237972 0.7272632 0.6381955 -0.5237933 0.5642227 0.7761499 -0.5237928 0.351045 0.8451384 -0.5237959 0.1066735 0.8390331 -0.5237969 -0.1471747 0.7583758 -0.5237976 -0.387946 0.6103349 -0.5237969 -0.5942458 0.4080629 -0.5237923 -0.7477475 0.1695319 -0.523794 -0.8348047 -0.08406221 -0.5237933 -0.8476876 -0.3301875 -0.5237927 -0.7852499 -0.546975 -0.5237956 -0.6530365 -0.7151594 -0.5237957 -0.4628015 -0.8198009 -0.5237945 -0.2314429 -0.8515963 -0.523798 0.0204792 -0.8077271 -0.5237966 0.2705813 -0.6920865 -0.5237954 0.4966436 -0.5149518 -0.5237937 0.6785756 0.5506773 -0.7966939 0.2490655 0.5952945 -0.7966938 -0.1044201 0.433034 -0.796693 -0.4216183 0.1202834 -0.7966943 -0.5922924 -0.2342681 -0.7966958 -0.5571305 -0.5074049 -0.796694 -0.3283581 0.1949973 -0.9622531 -0.1898557 0.05416399 -0.9622518 -0.2667168 0.3041678 -0.8116226 0.4987491 0.09919166 -0.9841325 0.1471197 0.1491661 -0.9572091 0.2479928 0.08764165 -0.9628868 0.2552804 0.04366046 -0.9809911 0.1890777 0.1769374 -0.7985073 0.5753949 0.1197906 -0.8733116 0.4722045 0.08544909 -0.7877349 0.6100592 -0.02729451 -0.8429495 0.5373 0.07540547 -0.7796744 0.6216284 0.06135308 -0.7799025 0.622887 -0.002735078 -0.9832349 0.182323 -0.02131336 -0.954923 0.2960877 -0.07535564 -0.9628074 0.2594675 -0.06920766 -0.9822378 0.1744117 -0.1866748 -0.7980437 0.5729562 -0.173757 -0.8620676 0.4760756 -0.2977992 -0.7765787 0.5551948 -0.3063332 -0.8620967 0.4036698 -0.3057787 -0.7765638 0.5508612 -0.308167 -0.779848 0.544858 -0.1093679 -0.9822064 0.152674 -0.1927677 -0.9524834 0.2358303 -0.2112364 -0.9627138 0.1690011 -0.1517547 -0.9832618 0.100831 -0.4829958 -0.7975132 0.3615079 -0.4371533 -0.8429044 0.3137025 -0.5635671 -0.7796776 0.2729379 -0.461902 -0.8733295 0.1547331 -0.5593169 -0.7876957 0.2582636 -0.5657409 -0.7797455 0.2682058 -0.1828016 -0.9809599 0.06558471 -0.301288 -0.9498189 0.08408153 -0.2704076 -0.9626024 0.01663094 -0.1774007 -0.9841313 -0.003816843 -0.6038305 -0.7969177 0.01763737 -0.4252241 -0.8986189 -0.1080213 -0.5943615 -0.7964347 -0.1114735 -0.6009219 -0.7923284 -0.1053979 -0.477337 -0.8683252 -0.1347621 -0.1954237 -0.9793699 -0.05142295 -0.3029624 -0.946909 -0.1075976 -0.2310757 -0.9624751 -0.1422873 -0.1398993 -0.9848879 -0.1020981 -0.302468 -0.8842202 -0.3559044 -0.3922079 -0.8209074 -0.4150714 -0.4437664 -0.7999178 -0.4039839 -0.4099951 -0.8101665 -0.4189679 -0.3086917 -0.876858 -0.3685505 -0.1394567 -0.9771902 -0.1601601 -0.1911123 -0.9437298 -0.2699079 -0.1072524 -0.962332 -0.2498285 -0.09942841 -0.9665417 -0.2364556 -0.04278045 -0.8678205 -0.4950329 -0.0678718 -0.8488907 -0.5241926 -0.1321777 -0.7998442 -0.5854727 -0.08530712 -0.8299403 -0.5512911 -0.04696661 -0.8794789 -0.473615 -0.0289222 -0.9738339 -0.2254136 -9.01033e-4 -0.940249 -0.3404867 0.09424084 -0.9630444 -0.252318 0.1333509 -0.9674695 -0.2149891 0.2679162 -0.8495541 -0.4543995 0.2304416 -0.8766973 -0.4222543 0.2285754 -0.7997085 -0.5551752 0.237192 -0.8495405 -0.4711911 0.2304384 -0.8766959 -0.4222586 0.1087996 -0.9674611 -0.2284334 0.2012348 -0.9364408 -0.287373 0.2223486 -0.9630281 -0.1521119 0.2051747 -0.9738568 -0.09750074 0.5097613 -0.8299543 -0.2265378 0.4237166 -0.8794786 -0.2167524 0.5065979 -0.7995073 -0.3227176 0.4394747 -0.8678115 -0.2318734 0.4775605 -0.8488923 -0.2265349 0.3401985 -0.932317 -0.1226791 0.2526559 -0.9665408 -0.04431813 0.2694889 -0.9629968 0.003603339 0.2101465 -0.97719 0.03062856 0.5741738 -0.8101684 0.1181173 0.4769665 -0.8768573 0.06020271 0.5612776 -0.820906 0.1052653 0.6003798 -0.7992392 0.02758705 0.462957 -0.8842232 0.06180876 0.1615591 -0.9848877 0.06241005 0.291078 -0.9475976 0.131653 0.2184271 -0.9629498 0.1581684 0.1489804 -0.9793702 0.1365239 0.3715962 -0.8683251 0.328524 0.4153276 -0.7964343 0.4395402 0.4754554 -0.7989071 0.3683609 0.3209215 -0.8986149 0.2991666 0.4137691 -0.7923287 0.4483417 0.2544058 -0.9469085 0.1965757 0.2446871 -0.962475 0.1173464 0.358373 -0.9283266 0.09888684 0.5798491 -0.7999167 0.1546238 0.3303912 -0.9437299 0.01468747 0.268135 -0.9623311 -0.04497385 0.2625115 -0.9483438 -0.1781343 0.5639088 -0.7998461 -0.2055556 0.2867122 -0.9402999 -0.1833906 0.1612079 -0.9630428 -0.215779 0.3432578 -0.7997089 -0.4925848 0.1327294 -0.9365015 -0.3245732 0.007623016 -0.963028 -0.269294 -0.002660036 -0.7995054 -0.600653 -0.08086705 -0.9323854 -0.3523042 0.008017718 -0.9482853 -0.3173181 -0.1488388 -0.9629961 -0.2246904 -0.3480345 -0.7992393 -0.4899883 -0.2770569 -0.9283301 -0.2478766 -0.2682052 -0.9475969 -0.1735689 -0.2511991 -0.9629495 -0.09811884 -0.5670312 -0.7989084 -0.2005519 -0.5840127 -0.811623 0.014045 -0.289268 -0.9572083 0.008731305 -0.2621074 -0.9628866 0.06441485 -0.579639 -0.7985077 0.1624936 -0.5571503 -0.7799937 0.2849445 -0.2373733 -0.9549624 0.1780473 -0.1774362 -0.962809 0.2037535 -0.3808643 -0.7980454 0.4669755 -0.2914845 -0.7798469 0.5539637 -0.09400129 -0.9525232 0.2895917 -0.02784162 -0.9627134 0.2690871 -0.042719 -0.7975187 0.6017798 0.08053451 -0.7797478 0.6208927 0.09226763 -0.9498574 0.2987602 0.1323174 -0.9626021 0.2364091 0.3118704 -0.7969148 0.5173621 0.05416411 -0.9622533 -0.2667111 0.1949972 -0.9622526 -0.1898582 -0.5074046 -0.7966945 -0.3283573 -0.2342673 -0.7966917 -0.5571366 0.1202833 -0.7966966 -0.5922892 0.4330334 -0.7966941 -0.4216168 0.595294 -0.7966941 -0.1044208 0.5506767 -0.7966946 0.2490642 -0.514952 -0.5237947 0.6785748 -0.6920875 -0.5237952 0.4966423 -0.8077285 -0.5237931 0.2705839 -0.8515987 -0.5237943 0.0204795 -0.8198029 -0.5237905 -0.2314448 -0.7151614 -0.5237929 -0.4628016 -0.5469747 -0.5237922 -0.6530395 -0.3301872 -0.5237954 -0.7852483 -0.0840615 -0.5237951 -0.8476865 0.169532 -0.5237909 -0.8348066 0.408064 -0.5237956 -0.7477447 0.6103364 -0.5237947 -0.5942464 0.7583802 -0.5237924 -0.3879448 0.8390356 -0.5237929 -0.147175 0.8451399 -0.5237931 0.1066738 0.7761479 -0.5237979 0.3510419 0.6381959 -0.523794 0.5642215 0.4435342 -0.523795 0.7272663 0.2094641 -0.5237942 0.8256903 -0.04321777 -0.5237951 0.8507473 -0.2920596 -0.5237943 0.8002129 -0.5943713 -0.1823887 0.7832351 -0.7439935 -0.1840612 0.6423357 -0.9224206 -0.1831061 0.3400186 -0.9829426 -0.1823876 0.02363795 -0.9710152 -0.1842983 -0.1521968 -0.8557239 -0.1836647 -0.4837397 -0.6313352 -0.1823906 -0.7537569 -0.3811108 -0.1823893 -0.9063602 -0.1842838 -0.1840623 -0.9654847 0.1667447 -0.1831058 -0.9688491 0.4709987 -0.1823896 -0.8630726 0.6173159 -0.1842995 -0.7648234 0.8467951 -0.1836638 -0.4992051 0.9684408 -0.1823872 -0.1698744 0.9754869 -0.1823873 0.1231265 0.9282768 -0.1840597 0.3231474 0.7556772 -0.1831063 0.6288276 0.5119394 -0.1823866 0.8394363 0.3536981 -0.1843013 0.9170228 0.008929133 -0.1836642 0.9829485 -0.3371032 -0.1823874 0.9236321 -0.5163488 0 -0.8563784 -0.1996209 0 -0.9798732 -0.1132904 -0.02842986 -0.9931552 0.310215 -1.23787e-4 -0.9506665 0.2138444 -0.05309915 -0.9754236 0.4098302 0 -0.912162 0.01375436 5.06569e-5 -0.9999055 -0.516348 0 -0.8563789 -0.4856845 0.7071077 -0.5139157 -0.4860008 0.7065855 -0.5143346 0.4790356 0 -0.8777956 0.4790346 0 -0.8777961 0.3388066 0.7069452 -0.620837 0.3388074 0.7069445 -0.6208375 0.7149512 0.6988646 -0.02081263 0.6415063 0.6988635 -0.3163217 0.4517976 0.6988642 -0.5544977 0.4517977 0.698863 -0.5544993 0.6415059 0.6988646 -0.3163204 0.7149537 0.698862 -0.02081501 0.2218819 0.6988642 -0.6799685 -0.08106404 0.6988646 -0.7106454 -0.3693209 0.6988654 -0.6125271 -0.3693216 0.6988637 -0.6125285 -0.08106416 0.6988644 -0.7106456 0.2218836 0.6988655 -0.6799668 -0.275764 -0.2659272 0.9237083 -0.140053 0 0.9901441 0.2167882 0 0.9762187 0.121895 -0.3144305 0.9414219 0.5137042 -0.1631032 0.8423214 0.5137029 -0.1631036 0.8423222 0.6647512 0 0.7470648 0.7811771 -0.3144285 0.5393487 0.8848634 0 0.4658507 0.9921282 0 0.1252263 0.9474737 -0.2659272 0.177698 0.9378366 -0.2659271 -0.2230364 0.9275168 0 -0.3737816 0.734853 0.07690531 -0.6738522 0.7851804 -0.2489171 -0.5670381 0.8614476 0 -0.5078467 0.4726207 -0.1631036 -0.866041 0.4726197 -0.1631033 -0.8660416 0.3146001 0 -0.9492244 0.05205178 -0.2489176 -0.967125 -0.03899329 0 -0.9992395 0.2601816 0 -0.9655598 -0.3876149 0 -0.9218215 -0.3198456 -0.2659264 -0.9093855 -0.6620749 -0.2659255 -0.7006714 -0.7874621 0 -0.6163631 -0.9538244 0 -0.3003651 -0.8762434 -0.3144279 -0.3651476 -0.9793524 0 0.2021607 -0.9884129 0.1499168 0.02376949 -0.9941372 0.1004179 0.040093 -0.9974695 0.06130897 -0.03600001 -0.9927296 -0.03779667 -0.1142781 -0.9879378 0 -0.1548512 -0.8576787 -0.314428 0.4068446 -0.8458698 0 0.5333896 -0.6045135 0 0.796595 -0.62763 -0.2659265 0.7316856 -0.7569237 0 0.6535032 -0.9382835 0 0.3458674 -0.9849383 -0.02993762 0.1702951 -0.8705314 0 -0.4921131 -0.6421053 0 -0.7666165 -0.1874862 0 -0.9822672 0.16911 0.07690638 -0.9825921 0.6280741 0 -0.7781537 0.6712562 0 -0.7412255 0.9849618 0 -0.1727724 0.9444116 0 0.3287656 0.7686706 0 0.6396449 0.3598617 0 0.9330058 0.009083569 0 0.9999588 -0.3428552 0 0.9393883 0 1 9.40812e-7 0 1 1.47072e-6 0 1 -1.48455e-6 0 1 -1.01947e-6 0 1 9.76587e-7 0 1 -1.47072e-6 0 1 1.01947e-6 0 1 1.48455e-6 0 1 -9.76587e-7 0 1 -1.37626e-6 0 1 -1.79535e-6 0 1 2.06591e-6 0 1 -2.57356e-6 0 1 2.57356e-6 0 1 -1.21504e-6 0 1 1.7147e-6 0 1 -1.31802e-6 0 1 -9.40812e-7 0.6510714 0 -0.7590165 0.9035031 0 -0.4285818 0.999711 0 -0.02404123 0.9230598 0 0.3846565 0.6868032 0 0.7268435 0.3317919 0 0.9433526 -0.08058893 0 0.9967474 -0.4790353 0 0.8777956 -0.7946523 0 0.6070649 -0.9728665 0 0.2313674 -0.9828634 0 -0.1843358 -0.8229141 0 -0.5681659 -0.5206758 0 -0.8537546 -0.1284077 0 -0.9917215 0.2860633 0 -0.9582107 0.2860632 0 -0.9582108 -0.1284077 0 -0.9917215 -0.5206755 0 -0.8537546 -0.8229144 0 -0.5681655 -0.9828634 0 -0.1843358 -0.9728665 0 0.2313674 -0.7946522 0 0.6070652 -0.4790351 0 0.8777958 -0.08058863 0 0.9967476 0.3317922 0 0.9433525 0.9230599 0 0.3846566 0.9035031 0 -0.4285817 0.6510711 0 -0.7590167 0 -1 1.56313e-6 0 -1 -7.81565e-7 0 -1 -9.61928e-7 0 -1 1.56313e-6 0 -1 -7.81566e-7 0 -1 1.44289e-6 0 -1 7.81566e-7 0 -1 -1.07465e-6 0 -1 9.61927e-7 0 -1 -1.56313e-6 0 -1 -1.92386e-6 0 -1 1.92385e-6 0 -1 -1.92385e-6 0 -1 -9.61927e-7 0 -1 -6.01204e-7 -0.2860635 0 0.9582107 0.1284076 0 0.9917216 0.520676 0 0.8537545 0.8229141 0 0.5681657 0.9828634 0 0.1843357 0.9728664 0 -0.2313677 0.7946522 0 -0.6070651 0.4790359 0 -0.8777953 0.08058875 0 -0.9967474 -0.3317921 0 -0.9433525 -0.6868033 0 -0.7268434 -0.9230599 0 -0.3846563 -0.999711 0 0.02404105 -0.9035033 0 0.4285814 -0.651071 0 0.7590169 -0.9035033 0 0.4285813 -0.3317919 0 -0.9433527 0.4790349 0 -0.8777959 0.7946521 0 -0.6070652 0.9728664 0 -0.2313677 0.5206758 0 0.8537546 -0.2860632 0 0.9582108 0.1284086 0 0.9917214 0.5206754 0 0.8537548 0.9828634 0 0.184336 0.9728665 0 -0.2313674 0.794652 0 -0.6070653 0.4790352 0 -0.8777958 0.08058869 0 -0.9967475 -0.3317918 0 -0.9433526 -0.6868032 0 -0.7268435 -0.9230598 0 -0.3846566 -0.999711 0 0.02404117 -0.9035031 0 0.4285818 -0.6510708 0 0.7590171 -0.651072 0 0.759016 -0.9230597 0 -0.384657 -0.3317924 0 -0.9433525 0.7946524 0 -0.6070647 0.9828634 0 0.1843357 0.520677 0 0.8537538 0.1284062 0 0.9917218 0 1 -2.38192e-6 0 1 2.38192e-6 0 1 4.76383e-6 0 1 2.67965e-6 0 1 -4.76383e-6 0 1 1.33983e-6 0 1 -6.69913e-7 0 1 -2.38191e-6 0 1 2.67965e-6 -0.2860633 0 0.9582107 0.1284092 0 0.9917213 0.5206744 0 0.8537554 0.8229149 0 0.5681647 0.9828633 0 0.1843358 0.9728665 0 -0.2313671 0.7946526 0 -0.6070646 0.3846555 0 -0.9230602 0.4789702 -0.01638716 -0.8776782 0.08058851 0 -0.9967476 -0.3317939 0 -0.9433519 -0.6868019 0 -0.7268447 -0.9230597 0 -0.3846571 -0.999711 0 0.02404159 -0.903503 0 0.4285818 -0.6510712 0 0.7590168 -0.6510705 0 0.7590173 -0.9035035 0 0.4285807 -0.999711 0 0.02404153 -0.6868054 0 -0.7268414 -0.3317915 0 -0.9433528 0.08059108 0 -0.9967473 0.5681658 0 -0.8229141 0.9728665 0 -0.2313677 0.9828633 0 0.1843363 0.8229135 0 0.5681667 0.520677 0 0.8537538 0.1284067 0 0.9917216 0.1284074 0 0.9917215 0.5206753 0 0.8537548 0.4790354 0 -0.8777956 -0.3317925 0 -0.9433524 -0.9230597 0 -0.3846567 -0.999711 0 0.02404117 -0.6510715 0 0.7590164 -0.9035028 0 0.4285823 -0.9230598 0 -0.3846568 -0.6868032 0 -0.7268434 0.08058905 0 -0.9967474 0.8229143 0 0.5681657 0.1284078 0 0.9917215 0.1284075 0 0.9917215 0.5206757 0 0.8537545 0.8229142 0 0.5681658 0.9728665 0 -0.2313673 0.3846566 0 -0.9230598 0.4789705 -0.01638734 -0.8776781 0.08058875 0 -0.9967475 -0.999711 0 0.02404153 -0.6510716 0 0.7590164 -0.999711 0 0.02404153 -0.9230597 0 -0.384657 -0.6868037 0 -0.7268429 -0.3317921 0 -0.9433525 0.5681657 0 -0.8229142 0.7946522 0 -0.607065 0.9828633 0 0.1843361 0.8229144 0 0.5681653 0.1284078 0 0.9917215 -0.286063 0 0.9582108 0.1284073 0 0.9917216 0.5206762 0 0.8537543 0.8229144 0 0.5681654 0.08058983 0 -0.9967474 -0.3317928 0 -0.9433524 -0.9230598 0 -0.3846565 -0.999711 0 0.02404117 -0.6510713 0 0.7590166 -0.9035033 0 0.4285814 -0.92306 0 -0.3846561 0 1 -1.33983e-6 0 1 2.67965e-6 0 1 2.38191e-6 0 1 -2.38192e-6 -0.2860658 0 0.95821 0.5206764 0 0.8537542 0.822914 0 0.568166 0.9728664 0 -0.2313677 0.7946528 0 -0.6070641 0.384656 0 -0.92306 0.4789723 -0.01638716 -0.877677 0.0805884 0 -0.9967475 -0.9230599 0 -0.3846566 -0.9997111 0 0.02404052 -0.9035028 0 0.4285823 -0.9035025 0 0.4285829 -0.9230601 0 -0.3846559 -0.6868026 0 -0.7268441 0.5681653 0 -0.8229146 0.7946515 0 -0.6070659 0.9728665 0 -0.2313674 0.8229144 0 0.5681656 0.520675 0 0.8537551 0.128408 0 0.9917215 0.5206757 0 0.8537546 0.7946523 0 -0.6070649 0.4790369 0 -0.8777948 0.08058762 0 -0.9967476 -0.6868025 0 -0.7268441 0.08058989 0 -0.9967474 0.4790347 0 -0.877796 0 1 2.38192e-6 0 1 -1.33983e-6 0 1 -1.33983e-6 0 1 -2.38191e-6 0 1 1.33983e-6 0 1 4.76383e-6 0 1 -1.33983e-6 0.8229147 0 0.5681652 0.9828635 0 0.1843348 0.4789702 -0.01638698 -0.8776782 -0.3317911 0 -0.9433529 -0.999711 0 0.02404105 -0.9035033 0 0.4285813 -0.999711 0 0.02404099 0.9828634 0 0.1843353 0.8229128 0 0.5681677 -0.2860629 0 0.9582109 -0.3317923 0 -0.9433526 -0.999711 0 0.02404117 -0.903503 0 0.4285817 -0.9035031 0 0.4285817 0.7946523 0 -0.607065 -0.2860627 0 0.9582109 0.8229138 0 0.5681663 0.9828636 0 0.1843351 0.9728662 0 -0.2313683 0.794653 0 -0.6070641 0.4789708 -0.01638668 -0.8776779 0.08058905 0 -0.9967475 -0.6868028 0 -0.7268438 -0.999711 0 0.02404153 -0.6510713 0 0.7590166 -0.6510708 0 0.7590171 -0.9035032 0 0.4285814 -0.6868035 0 -0.7268432 -0.3317927 0 -0.9433524 0.5681648 0 -0.8229148 0.1284072 0 0.9917216 0 -1 -1.51342e-6 0 -1 -2.13223e-6 0 -1 7.04591e-7 0 -1 7.24136e-7 0 -1 7.1873e-7 0 -1 -1.14536e-6 0 -1 1.87206e-6 0 -1 -1.2436e-6 0 -1 -5.212e-6 0 -1 3.70372e-7 0 -1 -1.35985e-6 0 -1 7.98695e-6 0 -1 -1.62337e-6 0 -1 -4.72478e-7 0 -1 -7.04591e-7 0 -1 1.36029e-6 0 -1 2.44577e-6 0 -1 6.26248e-6 0 -1 -6.18879e-7 0 -1 -1.16145e-6 0 -1 7.45149e-7 0 -1 -3.44524e-6 0 -1 1.83669e-6 0 -1 1.64897e-6 0 -1 8.91796e-7 0 -1 1.59998e-5 0 -1 -4.1448e-6 0 -1 -3.69597e-6 0 -1 9.13807e-7 0 -1 -3.23912e-7 0 -1 2.46398e-6 0 -1 -5.95095e-7 0 -1 1.30391e-6 0 -1 -1.06397e-6 0 -1 1.59595e-6 0 -1 -2.60782e-6 0 -1 3.83695e-7 0 -1 3.56149e-6 0 -1 -3.67336e-6 0 -1 -3.44524e-6 0 -1 1.67461e-6 0 -1 2.89655e-6 0 -1 6.75812e-7 0 -1 -2.99641e-6 0 -1 -1.24563e-6 0 -1 3.70124e-7 0 -1 2.93991e-6 0 -1 -1.321e-6 0 -1 1.74217e-6 0 -1 -6.80146e-7 0 -1 5.53708e-7 0 -1 -1.73119e-7 0 -1 -3.39282e-6 0 -1 -7.55769e-7 0 -1 1.00176e-6 0 -1 1.46996e-6 0 -1 -5.0606e-7 0 -1 6.22813e-7 0 -1 2.5885e-6 0 -1 -1.86844e-6 0 -1 2.72641e-6 0 -1 -5.4065e-6 0 -1 -5.0606e-7 0 -1 -2.1206e-6 0 -1 -1.46387e-6 0 -1 4.51756e-7 0 -1 -6.07948e-7 0 -1 -4.36925e-6 0 -1 2.83604e-6 0 -1 -3.73967e-7 0 -1 1.01645e-6 0 -1 -9.09691e-7 0 -1 -7.67722e-7 0 -1 9.7591e-7 0 -1 9.68831e-7 0 -1 -9.68831e-7 0 -1 1.02056e-6 0 -1 2.4318e-6 0 -1 -4.84453e-7 0 -1 -1.49587e-6 0 -1 1.53544e-6 0 -1 -1.28784e-5 0 -1 -5.11952e-7 0 -1 3.70372e-7 0 -1 -1.53478e-6 0 -1 -7.57319e-7 0 -1 -2.24927e-7 0 -1 -5.02793e-6 0 -1 1.51342e-6 -0.2860609 0 0.9582116 0.1284065 0 0.9917216 0.7946512 0 -0.6070663 0.4789735 -0.01638686 -0.8776764 -0.3317935 0 -0.9433521 -0.651072 0 0.7590159 -0.686804 0 -0.7268427 0 1 -2.67965e-6 0.9828633 0 0.1843362 -0.999711 0 0.02404099 -0.6510714 0 0.7590165 0.1284084 0 0.9917215</float_array>
          <technique_common>
            <accessor source="#WHEEL-mesh-normals-array" count="10100" stride="3">
              <param name="X" type="float"/>
              <param name="Y" type="float"/>
              <param name="Z" type="float"/>
            </accessor>
          </technique_common>
        </source>
        <vertices id="WHEEL-mesh-vertices">
          <input semantic="POSITION" source="#WHEEL-mesh-positions"/>
        </vertices>
        <triangles count="11446">
          <input semantic="VERTEX" source="#WHEEL-mesh-vertices" offset="0"/>
          <input semantic="NORMAL" source="#WHEEL-mesh-normals" offset="1"/>
          <p>0 0 1 0 2 0 3 1 0 1 4 1 5 2 3 2 6 2 7 3 5 3 8 3 9 4 7 4 10 4 11 5 9 5 12 5 13 6 11 6 14 6 15 7 13 7 16 7 17 8 15 8 18 8 19 9 17 9 20 9 21 10 19 10 22 10 23 11 21 11 24 11 25 12 23 12 26 12 27 13 25 13 28 13 29 14 27 14 30 14 31 15 29 15 32 15 33 16 31 16 34 16 35 17 33 17 36 17 37 18 35 18 38 18 39 19 37 19 40 19 41 20 39 20 42 20 43 21 41 21 44 21 45 22 43 22 46 22 1 23 45 23 47 23 47 24 2 24 1 24 46 25 47 25 45 25 44 26 46 26 43 26 42 20 44 20 41 20 40 27 42 27 39 27 38 18 40 18 37 18 36 28 38 28 35 28 34 29 36 29 33 29 32 30 34 30 31 30 30 31 32 31 29 31 28 32 30 32 27 32 26 12 28 12 25 12 24 33 26 33 23 33 22 34 24 34 21 34 20 35 22 35 19 35 18 8 20 8 17 8 16 36 18 36 15 36 14 6 16 6 13 6 12 37 14 37 11 37 10 38 12 38 9 38 8 39 10 39 7 39 6 40 8 40 5 40 4 41 6 41 3 41 2 0 4 0 0 0 48 42 45 42 1 42 49 42 43 42 45 42 50 43 25 43 27 43 51 42 23 42 25 42 52 44 53 44 21 44 45 42 48 42 49 42 54 42 41 42 43 42 55 42 37 42 39 42 56 42 35 42 37 42 25 42 50 42 51 42 23 42 51 42 52 42 43 42 49 42 54 42 57 45 39 45 41 45 37 42 55 42 56 42 58 42 33 42 35 42 59 42 31 42 33 42 60 46 29 46 31 46 21 47 23 47 52 47 53 48 61 48 19 48 41 42 54 42 57 42 35 49 56 49 58 49 31 42 59 42 60 42 62 50 27 50 29 50 19 51 21 51 53 51 61 52 63 52 17 52 63 53 64 53 15 53 64 42 65 42 13 42 66 42 67 42 7 42 67 42 68 42 5 42 68 42 69 42 3 42 69 54 70 54 0 54 39 42 57 42 55 42 29 42 60 42 62 42 17 42 19 42 61 42 13 55 15 55 64 55 65 42 71 42 11 42 71 56 66 56 9 56 5 42 7 42 67 42 0 42 3 42 69 42 33 42 58 42 59 42 15 57 17 57 63 57 9 42 11 42 71 42 3 42 5 42 68 42 27 58 62 58 50 58 7 42 9 42 66 42 11 42 13 42 65 42 70 42 72 42 1 42 1 59 0 59 70 59 1 42 72 42 48 42 72 60 70 60 73 60 70 61 74 61 73 61 69 62 75 62 76 62 76 63 70 63 69 63 69 64 77 64 75 64 69 65 68 65 78 65 68 66 79 66 78 66 68 67 67 67 80 67 80 68 81 68 68 68 67 69 82 69 80 69 66 70 83 70 84 70 84 71 67 71 66 71 66 72 71 72 85 72 71 73 86 73 85 73 65 74 87 74 88 74 88 75 71 75 65 75 65 76 89 76 87 76 65 77 64 77 90 77 64 78 91 78 90 78 64 79 63 79 92 79 92 80 93 80 64 80 63 81 94 81 92 81 61 82 95 82 96 82 96 83 63 83 61 83 61 84 53 84 97 84 53 85 98 85 97 85 52 86 99 86 100 86 100 87 53 87 52 87 52 88 101 88 99 88 51 89 102 89 103 89 103 90 52 90 51 90 51 91 50 91 104 91 104 92 105 92 51 92 50 93 106 93 104 93 62 94 107 94 108 94 108 95 50 95 62 95 62 96 60 96 109 96 60 97 110 97 109 97 59 98 111 98 112 98 112 99 60 99 59 99 59 100 113 100 111 100 59 101 58 101 114 101 58 102 115 102 114 102 58 103 56 103 116 103 116 104 117 104 58 104 56 105 118 105 116 105 55 106 119 106 120 106 120 107 56 107 55 107 55 108 57 108 121 108 57 109 122 109 121 109 54 110 123 110 124 110 124 111 57 111 54 111 54 112 125 112 123 112 49 113 126 113 127 113 127 114 54 114 49 114 49 115 48 115 128 115 128 116 129 116 49 116 48 117 130 117 128 117 72 118 131 118 132 118 132 119 48 119 72 119 132 120 130 120 48 120 129 121 126 121 49 121 127 122 125 122 54 122 124 123 122 123 57 123 121 124 119 124 55 124 120 125 118 125 56 125 117 126 115 126 58 126 114 127 113 127 59 127 112 128 110 128 60 128 109 129 107 129 62 129 108 130 106 130 50 130 105 131 102 131 51 131 103 132 101 132 52 132 100 133 98 133 53 133 97 134 95 134 61 134 96 135 94 135 63 135 93 136 91 136 64 136 90 137 89 137 65 137 88 138 86 138 71 138 85 139 83 139 66 139 84 140 82 140 67 140 81 141 79 141 68 141 78 142 77 142 69 142 76 143 74 143 70 143 73 144 131 144 72 144 133 145 134 145 135 145 136 146 137 146 134 146 138 147 139 147 137 147 140 148 141 148 139 148 142 149 143 149 141 149 144 150 145 150 143 150 146 151 147 151 145 151 148 152 149 152 147 152 150 153 151 153 149 153 152 154 153 154 151 154 154 155 155 155 153 155 156 156 157 156 155 156 158 157 159 157 157 157 160 158 161 158 159 158 162 159 163 159 161 159 164 160 165 160 163 160 166 161 167 161 165 161 168 162 169 162 167 162 170 163 171 163 169 163 169 164 168 164 170 164 171 165 172 165 173 165 173 166 174 166 171 166 175 167 174 167 176 167 174 168 177 168 176 168 178 169 179 169 180 169 175 170 181 170 178 170 179 171 182 171 183 171 182 172 184 172 185 172 184 173 186 173 187 173 186 174 188 174 189 174 188 175 190 175 191 175 190 176 192 176 193 176 192 177 194 177 195 177 194 178 196 178 197 178 196 179 198 179 199 179 198 180 200 180 201 180 200 181 202 181 203 181 202 182 204 182 205 182 204 183 206 183 207 183 206 184 208 184 209 184 208 185 210 185 211 185 210 186 212 186 213 186 212 187 214 187 215 187 214 188 216 188 135 188 217 189 135 189 134 189 218 190 134 190 137 190 219 191 137 191 139 191 220 192 139 192 141 192 221 193 141 193 143 193 222 194 143 194 145 194 223 195 145 195 147 195 224 196 147 196 149 196 225 197 149 197 151 197 226 198 151 198 153 198 227 199 153 199 155 199 228 200 155 200 157 200 229 201 157 201 159 201 230 202 159 202 161 202 231 203 161 203 163 203 232 204 163 204 165 204 233 205 165 205 167 205 234 206 167 206 169 206 235 207 169 207 171 207 236 208 171 208 174 208 237 209 174 209 175 209 238 210 175 210 180 210 239 211 180 211 183 211 240 212 183 212 185 212 241 213 185 213 187 213 242 214 187 214 189 214 243 215 189 215 191 215 244 216 191 216 193 216 245 217 193 217 195 217 246 218 195 218 197 218 247 219 197 219 199 219 248 220 199 220 201 220 249 221 201 221 203 221 250 222 203 222 205 222 251 223 205 223 207 223 252 224 207 224 209 224 253 225 209 225 211 225 254 226 211 226 213 226 255 227 213 227 215 227 256 228 215 228 135 228 257 229 217 229 218 229 258 230 218 230 219 230 259 231 219 231 220 231 260 232 220 232 221 232 261 233 221 233 222 233 262 234 222 234 223 234 263 235 223 235 224 235 264 236 224 236 225 236 265 237 225 237 226 237 266 238 226 238 227 238 267 239 227 239 228 239 268 240 228 240 229 240 269 241 229 241 230 241 270 242 230 242 231 242 271 243 231 243 232 243 272 244 232 244 233 244 273 245 233 245 234 245 274 246 234 246 235 246 275 247 235 247 236 247 276 248 236 248 237 248 277 249 237 249 238 249 278 250 238 250 239 250 279 251 239 251 240 251 280 252 240 252 241 252 281 253 241 253 242 253 282 254 242 254 243 254 283 255 243 255 244 255 284 256 244 256 245 256 285 257 245 257 246 257 286 258 246 258 247 258 287 259 247 259 248 259 288 260 248 260 249 260 289 261 249 261 250 261 290 262 250 262 251 262 291 263 251 263 252 263 292 264 252 264 253 264 293 265 253 265 254 265 294 266 254 266 255 266 295 267 255 267 256 267 296 268 256 268 217 268 131 269 257 269 258 269 258 270 259 270 130 270 259 271 128 271 130 271 128 272 259 272 260 272 261 273 127 273 126 273 126 274 260 274 261 274 261 275 262 275 125 275 262 276 123 276 125 276 123 277 262 277 263 277 264 278 121 278 122 278 122 279 263 279 264 279 121 280 264 280 265 280 119 281 265 281 266 281 266 282 267 282 118 282 267 283 116 283 118 283 116 284 267 284 268 284 269 285 114 285 115 285 115 286 268 286 269 286 269 287 270 287 113 287 270 288 111 288 113 288 111 289 270 289 271 289 272 290 109 290 110 290 110 291 271 291 272 291 109 292 272 292 273 292 107 293 273 293 274 293 274 294 275 294 106 294 275 295 104 295 106 295 104 296 275 296 276 296 277 297 103 297 102 297 102 298 276 298 277 298 277 299 278 299 101 299 278 300 99 300 101 300 99 301 278 301 279 301 280 302 97 302 98 302 98 303 279 303 280 303 97 304 280 304 281 304 95 305 281 305 282 305 282 306 283 306 94 306 283 307 92 307 94 307 92 308 283 308 284 308 285 309 90 309 91 309 91 310 284 310 285 310 285 311 286 311 89 311 286 312 87 312 89 312 87 313 286 313 287 313 288 314 85 314 86 314 86 315 287 315 288 315 85 316 288 316 289 316 83 317 289 317 290 317 290 318 291 318 82 318 291 319 80 319 82 319 80 320 291 320 292 320 293 321 78 321 79 321 79 322 292 322 293 322 293 323 294 323 77 323 294 324 75 324 77 324 75 325 294 325 295 325 296 326 73 326 74 326 74 327 295 327 296 327 73 328 296 328 257 328 257 329 131 329 73 329 74 330 76 330 295 330 295 331 76 331 75 331 77 332 78 332 293 332 79 333 81 333 292 333 292 334 81 334 80 334 82 335 84 335 290 335 290 336 84 336 83 336 289 337 83 337 85 337 86 338 88 338 287 338 287 339 88 339 87 339 89 340 90 340 285 340 91 341 93 341 284 341 284 342 93 342 92 342 94 343 96 343 282 343 282 344 96 344 95 344 281 345 95 345 97 345 98 346 100 346 279 346 279 347 100 347 99 347 101 348 103 348 277 348 102 349 105 349 276 349 276 350 105 350 104 350 106 351 108 351 274 351 274 352 108 352 107 352 273 353 107 353 109 353 110 354 112 354 271 354 271 355 112 355 111 355 113 356 114 356 269 356 115 357 117 357 268 357 268 358 117 358 116 358 118 359 120 359 266 359 266 360 120 360 119 360 265 361 119 361 121 361 122 362 124 362 263 362 263 363 124 363 123 363 125 364 127 364 261 364 126 365 129 365 260 365 260 366 129 366 128 366 130 367 132 367 258 367 258 368 132 368 131 368 217 369 257 369 296 369 256 370 296 370 295 370 255 371 295 371 294 371 254 372 294 372 293 372 253 373 293 373 292 373 252 374 292 374 291 374 251 375 291 375 290 375 250 376 290 376 289 376 249 377 289 377 288 377 248 378 288 378 287 378 247 379 287 379 286 379 246 380 286 380 285 380 245 381 285 381 284 381 244 382 284 382 283 382 243 383 283 383 282 383 242 384 282 384 281 384 241 385 281 385 280 385 240 386 280 386 279 386 239 387 279 387 278 387 238 388 278 388 277 388 237 389 277 389 276 389 236 390 276 390 275 390 235 391 275 391 274 391 234 392 274 392 273 392 233 393 273 393 272 393 232 394 272 394 271 394 231 395 271 395 270 395 230 396 270 396 269 396 229 397 269 397 268 397 228 398 268 398 267 398 227 399 267 399 266 399 226 400 266 400 265 400 225 401 265 401 264 401 224 402 264 402 263 402 223 403 263 403 262 403 222 404 262 404 261 404 221 405 261 405 260 405 220 406 260 406 259 406 219 407 259 407 258 407 218 408 258 408 257 408 135 409 217 409 256 409 215 410 256 410 255 410 213 411 255 411 254 411 211 412 254 412 253 412 209 413 253 413 252 413 207 414 252 414 251 414 205 415 251 415 250 415 203 416 250 416 249 416 201 417 249 417 248 417 199 418 248 418 247 418 197 419 247 419 246 419 195 420 246 420 245 420 193 421 245 421 244 421 191 422 244 422 243 422 189 423 243 423 242 423 187 424 242 424 241 424 185 425 241 425 240 425 183 426 240 426 239 426 180 427 239 427 238 427 175 428 238 428 237 428 174 429 237 429 236 429 171 430 236 430 235 430 169 431 235 431 234 431 167 432 234 432 233 432 165 433 233 433 232 433 163 434 232 434 231 434 161 435 231 435 230 435 159 436 230 436 229 436 157 437 229 437 228 437 155 438 228 438 227 438 153 439 227 439 226 439 151 440 226 440 225 440 149 441 225 441 224 441 147 442 224 442 223 442 145 443 223 443 222 443 143 444 222 444 221 444 141 445 221 445 220 445 139 446 220 446 219 446 137 447 219 447 218 447 134 448 218 448 217 448 135 449 215 449 214 449 215 450 213 450 212 450 213 451 211 451 210 451 211 452 209 452 208 452 209 453 207 453 206 453 207 454 205 454 204 454 205 455 203 455 202 455 203 456 201 456 200 456 201 457 199 457 198 457 199 458 197 458 196 458 197 459 195 459 194 459 195 460 193 460 192 460 193 461 191 461 190 461 191 462 189 462 188 462 189 463 187 463 186 463 187 464 185 464 184 464 185 465 183 465 182 465 183 466 180 466 179 466 180 467 175 467 178 467 176 468 181 468 175 468 173 469 177 469 174 469 170 470 172 470 171 470 167 471 166 471 168 471 165 472 164 472 166 472 163 473 162 473 164 473 161 474 160 474 162 474 159 475 158 475 160 475 157 476 156 476 158 476 155 477 154 477 156 477 153 478 152 478 154 478 151 479 150 479 152 479 149 480 148 480 150 480 147 481 146 481 148 481 145 482 144 482 146 482 143 483 142 483 144 483 141 484 140 484 142 484 139 485 138 485 140 485 137 486 136 486 138 486 134 487 133 487 136 487 135 488 216 488 133 488 216 42 297 42 298 42 133 42 298 42 299 42 300 42 138 42 136 42 301 42 140 42 138 42 302 42 142 42 140 42 140 42 301 42 302 42 303 489 304 489 144 489 142 42 305 42 303 42 304 42 306 42 146 42 306 490 307 490 148 490 307 42 308 42 150 42 152 42 150 42 308 42 152 42 309 42 310 42 154 42 310 42 311 42 312 42 158 42 156 42 313 42 160 42 158 42 314 491 162 491 160 491 315 492 164 492 162 492 162 42 314 42 315 42 316 42 317 42 166 42 164 493 318 493 316 493 317 494 319 494 168 494 319 42 320 42 170 42 321 42 173 42 172 42 172 42 320 42 321 42 322 42 176 42 177 42 177 42 321 42 322 42 322 495 323 495 181 495 323 42 178 42 181 42 324 42 179 42 178 42 325 42 182 42 179 42 326 42 184 42 182 42 327 42 186 42 184 42 184 496 326 496 327 496 328 497 329 497 188 497 186 42 330 42 328 42 329 42 331 42 190 42 331 498 332 498 192 498 194 42 192 42 332 42 196 42 194 42 333 42 196 499 334 499 335 499 336 500 200 500 198 500 337 501 202 501 200 501 338 502 204 502 202 502 339 503 206 503 204 503 204 504 338 504 339 504 340 505 341 505 208 505 206 506 342 506 340 506 341 42 343 42 210 42 343 42 344 42 212 42 214 507 212 507 344 507 216 508 214 508 345 508 345 509 297 509 216 509 344 510 345 510 214 510 212 42 210 42 343 42 210 511 208 511 341 511 208 512 206 512 340 512 339 42 342 42 206 42 202 513 337 513 338 513 200 490 336 490 337 490 198 514 335 514 336 514 335 515 198 515 196 515 333 42 334 42 196 42 332 42 333 42 194 42 192 42 190 42 331 42 190 516 188 516 329 516 188 517 186 517 328 517 327 518 330 518 186 518 182 42 325 42 326 42 179 42 324 42 325 42 178 42 323 42 324 42 181 42 176 42 322 42 177 519 173 519 321 519 172 42 170 42 320 42 170 42 168 42 319 42 168 520 166 520 317 520 166 42 164 42 316 42 315 42 318 42 164 42 160 521 313 521 314 521 158 42 312 42 313 42 156 42 311 42 312 42 311 42 156 42 154 42 310 42 154 42 152 42 308 522 309 522 152 522 150 523 148 523 307 523 148 524 146 524 306 524 146 525 144 525 304 525 144 42 142 42 303 42 302 42 305 42 142 42 138 42 300 42 301 42 136 42 299 42 300 42 299 42 136 42 133 42 298 42 133 42 216 42 346 526 347 526 348 526 349 527 348 527 350 527 351 528 350 528 352 528 353 529 354 529 355 529 356 530 357 530 354 530 358 531 359 531 357 531 358 532 360 532 361 532 360 533 362 533 363 533 364 534 363 534 362 534 365 535 364 535 366 535 367 536 365 536 368 536 367 537 369 537 370 537 371 538 370 538 372 538 373 539 372 539 374 539 375 540 374 540 376 540 377 541 378 541 379 541 380 542 381 542 378 542 380 543 382 543 383 543 382 544 384 544 385 544 386 545 385 545 384 545 387 546 386 546 388 546 389 547 387 547 390 547 391 548 392 548 393 548 394 549 393 549 395 549 396 550 395 550 397 550 398 551 399 551 400 551 401 552 402 552 399 552 401 553 403 553 404 553 403 554 405 554 406 554 407 555 406 555 405 555 408 556 407 556 409 556 410 557 408 557 411 557 412 558 410 558 413 558 412 559 414 559 415 559 416 560 415 560 417 560 418 561 417 561 419 561 420 562 421 562 422 562 423 563 424 563 421 563 423 564 425 564 426 564 425 565 427 565 428 565 427 566 429 566 430 566 431 567 430 567 429 567 432 568 431 568 433 568 346 569 432 569 434 569 435 570 346 570 349 570 436 571 349 571 351 571 437 572 351 572 355 572 438 573 355 573 354 573 439 574 354 574 357 574 440 575 357 575 359 575 441 576 359 576 361 576 442 577 361 577 363 577 443 578 363 578 364 578 444 579 364 579 365 579 445 580 365 580 367 580 446 581 367 581 371 581 447 582 371 582 373 582 448 583 373 583 375 583 449 584 375 584 379 584 450 585 379 585 378 585 451 586 378 586 381 586 452 587 381 587 383 587 453 588 383 588 385 588 454 589 385 589 386 589 455 590 386 590 387 590 456 591 387 591 389 591 457 592 389 592 391 592 458 593 391 593 394 593 459 594 394 594 396 594 460 595 396 595 400 595 461 596 400 596 399 596 462 597 399 597 402 597 463 598 402 598 404 598 464 599 404 599 406 599 465 600 406 600 407 600 466 601 407 601 408 601 467 602 408 602 410 602 468 603 410 603 412 603 469 604 412 604 416 604 470 605 416 605 418 605 471 606 418 606 422 606 472 607 422 607 421 607 473 608 421 608 424 608 474 609 424 609 426 609 475 610 426 610 428 610 476 611 428 611 430 611 477 612 430 612 431 612 478 613 431 613 432 613 479 614 432 614 346 614 480 615 435 615 436 615 481 616 436 616 437 616 482 617 437 617 438 617 483 618 438 618 439 618 484 619 439 619 440 619 485 620 440 620 441 620 486 621 441 621 442 621 487 622 442 622 443 622 488 623 443 623 444 623 489 624 444 624 445 624 490 625 445 625 446 625 491 626 446 626 447 626 492 627 447 627 448 627 493 628 448 628 449 628 494 629 449 629 450 629 495 630 450 630 451 630 496 631 451 631 452 631 497 632 452 632 453 632 498 633 453 633 454 633 499 634 454 634 455 634 500 635 455 635 456 635 501 636 456 636 457 636 502 637 457 637 458 637 503 638 458 638 459 638 504 639 459 639 460 639 505 640 460 640 461 640 506 641 461 641 462 641 507 642 462 642 463 642 508 643 463 643 464 643 509 644 464 644 465 644 510 645 465 645 466 645 511 646 466 646 467 646 512 647 467 647 468 647 513 648 468 648 469 648 514 649 469 649 470 649 515 650 470 650 471 650 516 651 471 651 472 651 517 652 472 652 473 652 518 653 473 653 474 653 519 654 474 654 475 654 520 655 475 655 476 655 521 656 476 656 477 656 522 657 477 657 478 657 523 658 478 658 479 658 524 659 479 659 435 659 525 660 480 660 481 660 526 661 481 661 482 661 527 662 482 662 483 662 528 663 483 663 484 663 529 664 484 664 485 664 530 665 485 665 486 665 531 666 486 666 487 666 532 667 487 667 488 667 533 668 488 668 489 668 534 669 489 669 490 669 535 670 490 670 491 670 536 671 491 671 492 671 537 672 492 672 493 672 538 673 493 673 494 673 539 674 494 674 495 674 540 675 495 675 496 675 541 676 496 676 497 676 542 677 497 677 498 677 543 678 498 678 499 678 544 679 499 679 500 679 545 680 500 680 501 680 546 681 501 681 502 681 547 682 502 682 503 682 548 683 503 683 504 683 549 684 504 684 505 684 550 685 505 685 506 685 551 686 506 686 507 686 552 687 507 687 508 687 553 688 508 688 509 688 554 689 509 689 510 689 555 690 510 690 511 690 556 691 511 691 512 691 557 692 512 692 513 692 558 693 513 693 514 693 559 694 514 694 515 694 560 695 515 695 516 695 561 696 516 696 517 696 562 697 517 697 518 697 563 698 518 698 519 698 564 699 519 699 520 699 565 700 520 700 521 700 566 701 521 701 522 701 567 702 522 702 523 702 568 703 523 703 524 703 569 704 524 704 480 704 570 705 525 705 526 705 571 706 526 706 527 706 572 707 527 707 528 707 573 708 528 708 529 708 574 709 529 709 530 709 575 710 530 710 531 710 576 711 531 711 532 711 577 712 532 712 533 712 578 713 533 713 534 713 579 714 534 714 535 714 580 715 535 715 536 715 581 716 536 716 537 716 582 717 537 717 538 717 583 718 538 718 539 718 584 719 539 719 540 719 585 720 540 720 541 720 586 721 541 721 542 721 587 722 542 722 543 722 588 723 543 723 544 723 589 724 544 724 545 724 590 725 545 725 546 725 591 726 546 726 547 726 592 727 547 727 548 727 593 728 548 728 549 728 594 729 549 729 550 729 595 730 550 730 551 730 596 731 551 731 552 731 597 732 552 732 553 732 598 733 553 733 554 733 599 734 554 734 555 734 600 735 555 735 556 735 601 736 556 736 557 736 602 737 557 737 558 737 603 738 558 738 559 738 604 739 559 739 560 739 605 740 560 740 561 740 606 741 561 741 562 741 607 742 562 742 563 742 608 743 563 743 564 743 609 744 564 744 565 744 610 745 565 745 566 745 611 746 566 746 567 746 612 747 567 747 568 747 613 748 568 748 569 748 614 749 569 749 525 749 615 750 570 750 571 750 616 751 571 751 572 751 617 752 572 752 573 752 618 753 573 753 574 753 619 754 574 754 575 754 620 755 575 755 576 755 621 756 576 756 577 756 622 757 577 757 578 757 623 758 578 758 579 758 624 759 579 759 580 759 625 760 580 760 581 760 626 761 581 761 582 761 627 762 582 762 583 762 628 763 583 763 584 763 629 764 584 764 585 764 630 765 585 765 586 765 631 766 586 766 587 766 632 767 587 767 588 767 633 768 588 768 589 768 634 769 589 769 590 769 635 770 590 770 591 770 636 771 591 771 592 771 637 772 592 772 593 772 638 773 593 773 594 773 639 774 594 774 595 774 640 775 595 775 596 775 641 776 596 776 597 776 642 777 597 777 598 777 643 778 598 778 599 778 644 779 599 779 600 779 645 780 600 780 601 780 646 781 601 781 602 781 647 782 602 782 603 782 648 783 603 783 604 783 649 784 604 784 605 784 650 785 605 785 606 785 651 786 606 786 607 786 652 787 607 787 608 787 653 788 608 788 609 788 654 789 609 789 610 789 655 790 610 790 611 790 656 791 611 791 612 791 657 792 612 792 613 792 658 793 613 793 614 793 659 794 614 794 570 794 660 795 615 795 616 795 661 796 616 796 617 796 662 797 617 797 618 797 663 798 618 798 619 798 664 799 619 799 620 799 665 800 620 800 621 800 666 801 621 801 622 801 667 802 622 802 623 802 668 803 623 803 624 803 669 804 624 804 625 804 670 805 625 805 626 805 671 806 626 806 627 806 672 807 627 807 628 807 673 808 628 808 629 808 674 809 629 809 630 809 675 810 630 810 631 810 676 811 631 811 632 811 677 812 632 812 633 812 678 813 633 813 634 813 679 814 634 814 635 814 680 815 635 815 636 815 681 816 636 816 637 816 682 817 637 817 638 817 683 818 638 818 639 818 684 819 639 819 640 819 685 820 640 820 641 820 686 821 641 821 642 821 687 822 642 822 643 822 688 823 643 823 644 823 689 824 644 824 645 824 690 825 645 825 646 825 691 826 646 826 647 826 692 827 647 827 648 827 693 828 648 828 649 828 694 829 649 829 650 829 695 830 650 830 651 830 696 831 651 831 652 831 697 832 652 832 653 832 698 833 653 833 654 833 699 834 654 834 655 834 700 835 655 835 656 835 701 836 656 836 657 836 702 837 657 837 658 837 703 838 658 838 659 838 704 839 659 839 615 839 705 840 660 840 661 840 706 841 661 841 662 841 707 842 662 842 663 842 708 843 663 843 664 843 709 844 664 844 665 844 710 845 665 845 666 845 711 846 666 846 667 846 712 847 667 847 668 847 713 848 668 848 669 848 714 849 669 849 670 849 715 850 670 850 671 850 716 851 671 851 672 851 717 852 672 852 673 852 718 853 673 853 674 853 719 854 674 854 675 854 720 855 675 855 676 855 721 856 676 856 677 856 722 857 677 857 678 857 723 858 678 858 679 858 724 859 679 859 680 859 725 860 680 860 681 860 726 861 681 861 682 861 727 862 682 862 683 862 728 863 683 863 684 863 729 864 684 864 685 864 730 865 685 865 686 865 731 866 686 866 687 866 732 867 687 867 688 867 733 868 688 868 689 868 734 869 689 869 690 869 735 870 690 870 691 870 736 871 691 871 692 871 737 872 692 872 693 872 738 873 693 873 694 873 739 874 694 874 695 874 740 875 695 875 696 875 741 876 696 876 697 876 742 877 697 877 698 877 743 878 698 878 699 878 744 879 699 879 700 879 745 880 700 880 701 880 746 881 701 881 702 881 747 882 702 882 703 882 748 883 703 883 704 883 749 884 704 884 660 884 297 885 705 885 706 885 298 886 706 886 707 886 299 887 707 887 708 887 300 888 708 888 709 888 301 889 709 889 710 889 711 890 303 890 305 890 305 891 710 891 711 891 303 892 711 892 712 892 304 893 712 893 713 893 306 894 713 894 714 894 307 895 714 895 715 895 308 896 715 896 716 896 309 897 716 897 717 897 310 898 717 898 718 898 311 899 718 899 719 899 312 900 719 900 720 900 313 901 720 901 721 901 314 902 721 902 722 902 722 903 723 903 318 903 723 904 316 904 318 904 316 905 723 905 724 905 317 906 724 906 725 906 319 907 725 907 726 907 320 908 726 908 727 908 321 909 727 909 728 909 322 910 728 910 729 910 323 911 729 911 730 911 324 912 730 912 731 912 325 913 731 913 732 913 326 914 732 914 733 914 733 915 734 915 330 915 734 916 328 916 330 916 328 917 734 917 735 917 329 918 735 918 736 918 331 919 736 919 737 919 332 920 737 920 738 920 333 921 738 921 739 921 334 922 739 922 740 922 335 923 740 923 741 923 336 924 741 924 742 924 337 925 742 925 743 925 338 926 743 926 744 926 744 927 745 927 342 927 745 928 340 928 342 928 340 929 745 929 746 929 341 930 746 930 747 930 343 931 747 931 748 931 344 932 748 932 749 932 345 933 749 933 705 933 705 934 297 934 345 934 749 935 345 935 344 935 748 936 344 936 343 936 747 937 343 937 341 937 746 938 341 938 340 938 342 939 339 939 744 939 744 940 339 940 338 940 743 941 338 941 337 941 742 942 337 942 336 942 741 943 336 943 335 943 740 944 335 944 334 944 739 945 334 945 333 945 738 946 333 946 332 946 737 947 332 947 331 947 736 948 331 948 329 948 735 949 329 949 328 949 330 950 327 950 733 950 733 951 327 951 326 951 732 952 326 952 325 952 731 953 325 953 324 953 730 954 324 954 323 954 729 955 323 955 322 955 728 956 322 956 321 956 727 957 321 957 320 957 726 958 320 958 319 958 725 959 319 959 317 959 724 960 317 960 316 960 318 961 315 961 722 961 722 962 315 962 314 962 721 963 314 963 313 963 720 964 313 964 312 964 719 965 312 965 311 965 718 966 311 966 310 966 717 967 310 967 309 967 716 968 309 968 308 968 715 969 308 969 307 969 714 970 307 970 306 970 713 971 306 971 304 971 712 972 304 972 303 972 305 973 302 973 710 973 710 974 302 974 301 974 709 975 301 975 300 975 708 976 300 976 299 976 707 977 299 977 298 977 706 978 298 978 297 978 660 979 705 979 749 979 704 980 749 980 748 980 703 981 748 981 747 981 702 982 747 982 746 982 701 983 746 983 745 983 700 984 745 984 744 984 699 985 744 985 743 985 698 986 743 986 742 986 697 987 742 987 741 987 696 988 741 988 740 988 695 989 740 989 739 989 694 990 739 990 738 990 693 991 738 991 737 991 692 992 737 992 736 992 691 993 736 993 735 993 690 994 735 994 734 994 689 995 734 995 733 995 688 996 733 996 732 996 687 997 732 997 731 997 686 998 731 998 730 998 685 999 730 999 729 999 684 1000 729 1000 728 1000 683 1001 728 1001 727 1001 682 1002 727 1002 726 1002 681 1003 726 1003 725 1003 680 1004 725 1004 724 1004 679 1005 724 1005 723 1005 678 1006 723 1006 722 1006 677 1007 722 1007 721 1007 676 1008 721 1008 720 1008 675 1009 720 1009 719 1009 674 1010 719 1010 718 1010 673 1011 718 1011 717 1011 672 1012 717 1012 716 1012 671 1013 716 1013 715 1013 670 1014 715 1014 714 1014 669 1015 714 1015 713 1015 668 1016 713 1016 712 1016 667 1017 712 1017 711 1017 666 1018 711 1018 710 1018 665 1019 710 1019 709 1019 664 1020 709 1020 708 1020 663 1021 708 1021 707 1021 662 1022 707 1022 706 1022 661 1023 706 1023 705 1023 615 1024 660 1024 704 1024 659 1025 704 1025 703 1025 658 1026 703 1026 702 1026 657 1027 702 1027 701 1027 656 1028 701 1028 700 1028 655 1029 700 1029 699 1029 654 1030 699 1030 698 1030 653 1031 698 1031 697 1031 652 1032 697 1032 696 1032 651 1033 696 1033 695 1033 650 1034 695 1034 694 1034 649 1035 694 1035 693 1035 648 1036 693 1036 692 1036 647 1037 692 1037 691 1037 646 1038 691 1038 690 1038 645 1039 690 1039 689 1039 644 1040 689 1040 688 1040 643 1041 688 1041 687 1041 642 1042 687 1042 686 1042 641 1043 686 1043 685 1043 640 1044 685 1044 684 1044 639 1045 684 1045 683 1045 638 1046 683 1046 682 1046 637 1047 682 1047 681 1047 636 1048 681 1048 680 1048 635 1049 680 1049 679 1049 634 1050 679 1050 678 1050 633 1051 678 1051 677 1051 632 1052 677 1052 676 1052 631 1053 676 1053 675 1053 630 1054 675 1054 674 1054 629 1055 674 1055 673 1055 628 1056 673 1056 672 1056 627 1057 672 1057 671 1057 626 1058 671 1058 670 1058 625 1059 670 1059 669 1059 624 1060 669 1060 668 1060 623 1061 668 1061 667 1061 622 1062 667 1062 666 1062 621 1063 666 1063 665 1063 620 1064 665 1064 664 1064 619 1065 664 1065 663 1065 618 1066 663 1066 662 1066 617 1067 662 1067 661 1067 616 1068 661 1068 660 1068 570 1069 615 1069 659 1069 614 1070 659 1070 658 1070 613 1071 658 1071 657 1071 612 1072 657 1072 656 1072 611 1073 656 1073 655 1073 610 1074 655 1074 654 1074 609 1075 654 1075 653 1075 608 1076 653 1076 652 1076 607 1077 652 1077 651 1077 606 1078 651 1078 650 1078 605 1079 650 1079 649 1079 604 1080 649 1080 648 1080 603 1081 648 1081 647 1081 602 1082 647 1082 646 1082 601 1083 646 1083 645 1083 600 1084 645 1084 644 1084 599 1085 644 1085 643 1085 598 1086 643 1086 642 1086 597 1087 642 1087 641 1087 596 1088 641 1088 640 1088 595 1089 640 1089 639 1089 594 1090 639 1090 638 1090 593 1091 638 1091 637 1091 592 1092 637 1092 636 1092 591 1093 636 1093 635 1093 590 1094 635 1094 634 1094 589 1095 634 1095 633 1095 588 1096 633 1096 632 1096 587 1097 632 1097 631 1097 586 1098 631 1098 630 1098 585 1099 630 1099 629 1099 584 1100 629 1100 628 1100 583 1101 628 1101 627 1101 582 1102 627 1102 626 1102 581 1103 626 1103 625 1103 580 1104 625 1104 624 1104 579 1105 624 1105 623 1105 578 1106 623 1106 622 1106 577 1107 622 1107 621 1107 576 1108 621 1108 620 1108 575 1109 620 1109 619 1109 574 1110 619 1110 618 1110 573 1111 618 1111 617 1111 572 1112 617 1112 616 1112 571 1113 616 1113 615 1113 525 749 570 749 614 749 569 1114 614 1114 613 1114 568 1115 613 1115 612 1115 567 1116 612 1116 611 1116 566 745 611 745 610 745 565 1117 610 1117 609 1117 564 743 609 743 608 743 563 1118 608 1118 607 1118 562 741 607 741 606 741 561 1119 606 1119 605 1119 560 1120 605 1120 604 1120 559 1121 604 1121 603 1121 558 737 603 737 602 737 557 1122 602 1122 601 1122 556 1123 601 1123 600 1123 555 1124 600 1124 599 1124 554 733 599 733 598 733 553 732 598 732 597 732 552 731 597 731 596 731 551 730 596 730 595 730 550 1125 595 1125 594 1125 549 1126 594 1126 593 1126 548 1127 593 1127 592 1127 547 1128 592 1128 591 1128 546 725 591 725 590 725 545 1129 590 1129 589 1129 544 1130 589 1130 588 1130 543 1131 588 1131 587 1131 542 721 587 721 586 721 541 1132 586 1132 585 1132 540 719 585 719 584 719 539 1133 584 1133 583 1133 538 1134 583 1134 582 1134 537 1135 582 1135 581 1135 536 1136 581 1136 580 1136 535 714 580 714 579 714 534 1137 579 1137 578 1137 533 1138 578 1138 577 1138 532 1139 577 1139 576 1139 531 1140 576 1140 575 1140 530 1141 575 1141 574 1141 529 1142 574 1142 573 1142 528 1143 573 1143 572 1143 527 1144 572 1144 571 1144 526 1145 571 1145 570 1145 480 1146 525 1146 569 1146 524 1147 569 1147 568 1147 523 1148 568 1148 567 1148 522 1149 567 1149 566 1149 521 1150 566 1150 565 1150 520 1151 565 1151 564 1151 519 1152 564 1152 563 1152 518 1153 563 1153 562 1153 517 1154 562 1154 561 1154 516 1155 561 1155 560 1155 515 1156 560 1156 559 1156 514 1157 559 1157 558 1157 513 1158 558 1158 557 1158 512 1159 557 1159 556 1159 511 1160 556 1160 555 1160 510 1161 555 1161 554 1161 509 1162 554 1162 553 1162 508 1163 553 1163 552 1163 507 1164 552 1164 551 1164 506 1165 551 1165 550 1165 505 1166 550 1166 549 1166 504 1167 549 1167 548 1167 503 1168 548 1168 547 1168 502 1169 547 1169 546 1169 501 1170 546 1170 545 1170 500 1171 545 1171 544 1171 499 1172 544 1172 543 1172 498 1173 543 1173 542 1173 497 1174 542 1174 541 1174 496 1175 541 1175 540 1175 495 1176 540 1176 539 1176 494 1177 539 1177 538 1177 493 1178 538 1178 537 1178 492 1179 537 1179 536 1179 491 1180 536 1180 535 1180 490 1181 535 1181 534 1181 489 1182 534 1182 533 1182 488 1183 533 1183 532 1183 487 1184 532 1184 531 1184 486 1185 531 1185 530 1185 485 1186 530 1186 529 1186 484 1187 529 1187 528 1187 483 1188 528 1188 527 1188 482 1189 527 1189 526 1189 481 1190 526 1190 525 1190 435 1191 480 1191 524 1191 479 1192 524 1192 523 1192 478 1193 523 1193 522 1193 477 1194 522 1194 521 1194 476 1195 521 1195 520 1195 475 1196 520 1196 519 1196 474 1197 519 1197 518 1197 473 1198 518 1198 517 1198 472 1199 517 1199 516 1199 471 1200 516 1200 515 1200 470 1201 515 1201 514 1201 469 1202 514 1202 513 1202 468 1203 513 1203 512 1203 467 1204 512 1204 511 1204 466 1205 511 1205 510 1205 465 1206 510 1206 509 1206 464 1207 509 1207 508 1207 463 1208 508 1208 507 1208 462 1209 507 1209 506 1209 461 1210 506 1210 505 1210 460 1211 505 1211 504 1211 459 1212 504 1212 503 1212 458 1213 503 1213 502 1213 457 1214 502 1214 501 1214 456 1215 501 1215 500 1215 455 1216 500 1216 499 1216 454 1217 499 1217 498 1217 453 1218 498 1218 497 1218 452 1219 497 1219 496 1219 451 1220 496 1220 495 1220 450 1221 495 1221 494 1221 449 1222 494 1222 493 1222 448 1223 493 1223 492 1223 447 1224 492 1224 491 1224 446 1225 491 1225 490 1225 445 1226 490 1226 489 1226 444 1227 489 1227 488 1227 443 1228 488 1228 487 1228 442 1229 487 1229 486 1229 441 1230 486 1230 485 1230 440 1231 485 1231 484 1231 439 1232 484 1232 483 1232 438 1233 483 1233 482 1233 437 1234 482 1234 481 1234 436 1235 481 1235 480 1235 346 1236 435 1236 479 1236 432 1237 479 1237 478 1237 431 1238 478 1238 477 1238 430 1239 477 1239 476 1239 428 1240 476 1240 475 1240 426 1241 475 1241 474 1241 424 1242 474 1242 473 1242 421 1243 473 1243 472 1243 422 1244 472 1244 471 1244 418 1245 471 1245 470 1245 416 1246 470 1246 469 1246 412 1247 469 1247 468 1247 410 1248 468 1248 467 1248 408 1249 467 1249 466 1249 407 1250 466 1250 465 1250 406 1251 465 1251 464 1251 404 1252 464 1252 463 1252 402 1253 463 1253 462 1253 399 1254 462 1254 461 1254 400 1255 461 1255 460 1255 396 1256 460 1256 459 1256 394 1257 459 1257 458 1257 391 1258 458 1258 457 1258 389 1259 457 1259 456 1259 387 1260 456 1260 455 1260 386 1261 455 1261 454 1261 385 1262 454 1262 453 1262 383 1263 453 1263 452 1263 381 1264 452 1264 451 1264 378 1265 451 1265 450 1265 379 1266 450 1266 449 1266 375 1267 449 1267 448 1267 373 1268 448 1268 447 1268 371 1269 447 1269 446 1269 367 1270 446 1270 445 1270 365 1271 445 1271 444 1271 364 1272 444 1272 443 1272 363 1273 443 1273 442 1273 361 1274 442 1274 441 1274 359 1275 441 1275 440 1275 357 1276 440 1276 439 1276 354 1277 439 1277 438 1277 355 1278 438 1278 437 1278 351 1279 437 1279 436 1279 349 1280 436 1280 435 1280 434 1281 347 1281 346 1281 433 1282 434 1282 432 1282 429 1283 433 1283 431 1283 430 1284 428 1284 427 1284 428 1285 426 1285 425 1285 426 1286 424 1286 423 1286 421 1287 420 1287 423 1287 422 1288 419 1288 420 1288 419 1289 422 1289 418 1289 417 1290 418 1290 416 1290 415 1291 416 1291 412 1291 413 1292 414 1292 412 1292 411 1293 413 1293 410 1293 409 1294 411 1294 408 1294 405 1295 409 1295 407 1295 406 1296 404 1296 403 1296 404 1297 402 1297 401 1297 399 1298 398 1298 401 1298 400 1299 397 1299 398 1299 397 1300 400 1300 396 1300 395 1301 396 1301 394 1301 393 1302 394 1302 391 1302 391 1303 389 1303 392 1303 390 1304 392 1304 389 1304 388 1305 390 1305 387 1305 384 1306 388 1306 386 1306 385 1307 383 1307 382 1307 383 1308 381 1308 380 1308 378 1309 377 1309 380 1309 379 1310 376 1310 377 1310 376 1311 379 1311 375 1311 374 1312 375 1312 373 1312 372 1313 373 1313 371 1313 370 1314 371 1314 367 1314 368 1315 369 1315 367 1315 366 1316 368 1316 365 1316 362 1317 366 1317 364 1317 363 1318 361 1318 360 1318 361 1319 359 1319 358 1319 357 1320 356 1320 358 1320 354 1321 353 1321 356 1321 355 1322 352 1322 353 1322 352 1323 355 1323 351 1323 350 1324 351 1324 349 1324 348 1325 349 1325 346 1325 390 1326 750 1326 751 1326 388 1327 752 1327 750 1327 384 1328 753 1328 752 1328 382 1329 754 1329 753 1329 380 1330 755 1330 754 1330 377 1331 756 1331 755 1331 376 1327 757 1327 756 1327 374 1327 758 1327 757 1327 372 1332 759 1332 758 1332 370 1327 760 1327 759 1327 760 1333 369 1333 368 1333 760 1327 370 1327 369 1327 366 1327 761 1327 762 1327 362 1327 763 1327 761 1327 360 1327 764 1327 763 1327 358 1327 765 1327 764 1327 356 1327 766 1327 765 1327 353 1334 767 1334 766 1334 352 1327 768 1327 769 1327 769 1327 353 1327 352 1327 350 1335 770 1335 771 1335 771 1327 352 1327 350 1327 348 1327 772 1327 773 1327 773 1327 350 1327 348 1327 348 1327 347 1327 774 1327 434 1336 775 1336 774 1336 774 1337 347 1337 434 1337 434 1327 433 1327 776 1327 433 1327 777 1327 776 1327 433 1327 429 1327 778 1327 429 1327 779 1327 778 1327 429 1327 427 1327 780 1327 427 1338 781 1338 780 1338 427 1327 425 1327 782 1327 425 1339 423 1339 783 1339 423 1340 420 1340 784 1340 420 1327 419 1327 785 1327 419 1341 417 1341 786 1341 417 1342 415 1342 787 1342 788 1343 787 1343 415 1343 415 1344 414 1344 788 1344 413 1345 411 1345 789 1345 411 1327 409 1327 790 1327 409 1346 405 1346 791 1346 405 1347 403 1347 792 1347 403 1348 401 1348 793 1348 401 1349 398 1349 794 1349 398 1327 397 1327 795 1327 397 1350 395 1350 796 1350 395 1351 393 1351 797 1351 393 1352 392 1352 751 1352 751 1353 797 1353 393 1353 797 1354 796 1354 395 1354 796 1327 795 1327 397 1327 795 1355 794 1355 398 1355 794 1356 793 1356 401 1356 793 1357 792 1357 403 1357 792 1358 791 1358 405 1358 791 1327 790 1327 409 1327 790 1359 789 1359 411 1359 789 1360 788 1360 413 1360 414 1327 413 1327 788 1327 787 1361 786 1361 417 1361 786 1327 785 1327 419 1327 785 1327 784 1327 420 1327 784 1362 783 1362 423 1362 783 1363 782 1363 425 1363 782 1364 781 1364 427 1364 780 1327 779 1327 429 1327 778 1327 777 1327 433 1327 776 1327 775 1327 434 1327 774 1327 772 1327 348 1327 773 1365 770 1365 350 1365 771 1327 768 1327 352 1327 769 1366 767 1366 353 1366 766 1367 356 1367 353 1367 765 1327 358 1327 356 1327 764 1368 360 1368 358 1368 763 1327 362 1327 360 1327 761 1327 366 1327 362 1327 762 1327 368 1327 366 1327 368 1369 762 1369 760 1369 759 1327 372 1327 370 1327 758 1327 374 1327 372 1327 757 1327 376 1327 374 1327 756 1370 377 1370 376 1370 755 1371 380 1371 377 1371 754 1327 382 1327 380 1327 753 1372 384 1372 382 1372 752 1373 388 1373 384 1373 750 1374 390 1374 388 1374 751 1327 392 1327 390 1327 798 1375 751 1375 750 1375 799 1376 750 1376 752 1376 800 1377 752 1377 753 1377 801 1378 753 1378 754 1378 802 1379 754 1379 755 1379 803 1380 755 1380 756 1380 804 1381 756 1381 757 1381 805 1382 757 1382 758 1382 806 1383 758 1383 759 1383 807 1384 759 1384 760 1384 808 1385 760 1385 762 1385 809 1386 762 1386 761 1386 810 1387 761 1387 763 1387 811 1388 763 1388 764 1388 812 1389 764 1389 765 1389 813 1390 765 1390 766 1390 814 1391 766 1391 767 1391 767 1392 815 1392 814 1392 815 1393 769 1393 768 1393 768 1394 816 1394 815 1394 816 1395 771 1395 770 1395 770 1396 817 1396 816 1396 817 1397 773 1397 772 1397 772 1398 818 1398 817 1398 819 1399 818 1399 775 1399 818 1400 774 1400 775 1400 820 1401 819 1401 777 1401 819 1402 776 1402 777 1402 821 1403 820 1403 779 1403 820 1404 778 1404 779 1404 822 1405 821 1405 781 1405 821 1406 780 1406 781 1406 822 1407 782 1407 783 1407 823 1408 783 1408 784 1408 824 1409 784 1409 785 1409 825 1410 785 1410 786 1410 826 1411 786 1411 787 1411 827 1412 787 1412 788 1412 828 1413 788 1413 789 1413 829 1414 789 1414 790 1414 830 1415 790 1415 791 1415 831 1416 791 1416 792 1416 832 1417 792 1417 793 1417 833 1418 793 1418 794 1418 834 1419 794 1419 795 1419 835 1420 795 1420 796 1420 836 1421 796 1421 797 1421 837 1422 797 1422 751 1422 838 1423 798 1423 799 1423 839 1424 799 1424 800 1424 840 1425 800 1425 801 1425 841 1426 801 1426 802 1426 842 1427 802 1427 803 1427 843 1428 803 1428 804 1428 844 1429 804 1429 805 1429 845 1430 805 1430 806 1430 846 1431 806 1431 807 1431 847 1432 807 1432 808 1432 848 1433 808 1433 809 1433 849 1434 809 1434 810 1434 850 1435 810 1435 811 1435 851 1436 811 1436 812 1436 852 1437 812 1437 813 1437 853 1438 813 1438 814 1438 854 1439 814 1439 815 1439 855 1440 815 1440 816 1440 856 1441 816 1441 817 1441 857 1442 817 1442 818 1442 858 1443 818 1443 819 1443 859 1444 819 1444 820 1444 860 1445 820 1445 821 1445 861 1446 821 1446 822 1446 862 1447 822 1447 823 1447 863 1448 823 1448 824 1448 864 1449 824 1449 825 1449 865 1450 825 1450 826 1450 866 1451 826 1451 827 1451 867 1452 827 1452 828 1452 868 1453 828 1453 829 1453 869 1454 829 1454 830 1454 870 1455 830 1455 831 1455 871 1456 831 1456 832 1456 872 1457 832 1457 833 1457 873 1458 833 1458 834 1458 874 1459 834 1459 835 1459 875 1460 835 1460 836 1460 876 1461 836 1461 837 1461 877 1462 837 1462 798 1462 878 1463 838 1463 839 1463 879 1464 839 1464 840 1464 880 1465 840 1465 841 1465 881 1466 841 1466 842 1466 882 1467 842 1467 843 1467 883 1468 843 1468 844 1468 884 1469 844 1469 845 1469 885 1470 845 1470 846 1470 886 1471 846 1471 847 1471 887 1472 847 1472 848 1472 888 1473 848 1473 849 1473 889 1474 849 1474 850 1474 890 1475 850 1475 851 1475 891 1476 851 1476 852 1476 892 1477 852 1477 853 1477 893 1478 853 1478 854 1478 894 1479 854 1479 855 1479 895 1480 855 1480 856 1480 896 1481 856 1481 857 1481 897 1482 857 1482 858 1482 898 1483 858 1483 859 1483 899 1484 859 1484 860 1484 900 1485 860 1485 861 1485 901 1486 861 1486 862 1486 902 1487 862 1487 863 1487 903 1488 863 1488 864 1488 904 1489 864 1489 865 1489 905 1490 865 1490 866 1490 906 1491 866 1491 867 1491 907 1492 867 1492 868 1492 908 1493 868 1493 869 1493 909 1494 869 1494 870 1494 910 1495 870 1495 871 1495 911 1496 871 1496 872 1496 912 1497 872 1497 873 1497 913 1498 873 1498 874 1498 914 1499 874 1499 875 1499 915 1500 875 1500 876 1500 916 1501 876 1501 877 1501 917 1502 877 1502 838 1502 918 1503 878 1503 879 1503 879 1504 880 1504 919 1504 880 1505 920 1505 919 1505 920 1506 880 1506 881 1506 882 1507 921 1507 922 1507 922 1508 881 1508 882 1508 882 1509 883 1509 923 1509 883 1510 924 1510 923 1510 924 1511 883 1511 884 1511 885 1512 925 1512 926 1512 926 1513 884 1513 885 1513 925 1514 885 1514 886 1514 927 1515 886 1515 887 1515 887 1516 888 1516 928 1516 888 1517 929 1517 928 1517 929 1518 888 1518 889 1518 890 1519 930 1519 931 1519 931 1520 889 1520 890 1520 890 1521 891 1521 932 1521 891 1522 933 1522 932 1522 933 1523 891 1523 892 1523 893 1524 934 1524 935 1524 935 1525 892 1525 893 1525 934 1526 893 1526 894 1526 936 1527 894 1527 895 1527 895 1528 896 1528 937 1528 896 1529 938 1529 937 1529 938 1530 896 1530 897 1530 898 1531 939 1531 940 1531 940 1532 897 1532 898 1532 898 1533 899 1533 941 1533 899 1534 942 1534 941 1534 942 1535 899 1535 900 1535 901 1536 943 1536 944 1536 944 1537 900 1537 901 1537 943 1538 901 1538 902 1538 945 1539 902 1539 903 1539 903 1540 904 1540 946 1540 904 1541 947 1541 946 1541 947 1542 904 1542 905 1542 906 1543 948 1543 949 1543 949 1544 905 1544 906 1544 906 1545 907 1545 950 1545 907 1546 951 1546 950 1546 951 1547 907 1547 908 1547 909 1548 952 1548 953 1548 953 1549 908 1549 909 1549 952 1550 909 1550 910 1550 954 1551 910 1551 911 1551 911 1552 912 1552 955 1552 912 1553 956 1553 955 1553 956 1554 912 1554 913 1554 914 1555 957 1555 958 1555 958 1556 913 1556 914 1556 914 1557 915 1557 959 1557 915 1558 960 1558 959 1558 960 1559 915 1559 916 1559 917 1560 961 1560 962 1560 962 1561 916 1561 917 1561 961 1562 917 1562 878 1562 878 1563 918 1563 961 1563 962 1564 963 1564 916 1564 916 1565 963 1565 960 1565 959 1566 957 1566 914 1566 958 1567 964 1567 913 1567 913 1568 964 1568 956 1568 955 1569 965 1569 911 1569 911 1570 965 1570 954 1570 910 1571 954 1571 952 1571 953 1572 966 1572 908 1572 908 1573 966 1573 951 1573 950 1574 948 1574 906 1574 949 1575 967 1575 905 1575 905 1576 967 1576 947 1576 946 1577 968 1577 903 1577 903 1578 968 1578 945 1578 902 1579 945 1579 943 1579 944 1580 969 1580 900 1580 900 1581 969 1581 942 1581 941 1582 939 1582 898 1582 940 1583 970 1583 897 1583 897 1584 970 1584 938 1584 937 1585 971 1585 895 1585 895 1586 971 1586 936 1586 894 1587 936 1587 934 1587 935 1588 972 1588 892 1588 892 1589 972 1589 933 1589 932 1590 930 1590 890 1590 931 1591 973 1591 889 1591 889 1592 973 1592 929 1592 928 1593 974 1593 887 1593 887 1594 974 1594 927 1594 886 1595 927 1595 925 1595 926 1596 975 1596 884 1596 884 1597 975 1597 924 1597 923 1598 921 1598 882 1598 922 1599 976 1599 881 1599 881 1600 976 1600 920 1600 919 1601 977 1601 879 1601 879 1602 977 1602 918 1602 838 1603 878 1603 917 1603 877 1604 917 1604 916 1604 876 1605 916 1605 915 1605 875 1606 915 1606 914 1606 874 1607 914 1607 913 1607 873 1608 913 1608 912 1608 872 1609 912 1609 911 1609 871 1610 911 1610 910 1610 870 1611 910 1611 909 1611 869 1612 909 1612 908 1612 868 1613 908 1613 907 1613 867 1614 907 1614 906 1614 866 1615 906 1615 905 1615 865 1616 905 1616 904 1616 864 1617 904 1617 903 1617 863 1618 903 1618 902 1618 862 1619 902 1619 901 1619 861 1620 901 1620 900 1620 860 1621 900 1621 899 1621 859 1622 899 1622 898 1622 858 1623 898 1623 897 1623 857 1624 897 1624 896 1624 856 1625 896 1625 895 1625 855 1626 895 1626 894 1626 854 1627 894 1627 893 1627 853 1628 893 1628 892 1628 852 1629 892 1629 891 1629 851 1630 891 1630 890 1630 850 1631 890 1631 889 1631 849 1632 889 1632 888 1632 848 1633 888 1633 887 1633 847 1634 887 1634 886 1634 846 1635 886 1635 885 1635 845 1636 885 1636 884 1636 844 1637 884 1637 883 1637 843 1638 883 1638 882 1638 842 1639 882 1639 881 1639 841 1640 881 1640 880 1640 840 1641 880 1641 879 1641 839 1642 879 1642 878 1642 798 1643 838 1643 877 1643 837 1644 877 1644 876 1644 836 1645 876 1645 875 1645 835 1646 875 1646 874 1646 834 1647 874 1647 873 1647 833 1648 873 1648 872 1648 832 1649 872 1649 871 1649 831 1650 871 1650 870 1650 830 1651 870 1651 869 1651 829 1652 869 1652 868 1652 828 1653 868 1653 867 1653 827 1654 867 1654 866 1654 826 1655 866 1655 865 1655 825 1656 865 1656 864 1656 824 1657 864 1657 863 1657 823 1658 863 1658 862 1658 822 1659 862 1659 861 1659 821 1660 861 1660 860 1660 820 1661 860 1661 859 1661 819 1662 859 1662 858 1662 818 1663 858 1663 857 1663 817 1664 857 1664 856 1664 816 1665 856 1665 855 1665 815 1666 855 1666 854 1666 814 1667 854 1667 853 1667 813 1668 853 1668 852 1668 812 1669 852 1669 851 1669 811 1670 851 1670 850 1670 810 1671 850 1671 849 1671 809 1672 849 1672 848 1672 808 1673 848 1673 847 1673 807 1674 847 1674 846 1674 806 1675 846 1675 845 1675 805 1676 845 1676 844 1676 804 1677 844 1677 843 1677 803 1678 843 1678 842 1678 802 1679 842 1679 841 1679 801 1680 841 1680 840 1680 800 1681 840 1681 839 1681 799 1682 839 1682 838 1682 751 1683 798 1683 837 1683 797 1684 837 1684 836 1684 796 1685 836 1685 835 1685 795 1686 835 1686 834 1686 794 1687 834 1687 833 1687 793 1688 833 1688 832 1688 792 1689 832 1689 831 1689 791 1690 831 1690 830 1690 790 1691 830 1691 829 1691 789 1692 829 1692 828 1692 788 1693 828 1693 827 1693 787 1694 827 1694 826 1694 786 1695 826 1695 825 1695 785 1696 825 1696 824 1696 784 1697 824 1697 823 1697 783 1698 823 1698 822 1698 781 1699 782 1699 822 1699 779 1700 780 1700 821 1700 777 1701 778 1701 820 1701 775 1702 776 1702 819 1702 772 1703 774 1703 818 1703 770 1704 773 1704 817 1704 768 1705 771 1705 816 1705 767 1706 769 1706 815 1706 766 1707 814 1707 813 1707 765 1708 813 1708 812 1708 764 1709 812 1709 811 1709 763 1710 811 1710 810 1710 761 1711 810 1711 809 1711 762 1712 809 1712 808 1712 760 1713 808 1713 807 1713 759 1714 807 1714 806 1714 758 1715 806 1715 805 1715 757 1716 805 1716 804 1716 756 1717 804 1717 803 1717 755 1718 803 1718 802 1718 754 1719 802 1719 801 1719 753 1720 801 1720 800 1720 752 1721 800 1721 799 1721 750 1722 799 1722 798 1722 978 1723 979 1723 961 1723 979 1724 962 1724 961 1724 980 1725 960 1725 963 1725 963 1726 979 1726 980 1726 980 1727 959 1727 960 1727 980 1728 981 1728 957 1728 981 1729 958 1729 957 1729 981 1730 982 1730 956 1730 956 1731 964 1731 981 1731 982 1732 955 1732 956 1732 983 1733 954 1733 965 1733 965 1734 982 1734 983 1734 983 1735 984 1735 952 1735 984 1736 953 1736 952 1736 985 1737 951 1737 966 1737 966 1738 984 1738 985 1738 985 1739 950 1739 951 1739 985 1740 986 1740 948 1740 986 1741 949 1741 948 1741 986 1742 987 1742 947 1742 947 1743 967 1743 986 1743 987 1744 946 1744 947 1744 988 1745 945 1745 968 1745 968 1746 987 1746 988 1746 988 1747 989 1747 943 1747 989 1748 944 1748 943 1748 990 1749 942 1749 969 1749 969 1750 989 1750 990 1750 990 1751 941 1751 942 1751 991 1752 940 1752 939 1752 939 1753 990 1753 991 1753 991 1754 992 1754 938 1754 938 1755 970 1755 991 1755 992 1756 937 1756 938 1756 993 1757 936 1757 971 1757 971 1758 992 1758 993 1758 993 1759 994 1759 934 1759 994 1760 935 1760 934 1760 995 1761 933 1761 972 1761 972 1762 994 1762 995 1762 995 1763 932 1763 933 1763 995 1764 996 1764 930 1764 996 1765 931 1765 930 1765 996 1766 997 1766 929 1766 929 1767 973 1767 996 1767 997 1768 928 1768 929 1768 998 1769 927 1769 974 1769 974 1770 997 1770 998 1770 998 1771 999 1771 925 1771 999 1772 926 1772 925 1772 1000 1773 924 1773 975 1773 975 1774 999 1774 1000 1774 1000 1775 923 1775 924 1775 1000 1776 1001 1776 921 1776 1001 1777 922 1777 921 1777 1001 1778 1002 1778 920 1778 920 1779 976 1779 1001 1779 1002 1780 919 1780 920 1780 978 1781 918 1781 977 1781 977 1782 1002 1782 978 1782 977 1783 919 1783 1002 1783 976 1784 922 1784 1001 1784 921 1785 923 1785 1000 1785 975 1786 926 1786 999 1786 925 1787 927 1787 998 1787 974 1788 928 1788 997 1788 973 1789 931 1789 996 1789 930 1790 932 1790 995 1790 972 1791 935 1791 994 1791 934 1792 936 1792 993 1792 971 1793 937 1793 992 1793 970 1794 940 1794 991 1794 939 1795 941 1795 990 1795 969 1796 944 1796 989 1796 943 1797 945 1797 988 1797 968 1798 946 1798 987 1798 967 1799 949 1799 986 1799 948 1800 950 1800 985 1800 966 1801 953 1801 984 1801 952 1802 954 1802 983 1802 965 1803 955 1803 982 1803 964 1804 958 1804 981 1804 957 1805 959 1805 980 1805 963 1806 962 1806 979 1806 961 1807 918 1807 978 1807 999 1327 1003 1327 1004 1327 998 1327 1005 1327 1003 1327 994 1808 1006 1808 1007 1808 993 1327 1008 1327 1006 1327 1002 1327 1009 1327 1010 1327 1001 1327 1011 1327 1009 1327 1000 1809 1004 1809 1011 1809 1003 1327 999 1327 998 1327 996 1327 1012 1327 1013 1327 995 1810 1007 1810 1012 1810 1006 1811 994 1811 993 1811 992 1812 1014 1812 1008 1812 991 1327 1015 1327 1014 1327 989 1813 988 1813 1016 1813 988 1327 987 1327 1017 1327 987 1814 986 1814 1018 1814 986 1815 985 1815 1019 1815 981 1816 980 1816 1020 1816 980 1817 979 1817 1021 1817 1009 1818 1002 1818 1001 1818 1004 1327 1000 1327 999 1327 997 1327 1013 1327 1005 1327 1012 1327 996 1327 995 1327 1008 1819 993 1819 992 1819 1014 1327 992 1327 991 1327 1017 1820 1016 1820 988 1820 1019 1821 1018 1821 986 1821 985 1822 984 1822 1022 1822 984 1823 983 1823 1023 1823 983 1824 982 1824 1024 1824 982 1327 981 1327 1025 1327 1021 1825 1020 1825 980 1825 979 1327 978 1327 1010 1327 1011 1826 1001 1826 1000 1826 1013 1327 997 1327 996 1327 991 1327 990 1327 1015 1327 990 1327 989 1327 1026 1327 1018 1827 1017 1827 987 1827 1023 1828 1022 1828 984 1828 1025 1829 1024 1829 982 1829 1010 1830 1021 1830 979 1830 1005 1831 998 1831 997 1831 1026 1327 1015 1327 990 1327 1022 1832 1019 1832 985 1832 1020 1327 1025 1327 981 1327 1007 1327 995 1327 994 1327 1024 1833 1023 1833 983 1833 1016 1327 1026 1327 989 1327 1010 1327 978 1327 1002 1327 1027 1834 1028 1834 1015 1834 1029 1 1027 1 1026 1 1030 40 1029 40 1016 40 1031 1835 1030 1835 1017 1835 1032 38 1031 38 1018 38 1033 37 1032 37 1019 37 1034 6 1033 6 1022 6 1035 7 1034 7 1023 7 1036 8 1035 8 1024 8 1037 9 1036 9 1025 9 1038 10 1037 10 1020 10 1039 11 1038 11 1021 11 1040 1836 1039 1836 1010 1836 1041 13 1040 13 1009 13 1042 31 1041 31 1011 31 1043 1837 1042 1837 1004 1837 1044 29 1043 29 1003 29 1045 28 1044 28 1005 28 1046 18 1045 18 1013 18 1047 19 1046 19 1012 19 1048 20 1047 20 1007 20 1049 21 1048 21 1006 21 1050 22 1049 22 1008 22 1028 23 1050 23 1014 23 1014 24 1015 24 1028 24 1008 25 1014 25 1050 25 1006 26 1008 26 1049 26 1007 20 1006 20 1048 20 1012 27 1007 27 1047 27 1013 18 1012 18 1046 18 1005 17 1013 17 1045 17 1003 16 1005 16 1044 16 1004 1838 1003 1838 1043 1838 1011 14 1004 14 1042 14 1009 32 1011 32 1041 32 1010 1839 1009 1839 1040 1839 1021 33 1010 33 1039 33 1020 34 1021 34 1038 34 1025 35 1020 35 1037 35 1024 8 1025 8 1036 8 1023 36 1024 36 1035 36 1022 6 1023 6 1034 6 1019 5 1022 5 1033 5 1018 4 1019 4 1032 4 1017 1840 1018 1840 1031 1840 1016 2 1017 2 1030 2 1026 41 1016 41 1029 41 1015 1841 1026 1841 1027 1841 1051 1327 1052 1327 28 1327 1053 1842 1054 1842 34 1842 1054 1843 1055 1843 36 1843 1056 1327 1057 1327 44 1327 1057 1327 1058 1327 46 1327 26 1327 1059 1327 1051 1327 1052 1327 1060 1327 30 1327 1060 1844 1053 1844 32 1844 36 1845 34 1845 1054 1845 1061 1846 1062 1846 40 1846 1062 1847 1056 1847 42 1847 46 1848 44 1848 1057 1848 1058 1849 1063 1849 47 1849 1064 1327 6 1327 4 1327 1065 1850 8 1850 6 1850 1066 1851 10 1851 8 1851 1067 1327 12 1327 10 1327 1068 1327 22 1327 20 1327 1069 1852 24 1852 22 1852 1070 1327 26 1327 24 1327 30 1853 28 1853 1052 1853 34 1854 32 1854 1053 1854 1055 1855 1061 1855 38 1855 42 1856 40 1856 1062 1856 47 1857 46 1857 1058 1857 1063 1327 1071 1327 2 1327 6 1858 1064 1858 1065 1858 10 1859 1066 1859 1067 1859 1072 1860 14 1860 12 1860 1073 1327 16 1327 14 1327 1074 1861 18 1861 16 1861 1075 1327 20 1327 18 1327 22 1327 1068 1327 1069 1327 24 1327 1069 1327 1070 1327 32 1327 30 1327 1060 1327 40 1862 38 1862 1061 1862 2 1863 47 1863 1063 1863 1076 1864 4 1864 2 1864 8 1327 1065 1327 1066 1327 14 1327 1072 1327 1073 1327 18 1327 1074 1327 1075 1327 1070 1865 1059 1865 26 1865 38 1866 36 1866 1055 1866 2 1867 1071 1867 1076 1867 12 1327 1067 1327 1072 1327 20 1327 1075 1327 1068 1327 44 1868 42 1868 1056 1868 16 1327 1073 1327 1074 1327 4 1327 1076 1327 1064 1327 28 1869 26 1869 1051 1869 1063 1870 1077 1870 1078 1870 1078 1871 1071 1871 1063 1871 1058 1872 1079 1872 1080 1872 1080 1873 1063 1873 1058 1873 1057 1874 1081 1874 1082 1874 1082 1875 1058 1875 1057 1875 1057 1876 1056 1876 1083 1876 1056 1877 1084 1877 1083 1877 1056 1878 1062 1878 1085 1878 1062 1879 1086 1879 1085 1879 1062 1880 1061 1880 1087 1880 1061 1881 1088 1881 1087 1881 1055 1882 1089 1882 1090 1882 1090 1883 1061 1883 1055 1883 1055 1884 1054 1884 1091 1884 1054 1885 1092 1885 1091 1885 1054 1886 1053 1886 1093 1886 1053 1887 1094 1887 1093 1887 1060 1888 1095 1888 1096 1888 1096 1889 1053 1889 1060 1889 1060 1890 1052 1890 1097 1890 1052 1891 1098 1891 1097 1891 1052 1892 1051 1892 1099 1892 1051 1893 1100 1893 1099 1893 1070 1894 1101 1894 1102 1894 1100 1895 1051 1895 1059 1895 1059 1896 1102 1896 1100 1896 1069 1897 1103 1897 1104 1897 1104 1898 1070 1898 1069 1898 1068 1899 1105 1899 1106 1899 1106 1900 1069 1900 1068 1900 1075 1901 1107 1901 1108 1901 1108 1902 1068 1902 1075 1902 1074 1903 1109 1903 1110 1903 1110 1904 1075 1904 1074 1904 1073 1905 1111 1905 1112 1905 1112 1906 1074 1906 1073 1906 1073 1907 1072 1907 1113 1907 1072 1908 1114 1908 1113 1908 1072 1909 1067 1909 1115 1909 1067 1910 1116 1910 1115 1910 1066 1911 1117 1911 1118 1911 1118 1912 1067 1912 1066 1912 1065 1913 1119 1913 1120 1913 1120 1914 1066 1914 1065 1914 1064 1915 1121 1915 1122 1915 1122 1916 1065 1916 1064 1916 1076 1917 1123 1917 1124 1917 1124 1918 1064 1918 1076 1918 1071 1919 1125 1919 1126 1919 1126 1920 1076 1920 1071 1920 1126 1921 1123 1921 1076 1921 1124 1922 1121 1922 1064 1922 1122 1923 1119 1923 1065 1923 1120 1924 1117 1924 1066 1924 1118 1925 1116 1925 1067 1925 1115 1926 1114 1926 1072 1926 1113 1927 1111 1927 1073 1927 1112 1928 1109 1928 1074 1928 1110 1929 1107 1929 1075 1929 1108 1930 1105 1930 1068 1930 1106 1931 1103 1931 1069 1931 1104 1932 1101 1932 1070 1932 1102 1933 1059 1933 1070 1933 1099 1934 1098 1934 1052 1934 1097 1935 1095 1935 1060 1935 1096 1936 1094 1936 1053 1936 1093 1937 1092 1937 1054 1937 1091 1938 1089 1938 1055 1938 1090 1939 1088 1939 1061 1939 1087 1940 1086 1940 1062 1940 1085 1941 1084 1941 1056 1941 1083 1942 1081 1942 1057 1942 1082 1943 1079 1943 1058 1943 1080 1944 1077 1944 1063 1944 1078 1945 1125 1945 1071 1945 1127 1946 1128 1946 1129 1946 1130 1947 1131 1947 1128 1947 1126 1948 1125 1948 1131 1948 1132 1949 1127 1949 1133 1949 1134 1950 1130 1950 1127 1950 1123 1951 1126 1951 1130 1951 1135 1952 1132 1952 1136 1952 1132 1953 1137 1953 1136 1953 1138 1954 1134 1954 1132 1954 1124 1955 1123 1955 1134 1955 1139 1956 1135 1956 1140 1956 1141 1957 1138 1957 1135 1957 1121 1958 1124 1958 1138 1958 1142 1959 1139 1959 1143 1959 1144 1960 1141 1960 1139 1960 1122 1961 1121 1961 1141 1961 1145 1962 1142 1962 1146 1962 1147 1963 1144 1963 1142 1963 1119 1964 1122 1964 1144 1964 1148 1965 1145 1965 1149 1965 1150 1966 1147 1966 1145 1966 1120 1967 1119 1967 1147 1967 1151 1968 1148 1968 1152 1968 1148 1969 1153 1969 1152 1969 1154 1970 1150 1970 1148 1970 1117 1971 1120 1971 1150 1971 1155 1972 1151 1972 1156 1972 1157 1973 1154 1973 1151 1973 1118 1974 1117 1974 1154 1974 1158 1975 1155 1975 1159 1975 1160 1976 1157 1976 1155 1976 1116 1977 1118 1977 1157 1977 1161 1978 1158 1978 1162 1978 1163 1979 1160 1979 1158 1979 1115 1980 1116 1980 1160 1980 1164 1981 1161 1981 1165 1981 1166 1982 1163 1982 1161 1982 1114 1983 1115 1983 1163 1983 1167 1984 1164 1984 1168 1984 1169 1985 1166 1985 1164 1985 1113 1986 1114 1986 1166 1986 1170 1987 1167 1987 1171 1987 1167 1988 1172 1988 1171 1988 1173 1989 1169 1989 1167 1989 1111 1990 1113 1990 1169 1990 1174 1991 1170 1991 1175 1991 1176 1992 1173 1992 1170 1992 1112 1993 1111 1993 1173 1993 1177 1994 1174 1994 1178 1994 1179 1995 1176 1995 1174 1995 1109 1996 1112 1996 1176 1996 1180 1997 1177 1997 1181 1997 1182 1998 1179 1998 1177 1998 1110 1999 1109 1999 1179 1999 1183 2000 1180 2000 1184 2000 1185 2001 1182 2001 1180 2001 1107 2002 1110 2002 1182 2002 1186 2003 1183 2003 1187 2003 1183 2004 1188 2004 1187 2004 1189 2005 1185 2005 1183 2005 1108 2006 1107 2006 1185 2006 1190 2007 1186 2007 1191 2007 1192 2008 1189 2008 1186 2008 1105 2009 1108 2009 1189 2009 1193 2010 1190 2010 1194 2010 1195 2011 1192 2011 1190 2011 1106 2012 1105 2012 1192 2012 1196 2013 1193 2013 1197 2013 1198 2014 1195 2014 1193 2014 1103 2015 1106 2015 1195 2015 1199 2016 1196 2016 1200 2016 1201 2017 1198 2017 1196 2017 1104 2018 1103 2018 1198 2018 1202 2019 1199 2019 1203 2019 1204 2020 1201 2020 1199 2020 1101 2021 1104 2021 1201 2021 1205 2022 1202 2022 1206 2022 1202 2023 1207 2023 1206 2023 1208 2024 1204 2024 1202 2024 1102 2025 1101 2025 1204 2025 1209 2026 1205 2026 1210 2026 1211 2027 1208 2027 1205 2027 1100 2028 1102 2028 1208 2028 1212 2029 1209 2029 1213 2029 1214 2030 1211 2030 1209 2030 1099 2031 1100 2031 1211 2031 1215 2032 1212 2032 1216 2032 1217 2033 1214 2033 1212 2033 1098 2034 1099 2034 1214 2034 1218 2035 1215 2035 1219 2035 1220 2036 1217 2036 1215 2036 1097 2037 1098 2037 1217 2037 1221 2038 1218 2038 1222 2038 1218 2039 1223 2039 1222 2039 1224 2040 1220 2040 1218 2040 1095 2041 1097 2041 1220 2041 1225 2042 1221 2042 1226 2042 1227 2043 1224 2043 1221 2043 1096 2044 1095 2044 1224 2044 1228 2045 1225 2045 1229 2045 1230 2046 1227 2046 1225 2046 1094 2047 1096 2047 1227 2047 1231 2048 1228 2048 1232 2048 1233 2049 1230 2049 1228 2049 1093 2050 1094 2050 1230 2050 1234 2051 1231 2051 1235 2051 1236 2052 1233 2052 1231 2052 1092 2053 1093 2053 1233 2053 1237 2054 1234 2054 1238 2054 1239 2055 1236 2055 1234 2055 1091 2056 1092 2056 1236 2056 1240 2057 1237 2057 1241 2057 1237 2058 1242 2058 1241 2058 1243 2059 1239 2059 1237 2059 1089 2060 1091 2060 1239 2060 1244 2061 1240 2061 1245 2061 1246 2062 1243 2062 1240 2062 1090 2063 1089 2063 1243 2063 1247 2064 1244 2064 1248 2064 1249 2065 1246 2065 1244 2065 1088 2066 1090 2066 1246 2066 1250 2067 1247 2067 1251 2067 1252 2068 1249 2068 1247 2068 1087 2069 1088 2069 1249 2069 1253 2070 1250 2070 1254 2070 1255 2071 1252 2071 1250 2071 1086 2072 1087 2072 1252 2072 1256 2073 1253 2073 1257 2073 1258 2074 1255 2074 1253 2074 1085 2075 1086 2075 1255 2075 1259 2076 1256 2076 1260 2076 1256 2077 1261 2077 1260 2077 1262 2078 1258 2078 1256 2078 1084 2079 1085 2079 1258 2079 1263 2080 1259 2080 1264 2080 1265 2081 1262 2081 1259 2081 1083 2082 1084 2082 1262 2082 1266 2083 1263 2083 1267 2083 1268 2084 1265 2084 1263 2084 1081 2085 1083 2085 1265 2085 1269 2086 1266 2086 1270 2086 1271 2087 1268 2087 1266 2087 1082 2088 1081 2088 1268 2088 1272 2089 1269 2089 1273 2089 1274 2090 1271 2090 1269 2090 1079 2091 1082 2091 1271 2091 1275 2092 1272 2092 1276 2092 1272 2093 1277 2093 1276 2093 1278 2094 1274 2094 1272 2094 1080 2095 1079 2095 1274 2095 1279 2096 1275 2096 1280 2096 1281 2097 1278 2097 1275 2097 1077 2098 1080 2098 1278 2098 1282 2099 1279 2099 1283 2099 1284 2100 1281 2100 1279 2100 1078 2101 1077 2101 1281 2101 1128 2102 1282 2102 1285 2102 1131 2103 1284 2103 1282 2103 1125 2104 1078 2104 1284 2104 1284 2105 1131 2105 1125 2105 1282 2106 1128 2106 1131 2106 1285 2107 1129 2107 1128 2107 1281 2108 1284 2108 1078 2108 1279 2109 1282 2109 1284 2109 1283 2110 1285 2110 1282 2110 1278 2111 1281 2111 1077 2111 1275 2112 1279 2112 1281 2112 1280 2113 1283 2113 1279 2113 1274 2114 1278 2114 1080 2114 1272 2115 1275 2115 1278 2115 1276 2116 1280 2116 1275 2116 1271 2117 1274 2117 1079 2117 1269 2118 1272 2118 1274 2118 1273 2119 1277 2119 1272 2119 1268 2120 1271 2120 1082 2120 1266 2121 1269 2121 1271 2121 1270 2122 1273 2122 1269 2122 1265 2123 1268 2123 1081 2123 1263 2124 1266 2124 1268 2124 1267 2125 1270 2125 1266 2125 1262 2126 1265 2126 1083 2126 1259 2127 1263 2127 1265 2127 1264 2128 1267 2128 1263 2128 1258 2129 1262 2129 1084 2129 1256 2130 1259 2130 1262 2130 1260 2131 1264 2131 1259 2131 1255 2132 1258 2132 1085 2132 1253 2133 1256 2133 1258 2133 1257 2134 1261 2134 1256 2134 1252 2135 1255 2135 1086 2135 1250 2136 1253 2136 1255 2136 1254 2137 1257 2137 1253 2137 1249 2138 1252 2138 1087 2138 1247 2139 1250 2139 1252 2139 1251 2140 1254 2140 1250 2140 1246 2141 1249 2141 1088 2141 1244 2142 1247 2142 1249 2142 1248 2143 1251 2143 1247 2143 1243 2144 1246 2144 1090 2144 1240 2145 1244 2145 1246 2145 1245 2146 1248 2146 1244 2146 1239 2147 1243 2147 1089 2147 1237 2148 1240 2148 1243 2148 1241 2149 1245 2149 1240 2149 1236 2150 1239 2150 1091 2150 1234 2151 1237 2151 1239 2151 1238 2152 1242 2152 1237 2152 1233 2153 1236 2153 1092 2153 1231 2154 1234 2154 1236 2154 1235 2155 1238 2155 1234 2155 1230 2156 1233 2156 1093 2156 1228 2157 1231 2157 1233 2157 1232 2158 1235 2158 1231 2158 1227 2159 1230 2159 1094 2159 1225 2160 1228 2160 1230 2160 1229 2161 1232 2161 1228 2161 1224 2162 1227 2162 1096 2162 1221 2163 1225 2163 1227 2163 1226 2164 1229 2164 1225 2164 1220 2165 1224 2165 1095 2165 1218 2166 1221 2166 1224 2166 1222 2167 1226 2167 1221 2167 1217 2168 1220 2168 1097 2168 1215 2169 1218 2169 1220 2169 1219 2170 1223 2170 1218 2170 1214 2171 1217 2171 1098 2171 1212 2172 1215 2172 1217 2172 1216 2173 1219 2173 1215 2173 1211 2174 1214 2174 1099 2174 1209 2175 1212 2175 1214 2175 1213 2176 1216 2176 1212 2176 1208 2177 1211 2177 1100 2177 1205 2178 1209 2178 1211 2178 1210 2179 1213 2179 1209 2179 1204 2180 1208 2180 1102 2180 1202 2181 1205 2181 1208 2181 1206 2182 1210 2182 1205 2182 1201 2183 1204 2183 1101 2183 1199 2184 1202 2184 1204 2184 1203 2185 1207 2185 1202 2185 1198 2186 1201 2186 1104 2186 1196 2187 1199 2187 1201 2187 1200 2188 1203 2188 1199 2188 1195 2189 1198 2189 1103 2189 1193 2190 1196 2190 1198 2190 1197 2191 1200 2191 1196 2191 1192 2192 1195 2192 1106 2192 1190 2193 1193 2193 1195 2193 1194 2194 1197 2194 1193 2194 1189 2195 1192 2195 1105 2195 1186 2196 1190 2196 1192 2196 1191 2197 1194 2197 1190 2197 1185 2198 1189 2198 1108 2198 1183 2199 1186 2199 1189 2199 1187 2200 1191 2200 1186 2200 1182 2201 1185 2201 1107 2201 1180 2202 1183 2202 1185 2202 1184 2203 1188 2203 1183 2203 1179 2204 1182 2204 1110 2204 1177 2205 1180 2205 1182 2205 1181 2206 1184 2206 1180 2206 1176 2207 1179 2207 1109 2207 1174 2208 1177 2208 1179 2208 1178 2209 1181 2209 1177 2209 1173 2210 1176 2210 1112 2210 1170 2211 1174 2211 1176 2211 1175 2212 1178 2212 1174 2212 1169 2213 1173 2213 1111 2213 1167 2214 1170 2214 1173 2214 1171 2215 1175 2215 1170 2215 1166 2216 1169 2216 1113 2216 1164 2217 1167 2217 1169 2217 1168 2218 1172 2218 1167 2218 1163 2219 1166 2219 1114 2219 1161 2220 1164 2220 1166 2220 1165 2221 1168 2221 1164 2221 1160 2222 1163 2222 1115 2222 1158 2223 1161 2223 1163 2223 1162 2224 1165 2224 1161 2224 1157 2225 1160 2225 1116 2225 1155 2226 1158 2226 1160 2226 1159 2227 1162 2227 1158 2227 1154 2228 1157 2228 1118 2228 1151 2229 1155 2229 1157 2229 1156 2230 1159 2230 1155 2230 1150 2231 1154 2231 1117 2231 1148 2232 1151 2232 1154 2232 1152 2233 1156 2233 1151 2233 1147 2234 1150 2234 1120 2234 1145 2235 1148 2235 1150 2235 1149 2236 1153 2236 1148 2236 1144 2237 1147 2237 1119 2237 1142 2238 1145 2238 1147 2238 1146 2239 1149 2239 1145 2239 1141 2240 1144 2240 1122 2240 1139 2241 1142 2241 1144 2241 1143 2242 1146 2242 1142 2242 1138 2243 1141 2243 1121 2243 1135 2244 1139 2244 1141 2244 1140 2245 1143 2245 1139 2245 1134 2246 1138 2246 1124 2246 1132 2247 1135 2247 1138 2247 1136 2248 1140 2248 1135 2248 1130 2249 1134 2249 1123 2249 1127 2250 1132 2250 1134 2250 1133 2251 1137 2251 1132 2251 1131 2252 1130 2252 1126 2252 1128 2253 1127 2253 1130 2253 1129 2254 1133 2254 1127 2254 1286 2255 1129 2255 1285 2255 1287 2256 1285 2256 1283 2256 1288 2257 1289 2257 1280 2257 1289 2258 1283 2258 1280 2258 1290 2259 1288 2259 1277 2259 1288 2260 1276 2260 1277 2260 1291 2261 1290 2261 1273 2261 1291 2262 1270 2262 1267 2262 1292 2263 1293 2263 1264 2263 1264 2264 1293 2264 1294 2264 1294 2265 1267 2265 1264 2265 1261 2266 1257 2266 1295 2266 1292 2267 1260 2267 1261 2267 1261 2268 1296 2268 1292 2268 1297 2269 1295 2269 1257 2269 1297 2270 1254 2270 1251 2270 1298 2271 1251 2271 1248 2271 1299 2272 1300 2272 1245 2272 1300 2273 1248 2273 1245 2273 1301 2274 1299 2274 1242 2274 1299 2275 1241 2275 1242 2275 1302 2276 1301 2276 1238 2276 1302 2277 1235 2277 1232 2277 1303 2278 1232 2278 1229 2278 1304 2279 1305 2279 1226 2279 1305 2280 1229 2280 1226 2280 1306 2281 1304 2281 1223 2281 1304 2282 1222 2282 1223 2282 1306 2283 1219 2283 1216 2283 1213 2284 1307 2284 1308 2284 1213 2285 1309 2285 1307 2285 1310 2286 1210 2286 1206 2286 1210 2287 1310 2287 1309 2287 1309 2288 1213 2288 1210 2288 1207 2289 1203 2289 1311 2289 1312 2290 1206 2290 1207 2290 1207 2291 1313 2291 1312 2291 1314 2292 1311 2292 1203 2292 1314 2293 1200 2293 1197 2293 1315 2294 1197 2294 1194 2294 1316 2295 1317 2295 1191 2295 1317 2296 1194 2296 1191 2296 1318 2297 1316 2297 1188 2297 1316 2298 1187 2298 1188 2298 1318 2299 1184 2299 1181 2299 1319 2300 1181 2300 1178 2300 1320 2301 1178 2301 1175 2301 1175 2302 1321 2302 1320 2302 1322 2303 1321 2303 1172 2303 1321 2304 1171 2304 1172 2304 1323 2305 1322 2305 1168 2305 1323 2306 1165 2306 1162 2306 1159 2307 1324 2307 1325 2307 1159 2308 1326 2308 1324 2308 1327 2309 1156 2309 1152 2309 1156 2310 1327 2310 1326 2310 1326 2311 1159 2311 1156 2311 1328 2312 1329 2312 1153 2312 1329 2313 1152 2313 1153 2313 1328 2314 1149 2314 1146 2314 1330 2315 1146 2315 1143 2315 1331 2316 1143 2316 1140 2316 1140 2317 1332 2317 1331 2317 1333 2318 1332 2318 1137 2318 1332 2319 1136 2319 1137 2319 1286 2320 1333 2320 1133 2320 1133 2321 1129 2321 1286 2321 1137 2322 1133 2322 1333 2322 1140 2323 1136 2323 1332 2323 1143 2324 1331 2324 1330 2324 1146 2325 1330 2325 1328 2325 1153 2326 1149 2326 1328 2326 1152 2327 1329 2327 1327 2327 1325 2328 1162 2328 1159 2328 1162 2329 1325 2329 1323 2329 1168 2330 1165 2330 1323 2330 1172 2331 1168 2331 1322 2331 1175 2332 1171 2332 1321 2332 1178 2333 1320 2333 1319 2333 1181 2334 1319 2334 1318 2334 1188 2335 1184 2335 1318 2335 1191 2336 1187 2336 1316 2336 1194 2337 1317 2337 1315 2337 1197 2338 1315 2338 1314 2338 1203 2339 1200 2339 1314 2339 1311 2340 1313 2340 1207 2340 1206 2341 1312 2341 1310 2341 1308 2342 1216 2342 1213 2342 1216 2343 1308 2343 1306 2343 1223 2344 1219 2344 1306 2344 1226 2345 1222 2345 1304 2345 1229 2346 1305 2346 1303 2346 1232 2347 1303 2347 1302 2347 1238 2348 1235 2348 1302 2348 1242 2349 1238 2349 1301 2349 1245 2350 1241 2350 1299 2350 1248 2351 1300 2351 1298 2351 1251 2352 1298 2352 1297 2352 1257 2353 1254 2353 1297 2353 1295 2354 1296 2354 1261 2354 1264 2355 1260 2355 1292 2355 1267 2356 1294 2356 1291 2356 1273 2357 1270 2357 1291 2357 1277 2358 1273 2358 1290 2358 1280 2359 1276 2359 1288 2359 1283 2360 1289 2360 1287 2360 1285 2361 1287 2361 1286 2361 1286 2362 1287 2362 1334 2362 1335 2363 1334 2363 1287 2363 1336 2364 1335 2364 1289 2364 1337 2365 1336 2365 1288 2365 1338 2366 1337 2366 1290 2366 1339 2367 1338 2367 1291 2367 1340 2368 1339 2368 1294 2368 1340 2369 1293 2369 1292 2369 1292 2370 1341 2370 1340 2370 1341 2371 1296 2371 1295 2371 1342 2372 1295 2372 1297 2372 1343 2373 1297 2373 1298 2373 1344 2374 1298 2374 1300 2374 1345 2375 1300 2375 1299 2375 1346 2376 1299 2376 1301 2376 1302 2377 1347 2377 1348 2377 1302 2378 1303 2378 1349 2378 1350 2379 1349 2379 1303 2379 1351 2380 1350 2380 1305 2380 1352 2381 1351 2381 1304 2381 1353 2382 1352 2382 1306 2382 1354 2383 1353 2383 1308 2383 1355 2384 1354 2384 1309 2384 1354 2385 1307 2385 1309 2385 1355 2386 1310 2386 1312 2386 1312 2387 1356 2387 1355 2387 1356 2388 1313 2388 1311 2388 1357 2389 1311 2389 1314 2389 1358 2390 1314 2390 1315 2390 1359 2391 1315 2391 1317 2391 1360 2392 1317 2392 1316 2392 1318 2393 1361 2393 1362 2393 1318 2394 1319 2394 1363 2394 1364 2395 1363 2395 1319 2395 1365 2396 1364 2396 1320 2396 1366 2397 1365 2397 1321 2397 1367 2398 1366 2398 1322 2398 1368 2399 1367 2399 1323 2399 1369 2400 1368 2400 1325 2400 1370 2401 1369 2401 1326 2401 1369 2402 1324 2402 1326 2402 1370 2403 1327 2403 1329 2403 1371 2404 1329 2404 1328 2404 1372 2405 1328 2405 1330 2405 1373 2406 1330 2406 1331 2406 1374 2407 1331 2407 1332 2407 1375 2408 1332 2408 1333 2408 1286 2409 1376 2409 1377 2409 1376 2410 1334 2410 1378 2410 1334 2411 1335 2411 1379 2411 1335 2412 1336 2412 1380 2412 1336 2413 1337 2413 1381 2413 1337 2414 1338 2414 1382 2414 1338 2415 1339 2415 1383 2415 1339 2416 1340 2416 1384 2416 1340 2417 1341 2417 1385 2417 1341 2418 1342 2418 1386 2418 1342 2419 1343 2419 1387 2419 1343 2420 1344 2420 1388 2420 1344 2421 1345 2421 1389 2421 1345 2422 1346 2422 1390 2422 1346 2423 1348 2423 1391 2423 1348 2424 1347 2424 1392 2424 1347 2425 1349 2425 1393 2425 1349 2426 1350 2426 1394 2426 1350 2427 1351 2427 1395 2427 1351 2428 1352 2428 1396 2428 1352 2429 1353 2429 1397 2429 1353 2430 1354 2430 1398 2430 1354 2431 1355 2431 1399 2431 1355 2432 1356 2432 1400 2432 1356 2433 1357 2433 1401 2433 1357 2434 1358 2434 1402 2434 1358 2435 1359 2435 1403 2435 1359 2436 1360 2436 1404 2436 1360 2437 1362 2437 1405 2437 1362 2438 1361 2438 1406 2438 1361 2439 1363 2439 1407 2439 1363 2440 1364 2440 1408 2440 1364 2441 1365 2441 1409 2441 1365 2442 1366 2442 1410 2442 1366 2443 1367 2443 1411 2443 1367 2444 1368 2444 1412 2444 1368 2445 1369 2445 1413 2445 1369 2446 1370 2446 1414 2446 1370 2447 1371 2447 1415 2447 1371 2448 1372 2448 1416 2448 1372 2449 1373 2449 1417 2449 1373 2450 1374 2450 1418 2450 1374 2451 1375 2451 1419 2451 1375 2452 1377 2452 1420 2452 1377 2453 1376 2453 1421 2453 1421 2454 1378 2454 1422 2454 1378 2455 1379 2455 1423 2455 1379 2456 1380 2456 1424 2456 1380 2457 1381 2457 1425 2457 1381 2458 1382 2458 1426 2458 1382 2459 1383 2459 1427 2459 1383 2460 1384 2460 1428 2460 1384 2461 1385 2461 1429 2461 1385 2462 1386 2462 1430 2462 1386 2463 1387 2463 1431 2463 1387 2464 1388 2464 1432 2464 1388 2465 1389 2465 1433 2465 1389 2466 1390 2466 1434 2466 1390 2467 1391 2467 1435 2467 1391 2468 1392 2468 1436 2468 1392 2469 1393 2469 1437 2469 1393 2470 1394 2470 1438 2470 1394 2471 1395 2471 1439 2471 1395 2472 1396 2472 1440 2472 1396 2473 1397 2473 1441 2473 1397 2474 1398 2474 1442 2474 1398 2475 1399 2475 1443 2475 1399 2476 1400 2476 1444 2476 1400 2477 1401 2477 1445 2477 1401 2478 1402 2478 1446 2478 1402 2479 1403 2479 1447 2479 1403 2480 1404 2480 1448 2480 1404 2481 1405 2481 1449 2481 1405 2482 1406 2482 1450 2482 1406 2483 1407 2483 1451 2483 1407 2484 1408 2484 1452 2484 1408 2485 1409 2485 1453 2485 1409 2486 1410 2486 1454 2486 1410 2487 1411 2487 1455 2487 1411 2488 1412 2488 1456 2488 1412 2489 1413 2489 1457 2489 1413 2490 1414 2490 1458 2490 1414 2491 1415 2491 1459 2491 1415 2492 1416 2492 1460 2492 1416 2493 1417 2493 1461 2493 1417 2494 1418 2494 1462 2494 1418 2495 1419 2495 1463 2495 1419 2496 1420 2496 1464 2496 1420 2497 1421 2497 1465 2497 1465 2498 1422 2498 1466 2498 1422 2499 1423 2499 1467 2499 1423 2500 1424 2500 1468 2500 1424 2501 1425 2501 1469 2501 1425 2502 1426 2502 1470 2502 1426 2503 1427 2503 1471 2503 1427 2504 1428 2504 1472 2504 1428 2505 1429 2505 1473 2505 1429 2506 1430 2506 1474 2506 1430 2507 1431 2507 1475 2507 1431 2508 1432 2508 1476 2508 1432 2509 1433 2509 1477 2509 1433 2510 1434 2510 1478 2510 1434 2511 1435 2511 1479 2511 1435 2512 1436 2512 1480 2512 1436 2513 1437 2513 1481 2513 1437 2514 1438 2514 1482 2514 1438 2515 1439 2515 1483 2515 1439 2516 1440 2516 1484 2516 1440 2517 1441 2517 1485 2517 1441 2518 1442 2518 1486 2518 1442 2519 1443 2519 1487 2519 1443 2520 1444 2520 1488 2520 1444 2521 1445 2521 1489 2521 1445 2522 1446 2522 1490 2522 1446 2523 1447 2523 1491 2523 1447 2524 1448 2524 1492 2524 1448 2525 1449 2525 1493 2525 1449 2526 1450 2526 1494 2526 1450 2527 1451 2527 1495 2527 1451 2528 1452 2528 1496 2528 1452 2529 1453 2529 1497 2529 1453 2530 1454 2530 1498 2530 1454 2531 1455 2531 1499 2531 1455 2532 1456 2532 1500 2532 1456 2533 1457 2533 1501 2533 1457 2534 1458 2534 1502 2534 1458 2535 1459 2535 1503 2535 1459 2536 1460 2536 1504 2536 1460 2537 1461 2537 1505 2537 1461 2538 1462 2538 1506 2538 1462 2539 1463 2539 1507 2539 1463 2540 1464 2540 1508 2540 1464 2541 1465 2541 1509 2541 1509 2542 1466 2542 1510 2542 1466 2543 1467 2543 1511 2543 1467 2544 1468 2544 1512 2544 1468 2545 1469 2545 1513 2545 1469 2546 1470 2546 1514 2546 1470 2547 1471 2547 1515 2547 1471 2548 1472 2548 1516 2548 1472 2549 1473 2549 1517 2549 1473 2550 1474 2550 1518 2550 1474 2551 1475 2551 1519 2551 1475 2552 1476 2552 1520 2552 1476 2553 1477 2553 1521 2553 1477 2554 1478 2554 1522 2554 1478 2555 1479 2555 1523 2555 1479 2556 1480 2556 1524 2556 1480 2557 1481 2557 1525 2557 1481 2558 1482 2558 1526 2558 1482 2559 1483 2559 1527 2559 1483 2560 1484 2560 1528 2560 1484 2561 1485 2561 1529 2561 1485 2562 1486 2562 1530 2562 1486 2563 1487 2563 1531 2563 1487 2564 1488 2564 1532 2564 1488 2565 1489 2565 1533 2565 1489 2566 1490 2566 1534 2566 1490 2567 1491 2567 1535 2567 1491 2568 1492 2568 1536 2568 1492 2569 1493 2569 1537 2569 1493 2570 1494 2570 1538 2570 1494 2571 1495 2571 1539 2571 1495 2572 1496 2572 1540 2572 1496 2573 1497 2573 1541 2573 1497 2574 1498 2574 1542 2574 1498 2575 1499 2575 1543 2575 1499 2576 1500 2576 1544 2576 1500 2577 1501 2577 1545 2577 1501 2578 1502 2578 1546 2578 1502 2579 1503 2579 1547 2579 1503 2580 1504 2580 1548 2580 1504 2581 1505 2581 1549 2581 1505 2582 1506 2582 1550 2582 1506 2583 1507 2583 1551 2583 1507 2584 1508 2584 1552 2584 1508 2585 1509 2585 1553 2585 1553 2586 1510 2586 1554 2586 1510 2587 1511 2587 1555 2587 1511 2588 1512 2588 1556 2588 1512 2589 1513 2589 1557 2589 1513 2590 1514 2590 1558 2590 1514 2591 1515 2591 1559 2591 1515 2592 1516 2592 1560 2592 1516 2593 1517 2593 1561 2593 1517 2594 1518 2594 1562 2594 1518 2595 1519 2595 1563 2595 1519 2596 1520 2596 1564 2596 1520 2597 1521 2597 1565 2597 1521 2598 1522 2598 1566 2598 1522 2599 1523 2599 1567 2599 1523 2600 1524 2600 1568 2600 1524 2601 1525 2601 1569 2601 1525 2602 1526 2602 1570 2602 1526 2603 1527 2603 1571 2603 1527 2604 1528 2604 1572 2604 1528 2605 1529 2605 1573 2605 1529 2606 1530 2606 1574 2606 1530 2607 1531 2607 1575 2607 1531 2608 1532 2608 1576 2608 1532 2609 1533 2609 1577 2609 1533 2610 1534 2610 1578 2610 1534 2611 1535 2611 1579 2611 1535 2612 1536 2612 1580 2612 1536 2613 1537 2613 1581 2613 1537 2614 1538 2614 1582 2614 1538 2615 1539 2615 1583 2615 1539 2616 1540 2616 1584 2616 1540 2617 1541 2617 1585 2617 1541 2618 1542 2618 1586 2618 1542 2619 1543 2619 1587 2619 1543 2620 1544 2620 1588 2620 1544 2621 1545 2621 1589 2621 1545 2622 1546 2622 1590 2622 1546 2623 1547 2623 1591 2623 1547 2624 1548 2624 1592 2624 1548 2625 1549 2625 1593 2625 1549 2626 1550 2626 1594 2626 1550 2627 1551 2627 1595 2627 1551 2628 1552 2628 1596 2628 1552 2629 1553 2629 1597 2629 1597 2630 1554 2630 1598 2630 1554 2631 1555 2631 1599 2631 1555 2632 1556 2632 1600 2632 1556 2633 1557 2633 1601 2633 1557 2634 1558 2634 1602 2634 1558 2635 1559 2635 1603 2635 1559 2636 1560 2636 1604 2636 1560 2637 1561 2637 1605 2637 1561 2638 1562 2638 1606 2638 1562 2639 1563 2639 1607 2639 1563 2640 1564 2640 1608 2640 1564 2641 1565 2641 1609 2641 1565 2642 1566 2642 1610 2642 1566 2643 1567 2643 1611 2643 1567 2644 1568 2644 1612 2644 1568 2645 1569 2645 1613 2645 1569 2646 1570 2646 1614 2646 1570 2647 1571 2647 1615 2647 1571 2648 1572 2648 1616 2648 1572 2649 1573 2649 1617 2649 1573 2650 1574 2650 1618 2650 1574 2651 1575 2651 1619 2651 1575 2652 1576 2652 1620 2652 1576 2653 1577 2653 1621 2653 1577 2654 1578 2654 1622 2654 1578 2655 1579 2655 1623 2655 1579 2656 1580 2656 1624 2656 1580 2657 1581 2657 1625 2657 1581 2658 1582 2658 1626 2658 1582 2659 1583 2659 1627 2659 1583 2660 1584 2660 1628 2660 1584 2661 1585 2661 1629 2661 1585 2662 1586 2662 1630 2662 1586 2663 1587 2663 1631 2663 1587 2664 1588 2664 1632 2664 1588 2665 1589 2665 1633 2665 1589 2666 1590 2666 1634 2666 1590 2667 1591 2667 1635 2667 1591 2668 1592 2668 1636 2668 1592 2669 1593 2669 1637 2669 1593 2670 1594 2670 1638 2670 1594 2671 1595 2671 1639 2671 1595 2672 1596 2672 1640 2672 1596 2673 1597 2673 1641 2673 1641 2674 1598 2674 1642 2674 1598 2675 1643 2675 1642 2675 1598 2676 1599 2676 1644 2676 1599 2677 1600 2677 1645 2677 1600 2678 1601 2678 1646 2678 1601 2679 1602 2679 1647 2679 1602 2680 1603 2680 1648 2680 1603 2681 1604 2681 1649 2681 1604 2682 1605 2682 1650 2682 1605 2683 1606 2683 1651 2683 1606 2684 1607 2684 1652 2684 1607 2685 1608 2685 1653 2685 1608 2686 1609 2686 1654 2686 1609 2687 1610 2687 1655 2687 1610 2688 1611 2688 1656 2688 1612 2689 1657 2689 1658 2689 1658 2690 1611 2690 1612 2690 1612 2691 1613 2691 1659 2691 1613 2692 1614 2692 1660 2692 1614 2693 1615 2693 1661 2693 1615 2694 1616 2694 1662 2694 1616 2695 1617 2695 1663 2695 1617 2696 1618 2696 1664 2696 1618 2697 1619 2697 1665 2697 1619 2698 1620 2698 1666 2698 1620 2699 1621 2699 1667 2699 1621 2700 1622 2700 1668 2700 1622 2701 1623 2701 1669 2701 1623 2702 1624 2702 1670 2702 1624 2703 1625 2703 1671 2703 1625 2704 1626 2704 1672 2704 1626 2705 1627 2705 1673 2705 1627 2706 1674 2706 1673 2706 1627 2707 1628 2707 1675 2707 1628 2708 1629 2708 1676 2708 1629 2709 1630 2709 1677 2709 1630 2710 1631 2710 1678 2710 1631 2711 1632 2711 1679 2711 1632 2712 1633 2712 1680 2712 1633 2713 1634 2713 1681 2713 1634 2714 1635 2714 1682 2714 1635 2715 1636 2715 1683 2715 1636 2716 1637 2716 1684 2716 1637 2717 1638 2717 1685 2717 1638 2718 1639 2718 1686 2718 1639 2719 1640 2719 1687 2719 1641 2720 1688 2720 1689 2720 1689 2721 1640 2721 1641 2721 1689 2722 1687 2722 1640 2722 1687 2723 1686 2723 1639 2723 1686 2724 1685 2724 1638 2724 1685 2725 1684 2725 1637 2725 1684 2726 1683 2726 1636 2726 1683 2727 1682 2727 1635 2727 1682 2728 1681 2728 1634 2728 1681 2729 1680 2729 1633 2729 1680 2730 1679 2730 1632 2730 1679 2731 1678 2731 1631 2731 1678 2732 1677 2732 1630 2732 1677 2733 1676 2733 1629 2733 1676 2734 1675 2734 1628 2734 1675 2735 1674 2735 1627 2735 1673 2736 1672 2736 1626 2736 1672 2737 1671 2737 1625 2737 1671 2738 1670 2738 1624 2738 1670 2739 1669 2739 1623 2739 1669 2740 1668 2740 1622 2740 1668 2741 1667 2741 1621 2741 1667 2742 1666 2742 1620 2742 1666 2743 1665 2743 1619 2743 1665 2744 1664 2744 1618 2744 1664 2745 1663 2745 1617 2745 1663 2746 1662 2746 1616 2746 1662 2747 1661 2747 1615 2747 1661 2748 1660 2748 1614 2748 1660 2749 1659 2749 1613 2749 1659 2750 1657 2750 1612 2750 1658 2751 1656 2751 1611 2751 1656 2752 1655 2752 1610 2752 1655 2753 1654 2753 1609 2753 1654 2754 1653 2754 1608 2754 1653 2755 1652 2755 1607 2755 1652 2756 1651 2756 1606 2756 1651 2757 1650 2757 1605 2757 1650 2758 1649 2758 1604 2758 1649 2759 1648 2759 1603 2759 1648 2760 1647 2760 1602 2760 1647 2761 1646 2761 1601 2761 1646 2762 1645 2762 1600 2762 1645 2763 1644 2763 1599 2763 1644 2764 1643 2764 1598 2764 1642 2765 1688 2765 1641 2765 1641 2766 1640 2766 1596 2766 1640 2767 1639 2767 1595 2767 1639 2768 1638 2768 1594 2768 1638 2769 1637 2769 1593 2769 1637 2770 1636 2770 1592 2770 1636 2771 1635 2771 1591 2771 1635 2772 1634 2772 1590 2772 1634 2773 1633 2773 1589 2773 1633 2774 1632 2774 1588 2774 1632 2775 1631 2775 1587 2775 1631 2776 1630 2776 1586 2776 1630 2777 1629 2777 1585 2777 1629 2778 1628 2778 1584 2778 1628 2779 1627 2779 1583 2779 1627 2780 1626 2780 1582 2780 1626 2781 1625 2781 1581 2781 1625 2782 1624 2782 1580 2782 1624 2783 1623 2783 1579 2783 1623 2784 1622 2784 1578 2784 1622 2785 1621 2785 1577 2785 1621 2786 1620 2786 1576 2786 1620 2787 1619 2787 1575 2787 1619 2788 1618 2788 1574 2788 1618 2789 1617 2789 1573 2789 1617 2790 1616 2790 1572 2790 1616 2791 1615 2791 1571 2791 1615 2792 1614 2792 1570 2792 1614 2793 1613 2793 1569 2793 1613 2794 1612 2794 1568 2794 1612 2795 1611 2795 1567 2795 1611 2796 1610 2796 1566 2796 1610 2797 1609 2797 1565 2797 1609 2798 1608 2798 1564 2798 1608 2799 1607 2799 1563 2799 1607 2800 1606 2800 1562 2800 1606 2801 1605 2801 1561 2801 1605 2802 1604 2802 1560 2802 1604 2803 1603 2803 1559 2803 1603 2804 1602 2804 1558 2804 1602 2805 1601 2805 1557 2805 1601 2806 1600 2806 1556 2806 1600 2807 1599 2807 1555 2807 1599 2808 1598 2808 1554 2808 1598 2809 1641 2809 1597 2809 1597 2810 1596 2810 1552 2810 1596 2811 1595 2811 1551 2811 1595 2812 1594 2812 1550 2812 1594 2813 1593 2813 1549 2813 1593 2814 1592 2814 1548 2814 1592 2815 1591 2815 1547 2815 1591 2816 1590 2816 1546 2816 1590 2817 1589 2817 1545 2817 1589 2818 1588 2818 1544 2818 1588 2819 1587 2819 1543 2819 1587 2820 1586 2820 1542 2820 1586 2821 1585 2821 1541 2821 1585 2822 1584 2822 1540 2822 1584 2823 1583 2823 1539 2823 1583 2824 1582 2824 1538 2824 1582 2825 1581 2825 1537 2825 1581 2826 1580 2826 1536 2826 1580 2827 1579 2827 1535 2827 1579 2828 1578 2828 1534 2828 1578 2829 1577 2829 1533 2829 1577 2830 1576 2830 1532 2830 1576 2831 1575 2831 1531 2831 1575 2832 1574 2832 1530 2832 1574 2833 1573 2833 1529 2833 1573 2834 1572 2834 1528 2834 1572 2835 1571 2835 1527 2835 1571 2836 1570 2836 1526 2836 1570 2837 1569 2837 1525 2837 1569 2838 1568 2838 1524 2838 1568 2839 1567 2839 1523 2839 1567 2840 1566 2840 1522 2840 1566 2841 1565 2841 1521 2841 1565 2842 1564 2842 1520 2842 1564 2843 1563 2843 1519 2843 1563 2844 1562 2844 1518 2844 1562 2845 1561 2845 1517 2845 1561 2846 1560 2846 1516 2846 1560 2847 1559 2847 1515 2847 1559 2848 1558 2848 1514 2848 1558 2849 1557 2849 1513 2849 1557 2850 1556 2850 1512 2850 1556 2851 1555 2851 1511 2851 1555 2852 1554 2852 1510 2852 1554 2853 1597 2853 1553 2853 1553 2854 1552 2854 1508 2854 1552 2855 1551 2855 1507 2855 1551 2856 1550 2856 1506 2856 1550 2857 1549 2857 1505 2857 1549 2858 1548 2858 1504 2858 1548 2859 1547 2859 1503 2859 1547 2860 1546 2860 1502 2860 1546 2861 1545 2861 1501 2861 1545 2862 1544 2862 1500 2862 1544 2863 1543 2863 1499 2863 1543 2864 1542 2864 1498 2864 1542 2865 1541 2865 1497 2865 1541 2866 1540 2866 1496 2866 1540 2867 1539 2867 1495 2867 1539 2868 1538 2868 1494 2868 1538 2869 1537 2869 1493 2869 1537 2870 1536 2870 1492 2870 1536 2871 1535 2871 1491 2871 1535 2872 1534 2872 1490 2872 1534 2873 1533 2873 1489 2873 1533 2874 1532 2874 1488 2874 1532 2875 1531 2875 1487 2875 1531 2876 1530 2876 1486 2876 1530 2877 1529 2877 1485 2877 1529 2878 1528 2878 1484 2878 1528 2879 1527 2879 1483 2879 1527 2880 1526 2880 1482 2880 1526 2881 1525 2881 1481 2881 1525 2882 1524 2882 1480 2882 1524 2883 1523 2883 1479 2883 1523 2884 1522 2884 1478 2884 1522 2885 1521 2885 1477 2885 1521 2886 1520 2886 1476 2886 1520 2887 1519 2887 1475 2887 1519 2888 1518 2888 1474 2888 1518 2889 1517 2889 1473 2889 1517 2890 1516 2890 1472 2890 1516 2891 1515 2891 1471 2891 1515 2892 1514 2892 1470 2892 1514 2893 1513 2893 1469 2893 1513 2894 1512 2894 1468 2894 1512 2895 1511 2895 1467 2895 1511 2896 1510 2896 1466 2896 1510 2897 1553 2897 1509 2897 1509 2898 1508 2898 1464 2898 1508 2899 1507 2899 1463 2899 1507 2900 1506 2900 1462 2900 1506 2901 1505 2901 1461 2901 1505 2902 1504 2902 1460 2902 1504 2903 1503 2903 1459 2903 1503 2904 1502 2904 1458 2904 1502 2905 1501 2905 1457 2905 1501 2906 1500 2906 1456 2906 1500 2907 1499 2907 1455 2907 1499 2908 1498 2908 1454 2908 1498 2909 1497 2909 1453 2909 1497 2910 1496 2910 1452 2910 1496 2911 1495 2911 1451 2911 1495 2912 1494 2912 1450 2912 1494 2913 1493 2913 1449 2913 1493 2914 1492 2914 1448 2914 1492 2915 1491 2915 1447 2915 1491 2916 1490 2916 1446 2916 1490 2917 1489 2917 1445 2917 1489 2918 1488 2918 1444 2918 1488 2919 1487 2919 1443 2919 1487 2920 1486 2920 1442 2920 1486 2921 1485 2921 1441 2921 1485 2922 1484 2922 1440 2922 1484 2923 1483 2923 1439 2923 1483 2924 1482 2924 1438 2924 1482 2925 1481 2925 1437 2925 1481 2926 1480 2926 1436 2926 1480 2927 1479 2927 1435 2927 1479 2928 1478 2928 1434 2928 1478 2929 1477 2929 1433 2929 1477 2930 1476 2930 1432 2930 1476 2931 1475 2931 1431 2931 1475 2932 1474 2932 1430 2932 1474 2933 1473 2933 1429 2933 1473 2934 1472 2934 1428 2934 1472 2935 1471 2935 1427 2935 1471 2936 1470 2936 1426 2936 1470 2937 1469 2937 1425 2937 1469 2938 1468 2938 1424 2938 1468 2939 1467 2939 1423 2939 1467 2940 1466 2940 1422 2940 1466 2941 1509 2941 1465 2941 1465 2942 1464 2942 1420 2942 1464 2943 1463 2943 1419 2943 1463 2944 1462 2944 1418 2944 1462 2945 1461 2945 1417 2945 1461 2946 1460 2946 1416 2946 1460 2947 1459 2947 1415 2947 1459 2948 1458 2948 1414 2948 1458 2949 1457 2949 1413 2949 1457 2950 1456 2950 1412 2950 1456 2951 1455 2951 1411 2951 1455 2952 1454 2952 1410 2952 1454 2953 1453 2953 1409 2953 1453 2954 1452 2954 1408 2954 1452 2955 1451 2955 1407 2955 1451 2956 1450 2956 1406 2956 1450 2957 1449 2957 1405 2957 1449 2958 1448 2958 1404 2958 1448 2959 1447 2959 1403 2959 1447 2960 1446 2960 1402 2960 1446 2961 1445 2961 1401 2961 1445 2962 1444 2962 1400 2962 1444 2963 1443 2963 1399 2963 1443 2964 1442 2964 1398 2964 1442 2965 1441 2965 1397 2965 1441 2966 1440 2966 1396 2966 1440 2967 1439 2967 1395 2967 1439 2968 1438 2968 1394 2968 1438 2969 1437 2969 1393 2969 1437 2970 1436 2970 1392 2970 1436 2971 1435 2971 1391 2971 1435 2972 1434 2972 1390 2972 1434 2973 1433 2973 1389 2973 1433 2974 1432 2974 1388 2974 1432 2975 1431 2975 1387 2975 1431 2976 1430 2976 1386 2976 1430 2977 1429 2977 1385 2977 1429 2978 1428 2978 1384 2978 1428 2979 1427 2979 1383 2979 1427 2980 1426 2980 1382 2980 1426 2981 1425 2981 1381 2981 1425 2982 1424 2982 1380 2982 1424 2983 1423 2983 1379 2983 1423 2984 1422 2984 1378 2984 1422 2985 1465 2985 1421 2985 1421 2986 1420 2986 1377 2986 1420 2987 1419 2987 1375 2987 1419 2988 1418 2988 1374 2988 1418 2989 1417 2989 1373 2989 1417 2990 1416 2990 1372 2990 1416 2991 1415 2991 1371 2991 1415 2992 1414 2992 1370 2992 1414 2993 1413 2993 1369 2993 1413 2994 1412 2994 1368 2994 1412 2995 1411 2995 1367 2995 1411 2996 1410 2996 1366 2996 1410 2997 1409 2997 1365 2997 1409 2998 1408 2998 1364 2998 1408 2999 1407 2999 1363 2999 1407 3000 1406 3000 1361 3000 1406 3001 1405 3001 1362 3001 1405 3002 1404 3002 1360 3002 1404 3003 1403 3003 1359 3003 1403 3004 1402 3004 1358 3004 1402 3005 1401 3005 1357 3005 1401 3006 1400 3006 1356 3006 1400 3007 1399 3007 1355 3007 1399 3008 1398 3008 1354 3008 1398 3009 1397 3009 1353 3009 1397 3010 1396 3010 1352 3010 1396 3011 1395 3011 1351 3011 1395 3012 1394 3012 1350 3012 1394 3013 1393 3013 1349 3013 1393 3014 1392 3014 1347 3014 1392 3015 1391 3015 1348 3015 1391 3016 1390 3016 1346 3016 1390 3017 1389 3017 1345 3017 1389 3018 1388 3018 1344 3018 1388 3019 1387 3019 1343 3019 1387 3020 1386 3020 1342 3020 1386 3021 1385 3021 1341 3021 1385 3022 1384 3022 1340 3022 1384 3023 1383 3023 1339 3023 1383 3024 1382 3024 1338 3024 1382 3025 1381 3025 1337 3025 1381 3026 1380 3026 1336 3026 1380 3027 1379 3027 1335 3027 1379 3028 1378 3028 1334 3028 1378 3029 1421 3029 1376 3029 1377 3030 1333 3030 1286 3030 1333 3031 1377 3031 1375 3031 1332 3032 1375 3032 1374 3032 1331 3033 1374 3033 1373 3033 1330 3034 1373 3034 1372 3034 1328 3035 1372 3035 1371 3035 1329 3036 1371 3036 1370 3036 1326 3037 1327 3037 1370 3037 1325 3038 1324 3038 1369 3038 1323 3039 1325 3039 1368 3039 1322 3040 1323 3040 1367 3040 1321 3041 1322 3041 1366 3041 1320 3042 1321 3042 1365 3042 1319 3043 1320 3043 1364 3043 1363 3044 1361 3044 1318 3044 1362 3045 1316 3045 1318 3045 1316 3046 1362 3046 1360 3046 1317 3047 1360 3047 1359 3047 1315 3048 1359 3048 1358 3048 1314 3049 1358 3049 1357 3049 1311 3050 1357 3050 1356 3050 1312 3051 1313 3051 1356 3051 1309 3052 1310 3052 1355 3052 1308 3053 1307 3053 1354 3053 1306 3054 1308 3054 1353 3054 1304 3055 1306 3055 1352 3055 1305 3056 1304 3056 1351 3056 1303 3057 1305 3057 1350 3057 1349 3058 1347 3058 1302 3058 1348 3059 1301 3059 1302 3059 1301 3060 1348 3060 1346 3060 1299 3061 1346 3061 1345 3061 1300 3062 1345 3062 1344 3062 1298 3063 1344 3063 1343 3063 1297 3064 1343 3064 1342 3064 1295 3065 1342 3065 1341 3065 1292 3066 1296 3066 1341 3066 1294 3067 1293 3067 1340 3067 1291 3068 1294 3068 1339 3068 1290 3069 1291 3069 1338 3069 1288 3070 1290 3070 1337 3070 1289 3071 1288 3071 1336 3071 1287 3072 1289 3072 1335 3072 1334 3073 1376 3073 1286 3073 1690 3074 1691 3074 1050 3074 1028 3075 1692 3075 1690 3075 1691 3076 1693 3076 1049 3076 1694 42 1695 42 1040 42 1695 3077 1696 3077 1039 3077 1049 3078 1050 3078 1691 3078 1693 3079 1697 3079 1048 3079 1698 3080 1699 3080 1046 3080 1699 3081 1700 3081 1045 3081 1039 3082 1040 3082 1695 3082 1701 42 1038 42 1039 42 1048 3083 1049 3083 1693 3083 1697 3084 1698 3084 1047 3084 1045 3085 1046 3085 1699 3085 1700 3086 1702 3086 1044 3086 1702 3087 1703 3087 1043 3087 1703 42 1704 42 1042 42 1039 42 1696 42 1701 42 1705 3088 1037 3088 1038 3088 1047 3089 1048 3089 1697 3089 1044 3090 1045 3090 1700 3090 1042 42 1043 42 1703 42 1704 3091 1694 3091 1041 3091 1038 42 1701 42 1705 42 1706 3092 1036 3092 1037 3092 1707 42 1035 42 1036 42 1708 42 1034 42 1035 42 1709 42 1031 42 1032 42 1710 3093 1030 3093 1031 3093 1711 3094 1029 3094 1030 3094 1712 3095 1027 3095 1029 3095 1046 3096 1047 3096 1698 3096 1041 3097 1042 3097 1704 3097 1037 42 1705 42 1706 42 1035 3098 1707 3098 1708 3098 1713 42 1033 42 1034 42 1714 3099 1032 3099 1033 3099 1031 3100 1709 3100 1710 3100 1029 3101 1711 3101 1712 3101 1043 42 1044 42 1702 42 1036 42 1706 42 1707 42 1033 3102 1713 3102 1714 3102 1030 3103 1710 3103 1711 3103 1040 42 1041 42 1694 42 1032 3104 1714 3104 1709 3104 1715 3105 1028 3105 1027 3105 1034 3106 1708 3106 1713 3106 1027 42 1712 42 1715 42 1715 42 1692 42 1028 42 1050 42 1028 42 1690 42 1696 3107 1695 3107 1716 3107 1695 3108 1717 3108 1716 3108 1694 3109 1718 3109 1719 3109 1719 3110 1695 3110 1694 3110 1704 1888 1720 1888 1721 1888 1721 3111 1694 3111 1704 3111 1704 3112 1703 3112 1722 3112 1703 3113 1723 3113 1722 3113 1703 3114 1702 3114 1724 3114 1702 1885 1725 1885 1724 1885 1702 3115 1700 3115 1726 3115 1700 1882 1727 1882 1726 1882 1699 3116 1728 3116 1729 3116 1729 3117 1700 3117 1699 3117 1699 3118 1698 3118 1730 3118 1698 1879 1731 1879 1730 1879 1698 3119 1697 3119 1732 3119 1697 1877 1733 1877 1732 1877 1693 1874 1734 1874 1735 1874 1735 3120 1697 3120 1693 3120 1693 3121 1691 3121 1736 3121 1691 3122 1737 3122 1736 3122 1691 3123 1690 3123 1738 3123 1690 3124 1739 3124 1738 3124 1715 3125 1740 3125 1741 3125 1739 3126 1690 3126 1692 3126 1692 1945 1741 1945 1739 1945 1712 3127 1742 3127 1743 3127 1743 3128 1715 3128 1712 3128 1711 1915 1744 1915 1745 1915 1745 3129 1712 3129 1711 3129 1710 3130 1746 3130 1747 3130 1747 3131 1711 3131 1710 3131 1709 1911 1748 1911 1749 1911 1749 3132 1710 3132 1709 3132 1709 3133 1714 3133 1750 3133 1714 3134 1751 3134 1750 3134 1714 3135 1713 3135 1752 3135 1713 3136 1753 3136 1752 3136 1713 3137 1708 3137 1754 3137 1708 3138 1755 3138 1754 3138 1707 3139 1756 3139 1757 3139 1757 3140 1708 3140 1707 3140 1706 1901 1758 1901 1759 1901 1759 3141 1707 3141 1706 3141 1705 3142 1760 3142 1761 3142 1761 3143 1706 3143 1705 3143 1705 3144 1701 3144 1762 3144 1701 3145 1763 3145 1762 3145 1696 3146 1764 3146 1765 3146 1765 3147 1701 3147 1696 3147 1765 3148 1763 3148 1701 3148 1762 3149 1760 3149 1705 3149 1761 1930 1758 1930 1706 1930 1759 1929 1756 1929 1707 1929 1757 1928 1755 1928 1708 1928 1754 3150 1753 3150 1713 3150 1752 1926 1751 1926 1714 1926 1750 1925 1748 1925 1709 1925 1749 3151 1746 3151 1710 3151 1747 1923 1744 1923 1711 1923 1745 3152 1742 3152 1712 3152 1743 3153 1740 3153 1715 3153 1741 1919 1692 1919 1715 1919 1738 3154 1737 3154 1691 3154 1736 3155 1734 3155 1693 3155 1735 1942 1733 1942 1697 1942 1732 3156 1731 3156 1698 3156 1730 3157 1728 3157 1699 3157 1729 3158 1727 3158 1700 3158 1726 3159 1725 3159 1702 3159 1724 1937 1723 1937 1703 1937 1722 3160 1720 3160 1704 3160 1721 1935 1718 1935 1694 1935 1719 3161 1717 3161 1695 3161 1716 1896 1764 1896 1696 1896 1766 3162 1767 3162 1768 3162 1769 3163 1770 3163 1771 3163 1765 3164 1764 3164 1770 3164 1772 3165 1768 3165 1767 3165 1773 3166 1769 3166 1768 3166 1763 3167 1765 3167 1769 3167 1774 3168 1772 3168 1775 3168 1772 3169 1776 3169 1775 3169 1777 3170 1773 3170 1772 3170 1762 3171 1763 3171 1773 3171 1774 3172 1778 3172 1779 3172 1779 3173 1780 3173 1774 3173 1781 3174 1777 3174 1774 3174 1760 3175 1762 3175 1777 3175 1780 3176 1782 3176 1783 3176 1784 3177 1781 3177 1780 3177 1761 3178 1760 3178 1781 3178 1785 3179 1786 3179 1787 3179 1788 3180 1784 3180 1787 3180 1758 3181 1761 3181 1784 3181 1789 3182 1786 3182 1785 3182 1790 3183 1788 3183 1786 3183 1759 3184 1758 3184 1788 3184 1791 3185 1789 3185 1792 3185 1789 3186 1793 3186 1792 3186 1794 3187 1790 3187 1789 3187 1756 3188 1759 3188 1790 3188 1791 3189 1795 3189 1796 3189 1796 3190 1797 3190 1791 3190 1798 3191 1794 3191 1791 3191 1757 3192 1756 3192 1794 3192 1797 3193 1799 3193 1800 3193 1801 3194 1798 3194 1797 3194 1755 3195 1757 3195 1798 3195 1802 3196 1803 3196 1804 3196 1805 3197 1801 3197 1804 3197 1754 3198 1755 3198 1801 3198 1802 3199 1806 3199 1807 3199 1808 3200 1805 3200 1803 3200 1753 3201 1754 3201 1805 3201 1809 3202 1807 3202 1806 3202 1810 3203 1808 3203 1807 3203 1752 3204 1753 3204 1808 3204 1811 3205 1809 3205 1812 3205 1809 3206 1813 3206 1812 3206 1814 3207 1810 3207 1809 3207 1751 3208 1752 3208 1810 3208 1811 3209 1815 3209 1816 3209 1816 3210 1817 3210 1811 3210 1818 3211 1814 3211 1811 3211 1750 3212 1751 3212 1814 3212 1817 3213 1819 3213 1820 3213 1821 3214 1818 3214 1817 3214 1748 3215 1750 3215 1818 3215 1822 3216 1823 3216 1824 3216 1825 3217 1821 3217 1824 3217 1749 3218 1748 3218 1821 3218 1826 3219 1823 3219 1822 3219 1827 3220 1825 3220 1823 3220 1746 3221 1749 3221 1825 3221 1828 3222 1826 3222 1829 3222 1826 3223 1830 3223 1829 3223 1831 3224 1827 3224 1826 3224 1747 3225 1746 3225 1827 3225 1828 3226 1832 3226 1833 3226 1833 3227 1834 3227 1828 3227 1835 3228 1831 3228 1828 3228 1744 3229 1747 3229 1831 3229 1834 3230 1836 3230 1837 3230 1838 3231 1835 3231 1834 3231 1745 3232 1744 3232 1835 3232 1839 3233 1840 3233 1841 3233 1842 3234 1838 3234 1841 3234 1742 3235 1745 3235 1838 3235 1839 3236 1843 3236 1844 3236 1845 3237 1842 3237 1840 3237 1743 3238 1742 3238 1842 3238 1846 3239 1844 3239 1843 3239 1847 3240 1845 3240 1844 3240 1740 3241 1743 3241 1845 3241 1848 3242 1846 3242 1849 3242 1846 3243 1850 3243 1849 3243 1851 3244 1847 3244 1846 3244 1741 3245 1740 3245 1847 3245 1848 3246 1852 3246 1853 3246 1853 3247 1854 3247 1848 3247 1855 3248 1851 3248 1848 3248 1739 3249 1741 3249 1851 3249 1854 3250 1856 3250 1857 3250 1858 3251 1855 3251 1854 3251 1738 3252 1739 3252 1855 3252 1859 3253 1860 3253 1861 3253 1862 3254 1858 3254 1861 3254 1737 3255 1738 3255 1858 3255 1859 3256 1863 3256 1864 3256 1865 3257 1862 3257 1860 3257 1736 3258 1737 3258 1862 3258 1866 3259 1864 3259 1863 3259 1867 3260 1865 3260 1864 3260 1734 3261 1736 3261 1865 3261 1868 3262 1866 3262 1869 3262 1866 3263 1870 3263 1869 3263 1871 3264 1867 3264 1866 3264 1735 3265 1734 3265 1867 3265 1868 3266 1872 3266 1873 3266 1873 3267 1874 3267 1868 3267 1875 3268 1871 3268 1868 3268 1733 3269 1735 3269 1871 3269 1874 3270 1876 3270 1877 3270 1878 3271 1875 3271 1874 3271 1732 3272 1733 3272 1875 3272 1877 3273 1879 3273 1880 3273 1881 3274 1878 3274 1882 3274 1731 3275 1732 3275 1878 3275 1883 3276 1880 3276 1879 3276 1884 3277 1881 3277 1880 3277 1730 3278 1731 3278 1881 3278 1885 3279 1883 3279 1886 3279 1883 3280 1887 3280 1886 3280 1888 3281 1884 3281 1883 3281 1728 3282 1730 3282 1884 3282 1885 3283 1889 3283 1890 3283 1890 3284 1891 3284 1885 3284 1892 3285 1888 3285 1885 3285 1729 3286 1728 3286 1888 3286 1891 3287 1893 3287 1894 3287 1895 3288 1892 3288 1891 3288 1727 3289 1729 3289 1892 3289 1896 3290 1897 3290 1898 3290 1899 3291 1895 3291 1898 3291 1726 3292 1727 3292 1895 3292 1896 3293 1900 3293 1901 3293 1902 3294 1899 3294 1897 3294 1725 3295 1726 3295 1899 3295 1903 3296 1901 3296 1900 3296 1904 3297 1902 3297 1901 3297 1724 3298 1725 3298 1902 3298 1905 3299 1903 3299 1906 3299 1903 3300 1907 3300 1906 3300 1908 3301 1904 3301 1903 3301 1723 3302 1724 3302 1904 3302 1905 3303 1909 3303 1910 3303 1910 3304 1911 3304 1905 3304 1912 3305 1908 3305 1905 3305 1722 3306 1723 3306 1908 3306 1911 3307 1913 3307 1914 3307 1915 3308 1912 3308 1911 3308 1720 3309 1722 3309 1912 3309 1914 3310 1916 3310 1917 3310 1918 3311 1915 3311 1919 3311 1721 3312 1720 3312 1915 3312 1920 3313 1917 3313 1916 3313 1921 3314 1918 3314 1917 3314 1718 3315 1721 3315 1918 3315 1922 3316 1920 3316 1923 3316 1920 3317 1924 3317 1923 3317 1925 3318 1921 3318 1920 3318 1719 3319 1718 3319 1921 3319 1922 3320 1926 3320 1927 3320 1927 3321 1928 3321 1922 3321 1929 3322 1925 3322 1922 3322 1717 3323 1719 3323 1925 3323 1928 3324 1930 3324 1931 3324 1932 3325 1929 3325 1928 3325 1716 3326 1717 3326 1929 3326 1766 3327 1771 3327 1933 3327 1770 3328 1932 3328 1933 3328 1764 3329 1716 3329 1932 3329 1932 3330 1770 3330 1764 3330 1933 3331 1771 3331 1770 3331 1933 3332 1931 3332 1766 3332 1929 3333 1932 3333 1716 3333 1928 3334 1933 3334 1932 3334 1931 3335 1933 3335 1928 3335 1925 3336 1929 3336 1717 3336 1922 3337 1928 3337 1929 3337 1927 3338 1930 3338 1928 3338 1921 3339 1925 3339 1719 3339 1920 3340 1922 3340 1925 3340 1923 3341 1926 3341 1922 3341 1918 3342 1921 3342 1718 3342 1917 3343 1920 3343 1921 3343 1916 3344 1924 3344 1920 3344 1915 3345 1918 3345 1721 3345 1919 3346 1917 3346 1918 3346 1917 3347 1919 3347 1914 3347 1912 3348 1915 3348 1720 3348 1911 3349 1919 3349 1915 3349 1914 3350 1919 3350 1911 3350 1908 3351 1912 3351 1722 3351 1905 3352 1911 3352 1912 3352 1910 3353 1913 3353 1911 3353 1904 3354 1908 3354 1723 3354 1903 3355 1905 3355 1908 3355 1906 3356 1909 3356 1905 3356 1902 3357 1904 3357 1724 3357 1901 3358 1903 3358 1904 3358 1900 3359 1907 3359 1903 3359 1899 3360 1902 3360 1725 3360 1897 3361 1901 3361 1902 3361 1901 3362 1897 3362 1896 3362 1895 3363 1899 3363 1726 3363 1898 3364 1897 3364 1899 3364 1898 3365 1894 3365 1896 3365 1892 3366 1895 3366 1727 3366 1891 3367 1898 3367 1895 3367 1894 3368 1898 3368 1891 3368 1888 3369 1892 3369 1729 3369 1885 3370 1891 3370 1892 3370 1890 3371 1893 3371 1891 3371 1884 3372 1888 3372 1728 3372 1883 3373 1885 3373 1888 3373 1886 3374 1889 3374 1885 3374 1881 3375 1884 3375 1730 3375 1880 3376 1883 3376 1884 3376 1879 3377 1887 3377 1883 3377 1878 3378 1881 3378 1731 3378 1882 3379 1880 3379 1881 3379 1880 3380 1882 3380 1877 3380 1875 3381 1878 3381 1732 3381 1874 3382 1882 3382 1878 3382 1877 3383 1882 3383 1874 3383 1871 3384 1875 3384 1733 3384 1868 3385 1874 3385 1875 3385 1873 3386 1876 3386 1874 3386 1867 3387 1871 3387 1735 3387 1866 3388 1868 3388 1871 3388 1869 3389 1872 3389 1868 3389 1865 3390 1867 3390 1734 3390 1864 3391 1866 3391 1867 3391 1863 3392 1870 3392 1866 3392 1862 3393 1865 3393 1736 3393 1860 3394 1864 3394 1865 3394 1864 3395 1860 3395 1859 3395 1858 3396 1862 3396 1737 3396 1861 3397 1860 3397 1862 3397 1861 3398 1857 3398 1859 3398 1855 3399 1858 3399 1738 3399 1854 3400 1861 3400 1858 3400 1857 3401 1861 3401 1854 3401 1851 3402 1855 3402 1739 3402 1848 3403 1854 3403 1855 3403 1853 3404 1856 3404 1854 3404 1847 3405 1851 3405 1741 3405 1846 3406 1848 3406 1851 3406 1849 3407 1852 3407 1848 3407 1845 3408 1847 3408 1740 3408 1844 3409 1846 3409 1847 3409 1843 3410 1850 3410 1846 3410 1842 3411 1845 3411 1743 3411 1840 3412 1844 3412 1845 3412 1844 3413 1840 3413 1839 3413 1838 3414 1842 3414 1742 3414 1841 3415 1840 3415 1842 3415 1841 3416 1837 3416 1839 3416 1835 3417 1838 3417 1745 3417 1834 3418 1841 3418 1838 3418 1837 3419 1841 3419 1834 3419 1831 3420 1835 3420 1744 3420 1828 3421 1834 3421 1835 3421 1833 3422 1836 3422 1834 3422 1827 3423 1831 3423 1747 3423 1826 3424 1828 3424 1831 3424 1829 3425 1832 3425 1828 3425 1825 3426 1827 3426 1746 3426 1823 3427 1826 3427 1827 3427 1822 3428 1830 3428 1826 3428 1821 3429 1825 3429 1749 3429 1824 3430 1823 3430 1825 3430 1824 3431 1820 3431 1822 3431 1818 3432 1821 3432 1748 3432 1817 3433 1824 3433 1821 3433 1820 3434 1824 3434 1817 3434 1814 3435 1818 3435 1750 3435 1811 3436 1817 3436 1818 3436 1816 3437 1819 3437 1817 3437 1810 3438 1814 3438 1751 3438 1809 3439 1811 3439 1814 3439 1812 3440 1815 3440 1811 3440 1808 3441 1810 3441 1752 3441 1807 3442 1809 3442 1810 3442 1806 3443 1813 3443 1809 3443 1805 3444 1808 3444 1753 3444 1803 3445 1807 3445 1808 3445 1807 3446 1803 3446 1802 3446 1801 3447 1805 3447 1754 3447 1804 3448 1803 3448 1805 3448 1804 3449 1800 3449 1802 3449 1798 3450 1801 3450 1755 3450 1797 3451 1804 3451 1801 3451 1800 3452 1804 3452 1797 3452 1794 3453 1798 3453 1757 3453 1791 3454 1797 3454 1798 3454 1796 3455 1799 3455 1797 3455 1790 3456 1794 3456 1756 3456 1789 3457 1791 3457 1794 3457 1792 3458 1795 3458 1791 3458 1788 3459 1790 3459 1759 3459 1786 3460 1789 3460 1790 3460 1785 3461 1793 3461 1789 3461 1784 3462 1788 3462 1758 3462 1787 3463 1786 3463 1788 3463 1787 3464 1783 3464 1785 3464 1781 3465 1784 3465 1761 3465 1780 3466 1787 3466 1784 3466 1783 3467 1787 3467 1780 3467 1777 3468 1781 3468 1760 3468 1774 3469 1780 3469 1781 3469 1779 3470 1782 3470 1780 3470 1773 3471 1777 3471 1762 3471 1772 3472 1774 3472 1777 3472 1775 3473 1778 3473 1774 3473 1769 3474 1773 3474 1763 3474 1768 3475 1772 3475 1773 3475 1767 3476 1776 3476 1772 3476 1770 3477 1769 3477 1765 3477 1771 3478 1768 3478 1769 3478 1768 3479 1771 3479 1766 3479 1664 3480 1665 3480 1766 3480 1664 3481 1931 3481 1930 3481 1930 3482 1663 3482 1664 3482 1663 3483 1927 3483 1926 3483 1926 3484 1662 3484 1663 3484 1662 3485 1923 3485 1924 3485 1924 3486 1661 3486 1662 3486 1660 3487 1661 3487 1916 3487 1659 3488 1660 3488 1914 3488 1914 3489 1913 3489 1659 3489 1658 3490 1657 3490 1909 3490 1657 3491 1659 3491 1910 3491 1910 3492 1909 3492 1657 3492 1656 3493 1907 3493 1900 3493 1658 3494 1906 3494 1907 3494 1907 3495 1656 3495 1658 3495 1655 3496 1900 3496 1896 3496 1654 3497 1896 3497 1894 3497 1652 3498 1653 3498 1893 3498 1653 3499 1894 3499 1893 3499 1651 3500 1652 3500 1889 3500 1652 3501 1890 3501 1889 3501 1650 3502 1651 3502 1887 3502 1651 3503 1886 3503 1887 3503 1650 3504 1879 3504 1877 3504 1649 3505 1877 3505 1876 3505 1876 3506 1648 3506 1649 3506 1648 3507 1873 3507 1872 3507 1872 3508 1647 3508 1648 3508 1647 3509 1869 3509 1870 3509 1870 3510 1646 3510 1647 3510 1645 3511 1646 3511 1863 3511 1644 3512 1645 3512 1859 3512 1642 3513 1643 3513 1856 3513 1643 3514 1644 3514 1857 3514 1857 3515 1856 3515 1643 3515 1688 3516 1852 3516 1849 3516 1688 3517 1642 3517 1853 3517 1853 3518 1852 3518 1688 3518 1687 3519 1850 3519 1843 3519 1689 3520 1849 3520 1850 3520 1850 3521 1687 3521 1689 3521 1686 3522 1843 3522 1839 3522 1685 3523 1839 3523 1837 3523 1683 3524 1684 3524 1836 3524 1684 3525 1837 3525 1836 3525 1682 3526 1683 3526 1832 3526 1683 3527 1833 3527 1832 3527 1681 3528 1682 3528 1830 3528 1682 3529 1829 3529 1830 3529 1680 3530 1681 3530 1822 3530 1680 3531 1820 3531 1819 3531 1819 3532 1679 3532 1680 3532 1679 3533 1816 3533 1815 3533 1815 3534 1678 3534 1679 3534 1678 3535 1812 3535 1813 3535 1813 3536 1677 3536 1678 3536 1676 3537 1677 3537 1806 3537 1675 3538 1676 3538 1802 3538 1673 3539 1674 3539 1799 3539 1674 3540 1675 3540 1800 3540 1800 3541 1799 3541 1674 3541 1672 3542 1795 3542 1792 3542 1673 3543 1796 3543 1795 3543 1795 3544 1672 3544 1673 3544 1671 3545 1793 3545 1785 3545 1671 3546 1792 3546 1793 3546 1670 3547 1785 3547 1783 3547 1668 3548 1669 3548 1782 3548 1669 3549 1783 3549 1782 3549 1667 3550 1668 3550 1778 3550 1668 3551 1779 3551 1778 3551 1666 3552 1667 3552 1776 3552 1667 3553 1775 3553 1776 3553 1666 3554 1767 3554 1766 3554 1766 3555 1665 3555 1666 3555 1776 3556 1767 3556 1666 3556 1778 3557 1775 3557 1667 3557 1782 3558 1779 3558 1668 3558 1783 3559 1669 3559 1670 3559 1785 3560 1670 3560 1671 3560 1792 3561 1671 3561 1672 3561 1799 3562 1796 3562 1673 3562 1802 3563 1800 3563 1675 3563 1806 3564 1802 3564 1676 3564 1813 3565 1806 3565 1677 3565 1815 3566 1812 3566 1678 3566 1819 3567 1816 3567 1679 3567 1822 3568 1820 3568 1680 3568 1830 3569 1822 3569 1681 3569 1832 3570 1829 3570 1682 3570 1836 3571 1833 3571 1683 3571 1837 3572 1684 3572 1685 3572 1839 3573 1685 3573 1686 3573 1843 3574 1686 3574 1687 3574 1849 3575 1689 3575 1688 3575 1856 3576 1853 3576 1642 3576 1859 3577 1857 3577 1644 3577 1863 3578 1859 3578 1645 3578 1870 3579 1863 3579 1646 3579 1872 3580 1869 3580 1647 3580 1876 3581 1873 3581 1648 3581 1877 3582 1649 3582 1650 3582 1887 3583 1879 3583 1650 3583 1889 3584 1886 3584 1651 3584 1893 3585 1890 3585 1652 3585 1894 3586 1653 3586 1654 3586 1896 3587 1654 3587 1655 3587 1900 3588 1655 3588 1656 3588 1909 3589 1906 3589 1658 3589 1913 3590 1910 3590 1659 3590 1916 3591 1914 3591 1660 3591 1924 3592 1916 3592 1661 3592 1926 3593 1923 3593 1662 3593 1930 3594 1927 3594 1663 3594 1766 3595 1931 3595 1664 3595 1934 3596 1935 3596 1936 3596 1935 3597 1937 3597 1936 3597 1938 3598 1934 3598 1939 3598 1939 3599 1940 3599 1938 3599 1941 3600 1942 3600 1943 3600 1942 3601 1944 3601 1943 3601 1935 3602 1941 3602 1945 3602 1945 3603 1937 3603 1935 3603 1946 3604 1947 3604 1948 3604 1947 3605 1949 3605 1948 3605 1942 3606 1946 3606 1950 3606 1950 3607 1944 3607 1942 3607 1951 3608 1952 3608 1953 3608 1952 3609 1954 3609 1953 3609 1947 3610 1951 3610 1955 3610 1955 3611 1949 3611 1947 3611 1956 3612 1957 3612 1958 3612 1957 3613 1959 3613 1958 3613 1952 3614 1956 3614 1960 3614 1960 3615 1954 3615 1952 3615 1961 3616 1962 3616 1963 3616 1962 3617 1964 3617 1963 3617 1957 3618 1961 3618 1965 3618 1965 3619 1959 3619 1957 3619 1966 3620 1967 3620 1968 3620 1969 3621 1968 3621 1970 3621 1970 3622 1962 3622 1969 3622 1970 3623 1964 3623 1962 3623 1971 3624 1972 3624 1973 3624 1974 3625 1973 3625 1975 3625 1975 3626 1966 3626 1974 3626 1975 3627 1967 3627 1966 3627 1976 3628 1977 3628 1978 3628 1979 3629 1978 3629 1980 3629 1980 3630 1971 3630 1979 3630 1980 3631 1972 3631 1971 3631 1981 3632 1982 3632 1983 3632 1984 3633 1983 3633 1985 3633 1985 3634 1976 3634 1984 3634 1985 3635 1977 3635 1976 3635 1986 3636 1987 3636 1988 3636 1989 3637 1988 3637 1990 3637 1990 3638 1981 3638 1989 3638 1990 3639 1982 3639 1981 3639 1991 3640 1992 3640 1993 3640 1994 3641 1993 3641 1995 3641 1995 3642 1986 3642 1994 3642 1995 3643 1987 3643 1986 3643 1996 3644 1997 3644 1998 3644 1997 3645 1999 3645 1998 3645 1991 3646 1996 3646 2000 3646 2000 3647 1992 3647 1991 3647 2001 3648 2002 3648 2003 3648 2002 3649 2004 3649 2003 3649 1997 3650 2001 3650 2005 3650 2005 3651 1999 3651 1997 3651 2006 3652 2007 3652 2008 3652 2007 3653 2009 3653 2008 3653 2002 3654 2006 3654 2010 3654 2010 3655 2004 3655 2002 3655 2011 3656 2012 3656 2013 3656 2012 3657 2014 3657 2013 3657 2007 3658 2011 3658 2015 3658 2015 3659 2009 3659 2007 3659 2016 3660 2017 3660 2018 3660 2017 3661 2019 3661 2018 3661 2012 3662 2016 3662 2020 3662 2020 3663 2014 3663 2012 3663 2021 3664 2022 3664 2023 3664 2022 3665 2024 3665 2023 3665 2017 3666 2021 3666 2025 3666 2025 3667 2019 3667 2017 3667 2026 3668 2027 3668 2028 3668 2029 3669 2028 3669 2030 3669 2030 3670 2022 3670 2029 3670 2030 3671 2024 3671 2022 3671 2031 3672 2032 3672 2033 3672 2034 3673 2033 3673 2035 3673 2035 3674 2026 3674 2034 3674 2035 3675 2027 3675 2026 3675 2036 3676 2037 3676 2038 3676 2039 3677 2038 3677 2040 3677 2040 3678 2031 3678 2039 3678 2040 3679 2032 3679 2031 3679 2041 3680 2042 3680 2043 3680 2044 3681 2043 3681 2045 3681 2045 3682 2036 3682 2044 3682 2045 3683 2037 3683 2036 3683 2046 3684 2047 3684 2048 3684 2049 3685 2048 3685 2050 3685 2050 3686 2041 3686 2049 3686 2050 3687 2042 3687 2041 3687 1938 3688 1940 3688 2051 3688 2052 3689 2051 3689 2053 3689 2053 3690 2046 3690 2052 3690 2053 3691 2047 3691 2046 3691 2051 3692 2052 3692 1938 3692 2048 3693 2049 3693 2046 3693 2043 3694 2044 3694 2041 3694 2038 3695 2039 3695 2036 3695 2033 3696 2034 3696 2031 3696 2028 3697 2029 3697 2026 3697 2023 3698 2025 3698 2021 3698 2018 3699 2020 3699 2016 3699 2013 3700 2015 3700 2011 3700 2008 3701 2010 3701 2006 3701 2003 3702 2005 3702 2001 3702 1998 3703 2000 3703 1996 3703 1993 3704 1994 3704 1991 3704 1988 3705 1989 3705 1986 3705 1983 3706 1984 3706 1981 3706 1978 3707 1979 3707 1976 3707 1973 3708 1974 3708 1971 3708 1968 3709 1969 3709 1966 3709 1963 3710 1965 3710 1961 3710 1958 3711 1960 3711 1956 3711 1953 3712 1955 3712 1951 3712 1948 3713 1950 3713 1946 3713 1943 3714 1945 3714 1941 3714 1936 3715 1939 3715 1934 3715 2054 3716 2055 3716 2056 3716 1938 3717 2054 3717 2057 3717 2057 3718 2056 3718 2058 3718 1934 3719 2057 3719 2059 3719 2059 3720 2058 3720 2060 3720 1935 3721 2059 3721 2061 3721 2061 3722 2060 3722 2062 3722 1941 3723 2061 3723 2063 3723 2063 3724 2062 3724 2064 3724 1942 3725 2063 3725 2065 3725 2065 3726 2064 3726 2066 3726 1946 3727 2065 3727 2067 3727 2067 3728 2066 3728 2068 3728 1947 3729 2067 3729 2069 3729 2069 3730 2068 3730 2070 3730 1951 3731 2069 3731 2071 3731 2071 3732 2070 3732 2072 3732 1952 3733 2071 3733 2073 3733 2073 3734 2072 3734 2074 3734 1956 3735 2073 3735 2075 3735 2075 3736 2074 3736 2076 3736 1957 3737 2075 3737 2077 3737 2077 3738 2076 3738 2078 3738 1961 3739 2077 3739 2079 3739 2079 3740 2078 3740 2080 3740 1962 3741 2079 3741 2081 3741 2081 3742 2080 3742 2082 3742 1969 3743 2081 3743 2083 3743 2083 3744 2082 3744 2084 3744 1966 3745 2083 3745 2085 3745 2085 3746 2084 3746 2086 3746 1974 3747 2085 3747 2087 3747 2087 3748 2086 3748 2088 3748 1971 3749 2087 3749 2089 3749 2089 3750 2088 3750 2090 3750 1979 3751 2089 3751 2091 3751 2091 3752 2090 3752 2092 3752 1976 3753 2091 3753 2093 3753 2093 3754 2092 3754 2094 3754 1984 3755 2093 3755 2095 3755 2095 3756 2094 3756 2096 3756 1981 3757 2095 3757 2097 3757 2097 3758 2096 3758 2098 3758 1989 3759 2097 3759 2099 3759 2099 3760 2098 3760 2100 3760 1986 3761 2099 3761 2101 3761 2101 3762 2100 3762 2102 3762 1994 3763 2101 3763 2103 3763 2103 3764 2102 3764 2104 3764 1991 3765 2103 3765 2105 3765 2105 3766 2104 3766 2106 3766 1996 3767 2105 3767 2107 3767 2107 3768 2106 3768 2108 3768 1997 3769 2107 3769 2109 3769 2109 3770 2108 3770 2110 3770 2001 3771 2109 3771 2111 3771 2111 3772 2110 3772 2112 3772 2002 3773 2111 3773 2113 3773 2113 3774 2112 3774 2114 3774 2006 3775 2113 3775 2115 3775 2115 3776 2114 3776 2116 3776 2007 3777 2115 3777 2117 3777 2117 3778 2116 3778 2118 3778 2011 3779 2117 3779 2119 3779 2119 3780 2118 3780 2120 3780 2012 3781 2119 3781 2121 3781 2121 3782 2120 3782 2122 3782 2016 3783 2121 3783 2123 3783 2123 3784 2122 3784 2124 3784 2017 3785 2123 3785 2125 3785 2125 3786 2124 3786 2126 3786 2021 3787 2125 3787 2127 3787 2127 3788 2126 3788 2128 3788 2022 3789 2127 3789 2129 3789 2129 3790 2128 3790 2130 3790 2029 3791 2129 3791 2131 3791 2131 3792 2130 3792 2132 3792 2026 3793 2131 3793 2133 3793 2133 3794 2132 3794 2134 3794 2034 3795 2133 3795 2135 3795 2135 3796 2134 3796 2136 3796 2031 3797 2135 3797 2137 3797 2137 3798 2136 3798 2138 3798 2039 3799 2137 3799 2139 3799 2139 3800 2138 3800 2140 3800 2036 3801 2139 3801 2141 3801 2141 3802 2140 3802 2142 3802 2044 3803 2141 3803 2143 3803 2143 3804 2142 3804 2144 3804 2041 3805 2143 3805 2145 3805 2145 3806 2144 3806 2146 3806 2049 3807 2145 3807 2147 3807 2147 3808 2146 3808 2148 3808 2046 3809 2147 3809 2149 3809 2149 3810 2148 3810 2055 3810 2052 3811 2149 3811 2054 3811 2054 3812 1938 3812 2052 3812 2055 3813 2054 3813 2149 3813 2149 3814 2052 3814 2046 3814 2148 3815 2149 3815 2147 3815 2147 3816 2046 3816 2049 3816 2146 3817 2147 3817 2145 3817 2145 3818 2049 3818 2041 3818 2144 3819 2145 3819 2143 3819 2143 3820 2041 3820 2044 3820 2142 3821 2143 3821 2141 3821 2141 3822 2044 3822 2036 3822 2140 3823 2141 3823 2139 3823 2139 3824 2036 3824 2039 3824 2138 3825 2139 3825 2137 3825 2137 3826 2039 3826 2031 3826 2136 3827 2137 3827 2135 3827 2135 3828 2031 3828 2034 3828 2134 3829 2135 3829 2133 3829 2133 3830 2034 3830 2026 3830 2132 3831 2133 3831 2131 3831 2131 3832 2026 3832 2029 3832 2130 3833 2131 3833 2129 3833 2129 3834 2029 3834 2022 3834 2128 3835 2129 3835 2127 3835 2127 3836 2022 3836 2021 3836 2126 3837 2127 3837 2125 3837 2125 3838 2021 3838 2017 3838 2124 3839 2125 3839 2123 3839 2123 3840 2017 3840 2016 3840 2122 3841 2123 3841 2121 3841 2121 3842 2016 3842 2012 3842 2120 3843 2121 3843 2119 3843 2119 3844 2012 3844 2011 3844 2118 3845 2119 3845 2117 3845 2117 3846 2011 3846 2007 3846 2116 3847 2117 3847 2115 3847 2115 3848 2007 3848 2006 3848 2114 3849 2115 3849 2113 3849 2113 3850 2006 3850 2002 3850 2112 3851 2113 3851 2111 3851 2111 3852 2002 3852 2001 3852 2110 3853 2111 3853 2109 3853 2109 3854 2001 3854 1997 3854 2108 3855 2109 3855 2107 3855 2107 3856 1997 3856 1996 3856 2106 3857 2107 3857 2105 3857 2105 3858 1996 3858 1991 3858 2104 3859 2105 3859 2103 3859 2103 3860 1991 3860 1994 3860 2102 3861 2103 3861 2101 3861 2101 3862 1994 3862 1986 3862 2100 3863 2101 3863 2099 3863 2099 3864 1986 3864 1989 3864 2098 3865 2099 3865 2097 3865 2097 3866 1989 3866 1981 3866 2096 3867 2097 3867 2095 3867 2095 3868 1981 3868 1984 3868 2094 3869 2095 3869 2093 3869 2093 3870 1984 3870 1976 3870 2092 3871 2093 3871 2091 3871 2091 3872 1976 3872 1979 3872 2090 3873 2091 3873 2089 3873 2089 3874 1979 3874 1971 3874 2088 3875 2089 3875 2087 3875 2087 3876 1971 3876 1974 3876 2086 3877 2087 3877 2085 3877 2085 3878 1974 3878 1966 3878 2084 3879 2085 3879 2083 3879 2083 3880 1966 3880 1969 3880 2082 3881 2083 3881 2081 3881 2081 3882 1969 3882 1962 3882 2080 3883 2081 3883 2079 3883 2079 3884 1962 3884 1961 3884 2078 3885 2079 3885 2077 3885 2077 3886 1961 3886 1957 3886 2076 3887 2077 3887 2075 3887 2075 3888 1957 3888 1956 3888 2074 3889 2075 3889 2073 3889 2073 3890 1956 3890 1952 3890 2072 3891 2073 3891 2071 3891 2071 3892 1952 3892 1951 3892 2070 3893 2071 3893 2069 3893 2069 3894 1951 3894 1947 3894 2068 3895 2069 3895 2067 3895 2067 3896 1947 3896 1946 3896 2066 3897 2067 3897 2065 3897 2065 3898 1946 3898 1942 3898 2064 3899 2065 3899 2063 3899 2063 3900 1942 3900 1941 3900 2062 3901 2063 3901 2061 3901 2061 3902 1941 3902 1935 3902 2060 3903 2061 3903 2059 3903 2059 3904 1935 3904 1934 3904 2058 3905 2059 3905 2057 3905 2057 3906 1934 3906 1938 3906 2056 3907 2057 3907 2054 3907 2096 1327 2150 1327 2151 1327 2096 3908 2094 3908 2150 3908 2152 3909 2150 3909 2094 3909 2152 1327 2092 1327 2090 1327 2153 1327 2154 1327 2088 1327 2153 3910 2086 3910 2084 3910 2155 1327 2156 1327 2082 1327 2094 3911 2092 3911 2152 3911 2090 3912 2088 3912 2154 3912 2084 1327 2156 1327 2153 1327 2082 1327 2080 1327 2155 1327 2076 1327 2074 1327 2157 1327 2070 1327 2158 1327 2159 1327 2064 1327 2160 1327 2161 1327 2162 1327 2163 1327 2056 1327 2162 3913 2055 3913 2148 3913 2164 3914 2165 3914 2146 3914 2140 3915 2138 3915 2166 3915 2167 1327 2168 1327 2114 1327 2090 1327 2154 1327 2152 1327 2156 1327 2084 1327 2082 1327 2155 1327 2080 1327 2078 1327 2157 1327 2169 1327 2076 1327 2157 1327 2074 1327 2072 1327 2070 1327 2068 1327 2158 1327 2161 1327 2158 1327 2068 1327 2064 1327 2062 1327 2160 1327 2170 1327 2060 1327 2058 1327 2148 1327 2165 1327 2162 1327 2146 3916 2144 3916 2164 3916 2164 1327 2144 1327 2142 1327 2166 3917 2171 3917 2140 3917 2134 1327 2172 1327 2173 1327 2174 1327 2124 1327 2122 1327 2175 1327 2118 1327 2116 1327 2114 1327 2112 1327 2167 1327 2088 3918 2086 3918 2153 3918 2169 1327 2078 1327 2076 1327 2159 1327 2072 1327 2070 1327 2161 1327 2066 1327 2064 1327 2170 1327 2160 1327 2062 1327 2058 1327 2056 1327 2163 1327 2165 3919 2148 3919 2146 3919 2171 1327 2142 1327 2140 1327 2134 1327 2132 1327 2172 1327 2176 3920 2172 3920 2132 3920 2128 1327 2177 1327 2176 1327 2122 1327 2120 1327 2178 1327 2175 1327 2178 1327 2120 1327 2168 1327 2116 1327 2114 1327 2167 1327 2112 1327 2110 1327 2108 1327 2106 1327 2179 1327 2078 1327 2169 1327 2155 1327 2068 1327 2066 1327 2161 1327 2058 1327 2163 1327 2170 1327 2142 1327 2171 1327 2164 1327 2166 1327 2138 1327 2136 1327 2132 3921 2130 3921 2176 3921 2128 1327 2126 1327 2177 1327 2174 1327 2177 1327 2126 1327 2120 1327 2118 1327 2175 1327 2110 1327 2180 1327 2167 1327 2179 3922 2180 3922 2108 3922 2179 3923 2106 3923 2104 3923 2072 1327 2159 1327 2157 1327 2056 3924 2055 3924 2162 3924 2173 1327 2136 1327 2134 1327 2126 1327 2124 1327 2174 1327 2116 1327 2168 1327 2175 1327 2104 1327 2181 1327 2179 1327 2102 3925 2182 3925 2181 3925 2062 1327 2060 1327 2170 1327 2176 1327 2130 1327 2128 1327 2180 1327 2110 1327 2108 1327 2102 3926 2100 3926 2182 3926 2136 1327 2173 1327 2166 1327 2181 1327 2104 1327 2102 1327 2151 3927 2182 3927 2100 3927 2122 1327 2178 1327 2174 1327 2151 1327 2098 1327 2096 1327 2100 3928 2098 3928 2151 3928 2183 3929 2184 3929 2185 3929 2184 3930 2186 3930 2187 3930 2186 3931 2188 3931 2189 3931 2188 3932 2190 3932 2191 3932 2190 3933 2192 3933 2193 3933 2192 3934 2194 3934 2195 3934 2194 3935 2196 3935 2197 3935 2196 3936 2198 3936 2199 3936 2198 3937 2200 3937 2201 3937 2200 3938 2202 3938 2203 3938 2202 3939 2204 3939 2205 3939 2204 3940 2206 3940 2207 3940 2206 3941 2208 3941 2209 3941 2208 3942 2210 3942 2211 3942 2210 3943 2212 3943 2213 3943 2212 3944 2214 3944 2215 3944 2214 3945 2216 3945 2217 3945 2216 3946 2218 3946 2219 3946 2218 3947 2220 3947 2221 3947 2220 3948 2222 3948 2223 3948 2222 3949 2224 3949 2225 3949 2224 3950 2226 3950 2227 3950 2226 3951 2228 3951 2229 3951 2228 3952 2230 3952 2231 3952 2230 3953 2232 3953 2233 3953 2232 3954 2234 3954 2235 3954 2234 3955 2236 3955 2237 3955 2236 3956 2238 3956 2239 3956 2238 3957 2240 3957 2241 3957 2240 3958 2242 3958 2243 3958 2242 3959 2244 3959 2245 3959 2244 3960 2246 3960 2247 3960 2246 3961 2183 3961 2248 3961 2248 3962 2185 3962 2163 3962 2185 3963 2187 3963 2170 3963 2187 3964 2189 3964 2160 3964 2189 3965 2191 3965 2161 3965 2191 3966 2193 3966 2158 3966 2193 3967 2195 3967 2159 3967 2195 3968 2197 3968 2157 3968 2197 3969 2199 3969 2169 3969 2199 3970 2201 3970 2155 3970 2201 3971 2203 3971 2156 3971 2203 3972 2205 3972 2153 3972 2205 3973 2207 3973 2154 3973 2207 3974 2209 3974 2152 3974 2209 3975 2211 3975 2150 3975 2211 3976 2213 3976 2151 3976 2213 3977 2215 3977 2182 3977 2215 3978 2217 3978 2181 3978 2217 3979 2219 3979 2179 3979 2219 3980 2221 3980 2180 3980 2221 3981 2223 3981 2167 3981 2223 3982 2225 3982 2168 3982 2225 3983 2227 3983 2175 3983 2227 3984 2229 3984 2178 3984 2229 3985 2231 3985 2174 3985 2231 3986 2233 3986 2177 3986 2233 3987 2235 3987 2176 3987 2235 3988 2237 3988 2172 3988 2237 3989 2239 3989 2173 3989 2239 3990 2241 3990 2166 3990 2241 3991 2243 3991 2171 3991 2243 3992 2245 3992 2164 3992 2245 3993 2247 3993 2165 3993 2247 3994 2248 3994 2162 3994 2162 3995 2165 3995 2247 3995 2165 3996 2164 3996 2245 3996 2164 3997 2171 3997 2243 3997 2171 3998 2166 3998 2241 3998 2166 3999 2173 3999 2239 3999 2173 4000 2172 4000 2237 4000 2172 4001 2176 4001 2235 4001 2176 4002 2177 4002 2233 4002 2177 4003 2174 4003 2231 4003 2174 4004 2178 4004 2229 4004 2178 4005 2175 4005 2227 4005 2175 4006 2168 4006 2225 4006 2168 4007 2167 4007 2223 4007 2167 4008 2180 4008 2221 4008 2180 4009 2179 4009 2219 4009 2179 4010 2181 4010 2217 4010 2181 4011 2182 4011 2215 4011 2182 4012 2151 4012 2213 4012 2151 4013 2150 4013 2211 4013 2150 4014 2152 4014 2209 4014 2152 4015 2154 4015 2207 4015 2154 4016 2153 4016 2205 4016 2153 4017 2156 4017 2203 4017 2156 4018 2155 4018 2201 4018 2155 4019 2169 4019 2199 4019 2169 4020 2157 4020 2197 4020 2157 4021 2159 4021 2195 4021 2159 4022 2158 4022 2193 4022 2158 4023 2161 4023 2191 4023 2161 4024 2160 4024 2189 4024 2160 4025 2170 4025 2187 4025 2170 4026 2163 4026 2185 4026 2163 4027 2162 4027 2248 4027 2248 4028 2247 4028 2246 4028 2247 4029 2245 4029 2244 4029 2245 4030 2243 4030 2242 4030 2243 4031 2241 4031 2240 4031 2241 4032 2239 4032 2238 4032 2239 4033 2237 4033 2236 4033 2237 4034 2235 4034 2234 4034 2235 4035 2233 4035 2232 4035 2233 4036 2231 4036 2230 4036 2231 4037 2229 4037 2228 4037 2229 4038 2227 4038 2226 4038 2227 4039 2225 4039 2224 4039 2225 4040 2223 4040 2222 4040 2223 4041 2221 4041 2220 4041 2221 4042 2219 4042 2218 4042 2219 4043 2217 4043 2216 4043 2217 4044 2215 4044 2214 4044 2215 4045 2213 4045 2212 4045 2213 4046 2211 4046 2210 4046 2211 4047 2209 4047 2208 4047 2209 4048 2207 4048 2206 4048 2207 4049 2205 4049 2204 4049 2205 4050 2203 4050 2202 4050 2203 4051 2201 4051 2200 4051 2201 4052 2199 4052 2198 4052 2199 4053 2197 4053 2196 4053 2197 4054 2195 4054 2194 4054 2195 4055 2193 4055 2192 4055 2193 4056 2191 4056 2190 4056 2191 4057 2189 4057 2188 4057 2189 4058 2187 4058 2186 4058 2187 4059 2185 4059 2184 4059 2185 4060 2248 4060 2183 4060 2051 4061 1940 4061 2249 4061 2053 4062 2051 4062 2250 4062 2251 4063 2048 4063 2047 4063 2047 4064 2252 4064 2251 4064 2050 4065 2048 4065 2251 4065 2253 4066 2043 4066 2042 4066 2042 4067 2254 4067 2253 4067 2045 4068 2043 4068 2253 4068 2255 4069 2038 4069 2037 4069 2037 4070 2256 4070 2255 4070 2040 4071 2038 4071 2255 4071 2257 4072 2033 4072 2032 4072 2032 4073 2258 4073 2257 4073 2035 4074 2033 4074 2257 4074 2259 4075 2028 4075 2027 4075 2027 4076 2260 4076 2259 4076 2030 4077 2028 4077 2259 4077 2261 4078 2262 4078 2024 4078 2262 4079 2023 4079 2024 4079 2025 4080 2023 4080 2262 4080 2263 4081 2264 4081 2019 4081 2264 4082 2018 4082 2019 4082 2020 4083 2018 4083 2264 4083 2265 4084 2266 4084 2014 4084 2266 4085 2013 4085 2014 4085 2015 4086 2013 4086 2266 4086 2267 4087 2268 4087 2009 4087 2268 4088 2008 4088 2009 4088 2010 4089 2008 4089 2268 4089 2269 4090 2270 4090 2004 4090 2270 4091 2003 4091 2004 4091 2005 4092 2003 4092 2270 4092 2271 4093 2272 4093 1999 4093 2272 4094 1998 4094 1999 4094 2000 4095 1998 4095 2272 4095 1992 4096 2000 4096 2273 4096 1993 4097 1992 4097 2274 4097 1995 4098 1993 4098 2275 4098 2276 4099 1988 4099 1987 4099 1987 4100 2277 4100 2276 4100 1990 4101 1988 4101 2276 4101 2278 4102 1983 4102 1982 4102 1982 4103 2279 4103 2278 4103 1985 4104 1983 4104 2278 4104 2280 4105 1978 4105 1977 4105 1977 4106 2281 4106 2280 4106 1980 4107 1978 4107 2280 4107 2282 4108 1973 4108 1972 4108 1972 4109 2283 4109 2282 4109 1975 4110 1973 4110 2282 4110 2284 4111 1968 4111 1967 4111 1967 4112 2285 4112 2284 4112 1970 4113 1968 4113 2284 4113 2286 4114 2287 4114 1964 4114 2287 4115 1963 4115 1964 4115 1965 4116 1963 4116 2287 4116 2288 4117 2289 4117 1959 4117 2289 4118 1958 4118 1959 4118 1960 4119 1958 4119 2289 4119 2290 4120 2291 4120 1954 4120 2291 4121 1953 4121 1954 4121 1955 4122 1953 4122 2291 4122 2292 4123 2293 4123 1949 4123 2293 4124 1948 4124 1949 4124 1950 4125 1948 4125 2293 4125 2294 4126 2295 4126 1944 4126 2295 4127 1943 4127 1944 4127 1945 4128 1943 4128 2295 4128 2296 4129 2297 4129 1937 4129 2297 4130 1936 4130 1937 4130 1939 4131 1936 4131 2297 4131 1940 4132 1939 4132 2298 4132 2298 4133 2249 4133 1940 4133 2297 4134 2298 4134 1939 4134 1937 4135 1945 4135 2296 4135 2295 4136 2296 4136 1945 4136 1944 4137 1950 4137 2294 4137 2293 4138 2294 4138 1950 4138 1949 4139 1955 4139 2292 4139 2291 4140 2292 4140 1955 4140 1954 4141 1960 4141 2290 4141 2289 4142 2290 4142 1960 4142 1959 4143 1965 4143 2288 4143 2287 4144 2288 4144 1965 4144 1964 4145 1970 4145 2286 4145 2284 4146 2286 4146 1970 4146 1967 4147 1975 4147 2285 4147 2282 4148 2285 4148 1975 4148 1972 4149 1980 4149 2283 4149 2280 4150 2283 4150 1980 4150 1977 4151 1985 4151 2281 4151 2278 4152 2281 4152 1985 4152 1982 4153 1990 4153 2279 4153 2276 4154 2279 4154 1990 4154 1987 4155 1995 4155 2277 4155 2275 4156 2277 4156 1995 4156 2274 4157 2275 4157 1993 4157 2273 4158 2274 4158 1992 4158 2272 4159 2273 4159 2000 4159 1999 4160 2005 4160 2271 4160 2270 4161 2271 4161 2005 4161 2004 4162 2010 4162 2269 4162 2268 4163 2269 4163 2010 4163 2009 4164 2015 4164 2267 4164 2266 4165 2267 4165 2015 4165 2014 4166 2020 4166 2265 4166 2264 4167 2265 4167 2020 4167 2019 4168 2025 4168 2263 4168 2262 4169 2263 4169 2025 4169 2024 4170 2030 4170 2261 4170 2259 4171 2261 4171 2030 4171 2027 4172 2035 4172 2260 4172 2257 4173 2260 4173 2035 4173 2032 4174 2040 4174 2258 4174 2255 4175 2258 4175 2040 4175 2037 4176 2045 4176 2256 4176 2253 4177 2256 4177 2045 4177 2042 4178 2050 4178 2254 4178 2251 4179 2254 4179 2050 4179 2047 4180 2053 4180 2252 4180 2250 4181 2252 4181 2053 4181 2249 4182 2250 4182 2051 4182 2299 4183 2275 4183 2274 4183 2300 4184 2277 4184 2275 4184 2275 4185 2299 4185 2300 4185 2300 4186 2301 4186 2276 4186 2302 4187 2279 4187 2276 4187 2276 4188 2301 4188 2302 4188 2302 4189 2303 4189 2278 4189 2304 4190 2281 4190 2278 4190 2278 4191 2303 4191 2304 4191 2305 4192 2280 4192 2281 4192 2306 4193 2283 4193 2280 4193 2280 4194 2305 4194 2306 4194 2306 4195 2307 4195 2282 4195 2307 4196 2308 4196 2285 4196 2285 4197 2282 4197 2307 4197 2309 4198 2284 4198 2285 4198 2310 4199 2286 4199 2284 4199 2284 4200 2309 4200 2310 4200 2310 4201 2311 4201 2287 4201 2311 4202 2312 4202 2288 4202 2288 4203 2287 4203 2311 4203 2312 4204 2313 4204 2289 4204 2313 4205 2314 4205 2290 4205 2290 4206 2289 4206 2313 4206 2314 4207 2315 4207 2291 4207 2315 4208 2316 4208 2292 4208 2292 4209 2291 4209 2315 4209 2316 4210 2317 4210 2293 4210 2318 4211 2294 4211 2293 4211 2293 4212 2317 4212 2318 4212 2318 4213 2319 4213 2295 4213 2319 4214 2320 4214 2296 4214 2296 4215 2295 4215 2319 4215 2320 4216 2321 4216 2297 4216 2321 4217 2322 4217 2298 4217 2298 4218 2297 4218 2321 4218 2322 4219 2323 4219 2249 4219 2324 4220 2250 4220 2249 4220 2249 4221 2323 4221 2324 4221 2324 4222 2325 4222 2252 4222 2325 4223 2326 4223 2251 4223 2251 4224 2252 4224 2325 4224 2326 4225 2327 4225 2254 4225 2327 4226 2328 4226 2253 4226 2253 4227 2254 4227 2327 4227 2328 4228 2329 4228 2256 4228 2330 4229 2255 4229 2256 4229 2256 4230 2329 4230 2330 4230 2330 4231 2331 4231 2258 4231 2332 4232 2257 4232 2258 4232 2258 4233 2331 4233 2332 4233 2332 4234 2333 4234 2260 4234 2334 4235 2259 4235 2260 4235 2260 4236 2333 4236 2334 4236 2334 4237 2335 4237 2261 4237 2336 4238 2262 4238 2261 4238 2261 4239 2335 4239 2336 4239 2337 4240 2263 4240 2262 4240 2338 4241 2264 4241 2263 4241 2263 4242 2337 4242 2338 4242 2339 4243 2265 4243 2264 4243 2340 4244 2266 4244 2265 4244 2265 4245 2339 4245 2340 4245 2341 4246 2267 4246 2266 4246 2342 4247 2268 4247 2267 4247 2267 4248 2341 4248 2342 4248 2343 4249 2269 4249 2268 4249 2344 4250 2270 4250 2269 4250 2269 4251 2343 4251 2344 4251 2345 4252 2271 4252 2270 4252 2346 4253 2272 4253 2271 4253 2271 4254 2345 4254 2346 4254 2346 4255 2347 4255 2273 4255 2347 4256 2348 4256 2274 4256 2274 4257 2273 4257 2347 4257 2273 4258 2272 4258 2346 4258 2270 4259 2344 4259 2345 4259 2268 4260 2342 4260 2343 4260 2266 4261 2340 4261 2341 4261 2264 4262 2338 4262 2339 4262 2262 4263 2336 4263 2337 4263 2261 4264 2259 4264 2334 4264 2260 4265 2257 4265 2332 4265 2258 4266 2255 4266 2330 4266 2256 4267 2253 4267 2328 4267 2254 4268 2251 4268 2326 4268 2252 4269 2250 4269 2324 4269 2249 4270 2298 4270 2322 4270 2297 4271 2296 4271 2320 4271 2295 4272 2294 4272 2318 4272 2293 4273 2292 4273 2316 4273 2291 4274 2290 4274 2314 4274 2289 4275 2288 4275 2312 4275 2287 4276 2286 4276 2310 4276 2285 4277 2308 4277 2309 4277 2282 4278 2283 4278 2306 4278 2281 4279 2304 4279 2305 4279 2278 4280 2279 4280 2302 4280 2276 4281 2277 4281 2300 4281 2274 4282 2348 4282 2299 4282 2349 4283 2323 4283 2322 4283 2350 4284 2349 4284 2351 4284 2351 4285 2322 4285 2321 4285 2352 4286 2351 4286 2353 4286 2353 4287 2321 4287 2320 4287 2354 4288 2353 4288 2355 4288 2355 4289 2320 4289 2319 4289 2356 4290 2355 4290 2357 4290 2357 4291 2319 4291 2318 4291 2358 4292 2357 4292 2359 4292 2359 4293 2318 4293 2317 4293 2360 4294 2359 4294 2361 4294 2361 4295 2317 4295 2316 4295 2362 4296 2361 4296 2363 4296 2363 4297 2316 4297 2315 4297 2364 4298 2363 4298 2365 4298 2365 4299 2315 4299 2314 4299 2366 4300 2365 4300 2367 4300 2367 4301 2314 4301 2313 4301 2368 4302 2367 4302 2369 4302 2369 4303 2313 4303 2312 4303 2370 4304 2369 4304 2371 4304 2371 4305 2312 4305 2311 4305 2372 4306 2371 4306 2373 4306 2373 4307 2311 4307 2310 4307 2374 4308 2373 4308 2375 4308 2375 4309 2310 4309 2309 4309 2376 4310 2375 4310 2377 4310 2377 4311 2309 4311 2308 4311 2378 4312 2377 4312 2379 4312 2379 4313 2308 4313 2307 4313 2380 4314 2379 4314 2381 4314 2381 4315 2307 4315 2306 4315 2382 4316 2381 4316 2383 4316 2383 4317 2306 4317 2305 4317 2384 4318 2383 4318 2385 4318 2385 4319 2305 4319 2304 4319 2386 4320 2385 4320 2387 4320 2387 4321 2304 4321 2303 4321 2388 4322 2387 4322 2389 4322 2389 4323 2303 4323 2302 4323 2390 4324 2389 4324 2391 4324 2391 4325 2302 4325 2301 4325 2392 4326 2391 4326 2393 4326 2393 4327 2301 4327 2300 4327 2394 4328 2393 4328 2395 4328 2395 4329 2300 4329 2299 4329 2396 4330 2395 4330 2397 4330 2397 4331 2299 4331 2348 4331 2398 4332 2397 4332 2399 4332 2399 4333 2348 4333 2347 4333 2400 4334 2399 4334 2401 4334 2401 4335 2347 4335 2346 4335 2402 4336 2401 4336 2403 4336 2403 4337 2346 4337 2345 4337 2404 4338 2403 4338 2405 4338 2405 4339 2345 4339 2344 4339 2406 4340 2405 4340 2407 4340 2407 4341 2344 4341 2343 4341 2408 4342 2407 4342 2409 4342 2409 4343 2343 4343 2342 4343 2410 4344 2409 4344 2411 4344 2411 4345 2342 4345 2341 4345 2412 4346 2411 4346 2413 4346 2413 4347 2341 4347 2340 4347 2414 4348 2413 4348 2415 4348 2415 4349 2340 4349 2339 4349 2416 4350 2415 4350 2417 4350 2417 4351 2339 4351 2338 4351 2418 4352 2417 4352 2419 4352 2419 4353 2338 4353 2337 4353 2420 4354 2419 4354 2421 4354 2421 4355 2337 4355 2336 4355 2422 4356 2421 4356 2423 4356 2423 4357 2336 4357 2335 4357 2424 4358 2423 4358 2425 4358 2425 4359 2335 4359 2334 4359 2426 4360 2425 4360 2427 4360 2427 4361 2334 4361 2333 4361 2428 4362 2427 4362 2429 4362 2429 4363 2333 4363 2332 4363 2430 4364 2429 4364 2431 4364 2431 4365 2332 4365 2331 4365 2432 4366 2431 4366 2433 4366 2433 4367 2331 4367 2330 4367 2434 4368 2433 4368 2435 4368 2435 4369 2330 4369 2329 4369 2436 4370 2435 4370 2437 4370 2437 4371 2329 4371 2328 4371 2438 4372 2437 4372 2439 4372 2439 4373 2328 4373 2327 4373 2440 4374 2439 4374 2441 4374 2441 4375 2327 4375 2326 4375 2442 4376 2441 4376 2443 4376 2443 4377 2326 4377 2325 4377 2444 4378 2443 4378 2445 4378 2445 4379 2325 4379 2324 4379 2446 4380 2445 4380 2447 4380 2447 4381 2324 4381 2323 4381 2448 4382 2447 4382 2349 4382 2349 4383 2350 4383 2448 4383 2323 4384 2349 4384 2447 4384 2447 4385 2448 4385 2446 4385 2324 4386 2447 4386 2445 4386 2445 4387 2446 4387 2444 4387 2325 4388 2445 4388 2443 4388 2443 4389 2444 4389 2442 4389 2326 4390 2443 4390 2441 4390 2441 4391 2442 4391 2440 4391 2327 4392 2441 4392 2439 4392 2439 4393 2440 4393 2438 4393 2328 4394 2439 4394 2437 4394 2437 4395 2438 4395 2436 4395 2329 4396 2437 4396 2435 4396 2435 4397 2436 4397 2434 4397 2330 4398 2435 4398 2433 4398 2433 4399 2434 4399 2432 4399 2331 4400 2433 4400 2431 4400 2431 4401 2432 4401 2430 4401 2332 4402 2431 4402 2429 4402 2429 4403 2430 4403 2428 4403 2333 4404 2429 4404 2427 4404 2427 4405 2428 4405 2426 4405 2334 4406 2427 4406 2425 4406 2425 4407 2426 4407 2424 4407 2335 4408 2425 4408 2423 4408 2423 4409 2424 4409 2422 4409 2336 4410 2423 4410 2421 4410 2421 4411 2422 4411 2420 4411 2337 4412 2421 4412 2419 4412 2419 4413 2420 4413 2418 4413 2338 4414 2419 4414 2417 4414 2417 4415 2418 4415 2416 4415 2339 4416 2417 4416 2415 4416 2415 4417 2416 4417 2414 4417 2340 4418 2415 4418 2413 4418 2413 4419 2414 4419 2412 4419 2341 4420 2413 4420 2411 4420 2411 4421 2412 4421 2410 4421 2342 4422 2411 4422 2409 4422 2409 4423 2410 4423 2408 4423 2343 4424 2409 4424 2407 4424 2407 4425 2408 4425 2406 4425 2344 4426 2407 4426 2405 4426 2405 4427 2406 4427 2404 4427 2345 4428 2405 4428 2403 4428 2403 4429 2404 4429 2402 4429 2346 4430 2403 4430 2401 4430 2401 4431 2402 4431 2400 4431 2347 4432 2401 4432 2399 4432 2399 4433 2400 4433 2398 4433 2348 4434 2399 4434 2397 4434 2397 4435 2398 4435 2396 4435 2299 4436 2397 4436 2395 4436 2395 4437 2396 4437 2394 4437 2300 4438 2395 4438 2393 4438 2393 4439 2394 4439 2392 4439 2301 4440 2393 4440 2391 4440 2391 4441 2392 4441 2390 4441 2302 4442 2391 4442 2389 4442 2389 4443 2390 4443 2388 4443 2303 4444 2389 4444 2387 4444 2387 4445 2388 4445 2386 4445 2304 4446 2387 4446 2385 4446 2385 4447 2386 4447 2384 4447 2305 4448 2385 4448 2383 4448 2383 4449 2384 4449 2382 4449 2306 4450 2383 4450 2381 4450 2381 4451 2382 4451 2380 4451 2307 4452 2381 4452 2379 4452 2379 4453 2380 4453 2378 4453 2308 4454 2379 4454 2377 4454 2377 4455 2378 4455 2376 4455 2309 4456 2377 4456 2375 4456 2375 4457 2376 4457 2374 4457 2310 4458 2375 4458 2373 4458 2373 4459 2374 4459 2372 4459 2311 4460 2373 4460 2371 4460 2371 4461 2372 4461 2370 4461 2312 4462 2371 4462 2369 4462 2369 4463 2370 4463 2368 4463 2313 4464 2369 4464 2367 4464 2367 4465 2368 4465 2366 4465 2314 4466 2367 4466 2365 4466 2365 4467 2366 4467 2364 4467 2315 4468 2365 4468 2363 4468 2363 4469 2364 4469 2362 4469 2316 4470 2363 4470 2361 4470 2361 4471 2362 4471 2360 4471 2317 4472 2361 4472 2359 4472 2359 4473 2360 4473 2358 4473 2318 4474 2359 4474 2357 4474 2357 4475 2358 4475 2356 4475 2319 4476 2357 4476 2355 4476 2355 4477 2356 4477 2354 4477 2320 4478 2355 4478 2353 4478 2353 4479 2354 4479 2352 4479 2321 4480 2353 4480 2351 4480 2351 4481 2352 4481 2350 4481 2322 4482 2351 4482 2349 4482 2449 4483 2450 4483 2352 4483 2450 4484 2451 4484 2350 4484 2350 4484 2352 4484 2450 4484 2452 4485 2453 4485 2356 4485 2354 4486 2356 4486 2453 4486 2453 4486 2449 4486 2354 4486 2454 4487 2455 4487 2360 4487 2358 4488 2360 4488 2455 4488 2455 4489 2452 4489 2358 4489 2456 4490 2457 4490 2364 4490 2362 4491 2364 4491 2457 4491 2457 4492 2454 4492 2362 4492 2458 4493 2459 4493 2368 4493 2366 4494 2368 4494 2459 4494 2459 4494 2456 4494 2366 4494 2460 4495 2461 4495 2372 4495 2370 4496 2372 4496 2461 4496 2461 4497 2458 4497 2370 4497 2462 4498 2463 4498 2376 4498 2374 4499 2376 4499 2463 4499 2463 4500 2460 4500 2374 4500 2464 4501 2465 4501 2380 4501 2378 4502 2380 4502 2465 4502 2465 4503 2462 4503 2378 4503 2466 4504 2467 4504 2384 4504 2382 4505 2384 4505 2467 4505 2467 4505 2464 4505 2382 4505 2468 4506 2469 4506 2388 4506 2386 4507 2388 4507 2469 4507 2469 4508 2466 4508 2386 4508 2470 4509 2471 4509 2392 4509 2390 4510 2392 4510 2471 4510 2471 4511 2468 4511 2390 4511 2472 4512 2473 4512 2396 4512 2394 4513 2396 4513 2473 4513 2473 4514 2470 4514 2394 4514 2474 4515 2475 4515 2400 4515 2398 4516 2400 4516 2475 4516 2475 4517 2472 4517 2398 4517 2476 4518 2477 4518 2404 4518 2402 4519 2404 4519 2477 4519 2477 4520 2474 4520 2402 4520 2478 4521 2479 4521 2408 4521 2406 4522 2408 4522 2479 4522 2479 4523 2476 4523 2406 4523 2480 4524 2481 4524 2412 4524 2410 4525 2412 4525 2481 4525 2481 4526 2478 4526 2410 4526 2482 4527 2483 4527 2416 4527 2414 4528 2416 4528 2483 4528 2483 4529 2480 4529 2414 4529 2484 4530 2485 4530 2420 4530 2418 4531 2420 4531 2485 4531 2485 4532 2482 4532 2418 4532 2486 4533 2487 4533 2424 4533 2422 4534 2424 4534 2487 4534 2487 4534 2484 4534 2422 4534 2488 4535 2489 4535 2428 4535 2426 4536 2428 4536 2489 4536 2489 4536 2486 4536 2426 4536 2490 4537 2491 4537 2432 4537 2430 4538 2432 4538 2491 4538 2491 4539 2488 4539 2430 4539 2492 4540 2493 4540 2436 4540 2434 4541 2436 4541 2493 4541 2493 4541 2490 4541 2434 4541 2494 4542 2495 4542 2440 4542 2438 4543 2440 4543 2495 4543 2495 4543 2492 4543 2438 4543 2496 4544 2497 4544 2444 4544 2442 4545 2444 4545 2497 4545 2497 4546 2494 4546 2442 4546 2448 4547 2350 4547 2451 4547 2446 4548 2448 4548 2498 4548 2498 4549 2496 4549 2446 4549 2451 4550 2498 4550 2448 4550 2444 4551 2446 4551 2496 4551 2440 4552 2442 4552 2494 4552 2436 4553 2438 4553 2492 4553 2432 4537 2434 4537 2490 4537 2428 4554 2430 4554 2488 4554 2424 4555 2426 4555 2486 4555 2420 4556 2422 4556 2484 4556 2416 4527 2418 4527 2482 4527 2412 4557 2414 4557 2480 4557 2408 4558 2410 4558 2478 4558 2404 4518 2406 4518 2476 4518 2400 4515 2402 4515 2474 4515 2396 4559 2398 4559 2472 4559 2392 4560 2394 4560 2470 4560 2388 4506 2390 4506 2468 4506 2384 4504 2386 4504 2466 4504 2380 4561 2382 4561 2464 4561 2376 4498 2378 4498 2462 4498 2372 4495 2374 4495 2460 4495 2368 4562 2370 4562 2458 4562 2364 4563 2366 4563 2456 4563 2360 4564 2362 4564 2454 4564 2356 4565 2358 4565 2452 4565 2352 4566 2354 4566 2449 4566 2499 4567 2451 4567 2450 4567 2500 4568 2499 4568 2501 4568 2501 4569 2450 4569 2449 4569 2502 4570 2501 4570 2503 4570 2503 4571 2449 4571 2453 4571 2504 4572 2503 4572 2505 4572 2505 4573 2453 4573 2452 4573 2506 4574 2505 4574 2507 4574 2507 4575 2452 4575 2455 4575 2508 4576 2507 4576 2509 4576 2509 4577 2455 4577 2454 4577 2510 4578 2509 4578 2511 4578 2511 4579 2454 4579 2457 4579 2512 4580 2511 4580 2513 4580 2513 4581 2457 4581 2456 4581 2514 4582 2513 4582 2515 4582 2515 4583 2456 4583 2459 4583 2516 4584 2515 4584 2517 4584 2517 4585 2459 4585 2458 4585 2518 4586 2517 4586 2519 4586 2519 4587 2458 4587 2461 4587 2520 4588 2519 4588 2521 4588 2521 4589 2461 4589 2460 4589 2522 4590 2521 4590 2523 4590 2523 4591 2460 4591 2463 4591 2524 4592 2523 4592 2525 4592 2525 4593 2463 4593 2462 4593 2526 4594 2525 4594 2527 4594 2527 4595 2462 4595 2465 4595 2528 4596 2527 4596 2529 4596 2529 4597 2465 4597 2464 4597 2530 4598 2529 4598 2531 4598 2531 4599 2464 4599 2467 4599 2532 4600 2531 4600 2533 4600 2533 4601 2467 4601 2466 4601 2534 4602 2533 4602 2535 4602 2535 4603 2466 4603 2469 4603 2536 4604 2535 4604 2537 4604 2537 4605 2469 4605 2468 4605 2538 4606 2537 4606 2539 4606 2539 4607 2468 4607 2471 4607 2540 4608 2539 4608 2541 4608 2541 4609 2471 4609 2470 4609 2542 4610 2541 4610 2543 4610 2543 4611 2470 4611 2473 4611 2544 4612 2543 4612 2545 4612 2545 4613 2473 4613 2472 4613 2546 4614 2545 4614 2547 4614 2547 4615 2472 4615 2475 4615 2548 4616 2547 4616 2549 4616 2549 4617 2475 4617 2474 4617 2550 4618 2549 4618 2551 4618 2551 4619 2474 4619 2477 4619 2552 4620 2551 4620 2553 4620 2553 4621 2477 4621 2476 4621 2554 4622 2553 4622 2555 4622 2555 4623 2476 4623 2479 4623 2556 4624 2555 4624 2557 4624 2557 4625 2479 4625 2478 4625 2558 4626 2557 4626 2559 4626 2559 4627 2478 4627 2481 4627 2560 4628 2559 4628 2561 4628 2561 4629 2481 4629 2480 4629 2562 4630 2561 4630 2563 4630 2563 4631 2480 4631 2483 4631 2564 4632 2563 4632 2565 4632 2565 4633 2483 4633 2482 4633 2566 4634 2565 4634 2567 4634 2567 4635 2482 4635 2485 4635 2568 4636 2567 4636 2569 4636 2569 4637 2485 4637 2484 4637 2570 4638 2569 4638 2571 4638 2571 4639 2484 4639 2487 4639 2572 4640 2571 4640 2573 4640 2573 4641 2487 4641 2486 4641 2574 4642 2573 4642 2575 4642 2575 4643 2486 4643 2489 4643 2576 4644 2575 4644 2577 4644 2577 4645 2489 4645 2488 4645 2578 4646 2577 4646 2579 4646 2579 4647 2488 4647 2491 4647 2580 4648 2579 4648 2581 4648 2581 4649 2491 4649 2490 4649 2582 4650 2581 4650 2583 4650 2583 4651 2490 4651 2493 4651 2584 4652 2583 4652 2585 4652 2585 4653 2493 4653 2492 4653 2586 4654 2585 4654 2587 4654 2587 4655 2492 4655 2495 4655 2588 4656 2587 4656 2589 4656 2589 4657 2495 4657 2494 4657 2590 4658 2589 4658 2591 4658 2591 4659 2494 4659 2497 4659 2592 4660 2591 4660 2593 4660 2593 4661 2497 4661 2496 4661 2594 4662 2593 4662 2595 4662 2595 4663 2496 4663 2498 4663 2596 4664 2595 4664 2597 4664 2597 4665 2498 4665 2451 4665 2598 4666 2597 4666 2499 4666 2499 4667 2500 4667 2598 4667 2451 4668 2499 4668 2597 4668 2597 4669 2598 4669 2596 4669 2498 4670 2597 4670 2595 4670 2595 4671 2596 4671 2594 4671 2496 4672 2595 4672 2593 4672 2593 4673 2594 4673 2592 4673 2497 4674 2593 4674 2591 4674 2591 4675 2592 4675 2590 4675 2494 4676 2591 4676 2589 4676 2589 4677 2590 4677 2588 4677 2495 4678 2589 4678 2587 4678 2587 4679 2588 4679 2586 4679 2492 4680 2587 4680 2585 4680 2585 4681 2586 4681 2584 4681 2493 4682 2585 4682 2583 4682 2583 4683 2584 4683 2582 4683 2490 4684 2583 4684 2581 4684 2581 4685 2582 4685 2580 4685 2491 4686 2581 4686 2579 4686 2579 4687 2580 4687 2578 4687 2488 4688 2579 4688 2577 4688 2577 4689 2578 4689 2576 4689 2489 4690 2577 4690 2575 4690 2575 4691 2576 4691 2574 4691 2486 4692 2575 4692 2573 4692 2573 4693 2574 4693 2572 4693 2487 4694 2573 4694 2571 4694 2571 4695 2572 4695 2570 4695 2484 4696 2571 4696 2569 4696 2569 4697 2570 4697 2568 4697 2485 4698 2569 4698 2567 4698 2567 4699 2568 4699 2566 4699 2482 4700 2567 4700 2565 4700 2565 4701 2566 4701 2564 4701 2483 4702 2565 4702 2563 4702 2563 4703 2564 4703 2562 4703 2480 4704 2563 4704 2561 4704 2561 4705 2562 4705 2560 4705 2481 4706 2561 4706 2559 4706 2559 4707 2560 4707 2558 4707 2478 4708 2559 4708 2557 4708 2557 4709 2558 4709 2556 4709 2479 4710 2557 4710 2555 4710 2555 4711 2556 4711 2554 4711 2476 4712 2555 4712 2553 4712 2553 4713 2554 4713 2552 4713 2477 4714 2553 4714 2551 4714 2551 4715 2552 4715 2550 4715 2474 4716 2551 4716 2549 4716 2549 4717 2550 4717 2548 4717 2475 4718 2549 4718 2547 4718 2547 4719 2548 4719 2546 4719 2472 4720 2547 4720 2545 4720 2545 4721 2546 4721 2544 4721 2473 4722 2545 4722 2543 4722 2543 4723 2544 4723 2542 4723 2470 4724 2543 4724 2541 4724 2541 4725 2542 4725 2540 4725 2471 4726 2541 4726 2539 4726 2539 4727 2540 4727 2538 4727 2468 4728 2539 4728 2537 4728 2537 4729 2538 4729 2536 4729 2469 4730 2537 4730 2535 4730 2535 4731 2536 4731 2534 4731 2466 4732 2535 4732 2533 4732 2533 4733 2534 4733 2532 4733 2467 4734 2533 4734 2531 4734 2531 4735 2532 4735 2530 4735 2464 4736 2531 4736 2529 4736 2529 4737 2530 4737 2528 4737 2465 4738 2529 4738 2527 4738 2527 4739 2528 4739 2526 4739 2462 4740 2527 4740 2525 4740 2525 4741 2526 4741 2524 4741 2463 4742 2525 4742 2523 4742 2523 4743 2524 4743 2522 4743 2460 4744 2523 4744 2521 4744 2521 4745 2522 4745 2520 4745 2461 4746 2521 4746 2519 4746 2519 4747 2520 4747 2518 4747 2458 4748 2519 4748 2517 4748 2517 4749 2518 4749 2516 4749 2459 4750 2517 4750 2515 4750 2515 4751 2516 4751 2514 4751 2456 4752 2515 4752 2513 4752 2513 4753 2514 4753 2512 4753 2457 4754 2513 4754 2511 4754 2511 4755 2512 4755 2510 4755 2454 4756 2511 4756 2509 4756 2509 4757 2510 4757 2508 4757 2455 4758 2509 4758 2507 4758 2507 4759 2508 4759 2506 4759 2452 4760 2507 4760 2505 4760 2505 4761 2506 4761 2504 4761 2453 4762 2505 4762 2503 4762 2503 4763 2504 4763 2502 4763 2449 4764 2503 4764 2501 4764 2501 4765 2502 4765 2500 4765 2450 4766 2501 4766 2499 4766 2599 42 2600 42 2504 42 2601 42 2602 42 2510 42 2603 42 2500 42 2502 42 2600 42 2502 42 2504 42 2599 42 2506 42 2508 42 2602 42 2508 42 2510 42 2604 42 2605 42 2516 42 2504 4767 2506 4767 2599 4767 2510 42 2512 42 2601 42 2601 4768 2512 4768 2514 4768 2605 42 2514 42 2516 42 2606 42 2607 42 2522 42 2608 4769 2532 4769 2534 4769 2508 42 2602 42 2599 42 2516 42 2518 42 2604 42 2604 42 2518 42 2520 42 2607 42 2520 42 2522 42 2609 42 2526 42 2528 42 2608 4770 2610 4770 2530 4770 2534 42 2611 42 2608 42 2612 42 2613 42 2572 42 2614 4771 2582 4771 2584 4771 2514 4772 2605 4772 2601 4772 2522 42 2524 42 2606 42 2606 42 2524 42 2526 42 2528 4773 2610 4773 2609 4773 2534 42 2536 42 2611 42 2615 4774 2611 4774 2536 4774 2615 42 2538 42 2540 42 2616 42 2568 42 2570 42 2613 42 2570 42 2572 42 2614 4775 2617 4775 2580 4775 2584 42 2618 42 2614 42 2619 42 2588 42 2590 42 2520 42 2607 42 2604 42 2528 4776 2530 4776 2610 4776 2536 42 2538 42 2615 42 2540 42 2620 42 2615 42 2621 42 2544 42 2546 42 2622 42 2623 42 2548 42 2622 42 2550 42 2552 42 2624 42 2625 42 2554 42 2626 42 2627 42 2560 42 2616 42 2628 42 2566 42 2572 42 2574 42 2612 42 2629 42 2612 42 2574 42 2629 42 2576 42 2578 42 2584 42 2586 42 2618 42 2619 4777 2618 4777 2586 4777 2590 42 2630 42 2619 42 2631 4778 2630 4778 2592 4778 2631 42 2594 42 2596 42 2526 42 2609 42 2606 42 2540 4779 2542 4779 2620 4779 2621 4780 2620 4780 2542 4780 2546 4781 2623 4781 2621 4781 2552 42 2625 42 2622 42 2625 42 2552 42 2554 42 2624 42 2556 42 2558 42 2627 42 2558 42 2560 42 2626 4782 2562 4782 2564 4782 2628 42 2564 42 2566 42 2574 4783 2576 4783 2629 4783 2578 4784 2617 4784 2629 4784 2586 42 2588 42 2619 42 2592 4785 2594 4785 2631 4785 2596 4786 2632 4786 2631 4786 2603 42 2632 42 2598 42 2530 4787 2532 4787 2608 4787 2546 42 2548 42 2623 42 2554 4788 2556 4788 2624 4788 2560 42 2562 42 2626 42 2566 42 2568 42 2616 42 2578 4789 2580 4789 2617 4789 2590 4790 2592 4790 2630 4790 2598 4791 2500 4791 2603 4791 2542 4792 2544 4792 2621 4792 2558 42 2627 42 2624 42 2570 42 2613 42 2616 42 2596 42 2598 42 2632 42 2548 4793 2550 4793 2622 4793 2580 4794 2582 4794 2614 4794 2564 4795 2628 4795 2626 4795 2502 42 2600 42 2603 42 2633 4796 2634 4796 2635 4796 2636 4797 2635 4797 2637 4797 2638 4798 2637 4798 2639 4798 2640 4799 2639 4799 2641 4799 2642 4800 2641 4800 2643 4800 2644 4801 2643 4801 2645 4801 2646 4802 2645 4802 2647 4802 2648 4803 2647 4803 2649 4803 2650 4804 2651 4804 2652 4804 2651 4805 2649 4805 2652 4805 2650 4806 2653 4806 2654 4806 2655 4807 2654 4807 2656 4807 2657 4808 2656 4808 2658 4808 2659 4809 2658 4809 2660 4809 2661 4810 2660 4810 2662 4810 2663 4811 2662 4811 2664 4811 2665 4812 2664 4812 2666 4812 2667 4813 2666 4813 2668 4813 2669 4814 2668 4814 2670 4814 2671 4815 2670 4815 2672 4815 2673 4816 2672 4816 2674 4816 2675 4817 2674 4817 2676 4817 2677 4818 2676 4818 2678 4818 2679 4819 2678 4819 2680 4819 2681 4820 2680 4820 2682 4820 2683 4821 2682 4821 2684 4821 2685 4822 2686 4822 2687 4822 2686 4823 2684 4823 2687 4823 2685 4824 2688 4824 2689 4824 2690 4825 2689 4825 2691 4825 2692 4826 2691 4826 2693 4826 2694 4827 2693 4827 2695 4827 2696 4828 2695 4828 2697 4828 2698 4829 2697 4829 2699 4829 2700 4830 2699 4830 2701 4830 2702 4831 2701 4831 2634 4831 2703 4832 2633 4832 2636 4832 2704 4833 2636 4833 2638 4833 2705 4834 2638 4834 2640 4834 2706 4835 2640 4835 2642 4835 2707 4836 2642 4836 2644 4836 2708 4837 2644 4837 2646 4837 2709 4838 2646 4838 2648 4838 2710 4839 2648 4839 2651 4839 2711 4840 2651 4840 2650 4840 2712 4841 2650 4841 2655 4841 2713 4842 2655 4842 2657 4842 2714 4843 2657 4843 2659 4843 2715 4844 2659 4844 2661 4844 2716 4845 2661 4845 2663 4845 2717 4846 2663 4846 2665 4846 2718 4847 2665 4847 2667 4847 2719 4848 2667 4848 2669 4848 2720 4849 2669 4849 2671 4849 2721 4850 2671 4850 2673 4850 2722 4851 2673 4851 2675 4851 2723 4852 2675 4852 2677 4852 2724 4853 2677 4853 2679 4853 2725 4854 2679 4854 2681 4854 2726 4855 2681 4855 2683 4855 2727 4856 2683 4856 2686 4856 2728 4857 2686 4857 2685 4857 2729 4858 2685 4858 2690 4858 2730 4859 2690 4859 2692 4859 2731 4860 2692 4860 2694 4860 2732 4861 2694 4861 2696 4861 2733 4862 2696 4862 2698 4862 2734 4863 2698 4863 2700 4863 2735 4864 2700 4864 2702 4864 2736 4865 2702 4865 2633 4865 2737 4866 2703 4866 2704 4866 2738 4867 2704 4867 2705 4867 2739 4868 2705 4868 2706 4868 2740 4869 2706 4869 2707 4869 2741 4870 2707 4870 2708 4870 2742 4871 2708 4871 2709 4871 2743 4872 2709 4872 2710 4872 2744 4873 2710 4873 2711 4873 2745 4874 2711 4874 2712 4874 2746 4875 2712 4875 2713 4875 2747 4876 2713 4876 2714 4876 2748 4877 2714 4877 2715 4877 2749 4878 2715 4878 2716 4878 2750 4879 2716 4879 2717 4879 2751 4880 2717 4880 2718 4880 2752 4881 2718 4881 2719 4881 2753 4882 2719 4882 2720 4882 2754 4883 2720 4883 2721 4883 2755 4884 2721 4884 2722 4884 2756 4885 2722 4885 2723 4885 2757 4886 2723 4886 2724 4886 2758 4887 2724 4887 2725 4887 2759 4888 2725 4888 2726 4888 2760 4889 2726 4889 2727 4889 2761 4890 2727 4890 2728 4890 2762 4891 2728 4891 2729 4891 2763 4892 2729 4892 2730 4892 2764 4893 2730 4893 2731 4893 2765 4894 2731 4894 2732 4894 2766 4895 2732 4895 2733 4895 2767 4896 2733 4896 2734 4896 2768 4897 2734 4897 2735 4897 2769 4898 2735 4898 2736 4898 2770 4899 2736 4899 2703 4899 2622 4900 2737 4900 2738 4900 2623 4901 2738 4901 2739 4901 2621 4902 2739 4902 2740 4902 2620 4903 2740 4903 2741 4903 2615 4904 2741 4904 2742 4904 2611 4905 2742 4905 2743 4905 2608 4906 2743 4906 2744 4906 2610 4907 2744 4907 2745 4907 2609 4908 2745 4908 2746 4908 2606 4909 2746 4909 2747 4909 2607 4910 2747 4910 2748 4910 2604 4911 2748 4911 2749 4911 2605 4912 2749 4912 2750 4912 2601 4913 2750 4913 2751 4913 2602 4914 2751 4914 2752 4914 2599 4915 2752 4915 2753 4915 2600 4916 2753 4916 2754 4916 2603 4917 2754 4917 2755 4917 2632 4918 2755 4918 2756 4918 2631 4919 2756 4919 2757 4919 2630 4920 2757 4920 2758 4920 2619 4921 2758 4921 2759 4921 2618 4922 2759 4922 2760 4922 2614 4923 2760 4923 2761 4923 2617 4924 2761 4924 2762 4924 2629 4925 2762 4925 2763 4925 2612 4926 2763 4926 2764 4926 2613 4927 2764 4927 2765 4927 2616 4928 2765 4928 2766 4928 2628 4929 2766 4929 2767 4929 2626 4930 2767 4930 2768 4930 2627 4931 2768 4931 2769 4931 2624 4932 2769 4932 2770 4932 2625 4933 2770 4933 2737 4933 2737 4934 2622 4934 2625 4934 2770 4935 2625 4935 2624 4935 2769 4936 2624 4936 2627 4936 2768 4937 2627 4937 2626 4937 2767 4938 2626 4938 2628 4938 2766 4939 2628 4939 2616 4939 2765 4940 2616 4940 2613 4940 2764 4941 2613 4941 2612 4941 2763 4942 2612 4942 2629 4942 2762 4943 2629 4943 2617 4943 2761 4944 2617 4944 2614 4944 2760 4945 2614 4945 2618 4945 2759 4946 2618 4946 2619 4946 2758 4947 2619 4947 2630 4947 2757 4948 2630 4948 2631 4948 2756 4949 2631 4949 2632 4949 2755 4950 2632 4950 2603 4950 2754 4951 2603 4951 2600 4951 2753 4952 2600 4952 2599 4952 2752 4953 2599 4953 2602 4953 2751 4954 2602 4954 2601 4954 2750 4955 2601 4955 2605 4955 2749 4956 2605 4956 2604 4956 2748 4957 2604 4957 2607 4957 2747 4958 2607 4958 2606 4958 2746 4959 2606 4959 2609 4959 2745 4960 2609 4960 2610 4960 2744 4961 2610 4961 2608 4961 2743 4962 2608 4962 2611 4962 2742 4963 2611 4963 2615 4963 2741 4964 2615 4964 2620 4964 2740 4965 2620 4965 2621 4965 2739 4966 2621 4966 2623 4966 2738 4967 2623 4967 2622 4967 2703 4968 2737 4968 2770 4968 2736 4969 2770 4969 2769 4969 2735 4970 2769 4970 2768 4970 2734 4971 2768 4971 2767 4971 2733 4972 2767 4972 2766 4972 2732 4973 2766 4973 2765 4973 2731 4974 2765 4974 2764 4974 2730 4975 2764 4975 2763 4975 2729 4976 2763 4976 2762 4976 2728 4977 2762 4977 2761 4977 2727 4978 2761 4978 2760 4978 2726 4979 2760 4979 2759 4979 2725 4980 2759 4980 2758 4980 2724 4981 2758 4981 2757 4981 2723 4982 2757 4982 2756 4982 2722 4983 2756 4983 2755 4983 2721 4984 2755 4984 2754 4984 2720 4985 2754 4985 2753 4985 2719 4986 2753 4986 2752 4986 2718 4987 2752 4987 2751 4987 2717 4988 2751 4988 2750 4988 2716 4989 2750 4989 2749 4989 2715 4990 2749 4990 2748 4990 2714 4991 2748 4991 2747 4991 2713 4992 2747 4992 2746 4992 2712 4993 2746 4993 2745 4993 2711 4994 2745 4994 2744 4994 2710 4995 2744 4995 2743 4995 2709 4996 2743 4996 2742 4996 2708 4997 2742 4997 2741 4997 2707 4998 2741 4998 2740 4998 2706 4999 2740 4999 2739 4999 2705 5000 2739 5000 2738 5000 2704 5001 2738 5001 2737 5001 2633 5002 2703 5002 2736 5002 2702 5003 2736 5003 2735 5003 2700 5004 2735 5004 2734 5004 2698 5005 2734 5005 2733 5005 2696 5006 2733 5006 2732 5006 2694 5007 2732 5007 2731 5007 2692 5008 2731 5008 2730 5008 2690 5009 2730 5009 2729 5009 2685 5010 2729 5010 2728 5010 2686 5011 2728 5011 2727 5011 2683 5012 2727 5012 2726 5012 2681 5013 2726 5013 2725 5013 2679 5014 2725 5014 2724 5014 2677 5015 2724 5015 2723 5015 2675 5016 2723 5016 2722 5016 2673 5017 2722 5017 2721 5017 2671 5018 2721 5018 2720 5018 2669 5019 2720 5019 2719 5019 2667 5020 2719 5020 2718 5020 2665 5021 2718 5021 2717 5021 2663 5022 2717 5022 2716 5022 2661 5023 2716 5023 2715 5023 2659 5024 2715 5024 2714 5024 2657 5025 2714 5025 2713 5025 2655 5026 2713 5026 2712 5026 2650 5027 2712 5027 2711 5027 2651 5028 2711 5028 2710 5028 2648 5029 2710 5029 2709 5029 2646 5030 2709 5030 2708 5030 2644 5031 2708 5031 2707 5031 2642 5032 2707 5032 2706 5032 2640 5033 2706 5033 2705 5033 2638 5034 2705 5034 2704 5034 2636 5035 2704 5035 2703 5035 2634 5036 2633 5036 2702 5036 2701 5037 2702 5037 2700 5037 2699 5038 2700 5038 2698 5038 2697 5039 2698 5039 2696 5039 2695 5040 2696 5040 2694 5040 2693 5041 2694 5041 2692 5041 2691 5042 2692 5042 2690 5042 2689 5043 2690 5043 2685 5043 2687 5044 2688 5044 2685 5044 2684 5045 2686 5045 2683 5045 2682 5046 2683 5046 2681 5046 2680 5047 2681 5047 2679 5047 2678 5048 2679 5048 2677 5048 2676 5049 2677 5049 2675 5049 2674 5050 2675 5050 2673 5050 2672 5051 2673 5051 2671 5051 2670 5052 2671 5052 2669 5052 2668 5053 2669 5053 2667 5053 2666 5054 2667 5054 2665 5054 2664 5055 2665 5055 2663 5055 2662 5056 2663 5056 2661 5056 2660 5057 2661 5057 2659 5057 2658 5058 2659 5058 2657 5058 2656 5059 2657 5059 2655 5059 2654 5060 2655 5060 2650 5060 2652 5061 2653 5061 2650 5061 2649 5062 2651 5062 2648 5062 2647 5063 2648 5063 2646 5063 2645 5064 2646 5064 2644 5064 2643 5065 2644 5065 2642 5065 2641 5066 2642 5066 2640 5066 2639 5067 2640 5067 2638 5067 2637 5068 2638 5068 2636 5068 2635 5069 2636 5069 2633 5069 2771 5070 2772 5070 2773 5070 2774 5071 2775 5071 2776 5071 2775 5072 2773 5072 2776 5072 2774 5073 2777 5073 2778 5073 2779 5074 2780 5074 2781 5074 2780 5075 2778 5075 2781 5075 2782 5076 2779 5076 2783 5076 2782 5077 2784 5077 2785 5077 2785 5078 2786 5078 2782 5078 2787 5079 2786 5079 2788 5079 2789 5080 2790 5080 2791 5080 2792 5081 2793 5081 2794 5081 2793 5082 2791 5082 2794 5082 2792 5083 2795 5083 2796 5083 2797 5084 2796 5084 2798 5084 2798 5085 2799 5085 2797 5085 2800 5086 2799 5086 2801 5086 2800 5087 2802 5087 2803 5087 2803 5088 2804 5088 2800 5088 2805 5089 2804 5089 2806 5089 2805 5090 2807 5090 2808 5090 2809 5091 2810 5091 2811 5091 2810 5092 2808 5092 2811 5092 2809 5093 2812 5093 2813 5093 2814 5094 2815 5094 2816 5094 2815 5095 2813 5095 2816 5095 2817 5096 2814 5096 2818 5096 2817 5097 2819 5097 2820 5097 2820 5098 2821 5098 2817 5098 2822 5099 2821 5099 2823 5099 2822 5100 2824 5100 2825 5100 2826 5101 2827 5101 2828 5101 2827 5102 2825 5102 2828 5102 2826 5103 2829 5103 2830 5103 2831 5104 2832 5104 2833 5104 2832 5105 2830 5105 2833 5105 2831 5106 2834 5106 2835 5106 2836 5107 2835 5107 2837 5107 2837 5108 2838 5108 2836 5108 2839 5109 2838 5109 2840 5109 2839 5110 2841 5110 2842 5110 2842 5111 2843 5111 2839 5111 2771 5112 2843 5112 2844 5112 2845 5113 2771 5113 2775 5113 2846 5114 2775 5114 2774 5114 2847 5115 2774 5115 2780 5115 2848 5116 2780 5116 2779 5116 2849 5117 2779 5117 2782 5117 2850 5118 2782 5118 2786 5118 2851 5119 2786 5119 2787 5119 2852 5120 2787 5120 2853 5120 2854 5121 2853 5121 2789 5121 2855 5122 2789 5122 2793 5122 2856 5123 2793 5123 2792 5123 2857 5124 2792 5124 2797 5124 2858 5125 2797 5125 2799 5125 2859 5126 2799 5126 2800 5126 2860 5127 2800 5127 2804 5127 2861 5128 2804 5128 2805 5128 2862 5129 2805 5129 2810 5129 2863 5130 2810 5130 2809 5130 2864 5131 2809 5131 2815 5131 2865 5132 2815 5132 2814 5132 2866 5133 2814 5133 2817 5133 2867 5134 2817 5134 2821 5134 2868 5135 2821 5135 2822 5135 2869 5136 2822 5136 2827 5136 2870 5137 2827 5137 2826 5137 2871 5138 2826 5138 2832 5138 2872 5139 2832 5139 2831 5139 2873 5140 2831 5140 2836 5140 2874 5141 2836 5141 2838 5141 2875 5142 2838 5142 2839 5142 2876 5143 2839 5143 2843 5143 2877 5144 2843 5144 2771 5144 2845 5145 2846 5145 2635 5145 2846 5146 2847 5146 2637 5146 2847 5147 2848 5147 2639 5147 2848 5148 2849 5148 2641 5148 2849 5149 2850 5149 2643 5149 2850 5150 2851 5150 2645 5150 2851 5151 2852 5151 2647 5151 2852 5152 2854 5152 2649 5152 2854 5153 2652 5153 2649 5153 2855 5154 2654 5154 2653 5154 2653 5155 2854 5155 2855 5155 2856 5156 2656 5156 2654 5156 2857 5157 2658 5157 2656 5157 2858 5158 2660 5158 2658 5158 2859 5159 2662 5159 2660 5159 2860 5160 2664 5160 2662 5160 2861 5161 2666 5161 2664 5161 2862 5162 2668 5162 2666 5162 2862 5163 2863 5163 2670 5163 2863 5164 2864 5164 2672 5164 2864 5165 2865 5165 2674 5165 2865 5166 2866 5166 2676 5166 2866 5167 2867 5167 2678 5167 2867 5168 2868 5168 2680 5168 2868 5169 2869 5169 2682 5169 2869 5170 2870 5170 2684 5170 2870 5171 2687 5171 2684 5171 2871 5172 2689 5172 2688 5172 2688 5173 2870 5173 2871 5173 2872 5174 2691 5174 2689 5174 2873 5175 2693 5175 2691 5175 2874 5176 2695 5176 2693 5176 2875 5177 2697 5177 2695 5177 2876 5178 2699 5178 2697 5178 2877 5179 2701 5179 2699 5179 2845 5180 2634 5180 2701 5180 2790 5181 2789 5181 2878 5181 2789 5182 2879 5182 2878 5182 2789 5183 2880 5183 2879 5183 2853 5184 2881 5184 2882 5184 2882 5185 2789 5185 2853 5185 2882 5186 2880 5186 2789 5186 2853 5187 2787 5187 2883 5187 2787 5188 2884 5188 2883 5188 2883 5189 2885 5189 2853 5189 2886 5190 2887 5190 2888 5190 2888 5191 2787 5191 2886 5191 2888 5192 2889 5192 2787 5192 2889 5193 2884 5193 2787 5193 2885 5194 2881 5194 2853 5194 2878 5195 2890 5195 2790 5195 2701 5196 2877 5196 2845 5196 2699 5197 2876 5197 2877 5197 2697 5198 2875 5198 2876 5198 2695 5199 2874 5199 2875 5199 2693 5200 2873 5200 2874 5200 2691 5201 2872 5201 2873 5201 2689 5202 2871 5202 2872 5202 2688 5203 2687 5203 2870 5203 2684 5204 2682 5204 2869 5204 2682 5205 2680 5205 2868 5205 2680 5206 2678 5206 2867 5206 2678 5207 2676 5207 2866 5207 2676 5208 2674 5208 2865 5208 2674 5209 2672 5209 2864 5209 2672 5210 2670 5210 2863 5210 2670 5211 2668 5211 2862 5211 2666 5212 2861 5212 2862 5212 2664 5213 2860 5213 2861 5213 2662 5214 2859 5214 2860 5214 2660 5215 2858 5215 2859 5215 2658 5216 2857 5216 2858 5216 2656 5217 2856 5217 2857 5217 2654 5218 2855 5218 2856 5218 2653 5219 2652 5219 2854 5219 2649 5220 2647 5220 2852 5220 2647 5221 2645 5221 2851 5221 2645 5222 2643 5222 2850 5222 2643 5223 2641 5223 2849 5223 2641 5224 2639 5224 2848 5224 2639 5225 2637 5225 2847 5225 2637 5226 2635 5226 2846 5226 2635 5227 2634 5227 2845 5227 2771 5228 2845 5228 2877 5228 2843 5229 2877 5229 2876 5229 2839 5230 2876 5230 2875 5230 2838 5231 2875 5231 2874 5231 2836 5232 2874 5232 2873 5232 2831 5233 2873 5233 2872 5233 2832 5234 2872 5234 2871 5234 2826 5235 2871 5235 2870 5235 2827 5236 2870 5236 2869 5236 2822 5237 2869 5237 2868 5237 2821 5238 2868 5238 2867 5238 2817 5239 2867 5239 2866 5239 2814 5240 2866 5240 2865 5240 2815 5241 2865 5241 2864 5241 2809 5242 2864 5242 2863 5242 2810 5243 2863 5243 2862 5243 2805 5244 2862 5244 2861 5244 2804 5245 2861 5245 2860 5245 2800 5246 2860 5246 2859 5246 2799 5247 2859 5247 2858 5247 2797 5248 2858 5248 2857 5248 2792 5249 2857 5249 2856 5249 2793 5250 2856 5250 2855 5250 2789 5251 2855 5251 2854 5251 2853 5252 2854 5252 2852 5252 2787 5253 2852 5253 2851 5253 2786 5254 2851 5254 2850 5254 2782 5255 2850 5255 2849 5255 2779 5256 2849 5256 2848 5256 2780 5257 2848 5257 2847 5257 2774 5258 2847 5258 2846 5258 2775 5259 2846 5259 2845 5259 2844 5260 2772 5260 2771 5260 2842 5261 2844 5261 2843 5261 2840 5262 2841 5262 2839 5262 2837 5263 2840 5263 2838 5263 2835 5264 2836 5264 2831 5264 2833 5265 2834 5265 2831 5265 2830 5266 2832 5266 2826 5266 2828 5267 2829 5267 2826 5267 2825 5268 2827 5268 2822 5268 2823 5269 2824 5269 2822 5269 2820 5270 2823 5270 2821 5270 2818 5271 2819 5271 2817 5271 2816 5272 2818 5272 2814 5272 2813 5273 2815 5273 2809 5273 2811 5274 2812 5274 2809 5274 2808 5275 2810 5275 2805 5275 2806 5276 2807 5276 2805 5276 2803 5277 2806 5277 2804 5277 2801 5278 2802 5278 2800 5278 2798 5279 2801 5279 2799 5279 2796 5280 2797 5280 2792 5280 2794 5281 2795 5281 2792 5281 2791 5282 2793 5282 2789 5282 2788 5283 2886 5283 2787 5283 2785 5284 2788 5284 2786 5284 2783 5285 2784 5285 2782 5285 2781 5286 2783 5286 2779 5286 2778 5287 2780 5287 2774 5287 2776 5288 2777 5288 2774 5288 2773 5289 2775 5289 2771 5289 2891 5290 2892 5290 2893 5290 2881 5291 2894 5291 2891 5291 2885 5292 2883 5292 2895 5292 2895 5293 2896 5293 2885 5293 2885 5294 2896 5294 2897 5294 2885 5295 2897 5295 2881 5295 2881 5296 2897 5296 2894 5296 2891 5297 2882 5297 2881 5297 2893 5298 2882 5298 2891 5298 2895 5299 2883 5299 2898 5299 2899 5300 2900 5300 2901 5300 2884 5301 2902 5301 2898 5301 2903 5302 2889 5302 2888 5302 2889 5303 2903 5303 2902 5303 2902 5304 2884 5304 2889 5304 2888 5305 2899 5305 2903 5305 2898 5306 2883 5306 2884 5306 2901 5307 2903 5307 2899 5307 2904 5308 2893 5308 2892 5308 2905 5309 2904 5309 2906 5309 2905 5310 2878 5310 2879 5310 2879 5311 2904 5311 2905 5311 2893 5312 2904 5312 2880 5312 2880 5313 2882 5313 2893 5313 2879 5314 2880 5314 2904 5314 2906 5315 2907 5315 2905 5315 2892 5316 2906 5316 2904 5316 2908 5317 2909 5317 2895 5317 2909 5318 2910 5318 2896 5318 2910 5319 2911 5319 2897 5319 2912 5320 2894 5320 2897 5320 2913 5321 2891 5321 2894 5321 2914 5322 2892 5322 2891 5322 2891 5323 2913 5323 2914 5323 2894 5324 2912 5324 2913 5324 2897 5325 2911 5325 2912 5325 2897 5326 2896 5326 2910 5326 2896 5327 2895 5327 2909 5327 2895 5328 2898 5328 2908 5328 2915 5329 2916 5329 2907 5329 2914 5330 2915 5330 2906 5330 2906 5331 2892 5331 2914 5331 2907 5332 2906 5332 2915 5332 2916 5333 2917 5333 2918 5333 2918 5334 2907 5334 2916 5334 2918 5335 2919 5335 2907 5335 2920 5336 2908 5336 2902 5336 2902 5337 2903 5337 2920 5337 2908 5338 2898 5338 2902 5338 2920 5339 2901 5339 2900 5339 2900 5340 2921 5340 2920 5340 2903 5341 2901 5341 2920 5341 2922 5342 2923 5342 2924 5342 2923 5343 2925 5343 2926 5343 2925 5344 2927 5344 2928 5344 2927 5345 2929 5345 2930 5345 2929 5346 2931 5346 2932 5346 2931 5347 2933 5347 2934 5347 2933 5348 2935 5348 2936 5348 2935 5349 2937 5349 2938 5349 2937 5350 2939 5350 2940 5350 2939 5351 2941 5351 2942 5351 2941 5352 2943 5352 2944 5352 2943 5353 2945 5353 2946 5353 2945 5354 2947 5354 2948 5354 2947 5355 2949 5355 2950 5355 2949 5356 2951 5356 2952 5356 2951 5357 2953 5357 2954 5357 2953 5358 2955 5358 2956 5358 2955 5359 2957 5359 2958 5359 2957 5360 2959 5360 2960 5360 2959 5361 2961 5361 2962 5361 2961 5362 2963 5362 2964 5362 2963 5363 2965 5363 2966 5363 2965 5364 2967 5364 2968 5364 2967 5365 2969 5365 2970 5365 2969 5366 2971 5366 2972 5366 2971 5367 2973 5367 2974 5367 2973 5368 2975 5368 2976 5368 2975 5369 2977 5369 2978 5369 2977 5370 2979 5370 2980 5370 2979 5371 2981 5371 2982 5371 2981 5372 2983 5372 2984 5372 2983 5373 2985 5373 2986 5373 2985 5374 2922 5374 2987 5374 2941 5375 2939 5375 2988 5375 2939 5376 2989 5376 2988 5376 2943 5377 2941 5377 2990 5377 2941 5378 2991 5378 2990 5378 2943 5379 2992 5379 2993 5379 2993 5380 2945 5380 2943 5380 2945 5381 2994 5381 2995 5381 2995 5382 2947 5382 2945 5382 2947 5383 2996 5383 2997 5383 2997 5384 2949 5384 2947 5384 2951 5385 2949 5385 2998 5385 2949 5386 2999 5386 2998 5386 2951 5387 3000 5387 3001 5387 3001 5388 2953 5388 2951 5388 2953 5389 3002 5389 3003 5389 3003 5390 2955 5390 2953 5390 2957 5391 2955 5391 3004 5391 2955 5392 3005 5392 3004 5392 2959 5393 2957 5393 3006 5393 2957 5394 3007 5394 3006 5394 2961 5395 2959 5395 3008 5395 2959 5396 3009 5396 3008 5396 2963 5397 2961 5397 3010 5397 2961 5398 3011 5398 3010 5398 2965 5399 2963 5399 3012 5399 2963 5400 3013 5400 3012 5400 2967 5401 2965 5401 3014 5401 2965 5402 3015 5402 3014 5402 2969 5403 2967 5403 3016 5403 2967 5404 3017 5404 3016 5404 2971 5405 2969 5405 3018 5405 2969 5406 3019 5406 3018 5406 2973 5407 2971 5407 3020 5407 2971 5408 3021 5408 3020 5408 2975 5409 2973 5409 3022 5409 2973 5410 3023 5410 3022 5410 2977 5411 2975 5411 3024 5411 2975 5412 3025 5412 3024 5412 2979 5413 2977 5413 3026 5413 2977 5414 3027 5414 3026 5414 2981 5415 2979 5415 3028 5415 2979 5416 3029 5416 3028 5416 2983 5417 2981 5417 3030 5417 2981 5418 3031 5418 3030 5418 2985 5419 2983 5419 3032 5419 2983 5420 3033 5420 3032 5420 2922 5421 2985 5421 3034 5421 2985 5422 3035 5422 3034 5422 2923 5423 2922 5423 3036 5423 2922 5424 3037 5424 3036 5424 2925 5425 2923 5425 3038 5425 2923 5426 3039 5426 3038 5426 2927 5427 2925 5427 3040 5427 2925 5428 3041 5428 3040 5428 2929 5429 2927 5429 3042 5429 2927 5430 3043 5430 3042 5430 2931 5431 2929 5431 3044 5431 2929 5432 3045 5432 3044 5432 2931 5433 3046 5433 3047 5433 3047 5434 2933 5434 2931 5434 2935 5435 2933 5435 3048 5435 2933 5436 3049 5436 3048 5436 2937 5437 2935 5437 2914 5437 2935 5438 2915 5438 2914 5438 2935 5439 3050 5439 2916 5439 2916 5440 3050 5440 3051 5440 3051 5441 2917 5441 2916 5441 2916 5442 2915 5442 2935 5442 2989 5443 2939 5443 2920 5443 2920 5444 2921 5444 2989 5444 2939 5445 2910 5445 2909 5445 2939 5446 2937 5446 2911 5446 2911 5447 2910 5447 2939 5447 2909 5448 2908 5448 2939 5448 2937 5449 2913 5449 2912 5449 2912 5450 2911 5450 2937 5450 2908 5451 2920 5451 2939 5451 2986 5452 2987 5452 2183 5452 2984 5453 2986 5453 2246 5453 2982 5454 2984 5454 2244 5454 2980 5455 2982 5455 2242 5455 2978 5456 2980 5456 2240 5456 2976 5457 2978 5457 2238 5457 2974 5458 2976 5458 2236 5458 2972 5459 2974 5459 2234 5459 2970 5460 2972 5460 2232 5460 2968 5461 2970 5461 2230 5461 2966 5462 2968 5462 2228 5462 2964 5463 2966 5463 2226 5463 2962 5464 2964 5464 2224 5464 2960 5465 2962 5465 2222 5465 2958 5466 2960 5466 2220 5466 2956 5467 2958 5467 2218 5467 2954 5468 2956 5468 2216 5468 2952 5469 2954 5469 2214 5469 2950 5470 2952 5470 2212 5470 2948 5471 2950 5471 2210 5471 2946 5472 2948 5472 2208 5472 2944 5473 2946 5473 2206 5473 2942 5474 2944 5474 2204 5474 2940 5475 2942 5475 2202 5475 2938 5476 2940 5476 2200 5476 2936 5477 2938 5477 2198 5477 2934 5478 2936 5478 2196 5478 2932 5479 2934 5479 2194 5479 2930 5480 2932 5480 2192 5480 2928 5481 2930 5481 2190 5481 2926 5482 2928 5482 2188 5482 2924 5483 2926 5483 2186 5483 2987 5484 2924 5484 2184 5484 2184 5485 2183 5485 2987 5485 2186 5486 2184 5486 2924 5486 2188 5487 2186 5487 2926 5487 2190 5488 2188 5488 2928 5488 2192 5489 2190 5489 2930 5489 2194 5490 2192 5490 2932 5490 2196 5491 2194 5491 2934 5491 2198 5492 2196 5492 2936 5492 2200 5493 2198 5493 2938 5493 2202 5494 2200 5494 2940 5494 2204 5495 2202 5495 2942 5495 2206 5496 2204 5496 2944 5496 2208 5497 2206 5497 2946 5497 2210 5498 2208 5498 2948 5498 2212 5499 2210 5499 2950 5499 2214 5500 2212 5500 2952 5500 2216 5501 2214 5501 2954 5501 2218 5502 2216 5502 2956 5502 2220 5503 2218 5503 2958 5503 2222 5504 2220 5504 2960 5504 2224 5505 2222 5505 2962 5505 2226 5506 2224 5506 2964 5506 2228 5507 2226 5507 2966 5507 2230 5508 2228 5508 2968 5508 2232 5509 2230 5509 2970 5509 2234 5510 2232 5510 2972 5510 2236 5511 2234 5511 2974 5511 2238 5512 2236 5512 2976 5512 2240 5513 2238 5513 2978 5513 2242 5514 2240 5514 2980 5514 2244 5515 2242 5515 2982 5515 2246 5516 2244 5516 2984 5516 2183 5517 2246 5517 2986 5517 2921 5518 3052 5518 2989 5518 2914 5519 2913 5519 2937 5519 3048 5520 3050 5520 2935 5520 3047 5521 3049 5521 2933 5521 3044 5522 3046 5522 2931 5522 3042 5523 3045 5523 2929 5523 3040 5524 3043 5524 2927 5524 3038 5525 3041 5525 2925 5525 3036 5526 3039 5526 2923 5526 3034 5527 3037 5527 2922 5527 3032 5528 3035 5528 2985 5528 3030 5529 3033 5529 2983 5529 3028 5530 3031 5530 2981 5530 3026 5531 3029 5531 2979 5531 3024 5532 3027 5532 2977 5532 3022 5533 3025 5533 2975 5533 3020 5534 3023 5534 2973 5534 3018 5535 3021 5535 2971 5535 3016 5536 3019 5536 2969 5536 3014 5537 3017 5537 2967 5537 3012 5538 3015 5538 2965 5538 3010 5539 3013 5539 2963 5539 3008 5540 3011 5540 2961 5540 3006 5541 3009 5541 2959 5541 3004 5542 3007 5542 2957 5542 3003 5543 3005 5543 2955 5543 3001 5544 3002 5544 2953 5544 2998 5545 3000 5545 2951 5545 2997 5546 2999 5546 2949 5546 2995 5547 2996 5547 2947 5547 2993 5548 2994 5548 2945 5548 2990 5549 2992 5549 2943 5549 2988 5550 2991 5550 2941 5550 2987 5374 2986 5374 2985 5374 2986 5551 2984 5551 2983 5551 2984 5372 2982 5372 2981 5372 2982 5552 2980 5552 2979 5552 2980 5370 2978 5370 2977 5370 2978 5553 2976 5553 2975 5553 2976 5368 2974 5368 2973 5368 2974 5367 2972 5367 2971 5367 2972 5554 2970 5554 2969 5554 2970 5555 2968 5555 2967 5555 2968 5364 2966 5364 2965 5364 2966 5556 2964 5556 2963 5556 2964 5362 2962 5362 2961 5362 2962 5361 2960 5361 2959 5361 2960 5360 2958 5360 2957 5360 2958 5557 2956 5557 2955 5557 2956 5558 2954 5558 2953 5558 2954 5357 2952 5357 2951 5357 2952 5559 2950 5559 2949 5559 2950 5560 2948 5560 2947 5560 2948 5354 2946 5354 2945 5354 2946 5353 2944 5353 2943 5353 2944 5561 2942 5561 2941 5561 2942 5351 2940 5351 2939 5351 2940 5562 2938 5562 2937 5562 2938 5563 2936 5563 2935 5563 2936 5564 2934 5564 2933 5564 2934 5347 2932 5347 2931 5347 2932 5565 2930 5565 2929 5565 2930 5566 2928 5566 2927 5566 2928 5567 2926 5567 2925 5567 2926 5568 2924 5568 2923 5568 2924 5569 2987 5569 2922 5569 2919 5570 2918 5570 3053 5570 3054 5571 3053 5571 3055 5571 2918 5572 2917 5572 3056 5572 3053 5573 3056 5573 3057 5573 3057 5574 3055 5574 3053 5574 3056 5575 3053 5575 2918 5575 3055 5576 3058 5576 3054 5576 3053 5577 3054 5577 2919 5577 2921 5578 2900 5578 3059 5578 2900 5579 3060 5579 3059 5579 3059 5580 3052 5580 2921 5580 3061 5581 3051 5581 3050 5581 3050 5582 3062 5582 3061 5582 3062 5583 3048 5583 3049 5583 3049 5584 3063 5584 3062 5584 3063 5585 3047 5585 3046 5585 3046 5586 3064 5586 3063 5586 3064 5587 3044 5587 3045 5587 3045 5588 3065 5588 3064 5588 3065 5589 3042 5589 3043 5589 3043 5590 3066 5590 3065 5590 3066 5591 3040 5591 3041 5591 3041 5592 3067 5592 3066 5592 3067 5593 3038 5593 3039 5593 3039 5594 3068 5594 3067 5594 3068 5595 3036 5595 3037 5595 3037 5596 3069 5596 3068 5596 3070 5597 3069 5597 3035 5597 3069 5598 3034 5598 3035 5598 3071 5599 3070 5599 3033 5599 3070 5600 3032 5600 3033 5600 3072 5601 3071 5601 3031 5601 3071 5602 3030 5602 3031 5602 3073 5603 3072 5603 3029 5603 3072 5604 3028 5604 3029 5604 3074 5605 3073 5605 3027 5605 3073 5606 3026 5606 3027 5606 3075 5607 3074 5607 3025 5607 3074 5608 3024 5608 3025 5608 3076 5609 3075 5609 3023 5609 3075 5610 3022 5610 3023 5610 3077 5611 3076 5611 3021 5611 3076 5612 3020 5612 3021 5612 3078 5613 3077 5613 3019 5613 3077 5614 3018 5614 3019 5614 3079 5615 3078 5615 3017 5615 3078 5616 3016 5616 3017 5616 3080 5617 3079 5617 3015 5617 3079 5618 3014 5618 3015 5618 3081 5619 3080 5619 3013 5619 3080 5620 3012 5620 3013 5620 3081 5621 3010 5621 3011 5621 3011 5622 3082 5622 3081 5622 3082 5623 3008 5623 3009 5623 3009 5624 3083 5624 3082 5624 3083 5625 3006 5625 3007 5625 3007 5626 3084 5626 3083 5626 3085 5627 3084 5627 3005 5627 3084 5628 3004 5628 3005 5628 3086 5629 3085 5629 3002 5629 3085 5630 3003 5630 3002 5630 3087 5631 3086 5631 3000 5631 3086 5632 3001 5632 3000 5632 3088 5633 3087 5633 2999 5633 3087 5634 2998 5634 2999 5634 3088 5635 2997 5635 2996 5635 2996 5636 3089 5636 3088 5636 3089 5637 2995 5637 2994 5637 2994 5638 3090 5638 3089 5638 3090 5639 2993 5639 2992 5639 2992 5640 3091 5640 3090 5640 3091 5641 2990 5641 2991 5641 2991 5642 3092 5642 3091 5642 3092 5643 2988 5643 2989 5643 2989 5644 3093 5644 3092 5644 3094 5645 3092 5645 3093 5645 3093 5646 3095 5646 3094 5646 3091 5647 3092 5647 3094 5647 3090 5648 3091 5648 3096 5648 3089 5649 3090 5649 3097 5649 3088 5650 3089 5650 3098 5650 3087 5651 3088 5651 3099 5651 3086 5652 3087 5652 3100 5652 3085 5653 3086 5653 3101 5653 3084 5654 3085 5654 3102 5654 3083 5655 3084 5655 3103 5655 3082 5656 3083 5656 3104 5656 3081 5657 3082 5657 3105 5657 3080 5658 3081 5658 3106 5658 3079 5659 3080 5659 3107 5659 3078 5660 3079 5660 3108 5660 3077 5661 3078 5661 3109 5661 3076 5662 3077 5662 3110 5662 3075 5663 3076 5663 3111 5663 3074 5664 3075 5664 3112 5664 3073 5665 3074 5665 3113 5665 3072 5666 3073 5666 3114 5666 3071 5667 3072 5667 3115 5667 3070 5668 3071 5668 3116 5668 3069 5669 3070 5669 3117 5669 3068 5670 3069 5670 3118 5670 3067 5671 3068 5671 3119 5671 3066 5672 3067 5672 3120 5672 3065 5673 3066 5673 3121 5673 3064 5674 3065 5674 3122 5674 3063 5675 3064 5675 3123 5675 3062 5676 3063 5676 3124 5676 3061 5677 3062 5677 3125 5677 3126 5678 3057 5678 3056 5678 3061 5679 3056 5679 2917 5679 2917 5680 3051 5680 3061 5680 3056 5681 3061 5681 3126 5681 3125 5682 3126 5682 3061 5682 3124 5683 3125 5683 3062 5683 3123 5684 3124 5684 3063 5684 3122 5685 3123 5685 3064 5685 3121 5686 3122 5686 3065 5686 3120 5687 3121 5687 3066 5687 3119 5688 3120 5688 3067 5688 3118 5689 3119 5689 3068 5689 3117 5690 3118 5690 3069 5690 3116 5691 3117 5691 3070 5691 3115 5692 3116 5692 3071 5692 3114 5693 3115 5693 3072 5693 3113 5694 3114 5694 3073 5694 3112 5695 3113 5695 3074 5695 3111 5696 3112 5696 3075 5696 3110 5697 3111 5697 3076 5697 3109 5698 3110 5698 3077 5698 3108 5699 3109 5699 3078 5699 3107 5700 3108 5700 3079 5700 3106 5701 3107 5701 3080 5701 3105 5702 3106 5702 3081 5702 3104 5703 3105 5703 3082 5703 3103 5704 3104 5704 3083 5704 3102 5705 3103 5705 3084 5705 3101 5706 3102 5706 3085 5706 3100 5707 3101 5707 3086 5707 3099 5708 3100 5708 3087 5708 3098 5709 3099 5709 3088 5709 3097 5710 3098 5710 3089 5710 3096 5711 3097 5711 3090 5711 3094 5712 3096 5712 3091 5712 3095 5713 3127 5713 3094 5713 2989 5714 3052 5714 3093 5714 2991 5715 2988 5715 3092 5715 2992 5716 2990 5716 3091 5716 2994 5717 2993 5717 3090 5717 2996 5718 2995 5718 3089 5718 2999 5719 2997 5719 3088 5719 3000 5720 2998 5720 3087 5720 3002 5721 3001 5721 3086 5721 3005 5722 3003 5722 3085 5722 3007 5723 3004 5723 3084 5723 3009 5724 3006 5724 3083 5724 3011 5725 3008 5725 3082 5725 3013 5726 3010 5726 3081 5726 3015 5727 3012 5727 3080 5727 3017 5728 3014 5728 3079 5728 3019 5729 3016 5729 3078 5729 3021 5730 3018 5730 3077 5730 3023 5731 3020 5731 3076 5731 3025 5732 3022 5732 3075 5732 3027 5733 3024 5733 3074 5733 3029 5734 3026 5734 3073 5734 3031 5735 3028 5735 3072 5735 3033 5736 3030 5736 3071 5736 3035 5737 3032 5737 3070 5737 3037 5738 3034 5738 3069 5738 3039 5739 3036 5739 3068 5739 3041 5740 3038 5740 3067 5740 3043 5741 3040 5741 3066 5741 3045 5742 3042 5742 3065 5742 3046 5743 3044 5743 3064 5743 3049 5744 3047 5744 3063 5744 3050 5745 3048 5745 3062 5745 3128 5746 3129 5746 3055 5746 3055 5747 3129 5747 3130 5747 3130 5748 3058 5748 3055 5748 3055 5749 3057 5749 3128 5749 3131 5750 3132 5750 3133 5750 3133 5751 3134 5751 3131 5751 3060 5752 3134 5752 3133 5752 3133 5753 3132 5753 3127 5753 3059 5754 3133 5754 3093 5754 3133 5755 3095 5755 3093 5755 3093 5756 3052 5756 3059 5756 3127 5757 3095 5757 3133 5757 3133 5758 3059 5758 3060 5758 3131 5759 3135 5759 3132 5759 3136 42 3117 42 3116 42 3137 42 3138 42 3108 42 3139 5760 3140 5760 3115 5760 3115 5761 3140 5761 3141 5761 3136 5762 3142 5762 3117 5762 3102 42 3143 42 3144 42 3108 42 3107 42 3137 42 3109 42 3108 42 3138 42 3145 42 3110 42 3109 42 3113 42 3146 42 3147 42 3115 42 3114 42 3139 42 3116 42 3141 42 3136 42 3118 5763 3117 5763 3142 5763 3148 5764 3119 5764 3118 5764 3149 42 3096 42 3094 42 3144 42 3150 42 3103 42 3104 42 3103 42 3150 42 3106 42 3105 42 3151 42 3106 42 3152 42 3153 42 3138 42 3154 42 3109 42 3145 42 3155 42 3110 42 3111 42 3110 42 3155 42 3111 42 3156 42 3157 42 3113 42 3112 42 3158 42 3114 42 3147 42 3139 42 3142 5765 3159 5765 3118 5765 3148 5766 3160 5766 3119 5766 3161 42 3162 42 3122 42 3163 42 3124 42 3123 42 3127 42 3164 42 3165 42 3149 5767 3166 5767 3096 5767 3167 5768 3168 5768 3099 5768 3169 5769 3170 5769 3101 5769 3102 5770 3101 5770 3170 5770 3150 42 3171 42 3104 42 3104 42 3171 42 3172 42 3151 42 3152 42 3106 42 3107 42 3153 42 3137 42 3155 42 3156 42 3111 42 3157 42 3158 42 3112 42 3147 42 3114 42 3113 42 3118 5771 3159 5771 3148 5771 3120 5772 3119 5772 3160 5772 3120 42 3173 42 3174 42 3122 42 3121 42 3161 42 3163 42 3175 42 3124 42 3125 42 3124 42 3175 42 3094 42 3165 42 3149 42 3097 5773 3096 5773 3166 5773 3097 42 3176 42 3177 42 3099 5774 3098 5774 3167 5774 3099 5775 3168 5775 3178 5775 3101 5776 3100 5776 3169 5776 3144 42 3103 42 3102 42 3105 42 3172 42 3151 42 3109 42 3154 42 3145 42 3158 5777 3146 5777 3113 5777 3160 42 3173 42 3120 42 3121 42 3174 42 3161 42 3122 42 3162 42 3179 42 3175 42 3180 42 3125 42 3181 42 3126 42 3125 42 3128 42 3057 42 3126 42 3166 42 3176 42 3097 42 3098 42 3177 42 3167 42 3100 42 3178 42 3169 42 3172 42 3105 42 3104 42 3157 42 3112 42 3111 42 3174 42 3121 42 3120 42 3123 42 3179 42 3163 42 3126 42 3181 42 3128 42 3177 5778 3098 5778 3097 5778 3170 5779 3143 5779 3102 5779 3141 42 3116 42 3115 42 3125 42 3180 42 3181 42 3178 42 3100 42 3099 42 3179 42 3123 42 3122 42 3153 42 3107 42 3106 42 3165 42 3094 42 3127 42 3182 5780 3183 5780 3130 5780 3184 5781 3182 5781 3129 5781 3129 5782 3128 5782 3184 5782 3184 5783 3185 5783 3182 5783 3130 5784 3129 5784 3182 5784 3132 5785 3135 5785 3186 5785 3164 5786 3127 5786 3132 5786 3132 5787 3187 5787 3164 5787 3186 5788 3187 5788 3132 5788 3188 5789 3181 5789 3180 5789 3189 5790 3180 5790 3175 5790 3190 5791 3175 5791 3163 5791 3191 5792 3163 5792 3179 5792 3192 5793 3179 5793 3162 5793 3193 5794 3162 5794 3161 5794 3194 5795 3161 5795 3174 5795 3195 5796 3174 5796 3173 5796 3196 5797 3173 5797 3160 5797 3197 5798 3160 5798 3148 5798 3198 5799 3148 5799 3159 5799 3199 5800 3159 5800 3142 5800 3200 5801 3142 5801 3136 5801 3201 5802 3136 5802 3141 5802 3202 5803 3141 5803 3140 5803 3203 5804 3140 5804 3139 5804 3204 5805 3139 5805 3147 5805 3205 5806 3147 5806 3146 5806 3206 5807 3146 5807 3158 5807 3207 5808 3158 5808 3157 5808 3208 5809 3157 5809 3156 5809 3209 5810 3156 5810 3155 5810 3210 5811 3155 5811 3145 5811 3211 5812 3145 5812 3154 5812 3212 5813 3154 5813 3138 5813 3213 5814 3138 5814 3137 5814 3214 5815 3137 5815 3153 5815 3215 5816 3153 5816 3152 5816 3216 5817 3152 5817 3151 5817 3217 5818 3151 5818 3172 5818 3218 5819 3172 5819 3171 5819 3219 5820 3171 5820 3150 5820 3220 5821 3150 5821 3144 5821 3221 5822 3144 5822 3143 5822 3222 5823 3143 5823 3170 5823 3223 5824 3170 5824 3169 5824 3224 5825 3169 5825 3178 5825 3225 5826 3178 5826 3168 5826 3226 5827 3168 5827 3167 5827 3227 5828 3167 5828 3177 5828 3228 5829 3177 5829 3176 5829 3229 5830 3176 5830 3166 5830 3230 5831 3166 5831 3149 5831 3231 5832 3149 5832 3165 5832 3232 5833 3165 5833 3164 5833 3233 5834 3232 5834 3234 5834 3235 5835 3231 5835 3232 5835 3236 5836 3230 5836 3231 5836 3237 5837 3229 5837 3230 5837 3238 5838 3228 5838 3229 5838 3239 5839 3227 5839 3228 5839 3240 5840 3226 5840 3227 5840 3241 5841 3225 5841 3226 5841 3242 5842 3224 5842 3225 5842 3243 5843 3223 5843 3224 5843 3244 5844 3222 5844 3223 5844 3245 5845 3221 5845 3222 5845 3246 5846 3220 5846 3221 5846 3247 5847 3219 5847 3220 5847 3248 5848 3218 5848 3219 5848 3249 5849 3217 5849 3218 5849 3250 5850 3216 5850 3217 5850 3251 5851 3215 5851 3216 5851 3252 5852 3214 5852 3215 5852 3253 5853 3213 5853 3214 5853 3254 5854 3212 5854 3213 5854 3255 5855 3211 5855 3212 5855 3256 5856 3210 5856 3211 5856 3257 5857 3209 5857 3210 5857 3258 5858 3208 5858 3209 5858 3259 5859 3207 5859 3208 5859 3260 5860 3206 5860 3207 5860 3261 5861 3205 5861 3206 5861 3262 5862 3204 5862 3205 5862 3263 5863 3203 5863 3204 5863 3264 5864 3202 5864 3203 5864 3265 5865 3201 5865 3202 5865 3266 5866 3200 5866 3201 5866 3267 5867 3199 5867 3200 5867 3268 5868 3198 5868 3199 5868 3269 5869 3197 5869 3198 5869 3270 5870 3196 5870 3197 5870 3271 5871 3195 5871 3196 5871 3272 5872 3194 5872 3195 5872 3273 5873 3193 5873 3194 5873 3274 5874 3192 5874 3193 5874 3275 5875 3191 5875 3192 5875 3276 5876 3190 5876 3191 5876 3277 5877 3189 5877 3190 5877 3278 5878 3188 5878 3189 5878 3278 5879 3185 5879 3184 5879 3188 5880 3184 5880 3128 5880 3128 5881 3181 5881 3188 5881 3184 5882 3188 5882 3278 5882 3189 5883 3277 5883 3278 5883 3190 5884 3276 5884 3277 5884 3191 5885 3275 5885 3276 5885 3192 5886 3274 5886 3275 5886 3193 5887 3273 5887 3274 5887 3194 5888 3272 5888 3273 5888 3195 5889 3271 5889 3272 5889 3196 5890 3270 5890 3271 5890 3197 5891 3269 5891 3270 5891 3198 5892 3268 5892 3269 5892 3199 5893 3267 5893 3268 5893 3200 5894 3266 5894 3267 5894 3201 5895 3265 5895 3266 5895 3202 5896 3264 5896 3265 5896 3203 5897 3263 5897 3264 5897 3204 5898 3262 5898 3263 5898 3205 5899 3261 5899 3262 5899 3206 5900 3260 5900 3261 5900 3207 5901 3259 5901 3260 5901 3208 5902 3258 5902 3259 5902 3209 5903 3257 5903 3258 5903 3210 5904 3256 5904 3257 5904 3211 5905 3255 5905 3256 5905 3212 5906 3254 5906 3255 5906 3213 5907 3253 5907 3254 5907 3214 5908 3252 5908 3253 5908 3215 5909 3251 5909 3252 5909 3216 5910 3250 5910 3251 5910 3217 5911 3249 5911 3250 5911 3218 5912 3248 5912 3249 5912 3219 5913 3247 5913 3248 5913 3220 5914 3246 5914 3247 5914 3221 5915 3245 5915 3246 5915 3222 5916 3244 5916 3245 5916 3223 5917 3243 5917 3244 5917 3224 5918 3242 5918 3243 5918 3225 5919 3241 5919 3242 5919 3226 5920 3240 5920 3241 5920 3227 5921 3239 5921 3240 5921 3228 5922 3238 5922 3239 5922 3229 5923 3237 5923 3238 5923 3230 5924 3236 5924 3237 5924 3231 5925 3235 5925 3236 5925 3232 5926 3233 5926 3235 5926 3234 5927 3279 5927 3233 5927 3233 5928 3279 5928 3280 5928 3164 5929 3234 5929 3232 5929 3165 5930 3232 5930 3231 5930 3149 5931 3231 5931 3230 5931 3166 5932 3230 5932 3229 5932 3176 5933 3229 5933 3228 5933 3177 5934 3228 5934 3227 5934 3167 5935 3227 5935 3226 5935 3168 5936 3226 5936 3225 5936 3178 5937 3225 5937 3224 5937 3169 5938 3224 5938 3223 5938 3170 5939 3223 5939 3222 5939 3143 5940 3222 5940 3221 5940 3144 5941 3221 5941 3220 5941 3150 5942 3220 5942 3219 5942 3171 5943 3219 5943 3218 5943 3172 5944 3218 5944 3217 5944 3151 5945 3217 5945 3216 5945 3152 5946 3216 5946 3215 5946 3153 5947 3215 5947 3214 5947 3137 5948 3214 5948 3213 5948 3138 5949 3213 5949 3212 5949 3154 5950 3212 5950 3211 5950 3145 5951 3211 5951 3210 5951 3155 5952 3210 5952 3209 5952 3156 5953 3209 5953 3208 5953 3157 5954 3208 5954 3207 5954 3158 5955 3207 5955 3206 5955 3146 5956 3206 5956 3205 5956 3147 5957 3205 5957 3204 5957 3139 5958 3204 5958 3203 5958 3140 5959 3203 5959 3202 5959 3141 5960 3202 5960 3201 5960 3136 5961 3201 5961 3200 5961 3142 5962 3200 5962 3199 5962 3159 5963 3199 5963 3198 5963 3148 5964 3198 5964 3197 5964 3160 5965 3197 5965 3196 5965 3173 5966 3196 5966 3195 5966 3174 5967 3195 5967 3194 5967 3161 5968 3194 5968 3193 5968 3162 5969 3193 5969 3192 5969 3179 5970 3192 5970 3191 5970 3163 5971 3191 5971 3190 5971 3175 5972 3190 5972 3189 5972 3180 5973 3189 5973 3188 5973 3182 5974 3185 5974 3281 5974 3183 5975 3182 5975 3282 5975 3282 5976 3283 5976 3183 5976 3281 5977 3282 5977 3182 5977 3284 5978 3187 5978 3186 5978 3234 5979 3164 5979 3187 5979 3284 5980 3279 5980 3234 5980 3284 5981 3280 5981 3279 5981 3187 5982 3284 5982 3234 5982 3186 5983 3285 5983 3284 5983 3277 5984 3286 5984 3287 5984 3288 5985 3185 5985 3278 5985 3278 5986 3287 5986 3288 5986 3288 5987 3281 5987 3185 5987 3289 5988 3290 5988 3276 5988 3277 5989 3276 5989 3290 5989 3290 5990 3286 5990 3277 5990 3273 5991 3291 5991 3292 5991 3293 5992 3275 5992 3274 5992 3274 5993 3292 5993 3293 5993 3293 5994 3289 5994 3275 5994 3294 5995 3295 5995 3272 5995 3273 5996 3272 5996 3295 5996 3295 5997 3291 5997 3273 5997 3296 5998 3297 5998 3270 5998 3269 5999 3298 5999 3296 5999 3271 6000 3270 6000 3297 6000 3297 6001 3294 6001 3271 6001 3267 6002 3299 6002 3300 6002 3298 6003 3269 6003 3268 6003 3268 6004 3300 6004 3298 6004 3301 6005 3302 6005 3266 6005 3265 6006 3303 6006 3301 6006 3267 6007 3266 6007 3302 6007 3302 6008 3299 6008 3267 6008 3263 6009 3304 6009 3305 6009 3303 6010 3265 6010 3264 6010 3264 6011 3305 6011 3303 6011 3306 6012 3307 6012 3262 6012 3263 6013 3262 6013 3307 6013 3307 6014 3304 6014 3263 6014 3259 6015 3308 6015 3309 6015 3310 6016 3261 6016 3260 6016 3260 6017 3309 6017 3310 6017 3310 6018 3306 6018 3261 6018 3311 6019 3312 6019 3258 6019 3259 6020 3258 6020 3312 6020 3312 6021 3308 6021 3259 6021 3313 6022 3314 6022 3256 6022 3255 6023 3315 6023 3313 6023 3257 6024 3256 6024 3314 6024 3314 6025 3311 6025 3257 6025 3253 6026 3316 6026 3317 6026 3315 6027 3255 6027 3254 6027 3254 6028 3317 6028 3315 6028 3318 6029 3319 6029 3252 6029 3251 6030 3320 6030 3318 6030 3253 6031 3252 6031 3319 6031 3319 6032 3316 6032 3253 6032 3249 6033 3321 6033 3322 6033 3320 6034 3251 6034 3250 6034 3250 6035 3322 6035 3320 6035 3323 6036 3324 6036 3248 6036 3249 6037 3248 6037 3324 6037 3324 6038 3321 6038 3249 6038 3245 6039 3325 6039 3326 6039 3327 6040 3247 6040 3246 6040 3246 6041 3326 6041 3327 6041 3327 6042 3323 6042 3247 6042 3328 6043 3244 6043 3243 6043 3328 6044 3325 6044 3245 6044 3245 6045 3244 6045 3328 6045 3241 6046 3329 6046 3330 6046 3331 6047 3243 6047 3242 6047 3242 6048 3330 6048 3331 6048 3331 6049 3332 6049 3243 6049 3239 6050 3333 6050 3334 6050 3329 6051 3241 6051 3240 6051 3240 6052 3334 6052 3329 6052 3335 6053 3336 6053 3238 6053 3237 6054 3337 6054 3335 6054 3239 6055 3238 6055 3336 6055 3336 6056 3333 6056 3239 6056 3235 6057 3338 6057 3339 6057 3337 6058 3237 6058 3236 6058 3236 6059 3339 6059 3337 6059 3235 6060 3233 6060 3340 6060 3341 6061 3340 6061 3233 6061 3233 6062 3280 6062 3341 6062 3280 6063 3342 6063 3341 6063 3340 6064 3338 6064 3235 6064 3339 6065 3236 6065 3235 6065 3238 6066 3237 6066 3335 6066 3334 6067 3240 6067 3239 6067 3330 6068 3242 6068 3241 6068 3243 6069 3332 6069 3328 6069 3326 6070 3246 6070 3245 6070 3248 6071 3247 6071 3323 6071 3322 6072 3250 6072 3249 6072 3252 6073 3251 6073 3318 6073 3317 6074 3254 6074 3253 6074 3256 6075 3255 6075 3313 6075 3258 6076 3257 6076 3311 6076 3309 6077 3260 6077 3259 6077 3262 6078 3261 6078 3306 6078 3305 6079 3264 6079 3263 6079 3266 6080 3265 6080 3301 6080 3300 6081 3268 6081 3267 6081 3270 6082 3269 6082 3296 6082 3272 6083 3271 6083 3294 6083 3292 6084 3274 6084 3273 6084 3276 6085 3275 6085 3289 6085 3287 6086 3278 6086 3277 6086 3283 6087 3282 6087 3343 6087 3344 6088 3343 6088 3345 6088 3282 6089 3281 6089 3346 6089 3343 6090 3346 6090 3347 6090 3347 6091 3345 6091 3343 6091 3346 6092 3343 6092 3282 6092 3345 6093 3348 6093 3344 6093 3343 6094 3344 6094 3283 6094 3349 6095 3350 6095 3284 6095 3350 6096 3342 6096 3280 6096 3280 6097 3284 6097 3350 6097 3284 6098 3285 6098 3349 6098 3351 6099 3352 6099 3353 6099 3353 6100 3354 6100 3351 6100 3349 6101 3352 6101 3351 6101 3351 6102 3354 6102 3355 6102 3350 6103 3351 6103 3356 6103 3356 6104 3342 6104 3350 6104 3355 6105 3356 6105 3351 6105 3351 6106 3350 6106 3349 6106 3353 6107 3357 6107 3354 6107 3358 6108 3341 6108 3342 6108 3342 6109 3356 6109 3358 6109 3341 6110 3358 6110 3359 6110 3359 6111 3340 6111 3341 6111 3360 6112 3339 6112 3338 6112 3338 6113 3361 6113 3360 6113 3360 6114 3362 6114 3339 6114 3362 6115 3363 6115 3337 6115 3363 6116 3335 6116 3337 6116 3336 6117 3335 6117 3364 6117 3335 6118 3363 6118 3364 6118 3334 6119 3333 6119 3365 6119 3333 6120 3366 6120 3365 6120 3365 6121 3367 6121 3334 6121 3367 6122 3368 6122 3329 6122 3368 6123 3330 6123 3329 6123 3331 6124 3330 6124 3368 6124 3369 6125 3370 6125 3332 6125 3328 6126 3332 6126 3370 6126 3370 6127 3371 6127 3328 6127 3371 6128 3372 6128 3325 6128 3326 6129 3325 6129 3372 6129 3372 6130 3373 6130 3326 6130 3327 6131 3326 6131 3373 6131 3374 6132 3324 6132 3323 6132 3323 6133 3375 6133 3374 6133 3324 6134 3374 6134 3376 6134 3377 6135 3322 6135 3321 6135 3321 6136 3376 6136 3377 6136 3322 6137 3377 6137 3378 6137 3378 6138 3320 6138 3322 6138 3379 6139 3318 6139 3320 6139 3319 6140 3318 6140 3379 6140 3319 6141 3380 6141 3381 6141 3382 6142 3317 6142 3316 6142 3316 6143 3381 6143 3382 6143 3317 6144 3382 6144 3383 6144 3383 6145 3315 6145 3317 6145 3384 6146 3313 6146 3315 6146 3313 6147 3384 6147 3385 6147 3385 6148 3314 6148 3313 6148 3386 6149 3312 6149 3311 6149 3311 6150 3387 6150 3386 6150 3388 6151 3389 6151 3308 6151 3312 6152 3386 6152 3388 6152 3389 6153 3309 6153 3308 6153 3309 6154 3389 6154 3390 6154 3390 6155 3310 6155 3309 6155 3391 6156 3307 6156 3306 6156 3306 6157 3392 6157 3391 6157 3391 6158 3393 6158 3307 6158 3393 6159 3394 6159 3304 6159 3394 6160 3305 6160 3304 6160 3303 6161 3305 6161 3395 6161 3305 6162 3394 6162 3395 6162 3396 6163 3301 6163 3303 6163 3301 6164 3396 6164 3397 6164 3397 6165 3302 6165 3301 6165 3398 6166 3300 6166 3299 6166 3299 6167 3399 6167 3398 6167 3398 6168 3400 6168 3298 6168 3400 6169 3296 6169 3298 6169 3297 6170 3296 6170 3401 6170 3296 6171 3400 6171 3401 6171 3402 6172 3295 6172 3294 6172 3294 6173 3403 6173 3402 6173 3402 6174 3404 6174 3295 6174 3404 6175 3405 6175 3291 6175 3405 6176 3292 6176 3291 6176 3293 6177 3292 6177 3406 6177 3292 6178 3405 6178 3406 6178 3290 6179 3289 6179 3407 6179 3289 6180 3408 6180 3407 6180 3407 6181 3409 6181 3290 6181 3409 6182 3410 6182 3286 6182 3287 6183 3286 6183 3410 6183 3410 6184 3411 6184 3287 6184 3288 6185 3287 6185 3411 6185 3412 6186 3346 6186 3281 6186 3412 6187 3347 6187 3346 6187 3281 6188 3288 6188 3412 6188 3411 6189 3412 6189 3288 6189 3286 6190 3290 6190 3409 6190 3289 6191 3293 6191 3408 6191 3406 6192 3408 6192 3293 6192 3291 6193 3295 6193 3404 6193 3294 6194 3297 6194 3403 6194 3401 6195 3403 6195 3297 6195 3298 6196 3300 6196 3398 6196 3299 6197 3302 6197 3399 6197 3397 6198 3399 6198 3302 6198 3395 6199 3396 6199 3303 6199 3304 6200 3307 6200 3393 6200 3306 6201 3310 6201 3392 6201 3390 6202 3392 6202 3310 6202 3308 6203 3312 6203 3388 6203 3311 6204 3314 6204 3387 6204 3385 6205 3387 6205 3314 6205 3383 6206 3384 6206 3315 6206 3381 6207 3316 6207 3319 6207 3379 6208 3380 6208 3319 6208 3378 6209 3379 6209 3320 6209 3376 6210 3321 6210 3324 6210 3323 6211 3327 6211 3375 6211 3373 6212 3375 6212 3327 6212 3325 6213 3328 6213 3371 6213 3332 6214 3331 6214 3369 6214 3368 6215 3369 6215 3331 6215 3329 6216 3334 6216 3367 6216 3333 6217 3336 6217 3366 6217 3364 6218 3366 6218 3336 6218 3337 6219 3339 6219 3362 6219 3338 6220 3340 6220 3361 6220 3359 6221 3361 6221 3340 6221 3356 6222 3355 6222 3358 6222 3413 6223 3348 6223 3345 6223 3345 6224 3414 6224 3413 6224 3414 6225 3415 6225 3413 6225 3414 6226 3416 6226 3417 6226 3416 6227 3418 6227 3419 6227 3418 6228 3420 6228 3419 6228 3418 6229 3421 6229 3422 6229 3423 6230 3424 6230 3425 6230 3425 6231 3421 6231 3423 6231 3426 6232 3427 6232 3424 6232 3428 6233 3429 6233 3430 6233 3430 6234 3426 6234 3428 6234 3429 6235 3428 6235 3354 6235 3428 6236 3355 6236 3354 6236 3354 6237 3357 6237 3429 6237 3430 6238 3427 6238 3426 6238 3424 6239 3423 6239 3426 6239 3425 6240 3422 6240 3421 6240 3422 6241 3420 6241 3418 6241 3419 6242 3417 6242 3416 6242 3417 6243 3415 6243 3414 6243 3345 6244 3347 6244 3414 6244 3398 6245 3431 6245 3432 6245 3433 6246 3401 6246 3400 6246 3400 6247 3432 6247 3433 6247 3433 6248 3434 6248 3403 6248 3434 6249 3435 6249 3402 6249 3402 6250 3403 6250 3434 6250 3405 6251 3404 6251 3436 6251 3404 6252 3435 6252 3436 6252 3437 6253 3406 6253 3405 6253 3436 6254 3437 6254 3405 6254 3406 6255 3437 6255 3438 6255 3439 6256 3407 6256 3408 6256 3408 6257 3438 6257 3439 6257 3439 6258 3440 6258 3409 6258 3410 6259 3409 6259 3440 6259 3440 6260 3441 6260 3410 6260 3442 6261 3443 6261 3361 6261 3360 6262 3361 6262 3443 6262 3443 6263 3444 6263 3360 6263 3362 6264 3444 6264 3445 6264 3445 6265 3363 6265 3362 6265 3445 6266 3446 6266 3363 6266 3446 6267 3364 6267 3363 6267 3364 6268 3446 6268 3447 6268 3448 6269 3365 6269 3366 6269 3366 6270 3447 6270 3448 6270 3448 6271 3449 6271 3367 6271 3368 6272 3367 6272 3449 6272 3449 6273 3450 6273 3368 6273 3368 6274 3450 6274 3451 6274 3452 6275 3370 6275 3369 6275 3369 6276 3451 6276 3452 6276 3452 6277 3453 6277 3371 6277 3453 6278 3454 6278 3372 6278 3372 6279 3371 6279 3453 6279 3454 6280 3455 6280 3373 6280 3375 6281 3373 6281 3455 6281 3455 6282 3456 6282 3375 6282 3375 6283 3456 6283 3457 6283 3458 6284 3376 6284 3374 6284 3374 6285 3457 6285 3458 6285 3458 6286 3459 6286 3377 6286 3378 6287 3377 6287 3459 6287 3459 6288 3460 6288 3378 6288 3380 6289 3379 6289 3461 6289 3379 6290 3460 6290 3461 6290 3462 6291 3381 6291 3380 6291 3461 6292 3462 6292 3380 6292 3381 6293 3462 6293 3463 6293 3464 6294 3383 6294 3382 6294 3382 6295 3463 6295 3464 6295 3464 6296 3465 6296 3384 6296 3385 6297 3384 6297 3465 6297 3465 6298 3466 6298 3385 6298 3387 6299 3466 6299 3467 6299 3467 6300 3386 6300 3387 6300 3467 6301 3468 6301 3386 6301 3468 6302 3388 6302 3386 6302 3388 6303 3468 6303 3469 6303 3470 6304 3390 6304 3389 6304 3389 6305 3469 6305 3470 6305 3470 6306 3471 6306 3392 6306 3391 6307 3392 6307 3471 6307 3471 6308 3472 6308 3391 6308 3393 6309 3472 6309 3473 6309 3473 6310 3394 6310 3393 6310 3473 6311 3474 6311 3394 6311 3474 6312 3395 6312 3394 6312 3475 6313 3396 6313 3395 6313 3476 6314 3397 6314 3396 6314 3396 6315 3475 6315 3476 6315 3476 6316 3477 6316 3399 6316 3398 6317 3399 6317 3477 6317 3477 6318 3431 6318 3398 6318 3478 6319 3416 6319 3414 6319 3478 6320 3418 6320 3416 6320 3478 6321 3479 6321 3421 6321 3421 6322 3418 6322 3478 6322 3479 6323 3358 6323 3355 6323 3442 6324 3359 6324 3358 6324 3358 6325 3479 6325 3442 6325 3355 6326 3428 6326 3479 6326 3428 6327 3426 6327 3479 6327 3426 6328 3423 6328 3479 6328 3423 6329 3421 6329 3479 6329 3412 6330 3411 6330 3480 6330 3411 6331 3441 6331 3480 6331 3478 6332 3347 6332 3412 6332 3480 6333 3478 6333 3412 6333 3411 6334 3410 6334 3441 6334 3414 6335 3347 6335 3478 6335 3399 6336 3397 6336 3476 6336 3395 6337 3474 6337 3475 6337 3393 6338 3391 6338 3472 6338 3392 6339 3390 6339 3470 6339 3469 6340 3389 6340 3388 6340 3387 6341 3385 6341 3466 6341 3384 6342 3383 6342 3464 6342 3463 6343 3382 6343 3381 6343 3379 6344 3378 6344 3460 6344 3377 6345 3376 6345 3458 6345 3457 6346 3374 6346 3375 6346 3373 6347 3372 6347 3454 6347 3371 6348 3370 6348 3452 6348 3451 6349 3369 6349 3368 6349 3367 6350 3365 6350 3448 6350 3447 6351 3366 6351 3364 6351 3362 6352 3360 6352 3444 6352 3361 6353 3359 6353 3442 6353 3409 6354 3407 6354 3439 6354 3438 6355 3408 6355 3406 6355 3404 6356 3402 6356 3435 6356 3403 6357 3401 6357 3433 6357 3432 6358 3400 6358 3398 6358 3481 6359 3482 6359 2886 6359 3483 6360 3484 6360 3482 6360 3485 6361 3481 6361 2788 6361 3486 6362 3483 6362 3481 6362 3487 6363 3485 6363 2785 6363 3488 6364 3486 6364 3485 6364 3489 6365 3487 6365 2784 6365 3490 6366 3488 6366 3487 6366 3491 6367 3489 6367 2783 6367 3492 6368 3490 6368 3489 6368 3493 6369 3491 6369 2781 6369 3494 6370 3492 6370 3491 6370 3495 6371 3493 6371 2778 6371 3496 6372 3494 6372 3493 6372 3497 6373 3495 6373 2777 6373 3498 6374 3496 6374 3495 6374 3499 6375 3497 6375 2776 6375 3500 6376 3498 6376 3497 6376 3501 6377 3499 6377 2773 6377 3502 6378 3500 6378 3499 6378 3503 6379 3501 6379 2772 6379 3504 6380 3502 6380 3501 6380 3505 6381 3503 6381 2844 6381 3506 6382 3504 6382 3503 6382 3507 6383 3505 6383 2842 6383 3508 6384 3506 6384 3505 6384 3509 6385 3507 6385 2841 6385 3510 6386 3508 6386 3507 6386 3511 6387 3509 6387 2840 6387 3512 6388 3510 6388 3509 6388 3513 6389 3511 6389 2837 6389 3514 6390 3512 6390 3511 6390 3515 6391 3513 6391 2835 6391 3516 6392 3514 6392 3513 6392 3517 6393 3515 6393 2834 6393 3518 6394 3516 6394 3515 6394 3519 6395 3517 6395 2833 6395 3520 6396 3518 6396 3517 6396 3521 6397 3519 6397 2830 6397 3522 6398 3520 6398 3519 6398 3523 6399 3521 6399 2829 6399 3524 6400 3522 6400 3521 6400 3525 6401 3523 6401 2828 6401 3526 6402 3524 6402 3523 6402 3527 6403 3525 6403 2825 6403 3528 6404 3526 6404 3525 6404 3529 6405 3527 6405 2824 6405 3530 6406 3528 6406 3527 6406 3531 6407 3529 6407 2823 6407 3532 6408 3530 6408 3529 6408 3533 6409 3531 6409 2820 6409 3534 6410 3532 6410 3531 6410 3535 6411 3533 6411 2819 6411 3536 6412 3534 6412 3533 6412 3537 6413 3535 6413 2818 6413 3538 6414 3536 6414 3535 6414 3539 6415 3537 6415 2816 6415 3540 6416 3538 6416 3537 6416 3541 6417 3539 6417 2813 6417 3542 6418 3540 6418 3539 6418 3543 6419 3541 6419 2812 6419 3544 6420 3542 6420 3541 6420 3545 6421 3543 6421 2811 6421 3546 6422 3544 6422 3543 6422 3547 6423 3545 6423 2808 6423 3548 6424 3546 6424 3545 6424 3549 6425 3547 6425 2807 6425 3550 6426 3548 6426 3547 6426 3551 6427 3549 6427 2806 6427 3552 6428 3550 6428 3549 6428 3553 6429 3551 6429 2803 6429 3554 6430 3552 6430 3551 6430 3555 6431 3553 6431 2802 6431 3556 6432 3554 6432 3553 6432 3557 6433 3555 6433 2801 6433 3558 6434 3556 6434 3555 6434 3559 6435 3557 6435 2798 6435 3560 6436 3558 6436 3557 6436 3561 6437 3559 6437 2796 6437 3562 6438 3560 6438 3559 6438 3563 6439 3561 6439 2795 6439 3564 6440 3562 6440 3561 6440 3565 6441 3563 6441 2794 6441 3566 6442 3564 6442 3563 6442 3567 6443 3565 6443 2791 6443 3568 6444 3566 6444 3565 6444 2790 6445 2890 6445 3569 6445 3568 6446 3567 6446 3569 6446 3484 6447 3570 6447 3571 6447 3482 6448 3571 6448 3572 6448 3572 6449 2886 6449 3482 6449 3572 6450 2887 6450 2886 6450 3571 6451 3482 6451 3484 6451 3569 6452 3573 6452 3568 6452 3569 6453 3567 6453 2790 6453 3565 6454 3567 6454 3568 6454 2791 6455 2790 6455 3567 6455 3563 6456 3565 6456 3566 6456 2794 6457 2791 6457 3565 6457 3561 6458 3563 6458 3564 6458 2795 6459 2794 6459 3563 6459 3559 6460 3561 6460 3562 6460 2796 6461 2795 6461 3561 6461 3557 6462 3559 6462 3560 6462 2798 6463 2796 6463 3559 6463 3555 6464 3557 6464 3558 6464 2801 6465 2798 6465 3557 6465 3553 6466 3555 6466 3556 6466 2802 6467 2801 6467 3555 6467 3551 6468 3553 6468 3554 6468 2803 6469 2802 6469 3553 6469 3549 6470 3551 6470 3552 6470 2806 6471 2803 6471 3551 6471 3547 6472 3549 6472 3550 6472 2807 6473 2806 6473 3549 6473 3545 6474 3547 6474 3548 6474 2808 6475 2807 6475 3547 6475 3543 6476 3545 6476 3546 6476 2811 6477 2808 6477 3545 6477 3541 6478 3543 6478 3544 6478 2812 6479 2811 6479 3543 6479 3539 6480 3541 6480 3542 6480 2813 6481 2812 6481 3541 6481 3537 6482 3539 6482 3540 6482 2816 6483 2813 6483 3539 6483 3535 6484 3537 6484 3538 6484 2818 6485 2816 6485 3537 6485 3533 6486 3535 6486 3536 6486 2819 6487 2818 6487 3535 6487 3531 6488 3533 6488 3534 6488 2820 6489 2819 6489 3533 6489 3529 6490 3531 6490 3532 6490 2823 6491 2820 6491 3531 6491 3527 6492 3529 6492 3530 6492 2824 6493 2823 6493 3529 6493 3525 6494 3527 6494 3528 6494 2825 6495 2824 6495 3527 6495 3523 6496 3525 6496 3526 6496 2828 6497 2825 6497 3525 6497 3521 6498 3523 6498 3524 6498 2829 6499 2828 6499 3523 6499 3519 6500 3521 6500 3522 6500 2830 6501 2829 6501 3521 6501 3517 6502 3519 6502 3520 6502 2833 6503 2830 6503 3519 6503 3515 6504 3517 6504 3518 6504 2834 6505 2833 6505 3517 6505 3513 6506 3515 6506 3516 6506 2835 6507 2834 6507 3515 6507 3511 6508 3513 6508 3514 6508 2837 6509 2835 6509 3513 6509 3509 6510 3511 6510 3512 6510 2840 6511 2837 6511 3511 6511 3507 6512 3509 6512 3510 6512 2841 6513 2840 6513 3509 6513 3505 6514 3507 6514 3508 6514 2842 6515 2841 6515 3507 6515 3503 6516 3505 6516 3506 6516 2844 6517 2842 6517 3505 6517 3501 6518 3503 6518 3504 6518 2772 6519 2844 6519 3503 6519 3499 6520 3501 6520 3502 6520 2773 6521 2772 6521 3501 6521 3497 6522 3499 6522 3500 6522 2776 6523 2773 6523 3499 6523 3495 6524 3497 6524 3498 6524 2777 6525 2776 6525 3497 6525 3493 6526 3495 6526 3496 6526 2778 6527 2777 6527 3495 6527 3491 6528 3493 6528 3494 6528 2781 6529 2778 6529 3493 6529 3489 6530 3491 6530 3492 6530 2783 6531 2781 6531 3491 6531 3487 6532 3489 6532 3490 6532 2784 6533 2783 6533 3489 6533 3485 6534 3487 6534 3488 6534 2785 6535 2784 6535 3487 6535 3481 6536 3485 6536 3486 6536 2788 6537 2785 6537 3485 6537 3482 6538 3481 6538 3483 6538 2886 6539 2788 6539 3481 6539 3574 6540 3453 6540 3452 6540 3575 6541 3574 6541 3576 6541 3576 6542 3452 6542 3451 6542 3577 6543 3576 6543 3578 6543 3578 6544 3451 6544 3450 6544 3579 6545 3578 6545 3580 6545 3580 6546 3450 6546 3449 6546 3581 6547 3580 6547 3582 6547 3582 6548 3449 6548 3448 6548 3583 6549 3582 6549 3584 6549 3584 6550 3448 6550 3447 6550 3585 6551 3584 6551 3586 6551 3586 6552 3447 6552 3446 6552 3587 6553 3586 6553 3588 6553 3588 6554 3446 6554 3445 6554 3589 6555 3588 6555 3590 6555 3590 6556 3445 6556 3444 6556 3591 6557 3590 6557 3592 6557 3592 6558 3444 6558 3443 6558 3593 6559 3592 6559 3594 6559 3594 6560 3443 6560 3442 6560 3595 6561 3594 6561 3596 6561 3596 6562 3442 6562 3479 6562 3597 6563 3596 6563 3598 6563 3598 6564 3479 6564 3478 6564 3599 6565 3598 6565 3600 6565 3600 6566 3478 6566 3480 6566 3601 6567 3600 6567 3602 6567 3602 6568 3480 6568 3441 6568 3603 6569 3602 6569 3604 6569 3604 6570 3441 6570 3440 6570 3605 6571 3604 6571 3606 6571 3606 6572 3440 6572 3439 6572 3607 6573 3606 6573 3608 6573 3608 6574 3439 6574 3438 6574 3609 6575 3608 6575 3610 6575 3610 6576 3438 6576 3437 6576 3611 6577 3610 6577 3612 6577 3612 6578 3437 6578 3436 6578 3613 6579 3612 6579 3614 6579 3614 6580 3436 6580 3435 6580 3615 6581 3614 6581 3616 6581 3616 6582 3435 6582 3434 6582 3617 6583 3616 6583 3618 6583 3618 6584 3434 6584 3433 6584 3619 6585 3618 6585 3620 6585 3620 6586 3433 6586 3432 6586 3621 6587 3620 6587 3622 6587 3622 6588 3432 6588 3431 6588 3623 6589 3622 6589 3624 6589 3624 6590 3431 6590 3477 6590 3625 6591 3624 6591 3626 6591 3626 6592 3477 6592 3476 6592 3627 6593 3626 6593 3628 6593 3628 6594 3476 6594 3475 6594 3629 6595 3628 6595 3630 6595 3630 6596 3475 6596 3474 6596 3631 6597 3630 6597 3632 6597 3632 6598 3474 6598 3473 6598 3633 6599 3632 6599 3634 6599 3634 6600 3473 6600 3472 6600 3635 6601 3634 6601 3636 6601 3636 6602 3472 6602 3471 6602 3637 6603 3636 6603 3638 6603 3638 6604 3471 6604 3470 6604 3639 6605 3638 6605 3640 6605 3640 6606 3470 6606 3469 6606 3641 6607 3640 6607 3642 6607 3642 6608 3469 6608 3468 6608 3643 6609 3642 6609 3644 6609 3644 6610 3468 6610 3467 6610 3645 6611 3644 6611 3646 6611 3646 6612 3467 6612 3466 6612 3647 6613 3646 6613 3648 6613 3648 6614 3466 6614 3465 6614 3649 6615 3648 6615 3650 6615 3650 6616 3465 6616 3464 6616 3651 6617 3650 6617 3652 6617 3652 6618 3464 6618 3463 6618 3653 6619 3652 6619 3654 6619 3654 6620 3463 6620 3462 6620 3655 6621 3654 6621 3656 6621 3656 6622 3462 6622 3461 6622 3657 6623 3656 6623 3658 6623 3658 6624 3461 6624 3460 6624 3659 6625 3658 6625 3660 6625 3660 6626 3460 6626 3459 6626 3661 6627 3660 6627 3662 6627 3662 6628 3459 6628 3458 6628 3663 6629 3662 6629 3664 6629 3664 6630 3458 6630 3457 6630 3665 6631 3664 6631 3666 6631 3666 6632 3457 6632 3456 6632 3667 6633 3666 6633 3668 6633 3668 6634 3456 6634 3455 6634 3669 6635 3668 6635 3670 6635 3670 6636 3455 6636 3454 6636 3671 6637 3670 6637 3672 6637 3672 6638 3454 6638 3453 6638 3673 6639 3672 6639 3574 6639 3574 6640 3575 6640 3673 6640 3453 6641 3574 6641 3672 6641 3672 6642 3673 6642 3671 6642 3454 6643 3672 6643 3670 6643 3670 6644 3671 6644 3669 6644 3455 6645 3670 6645 3668 6645 3668 6646 3669 6646 3667 6646 3456 6647 3668 6647 3666 6647 3666 6648 3667 6648 3665 6648 3457 6649 3666 6649 3664 6649 3664 6650 3665 6650 3663 6650 3458 6651 3664 6651 3662 6651 3662 6652 3663 6652 3661 6652 3459 6653 3662 6653 3660 6653 3660 6654 3661 6654 3659 6654 3460 6655 3660 6655 3658 6655 3658 6656 3659 6656 3657 6656 3461 6657 3658 6657 3656 6657 3656 6658 3657 6658 3655 6658 3462 6659 3656 6659 3654 6659 3654 6660 3655 6660 3653 6660 3463 6661 3654 6661 3652 6661 3652 6662 3653 6662 3651 6662 3464 6663 3652 6663 3650 6663 3650 6664 3651 6664 3649 6664 3465 6665 3650 6665 3648 6665 3648 6666 3649 6666 3647 6666 3466 6667 3648 6667 3646 6667 3646 6668 3647 6668 3645 6668 3467 6669 3646 6669 3644 6669 3644 6670 3645 6670 3643 6670 3468 6671 3644 6671 3642 6671 3642 6672 3643 6672 3641 6672 3469 6673 3642 6673 3640 6673 3640 6674 3641 6674 3639 6674 3470 6675 3640 6675 3638 6675 3638 6676 3639 6676 3637 6676 3471 6677 3638 6677 3636 6677 3636 6678 3637 6678 3635 6678 3472 6679 3636 6679 3634 6679 3634 6680 3635 6680 3633 6680 3473 6681 3634 6681 3632 6681 3632 6682 3633 6682 3631 6682 3474 6683 3632 6683 3630 6683 3630 6684 3631 6684 3629 6684 3475 6685 3630 6685 3628 6685 3628 6686 3629 6686 3627 6686 3476 6687 3628 6687 3626 6687 3626 6688 3627 6688 3625 6688 3477 6689 3626 6689 3624 6689 3624 6690 3625 6690 3623 6690 3431 6691 3624 6691 3622 6691 3622 6692 3623 6692 3621 6692 3432 6693 3622 6693 3620 6693 3620 6694 3621 6694 3619 6694 3433 6695 3620 6695 3618 6695 3618 6696 3619 6696 3617 6696 3434 6697 3618 6697 3616 6697 3616 6698 3617 6698 3615 6698 3435 6699 3616 6699 3614 6699 3614 6700 3615 6700 3613 6700 3436 6701 3614 6701 3612 6701 3612 6702 3613 6702 3611 6702 3437 6703 3612 6703 3610 6703 3610 6704 3611 6704 3609 6704 3438 6705 3610 6705 3608 6705 3608 6706 3609 6706 3607 6706 3439 6707 3608 6707 3606 6707 3606 6708 3607 6708 3605 6708 3440 6709 3606 6709 3604 6709 3604 6710 3605 6710 3603 6710 3441 6711 3604 6711 3602 6711 3602 6712 3603 6712 3601 6712 3480 6713 3602 6713 3600 6713 3600 6714 3601 6714 3599 6714 3478 6715 3600 6715 3598 6715 3598 6716 3599 6716 3597 6716 3479 6717 3598 6717 3596 6717 3596 6718 3597 6718 3595 6718 3442 6719 3596 6719 3594 6719 3594 6720 3595 6720 3593 6720 3443 6721 3594 6721 3592 6721 3592 6722 3593 6722 3591 6722 3444 6723 3592 6723 3590 6723 3590 6724 3591 6724 3589 6724 3445 6725 3590 6725 3588 6725 3588 6726 3589 6726 3587 6726 3446 6727 3588 6727 3586 6727 3586 6728 3587 6728 3585 6728 3447 6729 3586 6729 3584 6729 3584 6730 3585 6730 3583 6730 3448 6731 3584 6731 3582 6731 3582 6732 3583 6732 3581 6732 3449 6733 3582 6733 3580 6733 3580 6734 3581 6734 3579 6734 3450 6735 3580 6735 3578 6735 3578 6736 3579 6736 3577 6736 3451 6737 3578 6737 3576 6737 3576 6738 3577 6738 3575 6738 3452 6739 3576 6739 3574 6739 3674 6740 3675 6740 3577 6740 3675 6741 3676 6741 3575 6741 3575 6742 3577 6742 3675 6742 3677 4509 3678 4509 3581 4509 3579 6743 3581 6743 3678 6743 3678 6744 3674 6744 3579 6744 3679 4506 3680 4506 3585 4506 3583 6745 3585 6745 3680 6745 3680 6746 3677 6746 3583 6746 3681 4504 3682 4504 3589 4504 3587 6747 3589 6747 3682 6747 3682 6748 3679 6748 3587 6748 3683 6749 3684 6749 3593 6749 3591 4505 3593 4505 3684 4505 3684 4505 3681 4505 3591 4505 3685 4498 3686 4498 3597 4498 3595 6750 3597 6750 3686 6750 3686 6751 3683 6751 3595 6751 3687 4495 3688 4495 3601 4495 3599 4500 3601 4500 3688 4500 3688 4499 3685 4499 3599 4499 3689 4562 3690 4562 3605 4562 3603 6752 3605 6752 3690 6752 3690 6753 3687 6753 3603 6753 3691 6754 3692 6754 3609 6754 3607 4494 3609 4494 3692 4494 3692 4494 3689 4494 3607 4494 3693 4564 3694 4564 3613 4564 3611 6755 3613 6755 3694 6755 3694 6756 3691 6756 3611 6756 3695 6757 3696 6757 3617 6757 3615 4489 3617 4489 3696 4489 3696 4488 3693 4488 3615 4488 3697 6758 3698 6758 3621 6758 3619 4486 3621 4486 3698 4486 3698 4486 3695 4486 3619 4486 3699 6759 3700 6759 3625 6759 3623 4484 3625 4484 3700 4484 3700 4484 3697 4484 3623 4484 3701 6760 3702 6760 3629 6760 3627 6761 3629 6761 3702 6761 3702 6762 3699 6762 3627 6762 3635 4542 3703 4542 3704 4542 3701 4545 3631 4545 3633 4545 3633 4546 3704 4546 3701 4546 3705 6763 3706 6763 3637 6763 3635 4543 3637 4543 3706 4543 3706 4543 3703 4543 3635 4543 3707 4537 3708 4537 3641 4537 3639 4541 3641 4541 3708 4541 3708 4541 3705 4541 3639 4541 3709 6764 3710 6764 3645 6764 3643 6765 3645 6765 3710 6765 3710 6766 3707 6766 3643 6766 3711 4555 3712 4555 3649 4555 3647 4536 3649 4536 3712 4536 3712 4536 3709 4536 3647 4536 3713 6767 3714 6767 3653 6767 3651 4534 3653 4534 3714 4534 3714 4534 3711 4534 3651 4534 3715 4527 3716 4527 3657 4527 3655 4532 3657 4532 3716 4532 3716 4531 3713 4531 3655 4531 3717 6768 3718 6768 3661 6768 3659 4528 3661 4528 3718 4528 3718 6769 3715 6769 3659 6769 3719 4558 3720 4558 3665 4558 3663 4526 3665 4526 3720 4526 3720 4525 3717 4525 3663 4525 3721 4518 3722 4518 3669 4518 3667 6770 3669 6770 3722 6770 3722 6771 3719 6771 3667 6771 3673 4515 3575 4515 3676 4515 3671 6772 3673 6772 3723 6772 3723 6773 3721 6773 3671 6773 3676 4515 3723 4515 3673 4515 3669 4518 3671 4518 3721 4518 3665 4521 3667 4521 3719 4521 3661 6774 3663 6774 3717 6774 3657 4527 3659 4527 3715 4527 3653 6775 3655 6775 3713 6775 3649 4533 3651 4533 3711 4533 3645 6776 3647 6776 3709 6776 3641 4537 3643 4537 3707 4537 3637 6777 3639 6777 3705 6777 3704 4552 3633 4552 3635 4552 3629 6778 3631 6778 3701 6778 3625 6779 3627 6779 3699 6779 3621 6780 3623 6780 3697 6780 3617 6781 3619 6781 3695 6781 3613 4487 3615 4487 3693 4487 3609 4563 3611 4563 3691 4563 3605 4493 3607 4493 3689 4493 3601 4495 3603 4495 3687 4495 3597 4498 3599 4498 3685 4498 3593 6782 3595 6782 3683 6782 3589 4504 3591 4504 3681 4504 3585 4506 3587 4506 3679 4506 3581 4560 3583 4560 3677 4560 3577 6783 3579 6783 3674 6783 3724 6784 3676 6784 3675 6784 3725 6785 3724 6785 3726 6785 3726 6786 3675 6786 3674 6786 3727 6787 3726 6787 3728 6787 3728 6788 3674 6788 3678 6788 3729 6789 3728 6789 3730 6789 3730 6790 3678 6790 3677 6790 3731 6791 3730 6791 3732 6791 3732 6792 3677 6792 3680 6792 3733 6793 3732 6793 3734 6793 3734 6794 3680 6794 3679 6794 3735 6795 3734 6795 3736 6795 3736 6796 3679 6796 3682 6796 3737 6797 3736 6797 3738 6797 3738 6798 3682 6798 3681 6798 3739 6799 3738 6799 3740 6799 3740 6800 3681 6800 3684 6800 3741 6801 3740 6801 3742 6801 3742 6802 3684 6802 3683 6802 3743 6803 3742 6803 3744 6803 3744 6804 3683 6804 3686 6804 3745 6805 3744 6805 3746 6805 3746 6806 3686 6806 3685 6806 3747 6807 3746 6807 3748 6807 3748 6808 3685 6808 3688 6808 3749 6809 3748 6809 3750 6809 3750 6810 3688 6810 3687 6810 3751 6811 3750 6811 3752 6811 3752 6812 3687 6812 3690 6812 3753 6813 3752 6813 3754 6813 3754 6814 3690 6814 3689 6814 3755 6815 3754 6815 3756 6815 3756 6816 3689 6816 3692 6816 3757 6817 3756 6817 3758 6817 3758 6818 3692 6818 3691 6818 3759 6819 3758 6819 3760 6819 3760 6820 3691 6820 3694 6820 3761 6821 3760 6821 3762 6821 3762 6822 3694 6822 3693 6822 3763 6823 3762 6823 3764 6823 3764 6824 3693 6824 3696 6824 3765 6825 3764 6825 3766 6825 3766 6826 3696 6826 3695 6826 3767 6827 3766 6827 3768 6827 3768 6828 3695 6828 3698 6828 3769 6829 3768 6829 3770 6829 3770 6830 3698 6830 3697 6830 3771 6831 3770 6831 3772 6831 3772 6832 3697 6832 3700 6832 3773 6833 3772 6833 3774 6833 3774 6834 3700 6834 3699 6834 3775 6835 3774 6835 3776 6835 3776 6836 3699 6836 3702 6836 3777 6837 3776 6837 3778 6837 3778 6838 3702 6838 3701 6838 3779 6839 3778 6839 3780 6839 3780 6840 3701 6840 3704 6840 3781 6841 3780 6841 3782 6841 3782 6842 3704 6842 3703 6842 3783 6843 3782 6843 3784 6843 3784 6844 3703 6844 3706 6844 3785 6845 3784 6845 3786 6845 3786 6846 3706 6846 3705 6846 3787 6847 3786 6847 3788 6847 3788 6848 3705 6848 3708 6848 3789 6849 3788 6849 3790 6849 3790 6850 3708 6850 3707 6850 3791 6851 3790 6851 3792 6851 3792 6852 3707 6852 3710 6852 3793 6853 3792 6853 3794 6853 3794 6854 3710 6854 3709 6854 3795 6855 3794 6855 3796 6855 3796 6856 3709 6856 3712 6856 3797 6857 3796 6857 3798 6857 3798 6858 3712 6858 3711 6858 3799 6859 3798 6859 3800 6859 3800 6860 3711 6860 3714 6860 3801 6861 3800 6861 3802 6861 3802 6862 3714 6862 3713 6862 3803 6863 3802 6863 3804 6863 3804 6864 3713 6864 3716 6864 3805 6865 3804 6865 3806 6865 3806 6866 3716 6866 3715 6866 3807 6867 3806 6867 3808 6867 3808 6868 3715 6868 3718 6868 3809 6869 3808 6869 3810 6869 3810 6870 3718 6870 3717 6870 3811 6871 3810 6871 3812 6871 3812 6872 3717 6872 3720 6872 3813 6873 3812 6873 3814 6873 3814 6874 3720 6874 3719 6874 3815 6875 3814 6875 3816 6875 3816 6876 3719 6876 3722 6876 3817 6877 3816 6877 3818 6877 3818 6878 3722 6878 3721 6878 3819 6879 3818 6879 3820 6879 3820 6880 3721 6880 3723 6880 3821 6881 3820 6881 3822 6881 3822 6882 3723 6882 3676 6882 3823 6883 3822 6883 3724 6883 3724 6884 3725 6884 3823 6884 3676 6885 3724 6885 3822 6885 3822 6886 3823 6886 3821 6886 3723 6887 3822 6887 3820 6887 3820 6888 3821 6888 3819 6888 3721 6889 3820 6889 3818 6889 3818 6890 3819 6890 3817 6890 3722 6891 3818 6891 3816 6891 3816 6892 3817 6892 3815 6892 3719 6893 3816 6893 3814 6893 3814 6894 3815 6894 3813 6894 3720 6895 3814 6895 3812 6895 3812 6896 3813 6896 3811 6896 3717 6897 3812 6897 3810 6897 3810 6898 3811 6898 3809 6898 3718 6899 3810 6899 3808 6899 3808 6900 3809 6900 3807 6900 3715 6901 3808 6901 3806 6901 3806 6902 3807 6902 3805 6902 3716 6903 3806 6903 3804 6903 3804 6904 3805 6904 3803 6904 3713 6905 3804 6905 3802 6905 3802 6906 3803 6906 3801 6906 3714 6907 3802 6907 3800 6907 3800 6908 3801 6908 3799 6908 3711 6909 3800 6909 3798 6909 3798 6910 3799 6910 3797 6910 3712 6911 3798 6911 3796 6911 3796 6912 3797 6912 3795 6912 3709 6913 3796 6913 3794 6913 3794 6914 3795 6914 3793 6914 3710 6915 3794 6915 3792 6915 3792 6916 3793 6916 3791 6916 3707 6917 3792 6917 3790 6917 3790 6918 3791 6918 3789 6918 3708 6919 3790 6919 3788 6919 3788 6920 3789 6920 3787 6920 3705 6921 3788 6921 3786 6921 3786 6922 3787 6922 3785 6922 3706 6923 3786 6923 3784 6923 3784 6924 3785 6924 3783 6924 3703 6925 3784 6925 3782 6925 3782 6926 3783 6926 3781 6926 3704 6927 3782 6927 3780 6927 3780 6928 3781 6928 3779 6928 3701 6929 3780 6929 3778 6929 3778 6930 3779 6930 3777 6930 3702 6931 3778 6931 3776 6931 3776 6932 3777 6932 3775 6932 3699 6933 3776 6933 3774 6933 3774 6934 3775 6934 3773 6934 3700 6935 3774 6935 3772 6935 3772 6936 3773 6936 3771 6936 3697 6937 3772 6937 3770 6937 3770 6938 3771 6938 3769 6938 3698 6939 3770 6939 3768 6939 3768 6940 3769 6940 3767 6940 3695 6941 3768 6941 3766 6941 3766 6942 3767 6942 3765 6942 3696 6943 3766 6943 3764 6943 3764 6944 3765 6944 3763 6944 3693 6945 3764 6945 3762 6945 3762 6946 3763 6946 3761 6946 3694 6947 3762 6947 3760 6947 3760 6948 3761 6948 3759 6948 3691 6949 3760 6949 3758 6949 3758 6950 3759 6950 3757 6950 3692 6951 3758 6951 3756 6951 3756 6952 3757 6952 3755 6952 3689 6953 3756 6953 3754 6953 3754 6954 3755 6954 3753 6954 3690 6955 3754 6955 3752 6955 3752 6956 3753 6956 3751 6956 3687 6957 3752 6957 3750 6957 3750 6958 3751 6958 3749 6958 3688 6959 3750 6959 3748 6959 3748 6960 3749 6960 3747 6960 3685 6961 3748 6961 3746 6961 3746 6962 3747 6962 3745 6962 3686 6963 3746 6963 3744 6963 3744 6964 3745 6964 3743 6964 3683 6965 3744 6965 3742 6965 3742 6966 3743 6966 3741 6966 3684 6967 3742 6967 3740 6967 3740 6968 3741 6968 3739 6968 3681 6969 3740 6969 3738 6969 3738 6970 3739 6970 3737 6970 3682 6971 3738 6971 3736 6971 3736 6972 3737 6972 3735 6972 3679 6973 3736 6973 3734 6973 3734 6974 3735 6974 3733 6974 3680 6975 3734 6975 3732 6975 3732 6976 3733 6976 3731 6976 3677 6977 3732 6977 3730 6977 3730 6978 3731 6978 3729 6978 3678 6979 3730 6979 3728 6979 3728 6980 3729 6980 3727 6980 3674 6981 3728 6981 3726 6981 3726 6982 3727 6982 3725 6982 3675 6983 3726 6983 3724 6983 3824 1327 3825 1327 3735 1327 3826 1327 3757 1327 3759 1327 3827 6984 3828 6984 3729 6984 3825 1327 3733 1327 3735 1327 3824 6985 3737 6985 3739 6985 3829 1327 3830 1327 3741 1327 3831 1327 3832 1327 3747 1327 3751 6986 3833 6986 3834 6986 3759 1327 3835 1327 3826 1327 3836 1327 3835 1327 3761 1327 3836 1327 3763 1327 3765 1327 3837 1327 3769 1327 3771 1327 3838 1327 3839 1327 3785 1327 3828 6987 3727 6987 3729 6987 3827 6988 3731 6988 3733 6988 3739 1327 3830 1327 3824 1327 3830 1327 3739 1327 3741 1327 3832 1327 3745 1327 3747 1327 3834 6989 3749 6989 3751 6989 3833 1327 3751 1327 3753 1327 3761 1327 3763 1327 3836 1327 3765 1327 3840 1327 3836 1327 3771 1327 3841 1327 3837 1327 3842 6990 3841 6990 3773 6990 3843 6991 3844 6991 3779 6991 3843 6992 3781 6992 3783 6992 3839 1327 3783 1327 3785 1327 3845 1327 3725 1327 3727 1327 3733 1327 3825 1327 3827 1327 3741 6993 3743 6993 3829 6993 3829 1327 3743 1327 3745 1327 3834 1327 3831 1327 3749 1327 3753 1327 3846 1327 3833 1327 3765 1327 3767 1327 3840 1327 3837 6994 3840 6994 3767 6994 3773 6995 3775 6995 3842 6995 3842 1327 3775 1327 3777 1327 3844 6996 3777 6996 3779 6996 3785 6997 3787 6997 3838 6997 3847 1327 3801 1327 3803 1327 3848 1327 3807 1327 3809 1327 3849 1327 3819 1327 3821 1327 3729 6998 3731 6998 3827 6998 3745 1327 3832 1327 3829 1327 3753 1327 3755 1327 3846 1327 3826 1327 3846 1327 3755 1327 3767 1327 3769 1327 3837 1327 3777 1327 3844 1327 3842 1327 3783 1327 3839 1327 3843 1327 3838 6999 3787 6999 3789 6999 3850 1327 3851 1327 3797 1327 3850 7000 3799 7000 3801 7000 3803 1327 3852 1327 3847 1327 3848 1327 3852 1327 3805 1327 3809 1327 3853 1327 3848 1327 3821 1327 3854 1327 3849 1327 3845 7001 3854 7001 3823 7001 3735 7002 3737 7002 3824 7002 3755 1327 3757 1327 3826 1327 3771 7003 3773 7003 3841 7003 3789 1327 3855 1327 3838 1327 3856 1327 3855 1327 3791 1327 3851 1327 3795 1327 3797 1327 3803 1327 3805 1327 3852 1327 3809 1327 3811 1327 3853 1327 3857 1327 3853 1327 3811 1327 3857 1327 3813 1327 3815 1327 3849 7004 3858 7004 3817 7004 3823 7005 3725 7005 3845 7005 3747 1327 3749 1327 3831 1327 3779 7006 3781 7006 3843 7006 3855 1327 3789 1327 3791 1327 3856 1327 3793 1327 3795 1327 3801 7007 3847 7007 3850 7007 3811 1327 3813 1327 3857 1327 3815 1327 3858 1327 3857 1327 3821 7008 3823 7008 3854 7008 3759 1327 3761 1327 3835 1327 3795 1327 3851 1327 3856 1327 3805 1327 3807 1327 3848 1327 3817 1327 3819 1327 3849 1327 3791 7009 3793 7009 3856 7009 3815 1327 3817 1327 3858 1327 3797 1327 3799 1327 3850 1327 3727 1327 3828 1327 3845 1327 3859 7010 3860 7010 3861 7010 3862 7011 3863 7011 3860 7011 3860 7012 3864 7012 3862 7012 3864 7013 3865 7013 3862 7013 3866 7014 3867 7014 3865 7014 3868 7015 3869 7015 3866 7015 3866 7016 3870 7016 3868 7016 3865 7017 3870 7017 3866 7017 3869 7018 3871 7018 3872 7018 3869 7019 3868 7019 3871 7019 3872 7020 3873 7020 3874 7020 3873 7021 3875 7021 3876 7021 3873 7022 3872 7022 3875 7022 3877 7023 3878 7023 3879 7023 3877 7024 3570 7024 3878 7024 3877 7025 3571 7025 3570 7025 3877 7026 2899 7026 3572 7026 2899 7027 2888 7027 2887 7027 2887 7028 3572 7028 2899 7028 3572 7029 3571 7029 3877 7029 2899 7030 3877 7030 3060 7030 3877 7031 3134 7031 3060 7031 3134 7032 3880 7032 3881 7032 3134 7033 3882 7033 3880 7033 3134 7034 3877 7034 3882 7034 3881 7035 3131 7035 3134 7035 3135 7036 3349 7036 3285 7036 3135 7037 3881 7037 3349 7037 3285 7038 3186 7038 3135 7038 3881 7039 3352 7039 3349 7039 3883 7040 3884 7040 3353 7040 3352 7041 3885 7041 3883 7041 3352 7042 3881 7042 3885 7042 3353 7043 3352 7043 3883 7043 3429 7044 3357 7044 3886 7044 3887 7045 3430 7045 3429 7045 3884 7046 3886 7046 3357 7046 3357 7047 3353 7047 3884 7047 3888 7048 3424 7048 3427 7048 3888 7049 3425 7049 3424 7049 3427 7050 3887 7050 3888 7050 3888 7051 3889 7051 3420 7051 3420 7052 3422 7052 3888 7052 3889 7053 3419 7053 3420 7053 3889 7054 3890 7054 3415 7054 3415 7055 3417 7055 3889 7055 3890 7056 3413 7056 3415 7056 3348 7057 3413 7057 3890 7057 3344 7058 3348 7058 3891 7058 3891 7059 3892 7059 3344 7059 3892 7060 3893 7060 3344 7060 3283 7061 3894 7061 3895 7061 3894 7062 3283 7062 3344 7062 3344 7063 3893 7063 3894 7063 3058 7064 3130 7064 3183 7064 3183 7065 3283 7065 3058 7065 3896 7066 3054 7066 3058 7066 3283 7067 3896 7067 3058 7067 2890 7068 2905 7068 2919 7068 3054 7069 3896 7069 3569 7069 3569 7070 2890 7070 3054 7070 2905 7071 2907 7071 2919 7071 3896 7072 3897 7072 3573 7072 3573 7073 3569 7073 3896 7073 3897 7074 3859 7074 3573 7074 2919 7075 3054 7075 2890 7075 3895 7076 3896 7076 3283 7076 3890 7077 3891 7077 3348 7077 3417 7078 3419 7078 3889 7078 3422 7079 3425 7079 3888 7079 3427 7080 3430 7080 3887 7080 3886 7081 3887 7081 3429 7081 3135 7082 3131 7082 3881 7082 3060 7083 2900 7083 2899 7083 3879 7084 3876 7084 3877 7084 3876 7085 3879 7085 3873 7085 3872 7086 3874 7086 3869 7086 3867 7087 3862 7087 3865 7087 3863 7088 3861 7088 3860 7088 3861 7089 3573 7089 3859 7089 2878 7090 2905 7090 2890 7090 3845 7091 3828 7091 3898 7091 3828 7092 3827 7092 3899 7092 3827 7093 3825 7093 3900 7093 3825 7094 3824 7094 3901 7094 3824 7095 3830 7095 3902 7095 3830 7096 3829 7096 3903 7096 3829 7097 3832 7097 3904 7097 3832 7098 3831 7098 3905 7098 3833 7099 3846 7099 3906 7099 3846 7100 3826 7100 3907 7100 3826 7101 3835 7101 3908 7101 3835 7102 3836 7102 3909 7102 3836 7103 3840 7103 3910 7103 3840 7104 3837 7104 3911 7104 3837 7105 3841 7105 3912 7105 3841 7106 3842 7106 3913 7106 3842 7107 3844 7107 3914 7107 3844 7108 3843 7108 3915 7108 3843 7109 3839 7109 3916 7109 3839 7110 3838 7110 3917 7110 3838 7111 3855 7111 3918 7111 3855 7112 3856 7112 3919 7112 3856 7113 3851 7113 3920 7113 3851 7114 3850 7114 3921 7114 3850 7115 3847 7115 3922 7115 3847 7116 3852 7116 3923 7116 3852 7117 3848 7117 3924 7117 3848 7118 3853 7118 3925 7118 3853 7119 3857 7119 3926 7119 3857 7120 3858 7120 3927 7120 3858 7121 3849 7121 3928 7121 3849 7122 3854 7122 3929 7122 3854 7123 3845 7123 3930 7123 3930 7124 3898 7124 3931 7124 3898 7125 3899 7125 3932 7125 3899 7126 3900 7126 3933 7126 3900 7127 3901 7127 3934 7127 3901 7128 3902 7128 3935 7128 3902 7129 3903 7129 3936 7129 3903 7130 3904 7130 3937 7130 3904 7131 3905 7131 3938 7131 3939 7132 3906 7132 3940 7132 3906 7133 3907 7133 3941 7133 3907 7134 3908 7134 3942 7134 3908 7135 3909 7135 3943 7135 3909 7136 3910 7136 3944 7136 3910 7137 3911 7137 3945 7137 3911 7138 3912 7138 3946 7138 3912 7139 3913 7139 3947 7139 3913 7140 3914 7140 3948 7140 3914 7141 3915 7141 3949 7141 3915 7142 3916 7142 3950 7142 3916 7143 3917 7143 3951 7143 3917 7144 3918 7144 3952 7144 3918 7145 3919 7145 3953 7145 3919 7146 3920 7146 3954 7146 3920 7147 3921 7147 3955 7147 3921 7148 3922 7148 3956 7148 3922 7149 3923 7149 3957 7149 3923 7150 3924 7150 3958 7150 3924 7151 3925 7151 3959 7151 3925 7152 3926 7152 3960 7152 3926 7153 3927 7153 3961 7153 3927 7154 3928 7154 3962 7154 3928 7155 3929 7155 3963 7155 3929 7156 3930 7156 3964 7156 3964 7157 3931 7157 3965 7157 3931 7158 3932 7158 3966 7158 3932 7159 3933 7159 3967 7159 3933 7160 3934 7160 3968 7160 3934 7161 3935 7161 3969 7161 3935 7162 3936 7162 3970 7162 3936 7163 3937 7163 3971 7163 3938 7164 3972 7164 3973 7164 3973 7165 3937 7165 3938 7165 3974 7166 3940 7166 3975 7166 3940 7167 3941 7167 3976 7167 3942 7168 3977 7168 3978 7168 3978 7169 3941 7169 3942 7169 3942 7170 3943 7170 3979 7170 3943 7171 3944 7171 3980 7171 3945 7172 3981 7172 3982 7172 3982 7173 3944 7173 3945 7173 3946 7174 3983 7174 3984 7174 3984 7175 3945 7175 3946 7175 3947 7176 3985 7176 3986 7176 3986 7177 3946 7177 3947 7177 3947 7178 3948 7178 3987 7178 3948 7179 3988 7179 3987 7179 3948 7180 3949 7180 3989 7180 3949 7181 3990 7181 3989 7181 3949 7182 3950 7182 3991 7182 3950 7183 3992 7183 3991 7183 3950 7184 3951 7184 3993 7184 3951 7185 3952 7185 3994 7185 3952 7186 3953 7186 3995 7186 3953 7187 3996 7187 3995 7187 3953 7188 3954 7188 3997 7188 3954 7189 3955 7189 3998 7189 3955 7190 3956 7190 3999 7190 3956 7191 3957 7191 4000 7191 3957 7192 3958 7192 4001 7192 3958 7193 3959 7193 4002 7193 3959 7194 3960 7194 4003 7194 3960 7195 3961 7195 4004 7195 3961 7196 3962 7196 4005 7196 3962 7197 3963 7197 4006 7197 3963 7198 3964 7198 4007 7198 4008 7199 3897 7199 3896 7199 3896 7200 3974 7200 4008 7200 3974 7201 3895 7201 3894 7201 3894 7202 3939 7202 3974 7202 3894 7203 3893 7203 3939 7203 3831 7204 3884 7204 3883 7204 3831 7205 3886 7205 3884 7205 3831 7206 3887 7206 3886 7206 3831 7207 3834 7207 3888 7207 3888 7208 3887 7208 3831 7208 3834 7209 3833 7209 3889 7209 3889 7210 3888 7210 3834 7210 3833 7211 3939 7211 3892 7211 3892 7212 3891 7212 3833 7212 3891 7213 3890 7213 3833 7213 3890 7214 3889 7214 3833 7214 3938 7215 3905 7215 3881 7215 3905 7216 3885 7216 3881 7216 3905 7217 3883 7217 3885 7217 3972 7218 3938 7218 3882 7218 3938 7219 3880 7219 3882 7219 3882 7220 3877 7220 3972 7220 3881 7221 3880 7221 3938 7221 3883 7222 3905 7222 3831 7222 3893 7223 3892 7223 3939 7223 3896 7224 3895 7224 3974 7224 4007 7225 4006 7225 3963 7225 4006 7226 4005 7226 3962 7226 4005 7227 4004 7227 3961 7227 4004 7228 4003 7228 3960 7228 4003 7229 4002 7229 3959 7229 4002 7230 4001 7230 3958 7230 4001 7231 4000 7231 3957 7231 4000 7232 3999 7232 3956 7232 3999 7233 3998 7233 3955 7233 3998 7234 3997 7234 3954 7234 3997 7235 3996 7235 3953 7235 3995 7236 3994 7236 3952 7236 3994 7237 3993 7237 3951 7237 3993 7238 3992 7238 3950 7238 3991 7239 3990 7239 3949 7239 3989 7240 3988 7240 3948 7240 3987 7241 3985 7241 3947 7241 3986 7242 3983 7242 3946 7242 3984 7243 3981 7243 3945 7243 3982 7244 3980 7244 3944 7244 3980 7245 3979 7245 3943 7245 3979 7246 3977 7246 3942 7246 3978 7247 3976 7247 3941 7247 3976 7248 3975 7248 3940 7248 3975 7249 4008 7249 3974 7249 3973 7250 3971 7250 3937 7250 3971 7251 3970 7251 3936 7251 3970 7252 3969 7252 3935 7252 3969 7253 3968 7253 3934 7253 3968 7254 3967 7254 3933 7254 3967 7255 3966 7255 3932 7255 3966 7256 3965 7256 3931 7256 3965 7257 4007 7257 3964 7257 3964 7258 3963 7258 3929 7258 3963 7259 3962 7259 3928 7259 3962 7260 3961 7260 3927 7260 3961 7261 3960 7261 3926 7261 3960 7262 3959 7262 3925 7262 3959 7263 3958 7263 3924 7263 3958 7264 3957 7264 3923 7264 3957 7265 3956 7265 3922 7265 3956 7266 3955 7266 3921 7266 3955 7267 3954 7267 3920 7267 3954 7268 3953 7268 3919 7268 3953 7269 3952 7269 3918 7269 3952 7270 3951 7270 3917 7270 3951 7271 3950 7271 3916 7271 3950 7272 3949 7272 3915 7272 3949 7273 3948 7273 3914 7273 3948 7274 3947 7274 3913 7274 3947 7275 3946 7275 3912 7275 3946 7276 3945 7276 3911 7276 3945 7277 3944 7277 3910 7277 3944 7278 3943 7278 3909 7278 3943 7279 3942 7279 3908 7279 3942 7280 3941 7280 3907 7280 3941 7281 3940 7281 3906 7281 3940 7282 3974 7282 3939 7282 3938 7283 3937 7283 3904 7283 3937 7284 3936 7284 3903 7284 3936 7285 3935 7285 3902 7285 3935 7286 3934 7286 3901 7286 3934 7287 3933 7287 3900 7287 3933 7288 3932 7288 3899 7288 3932 7289 3931 7289 3898 7289 3931 7290 3964 7290 3930 7290 3930 7291 3929 7291 3854 7291 3929 7292 3928 7292 3849 7292 3928 7293 3927 7293 3858 7293 3927 7294 3926 7294 3857 7294 3926 7295 3925 7295 3853 7295 3925 7296 3924 7296 3848 7296 3924 7297 3923 7297 3852 7297 3923 7298 3922 7298 3847 7298 3922 7299 3921 7299 3850 7299 3921 7300 3920 7300 3851 7300 3920 7301 3919 7301 3856 7301 3919 7302 3918 7302 3855 7302 3918 7303 3917 7303 3838 7303 3917 7304 3916 7304 3839 7304 3916 7305 3915 7305 3843 7305 3915 7306 3914 7306 3844 7306 3914 7307 3913 7307 3842 7307 3913 7308 3912 7308 3841 7308 3912 7309 3911 7309 3837 7309 3911 7310 3910 7310 3840 7310 3910 7311 3909 7311 3836 7311 3909 7312 3908 7312 3835 7312 3908 7313 3907 7313 3826 7313 3907 7314 3906 7314 3846 7314 3906 7315 3939 7315 3833 7315 3905 7316 3904 7316 3832 7316 3904 7317 3903 7317 3829 7317 3903 7318 3902 7318 3830 7318 3902 7319 3901 7319 3824 7319 3901 7320 3900 7320 3825 7320 3900 7321 3899 7321 3827 7321 3899 7322 3898 7322 3828 7322 3898 7323 3930 7323 3845 7323 3483 7324 3486 7324 4009 7324 3486 7325 4010 7325 4009 7325 3486 7326 3488 7326 4011 7326 3488 7327 4012 7327 4013 7327 4013 7328 4014 7328 3488 7328 4014 7329 4015 7329 3488 7329 4015 7330 4011 7330 3488 7330 4011 7331 4010 7331 3486 7331 3878 7332 3484 7332 4016 7332 4016 7333 4017 7333 3878 7333 4017 7334 4018 7334 3878 7334 3483 7335 4019 7335 4020 7335 4020 7336 3484 7336 3483 7336 4020 7337 4021 7337 3484 7337 4021 7338 4016 7338 3484 7338 4018 7339 3873 7339 3879 7339 4018 7340 3874 7340 3873 7340 4018 7341 3869 7341 3874 7341 4018 7342 4022 7342 3866 7342 4022 7343 3867 7343 3866 7343 4022 7344 3862 7344 3867 7344 3863 7345 3862 7345 4022 7345 3573 7346 3861 7346 4023 7346 4023 7347 4024 7347 3573 7347 4024 7348 3568 7348 3573 7348 3861 7349 3863 7349 4023 7349 4022 7350 4023 7350 3863 7350 3866 7351 3869 7351 4018 7351 4025 7352 3564 7352 3566 7352 3566 7353 4026 7353 4025 7353 3568 7354 4027 7354 4026 7354 3568 7355 4024 7355 4027 7355 3562 7356 4028 7356 4029 7356 3562 7357 4030 7357 4031 7357 3562 7358 4032 7358 4030 7358 3562 7359 4033 7359 4032 7359 4031 7360 4028 7360 3562 7360 3562 7361 4034 7361 4033 7361 3564 7362 4035 7362 4034 7362 4034 7363 3562 7363 3564 7363 3564 7364 4025 7364 4035 7364 4036 7365 3556 7365 3558 7365 3558 7366 4037 7366 4036 7366 3560 7367 4038 7367 4037 7367 3560 7368 4029 7368 4038 7368 3552 7369 4039 7369 4040 7369 3552 7370 4041 7370 4039 7370 3554 7371 4042 7371 4041 7371 4041 7372 3552 7372 3554 7372 3554 7373 4043 7373 4042 7373 3556 7374 4036 7374 4044 7374 4044 7375 3554 7375 3556 7375 4044 7376 4043 7376 3554 7376 4045 7377 3548 7377 3550 7377 3550 7378 3552 7378 4046 7378 4046 7379 4047 7379 3550 7379 3552 7380 4048 7380 4049 7380 4049 7381 4050 7381 3552 7381 4050 7382 4051 7382 3552 7382 4051 7383 4052 7383 3552 7383 4052 7384 4046 7384 3552 7384 3544 7385 4053 7385 4054 7385 3544 7386 4055 7386 4053 7386 3544 7387 4056 7387 4055 7387 3544 7388 4057 7388 4056 7388 3546 7389 4058 7389 4057 7389 4045 7390 4058 7390 3546 7390 3546 7391 3548 7391 4045 7391 4057 7392 3544 7392 3546 7392 3540 7393 3542 7393 4059 7393 3542 7394 4060 7394 4059 7394 3542 7395 3544 7395 4061 7395 3544 7396 4062 7396 4063 7396 4063 7397 4064 7397 3544 7397 4064 7398 4061 7398 3544 7398 4061 7399 4065 7399 3542 7399 4065 7400 4060 7400 3542 7400 3536 7401 4066 7401 4067 7401 4068 7402 4069 7402 3538 7402 4069 7403 3536 7403 3538 7403 3538 7404 3540 7404 4068 7404 4069 7405 4066 7405 3536 7405 3532 7406 3534 7406 4070 7406 4070 7407 4071 7407 3532 7407 3534 7408 4072 7408 4073 7408 3534 7409 4074 7409 4072 7409 4073 7410 4075 7410 3534 7410 3534 7411 3536 7411 4076 7411 4076 7412 4074 7412 3534 7412 4075 7413 4077 7413 3534 7413 4077 7414 4070 7414 3534 7414 4078 7415 3528 7415 3530 7415 3530 7416 4079 7416 4078 7416 3532 7417 4080 7417 4079 7417 3524 7418 4081 7418 4082 7418 4081 7419 3524 7419 3526 7419 3526 7420 4083 7420 4081 7420 3526 7421 4084 7421 4083 7421 3526 7422 4085 7422 4084 7422 3526 7423 3528 7423 4086 7423 3528 7424 4078 7424 4086 7424 4086 7425 4085 7425 3526 7425 4087 7426 3520 7426 3522 7426 3524 7427 4088 7427 4089 7427 4089 7428 3522 7428 3524 7428 4090 7429 4091 7429 4092 7429 4092 7430 3524 7430 4090 7430 4092 7431 4093 7431 3524 7431 4093 7432 4094 7432 3524 7432 4094 7433 4088 7433 3524 7433 3516 7434 4095 7434 4096 7434 3516 7435 4097 7435 4095 7435 3516 7436 4098 7436 4097 7436 3518 7437 4099 7437 4098 7437 4098 7438 3516 7438 3518 7438 3520 7439 4087 7439 4100 7439 4100 7440 3518 7440 3520 7440 4100 7441 4099 7441 3518 7441 3512 7442 3514 7442 4101 7442 3514 7443 4102 7443 4101 7443 3516 7444 4103 7444 4104 7444 3516 7445 4105 7445 4106 7445 4106 7446 4107 7446 3516 7446 4107 7447 4103 7447 3516 7447 4104 7448 3514 7448 3516 7448 4104 7449 4102 7449 3514 7449 3508 7450 4108 7450 4109 7450 3508 7451 4110 7451 4108 7451 3508 7452 4111 7452 4110 7452 4112 7453 4113 7453 3510 7453 4113 7454 3508 7454 3510 7454 3510 7455 3512 7455 4112 7455 4113 7456 4111 7456 3508 7456 3504 7457 3506 7457 4114 7457 4114 7458 4115 7458 3504 7458 4116 7459 4117 7459 3506 7459 3508 7460 4118 7460 4119 7460 4119 7461 4116 7461 3508 7461 3506 7462 3508 7462 4116 7462 4117 7463 4120 7463 3506 7463 4120 7464 4114 7464 3506 7464 3500 7465 3502 7465 4121 7465 3502 7466 3504 7466 4122 7466 4122 7467 4121 7467 3502 7467 3496 7468 4123 7468 4124 7468 4123 7469 3496 7469 3498 7469 3498 7470 4125 7470 4123 7470 3498 7471 4126 7471 4125 7471 3498 7472 4127 7472 4126 7472 3500 7473 4128 7473 4127 7473 3500 7474 4129 7474 4128 7474 4127 7475 3498 7475 3500 7475 4130 7476 3492 7476 3494 7476 3494 7477 4131 7477 4130 7477 3496 7478 4132 7478 4131 7478 3496 7479 4133 7479 4134 7479 4134 7480 4135 7480 3496 7480 4135 7481 4136 7481 3496 7481 4136 7482 4132 7482 3496 7482 3488 7483 4137 7483 4138 7483 3488 7484 4139 7484 4137 7484 3488 7485 3490 7485 4140 7485 4140 7486 4139 7486 3488 7486 3490 7487 4141 7487 4140 7487 3492 7488 4130 7488 4142 7488 4142 7489 3490 7489 3492 7489 4142 7490 4141 7490 3490 7490 4138 7491 4012 7491 3488 7491 3494 7492 3496 7492 4131 7492 4124 7493 4133 7493 3496 7493 4121 7494 4129 7494 3500 7494 4115 7495 4122 7495 3504 7495 4109 7496 4118 7496 3508 7496 4101 7497 4112 7497 3512 7497 4096 7498 4105 7498 3516 7498 3522 7499 4089 7499 4087 7499 4082 7500 4090 7500 3524 7500 3530 7501 3532 7501 4079 7501 4071 7502 4080 7502 3532 7502 4067 7503 4076 7503 3536 7503 4059 7504 4068 7504 3540 7504 4054 7505 4062 7505 3544 7505 3550 7506 4047 7506 4045 7506 4040 7507 4048 7507 3552 7507 3558 7508 3560 7508 4037 7508 4029 7509 3560 7509 3562 7509 3566 7510 3568 7510 4026 7510 3879 7511 3878 7511 4018 7511 3878 7512 3570 7512 3484 7512 4009 7513 4019 7513 3483 7513 4045 7514 4047 7514 4143 7514 4058 7515 4045 7515 4144 7515 4144 7516 4145 7516 4058 7516 4143 7517 4144 7517 4045 7517 4037 7518 4146 7518 4147 7518 4148 7519 4044 7519 4036 7519 4036 7520 4147 7520 4148 7520 4147 7521 4036 7521 4037 7521 4131 7522 4149 7522 4150 7522 4151 7523 4142 7523 4130 7523 4130 7524 4150 7524 4151 7524 4150 7525 4130 7525 4131 7525 4152 7526 4121 7526 4122 7526 4122 7527 4153 7527 4152 7527 4152 7528 4154 7528 4129 7528 4154 7529 4128 7529 4129 7529 4129 7530 4121 7530 4152 7530 4122 7531 4115 7531 4153 7531 4155 7532 4156 7532 4112 7532 4113 7533 4112 7533 4156 7533 4156 7534 4157 7534 4113 7534 4112 7535 4101 7535 4155 7535 4089 7536 4158 7536 4159 7536 4160 7537 4100 7537 4087 7537 4087 7538 4159 7538 4160 7538 4159 7539 4087 7539 4089 7539 4079 7540 4161 7540 4162 7540 4163 7541 4086 7541 4078 7541 4078 7542 4162 7542 4163 7542 4162 7543 4078 7543 4079 7543 4164 7544 4165 7544 4068 7544 4069 7545 4068 7545 4165 7545 4165 7546 4166 7546 4069 7546 4068 7547 4059 7547 4164 7547 4025 7548 4026 7548 4167 7548 4167 7549 4168 7549 4025 7549 4169 7550 4170 7550 4019 7550 4170 7551 4020 7551 4019 7551 4019 7552 4009 7552 4169 7552 4171 7553 4172 7553 4173 7553 4174 7554 4175 7554 4176 7554 4177 7555 4178 7555 4175 7555 4175 7556 4054 7556 4177 7556 4054 7557 4053 7557 4177 7557 4179 7558 4180 7558 4053 7558 4053 7559 4055 7559 4179 7559 4055 7560 4056 7560 4179 7560 4145 7561 4181 7561 4056 7561 4056 7562 4057 7562 4145 7562 4057 7563 4058 7563 4145 7563 4181 7564 4179 7564 4056 7564 4180 7565 4177 7565 4053 7565 4178 7566 4176 7566 4175 7566 4176 7567 4171 7567 4174 7567 4173 7568 4174 7568 4171 7568 4182 7569 4183 7569 4172 7569 4182 7570 4171 7570 4176 7570 4176 7571 4184 7571 4182 7571 4184 7572 4178 7572 4177 7572 4177 7573 4185 7573 4184 7573 4186 7574 4185 7574 4180 7574 4187 7575 4186 7575 4179 7575 4188 7576 4187 7576 4181 7576 4181 7577 4145 7577 4188 7577 4179 7578 4181 7578 4187 7578 4180 7579 4179 7579 4186 7579 4177 7580 4180 7580 4185 7580 4176 7581 4178 7581 4184 7581 4172 7582 4171 7582 4182 7582 4189 7583 4190 7583 4191 7583 4192 7584 4191 7584 4172 7584 4172 7585 4183 7585 4192 7585 4191 7586 4192 7586 4189 7586 4145 7587 4144 7587 4193 7587 4143 7588 4194 7588 4195 7588 4195 7589 4193 7589 4144 7589 4195 7590 4144 7590 4143 7590 4193 7591 4188 7591 4145 7591 4143 7592 4046 7592 4052 7592 4143 7593 4047 7593 4046 7593 4052 7594 4196 7594 4197 7594 4196 7595 4051 7595 4050 7595 4196 7596 4052 7596 4051 7596 4050 7597 4198 7597 4199 7597 4198 7598 4049 7598 4200 7598 4198 7599 4050 7599 4049 7599 4200 7600 4201 7600 4202 7600 4203 7601 4204 7601 4201 7601 4204 7602 4203 7602 4205 7602 4205 7603 4206 7603 4204 7603 4201 7604 4200 7604 4203 7604 4200 7605 4202 7605 4198 7605 4050 7606 4199 7606 4196 7606 4052 7607 4197 7607 4143 7607 4194 7608 4143 7608 4197 7608 4207 7609 4197 7609 4196 7609 4208 7610 4196 7610 4199 7610 4209 7611 4210 7611 4198 7611 4210 7612 4199 7612 4198 7612 4211 7613 4209 7613 4201 7613 4209 7614 4202 7614 4201 7614 4211 7615 4204 7615 4206 7615 4206 7616 4212 7616 4211 7616 4201 7617 4204 7617 4211 7617 4198 7618 4202 7618 4209 7618 4199 7619 4210 7619 4208 7619 4196 7620 4208 7620 4207 7620 4197 7621 4207 7621 4194 7621 4213 7622 4212 7622 4206 7622 4214 7623 4213 7623 4215 7623 4215 7624 4216 7624 4214 7624 4206 7625 4215 7625 4213 7625 4217 7626 4218 7626 4219 7626 4219 7627 4218 7627 4220 7627 4220 7628 4221 7628 4219 7628 4220 7629 4222 7629 4221 7629 4223 7630 4224 7630 4225 7630 4226 7631 4225 7631 4224 7631 4224 7632 4217 7632 4226 7632 4048 7633 4040 7633 4227 7633 4203 7634 4200 7634 4048 7634 4227 7635 4203 7635 4048 7635 4203 7636 4228 7636 4229 7636 4229 7637 4223 7637 4230 7637 4230 7638 4205 7638 4229 7638 4203 7639 4227 7639 4228 7639 4229 7640 4205 7640 4203 7640 4200 7641 4049 7641 4048 7641 4225 7642 4230 7642 4223 7642 4219 7643 4226 7643 4217 7643 4231 7644 4232 7644 4229 7644 4228 7645 4227 7645 4233 7645 4234 7646 4235 7646 4227 7646 4227 7647 4040 7647 4234 7647 4040 7648 4039 7648 4234 7648 4236 7649 4237 7649 4039 7649 4039 7650 4041 7650 4236 7650 4041 7651 4042 7651 4236 7651 4148 7652 4238 7652 4042 7652 4042 7653 4043 7653 4148 7653 4043 7654 4044 7654 4148 7654 4238 7655 4236 7655 4042 7655 4237 7656 4234 7656 4039 7656 4235 7657 4233 7657 4227 7657 4233 7658 4231 7658 4228 7658 4229 7659 4228 7659 4231 7659 4222 7660 4239 7660 4240 7660 4240 7661 4221 7661 4222 7661 4216 7662 4221 7662 4240 7662 4206 7663 4225 7663 4226 7663 4206 7664 4205 7664 4230 7664 4240 7665 4241 7665 4216 7665 4216 7666 4215 7666 4219 7666 4230 7667 4225 7667 4206 7667 4219 7668 4221 7668 4216 7668 4226 7669 4215 7669 4206 7669 4226 7670 4219 7670 4215 7670 4240 7671 4242 7671 4241 7671 4146 7672 4243 7672 4244 7672 4245 7673 4148 7673 4147 7673 4147 7674 4244 7674 4245 7674 4245 7675 4246 7675 4148 7675 4244 7676 4147 7676 4146 7676 4038 7677 4029 7677 4247 7677 4146 7678 4037 7678 4038 7678 4029 7679 4248 7679 4247 7679 4248 7680 4029 7680 4028 7680 4028 7681 4249 7681 4250 7681 4249 7682 4031 7682 4251 7682 4249 7683 4028 7683 4031 7683 4251 7684 4252 7684 4253 7684 4254 7685 4255 7685 4252 7685 4255 7686 4254 7686 4256 7686 4256 7687 4257 7687 4255 7687 4252 7688 4251 7688 4254 7688 4251 7689 4253 7689 4249 7689 4028 7690 4250 7690 4248 7690 4247 7691 4146 7691 4038 7691 4243 7692 4146 7692 4247 7692 4258 7693 4247 7693 4248 7693 4259 7694 4248 7694 4250 7694 4260 7695 4261 7695 4249 7695 4261 7696 4250 7696 4249 7696 4262 7697 4260 7697 4252 7697 4260 7698 4253 7698 4252 7698 4262 7699 4255 7699 4257 7699 4257 7700 4263 7700 4262 7700 4252 7701 4255 7701 4262 7701 4249 7702 4253 7702 4260 7702 4250 7703 4261 7703 4259 7703 4248 7704 4259 7704 4258 7704 4247 7705 4258 7705 4243 7705 4264 7706 4263 7706 4257 7706 4265 7707 4266 7707 4267 7707 4267 7708 4268 7708 4265 7708 4267 7709 4264 7709 4268 7709 4257 7710 4268 7710 4264 7710 4269 7711 4270 7711 4232 7711 4269 7712 4231 7712 4233 7712 4233 7713 4271 7713 4269 7713 4271 7714 4235 7714 4234 7714 4234 7715 4272 7715 4271 7715 4273 7716 4272 7716 4237 7716 4274 7717 4273 7717 4236 7717 4246 7718 4274 7718 4238 7718 4238 7719 4148 7719 4246 7719 4236 7720 4238 7720 4274 7720 4237 7721 4236 7721 4273 7721 4234 7722 4237 7722 4272 7722 4233 7723 4235 7723 4271 7723 4232 7724 4231 7724 4269 7724 4275 7725 4276 7725 4277 7725 4278 7726 4277 7726 4232 7726 4232 7727 4270 7727 4278 7727 4277 7728 4278 7728 4275 7728 4276 7729 4279 7729 4239 7729 4276 7730 4220 7730 4218 7730 4239 7731 4222 7731 4276 7731 4222 7732 4220 7732 4276 7732 4232 7733 4224 7733 4223 7733 4277 7734 4217 7734 4224 7734 4279 7735 4280 7735 4239 7735 4224 7736 4232 7736 4277 7736 4218 7737 4277 7737 4276 7737 4218 7738 4217 7738 4277 7738 4223 7739 4229 7739 4232 7739 4281 7740 4282 7740 4283 7740 4284 7741 4242 7741 4280 7741 4242 7742 4240 7742 4239 7742 4239 7743 4280 7743 4242 7743 4280 7744 4281 7744 4284 7744 4284 7745 4283 7745 4285 7745 4285 7746 4286 7746 4284 7746 4283 7747 4284 7747 4281 7747 4287 7748 4288 7748 4289 7748 4289 7749 4290 7749 4287 7749 4291 7750 4292 7750 4290 7750 4290 7751 4289 7751 4291 7751 4293 7752 4294 7752 4295 7752 4292 7753 4291 7753 4296 7753 4296 7754 4295 7754 4292 7754 4256 7755 4297 7755 4294 7755 4298 7756 4297 7756 4256 7756 4256 7757 4254 7757 4298 7757 4294 7758 4293 7758 4256 7758 4299 7759 4298 7759 4251 7759 4031 7760 4030 7760 4299 7760 4251 7761 4031 7761 4299 7761 4254 7762 4251 7762 4298 7762 4295 7763 4296 7763 4293 7763 4287 7764 4300 7764 4288 7764 4301 7765 4302 7765 4297 7765 4298 7766 4299 7766 4303 7766 4304 7767 4305 7767 4299 7767 4299 7768 4030 7768 4304 7768 4030 7769 4032 7769 4304 7769 4306 7770 4307 7770 4032 7770 4032 7771 4033 7771 4306 7771 4033 7772 4034 7772 4306 7772 4168 7773 4308 7773 4034 7773 4034 7774 4035 7774 4168 7774 4035 7775 4025 7775 4168 7775 4308 7776 4306 7776 4034 7776 4307 7777 4304 7777 4032 7777 4305 7778 4303 7778 4299 7778 4303 7779 4301 7779 4298 7779 4297 7780 4298 7780 4301 7780 4300 42 4309 42 4310 42 4310 42 4288 42 4300 42 4265 7781 4288 7781 4310 7781 4257 7782 4296 7782 4291 7782 4257 7783 4256 7783 4293 7783 4310 7784 4311 7784 4265 7784 4265 7785 4268 7785 4289 7785 4293 7786 4296 7786 4257 7786 4289 7787 4288 7787 4265 7787 4291 7788 4268 7788 4257 7788 4291 7789 4289 7789 4268 7789 4310 7790 4312 7790 4311 7790 4313 7791 4314 7791 4312 7791 4315 7792 4316 7792 4313 7792 4310 7793 4309 7793 4315 7793 4315 7794 4312 7794 4310 7794 4313 7795 4317 7795 4314 7795 4312 7796 4315 7796 4313 7796 4316 7797 4318 7797 4313 7797 4319 7798 4320 7798 4308 7798 4320 7799 4321 7799 4306 7799 4321 7800 4322 7800 4307 7800 4323 7801 4305 7801 4304 7801 4304 7802 4322 7802 4323 7802 4324 7803 4301 7803 4303 7803 4303 7804 4323 7804 4324 7804 4324 7805 4325 7805 4302 7805 4302 7806 4301 7806 4324 7806 4303 7807 4305 7807 4323 7807 4304 7808 4307 7808 4322 7808 4307 7809 4306 7809 4321 7809 4306 7810 4308 7810 4320 7810 4308 7811 4168 7811 4319 7811 4326 7812 4327 7812 4309 7812 4309 7813 4300 7813 4326 7813 4328 7814 4326 7814 4287 7814 4327 7815 4315 7815 4309 7815 4302 7816 4295 7816 4294 7816 4302 7817 4328 7817 4292 7817 4300 7818 4287 7818 4326 7818 4292 7819 4295 7819 4302 7819 4287 7820 4290 7820 4328 7820 4290 7821 4292 7821 4328 7821 4294 7822 4297 7822 4302 7822 4329 7823 4328 7823 4302 7823 4330 7824 4326 7824 4328 7824 4328 7825 4329 7825 4330 7825 4302 7826 4325 7826 4329 7826 4168 7827 4167 7827 4331 7827 4167 7828 4332 7828 4331 7828 4331 7829 4319 7829 4168 7829 4027 7830 4333 7830 4167 7830 4024 7831 4334 7831 4333 7831 4024 7832 4335 7832 4334 7832 4333 7833 4027 7833 4024 7833 4023 7834 4336 7834 4337 7834 4335 7835 4024 7835 4023 7835 4336 7836 4338 7836 4337 7836 4339 7837 4340 7837 4338 7837 4339 7838 4341 7838 4340 7838 4342 7839 4343 7839 4341 7839 4342 7840 4344 7840 4343 7840 4341 7841 4339 7841 4345 7841 4346 7842 4347 7842 4348 7842 4348 7843 4347 7843 4344 7843 4344 7844 4342 7844 4348 7844 4348 7845 4349 7845 4346 7845 4341 7846 4345 7846 4342 7846 4338 7847 4336 7847 4339 7847 4337 7848 4335 7848 4023 7848 4167 7849 4026 7849 4027 7849 4350 7850 4347 7850 4346 7850 4351 7851 4343 7851 4344 7851 4344 7852 4350 7852 4351 7852 4351 7853 4352 7853 4341 7853 4352 7854 4340 7854 4341 7854 4352 7855 4353 7855 4338 7855 4353 7856 4337 7856 4338 7856 4353 7857 4354 7857 4335 7857 4354 7858 4334 7858 4335 7858 4355 7859 4333 7859 4334 7859 4332 7860 4167 7860 4333 7860 4333 7861 4355 7861 4332 7861 4334 7862 4354 7862 4355 7862 4335 7863 4337 7863 4353 7863 4338 7864 4340 7864 4352 7864 4341 7865 4343 7865 4351 7865 4344 7866 4347 7866 4350 7866 4346 7867 4356 7867 4350 7867 4357 7868 4356 7868 4346 7868 4346 7869 4358 7869 4357 7869 4359 7870 4360 7870 4022 7870 4361 7871 4362 7871 4360 7871 4363 7872 4364 7872 4362 7872 4359 7873 4018 7873 4365 7873 4018 7874 4017 7874 4366 7874 4366 7875 4365 7875 4018 7875 4361 7876 4359 7876 4367 7876 4359 7877 4368 7877 4367 7877 4361 7878 4369 7878 4370 7878 4370 7879 4363 7879 4361 7879 4361 7880 4371 7880 4369 7880 4362 7881 4364 7881 4372 7881 4364 7882 4373 7882 4372 7882 4372 7883 4349 7883 4362 7883 4362 7884 4348 7884 4342 7884 4342 7885 4360 7885 4362 7885 4022 7886 4339 7886 4336 7886 4360 7887 4345 7887 4339 7887 4339 7888 4022 7888 4360 7888 4336 7889 4023 7889 4022 7889 4342 7890 4345 7890 4360 7890 4349 7891 4348 7891 4362 7891 4370 7892 4374 7892 4363 7892 4367 7893 4371 7893 4361 7893 4365 7894 4368 7894 4359 7894 4362 7895 4361 7895 4363 7895 4360 7896 4359 7896 4361 7896 4022 7897 4018 7897 4359 7897 4371 7898 4367 7898 4375 7898 4376 7899 4369 7899 4371 7899 4371 7900 4377 7900 4376 7900 4367 7901 4368 7901 4378 7901 4378 7902 4379 7902 4367 7902 4379 7903 4375 7903 4367 7903 4365 7904 4366 7904 4380 7904 4380 7905 4381 7905 4365 7905 4017 7906 4382 7906 4383 7906 4383 7907 4366 7907 4017 7907 4017 7908 4016 7908 4382 7908 4384 7909 4385 7909 4016 7909 4016 7910 4021 7910 4384 7910 4021 7911 4020 7911 4170 7911 4170 7912 4384 7912 4021 7912 4385 7913 4382 7913 4016 7913 4383 7914 4380 7914 4366 7914 4381 7915 4378 7915 4365 7915 4368 7916 4365 7916 4378 7916 4375 7917 4377 7917 4371 7917 4386 42 4387 42 4364 42 4387 42 4373 42 4364 42 4364 42 4363 42 4386 42 4363 42 4374 42 4386 42 4358 7918 4373 7918 4387 7918 4358 7919 4346 7919 4372 7919 4372 7920 4373 7920 4358 7920 4387 7921 4388 7921 4358 7921 4346 7922 4349 7922 4372 7922 4387 7923 4389 7923 4388 7923 4389 7924 4390 7924 4391 7924 4390 7925 4392 7925 4391 7925 4390 7926 4389 7926 4387 7926 4387 7927 4386 7927 4390 7927 4391 7928 4393 7928 4394 7928 4391 7929 4394 7929 4389 7929 4392 7930 4395 7930 4391 7930 4396 7931 4397 7931 4384 7931 4397 7932 4398 7932 4385 7932 4399 7933 4383 7933 4382 7933 4382 7934 4398 7934 4399 7934 4400 7935 4381 7935 4380 7935 4380 7936 4399 7936 4400 7936 4401 7937 4379 7937 4378 7937 4378 7938 4400 7938 4401 7938 4401 7939 4402 7939 4375 7939 4402 7940 4377 7940 4375 7940 4402 7941 4403 7941 4376 7941 4376 7942 4377 7942 4402 7942 4375 7943 4379 7943 4401 7943 4378 7944 4381 7944 4400 7944 4380 7945 4383 7945 4399 7945 4382 7946 4385 7946 4398 7946 4385 7947 4384 7947 4397 7947 4384 7948 4170 7948 4396 7948 4404 7949 4374 7949 4370 7949 4404 7950 4405 7950 4386 7950 4386 7951 4374 7951 4404 7951 4405 7952 4390 7952 4386 7952 4370 7953 4376 7953 4404 7953 4370 7954 4369 7954 4376 7954 4406 7955 4404 7955 4376 7955 4376 7956 4403 7956 4406 7956 4170 7957 4169 7957 4407 7957 4169 7958 4408 7958 4407 7958 4407 7959 4396 7959 4170 7959 4169 7960 4010 7960 4011 7960 4169 7961 4009 7961 4010 7961 4011 7962 4409 7962 4410 7962 4409 7963 4015 7963 4014 7963 4409 7964 4011 7964 4015 7964 4014 7965 4411 7965 4412 7965 4411 7966 4013 7966 4413 7966 4411 7967 4014 7967 4013 7967 4413 7968 4414 7968 4415 7968 4416 7969 4417 7969 4414 7969 4417 7970 4416 7970 4418 7970 4418 7971 4419 7971 4417 7971 4414 7972 4413 7972 4416 7972 4413 7973 4415 7973 4411 7973 4014 7974 4412 7974 4409 7974 4011 7975 4410 7975 4169 7975 4420 7976 4417 7976 4419 7976 4420 7977 4421 7977 4414 7977 4421 7978 4415 7978 4414 7978 4421 7979 4422 7979 4411 7979 4422 7980 4412 7980 4411 7980 4423 7981 4409 7981 4412 7981 4424 7982 4410 7982 4409 7982 4408 7983 4169 7983 4410 7983 4410 7984 4424 7984 4408 7984 4409 7985 4423 7985 4424 7985 4412 7986 4422 7986 4423 7986 4411 7987 4415 7987 4421 7987 4414 7988 4417 7988 4420 7988 4419 7989 4425 7989 4420 7989 4426 7990 4427 7990 4428 7990 4427 7991 4425 7991 4419 7991 4419 7992 4428 7992 4427 7992 4428 7993 4429 7993 4426 7993 4012 7994 4138 7994 4430 7994 4416 7995 4413 7995 4012 7995 4430 7996 4416 7996 4012 7996 4431 7997 4418 7997 4432 7997 4416 7998 4433 7998 4432 7998 4432 7999 4418 7999 4416 7999 4416 8000 4430 8000 4433 8000 4432 8001 4434 8001 4431 8001 4434 8002 4435 8002 4436 8002 4437 8003 4436 8003 4435 8003 4437 8004 4438 8004 4439 8004 4439 8005 4440 8005 4437 8005 4435 8003 4438 8003 4437 8003 4441 8006 4442 8006 4443 8006 4439 8007 4444 8007 4445 8007 4442 8008 4445 8008 4444 8008 4444 8009 4443 8009 4442 8009 4445 8010 4440 8010 4439 8010 4443 8011 4446 8011 4441 8011 4436 8012 4431 8012 4434 8012 4413 8013 4013 8013 4012 8013 4447 8014 4448 8014 4432 8014 4433 8015 4430 8015 4449 8015 4450 8016 4451 8016 4430 8016 4430 8017 4138 8017 4450 8017 4138 8018 4137 8018 4450 8018 4452 8019 4453 8019 4137 8019 4137 8020 4139 8020 4452 8020 4139 8021 4140 8021 4452 8021 4151 8022 4454 8022 4140 8022 4140 8023 4141 8023 4151 8023 4141 8024 4142 8024 4151 8024 4454 8025 4452 8025 4140 8025 4453 8026 4450 8026 4137 8026 4451 8027 4449 8027 4430 8027 4449 8028 4447 8028 4433 8028 4432 8029 4433 8029 4447 8029 4455 42 4441 42 4446 42 4446 42 4456 42 4455 42 4429 8030 4441 8030 4455 8030 4429 8031 4442 8031 4441 8031 4429 8032 4428 8032 4445 8032 4428 8033 4419 8033 4436 8033 4445 8034 4442 8034 4429 8034 4436 8035 4437 8035 4428 8035 4455 8036 4457 8036 4429 8036 4437 8037 4440 8037 4428 8037 4440 8038 4445 8038 4428 8038 4419 8039 4418 8039 4431 8039 4431 8040 4436 8040 4419 8040 4455 8038 4458 8038 4457 8038 4458 8041 4459 8041 4460 8041 4459 8042 4461 8042 4460 8042 4459 8043 4458 8043 4455 8043 4455 8044 4456 8044 4459 8044 4460 8045 4462 8045 4463 8045 4460 8046 4463 8046 4458 8046 4461 8047 4464 8047 4460 8047 4149 8048 4465 8048 4466 8048 4467 8049 4151 8049 4150 8049 4150 8050 4466 8050 4467 8050 4467 8051 4468 8051 4151 8051 4466 8052 4150 8052 4149 8052 4149 8053 4132 8053 4136 8053 4149 8054 4131 8054 4132 8054 4136 8055 4469 8055 4470 8055 4469 8056 4135 8056 4134 8056 4469 8057 4136 8057 4135 8057 4134 8058 4471 8058 4472 8058 4471 8059 4133 8059 4473 8059 4471 8060 4134 8060 4133 8060 4473 8061 4474 8061 4475 8061 4476 8062 4477 8062 4474 8062 4477 8063 4476 8063 4478 8063 4478 8064 4479 8064 4477 8064 4474 8065 4473 8065 4476 8065 4473 8066 4475 8066 4471 8066 4134 8067 4472 8067 4469 8067 4136 8068 4470 8068 4149 8068 4465 8069 4149 8069 4470 8069 4480 8070 4470 8070 4469 8070 4481 8071 4469 8071 4472 8071 4482 8072 4483 8072 4471 8072 4483 8073 4472 8073 4471 8073 4484 8074 4482 8074 4474 8074 4482 8075 4475 8075 4474 8075 4484 8076 4477 8076 4479 8076 4479 8077 4485 8077 4484 8077 4474 8078 4477 8078 4484 8078 4471 8079 4475 8079 4482 8079 4472 8080 4483 8080 4481 8080 4469 8081 4481 8081 4480 8081 4470 8082 4480 8082 4465 8082 4486 8083 4485 8083 4479 8083 4487 8084 4488 8084 4489 8084 4489 8085 4490 8085 4487 8085 4487 8086 4491 8086 4488 8086 4489 8087 4486 8087 4490 8087 4479 8088 4490 8088 4486 8088 4492 8089 4493 8089 4448 8089 4492 8090 4447 8090 4449 8090 4449 8091 4494 8091 4492 8091 4494 8092 4451 8092 4450 8092 4450 8093 4495 8093 4494 8093 4496 8094 4495 8094 4453 8094 4497 8095 4496 8095 4452 8095 4468 8096 4497 8096 4454 8096 4454 8097 4151 8097 4468 8097 4452 8098 4454 8098 4497 8098 4453 8099 4452 8099 4496 8099 4450 8100 4453 8100 4495 8100 4449 8101 4451 8101 4494 8101 4448 8102 4447 8102 4492 8102 4498 8103 4499 8103 4456 8103 4500 8104 4438 8104 4435 8104 4498 8105 4443 8105 4444 8105 4456 8106 4446 8106 4498 8106 4500 8107 4439 8107 4438 8107 4446 8108 4443 8108 4498 8108 4500 8109 4444 8109 4439 8109 4499 8110 4459 8110 4456 8110 4448 8111 4435 8111 4434 8111 4444 8112 4500 8112 4498 8112 4435 8113 4448 8113 4500 8113 4434 8114 4432 8114 4448 8114 4501 8115 4498 8115 4500 8115 4502 8116 4500 8116 4448 8116 4448 8117 4493 8117 4502 8117 4500 8118 4502 8118 4501 8118 4503 8119 4504 8119 4505 8119 4505 8120 4504 8120 4506 8120 4506 8121 4507 8121 4505 8121 4506 8122 4508 8122 4507 8122 4509 8123 4510 8123 4511 8123 4512 8124 4511 8124 4510 8124 4510 8125 4503 8125 4512 8125 4473 8126 4124 8126 4513 8126 4513 8127 4476 8127 4473 8127 4476 8128 4514 8128 4515 8128 4515 8129 4509 8129 4516 8129 4516 8130 4478 8130 4515 8130 4476 8131 4513 8131 4514 8131 4515 8132 4478 8132 4476 8132 4473 8133 4133 8133 4124 8133 4511 8134 4516 8134 4509 8134 4505 8135 4512 8135 4503 8135 4517 8136 4518 8136 4515 8136 4514 8137 4513 8137 4519 8137 4520 8138 4521 8138 4513 8138 4513 8139 4124 8139 4520 8139 4124 8140 4123 8140 4520 8140 4522 8141 4523 8141 4123 8141 4123 8142 4125 8142 4522 8142 4125 8143 4126 8143 4522 8143 4154 8144 4524 8144 4126 8144 4126 8145 4127 8145 4154 8145 4127 8146 4128 8146 4154 8146 4524 8147 4522 8147 4126 8147 4523 8148 4520 8148 4123 8148 4521 8149 4519 8149 4513 8149 4519 8150 4517 8150 4514 8150 4515 8151 4514 8151 4517 8151 4525 8152 4526 8152 4507 8152 4507 8153 4508 8153 4525 8153 4487 8154 4507 8154 4526 8154 4479 8155 4511 8155 4512 8155 4479 8156 4478 8156 4516 8156 4526 8157 4527 8157 4487 8157 4487 8158 4490 8158 4505 8158 4516 8159 4511 8159 4479 8159 4505 8160 4507 8160 4487 8160 4512 8161 4490 8161 4479 8161 4512 8162 4505 8162 4490 8162 4526 8163 4528 8163 4527 8163 4528 8164 4529 8164 4530 8164 4529 8165 4531 8165 4530 8165 4528 8166 4526 8166 4525 8166 4525 8167 4529 8167 4528 8167 4530 8168 4532 8168 4533 8168 4530 8169 4533 8169 4528 8169 4531 8170 4534 8170 4530 8170 4535 8171 4536 8171 4152 8171 4536 8172 4537 8172 4154 8172 4154 8173 4152 8173 4536 8173 4152 8174 4153 8174 4535 8174 4153 8175 4114 8175 4120 8175 4153 8176 4115 8176 4114 8176 4120 8177 4538 8177 4539 8177 4538 8178 4117 8178 4116 8178 4538 8179 4120 8179 4117 8179 4116 8180 4540 8180 4541 8180 4540 8181 4119 8181 4542 8181 4540 8182 4116 8182 4119 8182 4542 8183 4543 8183 4544 8183 4545 8184 4546 8184 4543 8184 4546 8185 4545 8185 4547 8185 4547 8186 4548 8186 4546 8186 4543 8187 4542 8187 4545 8187 4542 8188 4544 8188 4540 8188 4116 8189 4541 8189 4538 8189 4120 8190 4539 8190 4153 8190 4535 8191 4153 8191 4539 8191 4549 8192 4539 8192 4538 8192 4541 8193 4550 8193 4551 8193 4551 8194 4538 8194 4541 8194 4552 8195 4550 8195 4540 8195 4550 8196 4541 8196 4540 8196 4553 8197 4552 8197 4543 8197 4552 8198 4544 8198 4543 8198 4553 8199 4546 8199 4548 8199 4548 8200 4554 8200 4553 8200 4543 8201 4546 8201 4553 8201 4540 8202 4544 8202 4552 8202 4551 8203 4555 8203 4538 8203 4538 8204 4555 8204 4549 8204 4539 8205 4549 8205 4535 8205 4556 8206 4554 8206 4548 8206 4557 8207 4558 8207 4559 8207 4559 8208 4560 8208 4557 8208 4559 8209 4556 8209 4560 8209 4548 8210 4560 8210 4556 8210 4561 8211 4562 8211 4518 8211 4561 8212 4517 8212 4519 8212 4519 8213 4563 8213 4561 8213 4563 8214 4521 8214 4520 8214 4520 8215 4564 8215 4563 8215 4565 8216 4564 8216 4523 8216 4566 8217 4565 8217 4522 8217 4537 8218 4566 8218 4524 8218 4524 8219 4154 8219 4537 8219 4522 8220 4524 8220 4566 8220 4523 8221 4522 8221 4565 8221 4520 8222 4523 8222 4564 8222 4519 8223 4521 8223 4563 8223 4518 8224 4517 8224 4561 8224 4567 8225 4568 8225 4525 8225 4567 8226 4506 8226 4504 8226 4525 8227 4508 8227 4567 8227 4508 8228 4506 8228 4567 8228 4518 8229 4510 8229 4509 8229 4569 8230 4503 8230 4510 8230 4568 8231 4529 8231 4525 8231 4510 8232 4518 8232 4569 8232 4504 8233 4569 8233 4567 8233 4504 8234 4503 8234 4569 8234 4509 8235 4515 8235 4518 8235 4570 8236 4567 8236 4569 8236 4571 8237 4569 8237 4518 8237 4518 8238 4562 8238 4571 8238 4569 8239 4571 8239 4570 8239 4572 8240 4573 8240 4574 8240 4574 8241 4573 8241 4575 8241 4575 8242 4576 8242 4574 8242 4575 8243 4577 8243 4576 8243 4578 8244 4579 8244 4580 8244 4581 8245 4580 8245 4579 8245 4579 8246 4572 8246 4581 8246 4582 8247 4174 8247 4173 8247 4173 8248 4578 8248 4583 8248 4583 8249 4584 8249 4173 8249 4173 8250 4584 8250 4582 8250 4062 8251 4174 8251 4585 8251 4585 8252 4063 8252 4062 8252 4062 8253 4054 8253 4175 8253 4062 8254 4175 8254 4174 8254 4582 8255 4585 8255 4174 8255 4580 8256 4583 8256 4578 8256 4574 8257 4581 8257 4572 8257 4164 8258 4060 8258 4065 8258 4164 8259 4059 8259 4060 8259 4065 8260 4586 8260 4587 8260 4586 8261 4061 8261 4064 8261 4586 8262 4065 8262 4061 8262 4064 8263 4588 8263 4589 8263 4588 8264 4063 8264 4585 8264 4588 8265 4064 8265 4063 8265 4585 8266 4590 8266 4591 8266 4582 8267 4592 8267 4590 8267 4592 8268 4582 8268 4584 8268 4584 8269 4593 8269 4592 8269 4590 8270 4585 8270 4582 8270 4585 8271 4591 8271 4588 8271 4064 8272 4589 8272 4586 8272 4065 8273 4587 8273 4164 8273 4577 42 4594 42 4595 42 4595 42 4576 42 4577 42 4190 8274 4596 8274 4594 8274 4190 8275 4575 8275 4573 8275 4594 8276 4577 8276 4190 8276 4577 8277 4575 8277 4190 8277 4172 8278 4579 8278 4578 8278 4191 8279 4572 8279 4579 8279 4596 8280 4597 8280 4594 8280 4579 8281 4172 8281 4191 8281 4573 8282 4191 8282 4190 8282 4573 8283 4572 8283 4191 8283 4578 8284 4173 8284 4172 8284 4598 8285 4599 8285 4600 8285 4598 8286 4601 8286 4599 8286 4600 8287 4602 8287 4598 8287 4598 8288 4602 8288 4603 8288 4595 8289 4594 8289 4597 8289 4597 8290 4603 8290 4595 8290 4603 8291 4597 8291 4598 8291 4600 8292 4604 8292 4602 8292 4605 8293 4164 8293 4587 8293 4606 8294 4587 8294 4586 8294 4607 8295 4586 8295 4589 8295 4608 8296 4609 8296 4588 8296 4609 8297 4589 8297 4588 8297 4610 8298 4608 8298 4590 8298 4608 8299 4591 8299 4590 8299 4610 8300 4592 8300 4593 8300 4593 8301 4611 8301 4610 8301 4590 8302 4592 8302 4610 8302 4588 8303 4591 8303 4608 8303 4589 8304 4609 8304 4607 8304 4586 8305 4607 8305 4606 8305 4587 8306 4606 8306 4605 8306 4612 8307 4576 8307 4595 8307 4593 8308 4580 8308 4581 8308 4593 8309 4584 8309 4583 8309 4595 8310 4613 8310 4612 8310 4612 8311 4614 8311 4574 8311 4583 8312 4580 8312 4593 8312 4574 8313 4576 8313 4612 8313 4581 8314 4614 8314 4593 8314 4581 8315 4574 8315 4614 8315 4595 8316 4603 8316 4613 8316 4615 8317 4611 8317 4593 8317 4616 8318 4615 8318 4614 8318 4614 8319 4612 8319 4616 8319 4593 8320 4614 8320 4615 8320 4617 8321 4618 8321 4165 8321 4164 8322 4605 8322 4617 8322 4166 8323 4165 8323 4618 8323 4618 8324 4619 8324 4166 8324 4165 8325 4164 8325 4617 8325 4620 8326 4621 8326 4622 8326 4623 8327 4624 8327 4625 8327 4626 8328 4627 8328 4624 8328 4624 8329 4072 8329 4626 8329 4072 8330 4074 8330 4626 8330 4628 8331 4629 8331 4074 8331 4074 8332 4076 8332 4628 8332 4076 8333 4067 8333 4628 8333 4166 8334 4630 8334 4067 8334 4067 8335 4066 8335 4166 8335 4066 8336 4069 8336 4166 8336 4630 8337 4628 8337 4067 8337 4629 8338 4626 8338 4074 8338 4627 8339 4625 8339 4624 8339 4625 8340 4620 8340 4623 8340 4622 8341 4623 8341 4620 8341 4631 8342 4632 8342 4621 8342 4631 8343 4620 8343 4625 8343 4625 8344 4633 8344 4631 8344 4633 8345 4627 8345 4626 8345 4626 8346 4634 8346 4633 8346 4635 8347 4634 8347 4629 8347 4636 8348 4635 8348 4628 8348 4619 8349 4636 8349 4630 8349 4630 8350 4166 8350 4619 8350 4628 8351 4630 8351 4636 8351 4629 8352 4628 8352 4635 8352 4626 8353 4629 8353 4634 8353 4625 8354 4627 8354 4633 8354 4621 8355 4620 8355 4631 8355 4637 8356 4638 8356 4639 8356 4640 8357 4639 8357 4621 8357 4621 8358 4632 8358 4640 8358 4639 8359 4640 8359 4637 8359 4641 8360 4642 8360 4643 8360 4643 8361 4642 8361 4644 8361 4644 8362 4645 8362 4643 8362 4644 8363 4646 8363 4645 8363 4647 8364 4648 8364 4649 8364 4650 8365 4649 8365 4648 8365 4648 8366 4641 8366 4650 8366 4651 8367 4072 8367 4624 8367 4624 8368 4652 8368 4651 8368 4623 8369 4622 8369 4653 8369 4622 8370 4647 8370 4654 8370 4654 8371 4653 8371 4622 8371 4652 8372 4624 8372 4623 8372 4653 8373 4652 8373 4623 8373 4651 8374 4073 8374 4072 8374 4649 8375 4654 8375 4647 8375 4643 8376 4650 8376 4641 8376 4161 8377 4071 8377 4070 8377 4161 8378 4080 8378 4071 8378 4161 8379 4079 8379 4080 8379 4070 8380 4655 8380 4656 8380 4655 8381 4077 8381 4075 8381 4655 8382 4070 8382 4077 8382 4075 8383 4657 8383 4658 8383 4657 8384 4073 8384 4651 8384 4657 8385 4075 8385 4073 8385 4651 8386 4659 8386 4660 8386 4652 8387 4661 8387 4659 8387 4661 8388 4652 8388 4653 8388 4653 8389 4662 8389 4661 8389 4659 8390 4651 8390 4652 8390 4651 8391 4660 8391 4657 8391 4075 8392 4658 8392 4655 8392 4070 8393 4656 8393 4161 8393 4663 42 4645 42 4646 42 4646 42 4664 42 4663 42 4638 8394 4665 8394 4664 8394 4638 8395 4644 8395 4642 8395 4664 8396 4646 8396 4638 8396 4646 8397 4644 8397 4638 8397 4621 8398 4648 8398 4647 8398 4639 8399 4641 8399 4648 8399 4665 8400 4666 8400 4664 8400 4648 8401 4621 8401 4639 8401 4642 8402 4639 8402 4638 8402 4642 8403 4641 8403 4639 8403 4647 8404 4622 8404 4621 8404 4663 8405 4664 8405 4666 8405 4667 8406 4668 8406 4666 8406 4666 8407 4669 8407 4667 8407 4667 8408 4670 8408 4668 8408 4666 8409 4668 8409 4663 8409 4667 8410 4671 8410 4670 8410 4669 8411 4672 8411 4667 8411 4673 8412 4161 8412 4656 8412 4674 8413 4656 8413 4655 8413 4675 8414 4655 8414 4658 8414 4676 8415 4677 8415 4657 8415 4677 8416 4658 8416 4657 8416 4678 8417 4676 8417 4659 8417 4676 8418 4660 8418 4659 8418 4678 8419 4661 8419 4662 8419 4662 8420 4679 8420 4678 8420 4659 8421 4661 8421 4678 8421 4657 8422 4660 8422 4676 8422 4658 8423 4677 8423 4675 8423 4655 8424 4675 8424 4674 8424 4656 8425 4674 8425 4673 8425 4680 8426 4645 8426 4663 8426 4662 8427 4649 8427 4650 8427 4662 8428 4653 8428 4654 8428 4663 8429 4681 8429 4680 8429 4680 8430 4682 8430 4643 8430 4654 8431 4649 8431 4662 8431 4643 8432 4645 8432 4680 8432 4650 8433 4682 8433 4662 8433 4650 8434 4643 8434 4682 8434 4663 8435 4668 8435 4681 8435 4683 8436 4679 8436 4662 8436 4684 8437 4683 8437 4682 8437 4682 8438 4680 8438 4684 8438 4662 8439 4682 8439 4683 8439 4161 8440 4673 8440 4685 8440 4686 8441 4163 8441 4162 8441 4162 8442 4685 8442 4686 8442 4685 8443 4162 8443 4161 8443 4687 8444 4688 8444 4689 8444 4690 8445 4691 8445 4692 8445 4693 8446 4694 8446 4691 8446 4691 8447 4082 8447 4693 8447 4082 8448 4081 8448 4693 8448 4695 8449 4696 8449 4081 8449 4081 8450 4083 8450 4695 8450 4083 8451 4084 8451 4695 8451 4163 8452 4697 8452 4084 8452 4084 8453 4085 8453 4163 8453 4085 8454 4086 8454 4163 8454 4697 8455 4695 8455 4084 8455 4696 8456 4693 8456 4081 8456 4694 8457 4692 8457 4691 8457 4692 8458 4687 8458 4690 8458 4689 8459 4690 8459 4687 8459 4698 8460 4699 8460 4688 8460 4698 8461 4687 8461 4692 8461 4692 8462 4700 8462 4698 8462 4700 8463 4694 8463 4693 8463 4693 8464 4701 8464 4700 8464 4702 8465 4701 8465 4696 8465 4703 8466 4702 8466 4695 8466 4686 8467 4703 8467 4697 8467 4697 8468 4163 8468 4686 8468 4695 8469 4697 8469 4703 8469 4696 8470 4695 8470 4702 8470 4693 8471 4696 8471 4701 8471 4692 8472 4694 8472 4700 8472 4688 8473 4687 8473 4698 8473 4704 8474 4705 8474 4706 8474 4707 8475 4706 8475 4688 8475 4688 8476 4699 8476 4707 8476 4706 8477 4707 8477 4704 8477 4708 8478 4709 8478 4710 8478 4711 8479 4712 8479 4713 8479 4712 8480 4714 8480 4713 8480 4713 8481 4708 8481 4711 8481 4715 8482 4716 8482 4717 8482 4718 8483 4710 8483 4709 8483 4709 8484 4715 8484 4718 8484 4719 8485 4091 8485 4090 8485 4719 8486 4082 8486 4691 8486 4691 8487 4720 8487 4719 8487 4720 8488 4690 8488 4689 8488 4717 8489 4716 8489 4721 8489 4721 8490 4689 8490 4717 8490 4720 8491 4691 8491 4690 8491 4689 8492 4721 8492 4720 8492 4090 8493 4082 8493 4719 8493 4717 8494 4718 8494 4715 8494 4710 8495 4711 8495 4708 8495 4158 8496 4088 8496 4094 8496 4158 8497 4089 8497 4088 8497 4094 8498 4722 8498 4723 8498 4722 8499 4093 8499 4092 8499 4722 8500 4094 8500 4093 8500 4092 8501 4724 8501 4725 8501 4724 8502 4091 8502 4719 8502 4724 8503 4092 8503 4091 8503 4719 8504 4726 8504 4727 8504 4720 8505 4728 8505 4726 8505 4728 8506 4720 8506 4721 8506 4721 8507 4729 8507 4728 8507 4726 8508 4719 8508 4720 8508 4719 8509 4727 8509 4724 8509 4092 8510 4725 8510 4722 8510 4094 8511 4723 8511 4158 8511 4712 42 4730 42 4731 42 4731 42 4714 42 4712 42 4705 8512 4732 8512 4730 8512 4688 8513 4706 8513 4710 8513 4705 8514 4712 8514 4711 8514 4732 8515 4733 8515 4730 8515 4706 8516 4711 8516 4710 8516 4730 8517 4712 8517 4705 8517 4688 8518 4718 8518 4717 8518 4711 8519 4706 8519 4705 8519 4710 8520 4718 8520 4688 8520 4717 8521 4689 8521 4688 8521 4733 8522 4734 8522 4731 8522 4733 8523 4735 8523 4736 8523 4736 8524 4734 8524 4733 8524 4736 8525 4737 8525 4734 8525 4731 8526 4730 8526 4733 8526 4736 8527 4738 8527 4737 8527 4735 8528 4739 8528 4736 8528 4740 8529 4158 8529 4723 8529 4741 8530 4723 8530 4722 8530 4742 8531 4722 8531 4725 8531 4743 8532 4744 8532 4724 8532 4744 8533 4725 8533 4724 8533 4745 8534 4743 8534 4726 8534 4743 8535 4727 8535 4726 8535 4745 8536 4728 8536 4729 8536 4729 8537 4746 8537 4745 8537 4726 8538 4728 8538 4745 8538 4724 8539 4727 8539 4743 8539 4725 8540 4744 8540 4742 8540 4722 8541 4742 8541 4741 8541 4723 8542 4741 8542 4740 8542 4747 8543 4714 8543 4731 8543 4747 8544 4713 8544 4714 8544 4731 8545 4748 8545 4747 8545 4747 8546 4749 8546 4708 8546 4729 8547 4715 8547 4709 8547 4708 8548 4713 8548 4747 8548 4709 8549 4749 8549 4729 8549 4709 8550 4708 8550 4749 8550 4729 8551 4721 8551 4716 8551 4716 8552 4715 8552 4729 8552 4731 8553 4734 8553 4748 8553 4750 8554 4746 8554 4729 8554 4751 8555 4750 8555 4749 8555 4749 8556 4747 8556 4751 8556 4729 8557 4749 8557 4750 8557 4158 8558 4740 8558 4752 8558 4753 8559 4160 8559 4159 8559 4159 8560 4752 8560 4753 8560 4753 8561 4754 8561 4160 8561 4752 8562 4159 8562 4158 8562 4755 8563 4756 8563 4757 8563 4758 8564 4759 8564 4760 8564 4761 8565 4762 8565 4759 8565 4759 8566 4096 8566 4761 8566 4096 8567 4095 8567 4761 8567 4763 8568 4764 8568 4095 8568 4095 8569 4097 8569 4763 8569 4097 8570 4098 8570 4763 8570 4160 8571 4765 8571 4098 8571 4098 8572 4099 8572 4160 8572 4099 8573 4100 8573 4160 8573 4765 8574 4763 8574 4098 8574 4764 8575 4761 8575 4095 8575 4762 8576 4760 8576 4759 8576 4760 8577 4755 8577 4758 8577 4757 8578 4758 8578 4755 8578 4766 8579 4767 8579 4756 8579 4766 8580 4755 8580 4760 8580 4760 8581 4768 8581 4766 8581 4768 8582 4762 8582 4761 8582 4761 8583 4769 8583 4768 8583 4770 8584 4769 8584 4764 8584 4771 8585 4770 8585 4763 8585 4754 8586 4771 8586 4765 8586 4765 8587 4160 8587 4754 8587 4763 8588 4765 8588 4771 8588 4764 8589 4763 8589 4770 8589 4761 8590 4764 8590 4769 8590 4760 8591 4762 8591 4768 8591 4756 8592 4755 8592 4766 8592 4772 8593 4773 8593 4774 8593 4775 8594 4774 8594 4756 8594 4756 8595 4767 8595 4775 8595 4774 8596 4775 8596 4772 8596 4776 8597 4777 8597 4778 8597 4778 8598 4777 8598 4779 8598 4779 8599 4780 8599 4778 8599 4779 8600 4781 8600 4780 8600 4782 8601 4783 8601 4784 8601 4785 8602 4784 8602 4783 8602 4783 8603 4776 8603 4785 8603 4786 8604 4758 8604 4757 8604 4757 8605 4782 8605 4787 8605 4787 8606 4788 8606 4757 8606 4757 8607 4788 8607 4786 8607 4105 8608 4758 8608 4789 8608 4789 8609 4106 8609 4105 8609 4105 8610 4096 8610 4759 8610 4105 8611 4759 8611 4758 8611 4786 8612 4789 8612 4758 8612 4784 8613 4787 8613 4782 8613 4778 8614 4785 8614 4776 8614 4155 8615 4102 8615 4104 8615 4155 8616 4101 8616 4102 8616 4104 8617 4790 8617 4791 8617 4790 8618 4103 8618 4107 8618 4790 8619 4104 8619 4103 8619 4107 8620 4792 8620 4793 8620 4792 8621 4106 8621 4789 8621 4792 8622 4107 8622 4106 8622 4789 8623 4794 8623 4795 8623 4786 8624 4796 8624 4794 8624 4796 8625 4786 8625 4788 8625 4788 8626 4797 8626 4796 8626 4794 8627 4789 8627 4786 8627 4789 8628 4795 8628 4792 8628 4107 8629 4793 8629 4790 8629 4104 8630 4791 8630 4155 8630 4798 42 4799 42 4780 42 4780 42 4781 42 4798 42 4773 8631 4800 8631 4798 8631 4773 8632 4779 8632 4777 8632 4798 8633 4781 8633 4773 8633 4781 8634 4779 8634 4773 8634 4756 8635 4783 8635 4782 8635 4774 8636 4776 8636 4783 8636 4800 8637 4801 8637 4798 8637 4783 8638 4756 8638 4774 8638 4777 8639 4774 8639 4773 8639 4777 8640 4776 8640 4774 8640 4782 8641 4757 8641 4756 8641 4798 8642 4801 8642 4802 8642 4801 8643 4803 8643 4804 8643 4804 8644 4802 8644 4801 8644 4804 8645 4805 8645 4802 8645 4802 8646 4799 8646 4798 8646 4804 8647 4806 8647 4805 8647 4803 8648 4807 8648 4804 8648 4808 8649 4155 8649 4791 8649 4809 8650 4791 8650 4790 8650 4810 8651 4790 8651 4793 8651 4811 8652 4812 8652 4792 8652 4812 8653 4793 8653 4792 8653 4813 8654 4811 8654 4794 8654 4811 8655 4795 8655 4794 8655 4813 8656 4796 8656 4797 8656 4797 8657 4814 8657 4813 8657 4794 8658 4796 8658 4813 8658 4792 8659 4795 8659 4811 8659 4793 8660 4812 8660 4810 8660 4790 8661 4810 8661 4809 8661 4791 8662 4809 8662 4808 8662 4815 8663 4780 8663 4799 8663 4797 8664 4784 8664 4785 8664 4797 8665 4788 8665 4787 8665 4799 8666 4816 8666 4815 8666 4815 8667 4817 8667 4778 8667 4787 8668 4784 8668 4797 8668 4778 8669 4780 8669 4815 8669 4785 8670 4817 8670 4797 8670 4785 8671 4778 8671 4817 8671 4799 8672 4802 8672 4816 8672 4818 8673 4814 8673 4797 8673 4819 8674 4818 8674 4817 8674 4817 8675 4815 8675 4819 8675 4797 8676 4817 8676 4818 8676 4820 8677 4821 8677 4156 8677 4155 8678 4808 8678 4820 8678 4157 8679 4156 8679 4821 8679 4821 8680 4822 8680 4157 8680 4156 8681 4155 8681 4820 8681 4823 8682 4824 8682 4825 8682 4826 8683 4827 8683 4828 8683 4829 8684 4830 8684 4827 8684 4827 8685 4118 8685 4829 8685 4118 8686 4109 8686 4829 8686 4831 8687 4832 8687 4109 8687 4109 8688 4108 8688 4831 8688 4108 8689 4110 8689 4831 8689 4157 8690 4833 8690 4110 8690 4110 8691 4111 8691 4157 8691 4111 8692 4113 8692 4157 8692 4833 8693 4831 8693 4110 8693 4832 8694 4829 8694 4109 8694 4830 8695 4828 8695 4827 8695 4828 8696 4823 8696 4826 8696 4825 8697 4826 8697 4823 8697 4834 8698 4835 8698 4836 8698 4836 8699 4835 8699 4837 8699 4837 8700 4838 8700 4836 8700 4837 8701 4839 8701 4838 8701 4840 8702 4841 8702 4842 8702 4843 8703 4842 8703 4841 8703 4841 8704 4834 8704 4843 8704 4542 8705 4118 8705 4827 8705 4827 8706 4545 8706 4542 8706 4545 8707 4826 8707 4825 8707 4825 8708 4840 8708 4844 8708 4844 8709 4547 8709 4825 8709 4545 8710 4827 8710 4826 8710 4825 8711 4547 8711 4545 8711 4542 8712 4119 8712 4118 8712 4842 8713 4844 8713 4840 8713 4836 8714 4843 8714 4834 8714 4845 8715 4838 8715 4839 8715 4839 8716 4846 8716 4845 8716 4557 8717 4838 8717 4845 8717 4548 8718 4842 8718 4843 8718 4548 8719 4547 8719 4844 8719 4845 7729 4847 7729 4557 7729 4557 8720 4560 8720 4836 8720 4844 7737 4842 7737 4548 7737 4836 8721 4838 8721 4557 8721 4843 8722 4560 8722 4548 8722 4843 8723 4836 8723 4560 8723 4845 8724 4848 8724 4847 8724 4848 8725 4845 8725 4846 8725 4849 8726 4850 8726 4851 8726 4851 8727 4848 8727 4849 8727 4851 8728 4852 8728 4848 8728 4846 8729 4849 8729 4848 8729 4851 8730 4853 8730 4852 8730 4850 8731 4854 8731 4851 8731 4855 8732 4856 8732 4824 8732 4855 8733 4823 8733 4828 8733 4828 8734 4857 8734 4855 8734 4857 8735 4830 8735 4829 8735 4829 8736 4858 8736 4857 8736 4859 8737 4858 8737 4832 8737 4860 8738 4859 8738 4831 8738 4822 8739 4860 8739 4833 8739 4833 8740 4157 8740 4822 8740 4831 8741 4833 8741 4860 8741 4832 8742 4831 8742 4859 8742 4829 8743 4832 8743 4858 8743 4828 8744 4830 8744 4857 8744 4824 8745 4823 8745 4855 8745 4861 8746 4608 8746 4610 8746 4861 8747 4609 8747 4608 8747 4862 8748 4610 8748 4611 8748 4615 8749 4863 8749 4864 8749 4616 8750 4865 8750 4863 8750 4189 8751 4192 8751 4863 8751 4192 8752 4183 8752 4864 8752 4862 8753 4864 8753 4183 8753 4861 8754 4862 8754 4182 8754 4182 8755 4184 8755 4861 8755 4866 8756 4209 8756 4211 8756 4866 8757 4210 8757 4209 8757 4867 8758 4211 8758 4212 8758 4213 8759 4868 8759 4869 8759 4214 8760 4870 8760 4868 8760 4275 8761 4278 8761 4868 8761 4278 8762 4270 8762 4869 8762 4867 8763 4869 8763 4270 8763 4866 8764 4867 8764 4269 8764 4269 8765 4271 8765 4866 8765 4330 8766 4329 8766 4267 8766 4262 8767 4263 8767 4325 8767 4325 8768 4263 8768 4264 8768 4264 8769 4329 8769 4325 8769 4323 8770 4322 8770 4871 8770 4260 8771 4262 8771 4324 8771 4323 8772 4872 8772 4260 8772 4324 8773 4323 8773 4260 8773 4873 8774 4354 8774 4353 8774 4874 8775 4875 8775 4351 8775 4875 8776 4352 8776 4351 8776 4874 8777 4350 8777 4356 8777 4357 8778 4876 8778 4877 8778 4406 8779 4403 8779 4877 8779 4874 8780 4877 8780 4403 8780 4874 8781 4402 8781 4401 8781 4401 8782 4875 8782 4874 8782 4878 8783 4421 8783 4420 8783 4878 8784 4422 8784 4421 8784 4879 8785 4420 8785 4425 8785 4427 8786 4880 8786 4881 8786 4426 8787 4882 8787 4880 8787 4501 8788 4502 8788 4880 8788 4502 8789 4493 8789 4881 8789 4879 8790 4881 8790 4493 8790 4878 8791 4879 8791 4492 8791 4492 8792 4494 8792 4878 8792 4883 8793 4483 8793 4482 8793 4570 8794 4571 8794 4489 8794 4489 8795 4488 8795 4570 8795 4484 8796 4485 8796 4562 8796 4562 8797 4485 8797 4486 8797 4486 8798 4571 8798 4562 8798 4883 8799 4484 8799 4561 8799 4561 8800 4563 8800 4883 8800 4884 8801 4885 8801 4559 8801 4558 8802 4886 8802 4884 8802 4553 8803 4554 8803 4856 8803 4856 8804 4554 8804 4556 8804 4556 8805 4885 8805 4856 8805 4887 8806 4552 8806 4553 8806 4887 8807 4550 8807 4552 8807 4887 8808 4855 8808 4857 8808 4888 8809 4811 8809 4813 8809 4888 8810 4812 8810 4811 8810 4889 8811 4813 8811 4814 8811 4818 8812 4890 8812 4891 8812 4819 8813 4892 8813 4890 8813 4772 8814 4775 8814 4890 8814 4775 8815 4767 8815 4891 8815 4889 8816 4891 8816 4767 8816 4888 8817 4889 8817 4766 8817 4766 8818 4768 8818 4888 8818 4893 8819 4743 8819 4745 8819 4893 8820 4744 8820 4743 8820 4894 8821 4745 8821 4746 8821 4750 8822 4895 8822 4896 8822 4751 8823 4897 8823 4895 8823 4704 8824 4707 8824 4895 8824 4707 8825 4699 8825 4896 8825 4894 8826 4896 8826 4699 8826 4893 8827 4894 8827 4698 8827 4698 8828 4700 8828 4893 8828 4676 8829 4678 8829 4631 8829 4631 8830 4633 8830 4676 8830 4898 8831 4899 8831 4676 8831 4678 8832 4679 8832 4632 8832 4632 8833 4679 8833 4683 8833 4683 8834 4640 8834 4632 8834 4400 8835 3875 8835 3872 8835 4399 8836 3876 8836 3875 8836 3875 8837 4400 8837 4399 8837 4352 8838 3864 8838 3860 8838 4352 8839 3865 8839 3864 8839 4352 8840 4875 8840 3870 8840 3870 8841 3865 8841 4352 8841 4875 8842 3868 8842 3870 8842 4875 8843 3872 8843 3871 8843 3871 8844 3868 8844 4875 8844 3859 8845 3897 8845 4008 8845 4873 8846 3860 8846 3859 8846 4008 8847 3975 8847 4354 8847 3975 8848 4355 8848 4354 8848 3975 8849 4331 8849 4332 8849 4332 8850 4355 8850 3975 8850 3976 8851 4319 8851 4331 8851 3976 8852 3978 8852 4320 8852 4320 8853 4319 8853 3976 8853 3978 8854 4871 8854 4321 8854 4321 8855 4320 8855 3978 8855 4871 8856 3978 8856 3977 8856 4259 8857 4261 8857 4872 8857 3979 8858 4243 8858 4258 8858 3979 8859 4244 8859 4243 8859 4258 8860 3977 8860 3979 8860 4258 8861 4259 8861 3977 8861 3980 8862 4245 8862 4244 8862 4244 8863 3979 8863 3980 8863 3982 8864 4274 8864 4246 8864 3981 8865 4273 8865 4274 8865 4274 8866 3982 8866 3981 8866 4866 8867 4272 8867 3981 8867 3981 8868 3984 8868 4866 8868 4272 8869 4273 8869 3981 8869 3984 8870 3983 8870 4210 8870 3983 8871 4208 8871 4210 8871 3986 8872 4195 8872 4194 8872 4194 8873 3983 8873 3986 8873 4194 8874 4207 8874 3983 8874 4207 8875 4208 8875 3983 8875 4193 8876 4195 8876 3985 8876 4195 8877 3986 8877 3985 8877 3987 8878 3988 8878 4188 8878 3988 8879 4187 8879 4188 8879 3988 8880 4186 8880 4187 8880 3989 8881 4861 8881 4185 8881 4185 8882 3988 8882 3989 8882 4185 8883 4186 8883 3988 8883 4861 8884 3989 8884 3990 8884 3990 8885 4607 8885 4609 8885 3990 8886 3991 8886 4606 8886 3991 8887 4617 8887 4605 8887 4605 8888 4606 8888 3991 8888 4606 8889 4607 8889 3990 8889 3992 8890 3993 8890 4618 8890 4617 8891 3991 8891 3992 8891 3993 8892 3994 8892 4636 8892 4636 8893 4619 8893 3993 8893 3994 8894 4635 8894 4636 8894 4635 8895 3994 8895 4898 8895 4898 8896 4634 8896 4635 8896 4899 8897 4898 8897 3994 8897 4675 8898 4677 8898 4899 8898 3996 8899 4673 8899 4674 8899 3996 8900 3997 8900 4685 8900 4685 8901 4673 8901 3996 8901 4674 8902 3995 8902 3996 8902 4674 8903 4675 8903 3995 8903 3997 8904 3998 8904 4686 8904 3998 8905 4703 8905 4686 8905 3998 8906 3999 8906 4893 8906 4893 8907 4701 8907 3998 8907 4701 8908 4702 8908 3998 8908 3999 8909 4742 8909 4744 8909 4000 8910 4752 8910 4740 8910 4740 8911 3999 8911 4000 8911 4740 8912 4741 8912 3999 8912 4741 8913 4742 8913 3999 8913 4000 8914 4001 8914 4753 8914 4001 8915 4771 8915 4754 8915 4001 8916 4002 8916 4770 8916 4770 8917 4771 8917 4001 8917 4002 8918 4888 8918 4769 8918 4769 8919 4770 8919 4002 8919 4002 8920 4810 8920 4812 8920 4003 8921 4808 8921 4809 8921 4003 8922 4820 8922 4808 8922 4809 8923 4002 8923 4003 8923 4809 8924 4810 8924 4002 8924 4003 8925 4004 8925 4821 8925 4004 8926 4005 8926 4822 8926 4005 8927 4860 8927 4822 8927 4005 8928 4859 8928 4860 8928 4005 8929 4887 8929 4858 8929 4858 8930 4859 8930 4005 8930 4005 8931 4006 8931 4550 8931 4006 8932 4551 8932 4550 8932 4006 8933 4549 8933 4555 8933 4007 8934 4536 8934 4535 8934 4535 8935 4006 8935 4007 8935 4535 8936 4549 8936 4006 8936 4007 8937 3965 8937 4537 8937 3965 8938 4566 8938 4537 8938 3965 8939 4565 8939 4566 8939 3965 8940 4564 8940 4565 8940 3966 8941 4883 8941 4564 8941 3966 8942 4481 8942 4483 8942 3967 8943 4466 8943 4465 8943 4465 8944 3966 8944 3967 8944 4465 8945 4480 8945 3966 8945 4480 8946 4481 8946 3966 8946 3968 8947 4467 8947 4466 8947 3968 8948 3969 8948 4497 8948 4497 8949 4468 8949 3968 8949 3969 8950 4496 8950 4497 8950 3969 8951 4878 8951 4495 8951 4495 8952 4496 8952 3969 8952 3969 8953 4423 8953 4422 8953 3970 8954 4424 8954 4423 8954 3970 8955 4407 8955 4408 8955 4408 8956 4424 8956 3970 8956 4423 8957 3969 8957 3970 8957 3971 8958 4396 8958 4407 8958 3973 8959 4397 8959 4396 8959 4396 8960 3971 8960 3973 8960 3972 8961 4399 8961 4398 8961 3972 8962 3876 8962 4399 8962 4398 8963 3973 8963 3972 8963 3972 8964 3877 8964 3876 8964 4398 8965 4397 8965 3973 8965 4407 8966 3970 8966 3971 8966 4422 8967 4878 8967 3969 8967 4468 8968 4467 8968 3968 8968 4466 8969 3967 8969 3968 8969 4483 8970 4883 8970 3966 8970 4564 8971 3965 8971 3966 8971 4537 8972 4536 8972 4007 8972 4555 8973 4551 8973 4006 8973 4550 8974 4887 8974 4005 8974 4822 8975 4821 8975 4004 8975 4821 8976 4820 8976 4003 8976 4812 8977 4888 8977 4002 8977 4754 8978 4753 8978 4001 8978 4753 8979 4752 8979 4000 8979 4744 8980 4893 8980 3999 8980 4702 8981 4703 8981 3998 8981 4686 8982 4685 8982 3997 8982 4899 8983 3995 8983 4675 8983 3994 8984 3995 8984 4899 8984 4619 8985 4618 8985 3993 8985 4618 8986 4617 8986 3992 8986 3990 8987 4609 8987 4861 8987 4188 8988 4193 8988 3987 8988 3985 8989 3987 8989 4193 8989 4210 8990 4866 8990 3984 8990 4246 8991 4245 8991 3982 8991 3980 8992 3982 8992 4245 8992 4872 8993 3977 8993 4259 8993 3977 8994 4872 8994 4871 8994 4331 8995 3975 8995 3976 8995 4354 8996 4873 8996 4008 8996 4008 8997 4873 8997 3859 8997 3860 8998 4873 8998 4352 8998 3872 8999 4875 8999 4400 8999 4684 9000 4637 9000 4640 9000 4684 9001 4640 9001 4683 9001 4632 9002 4631 9002 4678 9002 4633 9003 4898 9003 4676 9003 4676 9004 4899 9004 4677 9004 4700 9005 4701 9005 4893 9005 4699 9006 4698 9006 4894 9006 4896 9007 4895 9007 4707 9007 4895 9008 4897 9008 4704 9008 4895 9009 4750 9009 4751 9009 4896 9010 4746 9010 4750 9010 4746 9011 4896 9011 4894 9011 4745 9012 4894 9012 4893 9012 4768 9013 4769 9013 4888 9013 4767 9014 4766 9014 4889 9014 4891 9015 4890 9015 4775 9015 4890 9016 4892 9016 4772 9016 4890 9017 4818 9017 4819 9017 4891 9018 4814 9018 4818 9018 4814 9019 4891 9019 4889 9019 4813 9020 4889 9020 4888 9020 4857 9021 4858 9021 4887 9021 4553 9022 4855 9022 4887 9022 4856 9023 4855 9023 4553 9023 4885 9024 4556 9024 4559 9024 4559 9025 4558 9025 4884 9025 4884 9026 4886 9026 4900 9026 4563 9027 4564 9027 4883 9027 4562 9028 4561 9028 4484 9028 4571 9029 4486 9029 4489 9029 4488 9030 4901 9030 4570 9030 4901 9031 4488 9031 4491 9031 4482 9032 4484 9032 4883 9032 4494 9033 4495 9033 4878 9033 4493 9034 4492 9034 4879 9034 4881 9035 4880 9035 4502 9035 4880 9036 4882 9036 4501 9036 4880 9037 4427 9037 4426 9037 4881 9038 4425 9038 4427 9038 4425 9039 4881 9039 4879 9039 4420 9040 4879 9040 4878 9040 4401 9041 4400 9041 4875 9041 4403 9042 4402 9042 4874 9042 4877 9043 4876 9043 4406 9043 4877 9044 4356 9044 4357 9044 4356 9045 4877 9045 4874 9045 4351 9046 4350 9046 4874 9046 4353 9047 4352 9047 4873 9047 4321 9048 4871 9048 4322 9048 4871 9049 4872 9049 4323 9049 4325 9050 4324 9050 4262 9050 4329 9051 4264 9051 4267 9051 4267 9052 4266 9052 4330 9052 4260 9053 4872 9053 4261 9053 4271 9054 4272 9054 4866 9054 4270 9055 4269 9055 4867 9055 4869 9056 4868 9056 4278 9056 4868 9057 4870 9057 4275 9057 4868 9058 4213 9058 4214 9058 4869 9059 4212 9059 4213 9059 4212 9060 4869 9060 4867 9060 4211 9061 4867 9061 4866 9061 4184 9062 4185 9062 4861 9062 4183 9063 4182 9063 4862 9063 4864 9064 4863 9064 4192 9064 4863 9065 4865 9065 4189 9065 4863 9066 4615 9066 4616 9066 4864 9067 4611 9067 4615 9067 4611 9068 4864 9068 4862 9068 4610 9069 4862 9069 4861 9069 4634 9070 4898 9070 4633 9070 4902 7665 4903 7665 4846 7665 4902 9071 4837 9071 4835 9071 4846 9072 4839 9072 4902 9072 4839 9073 4837 9073 4902 9073 4824 9074 4841 9074 4840 9074 4904 9075 4834 9075 4841 9075 4903 9076 4849 9076 4846 9076 4841 9077 4824 9077 4904 9077 4835 7667 4904 7667 4902 7667 4835 9078 4834 9078 4904 9078 4840 9079 4825 9079 4824 9079 4904 9080 4885 9080 4884 9080 4884 9081 4902 9081 4904 9081 4885 9082 4904 9082 4824 9082 4824 9083 4856 9083 4885 9083 4884 9084 4900 9084 4902 9084 4613 9085 4905 9085 4616 9085 4616 9086 4612 9086 4613 9086 4906 9087 4613 9087 4603 9087 4906 9088 4602 9088 4604 9088 4604 9089 4907 9089 4906 9089 4908 9090 4907 9090 4909 9090 4909 9091 4910 9091 4908 9091 4910 9092 4911 9092 4908 9092 4604 9093 4909 9093 4907 9093 4603 9094 4602 9094 4906 9094 4912 9095 4913 9095 4914 9095 4912 9096 4915 9096 4913 9096 4916 9097 4917 9097 4672 9097 4917 9098 4914 9098 4672 9098 4916 9099 4669 9099 4666 9099 4666 9100 4665 9100 4916 9100 4672 9101 4669 9101 4916 9101 4914 9102 4917 9102 4912 9102 4665 9103 4638 9103 4637 9103 4637 9104 4918 9104 4665 9104 4915 9105 4912 9105 4908 9105 4908 9106 4911 9106 4915 9106 4919 9107 4920 9107 4907 9107 4920 9108 4921 9108 4906 9108 4921 9109 4905 9109 4613 9109 4613 9110 4906 9110 4921 9110 4906 9111 4907 9111 4920 9111 4907 9112 4908 9112 4919 9112 4912 9113 4922 9113 4919 9113 4919 9114 4908 9114 4912 9114 4918 9115 4923 9115 4916 9115 4923 9116 4924 9116 4917 9116 4924 9117 4922 9117 4912 9117 4912 9118 4917 9118 4924 9118 4917 9119 4916 9119 4923 9119 4916 9120 4665 9120 4918 9120 4681 9121 4925 9121 4926 9121 4926 9122 4680 9122 4681 9122 4926 9123 4684 9123 4680 9123 4927 9124 4681 9124 4668 9124 4927 9125 4670 9125 4671 9125 4671 9126 4928 9126 4927 9126 4929 9127 4928 9127 4930 9127 4930 9128 4931 9128 4929 9128 4931 9129 4932 9129 4929 9129 4671 9130 4930 9130 4928 9130 4668 9131 4670 9131 4927 9131 4933 9132 4934 9132 4935 9132 4933 9133 4936 9133 4934 9133 4937 9134 4938 9134 4739 9134 4938 9135 4935 9135 4739 9135 4937 9136 4735 9136 4733 9136 4733 9137 4732 9137 4937 9137 4739 9138 4735 9138 4937 9138 4935 9139 4938 9139 4933 9139 4705 9140 4704 9140 4939 9140 4939 9141 4732 9141 4705 9141 4939 9142 4940 9142 4732 9142 4936 9143 4933 9143 4929 9143 4929 9144 4932 9144 4936 9144 4941 9145 4942 9145 4928 9145 4942 9146 4943 9146 4927 9146 4943 9147 4925 9147 4681 9147 4681 9148 4927 9148 4943 9148 4927 9149 4928 9149 4942 9149 4928 9150 4929 9150 4941 9150 4933 9151 4944 9151 4941 9151 4941 9152 4929 9152 4933 9152 4940 9153 4945 9153 4937 9153 4945 9154 4946 9154 4938 9154 4946 9155 4944 9155 4933 9155 4933 9156 4938 9156 4946 9156 4938 9157 4937 9157 4945 9157 4937 9158 4732 9158 4940 9158 4747 9159 4748 9159 4947 9159 4748 9160 4948 9160 4947 9160 4947 9161 4751 9161 4747 9161 4949 9162 4748 9162 4734 9162 4949 9163 4737 9163 4738 9163 4738 9164 4950 9164 4949 9164 4951 9165 4950 9165 4952 9165 4952 9166 4953 9166 4951 9166 4953 9167 4954 9167 4951 9167 4738 9168 4952 9168 4950 9168 4734 9169 4737 9169 4949 9169 4955 9170 4956 9170 4957 9170 4955 9171 4958 9171 4956 9171 4959 9172 4960 9172 4807 9172 4960 9173 4957 9173 4807 9173 4959 9174 4803 9174 4801 9174 4801 9175 4800 9175 4959 9175 4807 9176 4803 9176 4959 9176 4957 9177 4960 9177 4955 9177 4800 9178 4773 9178 4772 9178 4772 9179 4961 9179 4800 9179 4958 9180 4955 9180 4951 9180 4951 9181 4954 9181 4958 9181 4962 9182 4963 9182 4950 9182 4963 9183 4964 9183 4949 9183 4964 9184 4948 9184 4748 9184 4748 9185 4949 9185 4964 9185 4949 9186 4950 9186 4963 9186 4950 9187 4951 9187 4962 9187 4955 9188 4965 9188 4962 9188 4962 9189 4951 9189 4955 9189 4961 9190 4966 9190 4959 9190 4966 9191 4967 9191 4960 9191 4967 9192 4965 9192 4955 9192 4955 9193 4960 9193 4967 9193 4960 9194 4959 9194 4966 9194 4959 9195 4800 9195 4961 9195 4816 9196 4968 9196 4819 9196 4819 9197 4815 9197 4816 9197 4969 9198 4816 9198 4802 9198 4969 9199 4805 9199 4806 9199 4806 9200 4970 9200 4969 9200 4971 9201 4970 9201 4972 9201 4972 9202 4973 9202 4971 9202 4973 9203 4974 9203 4971 9203 4806 9204 4972 9204 4970 9204 4802 9205 4805 9205 4969 9205 4975 9206 4976 9206 4977 9206 4975 9207 4978 9207 4976 9207 4979 9208 4980 9208 4854 9208 4980 9209 4977 9209 4854 9209 4979 9210 4850 9210 4849 9210 4849 9211 4903 9211 4979 9211 4854 9212 4850 9212 4979 9212 4977 9213 4980 9213 4975 9213 4900 9214 4981 9214 4903 9214 4903 9215 4902 9215 4900 9215 4971 9216 4974 9216 4982 9216 4982 9217 4975 9217 4971 9217 4982 9218 4978 9218 4975 9218 4983 9219 4984 9219 4970 9219 4984 9220 4985 9220 4969 9220 4985 9221 4968 9221 4816 9221 4816 9222 4969 9222 4985 9222 4969 9223 4970 9223 4984 9223 4970 9224 4971 9224 4983 9224 4975 9225 4986 9225 4983 9225 4983 9226 4971 9226 4975 9226 4981 9227 4987 9227 4979 9227 4987 9228 4988 9228 4980 9228 4988 9229 4986 9229 4975 9229 4975 9230 4980 9230 4988 9230 4980 9231 4979 9231 4987 9231 4979 9232 4903 9232 4981 9232 4847 9233 4989 9233 4558 9233 4558 9234 4557 9234 4847 9234 4990 9235 4847 9235 4848 9235 4990 9236 4852 9236 4853 9236 4853 9237 4991 9237 4990 9237 4992 9238 4991 9238 4993 9238 4993 9239 4994 9239 4992 9239 4994 9240 4995 9240 4992 9240 4853 9241 4993 9241 4991 9241 4848 9242 4852 9242 4990 9242 4996 9243 4997 9243 4998 9243 4996 9244 4999 9244 4997 9244 5000 9245 5001 9245 4534 9245 5001 9246 4998 9246 4534 9246 5000 9247 4531 9247 4529 9247 4529 9248 4568 9248 5000 9248 4534 9249 4531 9249 5000 9249 4998 9250 5001 9250 4996 9250 4567 9251 4570 9251 5002 9251 5002 9252 4568 9252 4567 9252 4996 9253 4992 9253 5003 9253 4992 9254 4995 9254 5003 9254 5003 9255 4999 9255 4996 9255 5004 9256 5005 9256 4991 9256 5005 9257 5006 9257 4990 9257 5006 9258 4989 9258 4847 9258 4847 9259 4990 9259 5006 9259 4990 9260 4991 9260 5005 9260 4991 9261 4992 9261 5004 9261 4996 9262 5007 9262 5004 9262 5004 9263 4992 9263 4996 9263 5002 9264 5008 9264 5000 9264 5008 9265 5009 9265 5001 9265 5009 9266 5007 9266 4996 9266 4996 9267 5001 9267 5009 9267 5001 9268 5000 9268 5008 9268 5000 9269 4568 9269 5002 9269 4527 9270 5010 9270 4491 9270 4491 9271 4487 9271 4527 9271 5011 9272 4527 9272 4528 9272 5011 9273 4533 9273 4532 9273 4532 9274 5012 9274 5011 9274 5013 9275 5012 9275 5014 9275 5014 9276 5015 9276 5013 9276 5015 9277 5016 9277 5013 9277 4532 9278 5014 9278 5012 9278 4528 9279 4533 9279 5011 9279 5017 9280 5018 9280 5019 9280 5017 9281 5020 9281 5018 9281 5021 9282 5022 9282 4464 9282 5022 9283 5019 9283 4464 9283 5021 9284 4461 9284 4459 9284 4459 9285 4499 9285 5021 9285 4464 9286 4461 9286 5021 9286 5019 9287 5022 9287 5017 9287 4499 9288 4498 9288 4501 9288 4501 9289 5023 9289 4499 9289 5013 9290 5016 9290 5024 9290 5024 9291 5017 9291 5013 9291 5024 9292 5020 9292 5017 9292 5025 9293 5026 9293 5012 9293 5026 9294 5027 9294 5011 9294 5027 9295 5010 9295 4527 9295 4527 9296 5011 9296 5027 9296 5011 9297 5012 9297 5026 9297 5012 9298 5013 9298 5025 9298 5017 9299 5028 9299 5025 9299 5025 9300 5013 9300 5017 9300 5023 9301 5029 9301 5021 9301 5029 9302 5030 9302 5022 9302 5030 9303 5028 9303 5017 9303 5017 9304 5022 9304 5030 9304 5022 9305 5021 9305 5029 9305 5021 9306 4499 9306 5023 9306 5031 9307 4405 9307 4404 9307 4404 9308 4406 9308 5031 9308 5032 9309 5033 9309 5034 9309 5032 9310 5035 9310 5033 9310 5036 9311 5037 9311 4395 9311 5037 9312 5034 9312 4395 9312 5036 9313 4392 9313 4390 9313 4390 9314 4405 9314 5036 9314 4395 9315 4392 9315 5036 9315 5034 9316 5037 9316 5032 9316 5038 9317 4457 9317 4458 9317 5038 9318 4463 9318 4462 9318 4462 9319 5039 9319 5038 9319 5040 9320 5039 9320 5041 9320 5041 9321 5042 9321 5040 9321 5042 9322 5043 9322 5040 9322 4462 9323 5041 9323 5039 9323 4458 9324 4463 9324 5038 9324 4429 9325 4457 9325 5044 9325 5044 9326 4426 9326 4429 9326 5035 9327 5032 9327 5040 9327 5040 9328 5043 9328 5035 9328 5031 9329 5045 9329 5036 9329 5045 9330 5046 9330 5037 9330 5046 9331 5047 9331 5032 9331 5032 9332 5037 9332 5046 9332 5037 9333 5036 9333 5045 9333 5036 9334 4405 9334 5031 9334 5032 9335 5047 9335 5048 9335 5048 9336 5040 9336 5032 9336 5048 9337 5049 9337 5039 9337 5049 9338 5050 9338 5038 9338 5050 9339 5044 9339 4457 9339 4457 9340 5038 9340 5050 9340 5038 9341 5039 9341 5049 9341 5039 9342 5040 9342 5048 9342 4327 9343 4326 9343 4330 9343 4330 9344 5051 9344 4327 9344 5052 9345 5053 9345 5054 9345 5052 9346 5055 9346 5053 9346 5056 9347 5057 9347 4318 9347 5057 9348 5054 9348 4318 9348 5056 9349 4316 9349 4315 9349 4315 9350 4327 9350 5056 9350 4318 9351 4316 9351 5056 9351 5054 9352 5057 9352 5052 9352 5058 9353 4388 9353 4389 9353 5058 9354 4394 9354 4393 9354 4393 9355 5059 9355 5058 9355 5060 9356 5059 9356 5061 9356 5061 9357 5062 9357 5060 9357 5062 9358 5063 9358 5060 9358 4393 9359 5061 9359 5059 9359 4389 9360 4394 9360 5058 9360 4388 9361 5064 9361 4357 9361 4357 9362 4358 9362 4388 9362 5055 9363 5052 9363 5060 9363 5060 9364 5063 9364 5055 9364 5051 9365 5065 9365 5056 9365 5065 9366 5066 9366 5057 9366 5066 9367 5067 9367 5052 9367 5052 9368 5057 9368 5066 9368 5057 9369 5056 9369 5065 9369 5056 9370 4327 9370 5051 9370 5052 9371 5067 9371 5068 9371 5068 9372 5060 9372 5052 9372 5068 9373 5069 9373 5059 9373 5069 9374 5070 9374 5058 9374 5070 9375 5064 9375 4388 9375 4388 9376 5058 9376 5070 9376 5058 9377 5059 9377 5069 9377 5059 9378 5060 9378 5068 9378 4311 9379 5071 9379 4266 9379 4266 9380 4265 9380 4311 9380 5072 9381 4311 9381 4312 9381 5072 9382 4314 9382 4317 9382 4317 9383 5073 9383 5072 9383 5074 9384 5073 9384 5075 9384 5075 9385 5076 9385 5074 9385 5076 9386 5077 9386 5074 9386 4317 9387 5075 9387 5073 9387 4312 9388 4314 9388 5072 9388 5078 9389 5079 9389 5080 9389 5078 9390 5081 9390 5079 9390 5082 9391 5083 9391 4282 9391 5083 9392 5080 9392 4282 9392 5082 9393 4281 9393 4280 9393 4280 9394 4279 9394 5082 9394 4282 9395 4281 9395 5082 9395 5080 9396 5083 9396 5078 9396 4279 9397 4276 9397 4275 9397 4275 9398 5084 9398 4279 9398 5081 9399 5078 9399 5074 9399 5074 9400 5077 9400 5081 9400 5085 9401 5086 9401 5073 9401 5086 9402 5087 9402 5072 9402 5087 9403 5071 9403 4311 9403 4311 9404 5072 9404 5087 9404 5072 9405 5073 9405 5086 9405 5073 9406 5074 9406 5085 9406 5078 9407 5088 9407 5085 9407 5085 9408 5074 9408 5078 9408 5084 9409 5089 9409 5082 9409 5089 9410 5090 9410 5083 9410 5090 9411 5088 9411 5078 9411 5078 9412 5083 9412 5090 9412 5083 9413 5082 9413 5089 9413 5082 9414 4279 9414 5084 9414 4189 9415 5091 9415 4596 9415 4596 9416 4190 9416 4189 9416 5092 9417 5093 9417 5094 9417 5092 9418 5095 9418 5093 9418 5096 9419 5097 9419 4601 9419 5097 9420 5094 9420 4601 9420 5096 9421 4598 9421 4597 9421 4597 9422 4596 9422 5096 9422 4601 9423 4598 9423 5096 9423 5094 9424 5097 9424 5092 9424 5098 9425 5099 9425 5100 9425 5101 9426 5100 9426 5102 9426 5100 9427 5099 9427 5102 9427 5101 9428 5103 9428 5104 9428 5104 9429 5105 9429 5101 9429 5106 9430 5107 9430 5108 9430 5109 9431 5108 9431 5110 9431 5108 9432 5107 9432 5110 9432 5109 9433 5111 9433 5112 9433 5112 9434 5113 9434 5109 9434 5114 9435 5115 9435 5116 9435 5115 9436 5117 9436 5118 9436 5119 9437 5118 9437 5120 9437 5118 9438 5117 9438 5120 9438 5119 9439 5121 9439 5122 9439 5122 9440 5123 9440 5119 9440 5124 9441 5125 9441 5126 9441 5127 9442 5126 9442 5128 9442 5126 9443 5125 9443 5128 9443 5127 9444 5129 9444 5130 9444 5130 9445 5131 9445 5127 9445 5132 9446 5133 9446 5134 9446 5133 9447 5135 9447 5136 9447 5137 9448 5136 9448 5138 9448 5136 9449 5135 9449 5138 9449 5137 9450 5139 9450 5140 9450 5140 9451 5141 9451 5137 9451 5142 9452 5143 9452 5144 9452 5145 9453 5144 9453 5146 9453 5144 9454 5143 9454 5146 9454 5145 9455 5147 9455 5148 9455 5148 9456 5149 9456 5145 9456 5150 9457 5098 9457 5151 9457 5151 9458 5100 9458 5152 9458 5100 9459 5101 9459 5153 9459 5101 9460 5105 9460 5154 9460 5105 9461 5108 9461 5155 9461 5108 9462 5109 9462 5156 9462 5109 9463 5113 9463 5157 9463 5113 9464 5116 9464 5158 9464 5116 9465 5118 9465 5159 9465 5118 9466 5119 9466 5160 9466 5119 9467 5123 9467 5161 9467 5123 9468 5126 9468 5162 9468 5126 9469 5127 9469 5163 9469 5127 9470 5131 9470 5164 9470 5131 9471 5134 9471 5165 9471 5134 9472 5136 9472 5166 9472 5136 9473 5137 9473 5167 9473 5137 9474 5141 9474 5168 9474 5141 9475 5144 9475 5169 9475 5144 9476 5145 9476 5170 9476 5145 9477 5149 9477 5171 9477 5149 9478 5151 9478 5172 9478 5156 9479 5157 9479 5173 9479 5158 9480 5159 9480 5174 9480 5160 9481 5161 9481 5175 9481 5162 9482 5163 9482 5176 9482 5164 9483 5165 9483 5177 9483 5166 9484 5167 9484 5178 9484 5179 9485 5175 9485 4285 9485 5180 9486 5176 9486 4600 9486 5154 9487 5155 9487 5042 9487 5181 9488 5041 9488 4462 9488 5181 9489 5042 9489 5041 9489 5181 9490 4460 9490 4464 9490 4464 9491 5019 9491 5181 9491 5154 9492 5181 9492 5018 9492 5018 9493 5153 9493 5154 9493 5018 9494 5020 9494 5153 9494 5152 9495 5153 9495 5015 9495 5153 9496 5016 9496 5015 9496 5153 9497 5024 9497 5016 9497 5182 9498 5014 9498 4532 9498 5182 9499 5015 9499 5014 9499 5182 9500 4530 9500 4534 9500 4534 9501 4998 9501 5182 9501 5152 9502 5182 9502 4997 9502 4997 9503 5172 9503 5152 9503 4997 9504 4999 9504 5172 9504 5171 9505 5172 9505 4994 9505 5172 9506 4995 9506 4994 9506 5172 9507 5003 9507 4995 9507 5183 9508 4993 9508 4853 9508 5183 9509 4994 9509 4993 9509 5183 9510 4851 9510 4854 9510 4854 9511 4977 9511 5183 9511 5171 9512 5183 9512 4976 9512 4976 9513 5170 9513 5171 9513 4976 9514 4978 9514 5170 9514 5169 9515 5170 9515 4973 9515 5170 9516 4974 9516 4973 9516 5170 9517 4982 9517 4974 9517 5184 9518 4972 9518 4806 9518 5184 9519 4973 9519 4972 9519 5184 9520 4804 9520 4807 9520 4807 9521 4957 9521 5184 9521 5169 9522 5184 9522 4956 9522 5167 9523 4954 9523 4953 9523 5168 9524 4958 9524 4954 9524 5168 9525 4956 9525 4958 9525 4954 9526 5167 9526 5168 9526 5178 9527 4952 9527 4738 9527 5178 9528 4953 9528 4952 9528 5178 9529 4736 9529 4739 9529 4739 9530 4935 9530 5178 9530 5165 9531 4932 9531 4931 9531 5166 9532 4936 9532 4932 9532 5166 9533 5185 9533 4934 9533 4934 9534 4936 9534 5166 9534 4932 9535 5165 9535 5166 9535 5177 9536 4930 9536 4671 9536 5177 9537 4931 9537 4930 9537 5177 9538 4667 9538 4672 9538 4672 9539 5186 9539 5177 9539 5163 9540 4911 9540 4910 9540 5164 9541 4915 9541 4911 9541 5164 9542 5186 9542 4913 9542 4913 9543 4915 9543 5164 9543 4911 9544 5163 9544 5164 9544 5176 9545 4909 9545 4604 9545 5176 9546 4910 9546 4909 9546 5180 9547 4599 9547 4601 9547 4601 9548 5094 9548 5180 9548 5161 9549 5187 9549 5188 9549 5162 9550 5095 9550 5187 9550 5162 9551 5180 9551 5093 9551 5093 9552 5095 9552 5162 9552 5187 9553 5161 9553 5162 9553 5175 9554 5189 9554 4286 9554 5175 9555 5188 9555 5189 9555 5179 9556 4283 9556 4282 9556 4282 9557 5080 9557 5179 9557 5159 9558 5077 9558 5076 9558 5159 9559 5160 9559 5081 9559 5160 9560 5179 9560 5079 9560 5079 9561 5081 9561 5160 9561 5081 9562 5077 9562 5159 9562 5174 9563 5076 9563 5075 9563 5190 9564 5174 9564 4317 9564 5190 9565 4313 9565 4318 9565 4318 9566 5054 9566 5190 9566 5157 9567 5063 9567 5062 9567 5157 9568 5158 9568 5055 9568 5055 9569 5063 9569 5157 9569 5158 9570 5190 9570 5053 9570 5053 9571 5055 9571 5158 9571 5191 9572 5061 9572 4393 9572 5191 9573 5173 9573 5061 9573 5191 9574 4391 9574 4395 9574 4395 9575 5034 9575 5191 9575 5155 9576 5156 9576 5035 9576 5035 9577 5043 9577 5155 9577 5156 9578 5191 9578 5033 9578 5033 9579 5035 9579 5156 9579 5043 9580 5042 9580 5155 9580 5034 9581 5033 9581 5191 9581 4393 9582 4391 9582 5191 9582 5061 9583 5173 9583 5062 9583 5062 9584 5173 9584 5157 9584 5054 9585 5053 9585 5190 9585 4317 9586 4313 9586 5190 9586 5075 9587 4317 9587 5174 9587 5076 9588 5174 9588 5159 9588 5080 9589 5079 9589 5179 9589 4286 9590 4285 9590 5175 9590 5188 9591 5175 9591 5161 9591 5094 9592 5093 9592 5180 9592 4604 9593 4600 9593 5176 9593 4910 9594 5176 9594 5163 9594 4913 9595 5186 9595 4914 9595 4672 9596 4914 9596 5186 9596 4671 9597 4667 9597 5177 9597 4931 9598 5177 9598 5165 9598 4934 9599 5185 9599 4935 9599 4935 9600 5185 9600 5178 9600 4738 9601 4736 9601 5178 9601 4953 9602 5178 9602 5167 9602 4956 9603 5168 9603 5169 9603 4957 9604 4956 9604 5184 9604 4806 9605 4804 9605 5184 9605 4973 9606 5184 9606 5169 9606 4978 9607 4982 9607 5170 9607 4977 9608 4976 9608 5183 9608 4853 9609 4851 9609 5183 9609 4994 9610 5183 9610 5171 9610 4999 9611 5003 9611 5172 9611 4998 9612 4997 9612 5182 9612 4532 9613 4530 9613 5182 9613 5015 9614 5182 9614 5152 9614 5020 9615 5024 9615 5153 9615 5019 9616 5018 9616 5181 9616 4462 9617 4460 9617 5181 9617 5042 9618 5181 9618 5154 9618 4600 9619 4599 9619 5180 9619 4285 9620 4283 9620 5179 9620 5178 9621 5185 9621 5166 9621 5177 9622 5186 9622 5164 9622 5176 9623 5180 9623 5162 9623 5175 9624 5179 9624 5160 9624 5174 9625 5190 9625 5158 9625 5173 9626 5191 9626 5156 9626 5172 9627 5171 9627 5149 9627 5171 9628 5170 9628 5145 9628 5170 9629 5169 9629 5144 9629 5169 9630 5168 9630 5141 9630 5168 9631 5167 9631 5137 9631 5167 9632 5166 9632 5136 9632 5166 9633 5165 9633 5134 9633 5165 9634 5164 9634 5131 9634 5164 9635 5163 9635 5127 9635 5163 9636 5162 9636 5126 9636 5162 9637 5161 9637 5123 9637 5161 9638 5160 9638 5119 9638 5160 9639 5159 9639 5118 9639 5159 9640 5158 9640 5116 9640 5158 9641 5157 9641 5113 9641 5157 9642 5156 9642 5109 9642 5156 9643 5155 9643 5108 9643 5155 9644 5154 9644 5105 9644 5154 9645 5153 9645 5101 9645 5153 9646 5152 9646 5100 9646 5152 9647 5172 9647 5151 9647 5151 9648 5149 9648 5150 9648 5148 9649 5150 9649 5149 9649 5146 9650 5147 9650 5145 9650 5144 9651 5141 9651 5142 9651 5140 9652 5142 9652 5141 9652 5138 9653 5139 9653 5137 9653 5136 9654 5134 9654 5133 9654 5134 9655 5131 9655 5132 9655 5130 9656 5132 9656 5131 9656 5128 9657 5129 9657 5127 9657 5126 9658 5123 9658 5124 9658 5122 9659 5124 9659 5123 9659 5120 9660 5121 9660 5119 9660 5118 9661 5116 9661 5115 9661 5116 9662 5113 9662 5114 9662 5112 9663 5114 9663 5113 9663 5110 9664 5111 9664 5109 9664 5108 9665 5105 9665 5106 9665 5104 9666 5106 9666 5105 9666 5102 9667 5103 9667 5101 9667 5100 9668 5151 9668 5098 9668 5192 9669 4241 9669 4242 9669 5192 9670 4284 9670 4286 9670 4286 9671 5193 9671 5192 9671 5194 9672 5193 9672 5189 9672 5189 9673 5188 9673 5194 9673 5188 9674 5187 9674 5194 9674 4286 9675 5189 9675 5193 9675 4242 9676 4284 9676 5192 9676 4241 9677 5195 9677 4214 9677 4214 9678 4216 9678 4241 9678 5095 9679 5092 9679 5194 9679 5194 9680 5187 9680 5095 9680 5092 9681 5196 9681 5197 9681 5197 9682 5194 9682 5092 9682 5091 9683 5198 9683 5096 9683 5198 9684 5199 9684 5097 9684 5199 9685 5196 9685 5092 9685 5092 9686 5097 9686 5199 9686 5097 9687 5096 9687 5198 9687 5096 9688 4596 9688 5091 9688 5197 9689 5200 9689 5193 9689 5200 9690 5201 9690 5192 9690 5201 9691 5195 9691 4241 9691 4241 9692 5192 9692 5201 9692 5192 9693 5193 9693 5200 9693 5193 9694 5194 9694 5197 9694 5202 9695 5203 9695 5099 9695 5203 9696 5102 9696 5099 9696 5204 9697 5104 9697 5103 9697 5103 9698 5203 9698 5204 9698 5204 9699 5205 9699 5107 9699 5107 9700 5106 9700 5204 9700 5205 9701 5110 9701 5107 9701 5205 9702 5206 9702 5111 9702 5206 9703 5112 9703 5111 9703 5207 9704 5115 9704 5114 9704 5114 9705 5206 9705 5207 9705 5207 9706 5208 9706 5117 9706 5208 9707 5120 9707 5117 9707 5209 9708 5122 9708 5121 9708 5121 9709 5208 9709 5209 9709 5121 9710 5120 9710 5208 9710 5210 9711 5211 9711 5125 9711 5125 9712 5124 9712 5210 9712 5211 9713 5128 9713 5125 9713 5212 9714 5213 9714 5129 9714 5213 9715 5130 9715 5129 9715 5128 9716 5211 9716 5212 9716 5214 9717 5133 9717 5132 9717 5132 9718 5213 9718 5214 9718 5214 9719 5215 9719 5135 9719 5215 9720 5138 9720 5135 9720 5216 9721 5140 9721 5139 9721 5139 9722 5215 9722 5216 9722 5217 9723 5146 9723 5143 9723 5143 9724 5142 9724 5218 9724 5218 9725 5219 9725 5143 9725 5142 9726 5220 9726 5218 9726 5216 9727 5220 9727 5142 9727 5142 9728 5140 9728 5216 9728 5217 9729 5221 9729 5147 9729 5221 9730 5148 9730 5147 9730 5202 9731 5098 9731 5150 9731 5150 9732 5221 9732 5202 9732 5150 9733 5148 9733 5221 9733 5147 9734 5146 9734 5217 9734 5143 9735 5219 9735 5217 9735 5139 9736 5138 9736 5215 9736 5135 9737 5133 9737 5214 9737 5132 9738 5130 9738 5213 9738 5129 9739 5128 9739 5212 9739 5124 9740 5122 9740 5210 9740 5209 9741 5210 9741 5122 9741 5117 9742 5115 9742 5207 9742 5114 9743 5112 9743 5206 9743 5111 9744 5110 9744 5205 9744 5106 9745 5104 9745 5204 9745 5103 9746 5102 9746 5203 9746 5099 9747 5098 9747 5202 9747 5222 9748 5223 9748 5224 9748 5225 1327 5226 1327 5227 1327 5228 1327 5229 1327 5230 1327 5231 1327 5232 1327 5233 1327 4704 1327 4897 1327 5234 1327 4947 1327 5234 1327 4897 1327 4961 1327 4772 1327 4892 1327 5235 1327 4983 1327 4986 1327 4981 1327 4900 1327 4886 1327 5235 1327 4987 1327 4981 1327 5235 1327 4984 1327 4983 1327 4961 1327 4985 1327 4984 1327 4981 1327 4558 1327 5235 1327 4984 1327 5235 1327 4961 1327 4961 1327 4819 1327 4968 1327 5235 1327 4988 1327 4987 1327 4968 1327 4985 1327 4961 1327 4986 1327 4988 1327 5235 1327 5235 1327 4558 1327 4989 1327 5222 9749 5236 9749 5002 9749 5023 1327 4501 1327 4882 1327 4882 1327 5044 1327 5023 1327 5044 1327 5029 1327 5023 1327 5044 9750 5222 9750 5030 9750 5222 9751 5026 9751 5025 9751 5030 1327 5029 1327 5044 1327 5025 1327 5028 1327 5222 1327 5028 1327 5030 1327 5222 1327 5222 9752 4570 9752 5010 9752 5010 1327 4570 1327 4901 1327 5222 1327 5027 1327 5026 1327 4901 1327 4491 1327 5010 1327 5010 1327 5027 1327 5222 1327 5226 1327 5086 1327 5085 1327 4330 1327 4266 1327 5071 1327 5085 1327 5088 1327 5226 1327 5051 1327 5087 1327 5086 1327 5071 1327 5051 1327 4330 1327 5084 1327 4275 1327 4870 1327 5226 1327 5089 1327 5084 1327 5088 1327 5090 1327 5226 1327 5071 1327 5087 1327 5051 1327 5084 1327 4214 1327 5226 1327 5086 1327 5226 1327 5051 1327 5090 1327 5089 1327 5226 1327 5226 1327 4214 1327 5195 1327 5233 9753 5232 9753 5091 9753 5233 9754 4920 9754 4919 9754 4919 1327 4922 1327 5233 1327 4925 9755 5233 9755 4924 9755 5233 1327 4921 1327 4920 1327 5233 9756 4189 9756 4905 9756 4905 1327 4189 1327 4865 1327 4918 1327 4637 1327 4926 1327 4922 1327 4924 1327 5233 1327 4865 1327 4616 1327 4905 1327 4925 1327 4923 1327 4918 1327 4905 1327 4921 1327 5233 1327 4924 1327 4923 1327 4925 1327 5237 1327 5238 1327 4941 1327 5239 9757 5240 9757 5241 9757 4941 1327 4944 1327 5237 1327 4946 1327 5239 1327 5242 1327 5241 1327 5243 1327 5239 1327 4946 1327 5244 1327 5237 1327 5239 1327 5245 1327 5242 1327 5243 1327 5246 1327 5239 1327 5234 1327 5239 1327 4945 1327 5242 1327 5244 1327 4946 1327 5240 1327 5247 1327 5241 1327 4945 1327 4940 1327 5234 1327 4942 1327 4941 1327 5238 1327 5246 1327 5245 1327 5239 1327 5239 1327 4946 1327 4945 1327 4944 1327 4946 1327 5237 1327 5238 1327 5248 1327 4942 1327 5233 9758 4943 9758 5249 9758 5240 9759 5233 9759 5250 9759 5233 1327 5251 1327 5252 1327 4943 1327 5253 1327 5249 1327 4943 1327 4942 1327 5248 1327 5252 1327 5250 1327 5233 1327 5248 1327 5253 1327 4943 1327 5249 1327 5251 1327 5233 1327 5233 1327 4925 1327 4943 1327 4966 1327 5235 1327 5254 1327 5235 1327 5230 1327 5255 1327 5235 1327 5256 1327 5254 1327 5255 1327 5257 1327 5235 1327 4966 1327 5258 1327 5259 1327 5257 1327 5256 1327 5235 1327 5254 1327 5258 1327 4966 1327 5259 1327 4967 1327 4966 1327 5260 1327 4963 1327 4962 1327 4965 1327 4967 1327 5261 1327 4962 1327 5262 1327 5260 1327 5262 1327 4962 1327 4965 1327 5230 1327 5239 1327 5263 1327 5239 1327 5264 1327 5265 1327 5239 1327 4963 1327 5266 1327 5261 1327 5262 1327 4965 1327 5263 1327 5267 1327 5230 1327 5266 1327 5264 1327 5239 1327 4967 1327 5259 1327 5261 1327 5239 1327 5268 1327 5263 1327 5260 1327 5266 1327 4963 1327 5265 1327 5268 1327 5239 1327 5234 1327 4948 1327 4964 1327 5239 1327 4964 1327 4963 1327 5234 1327 4947 1327 4948 1327 4964 1327 5239 1327 5234 1327 5005 1327 5004 1327 5269 1327 5270 1327 5269 1327 5004 1327 5009 1327 5271 1327 5270 1327 5236 1327 5272 1327 5273 1327 5228 1327 5005 1327 5274 1327 5269 1327 5275 1327 5005 1327 5270 1327 5007 1327 5009 1327 5273 1327 5009 1327 5236 1327 5275 1327 5274 1327 5005 1327 5273 1327 5271 1327 5009 1327 5004 1327 5007 1327 5270 1327 5228 1327 5006 1327 5005 1327 5274 1327 5276 1327 5228 1327 5009 9760 5008 9760 5236 9760 5228 1327 4989 1327 5006 1327 5236 1327 5224 1327 5277 1327 5224 1327 5278 1327 5279 1327 5229 1327 5280 1327 5281 1327 5279 1327 5277 1327 5224 1327 5281 1327 5224 1327 5229 1327 5229 1327 5282 1327 5283 1327 5228 1327 5276 1327 5282 1327 5281 1327 5278 1327 5224 1327 5282 1327 5229 1327 5228 1327 5283 1327 5280 1327 5229 1327 5222 1327 5284 1327 5285 1327 5222 1327 5286 1327 5284 1327 5050 1327 5287 1327 5288 1327 5050 1327 5049 1327 5289 1327 5222 1327 5288 1327 5286 1327 5289 1327 5287 1327 5050 1327 5288 1327 5222 1327 5050 1327 5222 1327 5044 1327 5050 1327 5048 1327 5290 1327 5291 1327 5292 1327 5290 1327 5047 1327 5293 1327 5294 1327 5295 1327 5223 1327 5296 1327 5297 1327 5291 1327 5049 1327 5048 1327 5046 1327 5295 1327 5292 1327 5293 1327 5298 1327 5294 1327 5297 1327 5293 1327 5223 1327 4876 1327 5293 1327 5031 1327 5048 1327 5047 1327 5290 1327 5295 1327 5046 1327 5293 1327 5297 1327 5299 1327 5293 1327 5293 1327 5045 1327 5031 1327 5047 1327 5046 1327 5292 1327 5223 1327 5285 1327 5296 1327 5293 1327 5046 1327 5045 1327 5299 1327 5298 1327 5293 1327 5291 1327 5289 1327 5049 1327 5300 1327 5068 1327 5067 1327 5300 1327 5069 1327 5068 1327 5293 1327 5301 1327 5302 1327 5293 1327 5303 1327 5304 1327 5069 1327 5305 1327 5306 1327 5067 1327 5307 1327 5300 1327 5302 1327 5225 1327 5293 1327 5293 1327 5306 1327 5303 1327 5300 1327 5305 1327 5069 1327 5066 1327 5308 1327 5307 1327 5304 1327 5301 1327 5293 1327 5307 1327 5067 1327 5066 1327 5306 1327 5293 1327 5069 1327 4876 1327 4357 1327 5064 1327 5293 1327 5070 1327 5069 1327 5064 1327 5293 1327 4876 1327 5064 1327 5070 1327 5293 1327 5226 1327 5309 1327 5310 1327 5065 1327 5311 1327 5308 1327 5310 1327 5065 1327 5226 1327 5226 1327 5312 1327 5313 1327 5225 1327 5314 1327 5312 1327 5310 1327 5311 1327 5065 1327 5312 1327 5226 1327 5225 1327 5313 1327 5309 1327 5226 1327 5308 1327 5066 1327 5065 1327 5232 1327 5231 1327 5315 1327 5231 1327 5316 1327 5315 1327 5317 1327 5318 1327 5319 1327 5231 1327 5319 1327 5316 1327 5317 1327 5320 1327 5318 1327 5227 1327 5321 1327 5322 1327 5319 1327 5231 1327 5317 1327 5322 1327 5317 1327 5227 1327 5322 1327 5320 1327 5317 1327 5323 1327 5200 1327 5197 1327 5196 1327 5324 1327 5325 1327 5227 1327 5200 1327 5326 1327 5197 1327 5325 1327 5323 1327 5325 1327 5197 1327 5196 1327 5232 1327 5327 1327 5328 1327 5326 1327 5329 1327 5227 1327 5196 1327 5199 1327 5324 1327 5328 1327 5199 1327 5232 1327 5323 1327 5326 1327 5200 1327 5232 1327 5330 1327 5327 1327 5328 1327 5324 1327 5199 1327 5329 1327 5321 1327 5227 1327 5227 1327 5195 1327 5201 1327 5201 1327 5200 1327 5227 1327 5199 9761 5198 9761 5232 9761 5239 1327 5230 1327 5331 1327 5230 1327 5229 1327 5332 1327 5332 1327 5331 1327 5230 1327 5239 1327 5333 1327 5334 1327 5334 1327 5240 1327 5239 1327 5317 9762 5231 9762 5335 9762 5335 1327 5336 1327 5317 1327 5336 1327 5337 1327 5317 1327 5231 1327 5334 1327 5338 1327 5338 1327 5335 1327 5231 1327 5293 1327 5225 1327 5339 1327 5225 1327 5317 1327 5339 1327 5223 1327 5340 1327 5341 1327 5293 1327 5342 1327 5340 1327 5340 1327 5223 1327 5293 1327 5224 1327 5343 1327 5344 1327 5224 1327 5341 1327 5343 1327 5344 1327 5229 1327 5224 1327 5344 9763 5345 9763 5229 9763 5345 1327 5332 1327 5229 1327 5341 1327 5224 1327 5223 1327 5339 1327 5342 1327 5293 1327 5337 1327 5339 1327 5317 1327 5334 1327 5231 1327 5240 1327 5331 1327 5333 1327 5239 1327 5198 1327 5091 1327 5232 1327 5315 1327 5330 1327 5232 1327 5065 1327 5051 1327 5226 1327 5302 1327 5314 1327 5225 1327 5031 1327 4406 1327 4876 1327 5285 9764 5223 9764 5222 9764 5277 1327 5272 1327 5236 1327 5008 1327 5002 1327 5236 1327 5267 1327 5255 1327 5230 1327 4966 1327 4961 1327 5235 1327 5250 1327 5247 1327 5240 1327 4940 1327 4939 1327 5234 1327 4926 1327 4925 1327 4918 1327 5091 1327 4189 1327 5233 1327 5195 1327 5227 1327 5226 1327 4870 1327 4214 1327 5084 1327 4882 1327 4426 1327 5044 1327 5002 1327 4570 1327 5222 1327 4989 1327 5228 1327 5235 1327 4886 1327 4558 1327 4981 1327 4892 1327 4819 1327 4961 1327 4897 1327 4751 1327 4947 1327 5234 1327 4939 1327 4704 1327 4926 1327 4637 1327 4684 1327 5233 9765 5240 9765 5231 9765 5230 1327 5235 1327 5228 1327 5227 1327 5317 1327 5225 1327 5224 1327 5236 1327 5222 1327 5345 9766 5344 9766 5346 9766 5332 9767 5345 9767 5347 9767 5331 9768 5332 9768 5348 9768 5333 9769 5331 9769 5349 9769 5334 9770 5333 9770 5350 9770 5338 9771 5334 9771 5351 9771 5335 9772 5338 9772 5352 9772 5336 9773 5335 9773 5353 9773 5337 9774 5336 9774 5354 9774 5339 9775 5337 9775 5355 9775 5342 9776 5339 9776 5356 9776 5340 9777 5342 9777 5357 9777 5341 9778 5340 9778 5358 9778 5343 9779 5341 9779 5359 9779 5344 9780 5343 9780 5360 9780 5360 9781 5346 9781 5344 9781 5359 9782 5360 9782 5343 9782 5358 9783 5359 9783 5341 9783 5357 9784 5358 9784 5340 9784 5356 9785 5357 9785 5342 9785 5355 9786 5356 9786 5339 9786 5354 9787 5355 9787 5337 9787 5353 9788 5354 9788 5336 9788 5352 9789 5353 9789 5335 9789 5351 9790 5352 9790 5338 9790 5350 8717 5351 8717 5334 8717 5349 9791 5350 9791 5333 9791 5348 9768 5349 9768 5331 9768 5347 9792 5348 9792 5332 9792 5346 9793 5347 9793 5345 9793 5361 9794 5362 9794 5346 9794 5362 9795 5363 9795 5347 9795 5347 9796 5346 9796 5362 9796 5363 9797 5364 9797 5348 9797 5364 42 5365 42 5349 42 5365 9798 5366 9798 5350 9798 5367 42 5355 42 5354 42 5368 9799 5356 9799 5355 9799 5369 42 5358 42 5357 42 5370 42 5359 42 5358 42 5348 42 5347 42 5363 42 5350 42 5349 42 5365 42 5366 9800 5371 9800 5351 9800 5371 9798 5372 9798 5352 9798 5355 42 5367 42 5368 42 5368 42 5373 42 5357 42 5358 42 5369 42 5370 42 5370 9801 5361 9801 5360 9801 5349 42 5348 42 5364 42 5352 9802 5351 9802 5371 9802 5372 9803 5374 9803 5353 9803 5375 42 5354 42 5353 42 5357 9804 5356 9804 5368 9804 5360 9805 5359 9805 5370 9805 5351 9806 5350 9806 5366 9806 5353 42 5374 42 5375 42 5357 42 5373 42 5369 42 5353 9807 5352 9807 5372 9807 5346 9808 5360 9808 5361 9808 5354 9803 5375 9803 5367 9803 5376 9809 5362 9809 5361 9809 5377 9810 5361 9810 5370 9810 5378 9811 5370 9811 5369 9811 5379 9812 5369 9812 5373 9812 5380 9813 5373 9813 5368 9813 5381 9814 5368 9814 5367 9814 5382 9815 5367 9815 5375 9815 5383 9816 5375 9816 5374 9816 5384 9817 5374 9817 5372 9817 5385 9818 5372 9818 5371 9818 5386 9819 5371 9819 5366 9819 5387 9820 5366 9820 5365 9820 5388 9821 5365 9821 5364 9821 5389 9822 5364 9822 5363 9822 5390 9823 5363 9823 5362 9823 5362 9823 5376 9823 5390 9823 5363 9824 5390 9824 5389 9824 5364 9821 5389 9821 5388 9821 5365 9820 5388 9820 5387 9820 5366 9819 5387 9819 5386 9819 5371 9825 5386 9825 5385 9825 5372 9817 5385 9817 5384 9817 5374 9826 5384 9826 5383 9826 5375 9827 5383 9827 5382 9827 5367 9828 5382 9828 5381 9828 5368 9813 5381 9813 5380 9813 5373 9812 5380 9812 5379 9812 5369 9829 5379 9829 5378 9829 5370 9810 5378 9810 5377 9810 5361 9809 5377 9809 5376 9809 5391 9830 5392 9830 5325 9830 5393 9831 5391 9831 5324 9831 5394 9832 5393 9832 5328 9832 5395 9812 5394 9812 5327 9812 5396 9833 5395 9833 5330 9833 5397 9834 5396 9834 5315 9834 5398 9835 5397 9835 5316 9835 5399 9836 5398 9836 5319 9836 5400 9837 5399 9837 5318 9837 5401 9838 5400 9838 5320 9838 5402 9839 5401 9839 5322 9839 5403 9840 5402 9840 5321 9840 5404 9841 5403 9841 5329 9841 5405 9842 5404 9842 5326 9842 5392 9843 5405 9843 5323 9843 5323 9844 5325 9844 5392 9844 5326 9842 5323 9842 5405 9842 5329 9841 5326 9841 5404 9841 5321 9845 5329 9845 5403 9845 5322 9839 5321 9839 5402 9839 5320 9846 5322 9846 5401 9846 5318 9817 5320 9817 5400 9817 5319 9836 5318 9836 5399 9836 5316 9847 5319 9847 5398 9847 5315 9834 5316 9834 5397 9834 5330 9848 5315 9848 5396 9848 5327 9812 5330 9812 5395 9812 5328 9849 5327 9849 5394 9849 5324 9850 5328 9850 5393 9850 5325 9830 5324 9830 5391 9830 5400 9851 5406 9851 5407 9851 5401 1327 5408 1327 5406 1327 5406 1327 5400 1327 5401 1327 5402 1327 5409 1327 5408 1327 5394 9852 5410 9852 5411 9852 5394 1327 5395 1327 5412 1327 5396 9853 5413 9853 5412 9853 5396 9854 5397 9854 5414 9854 5408 1327 5401 1327 5402 1327 5403 1327 5415 1327 5409 1327 5404 1327 5416 1327 5415 1327 5404 1327 5405 1327 5417 1327 5412 1327 5410 1327 5394 1327 5414 9855 5413 9855 5396 9855 5398 1327 5418 1327 5414 1327 5398 9856 5399 9856 5407 9856 5409 1327 5402 1327 5403 1327 5417 1327 5416 1327 5404 1327 5391 1327 5419 1327 5420 1327 5391 1327 5393 1327 5411 1327 5412 9857 5395 9857 5396 9857 5407 9858 5418 9858 5398 9858 5415 1327 5403 1327 5404 1327 5405 1327 5392 1327 5420 1327 5411 1327 5419 1327 5391 1327 5414 1327 5397 1327 5398 1327 5420 1327 5417 1327 5405 1327 5411 1327 5393 1327 5394 1327 5420 1327 5392 1327 5391 1327 5407 9859 5399 9859 5400 9859 5421 9860 5422 9860 5420 9860 5423 9861 5421 9861 5419 9861 5424 9862 5423 9862 5411 9862 5425 9863 5424 9863 5410 9863 5426 9864 5425 9864 5412 9864 5427 9865 5426 9865 5413 9865 5428 9866 5427 9866 5414 9866 5407 9867 5429 9867 5430 9867 5430 9868 5418 9868 5407 9868 5431 9869 5429 9869 5407 9869 5432 9870 5431 9870 5406 9870 5433 9871 5432 9871 5408 9871 5434 9872 5433 9872 5409 9872 5435 9873 5434 9873 5415 9873 5436 9874 5435 9874 5416 9874 5422 9875 5436 9875 5417 9875 5417 9876 5420 9876 5422 9876 5416 9877 5417 9877 5436 9877 5415 9878 5416 9878 5435 9878 5409 9872 5415 9872 5434 9872 5408 9879 5409 9879 5433 9879 5406 9880 5408 9880 5432 9880 5407 9881 5406 9881 5431 9881 5430 9882 5428 9882 5418 9882 5414 9866 5418 9866 5428 9866 5413 9883 5414 9883 5427 9883 5412 9884 5413 9884 5426 9884 5410 9885 5412 9885 5425 9885 5411 9886 5410 9886 5424 9886 5419 9887 5411 9887 5423 9887 5420 9860 5419 9860 5421 9860 5437 9830 5438 9830 5309 9830 5439 9888 5437 9888 5313 9888 5440 9889 5439 9889 5312 9889 5441 9812 5440 9812 5314 9812 5442 9813 5441 9813 5302 9813 5443 9814 5442 9814 5301 9814 5444 9815 5443 9815 5304 9815 5445 9890 5444 9890 5303 9890 5446 9837 5445 9837 5306 9837 5447 9891 5446 9891 5305 9891 5448 9819 5447 9819 5300 9819 5449 9892 5448 9892 5307 9892 5450 9893 5449 9893 5308 9893 5451 8110 5450 8110 5311 8110 5438 9894 5451 9894 5310 9894 5310 9894 5309 9894 5438 9894 5311 9895 5310 9895 5451 9895 5308 9893 5311 9893 5450 9893 5307 9896 5308 9896 5449 9896 5300 9897 5307 9897 5448 9897 5305 9818 5300 9818 5447 9818 5306 9898 5305 9898 5446 9898 5303 9890 5306 9890 5445 9890 5304 9827 5303 9827 5444 9827 5301 9814 5304 9814 5443 9814 5302 9813 5301 9813 5442 9813 5314 9899 5302 9899 5441 9899 5312 9811 5314 9811 5440 9811 5313 9900 5312 9900 5439 9900 5309 9830 5313 9830 5437 9830 5448 1327 5452 1327 5453 1327 5448 1327 5449 1327 5454 1327 5441 1327 5455 1327 5456 1327 5441 1327 5442 1327 5457 1327 5442 1327 5443 1327 5458 1327 5443 1327 5444 1327 5459 1327 5446 1327 5460 1327 5461 1327 5447 1327 5453 1327 5460 1327 5454 1327 5452 1327 5448 1327 5449 1327 5450 1327 5462 1327 5437 1327 5463 1327 5464 1327 5439 1327 5465 1327 5463 1327 5457 1327 5455 1327 5441 1327 5459 1327 5458 1327 5443 1327 5460 1327 5446 1327 5447 1327 5462 1327 5454 1327 5449 1327 5450 1327 5451 1327 5466 1327 5451 1327 5438 1327 5464 1327 5463 1327 5437 1327 5439 1327 5439 1327 5440 1327 5456 1327 5458 1327 5457 1327 5442 1327 5445 1327 5461 1327 5459 1327 5453 1327 5447 1327 5448 1327 5464 1327 5466 1327 5451 1327 5456 1327 5465 1327 5439 1327 5459 1327 5444 1327 5445 1327 5466 1327 5462 1327 5450 1327 5456 1327 5440 1327 5441 1327 5464 1327 5438 1327 5437 1327 5461 1327 5445 1327 5446 1327 5467 9860 5468 9860 5464 9860 5469 9901 5467 9901 5463 9901 5470 9902 5469 9902 5465 9902 5471 9903 5470 9903 5456 9903 5472 8280 5471 8280 5455 8280 5473 9904 5472 9904 5457 9904 5474 9866 5473 9866 5458 9866 5461 9905 5475 9905 5476 9905 5476 9906 5459 9906 5461 9906 5477 9907 5475 9907 5461 9907 5478 9846 5477 9846 5460 9846 5479 9076 5478 9076 5453 9076 5480 9845 5479 9845 5452 9845 5481 9908 5480 9908 5454 9908 5482 8113 5481 8113 5462 8113 5468 9909 5482 9909 5466 9909 5466 9876 5464 9876 5468 9876 5462 8113 5466 8113 5482 8113 5454 9910 5462 9910 5481 9910 5452 9911 5454 9911 5480 9911 5453 9912 5452 9912 5479 9912 5460 9913 5453 9913 5478 9913 5461 9907 5460 9907 5477 9907 5476 9914 5474 9914 5459 9914 5458 9915 5459 9915 5474 9915 5457 9904 5458 9904 5473 9904 5455 9916 5457 9916 5472 9916 5456 9917 5455 9917 5471 9917 5465 9811 5456 9811 5470 9811 5463 9918 5465 9918 5469 9918 5464 9919 5463 9919 5467 9919 5483 9830 5484 9830 5294 9830 5485 9920 5483 9920 5298 9920 5486 9921 5485 9921 5299 9921 5487 9922 5486 9922 5297 9922 5488 9833 5487 9833 5296 9833 5489 9834 5488 9834 5285 9834 5490 9835 5489 9835 5284 9835 5491 9836 5490 9836 5286 9836 5492 9923 5491 9923 5288 9923 5493 9924 5492 9924 5287 9924 5494 9912 5493 9912 5289 9912 5495 9925 5494 9925 5291 9925 5496 9926 5495 9926 5290 9926 5497 9842 5496 9842 5292 9842 5484 9843 5497 9843 5295 9843 5295 9927 5294 9927 5484 9927 5292 9928 5295 9928 5497 9928 5290 9841 5292 9841 5496 9841 5291 9929 5290 9929 5495 9929 5289 9839 5291 9839 5494 9839 5287 9846 5289 9846 5493 9846 5288 9923 5287 9923 5492 9923 5286 9836 5288 9836 5491 9836 5284 9835 5286 9835 5490 9835 5285 9834 5284 9834 5489 9834 5296 9833 5285 9833 5488 9833 5297 9812 5296 9812 5487 9812 5299 9921 5297 9921 5486 9921 5298 9920 5299 9920 5485 9920 5294 9809 5298 9809 5483 9809 5485 1327 5498 1327 5499 1327 5485 9859 5486 9859 5500 9859 5500 1327 5498 1327 5485 1327 5486 1327 5487 1327 5501 1327 5494 1327 5502 1327 5503 1327 5494 1327 5495 1327 5504 1327 5495 1327 5496 1327 5505 1327 5496 1327 5497 1327 5506 1327 5501 1327 5500 1327 5486 1327 5487 1327 5488 1327 5507 1327 5504 1327 5502 1327 5494 1327 5506 1327 5505 1327 5496 1327 5507 1327 5501 1327 5487 1327 5488 1327 5489 1327 5508 1327 5505 1327 5504 1327 5495 1327 5497 1327 5484 1327 5509 1327 5508 1327 5507 1327 5488 1327 5490 1327 5510 1327 5508 1327 5509 1327 5506 1327 5497 1327 5484 9930 5483 9930 5499 9930 5508 9930 5489 9930 5490 9930 5491 1327 5511 1327 5510 1327 5491 9931 5492 9931 5512 9931 5492 1327 5493 1327 5503 1327 5499 9932 5509 9932 5484 9932 5510 1327 5490 1327 5491 1327 5503 1327 5512 1327 5492 1327 5499 1327 5483 1327 5485 1327 5503 1327 5493 1327 5494 1327 5512 9933 5511 9933 5491 9933 5513 9934 5514 9934 5509 9934 5515 9918 5513 9918 5499 9918 5516 9935 5515 9935 5498 9935 5517 9936 5516 9936 5500 9936 5518 9884 5517 9884 5501 9884 5519 9937 5518 9937 5507 9937 5520 9938 5519 9938 5508 9938 5511 9939 5521 9939 5522 9939 5522 9940 5510 9940 5511 9940 5523 9941 5521 9941 5511 9941 5524 9880 5523 9880 5512 9880 5525 9819 5524 9819 5503 9819 5526 9942 5525 9942 5502 9942 5527 9943 5526 9943 5504 9943 5528 9944 5527 9944 5505 9944 5514 9875 5528 9875 5506 9875 5506 9875 5509 9875 5514 9875 5505 9945 5506 9945 5528 9945 5504 9943 5505 9943 5527 9943 5502 9946 5504 9946 5526 9946 5503 9947 5502 9947 5525 9947 5512 9870 5503 9870 5524 9870 5511 9941 5512 9941 5523 9941 5522 9948 5520 9948 5510 9948 5508 9949 5510 9949 5520 9949 5507 9950 5508 9950 5519 9950 5501 9864 5507 9864 5518 9864 5500 9951 5501 9951 5517 9951 5498 9952 5500 9952 5516 9952 5499 9953 5498 9953 5515 9953 5509 9860 5499 9860 5513 9860 5529 9830 5530 9830 5281 9830 5531 9831 5529 9831 5280 9831 5532 9954 5531 9954 5283 9954 5533 9812 5532 9812 5282 9812 5534 9848 5533 9848 5276 9848 5535 9883 5534 9883 5274 9883 5536 9955 5535 9955 5275 9955 5537 9956 5536 9956 5269 9956 5538 9957 5537 9957 5270 9957 5539 9846 5538 9846 5271 9846 5540 9958 5539 9958 5273 9958 5541 9929 5540 9929 5272 9929 5542 9926 5541 9926 5277 9926 5543 9842 5542 9842 5279 9842 5530 9843 5543 9843 5278 9843 5278 9844 5281 9844 5530 9844 5279 9842 5278 9842 5543 9842 5277 9841 5279 9841 5542 9841 5272 9840 5277 9840 5541 9840 5273 9912 5272 9912 5540 9912 5271 9846 5273 9846 5539 9846 5270 9959 5271 9959 5538 9959 5269 9960 5270 9960 5537 9960 5275 9955 5269 9955 5536 9955 5274 9883 5275 9883 5535 9883 5276 9848 5274 9848 5534 9848 5282 9812 5276 9812 5533 9812 5283 9832 5282 9832 5532 9832 5280 9920 5283 9920 5531 9920 5281 9830 5280 9830 5529 9830 5539 1327 5540 1327 5544 1327 5541 9961 5545 9961 5544 9961 5544 9962 5540 9962 5541 9962 5541 1327 5542 1327 5546 1327 5542 1327 5543 1327 5547 1327 5543 9963 5530 9963 5548 9963 5538 9964 5549 9964 5550 9964 5538 9965 5539 9965 5551 9965 5546 1327 5545 1327 5541 1327 5548 9966 5547 9966 5543 9966 5530 9967 5529 9967 5552 9967 5529 1327 5531 1327 5553 1327 5532 1327 5554 1327 5553 1327 5532 1327 5533 1327 5555 1327 5551 1327 5549 1327 5538 1327 5547 1327 5546 1327 5542 1327 5553 1327 5552 1327 5529 1327 5555 1327 5554 1327 5532 1327 5544 1327 5551 1327 5539 1327 5553 1327 5531 1327 5532 1327 5534 1327 5556 1327 5555 1327 5534 1327 5535 1327 5557 1327 5552 1327 5548 1327 5530 1327 5557 1327 5556 1327 5534 1327 5536 1327 5558 1327 5557 1327 5536 1327 5537 1327 5550 1327 5555 1327 5533 1327 5534 1327 5550 1327 5558 1327 5536 1327 5557 1327 5535 1327 5536 1327 5550 1327 5537 1327 5538 1327 5559 9860 5560 9860 5548 9860 5561 9861 5559 9861 5552 9861 5562 9952 5561 9952 5553 9952 5563 9968 5562 9968 5554 9968 5564 9969 5563 9969 5555 9969 5565 9865 5564 9865 5556 9865 5566 9938 5565 9938 5557 9938 5550 9939 5567 9939 5568 9939 5568 9970 5558 9970 5550 9970 5569 9869 5567 9869 5550 9869 5570 9971 5569 9971 5549 9971 5571 9871 5570 9871 5551 9871 5572 9942 5571 9942 5544 9942 5573 9972 5572 9972 5545 9972 5574 9944 5573 9944 5546 9944 5560 9875 5574 9875 5547 9875 5547 9875 5548 9875 5560 9875 5546 9973 5547 9973 5574 9973 5545 9974 5546 9974 5573 9974 5544 9942 5545 9942 5572 9942 5551 9879 5544 9879 5571 9879 5549 9880 5551 9880 5570 9880 5550 9941 5549 9941 5569 9941 5568 9948 5566 9948 5558 9948 5557 9866 5558 9866 5566 9866 5556 9883 5557 9883 5565 9883 5555 9975 5556 9975 5564 9975 5554 9976 5555 9976 5563 9976 5553 9886 5554 9886 5562 9886 5552 9887 5553 9887 5561 9887 5548 9860 5552 9860 5559 9860 5575 9977 5576 9977 5264 9977 5577 9810 5575 9810 5266 9810 5578 9829 5577 9829 5260 9829 5579 9899 5578 9899 5262 9899 5580 9813 5579 9813 5261 9813 5581 9814 5580 9814 5259 9814 5582 9827 5581 9827 5258 9827 5583 9890 5582 9890 5254 9890 5584 9837 5583 9837 5256 9837 5585 9978 5584 9978 5257 9978 5586 9819 5585 9819 5255 9819 5587 9892 5586 9892 5267 9892 5588 9979 5587 9979 5263 9979 5589 9980 5588 9980 5268 9980 5576 9823 5589 9823 5265 9823 5265 9894 5264 9894 5576 9894 5268 9981 5265 9981 5589 9981 5263 9979 5268 9979 5588 9979 5267 9892 5263 9892 5587 9892 5255 9819 5267 9819 5586 9819 5257 9818 5255 9818 5585 9818 5256 9817 5257 9817 5584 9817 5254 9890 5256 9890 5583 9890 5258 9982 5254 9982 5582 9982 5259 9814 5258 9814 5581 9814 5261 9813 5259 9813 5580 9813 5262 9899 5261 9899 5579 9899 5260 9829 5262 9829 5578 9829 5266 9810 5260 9810 5577 9810 5264 9830 5266 9830 5575 9830 5577 1327 5590 1327 5591 1327 5578 1327 5592 1327 5590 1327 5586 1327 5593 1327 5594 1327 5586 1327 5587 1327 5595 1327 5587 1327 5588 1327 5596 1327 5588 1327 5589 1327 5597 1327 5590 1327 5577 1327 5578 1327 5579 1327 5598 1327 5592 1327 5595 1327 5593 1327 5586 1327 5597 1327 5596 1327 5588 1327 5592 1327 5578 1327 5579 1327 5579 1327 5580 1327 5599 1327 5596 1327 5595 1327 5587 1327 5589 1327 5576 1327 5600 1327 5599 1327 5598 1327 5579 1327 5580 1327 5581 1327 5601 1327 5582 1327 5602 1327 5601 1327 5582 1327 5583 1327 5603 1327 5600 1327 5597 1327 5589 1327 5576 1327 5575 1327 5591 1327 5601 1327 5599 1327 5580 1327 5603 1327 5602 1327 5582 1327 5584 1327 5604 1327 5603 1327 5584 1327 5585 1327 5594 1327 5591 1327 5600 1327 5576 1327 5601 1327 5581 1327 5582 1327 5594 1327 5604 1327 5584 1327 5591 1327 5575 1327 5577 1327 5594 1327 5585 1327 5586 1327 5603 1327 5583 1327 5584 1327 5605 9983 5606 9983 5600 9983 5607 9918 5605 9918 5591 9918 5608 9811 5607 9811 5590 9811 5609 9984 5608 9984 5592 9984 5610 9985 5609 9985 5598 9985 5611 9986 5610 9986 5599 9986 5612 9987 5611 9987 5601 9987 5603 9905 5613 9905 5614 9905 5614 9988 5602 9988 5603 9988 5615 9989 5613 9989 5603 9989 5616 9913 5615 9913 5604 9913 5617 9990 5616 9990 5594 9990 5618 9911 5617 9911 5593 9911 5619 9991 5618 9991 5595 9991 5620 8113 5619 8113 5596 8113 5606 9992 5620 9992 5597 9992 5597 9993 5600 9993 5606 9993 5596 9994 5597 9994 5620 9994 5595 9991 5596 9991 5619 9991 5593 9911 5595 9911 5618 9911 5594 9995 5593 9995 5617 9995 5604 9996 5594 9996 5616 9996 5603 9941 5604 9941 5615 9941 5614 9997 5612 9997 5602 9997 5601 9987 5602 9987 5612 9987 5599 9986 5601 9986 5611 9986 5598 9985 5599 9985 5610 9985 5592 9984 5598 9984 5609 9984 5590 9902 5592 9902 5608 9902 5591 9998 5590 9998 5607 9998 5600 9860 5591 9860 5605 9860 5621 42 5622 42 5623 42 5624 42 5625 42 5626 42 5627 42 5623 42 5628 42 5629 42 5626 42 5630 42 5631 9999 5628 9999 5632 9999 5633 42 5630 42 5634 42 5635 10000 5636 10000 5637 10000 5637 10001 5638 10001 5635 10001 5637 10002 5639 10002 5638 10002 5635 10003 5640 10003 5641 10003 5638 10004 5642 10004 5643 10004 5635 10005 5644 10005 5636 10005 5641 42 5645 42 5635 42 5640 42 5646 42 5647 42 5643 10006 5632 10006 5638 10006 5639 42 5648 42 5638 42 5647 42 5641 42 5640 42 5643 42 5649 42 5632 42 5645 10007 5644 10007 5635 10007 5648 42 5642 42 5638 42 5634 10008 5221 10008 5217 10008 5634 10009 5219 10009 5614 10009 5219 10010 5612 10010 5614 10010 5219 42 5611 42 5612 42 5634 42 5615 42 5616 42 5614 42 5613 42 5634 42 5613 42 5615 42 5634 42 5219 42 5218 42 5610 42 5610 42 5611 42 5219 42 5650 10011 5617 10011 5618 10011 5609 42 5610 42 5218 42 5220 10012 5635 10012 5608 10012 5635 10013 5638 10013 5606 10013 5638 10014 5619 10014 5620 10014 5650 10015 5616 10015 5617 10015 5608 10016 5609 10016 5220 10016 5635 10017 5605 10017 5607 10017 5620 42 5606 42 5638 42 5618 10018 5638 10018 5650 10018 5607 42 5608 42 5635 42 5618 42 5619 42 5638 42 5606 42 5605 42 5635 42 5635 10019 5220 10019 5216 10019 5214 42 5651 42 5652 42 5214 10020 5653 10020 5646 10020 5651 10021 5654 10021 5652 10021 5652 42 5653 42 5214 42 5651 10022 5632 10022 5655 10022 5655 42 5654 42 5651 42 5212 10023 5631 10023 5651 10023 5627 42 5631 42 5430 42 5631 10024 5428 10024 5430 10024 5435 10025 5436 10025 5210 10025 5631 10026 5427 10026 5428 10026 5209 10027 5434 10027 5435 10027 5209 10028 5627 10028 5433 10028 5627 42 5431 42 5432 42 5430 42 5429 42 5627 42 5433 42 5434 42 5209 42 5429 10029 5431 10029 5627 10029 5212 10030 5424 10030 5425 10030 5210 10031 5436 10031 5422 10031 5432 10032 5433 10032 5627 10032 5631 10033 5425 10033 5426 10033 5212 42 5423 42 5424 42 5210 42 5209 42 5435 42 5425 42 5631 42 5212 42 5423 42 5212 42 5211 42 5426 42 5427 42 5631 42 5211 10034 5422 10034 5421 10034 5211 42 5421 42 5423 42 5209 10035 5208 10035 5621 10035 5621 42 5467 42 5469 42 5207 10036 5482 10036 5468 10036 5621 10037 5468 10037 5467 10037 5207 10038 5481 10038 5482 10038 5468 42 5621 42 5207 42 5656 10039 5476 10039 5475 10039 5207 42 5206 42 5479 42 5656 10040 5474 10040 5476 10040 5206 10041 5478 10041 5479 10041 5475 42 5206 42 5656 42 5479 42 5480 42 5207 42 5656 10042 5473 10042 5474 10042 5206 10043 5477 10043 5478 10043 5656 10044 5472 10044 5473 10044 5656 42 5622 42 5471 42 5475 10045 5477 10045 5206 10045 5622 10046 5470 10046 5471 10046 5471 42 5472 42 5656 42 5622 42 5469 42 5470 42 5624 10047 5656 10047 5516 10047 5656 42 5515 42 5516 42 5656 10048 5513 10048 5515 10048 5206 42 5528 42 5514 42 5205 10049 5526 10049 5527 10049 5205 42 5204 42 5524 42 5516 42 5517 42 5624 42 5514 42 5656 42 5206 42 5527 42 5206 42 5205 42 5524 42 5525 42 5205 42 5514 10050 5513 10050 5656 10050 5525 42 5526 42 5205 42 5527 10051 5528 10051 5206 10051 5204 42 5520 42 5522 42 5625 10052 5519 10052 5520 10052 5520 10053 5204 10053 5625 10053 5522 42 5521 42 5204 42 5521 42 5523 42 5204 42 5625 42 5624 42 5518 42 5518 42 5519 42 5625 42 5202 42 5566 42 5568 42 5202 42 5221 42 5565 42 5202 42 5567 42 5569 42 5565 42 5566 42 5202 42 5203 10054 5571 10054 5572 10054 5568 42 5567 42 5202 42 5221 10055 5630 10055 5562 10055 5626 42 5573 42 5574 42 5203 10056 5570 10056 5571 10056 5569 10057 5203 10057 5202 10057 5221 10058 5563 10058 5564 10058 5630 42 5561 42 5562 42 5630 42 5626 42 5560 42 5626 10059 5572 10059 5573 10059 5569 10060 5570 10060 5203 10060 5562 42 5563 42 5221 42 5560 42 5559 42 5630 42 5572 10061 5626 10061 5203 10061 5559 10062 5561 10062 5630 10062 5564 42 5565 42 5221 42 5656 10063 5624 10063 5379 10063 5624 42 5629 42 5378 42 5378 42 5379 42 5624 42 5622 10064 5381 10064 5382 10064 5622 10065 5656 10065 5380 10065 5380 42 5381 42 5622 42 5623 10066 5383 10066 5384 10066 5384 10067 5628 10067 5623 10067 5623 42 5382 42 5383 42 5632 42 5386 42 5387 42 5632 10068 5628 10068 5385 10068 5385 10069 5386 10069 5632 10069 5650 10070 5388 10070 5389 10070 5638 10071 5387 10071 5388 10071 5388 10072 5650 10072 5638 10072 5629 42 5633 42 5376 42 5376 42 5377 42 5629 42 5633 10073 5389 10073 5390 10073 5390 42 5376 42 5633 42 5377 10074 5378 10074 5629 10074 5389 10075 5633 10075 5650 10075 5387 10076 5638 10076 5632 10076 5384 10077 5385 10077 5628 10077 5382 10078 5623 10078 5622 10078 5379 10079 5380 10079 5656 10079 5574 10080 5560 10080 5626 10080 5203 10081 5626 10081 5625 10081 5203 10082 5625 10082 5204 10082 5523 42 5524 42 5204 42 5517 42 5518 42 5624 42 5480 42 5481 42 5207 42 5469 42 5622 42 5621 42 5207 42 5621 42 5208 42 5621 42 5627 42 5209 42 5422 42 5211 42 5210 42 5651 10083 5213 10083 5212 10083 5213 42 5651 42 5214 42 5646 42 5640 42 5214 42 5214 42 5640 42 5215 42 5215 10084 5640 10084 5635 10084 5216 10085 5215 10085 5635 10085 5218 42 5220 42 5609 42 5616 42 5650 42 5634 42 5217 42 5219 42 5634 42 5221 42 5634 42 5630 42 5649 10086 5655 10086 5632 10086 5634 42 5650 42 5633 42 5632 42 5651 42 5631 42 5630 42 5633 42 5629 42 5628 42 5631 42 5627 42 5626 10087 5629 10087 5624 10087 5623 42 5627 42 5621 42 5653 10088 5652 10088 5657 10088 5646 10089 5653 10089 5658 10089 5647 9952 5646 9952 5659 9952 5641 9936 5647 9936 5660 9936 5645 9884 5641 9884 5661 9884 5644 9865 5645 9865 5662 9865 5636 10090 5644 10090 5663 10090 5664 9939 5639 9939 5637 9939 5637 10091 5665 10091 5664 10091 5648 9941 5639 9941 5664 9941 5642 10092 5648 10092 5666 10092 5643 9871 5642 9871 5667 9871 5649 9942 5643 9942 5668 9942 5655 9972 5649 9972 5669 9972 5654 9877 5655 9877 5670 9877 5652 9875 5654 9875 5671 9875 5671 10093 5657 10093 5652 10093 5670 9874 5671 9874 5654 9874 5669 9974 5670 9974 5655 9974 5668 9946 5669 9946 5649 9946 5667 10094 5668 10094 5643 10094 5666 9880 5667 9880 5642 9880 5664 9941 5666 9941 5648 9941 5637 9882 5636 9882 5665 9882 5663 9915 5665 9915 5636 9915 5662 9883 5663 9883 5644 9883 5661 9864 5662 9864 5645 9864 5660 9951 5661 9951 5641 9951 5659 9886 5660 9886 5647 9886 5658 9861 5659 9861 5646 9861 5657 9860 5658 9860 5653 9860 5672 1327 5659 1327 5658 1327 5673 1327 5660 1327 5659 1327 5674 1327 5657 1327 5671 1327 5674 10095 5675 10095 5658 10095 5659 1327 5672 1327 5673 1327 5673 1327 5676 1327 5661 1327 5677 1327 5668 1327 5667 1327 5677 1327 5678 1327 5669 1327 5678 1327 5679 1327 5670 1327 5679 1327 5680 1327 5671 1327 5658 9961 5657 9961 5674 9961 5661 1327 5660 1327 5673 1327 5676 1327 5681 1327 5662 1327 5681 1327 5682 1327 5663 1327 5683 1327 5684 1327 5666 1327 5684 9856 5685 9856 5667 9856 5669 1327 5668 1327 5677 1327 5671 1327 5670 1327 5679 1327 5658 1327 5675 1327 5672 1327 5663 1327 5662 1327 5681 1327 5686 1327 5665 1327 5663 1327 5683 1327 5664 1327 5665 1327 5667 1327 5666 1327 5684 1327 5670 1327 5669 1327 5678 1327 5662 1327 5661 1327 5676 1327 5665 1327 5686 1327 5683 1327 5667 1327 5685 1327 5677 1327 5663 1327 5682 1327 5686 1327 5671 1327 5680 1327 5674 1327 5666 1327 5664 1327 5683 1327 5675 9830 5674 9830 5251 9830 5672 9831 5675 9831 5249 9831 5673 9832 5672 9832 5253 9832 5676 9812 5673 9812 5248 9812 5681 10096 5676 10096 5238 10096 5682 9883 5681 9883 5237 9883 5686 9835 5682 9835 5244 9835 5683 9836 5686 9836 5242 9836 5684 9837 5683 9837 5245 9837 5685 9846 5684 9846 5246 9846 5677 9839 5685 9839 5243 9839 5678 9929 5677 9929 5241 9929 5679 10097 5678 10097 5247 10097 5680 9842 5679 9842 5250 9842 5674 9843 5680 9843 5252 9843 5252 10098 5251 10098 5674 10098 5250 9842 5252 9842 5680 9842 5247 10097 5250 10097 5679 10097 5241 9925 5247 9925 5678 9925 5243 9839 5241 9839 5677 9839 5246 9846 5243 9846 5685 9846 5245 9959 5246 9959 5684 9959 5242 9836 5245 9836 5683 9836 5244 9847 5242 9847 5686 9847 5237 9883 5244 9883 5682 9883 5238 10096 5237 10096 5681 10096 5248 9812 5238 9812 5676 9812 5253 9832 5248 9832 5673 9832 5249 10099 5253 10099 5672 10099 5251 9830 5249 9830 5675 9830</p>
        </triangles>
      </mesh>
    </geometry>
  </library_geometries>
  <library_visual_scenes>
    <visual_scene id="Scene" name="Scene">
      <node id="WHEEL" name="WHEEL" type="NODE">
        <matrix sid="transform">1 0 0 0 0 1 0 0 0 0 1 0 0 0 0 1</matrix>
        <instance_geometry url="#WHEEL-mesh" name="WHEEL"/>
      </node>
      <node id="Camera" name="Camera" type="NODE">
        <matrix sid="transform">0.6859207 -0.3240135 0.6515582 7.358891 0.7276763 0.3054208 -0.6141704 -6.925791 0 0.8953956 0.4452714 4.958309 0 0 0 1</matrix>
        <instance_camera url="#Camera-camera"/>
      </node>
      <node id="Light" name="Light" type="NODE">
        <matrix sid="transform">-0.2908646 -0.7711008 0.5663932 4.076245 0.9551712 -0.1998834 0.2183912 1.005454 -0.05518906 0.6045247 0.7946723 5.903862 0 0 0 1</matrix>
        <instance_light url="#Light-light"/>
      </node>
    </visual_scene>
  </library_visual_scenes>
  <scene>
    <instance_visual_scene url="#Scene"/>
  </scene>
</COLLADA>